timestamp,open,high,low,close,volume
2025-01-01 22:00:00+00:00,0.89004,0.8904,0.8895,0.89,831.0
2025-01-01 23:00:00+00:00,0.89006,0.89038,0.88922,0.89024,1033.0
2025-01-02 00:00:00+00:00,0.89018,0.89167,0.88992,0.8915,1112.0
2025-01-02 01:00:00+00:00,0.8915,0.89308,0.89124,0.89274,1975.0
2025-01-02 02:00:00+00:00,0.89276,0.89426,0.89265,0.89424,1550.0
2025-01-02 03:00:00+00:00,0.89427,0.89427,0.89334,0.89348,1186.0
2025-01-02 04:00:00+00:00,0.8935,0.89406,0.89335,0.89372,1600.0
2025-01-02 05:00:00+00:00,0.89372,0.89383,0.89317,0.89328,1865.0
2025-01-02 06:00:00+00:00,0.89326,0.89373,0.89286,0.89336,2105.0
2025-01-02 07:00:00+00:00,0.89338,0.8941,0.89304,0.89368,3011.0
2025-01-02 08:00:00+00:00,0.89368,0.89538,0.89348,0.89525,3497.0
2025-01-02 09:00:00+00:00,0.89526,0.89628,0.89498,0.89622,3061.0
2025-01-02 10:00:00+00:00,0.8962,0.89676,0.89551,0.89557,2843.0
2025-01-02 11:00:00+00:00,0.89556,0.89629,0.89544,0.8961,2801.0
2025-01-02 12:00:00+00:00,0.89608,0.89631,0.89492,0.89542,2500.0
2025-01-02 13:00:00+00:00,0.89548,0.89643,0.89501,0.89624,3135.0
2025-01-02 14:00:00+00:00,0.89628,0.89702,0.8959,0.89639,3382.0
2025-01-02 15:00:00+00:00,0.8964,0.8972,0.89539,0.89542,4055.0
2025-01-02 16:00:00+00:00,0.8955,0.89594,0.89476,0.89508,4721.0
2025-01-02 17:00:00+00:00,0.89507,0.89514,0.89308,0.89318,2709.0
2025-01-02 18:00:00+00:00,0.8932,0.89349,0.8926,0.89274,2184.0
2025-01-02 19:00:00+00:00,0.89278,0.8931,0.89258,0.8929,2194.0
2025-01-02 20:00:00+00:00,0.8929,0.8935,0.89277,0.89317,1891.0
2025-01-02 21:00:00+00:00,0.89318,0.89352,0.89308,0.8934,807.0
2025-01-02 22:00:00+00:00,0.8934,0.89469,0.89281,0.89382,4148.0
2025-01-02 23:00:00+00:00,0.89385,0.89406,0.89309,0.89322,363.0
2025-01-03 00:00:00+00:00,0.89326,0.8948,0.8932,0.89475,1504.0
2025-01-03 01:00:00+00:00,0.89471,0.89472,0.89346,0.89392,2322.0
2025-01-03 02:00:00+00:00,0.8939,0.8944,0.89356,0.89379,2013.0
2025-01-03 03:00:00+00:00,0.89376,0.89408,0.89325,0.89356,1398.0
2025-01-03 04:00:00+00:00,0.8935,0.89441,0.89346,0.89434,1147.0
2025-01-03 05:00:00+00:00,0.89439,0.8949,0.89429,0.89468,1684.0
2025-01-03 06:00:00+00:00,0.89468,0.89508,0.89431,0.89447,1797.0
2025-01-03 07:00:00+00:00,0.89449,0.89498,0.89326,0.89437,3006.0
2025-01-03 08:00:00+00:00,0.89434,0.89458,0.89311,0.8939,2478.0
2025-01-03 09:00:00+00:00,0.89386,0.89534,0.89386,0.89407,2209.0
2025-01-03 10:00:00+00:00,0.89408,0.89524,0.89403,0.89518,1570.0
2025-01-03 11:00:00+00:00,0.89517,0.8963,0.8951,0.89548,1893.0
2025-01-03 12:00:00+00:00,0.89548,0.89604,0.89518,0.89594,2447.0
2025-01-03 13:00:00+00:00,0.89592,0.8966,0.89582,0.89607,2862.0
2025-01-03 14:00:00+00:00,0.89607,0.89722,0.89574,0.89661,2072.0
2025-01-03 15:00:00+00:00,0.89652,0.89698,0.8953,0.89578,5382.0
2025-01-03 16:00:00+00:00,0.89576,0.89766,0.89566,0.89748,3078.0
2025-01-03 17:00:00+00:00,0.8975,0.89854,0.89742,0.8979,1942.0
2025-01-03 18:00:00+00:00,0.89792,0.89878,0.89789,0.8984,1543.0
2025-01-03 19:00:00+00:00,0.89837,0.89883,0.89796,0.89816,1197.0
2025-01-03 20:00:00+00:00,0.89814,0.89838,0.898,0.89822,777.0
2025-01-03 21:00:00+00:00,0.89818,0.899,0.89764,0.89778,754.0
2025-01-05 22:00:00+00:00,0.89819,0.89819,0.89684,0.89724,309.0
2025-01-05 23:00:00+00:00,0.89734,0.89862,0.897,0.8982,1187.0
2025-01-06 00:00:00+00:00,0.89824,0.89952,0.89804,0.89932,2308.0
2025-01-06 01:00:00+00:00,0.89932,0.90014,0.89652,0.89668,3149.0
2025-01-06 02:00:00+00:00,0.89668,0.89726,0.89648,0.89692,2521.0
2025-01-06 03:00:00+00:00,0.89691,0.89702,0.89586,0.89634,1222.0
2025-01-06 04:00:00+00:00,0.89632,0.89652,0.89595,0.89627,753.0
2025-01-06 05:00:00+00:00,0.89626,0.89668,0.89607,0.89632,1406.0
2025-01-06 06:00:00+00:00,0.8963,0.8972,0.89617,0.89702,1655.0
2025-01-06 07:00:00+00:00,0.89706,0.89733,0.89638,0.89658,1905.0
2025-01-06 08:00:00+00:00,0.89664,0.89775,0.89636,0.89772,2644.0
2025-01-06 09:00:00+00:00,0.8977,0.8986,0.89756,0.89772,2489.0
2025-01-06 10:00:00+00:00,0.89774,0.89788,0.89679,0.89684,1823.0
2025-01-06 11:00:00+00:00,0.89683,0.90014,0.89638,0.8989,5702.0
2025-01-06 12:00:00+00:00,0.89892,0.90038,0.89856,0.9003,4731.0
2025-01-06 13:00:00+00:00,0.90033,0.90184,0.89964,0.8998,4689.0
2025-01-06 14:00:00+00:00,0.89983,0.8999,0.89551,0.89779,7944.0
2025-01-06 15:00:00+00:00,0.89778,0.89819,0.89694,0.89698,6474.0
2025-01-06 16:00:00+00:00,0.89701,0.89791,0.89691,0.89744,3729.0
2025-01-06 17:00:00+00:00,0.89745,0.89768,0.8963,0.89652,2206.0
2025-01-06 18:00:00+00:00,0.89651,0.89682,0.89606,0.89611,2432.0
2025-01-06 19:00:00+00:00,0.89612,0.89622,0.89456,0.89485,2171.0
2025-01-06 20:00:00+00:00,0.89486,0.89502,0.89446,0.89482,1441.0
2025-01-06 21:00:00+00:00,0.89482,0.89528,0.89454,0.89512,686.0
2025-01-06 22:00:00+00:00,0.89512,0.89528,0.8946,0.89462,2061.0
2025-01-06 23:00:00+00:00,0.89458,0.89473,0.89417,0.89464,933.0
2025-01-07 00:00:00+00:00,0.89467,0.8963,0.89462,0.89621,2025.0
2025-01-07 01:00:00+00:00,0.89617,0.89675,0.89551,0.89603,1874.0
2025-01-07 02:00:00+00:00,0.896,0.89636,0.89547,0.89586,1615.0
2025-01-07 03:00:00+00:00,0.89583,0.89692,0.89543,0.89674,1278.0
2025-01-07 04:00:00+00:00,0.89675,0.89686,0.89612,0.89634,894.0
2025-01-07 05:00:00+00:00,0.89634,0.89733,0.89633,0.89727,1654.0
2025-01-07 06:00:00+00:00,0.89726,0.89729,0.89662,0.89704,1941.0
2025-01-07 07:00:00+00:00,0.897,0.898,0.89695,0.89785,2261.0
2025-01-07 08:00:00+00:00,0.8979,0.89912,0.89756,0.89904,2056.0
2025-01-07 09:00:00+00:00,0.89904,0.89941,0.89841,0.89878,1625.0
2025-01-07 10:00:00+00:00,0.89879,0.89938,0.89854,0.89909,1469.0
2025-01-07 11:00:00+00:00,0.89908,0.89908,0.89798,0.89853,1768.0
2025-01-07 12:00:00+00:00,0.89854,0.89899,0.89813,0.8984,2366.0
2025-01-07 13:00:00+00:00,0.8984,0.89921,0.89808,0.8982,2747.0
2025-01-07 14:00:00+00:00,0.89817,0.8985,0.89752,0.89779,2731.0
2025-01-07 15:00:00+00:00,0.8978,0.89796,0.89589,0.89618,5726.0
2025-01-07 16:00:00+00:00,0.89618,0.8962,0.89492,0.89533,3993.0
2025-01-07 17:00:00+00:00,0.89538,0.89592,0.89461,0.8958,2911.0
2025-01-07 18:00:00+00:00,0.89581,0.89594,0.89457,0.89518,1813.0
2025-01-07 19:00:00+00:00,0.89514,0.89565,0.89476,0.89517,1751.0
2025-01-07 20:00:00+00:00,0.89518,0.89526,0.8945,0.8948,1706.0
2025-01-07 21:00:00+00:00,0.8948,0.8955,0.89459,0.89547,543.0
2025-01-07 22:00:00+00:00,0.89476,0.89558,0.89461,0.89551,293.0
2025-01-07 23:00:00+00:00,0.89539,0.89562,0.89481,0.89556,908.0
2025-01-08 00:00:00+00:00,0.89558,0.89614,0.89312,0.89314,2689.0
2025-01-08 01:00:00+00:00,0.89314,0.89326,0.89178,0.8929,2764.0
2025-01-08 02:00:00+00:00,0.89291,0.89379,0.89271,0.89358,2140.0
2025-01-08 03:00:00+00:00,0.89357,0.89458,0.89349,0.89431,1541.0
2025-01-08 04:00:00+00:00,0.8943,0.89462,0.89358,0.89386,1418.0
2025-01-08 05:00:00+00:00,0.89388,0.89405,0.89352,0.89394,1890.0
2025-01-08 06:00:00+00:00,0.89394,0.89441,0.89372,0.89431,2144.0
2025-01-08 07:00:00+00:00,0.89428,0.89434,0.89364,0.89416,2020.0
2025-01-08 08:00:00+00:00,0.89414,0.89436,0.89308,0.89318,2405.0
2025-01-08 09:00:00+00:00,0.89316,0.89404,0.89312,0.89356,1983.0
2025-01-08 10:00:00+00:00,0.89356,0.89364,0.89268,0.89295,1639.0
2025-01-08 11:00:00+00:00,0.89298,0.89322,0.8918,0.8923,3581.0
2025-01-08 12:00:00+00:00,0.89226,0.89259,0.89078,0.89098,3967.0
2025-01-08 13:00:00+00:00,0.89096,0.8931,0.89094,0.8931,5015.0
2025-01-08 14:00:00+00:00,0.89308,0.89362,0.8924,0.89287,4675.0
2025-01-08 15:00:00+00:00,0.89286,0.8942,0.89286,0.89319,6257.0
2025-01-08 16:00:00+00:00,0.8932,0.89392,0.89304,0.89362,3541.0
2025-01-08 17:00:00+00:00,0.89362,0.89369,0.8926,0.89316,3187.0
2025-01-08 18:00:00+00:00,0.89316,0.89432,0.89313,0.89341,2087.0
2025-01-08 19:00:00+00:00,0.89336,0.89419,0.89316,0.89354,3412.0
2025-01-08 20:00:00+00:00,0.89355,0.89406,0.89347,0.89406,2978.0
2025-01-08 21:00:00+00:00,0.89406,0.89412,0.89326,0.89354,701.0
2025-01-08 22:00:00+00:00,0.89352,0.89409,0.89289,0.89295,448.0
2025-01-08 23:00:00+00:00,0.89298,0.8934,0.89285,0.89292,591.0
2025-01-09 00:00:00+00:00,0.89296,0.89308,0.89154,0.89193,2135.0
2025-01-09 01:00:00+00:00,0.89194,0.89204,0.89126,0.89152,3037.0
2025-01-09 02:00:00+00:00,0.8915,0.89212,0.89122,0.89134,2453.0
2025-01-09 03:00:00+00:00,0.89132,0.8918,0.89114,0.89115,1995.0
2025-01-09 04:00:00+00:00,0.89115,0.89142,0.8907,0.89114,1416.0
2025-01-09 05:00:00+00:00,0.89112,0.89131,0.89064,0.89109,1630.0
2025-01-09 06:00:00+00:00,0.89112,0.89116,0.89042,0.89078,2250.0
2025-01-09 07:00:00+00:00,0.89083,0.89162,0.88966,0.89011,2646.0
2025-01-09 08:00:00+00:00,0.8901,0.89098,0.88892,0.89091,3677.0
2025-01-09 09:00:00+00:00,0.89092,0.8912,0.89033,0.89062,3299.0
2025-01-09 10:00:00+00:00,0.89058,0.89152,0.89044,0.89142,2486.0
2025-01-09 11:00:00+00:00,0.89146,0.89282,0.89132,0.89248,1735.0
2025-01-09 12:00:00+00:00,0.8925,0.89255,0.89158,0.89168,2090.0
2025-01-09 13:00:00+00:00,0.89165,0.89252,0.89146,0.89206,2361.0
2025-01-09 14:00:00+00:00,0.89206,0.89282,0.89192,0.89262,2036.0
2025-01-09 15:00:00+00:00,0.89264,0.89268,0.89124,0.89146,1941.0
2025-01-09 16:00:00+00:00,0.89146,0.89213,0.89126,0.89167,1480.0
2025-01-09 17:00:00+00:00,0.89164,0.89219,0.89158,0.89178,1430.0
2025-01-09 18:00:00+00:00,0.89178,0.89182,0.89146,0.89182,1281.0
2025-01-09 19:00:00+00:00,0.8918,0.89208,0.89172,0.89183,957.0
2025-01-09 20:00:00+00:00,0.8919,0.89211,0.89173,0.89174,870.0
2025-01-09 21:00:00+00:00,0.89176,0.89184,0.89142,0.89172,586.0
2025-01-09 22:00:00+00:00,0.89244,0.89252,0.89171,0.89223,216.0
2025-01-09 23:00:00+00:00,0.89229,0.89246,0.89126,0.89141,653.0
2025-01-10 00:00:00+00:00,0.89144,0.8918,0.8911,0.89147,1749.0
2025-01-10 01:00:00+00:00,0.89146,0.89344,0.89134,0.89284,2784.0
2025-01-10 02:00:00+00:00,0.89284,0.89321,0.89244,0.89286,1635.0
2025-01-10 03:00:00+00:00,0.89284,0.89336,0.89261,0.89296,1419.0
2025-01-10 04:00:00+00:00,0.89295,0.89309,0.89193,0.89254,1607.0
2025-01-10 05:00:00+00:00,0.89255,0.89322,0.89242,0.89268,1870.0
2025-01-10 06:00:00+00:00,0.89264,0.89272,0.8921,0.89216,2297.0
2025-01-10 07:00:00+00:00,0.89214,0.89278,0.89202,0.89216,2172.0
2025-01-10 08:00:00+00:00,0.89214,0.89226,0.89133,0.89172,2936.0
2025-01-10 09:00:00+00:00,0.89172,0.8919,0.89095,0.891,2592.0
2025-01-10 10:00:00+00:00,0.891,0.89141,0.89061,0.89132,1897.0
2025-01-10 11:00:00+00:00,0.89132,0.89182,0.89128,0.89166,2131.0
2025-01-10 12:00:00+00:00,0.89166,0.89184,0.89118,0.89144,2599.0
2025-01-10 13:00:00+00:00,0.89142,0.89207,0.88548,0.8863,7660.0
2025-01-10 14:00:00+00:00,0.88628,0.88818,0.88594,0.88719,7031.0
2025-01-10 15:00:00+00:00,0.88723,0.88898,0.88643,0.88785,7157.0
2025-01-10 16:00:00+00:00,0.88787,0.8879,0.88672,0.88715,4670.0
2025-01-10 17:00:00+00:00,0.88716,0.88762,0.88671,0.8872,2749.0
2025-01-10 18:00:00+00:00,0.88716,0.88804,0.88708,0.88797,2799.0
2025-01-10 19:00:00+00:00,0.88797,0.88802,0.88674,0.88688,2341.0
2025-01-10 20:00:00+00:00,0.8869,0.8871,0.88665,0.8868,2636.0
2025-01-10 21:00:00+00:00,0.88678,0.887,0.8851,0.886,1053.0
2025-01-12 22:00:00+00:00,0.88687,0.88704,0.88623,0.88661,363.0
2025-01-12 23:00:00+00:00,0.88661,0.88768,0.88562,0.8871,1830.0
2025-01-13 00:00:00+00:00,0.88714,0.88792,0.8871,0.88766,1456.0
2025-01-13 01:00:00+00:00,0.88768,0.88865,0.88766,0.88823,2126.0
2025-01-13 02:00:00+00:00,0.88826,0.88891,0.88797,0.88858,1677.0
2025-01-13 03:00:00+00:00,0.88859,0.88874,0.8869,0.88714,2171.0
2025-01-13 04:00:00+00:00,0.88715,0.88746,0.88563,0.88568,1652.0
2025-01-13 05:00:00+00:00,0.88566,0.8865,0.88554,0.88616,1769.0
2025-01-13 06:00:00+00:00,0.88616,0.88658,0.88592,0.88656,1743.0
2025-01-13 07:00:00+00:00,0.8865,0.88722,0.88616,0.88696,2162.0
2025-01-13 08:00:00+00:00,0.88692,0.8879,0.88633,0.88665,3767.0
2025-01-13 09:00:00+00:00,0.8866,0.88696,0.88558,0.88602,4197.0
2025-01-13 10:00:00+00:00,0.886,0.88734,0.88599,0.8873,2854.0
2025-01-13 11:00:00+00:00,0.88731,0.88744,0.88672,0.8868,2610.0
2025-01-13 12:00:00+00:00,0.88682,0.88722,0.88598,0.88697,3669.0
2025-01-13 13:00:00+00:00,0.88701,0.88704,0.88582,0.88609,4980.0
2025-01-13 14:00:00+00:00,0.88613,0.88705,0.88551,0.88678,5324.0
2025-01-13 15:00:00+00:00,0.88674,0.88714,0.88594,0.88683,4083.0
2025-01-13 16:00:00+00:00,0.88684,0.88743,0.88642,0.88696,2665.0
2025-01-13 17:00:00+00:00,0.88694,0.88786,0.88683,0.88758,1901.0
2025-01-13 18:00:00+00:00,0.8876,0.8879,0.8873,0.88742,2224.0
2025-01-13 19:00:00+00:00,0.88738,0.88748,0.88692,0.88702,2341.0
2025-01-13 20:00:00+00:00,0.88702,0.88746,0.88692,0.88718,1801.0
2025-01-13 21:00:00+00:00,0.88724,0.88836,0.88706,0.88815,1140.0
2025-01-13 22:00:00+00:00,0.88764,0.89048,0.88668,0.88843,731.0
2025-01-13 23:00:00+00:00,0.88861,0.88986,0.88822,0.8893,1695.0
2025-01-14 00:00:00+00:00,0.88932,0.88942,0.88884,0.88936,2176.0
2025-01-14 01:00:00+00:00,0.8894,0.88996,0.88884,0.88976,2481.0
2025-01-14 02:00:00+00:00,0.88973,0.88976,0.88897,0.88964,2980.0
2025-01-14 03:00:00+00:00,0.88963,0.89014,0.88937,0.88944,1702.0
2025-01-14 04:00:00+00:00,0.88942,0.88996,0.88913,0.88972,1325.0
2025-01-14 05:00:00+00:00,0.88971,0.88986,0.88919,0.88936,2048.0
2025-01-14 06:00:00+00:00,0.88936,0.89033,0.88918,0.89023,1850.0
2025-01-14 07:00:00+00:00,0.8902,0.89086,0.88992,0.89082,1818.0
2025-01-14 08:00:00+00:00,0.89082,0.89136,0.89027,0.89058,2479.0
2025-01-14 09:00:00+00:00,0.89062,0.8907,0.88964,0.88985,2397.0
2025-01-14 10:00:00+00:00,0.88986,0.89018,0.88936,0.88974,2466.0
2025-01-14 11:00:00+00:00,0.88974,0.88974,0.88875,0.88877,1761.0
2025-01-14 12:00:00+00:00,0.88875,0.88882,0.88766,0.88844,2629.0
2025-01-14 13:00:00+00:00,0.88844,0.89032,0.88786,0.88884,5294.0
2025-01-14 14:00:00+00:00,0.88889,0.89017,0.88868,0.88911,3847.0
2025-01-14 15:00:00+00:00,0.8891,0.88992,0.88889,0.88932,3750.0
2025-01-14 16:00:00+00:00,0.8893,0.8897,0.8882,0.88836,3655.0
2025-01-14 17:00:00+00:00,0.88832,0.88896,0.88812,0.88833,2883.0
2025-01-14 18:00:00+00:00,0.88832,0.88866,0.88793,0.88852,2316.0
2025-01-14 19:00:00+00:00,0.88851,0.88908,0.8883,0.88868,1657.0
2025-01-14 20:00:00+00:00,0.88867,0.88902,0.8885,0.88865,1833.0
2025-01-14 21:00:00+00:00,0.88863,0.88897,0.88854,0.88887,877.0
2025-01-14 22:00:00+00:00,0.8891,0.88961,0.88872,0.88882,403.0
2025-01-14 23:00:00+00:00,0.88886,0.88912,0.88825,0.88852,600.0
2025-01-15 00:00:00+00:00,0.88847,0.8886,0.88744,0.88746,1844.0
2025-01-15 01:00:00+00:00,0.88745,0.88848,0.88738,0.8882,1499.0
2025-01-15 02:00:00+00:00,0.8882,0.88846,0.88765,0.88846,1903.0
2025-01-15 03:00:00+00:00,0.88846,0.88908,0.88834,0.88898,1038.0
2025-01-15 04:00:00+00:00,0.88898,0.8891,0.88868,0.88909,958.0
2025-01-15 05:00:00+00:00,0.88909,0.88919,0.88853,0.88866,1136.0
2025-01-15 06:00:00+00:00,0.88866,0.88915,0.88832,0.88897,955.0
2025-01-15 07:00:00+00:00,0.88898,0.89,0.88877,0.88966,2317.0
2025-01-15 08:00:00+00:00,0.88966,0.8903,0.88912,0.88925,2647.0
2025-01-15 09:00:00+00:00,0.88926,0.89049,0.88926,0.8904,2079.0
2025-01-15 10:00:00+00:00,0.89039,0.89047,0.88956,0.88985,1600.0
2025-01-15 11:00:00+00:00,0.88986,0.89034,0.88958,0.88974,1726.0
2025-01-15 12:00:00+00:00,0.88974,0.89014,0.88948,0.88978,1899.0
2025-01-15 13:00:00+00:00,0.88976,0.89348,0.88908,0.89326,6692.0
2025-01-15 14:00:00+00:00,0.89325,0.89382,0.89258,0.89368,6723.0
2025-01-15 15:00:00+00:00,0.89373,0.89378,0.892,0.89286,5440.0
2025-01-15 16:00:00+00:00,0.89285,0.89324,0.89135,0.89146,3687.0
2025-01-15 17:00:00+00:00,0.89146,0.8923,0.8914,0.89182,1677.0
2025-01-15 18:00:00+00:00,0.89186,0.89228,0.89168,0.892,1437.0
2025-01-15 19:00:00+00:00,0.89198,0.89244,0.89186,0.89241,2013.0
2025-01-15 20:00:00+00:00,0.89241,0.89275,0.89219,0.89258,1593.0
2025-01-15 21:00:00+00:00,0.89254,0.89295,0.89226,0.89292,570.0
2025-01-15 22:00:00+00:00,0.89285,0.89285,0.8909,0.8926,337.0
2025-01-15 23:00:00+00:00,0.89264,0.89343,0.89252,0.89314,785.0
2025-01-16 00:00:00+00:00,0.89315,0.89459,0.89206,0.89354,2549.0
2025-01-16 01:00:00+00:00,0.8936,0.89372,0.89206,0.89249,2268.0
2025-01-16 02:00:00+00:00,0.89248,0.89292,0.89168,0.8919,2516.0
2025-01-16 03:00:00+00:00,0.89191,0.89197,0.89106,0.89124,1720.0
2025-01-16 04:00:00+00:00,0.89124,0.89164,0.89049,0.89072,1072.0
2025-01-16 05:00:00+00:00,0.89071,0.89072,0.88962,0.89046,1989.0
2025-01-16 06:00:00+00:00,0.89047,0.89142,0.89046,0.89134,2552.0
2025-01-16 07:00:00+00:00,0.89132,0.89264,0.89116,0.89247,2255.0
2025-01-16 08:00:00+00:00,0.89247,0.89386,0.89226,0.89368,3107.0
2025-01-16 09:00:00+00:00,0.89363,0.89374,0.89276,0.89287,2909.0
2025-01-16 10:00:00+00:00,0.89288,0.89332,0.89262,0.89275,2075.0
2025-01-16 11:00:00+00:00,0.89277,0.89312,0.89253,0.89282,1902.0
2025-01-16 12:00:00+00:00,0.8928,0.8929,0.89129,0.89144,2735.0
2025-01-16 13:00:00+00:00,0.89145,0.89304,0.89098,0.89242,5229.0
2025-01-16 14:00:00+00:00,0.89243,0.89308,0.892,0.8928,5499.0
2025-01-16 15:00:00+00:00,0.8928,0.89504,0.89243,0.89477,6635.0
2025-01-16 16:00:00+00:00,0.89478,0.89586,0.89424,0.89427,5443.0
2025-01-16 17:00:00+00:00,0.89427,0.89494,0.89404,0.89432,3824.0
2025-01-16 18:00:00+00:00,0.89432,0.8947,0.89366,0.89405,3057.0
2025-01-16 19:00:00+00:00,0.89409,0.89457,0.8939,0.8942,2504.0
2025-01-16 20:00:00+00:00,0.89419,0.89458,0.89382,0.89392,2268.0
2025-01-16 21:00:00+00:00,0.8939,0.89427,0.89352,0.89417,799.0
2025-01-16 22:00:00+00:00,0.8942,0.89469,0.89366,0.89437,710.0
2025-01-16 23:00:00+00:00,0.89438,0.89438,0.89362,0.8939,541.0
2025-01-17 00:00:00+00:00,0.89388,0.89444,0.89368,0.89412,1245.0
2025-01-17 01:00:00+00:00,0.89414,0.89478,0.89383,0.89452,1394.0
2025-01-17 02:00:00+00:00,0.89458,0.89536,0.89434,0.89455,2480.0
2025-01-17 03:00:00+00:00,0.89454,0.89468,0.8938,0.8944,1368.0
2025-01-17 04:00:00+00:00,0.8944,0.8944,0.89234,0.89274,1378.0
2025-01-17 05:00:00+00:00,0.89274,0.89342,0.89268,0.89334,2074.0
2025-01-17 06:00:00+00:00,0.89334,0.8938,0.89282,0.89376,1815.0
2025-01-17 07:00:00+00:00,0.8938,0.89454,0.89334,0.8944,2887.0
2025-01-17 08:00:00+00:00,0.8944,0.89512,0.8943,0.8946,2974.0
2025-01-17 09:00:00+00:00,0.8946,0.89507,0.89392,0.89405,2692.0
2025-01-17 10:00:00+00:00,0.89408,0.89422,0.89369,0.89372,1727.0
2025-01-17 11:00:00+00:00,0.89372,0.8941,0.89306,0.89324,2010.0
2025-01-17 12:00:00+00:00,0.89324,0.8936,0.89254,0.89276,2982.0
2025-01-17 13:00:00+00:00,0.89276,0.89306,0.89153,0.89182,4531.0
2025-01-17 14:00:00+00:00,0.89182,0.89488,0.89108,0.89462,6667.0
2025-01-17 15:00:00+00:00,0.89464,0.8961,0.89446,0.89554,7003.0
2025-01-17 16:00:00+00:00,0.8955,0.8958,0.89502,0.89528,4622.0
2025-01-17 17:00:00+00:00,0.89528,0.89593,0.89502,0.89586,1872.0
2025-01-17 18:00:00+00:00,0.89584,0.89662,0.89566,0.8965,2313.0
2025-01-17 19:00:00+00:00,0.8965,0.89672,0.89604,0.89642,1546.0
2025-01-17 20:00:00+00:00,0.89642,0.89692,0.89614,0.89646,2459.0
2025-01-17 21:00:00+00:00,0.89641,0.89708,0.89592,0.89666,1318.0
2025-01-19 22:00:00+00:00,0.89674,0.89752,0.89674,0.8969,162.0
2025-01-19 23:00:00+00:00,0.89698,0.89762,0.89656,0.8968,1316.0
2025-01-20 00:00:00+00:00,0.89683,0.8974,0.89674,0.89702,1389.0
2025-01-20 01:00:00+00:00,0.89702,0.89762,0.89658,0.89744,1928.0
2025-01-20 02:00:00+00:00,0.89745,0.89752,0.89694,0.89743,1545.0
2025-01-20 03:00:00+00:00,0.89742,0.89818,0.89721,0.89812,1837.0
2025-01-20 04:00:00+00:00,0.89814,0.8982,0.89759,0.89774,1189.0
2025-01-20 05:00:00+00:00,0.89776,0.89789,0.89688,0.89695,1501.0
2025-01-20 06:00:00+00:00,0.89691,0.89788,0.89654,0.89759,2018.0
2025-01-20 07:00:00+00:00,0.89756,0.899,0.89737,0.89874,1987.0
2025-01-20 08:00:00+00:00,0.89873,0.8988,0.89796,0.89812,2139.0
2025-01-20 09:00:00+00:00,0.89813,0.89814,0.89687,0.89749,1764.0
2025-01-20 10:00:00+00:00,0.89751,0.89796,0.89702,0.89708,1949.0
2025-01-20 11:00:00+00:00,0.89708,0.89755,0.89688,0.89732,1758.0
2025-01-20 12:00:00+00:00,0.89734,0.89768,0.89693,0.8974,1519.0
2025-01-20 13:00:00+00:00,0.89741,0.8991,0.89607,0.89671,9514.0
2025-01-20 14:00:00+00:00,0.89675,0.89828,0.89622,0.8972,5791.0
2025-01-20 15:00:00+00:00,0.89719,0.89786,0.89634,0.89732,5425.0
2025-01-20 16:00:00+00:00,0.89732,0.89748,0.89624,0.89642,2645.0
2025-01-20 17:00:00+00:00,0.89641,0.89763,0.89547,0.89673,4441.0
2025-01-20 18:00:00+00:00,0.89672,0.89728,0.89651,0.89722,1039.0
2025-01-20 19:00:00+00:00,0.89726,0.89766,0.89622,0.89742,1256.0
2025-01-20 20:00:00+00:00,0.89739,0.89786,0.89685,0.89769,1656.0
2025-01-20 21:00:00+00:00,0.8977,0.89816,0.89722,0.898,1243.0
2025-01-20 22:00:00+00:00,0.89796,0.89838,0.89684,0.89704,572.0
2025-01-20 23:00:00+00:00,0.897,0.89853,0.89696,0.89824,2293.0
2025-01-21 00:00:00+00:00,0.89829,0.90354,0.89718,0.8994,8575.0
2025-01-21 01:00:00+00:00,0.89938,0.9022,0.89842,0.8998,11661.0
2025-01-21 02:00:00+00:00,0.89976,0.90112,0.89972,0.90044,5431.0
2025-01-21 03:00:00+00:00,0.90044,0.90149,0.90044,0.90078,3730.0
2025-01-21 04:00:00+00:00,0.90078,0.90116,0.90056,0.90082,1855.0
2025-01-21 05:00:00+00:00,0.90082,0.90098,0.89928,0.89953,1738.0
2025-01-21 06:00:00+00:00,0.89948,0.90039,0.89937,0.89996,1904.0
2025-01-21 07:00:00+00:00,0.89998,0.9014,0.8998,0.90126,3434.0
2025-01-21 08:00:00+00:00,0.90126,0.90127,0.8994,0.8995,3241.0
2025-01-21 09:00:00+00:00,0.89948,0.89971,0.89844,0.89888,2982.0
2025-01-21 10:00:00+00:00,0.89887,0.89898,0.89822,0.89846,3006.0
2025-01-21 11:00:00+00:00,0.89845,0.89857,0.89773,0.89844,3208.0
2025-01-21 12:00:00+00:00,0.89849,0.8991,0.89836,0.89894,3048.0
2025-01-21 13:00:00+00:00,0.8989,0.90136,0.898,0.90132,3533.0
2025-01-21 14:00:00+00:00,0.90134,0.90162,0.9,0.90038,4573.0
2025-01-21 15:00:00+00:00,0.90038,0.90083,0.8989,0.89986,5992.0
2025-01-21 16:00:00+00:00,0.89984,0.89985,0.89844,0.89853,4256.0
2025-01-21 17:00:00+00:00,0.89857,0.899,0.89809,0.89844,2881.0
2025-01-21 18:00:00+00:00,0.89844,0.89902,0.8982,0.89882,2188.0
2025-01-21 19:00:00+00:00,0.89882,0.89886,0.89802,0.89813,2687.0
2025-01-21 20:00:00+00:00,0.8981,0.8991,0.89794,0.89902,2176.0
2025-01-21 21:00:00+00:00,0.89902,0.89908,0.89782,0.89854,1737.0
2025-01-21 22:00:00+00:00,0.89858,0.89911,0.89793,0.89864,337.0
2025-01-21 23:00:00+00:00,0.89856,0.89894,0.89742,0.89804,3163.0
2025-01-22 00:00:00+00:00,0.89805,0.89897,0.89788,0.89883,2274.0
2025-01-22 01:00:00+00:00,0.89882,0.89898,0.89785,0.89797,2674.0
2025-01-22 02:00:00+00:00,0.89796,0.89857,0.89756,0.8982,2388.0
2025-01-22 03:00:00+00:00,0.89821,0.89838,0.89794,0.8982,1780.0
2025-01-22 04:00:00+00:00,0.8982,0.89854,0.89793,0.89805,1674.0
2025-01-22 05:00:00+00:00,0.89806,0.89844,0.89784,0.89818,2031.0
2025-01-22 06:00:00+00:00,0.89818,0.89822,0.89745,0.89766,2619.0
2025-01-22 07:00:00+00:00,0.89772,0.89781,0.89697,0.89718,3213.0
2025-01-22 08:00:00+00:00,0.89719,0.8989,0.89691,0.89884,2367.0
2025-01-22 09:00:00+00:00,0.89888,0.90046,0.89873,0.9004,2645.0
2025-01-22 10:00:00+00:00,0.9004,0.90052,0.8998,0.9003,2327.0
2025-01-22 11:00:00+00:00,0.90026,0.9007,0.89999,0.90064,2141.0
2025-01-22 12:00:00+00:00,0.90064,0.9016,0.90034,0.90136,3315.0
2025-01-22 13:00:00+00:00,0.90134,0.90241,0.90126,0.9018,3489.0
2025-01-22 14:00:00+00:00,0.90182,0.90251,0.90135,0.90207,3879.0
2025-01-22 15:00:00+00:00,0.90208,0.90254,0.90118,0.90168,4160.0
2025-01-22 16:00:00+00:00,0.9017,0.90175,0.90066,0.9011,2994.0
2025-01-22 17:00:00+00:00,0.90114,0.90206,0.90108,0.90174,2477.0
2025-01-22 18:00:00+00:00,0.9017,0.90204,0.90151,0.90178,2814.0
2025-01-22 19:00:00+00:00,0.9018,0.90236,0.90174,0.90217,1367.0
2025-01-22 20:00:00+00:00,0.90216,0.90266,0.90194,0.90266,1478.0
2025-01-22 21:00:00+00:00,0.90267,0.90274,0.90188,0.90202,1095.0
2025-01-22 22:00:00+00:00,0.90198,0.90215,0.90148,0.90183,544.0
2025-01-22 23:00:00+00:00,0.90182,0.90306,0.90172,0.90294,1057.0
2025-01-23 00:00:00+00:00,0.90294,0.90306,0.90242,0.90248,2008.0
2025-01-23 01:00:00+00:00,0.9025,0.90347,0.90246,0.90294,2971.0
2025-01-23 02:00:00+00:00,0.90294,0.90312,0.90234,0.90238,2472.0
2025-01-23 03:00:00+00:00,0.90236,0.90291,0.90212,0.90278,2366.0
2025-01-23 04:00:00+00:00,0.90274,0.90306,0.90258,0.90274,1553.0
2025-01-23 05:00:00+00:00,0.90274,0.90303,0.9024,0.90256,2541.0
2025-01-23 06:00:00+00:00,0.90252,0.90282,0.90173,0.9018,1940.0
2025-01-23 07:00:00+00:00,0.90174,0.90222,0.90146,0.90167,3821.0
2025-01-23 08:00:00+00:00,0.90168,0.90185,0.90038,0.90042,2858.0
2025-01-23 09:00:00+00:00,0.9004,0.90132,0.90016,0.9013,3026.0
2025-01-23 10:00:00+00:00,0.90129,0.90218,0.90126,0.90176,2152.0
2025-01-23 11:00:00+00:00,0.90172,0.90246,0.90164,0.90178,2369.0
2025-01-23 12:00:00+00:00,0.90179,0.9029,0.90142,0.90266,2516.0
2025-01-23 13:00:00+00:00,0.90264,0.90384,0.90244,0.90337,3186.0
2025-01-23 14:00:00+00:00,0.9034,0.90354,0.90152,0.90246,4263.0
2025-01-23 15:00:00+00:00,0.9025,0.90256,0.90126,0.90186,3761.0
2025-01-23 16:00:00+00:00,0.90182,0.90354,0.90078,0.90275,6355.0
2025-01-23 17:00:00+00:00,0.90274,0.9031,0.90226,0.9029,3814.0
2025-01-23 18:00:00+00:00,0.90292,0.90322,0.90237,0.90254,3313.0
2025-01-23 19:00:00+00:00,0.90252,0.9032,0.90219,0.90304,2202.0
2025-01-23 20:00:00+00:00,0.90302,0.90385,0.90286,0.90338,2376.0
2025-01-23 21:00:00+00:00,0.90332,0.90401,0.9032,0.90389,1342.0
2025-01-23 22:00:00+00:00,0.90398,0.90424,0.9037,0.90378,223.0
2025-01-23 23:00:00+00:00,0.90374,0.90384,0.9032,0.90326,796.0
2025-01-24 00:00:00+00:00,0.90326,0.90352,0.90294,0.9032,1830.0
2025-01-24 01:00:00+00:00,0.90314,0.9034,0.9028,0.90313,2104.0
2025-01-24 02:00:00+00:00,0.90312,0.90546,0.90302,0.9053,4707.0
2025-01-24 03:00:00+00:00,0.90526,0.90586,0.90434,0.90572,3323.0
2025-01-24 04:00:00+00:00,0.90568,0.90616,0.9053,0.90549,2374.0
2025-01-24 05:00:00+00:00,0.90552,0.90627,0.90546,0.90626,2211.0
2025-01-24 06:00:00+00:00,0.90623,0.90678,0.90553,0.90572,3006.0
2025-01-24 07:00:00+00:00,0.90576,0.90626,0.90532,0.90566,3663.0
2025-01-24 08:00:00+00:00,0.90568,0.90672,0.90538,0.90578,4698.0
2025-01-24 09:00:00+00:00,0.90576,0.90666,0.90564,0.90574,2959.0
2025-01-24 10:00:00+00:00,0.90574,0.9058,0.90525,0.9054,2198.0
2025-01-24 11:00:00+00:00,0.90546,0.90548,0.90464,0.90502,2229.0
2025-01-24 12:00:00+00:00,0.90497,0.90604,0.90481,0.9049,2315.0
2025-01-24 13:00:00+00:00,0.90486,0.90511,0.90292,0.90314,3516.0
2025-01-24 14:00:00+00:00,0.90312,0.90513,0.90306,0.90466,4646.0
2025-01-24 15:00:00+00:00,0.90476,0.90604,0.90452,0.90596,6937.0
2025-01-24 16:00:00+00:00,0.90598,0.90619,0.90542,0.90596,3179.0
2025-01-24 17:00:00+00:00,0.90592,0.90672,0.90583,0.90595,2334.0
2025-01-24 18:00:00+00:00,0.90596,0.90607,0.90542,0.90549,1843.0
2025-01-24 19:00:00+00:00,0.90549,0.90574,0.90528,0.90557,1847.0
2025-01-24 20:00:00+00:00,0.90556,0.90576,0.90536,0.90572,2139.0
2025-01-24 21:00:00+00:00,0.90572,0.906,0.90513,0.9058,1337.0
2025-01-26 22:00:00+00:00,0.90563,0.90604,0.9051,0.90556,463.0
2025-01-26 23:00:00+00:00,0.90559,0.90596,0.90437,0.9054,1946.0
2025-01-27 00:00:00+00:00,0.9054,0.90542,0.90473,0.9048,2455.0
2025-01-27 01:00:00+00:00,0.90478,0.90544,0.90422,0.9044,2957.0
2025-01-27 02:00:00+00:00,0.90438,0.9052,0.90437,0.90456,2691.0
2025-01-27 03:00:00+00:00,0.90456,0.90554,0.90452,0.90522,2673.0
2025-01-27 04:00:00+00:00,0.90524,0.9053,0.90475,0.90481,1749.0
2025-01-27 05:00:00+00:00,0.90482,0.90514,0.90452,0.90488,2456.0
2025-01-27 06:00:00+00:00,0.90488,0.90518,0.90372,0.9038,2352.0
2025-01-27 07:00:00+00:00,0.90376,0.90452,0.9037,0.9041,3028.0
2025-01-27 08:00:00+00:00,0.90409,0.90506,0.90372,0.90496,3287.0
2025-01-27 09:00:00+00:00,0.90498,0.90503,0.90396,0.9041,3117.0
2025-01-27 10:00:00+00:00,0.90414,0.90458,0.90388,0.90415,3979.0
2025-01-27 11:00:00+00:00,0.90414,0.90492,0.90376,0.90468,3186.0
2025-01-27 12:00:00+00:00,0.90474,0.90538,0.90392,0.90403,3632.0
2025-01-27 13:00:00+00:00,0.90399,0.90425,0.9028,0.9035,4203.0
2025-01-27 14:00:00+00:00,0.90346,0.90466,0.90332,0.90392,3891.0
2025-01-27 15:00:00+00:00,0.9039,0.90444,0.90302,0.90397,3995.0
2025-01-27 16:00:00+00:00,0.90396,0.9042,0.90335,0.9034,5161.0
2025-01-27 17:00:00+00:00,0.9034,0.90389,0.9031,0.90372,3866.0
2025-01-27 18:00:00+00:00,0.90373,0.90402,0.903,0.90316,3135.0
2025-01-27 19:00:00+00:00,0.90314,0.9037,0.90285,0.90348,2747.0
2025-01-27 20:00:00+00:00,0.90348,0.90417,0.9034,0.90417,3133.0
2025-01-27 21:00:00+00:00,0.90419,0.9048,0.90404,0.9045,1190.0
2025-01-27 22:00:00+00:00,0.9043,0.90476,0.90402,0.90444,344.0
2025-01-27 23:00:00+00:00,0.90437,0.9045,0.90158,0.90172,5578.0
2025-01-28 00:00:00+00:00,0.90171,0.90222,0.90089,0.90176,3685.0
2025-01-28 01:00:00+00:00,0.90178,0.9024,0.90058,0.90092,3791.0
2025-01-28 02:00:00+00:00,0.90091,0.90146,0.9005,0.9008,3877.0
2025-01-28 03:00:00+00:00,0.90078,0.90112,0.90014,0.90018,2170.0
2025-01-28 04:00:00+00:00,0.90016,0.90038,0.89952,0.89997,1705.0
2025-01-28 05:00:00+00:00,0.89997,0.90048,0.89988,0.9003,1439.0
2025-01-28 06:00:00+00:00,0.90028,0.9007,0.89992,0.90006,1968.0
2025-01-28 07:00:00+00:00,0.90002,0.9008,0.89993,0.9005,3695.0
2025-01-28 08:00:00+00:00,0.90056,0.90068,0.89978,0.90024,2732.0
2025-01-28 09:00:00+00:00,0.90027,0.90047,0.89993,0.90035,2597.0
2025-01-28 10:00:00+00:00,0.90034,0.9009,0.90014,0.90033,2298.0
2025-01-28 11:00:00+00:00,0.90034,0.90072,0.90018,0.90056,2157.0
2025-01-28 12:00:00+00:00,0.90057,0.90064,0.89935,0.89973,2858.0
2025-01-28 13:00:00+00:00,0.89975,0.8998,0.8983,0.89859,3187.0
2025-01-28 14:00:00+00:00,0.89858,0.89892,0.89798,0.89818,2794.0
2025-01-28 15:00:00+00:00,0.89816,0.89938,0.89802,0.89864,4061.0
2025-01-28 16:00:00+00:00,0.89862,0.89966,0.89854,0.89877,3110.0
2025-01-28 17:00:00+00:00,0.89878,0.89952,0.89864,0.89948,1768.0
2025-01-28 18:00:00+00:00,0.89952,0.89996,0.89905,0.89974,2748.0
2025-01-28 19:00:00+00:00,0.89974,0.90078,0.8997,0.90032,2228.0
2025-01-28 20:00:00+00:00,0.90032,0.9007,0.90019,0.90045,1627.0
2025-01-28 21:00:00+00:00,0.90041,0.90058,0.90007,0.9004,657.0
2025-01-28 22:00:00+00:00,0.90034,0.90066,0.89939,0.9003,1505.0
2025-01-28 23:00:00+00:00,0.9004,0.9006,0.90023,0.90037,788.0
2025-01-29 00:00:00+00:00,0.90038,0.90064,0.89718,0.89784,2563.0
2025-01-29 01:00:00+00:00,0.89784,0.89809,0.89704,0.89754,1534.0
2025-01-29 02:00:00+00:00,0.89756,0.89834,0.89755,0.8978,1749.0
2025-01-29 03:00:00+00:00,0.89779,0.89798,0.89732,0.89747,1608.0
2025-01-29 04:00:00+00:00,0.89746,0.898,0.89732,0.89792,1161.0
2025-01-29 05:00:00+00:00,0.89794,0.89928,0.8978,0.89928,1427.0
2025-01-29 06:00:00+00:00,0.89932,0.89952,0.89886,0.8992,2083.0
2025-01-29 07:00:00+00:00,0.89919,0.89922,0.8985,0.89892,1641.0
2025-01-29 08:00:00+00:00,0.89894,0.89941,0.8989,0.89926,2128.0
2025-01-29 09:00:00+00:00,0.8993,0.89954,0.89838,0.8984,2211.0
2025-01-29 10:00:00+00:00,0.89842,0.89864,0.89812,0.89854,1649.0
2025-01-29 11:00:00+00:00,0.89855,0.89888,0.89754,0.89828,1577.0
2025-01-29 12:00:00+00:00,0.89829,0.89848,0.8978,0.89825,1695.0
2025-01-29 13:00:00+00:00,0.89826,0.89894,0.89796,0.89873,2721.0
2025-01-29 14:00:00+00:00,0.89874,0.89938,0.89705,0.8982,4239.0
2025-01-29 15:00:00+00:00,0.89821,0.89973,0.89792,0.89936,4528.0
2025-01-29 16:00:00+00:00,0.8994,0.90002,0.89847,0.89858,4255.0
2025-01-29 17:00:00+00:00,0.89856,0.89892,0.89786,0.89858,2681.0
2025-01-29 18:00:00+00:00,0.89863,0.89918,0.89826,0.8989,1298.0
2025-01-29 19:00:00+00:00,0.8988,0.89916,0.89717,0.89862,8289.0
2025-01-29 20:00:00+00:00,0.89861,0.8992,0.89805,0.89851,5312.0
2025-01-29 21:00:00+00:00,0.89855,0.89871,0.89803,0.89864,1071.0
2025-01-29 22:00:00+00:00,0.89863,0.89924,0.89782,0.89911,206.0
2025-01-29 23:00:00+00:00,0.89906,0.89924,0.898,0.89817,1792.0
2025-01-30 00:00:00+00:00,0.89817,0.89921,0.89815,0.89868,2118.0
2025-01-30 01:00:00+00:00,0.89866,0.8991,0.89854,0.89906,1920.0
2025-01-30 02:00:00+00:00,0.89906,0.89942,0.89866,0.89883,1910.0
2025-01-30 03:00:00+00:00,0.89886,0.89924,0.89834,0.89841,1559.0
2025-01-30 04:00:00+00:00,0.89839,0.89856,0.89734,0.89751,1370.0
2025-01-30 05:00:00+00:00,0.89748,0.8976,0.89692,0.89711,1257.0
2025-01-30 06:00:00+00:00,0.8971,0.89738,0.89674,0.89735,1551.0
2025-01-30 07:00:00+00:00,0.89736,0.89746,0.89696,0.89712,1506.0
2025-01-30 08:00:00+00:00,0.89708,0.89816,0.89704,0.89803,2297.0
2025-01-30 09:00:00+00:00,0.89807,0.89828,0.89707,0.89722,2563.0
2025-01-30 10:00:00+00:00,0.89722,0.89746,0.89702,0.89722,2270.0
2025-01-30 11:00:00+00:00,0.89722,0.89744,0.89684,0.89738,2175.0
2025-01-30 12:00:00+00:00,0.89739,0.89772,0.89678,0.89747,3417.0
2025-01-30 13:00:00+00:00,0.89749,0.89845,0.89708,0.89829,5265.0
2025-01-30 14:00:00+00:00,0.89826,0.8988,0.8975,0.89782,6439.0
2025-01-30 15:00:00+00:00,0.89784,0.89858,0.89757,0.89805,4647.0
2025-01-30 16:00:00+00:00,0.89805,0.8985,0.89792,0.89808,3493.0
2025-01-30 17:00:00+00:00,0.89806,0.89824,0.8975,0.89796,3337.0
2025-01-30 18:00:00+00:00,0.89802,0.89816,0.89772,0.8979,2434.0
2025-01-30 19:00:00+00:00,0.89792,0.89904,0.89788,0.89899,2587.0
2025-01-30 20:00:00+00:00,0.89898,0.90622,0.89884,0.9006,9613.0
2025-01-30 21:00:00+00:00,0.90065,0.90177,0.89942,0.90002,4826.0
2025-01-30 22:00:00+00:00,0.89968,0.90124,0.89871,0.89942,1087.0
2025-01-30 23:00:00+00:00,0.8994,0.90081,0.89906,0.90061,2157.0
2025-01-31 00:00:00+00:00,0.9006,0.90074,0.89958,0.89967,1951.0
2025-01-31 01:00:00+00:00,0.89964,0.90033,0.89953,0.90005,2534.0
2025-01-31 02:00:00+00:00,0.90009,0.90087,0.89999,0.9007,1708.0
2025-01-31 03:00:00+00:00,0.90074,0.90101,0.9005,0.90085,1563.0
2025-01-31 04:00:00+00:00,0.90086,0.90135,0.9005,0.90126,1272.0
2025-01-31 05:00:00+00:00,0.90128,0.90189,0.9006,0.90098,1852.0
2025-01-31 06:00:00+00:00,0.901,0.90132,0.90064,0.9007,1859.0
2025-01-31 07:00:00+00:00,0.90068,0.90068,0.89952,0.90014,2178.0
2025-01-31 08:00:00+00:00,0.9001,0.90088,0.90006,0.90014,3366.0
2025-01-31 09:00:00+00:00,0.90014,0.90156,0.90009,0.90108,4036.0
2025-01-31 10:00:00+00:00,0.9011,0.90118,0.90036,0.9004,2165.0
2025-01-31 11:00:00+00:00,0.90041,0.90078,0.89997,0.9,2161.0
2025-01-31 12:00:00+00:00,0.89998,0.90032,0.89975,0.90028,2008.0
2025-01-31 13:00:00+00:00,0.90026,0.90148,0.89993,0.9012,5739.0
2025-01-31 14:00:00+00:00,0.90122,0.90381,0.90102,0.90268,5246.0
2025-01-31 15:00:00+00:00,0.90269,0.90385,0.90202,0.90332,4201.0
2025-01-31 16:00:00+00:00,0.9033,0.9036,0.90162,0.90241,3021.0
2025-01-31 17:00:00+00:00,0.90242,0.90281,0.89928,0.90086,8699.0
2025-01-31 18:00:00+00:00,0.90082,0.90312,0.9002,0.9021,10442.0
2025-01-31 19:00:00+00:00,0.90206,0.90243,0.90128,0.90178,5522.0
2025-01-31 20:00:00+00:00,0.90176,0.90416,0.90138,0.90328,5669.0
2025-01-31 21:00:00+00:00,0.90327,0.90362,0.9022,0.90236,4646.0
2025-02-02 22:00:00+00:00,0.90692,0.90944,0.90629,0.90724,1505.0
2025-02-02 23:00:00+00:00,0.90724,0.90741,0.90346,0.90365,8353.0
2025-02-03 00:00:00+00:00,0.90366,0.9042,0.89933,0.90183,11182.0
2025-02-03 01:00:00+00:00,0.90181,0.90338,0.90124,0.90198,6202.0
2025-02-03 02:00:00+00:00,0.90201,0.90208,0.89925,0.90108,6117.0
2025-02-03 03:00:00+00:00,0.90112,0.90165,0.90044,0.90102,4556.0
2025-02-03 04:00:00+00:00,0.90103,0.90328,0.90078,0.90194,5369.0
2025-02-03 05:00:00+00:00,0.90199,0.90276,0.90138,0.90146,3586.0
2025-02-03 06:00:00+00:00,0.90144,0.90326,0.90138,0.903,4179.0
2025-02-03 07:00:00+00:00,0.90302,0.90368,0.90204,0.90287,6834.0
2025-02-03 08:00:00+00:00,0.90288,0.90343,0.90172,0.90222,6479.0
2025-02-03 09:00:00+00:00,0.90223,0.90278,0.90206,0.90237,4063.0
2025-02-03 10:00:00+00:00,0.90238,0.9027,0.90151,0.90163,3066.0
2025-02-03 11:00:00+00:00,0.90164,0.90256,0.90159,0.90213,3043.0
2025-02-03 12:00:00+00:00,0.90214,0.90341,0.90182,0.9029,3605.0
2025-02-03 13:00:00+00:00,0.90293,0.90359,0.90066,0.90357,6656.0
2025-02-03 14:00:00+00:00,0.90357,0.9042,0.902,0.90274,7660.0
2025-02-03 15:00:00+00:00,0.90266,0.90306,0.8997,0.90262,15760.0
2025-02-03 16:00:00+00:00,0.90261,0.90518,0.90163,0.90166,10936.0
2025-02-03 17:00:00+00:00,0.9017,0.90246,0.89906,0.9008,7955.0
2025-02-03 18:00:00+00:00,0.90079,0.90146,0.89992,0.90038,7221.0
2025-02-03 19:00:00+00:00,0.90039,0.90122,0.89995,0.90107,4020.0
2025-02-03 20:00:00+00:00,0.90109,0.90155,0.90071,0.90104,2896.0
2025-02-03 21:00:00+00:00,0.90101,0.90136,0.89514,0.89842,8636.0
2025-02-03 22:00:00+00:00,0.89753,0.89844,0.89666,0.89701,691.0
2025-02-03 23:00:00+00:00,0.89692,0.89802,0.89568,0.89662,2625.0
2025-02-04 00:00:00+00:00,0.89658,0.89782,0.89658,0.89709,3322.0
2025-02-04 01:00:00+00:00,0.89706,0.89718,0.89582,0.89703,4272.0
2025-02-04 02:00:00+00:00,0.89705,0.89836,0.89682,0.89816,3248.0
2025-02-04 03:00:00+00:00,0.89814,0.8982,0.89725,0.89742,2394.0
2025-02-04 04:00:00+00:00,0.8974,0.8975,0.89676,0.897,2068.0
2025-02-04 05:00:00+00:00,0.89698,0.89708,0.89482,0.89598,6785.0
2025-02-04 06:00:00+00:00,0.89597,0.89679,0.89595,0.89656,2664.0
2025-02-04 07:00:00+00:00,0.89654,0.89658,0.89553,0.89614,3855.0
2025-02-04 08:00:00+00:00,0.89616,0.89701,0.89558,0.89636,4744.0
2025-02-04 09:00:00+00:00,0.89634,0.89714,0.8953,0.89539,3249.0
2025-02-04 10:00:00+00:00,0.89536,0.8962,0.89515,0.89606,3158.0
2025-02-04 11:00:00+00:00,0.89606,0.89622,0.8957,0.89589,3127.0
2025-02-04 12:00:00+00:00,0.89588,0.8964,0.89546,0.89546,3405.0
2025-02-04 13:00:00+00:00,0.89546,0.89591,0.89392,0.8941,3602.0
2025-02-04 14:00:00+00:00,0.89411,0.8956,0.89386,0.89544,3833.0
2025-02-04 15:00:00+00:00,0.89548,0.89676,0.8952,0.89524,6522.0
2025-02-04 16:00:00+00:00,0.89527,0.89616,0.89505,0.8957,3262.0
2025-02-04 17:00:00+00:00,0.89572,0.89694,0.89561,0.89656,3353.0
2025-02-04 18:00:00+00:00,0.89663,0.89729,0.89628,0.8967,3233.0
2025-02-04 19:00:00+00:00,0.8967,0.8969,0.89523,0.89551,1545.0
2025-02-04 20:00:00+00:00,0.89556,0.89638,0.89534,0.89636,2017.0
2025-02-04 21:00:00+00:00,0.89638,0.89656,0.89574,0.89608,1389.0
2025-02-04 22:00:00+00:00,0.89541,0.89648,0.89527,0.89596,444.0
2025-02-04 23:00:00+00:00,0.8959,0.89618,0.89542,0.89608,1241.0
2025-02-05 00:00:00+00:00,0.89608,0.89636,0.89554,0.89572,2511.0
2025-02-05 01:00:00+00:00,0.89574,0.89615,0.89476,0.89487,3621.0
2025-02-05 02:00:00+00:00,0.89486,0.89578,0.89454,0.89566,3175.0
2025-02-05 03:00:00+00:00,0.8957,0.89614,0.89564,0.89578,2423.0
2025-02-05 04:00:00+00:00,0.89578,0.89596,0.89546,0.89589,1664.0
2025-02-05 05:00:00+00:00,0.8959,0.8966,0.89569,0.89653,1984.0
2025-02-05 06:00:00+00:00,0.8965,0.89703,0.89629,0.89636,2649.0
2025-02-05 07:00:00+00:00,0.89638,0.89756,0.89628,0.89716,3869.0
2025-02-05 08:00:00+00:00,0.89712,0.89746,0.89634,0.89696,3744.0
2025-02-05 09:00:00+00:00,0.89697,0.89744,0.89677,0.89695,3038.0
2025-02-05 10:00:00+00:00,0.89697,0.89784,0.8969,0.8974,2924.0
2025-02-05 11:00:00+00:00,0.89739,0.8981,0.89736,0.8975,2783.0
2025-02-05 12:00:00+00:00,0.89748,0.89788,0.89736,0.89758,2366.0
2025-02-05 13:00:00+00:00,0.89762,0.89762,0.8966,0.8972,4529.0
2025-02-05 14:00:00+00:00,0.89724,0.89795,0.89661,0.8976,3012.0
2025-02-05 15:00:00+00:00,0.898,0.89926,0.89779,0.89912,5370.0
2025-02-05 16:00:00+00:00,0.89914,0.89945,0.89866,0.89884,3150.0
2025-02-05 17:00:00+00:00,0.89884,0.89928,0.89862,0.89925,2291.0
2025-02-05 18:00:00+00:00,0.89924,0.90003,0.89887,0.89986,1603.0
2025-02-05 19:00:00+00:00,0.89986,0.89998,0.89934,0.89975,2249.0
2025-02-05 20:00:00+00:00,0.8998,0.90057,0.89969,0.89986,1827.0
2025-02-05 21:00:00+00:00,0.89986,0.90002,0.89934,0.89975,850.0
2025-02-05 22:00:00+00:00,0.89922,0.89961,0.89905,0.89916,314.0
2025-02-05 23:00:00+00:00,0.89917,0.89978,0.899,0.8995,1023.0
2025-02-06 00:00:00+00:00,0.89949,0.8999,0.89932,0.89946,1517.0
2025-02-06 01:00:00+00:00,0.89948,0.89966,0.8992,0.89948,1706.0
2025-02-06 02:00:00+00:00,0.89948,0.89956,0.8984,0.89888,2400.0
2025-02-06 03:00:00+00:00,0.89886,0.89899,0.89752,0.89786,1926.0
2025-02-06 04:00:00+00:00,0.89785,0.89892,0.8978,0.89846,1078.0
2025-02-06 05:00:00+00:00,0.89846,0.89892,0.89836,0.89846,1287.0
2025-02-06 06:00:00+00:00,0.8985,0.89942,0.89844,0.89908,1628.0
2025-02-06 07:00:00+00:00,0.89902,0.89968,0.89878,0.89928,2050.0
2025-02-06 08:00:00+00:00,0.89928,0.8994,0.89826,0.89864,2687.0
2025-02-06 09:00:00+00:00,0.89864,0.89922,0.8985,0.89904,2580.0
2025-02-06 10:00:00+00:00,0.89906,0.8994,0.89887,0.89932,2593.0
2025-02-06 11:00:00+00:00,0.89929,0.89958,0.89912,0.89947,2347.0
2025-02-06 12:00:00+00:00,0.8995,0.90004,0.89865,0.89886,4461.0
2025-02-06 13:00:00+00:00,0.89887,0.89893,0.89804,0.89822,3735.0
2025-02-06 14:00:00+00:00,0.89824,0.89879,0.89792,0.89831,3109.0
2025-02-06 15:00:00+00:00,0.89827,0.89951,0.8981,0.89924,4357.0
2025-02-06 16:00:00+00:00,0.89927,0.89932,0.89848,0.89857,2780.0
2025-02-06 17:00:00+00:00,0.89852,0.89942,0.89838,0.89942,1744.0
2025-02-06 18:00:00+00:00,0.89942,0.89946,0.89876,0.899,2343.0
2025-02-06 19:00:00+00:00,0.899,0.89925,0.89873,0.89916,1881.0
2025-02-06 20:00:00+00:00,0.89916,0.8995,0.89895,0.89908,2111.0
2025-02-06 21:00:00+00:00,0.89906,0.89922,0.89862,0.89894,987.0
2025-02-06 22:00:00+00:00,0.8989,0.89916,0.89811,0.8989,245.0
2025-02-06 23:00:00+00:00,0.89841,0.89924,0.89841,0.8987,843.0
2025-02-07 00:00:00+00:00,0.89866,0.8996,0.89864,0.89954,1469.0
2025-02-07 01:00:00+00:00,0.89955,0.90005,0.89934,0.89976,1755.0
2025-02-07 02:00:00+00:00,0.89976,0.90046,0.89976,0.90012,1385.0
2025-02-07 03:00:00+00:00,0.90008,0.9003,0.89976,0.90014,1358.0
2025-02-07 04:00:00+00:00,0.90015,0.90049,0.89961,0.89976,865.0
2025-02-07 05:00:00+00:00,0.89975,0.90004,0.89944,0.89955,979.0
2025-02-07 06:00:00+00:00,0.89956,0.89978,0.89938,0.89974,1635.0
2025-02-07 07:00:00+00:00,0.89972,0.9,0.89956,0.8999,1925.0
2025-02-07 08:00:00+00:00,0.89985,0.90088,0.89956,0.90076,2177.0
2025-02-07 09:00:00+00:00,0.90077,0.90116,0.90059,0.90074,1899.0
2025-02-07 10:00:00+00:00,0.90076,0.90087,0.90014,0.90026,2188.0
2025-02-07 11:00:00+00:00,0.90024,0.90058,0.90006,0.90036,2041.0
2025-02-07 12:00:00+00:00,0.90036,0.90074,0.89992,0.90036,1832.0
2025-02-07 13:00:00+00:00,0.90036,0.9019,0.89721,0.89788,8304.0
2025-02-07 14:00:00+00:00,0.89792,0.89978,0.8976,0.89916,3949.0
2025-02-07 15:00:00+00:00,0.89919,0.89941,0.89652,0.89742,7166.0
2025-02-07 16:00:00+00:00,0.89748,0.89749,0.89584,0.89618,6679.0
2025-02-07 17:00:00+00:00,0.89616,0.89716,0.89518,0.89588,6241.0
2025-02-07 18:00:00+00:00,0.89592,0.8965,0.89578,0.89641,2542.0
2025-02-07 19:00:00+00:00,0.89639,0.89664,0.89544,0.89598,2105.0
2025-02-07 20:00:00+00:00,0.896,0.89636,0.89542,0.89549,2203.0
2025-02-07 21:00:00+00:00,0.89552,0.89691,0.89524,0.89632,1841.0
2025-02-09 22:00:00+00:00,0.89582,0.89851,0.89572,0.89716,932.0
2025-02-09 23:00:00+00:00,0.89718,0.89738,0.89623,0.89693,2077.0
2025-02-10 00:00:00+00:00,0.8969,0.89794,0.8969,0.89787,2711.0
2025-02-10 01:00:00+00:00,0.89783,0.89842,0.89716,0.89746,2947.0
2025-02-10 02:00:00+00:00,0.89745,0.89827,0.89732,0.89822,1664.0
2025-02-10 03:00:00+00:00,0.89827,0.89924,0.89827,0.89905,1535.0
2025-02-10 04:00:00+00:00,0.89906,0.89968,0.89896,0.89945,1316.0
2025-02-10 05:00:00+00:00,0.89943,0.89993,0.89932,0.89965,1788.0
2025-02-10 06:00:00+00:00,0.89965,0.90029,0.89938,0.89994,1804.0
2025-02-10 07:00:00+00:00,0.89995,0.90082,0.89986,0.89996,2970.0
2025-02-10 08:00:00+00:00,0.89996,0.90002,0.89857,0.89932,2783.0
2025-02-10 09:00:00+00:00,0.89932,0.89968,0.8987,0.8995,2782.0
2025-02-10 10:00:00+00:00,0.89946,0.90036,0.89938,0.90016,2025.0
2025-02-10 11:00:00+00:00,0.9001,0.90071,0.89962,0.89962,1828.0
2025-02-10 12:00:00+00:00,0.89965,0.8998,0.89908,0.89924,2094.0
2025-02-10 13:00:00+00:00,0.89924,0.90094,0.89924,0.90072,2427.0
2025-02-10 14:00:00+00:00,0.9007,0.9008,0.89982,0.90045,3206.0
2025-02-10 15:00:00+00:00,0.9004,0.90112,0.89984,0.8999,2825.0
2025-02-10 16:00:00+00:00,0.89995,0.90012,0.89854,0.8989,2891.0
2025-02-10 17:00:00+00:00,0.89887,0.89922,0.89828,0.89876,3184.0
2025-02-10 18:00:00+00:00,0.89874,0.89938,0.89838,0.89848,3110.0
2025-02-10 19:00:00+00:00,0.89849,0.8987,0.89826,0.89848,2757.0
2025-02-10 20:00:00+00:00,0.89848,0.89864,0.8983,0.89844,2592.0
2025-02-10 21:00:00+00:00,0.89846,0.89882,0.89831,0.89874,611.0
2025-02-10 22:00:00+00:00,0.89864,0.90102,0.8985,0.89996,1046.0
2025-02-10 23:00:00+00:00,0.8998,0.89995,0.89806,0.89904,2430.0
2025-02-11 00:00:00+00:00,0.89902,0.89928,0.89843,0.89908,1746.0
2025-02-11 01:00:00+00:00,0.89904,0.89922,0.89861,0.89914,2501.0
2025-02-11 02:00:00+00:00,0.89914,0.89929,0.89785,0.89804,2560.0
2025-02-11 03:00:00+00:00,0.89804,0.8987,0.89776,0.89863,2085.0
2025-02-11 04:00:00+00:00,0.89864,0.89938,0.89863,0.89929,1705.0
2025-02-11 05:00:00+00:00,0.8993,0.89956,0.89912,0.89949,2075.0
2025-02-11 06:00:00+00:00,0.89944,0.90014,0.89936,0.89986,2500.0
2025-02-11 07:00:00+00:00,0.89982,0.90034,0.89951,0.90006,3245.0
2025-02-11 08:00:00+00:00,0.90008,0.90101,0.89991,0.90053,3240.0
2025-02-11 09:00:00+00:00,0.90051,0.90084,0.89966,0.89972,3137.0
2025-02-11 10:00:00+00:00,0.89972,0.90038,0.89932,0.89936,2083.0
2025-02-11 11:00:00+00:00,0.89935,0.8998,0.89886,0.8989,2262.0
2025-02-11 12:00:00+00:00,0.89892,0.90026,0.89872,0.89975,3794.0
2025-02-11 13:00:00+00:00,0.89974,0.89988,0.89822,0.8985,4173.0
2025-02-11 14:00:00+00:00,0.89851,0.90008,0.89847,0.89995,4573.0
2025-02-11 15:00:00+00:00,0.9,0.90025,0.89938,0.90003,4248.0
2025-02-11 16:00:00+00:00,0.90004,0.90087,0.89983,0.90038,3480.0
2025-02-11 17:00:00+00:00,0.90042,0.90058,0.89992,0.90008,3291.0
2025-02-11 18:00:00+00:00,0.90008,0.9002,0.89936,0.89943,2127.0
2025-02-11 19:00:00+00:00,0.8994,0.89986,0.89881,0.89958,3034.0
2025-02-11 20:00:00+00:00,0.89956,0.89978,0.89914,0.89972,3710.0
2025-02-11 21:00:00+00:00,0.89972,0.89977,0.89912,0.89922,1678.0
2025-02-11 22:00:00+00:00,0.89937,0.8995,0.89861,0.89906,430.0
2025-02-11 23:00:00+00:00,0.89914,0.89971,0.89894,0.89962,827.0
2025-02-12 00:00:00+00:00,0.89962,0.89974,0.89919,0.89954,1846.0
2025-02-12 01:00:00+00:00,0.89953,0.9004,0.89898,0.90031,2681.0
2025-02-12 02:00:00+00:00,0.9003,0.901,0.9003,0.90062,2377.0
2025-02-12 03:00:00+00:00,0.90058,0.9007,0.89951,0.89997,1825.0
2025-02-12 04:00:00+00:00,0.89998,0.90027,0.89926,0.89932,1433.0
2025-02-12 05:00:00+00:00,0.8993,0.89956,0.89907,0.8995,2226.0
2025-02-12 06:00:00+00:00,0.89951,0.89964,0.89895,0.89919,2415.0
2025-02-12 07:00:00+00:00,0.89918,0.89946,0.8985,0.89864,2484.0
2025-02-12 08:00:00+00:00,0.89864,0.89907,0.89812,0.8983,3015.0
2025-02-12 09:00:00+00:00,0.89831,0.89885,0.89796,0.89824,2190.0
2025-02-12 10:00:00+00:00,0.89826,0.8983,0.8978,0.89812,2045.0
2025-02-12 11:00:00+00:00,0.89812,0.8983,0.8974,0.89753,2178.0
2025-02-12 12:00:00+00:00,0.89754,0.89816,0.89728,0.8979,2000.0
2025-02-12 13:00:00+00:00,0.8979,0.89801,0.89422,0.89465,7443.0
2025-02-12 14:00:00+00:00,0.89464,0.89624,0.894,0.89608,5461.0
2025-02-12 15:00:00+00:00,0.89606,0.89736,0.89566,0.89698,5510.0
2025-02-12 16:00:00+00:00,0.89698,0.89796,0.89612,0.89792,4361.0
2025-02-12 17:00:00+00:00,0.89787,0.89934,0.89784,0.8989,4381.0
2025-02-12 18:00:00+00:00,0.89892,0.89925,0.89779,0.89786,3236.0
2025-02-12 19:00:00+00:00,0.89787,0.89822,0.89775,0.89792,2857.0
2025-02-12 20:00:00+00:00,0.89789,0.89816,0.89753,0.89766,3117.0
2025-02-12 21:00:00+00:00,0.89768,0.89855,0.89712,0.89844,2730.0
2025-02-12 22:00:00+00:00,0.89862,0.89862,0.89732,0.89771,352.0
2025-02-12 23:00:00+00:00,0.89775,0.89824,0.89773,0.8982,875.0
2025-02-13 00:00:00+00:00,0.89818,0.89836,0.89769,0.89773,2053.0
2025-02-13 01:00:00+00:00,0.89772,0.89786,0.89691,0.89755,3387.0
2025-02-13 02:00:00+00:00,0.89756,0.8976,0.89651,0.89654,3693.0
2025-02-13 03:00:00+00:00,0.89654,0.89762,0.89644,0.89734,3047.0
2025-02-13 04:00:00+00:00,0.89732,0.8983,0.89728,0.8976,2887.0
2025-02-13 05:00:00+00:00,0.8976,0.8981,0.89712,0.8977,3367.0
2025-02-13 06:00:00+00:00,0.89766,0.8977,0.89658,0.89663,3542.0
2025-02-13 07:00:00+00:00,0.89661,0.89688,0.89616,0.89654,4078.0
2025-02-13 08:00:00+00:00,0.89658,0.89673,0.89556,0.896,3724.0
2025-02-13 09:00:00+00:00,0.89599,0.89607,0.89539,0.89559,3363.0
2025-02-13 10:00:00+00:00,0.89558,0.89626,0.89542,0.89553,2283.0
2025-02-13 11:00:00+00:00,0.89552,0.89586,0.8949,0.89516,2545.0
2025-02-13 12:00:00+00:00,0.89519,0.89526,0.89412,0.89412,3258.0
2025-02-13 13:00:00+00:00,0.89415,0.89514,0.89344,0.89454,6025.0
2025-02-13 14:00:00+00:00,0.89458,0.89464,0.89324,0.89456,5567.0
2025-02-13 15:00:00+00:00,0.89457,0.8959,0.89423,0.89554,6208.0
2025-02-13 16:00:00+00:00,0.89552,0.8958,0.89454,0.89517,3508.0
2025-02-13 17:00:00+00:00,0.89518,0.89587,0.89516,0.89558,3125.0
2025-02-13 18:00:00+00:00,0.8956,0.8957,0.89395,0.89533,7732.0
2025-02-13 19:00:00+00:00,0.89532,0.89742,0.89524,0.89678,5739.0
2025-02-13 20:00:00+00:00,0.89678,0.89712,0.8963,0.8965,3116.0
2025-02-13 21:00:00+00:00,0.8965,0.89701,0.89626,0.89655,1628.0
2025-02-13 22:00:00+00:00,0.89665,0.89719,0.8963,0.89662,358.0
2025-02-13 23:00:00+00:00,0.8966,0.89682,0.8962,0.89648,1815.0
2025-02-14 00:00:00+00:00,0.89652,0.89663,0.89592,0.89622,2631.0
2025-02-14 01:00:00+00:00,0.8962,0.89737,0.8962,0.89704,3704.0
2025-02-14 02:00:00+00:00,0.89706,0.89764,0.89668,0.89738,2606.0
2025-02-14 03:00:00+00:00,0.89739,0.89741,0.89673,0.89677,1993.0
2025-02-14 04:00:00+00:00,0.89676,0.8968,0.89622,0.89651,1369.0
2025-02-14 05:00:00+00:00,0.89652,0.89681,0.89612,0.89656,2583.0
2025-02-14 06:00:00+00:00,0.8965,0.89688,0.89636,0.89649,3473.0
2025-02-14 07:00:00+00:00,0.89648,0.897,0.89626,0.89654,3210.0
2025-02-14 08:00:00+00:00,0.89654,0.89783,0.8965,0.89738,2848.0
2025-02-14 09:00:00+00:00,0.89737,0.89868,0.89729,0.89841,3023.0
2025-02-14 10:00:00+00:00,0.8984,0.89874,0.89804,0.89828,2550.0
2025-02-14 11:00:00+00:00,0.8983,0.89918,0.89828,0.89918,2422.0
2025-02-14 12:00:00+00:00,0.89915,0.8996,0.89876,0.89914,3056.0
2025-02-14 13:00:00+00:00,0.89916,0.9004,0.89912,0.89998,4547.0
2025-02-14 14:00:00+00:00,0.90002,0.90118,0.89982,0.90098,4424.0
2025-02-14 15:00:00+00:00,0.90099,0.90147,0.90002,0.90136,4360.0
2025-02-14 16:00:00+00:00,0.90138,0.9018,0.90075,0.90106,2529.0
2025-02-14 17:00:00+00:00,0.90114,0.90121,0.9007,0.90078,2104.0
2025-02-14 18:00:00+00:00,0.90078,0.90082,0.90036,0.90045,1617.0
2025-02-14 19:00:00+00:00,0.9005,0.90066,0.9002,0.90042,2232.0
2025-02-14 20:00:00+00:00,0.90038,0.90096,0.90014,0.90081,2162.0
2025-02-14 21:00:00+00:00,0.90082,0.90134,0.90044,0.90075,1137.0
2025-02-16 22:00:00+00:00,0.89947,0.90064,0.89947,0.90015,303.0
2025-02-16 23:00:00+00:00,0.90006,0.90182,0.9,0.90139,1939.0
2025-02-17 00:00:00+00:00,0.90142,0.90164,0.90077,0.90081,2764.0
2025-02-17 01:00:00+00:00,0.90086,0.90237,0.90054,0.9018,3870.0
2025-02-17 02:00:00+00:00,0.90178,0.9018,0.90114,0.90142,3173.0
2025-02-17 03:00:00+00:00,0.9014,0.90216,0.90119,0.902,2327.0
2025-02-17 04:00:00+00:00,0.902,0.90228,0.9017,0.902,2503.0
2025-02-17 05:00:00+00:00,0.90204,0.9029,0.90199,0.90256,2884.0
2025-02-17 06:00:00+00:00,0.90254,0.90336,0.90248,0.90274,2193.0
2025-02-17 07:00:00+00:00,0.90275,0.90285,0.9022,0.90246,1703.0
2025-02-17 08:00:00+00:00,0.90246,0.90258,0.90206,0.90255,2521.0
2025-02-17 09:00:00+00:00,0.90254,0.90346,0.90251,0.90346,2311.0
2025-02-17 10:00:00+00:00,0.9035,0.90351,0.90284,0.9033,2098.0
2025-02-17 11:00:00+00:00,0.90331,0.90351,0.90254,0.90305,1943.0
2025-02-17 12:00:00+00:00,0.90306,0.9031,0.90247,0.90278,1908.0
2025-02-17 13:00:00+00:00,0.90278,0.90336,0.90267,0.90314,1130.0
2025-02-17 14:00:00+00:00,0.90315,0.9035,0.90304,0.90316,1107.0
2025-02-17 15:00:00+00:00,0.90314,0.90336,0.90274,0.90302,1179.0
2025-02-17 16:00:00+00:00,0.90303,0.90314,0.90279,0.90284,625.0
2025-02-17 17:00:00+00:00,0.90282,0.903,0.90261,0.9027,639.0
2025-02-17 18:00:00+00:00,0.90271,0.9028,0.90198,0.90198,697.0
2025-02-17 19:00:00+00:00,0.90195,0.90199,0.90152,0.90196,964.0
2025-02-17 20:00:00+00:00,0.90195,0.90228,0.90192,0.90209,415.0
2025-02-17 21:00:00+00:00,0.90213,0.90222,0.90148,0.90172,278.0
2025-02-17 22:00:00+00:00,0.90172,0.90216,0.90046,0.90134,938.0
2025-02-17 23:00:00+00:00,0.90132,0.90176,0.90105,0.9015,772.0
2025-02-18 00:00:00+00:00,0.90152,0.90158,0.90092,0.90106,2466.0
2025-02-18 01:00:00+00:00,0.90104,0.90104,0.89996,0.9003,3574.0
2025-02-18 02:00:00+00:00,0.9003,0.90115,0.90026,0.90071,3254.0
2025-02-18 03:00:00+00:00,0.9007,0.9035,0.89946,0.90166,3628.0
2025-02-18 04:00:00+00:00,0.90165,0.90344,0.90053,0.90258,2306.0
2025-02-18 05:00:00+00:00,0.90257,0.90341,0.90217,0.9029,2216.0
2025-02-18 06:00:00+00:00,0.90288,0.90326,0.90207,0.90264,3976.0
2025-02-18 07:00:00+00:00,0.90256,0.90281,0.90166,0.902,3225.0
2025-02-18 08:00:00+00:00,0.90202,0.9025,0.90178,0.902,3491.0
2025-02-18 09:00:00+00:00,0.902,0.90265,0.9019,0.90265,1992.0
2025-02-18 10:00:00+00:00,0.90262,0.90287,0.90193,0.90206,1698.0
2025-02-18 11:00:00+00:00,0.90207,0.9021,0.90152,0.90183,1747.0
2025-02-18 12:00:00+00:00,0.90184,0.90241,0.90095,0.90102,2842.0
2025-02-18 13:00:00+00:00,0.90106,0.90168,0.90028,0.90102,3834.0
2025-02-18 14:00:00+00:00,0.90104,0.90147,0.90094,0.90123,3705.0
2025-02-18 15:00:00+00:00,0.90124,0.90178,0.90108,0.9012,4061.0
2025-02-18 16:00:00+00:00,0.90122,0.90164,0.90108,0.9013,2401.0
2025-02-18 17:00:00+00:00,0.90129,0.90134,0.90044,0.90068,2774.0
2025-02-18 18:00:00+00:00,0.9007,0.90086,0.9002,0.9004,2909.0
2025-02-18 19:00:00+00:00,0.9004,0.90098,0.90038,0.90079,2208.0
2025-02-18 20:00:00+00:00,0.90081,0.90125,0.90072,0.90119,1569.0
2025-02-18 21:00:00+00:00,0.90115,0.90178,0.90091,0.90164,1449.0
2025-02-18 22:00:00+00:00,0.90156,0.90206,0.90136,0.90178,568.0
2025-02-18 23:00:00+00:00,0.9017,0.90176,0.9013,0.90138,785.0
2025-02-19 00:00:00+00:00,0.90136,0.90163,0.90106,0.90112,1646.0
2025-02-19 01:00:00+00:00,0.90109,0.90166,0.90026,0.90083,3830.0
2025-02-19 02:00:00+00:00,0.90082,0.90252,0.90054,0.9023,3449.0
2025-02-19 03:00:00+00:00,0.90232,0.90274,0.90192,0.9022,2568.0
2025-02-19 04:00:00+00:00,0.90218,0.90238,0.90178,0.90236,1720.0
2025-02-19 05:00:00+00:00,0.90236,0.903,0.9022,0.90286,2076.0
2025-02-19 06:00:00+00:00,0.90286,0.90308,0.90254,0.90269,2979.0
2025-02-19 07:00:00+00:00,0.90266,0.90284,0.90214,0.90266,2686.0
2025-02-19 08:00:00+00:00,0.90266,0.90298,0.90238,0.90263,2258.0
2025-02-19 09:00:00+00:00,0.90262,0.90294,0.90227,0.90268,2017.0
2025-02-19 10:00:00+00:00,0.9027,0.90284,0.90223,0.90234,1719.0
2025-02-19 11:00:00+00:00,0.90233,0.90251,0.90146,0.90204,2129.0
2025-02-19 12:00:00+00:00,0.90204,0.90277,0.9019,0.90248,1971.0
2025-02-19 13:00:00+00:00,0.90248,0.9028,0.90148,0.90162,2746.0
2025-02-19 14:00:00+00:00,0.90164,0.90202,0.90076,0.90182,2577.0
2025-02-19 15:00:00+00:00,0.90182,0.90416,0.90165,0.9029,3778.0
2025-02-19 16:00:00+00:00,0.90291,0.9031,0.902,0.9025,2545.0
2025-02-19 17:00:00+00:00,0.9025,0.90301,0.9022,0.90276,2650.0
2025-02-19 18:00:00+00:00,0.90281,0.90346,0.90269,0.90334,1626.0
2025-02-19 19:00:00+00:00,0.90329,0.90374,0.90294,0.9034,3488.0
2025-02-19 20:00:00+00:00,0.90339,0.90364,0.90295,0.90306,2545.0
2025-02-19 21:00:00+00:00,0.90309,0.90354,0.9029,0.90332,1366.0
2025-02-19 22:00:00+00:00,0.9031,0.90376,0.90301,0.90326,322.0
2025-02-19 23:00:00+00:00,0.90328,0.90346,0.90266,0.9029,725.0
2025-02-20 00:00:00+00:00,0.90288,0.90412,0.90192,0.90359,2355.0
2025-02-20 01:00:00+00:00,0.90358,0.90397,0.90117,0.90188,4174.0
2025-02-20 02:00:00+00:00,0.90188,0.90362,0.90172,0.9035,4342.0
2025-02-20 03:00:00+00:00,0.90352,0.90458,0.90274,0.9043,2965.0
2025-02-20 04:00:00+00:00,0.90429,0.90518,0.9042,0.90492,2452.0
2025-02-20 05:00:00+00:00,0.90488,0.90534,0.90485,0.9051,2776.0
2025-02-20 06:00:00+00:00,0.9051,0.9057,0.90494,0.90526,2783.0
2025-02-20 07:00:00+00:00,0.90524,0.90561,0.905,0.90548,2806.0
2025-02-20 08:00:00+00:00,0.90548,0.90668,0.90528,0.90602,3038.0
2025-02-20 09:00:00+00:00,0.90603,0.90638,0.9059,0.906,1953.0
2025-02-20 10:00:00+00:00,0.906,0.90643,0.90582,0.906,1789.0
2025-02-20 11:00:00+00:00,0.90604,0.90642,0.90538,0.90544,2070.0
2025-02-20 12:00:00+00:00,0.90544,0.90631,0.90542,0.906,3143.0
2025-02-20 13:00:00+00:00,0.90599,0.90654,0.90548,0.90564,3775.0
2025-02-20 14:00:00+00:00,0.90562,0.90668,0.90544,0.90626,4661.0
2025-02-20 15:00:00+00:00,0.90626,0.90731,0.90579,0.90731,6869.0
2025-02-20 16:00:00+00:00,0.90731,0.90776,0.90709,0.90739,4215.0
2025-02-20 17:00:00+00:00,0.9074,0.90778,0.90724,0.90732,4091.0
2025-02-20 18:00:00+00:00,0.90731,0.90766,0.90709,0.90766,3027.0
2025-02-20 19:00:00+00:00,0.90766,0.90766,0.90705,0.90749,3249.0
2025-02-20 20:00:00+00:00,0.90748,0.90756,0.907,0.90742,2479.0
2025-02-20 21:00:00+00:00,0.90742,0.90758,0.90712,0.90725,1044.0
2025-02-20 22:00:00+00:00,0.90665,0.9076,0.90648,0.90751,986.0
2025-02-20 23:00:00+00:00,0.90752,0.90815,0.90722,0.90755,1498.0
2025-02-21 00:00:00+00:00,0.90755,0.90772,0.907,0.9073,2461.0
2025-02-21 01:00:00+00:00,0.9073,0.90752,0.90661,0.90678,3280.0
2025-02-21 02:00:00+00:00,0.90676,0.908,0.90675,0.9076,3417.0
2025-02-21 03:00:00+00:00,0.90763,0.9077,0.90706,0.90714,2284.0
2025-02-21 04:00:00+00:00,0.9071,0.90728,0.90654,0.90656,1766.0
2025-02-21 05:00:00+00:00,0.90654,0.90678,0.90574,0.90582,2810.0
2025-02-21 06:00:00+00:00,0.90582,0.90623,0.90553,0.9056,3432.0
2025-02-21 07:00:00+00:00,0.90558,0.90689,0.90552,0.90647,2942.0
2025-02-21 08:00:00+00:00,0.90646,0.90666,0.90588,0.90616,4475.0
2025-02-21 09:00:00+00:00,0.90615,0.90667,0.90592,0.90664,2601.0
2025-02-21 10:00:00+00:00,0.90664,0.90676,0.90633,0.90658,1889.0
2025-02-21 11:00:00+00:00,0.90658,0.907,0.9064,0.90674,2165.0
2025-02-21 12:00:00+00:00,0.90676,0.9069,0.90627,0.90628,2873.0
2025-02-21 13:00:00+00:00,0.9063,0.90642,0.90484,0.90503,3285.0
2025-02-21 14:00:00+00:00,0.90504,0.90623,0.90504,0.90571,4902.0
2025-02-21 15:00:00+00:00,0.9055,0.90603,0.90492,0.90536,6387.0
2025-02-21 16:00:00+00:00,0.90534,0.90576,0.90492,0.90498,2701.0
2025-02-21 17:00:00+00:00,0.90497,0.90599,0.90472,0.90588,3094.0
2025-02-21 18:00:00+00:00,0.90586,0.90606,0.90454,0.90466,4483.0
2025-02-21 19:00:00+00:00,0.90466,0.90468,0.90402,0.9041,3180.0
2025-02-21 20:00:00+00:00,0.90408,0.90474,0.90408,0.90461,2584.0
2025-02-21 21:00:00+00:00,0.90463,0.90502,0.90404,0.90422,1501.0
2025-02-23 22:00:00+00:00,0.90556,0.90644,0.90479,0.90554,427.0
2025-02-23 23:00:00+00:00,0.90558,0.90572,0.90495,0.90503,1711.0
2025-02-24 00:00:00+00:00,0.90507,0.90546,0.9046,0.90474,2918.0
2025-02-24 01:00:00+00:00,0.90471,0.90473,0.90375,0.90428,4259.0
2025-02-24 02:00:00+00:00,0.90426,0.90649,0.90404,0.90609,4089.0
2025-02-24 03:00:00+00:00,0.90608,0.90658,0.90534,0.90553,3240.0
2025-02-24 04:00:00+00:00,0.90552,0.90566,0.90522,0.9056,2022.0
2025-02-24 05:00:00+00:00,0.90557,0.90562,0.90508,0.90508,3013.0
2025-02-24 06:00:00+00:00,0.90508,0.90542,0.90476,0.90538,3381.0
2025-02-24 07:00:00+00:00,0.90542,0.90546,0.90375,0.90426,3842.0
2025-02-24 08:00:00+00:00,0.9043,0.9048,0.90366,0.90454,4094.0
2025-02-24 09:00:00+00:00,0.90456,0.90518,0.9045,0.90464,3273.0
2025-02-24 10:00:00+00:00,0.90464,0.9049,0.90414,0.90478,2999.0
2025-02-24 11:00:00+00:00,0.90481,0.90518,0.90464,0.90494,2518.0
2025-02-24 12:00:00+00:00,0.9049,0.9051,0.90448,0.90508,2428.0
2025-02-24 13:00:00+00:00,0.9051,0.90586,0.905,0.90534,3190.0
2025-02-24 14:00:00+00:00,0.90536,0.90542,0.90331,0.9041,5567.0
2025-02-24 15:00:00+00:00,0.9041,0.90468,0.90308,0.9045,6314.0
2025-02-24 16:00:00+00:00,0.90448,0.90498,0.90412,0.90452,4612.0
2025-02-24 17:00:00+00:00,0.90453,0.90482,0.90424,0.9044,4088.0
2025-02-24 18:00:00+00:00,0.90442,0.9045,0.90413,0.90438,2875.0
2025-02-24 19:00:00+00:00,0.90438,0.9045,0.90402,0.90444,2599.0
2025-02-24 20:00:00+00:00,0.90448,0.90566,0.90434,0.9052,3136.0
2025-02-24 21:00:00+00:00,0.90526,0.90545,0.90492,0.90543,1035.0
2025-02-24 22:00:00+00:00,0.90562,0.9057,0.90498,0.90512,253.0
2025-02-24 23:00:00+00:00,0.90508,0.90534,0.90466,0.905,1444.0
2025-02-25 00:00:00+00:00,0.90501,0.9056,0.90457,0.90494,2959.0
2025-02-25 01:00:00+00:00,0.90495,0.90504,0.90449,0.90487,3563.0
2025-02-25 02:00:00+00:00,0.90488,0.90529,0.90446,0.90514,3678.0
2025-02-25 03:00:00+00:00,0.90516,0.90558,0.90502,0.90511,3275.0
2025-02-25 04:00:00+00:00,0.90512,0.90537,0.90474,0.90496,2195.0
2025-02-25 05:00:00+00:00,0.90498,0.90554,0.90494,0.90522,3027.0
2025-02-25 06:00:00+00:00,0.90522,0.90562,0.90505,0.90512,3408.0
2025-02-25 07:00:00+00:00,0.90511,0.90534,0.90429,0.90429,3414.0
2025-02-25 08:00:00+00:00,0.90428,0.90464,0.90366,0.90388,3621.0
2025-02-25 09:00:00+00:00,0.90384,0.90396,0.90326,0.90343,2541.0
2025-02-25 10:00:00+00:00,0.90345,0.90347,0.90256,0.90258,2868.0
2025-02-25 11:00:00+00:00,0.9026,0.904,0.90258,0.90397,2554.0
2025-02-25 12:00:00+00:00,0.90395,0.90496,0.90394,0.90494,3491.0
2025-02-25 13:00:00+00:00,0.90494,0.90562,0.90468,0.90502,3309.0
2025-02-25 14:00:00+00:00,0.90502,0.90518,0.90376,0.90404,4358.0
2025-02-25 15:00:00+00:00,0.90406,0.90534,0.90338,0.90528,7419.0
2025-02-25 16:00:00+00:00,0.90528,0.90614,0.905,0.90554,3767.0
2025-02-25 17:00:00+00:00,0.90553,0.9058,0.90488,0.9054,3590.0
2025-02-25 18:00:00+00:00,0.90538,0.90633,0.90532,0.90623,4330.0
2025-02-25 19:00:00+00:00,0.90624,0.90708,0.90619,0.90706,3336.0
2025-02-25 20:00:00+00:00,0.90702,0.9078,0.90698,0.9078,4138.0
2025-02-25 21:00:00+00:00,0.9078,0.90836,0.90761,0.90826,1275.0
2025-02-25 22:00:00+00:00,0.90802,0.90884,0.908,0.9087,133.0
2025-02-25 23:00:00+00:00,0.90865,0.90868,0.90806,0.90834,921.0
2025-02-26 00:00:00+00:00,0.90836,0.90853,0.90714,0.90725,2560.0
2025-02-26 01:00:00+00:00,0.90725,0.90732,0.90578,0.90658,3700.0
2025-02-26 02:00:00+00:00,0.9066,0.90692,0.90546,0.90644,4727.0
2025-02-26 03:00:00+00:00,0.90644,0.90686,0.90614,0.90628,3037.0
2025-02-26 04:00:00+00:00,0.90627,0.90676,0.90602,0.90658,2521.0
2025-02-26 05:00:00+00:00,0.90656,0.90678,0.9058,0.90618,3023.0
2025-02-26 06:00:00+00:00,0.9062,0.9073,0.90602,0.907,2707.0
2025-02-26 07:00:00+00:00,0.90701,0.90764,0.90632,0.90659,3724.0
2025-02-26 08:00:00+00:00,0.90656,0.90714,0.90632,0.90674,3219.0
2025-02-26 09:00:00+00:00,0.90678,0.90681,0.9061,0.90628,1870.0
2025-02-26 10:00:00+00:00,0.90632,0.9069,0.90614,0.90618,1615.0
2025-02-26 11:00:00+00:00,0.90616,0.90617,0.90518,0.90555,2204.0
2025-02-26 12:00:00+00:00,0.90554,0.9059,0.90484,0.90494,3168.0
2025-02-26 13:00:00+00:00,0.90494,0.90584,0.90487,0.90488,4228.0
2025-02-26 14:00:00+00:00,0.90494,0.90502,0.90382,0.90412,4255.0
2025-02-26 15:00:00+00:00,0.90416,0.90634,0.90404,0.90629,5205.0
2025-02-26 16:00:00+00:00,0.90633,0.90728,0.90615,0.90702,3849.0
2025-02-26 17:00:00+00:00,0.90707,0.90768,0.90396,0.90428,6598.0
2025-02-26 18:00:00+00:00,0.90428,0.90492,0.9039,0.90412,4385.0
2025-02-26 19:00:00+00:00,0.90411,0.90424,0.9036,0.90422,4139.0
2025-02-26 20:00:00+00:00,0.90423,0.90423,0.90331,0.9037,3138.0
2025-02-26 21:00:00+00:00,0.9037,0.90461,0.90339,0.90402,1744.0
2025-02-26 22:00:00+00:00,0.90368,0.90532,0.90368,0.90462,338.0
2025-02-26 23:00:00+00:00,0.90459,0.9052,0.90428,0.90456,1209.0
2025-02-27 00:00:00+00:00,0.90451,0.90468,0.90392,0.90412,2651.0
2025-02-27 01:00:00+00:00,0.90413,0.90501,0.90376,0.90479,3714.0
2025-02-27 02:00:00+00:00,0.9048,0.9051,0.90426,0.9044,3988.0
2025-02-27 03:00:00+00:00,0.90442,0.90472,0.90331,0.9035,3001.0
2025-02-27 04:00:00+00:00,0.90348,0.90367,0.9026,0.9028,2491.0
2025-02-27 05:00:00+00:00,0.90281,0.90319,0.90257,0.90304,2364.0
2025-02-27 06:00:00+00:00,0.90306,0.90378,0.90295,0.90354,3045.0
2025-02-27 07:00:00+00:00,0.90354,0.90357,0.90279,0.9029,2658.0
2025-02-27 08:00:00+00:00,0.9029,0.90335,0.90224,0.90256,3151.0
2025-02-27 09:00:00+00:00,0.90256,0.90292,0.90217,0.90286,2898.0
2025-02-27 10:00:00+00:00,0.90285,0.90316,0.90258,0.90311,2586.0
2025-02-27 11:00:00+00:00,0.90312,0.90344,0.90291,0.90324,2287.0
2025-02-27 12:00:00+00:00,0.90324,0.90432,0.90301,0.90386,3267.0
2025-02-27 13:00:00+00:00,0.90383,0.90456,0.90312,0.90396,7996.0
2025-02-27 14:00:00+00:00,0.90396,0.90414,0.90178,0.90216,8297.0
2025-02-27 15:00:00+00:00,0.90216,0.90271,0.90136,0.90239,6491.0
2025-02-27 16:00:00+00:00,0.9024,0.90264,0.90156,0.90176,4875.0
2025-02-27 17:00:00+00:00,0.9018,0.90233,0.90108,0.90125,3954.0
2025-02-27 18:00:00+00:00,0.90126,0.90195,0.90121,0.90181,3489.0
2025-02-27 19:00:00+00:00,0.90182,0.90193,0.901,0.90144,3859.0
2025-02-27 20:00:00+00:00,0.90145,0.90151,0.90037,0.90067,3781.0
2025-02-27 21:00:00+00:00,0.90068,0.90074,0.89992,0.90016,1291.0
2025-02-27 22:00:00+00:00,0.9,0.9006,0.89968,0.89978,318.0
2025-02-27 23:00:00+00:00,0.89993,0.90051,0.89974,0.90023,1110.0
2025-02-28 00:00:00+00:00,0.90022,0.9005,0.89946,0.8997,2545.0
2025-02-28 01:00:00+00:00,0.8997,0.9002,0.8985,0.8986,3804.0
2025-02-28 02:00:00+00:00,0.8986,0.89896,0.89782,0.89797,3534.0
2025-02-28 03:00:00+00:00,0.89798,0.89798,0.89722,0.89736,2700.0
2025-02-28 04:00:00+00:00,0.89736,0.89776,0.8973,0.89759,2779.0
2025-02-28 05:00:00+00:00,0.89758,0.89776,0.89701,0.8973,2714.0
2025-02-28 06:00:00+00:00,0.8973,0.89766,0.897,0.89718,3635.0
2025-02-28 07:00:00+00:00,0.8972,0.89787,0.89698,0.89724,2966.0
2025-02-28 08:00:00+00:00,0.89723,0.89789,0.89718,0.89756,3115.0
2025-02-28 09:00:00+00:00,0.89759,0.89774,0.89704,0.89722,2256.0
2025-02-28 10:00:00+00:00,0.89719,0.8974,0.89676,0.89719,1940.0
2025-02-28 11:00:00+00:00,0.8972,0.89741,0.89692,0.89731,2649.0
2025-02-28 12:00:00+00:00,0.89729,0.89791,0.8972,0.89746,2965.0
2025-02-28 13:00:00+00:00,0.89748,0.89755,0.89519,0.89562,4334.0
2025-02-28 14:00:00+00:00,0.89563,0.897,0.89563,0.89694,3513.0
2025-02-28 15:00:00+00:00,0.89695,0.8972,0.89552,0.89563,5175.0
2025-02-28 16:00:00+00:00,0.89565,0.89637,0.89553,0.89633,4485.0
2025-02-28 17:00:00+00:00,0.8963,0.89674,0.89594,0.89606,4733.0
2025-02-28 18:00:00+00:00,0.89607,0.8963,0.89532,0.89575,4965.0
2025-02-28 19:00:00+00:00,0.89574,0.89642,0.89542,0.89614,4529.0
2025-02-28 20:00:00+00:00,0.89616,0.89779,0.89608,0.8976,4679.0
2025-02-28 21:00:00+00:00,0.8976,0.89832,0.89731,0.89806,1993.0
2025-03-02 22:00:00+00:00,0.89806,0.89863,0.89685,0.89692,486.0
2025-03-02 23:00:00+00:00,0.89691,0.89859,0.89678,0.8984,2865.0
2025-03-03 00:00:00+00:00,0.89838,0.8987,0.89778,0.89802,3625.0
2025-03-03 01:00:00+00:00,0.89806,0.8993,0.89799,0.89882,4394.0
2025-03-03 02:00:00+00:00,0.89882,0.89918,0.89802,0.89816,3669.0
2025-03-03 03:00:00+00:00,0.89814,0.89844,0.89748,0.89807,4208.0
2025-03-03 04:00:00+00:00,0.89806,0.8985,0.89804,0.89816,2090.0
2025-03-03 05:00:00+00:00,0.89814,0.89842,0.89788,0.898,3181.0
2025-03-03 06:00:00+00:00,0.898,0.89807,0.89717,0.89804,4075.0
2025-03-03 07:00:00+00:00,0.89807,0.89826,0.89738,0.8978,2330.0
2025-03-03 08:00:00+00:00,0.89777,0.89804,0.89708,0.8975,3921.0
2025-03-03 09:00:00+00:00,0.89755,0.89838,0.8975,0.89791,2936.0
2025-03-03 10:00:00+00:00,0.8979,0.8984,0.8977,0.89781,2674.0
2025-03-03 11:00:00+00:00,0.8978,0.8983,0.89766,0.89819,2543.0
2025-03-03 12:00:00+00:00,0.89822,0.89891,0.89816,0.89844,5095.0
2025-03-03 13:00:00+00:00,0.89844,0.89868,0.89744,0.89826,5511.0
2025-03-03 14:00:00+00:00,0.89826,0.9,0.89802,0.89956,4354.0
2025-03-03 15:00:00+00:00,0.8995,0.89999,0.89851,0.89876,8711.0
2025-03-03 16:00:00+00:00,0.89877,0.89986,0.8986,0.89964,5959.0
2025-03-03 17:00:00+00:00,0.89962,0.90084,0.89938,0.90048,3916.0
2025-03-03 18:00:00+00:00,0.90048,0.90144,0.8999,0.90067,4937.0
2025-03-03 19:00:00+00:00,0.90068,0.90231,0.89975,0.90224,5231.0
2025-03-03 20:00:00+00:00,0.90218,0.9033,0.90176,0.90248,8004.0
2025-03-03 21:00:00+00:00,0.90246,0.90294,0.90124,0.90131,2508.0
2025-03-03 22:00:00+00:00,0.9008,0.90199,0.90051,0.90132,376.0
2025-03-03 23:00:00+00:00,0.90125,0.9015,0.90054,0.90088,1324.0
2025-03-04 00:00:00+00:00,0.90092,0.90117,0.89996,0.90058,3669.0
2025-03-04 01:00:00+00:00,0.90059,0.90088,0.89962,0.90004,4794.0
2025-03-04 02:00:00+00:00,0.90002,0.90022,0.89895,0.89905,4201.0
2025-03-04 03:00:00+00:00,0.89904,0.90006,0.89872,0.89915,4058.0
2025-03-04 04:00:00+00:00,0.89916,0.89922,0.8982,0.89894,3116.0
2025-03-04 05:00:00+00:00,0.89895,0.8992,0.89773,0.8987,4783.0
2025-03-04 06:00:00+00:00,0.89871,0.89948,0.89853,0.89931,3014.0
2025-03-04 07:00:00+00:00,0.8993,0.8995,0.89864,0.89899,4091.0
2025-03-04 08:00:00+00:00,0.89898,0.8993,0.89664,0.8974,6055.0
2025-03-04 09:00:00+00:00,0.89739,0.8981,0.89698,0.89752,4496.0
2025-03-04 10:00:00+00:00,0.89748,0.89826,0.89712,0.898,3592.0
2025-03-04 11:00:00+00:00,0.89798,0.89877,0.89758,0.89858,3105.0
2025-03-04 12:00:00+00:00,0.89858,0.90012,0.89858,0.89992,5597.0
2025-03-04 13:00:00+00:00,0.89993,0.9002,0.89911,0.89944,6406.0
2025-03-04 14:00:00+00:00,0.89948,0.89989,0.89861,0.89888,6854.0
2025-03-04 15:00:00+00:00,0.89884,0.9001,0.89809,0.89984,6968.0
2025-03-04 16:00:00+00:00,0.89984,0.90147,0.89936,0.90147,5897.0
2025-03-04 17:00:00+00:00,0.90146,0.90344,0.90138,0.90296,3692.0
2025-03-04 18:00:00+00:00,0.90297,0.9046,0.90284,0.9042,4433.0
2025-03-04 19:00:00+00:00,0.9042,0.90548,0.90404,0.90494,3801.0
2025-03-04 20:00:00+00:00,0.90494,0.90554,0.9046,0.90462,4945.0
2025-03-04 21:00:00+00:00,0.90464,0.90496,0.90072,0.90278,6612.0
2025-03-04 22:00:00+00:00,0.90262,0.90262,0.90184,0.90242,283.0
2025-03-04 23:00:00+00:00,0.90242,0.9042,0.90212,0.90248,2079.0
2025-03-05 00:00:00+00:00,0.90242,0.90278,0.9017,0.90173,3730.0
2025-03-05 01:00:00+00:00,0.90178,0.90302,0.90134,0.90181,4709.0
2025-03-05 02:00:00+00:00,0.9018,0.90222,0.9008,0.9008,3813.0
2025-03-05 03:00:00+00:00,0.90078,0.90182,0.90054,0.90159,3893.0
2025-03-05 04:00:00+00:00,0.9016,0.90238,0.90134,0.90166,2882.0
2025-03-05 05:00:00+00:00,0.9017,0.90224,0.90146,0.90199,3340.0
2025-03-05 06:00:00+00:00,0.902,0.90319,0.90182,0.90302,3155.0
2025-03-05 07:00:00+00:00,0.90309,0.90376,0.90298,0.90336,3741.0
2025-03-05 08:00:00+00:00,0.90332,0.90418,0.9028,0.90418,3501.0
2025-03-05 09:00:00+00:00,0.90416,0.90501,0.90376,0.90379,2970.0
2025-03-05 10:00:00+00:00,0.90378,0.9041,0.90339,0.90404,2741.0
2025-03-05 11:00:00+00:00,0.90404,0.90423,0.90286,0.90382,2737.0
2025-03-05 12:00:00+00:00,0.90383,0.90576,0.90382,0.90521,4153.0
2025-03-05 13:00:00+00:00,0.90524,0.90538,0.90376,0.90521,8564.0
2025-03-05 14:00:00+00:00,0.90518,0.90756,0.90448,0.90714,6746.0
2025-03-05 15:00:00+00:00,0.90712,0.90816,0.9058,0.9077,8538.0
2025-03-05 16:00:00+00:00,0.90771,0.90924,0.90608,0.90719,6601.0
2025-03-05 17:00:00+00:00,0.90719,0.90832,0.90688,0.90784,5015.0
2025-03-05 18:00:00+00:00,0.90783,0.90796,0.90682,0.9078,5862.0
2025-03-05 19:00:00+00:00,0.90776,0.90883,0.90758,0.90872,2061.0
2025-03-05 20:00:00+00:00,0.90873,0.90934,0.9085,0.90925,1759.0
2025-03-05 21:00:00+00:00,0.90923,0.9101,0.90811,0.90854,2008.0
2025-03-05 22:00:00+00:00,0.90838,0.90878,0.90674,0.90754,204.0
2025-03-05 23:00:00+00:00,0.90761,0.9087,0.90752,0.90862,2148.0
2025-03-06 00:00:00+00:00,0.9086,0.90887,0.90832,0.90846,4221.0
2025-03-06 01:00:00+00:00,0.9085,0.90928,0.90814,0.90906,4165.0
2025-03-06 02:00:00+00:00,0.90905,0.90962,0.90812,0.90832,3628.0
2025-03-06 03:00:00+00:00,0.90834,0.90862,0.90767,0.9082,2262.0
2025-03-06 04:00:00+00:00,0.9082,0.90921,0.90816,0.90915,2630.0
2025-03-06 05:00:00+00:00,0.90914,0.90921,0.90819,0.90857,3062.0
2025-03-06 06:00:00+00:00,0.90853,0.90924,0.90846,0.90901,3223.0
2025-03-06 07:00:00+00:00,0.909,0.9095,0.90818,0.90823,4792.0
2025-03-06 08:00:00+00:00,0.90824,0.91014,0.90818,0.90904,5122.0
2025-03-06 09:00:00+00:00,0.90901,0.90901,0.90766,0.90843,4255.0
2025-03-06 10:00:00+00:00,0.90846,0.90872,0.90806,0.9084,3516.0
2025-03-06 11:00:00+00:00,0.90838,0.9099,0.90796,0.90984,4604.0
2025-03-06 12:00:00+00:00,0.90988,0.91074,0.90964,0.91019,5703.0
2025-03-06 13:00:00+00:00,0.9102,0.91087,0.90932,0.90947,7219.0
2025-03-06 14:00:00+00:00,0.90948,0.90998,0.90853,0.90916,8551.0
2025-03-06 15:00:00+00:00,0.90912,0.90957,0.90522,0.90614,7949.0
2025-03-06 16:00:00+00:00,0.90614,0.90715,0.90556,0.90631,8690.0
2025-03-06 17:00:00+00:00,0.9063,0.9074,0.90606,0.90666,4804.0
2025-03-06 18:00:00+00:00,0.90666,0.90752,0.90616,0.9063,4724.0
2025-03-06 19:00:00+00:00,0.90632,0.90673,0.90588,0.90607,4929.0
2025-03-06 20:00:00+00:00,0.90608,0.90626,0.9056,0.9057,3937.0
2025-03-06 21:00:00+00:00,0.90574,0.90622,0.90493,0.90534,2158.0
2025-03-06 22:00:00+00:00,0.9053,0.90591,0.9049,0.9051,278.0
2025-03-06 23:00:00+00:00,0.90509,0.90556,0.90486,0.90497,1229.0
2025-03-07 00:00:00+00:00,0.90498,0.90549,0.90425,0.90442,3277.0
2025-03-07 01:00:00+00:00,0.90448,0.90472,0.90302,0.90378,3226.0
2025-03-07 02:00:00+00:00,0.90376,0.90381,0.90294,0.90295,4829.0
2025-03-07 03:00:00+00:00,0.90297,0.90304,0.90153,0.9019,2684.0
2025-03-07 04:00:00+00:00,0.90188,0.9022,0.90179,0.90197,2917.0
2025-03-07 05:00:00+00:00,0.90196,0.90226,0.9015,0.90188,4205.0
2025-03-07 06:00:00+00:00,0.90188,0.90226,0.9015,0.90166,4652.0
2025-03-07 07:00:00+00:00,0.90163,0.90282,0.90162,0.90242,4364.0
2025-03-07 08:00:00+00:00,0.90244,0.90316,0.90218,0.90302,4453.0
2025-03-07 09:00:00+00:00,0.90302,0.90334,0.90268,0.90281,2966.0
2025-03-07 10:00:00+00:00,0.90282,0.90306,0.90206,0.90302,2480.0
2025-03-07 11:00:00+00:00,0.90298,0.90318,0.90113,0.90136,2346.0
2025-03-07 12:00:00+00:00,0.90144,0.9025,0.90103,0.902,5260.0
2025-03-07 13:00:00+00:00,0.902,0.90506,0.90152,0.9033,8024.0
2025-03-07 14:00:00+00:00,0.90329,0.90498,0.90308,0.9048,6648.0
2025-03-07 15:00:00+00:00,0.90478,0.90681,0.9045,0.90661,6462.0
2025-03-07 16:00:00+00:00,0.90664,0.90735,0.90596,0.9062,6192.0
2025-03-07 17:00:00+00:00,0.9062,0.90747,0.90562,0.90562,7171.0
2025-03-07 18:00:00+00:00,0.90561,0.90644,0.9056,0.9061,5630.0
2025-03-07 19:00:00+00:00,0.9061,0.90652,0.90567,0.90627,4527.0
2025-03-07 20:00:00+00:00,0.90626,0.90702,0.90602,0.90672,2856.0
2025-03-07 21:00:00+00:00,0.90668,0.90732,0.90598,0.9064,2003.0
2025-03-09 21:00:00+00:00,0.90697,0.90765,0.90617,0.90668,846.0
2025-03-09 22:00:00+00:00,0.90696,0.90696,0.90563,0.90582,1938.0
2025-03-09 23:00:00+00:00,0.9058,0.9064,0.90518,0.90595,3240.0
2025-03-10 00:00:00+00:00,0.90596,0.90682,0.90579,0.90646,4952.0
2025-03-10 01:00:00+00:00,0.90646,0.90746,0.9064,0.90722,4391.0
2025-03-10 02:00:00+00:00,0.90721,0.90746,0.90608,0.90618,4760.0
2025-03-10 03:00:00+00:00,0.9062,0.90644,0.90539,0.90588,4721.0
2025-03-10 04:00:00+00:00,0.90589,0.90626,0.90578,0.90602,3317.0
2025-03-10 05:00:00+00:00,0.90602,0.90746,0.90587,0.90742,4709.0
2025-03-10 06:00:00+00:00,0.90744,0.90801,0.90727,0.90762,3829.0
2025-03-10 07:00:00+00:00,0.90761,0.90814,0.90739,0.90784,5163.0
2025-03-10 08:00:00+00:00,0.9078,0.90832,0.90743,0.90777,4692.0
2025-03-10 09:00:00+00:00,0.90773,0.90864,0.90748,0.90832,4882.0
2025-03-10 10:00:00+00:00,0.90832,0.90968,0.90826,0.9096,4203.0
2025-03-10 11:00:00+00:00,0.90959,0.91038,0.90876,0.91036,6028.0
2025-03-10 12:00:00+00:00,0.91036,0.9125,0.91022,0.91199,5578.0
2025-03-10 13:00:00+00:00,0.91202,0.91246,0.91074,0.91096,6049.0
2025-03-10 14:00:00+00:00,0.91099,0.91103,0.90923,0.90948,6898.0
2025-03-10 15:00:00+00:00,0.90947,0.91024,0.90928,0.91007,5598.0
2025-03-10 16:00:00+00:00,0.91006,0.91026,0.90906,0.90926,4306.0
2025-03-10 17:00:00+00:00,0.90925,0.90936,0.90814,0.90816,3509.0
2025-03-10 18:00:00+00:00,0.90817,0.90822,0.90664,0.90678,3872.0
2025-03-10 19:00:00+00:00,0.90677,0.90786,0.90648,0.90714,3758.0
2025-03-10 20:00:00+00:00,0.90718,0.90744,0.90626,0.90678,1794.0
2025-03-10 21:00:00+00:00,0.90621,0.90702,0.90564,0.9065,182.0
2025-03-10 22:00:00+00:00,0.90644,0.9067,0.9057,0.90579,1139.0
2025-03-10 23:00:00+00:00,0.90576,0.90622,0.90514,0.906,2545.0
2025-03-11 00:00:00+00:00,0.906,0.90676,0.90554,0.90578,4243.0
2025-03-11 01:00:00+00:00,0.90576,0.90588,0.90408,0.90496,5279.0
2025-03-11 02:00:00+00:00,0.90498,0.90658,0.90479,0.90532,4897.0
2025-03-11 03:00:00+00:00,0.90534,0.9059,0.90508,0.90528,3473.0
2025-03-11 04:00:00+00:00,0.90525,0.906,0.90522,0.90564,1527.0
2025-03-11 05:00:00+00:00,0.90565,0.90569,0.90446,0.90498,3280.0
2025-03-11 06:00:00+00:00,0.905,0.90585,0.9046,0.90492,4264.0
2025-03-11 07:00:00+00:00,0.9049,0.90698,0.90474,0.90588,6064.0
2025-03-11 08:00:00+00:00,0.90588,0.90715,0.90588,0.90688,4837.0
2025-03-11 09:00:00+00:00,0.90688,0.90781,0.90646,0.90648,3687.0
2025-03-11 10:00:00+00:00,0.90647,0.90656,0.9051,0.90526,3837.0
2025-03-11 11:00:00+00:00,0.90527,0.90592,0.9046,0.90572,3313.0
2025-03-11 12:00:00+00:00,0.90571,0.907,0.90562,0.9067,3646.0
2025-03-11 13:00:00+00:00,0.90671,0.90746,0.90619,0.90732,4239.0
2025-03-11 14:00:00+00:00,0.9073,0.91051,0.90694,0.91001,11659.0
2025-03-11 15:00:00+00:00,0.91002,0.91069,0.90836,0.9089,6504.0
2025-03-11 16:00:00+00:00,0.9089,0.91057,0.90888,0.91004,3467.0
2025-03-11 17:00:00+00:00,0.91002,0.9107,0.90985,0.91052,3369.0
2025-03-11 18:00:00+00:00,0.91048,0.91128,0.90809,0.9083,6438.0
2025-03-11 19:00:00+00:00,0.90836,0.90886,0.90708,0.90769,6553.0
2025-03-11 20:00:00+00:00,0.9077,0.90912,0.90732,0.90907,1817.0
2025-03-11 21:00:00+00:00,0.90911,0.90913,0.90787,0.90844,233.0
2025-03-11 22:00:00+00:00,0.90864,0.90884,0.90817,0.90877,839.0
2025-03-11 23:00:00+00:00,0.90878,0.90885,0.90837,0.9087,2040.0
2025-03-12 00:00:00+00:00,0.90873,0.9088,0.90773,0.90809,2010.0
2025-03-12 01:00:00+00:00,0.90808,0.9086,0.9079,0.90829,2902.0
2025-03-12 02:00:00+00:00,0.90827,0.90882,0.9081,0.90822,2449.0
2025-03-12 03:00:00+00:00,0.90822,0.9086,0.90782,0.90792,2053.0
2025-03-12 04:00:00+00:00,0.90794,0.90888,0.90778,0.90872,1803.0
2025-03-12 05:00:00+00:00,0.90873,0.90883,0.9082,0.9088,2774.0
2025-03-12 06:00:00+00:00,0.9088,0.90912,0.90793,0.90817,2710.0
2025-03-12 07:00:00+00:00,0.90818,0.9102,0.90796,0.90866,4134.0
2025-03-12 08:00:00+00:00,0.90867,0.9094,0.90862,0.90912,4547.0
2025-03-12 09:00:00+00:00,0.90912,0.90961,0.90769,0.90794,4416.0
2025-03-12 10:00:00+00:00,0.90792,0.90792,0.90688,0.9069,2618.0
2025-03-12 11:00:00+00:00,0.9069,0.90734,0.90582,0.906,2756.0
2025-03-12 12:00:00+00:00,0.906,0.90882,0.90446,0.90482,7664.0
2025-03-12 13:00:00+00:00,0.90481,0.90792,0.90475,0.90658,7231.0
2025-03-12 14:00:00+00:00,0.90656,0.90759,0.90572,0.90668,5315.0
2025-03-12 15:00:00+00:00,0.90669,0.9079,0.9065,0.90782,4376.0
2025-03-12 16:00:00+00:00,0.9078,0.90802,0.90713,0.9077,3553.0
2025-03-12 17:00:00+00:00,0.9077,0.90815,0.90721,0.90752,3959.0
2025-03-12 18:00:00+00:00,0.90752,0.90766,0.90646,0.90706,3393.0
2025-03-12 19:00:00+00:00,0.90704,0.90836,0.90695,0.90808,3354.0
2025-03-12 20:00:00+00:00,0.90809,0.90847,0.90776,0.90818,1360.0
2025-03-12 21:00:00+00:00,0.90789,0.90826,0.9074,0.90807,56.0
2025-03-12 22:00:00+00:00,0.90804,0.90846,0.90774,0.90834,450.0
2025-03-12 23:00:00+00:00,0.90834,0.90874,0.90806,0.90862,1857.0
2025-03-13 00:00:00+00:00,0.90863,0.9097,0.90841,0.90865,2888.0
2025-03-13 01:00:00+00:00,0.90864,0.90929,0.90842,0.90847,3972.0
2025-03-13 02:00:00+00:00,0.90848,0.90896,0.90844,0.90889,3775.0
2025-03-13 03:00:00+00:00,0.90888,0.90901,0.9083,0.9084,3165.0
2025-03-13 04:00:00+00:00,0.90836,0.90868,0.90776,0.9078,2590.0
2025-03-13 05:00:00+00:00,0.90782,0.90786,0.9069,0.90761,3567.0
2025-03-13 06:00:00+00:00,0.90762,0.90762,0.90621,0.90658,3840.0
2025-03-13 07:00:00+00:00,0.90657,0.90688,0.90558,0.90622,4409.0
2025-03-13 08:00:00+00:00,0.90624,0.9064,0.90497,0.90506,5402.0
2025-03-13 09:00:00+00:00,0.90506,0.90532,0.90342,0.9038,4578.0
2025-03-13 10:00:00+00:00,0.90381,0.90444,0.90342,0.90393,3167.0
2025-03-13 11:00:00+00:00,0.9039,0.90442,0.90352,0.90382,3571.0
2025-03-13 12:00:00+00:00,0.90376,0.90554,0.90288,0.90354,5484.0
2025-03-13 13:00:00+00:00,0.90356,0.9039,0.9024,0.90376,5084.0
2025-03-13 14:00:00+00:00,0.90374,0.90589,0.90356,0.90556,5035.0
2025-03-13 15:00:00+00:00,0.90556,0.90632,0.90501,0.90522,5514.0
2025-03-13 16:00:00+00:00,0.90522,0.90708,0.90508,0.907,4517.0
2025-03-13 17:00:00+00:00,0.907,0.90718,0.90651,0.90686,4373.0
2025-03-13 18:00:00+00:00,0.90685,0.90698,0.9064,0.90659,3738.0
2025-03-13 19:00:00+00:00,0.90658,0.90704,0.90632,0.90693,3861.0
2025-03-13 20:00:00+00:00,0.90694,0.90741,0.90616,0.9073,1412.0
2025-03-13 21:00:00+00:00,0.90727,0.90805,0.90678,0.90758,296.0
2025-03-13 22:00:00+00:00,0.90744,0.90763,0.90668,0.90676,759.0
2025-03-13 23:00:00+00:00,0.90682,0.90732,0.90664,0.90688,2219.0
2025-03-14 00:00:00+00:00,0.90688,0.90738,0.90624,0.90701,4021.0
2025-03-14 01:00:00+00:00,0.907,0.90815,0.90696,0.90768,3710.0
2025-03-14 02:00:00+00:00,0.90767,0.90777,0.90694,0.90726,3420.0
2025-03-14 03:00:00+00:00,0.90726,0.90801,0.90724,0.90772,4150.0
2025-03-14 04:00:00+00:00,0.90769,0.90828,0.90738,0.9081,2980.0
2025-03-14 05:00:00+00:00,0.90812,0.90847,0.90786,0.90832,3580.0
2025-03-14 06:00:00+00:00,0.90832,0.90873,0.90814,0.90826,3151.0
2025-03-14 07:00:00+00:00,0.90824,0.9094,0.90808,0.90914,3470.0
2025-03-14 08:00:00+00:00,0.90911,0.90961,0.90895,0.90954,3881.0
2025-03-14 09:00:00+00:00,0.90954,0.90956,0.90868,0.9087,3067.0
2025-03-14 10:00:00+00:00,0.90868,0.90969,0.90864,0.9089,4550.0
2025-03-14 11:00:00+00:00,0.90891,0.91034,0.9088,0.90922,4970.0
2025-03-14 12:00:00+00:00,0.9092,0.91168,0.90914,0.91074,3929.0
2025-03-14 13:00:00+00:00,0.91072,0.91076,0.90911,0.90936,3865.0
2025-03-14 14:00:00+00:00,0.90935,0.91013,0.90829,0.9097,5273.0
2025-03-14 15:00:00+00:00,0.90966,0.91026,0.90826,0.9083,4533.0
2025-03-14 16:00:00+00:00,0.9083,0.90926,0.90811,0.90902,2841.0
2025-03-14 17:00:00+00:00,0.909,0.9094,0.90882,0.9089,2616.0
2025-03-14 18:00:00+00:00,0.9089,0.90922,0.90856,0.90894,2941.0
2025-03-14 19:00:00+00:00,0.90892,0.90914,0.90846,0.90867,1896.0
2025-03-14 20:00:00+00:00,0.90865,0.90908,0.90822,0.90902,1692.0
2025-03-16 21:00:00+00:00,0.9086,0.90952,0.90824,0.90888,396.0
2025-03-16 22:00:00+00:00,0.90877,0.90978,0.90866,0.9087,1379.0
2025-03-16 23:00:00+00:00,0.90873,0.90925,0.90864,0.90914,1923.0
2025-03-17 00:00:00+00:00,0.90915,0.90967,0.90864,0.90952,2744.0
2025-03-17 01:00:00+00:00,0.90952,0.91071,0.90932,0.91031,3655.0
2025-03-17 02:00:00+00:00,0.91032,0.91057,0.90997,0.91005,2979.0
2025-03-17 03:00:00+00:00,0.91003,0.91005,0.90937,0.90968,2243.0
2025-03-17 04:00:00+00:00,0.90968,0.9098,0.909,0.9092,2422.0
2025-03-17 05:00:00+00:00,0.90919,0.9099,0.90884,0.90976,2655.0
2025-03-17 06:00:00+00:00,0.90976,0.91003,0.90926,0.90946,2597.0
2025-03-17 07:00:00+00:00,0.90946,0.9105,0.90944,0.91029,2921.0
2025-03-17 08:00:00+00:00,0.91028,0.91102,0.9101,0.91064,2475.0
2025-03-17 09:00:00+00:00,0.91067,0.91124,0.91012,0.91121,2621.0
2025-03-17 10:00:00+00:00,0.91119,0.91183,0.91118,0.9112,2436.0
2025-03-17 11:00:00+00:00,0.9112,0.91162,0.91106,0.91116,1780.0
2025-03-17 12:00:00+00:00,0.91115,0.91132,0.90992,0.91006,3504.0
2025-03-17 13:00:00+00:00,0.91006,0.91104,0.90946,0.90988,3349.0
2025-03-17 14:00:00+00:00,0.90992,0.9111,0.90982,0.91064,2804.0
2025-03-17 15:00:00+00:00,0.91068,0.91156,0.91068,0.91131,2235.0
2025-03-17 16:00:00+00:00,0.91132,0.9121,0.9104,0.91188,1904.0
2025-03-17 17:00:00+00:00,0.91184,0.9124,0.91164,0.91211,1436.0
2025-03-17 18:00:00+00:00,0.9121,0.91276,0.91198,0.91274,1809.0
2025-03-17 19:00:00+00:00,0.91273,0.9129,0.912,0.91214,1435.0
2025-03-17 20:00:00+00:00,0.91214,0.91254,0.9119,0.91224,1793.0
2025-03-17 21:00:00+00:00,0.9121,0.91265,0.91194,0.91212,139.0
2025-03-17 22:00:00+00:00,0.91218,0.91284,0.91208,0.91264,616.0
2025-03-17 23:00:00+00:00,0.91265,0.91272,0.91222,0.91235,1091.0
2025-03-18 00:00:00+00:00,0.91234,0.91259,0.91184,0.91213,2039.0
2025-03-18 01:00:00+00:00,0.91214,0.91304,0.91208,0.91247,2082.0
2025-03-18 02:00:00+00:00,0.91246,0.91264,0.91202,0.91205,2315.0
2025-03-18 03:00:00+00:00,0.91206,0.91208,0.91081,0.91116,1840.0
2025-03-18 04:00:00+00:00,0.91118,0.9117,0.91104,0.91168,1274.0
2025-03-18 05:00:00+00:00,0.91166,0.91195,0.91124,0.91159,1064.0
2025-03-18 06:00:00+00:00,0.9116,0.9117,0.91084,0.91147,1703.0
2025-03-18 07:00:00+00:00,0.91146,0.91286,0.9114,0.91196,2250.0
2025-03-18 08:00:00+00:00,0.91194,0.91246,0.9118,0.91199,2853.0
2025-03-18 09:00:00+00:00,0.91202,0.91207,0.91115,0.91127,2162.0
2025-03-18 10:00:00+00:00,0.91124,0.91149,0.91063,0.91064,2527.0
2025-03-18 11:00:00+00:00,0.91066,0.91078,0.90949,0.90983,2592.0
2025-03-18 12:00:00+00:00,0.90984,0.91048,0.90908,0.9095,3369.0
2025-03-18 13:00:00+00:00,0.90952,0.90995,0.90826,0.90884,3336.0
2025-03-18 14:00:00+00:00,0.90884,0.90891,0.90786,0.9085,2757.0
2025-03-18 15:00:00+00:00,0.90846,0.90962,0.90807,0.90942,3639.0
2025-03-18 16:00:00+00:00,0.90942,0.91008,0.90934,0.90986,2348.0
2025-03-18 17:00:00+00:00,0.90985,0.91042,0.9097,0.90995,2098.0
2025-03-18 18:00:00+00:00,0.90998,0.91022,0.90964,0.9098,2285.0
2025-03-18 19:00:00+00:00,0.90978,0.91018,0.90928,0.90946,1700.0
2025-03-18 20:00:00+00:00,0.90944,0.90989,0.90908,0.90942,1154.0
2025-03-18 21:00:00+00:00,0.90948,0.91038,0.90928,0.90986,244.0
2025-03-18 22:00:00+00:00,0.90966,0.90984,0.90916,0.90948,474.0
2025-03-18 23:00:00+00:00,0.90952,0.90978,0.90932,0.90964,894.0
2025-03-19 00:00:00+00:00,0.90964,0.90995,0.90936,0.90958,2394.0
2025-03-19 01:00:00+00:00,0.90956,0.91004,0.90952,0.90993,2298.0
2025-03-19 02:00:00+00:00,0.90995,0.9106,0.90988,0.91042,1767.0
2025-03-19 03:00:00+00:00,0.9104,0.9105,0.90978,0.91003,1183.0
2025-03-19 04:00:00+00:00,0.91002,0.91007,0.90948,0.90958,1305.0
2025-03-19 05:00:00+00:00,0.90956,0.91013,0.9095,0.9098,1235.0
2025-03-19 06:00:00+00:00,0.90979,0.91002,0.9087,0.90883,2002.0
2025-03-19 07:00:00+00:00,0.90887,0.90888,0.90661,0.90698,3927.0
2025-03-19 08:00:00+00:00,0.90696,0.90757,0.90584,0.90618,3860.0
2025-03-19 09:00:00+00:00,0.9062,0.90712,0.90566,0.90688,2627.0
2025-03-19 10:00:00+00:00,0.90686,0.90728,0.90641,0.90698,2748.0
2025-03-19 11:00:00+00:00,0.907,0.90768,0.90669,0.90722,1974.0
2025-03-19 12:00:00+00:00,0.90718,0.90754,0.90696,0.90716,2636.0
2025-03-19 13:00:00+00:00,0.90712,0.90726,0.90518,0.90569,3026.0
2025-03-19 14:00:00+00:00,0.90568,0.90731,0.90552,0.9068,3277.0
2025-03-19 15:00:00+00:00,0.90676,0.90762,0.9067,0.90704,2478.0
2025-03-19 16:00:00+00:00,0.90706,0.90774,0.90696,0.90744,2028.0
2025-03-19 17:00:00+00:00,0.90741,0.90754,0.90664,0.90678,1860.0
2025-03-19 18:00:00+00:00,0.90682,0.90992,0.90651,0.90992,7628.0
2025-03-19 19:00:00+00:00,0.90988,0.91052,0.90886,0.9096,3712.0
2025-03-19 20:00:00+00:00,0.90956,0.91104,0.90934,0.91074,1487.0
2025-03-19 21:00:00+00:00,0.91074,0.91122,0.91052,0.91065,73.0
2025-03-19 22:00:00+00:00,0.91032,0.911,0.91023,0.91044,816.0
2025-03-19 23:00:00+00:00,0.91046,0.91132,0.91031,0.91132,1112.0
2025-03-20 00:00:00+00:00,0.91128,0.91128,0.907,0.90843,3106.0
2025-03-20 01:00:00+00:00,0.90846,0.90872,0.90707,0.90794,2215.0
2025-03-20 02:00:00+00:00,0.90794,0.90868,0.90785,0.90793,2654.0
2025-03-20 03:00:00+00:00,0.90796,0.90908,0.90771,0.90878,1965.0
2025-03-20 04:00:00+00:00,0.90876,0.90926,0.90817,0.90894,2070.0
2025-03-20 05:00:00+00:00,0.90894,0.90898,0.90816,0.9084,2336.0
2025-03-20 06:00:00+00:00,0.90843,0.90887,0.90774,0.90778,2032.0
2025-03-20 07:00:00+00:00,0.90774,0.9078,0.90563,0.90635,3039.0
2025-03-20 08:00:00+00:00,0.90637,0.90688,0.9054,0.90578,2865.0
2025-03-20 09:00:00+00:00,0.90576,0.90605,0.9042,0.90456,2874.0
2025-03-20 10:00:00+00:00,0.90458,0.90468,0.90394,0.90415,3307.0
2025-03-20 11:00:00+00:00,0.90419,0.90458,0.90366,0.90372,2343.0
2025-03-20 12:00:00+00:00,0.90372,0.90468,0.90344,0.90414,3185.0
2025-03-20 13:00:00+00:00,0.90413,0.90436,0.90202,0.9026,2817.0
2025-03-20 14:00:00+00:00,0.90253,0.90332,0.90217,0.90286,4195.0
2025-03-20 15:00:00+00:00,0.90284,0.90318,0.9023,0.90246,3240.0
2025-03-20 16:00:00+00:00,0.90246,0.9026,0.90186,0.9019,3315.0
2025-03-20 17:00:00+00:00,0.9019,0.90208,0.90131,0.90176,1814.0
2025-03-20 18:00:00+00:00,0.90179,0.90288,0.9017,0.90274,1587.0
2025-03-20 19:00:00+00:00,0.90272,0.9028,0.90224,0.90248,1615.0
2025-03-20 20:00:00+00:00,0.90253,0.90312,0.90238,0.90264,787.0
2025-03-20 21:00:00+00:00,0.90227,0.90264,0.90205,0.90213,76.0
2025-03-20 22:00:00+00:00,0.90246,0.90283,0.90236,0.90258,620.0
2025-03-20 23:00:00+00:00,0.90254,0.90292,0.90248,0.90278,1070.0
2025-03-21 00:00:00+00:00,0.90274,0.90294,0.90226,0.90253,1950.0
2025-03-21 01:00:00+00:00,0.90255,0.90258,0.9016,0.90178,1585.0
2025-03-21 02:00:00+00:00,0.90178,0.9021,0.90108,0.90108,1630.0
2025-03-21 03:00:00+00:00,0.90112,0.90166,0.90069,0.90142,1839.0
2025-03-21 04:00:00+00:00,0.90145,0.90169,0.90112,0.90138,1295.0
2025-03-21 05:00:00+00:00,0.90136,0.90166,0.9012,0.90145,1250.0
2025-03-21 06:00:00+00:00,0.90142,0.90195,0.90123,0.90157,2173.0
2025-03-21 07:00:00+00:00,0.90158,0.90218,0.9011,0.90162,2237.0
2025-03-21 08:00:00+00:00,0.90164,0.90178,0.90086,0.90164,3095.0
2025-03-21 09:00:00+00:00,0.90165,0.90186,0.90081,0.90116,2267.0
2025-03-21 10:00:00+00:00,0.90117,0.90149,0.9009,0.90112,2049.0
2025-03-21 11:00:00+00:00,0.90114,0.9023,0.90114,0.90219,2376.0
2025-03-21 12:00:00+00:00,0.90218,0.9029,0.90218,0.90234,2554.0
2025-03-21 13:00:00+00:00,0.9023,0.90234,0.90047,0.90068,2963.0
2025-03-21 14:00:00+00:00,0.9007,0.90093,0.89997,0.90022,2731.0
2025-03-21 15:00:00+00:00,0.90019,0.9004,0.89884,0.89929,2374.0
2025-03-21 16:00:00+00:00,0.89924,0.89994,0.89873,0.8998,2185.0
2025-03-21 17:00:00+00:00,0.89982,0.9002,0.89938,0.89977,1963.0
2025-03-21 18:00:00+00:00,0.8998,0.90048,0.89974,0.90029,1388.0
2025-03-21 19:00:00+00:00,0.90025,0.90034,0.89978,0.89999,1300.0
2025-03-21 20:00:00+00:00,0.9,0.90104,0.89944,0.90034,939.0
2025-03-23 21:00:00+00:00,0.90048,0.901,0.8992,0.8998,215.0
2025-03-23 22:00:00+00:00,0.90007,0.90102,0.8999,0.90026,1261.0
2025-03-23 23:00:00+00:00,0.90029,0.90142,0.9001,0.90139,1466.0
2025-03-24 00:00:00+00:00,0.90135,0.9019,0.90082,0.90184,1825.0
2025-03-24 01:00:00+00:00,0.90187,0.90198,0.90078,0.90108,2672.0
2025-03-24 02:00:00+00:00,0.90105,0.90165,0.90075,0.9008,2512.0
2025-03-24 03:00:00+00:00,0.90081,0.90144,0.90034,0.90051,1592.0
2025-03-24 04:00:00+00:00,0.90052,0.90073,0.9001,0.90063,1402.0
2025-03-24 05:00:00+00:00,0.90064,0.901,0.90028,0.90092,2239.0
2025-03-24 06:00:00+00:00,0.90092,0.90176,0.90081,0.90146,2374.0
2025-03-24 07:00:00+00:00,0.90146,0.90184,0.90127,0.90165,2768.0
2025-03-24 08:00:00+00:00,0.90166,0.90281,0.90166,0.9023,2525.0
2025-03-24 09:00:00+00:00,0.9023,0.90257,0.90192,0.90229,1879.0
2025-03-24 10:00:00+00:00,0.9023,0.90292,0.90217,0.9023,2170.0
2025-03-24 11:00:00+00:00,0.9023,0.90246,0.90139,0.90144,2059.0
2025-03-24 12:00:00+00:00,0.90144,0.90224,0.90078,0.90098,2440.0
2025-03-24 13:00:00+00:00,0.90102,0.90167,0.8998,0.8999,3091.0
2025-03-24 14:00:00+00:00,0.8999,0.90051,0.89928,0.8996,2976.0
2025-03-24 15:00:00+00:00,0.89964,0.90008,0.89728,0.89742,2099.0
2025-03-24 16:00:00+00:00,0.89746,0.89838,0.89736,0.89788,1899.0
2025-03-24 17:00:00+00:00,0.89787,0.89854,0.89764,0.8979,1636.0
2025-03-24 18:00:00+00:00,0.89792,0.89979,0.8977,0.89946,2382.0
2025-03-24 19:00:00+00:00,0.89948,0.89996,0.89936,0.89952,2252.0
2025-03-24 20:00:00+00:00,0.89956,0.90045,0.8993,0.90018,611.0
2025-03-24 21:00:00+00:00,0.9001,0.9003,0.89941,0.89972,97.0
2025-03-24 22:00:00+00:00,0.89938,0.90016,0.89938,0.8997,542.0
2025-03-24 23:00:00+00:00,0.89972,0.90012,0.89964,0.90004,702.0
2025-03-25 00:00:00+00:00,0.90004,0.90026,0.8996,0.89992,1590.0
2025-03-25 01:00:00+00:00,0.89994,0.90089,0.89982,0.90039,2536.0
2025-03-25 02:00:00+00:00,0.90038,0.90058,0.89983,0.90022,1776.0
2025-03-25 03:00:00+00:00,0.90021,0.90044,0.89976,0.90037,1340.0
2025-03-25 04:00:00+00:00,0.90038,0.90058,0.90008,0.90048,1415.0
2025-03-25 05:00:00+00:00,0.90047,0.90093,0.90037,0.90074,1470.0
2025-03-25 06:00:00+00:00,0.90073,0.90095,0.90036,0.9007,1345.0
2025-03-25 07:00:00+00:00,0.90072,0.90093,0.89954,0.89998,2326.0
2025-03-25 08:00:00+00:00,0.89998,0.90044,0.89974,0.90014,3135.0
2025-03-25 09:00:00+00:00,0.90014,0.90192,0.90004,0.90174,2677.0
2025-03-25 10:00:00+00:00,0.9017,0.9026,0.90152,0.90254,1995.0
2025-03-25 11:00:00+00:00,0.90258,0.90302,0.90218,0.9025,2768.0
2025-03-25 12:00:00+00:00,0.90256,0.90318,0.90236,0.90252,2422.0
2025-03-25 13:00:00+00:00,0.90254,0.90322,0.90218,0.90287,2630.0
2025-03-25 14:00:00+00:00,0.90286,0.90336,0.90198,0.90289,3396.0
2025-03-25 15:00:00+00:00,0.90292,0.90304,0.90214,0.90247,2216.0
2025-03-25 16:00:00+00:00,0.90246,0.90248,0.90149,0.9016,2227.0
2025-03-25 17:00:00+00:00,0.90159,0.9021,0.90135,0.90158,1802.0
2025-03-25 18:00:00+00:00,0.90152,0.90161,0.90034,0.90054,1836.0
2025-03-25 19:00:00+00:00,0.90053,0.90054,0.89965,0.89972,1595.0
2025-03-25 20:00:00+00:00,0.89971,0.90022,0.89922,0.89992,928.0
2025-03-25 21:00:00+00:00,0.89986,0.90097,0.8991,0.90046,331.0
2025-03-25 22:00:00+00:00,0.9005,0.90052,0.89953,0.8997,651.0
2025-03-25 23:00:00+00:00,0.89966,0.9002,0.89963,0.90018,761.0
2025-03-26 00:00:00+00:00,0.90016,0.90064,0.89846,0.89854,2398.0
2025-03-26 01:00:00+00:00,0.89858,0.89985,0.89764,0.89962,2578.0
2025-03-26 02:00:00+00:00,0.89962,0.90044,0.89918,0.90032,2331.0
2025-03-26 03:00:00+00:00,0.90033,0.90067,0.90006,0.90049,2177.0
2025-03-26 04:00:00+00:00,0.90052,0.90092,0.90016,0.90078,1686.0
2025-03-26 05:00:00+00:00,0.90078,0.90132,0.90022,0.90097,2111.0
2025-03-26 06:00:00+00:00,0.90101,0.90184,0.90101,0.9011,2085.0
2025-03-26 07:00:00+00:00,0.90115,0.90131,0.90034,0.90034,2957.0
2025-03-26 08:00:00+00:00,0.90036,0.90098,0.9,0.90096,2661.0
2025-03-26 09:00:00+00:00,0.90096,0.90179,0.90067,0.90129,1895.0
2025-03-26 10:00:00+00:00,0.90128,0.902,0.90122,0.90134,2181.0
2025-03-26 11:00:00+00:00,0.90134,0.9019,0.9009,0.90098,2222.0
2025-03-26 12:00:00+00:00,0.90096,0.90152,0.90039,0.90101,2317.0
2025-03-26 13:00:00+00:00,0.901,0.90118,0.8984,0.89871,3255.0
2025-03-26 14:00:00+00:00,0.89868,0.90006,0.89858,0.89954,3445.0
2025-03-26 15:00:00+00:00,0.89952,0.89966,0.89822,0.89881,3703.0
2025-03-26 16:00:00+00:00,0.89884,0.8997,0.89864,0.89918,2496.0
2025-03-26 17:00:00+00:00,0.89921,0.89946,0.8986,0.89878,2903.0
2025-03-26 18:00:00+00:00,0.8988,0.89937,0.89817,0.89828,1495.0
2025-03-26 19:00:00+00:00,0.89827,0.89874,0.89814,0.89836,2134.0
2025-03-26 20:00:00+00:00,0.89838,0.89909,0.89814,0.89849,1159.0
2025-03-26 21:00:00+00:00,0.89868,0.89994,0.89739,0.89988,433.0
2025-03-26 22:00:00+00:00,0.8999,0.90024,0.89838,0.89846,2581.0
2025-03-26 23:00:00+00:00,0.89846,0.89895,0.89832,0.8986,1780.0
2025-03-27 00:00:00+00:00,0.89865,0.89936,0.89861,0.8988,1745.0
2025-03-27 01:00:00+00:00,0.8988,0.89932,0.89843,0.89882,2514.0
2025-03-27 02:00:00+00:00,0.8988,0.90046,0.8987,0.89962,2589.0
2025-03-27 03:00:00+00:00,0.89961,0.9002,0.89941,0.89994,1971.0
2025-03-27 04:00:00+00:00,0.89996,0.90088,0.89978,0.90047,2016.0
2025-03-27 05:00:00+00:00,0.90048,0.90082,0.89932,0.89962,2515.0
2025-03-27 06:00:00+00:00,0.89961,0.90146,0.89941,0.90124,2709.0
2025-03-27 07:00:00+00:00,0.90124,0.90182,0.90092,0.90135,2938.0
2025-03-27 08:00:00+00:00,0.90137,0.9018,0.90102,0.9017,3829.0
2025-03-27 09:00:00+00:00,0.90169,0.90217,0.90074,0.90098,2644.0
2025-03-27 10:00:00+00:00,0.90097,0.90162,0.90074,0.90156,3048.0
2025-03-27 11:00:00+00:00,0.90155,0.90202,0.9012,0.90133,2455.0
2025-03-27 12:00:00+00:00,0.90134,0.9022,0.90134,0.90198,3447.0
2025-03-27 13:00:00+00:00,0.90198,0.9025,0.90119,0.90182,4287.0
2025-03-27 14:00:00+00:00,0.90184,0.90236,0.90144,0.90224,3830.0
2025-03-27 15:00:00+00:00,0.90224,0.90348,0.90156,0.90292,4480.0
2025-03-27 16:00:00+00:00,0.90291,0.90325,0.90212,0.90214,3251.0
2025-03-27 17:00:00+00:00,0.90217,0.90252,0.90159,0.90178,2804.0
2025-03-27 18:00:00+00:00,0.90178,0.90229,0.9015,0.90206,2975.0
2025-03-27 19:00:00+00:00,0.90205,0.90214,0.90159,0.90165,1745.0
2025-03-27 20:00:00+00:00,0.90165,0.90198,0.90142,0.9019,578.0
2025-03-27 21:00:00+00:00,0.90183,0.90316,0.90129,0.90139,192.0
2025-03-27 22:00:00+00:00,0.90126,0.9019,0.90124,0.90128,355.0
2025-03-27 23:00:00+00:00,0.9013,0.90166,0.90096,0.90146,611.0
2025-03-28 00:00:00+00:00,0.90142,0.90146,0.90045,0.90094,2232.0
2025-03-28 01:00:00+00:00,0.90092,0.90114,0.9006,0.90068,2274.0
2025-03-28 02:00:00+00:00,0.90067,0.90098,0.90014,0.90032,1699.0
2025-03-28 03:00:00+00:00,0.9004,0.90049,0.899,0.89928,1354.0
2025-03-28 04:00:00+00:00,0.89926,0.89954,0.89898,0.89924,1379.0
2025-03-28 05:00:00+00:00,0.89926,0.89986,0.89914,0.89969,1736.0
2025-03-28 06:00:00+00:00,0.89969,0.90055,0.89966,0.90018,1591.0
2025-03-28 07:00:00+00:00,0.90022,0.90182,0.90022,0.9017,2289.0
2025-03-28 08:00:00+00:00,0.9017,0.9024,0.90159,0.90182,2589.0
2025-03-28 09:00:00+00:00,0.9018,0.90231,0.90128,0.90182,1563.0
2025-03-28 10:00:00+00:00,0.9018,0.90216,0.90147,0.90185,1559.0
2025-03-28 11:00:00+00:00,0.9019,0.90209,0.90109,0.90116,1243.0
2025-03-28 12:00:00+00:00,0.90112,0.90218,0.90068,0.90196,2739.0
2025-03-28 13:00:00+00:00,0.90196,0.9028,0.90159,0.90272,3632.0
2025-03-28 14:00:00+00:00,0.90268,0.90292,0.90061,0.90138,4748.0
2025-03-28 15:00:00+00:00,0.90138,0.90172,0.8992,0.89956,4258.0
2025-03-28 16:00:00+00:00,0.8996,0.89996,0.89902,0.89924,2052.0
2025-03-28 17:00:00+00:00,0.89926,0.8998,0.89894,0.89953,2674.0
2025-03-28 18:00:00+00:00,0.89956,0.90027,0.89952,0.89999,1632.0
2025-03-28 19:00:00+00:00,0.9,0.9005,0.89996,0.90007,1312.0
2025-03-28 20:00:00+00:00,0.90009,0.90081,0.89986,0.89986,1044.0
2025-03-30 21:00:00+00:00,0.8996,0.90014,0.8983,0.89868,984.0
2025-03-30 22:00:00+00:00,0.8987,0.8994,0.89846,0.89868,1049.0
2025-03-30 23:00:00+00:00,0.89873,0.89915,0.89796,0.899,2020.0
2025-03-31 00:00:00+00:00,0.89905,0.89966,0.89858,0.89954,3239.0
2025-03-31 01:00:00+00:00,0.89953,0.90107,0.89949,0.9,3639.0
2025-03-31 02:00:00+00:00,0.9,0.90058,0.89966,0.89972,2204.0
2025-03-31 03:00:00+00:00,0.8997,0.89976,0.89905,0.89924,1202.0
2025-03-31 04:00:00+00:00,0.89922,0.89929,0.89858,0.89882,1135.0
2025-03-31 05:00:00+00:00,0.89882,0.89964,0.8987,0.89906,2169.0
2025-03-31 06:00:00+00:00,0.89909,0.90056,0.89888,0.90016,2767.0
2025-03-31 07:00:00+00:00,0.90015,0.9009,0.89877,0.89888,3788.0
2025-03-31 08:00:00+00:00,0.89888,0.899,0.89698,0.89784,3414.0
2025-03-31 09:00:00+00:00,0.8978,0.89797,0.89673,0.89712,2220.0
2025-03-31 10:00:00+00:00,0.89711,0.89762,0.89655,0.89752,2302.0
2025-03-31 11:00:00+00:00,0.89751,0.89782,0.89678,0.89698,2406.0
2025-03-31 12:00:00+00:00,0.89699,0.89732,0.8965,0.89664,2570.0
2025-03-31 13:00:00+00:00,0.89665,0.89688,0.89537,0.89571,2844.0
2025-03-31 14:00:00+00:00,0.89569,0.8968,0.89422,0.89674,4282.0
2025-03-31 15:00:00+00:00,0.89673,0.89719,0.8959,0.89646,3575.0
2025-03-31 16:00:00+00:00,0.89645,0.89782,0.89629,0.89718,3046.0
2025-03-31 17:00:00+00:00,0.89719,0.89814,0.89718,0.89794,2290.0
2025-03-31 18:00:00+00:00,0.89798,0.89878,0.8979,0.89837,1548.0
2025-03-31 19:00:00+00:00,0.89835,0.89937,0.89827,0.89912,2387.0
2025-03-31 20:00:00+00:00,0.89916,0.89928,0.89869,0.89884,860.0
2025-03-31 21:00:00+00:00,0.89824,0.89878,0.89805,0.89812,154.0
2025-03-31 22:00:00+00:00,0.89844,0.89889,0.89817,0.89819,475.0
2025-03-31 23:00:00+00:00,0.89824,0.89872,0.89786,0.89794,1032.0
2025-04-01 00:00:00+00:00,0.89794,0.89852,0.89778,0.8982,1409.0
2025-04-01 01:00:00+00:00,0.89817,0.89861,0.89734,0.89832,2135.0
2025-04-01 02:00:00+00:00,0.89833,0.89962,0.89826,0.89934,2426.0
2025-04-01 03:00:00+00:00,0.89935,0.90069,0.89844,0.89861,2431.0
2025-04-01 04:00:00+00:00,0.8986,0.90106,0.89848,0.90104,1621.0
2025-04-01 05:00:00+00:00,0.90101,0.90102,0.89993,0.90003,2499.0
2025-04-01 06:00:00+00:00,0.90004,0.90067,0.89965,0.9002,2370.0
2025-04-01 07:00:00+00:00,0.90016,0.90033,0.899,0.8997,2086.0
2025-04-01 08:00:00+00:00,0.89964,0.90038,0.89944,0.89979,2005.0
2025-04-01 09:00:00+00:00,0.8998,0.90017,0.89926,0.89928,2020.0
2025-04-01 10:00:00+00:00,0.89928,0.89956,0.89861,0.89883,3176.0
2025-04-01 11:00:00+00:00,0.89884,0.90001,0.8988,0.89951,2559.0
2025-04-01 12:00:00+00:00,0.89946,0.90053,0.89946,0.90008,1996.0
2025-04-01 13:00:00+00:00,0.90008,0.90141,0.89974,0.90034,2847.0
2025-04-01 14:00:00+00:00,0.90042,0.90112,0.89794,0.89902,5437.0
2025-04-01 15:00:00+00:00,0.89901,0.8994,0.89834,0.89878,3268.0
2025-04-01 16:00:00+00:00,0.89878,0.89909,0.89804,0.89814,1632.0
2025-04-01 17:00:00+00:00,0.89814,0.89854,0.89809,0.89818,2325.0
2025-04-01 18:00:00+00:00,0.89817,0.89868,0.89792,0.89799,2474.0
2025-04-01 19:00:00+00:00,0.898,0.89848,0.89786,0.8982,2197.0
2025-04-01 20:00:00+00:00,0.8982,0.89858,0.89782,0.89793,1143.0
2025-04-01 21:00:00+00:00,0.89728,0.89794,0.89728,0.89763,67.0
2025-04-01 22:00:00+00:00,0.89772,0.89875,0.8973,0.8982,861.0
2025-04-01 23:00:00+00:00,0.89824,0.89896,0.89786,0.89878,688.0
2025-04-02 00:00:00+00:00,0.89876,0.8989,0.89764,0.89782,1628.0
2025-04-02 01:00:00+00:00,0.89783,0.89948,0.89748,0.89946,1905.0
2025-04-02 02:00:00+00:00,0.89946,0.90076,0.89942,0.90051,1585.0
2025-04-02 03:00:00+00:00,0.90052,0.90112,0.90046,0.9008,892.0
2025-04-02 04:00:00+00:00,0.90079,0.90118,0.9007,0.90108,513.0
2025-04-02 05:00:00+00:00,0.90109,0.90132,0.90074,0.90083,1412.0
2025-04-02 06:00:00+00:00,0.9008,0.90182,0.90033,0.90042,2008.0
2025-04-02 07:00:00+00:00,0.9004,0.90179,0.90018,0.90166,1769.0
2025-04-02 08:00:00+00:00,0.90166,0.90228,0.90159,0.90208,1395.0
2025-04-02 09:00:00+00:00,0.90208,0.9034,0.902,0.90339,1337.0
2025-04-02 10:00:00+00:00,0.9034,0.90345,0.90216,0.90288,2201.0
2025-04-02 11:00:00+00:00,0.90288,0.90328,0.9028,0.90296,1120.0
2025-04-02 12:00:00+00:00,0.90297,0.90324,0.90228,0.9031,2619.0
2025-04-02 13:00:00+00:00,0.90308,0.90322,0.9022,0.90284,2902.0
2025-04-02 14:00:00+00:00,0.90287,0.90304,0.90119,0.9014,3142.0
2025-04-02 15:00:00+00:00,0.90141,0.902,0.90138,0.90154,3137.0
2025-04-02 16:00:00+00:00,0.90159,0.90182,0.90104,0.90172,1260.0
2025-04-02 17:00:00+00:00,0.90168,0.9022,0.90152,0.9016,1757.0
2025-04-02 18:00:00+00:00,0.9016,0.90177,0.90102,0.9015,1696.0
2025-04-02 19:00:00+00:00,0.9015,0.90166,0.90118,0.90162,1420.0
2025-04-02 20:00:00+00:00,0.90158,0.90454,0.89632,0.89728,16396.0
2025-04-02 21:00:00+00:00,0.89472,0.89566,0.89044,0.89224,732.0
2025-04-02 22:00:00+00:00,0.89232,0.89385,0.89032,0.89222,8621.0
2025-04-02 23:00:00+00:00,0.89226,0.89236,0.89003,0.89042,6708.0
2025-04-03 00:00:00+00:00,0.89039,0.89352,0.89039,0.89337,6168.0
2025-04-03 01:00:00+00:00,0.89338,0.89537,0.89305,0.8941,4747.0
2025-04-03 02:00:00+00:00,0.89412,0.89446,0.89334,0.89432,4362.0
2025-04-03 03:00:00+00:00,0.89432,0.8945,0.89334,0.89345,2601.0
2025-04-03 04:00:00+00:00,0.89346,0.89361,0.89274,0.89306,2861.0
2025-04-03 05:00:00+00:00,0.89306,0.89562,0.89306,0.89385,3400.0
2025-04-03 06:00:00+00:00,0.89389,0.89546,0.89332,0.89388,4578.0
2025-04-03 07:00:00+00:00,0.89389,0.8944,0.89313,0.89319,5071.0
2025-04-03 08:00:00+00:00,0.89318,0.89542,0.89274,0.89525,5351.0
2025-04-03 09:00:00+00:00,0.89524,0.89807,0.89502,0.89726,4347.0
2025-04-03 10:00:00+00:00,0.8973,0.89837,0.89502,0.89524,7552.0
2025-04-03 11:00:00+00:00,0.89522,0.89723,0.89498,0.89614,5344.0
2025-04-03 12:00:00+00:00,0.89617,0.89634,0.89425,0.89574,5537.0
2025-04-03 13:00:00+00:00,0.89571,0.89804,0.89452,0.89472,7400.0
2025-04-03 14:00:00+00:00,0.89463,0.89642,0.89392,0.89494,5030.0
2025-04-03 15:00:00+00:00,0.89495,0.89504,0.89185,0.89298,4286.0
2025-04-03 16:00:00+00:00,0.89296,0.89334,0.89226,0.89274,3734.0
2025-04-03 17:00:00+00:00,0.89271,0.89342,0.89217,0.89341,2608.0
2025-04-03 18:00:00+00:00,0.89342,0.89362,0.8919,0.89252,2654.0
2025-04-03 19:00:00+00:00,0.89251,0.89254,0.8896,0.88974,1700.0
2025-04-03 20:00:00+00:00,0.88975,0.89215,0.88944,0.89207,1308.0
2025-04-03 21:00:00+00:00,0.892,0.89288,0.89122,0.89161,550.0
2025-04-03 22:00:00+00:00,0.89155,0.89243,0.89048,0.8906,1437.0
2025-04-03 23:00:00+00:00,0.89058,0.8909,0.8898,0.89086,1541.0
2025-04-04 00:00:00+00:00,0.89082,0.8909,0.88948,0.8895,3967.0
2025-04-04 01:00:00+00:00,0.88949,0.88962,0.88736,0.88742,3907.0
2025-04-04 02:00:00+00:00,0.88741,0.88744,0.88341,0.88362,4749.0
2025-04-04 03:00:00+00:00,0.8836,0.88382,0.88068,0.88072,5068.0
2025-04-04 04:00:00+00:00,0.8807,0.88082,0.87856,0.87894,4705.0
2025-04-04 05:00:00+00:00,0.87898,0.88057,0.87882,0.88033,4207.0
2025-04-04 06:00:00+00:00,0.88028,0.88101,0.87998,0.88061,4802.0
2025-04-04 07:00:00+00:00,0.88061,0.88126,0.87864,0.87884,6333.0
2025-04-04 08:00:00+00:00,0.87884,0.87908,0.87688,0.87704,7592.0
2025-04-04 09:00:00+00:00,0.87704,0.87891,0.87659,0.8776,6317.0
2025-04-04 10:00:00+00:00,0.87762,0.87787,0.86931,0.86972,10114.0
2025-04-04 11:00:00+00:00,0.86976,0.87108,0.85953,0.86704,17548.0
2025-04-04 12:00:00+00:00,0.86712,0.87058,0.86603,0.86898,16622.0
2025-04-04 13:00:00+00:00,0.86898,0.87154,0.8638,0.86542,9576.0
2025-04-04 14:00:00+00:00,0.8654,0.8668,0.85678,0.86156,11671.0
2025-04-04 15:00:00+00:00,0.86156,0.86501,0.85438,0.85771,15414.0
2025-04-04 16:00:00+00:00,0.85768,0.85859,0.85308,0.85376,6331.0
2025-04-04 17:00:00+00:00,0.85382,0.85796,0.85287,0.85746,8226.0
2025-04-04 18:00:00+00:00,0.85752,0.8588,0.85572,0.85698,6953.0
2025-04-04 19:00:00+00:00,0.85696,0.86117,0.85694,0.85916,7816.0
2025-04-04 20:00:00+00:00,0.85919,0.86064,0.85883,0.85964,6037.0
2025-04-06 21:00:00+00:00,0.85472,0.8567,0.85439,0.85596,291.0
2025-04-06 22:00:00+00:00,0.85571,0.85617,0.84573,0.85306,12509.0
2025-04-06 23:00:00+00:00,0.85308,0.85536,0.85128,0.8526,10570.0
2025-04-07 00:00:00+00:00,0.85259,0.85514,0.84882,0.85388,12989.0
2025-04-07 01:00:00+00:00,0.85388,0.85638,0.85218,0.85567,13765.0
2025-04-07 02:00:00+00:00,0.85566,0.85774,0.85512,0.85628,9287.0
2025-04-07 03:00:00+00:00,0.8563,0.85852,0.85582,0.85758,6820.0
2025-04-07 04:00:00+00:00,0.8576,0.85832,0.85492,0.85498,5165.0
2025-04-07 05:00:00+00:00,0.85502,0.86054,0.85434,0.85545,8560.0
2025-04-07 06:00:00+00:00,0.85543,0.85752,0.85366,0.85692,9495.0
2025-04-07 07:00:00+00:00,0.85692,0.85892,0.8546,0.85464,9086.0
2025-04-07 08:00:00+00:00,0.85463,0.85794,0.85462,0.85516,7631.0
2025-04-07 09:00:00+00:00,0.85518,0.85787,0.85392,0.85752,6764.0
2025-04-07 10:00:00+00:00,0.85751,0.86315,0.85749,0.86101,8828.0
2025-04-07 11:00:00+00:00,0.861,0.86214,0.85982,0.8609,7778.0
2025-04-07 12:00:00+00:00,0.86092,0.86815,0.86068,0.86623,12295.0
2025-04-07 13:00:00+00:00,0.86622,0.86622,0.86072,0.86202,8808.0
2025-04-07 14:00:00+00:00,0.86196,0.86946,0.85334,0.85464,24504.0
2025-04-07 15:00:00+00:00,0.85468,0.85632,0.84872,0.85063,17444.0
2025-04-07 16:00:00+00:00,0.85061,0.85088,0.84586,0.84657,7984.0
2025-04-07 17:00:00+00:00,0.84658,0.85187,0.84656,0.85136,15022.0
2025-04-07 18:00:00+00:00,0.8514,0.85204,0.84807,0.84812,10713.0
2025-04-07 19:00:00+00:00,0.84808,0.8516,0.84798,0.85117,7764.0
2025-04-07 20:00:00+00:00,0.85122,0.85355,0.85096,0.85308,3504.0
2025-04-07 21:00:00+00:00,0.85314,0.85365,0.85142,0.85302,224.0
2025-04-07 22:00:00+00:00,0.85301,0.85388,0.85282,0.85334,1950.0
2025-04-07 23:00:00+00:00,0.85334,0.855,0.85331,0.8539,1969.0
2025-04-08 00:00:00+00:00,0.85387,0.85533,0.85203,0.85203,4221.0
2025-04-08 01:00:00+00:00,0.85206,0.8538,0.84996,0.8531,6185.0
2025-04-08 02:00:00+00:00,0.85316,0.8549,0.85299,0.85341,1820.0
2025-04-08 03:00:00+00:00,0.85342,0.8546,0.8532,0.85438,1275.0
2025-04-08 04:00:00+00:00,0.85434,0.85837,0.85424,0.85825,1636.0
2025-04-08 05:00:00+00:00,0.85823,0.85959,0.85679,0.85949,1772.0
2025-04-08 06:00:00+00:00,0.85948,0.85962,0.85658,0.8582,3878.0
2025-04-08 07:00:00+00:00,0.85816,0.86098,0.85797,0.8587,3753.0
2025-04-08 08:00:00+00:00,0.85864,0.86006,0.85761,0.85978,3568.0
2025-04-08 09:00:00+00:00,0.85976,0.85978,0.85693,0.85744,3127.0
2025-04-08 10:00:00+00:00,0.85746,0.85904,0.85726,0.8573,2490.0
2025-04-08 11:00:00+00:00,0.85731,0.8583,0.85625,0.8583,3315.0
2025-04-08 12:00:00+00:00,0.85828,0.85948,0.8571,0.85814,2265.0
2025-04-08 13:00:00+00:00,0.8581,0.86199,0.85782,0.85987,6664.0
2025-04-08 14:00:00+00:00,0.8599,0.86027,0.85511,0.85538,5715.0
2025-04-08 15:00:00+00:00,0.85538,0.8559,0.85332,0.85393,4178.0
2025-04-08 16:00:00+00:00,0.85388,0.85439,0.8494,0.84971,5006.0
2025-04-08 17:00:00+00:00,0.84967,0.85091,0.8483,0.85034,6356.0
2025-04-08 18:00:00+00:00,0.85028,0.85094,0.84872,0.8493,6242.0
2025-04-08 19:00:00+00:00,0.84932,0.85042,0.84833,0.8495,4511.0
2025-04-08 20:00:00+00:00,0.84951,0.8501,0.84832,0.8494,2676.0
2025-04-08 21:00:00+00:00,0.8498,0.8505,0.84844,0.84848,872.0
2025-04-08 22:00:00+00:00,0.84844,0.8497,0.84754,0.84892,3793.0
2025-04-08 23:00:00+00:00,0.84889,0.84902,0.84728,0.84862,3626.0
2025-04-09 00:00:00+00:00,0.84864,0.84974,0.84416,0.84888,7395.0
2025-04-09 01:00:00+00:00,0.84896,0.85258,0.84862,0.85139,6906.0
2025-04-09 02:00:00+00:00,0.85136,0.8528,0.85081,0.8518,5020.0
2025-04-09 03:00:00+00:00,0.85184,0.85298,0.84926,0.8495,3708.0
2025-04-09 04:00:00+00:00,0.84946,0.85062,0.84762,0.84982,6688.0
2025-04-09 05:00:00+00:00,0.84978,0.85023,0.84785,0.85005,6873.0
2025-04-09 06:00:00+00:00,0.85002,0.85326,0.8496,0.85164,7007.0
2025-04-09 07:00:00+00:00,0.85165,0.85604,0.85097,0.8559,8071.0
2025-04-09 08:00:00+00:00,0.85586,0.85604,0.85272,0.85352,4575.0
2025-04-09 09:00:00+00:00,0.85356,0.85536,0.85271,0.85425,4816.0
2025-04-09 10:00:00+00:00,0.85424,0.8578,0.85348,0.85612,3399.0
2025-04-09 11:00:00+00:00,0.85616,0.8564,0.85086,0.85227,14868.0
2025-04-09 12:00:00+00:00,0.85226,0.85422,0.85154,0.85421,6555.0
2025-04-09 13:00:00+00:00,0.85422,0.85664,0.85343,0.85626,6605.0
2025-04-09 14:00:00+00:00,0.8562,0.85634,0.85125,0.85168,6059.0
2025-04-09 15:00:00+00:00,0.85171,0.85277,0.85078,0.8516,3066.0
2025-04-09 16:00:00+00:00,0.85165,0.85428,0.85109,0.85416,2233.0
2025-04-09 17:00:00+00:00,0.85416,0.86616,0.85364,0.8641,20674.0
2025-04-09 18:00:00+00:00,0.86406,0.86987,0.86378,0.86688,18536.0
2025-04-09 19:00:00+00:00,0.86692,0.87004,0.86576,0.86701,11492.0
2025-04-09 20:00:00+00:00,0.86702,0.8677,0.86394,0.86652,6963.0
2025-04-09 21:00:00+00:00,0.86672,0.86746,0.86598,0.8668,640.0
2025-04-09 22:00:00+00:00,0.86673,0.86918,0.86608,0.86682,3967.0
2025-04-09 23:00:00+00:00,0.86688,0.86699,0.86482,0.86484,3254.0
2025-04-10 00:00:00+00:00,0.86482,0.86708,0.86328,0.86388,7425.0
2025-04-10 01:00:00+00:00,0.86389,0.86542,0.86269,0.86417,10158.0
2025-04-10 02:00:00+00:00,0.86423,0.8675,0.86406,0.86714,5758.0
2025-04-10 03:00:00+00:00,0.8671,0.8698,0.86665,0.8693,8396.0
2025-04-10 04:00:00+00:00,0.86932,0.87066,0.86834,0.8703,4581.0
2025-04-10 05:00:00+00:00,0.87033,0.87216,0.86988,0.8717,4663.0
2025-04-10 06:00:00+00:00,0.8717,0.87228,0.86943,0.87083,7502.0
2025-04-10 07:00:00+00:00,0.87084,0.87099,0.86492,0.86663,8343.0
2025-04-10 08:00:00+00:00,0.86666,0.86682,0.8646,0.86604,5475.0
2025-04-10 09:00:00+00:00,0.8661,0.86798,0.8653,0.86647,5690.0
2025-04-10 10:00:00+00:00,0.86646,0.87054,0.86646,0.86854,6889.0
2025-04-10 11:00:00+00:00,0.86856,0.87122,0.86786,0.871,5864.0
2025-04-10 12:00:00+00:00,0.87095,0.87246,0.86922,0.86982,13391.0
2025-04-10 13:00:00+00:00,0.86981,0.8715,0.86838,0.86842,7394.0
2025-04-10 14:00:00+00:00,0.86846,0.87421,0.86708,0.87406,6556.0
2025-04-10 15:00:00+00:00,0.8741,0.87458,0.8669,0.86736,8160.0
2025-04-10 16:00:00+00:00,0.86731,0.86842,0.8644,0.86758,9242.0
2025-04-10 17:00:00+00:00,0.86759,0.86944,0.86604,0.86848,10218.0
2025-04-10 18:00:00+00:00,0.86854,0.87278,0.86822,0.87158,6105.0
2025-04-10 19:00:00+00:00,0.87162,0.87209,0.8679,0.86928,7082.0
2025-04-10 20:00:00+00:00,0.86926,0.87123,0.86868,0.87038,4314.0
2025-04-10 21:00:00+00:00,0.87054,0.87183,0.86993,0.87033,334.0
2025-04-10 22:00:00+00:00,0.87035,0.87112,0.86876,0.86902,3525.0
2025-04-10 23:00:00+00:00,0.86908,0.86926,0.86787,0.86824,4999.0
2025-04-11 00:00:00+00:00,0.86826,0.86905,0.86411,0.86682,14300.0
2025-04-11 01:00:00+00:00,0.86689,0.87034,0.86667,0.86907,13627.0
2025-04-11 02:00:00+00:00,0.86908,0.87189,0.86802,0.8703,9019.0
2025-04-11 03:00:00+00:00,0.87028,0.8709,0.86845,0.87082,8759.0
2025-04-11 04:00:00+00:00,0.87084,0.87139,0.86504,0.86518,7322.0
2025-04-11 05:00:00+00:00,0.86518,0.86725,0.86376,0.86625,9954.0
2025-04-11 06:00:00+00:00,0.86624,0.86746,0.86526,0.86576,11638.0
2025-04-11 07:00:00+00:00,0.86575,0.86654,0.86427,0.865,10862.0
2025-04-11 08:00:00+00:00,0.86496,0.86499,0.86214,0.86458,12895.0
2025-04-11 09:00:00+00:00,0.86452,0.86532,0.86348,0.86525,7200.0
2025-04-11 10:00:00+00:00,0.86524,0.86709,0.86444,0.86684,8126.0
2025-04-11 11:00:00+00:00,0.86681,0.868,0.86565,0.86589,5896.0
2025-04-11 12:00:00+00:00,0.8659,0.86878,0.86374,0.86748,8513.0
2025-04-11 13:00:00+00:00,0.86746,0.8708,0.86471,0.86536,11727.0
2025-04-11 14:00:00+00:00,0.86538,0.8698,0.86465,0.8661,16928.0
2025-04-11 15:00:00+00:00,0.8661,0.86855,0.86596,0.86764,14200.0
2025-04-11 16:00:00+00:00,0.86762,0.86997,0.8673,0.86954,6585.0
2025-04-11 17:00:00+00:00,0.8695,0.87219,0.86921,0.87176,7382.0
2025-04-11 18:00:00+00:00,0.87174,0.87293,0.87092,0.87257,4659.0
2025-04-11 19:00:00+00:00,0.87256,0.87426,0.87246,0.87394,3937.0
2025-04-11 20:00:00+00:00,0.87394,0.87412,0.87158,0.87242,2502.0
2025-04-13 21:00:00+00:00,0.8734,0.87417,0.87304,0.87417,368.0
2025-04-13 22:00:00+00:00,0.87364,0.87498,0.87152,0.87174,2950.0
2025-04-13 23:00:00+00:00,0.87172,0.87426,0.87132,0.8742,3734.0
2025-04-14 00:00:00+00:00,0.87424,0.87529,0.87221,0.87275,5212.0
2025-04-14 01:00:00+00:00,0.87282,0.8743,0.87182,0.87244,6645.0
2025-04-14 02:00:00+00:00,0.87246,0.87306,0.8714,0.87294,3968.0
2025-04-14 03:00:00+00:00,0.87285,0.87296,0.87129,0.87151,4188.0
2025-04-14 04:00:00+00:00,0.87152,0.87302,0.87124,0.87298,2228.0
2025-04-14 05:00:00+00:00,0.873,0.87419,0.87292,0.87358,2941.0
2025-04-14 06:00:00+00:00,0.87354,0.87602,0.87339,0.87578,5276.0
2025-04-14 07:00:00+00:00,0.87575,0.87627,0.87376,0.87499,3149.0
2025-04-14 08:00:00+00:00,0.87504,0.87756,0.87476,0.87698,2501.0
2025-04-14 09:00:00+00:00,0.87698,0.87766,0.8756,0.87564,1658.0
2025-04-14 10:00:00+00:00,0.87565,0.87701,0.87519,0.87576,2682.0
2025-04-14 11:00:00+00:00,0.87572,0.87638,0.87494,0.87524,1391.0
2025-04-14 12:00:00+00:00,0.87528,0.87554,0.87397,0.874,2752.0
2025-04-14 13:00:00+00:00,0.87404,0.87421,0.8719,0.87396,3960.0
2025-04-14 14:00:00+00:00,0.87399,0.87812,0.87365,0.87718,2890.0
2025-04-14 15:00:00+00:00,0.87721,0.87766,0.87616,0.87674,1648.0
2025-04-14 16:00:00+00:00,0.87672,0.87867,0.87663,0.87711,2241.0
2025-04-14 17:00:00+00:00,0.8771,0.87858,0.87706,0.87767,2153.0
2025-04-14 18:00:00+00:00,0.87763,0.8789,0.87763,0.87874,1564.0
2025-04-14 19:00:00+00:00,0.87874,0.87922,0.87823,0.87864,1007.0
2025-04-14 20:00:00+00:00,0.87868,0.87868,0.87708,0.87786,1395.0
2025-04-14 21:00:00+00:00,0.87796,0.87868,0.87721,0.8775,378.0
2025-04-14 22:00:00+00:00,0.87746,0.87854,0.87746,0.87846,1175.0
2025-04-14 23:00:00+00:00,0.87844,0.87918,0.8781,0.87834,1406.0
2025-04-15 00:00:00+00:00,0.8784,0.87982,0.8784,0.87917,1888.0
2025-04-15 01:00:00+00:00,0.87918,0.88108,0.87908,0.87944,2857.0
2025-04-15 02:00:00+00:00,0.87944,0.88138,0.87941,0.88066,2372.0
2025-04-15 03:00:00+00:00,0.88066,0.88158,0.88012,0.88133,1276.0
2025-04-15 04:00:00+00:00,0.88135,0.8834,0.88121,0.88246,1759.0
2025-04-15 05:00:00+00:00,0.88242,0.88294,0.88078,0.88094,2362.0
2025-04-15 06:00:00+00:00,0.88091,0.8826,0.88074,0.88233,3674.0
2025-04-15 07:00:00+00:00,0.88232,0.88336,0.88148,0.88228,2632.0
2025-04-15 08:00:00+00:00,0.88228,0.8823,0.87952,0.87985,3236.0
2025-04-15 09:00:00+00:00,0.8798,0.88108,0.87928,0.87984,2389.0
2025-04-15 10:00:00+00:00,0.87982,0.8818,0.8796,0.8817,2260.0
2025-04-15 11:00:00+00:00,0.8817,0.88285,0.88144,0.88222,2629.0
2025-04-15 12:00:00+00:00,0.88224,0.88641,0.88182,0.88563,4005.0
2025-04-15 13:00:00+00:00,0.8856,0.88609,0.88446,0.88486,2993.0
2025-04-15 14:00:00+00:00,0.88491,0.88704,0.88417,0.88617,4571.0
2025-04-15 15:00:00+00:00,0.88618,0.88794,0.88525,0.88635,2297.0
2025-04-15 16:00:00+00:00,0.88641,0.88766,0.88638,0.88742,2571.0
2025-04-15 17:00:00+00:00,0.88742,0.88779,0.88632,0.88729,1478.0
2025-04-15 18:00:00+00:00,0.88725,0.88728,0.88598,0.8864,1237.0
2025-04-15 19:00:00+00:00,0.8864,0.88698,0.88596,0.88608,1681.0
2025-04-15 20:00:00+00:00,0.88613,0.88644,0.88548,0.88566,1022.0
2025-04-15 21:00:00+00:00,0.88555,0.88621,0.88458,0.88465,424.0
2025-04-15 22:00:00+00:00,0.88466,0.88493,0.88393,0.88458,1453.0
2025-04-15 23:00:00+00:00,0.88458,0.8847,0.88261,0.88444,2528.0
2025-04-16 00:00:00+00:00,0.88444,0.88518,0.88316,0.88355,3884.0
2025-04-16 01:00:00+00:00,0.88356,0.88512,0.88356,0.88511,2381.0
2025-04-16 02:00:00+00:00,0.88512,0.88635,0.88339,0.88369,3415.0
2025-04-16 03:00:00+00:00,0.88368,0.88474,0.88356,0.88452,1986.0
2025-04-16 04:00:00+00:00,0.88453,0.88522,0.88392,0.88512,2275.0
2025-04-16 05:00:00+00:00,0.88514,0.88518,0.88403,0.8845,3036.0
2025-04-16 06:00:00+00:00,0.88449,0.88485,0.8835,0.88474,3056.0
2025-04-16 07:00:00+00:00,0.88478,0.88519,0.88258,0.88319,3311.0
2025-04-16 08:00:00+00:00,0.88322,0.88691,0.88261,0.88574,6324.0
2025-04-16 09:00:00+00:00,0.88572,0.88666,0.88521,0.88597,3641.0
2025-04-16 10:00:00+00:00,0.88598,0.8869,0.88549,0.8863,4209.0
2025-04-16 11:00:00+00:00,0.88626,0.88726,0.886,0.88709,3003.0
2025-04-16 12:00:00+00:00,0.88712,0.8875,0.88508,0.88519,4072.0
2025-04-16 13:00:00+00:00,0.88522,0.8866,0.88365,0.88516,5300.0
2025-04-16 14:00:00+00:00,0.8852,0.8863,0.88374,0.8862,5534.0
2025-04-16 15:00:00+00:00,0.88625,0.88744,0.88548,0.88658,3206.0
2025-04-16 16:00:00+00:00,0.88654,0.88658,0.88524,0.88566,2189.0
2025-04-16 17:00:00+00:00,0.88566,0.886,0.88326,0.88353,3741.0
2025-04-16 18:00:00+00:00,0.8836,0.88414,0.88335,0.88351,3119.0
2025-04-16 19:00:00+00:00,0.88349,0.88382,0.88243,0.88274,3286.0
2025-04-16 20:00:00+00:00,0.88272,0.88382,0.88246,0.8827,1612.0
2025-04-16 21:00:00+00:00,0.88301,0.88354,0.88241,0.8831,277.0
2025-04-16 22:00:00+00:00,0.8831,0.88341,0.88279,0.88319,977.0
2025-04-16 23:00:00+00:00,0.88324,0.88358,0.88261,0.88266,1135.0
2025-04-17 00:00:00+00:00,0.88264,0.88304,0.88192,0.88212,3064.0
2025-04-17 01:00:00+00:00,0.88212,0.88326,0.88142,0.88236,2704.0
2025-04-17 02:00:00+00:00,0.8823,0.88292,0.88134,0.88258,2016.0
2025-04-17 03:00:00+00:00,0.88258,0.88284,0.88182,0.88202,1809.0
2025-04-17 04:00:00+00:00,0.8821,0.88248,0.88028,0.88044,1428.0
2025-04-17 05:00:00+00:00,0.88039,0.88096,0.8801,0.8807,1176.0
2025-04-17 06:00:00+00:00,0.88068,0.88099,0.87992,0.88016,2009.0
2025-04-17 07:00:00+00:00,0.88012,0.88114,0.87964,0.88082,1487.0
2025-04-17 08:00:00+00:00,0.88086,0.88186,0.8808,0.8818,1245.0
2025-04-17 09:00:00+00:00,0.88175,0.88266,0.88164,0.88266,1708.0
2025-04-17 10:00:00+00:00,0.88266,0.88321,0.8824,0.88268,1841.0
2025-04-17 11:00:00+00:00,0.88268,0.88414,0.8826,0.88393,971.0
2025-04-17 12:00:00+00:00,0.8839,0.8853,0.88282,0.88522,2150.0
2025-04-17 13:00:00+00:00,0.88528,0.88586,0.88452,0.88496,2039.0
2025-04-17 14:00:00+00:00,0.88494,0.88546,0.88319,0.88346,2139.0
2025-04-17 15:00:00+00:00,0.88343,0.88448,0.8834,0.88414,1350.0
2025-04-17 16:00:00+00:00,0.88419,0.88509,0.88336,0.88392,1523.0
2025-04-17 17:00:00+00:00,0.88397,0.88412,0.88291,0.88342,609.0
2025-04-17 18:00:00+00:00,0.88342,0.88504,0.88321,0.88444,1145.0
2025-04-17 19:00:00+00:00,0.8845,0.88486,0.88406,0.88424,676.0
2025-04-17 20:00:00+00:00,0.88424,0.88465,0.88394,0.88412,754.0
2025-04-17 21:00:00+00:00,0.8841,0.88482,0.88372,0.88372,767.0
2025-04-17 22:00:00+00:00,0.88379,0.88418,0.88292,0.88347,2476.0
2025-04-17 23:00:00+00:00,0.8838,0.88464,0.88298,0.88456,653.0
2025-04-18 00:00:00+00:00,0.88455,0.88534,0.88417,0.88435,4878.0
2025-04-18 01:00:00+00:00,0.88433,0.88458,0.88357,0.8837,12991.0
2025-04-18 02:00:00+00:00,0.88368,0.88448,0.88237,0.88263,17699.0
2025-04-18 03:00:00+00:00,0.88256,0.88406,0.88234,0.88361,21009.0
2025-04-18 04:00:00+00:00,0.88364,0.88494,0.88359,0.8846,16648.0
2025-04-18 05:00:00+00:00,0.88462,0.88472,0.88364,0.884,8878.0
2025-04-18 06:00:00+00:00,0.88407,0.88453,0.88372,0.88404,5718.0
2025-04-18 07:00:00+00:00,0.88404,0.88404,0.88246,0.88313,9715.0
2025-04-18 08:00:00+00:00,0.88312,0.88328,0.88282,0.88288,6130.0
2025-04-18 09:00:00+00:00,0.8829,0.88358,0.88238,0.8831,6572.0
2025-04-18 10:00:00+00:00,0.88312,0.88344,0.88254,0.88316,9509.0
2025-04-18 11:00:00+00:00,0.88314,0.88401,0.883,0.8837,7783.0
2025-04-18 12:00:00+00:00,0.88368,0.8839,0.88264,0.88328,6990.0
2025-04-18 13:00:00+00:00,0.8833,0.88384,0.88282,0.88369,11230.0
2025-04-18 14:00:00+00:00,0.88366,0.88372,0.8824,0.8833,9985.0
2025-04-18 15:00:00+00:00,0.88334,0.88349,0.88263,0.88274,7608.0
2025-04-18 16:00:00+00:00,0.88268,0.88314,0.88248,0.8829,5223.0
2025-04-18 17:00:00+00:00,0.88288,0.8832,0.8823,0.88305,5800.0
2025-04-18 18:00:00+00:00,0.88302,0.88318,0.88285,0.88294,5274.0
2025-04-18 19:00:00+00:00,0.88296,0.88303,0.88247,0.88277,9168.0
2025-04-18 20:00:00+00:00,0.8826,0.883,0.8819,0.88298,11414.0
2025-04-20 21:00:00+00:00,0.88192,0.8831,0.88192,0.88284,499.0
2025-04-20 22:00:00+00:00,0.88282,0.88306,0.88082,0.88257,3694.0
2025-04-20 23:00:00+00:00,0.88262,0.88368,0.88244,0.88338,1486.0
2025-04-21 00:00:00+00:00,0.88335,0.8841,0.88236,0.88247,1355.0
2025-04-21 01:00:00+00:00,0.88248,0.88348,0.88222,0.88328,1531.0
2025-04-21 02:00:00+00:00,0.88327,0.88366,0.88267,0.88354,1843.0
2025-04-21 03:00:00+00:00,0.88355,0.8866,0.88338,0.88634,1339.0
2025-04-21 04:00:00+00:00,0.8863,0.88637,0.88487,0.88539,916.0
2025-04-21 05:00:00+00:00,0.88542,0.88681,0.88532,0.88653,793.0
2025-04-21 06:00:00+00:00,0.88658,0.88682,0.88526,0.88584,1226.0
2025-04-21 07:00:00+00:00,0.88588,0.88794,0.88551,0.88776,1810.0
2025-04-21 08:00:00+00:00,0.88772,0.88782,0.8864,0.8868,1087.0
2025-04-21 09:00:00+00:00,0.88686,0.88756,0.88613,0.88639,709.0
2025-04-21 10:00:00+00:00,0.8863,0.88771,0.88598,0.88722,940.0
2025-04-21 11:00:00+00:00,0.88719,0.88756,0.88655,0.887,1423.0
2025-04-21 12:00:00+00:00,0.88698,0.88718,0.88554,0.88688,1098.0
2025-04-21 13:00:00+00:00,0.88687,0.88759,0.88585,0.88585,1478.0
2025-04-21 14:00:00+00:00,0.88586,0.88684,0.88562,0.88624,1294.0
2025-04-21 15:00:00+00:00,0.8862,0.8863,0.88475,0.88571,1069.0
2025-04-21 16:00:00+00:00,0.88574,0.88759,0.88558,0.88742,810.0
2025-04-21 17:00:00+00:00,0.88743,0.88762,0.886,0.8867,827.0
2025-04-21 18:00:00+00:00,0.88674,0.88751,0.88656,0.88742,618.0
2025-04-21 19:00:00+00:00,0.88738,0.88841,0.88727,0.88791,876.0
2025-04-21 20:00:00+00:00,0.88795,0.88832,0.88758,0.88798,681.0
2025-04-21 21:00:00+00:00,0.88794,0.88836,0.88688,0.88738,222.0
2025-04-21 22:00:00+00:00,0.8874,0.8885,0.8874,0.88774,538.0
2025-04-21 23:00:00+00:00,0.88779,0.88852,0.88729,0.88831,923.0
2025-04-22 00:00:00+00:00,0.88832,0.88832,0.88608,0.88678,1569.0
2025-04-22 01:00:00+00:00,0.88682,0.8886,0.88682,0.88765,1276.0
2025-04-22 02:00:00+00:00,0.88763,0.88853,0.8873,0.88802,1541.0
2025-04-22 03:00:00+00:00,0.88797,0.88894,0.8876,0.88816,1599.0
2025-04-22 04:00:00+00:00,0.88817,0.88862,0.88748,0.88787,1133.0
2025-04-22 05:00:00+00:00,0.8879,0.88832,0.88616,0.88798,1833.0
2025-04-22 06:00:00+00:00,0.88802,0.88858,0.88716,0.88716,1621.0
2025-04-22 07:00:00+00:00,0.8872,0.88774,0.88572,0.88622,1867.0
2025-04-22 08:00:00+00:00,0.88622,0.8871,0.88542,0.88554,1514.0
2025-04-22 09:00:00+00:00,0.88548,0.88624,0.88542,0.88586,1553.0
2025-04-22 10:00:00+00:00,0.8858,0.88621,0.88518,0.88562,1670.0
2025-04-22 11:00:00+00:00,0.88562,0.88592,0.88502,0.88527,1707.0
2025-04-22 12:00:00+00:00,0.88526,0.88597,0.88488,0.88488,2463.0
2025-04-22 13:00:00+00:00,0.88492,0.88496,0.88341,0.88364,2424.0
2025-04-22 14:00:00+00:00,0.88364,0.88528,0.88302,0.88338,2024.0
2025-04-22 15:00:00+00:00,0.88341,0.88399,0.88158,0.88178,1648.0
2025-04-22 16:00:00+00:00,0.88172,0.88448,0.88172,0.88319,2490.0
2025-04-22 17:00:00+00:00,0.88322,0.88358,0.88118,0.88181,2504.0
2025-04-22 18:00:00+00:00,0.88182,0.88216,0.88044,0.88068,976.0
2025-04-22 19:00:00+00:00,0.88064,0.88112,0.87958,0.87968,1536.0
2025-04-22 20:00:00+00:00,0.87973,0.88013,0.87901,0.87912,697.0
2025-04-22 21:00:00+00:00,0.87932,0.88296,0.87932,0.88118,654.0
2025-04-22 22:00:00+00:00,0.88124,0.88182,0.8793,0.88048,5779.0
2025-04-22 23:00:00+00:00,0.88046,0.883,0.88046,0.88278,2504.0
2025-04-23 00:00:00+00:00,0.88284,0.88426,0.8825,0.88426,2182.0
2025-04-23 01:00:00+00:00,0.88431,0.88529,0.88378,0.88432,1919.0
2025-04-23 02:00:00+00:00,0.88438,0.88451,0.88338,0.88394,1399.0
2025-04-23 03:00:00+00:00,0.88396,0.88465,0.88306,0.88452,1003.0
2025-04-23 04:00:00+00:00,0.88447,0.88512,0.88414,0.88454,640.0
2025-04-23 05:00:00+00:00,0.88449,0.88513,0.88415,0.88494,1069.0
2025-04-23 06:00:00+00:00,0.88492,0.88726,0.88477,0.88674,1978.0
2025-04-23 07:00:00+00:00,0.88682,0.88712,0.88528,0.88576,2463.0
2025-04-23 08:00:00+00:00,0.8858,0.88654,0.88434,0.88548,2365.0
2025-04-23 09:00:00+00:00,0.88546,0.88594,0.8851,0.88553,1495.0
2025-04-23 10:00:00+00:00,0.88552,0.88562,0.88466,0.88531,1367.0
2025-04-23 11:00:00+00:00,0.88526,0.8869,0.8851,0.88607,1921.0
2025-04-23 12:00:00+00:00,0.88607,0.88767,0.88587,0.88764,2141.0
2025-04-23 13:00:00+00:00,0.88763,0.89016,0.88682,0.88809,6364.0
2025-04-23 14:00:00+00:00,0.88811,0.88917,0.88699,0.8874,4512.0
2025-04-23 15:00:00+00:00,0.88746,0.88786,0.8848,0.88558,3646.0
2025-04-23 16:00:00+00:00,0.8856,0.88564,0.88367,0.88486,1968.0
2025-04-23 17:00:00+00:00,0.88482,0.88533,0.88448,0.88467,1886.0
2025-04-23 18:00:00+00:00,0.88466,0.88468,0.88348,0.88372,1611.0
2025-04-23 19:00:00+00:00,0.8837,0.88398,0.88224,0.88286,1645.0
2025-04-23 20:00:00+00:00,0.88282,0.88331,0.88228,0.88258,1047.0
2025-04-23 21:00:00+00:00,0.8825,0.88392,0.8825,0.88352,564.0
2025-04-23 22:00:00+00:00,0.88376,0.88376,0.8826,0.8831,1369.0
2025-04-23 23:00:00+00:00,0.88303,0.88358,0.88278,0.88282,1127.0
2025-04-24 00:00:00+00:00,0.88288,0.8836,0.88206,0.88266,1265.0
2025-04-24 01:00:00+00:00,0.8826,0.88292,0.88137,0.88143,1566.0
2025-04-24 02:00:00+00:00,0.88138,0.88312,0.88091,0.88282,1015.0
2025-04-24 03:00:00+00:00,0.88284,0.88294,0.88142,0.88199,713.0
2025-04-24 04:00:00+00:00,0.88204,0.88256,0.88149,0.88175,655.0
2025-04-24 05:00:00+00:00,0.88172,0.8821,0.88004,0.8804,1266.0
2025-04-24 06:00:00+00:00,0.88045,0.88293,0.88036,0.88258,1775.0
2025-04-24 07:00:00+00:00,0.88258,0.88374,0.88251,0.8835,2351.0
2025-04-24 08:00:00+00:00,0.88356,0.88424,0.88302,0.88302,2519.0
2025-04-24 09:00:00+00:00,0.88306,0.88392,0.88295,0.88384,1108.0
2025-04-24 10:00:00+00:00,0.8838,0.88454,0.88365,0.88411,1038.0
2025-04-24 11:00:00+00:00,0.8841,0.885,0.88367,0.88372,1959.0
2025-04-24 12:00:00+00:00,0.88374,0.88525,0.88372,0.88436,2215.0
2025-04-24 13:00:00+00:00,0.8844,0.88538,0.88387,0.88502,1630.0
2025-04-24 14:00:00+00:00,0.88499,0.88821,0.88497,0.88814,2751.0
2025-04-24 15:00:00+00:00,0.88813,0.88866,0.88725,0.888,1755.0
2025-04-24 16:00:00+00:00,0.88804,0.8893,0.8879,0.88913,1802.0
2025-04-24 17:00:00+00:00,0.88914,0.88926,0.88765,0.88768,1024.0
2025-04-24 18:00:00+00:00,0.88764,0.88801,0.88739,0.88739,901.0
2025-04-24 19:00:00+00:00,0.88738,0.88774,0.88718,0.88752,940.0
2025-04-24 20:00:00+00:00,0.88752,0.88799,0.88729,0.88786,989.0
2025-04-24 21:00:00+00:00,0.8878,0.88815,0.88722,0.88759,433.0
2025-04-24 22:00:00+00:00,0.88764,0.88884,0.88759,0.88812,699.0
2025-04-24 23:00:00+00:00,0.88814,0.88816,0.88674,0.88674,580.0
2025-04-25 00:00:00+00:00,0.88675,0.88795,0.88675,0.88766,1002.0
2025-04-25 01:00:00+00:00,0.88766,0.8881,0.88674,0.88695,793.0
2025-04-25 02:00:00+00:00,0.887,0.88752,0.88668,0.8874,1751.0
2025-04-25 03:00:00+00:00,0.88741,0.88992,0.8874,0.88972,1998.0
2025-04-25 04:00:00+00:00,0.88964,0.88994,0.8888,0.88886,847.0
2025-04-25 05:00:00+00:00,0.88885,0.8893,0.8876,0.88766,1102.0
2025-04-25 06:00:00+00:00,0.88766,0.88854,0.88688,0.88822,1402.0
2025-04-25 07:00:00+00:00,0.88821,0.88912,0.8872,0.88808,2343.0
2025-04-25 08:00:00+00:00,0.88808,0.88848,0.8867,0.8874,1657.0
2025-04-25 09:00:00+00:00,0.88738,0.88749,0.8855,0.88558,1197.0
2025-04-25 10:00:00+00:00,0.88557,0.88634,0.88532,0.8856,1524.0
2025-04-25 11:00:00+00:00,0.88564,0.88604,0.88498,0.8851,1065.0
2025-04-25 12:00:00+00:00,0.88506,0.88546,0.88471,0.88518,1231.0
2025-04-25 13:00:00+00:00,0.88519,0.88552,0.88423,0.88471,1759.0
2025-04-25 14:00:00+00:00,0.88478,0.88644,0.88472,0.88584,1949.0
2025-04-25 15:00:00+00:00,0.8858,0.88631,0.88495,0.88624,887.0
2025-04-25 16:00:00+00:00,0.8862,0.88698,0.88604,0.88641,668.0
2025-04-25 17:00:00+00:00,0.88644,0.88752,0.88638,0.8867,960.0
2025-04-25 18:00:00+00:00,0.88677,0.8875,0.88662,0.88726,770.0
2025-04-25 19:00:00+00:00,0.8873,0.88755,0.88702,0.88712,948.0
2025-04-25 20:00:00+00:00,0.88718,0.88726,0.88592,0.8862,566.0
2025-04-27 21:00:00+00:00,0.88618,0.88835,0.88618,0.88706,176.0
2025-04-27 22:00:00+00:00,0.88666,0.88686,0.88558,0.88667,888.0
2025-04-27 23:00:00+00:00,0.88664,0.88681,0.88498,0.88524,610.0
2025-04-28 00:00:00+00:00,0.88524,0.8864,0.88478,0.88612,1118.0
2025-04-28 01:00:00+00:00,0.88612,0.88664,0.88559,0.88578,1008.0
2025-04-28 02:00:00+00:00,0.88576,0.8862,0.88532,0.88532,1159.0
2025-04-28 03:00:00+00:00,0.88522,0.8865,0.88466,0.88602,980.0
2025-04-28 04:00:00+00:00,0.886,0.88777,0.88596,0.88773,934.0
2025-04-28 05:00:00+00:00,0.88776,0.88816,0.88708,0.88792,956.0
2025-04-28 06:00:00+00:00,0.88796,0.88812,0.88598,0.88633,1462.0
2025-04-28 07:00:00+00:00,0.88631,0.88637,0.88438,0.88438,1746.0
2025-04-28 08:00:00+00:00,0.88431,0.88592,0.88404,0.88586,2130.0
2025-04-28 09:00:00+00:00,0.88584,0.88768,0.88563,0.88703,1487.0
2025-04-28 10:00:00+00:00,0.88708,0.88801,0.88698,0.88747,962.0
2025-04-28 11:00:00+00:00,0.88748,0.88776,0.88674,0.88674,1319.0
2025-04-28 12:00:00+00:00,0.88684,0.88759,0.8863,0.88694,1337.0
2025-04-28 13:00:00+00:00,0.88694,0.88814,0.88663,0.8874,2115.0
2025-04-28 14:00:00+00:00,0.88744,0.88914,0.8872,0.88852,2711.0
2025-04-28 15:00:00+00:00,0.88851,0.8888,0.88762,0.88854,1913.0
2025-04-28 16:00:00+00:00,0.88858,0.88906,0.88835,0.88876,1718.0
2025-04-28 17:00:00+00:00,0.88874,0.88917,0.88844,0.88891,1369.0
2025-04-28 18:00:00+00:00,0.88888,0.8897,0.88888,0.8895,1032.0
2025-04-28 19:00:00+00:00,0.88944,0.88966,0.88902,0.88902,668.0
2025-04-28 20:00:00+00:00,0.88906,0.88962,0.8888,0.88948,558.0
2025-04-28 21:00:00+00:00,0.88936,0.88989,0.88906,0.8894,124.0
2025-04-28 22:00:00+00:00,0.88958,0.88972,0.88904,0.88938,485.0
2025-04-28 23:00:00+00:00,0.88938,0.88964,0.88874,0.88912,948.0
2025-04-29 00:00:00+00:00,0.88914,0.88944,0.8884,0.8894,695.0
2025-04-29 01:00:00+00:00,0.88936,0.88982,0.88898,0.88958,851.0
2025-04-29 02:00:00+00:00,0.88963,0.89124,0.88809,0.8889,1688.0
2025-04-29 03:00:00+00:00,0.88894,0.88992,0.88875,0.8891,1431.0
2025-04-29 04:00:00+00:00,0.8891,0.88915,0.8884,0.88894,550.0
2025-04-29 05:00:00+00:00,0.88892,0.88968,0.88881,0.88945,1084.0
2025-04-29 06:00:00+00:00,0.88942,0.88988,0.88858,0.88888,1541.0
2025-04-29 07:00:00+00:00,0.88884,0.88902,0.88752,0.88857,1884.0
2025-04-29 08:00:00+00:00,0.88852,0.8887,0.8874,0.88768,2112.0
2025-04-29 09:00:00+00:00,0.88766,0.8881,0.88734,0.88766,2152.0
2025-04-29 10:00:00+00:00,0.88764,0.88786,0.88609,0.88609,1853.0
2025-04-29 11:00:00+00:00,0.8861,0.88692,0.88602,0.88668,963.0
2025-04-29 12:00:00+00:00,0.88668,0.88787,0.88658,0.88684,1513.0
2025-04-29 13:00:00+00:00,0.88686,0.88706,0.88476,0.88492,2195.0
2025-04-29 14:00:00+00:00,0.88495,0.8854,0.88364,0.88451,3146.0
2025-04-29 15:00:00+00:00,0.88454,0.88516,0.88427,0.88438,1468.0
2025-04-29 16:00:00+00:00,0.88438,0.88534,0.88428,0.88466,941.0
2025-04-29 17:00:00+00:00,0.88467,0.885,0.88403,0.88414,953.0
2025-04-29 18:00:00+00:00,0.88414,0.88453,0.88394,0.88412,1058.0
2025-04-29 19:00:00+00:00,0.8841,0.88428,0.88291,0.88322,1122.0
2025-04-29 20:00:00+00:00,0.88322,0.88346,0.8828,0.88307,736.0
2025-04-29 21:00:00+00:00,0.88298,0.88399,0.88286,0.88308,175.0
2025-04-29 22:00:00+00:00,0.88301,0.88301,0.8825,0.88278,533.0
2025-04-29 23:00:00+00:00,0.88274,0.88315,0.88272,0.88308,376.0
2025-04-30 00:00:00+00:00,0.88302,0.88366,0.88239,0.88282,985.0
2025-04-30 01:00:00+00:00,0.88278,0.88572,0.88271,0.88544,2120.0
2025-04-30 02:00:00+00:00,0.88542,0.88602,0.88496,0.88559,1764.0
2025-04-30 03:00:00+00:00,0.8856,0.88604,0.88525,0.8856,973.0
2025-04-30 04:00:00+00:00,0.88566,0.88724,0.88562,0.88722,1286.0
2025-04-30 05:00:00+00:00,0.88724,0.88728,0.8867,0.88706,1161.0
2025-04-30 06:00:00+00:00,0.88704,0.88713,0.88558,0.88598,1295.0
2025-04-30 07:00:00+00:00,0.88602,0.88608,0.88406,0.88434,2589.0
2025-04-30 08:00:00+00:00,0.88432,0.88482,0.88374,0.88453,2996.0
2025-04-30 09:00:00+00:00,0.88456,0.88518,0.88432,0.8848,1727.0
2025-04-30 10:00:00+00:00,0.88475,0.88499,0.88406,0.88444,1489.0
2025-04-30 11:00:00+00:00,0.8844,0.8845,0.88396,0.88397,737.0
2025-04-30 12:00:00+00:00,0.88392,0.88409,0.88121,0.88254,2791.0
2025-04-30 13:00:00+00:00,0.88258,0.8826,0.87978,0.88011,2073.0
2025-04-30 14:00:00+00:00,0.88012,0.88392,0.8801,0.88374,2735.0
2025-04-30 15:00:00+00:00,0.88367,0.88406,0.88275,0.88339,2287.0
2025-04-30 16:00:00+00:00,0.88337,0.88381,0.8829,0.88314,1170.0
2025-04-30 17:00:00+00:00,0.8831,0.88362,0.88248,0.88248,1093.0
2025-04-30 18:00:00+00:00,0.88244,0.88366,0.8821,0.88268,1645.0
2025-04-30 19:00:00+00:00,0.88265,0.88328,0.88237,0.88285,1075.0
2025-04-30 20:00:00+00:00,0.8829,0.88345,0.8826,0.88339,1357.0
2025-04-30 21:00:00+00:00,0.88334,0.88339,0.88286,0.88286,92.0
2025-04-30 22:00:00+00:00,0.88294,0.88401,0.88294,0.88352,847.0
2025-04-30 23:00:00+00:00,0.88356,0.88434,0.88347,0.88415,550.0
2025-05-01 00:00:00+00:00,0.88416,0.88455,0.88381,0.88417,1193.0
2025-05-01 01:00:00+00:00,0.88416,0.88435,0.88356,0.88385,2192.0
2025-05-01 02:00:00+00:00,0.88386,0.8859,0.88372,0.88478,1408.0
2025-05-01 03:00:00+00:00,0.88482,0.88482,0.88358,0.88384,2240.0
2025-05-01 04:00:00+00:00,0.88385,0.88398,0.88248,0.88283,1483.0
2025-05-01 05:00:00+00:00,0.88285,0.88327,0.88176,0.8822,1946.0
2025-05-01 06:00:00+00:00,0.88219,0.88328,0.88205,0.8829,2079.0
2025-05-01 07:00:00+00:00,0.88294,0.88295,0.88166,0.88183,2848.0
2025-05-01 08:00:00+00:00,0.88182,0.88276,0.88158,0.88229,1803.0
2025-05-01 09:00:00+00:00,0.88226,0.88287,0.88114,0.88129,1360.0
2025-05-01 10:00:00+00:00,0.88124,0.88323,0.88106,0.88317,1756.0
2025-05-01 11:00:00+00:00,0.88315,0.88366,0.88246,0.88292,1629.0
2025-05-01 12:00:00+00:00,0.88292,0.88341,0.88216,0.88249,3014.0
2025-05-01 13:00:00+00:00,0.88244,0.88285,0.88106,0.88125,2939.0
2025-05-01 14:00:00+00:00,0.88102,0.88357,0.88011,0.8834,5861.0
2025-05-01 15:00:00+00:00,0.88342,0.88398,0.88207,0.88224,3225.0
2025-05-01 16:00:00+00:00,0.88222,0.88272,0.88185,0.88268,1179.0
2025-05-01 17:00:00+00:00,0.88272,0.8836,0.88252,0.88319,1487.0
2025-05-01 18:00:00+00:00,0.88314,0.8846,0.88294,0.88415,1961.0
2025-05-01 19:00:00+00:00,0.88416,0.8842,0.88348,0.88356,1102.0
2025-05-01 20:00:00+00:00,0.88355,0.88438,0.88314,0.88426,1438.0
2025-05-01 21:00:00+00:00,0.8843,0.8846,0.88298,0.88442,472.0
2025-05-01 22:00:00+00:00,0.88446,0.88456,0.88386,0.88404,375.0
2025-05-01 23:00:00+00:00,0.88406,0.88466,0.88396,0.88427,310.0
2025-05-02 00:00:00+00:00,0.88431,0.88728,0.88387,0.88658,2100.0
2025-05-02 01:00:00+00:00,0.88666,0.88682,0.88578,0.88654,1826.0
2025-05-02 02:00:00+00:00,0.88658,0.887,0.8861,0.8863,1014.0
2025-05-02 03:00:00+00:00,0.88627,0.88706,0.88522,0.88677,1056.0
2025-05-02 04:00:00+00:00,0.88666,0.8867,0.88514,0.88638,1179.0
2025-05-02 05:00:00+00:00,0.88638,0.88651,0.88576,0.88577,711.0
2025-05-02 06:00:00+00:00,0.88576,0.8867,0.88528,0.8855,1732.0
2025-05-02 07:00:00+00:00,0.88549,0.88691,0.88546,0.88631,2020.0
2025-05-02 08:00:00+00:00,0.88632,0.88816,0.88606,0.88785,1490.0
2025-05-02 09:00:00+00:00,0.88786,0.89,0.8875,0.88952,1948.0
2025-05-02 10:00:00+00:00,0.88956,0.88988,0.88872,0.88906,1404.0
2025-05-02 11:00:00+00:00,0.88902,0.8899,0.88894,0.8891,1257.0
2025-05-02 12:00:00+00:00,0.88912,0.89124,0.88788,0.891,3430.0
2025-05-02 13:00:00+00:00,0.89105,0.89151,0.88978,0.89059,2718.0
2025-05-02 14:00:00+00:00,0.89057,0.89119,0.88972,0.8902,2208.0
2025-05-02 15:00:00+00:00,0.89017,0.89062,0.8885,0.88888,1691.0
2025-05-02 16:00:00+00:00,0.8889,0.8903,0.88879,0.88937,1976.0
2025-05-02 17:00:00+00:00,0.88938,0.89,0.88895,0.88992,912.0
2025-05-02 18:00:00+00:00,0.88988,0.89024,0.88952,0.88994,922.0
2025-05-02 19:00:00+00:00,0.88996,0.89078,0.88976,0.89028,662.0
2025-05-02 20:00:00+00:00,0.89026,0.89102,0.89026,0.89082,869.0
2025-05-04 21:00:00+00:00,0.88968,0.89154,0.88968,0.89058,321.0
2025-05-04 22:00:00+00:00,0.89058,0.89233,0.89028,0.8923,1147.0
2025-05-04 23:00:00+00:00,0.89232,0.89232,0.89078,0.89082,570.0
2025-05-05 00:00:00+00:00,0.89081,0.89094,0.88958,0.8907,1196.0
2025-05-05 01:00:00+00:00,0.8907,0.89408,0.89067,0.8927,2412.0
2025-05-05 02:00:00+00:00,0.89266,0.89338,0.8921,0.8927,1405.0
2025-05-05 03:00:00+00:00,0.89272,0.89279,0.89202,0.89226,920.0
2025-05-05 04:00:00+00:00,0.89234,0.89272,0.89178,0.8925,743.0
2025-05-05 05:00:00+00:00,0.8925,0.89466,0.89231,0.89412,1886.0
2025-05-05 06:00:00+00:00,0.89416,0.89427,0.89297,0.89364,2111.0
2025-05-05 07:00:00+00:00,0.89368,0.89426,0.8931,0.89326,1400.0
2025-05-05 08:00:00+00:00,0.89322,0.89556,0.89312,0.8946,2009.0
2025-05-05 09:00:00+00:00,0.8946,0.89562,0.8946,0.89508,1485.0
2025-05-05 10:00:00+00:00,0.89509,0.89532,0.89446,0.89452,613.0
2025-05-05 11:00:00+00:00,0.89448,0.89584,0.89448,0.89467,961.0
2025-05-05 12:00:00+00:00,0.89468,0.8964,0.89461,0.89602,1369.0
2025-05-05 13:00:00+00:00,0.89597,0.89624,0.89485,0.89495,1640.0
2025-05-05 14:00:00+00:00,0.89466,0.89571,0.89421,0.89498,1832.0
2025-05-05 15:00:00+00:00,0.89495,0.89502,0.89329,0.89368,845.0
2025-05-05 16:00:00+00:00,0.89368,0.89386,0.89279,0.89286,667.0
2025-05-05 17:00:00+00:00,0.89285,0.89317,0.89269,0.89296,419.0
2025-05-05 18:00:00+00:00,0.89293,0.8936,0.89282,0.8934,457.0
2025-05-05 19:00:00+00:00,0.89336,0.89404,0.89326,0.8935,416.0
2025-05-05 20:00:00+00:00,0.8935,0.89432,0.89339,0.89427,330.0
2025-05-05 21:00:00+00:00,0.89342,0.89419,0.89309,0.8938,254.0
2025-05-05 22:00:00+00:00,0.89408,0.89412,0.89344,0.89365,293.0
2025-05-05 23:00:00+00:00,0.89361,0.8938,0.89294,0.89304,419.0
2025-05-06 00:00:00+00:00,0.89305,0.89324,0.89172,0.89238,893.0
2025-05-06 01:00:00+00:00,0.8924,0.89322,0.89198,0.89217,1949.0
2025-05-06 02:00:00+00:00,0.89222,0.89333,0.89218,0.89264,1201.0
2025-05-06 03:00:00+00:00,0.89268,0.89306,0.8921,0.89298,1241.0
2025-05-06 04:00:00+00:00,0.89297,0.8939,0.89278,0.8937,1316.0
2025-05-06 05:00:00+00:00,0.89372,0.89372,0.89166,0.89212,1238.0
2025-05-06 06:00:00+00:00,0.89212,0.89286,0.8909,0.89286,1723.0
2025-05-06 07:00:00+00:00,0.89282,0.89294,0.89184,0.89218,2070.0
2025-05-06 08:00:00+00:00,0.89212,0.89228,0.89157,0.89164,1680.0
2025-05-06 09:00:00+00:00,0.89164,0.89166,0.8904,0.8913,1483.0
2025-05-06 10:00:00+00:00,0.8913,0.89225,0.891,0.89225,1667.0
2025-05-06 11:00:00+00:00,0.89222,0.89254,0.89153,0.89214,1487.0
2025-05-06 12:00:00+00:00,0.89216,0.89286,0.89166,0.89278,1888.0
2025-05-06 13:00:00+00:00,0.8928,0.89287,0.89175,0.89244,2145.0
2025-05-06 14:00:00+00:00,0.89246,0.89408,0.89224,0.89348,2215.0
2025-05-06 15:00:00+00:00,0.89347,0.89412,0.89304,0.89367,1301.0
2025-05-06 16:00:00+00:00,0.89372,0.89464,0.89314,0.89339,2171.0
2025-05-06 17:00:00+00:00,0.89342,0.89494,0.89332,0.89397,1156.0
2025-05-06 18:00:00+00:00,0.89393,0.89502,0.89392,0.89481,1241.0
2025-05-06 19:00:00+00:00,0.89481,0.89488,0.8945,0.89472,809.0
2025-05-06 20:00:00+00:00,0.89476,0.89506,0.8941,0.89466,866.0
2025-05-06 21:00:00+00:00,0.89467,0.89482,0.8937,0.89386,472.0
2025-05-06 22:00:00+00:00,0.89388,0.89728,0.89354,0.89619,3246.0
2025-05-06 23:00:00+00:00,0.89624,0.89652,0.89537,0.89558,1746.0
2025-05-07 00:00:00+00:00,0.89565,0.89604,0.89424,0.89518,2191.0
2025-05-07 01:00:00+00:00,0.89517,0.89692,0.89417,0.89526,3232.0
2025-05-07 02:00:00+00:00,0.89531,0.89531,0.89375,0.89456,1937.0
2025-05-07 03:00:00+00:00,0.89454,0.8951,0.89388,0.89431,1721.0
2025-05-07 04:00:00+00:00,0.8943,0.89486,0.89353,0.89392,1111.0
2025-05-07 05:00:00+00:00,0.89388,0.8947,0.89352,0.89394,1876.0
2025-05-07 06:00:00+00:00,0.89394,0.89488,0.8938,0.89424,1467.0
2025-05-07 07:00:00+00:00,0.89421,0.89421,0.89303,0.89367,2130.0
2025-05-07 08:00:00+00:00,0.89363,0.8937,0.89258,0.89268,2070.0
2025-05-07 09:00:00+00:00,0.89272,0.89304,0.89208,0.89273,1172.0
2025-05-07 10:00:00+00:00,0.89273,0.89338,0.89234,0.89322,906.0
2025-05-07 11:00:00+00:00,0.89324,0.89336,0.8924,0.89284,1216.0
2025-05-07 12:00:00+00:00,0.89284,0.89328,0.89264,0.89285,721.0
2025-05-07 13:00:00+00:00,0.89284,0.89286,0.89136,0.89206,1272.0
2025-05-07 14:00:00+00:00,0.89209,0.89222,0.89074,0.89132,2098.0
2025-05-07 15:00:00+00:00,0.89131,0.89132,0.8897,0.88985,1151.0
2025-05-07 16:00:00+00:00,0.88992,0.8913,0.8896,0.89084,804.0
2025-05-07 17:00:00+00:00,0.89084,0.89102,0.89026,0.89048,759.0
2025-05-07 18:00:00+00:00,0.89061,0.89166,0.8898,0.89073,4271.0
2025-05-07 19:00:00+00:00,0.89074,0.89074,0.888,0.88938,3016.0
2025-05-07 20:00:00+00:00,0.88939,0.88956,0.8886,0.88916,1013.0
2025-05-07 21:00:00+00:00,0.88912,0.891,0.88865,0.8895,191.0
2025-05-07 22:00:00+00:00,0.88946,0.88954,0.88888,0.88914,608.0
2025-05-07 23:00:00+00:00,0.88909,0.88976,0.88896,0.88968,398.0
2025-05-08 00:00:00+00:00,0.88973,0.89118,0.88946,0.89049,1321.0
2025-05-08 01:00:00+00:00,0.8905,0.89284,0.89034,0.89206,2665.0
2025-05-08 02:00:00+00:00,0.89214,0.89288,0.89186,0.8921,2299.0
2025-05-08 03:00:00+00:00,0.89208,0.89308,0.89208,0.8927,1437.0
2025-05-08 04:00:00+00:00,0.89266,0.89285,0.89207,0.89214,883.0
2025-05-08 05:00:00+00:00,0.8922,0.89226,0.891,0.89166,1945.0
2025-05-08 06:00:00+00:00,0.89167,0.89174,0.88861,0.88926,2991.0
2025-05-08 07:00:00+00:00,0.88928,0.8905,0.88842,0.88998,2632.0
2025-05-08 08:00:00+00:00,0.88992,0.89032,0.8891,0.88918,2359.0
2025-05-08 09:00:00+00:00,0.88922,0.89028,0.88912,0.89008,1636.0
2025-05-08 10:00:00+00:00,0.89002,0.89146,0.8898,0.8903,1696.0
2025-05-08 11:00:00+00:00,0.89026,0.89125,0.89018,0.89104,2169.0
2025-05-08 12:00:00+00:00,0.89108,0.89164,0.8908,0.89124,1923.0
2025-05-08 13:00:00+00:00,0.89125,0.89207,0.89094,0.89128,1995.0
2025-05-08 14:00:00+00:00,0.89134,0.89246,0.8908,0.89096,2633.0
2025-05-08 15:00:00+00:00,0.89098,0.89312,0.89051,0.89245,3152.0
2025-05-08 16:00:00+00:00,0.89248,0.8926,0.89152,0.89232,1662.0
2025-05-08 17:00:00+00:00,0.89228,0.8924,0.89133,0.8917,1082.0
2025-05-08 18:00:00+00:00,0.89171,0.89194,0.89074,0.89076,889.0
2025-05-08 19:00:00+00:00,0.89075,0.89152,0.89074,0.89088,1027.0
2025-05-08 20:00:00+00:00,0.89087,0.89118,0.89046,0.89096,412.0
2025-05-08 21:00:00+00:00,0.89164,0.89227,0.89075,0.89134,90.0
2025-05-08 22:00:00+00:00,0.89128,0.89128,0.8907,0.89088,306.0
2025-05-08 23:00:00+00:00,0.89091,0.89091,0.89,0.89018,442.0
2025-05-09 00:00:00+00:00,0.89016,0.89073,0.8897,0.88992,2011.0
2025-05-09 01:00:00+00:00,0.88991,0.89077,0.88917,0.88994,1917.0
2025-05-09 02:00:00+00:00,0.88992,0.8907,0.88814,0.89064,2472.0
2025-05-09 03:00:00+00:00,0.89062,0.89189,0.89059,0.89182,1681.0
2025-05-09 04:00:00+00:00,0.89184,0.89208,0.89112,0.89196,646.0
2025-05-09 05:00:00+00:00,0.89193,0.89196,0.891,0.89126,996.0
2025-05-09 06:00:00+00:00,0.8913,0.89178,0.89094,0.89114,1482.0
2025-05-09 07:00:00+00:00,0.89107,0.89244,0.89078,0.89194,1497.0
2025-05-09 08:00:00+00:00,0.89196,0.89197,0.89062,0.89143,966.0
2025-05-09 09:00:00+00:00,0.89144,0.8916,0.89043,0.8906,1355.0
2025-05-09 10:00:00+00:00,0.89058,0.89062,0.88982,0.8905,1785.0
2025-05-09 11:00:00+00:00,0.89052,0.89145,0.89041,0.89097,2224.0
2025-05-09 12:00:00+00:00,0.89099,0.89184,0.89072,0.89175,1917.0
2025-05-09 13:00:00+00:00,0.89179,0.89467,0.89179,0.89444,3470.0
2025-05-09 14:00:00+00:00,0.89441,0.89546,0.89378,0.89422,4180.0
2025-05-09 15:00:00+00:00,0.89424,0.89481,0.89406,0.89452,3546.0
2025-05-09 16:00:00+00:00,0.89451,0.89485,0.8937,0.89378,2610.0
2025-05-09 17:00:00+00:00,0.89377,0.89403,0.89344,0.89358,2190.0
2025-05-09 18:00:00+00:00,0.89357,0.89381,0.8932,0.89326,1834.0
2025-05-09 19:00:00+00:00,0.89331,0.89339,0.89284,0.89318,1690.0
2025-05-09 20:00:00+00:00,0.89316,0.89368,0.89295,0.89362,1276.0
2025-05-11 21:00:00+00:00,0.89254,0.89457,0.89197,0.89383,307.0
2025-05-11 22:00:00+00:00,0.89382,0.89581,0.89271,0.8941,2775.0
2025-05-11 23:00:00+00:00,0.89413,0.89493,0.89386,0.89404,1720.0
2025-05-12 00:00:00+00:00,0.89406,0.89501,0.89342,0.8949,4175.0
2025-05-12 01:00:00+00:00,0.8949,0.8961,0.89474,0.89514,4911.0
2025-05-12 02:00:00+00:00,0.89514,0.89548,0.89428,0.89505,3371.0
2025-05-12 03:00:00+00:00,0.89504,0.89544,0.89444,0.89526,2612.0
2025-05-12 04:00:00+00:00,0.89528,0.89584,0.89492,0.89543,1738.0
2025-05-12 05:00:00+00:00,0.89548,0.89663,0.89528,0.89638,3000.0
2025-05-12 06:00:00+00:00,0.89636,0.89658,0.89548,0.89556,4470.0
2025-05-12 07:00:00+00:00,0.89557,0.89908,0.8933,0.89474,15617.0
2025-05-12 08:00:00+00:00,0.89476,0.89628,0.8936,0.89464,9702.0
2025-05-12 09:00:00+00:00,0.89463,0.8956,0.89429,0.89508,5342.0
2025-05-12 10:00:00+00:00,0.89507,0.89508,0.8924,0.89298,5985.0
2025-05-12 11:00:00+00:00,0.89298,0.89406,0.89276,0.89372,5390.0
2025-05-12 12:00:00+00:00,0.89376,0.8947,0.89322,0.89403,4563.0
2025-05-12 13:00:00+00:00,0.89403,0.89499,0.89345,0.89352,5188.0
2025-05-12 14:00:00+00:00,0.89353,0.89394,0.89186,0.8922,6475.0
2025-05-12 15:00:00+00:00,0.8922,0.8928,0.8913,0.89166,4310.0
2025-05-12 16:00:00+00:00,0.89163,0.89201,0.89087,0.89127,2721.0
2025-05-12 17:00:00+00:00,0.89127,0.89166,0.891,0.89107,2915.0
2025-05-12 18:00:00+00:00,0.89106,0.89129,0.8906,0.89114,2940.0
2025-05-12 19:00:00+00:00,0.89112,0.89125,0.89056,0.89093,2667.0
2025-05-12 20:00:00+00:00,0.89095,0.89108,0.8903,0.89045,1344.0
2025-05-12 21:00:00+00:00,0.89037,0.89112,0.88925,0.89074,274.0
2025-05-12 22:00:00+00:00,0.89064,0.89094,0.89014,0.89042,548.0
2025-05-12 23:00:00+00:00,0.89037,0.891,0.89017,0.89046,1196.0
2025-05-13 00:00:00+00:00,0.89047,0.89122,0.8898,0.8899,3449.0
2025-05-13 01:00:00+00:00,0.88992,0.89111,0.88962,0.89074,3685.0
2025-05-13 02:00:00+00:00,0.89074,0.89214,0.89051,0.89176,3253.0
2025-05-13 03:00:00+00:00,0.89176,0.89376,0.89168,0.89346,2422.0
2025-05-13 04:00:00+00:00,0.89344,0.89522,0.89324,0.89515,2247.0
2025-05-13 05:00:00+00:00,0.89512,0.89578,0.89448,0.89505,2738.0
2025-05-13 06:00:00+00:00,0.8951,0.89614,0.89434,0.89558,4252.0
2025-05-13 07:00:00+00:00,0.89553,0.89707,0.89542,0.8963,4075.0
2025-05-13 08:00:00+00:00,0.89629,0.89631,0.89548,0.89609,2981.0
2025-05-13 09:00:00+00:00,0.8961,0.89702,0.8959,0.89658,2531.0
2025-05-13 10:00:00+00:00,0.89659,0.89736,0.89588,0.8969,2549.0
2025-05-13 11:00:00+00:00,0.89688,0.89729,0.89659,0.89665,1933.0
2025-05-13 12:00:00+00:00,0.8966,0.89888,0.89634,0.89888,5230.0
2025-05-13 13:00:00+00:00,0.89884,0.90056,0.89846,0.89982,6148.0
2025-05-13 14:00:00+00:00,0.89986,0.90326,0.89917,0.90292,5707.0
2025-05-13 15:00:00+00:00,0.90292,0.9037,0.90249,0.90332,4779.0
2025-05-13 16:00:00+00:00,0.90331,0.90398,0.90316,0.90338,2986.0
2025-05-13 17:00:00+00:00,0.90338,0.90366,0.90284,0.90302,2474.0
2025-05-13 18:00:00+00:00,0.90301,0.90358,0.90248,0.90294,2187.0
2025-05-13 19:00:00+00:00,0.90293,0.90306,0.902,0.90205,1728.0
2025-05-13 20:00:00+00:00,0.902,0.90244,0.90165,0.90184,1303.0
2025-05-13 21:00:00+00:00,0.90182,0.90238,0.90094,0.90127,156.0
2025-05-13 22:00:00+00:00,0.90126,0.90212,0.90115,0.90186,852.0
2025-05-13 23:00:00+00:00,0.90185,0.90239,0.9015,0.90176,1283.0
2025-05-14 00:00:00+00:00,0.90178,0.90216,0.90156,0.90174,2322.0
2025-05-14 01:00:00+00:00,0.90175,0.90387,0.9015,0.90366,3707.0
2025-05-14 02:00:00+00:00,0.9037,0.90371,0.90181,0.90244,2189.0
2025-05-14 03:00:00+00:00,0.90246,0.90262,0.9014,0.90149,1422.0
2025-05-14 04:00:00+00:00,0.90156,0.90192,0.90098,0.90117,946.0
2025-05-14 05:00:00+00:00,0.90118,0.90218,0.90105,0.90132,2170.0
2025-05-14 06:00:00+00:00,0.90132,0.90233,0.9008,0.90204,3306.0
2025-05-14 07:00:00+00:00,0.90202,0.9035,0.90158,0.9034,3209.0
2025-05-14 08:00:00+00:00,0.90336,0.90432,0.90276,0.90301,5810.0
2025-05-14 09:00:00+00:00,0.90306,0.90372,0.90148,0.90157,5303.0
2025-05-14 10:00:00+00:00,0.90156,0.90239,0.90122,0.90198,3089.0
2025-05-14 11:00:00+00:00,0.90197,0.90229,0.901,0.90214,2448.0
2025-05-14 12:00:00+00:00,0.90218,0.9025,0.90079,0.90174,3435.0
2025-05-14 13:00:00+00:00,0.90176,0.90206,0.90053,0.90146,4482.0
2025-05-14 14:00:00+00:00,0.90146,0.90176,0.9006,0.90122,4219.0
2025-05-14 15:00:00+00:00,0.90124,0.90128,0.89974,0.90009,3272.0
2025-05-14 16:00:00+00:00,0.9001,0.90036,0.89822,0.89902,3720.0
2025-05-14 17:00:00+00:00,0.89904,0.89954,0.89873,0.89942,2164.0
2025-05-14 18:00:00+00:00,0.89944,0.89954,0.89798,0.89826,2366.0
2025-05-14 19:00:00+00:00,0.89823,0.89842,0.89776,0.89824,1841.0
2025-05-14 20:00:00+00:00,0.89824,0.89915,0.89822,0.89882,1014.0
2025-05-14 21:00:00+00:00,0.89876,0.89885,0.89734,0.89836,108.0
2025-05-14 22:00:00+00:00,0.89828,0.89872,0.89806,0.89818,541.0
2025-05-14 23:00:00+00:00,0.89817,0.89826,0.8976,0.89826,890.0
2025-05-15 00:00:00+00:00,0.89826,0.89908,0.89812,0.89858,2245.0
2025-05-15 01:00:00+00:00,0.89857,0.90132,0.8985,0.90032,3315.0
2025-05-15 02:00:00+00:00,0.9003,0.90046,0.89874,0.89973,2658.0
2025-05-15 03:00:00+00:00,0.89972,0.90024,0.89924,0.89938,1870.0
2025-05-15 04:00:00+00:00,0.8994,0.89969,0.89822,0.89834,1530.0
2025-05-15 05:00:00+00:00,0.89838,0.89888,0.89697,0.89794,2353.0
2025-05-15 06:00:00+00:00,0.89798,0.8998,0.89792,0.89968,4030.0
2025-05-15 07:00:00+00:00,0.89968,0.89986,0.89706,0.89752,4352.0
2025-05-15 08:00:00+00:00,0.89751,0.8981,0.89726,0.89769,3045.0
2025-05-15 09:00:00+00:00,0.89768,0.89794,0.89692,0.89709,2445.0
2025-05-15 10:00:00+00:00,0.89708,0.89712,0.89576,0.89586,2464.0
2025-05-15 11:00:00+00:00,0.89588,0.8964,0.89538,0.8961,2304.0
2025-05-15 12:00:00+00:00,0.89608,0.89728,0.89552,0.89693,4839.0
2025-05-15 13:00:00+00:00,0.89694,0.89788,0.89584,0.89614,6264.0
2025-05-15 14:00:00+00:00,0.89616,0.8967,0.89478,0.89582,5891.0
2025-05-15 15:00:00+00:00,0.89582,0.89607,0.89455,0.89546,3689.0
2025-05-15 16:00:00+00:00,0.89546,0.89598,0.89526,0.89548,2315.0
2025-05-15 17:00:00+00:00,0.8955,0.89592,0.89421,0.89428,2184.0
2025-05-15 18:00:00+00:00,0.89429,0.89465,0.89382,0.89444,2180.0
2025-05-15 19:00:00+00:00,0.8944,0.89443,0.8939,0.89408,1274.0
2025-05-15 20:00:00+00:00,0.89406,0.89458,0.89404,0.89423,1046.0
2025-05-15 21:00:00+00:00,0.89412,0.89472,0.8934,0.8942,174.0
2025-05-15 22:00:00+00:00,0.89408,0.8945,0.8938,0.89387,751.0
2025-05-15 23:00:00+00:00,0.89386,0.89396,0.89339,0.8938,979.0
2025-05-16 00:00:00+00:00,0.8938,0.89444,0.89242,0.89277,2774.0
2025-05-16 01:00:00+00:00,0.89276,0.8942,0.89268,0.89406,2423.0
2025-05-16 02:00:00+00:00,0.89408,0.89527,0.89339,0.89516,2242.0
2025-05-16 03:00:00+00:00,0.89516,0.89602,0.89467,0.89556,2205.0
2025-05-16 04:00:00+00:00,0.89555,0.89643,0.89546,0.89594,1583.0
2025-05-16 05:00:00+00:00,0.89594,0.89704,0.89584,0.89684,1887.0
2025-05-16 06:00:00+00:00,0.89687,0.89687,0.89552,0.89612,2753.0
2025-05-16 07:00:00+00:00,0.89609,0.89705,0.8958,0.8965,2505.0
2025-05-16 08:00:00+00:00,0.89649,0.89709,0.8962,0.89692,2363.0
2025-05-16 09:00:00+00:00,0.89688,0.89713,0.89622,0.8963,2287.0
2025-05-16 10:00:00+00:00,0.89628,0.89657,0.89594,0.89618,1710.0
2025-05-16 11:00:00+00:00,0.89617,0.89636,0.89593,0.89624,1723.0
2025-05-16 12:00:00+00:00,0.89625,0.89626,0.89496,0.89534,2363.0
2025-05-16 13:00:00+00:00,0.89534,0.89546,0.89454,0.89541,3204.0
2025-05-16 14:00:00+00:00,0.89534,0.89573,0.89386,0.8944,4821.0
2025-05-16 15:00:00+00:00,0.8944,0.89468,0.89365,0.8945,2695.0
2025-05-16 16:00:00+00:00,0.8945,0.89506,0.89423,0.89498,2238.0
2025-05-16 17:00:00+00:00,0.89501,0.89544,0.89498,0.89526,1653.0
2025-05-16 18:00:00+00:00,0.89527,0.89584,0.89522,0.89576,1645.0
2025-05-16 19:00:00+00:00,0.89573,0.89601,0.89542,0.89561,1408.0
2025-05-16 20:00:00+00:00,0.89559,0.89563,0.8944,0.89454,1117.0
2025-05-18 21:00:00+00:00,0.89497,0.89561,0.8939,0.89472,101.0
2025-05-18 22:00:00+00:00,0.89462,0.89492,0.89372,0.89423,1662.0
2025-05-18 23:00:00+00:00,0.89422,0.89478,0.89415,0.89426,1552.0
2025-05-19 00:00:00+00:00,0.89426,0.8953,0.89388,0.89528,2928.0
2025-05-19 01:00:00+00:00,0.89524,0.89543,0.89436,0.8947,2487.0
2025-05-19 02:00:00+00:00,0.89468,0.8967,0.89456,0.89616,2587.0
2025-05-19 03:00:00+00:00,0.89614,0.89631,0.89568,0.89569,1901.0
2025-05-19 04:00:00+00:00,0.89572,0.89576,0.89484,0.895,1475.0
2025-05-19 05:00:00+00:00,0.89501,0.89526,0.89388,0.8941,2329.0
2025-05-19 06:00:00+00:00,0.89406,0.89549,0.89389,0.89528,3065.0
2025-05-19 07:00:00+00:00,0.8953,0.89698,0.89502,0.89658,4700.0
2025-05-19 08:00:00+00:00,0.89662,0.89778,0.89576,0.89772,3922.0
2025-05-19 09:00:00+00:00,0.89772,0.89894,0.89736,0.89892,4333.0
2025-05-19 10:00:00+00:00,0.89894,0.89942,0.8986,0.89902,2707.0
2025-05-19 11:00:00+00:00,0.89902,0.89982,0.89865,0.89895,2564.0
2025-05-19 12:00:00+00:00,0.89896,0.89906,0.89774,0.89776,2859.0
2025-05-19 13:00:00+00:00,0.89775,0.89923,0.89773,0.89886,4399.0
2025-05-19 14:00:00+00:00,0.89888,0.89954,0.89858,0.89944,3801.0
2025-05-19 15:00:00+00:00,0.89948,0.90074,0.89925,0.90052,3061.0
2025-05-19 16:00:00+00:00,0.90054,0.90088,0.89988,0.90054,2754.0
2025-05-19 17:00:00+00:00,0.90056,0.90095,0.90046,0.90074,2272.0
2025-05-19 18:00:00+00:00,0.90074,0.90074,0.90036,0.90059,2318.0
2025-05-19 19:00:00+00:00,0.90057,0.90112,0.90041,0.90095,1362.0
2025-05-19 20:00:00+00:00,0.90094,0.90119,0.90073,0.90085,1023.0
2025-05-19 21:00:00+00:00,0.89973,0.9006,0.89952,0.90039,175.0
2025-05-19 22:00:00+00:00,0.90026,0.90112,0.90021,0.90104,566.0
2025-05-19 23:00:00+00:00,0.90106,0.90118,0.90078,0.90084,765.0
2025-05-20 00:00:00+00:00,0.90089,0.901,0.89998,0.90006,2415.0
2025-05-20 01:00:00+00:00,0.90008,0.90044,0.8995,0.89966,2219.0
2025-05-20 02:00:00+00:00,0.89966,0.90022,0.89934,0.9001,2276.0
2025-05-20 03:00:00+00:00,0.90011,0.90032,0.89976,0.8999,2099.0
2025-05-20 04:00:00+00:00,0.89988,0.89994,0.8968,0.89718,2450.0
2025-05-20 05:00:00+00:00,0.89715,0.89827,0.8946,0.89537,3667.0
2025-05-20 06:00:00+00:00,0.89536,0.8965,0.89464,0.89464,3798.0
2025-05-20 07:00:00+00:00,0.89466,0.8956,0.89458,0.89519,3099.0
2025-05-20 08:00:00+00:00,0.89518,0.89518,0.89438,0.89482,2543.0
2025-05-20 09:00:00+00:00,0.89484,0.89496,0.89411,0.89438,2115.0
2025-05-20 10:00:00+00:00,0.89437,0.89484,0.89392,0.89451,2005.0
2025-05-20 11:00:00+00:00,0.89454,0.89466,0.89382,0.89422,1686.0
2025-05-20 12:00:00+00:00,0.89418,0.89446,0.89063,0.89088,3834.0
2025-05-20 13:00:00+00:00,0.89088,0.89206,0.89082,0.89111,4395.0
2025-05-20 14:00:00+00:00,0.89109,0.89292,0.89074,0.89284,4787.0
2025-05-20 15:00:00+00:00,0.89282,0.89302,0.89224,0.89286,2946.0
2025-05-20 16:00:00+00:00,0.89288,0.8941,0.89273,0.89389,2906.0
2025-05-20 17:00:00+00:00,0.8939,0.89416,0.8936,0.8937,2408.0
2025-05-20 18:00:00+00:00,0.8937,0.8939,0.89332,0.89352,2956.0
2025-05-20 19:00:00+00:00,0.89352,0.89368,0.89316,0.89316,1394.0
2025-05-20 20:00:00+00:00,0.8932,0.89409,0.89308,0.89394,654.0
2025-05-20 21:00:00+00:00,0.89425,0.89425,0.89346,0.8935,158.0
2025-05-20 22:00:00+00:00,0.8934,0.89436,0.89282,0.89307,1117.0
2025-05-20 23:00:00+00:00,0.89308,0.89379,0.89294,0.8937,929.0
2025-05-21 00:00:00+00:00,0.8937,0.89526,0.89325,0.89516,2881.0
2025-05-21 01:00:00+00:00,0.89522,0.89553,0.89436,0.89481,3076.0
2025-05-21 02:00:00+00:00,0.8948,0.89598,0.89434,0.89504,3090.0
2025-05-21 03:00:00+00:00,0.89496,0.89604,0.89492,0.89568,2292.0
2025-05-21 04:00:00+00:00,0.8957,0.89618,0.89478,0.89604,1997.0
2025-05-21 05:00:00+00:00,0.89608,0.89678,0.89578,0.89592,2833.0
2025-05-21 06:00:00+00:00,0.89587,0.8964,0.89522,0.8958,4384.0
2025-05-21 07:00:00+00:00,0.89576,0.89588,0.89458,0.89538,4091.0
2025-05-21 08:00:00+00:00,0.8954,0.89542,0.89435,0.89474,3036.0
2025-05-21 09:00:00+00:00,0.89474,0.89514,0.89394,0.89412,2241.0
2025-05-21 10:00:00+00:00,0.89416,0.89508,0.89366,0.89452,3578.0
2025-05-21 11:00:00+00:00,0.89451,0.89538,0.89428,0.89508,2911.0
2025-05-21 12:00:00+00:00,0.89512,0.89574,0.8938,0.89398,3600.0
2025-05-21 13:00:00+00:00,0.89399,0.89422,0.89286,0.89404,3991.0
2025-05-21 14:00:00+00:00,0.89404,0.89528,0.89389,0.8942,4867.0
2025-05-21 15:00:00+00:00,0.89424,0.89472,0.89354,0.89378,3845.0
2025-05-21 16:00:00+00:00,0.89379,0.89388,0.89314,0.89318,2953.0
2025-05-21 17:00:00+00:00,0.89321,0.89364,0.89156,0.89182,5397.0
2025-05-21 18:00:00+00:00,0.89182,0.89221,0.89124,0.8915,3371.0
2025-05-21 19:00:00+00:00,0.89148,0.892,0.89111,0.89164,3312.0
2025-05-21 20:00:00+00:00,0.8916,0.8922,0.89137,0.89208,1430.0
2025-05-21 21:00:00+00:00,0.8924,0.89252,0.89155,0.89172,258.0
2025-05-21 22:00:00+00:00,0.89156,0.89206,0.89154,0.89177,885.0
2025-05-21 23:00:00+00:00,0.89176,0.89195,0.89146,0.89148,874.0
2025-05-22 00:00:00+00:00,0.8915,0.89267,0.89132,0.8923,2866.0
2025-05-22 01:00:00+00:00,0.8923,0.89281,0.89054,0.89064,3827.0
2025-05-22 02:00:00+00:00,0.89065,0.89252,0.89046,0.89199,2782.0
2025-05-22 03:00:00+00:00,0.892,0.8925,0.89166,0.89237,2338.0
2025-05-22 04:00:00+00:00,0.89238,0.89342,0.89219,0.89323,1619.0
2025-05-22 05:00:00+00:00,0.89317,0.89327,0.8925,0.89268,2313.0
2025-05-22 06:00:00+00:00,0.89265,0.89308,0.89176,0.89223,3765.0
2025-05-22 07:00:00+00:00,0.89224,0.89348,0.89215,0.89346,5077.0
2025-05-22 08:00:00+00:00,0.89346,0.8944,0.89282,0.89301,4454.0
2025-05-22 09:00:00+00:00,0.89292,0.89303,0.89134,0.89141,3801.0
2025-05-22 10:00:00+00:00,0.8914,0.89144,0.89018,0.89034,2965.0
2025-05-22 11:00:00+00:00,0.89036,0.89118,0.8901,0.89025,3804.0
2025-05-22 12:00:00+00:00,0.89026,0.89116,0.89006,0.89108,5477.0
2025-05-22 13:00:00+00:00,0.89108,0.8914,0.88974,0.89038,6365.0
2025-05-22 14:00:00+00:00,0.89038,0.89102,0.88944,0.88978,5858.0
2025-05-22 15:00:00+00:00,0.88976,0.89004,0.88881,0.88894,5547.0
2025-05-22 16:00:00+00:00,0.88894,0.88932,0.88866,0.8887,3964.0
2025-05-22 17:00:00+00:00,0.8887,0.8891,0.88838,0.88885,3535.0
2025-05-22 18:00:00+00:00,0.88884,0.88956,0.88884,0.88918,2911.0
2025-05-22 19:00:00+00:00,0.88918,0.88936,0.8883,0.88847,2960.0
2025-05-22 20:00:00+00:00,0.88848,0.88854,0.88798,0.88816,1297.0
2025-05-22 21:00:00+00:00,0.88882,0.88918,0.88846,0.88872,187.0
2025-05-22 22:00:00+00:00,0.88865,0.88877,0.88836,0.88861,647.0
2025-05-22 23:00:00+00:00,0.88862,0.88864,0.88814,0.88814,544.0
2025-05-23 00:00:00+00:00,0.88815,0.88898,0.8881,0.88898,2334.0
2025-05-23 01:00:00+00:00,0.88894,0.88975,0.88863,0.88943,2246.0
2025-05-23 02:00:00+00:00,0.8894,0.89012,0.88936,0.88985,1430.0
2025-05-23 03:00:00+00:00,0.88988,0.89045,0.88986,0.88995,1458.0
2025-05-23 04:00:00+00:00,0.88992,0.89028,0.88954,0.88976,1269.0
2025-05-23 05:00:00+00:00,0.88976,0.89014,0.88942,0.8899,1577.0
2025-05-23 06:00:00+00:00,0.88986,0.88998,0.88908,0.88936,2069.0
2025-05-23 07:00:00+00:00,0.88938,0.89169,0.88922,0.89142,3579.0
2025-05-23 08:00:00+00:00,0.89144,0.89177,0.89122,0.8917,2690.0
2025-05-23 09:00:00+00:00,0.89165,0.89233,0.89159,0.89226,2409.0
2025-05-23 10:00:00+00:00,0.89232,0.89261,0.89206,0.89246,1855.0
2025-05-23 11:00:00+00:00,0.89248,0.89314,0.88976,0.89048,5304.0
2025-05-23 12:00:00+00:00,0.89046,0.89156,0.88938,0.89114,7075.0
2025-05-23 13:00:00+00:00,0.89118,0.89122,0.8889,0.88921,5675.0
2025-05-23 14:00:00+00:00,0.88924,0.89162,0.88896,0.89041,4144.0
2025-05-23 15:00:00+00:00,0.89044,0.89126,0.89026,0.89091,2784.0
2025-05-23 16:00:00+00:00,0.89088,0.89138,0.89058,0.8911,2263.0
2025-05-23 17:00:00+00:00,0.89109,0.89202,0.8909,0.89162,1180.0
2025-05-23 18:00:00+00:00,0.89164,0.89175,0.8909,0.89132,1885.0
2025-05-23 19:00:00+00:00,0.89134,0.89178,0.89088,0.8915,1624.0
2025-05-23 20:00:00+00:00,0.89152,0.89236,0.89106,0.89214,731.0
2025-05-25 21:00:00+00:00,0.89107,0.89153,0.89055,0.89119,116.0
2025-05-25 22:00:00+00:00,0.8911,0.89282,0.89078,0.89266,2414.0
2025-05-25 23:00:00+00:00,0.89262,0.89328,0.89235,0.8931,1244.0
2025-05-26 00:00:00+00:00,0.8931,0.89324,0.89237,0.89242,2636.0
2025-05-26 01:00:00+00:00,0.89242,0.89464,0.89226,0.89453,2786.0
2025-05-26 02:00:00+00:00,0.89453,0.89516,0.89376,0.89378,2487.0
2025-05-26 03:00:00+00:00,0.89374,0.89382,0.89299,0.89346,1667.0
2025-05-26 04:00:00+00:00,0.89342,0.89396,0.89302,0.89378,1486.0
2025-05-26 05:00:00+00:00,0.89377,0.89426,0.89334,0.89419,2118.0
2025-05-26 06:00:00+00:00,0.89418,0.89434,0.89274,0.89314,2261.0
2025-05-26 07:00:00+00:00,0.89314,0.89332,0.89218,0.89218,2312.0
2025-05-26 08:00:00+00:00,0.89217,0.8933,0.89212,0.89307,1890.0
2025-05-26 09:00:00+00:00,0.89308,0.89314,0.89202,0.89225,1615.0
2025-05-26 10:00:00+00:00,0.89224,0.89299,0.89218,0.89286,1358.0
2025-05-26 11:00:00+00:00,0.89288,0.89292,0.89224,0.89292,769.0
2025-05-26 12:00:00+00:00,0.89293,0.89312,0.89224,0.8925,650.0
2025-05-26 13:00:00+00:00,0.89254,0.89328,0.89205,0.89316,818.0
2025-05-26 14:00:00+00:00,0.89321,0.89322,0.89208,0.8923,948.0
2025-05-26 15:00:00+00:00,0.8923,0.89258,0.89163,0.89163,671.0
2025-05-26 16:00:00+00:00,0.89161,0.89184,0.8912,0.89128,373.0
2025-05-26 17:00:00+00:00,0.89125,0.89128,0.89082,0.89084,345.0
2025-05-26 18:00:00+00:00,0.89084,0.89092,0.89044,0.8905,284.0
2025-05-26 19:00:00+00:00,0.89047,0.89092,0.89033,0.89076,255.0
2025-05-26 20:00:00+00:00,0.89076,0.89136,0.89056,0.89114,305.0
2025-05-26 21:00:00+00:00,0.89195,0.89195,0.89104,0.89126,57.0
2025-05-26 22:00:00+00:00,0.89123,0.89132,0.89024,0.89046,983.0
2025-05-26 23:00:00+00:00,0.89045,0.89072,0.89008,0.89009,526.0
2025-05-27 00:00:00+00:00,0.89012,0.89118,0.88994,0.89098,2438.0
2025-05-27 01:00:00+00:00,0.89102,0.89142,0.89044,0.8905,2409.0
2025-05-27 02:00:00+00:00,0.89054,0.89056,0.88954,0.8902,2724.0
2025-05-27 03:00:00+00:00,0.89019,0.89066,0.88966,0.88987,1514.0
2025-05-27 04:00:00+00:00,0.88986,0.89066,0.8893,0.88946,1461.0
2025-05-27 05:00:00+00:00,0.88945,0.89007,0.88832,0.89004,3410.0
2025-05-27 06:00:00+00:00,0.89006,0.89106,0.88918,0.88922,2360.0
2025-05-27 07:00:00+00:00,0.88925,0.88948,0.88736,0.88746,3939.0
2025-05-27 08:00:00+00:00,0.88747,0.88839,0.88736,0.88756,3177.0
2025-05-27 09:00:00+00:00,0.88756,0.88832,0.88738,0.88757,2805.0
2025-05-27 10:00:00+00:00,0.88756,0.88758,0.88683,0.88687,1700.0
2025-05-27 11:00:00+00:00,0.88686,0.88803,0.88685,0.88724,1125.0
2025-05-27 12:00:00+00:00,0.88725,0.88844,0.88709,0.88841,2130.0
2025-05-27 13:00:00+00:00,0.88844,0.88893,0.88713,0.88718,2092.0
2025-05-27 14:00:00+00:00,0.8872,0.88784,0.88604,0.88614,3222.0
2025-05-27 15:00:00+00:00,0.88614,0.88687,0.88585,0.88661,2722.0
2025-05-27 16:00:00+00:00,0.88662,0.88776,0.88646,0.8876,2318.0
2025-05-27 17:00:00+00:00,0.88764,0.88814,0.88732,0.888,1080.0
2025-05-27 18:00:00+00:00,0.88801,0.88928,0.88798,0.88918,1330.0
2025-05-27 19:00:00+00:00,0.88916,0.8906,0.88897,0.89046,1611.0
2025-05-27 20:00:00+00:00,0.8905,0.89106,0.88957,0.8899,1367.0
2025-05-27 21:00:00+00:00,0.89024,0.89032,0.8896,0.89002,180.0
2025-05-27 22:00:00+00:00,0.89004,0.89068,0.88978,0.89064,409.0
2025-05-27 23:00:00+00:00,0.89066,0.89084,0.89026,0.8904,633.0
2025-05-28 00:00:00+00:00,0.89039,0.89078,0.89017,0.89028,2083.0
2025-05-28 01:00:00+00:00,0.89028,0.89126,0.88862,0.88876,3652.0
2025-05-28 02:00:00+00:00,0.88869,0.89054,0.88839,0.88992,3291.0
2025-05-28 03:00:00+00:00,0.8899,0.89109,0.88952,0.89086,2735.0
2025-05-28 04:00:00+00:00,0.89084,0.89097,0.88896,0.889,1727.0
2025-05-28 05:00:00+00:00,0.88897,0.8901,0.88889,0.88978,2279.0
2025-05-28 06:00:00+00:00,0.88982,0.8907,0.88932,0.88942,2870.0
2025-05-28 07:00:00+00:00,0.88936,0.89038,0.88919,0.89006,3223.0
2025-05-28 08:00:00+00:00,0.89008,0.89108,0.88998,0.89079,2098.0
2025-05-28 09:00:00+00:00,0.89082,0.89105,0.89054,0.89066,2348.0
2025-05-28 10:00:00+00:00,0.89064,0.89072,0.8898,0.89008,1411.0
2025-05-28 11:00:00+00:00,0.89007,0.8904,0.8899,0.89014,1655.0
2025-05-28 12:00:00+00:00,0.89017,0.8904,0.88834,0.88863,2831.0
2025-05-28 13:00:00+00:00,0.88864,0.88888,0.88678,0.88694,4330.0
2025-05-28 14:00:00+00:00,0.88696,0.88838,0.88603,0.88722,4229.0
2025-05-28 15:00:00+00:00,0.88722,0.8876,0.88636,0.88671,3209.0
2025-05-28 16:00:00+00:00,0.8867,0.88774,0.88659,0.88768,1727.0
2025-05-28 17:00:00+00:00,0.88767,0.88864,0.88756,0.88851,1655.0
2025-05-28 18:00:00+00:00,0.88848,0.8888,0.88816,0.8886,1956.0
2025-05-28 19:00:00+00:00,0.88861,0.88904,0.88819,0.88898,1597.0
2025-05-28 20:00:00+00:00,0.88898,0.8895,0.88866,0.8893,1257.0
2025-05-28 21:00:00+00:00,0.88922,0.88922,0.88747,0.88858,256.0
2025-05-28 22:00:00+00:00,0.88856,0.88987,0.88842,0.88962,1098.0
2025-05-28 23:00:00+00:00,0.88964,0.89072,0.88835,0.8896,4967.0
2025-05-29 00:00:00+00:00,0.8896,0.89008,0.88872,0.88942,6158.0
2025-05-29 01:00:00+00:00,0.88938,0.88958,0.88784,0.889,5194.0
2025-05-29 02:00:00+00:00,0.88896,0.88916,0.88766,0.88868,3373.0
2025-05-29 03:00:00+00:00,0.8887,0.88956,0.88814,0.88956,2548.0
2025-05-29 04:00:00+00:00,0.88953,0.89019,0.88906,0.89002,1821.0
2025-05-29 05:00:00+00:00,0.88998,0.89005,0.88901,0.88952,2534.0
2025-05-29 06:00:00+00:00,0.88956,0.89088,0.88896,0.88962,3998.0
2025-05-29 07:00:00+00:00,0.88959,0.89109,0.88944,0.89104,3261.0
2025-05-29 08:00:00+00:00,0.89106,0.8911,0.8897,0.89024,2775.0
2025-05-29 09:00:00+00:00,0.89026,0.8911,0.89011,0.89026,1870.0
2025-05-29 10:00:00+00:00,0.89023,0.89072,0.89,0.8906,1897.0
2025-05-29 11:00:00+00:00,0.8906,0.89067,0.88942,0.88956,1491.0
2025-05-29 12:00:00+00:00,0.88956,0.8911,0.88951,0.89054,4264.0
2025-05-29 13:00:00+00:00,0.89051,0.89062,0.88898,0.88933,4332.0
2025-05-29 14:00:00+00:00,0.88934,0.89006,0.88876,0.88956,4567.0
2025-05-29 15:00:00+00:00,0.88952,0.88996,0.88914,0.88944,3516.0
2025-05-29 16:00:00+00:00,0.88946,0.89038,0.88915,0.89008,2691.0
2025-05-29 17:00:00+00:00,0.8901,0.89018,0.88954,0.8899,2119.0
2025-05-29 18:00:00+00:00,0.88991,0.89048,0.88974,0.89004,1736.0
2025-05-29 19:00:00+00:00,0.89007,0.89026,0.88976,0.89024,1478.0
2025-05-29 20:00:00+00:00,0.89025,0.89028,0.88934,0.88944,835.0
2025-05-29 21:00:00+00:00,0.88949,0.89078,0.88923,0.89003,341.0
2025-05-29 22:00:00+00:00,0.88997,0.88998,0.88944,0.88958,485.0
2025-05-29 23:00:00+00:00,0.88961,0.89007,0.8896,0.88972,789.0
2025-05-30 00:00:00+00:00,0.88969,0.89053,0.88912,0.89025,3045.0
2025-05-30 01:00:00+00:00,0.89029,0.89069,0.88794,0.88824,7032.0
2025-05-30 02:00:00+00:00,0.88824,0.88852,0.88777,0.88834,3599.0
2025-05-30 03:00:00+00:00,0.88834,0.88878,0.88793,0.88828,2509.0
2025-05-30 04:00:00+00:00,0.88829,0.88875,0.88809,0.88865,2540.0
2025-05-30 05:00:00+00:00,0.88866,0.88968,0.88856,0.88893,2763.0
2025-05-30 06:00:00+00:00,0.88894,0.88896,0.88764,0.88768,1877.0
2025-05-30 07:00:00+00:00,0.88764,0.88764,0.88588,0.88678,2336.0
2025-05-30 08:00:00+00:00,0.88674,0.8873,0.88639,0.8864,1459.0
2025-05-30 09:00:00+00:00,0.88638,0.8868,0.88604,0.88678,1145.0
2025-05-30 10:00:00+00:00,0.8868,0.88748,0.88672,0.8868,652.0
2025-05-30 11:00:00+00:00,0.88677,0.88718,0.88636,0.88666,891.0
2025-05-30 12:00:00+00:00,0.88665,0.88725,0.8856,0.8859,3356.0
2025-05-30 13:00:00+00:00,0.88589,0.88594,0.88391,0.88435,2574.0
2025-05-30 14:00:00+00:00,0.88438,0.88579,0.88414,0.88472,3586.0
2025-05-30 15:00:00+00:00,0.88475,0.88528,0.88423,0.8844,2107.0
2025-05-30 16:00:00+00:00,0.88436,0.88558,0.88342,0.88377,2330.0
2025-05-30 17:00:00+00:00,0.8838,0.88492,0.88376,0.88429,1213.0
2025-05-30 18:00:00+00:00,0.88434,0.88456,0.88354,0.88364,1374.0
2025-05-30 19:00:00+00:00,0.88354,0.88454,0.88354,0.88436,1365.0
2025-05-30 20:00:00+00:00,0.88432,0.88478,0.88339,0.88386,1450.0
2025-06-01 21:00:00+00:00,0.88413,0.88426,0.88382,0.88393,73.0
2025-06-01 22:00:00+00:00,0.88378,0.88478,0.88355,0.88476,1188.0
2025-06-01 23:00:00+00:00,0.88479,0.88512,0.8843,0.8843,1051.0
2025-06-02 00:00:00+00:00,0.88433,0.88578,0.8843,0.8856,2186.0
2025-06-02 01:00:00+00:00,0.88562,0.88716,0.88552,0.88578,2822.0
2025-06-02 02:00:00+00:00,0.88581,0.88679,0.88562,0.88572,2280.0
2025-06-02 03:00:00+00:00,0.88572,0.88598,0.88466,0.88532,1816.0
2025-06-02 04:00:00+00:00,0.88533,0.88588,0.88504,0.8858,1188.0
2025-06-02 05:00:00+00:00,0.8858,0.88628,0.8855,0.88604,1946.0
2025-06-02 06:00:00+00:00,0.88607,0.88682,0.88572,0.88601,1739.0
2025-06-02 07:00:00+00:00,0.88604,0.88736,0.88598,0.88674,2824.0
2025-06-02 08:00:00+00:00,0.88672,0.8873,0.88627,0.88712,3133.0
2025-06-02 09:00:00+00:00,0.88715,0.88791,0.88711,0.88779,2991.0
2025-06-02 10:00:00+00:00,0.88779,0.88796,0.88721,0.88778,2487.0
2025-06-02 11:00:00+00:00,0.88781,0.8889,0.88753,0.88807,2538.0
2025-06-02 12:00:00+00:00,0.88806,0.88886,0.88803,0.88859,2421.0
2025-06-02 13:00:00+00:00,0.8886,0.88861,0.88722,0.88767,3338.0
2025-06-02 14:00:00+00:00,0.88786,0.89044,0.8874,0.89012,5091.0
2025-06-02 15:00:00+00:00,0.89012,0.8904,0.88927,0.88944,2895.0
2025-06-02 16:00:00+00:00,0.88947,0.88955,0.88891,0.88932,2263.0
2025-06-02 17:00:00+00:00,0.88932,0.88968,0.88926,0.88946,1470.0
2025-06-02 18:00:00+00:00,0.8894,0.89026,0.88918,0.89022,1516.0
2025-06-02 19:00:00+00:00,0.89018,0.89032,0.88986,0.89016,1130.0
2025-06-02 20:00:00+00:00,0.89014,0.89116,0.89006,0.89079,964.0
2025-06-02 21:00:00+00:00,0.89028,0.89043,0.88984,0.88996,330.0
2025-06-02 22:00:00+00:00,0.89004,0.8907,0.88994,0.8906,521.0
2025-06-02 23:00:00+00:00,0.89061,0.89116,0.89038,0.89098,764.0
2025-06-03 00:00:00+00:00,0.891,0.8911,0.89035,0.89082,2121.0
2025-06-03 01:00:00+00:00,0.89083,0.89113,0.88923,0.88935,2750.0
2025-06-03 02:00:00+00:00,0.88936,0.88944,0.88777,0.88789,2328.0
2025-06-03 03:00:00+00:00,0.88784,0.88858,0.88762,0.88802,2217.0
2025-06-03 04:00:00+00:00,0.88803,0.88838,0.88772,0.88802,1780.0
2025-06-03 05:00:00+00:00,0.88804,0.88822,0.88632,0.88757,1652.0
2025-06-03 06:00:00+00:00,0.88756,0.88756,0.88612,0.88704,1997.0
2025-06-03 07:00:00+00:00,0.88706,0.88728,0.8862,0.88688,2839.0
2025-06-03 08:00:00+00:00,0.8869,0.88697,0.88623,0.88628,2712.0
2025-06-03 09:00:00+00:00,0.88629,0.88689,0.88602,0.88662,2878.0
2025-06-03 10:00:00+00:00,0.88662,0.88728,0.88644,0.8867,1332.0
2025-06-03 11:00:00+00:00,0.88674,0.88724,0.88642,0.88708,1715.0
2025-06-03 12:00:00+00:00,0.8871,0.88722,0.88563,0.88584,2441.0
2025-06-03 13:00:00+00:00,0.88586,0.88675,0.88534,0.88608,2707.0
2025-06-03 14:00:00+00:00,0.88608,0.88738,0.8854,0.88652,4425.0
2025-06-03 15:00:00+00:00,0.88653,0.88713,0.8862,0.88655,2407.0
2025-06-03 16:00:00+00:00,0.88656,0.88705,0.88638,0.88656,1575.0
2025-06-03 17:00:00+00:00,0.88663,0.88765,0.88654,0.88738,1252.0
2025-06-03 18:00:00+00:00,0.88734,0.88737,0.88679,0.88711,1362.0
2025-06-03 19:00:00+00:00,0.88712,0.88727,0.88659,0.88678,1123.0
2025-06-03 20:00:00+00:00,0.88678,0.88724,0.88656,0.88677,698.0
2025-06-03 21:00:00+00:00,0.88586,0.88729,0.88586,0.88706,370.0
2025-06-03 22:00:00+00:00,0.887,0.88719,0.88662,0.88689,529.0
2025-06-03 23:00:00+00:00,0.88693,0.887,0.88647,0.88659,702.0
2025-06-04 00:00:00+00:00,0.88665,0.88678,0.88582,0.88595,2065.0
2025-06-04 01:00:00+00:00,0.88596,0.88756,0.88509,0.88747,3366.0
2025-06-04 02:00:00+00:00,0.88746,0.88825,0.88646,0.88664,1778.0
2025-06-04 03:00:00+00:00,0.8866,0.88696,0.8863,0.88674,1526.0
2025-06-04 04:00:00+00:00,0.88675,0.88709,0.88588,0.88594,1375.0
2025-06-04 05:00:00+00:00,0.88596,0.88653,0.88551,0.88612,1884.0
2025-06-04 06:00:00+00:00,0.88614,0.88703,0.88588,0.8867,3239.0
2025-06-04 07:00:00+00:00,0.8867,0.8877,0.88632,0.88638,2241.0
2025-06-04 08:00:00+00:00,0.88635,0.88774,0.8862,0.88753,2010.0
2025-06-04 09:00:00+00:00,0.88756,0.88848,0.88726,0.88792,1811.0
2025-06-04 10:00:00+00:00,0.88798,0.88867,0.88788,0.88802,1509.0
2025-06-04 11:00:00+00:00,0.88802,0.889,0.88769,0.88859,1697.0
2025-06-04 12:00:00+00:00,0.88863,0.88972,0.88863,0.88943,2831.0
2025-06-04 13:00:00+00:00,0.88942,0.88972,0.88896,0.88952,1972.0
2025-06-04 14:00:00+00:00,0.8896,0.88982,0.88804,0.88833,4546.0
2025-06-04 15:00:00+00:00,0.88837,0.88858,0.88777,0.88818,3579.0
2025-06-04 16:00:00+00:00,0.88822,0.8885,0.88774,0.88803,1381.0
2025-06-04 17:00:00+00:00,0.88803,0.88828,0.88782,0.88814,1185.0
2025-06-04 18:00:00+00:00,0.8881,0.88849,0.8879,0.88797,1348.0
2025-06-04 19:00:00+00:00,0.888,0.8883,0.88771,0.8882,1232.0
2025-06-04 20:00:00+00:00,0.88818,0.88832,0.88792,0.88804,1011.0
2025-06-04 21:00:00+00:00,0.8878,0.88827,0.88714,0.88714,180.0
2025-06-04 22:00:00+00:00,0.88721,0.88792,0.88721,0.8879,503.0
2025-06-04 23:00:00+00:00,0.88795,0.88798,0.88757,0.88772,809.0
2025-06-05 00:00:00+00:00,0.88772,0.889,0.88768,0.88876,1699.0
2025-06-05 01:00:00+00:00,0.88876,0.88976,0.88841,0.88874,2515.0
2025-06-05 02:00:00+00:00,0.8887,0.88888,0.88784,0.88832,2058.0
2025-06-05 03:00:00+00:00,0.88832,0.88842,0.88724,0.88758,2101.0
2025-06-05 04:00:00+00:00,0.88756,0.88802,0.88729,0.88799,1738.0
2025-06-05 05:00:00+00:00,0.88799,0.88824,0.88752,0.88774,1492.0
2025-06-05 06:00:00+00:00,0.88773,0.88834,0.88746,0.88776,1712.0
2025-06-05 07:00:00+00:00,0.88772,0.889,0.88757,0.88856,1917.0
2025-06-05 08:00:00+00:00,0.88862,0.88891,0.88798,0.88874,2084.0
2025-06-05 09:00:00+00:00,0.88878,0.88972,0.88878,0.889,2553.0
2025-06-05 10:00:00+00:00,0.88899,0.8894,0.88886,0.88902,2234.0
2025-06-05 11:00:00+00:00,0.88902,0.88945,0.88874,0.889,2345.0
2025-06-05 12:00:00+00:00,0.88896,0.89056,0.88856,0.88984,4581.0
2025-06-05 13:00:00+00:00,0.88985,0.89186,0.88938,0.89049,5708.0
2025-06-05 14:00:00+00:00,0.89048,0.8911,0.8895,0.8906,4414.0
2025-06-05 15:00:00+00:00,0.8906,0.89078,0.88975,0.89042,4182.0
2025-06-05 16:00:00+00:00,0.89038,0.89086,0.88968,0.89012,2593.0
2025-06-05 17:00:00+00:00,0.89011,0.89017,0.88954,0.88976,1877.0
2025-06-05 18:00:00+00:00,0.88977,0.88978,0.88922,0.88925,1839.0
2025-06-05 19:00:00+00:00,0.88926,0.88959,0.88888,0.8891,2126.0
2025-06-05 20:00:00+00:00,0.88909,0.8898,0.88898,0.88939,910.0
2025-06-05 21:00:00+00:00,0.89053,0.89053,0.88886,0.88942,275.0
2025-06-05 22:00:00+00:00,0.88937,0.8898,0.88914,0.8898,343.0
2025-06-05 23:00:00+00:00,0.88984,0.88997,0.88956,0.88972,705.0
2025-06-06 00:00:00+00:00,0.88971,0.89038,0.88935,0.8895,1982.0
2025-06-06 01:00:00+00:00,0.88948,0.88991,0.88853,0.88866,2281.0
2025-06-06 02:00:00+00:00,0.88869,0.8887,0.88744,0.88774,2184.0
2025-06-06 03:00:00+00:00,0.88772,0.88828,0.88772,0.88817,1524.0
2025-06-06 04:00:00+00:00,0.88818,0.88856,0.88796,0.88844,1281.0
2025-06-06 05:00:00+00:00,0.88846,0.88846,0.88772,0.88808,1447.0
2025-06-06 06:00:00+00:00,0.88804,0.88808,0.88744,0.88772,1643.0
2025-06-06 07:00:00+00:00,0.88774,0.88874,0.88758,0.88828,2402.0
2025-06-06 08:00:00+00:00,0.88826,0.88827,0.88728,0.88777,2243.0
2025-06-06 09:00:00+00:00,0.88773,0.88802,0.88756,0.88758,1523.0
2025-06-06 10:00:00+00:00,0.8876,0.88812,0.8873,0.88808,1274.0
2025-06-06 11:00:00+00:00,0.8881,0.88894,0.88808,0.88852,1802.0
2025-06-06 12:00:00+00:00,0.88854,0.88931,0.88771,0.8882,5061.0
2025-06-06 13:00:00+00:00,0.88827,0.88898,0.88758,0.88821,4953.0
2025-06-06 14:00:00+00:00,0.88822,0.88904,0.88748,0.88781,4837.0
2025-06-06 15:00:00+00:00,0.88784,0.88917,0.88744,0.88893,2865.0
2025-06-06 16:00:00+00:00,0.88888,0.88932,0.88857,0.88882,2071.0
2025-06-06 17:00:00+00:00,0.88882,0.88944,0.88882,0.88904,1713.0
2025-06-06 18:00:00+00:00,0.88904,0.88992,0.889,0.88972,1826.0
2025-06-06 19:00:00+00:00,0.88972,0.8902,0.88964,0.88968,1198.0
2025-06-06 20:00:00+00:00,0.88966,0.88999,0.88914,0.8892,951.0
2025-06-08 21:00:00+00:00,0.88973,0.89018,0.88964,0.88997,35.0
2025-06-08 22:00:00+00:00,0.8901,0.89026,0.88952,0.88985,771.0
2025-06-08 23:00:00+00:00,0.88989,0.89027,0.88974,0.8898,855.0
2025-06-09 00:00:00+00:00,0.88982,0.89041,0.88936,0.88982,1590.0
2025-06-09 01:00:00+00:00,0.88986,0.89114,0.88977,0.89098,1810.0
2025-06-09 02:00:00+00:00,0.8909,0.8917,0.89071,0.89078,1439.0
2025-06-09 03:00:00+00:00,0.89078,0.89142,0.8907,0.8912,946.0
2025-06-09 04:00:00+00:00,0.89119,0.89148,0.891,0.89142,809.0
2025-06-09 05:00:00+00:00,0.89142,0.89188,0.89093,0.89134,1028.0
2025-06-09 06:00:00+00:00,0.89134,0.89184,0.89098,0.89168,1413.0
2025-06-09 07:00:00+00:00,0.8917,0.89196,0.89132,0.89184,1442.0
2025-06-09 08:00:00+00:00,0.89186,0.89334,0.89184,0.89274,1953.0
2025-06-09 09:00:00+00:00,0.89272,0.89306,0.89251,0.8926,1671.0
2025-06-09 10:00:00+00:00,0.89259,0.89289,0.89209,0.89226,1480.0
2025-06-09 11:00:00+00:00,0.89224,0.89254,0.89166,0.89187,2253.0
2025-06-09 12:00:00+00:00,0.8919,0.89196,0.89112,0.89144,2478.0
2025-06-09 13:00:00+00:00,0.89142,0.8922,0.89062,0.89202,2455.0
2025-06-09 14:00:00+00:00,0.89204,0.893,0.89178,0.89192,2586.0
2025-06-09 15:00:00+00:00,0.89193,0.89282,0.89188,0.89237,1909.0
2025-06-09 16:00:00+00:00,0.89236,0.89242,0.89171,0.89185,1247.0
2025-06-09 17:00:00+00:00,0.89186,0.89266,0.89148,0.8925,1679.0
2025-06-09 18:00:00+00:00,0.8925,0.8929,0.89234,0.89236,2168.0
2025-06-09 19:00:00+00:00,0.89234,0.89252,0.89209,0.89214,1665.0
2025-06-09 20:00:00+00:00,0.89215,0.89276,0.89204,0.89259,797.0
2025-06-09 21:00:00+00:00,0.89192,0.89272,0.89192,0.8926,233.0
2025-06-09 22:00:00+00:00,0.89266,0.89284,0.89254,0.89267,441.0
2025-06-09 23:00:00+00:00,0.8927,0.89286,0.89246,0.89278,862.0
2025-06-10 00:00:00+00:00,0.89279,0.89319,0.89262,0.89282,2031.0
2025-06-10 01:00:00+00:00,0.89282,0.89359,0.89238,0.89282,2829.0
2025-06-10 02:00:00+00:00,0.89282,0.89353,0.89165,0.8934,3270.0
2025-06-10 03:00:00+00:00,0.89336,0.89468,0.89316,0.8944,2165.0
2025-06-10 04:00:00+00:00,0.89444,0.89476,0.89378,0.8938,1862.0
2025-06-10 05:00:00+00:00,0.89381,0.89419,0.89196,0.89234,3671.0
2025-06-10 06:00:00+00:00,0.89231,0.89311,0.89146,0.89146,4364.0
2025-06-10 07:00:00+00:00,0.89144,0.892,0.89074,0.89186,4486.0
2025-06-10 08:00:00+00:00,0.89187,0.89306,0.89173,0.89293,2363.0
2025-06-10 09:00:00+00:00,0.89292,0.89298,0.8922,0.89281,2777.0
2025-06-10 10:00:00+00:00,0.89276,0.8931,0.89233,0.89238,2588.0
2025-06-10 11:00:00+00:00,0.89239,0.89282,0.89202,0.89274,2623.0
2025-06-10 12:00:00+00:00,0.89277,0.89302,0.89204,0.89218,2720.0
2025-06-10 13:00:00+00:00,0.89214,0.89364,0.8921,0.89299,3252.0
2025-06-10 14:00:00+00:00,0.89298,0.89326,0.89226,0.89248,3702.0
2025-06-10 15:00:00+00:00,0.89248,0.89257,0.89138,0.89226,2716.0
2025-06-10 16:00:00+00:00,0.89224,0.89236,0.89144,0.89228,2316.0
2025-06-10 17:00:00+00:00,0.89228,0.89244,0.89173,0.89219,2512.0
2025-06-10 18:00:00+00:00,0.8922,0.89251,0.89193,0.89248,1393.0
2025-06-10 19:00:00+00:00,0.89251,0.89286,0.89198,0.89206,1851.0
2025-06-10 20:00:00+00:00,0.89205,0.89233,0.89157,0.8916,897.0
2025-06-10 21:00:00+00:00,0.89164,0.89204,0.89146,0.89192,163.0
2025-06-10 22:00:00+00:00,0.89198,0.8922,0.89164,0.89197,596.0
2025-06-10 23:00:00+00:00,0.89203,0.89266,0.89178,0.8924,1672.0
2025-06-11 00:00:00+00:00,0.89238,0.89238,0.89046,0.89059,3063.0
2025-06-11 01:00:00+00:00,0.8906,0.89139,0.8892,0.88944,3261.0
2025-06-11 02:00:00+00:00,0.88944,0.89014,0.88935,0.88974,2305.0
2025-06-11 03:00:00+00:00,0.88972,0.89101,0.88892,0.89097,1796.0
2025-06-11 04:00:00+00:00,0.89098,0.89127,0.89061,0.89078,1070.0
2025-06-11 05:00:00+00:00,0.89081,0.89149,0.89066,0.89126,1353.0
2025-06-11 06:00:00+00:00,0.89122,0.89134,0.89048,0.89102,1997.0
2025-06-11 07:00:00+00:00,0.891,0.89126,0.89027,0.89046,3535.0
2025-06-11 08:00:00+00:00,0.89046,0.891,0.89038,0.89068,2917.0
2025-06-11 09:00:00+00:00,0.8907,0.89177,0.89045,0.89118,3272.0
2025-06-11 10:00:00+00:00,0.8912,0.89138,0.89062,0.89076,2233.0
2025-06-11 11:00:00+00:00,0.89078,0.89084,0.88981,0.88996,2099.0
2025-06-11 12:00:00+00:00,0.88998,0.89378,0.88978,0.892,5469.0
2025-06-11 13:00:00+00:00,0.89202,0.89214,0.89021,0.89072,4575.0
2025-06-11 14:00:00+00:00,0.89074,0.89169,0.89046,0.8909,3577.0
2025-06-11 15:00:00+00:00,0.89091,0.89122,0.89072,0.89085,1973.0
2025-06-11 16:00:00+00:00,0.89088,0.89124,0.89052,0.89065,2171.0
2025-06-11 17:00:00+00:00,0.89065,0.89135,0.89036,0.89042,2246.0
2025-06-11 18:00:00+00:00,0.89041,0.89043,0.8888,0.88912,3307.0
2025-06-11 19:00:00+00:00,0.88912,0.8892,0.88796,0.88824,2373.0
2025-06-11 20:00:00+00:00,0.88828,0.88914,0.88814,0.88872,1028.0
2025-06-11 21:00:00+00:00,0.88954,0.88954,0.88866,0.8889,115.0
2025-06-11 22:00:00+00:00,0.88886,0.8892,0.88859,0.88908,523.0
2025-06-11 23:00:00+00:00,0.88912,0.8897,0.8888,0.88944,1539.0
2025-06-12 00:00:00+00:00,0.88946,0.88956,0.8884,0.8885,3228.0
2025-06-12 01:00:00+00:00,0.88848,0.88911,0.88622,0.88718,3085.0
2025-06-12 02:00:00+00:00,0.88716,0.88756,0.88645,0.8874,2314.0
2025-06-12 03:00:00+00:00,0.88742,0.88877,0.88724,0.888,2241.0
2025-06-12 04:00:00+00:00,0.88799,0.88821,0.88677,0.88681,2117.0
2025-06-12 05:00:00+00:00,0.88679,0.88767,0.88658,0.88745,2443.0
2025-06-12 06:00:00+00:00,0.88746,0.88763,0.88664,0.887,2534.0
2025-06-12 07:00:00+00:00,0.88696,0.8872,0.88551,0.88576,3880.0
2025-06-12 08:00:00+00:00,0.88578,0.88798,0.8857,0.88774,3536.0
2025-06-12 09:00:00+00:00,0.88774,0.88811,0.88654,0.88688,3788.0
2025-06-12 10:00:00+00:00,0.88694,0.88862,0.88655,0.88848,3404.0
2025-06-12 11:00:00+00:00,0.88846,0.88864,0.88754,0.88828,2855.0
2025-06-12 12:00:00+00:00,0.88832,0.88976,0.88772,0.88872,4439.0
2025-06-12 13:00:00+00:00,0.8887,0.88881,0.88762,0.88787,3895.0
2025-06-12 14:00:00+00:00,0.88792,0.88864,0.88766,0.8883,4265.0
2025-06-12 15:00:00+00:00,0.88832,0.8887,0.88752,0.88816,2683.0
2025-06-12 16:00:00+00:00,0.88816,0.88836,0.88775,0.88814,1991.0
2025-06-12 17:00:00+00:00,0.88814,0.88836,0.88774,0.88774,1659.0
2025-06-12 18:00:00+00:00,0.8877,0.88812,0.88762,0.8881,1643.0
2025-06-12 19:00:00+00:00,0.88804,0.88828,0.88788,0.88806,1391.0
2025-06-12 20:00:00+00:00,0.88808,0.88856,0.88792,0.8884,985.0
2025-06-12 21:00:00+00:00,0.88858,0.88927,0.88794,0.8889,115.0
2025-06-12 22:00:00+00:00,0.88878,0.88888,0.88822,0.8884,422.0
2025-06-12 23:00:00+00:00,0.88842,0.88842,0.88737,0.88738,1390.0
2025-06-13 00:00:00+00:00,0.88739,0.88744,0.88147,0.88259,10869.0
2025-06-13 01:00:00+00:00,0.88258,0.88408,0.88043,0.88349,6976.0
2025-06-13 02:00:00+00:00,0.88349,0.8849,0.88224,0.88268,5275.0
2025-06-13 03:00:00+00:00,0.88266,0.88399,0.88255,0.88349,4674.0
2025-06-13 04:00:00+00:00,0.8835,0.88368,0.88272,0.88306,3748.0
2025-06-13 05:00:00+00:00,0.88307,0.88424,0.88266,0.88314,3755.0
2025-06-13 06:00:00+00:00,0.8831,0.88426,0.88214,0.88285,3282.0
2025-06-13 07:00:00+00:00,0.88289,0.88383,0.88216,0.88282,4384.0
2025-06-13 08:00:00+00:00,0.88284,0.8843,0.88273,0.88354,3425.0
2025-06-13 09:00:00+00:00,0.88355,0.88423,0.88288,0.88334,3221.0
2025-06-13 10:00:00+00:00,0.88332,0.88334,0.8816,0.88198,3128.0
2025-06-13 11:00:00+00:00,0.88203,0.88371,0.88185,0.88279,3959.0
2025-06-13 12:00:00+00:00,0.88282,0.8831,0.88177,0.88214,2996.0
2025-06-13 13:00:00+00:00,0.88213,0.8831,0.8813,0.883,2793.0
2025-06-13 14:00:00+00:00,0.88302,0.88392,0.88274,0.88343,4394.0
2025-06-13 15:00:00+00:00,0.88342,0.88481,0.88302,0.88396,3072.0
2025-06-13 16:00:00+00:00,0.88392,0.88484,0.88387,0.88482,3057.0
2025-06-13 17:00:00+00:00,0.8848,0.88492,0.88341,0.88354,3050.0
2025-06-13 18:00:00+00:00,0.88355,0.88388,0.88148,0.88223,3463.0
2025-06-13 19:00:00+00:00,0.88222,0.88258,0.88182,0.88212,3157.0
2025-06-13 20:00:00+00:00,0.88214,0.88224,0.88102,0.88106,3192.0
2025-06-15 21:00:00+00:00,0.88061,0.88259,0.88061,0.88145,364.0
2025-06-15 22:00:00+00:00,0.88148,0.88198,0.88066,0.88118,2495.0
2025-06-15 23:00:00+00:00,0.88116,0.88184,0.88095,0.88178,3240.0
2025-06-16 00:00:00+00:00,0.88177,0.88244,0.88152,0.88206,3738.0
2025-06-16 01:00:00+00:00,0.88206,0.88217,0.8805,0.88114,4254.0
2025-06-16 02:00:00+00:00,0.88114,0.88178,0.88078,0.88094,3690.0
2025-06-16 03:00:00+00:00,0.88095,0.88123,0.87976,0.88076,3107.0
2025-06-16 04:00:00+00:00,0.88076,0.88177,0.88076,0.8815,2027.0
2025-06-16 05:00:00+00:00,0.88151,0.88271,0.8815,0.88253,3308.0
2025-06-16 06:00:00+00:00,0.88252,0.88378,0.88213,0.88325,3590.0
2025-06-16 07:00:00+00:00,0.88324,0.88432,0.88294,0.88329,3748.0
2025-06-16 08:00:00+00:00,0.88328,0.88417,0.883,0.8839,3094.0
2025-06-16 09:00:00+00:00,0.88388,0.88432,0.88358,0.88426,2292.0
2025-06-16 10:00:00+00:00,0.88422,0.88466,0.88398,0.88432,2384.0
2025-06-16 11:00:00+00:00,0.88432,0.8852,0.88418,0.88506,2536.0
2025-06-16 12:00:00+00:00,0.8851,0.88547,0.88439,0.88506,3210.0
2025-06-16 13:00:00+00:00,0.88508,0.88658,0.88455,0.88653,4410.0
2025-06-16 14:00:00+00:00,0.88656,0.8874,0.88607,0.88676,4625.0
2025-06-16 15:00:00+00:00,0.88677,0.88702,0.88583,0.88591,3345.0
2025-06-16 16:00:00+00:00,0.88594,0.88738,0.88594,0.88724,2151.0
2025-06-16 17:00:00+00:00,0.88724,0.88735,0.88636,0.88648,2485.0
2025-06-16 18:00:00+00:00,0.88644,0.8867,0.88624,0.88629,2571.0
2025-06-16 19:00:00+00:00,0.8863,0.88648,0.88554,0.8856,2610.0
2025-06-16 20:00:00+00:00,0.88563,0.88598,0.88508,0.8854,863.0
2025-06-16 21:00:00+00:00,0.88563,0.88586,0.88459,0.8858,492.0
2025-06-16 22:00:00+00:00,0.88563,0.88596,0.88432,0.88448,1681.0
2025-06-16 23:00:00+00:00,0.88446,0.88534,0.8833,0.88389,1858.0
2025-06-17 00:00:00+00:00,0.88388,0.8843,0.88304,0.88422,4575.0
2025-06-17 01:00:00+00:00,0.88422,0.88567,0.88386,0.88567,3812.0
2025-06-17 02:00:00+00:00,0.88568,0.88625,0.88486,0.88614,3082.0
2025-06-17 03:00:00+00:00,0.88613,0.88666,0.88552,0.88652,3014.0
2025-06-17 04:00:00+00:00,0.88653,0.88716,0.88605,0.8869,2350.0
2025-06-17 05:00:00+00:00,0.88692,0.88732,0.88646,0.88664,2564.0
2025-06-17 06:00:00+00:00,0.8866,0.88826,0.88622,0.88776,3998.0
2025-06-17 07:00:00+00:00,0.88776,0.88814,0.88676,0.88714,3976.0
2025-06-17 08:00:00+00:00,0.88715,0.88768,0.88628,0.88653,2942.0
2025-06-17 09:00:00+00:00,0.88652,0.8873,0.88528,0.88539,3912.0
2025-06-17 10:00:00+00:00,0.88541,0.8866,0.88538,0.88652,2117.0
2025-06-17 11:00:00+00:00,0.88652,0.88708,0.88618,0.88647,2501.0
2025-06-17 12:00:00+00:00,0.88644,0.88705,0.88506,0.88579,3240.0
2025-06-17 13:00:00+00:00,0.8858,0.88792,0.88566,0.88745,3422.0
2025-06-17 14:00:00+00:00,0.88747,0.88757,0.88436,0.88458,4346.0
2025-06-17 15:00:00+00:00,0.88458,0.88501,0.88392,0.88496,3168.0
2025-06-17 16:00:00+00:00,0.88496,0.88551,0.88376,0.88392,3319.0
2025-06-17 17:00:00+00:00,0.88391,0.88425,0.88232,0.88261,3910.0
2025-06-17 18:00:00+00:00,0.88258,0.8833,0.88212,0.88296,3178.0
2025-06-17 19:00:00+00:00,0.88294,0.88356,0.88262,0.88343,2514.0
2025-06-17 20:00:00+00:00,0.88342,0.88629,0.88342,0.88564,2829.0
2025-06-17 21:00:00+00:00,0.88566,0.88689,0.88514,0.8859,578.0
2025-06-17 22:00:00+00:00,0.88582,0.88598,0.88519,0.88544,1614.0
2025-06-17 23:00:00+00:00,0.88546,0.88702,0.88542,0.88682,1685.0
2025-06-18 00:00:00+00:00,0.88679,0.88701,0.88604,0.8866,3953.0
2025-06-18 01:00:00+00:00,0.88657,0.88773,0.88652,0.88675,4193.0
2025-06-18 02:00:00+00:00,0.88672,0.8873,0.88616,0.88683,3600.0
2025-06-18 03:00:00+00:00,0.88682,0.88722,0.8866,0.88706,2363.0
2025-06-18 04:00:00+00:00,0.88698,0.88852,0.88688,0.88832,2639.0
2025-06-18 05:00:00+00:00,0.88838,0.88858,0.88786,0.88803,2799.0
2025-06-18 06:00:00+00:00,0.88798,0.8894,0.88794,0.88884,3858.0
2025-06-18 07:00:00+00:00,0.88882,0.88904,0.88758,0.88768,3312.0
2025-06-18 08:00:00+00:00,0.88766,0.88837,0.8875,0.88803,3185.0
2025-06-18 09:00:00+00:00,0.88802,0.88864,0.88768,0.88815,2270.0
2025-06-18 10:00:00+00:00,0.88814,0.88839,0.88664,0.8868,2906.0
2025-06-18 11:00:00+00:00,0.88681,0.88804,0.88678,0.88796,2180.0
2025-06-18 12:00:00+00:00,0.88798,0.88813,0.8864,0.88702,3150.0
2025-06-18 13:00:00+00:00,0.88702,0.889,0.88681,0.88806,3474.0
2025-06-18 14:00:00+00:00,0.88805,0.89236,0.88784,0.89194,6012.0
2025-06-18 15:00:00+00:00,0.89194,0.89258,0.8914,0.89206,3324.0
2025-06-18 16:00:00+00:00,0.89204,0.89204,0.8909,0.891,2458.0
2025-06-18 17:00:00+00:00,0.891,0.89133,0.89054,0.89112,2307.0
2025-06-18 18:00:00+00:00,0.89115,0.89282,0.89008,0.89018,11142.0
2025-06-18 19:00:00+00:00,0.89022,0.89118,0.88967,0.89112,7148.0
2025-06-18 20:00:00+00:00,0.8911,0.89142,0.89108,0.89122,2087.0
2025-06-18 21:00:00+00:00,0.89125,0.89125,0.88964,0.89051,308.0
2025-06-18 22:00:00+00:00,0.89056,0.8914,0.89056,0.89101,970.0
2025-06-18 23:00:00+00:00,0.89101,0.89138,0.89096,0.89102,1218.0
2025-06-19 00:00:00+00:00,0.89102,0.89142,0.88988,0.89013,2457.0
2025-06-19 01:00:00+00:00,0.89012,0.89022,0.88806,0.8889,4402.0
2025-06-19 02:00:00+00:00,0.88889,0.88966,0.88828,0.88901,2855.0
2025-06-19 03:00:00+00:00,0.88898,0.8902,0.8889,0.89,2300.0
2025-06-19 04:00:00+00:00,0.89002,0.89006,0.88901,0.88934,1862.0
2025-06-19 05:00:00+00:00,0.88932,0.88938,0.88684,0.8871,1911.0
2025-06-19 06:00:00+00:00,0.88706,0.8878,0.8867,0.88772,3567.0
2025-06-19 07:00:00+00:00,0.8877,0.88802,0.88674,0.88702,3760.0
2025-06-19 08:00:00+00:00,0.88702,0.88796,0.88689,0.88752,3715.0
2025-06-19 09:00:00+00:00,0.8875,0.88788,0.88648,0.8865,2718.0
2025-06-19 10:00:00+00:00,0.88644,0.88726,0.88618,0.88622,1847.0
2025-06-19 11:00:00+00:00,0.88622,0.88692,0.88558,0.88645,1862.0
2025-06-19 12:00:00+00:00,0.88645,0.8868,0.88598,0.8864,1915.0
2025-06-19 13:00:00+00:00,0.8864,0.88712,0.88604,0.88644,2455.0
2025-06-19 14:00:00+00:00,0.8864,0.8872,0.88575,0.88656,2849.0
2025-06-19 15:00:00+00:00,0.88652,0.88704,0.88622,0.8865,996.0
2025-06-19 16:00:00+00:00,0.88646,0.8866,0.88585,0.88594,949.0
2025-06-19 17:00:00+00:00,0.8859,0.88774,0.8859,0.88767,626.0
2025-06-19 18:00:00+00:00,0.88767,0.88796,0.88728,0.88754,1032.0
2025-06-19 19:00:00+00:00,0.88754,0.8878,0.88709,0.88724,1014.0
2025-06-19 20:00:00+00:00,0.88722,0.88792,0.88708,0.8879,621.0
2025-06-19 21:00:00+00:00,0.88784,0.88902,0.88726,0.88734,97.0
2025-06-19 22:00:00+00:00,0.88735,0.88832,0.8872,0.88796,1108.0
2025-06-19 23:00:00+00:00,0.888,0.8884,0.88798,0.88819,1117.0
2025-06-20 00:00:00+00:00,0.88818,0.88896,0.88792,0.88813,2945.0
2025-06-20 01:00:00+00:00,0.88816,0.8884,0.88691,0.88718,3748.0
2025-06-20 02:00:00+00:00,0.88718,0.88819,0.88701,0.88818,2505.0
2025-06-20 03:00:00+00:00,0.88818,0.8889,0.88812,0.88878,2470.0
2025-06-20 04:00:00+00:00,0.88877,0.88922,0.88848,0.88878,1464.0
2025-06-20 05:00:00+00:00,0.88881,0.88913,0.88859,0.88908,1440.0
2025-06-20 06:00:00+00:00,0.88912,0.88918,0.8873,0.88762,2837.0
2025-06-20 07:00:00+00:00,0.8876,0.8888,0.88734,0.88878,3630.0
2025-06-20 08:00:00+00:00,0.8888,0.88884,0.88792,0.88856,2313.0
2025-06-20 09:00:00+00:00,0.8886,0.88941,0.88851,0.88919,1662.0
2025-06-20 10:00:00+00:00,0.88918,0.88921,0.88836,0.88908,1566.0
2025-06-20 11:00:00+00:00,0.88908,0.88976,0.88868,0.88924,1781.0
2025-06-20 12:00:00+00:00,0.88926,0.89058,0.88926,0.89028,3624.0
2025-06-20 13:00:00+00:00,0.89028,0.89052,0.88852,0.88885,2994.0
2025-06-20 14:00:00+00:00,0.88886,0.88918,0.88726,0.8877,4187.0
2025-06-20 15:00:00+00:00,0.88766,0.88839,0.8865,0.88665,3454.0
2025-06-20 16:00:00+00:00,0.88664,0.88723,0.88622,0.88673,2476.0
2025-06-20 17:00:00+00:00,0.88674,0.887,0.88594,0.8862,2144.0
2025-06-20 18:00:00+00:00,0.8862,0.88645,0.8859,0.88606,2131.0
2025-06-20 19:00:00+00:00,0.88603,0.88622,0.88575,0.88611,1228.0
2025-06-20 20:00:00+00:00,0.8861,0.88664,0.8858,0.8859,2085.0
2025-06-22 21:00:00+00:00,0.88433,0.88548,0.88325,0.88372,2036.0
2025-06-22 22:00:00+00:00,0.8835,0.8855,0.88238,0.88514,2949.0
2025-06-22 23:00:00+00:00,0.88518,0.88609,0.88512,0.8857,2563.0
2025-06-23 00:00:00+00:00,0.8857,0.88573,0.88445,0.88512,4213.0
2025-06-23 01:00:00+00:00,0.88518,0.88582,0.88354,0.88424,3717.0
2025-06-23 02:00:00+00:00,0.88426,0.88456,0.88216,0.88232,2635.0
2025-06-23 03:00:00+00:00,0.88231,0.88264,0.88074,0.88138,2756.0
2025-06-23 04:00:00+00:00,0.88136,0.88209,0.88095,0.88122,2623.0
2025-06-23 05:00:00+00:00,0.88118,0.88196,0.88104,0.88172,3488.0
2025-06-23 06:00:00+00:00,0.88172,0.88367,0.88164,0.88352,3430.0
2025-06-23 07:00:00+00:00,0.88356,0.88418,0.88292,0.88311,3873.0
2025-06-23 08:00:00+00:00,0.88309,0.88393,0.88197,0.88214,3350.0
2025-06-23 09:00:00+00:00,0.88213,0.88226,0.87996,0.88002,4500.0
2025-06-23 10:00:00+00:00,0.87998,0.88046,0.87954,0.87966,4204.0
2025-06-23 11:00:00+00:00,0.87965,0.88024,0.87905,0.88023,2370.0
2025-06-23 12:00:00+00:00,0.88028,0.88096,0.87958,0.8808,3399.0
2025-06-23 13:00:00+00:00,0.88086,0.88168,0.87969,0.88131,3905.0
2025-06-23 14:00:00+00:00,0.8813,0.88368,0.8813,0.88346,4332.0
2025-06-23 15:00:00+00:00,0.88346,0.88444,0.88296,0.88442,3574.0
2025-06-23 16:00:00+00:00,0.88443,0.88514,0.88292,0.88421,4342.0
2025-06-23 17:00:00+00:00,0.88426,0.8871,0.88401,0.88672,3864.0
2025-06-23 18:00:00+00:00,0.88672,0.88718,0.88633,0.88684,2830.0
2025-06-23 19:00:00+00:00,0.88682,0.88694,0.88618,0.88674,930.0
2025-06-23 20:00:00+00:00,0.88676,0.88752,0.88665,0.88714,990.0
2025-06-23 21:00:00+00:00,0.8868,0.88714,0.88654,0.8868,179.0
2025-06-23 22:00:00+00:00,0.88684,0.88929,0.88676,0.88872,2219.0
2025-06-23 23:00:00+00:00,0.88876,0.89022,0.88843,0.88928,2866.0
2025-06-24 00:00:00+00:00,0.88929,0.89008,0.88866,0.8896,4294.0
2025-06-24 01:00:00+00:00,0.88954,0.8901,0.88898,0.88968,4017.0
2025-06-24 02:00:00+00:00,0.8897,0.89096,0.88912,0.8909,3102.0
2025-06-24 03:00:00+00:00,0.89092,0.8913,0.89014,0.89048,2552.0
2025-06-24 04:00:00+00:00,0.89046,0.89139,0.89,0.89108,2567.0
2025-06-24 05:00:00+00:00,0.89109,0.89138,0.8905,0.89118,1750.0
2025-06-24 06:00:00+00:00,0.89119,0.89321,0.89102,0.89252,3458.0
2025-06-24 07:00:00+00:00,0.89252,0.89306,0.89076,0.891,6257.0
2025-06-24 08:00:00+00:00,0.89104,0.89227,0.89099,0.892,3663.0
2025-06-24 09:00:00+00:00,0.89198,0.89324,0.89164,0.89262,2640.0
2025-06-24 10:00:00+00:00,0.89261,0.89314,0.89248,0.89292,2148.0
2025-06-24 11:00:00+00:00,0.8929,0.89338,0.89246,0.89261,2884.0
2025-06-24 12:00:00+00:00,0.89258,0.89271,0.89114,0.89137,3329.0
2025-06-24 13:00:00+00:00,0.89136,0.89171,0.88976,0.89028,4354.0
2025-06-24 14:00:00+00:00,0.89028,0.89245,0.89023,0.89129,4670.0
2025-06-24 15:00:00+00:00,0.8913,0.89236,0.89094,0.89096,2819.0
2025-06-24 16:00:00+00:00,0.89096,0.8918,0.89085,0.89172,2078.0
2025-06-24 17:00:00+00:00,0.89172,0.89243,0.89166,0.89214,1656.0
2025-06-24 18:00:00+00:00,0.89212,0.89274,0.89203,0.89266,1773.0
2025-06-24 19:00:00+00:00,0.89265,0.89276,0.89176,0.89182,2327.0
2025-06-24 20:00:00+00:00,0.89185,0.89192,0.89039,0.89056,1211.0
2025-06-24 21:00:00+00:00,0.88988,0.89066,0.88974,0.89034,3207.0
2025-06-24 22:00:00+00:00,0.89032,0.8909,0.89032,0.8907,643.0
2025-06-24 23:00:00+00:00,0.89072,0.89155,0.89058,0.89151,1035.0
2025-06-25 00:00:00+00:00,0.89154,0.89198,0.89102,0.89176,1613.0
2025-06-25 01:00:00+00:00,0.89172,0.89302,0.89087,0.89258,3684.0
2025-06-25 02:00:00+00:00,0.89254,0.89298,0.89207,0.89296,2066.0
2025-06-25 03:00:00+00:00,0.89295,0.89314,0.89212,0.89216,2760.0
2025-06-25 04:00:00+00:00,0.89212,0.89256,0.8919,0.8925,2006.0
2025-06-25 05:00:00+00:00,0.89247,0.89248,0.89174,0.89212,1593.0
2025-06-25 06:00:00+00:00,0.89214,0.8925,0.89164,0.89216,2007.0
2025-06-25 07:00:00+00:00,0.89217,0.89292,0.89164,0.89183,3495.0
2025-06-25 08:00:00+00:00,0.89184,0.89194,0.89128,0.8916,3289.0
2025-06-25 09:00:00+00:00,0.8916,0.89184,0.8909,0.89176,2563.0
2025-06-25 10:00:00+00:00,0.89177,0.8921,0.89139,0.89202,1979.0
2025-06-25 11:00:00+00:00,0.89203,0.89236,0.89172,0.8921,2927.0
2025-06-25 12:00:00+00:00,0.89212,0.89257,0.89174,0.89188,3383.0
2025-06-25 13:00:00+00:00,0.89185,0.89248,0.89086,0.89096,4280.0
2025-06-25 14:00:00+00:00,0.89098,0.89232,0.8909,0.89168,5066.0
2025-06-25 15:00:00+00:00,0.89166,0.89281,0.89148,0.89253,3958.0
2025-06-25 16:00:00+00:00,0.8925,0.89332,0.8924,0.89329,3132.0
2025-06-25 17:00:00+00:00,0.8933,0.8934,0.89286,0.8929,4369.0
2025-06-25 18:00:00+00:00,0.8929,0.89384,0.89286,0.89362,3127.0
2025-06-25 19:00:00+00:00,0.89361,0.89408,0.893,0.89324,2488.0
2025-06-25 20:00:00+00:00,0.89322,0.89406,0.89309,0.89394,1153.0
2025-06-25 21:00:00+00:00,0.89326,0.89354,0.89211,0.89291,255.0
2025-06-25 22:00:00+00:00,0.89317,0.89366,0.89285,0.89364,476.0
2025-06-25 23:00:00+00:00,0.89362,0.89442,0.89358,0.89406,1386.0
2025-06-26 00:00:00+00:00,0.89407,0.8943,0.89386,0.89408,1315.0
2025-06-26 01:00:00+00:00,0.89404,0.8943,0.89316,0.89391,2120.0
2025-06-26 02:00:00+00:00,0.89392,0.89528,0.89354,0.89494,2233.0
2025-06-26 03:00:00+00:00,0.89496,0.89575,0.89492,0.89562,2055.0
2025-06-26 04:00:00+00:00,0.89561,0.89564,0.89452,0.8947,1372.0
2025-06-26 05:00:00+00:00,0.89472,0.89539,0.89428,0.89525,1462.0
2025-06-26 06:00:00+00:00,0.8952,0.8955,0.89477,0.89516,3221.0
2025-06-26 07:00:00+00:00,0.89512,0.89557,0.89464,0.89517,3113.0
2025-06-26 08:00:00+00:00,0.89515,0.89616,0.89498,0.89555,2679.0
2025-06-26 09:00:00+00:00,0.89552,0.89566,0.89399,0.89489,2637.0
2025-06-26 10:00:00+00:00,0.89486,0.89526,0.89433,0.89435,1871.0
2025-06-26 11:00:00+00:00,0.89436,0.89448,0.89364,0.89386,2227.0
2025-06-26 12:00:00+00:00,0.89386,0.89496,0.89372,0.89411,3845.0
2025-06-26 13:00:00+00:00,0.89416,0.89444,0.89255,0.8934,4313.0
2025-06-26 14:00:00+00:00,0.89338,0.89434,0.8926,0.89278,3964.0
2025-06-26 15:00:00+00:00,0.89278,0.8933,0.8924,0.89317,3659.0
2025-06-26 16:00:00+00:00,0.8932,0.89376,0.89274,0.89323,2234.0
2025-06-26 17:00:00+00:00,0.8932,0.89389,0.89301,0.89382,2082.0
2025-06-26 18:00:00+00:00,0.89384,0.89388,0.89338,0.8936,1496.0
2025-06-26 19:00:00+00:00,0.8936,0.89374,0.89292,0.89306,1494.0
2025-06-26 20:00:00+00:00,0.89304,0.89314,0.8927,0.89284,665.0
2025-06-26 21:00:00+00:00,0.8934,0.89407,0.89258,0.8932,194.0
2025-06-26 22:00:00+00:00,0.89318,0.89336,0.89268,0.89287,1338.0
2025-06-26 23:00:00+00:00,0.8929,0.89334,0.89285,0.89306,1802.0
2025-06-27 00:00:00+00:00,0.89307,0.89424,0.89302,0.894,2432.0
2025-06-27 01:00:00+00:00,0.89398,0.89438,0.89312,0.89418,2369.0
2025-06-27 02:00:00+00:00,0.89416,0.89434,0.89368,0.89377,1438.0
2025-06-27 03:00:00+00:00,0.89376,0.89458,0.89303,0.89308,763.0
2025-06-27 04:00:00+00:00,0.89312,0.89325,0.89278,0.89291,1072.0
2025-06-27 05:00:00+00:00,0.89295,0.89314,0.89248,0.89264,1927.0
2025-06-27 06:00:00+00:00,0.89265,0.89324,0.89236,0.89324,3319.0
2025-06-27 07:00:00+00:00,0.89326,0.89412,0.89309,0.89326,3538.0
2025-06-27 08:00:00+00:00,0.89328,0.89417,0.89308,0.8936,3311.0
2025-06-27 09:00:00+00:00,0.89361,0.89368,0.89276,0.89304,3158.0
2025-06-27 10:00:00+00:00,0.89305,0.89314,0.89188,0.89253,2862.0
2025-06-27 11:00:00+00:00,0.89256,0.89264,0.89194,0.89216,3141.0
2025-06-27 12:00:00+00:00,0.89218,0.89352,0.8918,0.89286,5121.0
2025-06-27 13:00:00+00:00,0.89286,0.89332,0.89066,0.8907,4770.0
2025-06-27 14:00:00+00:00,0.89066,0.89192,0.89062,0.89145,4918.0
2025-06-27 15:00:00+00:00,0.89146,0.893,0.891,0.8928,4674.0
2025-06-27 16:00:00+00:00,0.8928,0.89356,0.89264,0.89342,3508.0
2025-06-27 17:00:00+00:00,0.89342,0.8961,0.89298,0.89531,6509.0
2025-06-27 18:00:00+00:00,0.89532,0.89592,0.89354,0.8938,6053.0
2025-06-27 19:00:00+00:00,0.89378,0.89466,0.89368,0.89381,3799.0
2025-06-27 20:00:00+00:00,0.89382,0.89456,0.8933,0.89351,1835.0
2025-06-29 21:00:00+00:00,0.89475,0.89523,0.89448,0.89503,152.0
2025-06-29 22:00:00+00:00,0.89528,0.89528,0.89413,0.89424,2105.0
2025-06-29 23:00:00+00:00,0.89418,0.89446,0.89368,0.89374,1488.0
2025-06-30 00:00:00+00:00,0.89372,0.895,0.89372,0.89426,1153.0
2025-06-30 01:00:00+00:00,0.89424,0.89544,0.89399,0.89472,1558.0
2025-06-30 02:00:00+00:00,0.89474,0.89494,0.89288,0.8932,2213.0
2025-06-30 03:00:00+00:00,0.89316,0.89378,0.89311,0.89364,1081.0
2025-06-30 04:00:00+00:00,0.89363,0.89473,0.89354,0.89462,1326.0
2025-06-30 05:00:00+00:00,0.8946,0.89532,0.89444,0.89466,1396.0
2025-06-30 06:00:00+00:00,0.89471,0.8948,0.89364,0.89396,2906.0
2025-06-30 07:00:00+00:00,0.89396,0.89398,0.89264,0.8934,3420.0
2025-06-30 08:00:00+00:00,0.89341,0.89426,0.89338,0.89408,4195.0
2025-06-30 09:00:00+00:00,0.89408,0.89411,0.89258,0.89258,3037.0
2025-06-30 10:00:00+00:00,0.89258,0.89303,0.89228,0.89288,2504.0
2025-06-30 11:00:00+00:00,0.89286,0.89335,0.89272,0.89277,2722.0
2025-06-30 12:00:00+00:00,0.89277,0.89312,0.89218,0.89261,3406.0
2025-06-30 13:00:00+00:00,0.89262,0.89462,0.89256,0.8946,4468.0
2025-06-30 14:00:00+00:00,0.8946,0.89482,0.89332,0.89418,6287.0
2025-06-30 15:00:00+00:00,0.89417,0.89522,0.89348,0.8952,5114.0
2025-06-30 16:00:00+00:00,0.8952,0.8957,0.89492,0.8956,3236.0
2025-06-30 17:00:00+00:00,0.8956,0.89652,0.89554,0.89622,3170.0
2025-06-30 18:00:00+00:00,0.89624,0.89674,0.89612,0.89633,2870.0
2025-06-30 19:00:00+00:00,0.89632,0.89672,0.89622,0.89639,3202.0
2025-06-30 20:00:00+00:00,0.89642,0.89666,0.89528,0.89556,1460.0
2025-06-30 21:00:00+00:00,0.89435,0.8956,0.89435,0.89535,208.0
2025-06-30 22:00:00+00:00,0.89534,0.89594,0.8952,0.89565,855.0
2025-06-30 23:00:00+00:00,0.89566,0.89568,0.89471,0.89477,962.0
2025-07-01 00:00:00+00:00,0.89477,0.89509,0.89444,0.89451,1594.0
2025-07-01 01:00:00+00:00,0.89448,0.89452,0.89264,0.89307,2423.0
2025-07-01 02:00:00+00:00,0.89304,0.89396,0.8925,0.89396,2252.0
2025-07-01 03:00:00+00:00,0.89396,0.89438,0.89369,0.89392,1666.0
2025-07-01 04:00:00+00:00,0.89396,0.89452,0.89357,0.89432,1849.0
2025-07-01 05:00:00+00:00,0.89431,0.89526,0.89418,0.89512,1948.0
2025-07-01 06:00:00+00:00,0.89514,0.89518,0.89416,0.8948,2563.0
2025-07-01 07:00:00+00:00,0.89479,0.89586,0.89474,0.89577,3185.0
2025-07-01 08:00:00+00:00,0.89571,0.89604,0.89494,0.8957,3098.0
2025-07-01 09:00:00+00:00,0.89572,0.89588,0.89492,0.8952,3763.0
2025-07-01 10:00:00+00:00,0.89514,0.89614,0.8951,0.8958,2369.0
2025-07-01 11:00:00+00:00,0.89578,0.89617,0.89542,0.89606,2795.0
2025-07-01 12:00:00+00:00,0.8961,0.89652,0.89554,0.8957,3820.0
2025-07-01 13:00:00+00:00,0.89572,0.89652,0.89511,0.89628,3811.0
2025-07-01 14:00:00+00:00,0.89634,0.89769,0.89574,0.89749,6208.0
2025-07-01 15:00:00+00:00,0.8975,0.89766,0.89657,0.89748,4129.0
2025-07-01 16:00:00+00:00,0.89748,0.89777,0.8969,0.89711,2889.0
2025-07-01 17:00:00+00:00,0.89708,0.89764,0.89702,0.89754,2517.0
2025-07-01 18:00:00+00:00,0.89754,0.8976,0.8972,0.89741,1969.0
2025-07-01 19:00:00+00:00,0.8974,0.89758,0.8969,0.89736,2250.0
2025-07-01 20:00:00+00:00,0.89737,0.89836,0.89732,0.8983,951.0
2025-07-01 21:00:00+00:00,0.89655,0.89771,0.89655,0.89743,195.0
2025-07-01 22:00:00+00:00,0.89756,0.89808,0.8975,0.89784,631.0
2025-07-01 23:00:00+00:00,0.89787,0.898,0.89744,0.8976,1284.0
2025-07-02 00:00:00+00:00,0.8976,0.89782,0.89733,0.89762,1952.0
2025-07-02 01:00:00+00:00,0.89762,0.89767,0.89616,0.89647,1655.0
2025-07-02 02:00:00+00:00,0.8965,0.897,0.89607,0.8969,2353.0
2025-07-02 03:00:00+00:00,0.89692,0.89786,0.8968,0.8978,2023.0
2025-07-02 04:00:00+00:00,0.89781,0.89827,0.89766,0.89797,1159.0
2025-07-02 05:00:00+00:00,0.89794,0.89802,0.89748,0.89764,1705.0
2025-07-02 06:00:00+00:00,0.89767,0.89786,0.8969,0.8969,2358.0
2025-07-02 07:00:00+00:00,0.89691,0.89691,0.89556,0.89559,2785.0
2025-07-02 08:00:00+00:00,0.8956,0.89602,0.89535,0.89583,3167.0
2025-07-02 09:00:00+00:00,0.8958,0.89625,0.89566,0.89588,2195.0
2025-07-02 10:00:00+00:00,0.89587,0.89627,0.8956,0.89564,1617.0
2025-07-02 11:00:00+00:00,0.89562,0.89594,0.89404,0.89416,2146.0
2025-07-02 12:00:00+00:00,0.89413,0.89572,0.89341,0.89402,5269.0
2025-07-02 13:00:00+00:00,0.89404,0.8949,0.89326,0.89382,4103.0
2025-07-02 14:00:00+00:00,0.89388,0.89497,0.8932,0.89486,3868.0
2025-07-02 15:00:00+00:00,0.89485,0.89599,0.89465,0.89486,2333.0
2025-07-02 16:00:00+00:00,0.89484,0.89534,0.89424,0.89434,1912.0
2025-07-02 17:00:00+00:00,0.89439,0.89476,0.894,0.89406,1709.0
2025-07-02 18:00:00+00:00,0.89405,0.89476,0.89396,0.89476,1849.0
2025-07-02 19:00:00+00:00,0.89478,0.8954,0.89474,0.89507,1225.0
2025-07-02 20:00:00+00:00,0.89503,0.89523,0.89454,0.89474,990.0
2025-07-02 21:00:00+00:00,0.89457,0.89488,0.89418,0.89468,203.0
2025-07-02 22:00:00+00:00,0.89469,0.89511,0.89438,0.89494,419.0
2025-07-02 23:00:00+00:00,0.89492,0.89496,0.8944,0.89441,959.0
2025-07-03 00:00:00+00:00,0.89441,0.89455,0.89331,0.89366,1805.0
2025-07-03 01:00:00+00:00,0.8937,0.89378,0.89303,0.89323,1713.0
2025-07-03 02:00:00+00:00,0.89324,0.89324,0.89243,0.89292,2218.0
2025-07-03 03:00:00+00:00,0.89292,0.89332,0.89258,0.89276,1782.0
2025-07-03 04:00:00+00:00,0.89276,0.89336,0.89255,0.89335,1550.0
2025-07-03 05:00:00+00:00,0.89336,0.89366,0.89254,0.89364,1676.0
2025-07-03 06:00:00+00:00,0.89362,0.89438,0.89328,0.89431,1984.0
2025-07-03 07:00:00+00:00,0.89428,0.89458,0.8936,0.89412,2776.0
2025-07-03 08:00:00+00:00,0.89416,0.89458,0.89376,0.89378,1980.0
2025-07-03 09:00:00+00:00,0.89374,0.8941,0.89346,0.89365,1604.0
2025-07-03 10:00:00+00:00,0.89364,0.8939,0.89313,0.89321,1355.0
2025-07-03 11:00:00+00:00,0.89322,0.89352,0.8931,0.89326,1512.0
2025-07-03 12:00:00+00:00,0.8933,0.89354,0.89014,0.8914,5991.0
2025-07-03 13:00:00+00:00,0.89142,0.89327,0.89032,0.89215,6129.0
2025-07-03 14:00:00+00:00,0.89208,0.89304,0.89106,0.89136,5227.0
2025-07-03 15:00:00+00:00,0.89136,0.89185,0.8911,0.89131,3091.0
2025-07-03 16:00:00+00:00,0.8913,0.89155,0.89086,0.89114,1855.0
2025-07-03 17:00:00+00:00,0.89112,0.89142,0.89098,0.8913,667.0
2025-07-03 18:00:00+00:00,0.89125,0.89136,0.89097,0.89112,690.0
2025-07-03 19:00:00+00:00,0.89108,0.89252,0.89092,0.89215,689.0
2025-07-03 20:00:00+00:00,0.89216,0.89278,0.89206,0.89262,869.0
2025-07-03 21:00:00+00:00,0.8926,0.89316,0.8921,0.89288,7177.0
2025-07-03 22:00:00+00:00,0.89288,0.89305,0.89256,0.89272,309.0
2025-07-03 23:00:00+00:00,0.89276,0.893,0.89262,0.89274,887.0
2025-07-04 00:00:00+00:00,0.89272,0.89294,0.892,0.89254,1824.0
2025-07-04 01:00:00+00:00,0.89254,0.8931,0.89152,0.89152,1760.0
2025-07-04 02:00:00+00:00,0.89152,0.89232,0.89141,0.89193,1388.0
2025-07-04 03:00:00+00:00,0.89192,0.89208,0.89134,0.89202,1523.0
2025-07-04 04:00:00+00:00,0.892,0.89226,0.89115,0.89201,1578.0
2025-07-04 05:00:00+00:00,0.892,0.89272,0.8916,0.8917,1786.0
2025-07-04 06:00:00+00:00,0.89168,0.89224,0.89108,0.89152,2480.0
2025-07-04 07:00:00+00:00,0.89155,0.89196,0.88996,0.89098,3483.0
2025-07-04 08:00:00+00:00,0.89098,0.89152,0.89098,0.89134,2149.0
2025-07-04 09:00:00+00:00,0.89132,0.8915,0.89086,0.8912,1686.0
2025-07-04 10:00:00+00:00,0.89119,0.8918,0.89108,0.89128,1303.0
2025-07-04 11:00:00+00:00,0.8913,0.89166,0.8912,0.89128,1341.0
2025-07-04 12:00:00+00:00,0.89132,0.89148,0.89052,0.89118,1767.0
2025-07-04 13:00:00+00:00,0.89114,0.89158,0.89083,0.89122,1764.0
2025-07-04 14:00:00+00:00,0.89122,0.89146,0.89072,0.89138,1744.0
2025-07-04 15:00:00+00:00,0.89138,0.89143,0.89106,0.8911,1074.0
2025-07-04 16:00:00+00:00,0.8911,0.8914,0.89094,0.89132,632.0
2025-07-04 17:00:00+00:00,0.89136,0.89172,0.89122,0.8917,1488.0
2025-07-04 18:00:00+00:00,0.89172,0.89176,0.89104,0.89111,1934.0
2025-07-04 19:00:00+00:00,0.89112,0.89143,0.89086,0.89136,2703.0
2025-07-04 20:00:00+00:00,0.89135,0.89186,0.89069,0.89186,6461.0
2025-07-06 21:00:00+00:00,0.89342,0.89342,0.8911,0.89182,43.0
2025-07-06 22:00:00+00:00,0.89159,0.8919,0.8911,0.89123,816.0
2025-07-06 23:00:00+00:00,0.89122,0.89161,0.89081,0.89104,985.0
2025-07-07 00:00:00+00:00,0.89102,0.89108,0.88941,0.88992,2403.0
2025-07-07 01:00:00+00:00,0.88992,0.89009,0.88852,0.88874,2438.0
2025-07-07 02:00:00+00:00,0.88876,0.88917,0.88802,0.88824,2579.0
2025-07-07 03:00:00+00:00,0.88824,0.88858,0.88746,0.8878,2164.0
2025-07-07 04:00:00+00:00,0.8878,0.88808,0.88664,0.88678,2135.0
2025-07-07 05:00:00+00:00,0.88678,0.88768,0.88662,0.88766,2152.0
2025-07-07 06:00:00+00:00,0.88758,0.88816,0.8869,0.88808,2872.0
2025-07-07 07:00:00+00:00,0.88808,0.8892,0.88796,0.88889,3095.0
2025-07-07 08:00:00+00:00,0.88884,0.88914,0.88787,0.88814,2962.0
2025-07-07 09:00:00+00:00,0.88816,0.88846,0.88746,0.8884,2394.0
2025-07-07 10:00:00+00:00,0.8884,0.88844,0.88752,0.88771,2253.0
2025-07-07 11:00:00+00:00,0.88775,0.88838,0.88746,0.88754,1857.0
2025-07-07 12:00:00+00:00,0.88758,0.88816,0.88716,0.88737,2692.0
2025-07-07 13:00:00+00:00,0.88736,0.88878,0.88674,0.88846,3449.0
2025-07-07 14:00:00+00:00,0.8885,0.889,0.88794,0.8887,3554.0
2025-07-07 15:00:00+00:00,0.88873,0.88916,0.88846,0.8885,2910.0
2025-07-07 16:00:00+00:00,0.88852,0.88898,0.88722,0.88736,3974.0
2025-07-07 17:00:00+00:00,0.8874,0.88819,0.88732,0.88796,3561.0
2025-07-07 18:00:00+00:00,0.88797,0.88851,0.88732,0.88796,3468.0
2025-07-07 19:00:00+00:00,0.88797,0.8885,0.88774,0.88816,2215.0
2025-07-07 20:00:00+00:00,0.88812,0.8883,0.8874,0.88806,1020.0
2025-07-07 21:00:00+00:00,0.88806,0.88901,0.8878,0.88808,196.0
2025-07-07 22:00:00+00:00,0.88809,0.88854,0.88784,0.88848,425.0
2025-07-07 23:00:00+00:00,0.88854,0.88918,0.88828,0.88909,785.0
2025-07-08 00:00:00+00:00,0.88909,0.88998,0.88909,0.88934,1460.0
2025-07-08 01:00:00+00:00,0.88936,0.88986,0.88892,0.88902,2034.0
2025-07-08 02:00:00+00:00,0.889,0.88995,0.88886,0.88934,1252.0
2025-07-08 03:00:00+00:00,0.88932,0.88968,0.88895,0.88905,988.0
2025-07-08 04:00:00+00:00,0.88906,0.89444,0.88879,0.89292,3115.0
2025-07-08 05:00:00+00:00,0.89288,0.89341,0.89157,0.89281,3054.0
2025-07-08 06:00:00+00:00,0.89284,0.89364,0.89174,0.89178,3063.0
2025-07-08 07:00:00+00:00,0.89182,0.89275,0.89166,0.89244,2186.0
2025-07-08 08:00:00+00:00,0.89244,0.89282,0.89208,0.89264,2123.0
2025-07-08 09:00:00+00:00,0.8926,0.89322,0.89224,0.89256,2022.0
2025-07-08 10:00:00+00:00,0.89256,0.89314,0.89238,0.89298,1766.0
2025-07-08 11:00:00+00:00,0.893,0.89354,0.89298,0.89315,1575.0
2025-07-08 12:00:00+00:00,0.89308,0.8936,0.89234,0.89343,2727.0
2025-07-08 13:00:00+00:00,0.89344,0.89358,0.89122,0.89212,3263.0
2025-07-08 14:00:00+00:00,0.89208,0.89208,0.89074,0.8917,3675.0
2025-07-08 15:00:00+00:00,0.89172,0.89278,0.89168,0.89184,2611.0
2025-07-08 16:00:00+00:00,0.89184,0.8929,0.89172,0.89269,2937.0
2025-07-08 17:00:00+00:00,0.89268,0.89391,0.89252,0.89374,3416.0
2025-07-08 18:00:00+00:00,0.8937,0.89376,0.89284,0.89303,1589.0
2025-07-08 19:00:00+00:00,0.89305,0.89322,0.8927,0.89298,1022.0
2025-07-08 20:00:00+00:00,0.89298,0.89301,0.89202,0.89216,898.0
2025-07-08 21:00:00+00:00,0.89237,0.89252,0.89129,0.89174,87.0
2025-07-08 22:00:00+00:00,0.89172,0.89244,0.89151,0.89232,320.0
2025-07-08 23:00:00+00:00,0.89228,0.8924,0.89168,0.89176,743.0
2025-07-09 00:00:00+00:00,0.89176,0.89292,0.89162,0.89244,1463.0
2025-07-09 01:00:00+00:00,0.8924,0.89354,0.89192,0.893,2015.0
2025-07-09 02:00:00+00:00,0.89302,0.8936,0.89136,0.8919,2967.0
2025-07-09 03:00:00+00:00,0.89193,0.89279,0.891,0.89276,2291.0
2025-07-09 04:00:00+00:00,0.89278,0.89456,0.8927,0.89404,2054.0
2025-07-09 05:00:00+00:00,0.89402,0.89488,0.89337,0.89344,2791.0
2025-07-09 06:00:00+00:00,0.89344,0.8943,0.89247,0.8942,1438.0
2025-07-09 07:00:00+00:00,0.89418,0.89453,0.89269,0.89323,2388.0
2025-07-09 08:00:00+00:00,0.89322,0.89409,0.89274,0.89363,2336.0
2025-07-09 09:00:00+00:00,0.89364,0.89425,0.89339,0.89396,950.0
2025-07-09 10:00:00+00:00,0.89395,0.89416,0.89311,0.89325,1277.0
2025-07-09 11:00:00+00:00,0.89328,0.89372,0.89315,0.89323,804.0
2025-07-09 12:00:00+00:00,0.8932,0.8947,0.89294,0.89437,1854.0
2025-07-09 13:00:00+00:00,0.89436,0.89533,0.89394,0.89481,2834.0
2025-07-09 14:00:00+00:00,0.89482,0.8958,0.89437,0.89464,2352.0
2025-07-09 15:00:00+00:00,0.89456,0.89485,0.89414,0.8943,1579.0
2025-07-09 16:00:00+00:00,0.89428,0.89522,0.89428,0.89468,845.0
2025-07-09 17:00:00+00:00,0.89472,0.89539,0.89456,0.89498,1096.0
2025-07-09 18:00:00+00:00,0.895,0.89544,0.8947,0.89522,800.0
2025-07-09 19:00:00+00:00,0.89526,0.89566,0.8951,0.89516,817.0
2025-07-09 20:00:00+00:00,0.8952,0.89528,0.8943,0.8943,675.0
2025-07-09 21:00:00+00:00,0.89443,0.89473,0.89318,0.89446,141.0
2025-07-09 22:00:00+00:00,0.89447,0.89473,0.89442,0.89454,341.0
2025-07-09 23:00:00+00:00,0.89454,0.89468,0.89437,0.8944,572.0
2025-07-10 00:00:00+00:00,0.8944,0.89543,0.89418,0.89493,1941.0
2025-07-10 01:00:00+00:00,0.89489,0.89542,0.89446,0.89505,2879.0
2025-07-10 02:00:00+00:00,0.89505,0.89604,0.89504,0.89598,2366.0
2025-07-10 03:00:00+00:00,0.89598,0.89608,0.89523,0.89524,1642.0
2025-07-10 04:00:00+00:00,0.89521,0.89549,0.89472,0.89536,1693.0
2025-07-10 05:00:00+00:00,0.89537,0.89612,0.89522,0.89608,2087.0
2025-07-10 06:00:00+00:00,0.89608,0.89638,0.89546,0.89598,2848.0
2025-07-10 07:00:00+00:00,0.89602,0.89668,0.89563,0.8961,1246.0
2025-07-10 08:00:00+00:00,0.89612,0.89671,0.89596,0.89666,1035.0
2025-07-10 09:00:00+00:00,0.89667,0.89743,0.89667,0.89717,760.0
2025-07-10 10:00:00+00:00,0.89718,0.89776,0.89708,0.89751,671.0
2025-07-10 11:00:00+00:00,0.89746,0.89762,0.89638,0.89662,548.0
2025-07-10 12:00:00+00:00,0.8966,0.897,0.89613,0.89683,863.0
2025-07-10 13:00:00+00:00,0.89687,0.89732,0.89624,0.89642,1080.0
2025-07-10 14:00:00+00:00,0.89646,0.89781,0.89634,0.89774,1405.0
2025-07-10 15:00:00+00:00,0.89778,0.89918,0.8976,0.89899,1046.0
2025-07-10 16:00:00+00:00,0.89894,0.89943,0.89882,0.89934,539.0
2025-07-10 17:00:00+00:00,0.89932,0.89958,0.89908,0.89926,373.0
2025-07-10 18:00:00+00:00,0.89922,0.90013,0.89916,0.89998,563.0
2025-07-10 19:00:00+00:00,0.89998,0.90054,0.89988,0.90028,380.0
2025-07-10 20:00:00+00:00,0.90024,0.90042,0.89963,0.89967,377.0
2025-07-10 21:00:00+00:00,0.89959,0.89997,0.89903,0.89942,171.0
2025-07-10 22:00:00+00:00,0.8994,0.90038,0.8994,0.9002,184.0
2025-07-10 23:00:00+00:00,0.90024,0.90051,0.90009,0.90036,129.0
2025-07-11 00:00:00+00:00,0.90032,0.90124,0.89846,0.89914,6642.0
2025-07-11 01:00:00+00:00,0.89914,0.90226,0.89892,0.90154,4878.0
2025-07-11 02:00:00+00:00,0.90156,0.90223,0.90115,0.90123,2418.0
2025-07-11 03:00:00+00:00,0.90119,0.90213,0.90102,0.90158,1788.0
2025-07-11 04:00:00+00:00,0.9016,0.90166,0.90029,0.90067,2226.0
2025-07-11 05:00:00+00:00,0.90068,0.90151,0.90068,0.90108,2444.0
2025-07-11 06:00:00+00:00,0.90111,0.9021,0.90081,0.90196,2278.0
2025-07-11 07:00:00+00:00,0.90198,0.90222,0.90137,0.9016,1843.0
2025-07-11 08:00:00+00:00,0.90157,0.90163,0.9003,0.90046,1749.0
2025-07-11 09:00:00+00:00,0.90047,0.90124,0.90044,0.90102,1478.0
2025-07-11 10:00:00+00:00,0.901,0.90203,0.90084,0.90182,1670.0
2025-07-11 11:00:00+00:00,0.90188,0.90221,0.90106,0.9011,1154.0
2025-07-11 12:00:00+00:00,0.90106,0.90134,0.8987,0.89996,3011.0
2025-07-11 13:00:00+00:00,0.89993,0.90128,0.89978,0.90058,2916.0
2025-07-11 14:00:00+00:00,0.90056,0.9015,0.89978,0.9004,2032.0
2025-07-11 15:00:00+00:00,0.90042,0.90076,0.89964,0.89966,1193.0
2025-07-11 16:00:00+00:00,0.89962,0.90022,0.89945,0.90007,1623.0
2025-07-11 17:00:00+00:00,0.90008,0.9004,0.8999,0.89991,828.0
2025-07-11 18:00:00+00:00,0.89994,0.90015,0.89974,0.89982,650.0
2025-07-11 19:00:00+00:00,0.89977,0.90008,0.89942,0.89997,1211.0
2025-07-11 20:00:00+00:00,0.89995,0.90056,0.89948,0.90018,1999.0
2025-07-13 21:00:00+00:00,0.89948,0.8995,0.89877,0.89939,59.0
2025-07-13 22:00:00+00:00,0.8994,0.90024,0.89938,0.89947,1140.0
2025-07-13 23:00:00+00:00,0.89943,0.9002,0.89936,0.89992,798.0
2025-07-14 00:00:00+00:00,0.89994,0.90118,0.89994,0.90054,926.0
2025-07-14 01:00:00+00:00,0.90056,0.90074,0.89814,0.89892,1669.0
2025-07-14 02:00:00+00:00,0.89895,0.89928,0.89848,0.89899,994.0
2025-07-14 03:00:00+00:00,0.89902,0.89968,0.89872,0.89936,822.0
2025-07-14 04:00:00+00:00,0.8993,0.8993,0.89878,0.89884,912.0
2025-07-14 05:00:00+00:00,0.89876,0.89952,0.89845,0.89864,971.0
2025-07-14 06:00:00+00:00,0.89864,0.89889,0.89802,0.89832,720.0
2025-07-14 07:00:00+00:00,0.89828,0.89924,0.89768,0.89898,975.0
2025-07-14 08:00:00+00:00,0.89894,0.89929,0.89839,0.89839,448.0
2025-07-14 09:00:00+00:00,0.89834,0.89869,0.89808,0.89856,575.0
2025-07-14 10:00:00+00:00,0.89852,0.89879,0.89786,0.89806,537.0
2025-07-14 11:00:00+00:00,0.89804,0.89836,0.89774,0.89794,415.0
2025-07-14 12:00:00+00:00,0.89788,0.89812,0.8974,0.89774,632.0
2025-07-14 13:00:00+00:00,0.89769,0.89856,0.89757,0.89838,688.0
2025-07-14 14:00:00+00:00,0.8984,0.89842,0.89686,0.89688,895.0
2025-07-14 15:00:00+00:00,0.89688,0.89776,0.89672,0.89684,808.0
2025-07-14 16:00:00+00:00,0.89677,0.8969,0.89628,0.89652,854.0
2025-07-14 17:00:00+00:00,0.89648,0.89749,0.89648,0.89718,374.0
2025-07-14 18:00:00+00:00,0.89722,0.89735,0.89692,0.89704,281.0
2025-07-14 19:00:00+00:00,0.89702,0.89723,0.89661,0.89682,245.0
2025-07-14 20:00:00+00:00,0.89678,0.89706,0.89656,0.897,278.0
2025-07-14 21:00:00+00:00,0.89773,0.89829,0.89694,0.89717,272.0
2025-07-14 22:00:00+00:00,0.8972,0.8974,0.89677,0.89688,534.0
2025-07-14 23:00:00+00:00,0.89692,0.89699,0.89644,0.89688,241.0
2025-07-15 00:00:00+00:00,0.89692,0.89768,0.89687,0.8972,1594.0
2025-07-15 01:00:00+00:00,0.89719,0.89762,0.89598,0.89728,2168.0
2025-07-15 02:00:00+00:00,0.89729,0.8974,0.89635,0.89643,2062.0
2025-07-15 03:00:00+00:00,0.89642,0.89696,0.89618,0.89672,1357.0
2025-07-15 04:00:00+00:00,0.89672,0.89686,0.89616,0.89644,974.0
2025-07-15 05:00:00+00:00,0.89644,0.89762,0.89626,0.89742,1369.0
2025-07-15 06:00:00+00:00,0.89745,0.89778,0.8969,0.89755,1835.0
2025-07-15 07:00:00+00:00,0.8975,0.89904,0.8971,0.89887,1595.0
2025-07-15 08:00:00+00:00,0.8988,0.89938,0.89805,0.89852,1729.0
2025-07-15 09:00:00+00:00,0.89851,0.89938,0.89846,0.89874,1403.0
2025-07-15 10:00:00+00:00,0.89874,0.89908,0.89858,0.89872,1332.0
2025-07-15 11:00:00+00:00,0.89872,0.89887,0.89798,0.89804,967.0
2025-07-15 12:00:00+00:00,0.898,0.89954,0.89786,0.89856,3752.0
2025-07-15 13:00:00+00:00,0.8986,0.89877,0.89593,0.89622,3763.0
2025-07-15 14:00:00+00:00,0.89625,0.89625,0.89404,0.89437,2728.0
2025-07-15 15:00:00+00:00,0.89442,0.8945,0.89342,0.89408,1853.0
2025-07-15 16:00:00+00:00,0.89412,0.8943,0.89322,0.89334,1527.0
2025-07-15 17:00:00+00:00,0.89338,0.89379,0.89332,0.89353,1043.0
2025-07-15 18:00:00+00:00,0.89354,0.89425,0.89346,0.89384,702.0
2025-07-15 19:00:00+00:00,0.89378,0.89411,0.89346,0.89384,1151.0
2025-07-15 20:00:00+00:00,0.8938,0.89395,0.89354,0.89384,430.0
2025-07-15 21:00:00+00:00,0.89425,0.89425,0.89346,0.89358,2711.0
2025-07-15 22:00:00+00:00,0.89356,0.89386,0.89344,0.89355,221.0
2025-07-15 23:00:00+00:00,0.89356,0.8946,0.89356,0.89409,227.0
2025-07-16 00:00:00+00:00,0.89414,0.89576,0.89386,0.89494,1387.0
2025-07-16 01:00:00+00:00,0.89497,0.89555,0.89481,0.89528,1017.0
2025-07-16 02:00:00+00:00,0.89522,0.89522,0.8943,0.8948,726.0
2025-07-16 03:00:00+00:00,0.8948,0.8954,0.89473,0.89492,960.0
2025-07-16 04:00:00+00:00,0.89493,0.89519,0.8946,0.89508,589.0
2025-07-16 05:00:00+00:00,0.89508,0.89519,0.89464,0.89475,866.0
2025-07-16 06:00:00+00:00,0.89473,0.89528,0.89434,0.89481,941.0
2025-07-16 07:00:00+00:00,0.89478,0.895,0.89432,0.89496,1134.0
2025-07-16 08:00:00+00:00,0.89494,0.89522,0.8946,0.8947,869.0
2025-07-16 09:00:00+00:00,0.89466,0.89503,0.89428,0.89503,771.0
2025-07-16 10:00:00+00:00,0.89502,0.89516,0.89457,0.8949,457.0
2025-07-16 11:00:00+00:00,0.89488,0.89521,0.89458,0.89506,545.0
2025-07-16 12:00:00+00:00,0.895,0.89558,0.89435,0.8946,1643.0
2025-07-16 13:00:00+00:00,0.89454,0.89496,0.89323,0.89353,1330.0
2025-07-16 14:00:00+00:00,0.89356,0.89502,0.89319,0.89409,1716.0
2025-07-16 15:00:00+00:00,0.89414,0.89672,0.89328,0.89386,8182.0
2025-07-16 16:00:00+00:00,0.89378,0.89432,0.89305,0.89326,5004.0
2025-07-16 17:00:00+00:00,0.8933,0.89477,0.8933,0.89392,1133.0
2025-07-16 18:00:00+00:00,0.8939,0.89402,0.89316,0.89334,619.0
2025-07-16 19:00:00+00:00,0.89334,0.89346,0.89307,0.89315,383.0
2025-07-16 20:00:00+00:00,0.89316,0.89354,0.89297,0.89309,512.0
2025-07-16 21:00:00+00:00,0.89317,0.89474,0.89317,0.89342,325.0
2025-07-16 22:00:00+00:00,0.89332,0.8934,0.89292,0.89298,234.0
2025-07-16 23:00:00+00:00,0.89292,0.89326,0.89262,0.89286,238.0
2025-07-17 00:00:00+00:00,0.89285,0.89296,0.89186,0.89234,1188.0
2025-07-17 01:00:00+00:00,0.89238,0.8932,0.88979,0.8903,2233.0
2025-07-17 02:00:00+00:00,0.89026,0.8903,0.88817,0.88856,2160.0
2025-07-17 03:00:00+00:00,0.8886,0.88976,0.88795,0.88967,1882.0
2025-07-17 04:00:00+00:00,0.88966,0.8902,0.88916,0.89002,1178.0
2025-07-17 05:00:00+00:00,0.89004,0.89049,0.88981,0.88983,1616.0
2025-07-17 06:00:00+00:00,0.8898,0.88992,0.88779,0.8881,1321.0
2025-07-17 07:00:00+00:00,0.88808,0.88838,0.88766,0.88836,1307.0
2025-07-17 08:00:00+00:00,0.8884,0.88948,0.88829,0.88944,895.0
2025-07-17 09:00:00+00:00,0.88945,0.88978,0.88878,0.88894,478.0
2025-07-17 10:00:00+00:00,0.88892,0.88993,0.88878,0.88988,1056.0
2025-07-17 11:00:00+00:00,0.88987,0.88992,0.88854,0.88872,558.0
2025-07-17 12:00:00+00:00,0.88872,0.89032,0.8887,0.88998,1274.0
2025-07-17 13:00:00+00:00,0.88999,0.89031,0.88932,0.89003,1219.0
2025-07-17 14:00:00+00:00,0.89007,0.89097,0.88986,0.89094,815.0
2025-07-17 15:00:00+00:00,0.89089,0.8918,0.89072,0.89138,818.0
2025-07-17 16:00:00+00:00,0.89137,0.89194,0.89118,0.89136,790.0
2025-07-17 17:00:00+00:00,0.89138,0.89188,0.89128,0.89166,464.0
2025-07-17 18:00:00+00:00,0.89158,0.89208,0.89158,0.8918,496.0
2025-07-17 19:00:00+00:00,0.89186,0.8923,0.89186,0.89204,489.0
2025-07-17 20:00:00+00:00,0.89208,0.89226,0.8918,0.89217,312.0
2025-07-17 21:00:00+00:00,0.89216,0.89224,0.89136,0.89182,149.0
2025-07-17 22:00:00+00:00,0.89182,0.89275,0.89182,0.8926,306.0
2025-07-17 23:00:00+00:00,0.89265,0.89278,0.89248,0.89252,253.0
2025-07-18 00:00:00+00:00,0.89254,0.89378,0.89242,0.89363,642.0
2025-07-18 01:00:00+00:00,0.89362,0.89396,0.89338,0.89338,608.0
2025-07-18 02:00:00+00:00,0.89336,0.8943,0.89316,0.89422,570.0
2025-07-18 03:00:00+00:00,0.89422,0.89442,0.89337,0.89346,618.0
2025-07-18 04:00:00+00:00,0.8934,0.89346,0.8929,0.89299,407.0
2025-07-18 05:00:00+00:00,0.89294,0.89332,0.89278,0.89318,988.0
2025-07-18 06:00:00+00:00,0.89315,0.89412,0.89293,0.89403,748.0
2025-07-18 07:00:00+00:00,0.89408,0.8943,0.89361,0.89428,723.0
2025-07-18 08:00:00+00:00,0.89427,0.89503,0.89427,0.89468,725.0
2025-07-18 09:00:00+00:00,0.89469,0.89504,0.89448,0.89486,373.0
2025-07-18 10:00:00+00:00,0.89485,0.89512,0.89454,0.89484,362.0
2025-07-18 11:00:00+00:00,0.89484,0.89524,0.89464,0.89501,368.0
2025-07-18 12:00:00+00:00,0.89498,0.89561,0.89476,0.89508,915.0
2025-07-18 13:00:00+00:00,0.89512,0.8958,0.8948,0.89575,1049.0
2025-07-18 14:00:00+00:00,0.896,0.89626,0.89491,0.89496,1150.0
2025-07-18 15:00:00+00:00,0.89492,0.89562,0.89479,0.89484,790.0
2025-07-18 16:00:00+00:00,0.8948,0.8952,0.89382,0.89382,712.0
2025-07-18 17:00:00+00:00,0.89386,0.89416,0.89311,0.89348,649.0
2025-07-18 18:00:00+00:00,0.89353,0.89354,0.89284,0.89307,535.0
2025-07-18 19:00:00+00:00,0.89303,0.89331,0.8929,0.89314,547.0
2025-07-18 20:00:00+00:00,0.89313,0.89362,0.89239,0.8924,691.0
2025-07-20 21:00:00+00:00,0.89363,0.8945,0.89322,0.8938,71.0
2025-07-20 22:00:00+00:00,0.89362,0.89364,0.89284,0.89318,1027.0
2025-07-20 23:00:00+00:00,0.89316,0.89376,0.89316,0.89371,473.0
2025-07-21 00:00:00+00:00,0.89366,0.89396,0.8927,0.89317,864.0
2025-07-21 01:00:00+00:00,0.8931,0.89382,0.89266,0.89298,1021.0
2025-07-21 02:00:00+00:00,0.893,0.89322,0.89242,0.89294,1032.0
2025-07-21 03:00:00+00:00,0.89292,0.89318,0.8928,0.89303,334.0
2025-07-21 04:00:00+00:00,0.89302,0.8934,0.89293,0.8932,485.0
2025-07-21 05:00:00+00:00,0.89318,0.89361,0.89301,0.89344,477.0
2025-07-21 06:00:00+00:00,0.8934,0.8942,0.89335,0.89392,611.0
2025-07-21 07:00:00+00:00,0.89398,0.89419,0.89324,0.89341,529.0
2025-07-21 08:00:00+00:00,0.89345,0.89428,0.89321,0.89416,820.0
2025-07-21 09:00:00+00:00,0.89418,0.8943,0.89367,0.89372,549.0
2025-07-21 10:00:00+00:00,0.89371,0.89394,0.89332,0.89351,337.0
2025-07-21 11:00:00+00:00,0.89356,0.89418,0.89322,0.89406,1234.0
2025-07-21 12:00:00+00:00,0.89402,0.89426,0.89344,0.8935,786.0
2025-07-21 13:00:00+00:00,0.8935,0.89406,0.89303,0.89374,1000.0
2025-07-21 14:00:00+00:00,0.89378,0.89447,0.89352,0.89384,875.0
2025-07-21 15:00:00+00:00,0.89383,0.89436,0.89363,0.89386,767.0
2025-07-21 16:00:00+00:00,0.89382,0.89409,0.89362,0.8939,524.0
2025-07-21 17:00:00+00:00,0.89389,0.89394,0.89336,0.89348,362.0
2025-07-21 18:00:00+00:00,0.89344,0.89352,0.8929,0.89317,470.0
2025-07-21 19:00:00+00:00,0.89312,0.89333,0.89254,0.89262,580.0
2025-07-21 20:00:00+00:00,0.89262,0.89284,0.8924,0.89265,204.0
2025-07-21 21:00:00+00:00,0.89268,0.89325,0.89221,0.89262,90.0
2025-07-21 22:00:00+00:00,0.89269,0.89269,0.89226,0.89234,165.0
2025-07-21 23:00:00+00:00,0.89235,0.89309,0.8923,0.89266,248.0
2025-07-22 00:00:00+00:00,0.89272,0.89292,0.89188,0.89212,1176.0
2025-07-22 01:00:00+00:00,0.89208,0.89254,0.89164,0.8921,1099.0
2025-07-22 02:00:00+00:00,0.89208,0.89294,0.89208,0.89286,687.0
2025-07-22 03:00:00+00:00,0.89288,0.89292,0.89214,0.89239,584.0
2025-07-22 04:00:00+00:00,0.89242,0.8927,0.89196,0.89209,359.0
2025-07-22 05:00:00+00:00,0.89208,0.89226,0.89165,0.89184,619.0
2025-07-22 06:00:00+00:00,0.89183,0.89227,0.89133,0.89156,839.0
2025-07-22 07:00:00+00:00,0.89158,0.8919,0.89042,0.89062,1072.0
2025-07-22 08:00:00+00:00,0.89064,0.89126,0.89046,0.89076,1035.0
2025-07-22 09:00:00+00:00,0.89077,0.89158,0.89076,0.89149,562.0
2025-07-22 10:00:00+00:00,0.89152,0.89164,0.8907,0.89071,540.0
2025-07-22 11:00:00+00:00,0.89072,0.89164,0.89056,0.8914,622.0
2025-07-22 12:00:00+00:00,0.89141,0.89284,0.89117,0.89274,978.0
2025-07-22 13:00:00+00:00,0.89279,0.89368,0.89244,0.89246,1233.0
2025-07-22 14:00:00+00:00,0.89248,0.89288,0.89168,0.89274,3485.0
2025-07-22 15:00:00+00:00,0.89272,0.8929,0.89212,0.89255,2787.0
2025-07-22 16:00:00+00:00,0.89254,0.89265,0.89174,0.89205,2271.0
2025-07-22 17:00:00+00:00,0.89206,0.89224,0.89156,0.89176,1850.0
2025-07-22 18:00:00+00:00,0.89176,0.89176,0.8912,0.89146,1837.0
2025-07-22 19:00:00+00:00,0.89146,0.89195,0.89136,0.89144,1572.0
2025-07-22 20:00:00+00:00,0.89144,0.8919,0.89132,0.89186,814.0
2025-07-22 21:00:00+00:00,0.89186,0.892,0.89089,0.89148,195.0
2025-07-22 22:00:00+00:00,0.89142,0.89186,0.89114,0.8912,248.0
2025-07-22 23:00:00+00:00,0.89124,0.89186,0.89124,0.8915,696.0
2025-07-23 00:00:00+00:00,0.89148,0.89168,0.89099,0.89144,2004.0
2025-07-23 01:00:00+00:00,0.89138,0.8924,0.89136,0.8922,1954.0
2025-07-23 02:00:00+00:00,0.89223,0.89257,0.89152,0.89177,2107.0
2025-07-23 03:00:00+00:00,0.89176,0.89287,0.89168,0.89244,2178.0
2025-07-23 04:00:00+00:00,0.89248,0.89321,0.8924,0.8931,1505.0
2025-07-23 05:00:00+00:00,0.8931,0.89383,0.89284,0.8936,1873.0
2025-07-23 06:00:00+00:00,0.89362,0.89376,0.89281,0.89343,2072.0
2025-07-23 07:00:00+00:00,0.89342,0.89422,0.89336,0.89396,2335.0
2025-07-23 08:00:00+00:00,0.894,0.89457,0.89371,0.8942,1923.0
2025-07-23 09:00:00+00:00,0.89419,0.89465,0.89391,0.89458,1510.0
2025-07-23 10:00:00+00:00,0.8946,0.89552,0.89454,0.8953,1479.0
2025-07-23 11:00:00+00:00,0.89526,0.89613,0.89511,0.8959,1634.0
2025-07-23 12:00:00+00:00,0.89594,0.89636,0.8958,0.89617,1938.0
2025-07-23 13:00:00+00:00,0.89616,0.89678,0.89576,0.89668,2940.0
2025-07-23 14:00:00+00:00,0.8967,0.89777,0.89653,0.89687,2729.0
2025-07-23 15:00:00+00:00,0.8969,0.8973,0.89612,0.89682,2343.0
2025-07-23 16:00:00+00:00,0.89678,0.89737,0.89629,0.89638,3672.0
2025-07-23 17:00:00+00:00,0.89636,0.89704,0.89636,0.89692,1807.0
2025-07-23 18:00:00+00:00,0.89693,0.89758,0.89688,0.89726,1481.0
2025-07-23 19:00:00+00:00,0.89726,0.89786,0.89726,0.8974,842.0
2025-07-23 20:00:00+00:00,0.89738,0.89796,0.89734,0.89772,625.0
2025-07-23 21:00:00+00:00,0.8973,0.89754,0.89716,0.89747,124.0
2025-07-23 22:00:00+00:00,0.89757,0.8981,0.89746,0.89806,330.0
2025-07-23 23:00:00+00:00,0.89804,0.8982,0.89768,0.89783,402.0
2025-07-24 00:00:00+00:00,0.89784,0.89808,0.89746,0.898,2554.0
2025-07-24 01:00:00+00:00,0.89802,0.89916,0.89801,0.89879,3593.0
2025-07-24 02:00:00+00:00,0.89874,0.89927,0.89824,0.89918,2588.0
2025-07-24 03:00:00+00:00,0.89914,0.90026,0.89896,0.89978,2105.0
2025-07-24 04:00:00+00:00,0.89976,0.9003,0.89933,0.90026,1522.0
2025-07-24 05:00:00+00:00,0.9003,0.90082,0.9001,0.9004,2172.0
2025-07-24 06:00:00+00:00,0.9004,0.90056,0.89944,0.89989,3288.0
2025-07-24 07:00:00+00:00,0.89988,0.90026,0.89936,0.89947,2670.0
2025-07-24 08:00:00+00:00,0.8995,0.90083,0.89907,0.90061,2835.0
2025-07-24 09:00:00+00:00,0.9006,0.90078,0.90001,0.90053,2328.0
2025-07-24 10:00:00+00:00,0.90054,0.90066,0.89951,0.89972,1908.0
2025-07-24 11:00:00+00:00,0.89971,0.90028,0.89956,0.90026,2020.0
2025-07-24 12:00:00+00:00,0.90028,0.90096,0.89938,0.89944,3544.0
2025-07-24 13:00:00+00:00,0.89944,0.90041,0.89927,0.89988,5151.0
2025-07-24 14:00:00+00:00,0.89986,0.90088,0.89959,0.89966,4323.0
2025-07-24 15:00:00+00:00,0.89966,0.90044,0.89923,0.90036,3557.0
2025-07-24 16:00:00+00:00,0.90037,0.90038,0.89934,0.89948,2482.0
2025-07-24 17:00:00+00:00,0.89946,0.89995,0.89943,0.89981,1608.0
2025-07-24 18:00:00+00:00,0.89984,0.90034,0.89978,0.90018,1513.0
2025-07-24 19:00:00+00:00,0.90018,0.90018,0.89932,0.89947,1408.0
2025-07-24 20:00:00+00:00,0.8995,0.89964,0.89858,0.89858,1244.0
2025-07-24 21:00:00+00:00,0.89848,0.90088,0.89848,0.89906,4403.0
2025-07-24 22:00:00+00:00,0.89932,0.89958,0.89892,0.89949,306.0
2025-07-24 23:00:00+00:00,0.89955,0.89982,0.89944,0.8995,339.0
2025-07-25 00:00:00+00:00,0.8995,0.89995,0.89938,0.89958,2569.0
2025-07-25 01:00:00+00:00,0.8996,0.89972,0.89862,0.89891,2984.0
2025-07-25 02:00:00+00:00,0.89891,0.89901,0.89832,0.89875,2367.0
2025-07-25 03:00:00+00:00,0.89874,0.89896,0.89847,0.8989,2341.0
2025-07-25 04:00:00+00:00,0.89889,0.89918,0.89729,0.89756,2257.0
2025-07-25 05:00:00+00:00,0.89756,0.89852,0.89749,0.89804,2014.0
2025-07-25 06:00:00+00:00,0.89802,0.89876,0.89786,0.89874,3192.0
2025-07-25 07:00:00+00:00,0.89876,0.8989,0.89828,0.89858,2725.0
2025-07-25 08:00:00+00:00,0.89858,0.89874,0.8979,0.89826,2792.0
2025-07-25 09:00:00+00:00,0.89824,0.89825,0.89704,0.89758,1994.0
2025-07-25 10:00:00+00:00,0.89754,0.89768,0.89725,0.89762,1763.0
2025-07-25 11:00:00+00:00,0.89762,0.898,0.89692,0.89784,2083.0
2025-07-25 12:00:00+00:00,0.89784,0.89824,0.89715,0.89762,2529.0
2025-07-25 13:00:00+00:00,0.89763,0.89897,0.89708,0.89872,6489.0
2025-07-25 14:00:00+00:00,0.89876,0.89942,0.89838,0.89886,4998.0
2025-07-25 15:00:00+00:00,0.89885,0.89914,0.89838,0.8989,3414.0
2025-07-25 16:00:00+00:00,0.89889,0.89996,0.89889,0.89979,2516.0
2025-07-25 17:00:00+00:00,0.8998,0.89992,0.89968,0.89972,1778.0
2025-07-25 18:00:00+00:00,0.89975,0.90008,0.89942,0.89992,1784.0
2025-07-25 19:00:00+00:00,0.89991,0.90008,0.89949,0.89957,1250.0
2025-07-25 20:00:00+00:00,0.89956,0.89992,0.8992,0.89967,873.0
2025-07-27 21:00:00+00:00,0.90149,0.90149,0.9007,0.90082,45.0
2025-07-27 22:00:00+00:00,0.90079,0.90084,0.89999,0.90018,726.0
2025-07-27 23:00:00+00:00,0.90019,0.90052,0.90015,0.90034,320.0
2025-07-28 00:00:00+00:00,0.90036,0.90118,0.9003,0.90115,3548.0
2025-07-28 01:00:00+00:00,0.90116,0.90154,0.89997,0.90008,2564.0
2025-07-28 02:00:00+00:00,0.90008,0.90077,0.89993,0.90038,2193.0
2025-07-28 03:00:00+00:00,0.90034,0.90047,0.89927,0.89936,1777.0
2025-07-28 04:00:00+00:00,0.89933,0.89945,0.89882,0.89934,1792.0
2025-07-28 05:00:00+00:00,0.89932,0.89944,0.89881,0.89912,1784.0
2025-07-28 06:00:00+00:00,0.89912,0.89922,0.898,0.89806,3340.0
2025-07-28 07:00:00+00:00,0.89805,0.89836,0.89622,0.89628,4030.0
2025-07-28 08:00:00+00:00,0.89622,0.89622,0.89519,0.89549,3115.0
2025-07-28 09:00:00+00:00,0.89546,0.89618,0.89526,0.89574,2654.0
2025-07-28 10:00:00+00:00,0.89572,0.89663,0.89568,0.89568,2645.0
2025-07-28 11:00:00+00:00,0.89568,0.89627,0.89554,0.8957,2654.0
2025-07-28 12:00:00+00:00,0.89574,0.89627,0.89549,0.89627,2953.0
2025-07-28 13:00:00+00:00,0.8963,0.89638,0.89398,0.89402,3606.0
2025-07-28 14:00:00+00:00,0.894,0.89564,0.89394,0.8954,4238.0
2025-07-28 15:00:00+00:00,0.89537,0.89551,0.89395,0.89412,2839.0
2025-07-28 16:00:00+00:00,0.89411,0.89442,0.89388,0.89399,2371.0
2025-07-28 17:00:00+00:00,0.89405,0.89456,0.89397,0.89434,1824.0
2025-07-28 18:00:00+00:00,0.89434,0.89497,0.89424,0.89492,1900.0
2025-07-28 19:00:00+00:00,0.89492,0.8958,0.89482,0.89574,1533.0
2025-07-28 20:00:00+00:00,0.89572,0.89592,0.89529,0.89584,1205.0
2025-07-28 21:00:00+00:00,0.89598,0.89622,0.8952,0.89606,203.0
2025-07-28 22:00:00+00:00,0.89607,0.89624,0.89578,0.89622,259.0
2025-07-28 23:00:00+00:00,0.89625,0.89634,0.89564,0.89573,226.0
2025-07-29 00:00:00+00:00,0.89563,0.89564,0.89476,0.89505,2296.0
2025-07-29 01:00:00+00:00,0.89506,0.89628,0.89502,0.8959,2501.0
2025-07-29 02:00:00+00:00,0.89593,0.89662,0.89576,0.89638,2173.0
2025-07-29 03:00:00+00:00,0.89638,0.89647,0.89539,0.89569,1981.0
2025-07-29 04:00:00+00:00,0.89568,0.89602,0.89536,0.8958,1655.0
2025-07-29 05:00:00+00:00,0.89576,0.89628,0.89556,0.89613,1282.0
2025-07-29 06:00:00+00:00,0.89612,0.89663,0.8943,0.89442,3060.0
2025-07-29 07:00:00+00:00,0.89442,0.89491,0.8938,0.89465,2889.0
2025-07-29 08:00:00+00:00,0.89463,0.89544,0.89432,0.89532,2488.0
2025-07-29 09:00:00+00:00,0.89532,0.89582,0.89517,0.89568,2158.0
2025-07-29 10:00:00+00:00,0.89567,0.8961,0.89538,0.89545,1879.0
2025-07-29 11:00:00+00:00,0.89542,0.8955,0.89451,0.89482,2374.0
2025-07-29 12:00:00+00:00,0.89482,0.89544,0.89474,0.89532,2458.0
2025-07-29 13:00:00+00:00,0.89534,0.89586,0.89457,0.89563,3015.0
2025-07-29 14:00:00+00:00,0.89566,0.89704,0.89424,0.897,5083.0
2025-07-29 15:00:00+00:00,0.89698,0.8972,0.89601,0.8966,3396.0
2025-07-29 16:00:00+00:00,0.89662,0.89708,0.89642,0.8969,2654.0
2025-07-29 17:00:00+00:00,0.89688,0.89747,0.8968,0.89688,2655.0
2025-07-29 18:00:00+00:00,0.8969,0.89702,0.89654,0.89702,1746.0
2025-07-29 19:00:00+00:00,0.897,0.89733,0.89673,0.89724,1605.0
2025-07-29 20:00:00+00:00,0.89725,0.89762,0.8964,0.89644,975.0
2025-07-29 21:00:00+00:00,0.89701,0.89711,0.8964,0.8967,277.0
2025-07-29 22:00:00+00:00,0.8967,0.89699,0.89667,0.89694,208.0
2025-07-29 23:00:00+00:00,0.89691,0.89716,0.89667,0.89714,412.0
2025-07-30 00:00:00+00:00,0.89714,0.89814,0.8969,0.89808,2119.0
2025-07-30 01:00:00+00:00,0.89805,0.89833,0.89552,0.89696,4098.0
2025-07-30 02:00:00+00:00,0.89696,0.89746,0.89671,0.89731,2509.0
2025-07-30 03:00:00+00:00,0.89733,0.89755,0.89679,0.89712,2221.0
2025-07-30 04:00:00+00:00,0.89714,0.8972,0.8963,0.8965,2115.0
2025-07-30 05:00:00+00:00,0.89651,0.89711,0.89598,0.89665,2416.0
2025-07-30 06:00:00+00:00,0.89664,0.89696,0.89617,0.89629,2917.0
2025-07-30 07:00:00+00:00,0.89623,0.8965,0.89516,0.89518,2526.0
2025-07-30 08:00:00+00:00,0.89522,0.8956,0.89494,0.8954,2115.0
2025-07-30 09:00:00+00:00,0.8954,0.8958,0.89528,0.89566,1740.0
2025-07-30 10:00:00+00:00,0.89565,0.89578,0.89497,0.89499,1746.0
2025-07-30 11:00:00+00:00,0.89494,0.89512,0.89408,0.89445,1875.0
2025-07-30 12:00:00+00:00,0.89446,0.89485,0.89257,0.89269,4304.0
2025-07-30 13:00:00+00:00,0.8927,0.8928,0.89065,0.89093,5180.0
2025-07-30 14:00:00+00:00,0.8909,0.8923,0.8908,0.89218,4010.0
2025-07-30 15:00:00+00:00,0.89213,0.89226,0.89088,0.89112,2015.0
2025-07-30 16:00:00+00:00,0.89116,0.89168,0.89103,0.89152,648.0
2025-07-30 17:00:00+00:00,0.89158,0.89244,0.89153,0.89184,613.0
2025-07-30 18:00:00+00:00,0.89207,0.893,0.88844,0.88852,4232.0
2025-07-30 19:00:00+00:00,0.88852,0.89003,0.88814,0.88994,2515.0
2025-07-30 20:00:00+00:00,0.88988,0.89134,0.88972,0.8899,1335.0
2025-07-30 21:00:00+00:00,0.88995,0.89032,0.88972,0.8902,346.0
2025-07-30 22:00:00+00:00,0.89024,0.89124,0.89001,0.89124,368.0
2025-07-30 23:00:00+00:00,0.89119,0.89148,0.89084,0.89104,713.0
2025-07-31 00:00:00+00:00,0.891,0.89128,0.89072,0.89091,1005.0
2025-07-31 01:00:00+00:00,0.89092,0.8921,0.88994,0.89206,1406.0
2025-07-31 02:00:00+00:00,0.89202,0.89232,0.89138,0.89209,794.0
2025-07-31 03:00:00+00:00,0.89215,0.89248,0.89164,0.89246,1283.0
2025-07-31 04:00:00+00:00,0.89246,0.8935,0.89204,0.89346,1571.0
2025-07-31 05:00:00+00:00,0.89346,0.89379,0.8931,0.89361,1073.0
2025-07-31 06:00:00+00:00,0.8936,0.89449,0.89354,0.8942,925.0
2025-07-31 07:00:00+00:00,0.89416,0.89433,0.8937,0.89414,810.0
2025-07-31 08:00:00+00:00,0.8941,0.89424,0.89309,0.89358,1097.0
2025-07-31 09:00:00+00:00,0.89357,0.89363,0.8927,0.89284,693.0
2025-07-31 10:00:00+00:00,0.8928,0.89292,0.89144,0.89148,455.0
2025-07-31 11:00:00+00:00,0.89149,0.89194,0.89121,0.89172,597.0
2025-07-31 12:00:00+00:00,0.89176,0.8921,0.89053,0.89067,1032.0
2025-07-31 13:00:00+00:00,0.89064,0.89132,0.88972,0.8911,1359.0
2025-07-31 14:00:00+00:00,0.89114,0.89124,0.88962,0.88991,1476.0
2025-07-31 15:00:00+00:00,0.88988,0.89074,0.88952,0.89002,1090.0
2025-07-31 16:00:00+00:00,0.89,0.89076,0.88963,0.89056,1049.0
2025-07-31 17:00:00+00:00,0.89052,0.89064,0.88984,0.89002,1525.0
2025-07-31 18:00:00+00:00,0.88997,0.891,0.88993,0.89036,942.0
2025-07-31 19:00:00+00:00,0.89038,0.89074,0.89011,0.89022,779.0
2025-07-31 20:00:00+00:00,0.89022,0.89046,0.88966,0.89014,1094.0
2025-07-31 21:00:00+00:00,0.89041,0.89083,0.88954,0.89003,251.0
2025-07-31 22:00:00+00:00,0.89,0.89134,0.88976,0.89121,495.0
2025-07-31 23:00:00+00:00,0.89118,0.89138,0.89041,0.8907,1041.0
2025-08-01 00:00:00+00:00,0.89069,0.89084,0.8902,0.89056,972.0
2025-08-01 01:00:00+00:00,0.89055,0.89164,0.8903,0.8909,1571.0
2025-08-01 02:00:00+00:00,0.89089,0.89129,0.89062,0.89107,1393.0
2025-08-01 03:00:00+00:00,0.89108,0.89203,0.89106,0.8916,1382.0
2025-08-01 04:00:00+00:00,0.89156,0.89194,0.89143,0.89162,936.0
2025-08-01 05:00:00+00:00,0.89158,0.89202,0.8913,0.89141,829.0
2025-08-01 06:00:00+00:00,0.8914,0.89208,0.89119,0.89172,958.0
2025-08-01 07:00:00+00:00,0.89178,0.89204,0.8912,0.89189,877.0
2025-08-01 08:00:00+00:00,0.89183,0.89222,0.89116,0.89122,913.0
2025-08-01 09:00:00+00:00,0.89118,0.89132,0.8907,0.89112,533.0
2025-08-01 10:00:00+00:00,0.89113,0.89166,0.89105,0.89127,506.0
2025-08-01 11:00:00+00:00,0.89128,0.89208,0.89099,0.89099,510.0
2025-08-01 12:00:00+00:00,0.891,0.89546,0.89032,0.89414,4206.0
2025-08-01 13:00:00+00:00,0.8942,0.8946,0.89064,0.89102,3167.0
2025-08-01 14:00:00+00:00,0.89113,0.89232,0.89008,0.89104,2951.0
2025-08-01 15:00:00+00:00,0.89108,0.89169,0.89017,0.89111,1119.0
2025-08-01 16:00:00+00:00,0.89102,0.89138,0.89027,0.89036,713.0
2025-08-01 17:00:00+00:00,0.8904,0.8904,0.88885,0.88974,935.0
2025-08-01 18:00:00+00:00,0.88979,0.89058,0.8893,0.88982,841.0
2025-08-01 19:00:00+00:00,0.88986,0.89122,0.88938,0.89084,1263.0
2025-08-01 20:00:00+00:00,0.8909,0.89229,0.89089,0.89178,1645.0
2025-08-03 21:00:00+00:00,0.8908,0.89152,0.89058,0.89113,1993.0
2025-08-03 22:00:00+00:00,0.89122,0.89232,0.89092,0.89098,874.0
2025-08-03 23:00:00+00:00,0.89094,0.89159,0.8908,0.89128,586.0
2025-08-04 00:00:00+00:00,0.89123,0.89296,0.89122,0.89276,897.0
2025-08-04 01:00:00+00:00,0.89277,0.8935,0.89199,0.89325,1260.0
2025-08-04 02:00:00+00:00,0.89324,0.89331,0.89224,0.89226,655.0
2025-08-04 03:00:00+00:00,0.89227,0.89299,0.89227,0.89287,395.0
2025-08-04 04:00:00+00:00,0.89283,0.89332,0.89274,0.89282,378.0
2025-08-04 05:00:00+00:00,0.89278,0.89303,0.8925,0.89296,380.0
2025-08-04 06:00:00+00:00,0.89296,0.8931,0.89218,0.8925,766.0
2025-08-04 07:00:00+00:00,0.89249,0.89288,0.89192,0.89233,730.0
2025-08-04 08:00:00+00:00,0.89229,0.8929,0.89185,0.8929,576.0
2025-08-04 09:00:00+00:00,0.89289,0.89354,0.89264,0.89274,513.0
2025-08-04 10:00:00+00:00,0.89271,0.89286,0.89206,0.8928,510.0
2025-08-04 11:00:00+00:00,0.89283,0.893,0.89238,0.89297,513.0
2025-08-04 12:00:00+00:00,0.89298,0.89329,0.89258,0.89263,610.0
2025-08-04 13:00:00+00:00,0.89262,0.89299,0.89192,0.892,881.0
2025-08-04 14:00:00+00:00,0.892,0.89263,0.89116,0.89116,1276.0
2025-08-04 15:00:00+00:00,0.89121,0.89156,0.89057,0.89057,1112.0
2025-08-04 16:00:00+00:00,0.89061,0.89092,0.89036,0.89042,1266.0
2025-08-04 17:00:00+00:00,0.89046,0.89056,0.8901,0.89012,564.0
2025-08-04 18:00:00+00:00,0.89016,0.89068,0.89016,0.89046,366.0
2025-08-04 19:00:00+00:00,0.89046,0.89078,0.89034,0.89074,291.0
2025-08-04 20:00:00+00:00,0.89073,0.8915,0.89069,0.8912,414.0
2025-08-04 21:00:00+00:00,0.89241,0.89248,0.8909,0.89178,364.0
2025-08-04 22:00:00+00:00,0.89218,0.89218,0.89107,0.89124,270.0
2025-08-04 23:00:00+00:00,0.89128,0.89166,0.89096,0.89138,354.0
2025-08-05 00:00:00+00:00,0.89138,0.89176,0.89062,0.8911,717.0
2025-08-05 01:00:00+00:00,0.89106,0.89128,0.8905,0.89064,1034.0
2025-08-05 02:00:00+00:00,0.89066,0.89068,0.89004,0.89059,706.0
2025-08-05 03:00:00+00:00,0.89062,0.89081,0.89007,0.89016,491.0
2025-08-05 04:00:00+00:00,0.8901,0.89138,0.89,0.89117,935.0
2025-08-05 05:00:00+00:00,0.89116,0.89117,0.89058,0.89073,707.0
2025-08-05 06:00:00+00:00,0.89069,0.89162,0.89046,0.89052,849.0
2025-08-05 07:00:00+00:00,0.89052,0.89136,0.89,0.8902,944.0
2025-08-05 08:00:00+00:00,0.89028,0.89111,0.89003,0.89089,944.0
2025-08-05 09:00:00+00:00,0.89095,0.89173,0.89085,0.8915,519.0
2025-08-05 10:00:00+00:00,0.89146,0.89186,0.89138,0.89138,616.0
2025-08-05 11:00:00+00:00,0.89134,0.89156,0.89092,0.89125,499.0
2025-08-05 12:00:00+00:00,0.89126,0.89219,0.89116,0.89206,1198.0
2025-08-05 13:00:00+00:00,0.8921,0.89288,0.89096,0.89124,933.0
2025-08-05 14:00:00+00:00,0.89163,0.89163,0.89024,0.8908,2230.0
2025-08-05 15:00:00+00:00,0.89082,0.89166,0.89059,0.89161,1126.0
2025-08-05 16:00:00+00:00,0.89163,0.89251,0.89136,0.89213,519.0
2025-08-05 17:00:00+00:00,0.89208,0.8923,0.89195,0.89214,292.0
2025-08-05 18:00:00+00:00,0.8921,0.8922,0.89143,0.89158,346.0
2025-08-05 19:00:00+00:00,0.8916,0.8917,0.89093,0.89094,377.0
2025-08-05 20:00:00+00:00,0.89095,0.89166,0.89084,0.89137,438.0
2025-08-05 21:00:00+00:00,0.89048,0.89179,0.89035,0.89132,205.0
2025-08-05 22:00:00+00:00,0.89131,0.89149,0.89109,0.89116,350.0
2025-08-05 23:00:00+00:00,0.89112,0.89161,0.89102,0.89125,234.0
2025-08-06 00:00:00+00:00,0.89122,0.89248,0.89122,0.89214,851.0
2025-08-06 01:00:00+00:00,0.89208,0.89244,0.8917,0.89236,629.0
2025-08-06 02:00:00+00:00,0.89236,0.89306,0.89222,0.89287,899.0
2025-08-06 03:00:00+00:00,0.89286,0.89375,0.89286,0.89346,560.0
2025-08-06 04:00:00+00:00,0.89346,0.89426,0.89344,0.89416,437.0
2025-08-06 05:00:00+00:00,0.89419,0.89422,0.89314,0.89334,478.0
2025-08-06 06:00:00+00:00,0.89334,0.89369,0.89308,0.89344,704.0
2025-08-06 07:00:00+00:00,0.89342,0.89411,0.89316,0.89392,781.0
2025-08-06 08:00:00+00:00,0.89396,0.89402,0.89341,0.89374,1126.0
2025-08-06 09:00:00+00:00,0.89372,0.8941,0.89366,0.89385,654.0
2025-08-06 10:00:00+00:00,0.8938,0.89489,0.89368,0.89472,533.0
2025-08-06 11:00:00+00:00,0.89468,0.89493,0.89424,0.89484,733.0
2025-08-06 12:00:00+00:00,0.89488,0.89496,0.89358,0.89402,781.0
2025-08-06 13:00:00+00:00,0.89401,0.8945,0.89364,0.8938,1305.0
2025-08-06 14:00:00+00:00,0.89381,0.89381,0.89258,0.893,1216.0
2025-08-06 15:00:00+00:00,0.893,0.8937,0.89245,0.89349,1078.0
2025-08-06 16:00:00+00:00,0.89352,0.8939,0.89306,0.89312,532.0
2025-08-06 17:00:00+00:00,0.89316,0.89381,0.89308,0.89353,396.0
2025-08-06 18:00:00+00:00,0.8935,0.89407,0.89342,0.89382,346.0
2025-08-06 19:00:00+00:00,0.89378,0.89436,0.89358,0.89372,404.0
2025-08-06 20:00:00+00:00,0.89371,0.89372,0.89327,0.89358,429.0
2025-08-06 21:00:00+00:00,0.89392,0.89421,0.89304,0.89328,580.0
2025-08-06 22:00:00+00:00,0.8932,0.89392,0.8932,0.89363,277.0
2025-08-06 23:00:00+00:00,0.89364,0.89384,0.89285,0.89292,277.0
2025-08-07 00:00:00+00:00,0.89292,0.89338,0.89278,0.89278,469.0
2025-08-07 01:00:00+00:00,0.89277,0.89468,0.89274,0.89436,770.0
2025-08-07 02:00:00+00:00,0.89434,0.89456,0.89358,0.89368,525.0
2025-08-07 03:00:00+00:00,0.89371,0.89446,0.8935,0.89426,494.0
2025-08-07 04:00:00+00:00,0.89422,0.89474,0.89413,0.89468,265.0
2025-08-07 05:00:00+00:00,0.8947,0.89496,0.89421,0.89496,483.0
2025-08-07 06:00:00+00:00,0.89496,0.8959,0.89472,0.89544,555.0
2025-08-07 07:00:00+00:00,0.89544,0.89705,0.89528,0.89705,634.0
2025-08-07 08:00:00+00:00,0.897,0.89761,0.89641,0.89674,1073.0
2025-08-07 09:00:00+00:00,0.89678,0.89678,0.89579,0.89588,772.0
2025-08-07 10:00:00+00:00,0.89589,0.8963,0.89568,0.89594,672.0
2025-08-07 11:00:00+00:00,0.89589,0.8963,0.8954,0.89604,1114.0
2025-08-07 12:00:00+00:00,0.89609,0.89664,0.89598,0.89628,806.0
2025-08-07 13:00:00+00:00,0.89634,0.89672,0.89576,0.89596,975.0
2025-08-07 14:00:00+00:00,0.89592,0.89596,0.89382,0.89382,1905.0
2025-08-07 15:00:00+00:00,0.89389,0.89422,0.89311,0.89369,813.0
2025-08-07 16:00:00+00:00,0.89372,0.89414,0.89346,0.89392,423.0
2025-08-07 17:00:00+00:00,0.89398,0.89436,0.89348,0.89408,508.0
2025-08-07 18:00:00+00:00,0.89413,0.89442,0.89392,0.89439,314.0
2025-08-07 19:00:00+00:00,0.89444,0.89561,0.89415,0.89547,618.0
2025-08-07 20:00:00+00:00,0.89552,0.89678,0.89552,0.8967,613.0
2025-08-07 21:00:00+00:00,0.89564,0.89707,0.89537,0.89628,830.0
2025-08-07 22:00:00+00:00,0.89617,0.89677,0.8959,0.89616,438.0
2025-08-07 23:00:00+00:00,0.8962,0.89654,0.89599,0.89605,319.0
2025-08-08 00:00:00+00:00,0.89602,0.89674,0.89566,0.89592,661.0
2025-08-08 01:00:00+00:00,0.89592,0.89606,0.89518,0.89565,532.0
2025-08-08 02:00:00+00:00,0.89566,0.8964,0.89562,0.89622,434.0
2025-08-08 03:00:00+00:00,0.8962,0.89621,0.89572,0.89594,327.0
2025-08-08 04:00:00+00:00,0.89594,0.89636,0.89586,0.89614,528.0
2025-08-08 05:00:00+00:00,0.89617,0.89637,0.89578,0.8961,528.0
2025-08-08 06:00:00+00:00,0.89608,0.89674,0.89595,0.89657,658.0
2025-08-08 07:00:00+00:00,0.89657,0.89737,0.89657,0.89668,780.0
2025-08-08 08:00:00+00:00,0.8967,0.89706,0.8953,0.89552,1189.0
2025-08-08 09:00:00+00:00,0.89549,0.89572,0.89519,0.89552,635.0
2025-08-08 10:00:00+00:00,0.89554,0.89608,0.89532,0.89578,496.0
2025-08-08 11:00:00+00:00,0.89578,0.89605,0.89552,0.89601,525.0
2025-08-08 12:00:00+00:00,0.89608,0.89738,0.89577,0.89659,1122.0
2025-08-08 13:00:00+00:00,0.89654,0.89789,0.8965,0.8973,1005.0
2025-08-08 14:00:00+00:00,0.89732,0.89778,0.897,0.8974,1091.0
2025-08-08 15:00:00+00:00,0.89742,0.89797,0.89714,0.89758,686.0
2025-08-08 16:00:00+00:00,0.89754,0.89778,0.89718,0.89732,370.0
2025-08-08 17:00:00+00:00,0.89736,0.8977,0.89712,0.89744,287.0
2025-08-08 18:00:00+00:00,0.89749,0.89778,0.89728,0.89776,326.0
2025-08-08 19:00:00+00:00,0.89772,0.89776,0.89698,0.89727,283.0
2025-08-08 20:00:00+00:00,0.8973,0.8975,0.89678,0.89704,1074.0
2025-08-10 21:00:00+00:00,0.89724,0.89752,0.89694,0.89714,107.0
2025-08-10 22:00:00+00:00,0.89702,0.89713,0.89671,0.89683,244.0
2025-08-10 23:00:00+00:00,0.89679,0.89685,0.89616,0.89624,458.0
2025-08-11 00:00:00+00:00,0.89624,0.89667,0.89598,0.89654,785.0
2025-08-11 01:00:00+00:00,0.8965,0.89712,0.89632,0.89691,879.0
2025-08-11 02:00:00+00:00,0.89692,0.89714,0.89674,0.89684,591.0
2025-08-11 03:00:00+00:00,0.89684,0.89716,0.89634,0.89705,792.0
2025-08-11 04:00:00+00:00,0.897,0.89739,0.89689,0.89714,485.0
2025-08-11 05:00:00+00:00,0.89711,0.89728,0.89683,0.89728,448.0
2025-08-11 06:00:00+00:00,0.89727,0.89776,0.89718,0.8975,726.0
2025-08-11 07:00:00+00:00,0.8975,0.89767,0.89706,0.89706,466.0
2025-08-11 08:00:00+00:00,0.89707,0.89786,0.89704,0.89756,974.0
2025-08-11 09:00:00+00:00,0.89752,0.89792,0.89722,0.89786,578.0
2025-08-11 10:00:00+00:00,0.89788,0.89798,0.89754,0.89784,508.0
2025-08-11 11:00:00+00:00,0.8978,0.89798,0.8969,0.89728,508.0
2025-08-11 12:00:00+00:00,0.89729,0.89742,0.89658,0.89716,954.0
2025-08-11 13:00:00+00:00,0.89721,0.8973,0.89656,0.89721,851.0
2025-08-11 14:00:00+00:00,0.89722,0.89765,0.8967,0.89714,883.0
2025-08-11 15:00:00+00:00,0.89718,0.8978,0.89688,0.89767,544.0
2025-08-11 16:00:00+00:00,0.89766,0.8981,0.89744,0.89759,508.0
2025-08-11 17:00:00+00:00,0.89758,0.8976,0.89706,0.89753,370.0
2025-08-11 18:00:00+00:00,0.89757,0.89775,0.89737,0.89763,342.0
2025-08-11 19:00:00+00:00,0.89762,0.89762,0.89716,0.8973,247.0
2025-08-11 20:00:00+00:00,0.89734,0.89758,0.8973,0.89734,304.0
2025-08-11 21:00:00+00:00,0.89698,0.89782,0.89698,0.89761,182.0
2025-08-11 22:00:00+00:00,0.8976,0.89766,0.89724,0.89734,205.0
2025-08-11 23:00:00+00:00,0.89727,0.89752,0.89713,0.89718,194.0
2025-08-12 00:00:00+00:00,0.89714,0.89844,0.89714,0.89806,799.0
2025-08-12 01:00:00+00:00,0.89802,0.89806,0.89709,0.89766,773.0
2025-08-12 02:00:00+00:00,0.89772,0.89839,0.8976,0.89837,647.0
2025-08-12 03:00:00+00:00,0.89838,0.89872,0.89804,0.89805,595.0
2025-08-12 04:00:00+00:00,0.89806,0.89818,0.89594,0.89738,1103.0
2025-08-12 05:00:00+00:00,0.89741,0.89762,0.89486,0.89516,1123.0
2025-08-12 06:00:00+00:00,0.8951,0.89624,0.89505,0.89564,739.0
2025-08-12 07:00:00+00:00,0.89564,0.89614,0.89546,0.8959,823.0
2025-08-12 08:00:00+00:00,0.89594,0.89609,0.895,0.89526,787.0
2025-08-12 09:00:00+00:00,0.89527,0.89558,0.89488,0.89508,492.0
2025-08-12 10:00:00+00:00,0.89505,0.89542,0.89496,0.89496,305.0
2025-08-12 11:00:00+00:00,0.89492,0.89519,0.8947,0.89494,334.0
2025-08-12 12:00:00+00:00,0.89502,0.89704,0.89496,0.8964,2574.0
2025-08-12 13:00:00+00:00,0.89636,0.89736,0.89516,0.89642,2437.0
2025-08-12 14:00:00+00:00,0.89646,0.89778,0.89607,0.89739,1290.0
2025-08-12 15:00:00+00:00,0.89736,0.8996,0.89736,0.8989,894.0
2025-08-12 16:00:00+00:00,0.89886,0.89908,0.8986,0.89877,571.0
2025-08-12 17:00:00+00:00,0.89881,0.8992,0.89853,0.89917,419.0
2025-08-12 18:00:00+00:00,0.89916,0.89968,0.89898,0.8996,330.0
2025-08-12 19:00:00+00:00,0.89962,0.89985,0.89945,0.89952,373.0
2025-08-12 20:00:00+00:00,0.89954,0.8998,0.8991,0.89922,376.0
2025-08-12 21:00:00+00:00,0.89859,0.89952,0.89854,0.89918,451.0
2025-08-12 22:00:00+00:00,0.89906,0.89948,0.89878,0.89881,525.0
2025-08-12 23:00:00+00:00,0.89882,0.89935,0.89881,0.89916,229.0
2025-08-13 00:00:00+00:00,0.89914,0.89933,0.89878,0.89908,804.0
2025-08-13 01:00:00+00:00,0.8991,0.8993,0.89796,0.89841,864.0
2025-08-13 02:00:00+00:00,0.89844,0.89968,0.89836,0.89942,501.0
2025-08-13 03:00:00+00:00,0.89937,0.8996,0.8992,0.89942,358.0
2025-08-13 04:00:00+00:00,0.89942,0.90008,0.89928,0.89978,296.0
2025-08-13 05:00:00+00:00,0.89978,0.9,0.89942,0.9,483.0
2025-08-13 06:00:00+00:00,0.90002,0.9013,0.89937,0.90099,749.0
2025-08-13 07:00:00+00:00,0.90095,0.90172,0.90084,0.90146,828.0
2025-08-13 08:00:00+00:00,0.90142,0.90202,0.90108,0.90158,555.0
2025-08-13 09:00:00+00:00,0.90154,0.90251,0.90138,0.90248,390.0
2025-08-13 10:00:00+00:00,0.90244,0.90248,0.90176,0.9018,269.0
2025-08-13 11:00:00+00:00,0.90176,0.90182,0.90126,0.90169,380.0
2025-08-13 12:00:00+00:00,0.90166,0.90186,0.90072,0.90124,407.0
2025-08-13 13:00:00+00:00,0.90128,0.90152,0.90085,0.90127,528.0
2025-08-13 14:00:00+00:00,0.9013,0.9022,0.90094,0.90171,847.0
2025-08-13 15:00:00+00:00,0.90168,0.90172,0.90074,0.90082,554.0
2025-08-13 16:00:00+00:00,0.90079,0.90138,0.90076,0.90102,357.0
2025-08-13 17:00:00+00:00,0.90102,0.90118,0.90049,0.90058,383.0
2025-08-13 18:00:00+00:00,0.90056,0.90076,0.90041,0.9006,313.0
2025-08-13 19:00:00+00:00,0.90065,0.90096,0.90052,0.90052,271.0
2025-08-13 20:00:00+00:00,0.90052,0.90103,0.9005,0.90062,309.0
2025-08-13 21:00:00+00:00,0.90065,0.9009,0.9002,0.90055,680.0
2025-08-13 22:00:00+00:00,0.9005,0.9006,0.90019,0.9003,249.0
2025-08-13 23:00:00+00:00,0.9003,0.90098,0.90016,0.90082,368.0
2025-08-14 00:00:00+00:00,0.90082,0.90134,0.90066,0.90105,478.0
2025-08-14 01:00:00+00:00,0.9011,0.90282,0.90098,0.9025,935.0
2025-08-14 02:00:00+00:00,0.90245,0.9026,0.90162,0.90214,760.0
2025-08-14 03:00:00+00:00,0.9021,0.9021,0.90102,0.90102,765.0
2025-08-14 04:00:00+00:00,0.90107,0.90146,0.90088,0.90118,356.0
2025-08-14 05:00:00+00:00,0.90122,0.90156,0.90072,0.90122,610.0
2025-08-14 06:00:00+00:00,0.90122,0.90134,0.89992,0.90002,1001.0
2025-08-14 07:00:00+00:00,0.90004,0.90054,0.89952,0.89973,899.0
2025-08-14 08:00:00+00:00,0.89978,0.90053,0.89915,0.89916,399.0
2025-08-14 09:00:00+00:00,0.8992,0.89981,0.89908,0.89922,960.0
2025-08-14 10:00:00+00:00,0.89917,0.89952,0.89892,0.89906,427.0
2025-08-14 11:00:00+00:00,0.89908,0.89943,0.89888,0.89929,387.0
2025-08-14 12:00:00+00:00,0.89924,0.8993,0.89727,0.89742,2068.0
2025-08-14 13:00:00+00:00,0.8974,0.89752,0.8964,0.8965,1374.0
2025-08-14 14:00:00+00:00,0.89654,0.89738,0.896,0.89656,939.0
2025-08-14 15:00:00+00:00,0.89662,0.89664,0.89539,0.89572,705.0
2025-08-14 16:00:00+00:00,0.89572,0.89628,0.8954,0.89618,485.0
2025-08-14 17:00:00+00:00,0.8962,0.89685,0.8962,0.89663,360.0
2025-08-14 18:00:00+00:00,0.89667,0.89718,0.89653,0.89702,269.0
2025-08-14 19:00:00+00:00,0.89706,0.89745,0.89696,0.89738,293.0
2025-08-14 20:00:00+00:00,0.89735,0.89769,0.8971,0.89733,289.0
2025-08-14 21:00:00+00:00,0.89678,0.89808,0.89678,0.89779,621.0
2025-08-14 22:00:00+00:00,0.89781,0.898,0.89743,0.8976,298.0
2025-08-14 23:00:00+00:00,0.8976,0.89776,0.89739,0.89747,213.0
2025-08-15 00:00:00+00:00,0.89749,0.89766,0.89689,0.89744,522.0
2025-08-15 01:00:00+00:00,0.89746,0.89796,0.8968,0.89713,708.0
2025-08-15 02:00:00+00:00,0.89714,0.89726,0.89614,0.89708,750.0
2025-08-15 03:00:00+00:00,0.89706,0.89776,0.89706,0.89757,552.0
2025-08-15 04:00:00+00:00,0.89755,0.89772,0.89701,0.89724,375.0
2025-08-15 05:00:00+00:00,0.8972,0.89764,0.8971,0.89751,417.0
2025-08-15 06:00:00+00:00,0.8975,0.89798,0.89735,0.89778,477.0
2025-08-15 07:00:00+00:00,0.89781,0.89844,0.89768,0.8984,507.0
2025-08-15 08:00:00+00:00,0.89838,0.89852,0.89806,0.89812,271.0
2025-08-15 09:00:00+00:00,0.89808,0.89814,0.89742,0.89744,312.0
2025-08-15 10:00:00+00:00,0.8974,0.89806,0.89738,0.898,315.0
2025-08-15 11:00:00+00:00,0.89803,0.89852,0.89801,0.89819,274.0
2025-08-15 12:00:00+00:00,0.89818,0.89886,0.89776,0.89869,888.0
2025-08-15 13:00:00+00:00,0.89874,0.89992,0.8987,0.89974,796.0
2025-08-15 14:00:00+00:00,0.89968,0.90022,0.8991,0.90022,886.0
2025-08-15 15:00:00+00:00,0.90016,0.90038,0.89934,0.89939,558.0
2025-08-15 16:00:00+00:00,0.89942,0.89958,0.89912,0.89921,379.0
2025-08-15 17:00:00+00:00,0.8992,0.89922,0.89868,0.89886,443.0
2025-08-15 18:00:00+00:00,0.89882,0.89888,0.8984,0.8986,455.0
2025-08-15 19:00:00+00:00,0.89856,0.89901,0.89851,0.89898,396.0
2025-08-15 20:00:00+00:00,0.89899,0.89953,0.89877,0.89933,455.0
2025-08-17 21:00:00+00:00,0.89943,0.89943,0.89886,0.899,243.0
2025-08-17 22:00:00+00:00,0.89898,0.89975,0.89898,0.89936,289.0
2025-08-17 23:00:00+00:00,0.89938,0.89972,0.89918,0.89968,382.0
2025-08-18 00:00:00+00:00,0.89968,0.89989,0.89918,0.8993,690.0
2025-08-18 01:00:00+00:00,0.89928,0.90018,0.89926,0.90008,635.0
2025-08-18 02:00:00+00:00,0.90007,0.90007,0.89918,0.89956,699.0
2025-08-18 03:00:00+00:00,0.89954,0.9,0.89942,0.9,476.0
2025-08-18 04:00:00+00:00,0.89996,0.90018,0.89969,0.8999,606.0
2025-08-18 05:00:00+00:00,0.89988,0.9004,0.89969,0.89969,700.0
2025-08-18 06:00:00+00:00,0.89968,0.8999,0.89881,0.89888,571.0
2025-08-18 07:00:00+00:00,0.89886,0.89922,0.89862,0.89874,433.0
2025-08-18 08:00:00+00:00,0.89871,0.89912,0.89816,0.8987,523.0
2025-08-18 09:00:00+00:00,0.89876,0.89902,0.89844,0.89858,418.0
2025-08-18 10:00:00+00:00,0.89862,0.89864,0.89812,0.89812,283.0
2025-08-18 11:00:00+00:00,0.89817,0.89842,0.89776,0.8978,284.0
2025-08-18 12:00:00+00:00,0.89775,0.89794,0.89712,0.89742,397.0
2025-08-18 13:00:00+00:00,0.89742,0.89806,0.8971,0.89767,558.0
2025-08-18 14:00:00+00:00,0.89768,0.8979,0.89638,0.89674,718.0
2025-08-18 15:00:00+00:00,0.89672,0.8973,0.89629,0.89704,554.0
2025-08-18 16:00:00+00:00,0.89699,0.897,0.89624,0.89627,359.0
2025-08-18 17:00:00+00:00,0.8963,0.89661,0.89616,0.89625,266.0
2025-08-18 18:00:00+00:00,0.89624,0.89644,0.89602,0.89644,257.0
2025-08-18 19:00:00+00:00,0.89644,0.8967,0.8964,0.89665,250.0
2025-08-18 20:00:00+00:00,0.89666,0.89675,0.89592,0.89605,191.0
2025-08-18 21:00:00+00:00,0.89676,0.8968,0.89612,0.89615,546.0
2025-08-18 22:00:00+00:00,0.89614,0.8965,0.8961,0.8962,531.0
2025-08-18 23:00:00+00:00,0.89618,0.89653,0.89588,0.89642,424.0
2025-08-19 00:00:00+00:00,0.89638,0.89677,0.89618,0.89676,516.0
2025-08-19 01:00:00+00:00,0.89682,0.89698,0.89593,0.89626,1023.0
2025-08-19 02:00:00+00:00,0.89624,0.89645,0.89589,0.8964,596.0
2025-08-19 03:00:00+00:00,0.89644,0.89664,0.89592,0.89592,581.0
2025-08-19 04:00:00+00:00,0.89592,0.89624,0.8958,0.89605,353.0
2025-08-19 05:00:00+00:00,0.8961,0.89632,0.89486,0.89491,469.0
2025-08-19 06:00:00+00:00,0.89495,0.89597,0.89472,0.89594,477.0
2025-08-19 07:00:00+00:00,0.89596,0.89655,0.89546,0.89607,623.0
2025-08-19 08:00:00+00:00,0.89606,0.89625,0.89556,0.89599,459.0
2025-08-19 09:00:00+00:00,0.89604,0.8969,0.89602,0.89678,486.0
2025-08-19 10:00:00+00:00,0.89682,0.89712,0.89619,0.8963,356.0
2025-08-19 11:00:00+00:00,0.89634,0.8967,0.89603,0.89659,425.0
2025-08-19 12:00:00+00:00,0.89664,0.89748,0.89642,0.89701,947.0
2025-08-19 13:00:00+00:00,0.89702,0.8971,0.89604,0.89668,804.0
2025-08-19 14:00:00+00:00,0.8967,0.89686,0.89548,0.89575,995.0
2025-08-19 15:00:00+00:00,0.89573,0.89574,0.89496,0.89506,599.0
2025-08-19 16:00:00+00:00,0.8951,0.8954,0.89486,0.89505,512.0
2025-08-19 17:00:00+00:00,0.89501,0.89501,0.8946,0.89489,427.0
2025-08-19 18:00:00+00:00,0.89488,0.89488,0.89418,0.89446,274.0
2025-08-19 19:00:00+00:00,0.89446,0.89477,0.89429,0.89476,194.0
2025-08-19 20:00:00+00:00,0.89472,0.89508,0.89446,0.89503,306.0
2025-08-19 21:00:00+00:00,0.89597,0.89597,0.89485,0.89509,1748.0
2025-08-19 22:00:00+00:00,0.89516,0.89526,0.89484,0.89484,301.0
2025-08-19 23:00:00+00:00,0.89486,0.89503,0.89456,0.89486,653.0
2025-08-20 00:00:00+00:00,0.8949,0.89506,0.894,0.89469,936.0
2025-08-20 01:00:00+00:00,0.89468,0.89504,0.89418,0.89474,989.0
2025-08-20 02:00:00+00:00,0.89472,0.89476,0.8925,0.89319,2342.0
2025-08-20 03:00:00+00:00,0.89318,0.89377,0.89244,0.89249,1479.0
2025-08-20 04:00:00+00:00,0.89246,0.89394,0.89238,0.8937,880.0
2025-08-20 05:00:00+00:00,0.89366,0.89452,0.89338,0.89446,1119.0
2025-08-20 06:00:00+00:00,0.89446,0.89457,0.8931,0.89368,982.0
2025-08-20 07:00:00+00:00,0.89373,0.89418,0.89292,0.89354,582.0
2025-08-20 08:00:00+00:00,0.89352,0.89352,0.8919,0.89298,557.0
2025-08-20 09:00:00+00:00,0.89292,0.89318,0.8925,0.89314,442.0
2025-08-20 10:00:00+00:00,0.89312,0.89312,0.89249,0.89278,325.0
2025-08-20 11:00:00+00:00,0.89276,0.893,0.89206,0.89208,379.0
2025-08-20 12:00:00+00:00,0.8921,0.89344,0.8921,0.8929,646.0
2025-08-20 13:00:00+00:00,0.89292,0.89318,0.89144,0.8915,623.0
2025-08-20 14:00:00+00:00,0.8915,0.89189,0.89086,0.89112,1002.0
2025-08-20 15:00:00+00:00,0.89113,0.89256,0.891,0.89177,741.0
2025-08-20 16:00:00+00:00,0.89173,0.89258,0.89168,0.89242,342.0
2025-08-20 17:00:00+00:00,0.8924,0.8929,0.89234,0.89252,335.0
2025-08-20 18:00:00+00:00,0.89248,0.89253,0.89174,0.89201,659.0
2025-08-20 19:00:00+00:00,0.89206,0.89267,0.892,0.89267,291.0
2025-08-20 20:00:00+00:00,0.89262,0.89291,0.89223,0.89248,219.0
2025-08-20 21:00:00+00:00,0.89208,0.89276,0.89196,0.8922,528.0
2025-08-20 22:00:00+00:00,0.89224,0.89258,0.89218,0.89245,386.0
2025-08-20 23:00:00+00:00,0.89246,0.89287,0.89227,0.89273,649.0
2025-08-21 00:00:00+00:00,0.89271,0.89296,0.89173,0.89196,1520.0
2025-08-21 01:00:00+00:00,0.89198,0.8926,0.89148,0.89231,1516.0
2025-08-21 02:00:00+00:00,0.89226,0.89239,0.8909,0.89092,1569.0
2025-08-21 03:00:00+00:00,0.89092,0.89153,0.89092,0.89126,1481.0
2025-08-21 04:00:00+00:00,0.89126,0.8916,0.89089,0.89092,980.0
2025-08-21 05:00:00+00:00,0.89096,0.89154,0.8904,0.8915,1706.0
2025-08-21 06:00:00+00:00,0.89148,0.89172,0.89096,0.89116,1206.0
2025-08-21 07:00:00+00:00,0.89112,0.89146,0.89078,0.89139,913.0
2025-08-21 08:00:00+00:00,0.89136,0.89149,0.89094,0.89142,637.0
2025-08-21 09:00:00+00:00,0.89146,0.89204,0.89132,0.89154,422.0
2025-08-21 10:00:00+00:00,0.89152,0.89243,0.89144,0.89236,505.0
2025-08-21 11:00:00+00:00,0.89237,0.89275,0.89182,0.89182,548.0
2025-08-21 12:00:00+00:00,0.8918,0.89254,0.89162,0.89195,682.0
2025-08-21 13:00:00+00:00,0.89198,0.89298,0.89176,0.89227,970.0
2025-08-21 14:00:00+00:00,0.89228,0.89342,0.89221,0.89288,1015.0
2025-08-21 15:00:00+00:00,0.89286,0.89302,0.89207,0.89233,924.0
2025-08-21 16:00:00+00:00,0.89228,0.89257,0.89202,0.89237,391.0
2025-08-21 17:00:00+00:00,0.89243,0.89311,0.89238,0.89283,623.0
2025-08-21 18:00:00+00:00,0.89282,0.89314,0.89266,0.89291,277.0
2025-08-21 19:00:00+00:00,0.89288,0.893,0.8924,0.89276,298.0
2025-08-21 20:00:00+00:00,0.89274,0.89316,0.89272,0.89312,408.0
2025-08-21 21:00:00+00:00,0.8934,0.89366,0.89289,0.89302,469.0
2025-08-21 22:00:00+00:00,0.89298,0.89353,0.89294,0.89318,194.0
2025-08-21 23:00:00+00:00,0.89324,0.89328,0.89298,0.89324,232.0
2025-08-22 00:00:00+00:00,0.8932,0.89371,0.89287,0.89353,1063.0
2025-08-22 01:00:00+00:00,0.89354,0.89371,0.8931,0.89337,901.0
2025-08-22 02:00:00+00:00,0.89338,0.89428,0.89325,0.89389,745.0
2025-08-22 03:00:00+00:00,0.89393,0.89428,0.89354,0.89359,703.0
2025-08-22 04:00:00+00:00,0.89356,0.89374,0.893,0.89317,404.0
2025-08-22 05:00:00+00:00,0.89316,0.89316,0.89275,0.89275,744.0
2025-08-22 06:00:00+00:00,0.89272,0.89359,0.89272,0.89311,576.0
2025-08-22 07:00:00+00:00,0.89315,0.89384,0.89306,0.89363,394.0
2025-08-22 08:00:00+00:00,0.89367,0.89461,0.8936,0.8943,369.0
2025-08-22 09:00:00+00:00,0.89434,0.89452,0.89309,0.89316,554.0
2025-08-22 10:00:00+00:00,0.89318,0.89335,0.89293,0.89318,242.0
2025-08-22 11:00:00+00:00,0.89314,0.89337,0.89284,0.89332,286.0
2025-08-22 12:00:00+00:00,0.89337,0.89418,0.89336,0.89368,442.0
2025-08-22 13:00:00+00:00,0.89366,0.89509,0.89362,0.8947,584.0
2025-08-22 14:00:00+00:00,0.89481,0.899,0.89464,0.89827,5300.0
2025-08-22 15:00:00+00:00,0.89823,0.89918,0.89743,0.89762,1147.0
2025-08-22 16:00:00+00:00,0.89763,0.89807,0.89714,0.89743,622.0
2025-08-22 17:00:00+00:00,0.89748,0.8978,0.89714,0.89748,490.0
2025-08-22 18:00:00+00:00,0.89744,0.89756,0.89699,0.89704,404.0
2025-08-22 19:00:00+00:00,0.89706,0.89728,0.89665,0.8972,339.0
2025-08-22 20:00:00+00:00,0.89721,0.89807,0.89706,0.89775,793.0
2025-08-24 21:00:00+00:00,0.89748,0.89806,0.89747,0.89772,370.0
2025-08-24 22:00:00+00:00,0.89776,0.89787,0.89685,0.89709,393.0
2025-08-24 23:00:00+00:00,0.89713,0.89741,0.89674,0.8968,307.0
2025-08-25 00:00:00+00:00,0.89688,0.89734,0.89681,0.897,657.0
2025-08-25 01:00:00+00:00,0.89704,0.89716,0.89589,0.89596,815.0
2025-08-25 02:00:00+00:00,0.89596,0.89696,0.89594,0.89687,669.0
2025-08-25 03:00:00+00:00,0.89691,0.89763,0.89691,0.89736,544.0
2025-08-25 04:00:00+00:00,0.8974,0.89806,0.89732,0.8978,416.0
2025-08-25 05:00:00+00:00,0.89784,0.8986,0.89774,0.89832,525.0
2025-08-25 06:00:00+00:00,0.89836,0.89918,0.89836,0.89866,706.0
2025-08-25 07:00:00+00:00,0.89865,0.899,0.89742,0.89744,773.0
2025-08-25 08:00:00+00:00,0.89748,0.8984,0.89748,0.89815,425.0
2025-08-25 09:00:00+00:00,0.89814,0.89818,0.89714,0.89752,278.0
2025-08-25 10:00:00+00:00,0.89756,0.89792,0.89737,0.89786,254.0
2025-08-25 11:00:00+00:00,0.89786,0.89843,0.8977,0.89837,364.0
2025-08-25 12:00:00+00:00,0.89838,0.89838,0.89724,0.89738,326.0
2025-08-25 13:00:00+00:00,0.89737,0.8983,0.89716,0.89815,545.0
2025-08-25 14:00:00+00:00,0.89814,0.89915,0.89814,0.89857,601.0
2025-08-25 15:00:00+00:00,0.89854,0.89936,0.89839,0.89873,502.0
2025-08-25 16:00:00+00:00,0.89869,0.89912,0.89852,0.89872,345.0
2025-08-25 17:00:00+00:00,0.89868,0.89871,0.89818,0.89851,305.0
2025-08-25 18:00:00+00:00,0.89856,0.89856,0.89796,0.89802,310.0
2025-08-25 19:00:00+00:00,0.89808,0.89829,0.89782,0.89816,322.0
2025-08-25 20:00:00+00:00,0.89812,0.89861,0.89796,0.89854,254.0
2025-08-25 21:00:00+00:00,0.89794,0.89861,0.89794,0.8983,645.0
2025-08-25 22:00:00+00:00,0.89826,0.89846,0.89814,0.89831,192.0
2025-08-25 23:00:00+00:00,0.89834,0.89835,0.89809,0.89825,149.0
2025-08-26 00:00:00+00:00,0.89826,0.89936,0.8981,0.89857,1980.0
2025-08-26 01:00:00+00:00,0.8985,0.89892,0.8971,0.89721,790.0
2025-08-26 02:00:00+00:00,0.89717,0.8982,0.89717,0.89752,747.0
2025-08-26 03:00:00+00:00,0.89751,0.89753,0.89673,0.897,913.0
2025-08-26 04:00:00+00:00,0.89698,0.89787,0.89685,0.8977,378.0
2025-08-26 05:00:00+00:00,0.89766,0.89781,0.89739,0.89766,486.0
2025-08-26 06:00:00+00:00,0.89767,0.89826,0.89704,0.89798,569.0
2025-08-26 07:00:00+00:00,0.89794,0.89808,0.89691,0.89695,1022.0
2025-08-26 08:00:00+00:00,0.89694,0.89798,0.89693,0.8975,657.0
2025-08-26 09:00:00+00:00,0.89746,0.89824,0.89744,0.89809,349.0
2025-08-26 10:00:00+00:00,0.89813,0.8984,0.89776,0.89813,318.0
2025-08-26 11:00:00+00:00,0.89816,0.89861,0.89798,0.89849,363.0
2025-08-26 12:00:00+00:00,0.89854,0.89886,0.898,0.898,565.0
2025-08-26 13:00:00+00:00,0.89802,0.89841,0.89756,0.8983,588.0
2025-08-26 14:00:00+00:00,0.89824,0.89863,0.89782,0.89792,950.0
2025-08-26 15:00:00+00:00,0.89796,0.89844,0.89766,0.89824,583.0
2025-08-26 16:00:00+00:00,0.89827,0.89884,0.8982,0.89836,362.0
2025-08-26 17:00:00+00:00,0.89836,0.89883,0.89833,0.89872,328.0
2025-08-26 18:00:00+00:00,0.89868,0.89872,0.89818,0.8984,226.0
2025-08-26 19:00:00+00:00,0.89838,0.89852,0.89824,0.89829,273.0
2025-08-26 20:00:00+00:00,0.89828,0.89884,0.89826,0.89879,186.0
2025-08-26 21:00:00+00:00,0.89824,0.89859,0.89824,0.89844,1890.0
2025-08-26 22:00:00+00:00,0.89832,0.89885,0.89832,0.89878,208.0
2025-08-26 23:00:00+00:00,0.89874,0.89882,0.89848,0.89858,190.0
2025-08-27 00:00:00+00:00,0.89863,0.8987,0.89803,0.89816,393.0
2025-08-27 01:00:00+00:00,0.89819,0.8995,0.8978,0.89868,954.0
2025-08-27 02:00:00+00:00,0.89866,0.89902,0.89788,0.89824,748.0
2025-08-27 03:00:00+00:00,0.89826,0.89858,0.89786,0.89794,487.0
2025-08-27 04:00:00+00:00,0.89795,0.89811,0.89755,0.89768,570.0
2025-08-27 05:00:00+00:00,0.89771,0.89794,0.8975,0.89767,341.0
2025-08-27 06:00:00+00:00,0.89766,0.89824,0.89744,0.89778,458.0
2025-08-27 07:00:00+00:00,0.8978,0.89823,0.89686,0.89702,791.0
2025-08-27 08:00:00+00:00,0.89696,0.89698,0.89576,0.8961,550.0
2025-08-27 09:00:00+00:00,0.89606,0.89672,0.89572,0.89652,362.0
2025-08-27 10:00:00+00:00,0.89651,0.89651,0.8954,0.89568,435.0
2025-08-27 11:00:00+00:00,0.89568,0.89584,0.89524,0.8957,513.0
2025-08-27 12:00:00+00:00,0.89574,0.89652,0.89571,0.89636,523.0
2025-08-27 13:00:00+00:00,0.89632,0.89731,0.89606,0.89698,649.0
2025-08-27 14:00:00+00:00,0.89696,0.89747,0.89662,0.89706,749.0
2025-08-27 15:00:00+00:00,0.89707,0.89798,0.89706,0.89798,622.0
2025-08-27 16:00:00+00:00,0.89797,0.89846,0.8975,0.89808,448.0
2025-08-27 17:00:00+00:00,0.89809,0.8984,0.89747,0.89766,379.0
2025-08-27 18:00:00+00:00,0.89762,0.89804,0.89746,0.89804,716.0
2025-08-27 19:00:00+00:00,0.89799,0.89799,0.8974,0.89746,376.0
2025-08-27 20:00:00+00:00,0.89741,0.89751,0.89669,0.8972,360.0
2025-08-27 21:00:00+00:00,0.89685,0.89696,0.8966,0.8967,456.0
2025-08-27 22:00:00+00:00,0.8967,0.89714,0.89664,0.89697,277.0
2025-08-27 23:00:00+00:00,0.89694,0.89737,0.8969,0.89737,174.0
2025-08-28 00:00:00+00:00,0.89736,0.89766,0.89707,0.89738,581.0
2025-08-28 01:00:00+00:00,0.89741,0.89784,0.89706,0.89731,926.0
2025-08-28 02:00:00+00:00,0.89728,0.89792,0.89726,0.89778,551.0
2025-08-28 03:00:00+00:00,0.89782,0.89798,0.89712,0.89736,719.0
2025-08-28 04:00:00+00:00,0.89739,0.89739,0.89694,0.89715,676.0
2025-08-28 05:00:00+00:00,0.89716,0.89718,0.89672,0.89696,875.0
2025-08-28 06:00:00+00:00,0.89694,0.89756,0.8969,0.89744,1069.0
2025-08-28 07:00:00+00:00,0.8974,0.89766,0.89703,0.89748,853.0
2025-08-28 08:00:00+00:00,0.89752,0.89805,0.89698,0.89794,711.0
2025-08-28 09:00:00+00:00,0.89796,0.89812,0.89762,0.89776,530.0
2025-08-28 10:00:00+00:00,0.89776,0.8985,0.89766,0.89823,740.0
2025-08-28 11:00:00+00:00,0.89826,0.89862,0.89797,0.89829,546.0
2025-08-28 12:00:00+00:00,0.89826,0.8988,0.8978,0.8982,1007.0
2025-08-28 13:00:00+00:00,0.89818,0.89884,0.89761,0.89777,952.0
2025-08-28 14:00:00+00:00,0.89782,0.89877,0.89774,0.89811,1155.0
2025-08-28 15:00:00+00:00,0.89806,0.8984,0.89772,0.89789,611.0
2025-08-28 16:00:00+00:00,0.89793,0.8985,0.89782,0.89819,469.0
2025-08-28 17:00:00+00:00,0.8982,0.89846,0.89808,0.89812,280.0
2025-08-28 18:00:00+00:00,0.89808,0.89816,0.89779,0.89812,329.0
2025-08-28 19:00:00+00:00,0.89816,0.89822,0.89798,0.89814,316.0
2025-08-28 20:00:00+00:00,0.89812,0.89822,0.89774,0.89797,223.0
2025-08-28 21:00:00+00:00,0.89767,0.89811,0.89739,0.89808,529.0
2025-08-28 22:00:00+00:00,0.89813,0.89825,0.89774,0.89779,408.0
2025-08-28 23:00:00+00:00,0.89783,0.89822,0.8978,0.89812,163.0
2025-08-29 00:00:00+00:00,0.89812,0.89854,0.89792,0.89844,396.0
2025-08-29 01:00:00+00:00,0.8984,0.89934,0.89794,0.89934,674.0
2025-08-29 02:00:00+00:00,0.89938,0.89948,0.89904,0.8992,553.0
2025-08-29 03:00:00+00:00,0.89918,0.89938,0.89876,0.89908,326.0
2025-08-29 04:00:00+00:00,0.89904,0.89936,0.89897,0.89936,356.0
2025-08-29 05:00:00+00:00,0.89939,0.89942,0.89888,0.89918,271.0
2025-08-29 06:00:00+00:00,0.89919,0.89942,0.89831,0.89837,425.0
2025-08-29 07:00:00+00:00,0.89834,0.89865,0.89789,0.89846,448.0
2025-08-29 08:00:00+00:00,0.89848,0.89852,0.8978,0.89806,490.0
2025-08-29 09:00:00+00:00,0.89812,0.89828,0.89776,0.89802,458.0
2025-08-29 10:00:00+00:00,0.89807,0.89818,0.89752,0.89754,440.0
2025-08-29 11:00:00+00:00,0.89753,0.8977,0.8974,0.89751,244.0
2025-08-29 12:00:00+00:00,0.89754,0.89911,0.89719,0.89907,917.0
2025-08-29 13:00:00+00:00,0.8991,0.8996,0.89886,0.89947,730.0
2025-08-29 14:00:00+00:00,0.8995,0.89954,0.8982,0.8985,1156.0
2025-08-29 15:00:00+00:00,0.89855,0.89874,0.89814,0.89841,603.0
2025-08-29 16:00:00+00:00,0.8984,0.89912,0.89836,0.8989,825.0
2025-08-29 17:00:00+00:00,0.89892,0.89899,0.89866,0.8987,298.0
2025-08-29 18:00:00+00:00,0.89866,0.89884,0.89846,0.89846,222.0
2025-08-29 19:00:00+00:00,0.89851,0.89896,0.89851,0.89882,194.0
2025-08-29 20:00:00+00:00,0.89888,0.89932,0.89806,0.89888,814.0
2025-08-31 21:00:00+00:00,0.89917,0.89943,0.89845,0.89853,317.0
2025-08-31 22:00:00+00:00,0.89854,0.89909,0.89846,0.89887,245.0
2025-08-31 23:00:00+00:00,0.89884,0.89908,0.89876,0.89894,147.0
2025-09-01 00:00:00+00:00,0.89896,0.89947,0.89895,0.89932,256.0
2025-09-01 01:00:00+00:00,0.89931,0.89931,0.89816,0.89854,505.0
2025-09-01 02:00:00+00:00,0.89858,0.89936,0.89848,0.89918,578.0
2025-09-01 03:00:00+00:00,0.89916,0.89948,0.89876,0.89926,467.0
2025-09-01 04:00:00+00:00,0.89933,0.89936,0.89876,0.89886,296.0
2025-09-01 05:00:00+00:00,0.89887,0.89916,0.89864,0.8988,281.0
2025-09-01 06:00:00+00:00,0.89877,0.89986,0.89875,0.89944,580.0
2025-09-01 07:00:00+00:00,0.89948,0.90013,0.89861,0.90004,493.0
2025-09-01 08:00:00+00:00,0.90004,0.90094,0.89994,0.9009,496.0
2025-09-01 09:00:00+00:00,0.90086,0.90094,0.90036,0.90088,316.0
2025-09-01 10:00:00+00:00,0.90091,0.90115,0.90053,0.90086,291.0
2025-09-01 11:00:00+00:00,0.9009,0.90092,0.90038,0.9006,284.0
2025-09-01 12:00:00+00:00,0.90058,0.90108,0.90022,0.90104,476.0
2025-09-01 13:00:00+00:00,0.901,0.90111,0.90056,0.90094,339.0
2025-09-01 14:00:00+00:00,0.90092,0.90158,0.9008,0.90148,354.0
2025-09-01 15:00:00+00:00,0.90143,0.9019,0.9014,0.90143,258.0
2025-09-01 16:00:00+00:00,0.90142,0.90154,0.90113,0.90139,125.0
2025-09-01 17:00:00+00:00,0.90146,0.90146,0.90121,0.90126,48.0
2025-09-01 18:00:00+00:00,0.90122,0.90123,0.90107,0.90115,28.0
2025-09-01 19:00:00+00:00,0.90111,0.90134,0.90111,0.90132,22.0
2025-09-01 20:00:00+00:00,0.9013,0.90135,0.90106,0.90116,96.0
2025-09-01 21:00:00+00:00,0.90073,0.90152,0.90068,0.90104,676.0
2025-09-01 22:00:00+00:00,0.90104,0.90149,0.90104,0.90132,160.0
2025-09-01 23:00:00+00:00,0.90134,0.90148,0.90115,0.90142,294.0
2025-09-02 00:00:00+00:00,0.90144,0.90162,0.90036,0.90085,915.0
2025-09-02 01:00:00+00:00,0.90086,0.90086,0.90005,0.90016,889.0
2025-09-02 02:00:00+00:00,0.90007,0.90027,0.89936,0.90024,714.0
2025-09-02 03:00:00+00:00,0.9002,0.9003,0.89936,0.8996,780.0
2025-09-02 04:00:00+00:00,0.8996,0.89962,0.89918,0.89934,794.0
2025-09-02 05:00:00+00:00,0.89935,0.89956,0.89904,0.89907,531.0
2025-09-02 06:00:00+00:00,0.89912,0.89942,0.89891,0.89937,481.0
2025-09-02 07:00:00+00:00,0.89936,0.89948,0.89557,0.89606,1457.0
2025-09-02 08:00:00+00:00,0.896,0.89752,0.89581,0.89686,1029.0
2025-09-02 09:00:00+00:00,0.89682,0.89696,0.89608,0.89688,896.0
2025-09-02 10:00:00+00:00,0.8969,0.8971,0.89649,0.89686,619.0
2025-09-02 11:00:00+00:00,0.89687,0.89762,0.89661,0.8974,526.0
2025-09-02 12:00:00+00:00,0.89738,0.89786,0.8956,0.89574,1022.0
2025-09-02 13:00:00+00:00,0.89576,0.89797,0.89535,0.89755,1072.0
2025-09-02 14:00:00+00:00,0.89758,0.89978,0.89758,0.89974,1716.0
2025-09-02 15:00:00+00:00,0.89976,0.89988,0.89803,0.89809,1058.0
2025-09-02 16:00:00+00:00,0.89806,0.89868,0.898,0.89808,603.0
2025-09-02 17:00:00+00:00,0.89808,0.89852,0.898,0.89816,347.0
2025-09-02 18:00:00+00:00,0.89812,0.89834,0.89802,0.89818,327.0
2025-09-02 19:00:00+00:00,0.89812,0.89882,0.89811,0.89878,349.0
2025-09-02 20:00:00+00:00,0.8988,0.89892,0.8984,0.89867,288.0
2025-09-02 21:00:00+00:00,0.89818,0.89872,0.89746,0.89826,559.0
2025-09-02 22:00:00+00:00,0.89825,0.89872,0.89821,0.89839,216.0
2025-09-02 23:00:00+00:00,0.89841,0.89864,0.89836,0.8986,159.0
2025-09-03 00:00:00+00:00,0.89853,0.89862,0.8981,0.89844,610.0
2025-09-03 01:00:00+00:00,0.8984,0.89961,0.89808,0.89954,1109.0
2025-09-03 02:00:00+00:00,0.89954,0.89958,0.8988,0.89926,681.0
2025-09-03 03:00:00+00:00,0.89928,0.89963,0.89894,0.89916,577.0
2025-09-03 04:00:00+00:00,0.89918,0.89945,0.89912,0.89936,389.0
2025-09-03 05:00:00+00:00,0.89934,0.89952,0.89797,0.89859,556.0
2025-09-03 06:00:00+00:00,0.89858,0.89886,0.89814,0.89832,619.0
2025-09-03 07:00:00+00:00,0.89828,0.90019,0.89768,0.89992,821.0
2025-09-03 08:00:00+00:00,0.89988,0.90066,0.89978,0.9005,660.0
2025-09-03 09:00:00+00:00,0.90054,0.9013,0.90014,0.90114,656.0
2025-09-03 10:00:00+00:00,0.90108,0.90149,0.90072,0.90106,496.0
2025-09-03 11:00:00+00:00,0.90101,0.90204,0.90094,0.90177,419.0
2025-09-03 12:00:00+00:00,0.90182,0.9025,0.90145,0.9025,717.0
2025-09-03 13:00:00+00:00,0.90252,0.90264,0.90182,0.90218,882.0
2025-09-03 14:00:00+00:00,0.9022,0.90294,0.90206,0.90239,1409.0
2025-09-03 15:00:00+00:00,0.90239,0.90321,0.90233,0.90292,898.0
2025-09-03 16:00:00+00:00,0.90286,0.90326,0.9027,0.90316,433.0
2025-09-03 17:00:00+00:00,0.90312,0.90368,0.90278,0.90294,355.0
2025-09-03 18:00:00+00:00,0.90292,0.90311,0.90262,0.903,390.0
2025-09-03 19:00:00+00:00,0.90296,0.90296,0.90236,0.90246,328.0
2025-09-03 20:00:00+00:00,0.90242,0.90273,0.90238,0.90256,320.0
2025-09-03 21:00:00+00:00,0.90193,0.9024,0.90192,0.90228,902.0
2025-09-03 22:00:00+00:00,0.90226,0.90269,0.90218,0.9022,179.0
2025-09-03 23:00:00+00:00,0.9022,0.90264,0.90219,0.90264,383.0
2025-09-04 00:00:00+00:00,0.90265,0.90344,0.90261,0.90322,921.0
2025-09-04 01:00:00+00:00,0.9032,0.90326,0.90209,0.90216,779.0
2025-09-04 02:00:00+00:00,0.90215,0.90256,0.90194,0.90238,1068.0
2025-09-04 03:00:00+00:00,0.9024,0.90252,0.90166,0.90186,943.0
2025-09-04 04:00:00+00:00,0.90187,0.90204,0.90128,0.90132,698.0
2025-09-04 05:00:00+00:00,0.90126,0.90129,0.90067,0.90087,1504.0
2025-09-04 06:00:00+00:00,0.90089,0.90153,0.90079,0.90117,650.0
2025-09-04 07:00:00+00:00,0.90113,0.90141,0.90066,0.9012,638.0
2025-09-04 08:00:00+00:00,0.90122,0.90138,0.90092,0.90131,630.0
2025-09-04 09:00:00+00:00,0.9013,0.90134,0.90064,0.90074,399.0
2025-09-04 10:00:00+00:00,0.90077,0.90104,0.90062,0.90088,399.0
2025-09-04 11:00:00+00:00,0.90086,0.901,0.90044,0.90054,370.0
2025-09-04 12:00:00+00:00,0.90058,0.90099,0.89967,0.90076,1052.0
2025-09-04 13:00:00+00:00,0.90079,0.9011,0.9002,0.90078,944.0
2025-09-04 14:00:00+00:00,0.90074,0.90074,0.89938,0.90061,1094.0
2025-09-04 15:00:00+00:00,0.90057,0.90082,0.9002,0.90037,498.0
2025-09-04 16:00:00+00:00,0.90034,0.90078,0.90008,0.9004,382.0
2025-09-04 17:00:00+00:00,0.90043,0.90088,0.90024,0.90028,485.0
2025-09-04 18:00:00+00:00,0.9003,0.90076,0.90029,0.9006,302.0
2025-09-04 19:00:00+00:00,0.90062,0.90105,0.90051,0.901,244.0
2025-09-04 20:00:00+00:00,0.90097,0.90102,0.90042,0.90059,306.0
2025-09-04 21:00:00+00:00,0.90007,0.90068,0.90002,0.90039,2625.0
2025-09-04 22:00:00+00:00,0.90044,0.90083,0.90044,0.90071,323.0
2025-09-04 23:00:00+00:00,0.90076,0.9011,0.90066,0.90104,240.0
2025-09-05 00:00:00+00:00,0.90105,0.90138,0.90079,0.90128,755.0
2025-09-05 01:00:00+00:00,0.9013,0.9017,0.9012,0.90148,503.0
2025-09-05 02:00:00+00:00,0.90148,0.90157,0.90117,0.90154,539.0
2025-09-05 03:00:00+00:00,0.9015,0.90173,0.90122,0.9017,328.0
2025-09-05 04:00:00+00:00,0.90172,0.90174,0.90134,0.90144,288.0
2025-09-05 05:00:00+00:00,0.90142,0.90212,0.9014,0.90208,527.0
2025-09-05 06:00:00+00:00,0.90209,0.90248,0.90164,0.90186,629.0
2025-09-05 07:00:00+00:00,0.9019,0.90276,0.90164,0.90259,397.0
2025-09-05 08:00:00+00:00,0.90256,0.90288,0.90238,0.90257,249.0
2025-09-05 09:00:00+00:00,0.90256,0.90279,0.90232,0.90279,203.0
2025-09-05 10:00:00+00:00,0.90276,0.90291,0.90254,0.90254,184.0
2025-09-05 11:00:00+00:00,0.9025,0.90297,0.90244,0.9028,346.0
2025-09-05 12:00:00+00:00,0.90276,0.90754,0.90172,0.90718,3743.0
2025-09-05 13:00:00+00:00,0.90721,0.90924,0.90703,0.90912,1481.0
2025-09-05 14:00:00+00:00,0.9091,0.9096,0.90638,0.90686,1593.0
2025-09-05 15:00:00+00:00,0.90684,0.90821,0.90682,0.90796,1195.0
2025-09-05 16:00:00+00:00,0.90798,0.90817,0.90736,0.90798,1205.0
2025-09-05 17:00:00+00:00,0.90796,0.90839,0.90745,0.90758,517.0
2025-09-05 18:00:00+00:00,0.90762,0.90762,0.90714,0.9073,375.0
2025-09-05 19:00:00+00:00,0.90726,0.90768,0.90726,0.90752,275.0
2025-09-05 20:00:00+00:00,0.90759,0.9076,0.90626,0.90661,1134.0
2025-09-07 21:00:00+00:00,0.90652,0.9075,0.90637,0.90659,387.0
2025-09-07 22:00:00+00:00,0.90667,0.90717,0.90607,0.90623,501.0
2025-09-07 23:00:00+00:00,0.90622,0.9069,0.9062,0.90688,520.0
2025-09-08 00:00:00+00:00,0.90684,0.90734,0.90643,0.90717,639.0
2025-09-08 01:00:00+00:00,0.90722,0.90838,0.90684,0.90824,766.0
2025-09-08 02:00:00+00:00,0.90828,0.90837,0.90686,0.9079,797.0
2025-09-08 03:00:00+00:00,0.90788,0.90788,0.90704,0.90736,474.0
2025-09-08 04:00:00+00:00,0.90732,0.90783,0.90688,0.90782,408.0
2025-09-08 05:00:00+00:00,0.90776,0.90808,0.90756,0.90768,441.0
2025-09-08 06:00:00+00:00,0.9077,0.90924,0.9077,0.90922,598.0
2025-09-08 07:00:00+00:00,0.90925,0.9099,0.909,0.90978,617.0
2025-09-08 08:00:00+00:00,0.90976,0.91004,0.90926,0.90969,545.0
2025-09-08 09:00:00+00:00,0.9097,0.91007,0.90943,0.90946,325.0
2025-09-08 10:00:00+00:00,0.90948,0.90983,0.90923,0.90936,422.0
2025-09-08 11:00:00+00:00,0.90934,0.91014,0.90918,0.90958,462.0
2025-09-08 12:00:00+00:00,0.90956,0.90981,0.90906,0.90976,739.0
2025-09-08 13:00:00+00:00,0.90977,0.91066,0.90946,0.91032,843.0
2025-09-08 14:00:00+00:00,0.91036,0.91082,0.90982,0.9101,834.0
2025-09-08 15:00:00+00:00,0.91006,0.91086,0.90998,0.91078,610.0
2025-09-08 16:00:00+00:00,0.91078,0.91085,0.91038,0.91042,441.0
2025-09-08 17:00:00+00:00,0.91038,0.91046,0.91014,0.91024,460.0
2025-09-08 18:00:00+00:00,0.91023,0.91074,0.91012,0.91074,383.0
2025-09-08 19:00:00+00:00,0.91069,0.9108,0.91042,0.91045,327.0
2025-09-08 20:00:00+00:00,0.91049,0.9105,0.90974,0.90993,271.0
2025-09-08 21:00:00+00:00,0.90952,0.90972,0.9093,0.90952,820.0
2025-09-08 22:00:00+00:00,0.90954,0.9101,0.90954,0.91004,478.0
2025-09-08 23:00:00+00:00,0.91008,0.91038,0.90999,0.91018,218.0
2025-09-09 00:00:00+00:00,0.9102,0.91086,0.91019,0.9105,472.0
2025-09-09 01:00:00+00:00,0.91048,0.91081,0.91015,0.91073,749.0
2025-09-09 02:00:00+00:00,0.91072,0.9114,0.91059,0.91132,478.0
2025-09-09 03:00:00+00:00,0.91132,0.91136,0.9107,0.91134,524.0
2025-09-09 04:00:00+00:00,0.91136,0.912,0.91122,0.91198,234.0
2025-09-09 05:00:00+00:00,0.91192,0.91254,0.9118,0.91244,451.0
2025-09-09 06:00:00+00:00,0.91242,0.91253,0.91119,0.91166,680.0
2025-09-09 07:00:00+00:00,0.9117,0.91224,0.91137,0.91216,546.0
2025-09-09 08:00:00+00:00,0.91219,0.91282,0.91181,0.91238,940.0
2025-09-09 09:00:00+00:00,0.91241,0.9135,0.91241,0.9134,441.0
2025-09-09 10:00:00+00:00,0.91343,0.91348,0.91312,0.91344,535.0
2025-09-09 11:00:00+00:00,0.91346,0.91346,0.9127,0.91302,377.0
2025-09-09 12:00:00+00:00,0.91304,0.91308,0.91187,0.91196,576.0
2025-09-09 13:00:00+00:00,0.91194,0.91255,0.91158,0.9121,906.0
2025-09-09 14:00:00+00:00,0.91214,0.91299,0.91104,0.91122,2066.0
2025-09-09 15:00:00+00:00,0.91128,0.91188,0.9107,0.91175,1010.0
2025-09-09 16:00:00+00:00,0.91179,0.91258,0.9116,0.9116,565.0
2025-09-09 17:00:00+00:00,0.91162,0.91199,0.91146,0.91165,467.0
2025-09-09 18:00:00+00:00,0.91159,0.91183,0.9115,0.91162,324.0
2025-09-09 19:00:00+00:00,0.91164,0.91236,0.91154,0.91227,356.0
2025-09-09 20:00:00+00:00,0.9123,0.9123,0.91148,0.91168,327.0
2025-09-09 21:00:00+00:00,0.91204,0.91246,0.91122,0.91138,616.0
2025-09-09 22:00:00+00:00,0.91151,0.91204,0.91124,0.91188,159.0
2025-09-09 23:00:00+00:00,0.91186,0.91192,0.9115,0.91183,208.0
2025-09-10 00:00:00+00:00,0.91184,0.91286,0.91184,0.91278,416.0
2025-09-10 01:00:00+00:00,0.91282,0.9132,0.91204,0.91307,787.0
2025-09-10 02:00:00+00:00,0.91313,0.91434,0.91298,0.9143,589.0
2025-09-10 03:00:00+00:00,0.91431,0.91506,0.91422,0.91482,330.0
2025-09-10 04:00:00+00:00,0.91487,0.91531,0.91462,0.91526,351.0
2025-09-10 05:00:00+00:00,0.9153,0.91536,0.91458,0.91475,411.0
2025-09-10 06:00:00+00:00,0.91476,0.91558,0.91424,0.91454,586.0
2025-09-10 07:00:00+00:00,0.91448,0.91549,0.914,0.91472,706.0
2025-09-10 08:00:00+00:00,0.91468,0.91492,0.91391,0.91431,440.0
2025-09-10 09:00:00+00:00,0.91436,0.91542,0.91429,0.9151,331.0
2025-09-10 10:00:00+00:00,0.9151,0.91533,0.9148,0.91496,356.0
2025-09-10 11:00:00+00:00,0.91496,0.91568,0.91484,0.91552,441.0
2025-09-10 12:00:00+00:00,0.91546,0.91726,0.91454,0.91596,1952.0
2025-09-10 13:00:00+00:00,0.91594,0.91715,0.91546,0.91702,1321.0
2025-09-10 14:00:00+00:00,0.91707,0.91816,0.91703,0.9175,1162.0
2025-09-10 15:00:00+00:00,0.91746,0.91822,0.91706,0.91724,660.0
2025-09-10 16:00:00+00:00,0.91718,0.91767,0.91686,0.91724,544.0
2025-09-10 17:00:00+00:00,0.91727,0.9182,0.91726,0.91813,542.0
2025-09-10 18:00:00+00:00,0.91816,0.91816,0.91748,0.91754,426.0
2025-09-10 19:00:00+00:00,0.91754,0.91762,0.91682,0.91738,564.0
2025-09-10 20:00:00+00:00,0.91744,0.91744,0.9167,0.91678,234.0
2025-09-10 21:00:00+00:00,0.91734,0.9174,0.91638,0.91665,914.0
2025-09-10 22:00:00+00:00,0.91663,0.91716,0.91656,0.9171,131.0
2025-09-10 23:00:00+00:00,0.91704,0.91749,0.91696,0.91731,195.0
2025-09-11 00:00:00+00:00,0.91729,0.91746,0.91671,0.91676,709.0
2025-09-11 01:00:00+00:00,0.91678,0.91773,0.9164,0.9175,1622.0
2025-09-11 02:00:00+00:00,0.91744,0.9175,0.91684,0.91692,1241.0
2025-09-11 03:00:00+00:00,0.91687,0.91736,0.91676,0.91713,515.0
2025-09-11 04:00:00+00:00,0.91715,0.91716,0.91654,0.9168,427.0
2025-09-11 05:00:00+00:00,0.91682,0.91687,0.91622,0.91643,291.0
2025-09-11 06:00:00+00:00,0.91638,0.91722,0.91608,0.91718,733.0
2025-09-11 07:00:00+00:00,0.91722,0.91766,0.91702,0.91764,610.0
2025-09-11 08:00:00+00:00,0.91764,0.91784,0.91717,0.91723,438.0
2025-09-11 09:00:00+00:00,0.91722,0.91729,0.91636,0.91684,662.0
2025-09-11 10:00:00+00:00,0.91682,0.91724,0.91672,0.91701,449.0
2025-09-11 11:00:00+00:00,0.91697,0.91742,0.91664,0.91698,647.0
2025-09-11 12:00:00+00:00,0.91696,0.91828,0.91526,0.91762,3761.0
2025-09-11 13:00:00+00:00,0.91766,0.91918,0.91764,0.91875,2428.0
2025-09-11 14:00:00+00:00,0.9188,0.9204,0.91852,0.9202,1160.0
2025-09-11 15:00:00+00:00,0.92014,0.92084,0.91995,0.92057,727.0
2025-09-11 16:00:00+00:00,0.92061,0.9215,0.92049,0.9211,605.0
2025-09-11 17:00:00+00:00,0.92106,0.92144,0.92083,0.92144,569.0
2025-09-11 18:00:00+00:00,0.92148,0.92168,0.92113,0.92168,370.0
2025-09-11 19:00:00+00:00,0.9217,0.92213,0.9214,0.92148,397.0
2025-09-11 20:00:00+00:00,0.92145,0.92186,0.92118,0.92123,567.0
2025-09-11 21:00:00+00:00,0.92124,0.92156,0.92112,0.92142,281.0
2025-09-11 22:00:00+00:00,0.92141,0.9218,0.92124,0.9217,250.0
2025-09-11 23:00:00+00:00,0.92175,0.92224,0.92155,0.92214,242.0
2025-09-12 00:00:00+00:00,0.92212,0.92271,0.92158,0.92266,863.0
2025-09-12 01:00:00+00:00,0.92272,0.92273,0.92154,0.9217,729.0
2025-09-12 02:00:00+00:00,0.92164,0.92223,0.92142,0.9221,672.0
2025-09-12 03:00:00+00:00,0.92214,0.92242,0.92184,0.9222,383.0
2025-09-12 04:00:00+00:00,0.92222,0.92232,0.92152,0.92156,513.0
2025-09-12 05:00:00+00:00,0.92152,0.9218,0.92137,0.92141,388.0
2025-09-12 06:00:00+00:00,0.92136,0.9214,0.9205,0.92132,546.0
2025-09-12 07:00:00+00:00,0.92136,0.92222,0.92122,0.92152,601.0
2025-09-12 08:00:00+00:00,0.92148,0.9216,0.91999,0.92024,838.0
2025-09-12 09:00:00+00:00,0.92025,0.92066,0.92006,0.92036,896.0
2025-09-12 10:00:00+00:00,0.9204,0.92076,0.91978,0.91998,506.0
2025-09-12 11:00:00+00:00,0.91994,0.92026,0.91925,0.91984,500.0
2025-09-12 12:00:00+00:00,0.91981,0.91986,0.91872,0.919,1157.0
2025-09-12 13:00:00+00:00,0.91892,0.91974,0.91888,0.91922,914.0
2025-09-12 14:00:00+00:00,0.91916,0.92018,0.919,0.92006,1091.0
2025-09-12 15:00:00+00:00,0.92003,0.92003,0.91936,0.91948,557.0
2025-09-12 16:00:00+00:00,0.9195,0.92028,0.9193,0.91998,416.0
2025-09-12 17:00:00+00:00,0.92001,0.92053,0.91997,0.92034,432.0
2025-09-12 18:00:00+00:00,0.92034,0.92062,0.9201,0.9206,227.0
2025-09-12 19:00:00+00:00,0.92062,0.92093,0.9204,0.92082,258.0
2025-09-12 20:00:00+00:00,0.92076,0.92086,0.92022,0.92076,1176.0
2025-09-14 21:00:00+00:00,0.91924,0.9204,0.91852,0.9199,752.0
2025-09-14 22:00:00+00:00,0.91995,0.92054,0.91988,0.9199,378.0
2025-09-14 23:00:00+00:00,0.9199,0.92014,0.9198,0.92014,158.0
2025-09-15 00:00:00+00:00,0.92017,0.92068,0.91992,0.92064,302.0
2025-09-15 01:00:00+00:00,0.92068,0.92176,0.9205,0.92166,668.0
2025-09-15 02:00:00+00:00,0.92166,0.9217,0.92102,0.92106,391.0
2025-09-15 03:00:00+00:00,0.92102,0.92214,0.92102,0.9216,568.0
2025-09-15 04:00:00+00:00,0.92159,0.92221,0.92149,0.92194,548.0
2025-09-15 05:00:00+00:00,0.92199,0.92199,0.92132,0.92146,239.0
2025-09-15 06:00:00+00:00,0.92146,0.9219,0.92058,0.92111,664.0
2025-09-15 07:00:00+00:00,0.92106,0.92227,0.92102,0.92199,676.0
2025-09-15 08:00:00+00:00,0.92196,0.922,0.9212,0.92128,442.0
2025-09-15 09:00:00+00:00,0.92126,0.92126,0.9204,0.92046,409.0
2025-09-15 10:00:00+00:00,0.9205,0.92094,0.92014,0.92018,338.0
2025-09-15 11:00:00+00:00,0.92024,0.92071,0.92008,0.92068,516.0
2025-09-15 12:00:00+00:00,0.9207,0.92168,0.92064,0.92158,557.0
2025-09-15 13:00:00+00:00,0.92154,0.9217,0.92093,0.92095,852.0
2025-09-15 14:00:00+00:00,0.92094,0.92136,0.91939,0.91952,968.0
2025-09-15 15:00:00+00:00,0.91952,0.92044,0.91952,0.9204,650.0
2025-09-15 16:00:00+00:00,0.92036,0.92042,0.9197,0.91982,454.0
2025-09-15 17:00:00+00:00,0.91982,0.92002,0.91949,0.91974,539.0
2025-09-15 18:00:00+00:00,0.9197,0.9197,0.91896,0.91916,482.0
2025-09-15 19:00:00+00:00,0.91921,0.91922,0.91854,0.91865,635.0
2025-09-15 20:00:00+00:00,0.9187,0.91916,0.91858,0.91898,243.0
2025-09-15 21:00:00+00:00,0.91868,0.9192,0.91852,0.91882,1057.0
2025-09-15 22:00:00+00:00,0.91884,0.91932,0.91884,0.91892,245.0
2025-09-15 23:00:00+00:00,0.91896,0.91917,0.91888,0.9191,372.0
2025-09-16 00:00:00+00:00,0.91906,0.91942,0.91831,0.91845,476.0
2025-09-16 01:00:00+00:00,0.9185,0.91889,0.91822,0.9186,405.0
2025-09-16 02:00:00+00:00,0.91858,0.91868,0.91758,0.9177,416.0
2025-09-16 03:00:00+00:00,0.91771,0.9186,0.91766,0.91812,301.0
2025-09-16 04:00:00+00:00,0.91816,0.91816,0.91724,0.91738,394.0
2025-09-16 05:00:00+00:00,0.91739,0.91786,0.91728,0.91778,306.0
2025-09-16 06:00:00+00:00,0.91778,0.91838,0.91746,0.91782,457.0
2025-09-16 07:00:00+00:00,0.91778,0.91845,0.91724,0.91738,690.0
2025-09-16 08:00:00+00:00,0.91732,0.918,0.91718,0.91779,431.0
2025-09-16 09:00:00+00:00,0.91778,0.9185,0.91765,0.91783,561.0
2025-09-16 10:00:00+00:00,0.91778,0.91794,0.91735,0.91744,342.0
2025-09-16 11:00:00+00:00,0.91748,0.91792,0.91731,0.91771,621.0
2025-09-16 12:00:00+00:00,0.91775,0.91775,0.91638,0.91736,1306.0
2025-09-16 13:00:00+00:00,0.91732,0.9176,0.91642,0.9165,1043.0
2025-09-16 14:00:00+00:00,0.91649,0.91825,0.91627,0.9179,1483.0
2025-09-16 15:00:00+00:00,0.91788,0.91792,0.91698,0.91761,942.0
2025-09-16 16:00:00+00:00,0.91757,0.91842,0.91749,0.91832,627.0
2025-09-16 17:00:00+00:00,0.9183,0.91886,0.91823,0.91865,563.0
2025-09-16 18:00:00+00:00,0.91861,0.91894,0.91843,0.91892,449.0
2025-09-16 19:00:00+00:00,0.91888,0.91896,0.91845,0.91848,580.0
2025-09-16 20:00:00+00:00,0.91853,0.91896,0.91826,0.91838,309.0
2025-09-16 21:00:00+00:00,0.91802,0.91856,0.91762,0.91828,399.0
2025-09-16 22:00:00+00:00,0.91827,0.91856,0.9182,0.91836,190.0
2025-09-16 23:00:00+00:00,0.91839,0.91898,0.91836,0.91893,236.0
2025-09-17 00:00:00+00:00,0.91894,0.9191,0.91821,0.91837,776.0
2025-09-17 01:00:00+00:00,0.91841,0.91861,0.91762,0.91832,592.0
2025-09-17 02:00:00+00:00,0.9183,0.91834,0.91741,0.91812,458.0
2025-09-17 03:00:00+00:00,0.91814,0.9185,0.91813,0.91822,439.0
2025-09-17 04:00:00+00:00,0.91822,0.91824,0.91781,0.91792,299.0
2025-09-17 05:00:00+00:00,0.91794,0.91818,0.91773,0.91818,386.0
2025-09-17 06:00:00+00:00,0.9182,0.91821,0.91736,0.91762,472.0
2025-09-17 07:00:00+00:00,0.91759,0.918,0.91732,0.9178,451.0
2025-09-17 08:00:00+00:00,0.91776,0.91782,0.91733,0.91764,337.0
2025-09-17 09:00:00+00:00,0.91769,0.9178,0.91726,0.91764,465.0
2025-09-17 10:00:00+00:00,0.91766,0.91796,0.91714,0.91744,304.0
2025-09-17 11:00:00+00:00,0.9175,0.91834,0.91745,0.91824,315.0
2025-09-17 12:00:00+00:00,0.9182,0.919,0.91814,0.91875,455.0
2025-09-17 13:00:00+00:00,0.91874,0.9196,0.9182,0.91908,1261.0
2025-09-17 14:00:00+00:00,0.91911,0.91955,0.91776,0.91808,630.0
2025-09-17 15:00:00+00:00,0.91806,0.91812,0.91686,0.91748,506.0
2025-09-17 16:00:00+00:00,0.91751,0.91762,0.91676,0.91691,276.0
2025-09-17 17:00:00+00:00,0.91695,0.91782,0.91685,0.91767,515.0
2025-09-17 18:00:00+00:00,0.9177,0.92068,0.9155,0.91656,9157.0
2025-09-17 19:00:00+00:00,0.9166,0.91834,0.91654,0.91707,3399.0
2025-09-17 20:00:00+00:00,0.91702,0.91712,0.91606,0.9163,558.0
2025-09-17 21:00:00+00:00,0.91599,0.91698,0.91589,0.9163,798.0
2025-09-17 22:00:00+00:00,0.91643,0.91674,0.916,0.9164,454.0
2025-09-17 23:00:00+00:00,0.91632,0.91665,0.91582,0.91594,683.0
2025-09-18 00:00:00+00:00,0.91592,0.91602,0.91525,0.91552,1496.0
2025-09-18 01:00:00+00:00,0.91554,0.91614,0.914,0.91501,2405.0
2025-09-18 02:00:00+00:00,0.91502,0.91614,0.91499,0.91568,1155.0
2025-09-18 03:00:00+00:00,0.91573,0.91594,0.91516,0.91522,974.0
2025-09-18 04:00:00+00:00,0.91516,0.91526,0.91379,0.914,966.0
2025-09-18 05:00:00+00:00,0.91398,0.91398,0.91318,0.91336,985.0
2025-09-18 06:00:00+00:00,0.91338,0.91368,0.91281,0.91325,1132.0
2025-09-18 07:00:00+00:00,0.91328,0.91549,0.91326,0.91529,956.0
2025-09-18 08:00:00+00:00,0.91525,0.91525,0.91448,0.91476,662.0
2025-09-18 09:00:00+00:00,0.91472,0.91652,0.91454,0.91646,827.0
2025-09-18 10:00:00+00:00,0.91642,0.9168,0.91616,0.9165,598.0
2025-09-18 11:00:00+00:00,0.91648,0.9168,0.91592,0.91636,814.0
2025-09-18 12:00:00+00:00,0.91634,0.91637,0.91402,0.91404,1165.0
2025-09-18 13:00:00+00:00,0.91405,0.91436,0.91224,0.91341,1694.0
2025-09-18 14:00:00+00:00,0.91338,0.91407,0.91262,0.9127,1481.0
2025-09-18 15:00:00+00:00,0.91272,0.91328,0.91215,0.91226,1157.0
2025-09-18 16:00:00+00:00,0.91226,0.91343,0.91226,0.91338,702.0
2025-09-18 17:00:00+00:00,0.91334,0.9135,0.91264,0.91274,537.0
2025-09-18 18:00:00+00:00,0.91268,0.91298,0.91243,0.9126,362.0
2025-09-18 19:00:00+00:00,0.91264,0.91284,0.91165,0.91202,553.0
2025-09-18 20:00:00+00:00,0.91198,0.91242,0.91186,0.91212,524.0
2025-09-18 21:00:00+00:00,0.91278,0.91284,0.91236,0.91245,1194.0
2025-09-18 22:00:00+00:00,0.91242,0.91252,0.91218,0.91228,394.0
2025-09-18 23:00:00+00:00,0.91232,0.9127,0.91227,0.91256,184.0
2025-09-19 00:00:00+00:00,0.91258,0.91284,0.91162,0.91216,700.0
2025-09-19 01:00:00+00:00,0.91213,0.91217,0.91096,0.91124,658.0
2025-09-19 02:00:00+00:00,0.91126,0.91198,0.91102,0.91181,509.0
2025-09-19 03:00:00+00:00,0.91177,0.91252,0.9117,0.91203,714.0
2025-09-19 04:00:00+00:00,0.91208,0.91228,0.91108,0.91116,702.0
2025-09-19 05:00:00+00:00,0.91116,0.91146,0.91063,0.91094,474.0
2025-09-19 06:00:00+00:00,0.91092,0.91127,0.9102,0.91106,1041.0
2025-09-19 07:00:00+00:00,0.91108,0.91264,0.91091,0.91187,852.0
2025-09-19 08:00:00+00:00,0.91186,0.91244,0.91116,0.91234,540.0
2025-09-19 09:00:00+00:00,0.91238,0.91288,0.91197,0.9121,765.0
2025-09-19 10:00:00+00:00,0.91212,0.91241,0.91172,0.91179,391.0
2025-09-19 11:00:00+00:00,0.91176,0.91194,0.91081,0.91083,616.0
2025-09-19 12:00:00+00:00,0.91084,0.9111,0.91028,0.91036,598.0
2025-09-19 13:00:00+00:00,0.9104,0.91157,0.91036,0.91039,793.0
2025-09-19 14:00:00+00:00,0.91034,0.91038,0.90859,0.90888,1204.0
2025-09-19 15:00:00+00:00,0.90891,0.90913,0.90772,0.90827,1080.0
2025-09-19 16:00:00+00:00,0.90823,0.90877,0.90808,0.90865,381.0
2025-09-19 17:00:00+00:00,0.90864,0.90894,0.90825,0.90826,248.0
2025-09-19 18:00:00+00:00,0.90826,0.90855,0.90792,0.90851,210.0
2025-09-19 19:00:00+00:00,0.90844,0.90928,0.90844,0.90924,249.0
2025-09-19 20:00:00+00:00,0.90928,0.90945,0.90832,0.90846,892.0
2025-09-21 21:00:00+00:00,0.90886,0.90928,0.90826,0.90843,500.0
2025-09-21 22:00:00+00:00,0.9084,0.90886,0.90838,0.90872,249.0
2025-09-21 23:00:00+00:00,0.90872,0.90884,0.90802,0.90803,159.0
2025-09-22 00:00:00+00:00,0.90801,0.9092,0.90781,0.90786,776.0
2025-09-22 01:00:00+00:00,0.9079,0.9089,0.90765,0.90874,1010.0
2025-09-22 02:00:00+00:00,0.90874,0.9094,0.90856,0.90912,922.0
2025-09-22 03:00:00+00:00,0.90912,0.90992,0.90911,0.90968,715.0
2025-09-22 04:00:00+00:00,0.90972,0.91004,0.9094,0.90996,467.0
2025-09-22 05:00:00+00:00,0.90994,0.91004,0.90948,0.9096,445.0
2025-09-22 06:00:00+00:00,0.90958,0.90966,0.9088,0.90902,637.0
2025-09-22 07:00:00+00:00,0.90905,0.90924,0.90786,0.90855,1054.0
2025-09-22 08:00:00+00:00,0.90848,0.91048,0.90848,0.91034,764.0
2025-09-22 09:00:00+00:00,0.91038,0.91098,0.9103,0.91089,553.0
2025-09-22 10:00:00+00:00,0.91094,0.91102,0.91045,0.91054,500.0
2025-09-22 11:00:00+00:00,0.9105,0.9108,0.91028,0.91075,573.0
2025-09-22 12:00:00+00:00,0.91076,0.91102,0.91033,0.91033,659.0
2025-09-22 13:00:00+00:00,0.91029,0.91049,0.90906,0.90963,1056.0
2025-09-22 14:00:00+00:00,0.90958,0.91,0.90866,0.90996,624.0
2025-09-22 15:00:00+00:00,0.90997,0.91046,0.90968,0.91035,590.0
2025-09-22 16:00:00+00:00,0.91032,0.91171,0.9102,0.91162,621.0
2025-09-22 17:00:00+00:00,0.91167,0.91203,0.91154,0.91194,250.0
2025-09-22 18:00:00+00:00,0.91198,0.91222,0.91173,0.91212,250.0
2025-09-22 19:00:00+00:00,0.91218,0.91246,0.91208,0.9122,243.0
2025-09-22 20:00:00+00:00,0.91215,0.91258,0.91188,0.91188,279.0
2025-09-22 21:00:00+00:00,0.91169,0.91192,0.9115,0.91188,252.0
2025-09-22 22:00:00+00:00,0.91195,0.91222,0.91184,0.91222,165.0
2025-09-22 23:00:00+00:00,0.9122,0.9126,0.9121,0.91258,190.0
2025-09-23 00:00:00+00:00,0.91254,0.91272,0.91184,0.91211,351.0
2025-09-23 01:00:00+00:00,0.91214,0.91219,0.91142,0.91155,597.0
2025-09-23 02:00:00+00:00,0.91158,0.91167,0.91026,0.91058,476.0
2025-09-23 03:00:00+00:00,0.91062,0.91104,0.91043,0.91078,436.0
2025-09-23 04:00:00+00:00,0.91082,0.91097,0.91038,0.91038,364.0
2025-09-23 05:00:00+00:00,0.91033,0.91114,0.91021,0.91081,498.0
2025-09-23 06:00:00+00:00,0.9108,0.91199,0.9103,0.91176,633.0
2025-09-23 07:00:00+00:00,0.91179,0.91229,0.91118,0.91194,882.0
2025-09-23 08:00:00+00:00,0.91192,0.91311,0.91187,0.91272,625.0
2025-09-23 09:00:00+00:00,0.91279,0.91366,0.91256,0.91342,600.0
2025-09-23 10:00:00+00:00,0.91346,0.91402,0.91317,0.9135,519.0
2025-09-23 11:00:00+00:00,0.9135,0.91408,0.91316,0.91329,388.0
2025-09-23 12:00:00+00:00,0.91324,0.91378,0.9127,0.91304,802.0
2025-09-23 13:00:00+00:00,0.91308,0.91383,0.91242,0.91303,1095.0
2025-09-23 14:00:00+00:00,0.91302,0.91382,0.91274,0.91328,1292.0
2025-09-23 15:00:00+00:00,0.91332,0.91342,0.91256,0.91302,964.0
2025-09-23 16:00:00+00:00,0.91302,0.91345,0.91255,0.91302,961.0
2025-09-23 17:00:00+00:00,0.91298,0.91341,0.91278,0.9129,600.0
2025-09-23 18:00:00+00:00,0.91294,0.91346,0.91276,0.91328,438.0
2025-09-23 19:00:00+00:00,0.91332,0.9134,0.91298,0.91328,553.0
2025-09-23 20:00:00+00:00,0.91332,0.91352,0.91272,0.91302,163.0
2025-09-23 21:00:00+00:00,0.91283,0.91313,0.91252,0.91274,458.0
2025-09-23 22:00:00+00:00,0.91274,0.9134,0.91272,0.9133,478.0
2025-09-23 23:00:00+00:00,0.91326,0.91329,0.91282,0.91317,234.0
2025-09-24 00:00:00+00:00,0.91323,0.91328,0.91271,0.91289,445.0
2025-09-24 01:00:00+00:00,0.9129,0.91538,0.91243,0.91522,1620.0
2025-09-24 02:00:00+00:00,0.91516,0.91674,0.91516,0.91667,925.0
2025-09-24 03:00:00+00:00,0.91668,0.91673,0.91578,0.91592,474.0
2025-09-24 04:00:00+00:00,0.91586,0.91666,0.91585,0.9165,342.0
2025-09-24 05:00:00+00:00,0.91646,0.9169,0.91622,0.91689,373.0
2025-09-24 06:00:00+00:00,0.91694,0.9177,0.91644,0.91654,607.0
2025-09-24 07:00:00+00:00,0.9165,0.91741,0.91632,0.9171,672.0
2025-09-24 08:00:00+00:00,0.91708,0.91745,0.91591,0.91656,568.0
2025-09-24 09:00:00+00:00,0.91657,0.91749,0.9165,0.9171,608.0
2025-09-24 10:00:00+00:00,0.91709,0.91709,0.9163,0.91638,332.0
2025-09-24 11:00:00+00:00,0.91639,0.91676,0.91582,0.91582,346.0
2025-09-24 12:00:00+00:00,0.91577,0.91692,0.91467,0.91495,651.0
2025-09-24 13:00:00+00:00,0.91496,0.91537,0.9143,0.91482,891.0
2025-09-24 14:00:00+00:00,0.91486,0.91618,0.91454,0.91541,1198.0
2025-09-24 15:00:00+00:00,0.91546,0.91552,0.91476,0.9151,657.0
2025-09-24 16:00:00+00:00,0.91508,0.91529,0.91428,0.91452,658.0
2025-09-24 17:00:00+00:00,0.91448,0.91518,0.91448,0.91482,659.0
2025-09-24 18:00:00+00:00,0.91476,0.91489,0.91437,0.91486,646.0
2025-09-24 19:00:00+00:00,0.9148,0.91516,0.91462,0.91513,476.0
2025-09-24 20:00:00+00:00,0.91516,0.91528,0.91448,0.91476,422.0
2025-09-24 21:00:00+00:00,0.91502,0.91523,0.91448,0.91462,1638.0
2025-09-24 22:00:00+00:00,0.91472,0.91521,0.9147,0.91508,374.0
2025-09-24 23:00:00+00:00,0.91504,0.91518,0.91486,0.91512,231.0
2025-09-25 00:00:00+00:00,0.91508,0.91598,0.91483,0.91585,876.0
2025-09-25 01:00:00+00:00,0.91586,0.91604,0.91478,0.91498,663.0
2025-09-25 02:00:00+00:00,0.915,0.9163,0.915,0.9163,599.0
2025-09-25 03:00:00+00:00,0.91628,0.91634,0.91599,0.91626,462.0
2025-09-25 04:00:00+00:00,0.91622,0.91646,0.91604,0.9161,290.0
2025-09-25 05:00:00+00:00,0.91611,0.91637,0.91562,0.9162,403.0
2025-09-25 06:00:00+00:00,0.91624,0.91686,0.91592,0.91638,809.0
2025-09-25 07:00:00+00:00,0.91639,0.91642,0.91525,0.91526,577.0
2025-09-25 08:00:00+00:00,0.91526,0.917,0.91522,0.91664,593.0
2025-09-25 09:00:00+00:00,0.91668,0.91732,0.9164,0.91664,356.0
2025-09-25 10:00:00+00:00,0.9166,0.91672,0.91562,0.91562,417.0
2025-09-25 11:00:00+00:00,0.9156,0.91586,0.91444,0.91449,497.0
2025-09-25 12:00:00+00:00,0.91444,0.91474,0.91172,0.91221,1644.0
2025-09-25 13:00:00+00:00,0.91222,0.91245,0.91079,0.91096,1471.0
2025-09-25 14:00:00+00:00,0.91096,0.91186,0.91058,0.91146,1414.0
2025-09-25 15:00:00+00:00,0.91147,0.9122,0.91116,0.9119,1412.0
2025-09-25 16:00:00+00:00,0.9119,0.91213,0.91148,0.91165,587.0
2025-09-25 17:00:00+00:00,0.91168,0.91179,0.91054,0.91068,734.0
2025-09-25 18:00:00+00:00,0.91073,0.91106,0.91018,0.91083,702.0
2025-09-25 19:00:00+00:00,0.91082,0.91138,0.91077,0.91126,621.0
2025-09-25 20:00:00+00:00,0.91122,0.91188,0.91112,0.91162,410.0
2025-09-25 21:00:00+00:00,0.91022,0.9122,0.9099,0.91149,2202.0
2025-09-25 22:00:00+00:00,0.91146,0.91185,0.9113,0.9115,219.0
2025-09-25 23:00:00+00:00,0.91153,0.91153,0.911,0.91146,277.0
2025-09-26 00:00:00+00:00,0.91144,0.91144,0.91056,0.91121,1222.0
2025-09-26 01:00:00+00:00,0.91121,0.91138,0.91079,0.91094,1269.0
2025-09-26 02:00:00+00:00,0.9109,0.91206,0.91087,0.9116,948.0
2025-09-26 03:00:00+00:00,0.91162,0.91188,0.9116,0.91172,758.0
2025-09-26 04:00:00+00:00,0.91169,0.9118,0.91134,0.91156,509.0
2025-09-26 05:00:00+00:00,0.91154,0.91184,0.91139,0.91168,501.0
2025-09-26 06:00:00+00:00,0.91172,0.91228,0.91122,0.91144,1187.0
2025-09-26 07:00:00+00:00,0.9114,0.91168,0.9102,0.91076,921.0
2025-09-26 08:00:00+00:00,0.91076,0.91122,0.91042,0.9109,546.0
2025-09-26 09:00:00+00:00,0.91088,0.91108,0.91041,0.91056,819.0
2025-09-26 10:00:00+00:00,0.91054,0.9108,0.90997,0.91034,315.0
2025-09-26 11:00:00+00:00,0.91038,0.91082,0.91016,0.91036,590.0
2025-09-26 12:00:00+00:00,0.91032,0.91132,0.9103,0.91106,1212.0
2025-09-26 13:00:00+00:00,0.9111,0.91198,0.91076,0.91188,1219.0
2025-09-26 14:00:00+00:00,0.9119,0.91248,0.9113,0.91215,1782.0
2025-09-26 15:00:00+00:00,0.91216,0.91286,0.9121,0.91264,936.0
2025-09-26 16:00:00+00:00,0.91261,0.91314,0.91244,0.91264,1112.0
2025-09-26 17:00:00+00:00,0.91265,0.91296,0.91254,0.91269,790.0
2025-09-26 18:00:00+00:00,0.9127,0.9129,0.91252,0.91285,1119.0
2025-09-26 19:00:00+00:00,0.91286,0.91296,0.91263,0.91288,487.0
2025-09-26 20:00:00+00:00,0.9129,0.9132,0.91237,0.91291,850.0
2025-09-28 21:00:00+00:00,0.91273,0.91323,0.91254,0.91281,260.0
2025-09-28 22:00:00+00:00,0.9128,0.91342,0.91262,0.9131,294.0
2025-09-28 23:00:00+00:00,0.91311,0.9133,0.91298,0.9132,180.0
2025-09-29 00:00:00+00:00,0.91317,0.9133,0.91295,0.91312,358.0
2025-09-29 01:00:00+00:00,0.91316,0.91334,0.91228,0.91276,569.0
2025-09-29 02:00:00+00:00,0.91274,0.91366,0.91256,0.91352,521.0
2025-09-29 03:00:00+00:00,0.91356,0.91424,0.91322,0.91418,332.0
2025-09-29 04:00:00+00:00,0.91419,0.91498,0.91401,0.91478,205.0
2025-09-29 05:00:00+00:00,0.91478,0.9149,0.91432,0.91471,610.0
2025-09-29 06:00:00+00:00,0.91475,0.91516,0.9142,0.9142,645.0
2025-09-29 07:00:00+00:00,0.91419,0.91501,0.91418,0.91432,805.0
2025-09-29 08:00:00+00:00,0.91436,0.91474,0.9139,0.9143,451.0
2025-09-29 09:00:00+00:00,0.91433,0.9146,0.91377,0.91418,388.0
2025-09-29 10:00:00+00:00,0.91424,0.91436,0.91381,0.91396,641.0
2025-09-29 11:00:00+00:00,0.91397,0.9148,0.91386,0.9148,709.0
2025-09-29 12:00:00+00:00,0.91478,0.91552,0.91423,0.91483,1018.0
2025-09-29 13:00:00+00:00,0.91486,0.91537,0.91436,0.91484,1462.0
2025-09-29 14:00:00+00:00,0.91483,0.91586,0.91452,0.91564,1196.0
2025-09-29 15:00:00+00:00,0.91561,0.91586,0.91434,0.91444,978.0
2025-09-29 16:00:00+00:00,0.91447,0.91514,0.91447,0.9149,595.0
2025-09-29 17:00:00+00:00,0.91494,0.91527,0.91471,0.91498,395.0
2025-09-29 18:00:00+00:00,0.91502,0.91571,0.91486,0.91571,370.0
2025-09-29 19:00:00+00:00,0.91565,0.9159,0.91549,0.91574,464.0
2025-09-29 20:00:00+00:00,0.91577,0.91578,0.91508,0.9151,238.0
2025-09-29 21:00:00+00:00,0.91515,0.91544,0.91503,0.91529,700.0
2025-09-29 22:00:00+00:00,0.91533,0.91543,0.91505,0.91518,218.0
2025-09-29 23:00:00+00:00,0.91514,0.91566,0.91514,0.91545,139.0
2025-09-30 00:00:00+00:00,0.91544,0.91587,0.91487,0.9158,522.0
2025-09-30 01:00:00+00:00,0.9158,0.91696,0.91562,0.91567,709.0
2025-09-30 02:00:00+00:00,0.91563,0.91723,0.91532,0.91722,545.0
2025-09-30 03:00:00+00:00,0.91726,0.9177,0.9166,0.91677,402.0
2025-09-30 04:00:00+00:00,0.9167,0.91947,0.91644,0.91921,1229.0
2025-09-30 05:00:00+00:00,0.91916,0.91951,0.91846,0.91858,669.0
2025-09-30 06:00:00+00:00,0.91864,0.91878,0.91752,0.91797,904.0
2025-09-30 07:00:00+00:00,0.91794,0.919,0.91554,0.91864,1862.0
2025-09-30 08:00:00+00:00,0.9186,0.91974,0.91853,0.9194,1012.0
2025-09-30 09:00:00+00:00,0.9194,0.92008,0.91885,0.92008,702.0
2025-09-30 10:00:00+00:00,0.92007,0.92024,0.91946,0.92,501.0
2025-09-30 11:00:00+00:00,0.91996,0.92026,0.91938,0.92008,1305.0
2025-09-30 12:00:00+00:00,0.92007,0.92078,0.91988,0.92038,1124.0
2025-09-30 13:00:00+00:00,0.92037,0.92116,0.91991,0.92102,1202.0
2025-09-30 14:00:00+00:00,0.92096,0.92217,0.9202,0.92213,1458.0
2025-09-30 15:00:00+00:00,0.92209,0.92209,0.92062,0.9211,857.0
2025-09-30 16:00:00+00:00,0.92114,0.92164,0.92108,0.92149,595.0
2025-09-30 17:00:00+00:00,0.92148,0.92162,0.92093,0.921,424.0
2025-09-30 18:00:00+00:00,0.92096,0.92106,0.92059,0.92074,461.0
2025-09-30 19:00:00+00:00,0.9207,0.92078,0.92034,0.92062,344.0
2025-09-30 20:00:00+00:00,0.92058,0.92082,0.92044,0.92055,273.0
2025-09-30 21:00:00+00:00,0.92038,0.92077,0.91986,0.92032,1980.0
2025-09-30 22:00:00+00:00,0.92031,0.92099,0.92031,0.9206,323.0
2025-09-30 23:00:00+00:00,0.92062,0.92118,0.92029,0.92045,332.0
2025-10-01 00:00:00+00:00,0.92046,0.92049,0.91954,0.91975,770.0
2025-10-01 01:00:00+00:00,0.91976,0.91987,0.91854,0.91915,608.0
2025-10-01 02:00:00+00:00,0.91912,0.91926,0.9184,0.91871,551.0
2025-10-01 03:00:00+00:00,0.91872,0.91888,0.918,0.91872,544.0
2025-10-01 04:00:00+00:00,0.91876,0.91892,0.91788,0.91876,774.0
2025-10-01 05:00:00+00:00,0.91879,0.91942,0.91806,0.91828,977.0
2025-10-01 06:00:00+00:00,0.91822,0.91969,0.91822,0.91939,819.0
2025-10-01 07:00:00+00:00,0.91936,0.92042,0.91936,0.92026,873.0
2025-10-01 08:00:00+00:00,0.92032,0.92118,0.92022,0.92056,705.0
2025-10-01 09:00:00+00:00,0.9206,0.92121,0.9205,0.92092,651.0
2025-10-01 10:00:00+00:00,0.92096,0.92116,0.92053,0.92102,667.0
2025-10-01 11:00:00+00:00,0.92104,0.9219,0.92098,0.92138,1014.0
2025-10-01 12:00:00+00:00,0.92136,0.92252,0.92055,0.92202,2193.0
2025-10-01 13:00:00+00:00,0.92206,0.92234,0.92134,0.9216,1389.0
2025-10-01 14:00:00+00:00,0.92165,0.9222,0.92104,0.92163,1946.0
2025-10-01 15:00:00+00:00,0.92162,0.92184,0.92058,0.92136,992.0
2025-10-01 16:00:00+00:00,0.92142,0.92202,0.9212,0.92174,703.0
2025-10-01 17:00:00+00:00,0.92176,0.92203,0.92158,0.9216,390.0
2025-10-01 18:00:00+00:00,0.92166,0.9227,0.92158,0.92241,409.0
2025-10-01 19:00:00+00:00,0.92246,0.92255,0.92188,0.92201,347.0
2025-10-01 20:00:00+00:00,0.92198,0.92204,0.92154,0.92169,227.0
2025-10-01 21:00:00+00:00,0.92164,0.9219,0.92144,0.92166,417.0
2025-10-01 22:00:00+00:00,0.92175,0.92176,0.92122,0.92137,182.0
2025-10-01 23:00:00+00:00,0.92133,0.92209,0.92128,0.92208,177.0
2025-10-02 00:00:00+00:00,0.92202,0.92205,0.92104,0.92113,848.0
2025-10-02 01:00:00+00:00,0.92112,0.92254,0.92069,0.92239,898.0
2025-10-02 02:00:00+00:00,0.92244,0.92258,0.92186,0.92214,741.0
2025-10-02 03:00:00+00:00,0.92214,0.9223,0.92166,0.92216,614.0
2025-10-02 04:00:00+00:00,0.92216,0.92273,0.92206,0.92264,421.0
2025-10-02 05:00:00+00:00,0.92268,0.9231,0.9224,0.92248,787.0
2025-10-02 06:00:00+00:00,0.92252,0.92268,0.92156,0.92234,888.0
2025-10-02 07:00:00+00:00,0.9223,0.92301,0.92224,0.92296,839.0
2025-10-02 08:00:00+00:00,0.92296,0.9231,0.92193,0.92258,954.0
2025-10-02 09:00:00+00:00,0.92258,0.92264,0.92176,0.92186,567.0
2025-10-02 10:00:00+00:00,0.92182,0.92182,0.92134,0.92154,520.0
2025-10-02 11:00:00+00:00,0.92157,0.92157,0.92058,0.92104,578.0
2025-10-02 12:00:00+00:00,0.92108,0.92134,0.92054,0.92058,691.0
2025-10-02 13:00:00+00:00,0.92062,0.92094,0.91947,0.91997,1078.0
2025-10-02 14:00:00+00:00,0.91995,0.92026,0.9196,0.92016,1310.0
2025-10-02 15:00:00+00:00,0.9202,0.92059,0.9196,0.92028,951.0
2025-10-02 16:00:00+00:00,0.92022,0.92087,0.92014,0.92079,583.0
2025-10-02 17:00:00+00:00,0.92076,0.92088,0.92041,0.92066,426.0
2025-10-02 18:00:00+00:00,0.92067,0.92118,0.92066,0.92106,431.0
2025-10-02 19:00:00+00:00,0.92101,0.92131,0.9207,0.92084,451.0
2025-10-02 20:00:00+00:00,0.9208,0.92128,0.92069,0.92128,233.0
2025-10-02 21:00:00+00:00,0.92114,0.9215,0.9208,0.92086,904.0
2025-10-02 22:00:00+00:00,0.92084,0.9213,0.92084,0.92085,154.0
2025-10-02 23:00:00+00:00,0.92086,0.92124,0.92084,0.92121,135.0
2025-10-03 00:00:00+00:00,0.92122,0.92194,0.92107,0.9217,653.0
2025-10-03 01:00:00+00:00,0.92168,0.92198,0.92112,0.92186,777.0
2025-10-03 02:00:00+00:00,0.9219,0.9219,0.92093,0.92112,568.0
2025-10-03 03:00:00+00:00,0.92112,0.92155,0.92084,0.9214,516.0
2025-10-03 04:00:00+00:00,0.92134,0.92163,0.92058,0.92058,313.0
2025-10-03 05:00:00+00:00,0.92052,0.92092,0.92032,0.92032,405.0
2025-10-03 06:00:00+00:00,0.92032,0.92166,0.9202,0.92128,435.0
2025-10-03 07:00:00+00:00,0.92131,0.92244,0.92126,0.9222,537.0
2025-10-03 08:00:00+00:00,0.92219,0.92252,0.92211,0.92228,622.0
2025-10-03 09:00:00+00:00,0.92231,0.92246,0.92176,0.92242,370.0
2025-10-03 10:00:00+00:00,0.9224,0.92264,0.92218,0.92232,329.0
2025-10-03 11:00:00+00:00,0.92236,0.92246,0.92187,0.92218,590.0
2025-10-03 12:00:00+00:00,0.92222,0.92226,0.92138,0.92158,739.0
2025-10-03 13:00:00+00:00,0.92158,0.92215,0.92114,0.9214,1361.0
2025-10-03 14:00:00+00:00,0.92138,0.92216,0.92094,0.92118,1435.0
2025-10-03 15:00:00+00:00,0.92118,0.92238,0.9209,0.92228,630.0
2025-10-03 16:00:00+00:00,0.92226,0.92232,0.92164,0.92172,541.0
2025-10-03 17:00:00+00:00,0.92168,0.92185,0.92084,0.9211,713.0
2025-10-03 18:00:00+00:00,0.92111,0.92126,0.92063,0.92116,421.0
2025-10-03 19:00:00+00:00,0.92114,0.92149,0.92104,0.92142,294.0
2025-10-03 20:00:00+00:00,0.92137,0.92146,0.92078,0.92081,1075.0
2025-10-05 21:00:00+00:00,0.91904,0.92062,0.91883,0.92036,415.0
2025-10-05 22:00:00+00:00,0.92035,0.92052,0.91958,0.92008,1662.0
2025-10-05 23:00:00+00:00,0.92004,0.92082,0.9199,0.92078,790.0
2025-10-06 00:00:00+00:00,0.92082,0.92113,0.92064,0.92082,650.0
2025-10-06 01:00:00+00:00,0.92086,0.92178,0.92036,0.92171,548.0
2025-10-06 02:00:00+00:00,0.92175,0.9222,0.9216,0.92182,329.0
2025-10-06 03:00:00+00:00,0.92181,0.92234,0.92154,0.92181,426.0
2025-10-06 04:00:00+00:00,0.92187,0.92195,0.9212,0.9212,506.0
2025-10-06 05:00:00+00:00,0.92122,0.92164,0.921,0.92156,566.0
2025-10-06 06:00:00+00:00,0.92158,0.92192,0.9208,0.92182,801.0
2025-10-06 07:00:00+00:00,0.92178,0.92278,0.92124,0.92148,1133.0
2025-10-06 08:00:00+00:00,0.92147,0.92175,0.92006,0.92062,1169.0
2025-10-06 09:00:00+00:00,0.92057,0.92069,0.91976,0.92062,619.0
2025-10-06 10:00:00+00:00,0.92058,0.92058,0.91988,0.92026,765.0
2025-10-06 11:00:00+00:00,0.9203,0.92136,0.92021,0.92116,735.0
2025-10-06 12:00:00+00:00,0.92112,0.92284,0.92096,0.92283,1565.0
2025-10-06 13:00:00+00:00,0.92289,0.92424,0.92266,0.92386,975.0
2025-10-06 14:00:00+00:00,0.92387,0.92416,0.92326,0.9233,1115.0
2025-10-06 15:00:00+00:00,0.92334,0.92352,0.92274,0.92292,725.0
2025-10-06 16:00:00+00:00,0.92297,0.92307,0.92266,0.92302,591.0
2025-10-06 17:00:00+00:00,0.92303,0.92336,0.92293,0.92325,483.0
2025-10-06 18:00:00+00:00,0.92328,0.92336,0.92306,0.92325,423.0
2025-10-06 19:00:00+00:00,0.92322,0.92336,0.92274,0.92279,461.0
2025-10-06 20:00:00+00:00,0.9228,0.92306,0.92253,0.92274,255.0
2025-10-06 21:00:00+00:00,0.9226,0.92266,0.92206,0.9221,199.0
2025-10-06 22:00:00+00:00,0.92208,0.92292,0.92208,0.92284,440.0
2025-10-06 23:00:00+00:00,0.92286,0.92291,0.92252,0.92262,209.0
2025-10-07 00:00:00+00:00,0.92266,0.92326,0.92174,0.92188,630.0
2025-10-07 01:00:00+00:00,0.92184,0.9228,0.92138,0.92274,1356.0
2025-10-07 02:00:00+00:00,0.92278,0.92345,0.92264,0.92318,368.0
2025-10-07 03:00:00+00:00,0.92324,0.92384,0.92298,0.92308,289.0
2025-10-07 04:00:00+00:00,0.92312,0.92318,0.922,0.92216,360.0
2025-10-07 05:00:00+00:00,0.92212,0.92224,0.92112,0.92117,501.0
2025-10-07 06:00:00+00:00,0.92118,0.92135,0.92034,0.92062,637.0
2025-10-07 07:00:00+00:00,0.92065,0.92065,0.91922,0.9197,867.0
2025-10-07 08:00:00+00:00,0.91967,0.91985,0.91907,0.91981,982.0
2025-10-07 09:00:00+00:00,0.91976,0.92033,0.91958,0.92032,568.0
2025-10-07 10:00:00+00:00,0.92028,0.9204,0.91969,0.91984,639.0
2025-10-07 11:00:00+00:00,0.91983,0.91988,0.9192,0.91934,1141.0
2025-10-07 12:00:00+00:00,0.91932,0.91946,0.91874,0.9191,1245.0
2025-10-07 13:00:00+00:00,0.91909,0.92031,0.9189,0.91948,1328.0
2025-10-07 14:00:00+00:00,0.91944,0.9196,0.91878,0.9188,1386.0
2025-10-07 15:00:00+00:00,0.91878,0.91928,0.91846,0.91864,1161.0
2025-10-07 16:00:00+00:00,0.91867,0.9197,0.91852,0.9188,940.0
2025-10-07 17:00:00+00:00,0.91878,0.91964,0.91878,0.91886,866.0
2025-10-07 18:00:00+00:00,0.91887,0.91892,0.91838,0.91857,992.0
2025-10-07 19:00:00+00:00,0.91858,0.91858,0.91802,0.91811,618.0
2025-10-07 20:00:00+00:00,0.91814,0.91856,0.91796,0.91801,262.0
2025-10-07 21:00:00+00:00,0.91838,0.91858,0.91782,0.91792,395.0
2025-10-07 22:00:00+00:00,0.91794,0.91872,0.91794,0.9187,243.0
2025-10-07 23:00:00+00:00,0.91874,0.91878,0.91808,0.91811,266.0
2025-10-08 00:00:00+00:00,0.91808,0.91825,0.91758,0.9177,694.0
2025-10-08 01:00:00+00:00,0.9177,0.91836,0.91618,0.91665,1499.0
2025-10-08 02:00:00+00:00,0.91668,0.91683,0.91596,0.9165,708.0
2025-10-08 03:00:00+00:00,0.91654,0.9169,0.91588,0.91686,558.0
2025-10-08 04:00:00+00:00,0.91684,0.91688,0.91634,0.91654,365.0
2025-10-08 05:00:00+00:00,0.91652,0.91674,0.91612,0.91672,431.0
2025-10-08 06:00:00+00:00,0.91676,0.91714,0.91574,0.91626,743.0
2025-10-08 07:00:00+00:00,0.9163,0.91674,0.91603,0.91636,781.0
2025-10-08 08:00:00+00:00,0.91638,0.91653,0.91529,0.91544,475.0
2025-10-08 09:00:00+00:00,0.91548,0.91628,0.91528,0.91564,513.0
2025-10-08 10:00:00+00:00,0.91558,0.91726,0.91552,0.91704,543.0
2025-10-08 11:00:00+00:00,0.91707,0.91712,0.91626,0.91632,558.0
2025-10-08 12:00:00+00:00,0.91631,0.9174,0.91622,0.91705,786.0
2025-10-08 13:00:00+00:00,0.91706,0.91811,0.917,0.91794,977.0
2025-10-08 14:00:00+00:00,0.91789,0.91844,0.91771,0.91831,914.0
2025-10-08 15:00:00+00:00,0.9183,0.91913,0.91796,0.91832,843.0
2025-10-08 16:00:00+00:00,0.91833,0.91843,0.91767,0.91838,988.0
2025-10-08 17:00:00+00:00,0.91834,0.91864,0.91805,0.91842,427.0
2025-10-08 18:00:00+00:00,0.91846,0.91902,0.91818,0.91885,687.0
2025-10-08 19:00:00+00:00,0.9189,0.91933,0.91886,0.91922,334.0
2025-10-08 20:00:00+00:00,0.91926,0.91949,0.91894,0.91899,235.0
2025-10-08 21:00:00+00:00,0.91842,0.91893,0.91829,0.9186,625.0
2025-10-08 22:00:00+00:00,0.91861,0.9194,0.91856,0.91919,314.0
2025-10-08 23:00:00+00:00,0.91914,0.91932,0.91852,0.9187,425.0
2025-10-09 00:00:00+00:00,0.91872,0.9198,0.91862,0.91962,747.0
2025-10-09 01:00:00+00:00,0.9196,0.92007,0.91896,0.91908,1212.0
2025-10-09 02:00:00+00:00,0.91906,0.91992,0.91876,0.91968,879.0
2025-10-09 03:00:00+00:00,0.91965,0.91999,0.9193,0.91995,844.0
2025-10-09 04:00:00+00:00,0.91996,0.9209,0.9198,0.92048,400.0
2025-10-09 05:00:00+00:00,0.92053,0.92086,0.9204,0.9204,622.0
2025-10-09 06:00:00+00:00,0.92043,0.92052,0.91726,0.91784,1064.0
2025-10-09 07:00:00+00:00,0.91788,0.91878,0.91776,0.91862,946.0
2025-10-09 08:00:00+00:00,0.91866,0.91866,0.91699,0.91812,874.0
2025-10-09 09:00:00+00:00,0.91816,0.91983,0.9181,0.91976,778.0
2025-10-09 10:00:00+00:00,0.9198,0.92011,0.91966,0.91989,741.0
2025-10-09 11:00:00+00:00,0.91986,0.92056,0.91962,0.92042,1029.0
2025-10-09 12:00:00+00:00,0.92046,0.92146,0.92008,0.92104,956.0
2025-10-09 13:00:00+00:00,0.92106,0.92164,0.91896,0.91984,1806.0
2025-10-09 14:00:00+00:00,0.9198,0.91982,0.91803,0.9187,2421.0
2025-10-09 15:00:00+00:00,0.91871,0.91894,0.91754,0.91814,1716.0
2025-10-09 16:00:00+00:00,0.91815,0.91894,0.91792,0.9181,1634.0
2025-10-09 17:00:00+00:00,0.91806,0.91861,0.91782,0.91808,1476.0
2025-10-09 18:00:00+00:00,0.91811,0.91842,0.91758,0.91806,645.0
2025-10-09 19:00:00+00:00,0.91805,0.91892,0.91796,0.91864,820.0
2025-10-09 20:00:00+00:00,0.91864,0.91906,0.91851,0.91906,469.0
2025-10-09 21:00:00+00:00,0.91917,0.91936,0.91856,0.91892,302.0
2025-10-09 22:00:00+00:00,0.91899,0.91941,0.91878,0.91936,404.0
2025-10-09 23:00:00+00:00,0.91932,0.91985,0.91911,0.91978,261.0
2025-10-10 00:00:00+00:00,0.9198,0.92051,0.91942,0.92041,570.0
2025-10-10 01:00:00+00:00,0.92044,0.9209,0.92023,0.9203,469.0
2025-10-10 02:00:00+00:00,0.92026,0.92121,0.92014,0.92095,694.0
2025-10-10 03:00:00+00:00,0.92096,0.92116,0.9205,0.92068,485.0
2025-10-10 04:00:00+00:00,0.92066,0.92072,0.9202,0.92036,274.0
2025-10-10 05:00:00+00:00,0.92036,0.9207,0.92007,0.92022,525.0
2025-10-10 06:00:00+00:00,0.92018,0.92054,0.91894,0.91935,690.0
2025-10-10 07:00:00+00:00,0.91939,0.91956,0.91826,0.91952,632.0
2025-10-10 08:00:00+00:00,0.91952,0.91997,0.91892,0.91916,590.0
2025-10-10 09:00:00+00:00,0.91912,0.91912,0.91832,0.9185,447.0
2025-10-10 10:00:00+00:00,0.91852,0.91921,0.91832,0.91844,382.0
2025-10-10 11:00:00+00:00,0.9184,0.91872,0.91824,0.91845,494.0
2025-10-10 12:00:00+00:00,0.91851,0.9191,0.9164,0.91668,1304.0
2025-10-10 13:00:00+00:00,0.91662,0.917,0.9159,0.91594,958.0
2025-10-10 14:00:00+00:00,0.91594,0.91646,0.91493,0.91493,1383.0
2025-10-10 15:00:00+00:00,0.91494,0.91498,0.90804,0.90897,4469.0
2025-10-10 16:00:00+00:00,0.90893,0.90931,0.90778,0.90834,2085.0
2025-10-10 17:00:00+00:00,0.90832,0.90922,0.90796,0.90868,1070.0
2025-10-10 18:00:00+00:00,0.90872,0.90878,0.90764,0.90776,873.0
2025-10-10 19:00:00+00:00,0.90774,0.9083,0.90746,0.9079,544.0
2025-10-10 20:00:00+00:00,0.9079,0.90808,0.90624,0.90666,1954.0
2025-10-12 21:00:00+00:00,0.9105,0.91134,0.90924,0.90932,937.0
2025-10-12 22:00:00+00:00,0.90927,0.91148,0.90916,0.90946,1812.0
2025-10-12 23:00:00+00:00,0.90947,0.9098,0.90861,0.90965,835.0
2025-10-13 00:00:00+00:00,0.9096,0.91162,0.90954,0.91154,839.0
2025-10-13 01:00:00+00:00,0.91158,0.91339,0.91148,0.91288,1161.0
2025-10-13 02:00:00+00:00,0.91281,0.91345,0.91259,0.91292,647.0
2025-10-13 03:00:00+00:00,0.91291,0.9133,0.91164,0.91203,547.0
2025-10-13 04:00:00+00:00,0.91202,0.9128,0.91192,0.91265,334.0
2025-10-13 05:00:00+00:00,0.9127,0.91314,0.9126,0.91298,744.0
2025-10-13 06:00:00+00:00,0.913,0.91322,0.91226,0.91266,1065.0
2025-10-13 07:00:00+00:00,0.91269,0.91362,0.91182,0.91333,1359.0
2025-10-13 08:00:00+00:00,0.91329,0.91373,0.91264,0.91299,700.0
2025-10-13 09:00:00+00:00,0.91304,0.91344,0.91274,0.91326,499.0
2025-10-13 10:00:00+00:00,0.91321,0.91347,0.91293,0.91302,302.0
2025-10-13 11:00:00+00:00,0.91297,0.91318,0.91129,0.91158,908.0
2025-10-13 12:00:00+00:00,0.91162,0.91242,0.91144,0.91206,698.0
2025-10-13 13:00:00+00:00,0.91203,0.91368,0.91203,0.91362,980.0
2025-10-13 14:00:00+00:00,0.91363,0.91387,0.91278,0.91358,1105.0
2025-10-13 15:00:00+00:00,0.91359,0.91483,0.91348,0.91438,618.0
2025-10-13 16:00:00+00:00,0.9144,0.91542,0.9144,0.91536,428.0
2025-10-13 17:00:00+00:00,0.91532,0.91544,0.91461,0.91481,309.0
2025-10-13 18:00:00+00:00,0.91485,0.91526,0.91449,0.9146,226.0
2025-10-13 19:00:00+00:00,0.91464,0.91504,0.91456,0.91466,213.0
2025-10-13 20:00:00+00:00,0.91462,0.91466,0.91423,0.9146,172.0
2025-10-13 21:00:00+00:00,0.91439,0.915,0.91406,0.91452,566.0
2025-10-13 22:00:00+00:00,0.91452,0.91492,0.91432,0.91486,416.0
2025-10-13 23:00:00+00:00,0.91488,0.91491,0.91406,0.91419,376.0
2025-10-14 00:00:00+00:00,0.9143,0.91525,0.91426,0.915,1342.0
2025-10-14 01:00:00+00:00,0.915,0.91513,0.91364,0.91384,1037.0
2025-10-14 02:00:00+00:00,0.91386,0.91457,0.91368,0.91404,1016.0
2025-10-14 03:00:00+00:00,0.914,0.91424,0.9117,0.91234,1415.0
2025-10-14 04:00:00+00:00,0.91238,0.91244,0.90952,0.91,1646.0
2025-10-14 05:00:00+00:00,0.90998,0.91003,0.90764,0.90857,1152.0
2025-10-14 06:00:00+00:00,0.90854,0.90966,0.90826,0.90904,1104.0
2025-10-14 07:00:00+00:00,0.90908,0.90912,0.90703,0.90775,1352.0
2025-10-14 08:00:00+00:00,0.90768,0.90882,0.90768,0.9079,810.0
2025-10-14 09:00:00+00:00,0.90787,0.90847,0.90706,0.90721,633.0
2025-10-14 10:00:00+00:00,0.90718,0.90756,0.90636,0.90718,656.0
2025-10-14 11:00:00+00:00,0.90724,0.90807,0.90695,0.90772,753.0
2025-10-14 12:00:00+00:00,0.90776,0.90784,0.90628,0.90712,996.0
2025-10-14 13:00:00+00:00,0.90716,0.90869,0.90627,0.90724,2069.0
2025-10-14 14:00:00+00:00,0.90722,0.91047,0.90721,0.91044,2327.0
2025-10-14 15:00:00+00:00,0.9104,0.91197,0.91005,0.91146,1181.0
2025-10-14 16:00:00+00:00,0.91151,0.912,0.91098,0.91158,929.0
2025-10-14 17:00:00+00:00,0.91152,0.91196,0.91094,0.91105,857.0
2025-10-14 18:00:00+00:00,0.91108,0.91136,0.91072,0.91104,595.0
2025-10-14 19:00:00+00:00,0.91106,0.91156,0.9097,0.91044,951.0
2025-10-14 20:00:00+00:00,0.91044,0.911,0.91025,0.91086,336.0
2025-10-14 21:00:00+00:00,0.91086,0.91088,0.91052,0.91086,684.0
2025-10-14 22:00:00+00:00,0.91074,0.9116,0.91074,0.91157,261.0
2025-10-14 23:00:00+00:00,0.91158,0.91191,0.91142,0.91168,452.0
2025-10-15 00:00:00+00:00,0.91164,0.9123,0.91116,0.91228,1166.0
2025-10-15 01:00:00+00:00,0.91232,0.91298,0.91182,0.91274,1228.0
2025-10-15 02:00:00+00:00,0.91278,0.91394,0.91266,0.91332,964.0
2025-10-15 03:00:00+00:00,0.91328,0.91449,0.91327,0.91414,931.0
2025-10-15 04:00:00+00:00,0.91412,0.91494,0.91404,0.91432,591.0
2025-10-15 05:00:00+00:00,0.91444,0.91468,0.91402,0.91416,592.0
2025-10-15 06:00:00+00:00,0.91412,0.91514,0.91395,0.91471,658.0
2025-10-15 07:00:00+00:00,0.91478,0.91515,0.91422,0.91505,932.0
2025-10-15 08:00:00+00:00,0.91504,0.91564,0.91486,0.91528,741.0
2025-10-15 09:00:00+00:00,0.91524,0.91542,0.91474,0.91542,561.0
2025-10-15 10:00:00+00:00,0.91544,0.91574,0.91491,0.91546,279.0
2025-10-15 11:00:00+00:00,0.9155,0.91562,0.91454,0.91482,359.0
2025-10-15 12:00:00+00:00,0.91481,0.91534,0.91436,0.91447,792.0
2025-10-15 13:00:00+00:00,0.91446,0.91492,0.9135,0.91419,1575.0
2025-10-15 14:00:00+00:00,0.91426,0.91505,0.91416,0.91478,1039.0
2025-10-15 15:00:00+00:00,0.91474,0.91502,0.91354,0.91394,1354.0
2025-10-15 16:00:00+00:00,0.91398,0.91428,0.91372,0.91404,982.0
2025-10-15 17:00:00+00:00,0.91404,0.91407,0.9122,0.91354,1694.0
2025-10-15 18:00:00+00:00,0.91352,0.91444,0.91352,0.91435,581.0
2025-10-15 19:00:00+00:00,0.91435,0.91451,0.91406,0.91438,363.0
2025-10-15 20:00:00+00:00,0.91439,0.91463,0.91426,0.91437,345.0
2025-10-15 21:00:00+00:00,0.91347,0.91455,0.91347,0.91426,636.0
2025-10-15 22:00:00+00:00,0.91432,0.9148,0.91414,0.91472,245.0
2025-10-15 23:00:00+00:00,0.91468,0.91469,0.91339,0.91399,638.0
2025-10-16 00:00:00+00:00,0.91398,0.91468,0.90957,0.91088,3350.0
2025-10-16 01:00:00+00:00,0.91087,0.91268,0.91056,0.91077,2301.0
2025-10-16 02:00:00+00:00,0.91081,0.9119,0.90984,0.9106,1442.0
2025-10-16 03:00:00+00:00,0.91057,0.91069,0.90933,0.91003,1228.0
2025-10-16 04:00:00+00:00,0.91004,0.91091,0.90992,0.91079,1085.0
2025-10-16 05:00:00+00:00,0.91075,0.91142,0.91051,0.9111,1947.0
2025-10-16 06:00:00+00:00,0.9111,0.91236,0.91104,0.91213,1109.0
2025-10-16 07:00:00+00:00,0.9121,0.91338,0.91209,0.91306,897.0
2025-10-16 08:00:00+00:00,0.913,0.91384,0.91286,0.91329,685.0
2025-10-16 09:00:00+00:00,0.91325,0.91359,0.9128,0.91342,487.0
2025-10-16 10:00:00+00:00,0.91338,0.91398,0.91325,0.91361,616.0
2025-10-16 11:00:00+00:00,0.91362,0.9141,0.91332,0.91394,1283.0
2025-10-16 12:00:00+00:00,0.91398,0.91403,0.91276,0.9133,1158.0
2025-10-16 13:00:00+00:00,0.91326,0.91343,0.91103,0.91108,1043.0
2025-10-16 14:00:00+00:00,0.91108,0.91335,0.91082,0.91282,1321.0
2025-10-16 15:00:00+00:00,0.9128,0.91304,0.91156,0.91161,1563.0
2025-10-16 16:00:00+00:00,0.91162,0.91228,0.90978,0.91143,1656.0
2025-10-16 17:00:00+00:00,0.91147,0.91185,0.91002,0.91044,1572.0
2025-10-16 18:00:00+00:00,0.91048,0.91106,0.90941,0.91095,1292.0
2025-10-16 19:00:00+00:00,0.91101,0.91114,0.91038,0.91106,827.0
2025-10-16 20:00:00+00:00,0.91102,0.91148,0.91088,0.91133,300.0
2025-10-16 21:00:00+00:00,0.91137,0.91154,0.91107,0.91146,451.0
2025-10-16 22:00:00+00:00,0.91131,0.91184,0.91098,0.91104,436.0
2025-10-16 23:00:00+00:00,0.911,0.91131,0.9096,0.91042,744.0
2025-10-17 00:00:00+00:00,0.91037,0.91072,0.90992,0.91032,1267.0
2025-10-17 01:00:00+00:00,0.91033,0.91122,0.90906,0.9092,1690.0
2025-10-17 02:00:00+00:00,0.90913,0.90926,0.90834,0.90858,1109.0
2025-10-17 03:00:00+00:00,0.9086,0.90905,0.90768,0.90826,1249.0
2025-10-17 04:00:00+00:00,0.90829,0.90922,0.90829,0.90896,889.0
2025-10-17 05:00:00+00:00,0.90896,0.90922,0.9082,0.9091,1465.0
2025-10-17 06:00:00+00:00,0.90908,0.90966,0.90856,0.90875,1177.0
2025-10-17 07:00:00+00:00,0.90872,0.90872,0.90601,0.90814,2309.0
2025-10-17 08:00:00+00:00,0.90818,0.90838,0.90693,0.90756,1526.0
2025-10-17 09:00:00+00:00,0.90752,0.90838,0.90739,0.90794,834.0
2025-10-17 10:00:00+00:00,0.90794,0.90934,0.90727,0.90904,1233.0
2025-10-17 11:00:00+00:00,0.9091,0.91211,0.90874,0.9103,3338.0
2025-10-17 12:00:00+00:00,0.91029,0.91104,0.90881,0.90898,2576.0
2025-10-17 13:00:00+00:00,0.90894,0.91068,0.90865,0.90966,1768.0
2025-10-17 14:00:00+00:00,0.90966,0.9114,0.90926,0.91111,1896.0
2025-10-17 15:00:00+00:00,0.91116,0.91153,0.90956,0.91091,1345.0
2025-10-17 16:00:00+00:00,0.91088,0.91124,0.91024,0.91036,891.0
2025-10-17 17:00:00+00:00,0.91036,0.91086,0.90988,0.91048,811.0
2025-10-17 18:00:00+00:00,0.9105,0.91128,0.91044,0.91067,985.0
2025-10-17 19:00:00+00:00,0.91064,0.9111,0.91036,0.9108,692.0
2025-10-17 20:00:00+00:00,0.91082,0.91092,0.91029,0.91078,725.0
2025-10-19 21:00:00+00:00,0.9101,0.91136,0.90984,0.91133,383.0
2025-10-19 22:00:00+00:00,0.91143,0.91172,0.91118,0.91154,293.0
2025-10-19 23:00:00+00:00,0.91148,0.91154,0.91052,0.91119,575.0
2025-10-20 00:00:00+00:00,0.9112,0.91167,0.9105,0.91158,1181.0
2025-10-20 01:00:00+00:00,0.91159,0.91255,0.91129,0.91164,1065.0
2025-10-20 02:00:00+00:00,0.9116,0.91216,0.91154,0.91164,892.0
2025-10-20 03:00:00+00:00,0.9116,0.91175,0.91066,0.91113,696.0
2025-10-20 04:00:00+00:00,0.91114,0.91153,0.91082,0.91109,889.0
2025-10-20 05:00:00+00:00,0.91108,0.91196,0.91096,0.91188,862.0
2025-10-20 06:00:00+00:00,0.91184,0.91196,0.9111,0.91133,860.0
2025-10-20 07:00:00+00:00,0.91136,0.91189,0.91073,0.91138,784.0
2025-10-20 08:00:00+00:00,0.9114,0.91192,0.9111,0.91166,918.0
2025-10-20 09:00:00+00:00,0.91164,0.912,0.9109,0.91105,930.0
2025-10-20 10:00:00+00:00,0.91101,0.91126,0.91059,0.91068,660.0
2025-10-20 11:00:00+00:00,0.91064,0.91114,0.91034,0.91111,714.0
2025-10-20 12:00:00+00:00,0.91115,0.91206,0.91092,0.91186,1124.0
2025-10-20 13:00:00+00:00,0.91184,0.91282,0.91175,0.91244,1140.0
2025-10-20 14:00:00+00:00,0.91248,0.9138,0.91234,0.91371,992.0
2025-10-20 15:00:00+00:00,0.91366,0.91484,0.91342,0.91411,1083.0
2025-10-20 16:00:00+00:00,0.91412,0.91445,0.91378,0.91383,801.0
2025-10-20 17:00:00+00:00,0.91382,0.91438,0.9138,0.91415,361.0
2025-10-20 18:00:00+00:00,0.91411,0.91447,0.91411,0.91439,506.0
2025-10-20 19:00:00+00:00,0.91444,0.91455,0.91394,0.91407,409.0
2025-10-20 20:00:00+00:00,0.91402,0.91438,0.91378,0.91438,323.0
2025-10-20 21:00:00+00:00,0.91434,0.91453,0.91394,0.91441,610.0
2025-10-20 22:00:00+00:00,0.91439,0.9146,0.91414,0.91436,234.0
2025-10-20 23:00:00+00:00,0.91438,0.91452,0.91411,0.9144,576.0
2025-10-21 00:00:00+00:00,0.91442,0.91546,0.91422,0.9154,1075.0
2025-10-21 01:00:00+00:00,0.91532,0.91538,0.91417,0.91448,1416.0
2025-10-21 02:00:00+00:00,0.91452,0.91499,0.91406,0.91423,1130.0
2025-10-21 03:00:00+00:00,0.91422,0.91452,0.91383,0.91391,1048.0
2025-10-21 04:00:00+00:00,0.9139,0.91412,0.91332,0.91366,1077.0
2025-10-21 05:00:00+00:00,0.91368,0.91374,0.91236,0.91246,1282.0
2025-10-21 06:00:00+00:00,0.91245,0.91305,0.9118,0.9128,1104.0
2025-10-21 07:00:00+00:00,0.91282,0.91314,0.91185,0.91203,834.0
2025-10-21 08:00:00+00:00,0.912,0.91209,0.91086,0.91188,1750.0
2025-10-21 09:00:00+00:00,0.91185,0.91212,0.91104,0.91168,874.0
2025-10-21 10:00:00+00:00,0.91166,0.91186,0.9111,0.91168,490.0
2025-10-21 11:00:00+00:00,0.9117,0.91247,0.91166,0.91195,691.0
2025-10-21 12:00:00+00:00,0.91198,0.91212,0.90944,0.9111,1331.0
2025-10-21 13:00:00+00:00,0.91109,0.91115,0.90857,0.90924,1554.0
2025-10-21 14:00:00+00:00,0.90922,0.91038,0.90894,0.91,1637.0
2025-10-21 15:00:00+00:00,0.91,0.91081,0.90998,0.91044,1020.0
2025-10-21 16:00:00+00:00,0.91039,0.9108,0.90974,0.90989,960.0
2025-10-21 17:00:00+00:00,0.90986,0.90996,0.90946,0.90954,837.0
2025-10-21 18:00:00+00:00,0.9095,0.90984,0.90944,0.90976,646.0
2025-10-21 19:00:00+00:00,0.90978,0.9099,0.90948,0.90952,266.0
2025-10-21 20:00:00+00:00,0.90956,0.90987,0.90936,0.90978,173.0
2025-10-21 21:00:00+00:00,0.90988,0.91036,0.90969,0.9101,352.0
2025-10-21 22:00:00+00:00,0.91007,0.91018,0.90976,0.91014,244.0
2025-10-21 23:00:00+00:00,0.91016,0.9102,0.90988,0.90999,563.0
2025-10-22 00:00:00+00:00,0.90998,0.91028,0.90884,0.90884,1331.0
2025-10-22 01:00:00+00:00,0.90886,0.90924,0.90846,0.909,1511.0
2025-10-22 02:00:00+00:00,0.90904,0.90983,0.90888,0.90942,1389.0
2025-10-22 03:00:00+00:00,0.90946,0.90972,0.90884,0.90956,1192.0
2025-10-22 04:00:00+00:00,0.90956,0.9104,0.90956,0.91004,708.0
2025-10-22 05:00:00+00:00,0.91008,0.91082,0.90996,0.91051,944.0
2025-10-22 06:00:00+00:00,0.9105,0.91138,0.91024,0.91084,1230.0
2025-10-22 07:00:00+00:00,0.91086,0.91106,0.91038,0.91075,1052.0
2025-10-22 08:00:00+00:00,0.91073,0.91078,0.90958,0.90976,1365.0
2025-10-22 09:00:00+00:00,0.90972,0.91023,0.9094,0.91013,1048.0
2025-10-22 10:00:00+00:00,0.91019,0.91025,0.90954,0.90954,712.0
2025-10-22 11:00:00+00:00,0.90949,0.90994,0.90932,0.9096,977.0
2025-10-22 12:00:00+00:00,0.90966,0.91006,0.90958,0.90985,1164.0
2025-10-22 13:00:00+00:00,0.90986,0.91014,0.90926,0.90936,1604.0
2025-10-22 14:00:00+00:00,0.90934,0.90972,0.9076,0.90855,1760.0
2025-10-22 15:00:00+00:00,0.90852,0.9092,0.90827,0.90879,1022.0
2025-10-22 16:00:00+00:00,0.90878,0.90897,0.90666,0.90792,1869.0
2025-10-22 17:00:00+00:00,0.90797,0.90806,0.90654,0.907,1098.0
2025-10-22 18:00:00+00:00,0.90705,0.9076,0.90671,0.90722,1079.0
2025-10-22 19:00:00+00:00,0.90726,0.90766,0.90715,0.90762,609.0
2025-10-22 20:00:00+00:00,0.90765,0.9084,0.9074,0.90812,227.0
2025-10-22 21:00:00+00:00,0.90801,0.90831,0.90789,0.90818,399.0
2025-10-22 22:00:00+00:00,0.90818,0.9082,0.90756,0.90782,202.0
2025-10-22 23:00:00+00:00,0.90785,0.90786,0.9073,0.90755,655.0
2025-10-23 00:00:00+00:00,0.90754,0.90817,0.90692,0.90813,2136.0
2025-10-23 01:00:00+00:00,0.90817,0.90867,0.90778,0.9078,2145.0
2025-10-23 02:00:00+00:00,0.90781,0.90806,0.90734,0.90781,1786.0
2025-10-23 03:00:00+00:00,0.9078,0.90808,0.90703,0.90706,1335.0
2025-10-23 04:00:00+00:00,0.90706,0.90776,0.90706,0.90768,1135.0
2025-10-23 05:00:00+00:00,0.90766,0.90838,0.9076,0.90818,1228.0
2025-10-23 06:00:00+00:00,0.90823,0.90974,0.90818,0.9095,1834.0
2025-10-23 07:00:00+00:00,0.90952,0.91048,0.90946,0.91026,1586.0
2025-10-23 08:00:00+00:00,0.91031,0.91112,0.91028,0.91073,1526.0
2025-10-23 09:00:00+00:00,0.91075,0.91138,0.91039,0.91132,1470.0
2025-10-23 10:00:00+00:00,0.91128,0.91134,0.91014,0.91038,895.0
2025-10-23 11:00:00+00:00,0.91036,0.91051,0.9098,0.9098,709.0
2025-10-23 12:00:00+00:00,0.90985,0.91046,0.90946,0.91011,816.0
2025-10-23 13:00:00+00:00,0.91014,0.91074,0.91002,0.91018,1135.0
2025-10-23 14:00:00+00:00,0.91018,0.91162,0.90986,0.91158,1246.0
2025-10-23 15:00:00+00:00,0.91156,0.9119,0.9112,0.91146,1130.0
2025-10-23 16:00:00+00:00,0.9115,0.91178,0.91122,0.91138,836.0
2025-10-23 17:00:00+00:00,0.91134,0.91194,0.91088,0.91176,1116.0
2025-10-23 18:00:00+00:00,0.91175,0.9118,0.91135,0.91151,426.0
2025-10-23 19:00:00+00:00,0.91157,0.91157,0.91065,0.91067,259.0
2025-10-23 20:00:00+00:00,0.91062,0.9113,0.91056,0.91121,425.0
2025-10-23 21:00:00+00:00,0.91084,0.91115,0.91073,0.91102,410.0
2025-10-23 22:00:00+00:00,0.91098,0.91154,0.91036,0.9113,330.0
2025-10-23 23:00:00+00:00,0.9113,0.91136,0.911,0.91119,351.0
2025-10-24 00:00:00+00:00,0.91115,0.91136,0.9108,0.9111,824.0
2025-10-24 01:00:00+00:00,0.91111,0.91132,0.91064,0.91069,694.0
2025-10-24 02:00:00+00:00,0.91063,0.91183,0.91022,0.91057,1073.0
2025-10-24 03:00:00+00:00,0.91058,0.9112,0.9105,0.91116,686.0
2025-10-24 04:00:00+00:00,0.91113,0.91122,0.91061,0.91098,589.0
2025-10-24 05:00:00+00:00,0.91094,0.91102,0.91016,0.91067,675.0
2025-10-24 06:00:00+00:00,0.9107,0.91178,0.91062,0.91178,648.0
2025-10-24 07:00:00+00:00,0.91174,0.91179,0.91066,0.91088,712.0
2025-10-24 08:00:00+00:00,0.91082,0.911,0.91024,0.91072,914.0
2025-10-24 09:00:00+00:00,0.91068,0.91099,0.91044,0.91064,555.0
2025-10-24 10:00:00+00:00,0.9107,0.91122,0.91056,0.91104,318.0
2025-10-24 11:00:00+00:00,0.911,0.91177,0.91094,0.91173,540.0
2025-10-24 12:00:00+00:00,0.91177,0.9144,0.91164,0.91377,3131.0
2025-10-24 13:00:00+00:00,0.91376,0.9138,0.91282,0.91346,2034.0
2025-10-24 14:00:00+00:00,0.91342,0.91364,0.91146,0.91152,1610.0
2025-10-24 15:00:00+00:00,0.91156,0.91254,0.91156,0.91212,908.0
2025-10-24 16:00:00+00:00,0.91218,0.91242,0.91156,0.91175,570.0
2025-10-24 17:00:00+00:00,0.9118,0.91224,0.9118,0.91183,516.0
2025-10-24 18:00:00+00:00,0.91178,0.91184,0.91124,0.91146,362.0
2025-10-24 19:00:00+00:00,0.91146,0.91174,0.91131,0.91138,244.0
2025-10-24 20:00:00+00:00,0.91142,0.9118,0.91116,0.91162,805.0
2025-10-26 21:00:00+00:00,0.91598,0.91624,0.91484,0.916,1436.0
2025-10-26 22:00:00+00:00,0.916,0.91625,0.91416,0.91419,1036.0
2025-10-26 23:00:00+00:00,0.91424,0.91455,0.91398,0.9143,691.0
2025-10-27 00:00:00+00:00,0.91424,0.91453,0.91326,0.91336,961.0
2025-10-27 01:00:00+00:00,0.91336,0.91444,0.91308,0.91371,1458.0
2025-10-27 02:00:00+00:00,0.91369,0.9142,0.91358,0.91408,1136.0
2025-10-27 03:00:00+00:00,0.9141,0.91435,0.91358,0.91363,967.0
2025-10-27 04:00:00+00:00,0.91364,0.91385,0.91351,0.9138,962.0
2025-10-27 05:00:00+00:00,0.91382,0.91427,0.91374,0.91422,1198.0
2025-10-27 06:00:00+00:00,0.91428,0.915,0.91394,0.91427,1103.0
2025-10-27 07:00:00+00:00,0.9143,0.91432,0.91329,0.91335,872.0
2025-10-27 08:00:00+00:00,0.9133,0.91602,0.91324,0.91592,845.0
2025-10-27 09:00:00+00:00,0.91593,0.91641,0.9152,0.91626,825.0
2025-10-27 10:00:00+00:00,0.91624,0.91654,0.91603,0.91635,605.0
2025-10-27 11:00:00+00:00,0.9163,0.9167,0.91576,0.9165,794.0
2025-10-27 12:00:00+00:00,0.91651,0.9167,0.91598,0.91655,763.0
2025-10-27 13:00:00+00:00,0.91654,0.91727,0.91603,0.91661,1120.0
2025-10-27 14:00:00+00:00,0.91663,0.91748,0.91638,0.91696,1074.0
2025-10-27 15:00:00+00:00,0.91694,0.9174,0.9165,0.9172,1091.0
2025-10-27 16:00:00+00:00,0.91715,0.91774,0.91706,0.91756,976.0
2025-10-27 17:00:00+00:00,0.9176,0.91784,0.91718,0.91763,812.0
2025-10-27 18:00:00+00:00,0.91762,0.91775,0.91712,0.9174,905.0
2025-10-27 19:00:00+00:00,0.91746,0.91746,0.91696,0.9173,677.0
2025-10-27 20:00:00+00:00,0.91734,0.91745,0.91686,0.91718,263.0
2025-10-27 21:00:00+00:00,0.91682,0.91726,0.91666,0.91724,112.0
2025-10-27 22:00:00+00:00,0.91725,0.9174,0.91707,0.91728,462.0
2025-10-27 23:00:00+00:00,0.91732,0.91766,0.91688,0.91761,450.0
2025-10-28 00:00:00+00:00,0.91762,0.91765,0.91698,0.91708,1138.0
2025-10-28 01:00:00+00:00,0.91704,0.91754,0.9167,0.91722,1347.0
2025-10-28 02:00:00+00:00,0.9172,0.91786,0.91716,0.91732,1091.0
2025-10-28 03:00:00+00:00,0.91728,0.9176,0.91713,0.91743,865.0
2025-10-28 04:00:00+00:00,0.91742,0.91786,0.91734,0.91773,1273.0
2025-10-28 05:00:00+00:00,0.91772,0.91788,0.91691,0.91724,1154.0
2025-10-28 06:00:00+00:00,0.9172,0.91754,0.91691,0.91695,907.0
2025-10-28 07:00:00+00:00,0.91698,0.91742,0.91682,0.91709,810.0
2025-10-28 08:00:00+00:00,0.91705,0.91722,0.91628,0.9167,1138.0
2025-10-28 09:00:00+00:00,0.91672,0.91768,0.91666,0.91766,710.0
2025-10-28 10:00:00+00:00,0.91772,0.91808,0.91757,0.91801,739.0
2025-10-28 11:00:00+00:00,0.918,0.91801,0.9175,0.9175,731.0
2025-10-28 12:00:00+00:00,0.91756,0.91772,0.9172,0.91758,1369.0
2025-10-28 13:00:00+00:00,0.91754,0.91776,0.91661,0.91743,1914.0
2025-10-28 14:00:00+00:00,0.91742,0.91852,0.91722,0.91802,2249.0
2025-10-28 15:00:00+00:00,0.918,0.91824,0.9171,0.91758,1065.0
2025-10-28 16:00:00+00:00,0.91755,0.91864,0.91744,0.91848,1298.0
2025-10-28 17:00:00+00:00,0.91852,0.91888,0.91838,0.91866,622.0
2025-10-28 18:00:00+00:00,0.91862,0.91868,0.91823,0.91862,343.0
2025-10-28 19:00:00+00:00,0.91858,0.91862,0.91767,0.91771,376.0
2025-10-28 20:00:00+00:00,0.91767,0.91848,0.91755,0.91834,318.0
2025-10-28 21:00:00+00:00,0.91814,0.9182,0.91769,0.91792,205.0
2025-10-28 22:00:00+00:00,0.91803,0.91831,0.9179,0.91794,414.0
2025-10-28 23:00:00+00:00,0.9179,0.91814,0.91749,0.91786,578.0
2025-10-29 00:00:00+00:00,0.91783,0.92066,0.91692,0.91959,2701.0
2025-10-29 01:00:00+00:00,0.91958,0.91994,0.9184,0.91896,1875.0
2025-10-29 02:00:00+00:00,0.9189,0.91972,0.91841,0.91949,1169.0
2025-10-29 03:00:00+00:00,0.91948,0.91991,0.91934,0.9199,1075.0
2025-10-29 04:00:00+00:00,0.9199,0.91997,0.91936,0.91963,1015.0
2025-10-29 05:00:00+00:00,0.91962,0.9207,0.91947,0.9202,1406.0
2025-10-29 06:00:00+00:00,0.9202,0.92127,0.92014,0.92085,1440.0
2025-10-29 07:00:00+00:00,0.92082,0.92156,0.92076,0.92095,1063.0
2025-10-29 08:00:00+00:00,0.92095,0.92127,0.91969,0.9197,1355.0
2025-10-29 09:00:00+00:00,0.91972,0.92035,0.91921,0.92016,809.0
2025-10-29 10:00:00+00:00,0.92013,0.92026,0.91984,0.91996,817.0
2025-10-29 11:00:00+00:00,0.91998,0.92006,0.91918,0.91945,1529.0
2025-10-29 12:00:00+00:00,0.91948,0.91952,0.91814,0.91902,1012.0
2025-10-29 13:00:00+00:00,0.91898,0.9202,0.91864,0.91916,1701.0
2025-10-29 14:00:00+00:00,0.91914,0.91935,0.91753,0.91834,1448.0
2025-10-29 15:00:00+00:00,0.91838,0.91886,0.91798,0.91862,1286.0
2025-10-29 16:00:00+00:00,0.9186,0.91904,0.91824,0.91894,1016.0
2025-10-29 17:00:00+00:00,0.91894,0.9192,0.91808,0.91908,640.0
2025-10-29 18:00:00+00:00,0.91902,0.91926,0.91486,0.91648,6437.0
2025-10-29 19:00:00+00:00,0.91648,0.91682,0.91485,0.91678,5232.0
2025-10-29 20:00:00+00:00,0.91684,0.91736,0.91603,0.91672,704.0
2025-10-29 21:00:00+00:00,0.91603,0.91696,0.91603,0.91652,252.0
2025-10-29 22:00:00+00:00,0.91647,0.91671,0.91582,0.91586,448.0
2025-10-29 23:00:00+00:00,0.91582,0.91685,0.91582,0.91675,732.0
2025-10-30 00:00:00+00:00,0.91676,0.9179,0.91676,0.91776,2139.0
2025-10-30 01:00:00+00:00,0.91777,0.91804,0.91698,0.91765,3076.0
2025-10-30 02:00:00+00:00,0.91766,0.91858,0.91721,0.91836,2136.0
2025-10-30 03:00:00+00:00,0.91836,0.91866,0.91788,0.91856,2407.0
2025-10-30 04:00:00+00:00,0.91858,0.91892,0.91644,0.91832,4988.0
2025-10-30 05:00:00+00:00,0.91828,0.91862,0.91742,0.91839,2584.0
2025-10-30 06:00:00+00:00,0.91841,0.91876,0.91704,0.91724,2315.0
2025-10-30 07:00:00+00:00,0.91729,0.91802,0.91662,0.91715,2449.0
2025-10-30 08:00:00+00:00,0.91718,0.91746,0.91664,0.91711,2061.0
2025-10-30 09:00:00+00:00,0.91706,0.91738,0.91613,0.91624,1989.0
2025-10-30 10:00:00+00:00,0.91626,0.9165,0.91587,0.9161,994.0
2025-10-30 11:00:00+00:00,0.91612,0.91699,0.91606,0.9165,880.0
2025-10-30 12:00:00+00:00,0.91646,0.9165,0.9152,0.91534,1303.0
2025-10-30 13:00:00+00:00,0.91534,0.91678,0.9146,0.91643,1626.0
2025-10-30 14:00:00+00:00,0.91647,0.91719,0.9152,0.91576,1706.0
2025-10-30 15:00:00+00:00,0.9158,0.9166,0.91564,0.9163,949.0
2025-10-30 16:00:00+00:00,0.91625,0.91666,0.91593,0.91634,1003.0
2025-10-30 17:00:00+00:00,0.91635,0.9168,0.9161,0.91648,1273.0
2025-10-30 18:00:00+00:00,0.91648,0.91648,0.91586,0.91622,897.0
2025-10-30 19:00:00+00:00,0.91619,0.91628,0.91571,0.91589,576.0
2025-10-30 20:00:00+00:00,0.91588,0.91684,0.91578,0.9165,715.0
2025-10-30 21:00:00+00:00,0.91684,0.91685,0.9162,0.9165,318.0
2025-10-30 22:00:00+00:00,0.91648,0.91672,0.91617,0.91632,484.0
2025-10-30 23:00:00+00:00,0.91636,0.91715,0.91627,0.91703,461.0
2025-10-31 00:00:00+00:00,0.91704,0.91712,0.91643,0.91671,1146.0
2025-10-31 01:00:00+00:00,0.91668,0.91702,0.91591,0.91644,1532.0
2025-10-31 02:00:00+00:00,0.91643,0.91688,0.91578,0.91633,1987.0
2025-10-31 03:00:00+00:00,0.91634,0.91648,0.91576,0.9162,1303.0
2025-10-31 04:00:00+00:00,0.9162,0.9165,0.91582,0.91612,1017.0
2025-10-31 05:00:00+00:00,0.9161,0.91611,0.91504,0.91514,1234.0
2025-10-31 06:00:00+00:00,0.91516,0.91578,0.91495,0.9154,1217.0
2025-10-31 07:00:00+00:00,0.91542,0.91584,0.9152,0.9156,1119.0
2025-10-31 08:00:00+00:00,0.9156,0.91622,0.9151,0.91618,1340.0
2025-10-31 09:00:00+00:00,0.91618,0.91635,0.91562,0.9161,868.0
2025-10-31 10:00:00+00:00,0.91612,0.91667,0.91605,0.91656,1185.0
2025-10-31 11:00:00+00:00,0.91658,0.917,0.91638,0.9169,991.0
2025-10-31 12:00:00+00:00,0.91684,0.91762,0.91646,0.91697,1419.0
2025-10-31 13:00:00+00:00,0.91696,0.91819,0.91673,0.9181,1161.0
2025-10-31 14:00:00+00:00,0.9181,0.91815,0.91666,0.91783,1430.0
2025-10-31 15:00:00+00:00,0.91782,0.91818,0.91638,0.91706,1737.0
2025-10-31 16:00:00+00:00,0.91708,0.91746,0.91626,0.9168,1555.0
2025-10-31 17:00:00+00:00,0.91675,0.91675,0.91615,0.91658,780.0
2025-10-31 18:00:00+00:00,0.91654,0.91691,0.9165,0.91689,802.0
2025-10-31 19:00:00+00:00,0.91695,0.91764,0.91688,0.91759,394.0
2025-10-31 20:00:00+00:00,0.91762,0.9177,0.91676,0.91694,765.0
2025-11-02 22:00:00+00:00,0.91693,0.91721,0.91629,0.91642,539.0
2025-11-02 23:00:00+00:00,0.91646,0.91756,0.91646,0.91736,761.0
2025-11-03 00:00:00+00:00,0.91735,0.91755,0.91706,0.91746,774.0
2025-11-03 01:00:00+00:00,0.91744,0.91802,0.91702,0.91743,1060.0
2025-11-03 02:00:00+00:00,0.91744,0.91786,0.91711,0.91756,895.0
2025-11-03 03:00:00+00:00,0.9176,0.91823,0.91728,0.9182,485.0
2025-11-03 04:00:00+00:00,0.91822,0.91848,0.91803,0.91818,403.0
2025-11-03 05:00:00+00:00,0.91814,0.91932,0.91806,0.91882,607.0
2025-11-03 06:00:00+00:00,0.91884,0.91898,0.91842,0.91862,1055.0
2025-11-03 07:00:00+00:00,0.91867,0.9188,0.91784,0.91867,1109.0
2025-11-03 08:00:00+00:00,0.91865,0.91954,0.91833,0.9195,798.0
2025-11-03 09:00:00+00:00,0.91946,0.91972,0.9188,0.91908,771.0
2025-11-03 10:00:00+00:00,0.9191,0.91967,0.91878,0.91926,559.0
2025-11-03 11:00:00+00:00,0.91929,0.91988,0.91926,0.91973,395.0
2025-11-03 12:00:00+00:00,0.91971,0.91984,0.919,0.919,627.0
2025-11-03 13:00:00+00:00,0.91897,0.91948,0.91872,0.91948,811.0
2025-11-03 14:00:00+00:00,0.91948,0.91983,0.9178,0.91828,1293.0
2025-11-03 15:00:00+00:00,0.9185,0.91871,0.91728,0.91823,2019.0
2025-11-03 16:00:00+00:00,0.91828,0.91864,0.91806,0.91826,1578.0
2025-11-03 17:00:00+00:00,0.91823,0.91908,0.91798,0.9186,983.0
2025-11-03 18:00:00+00:00,0.91864,0.91931,0.91862,0.91926,549.0
2025-11-03 19:00:00+00:00,0.91926,0.9194,0.91886,0.91886,461.0
2025-11-03 20:00:00+00:00,0.9189,0.91901,0.91864,0.91878,459.0
2025-11-03 21:00:00+00:00,0.91876,0.91909,0.91853,0.91893,313.0
2025-11-03 22:00:00+00:00,0.91872,0.91936,0.91868,0.91884,559.0
2025-11-03 23:00:00+00:00,0.91876,0.91915,0.91876,0.91898,512.0
2025-11-04 00:00:00+00:00,0.91894,0.91945,0.91839,0.91929,890.0
2025-11-04 01:00:00+00:00,0.91936,0.91942,0.91859,0.91906,1306.0
2025-11-04 02:00:00+00:00,0.91906,0.91908,0.91744,0.91769,1232.0
2025-11-04 03:00:00+00:00,0.91766,0.91884,0.9169,0.91848,2089.0
2025-11-04 04:00:00+00:00,0.91844,0.91907,0.91794,0.91865,1471.0
2025-11-04 05:00:00+00:00,0.91862,0.91878,0.916,0.91606,1056.0
2025-11-04 06:00:00+00:00,0.91611,0.91678,0.91526,0.916,1511.0
2025-11-04 07:00:00+00:00,0.916,0.9165,0.91542,0.91579,1353.0
2025-11-04 08:00:00+00:00,0.91584,0.91632,0.91524,0.91563,1406.0
2025-11-04 09:00:00+00:00,0.91564,0.91582,0.91376,0.91389,1075.0
2025-11-04 10:00:00+00:00,0.91385,0.9151,0.91354,0.91486,875.0
2025-11-04 11:00:00+00:00,0.9149,0.91518,0.91466,0.91483,623.0
2025-11-04 12:00:00+00:00,0.91478,0.91484,0.91404,0.91438,1122.0
2025-11-04 13:00:00+00:00,0.91434,0.91472,0.91399,0.9141,1264.0
2025-11-04 14:00:00+00:00,0.91413,0.91495,0.91346,0.91457,1257.0
2025-11-04 15:00:00+00:00,0.91459,0.91593,0.9145,0.91569,1643.0
2025-11-04 16:00:00+00:00,0.91574,0.91587,0.91508,0.9154,1307.0
2025-11-04 17:00:00+00:00,0.9154,0.9154,0.91479,0.91486,1254.0
2025-11-04 18:00:00+00:00,0.91486,0.91499,0.91443,0.91448,1025.0
2025-11-04 19:00:00+00:00,0.91444,0.91478,0.91407,0.91431,1238.0
2025-11-04 20:00:00+00:00,0.91434,0.91473,0.91414,0.91422,1038.0
2025-11-04 21:00:00+00:00,0.91418,0.91544,0.91406,0.9151,476.0
2025-11-04 22:00:00+00:00,0.91504,0.91567,0.91486,0.91549,462.0
2025-11-04 23:00:00+00:00,0.91544,0.9156,0.91439,0.91442,508.0
2025-11-05 00:00:00+00:00,0.91441,0.91473,0.91274,0.91316,1202.0
2025-11-05 01:00:00+00:00,0.91314,0.91346,0.91186,0.91276,1660.0
2025-11-05 02:00:00+00:00,0.91277,0.91468,0.9126,0.91466,1363.0
2025-11-05 03:00:00+00:00,0.91472,0.91644,0.91458,0.91618,1027.0
2025-11-05 04:00:00+00:00,0.91616,0.9164,0.91532,0.91598,1097.0
2025-11-05 05:00:00+00:00,0.91604,0.91692,0.91567,0.91576,1161.0
2025-11-05 06:00:00+00:00,0.91576,0.91643,0.91557,0.91616,773.0
2025-11-05 07:00:00+00:00,0.91614,0.91614,0.91548,0.91573,631.0
2025-11-05 08:00:00+00:00,0.91574,0.91654,0.91544,0.91626,1033.0
2025-11-05 09:00:00+00:00,0.9162,0.91676,0.91548,0.91557,502.0
2025-11-05 10:00:00+00:00,0.91559,0.9162,0.91523,0.91565,956.0
2025-11-05 11:00:00+00:00,0.91561,0.91578,0.91496,0.91576,847.0
2025-11-05 12:00:00+00:00,0.91576,0.91606,0.91548,0.91598,656.0
2025-11-05 13:00:00+00:00,0.91598,0.91698,0.91573,0.91664,1055.0
2025-11-05 14:00:00+00:00,0.9166,0.91762,0.91645,0.91722,1203.0
2025-11-05 15:00:00+00:00,0.9173,0.91817,0.91659,0.91802,2602.0
2025-11-05 16:00:00+00:00,0.91799,0.91881,0.91768,0.91852,1105.0
2025-11-05 17:00:00+00:00,0.91856,0.91906,0.91825,0.91846,1281.0
2025-11-05 18:00:00+00:00,0.91846,0.91874,0.91812,0.91869,842.0
2025-11-05 19:00:00+00:00,0.91863,0.91877,0.91803,0.9181,1133.0
2025-11-05 20:00:00+00:00,0.91814,0.9184,0.91759,0.9177,709.0
2025-11-05 21:00:00+00:00,0.91768,0.9181,0.91742,0.91795,499.0
2025-11-05 22:00:00+00:00,0.91782,0.91815,0.91738,0.91767,671.0
2025-11-05 23:00:00+00:00,0.91763,0.91808,0.91748,0.91786,819.0
2025-11-06 00:00:00+00:00,0.91788,0.91796,0.91692,0.91708,1708.0
2025-11-06 01:00:00+00:00,0.91708,0.91824,0.91626,0.91811,2543.0
2025-11-06 02:00:00+00:00,0.91812,0.91825,0.91739,0.91761,1842.0
2025-11-06 03:00:00+00:00,0.9176,0.91838,0.9174,0.91829,1482.0
2025-11-06 04:00:00+00:00,0.91828,0.91896,0.91808,0.91845,1333.0
2025-11-06 05:00:00+00:00,0.91844,0.91872,0.91758,0.91764,1621.0
2025-11-06 06:00:00+00:00,0.91762,0.9182,0.91744,0.91753,1188.0
2025-11-06 07:00:00+00:00,0.91751,0.9183,0.9174,0.918,971.0
2025-11-06 08:00:00+00:00,0.91802,0.91834,0.91708,0.91818,1468.0
2025-11-06 09:00:00+00:00,0.91816,0.91858,0.91786,0.91822,1072.0
2025-11-06 10:00:00+00:00,0.91816,0.91829,0.91719,0.91726,1124.0
2025-11-06 11:00:00+00:00,0.91726,0.91764,0.91706,0.91729,1526.0
2025-11-06 12:00:00+00:00,0.91732,0.9182,0.9173,0.9181,1566.0
2025-11-06 13:00:00+00:00,0.9181,0.91856,0.91746,0.91746,1021.0
2025-11-06 14:00:00+00:00,0.91742,0.91754,0.91532,0.9154,2204.0
2025-11-06 15:00:00+00:00,0.91537,0.91561,0.91366,0.91397,3005.0
2025-11-06 16:00:00+00:00,0.91398,0.91444,0.91346,0.91356,2394.0
2025-11-06 17:00:00+00:00,0.91355,0.91466,0.91321,0.91436,2339.0
2025-11-06 18:00:00+00:00,0.91436,0.915,0.91395,0.91441,1770.0
2025-11-06 19:00:00+00:00,0.91442,0.91524,0.91439,0.91491,1301.0
2025-11-06 20:00:00+00:00,0.91496,0.91518,0.91426,0.91449,1251.0
2025-11-06 21:00:00+00:00,0.91454,0.91479,0.9142,0.91465,611.0
2025-11-06 22:00:00+00:00,0.91472,0.91498,0.9143,0.91496,894.0
2025-11-06 23:00:00+00:00,0.91491,0.91528,0.91456,0.91492,573.0
2025-11-07 00:00:00+00:00,0.91493,0.9155,0.91472,0.91502,1702.0
2025-11-07 01:00:00+00:00,0.91502,0.91518,0.91382,0.91484,2465.0
2025-11-07 02:00:00+00:00,0.91488,0.91496,0.91414,0.91444,1741.0
2025-11-07 03:00:00+00:00,0.91447,0.91457,0.91358,0.9141,1710.0
2025-11-07 04:00:00+00:00,0.91412,0.91468,0.91353,0.91452,1985.0
2025-11-07 05:00:00+00:00,0.91452,0.91556,0.91452,0.91507,1718.0
2025-11-07 06:00:00+00:00,0.91506,0.9156,0.91496,0.91538,2019.0
2025-11-07 07:00:00+00:00,0.91536,0.9161,0.91524,0.9153,1335.0
2025-11-07 08:00:00+00:00,0.91531,0.91556,0.91454,0.91532,1320.0
2025-11-07 09:00:00+00:00,0.9153,0.91544,0.9146,0.91506,804.0
2025-11-07 10:00:00+00:00,0.91504,0.91554,0.91486,0.91515,883.0
2025-11-07 11:00:00+00:00,0.91516,0.9153,0.9142,0.91498,1168.0
2025-11-07 12:00:00+00:00,0.91496,0.91505,0.91402,0.91432,1581.0
2025-11-07 13:00:00+00:00,0.91434,0.91488,0.91204,0.91235,1725.0
2025-11-07 14:00:00+00:00,0.91234,0.91274,0.9115,0.9124,2829.0
2025-11-07 15:00:00+00:00,0.9124,0.9125,0.91048,0.91082,2146.0
2025-11-07 16:00:00+00:00,0.91083,0.91177,0.91076,0.91136,1724.0
2025-11-07 17:00:00+00:00,0.91133,0.91144,0.91068,0.91122,1298.0
2025-11-07 18:00:00+00:00,0.91126,0.91156,0.91068,0.91089,1837.0
2025-11-07 19:00:00+00:00,0.91086,0.91242,0.91078,0.9118,1219.0
2025-11-07 20:00:00+00:00,0.91177,0.91194,0.91144,0.91158,912.0
2025-11-07 21:00:00+00:00,0.91157,0.91234,0.91152,0.91202,1388.0
2025-11-09 22:00:00+00:00,0.91296,0.91328,0.9115,0.91184,482.0
2025-11-09 23:00:00+00:00,0.91177,0.9132,0.91158,0.9132,1588.0
2025-11-10 00:00:00+00:00,0.91323,0.91402,0.91235,0.91369,1711.0
2025-11-10 01:00:00+00:00,0.91366,0.91486,0.91344,0.91442,1665.0
2025-11-10 02:00:00+00:00,0.91441,0.91493,0.91392,0.91456,1777.0
2025-11-10 03:00:00+00:00,0.9146,0.91473,0.91402,0.91408,1714.0
2025-11-10 04:00:00+00:00,0.91408,0.91531,0.91408,0.91528,1734.0
2025-11-10 05:00:00+00:00,0.91532,0.91562,0.91516,0.91546,1118.0
2025-11-10 06:00:00+00:00,0.9154,0.91585,0.91538,0.91556,1267.0
2025-11-10 07:00:00+00:00,0.91556,0.91566,0.91498,0.91502,1452.0
2025-11-10 08:00:00+00:00,0.915,0.91535,0.91468,0.91508,814.0
2025-11-10 09:00:00+00:00,0.91504,0.91608,0.91495,0.91596,809.0
2025-11-10 10:00:00+00:00,0.91596,0.9161,0.91548,0.91572,994.0
2025-11-10 11:00:00+00:00,0.91577,0.91596,0.91522,0.91572,747.0
2025-11-10 12:00:00+00:00,0.91571,0.9161,0.91514,0.91536,867.0
2025-11-10 13:00:00+00:00,0.91535,0.91552,0.91464,0.91486,825.0
2025-11-10 14:00:00+00:00,0.91482,0.91536,0.91448,0.91516,1353.0
2025-11-10 15:00:00+00:00,0.91513,0.91536,0.91398,0.91412,1895.0
2025-11-10 16:00:00+00:00,0.91412,0.91502,0.91396,0.91502,2037.0
2025-11-10 17:00:00+00:00,0.91505,0.91668,0.91503,0.91644,1042.0
2025-11-10 18:00:00+00:00,0.91646,0.91674,0.91636,0.91642,1028.0
2025-11-10 19:00:00+00:00,0.91643,0.91667,0.9163,0.91645,889.0
2025-11-10 20:00:00+00:00,0.91646,0.91679,0.91624,0.91635,861.0
2025-11-10 21:00:00+00:00,0.91634,0.91662,0.91609,0.91641,474.0
2025-11-10 22:00:00+00:00,0.916,0.91647,0.916,0.9162,435.0
2025-11-10 23:00:00+00:00,0.91616,0.91658,0.91602,0.91648,450.0
2025-11-11 00:00:00+00:00,0.9165,0.91652,0.91614,0.91634,1169.0
2025-11-11 01:00:00+00:00,0.91635,0.91646,0.91604,0.91632,1266.0
2025-11-11 02:00:00+00:00,0.91632,0.91648,0.91592,0.91613,992.0
2025-11-11 03:00:00+00:00,0.91613,0.91636,0.91582,0.91628,1139.0
2025-11-11 04:00:00+00:00,0.91626,0.91662,0.91558,0.91566,1211.0
2025-11-11 05:00:00+00:00,0.91565,0.91572,0.91476,0.91476,958.0
2025-11-11 06:00:00+00:00,0.91473,0.91548,0.91472,0.91506,1206.0
2025-11-11 07:00:00+00:00,0.91511,0.91516,0.91426,0.9148,1133.0
2025-11-11 08:00:00+00:00,0.91476,0.91543,0.9146,0.91461,640.0
2025-11-11 09:00:00+00:00,0.91462,0.91506,0.91436,0.9148,644.0
2025-11-11 10:00:00+00:00,0.91481,0.91528,0.91474,0.91521,439.0
2025-11-11 11:00:00+00:00,0.91518,0.91542,0.91495,0.91538,683.0
2025-11-11 12:00:00+00:00,0.91537,0.91555,0.91494,0.91499,619.0
2025-11-11 13:00:00+00:00,0.91494,0.91581,0.91485,0.9153,979.0
2025-11-11 14:00:00+00:00,0.91526,0.91555,0.9147,0.9153,1188.0
2025-11-11 15:00:00+00:00,0.91529,0.91532,0.9136,0.91362,1652.0
2025-11-11 16:00:00+00:00,0.91366,0.91446,0.9136,0.91414,890.0
2025-11-11 17:00:00+00:00,0.91418,0.9147,0.91412,0.91448,711.0
2025-11-11 18:00:00+00:00,0.91444,0.91489,0.91441,0.91473,599.0
2025-11-11 19:00:00+00:00,0.9147,0.91503,0.91461,0.91482,541.0
2025-11-11 20:00:00+00:00,0.9148,0.91495,0.9145,0.91471,217.0
2025-11-11 21:00:00+00:00,0.91468,0.91516,0.91452,0.91504,233.0
2025-11-11 22:00:00+00:00,0.91424,0.91512,0.91424,0.91492,629.0
2025-11-11 23:00:00+00:00,0.91495,0.91525,0.91478,0.9151,462.0
2025-11-12 00:00:00+00:00,0.9151,0.9154,0.91386,0.91414,1102.0
2025-11-12 01:00:00+00:00,0.91418,0.91454,0.91402,0.91442,1857.0
2025-11-12 02:00:00+00:00,0.9144,0.91488,0.91406,0.91422,1614.0
2025-11-12 03:00:00+00:00,0.91418,0.91462,0.91406,0.9143,1442.0
2025-11-12 04:00:00+00:00,0.91429,0.9144,0.91344,0.91402,1617.0
2025-11-12 05:00:00+00:00,0.91402,0.9149,0.91374,0.9147,1647.0
2025-11-12 06:00:00+00:00,0.91471,0.9155,0.91468,0.91529,1634.0
2025-11-12 07:00:00+00:00,0.91526,0.91609,0.91526,0.91556,913.0
2025-11-12 08:00:00+00:00,0.91561,0.91667,0.91519,0.91646,1037.0
2025-11-12 09:00:00+00:00,0.91643,0.91647,0.91566,0.9158,639.0
2025-11-12 10:00:00+00:00,0.9158,0.9159,0.91552,0.91558,290.0
2025-11-12 11:00:00+00:00,0.91562,0.91616,0.91544,0.91605,245.0
2025-11-12 12:00:00+00:00,0.91602,0.91671,0.91594,0.91655,1305.0
2025-11-12 13:00:00+00:00,0.91656,0.91669,0.91584,0.9162,1428.0
2025-11-12 14:00:00+00:00,0.91623,0.91642,0.91536,0.91558,2182.0
2025-11-12 15:00:00+00:00,0.91556,0.9162,0.9152,0.91527,2104.0
2025-11-12 16:00:00+00:00,0.91532,0.9162,0.9153,0.91566,1359.0
2025-11-12 17:00:00+00:00,0.91564,0.916,0.9155,0.91572,1388.0
2025-11-12 18:00:00+00:00,0.91572,0.91636,0.9157,0.91628,1167.0
2025-11-12 19:00:00+00:00,0.91624,0.91626,0.91582,0.91598,1024.0
2025-11-12 20:00:00+00:00,0.91594,0.91611,0.9157,0.91589,926.0
2025-11-12 21:00:00+00:00,0.91594,0.91623,0.91574,0.91622,301.0
2025-11-12 22:00:00+00:00,0.91603,0.91648,0.91586,0.91594,898.0
2025-11-12 23:00:00+00:00,0.91609,0.91612,0.91536,0.9156,704.0
2025-11-13 00:00:00+00:00,0.91563,0.91928,0.91523,0.91798,2561.0
2025-11-13 01:00:00+00:00,0.91799,0.91936,0.91762,0.91854,1177.0
2025-11-13 02:00:00+00:00,0.91858,0.91934,0.91835,0.91896,957.0
2025-11-13 03:00:00+00:00,0.91898,0.91912,0.91816,0.91839,1543.0
2025-11-13 04:00:00+00:00,0.91838,0.91842,0.9178,0.91836,1647.0
2025-11-13 05:00:00+00:00,0.91835,0.9189,0.91832,0.91864,1590.0
2025-11-13 06:00:00+00:00,0.91862,0.91902,0.91832,0.91874,992.0
2025-11-13 07:00:00+00:00,0.91876,0.92054,0.9187,0.92004,1441.0
2025-11-13 08:00:00+00:00,0.92004,0.9205,0.91991,0.92025,1175.0
2025-11-13 09:00:00+00:00,0.92028,0.92028,0.91928,0.91954,1110.0
2025-11-13 10:00:00+00:00,0.91954,0.91963,0.91904,0.91916,748.0
2025-11-13 11:00:00+00:00,0.91913,0.91916,0.91812,0.91839,810.0
2025-11-13 12:00:00+00:00,0.91842,0.91898,0.91806,0.9189,1137.0
2025-11-13 13:00:00+00:00,0.91882,0.91894,0.91711,0.91785,1296.0
2025-11-13 14:00:00+00:00,0.91791,0.91799,0.91597,0.91716,2049.0
2025-11-13 15:00:00+00:00,0.91712,0.918,0.91678,0.918,2163.0
2025-11-13 16:00:00+00:00,0.91798,0.91866,0.9177,0.91794,2079.0
2025-11-13 17:00:00+00:00,0.91796,0.91868,0.91754,0.91825,1546.0
2025-11-13 18:00:00+00:00,0.91826,0.91842,0.91552,0.91626,1637.0
2025-11-13 19:00:00+00:00,0.91628,0.91682,0.91584,0.91596,1627.0
2025-11-13 20:00:00+00:00,0.91593,0.91624,0.91562,0.91581,1417.0
2025-11-13 21:00:00+00:00,0.91578,0.91659,0.91574,0.91648,479.0
2025-11-13 22:00:00+00:00,0.91611,0.91704,0.91611,0.91694,917.0
2025-11-13 23:00:00+00:00,0.91704,0.91704,0.91591,0.91612,564.0
2025-11-14 00:00:00+00:00,0.91612,0.91682,0.91602,0.91668,924.0
2025-11-14 01:00:00+00:00,0.9167,0.91754,0.91648,0.91709,1612.0
2025-11-14 02:00:00+00:00,0.91708,0.9183,0.91704,0.91766,1466.0
2025-11-14 03:00:00+00:00,0.91762,0.91814,0.91704,0.91738,1425.0
2025-11-14 04:00:00+00:00,0.91744,0.91744,0.91635,0.91635,1202.0
2025-11-14 05:00:00+00:00,0.91639,0.91702,0.9161,0.917,1528.0
2025-11-14 06:00:00+00:00,0.91699,0.91717,0.91611,0.91648,1933.0
2025-11-14 07:00:00+00:00,0.91646,0.9165,0.91525,0.91645,1431.0
2025-11-14 08:00:00+00:00,0.91642,0.91642,0.91536,0.91624,1836.0
2025-11-14 09:00:00+00:00,0.9162,0.91641,0.91513,0.91526,643.0
2025-11-14 10:00:00+00:00,0.91523,0.91579,0.9147,0.91472,618.0
2025-11-14 11:00:00+00:00,0.91474,0.91486,0.91338,0.91416,893.0
2025-11-14 12:00:00+00:00,0.91419,0.91505,0.91373,0.91493,1515.0
2025-11-14 13:00:00+00:00,0.91488,0.91558,0.91418,0.91496,1537.0
2025-11-14 14:00:00+00:00,0.9149,0.91656,0.91452,0.91646,2622.0
2025-11-14 15:00:00+00:00,0.91647,0.91829,0.91568,0.91823,2365.0
2025-11-14 16:00:00+00:00,0.91826,0.91848,0.91762,0.91815,1584.0
2025-11-14 17:00:00+00:00,0.91814,0.91814,0.91734,0.91756,1192.0
2025-11-14 18:00:00+00:00,0.91753,0.91764,0.91647,0.91677,1037.0
2025-11-14 19:00:00+00:00,0.91682,0.91718,0.91642,0.91698,666.0
2025-11-14 20:00:00+00:00,0.91694,0.91706,0.91639,0.91674,824.0
2025-11-14 21:00:00+00:00,0.9167,0.9168,0.91618,0.91663,708.0
2025-11-16 22:00:00+00:00,0.91642,0.91678,0.916,0.91644,293.0
2025-11-16 23:00:00+00:00,0.91638,0.91644,0.91575,0.91576,687.0
2025-11-17 00:00:00+00:00,0.91583,0.9161,0.91534,0.9155,1629.0
2025-11-17 01:00:00+00:00,0.91545,0.91571,0.91464,0.91469,2687.0
2025-11-17 02:00:00+00:00,0.91474,0.91522,0.9144,0.91497,1892.0
2025-11-17 03:00:00+00:00,0.91498,0.91518,0.91403,0.91482,2086.0
2025-11-17 04:00:00+00:00,0.91482,0.91546,0.91478,0.91511,1230.0
2025-11-17 05:00:00+00:00,0.9151,0.91532,0.91499,0.9151,1654.0
2025-11-17 06:00:00+00:00,0.91511,0.91532,0.91461,0.91518,1272.0
2025-11-17 07:00:00+00:00,0.91519,0.91638,0.91513,0.91632,751.0
2025-11-17 08:00:00+00:00,0.91627,0.91628,0.91442,0.91478,1043.0
2025-11-17 09:00:00+00:00,0.91476,0.91486,0.91444,0.91461,1239.0
2025-11-17 10:00:00+00:00,0.91456,0.91472,0.9135,0.9136,802.0
2025-11-17 11:00:00+00:00,0.91358,0.91436,0.91332,0.91415,785.0
2025-11-17 12:00:00+00:00,0.91416,0.9151,0.914,0.91449,1167.0
2025-11-17 13:00:00+00:00,0.91447,0.91465,0.91349,0.91388,1142.0
2025-11-17 14:00:00+00:00,0.91384,0.91431,0.91341,0.91381,1529.0
2025-11-17 15:00:00+00:00,0.91382,0.91386,0.91246,0.91303,1793.0
2025-11-17 16:00:00+00:00,0.91302,0.914,0.91233,0.91397,2333.0
2025-11-17 17:00:00+00:00,0.91395,0.91406,0.9129,0.913,1371.0
2025-11-17 18:00:00+00:00,0.913,0.91316,0.91202,0.91206,1220.0
2025-11-17 19:00:00+00:00,0.91203,0.91212,0.91109,0.91125,820.0
2025-11-17 20:00:00+00:00,0.9112,0.91214,0.9111,0.91214,987.0
2025-11-17 21:00:00+00:00,0.9124,0.91277,0.91197,0.91272,425.0
2025-11-17 22:00:00+00:00,0.91234,0.91314,0.91206,0.91294,502.0
2025-11-17 23:00:00+00:00,0.91297,0.91316,0.91219,0.91224,407.0
2025-11-18 00:00:00+00:00,0.91222,0.91243,0.91101,0.91106,1257.0
2025-11-18 01:00:00+00:00,0.9111,0.91214,0.9109,0.91194,1820.0
2025-11-18 02:00:00+00:00,0.91196,0.9127,0.9117,0.91172,1298.0
2025-11-18 03:00:00+00:00,0.91171,0.91174,0.91032,0.91055,1711.0
2025-11-18 04:00:00+00:00,0.91048,0.91061,0.90907,0.91058,1462.0
2025-11-18 05:00:00+00:00,0.91054,0.9112,0.91,0.91062,1399.0
2025-11-18 06:00:00+00:00,0.91058,0.91094,0.9099,0.91001,1808.0
2025-11-18 07:00:00+00:00,0.91,0.91139,0.90978,0.9112,970.0
2025-11-18 08:00:00+00:00,0.91121,0.91232,0.91111,0.9116,1425.0
2025-11-18 09:00:00+00:00,0.91156,0.91221,0.91135,0.91174,1190.0
2025-11-18 10:00:00+00:00,0.91174,0.91231,0.91135,0.91226,936.0
2025-11-18 11:00:00+00:00,0.91222,0.91258,0.91196,0.9124,1053.0
2025-11-18 12:00:00+00:00,0.91238,0.91246,0.91178,0.91196,1375.0
2025-11-18 13:00:00+00:00,0.91196,0.91232,0.91148,0.91153,1750.0
2025-11-18 14:00:00+00:00,0.91151,0.91212,0.91043,0.91068,1953.0
2025-11-18 15:00:00+00:00,0.91062,0.9108,0.90906,0.90907,2977.0
2025-11-18 16:00:00+00:00,0.90906,0.91128,0.90878,0.91028,2055.0
2025-11-18 17:00:00+00:00,0.91029,0.9106,0.90907,0.90992,1053.0
2025-11-18 18:00:00+00:00,0.90997,0.91079,0.9098,0.91054,1634.0
2025-11-18 19:00:00+00:00,0.91055,0.9114,0.91049,0.91099,1530.0
2025-11-18 20:00:00+00:00,0.91098,0.91116,0.91009,0.9101,988.0
2025-11-18 21:00:00+00:00,0.91008,0.91054,0.90994,0.91025,398.0
2025-11-18 22:00:00+00:00,0.90998,0.9105,0.9096,0.91038,508.0
2025-11-18 23:00:00+00:00,0.91042,0.91078,0.91015,0.9102,364.0
2025-11-19 00:00:00+00:00,0.91021,0.91029,0.90929,0.90942,1189.0
2025-11-19 01:00:00+00:00,0.90941,0.90948,0.90854,0.90874,2188.0
2025-11-19 02:00:00+00:00,0.90878,0.90933,0.90836,0.90838,1485.0
2025-11-19 03:00:00+00:00,0.90834,0.90858,0.90722,0.90738,2398.0
2025-11-19 04:00:00+00:00,0.90742,0.9078,0.9067,0.90748,2225.0
2025-11-19 05:00:00+00:00,0.90748,0.90819,0.90708,0.90818,2125.0
2025-11-19 06:00:00+00:00,0.90814,0.90888,0.90798,0.90838,1400.0
2025-11-19 07:00:00+00:00,0.90834,0.90896,0.90814,0.90858,783.0
2025-11-19 08:00:00+00:00,0.90862,0.90862,0.90718,0.9072,1468.0
2025-11-19 09:00:00+00:00,0.90714,0.90836,0.90708,0.9081,801.0
2025-11-19 10:00:00+00:00,0.90812,0.90838,0.9077,0.90812,734.0
2025-11-19 11:00:00+00:00,0.90816,0.90918,0.90786,0.90875,1042.0
2025-11-19 12:00:00+00:00,0.90876,0.90921,0.90867,0.909,856.0
2025-11-19 13:00:00+00:00,0.90896,0.9092,0.90842,0.90885,1242.0
2025-11-19 14:00:00+00:00,0.90884,0.90956,0.90812,0.90928,1673.0
2025-11-19 15:00:00+00:00,0.90932,0.90952,0.90723,0.90741,1970.0
2025-11-19 16:00:00+00:00,0.90742,0.90867,0.9071,0.90864,1756.0
2025-11-19 17:00:00+00:00,0.90864,0.90875,0.90727,0.90803,1510.0
2025-11-19 18:00:00+00:00,0.90802,0.90844,0.90789,0.90831,1564.0
2025-11-19 19:00:00+00:00,0.90828,0.90867,0.90782,0.90867,1694.0
2025-11-19 20:00:00+00:00,0.90861,0.9095,0.90856,0.90925,1084.0
2025-11-19 21:00:00+00:00,0.90928,0.91052,0.90888,0.91028,687.0
2025-11-19 22:00:00+00:00,0.90982,0.91018,0.9097,0.90983,559.0
2025-11-19 23:00:00+00:00,0.90997,0.91142,0.90996,0.91138,811.0
2025-11-20 00:00:00+00:00,0.91133,0.91147,0.91044,0.91078,600.0
2025-11-20 01:00:00+00:00,0.91082,0.9112,0.91044,0.9106,1157.0
2025-11-20 02:00:00+00:00,0.91056,0.91075,0.91008,0.91054,1478.0
2025-11-20 03:00:00+00:00,0.91053,0.91169,0.91052,0.91109,1380.0
2025-11-20 04:00:00+00:00,0.91112,0.91165,0.91104,0.9115,770.0
2025-11-20 05:00:00+00:00,0.9115,0.91186,0.91081,0.91081,750.0
2025-11-20 06:00:00+00:00,0.91078,0.9112,0.91048,0.91099,834.0
2025-11-20 07:00:00+00:00,0.91096,0.91108,0.91018,0.9102,686.0
2025-11-20 08:00:00+00:00,0.91015,0.91082,0.90981,0.91048,765.0
2025-11-20 09:00:00+00:00,0.91045,0.91074,0.91022,0.91074,624.0
2025-11-20 10:00:00+00:00,0.91079,0.91121,0.91057,0.91088,587.0
2025-11-20 11:00:00+00:00,0.91084,0.911,0.9102,0.91052,338.0
2025-11-20 12:00:00+00:00,0.91053,0.91104,0.91046,0.91094,724.0
2025-11-20 13:00:00+00:00,0.91098,0.9128,0.90982,0.91184,4380.0
2025-11-20 14:00:00+00:00,0.91185,0.9132,0.91164,0.91278,3444.0
2025-11-20 15:00:00+00:00,0.91278,0.91298,0.91038,0.91074,2241.0
2025-11-20 16:00:00+00:00,0.91075,0.91089,0.90833,0.90845,1994.0
2025-11-20 17:00:00+00:00,0.90836,0.90946,0.90782,0.90878,2871.0
2025-11-20 18:00:00+00:00,0.90878,0.91048,0.90837,0.90849,3963.0
2025-11-20 19:00:00+00:00,0.90853,0.90966,0.90832,0.90966,2032.0
2025-11-20 20:00:00+00:00,0.90966,0.90979,0.9084,0.90854,1873.0
2025-11-20 21:00:00+00:00,0.90844,0.90862,0.90763,0.90767,550.0
2025-11-20 22:00:00+00:00,0.90817,0.90904,0.90787,0.90904,974.0
2025-11-20 23:00:00+00:00,0.90897,0.90898,0.90747,0.90876,824.0
2025-11-21 00:00:00+00:00,0.90875,0.90946,0.9085,0.9093,903.0
2025-11-21 01:00:00+00:00,0.90928,0.90954,0.90892,0.90924,1041.0
2025-11-21 02:00:00+00:00,0.90926,0.90962,0.90844,0.90848,1056.0
2025-11-21 03:00:00+00:00,0.90852,0.90899,0.9084,0.90856,1347.0
2025-11-21 04:00:00+00:00,0.90854,0.90858,0.90758,0.90814,2691.0
2025-11-21 05:00:00+00:00,0.90816,0.90883,0.90814,0.90839,1563.0
2025-11-21 06:00:00+00:00,0.9084,0.9092,0.90838,0.90874,1593.0
2025-11-21 07:00:00+00:00,0.90874,0.90922,0.90758,0.90766,1095.0
2025-11-21 08:00:00+00:00,0.90768,0.90888,0.90739,0.90864,1258.0
2025-11-21 09:00:00+00:00,0.90868,0.90876,0.90702,0.90704,1324.0
2025-11-21 10:00:00+00:00,0.907,0.90702,0.90565,0.90688,1021.0
2025-11-21 11:00:00+00:00,0.90692,0.90764,0.90667,0.90692,594.0
2025-11-21 12:00:00+00:00,0.90691,0.90838,0.9062,0.90798,1989.0
2025-11-21 13:00:00+00:00,0.90798,0.90874,0.90738,0.90865,1704.0
2025-11-21 14:00:00+00:00,0.90866,0.90872,0.907,0.90764,2326.0
2025-11-21 15:00:00+00:00,0.90758,0.90884,0.9072,0.90872,3519.0
2025-11-21 16:00:00+00:00,0.90866,0.90997,0.90805,0.90996,1813.0
2025-11-21 17:00:00+00:00,0.91001,0.91035,0.90953,0.90962,1041.0
2025-11-21 18:00:00+00:00,0.90964,0.9104,0.90902,0.90971,1437.0
2025-11-21 19:00:00+00:00,0.90972,0.91032,0.90952,0.9098,1012.0
2025-11-21 20:00:00+00:00,0.90974,0.91034,0.9097,0.90992,806.0
2025-11-21 21:00:00+00:00,0.90988,0.9108,0.90986,0.91045,1681.0
2025-11-23 22:00:00+00:00,0.91098,0.91113,0.9104,0.91053,445.0
2025-11-23 23:00:00+00:00,0.91058,0.91149,0.91045,0.91077,1051.0
2025-11-24 00:00:00+00:00,0.91073,0.91088,0.90968,0.90988,892.0
2025-11-24 01:00:00+00:00,0.90992,0.91024,0.90956,0.90995,1600.0
2025-11-24 02:00:00+00:00,0.91001,0.91108,0.9097,0.91063,857.0
2025-11-24 03:00:00+00:00,0.91068,0.91106,0.91028,0.91072,832.0
2025-11-24 04:00:00+00:00,0.91066,0.91108,0.91036,0.91053,1000.0
2025-11-24 05:00:00+00:00,0.91052,0.91104,0.91038,0.9109,813.0
2025-11-24 06:00:00+00:00,0.9109,0.91134,0.91061,0.91076,1416.0
2025-11-24 07:00:00+00:00,0.91076,0.9114,0.91048,0.91123,802.0
2025-11-24 08:00:00+00:00,0.91119,0.91148,0.9105,0.91058,1112.0
2025-11-24 09:00:00+00:00,0.91052,0.91065,0.90923,0.90982,952.0
2025-11-24 10:00:00+00:00,0.90978,0.9103,0.90927,0.9101,1077.0
2025-11-24 11:00:00+00:00,0.91012,0.91042,0.90957,0.91016,613.0
2025-11-24 12:00:00+00:00,0.91011,0.91063,0.9096,0.91032,1143.0
2025-11-24 13:00:00+00:00,0.91036,0.91098,0.90981,0.91014,1020.0
2025-11-24 14:00:00+00:00,0.91012,0.91072,0.90916,0.91017,1880.0
2025-11-24 15:00:00+00:00,0.91021,0.91152,0.90984,0.91131,1993.0
2025-11-24 16:00:00+00:00,0.91136,0.91166,0.9109,0.91091,1082.0
2025-11-24 17:00:00+00:00,0.91096,0.91176,0.91081,0.91154,863.0
2025-11-24 18:00:00+00:00,0.91155,0.91206,0.91152,0.91188,928.0
2025-11-24 19:00:00+00:00,0.91187,0.91194,0.91143,0.91162,835.0
2025-11-24 20:00:00+00:00,0.91158,0.91234,0.91156,0.91228,554.0
2025-11-24 21:00:00+00:00,0.91224,0.91228,0.9116,0.91196,285.0
2025-11-24 22:00:00+00:00,0.91178,0.91216,0.91133,0.91212,358.0
2025-11-24 23:00:00+00:00,0.91216,0.91254,0.91188,0.9122,645.0
2025-11-25 00:00:00+00:00,0.91216,0.91216,0.91138,0.91166,979.0
2025-11-25 01:00:00+00:00,0.91167,0.9125,0.91162,0.91176,1562.0
2025-11-25 02:00:00+00:00,0.91177,0.91212,0.91151,0.91212,944.0
2025-11-25 03:00:00+00:00,0.91217,0.91221,0.91072,0.91092,1833.0
2025-11-25 04:00:00+00:00,0.91094,0.91153,0.91085,0.91118,1464.0
2025-11-25 05:00:00+00:00,0.91117,0.91188,0.91107,0.91162,971.0
2025-11-25 06:00:00+00:00,0.91158,0.91182,0.91068,0.9109,911.0
2025-11-25 07:00:00+00:00,0.91089,0.9114,0.91085,0.91107,862.0
2025-11-25 08:00:00+00:00,0.91106,0.91155,0.91067,0.91091,790.0
2025-11-25 09:00:00+00:00,0.91088,0.91186,0.91086,0.91158,754.0
2025-11-25 10:00:00+00:00,0.9116,0.91186,0.91094,0.91102,610.0
2025-11-25 11:00:00+00:00,0.91098,0.91104,0.91015,0.91056,607.0
2025-11-25 12:00:00+00:00,0.91061,0.91144,0.91052,0.91118,1155.0
2025-11-25 13:00:00+00:00,0.91122,0.9126,0.91114,0.91141,1872.0
2025-11-25 14:00:00+00:00,0.9114,0.91154,0.90849,0.91058,1821.0
2025-11-25 15:00:00+00:00,0.91064,0.9107,0.90907,0.90932,2255.0
2025-11-25 16:00:00+00:00,0.90933,0.91078,0.90924,0.91065,1664.0
2025-11-25 17:00:00+00:00,0.91066,0.91267,0.91066,0.9121,1799.0
2025-11-25 18:00:00+00:00,0.91209,0.9124,0.91192,0.91212,1053.0
2025-11-25 19:00:00+00:00,0.9121,0.91246,0.9117,0.91222,853.0
2025-11-25 20:00:00+00:00,0.91226,0.91242,0.91172,0.91186,972.0
2025-11-25 21:00:00+00:00,0.91184,0.91217,0.91178,0.9121,418.0
2025-11-25 22:00:00+00:00,0.91166,0.9123,0.91159,0.9123,848.0
2025-11-25 23:00:00+00:00,0.91226,0.91259,0.91209,0.91253,335.0
2025-11-26 00:00:00+00:00,0.9125,0.91497,0.91238,0.91348,2105.0
2025-11-26 01:00:00+00:00,0.91355,0.91466,0.91286,0.91422,2546.0
2025-11-26 02:00:00+00:00,0.91414,0.91461,0.914,0.91439,1005.0
2025-11-26 03:00:00+00:00,0.91436,0.91551,0.91425,0.91487,1259.0
2025-11-26 04:00:00+00:00,0.91486,0.91546,0.91482,0.91531,1450.0
2025-11-26 05:00:00+00:00,0.91532,0.91604,0.91524,0.91559,891.0
2025-11-26 06:00:00+00:00,0.91563,0.91624,0.91533,0.91541,1189.0
2025-11-26 07:00:00+00:00,0.91543,0.91594,0.91418,0.9147,1008.0
2025-11-26 08:00:00+00:00,0.91474,0.91531,0.91379,0.9147,1402.0
2025-11-26 09:00:00+00:00,0.9147,0.91572,0.91458,0.9153,771.0
2025-11-26 10:00:00+00:00,0.91531,0.91547,0.91428,0.91434,747.0
2025-11-26 11:00:00+00:00,0.91433,0.91468,0.91396,0.91453,1257.0
2025-11-26 12:00:00+00:00,0.91454,0.91502,0.9139,0.9149,1293.0
2025-11-26 13:00:00+00:00,0.91495,0.91592,0.91426,0.91494,2326.0
2025-11-26 14:00:00+00:00,0.91494,0.91576,0.91474,0.91492,1852.0
2025-11-26 15:00:00+00:00,0.91488,0.91546,0.91444,0.91498,1437.0
2025-11-26 16:00:00+00:00,0.915,0.91583,0.915,0.91548,1189.0
2025-11-26 17:00:00+00:00,0.91554,0.91563,0.9147,0.91499,648.0
2025-11-26 18:00:00+00:00,0.91498,0.91538,0.91474,0.91524,516.0
2025-11-26 19:00:00+00:00,0.91521,0.91528,0.91478,0.91521,456.0
2025-11-26 20:00:00+00:00,0.9152,0.91544,0.91496,0.9152,477.0
2025-11-26 21:00:00+00:00,0.91514,0.91549,0.91494,0.91538,191.0
2025-11-26 22:00:00+00:00,0.9155,0.91586,0.91516,0.91516,505.0
2025-11-26 23:00:00+00:00,0.91512,0.91626,0.91512,0.9157,936.0
2025-11-27 00:00:00+00:00,0.91568,0.91606,0.91552,0.91598,1609.0
2025-11-27 01:00:00+00:00,0.91598,0.91653,0.91588,0.91648,2718.0
2025-11-27 02:00:00+00:00,0.91649,0.9168,0.91596,0.91598,1575.0
2025-11-27 03:00:00+00:00,0.916,0.91665,0.9159,0.91661,2062.0
2025-11-27 04:00:00+00:00,0.91663,0.91688,0.91636,0.91686,1629.0
2025-11-27 05:00:00+00:00,0.91684,0.91733,0.91664,0.91664,1771.0
2025-11-27 06:00:00+00:00,0.91668,0.91668,0.91556,0.9159,1648.0
2025-11-27 07:00:00+00:00,0.91594,0.91662,0.91564,0.91662,880.0
2025-11-27 08:00:00+00:00,0.91664,0.91664,0.91555,0.91558,628.0
2025-11-27 09:00:00+00:00,0.91552,0.91652,0.91548,0.91632,949.0
2025-11-27 10:00:00+00:00,0.91638,0.91682,0.91593,0.9161,390.0
2025-11-27 11:00:00+00:00,0.9161,0.9168,0.91595,0.91665,423.0
2025-11-27 12:00:00+00:00,0.91662,0.91667,0.91618,0.91626,466.0
2025-11-27 13:00:00+00:00,0.9162,0.9167,0.91612,0.91652,734.0
2025-11-27 14:00:00+00:00,0.91648,0.9166,0.91611,0.91622,547.0
2025-11-27 15:00:00+00:00,0.91616,0.91669,0.9161,0.91669,450.0
2025-11-27 16:00:00+00:00,0.9167,0.9168,0.91624,0.91628,425.0
2025-11-27 17:00:00+00:00,0.91626,0.91636,0.91596,0.91626,544.0
2025-11-27 18:00:00+00:00,0.91626,0.91631,0.91596,0.9161,160.0
2025-11-27 19:00:00+00:00,0.91608,0.91616,0.91596,0.916,112.0
2025-11-27 20:00:00+00:00,0.91599,0.91622,0.91599,0.91616,521.0
2025-11-27 21:00:00+00:00,0.9162,0.91673,0.91616,0.91672,232.0
2025-11-27 22:00:00+00:00,0.91666,0.91691,0.91637,0.91676,294.0
2025-11-27 23:00:00+00:00,0.9168,0.9169,0.91613,0.9167,294.0
2025-11-28 00:00:00+00:00,0.91671,0.91719,0.91662,0.91715,1528.0
2025-11-28 01:00:00+00:00,0.91716,0.91758,0.91686,0.91704,1386.0
2025-11-28 02:00:00+00:00,0.917,0.91741,0.91646,0.91714,4594.0
2025-11-28 03:00:00+00:00,0.9171,0.9176,0.91666,0.91688,12321.0
2025-11-28 04:00:00+00:00,0.91682,0.9172,0.91659,0.91676,7655.0
2025-11-28 05:00:00+00:00,0.9168,0.91704,0.91579,0.91644,8298.0
2025-11-28 06:00:00+00:00,0.9164,0.91654,0.91598,0.91625,5908.0
2025-11-28 07:00:00+00:00,0.91628,0.91674,0.9157,0.91576,9738.0
2025-11-28 08:00:00+00:00,0.91574,0.91616,0.91529,0.9153,7658.0
2025-11-28 09:00:00+00:00,0.91534,0.91637,0.91524,0.91602,9823.0
2025-11-28 10:00:00+00:00,0.916,0.91646,0.91581,0.91645,5593.0
2025-11-28 11:00:00+00:00,0.91647,0.9167,0.91544,0.91566,10430.0
2025-11-28 12:00:00+00:00,0.91566,0.91602,0.91472,0.91482,8104.0
2025-11-28 13:00:00+00:00,0.91484,0.91534,0.91391,0.91476,7075.0
2025-11-28 14:00:00+00:00,0.91476,0.91504,0.91356,0.91385,1835.0
2025-11-28 15:00:00+00:00,0.91381,0.91438,0.91323,0.91423,1881.0
2025-11-28 16:00:00+00:00,0.9142,0.91562,0.91366,0.91544,1066.0
2025-11-28 17:00:00+00:00,0.91544,0.91568,0.91499,0.91548,632.0
2025-11-28 18:00:00+00:00,0.9155,0.91564,0.91518,0.91518,312.0
2025-11-28 19:00:00+00:00,0.91522,0.91549,0.91519,0.91524,709.0
2025-11-28 20:00:00+00:00,0.91525,0.91544,0.915,0.9152,1987.0
2025-11-28 21:00:00+00:00,0.9151,0.91552,0.91438,0.91546,6794.0
2025-11-30 22:00:00+00:00,0.91437,0.91515,0.91374,0.91432,653.0
2025-11-30 23:00:00+00:00,0.91412,0.91526,0.91401,0.91524,1135.0
2025-12-01 00:00:00+00:00,0.91526,0.91542,0.914,0.91422,2220.0
2025-12-01 01:00:00+00:00,0.91424,0.91574,0.91396,0.91544,2419.0
2025-12-01 02:00:00+00:00,0.91544,0.9155,0.91439,0.91475,2415.0
2025-12-01 03:00:00+00:00,0.91474,0.91531,0.91444,0.9153,2709.0
2025-12-01 04:00:00+00:00,0.91528,0.91556,0.91488,0.91495,2763.0
2025-12-01 05:00:00+00:00,0.91494,0.91503,0.91438,0.91491,1252.0
2025-12-01 06:00:00+00:00,0.91497,0.9152,0.91466,0.91516,1229.0
2025-12-01 07:00:00+00:00,0.9152,0.9158,0.91465,0.91562,1520.0
2025-12-01 08:00:00+00:00,0.91561,0.91612,0.91522,0.91578,1650.0
2025-12-01 09:00:00+00:00,0.9158,0.91618,0.91539,0.91598,1078.0
2025-12-01 10:00:00+00:00,0.91597,0.9163,0.91531,0.91583,639.0
2025-12-01 11:00:00+00:00,0.91582,0.91615,0.91544,0.91593,742.0
2025-12-01 12:00:00+00:00,0.91592,0.9161,0.91506,0.9161,1552.0
2025-12-01 13:00:00+00:00,0.91606,0.9165,0.9158,0.91598,2384.0
2025-12-01 14:00:00+00:00,0.91596,0.91607,0.9151,0.91606,1601.0
2025-12-01 15:00:00+00:00,0.91618,0.91626,0.91464,0.91523,2890.0
2025-12-01 16:00:00+00:00,0.91526,0.91666,0.91518,0.91618,2917.0
2025-12-01 17:00:00+00:00,0.91619,0.91646,0.9158,0.91616,1941.0
2025-12-01 18:00:00+00:00,0.9162,0.91639,0.91594,0.91618,1321.0
2025-12-01 19:00:00+00:00,0.91614,0.91622,0.91556,0.91578,1613.0
2025-12-01 20:00:00+00:00,0.91576,0.91601,0.9156,0.91601,1256.0
2025-12-01 21:00:00+00:00,0.91598,0.9161,0.9156,0.91594,252.0
2025-12-01 22:00:00+00:00,0.91603,0.91607,0.91502,0.9155,365.0
2025-12-01 23:00:00+00:00,0.91556,0.91608,0.91556,0.91592,321.0
2025-12-02 00:00:00+00:00,0.9159,0.91604,0.91554,0.91604,1232.0
2025-12-02 01:00:00+00:00,0.91604,0.9165,0.91572,0.91636,1640.0
2025-12-02 02:00:00+00:00,0.91636,0.9172,0.91619,0.91704,997.0
2025-12-02 03:00:00+00:00,0.91702,0.91719,0.9166,0.91701,1930.0
2025-12-02 04:00:00+00:00,0.917,0.91723,0.91668,0.91677,1580.0
2025-12-02 05:00:00+00:00,0.91675,0.91758,0.91668,0.91724,900.0
2025-12-02 06:00:00+00:00,0.91725,0.91751,0.91714,0.91732,1215.0
2025-12-02 07:00:00+00:00,0.91736,0.91772,0.91724,0.91754,987.0
2025-12-02 08:00:00+00:00,0.91752,0.91779,0.91702,0.91746,1465.0
2025-12-02 09:00:00+00:00,0.91742,0.91766,0.91698,0.91724,611.0
2025-12-02 10:00:00+00:00,0.91721,0.91736,0.91662,0.9168,608.0
2025-12-02 11:00:00+00:00,0.91684,0.91774,0.91682,0.91761,833.0
2025-12-02 12:00:00+00:00,0.9176,0.91789,0.9175,0.91772,989.0
2025-12-02 13:00:00+00:00,0.9177,0.9186,0.9175,0.9186,2135.0
2025-12-02 14:00:00+00:00,0.91862,0.919,0.91763,0.91776,1866.0
2025-12-02 15:00:00+00:00,0.91778,0.91848,0.91674,0.91846,1406.0
2025-12-02 16:00:00+00:00,0.9184,0.9184,0.9169,0.91692,1502.0
2025-12-02 17:00:00+00:00,0.91693,0.91755,0.91675,0.91675,1081.0
2025-12-02 18:00:00+00:00,0.91671,0.91723,0.91649,0.91671,1129.0
2025-12-02 19:00:00+00:00,0.91672,0.91725,0.9166,0.91718,880.0
2025-12-02 20:00:00+00:00,0.91721,0.91774,0.91716,0.91766,1366.0
2025-12-02 21:00:00+00:00,0.91761,0.91786,0.91701,0.91701,298.0
2025-12-02 22:00:00+00:00,0.91681,0.91756,0.91677,0.91732,581.0
2025-12-02 23:00:00+00:00,0.91738,0.91836,0.91734,0.91829,452.0
2025-12-03 00:00:00+00:00,0.91828,0.91862,0.9156,0.9173,2371.0
2025-12-03 01:00:00+00:00,0.9173,0.91827,0.91702,0.91812,2290.0
2025-12-03 02:00:00+00:00,0.91814,0.91869,0.91779,0.91842,1340.0
2025-12-03 03:00:00+00:00,0.91837,0.91911,0.91833,0.91899,1336.0
2025-12-03 04:00:00+00:00,0.91898,0.91916,0.91876,0.91915,1356.0
2025-12-03 05:00:00+00:00,0.91914,0.91988,0.91898,0.91974,1309.0
2025-12-03 06:00:00+00:00,0.9197,0.91986,0.91928,0.91942,1528.0
2025-12-03 07:00:00+00:00,0.91945,0.91972,0.91883,0.91888,1036.0
2025-12-03 08:00:00+00:00,0.91887,0.91913,0.91802,0.91893,1350.0
2025-12-03 09:00:00+00:00,0.91892,0.9192,0.91842,0.91844,509.0
2025-12-03 10:00:00+00:00,0.91848,0.91885,0.91833,0.91885,553.0
2025-12-03 11:00:00+00:00,0.91884,0.91891,0.91829,0.91888,603.0
2025-12-03 12:00:00+00:00,0.9188,0.91908,0.91821,0.91888,816.0
2025-12-03 13:00:00+00:00,0.91889,0.91971,0.91868,0.91907,1444.0
2025-12-03 14:00:00+00:00,0.91912,0.9195,0.91742,0.91916,2188.0
2025-12-03 15:00:00+00:00,0.91918,0.92043,0.91896,0.92028,2561.0
2025-12-03 16:00:00+00:00,0.92026,0.9204,0.91943,0.91954,1360.0
2025-12-03 17:00:00+00:00,0.91958,0.91997,0.91927,0.91974,1411.0
2025-12-03 18:00:00+00:00,0.91978,0.92044,0.91973,0.92041,1277.0
2025-12-03 19:00:00+00:00,0.92037,0.92064,0.92026,0.92064,1170.0
2025-12-03 20:00:00+00:00,0.92066,0.92098,0.92058,0.92094,678.0
2025-12-03 21:00:00+00:00,0.92097,0.92112,0.92071,0.92071,224.0
2025-12-03 22:00:00+00:00,0.9204,0.92075,0.92036,0.92073,450.0
2025-12-03 23:00:00+00:00,0.9208,0.9214,0.9205,0.92138,685.0
2025-12-04 00:00:00+00:00,0.92139,0.9223,0.92138,0.92228,2245.0
2025-12-04 01:00:00+00:00,0.92235,0.92246,0.92169,0.92224,3540.0
2025-12-04 02:00:00+00:00,0.92223,0.9228,0.92204,0.92246,3353.0
2025-12-04 03:00:00+00:00,0.92245,0.92289,0.92206,0.92269,3118.0
2025-12-04 04:00:00+00:00,0.92268,0.92326,0.92268,0.92311,2225.0
2025-12-04 05:00:00+00:00,0.92312,0.92341,0.92248,0.9229,3004.0
2025-12-04 06:00:00+00:00,0.92289,0.92317,0.92244,0.92314,3153.0
2025-12-04 07:00:00+00:00,0.92314,0.92368,0.92305,0.92366,3107.0
2025-12-04 08:00:00+00:00,0.92364,0.92392,0.92302,0.92308,4556.0
2025-12-04 09:00:00+00:00,0.92312,0.92373,0.92296,0.92344,3230.0
2025-12-04 10:00:00+00:00,0.92346,0.9236,0.92304,0.92324,1485.0
2025-12-04 11:00:00+00:00,0.92326,0.92366,0.92276,0.92355,1528.0
2025-12-04 12:00:00+00:00,0.92351,0.92374,0.92294,0.92319,1672.0
2025-12-04 13:00:00+00:00,0.92321,0.92328,0.92242,0.92283,3080.0
2025-12-04 14:00:00+00:00,0.92289,0.92358,0.92209,0.92236,2841.0
2025-12-04 15:00:00+00:00,0.92241,0.9228,0.92194,0.92216,2510.0
2025-12-04 16:00:00+00:00,0.92217,0.92303,0.92204,0.92236,2348.0
2025-12-04 17:00:00+00:00,0.92236,0.92274,0.92224,0.92249,1801.0
2025-12-04 18:00:00+00:00,0.92248,0.92292,0.92243,0.9227,1601.0
2025-12-04 19:00:00+00:00,0.92266,0.92283,0.92232,0.92258,2099.0
2025-12-04 20:00:00+00:00,0.92259,0.92292,0.92236,0.9229,1465.0
2025-12-04 21:00:00+00:00,0.92292,0.92298,0.92222,0.92242,791.0
2025-12-04 22:00:00+00:00,0.92266,0.92266,0.92192,0.92208,849.0
2025-12-04 23:00:00+00:00,0.9221,0.92254,0.9221,0.92222,714.0
2025-12-05 00:00:00+00:00,0.92223,0.92251,0.92198,0.92249,1609.0
2025-12-05 01:00:00+00:00,0.9225,0.92295,0.92244,0.92266,2426.0
2025-12-05 02:00:00+00:00,0.92265,0.92315,0.92262,0.92296,1747.0
2025-12-05 03:00:00+00:00,0.92297,0.92312,0.92254,0.92304,1502.0
2025-12-05 04:00:00+00:00,0.92304,0.92362,0.92292,0.92356,1576.0
2025-12-05 05:00:00+00:00,0.92357,0.92382,0.9234,0.9237,1311.0
2025-12-05 06:00:00+00:00,0.92375,0.92423,0.92354,0.92408,1308.0
2025-12-05 07:00:00+00:00,0.9241,0.92435,0.9237,0.92394,1032.0
2025-12-05 08:00:00+00:00,0.92392,0.92516,0.92372,0.92398,1833.0
2025-12-05 09:00:00+00:00,0.92398,0.92466,0.9238,0.92456,1057.0
2025-12-05 10:00:00+00:00,0.92455,0.92538,0.9241,0.92526,746.0
2025-12-05 11:00:00+00:00,0.92528,0.92547,0.92394,0.92422,1031.0
2025-12-05 12:00:00+00:00,0.92422,0.92524,0.92422,0.92478,1601.0
2025-12-05 13:00:00+00:00,0.92474,0.92574,0.92226,0.92229,1825.0
2025-12-05 14:00:00+00:00,0.9223,0.92248,0.92165,0.92176,1836.0
2025-12-05 15:00:00+00:00,0.92176,0.92214,0.9197,0.92021,1728.0
2025-12-05 16:00:00+00:00,0.92022,0.92036,0.91878,0.91942,1277.0
2025-12-05 17:00:00+00:00,0.9194,0.91941,0.91838,0.91857,963.0
2025-12-05 18:00:00+00:00,0.9186,0.91894,0.91798,0.91848,656.0
2025-12-05 19:00:00+00:00,0.9185,0.91881,0.91801,0.91859,928.0
2025-12-05 20:00:00+00:00,0.91856,0.9189,0.91779,0.91802,443.0
2025-12-05 21:00:00+00:00,0.918,0.91846,0.9175,0.9176,598.0
2025-12-07 22:00:00+00:00,0.91784,0.91824,0.917,0.91722,946.0
2025-12-07 23:00:00+00:00,0.91722,0.91836,0.91701,0.91792,2332.0
2025-12-08 00:00:00+00:00,0.9179,0.91812,0.91752,0.91806,1358.0
2025-12-08 01:00:00+00:00,0.91806,0.91868,0.91788,0.91829,2413.0
2025-12-08 02:00:00+00:00,0.9183,0.91876,0.91814,0.91876,1902.0
2025-12-08 03:00:00+00:00,0.91874,0.91876,0.91816,0.91836,1571.0
2025-12-08 04:00:00+00:00,0.91838,0.9187,0.91828,0.91854,978.0
2025-12-08 05:00:00+00:00,0.91856,0.91856,0.91781,0.91838,1527.0
2025-12-08 06:00:00+00:00,0.91836,0.91856,0.91807,0.91828,2237.0
2025-12-08 07:00:00+00:00,0.9183,0.91838,0.91726,0.9176,1247.0
2025-12-08 08:00:00+00:00,0.91758,0.91758,0.9168,0.91747,1441.0
2025-12-08 09:00:00+00:00,0.91742,0.91754,0.91712,0.91732,937.0
2025-12-08 10:00:00+00:00,0.91732,0.91764,0.91709,0.9173,834.0
2025-12-08 11:00:00+00:00,0.91734,0.9174,0.9164,0.91643,931.0
2025-12-08 12:00:00+00:00,0.91636,0.91672,0.91573,0.9166,1084.0
2025-12-08 13:00:00+00:00,0.91664,0.91702,0.91618,0.91654,1234.0
2025-12-08 14:00:00+00:00,0.91658,0.91682,0.91611,0.91633,1618.0
2025-12-08 15:00:00+00:00,0.91632,0.91634,0.91496,0.91614,2088.0
2025-12-08 16:00:00+00:00,0.91613,0.9169,0.91589,0.91681,1191.0
2025-12-08 17:00:00+00:00,0.91678,0.91748,0.9166,0.9174,1670.0
2025-12-08 18:00:00+00:00,0.91747,0.91761,0.91702,0.91749,1001.0
2025-12-08 19:00:00+00:00,0.91745,0.91752,0.91712,0.9173,1282.0
2025-12-08 20:00:00+00:00,0.91728,0.91792,0.91714,0.91791,783.0
2025-12-08 21:00:00+00:00,0.91792,0.91794,0.91766,0.9179,260.0
2025-12-08 22:00:00+00:00,0.91724,0.91771,0.91724,0.91744,713.0
2025-12-08 23:00:00+00:00,0.91736,0.91785,0.9172,0.91772,583.0
2025-12-09 00:00:00+00:00,0.91772,0.91774,0.91713,0.9172,872.0
2025-12-09 01:00:00+00:00,0.91718,0.91778,0.91683,0.91758,2157.0
2025-12-09 02:00:00+00:00,0.91759,0.91795,0.91748,0.91792,1857.0
2025-12-09 03:00:00+00:00,0.91791,0.91824,0.9154,0.91746,2990.0
2025-12-09 04:00:00+00:00,0.91746,0.92043,0.91714,0.92008,2340.0
2025-12-09 05:00:00+00:00,0.92008,0.92048,0.91962,0.92006,2122.0
2025-12-09 06:00:00+00:00,0.92003,0.9204,0.91937,0.92022,2018.0
2025-12-09 07:00:00+00:00,0.92026,0.9203,0.91934,0.91966,884.0
2025-12-09 08:00:00+00:00,0.91962,0.91989,0.9192,0.91944,686.0
2025-12-09 09:00:00+00:00,0.9194,0.92022,0.91922,0.91962,903.0
2025-12-09 10:00:00+00:00,0.9196,0.91964,0.9188,0.91898,647.0
2025-12-09 11:00:00+00:00,0.919,0.91916,0.91848,0.91891,786.0
2025-12-09 12:00:00+00:00,0.9189,0.9193,0.91864,0.9191,881.0
2025-12-09 13:00:00+00:00,0.91906,0.91925,0.91826,0.91874,1097.0
2025-12-09 14:00:00+00:00,0.91872,0.91912,0.91824,0.91912,1589.0
2025-12-09 15:00:00+00:00,0.91908,0.92036,0.91874,0.91951,2455.0
2025-12-09 16:00:00+00:00,0.91951,0.92038,0.91948,0.92016,1342.0
2025-12-09 17:00:00+00:00,0.92019,0.92042,0.9196,0.91972,1092.0
2025-12-09 18:00:00+00:00,0.91972,0.91984,0.91931,0.91959,683.0
2025-12-09 19:00:00+00:00,0.91962,0.91966,0.91928,0.91936,932.0
2025-12-09 20:00:00+00:00,0.9194,0.9196,0.91926,0.91956,649.0
2025-12-09 21:00:00+00:00,0.91957,0.91981,0.91937,0.91964,240.0
2025-12-09 22:00:00+00:00,0.91908,0.91994,0.91908,0.91978,704.0
2025-12-09 23:00:00+00:00,0.91977,0.91977,0.91922,0.9193,656.0
2025-12-10 00:00:00+00:00,0.9193,0.92041,0.9193,0.91984,1332.0
2025-12-10 01:00:00+00:00,0.91982,0.91996,0.91887,0.9189,2362.0
2025-12-10 02:00:00+00:00,0.91886,0.91956,0.91849,0.91954,2034.0
2025-12-10 03:00:00+00:00,0.91955,0.91993,0.91936,0.91957,1888.0
2025-12-10 04:00:00+00:00,0.91956,0.91998,0.91948,0.91998,1240.0
2025-12-10 05:00:00+00:00,0.92002,0.92024,0.91941,0.92016,1627.0
2025-12-10 06:00:00+00:00,0.92013,0.92066,0.92008,0.92066,2302.0
2025-12-10 07:00:00+00:00,0.92067,0.92106,0.9205,0.92092,1314.0
2025-12-10 08:00:00+00:00,0.9209,0.92151,0.92066,0.92124,1238.0
2025-12-10 09:00:00+00:00,0.9212,0.92134,0.92061,0.92123,1508.0
2025-12-10 10:00:00+00:00,0.92124,0.92137,0.92056,0.9208,1326.0
2025-12-10 11:00:00+00:00,0.92082,0.92094,0.92006,0.92044,1270.0
2025-12-10 12:00:00+00:00,0.92044,0.92054,0.91993,0.91996,1037.0
2025-12-10 13:00:00+00:00,0.91996,0.92024,0.91919,0.91952,2048.0
2025-12-10 14:00:00+00:00,0.91951,0.92028,0.91868,0.92022,1948.0
2025-12-10 15:00:00+00:00,0.9202,0.92047,0.91876,0.91922,2221.0
2025-12-10 16:00:00+00:00,0.9192,0.91938,0.91864,0.91882,1117.0
2025-12-10 17:00:00+00:00,0.91879,0.91902,0.91838,0.91878,914.0
2025-12-10 18:00:00+00:00,0.91877,0.91913,0.91861,0.91882,560.0
2025-12-10 19:00:00+00:00,0.91882,0.92093,0.91808,0.92067,9126.0
2025-12-10 20:00:00+00:00,0.92068,0.92193,0.92046,0.92142,2611.0
2025-12-10 21:00:00+00:00,0.9214,0.92156,0.92067,0.92074,490.0
2025-12-10 22:00:00+00:00,0.92072,0.92084,0.92,0.92012,885.0
2025-12-10 23:00:00+00:00,0.92016,0.92056,0.91984,0.92018,1285.0
2025-12-11 00:00:00+00:00,0.92018,0.9206,0.91844,0.91922,2681.0
2025-12-11 01:00:00+00:00,0.91922,0.92034,0.91894,0.91993,4093.0
2025-12-11 02:00:00+00:00,0.91988,0.92029,0.91811,0.91833,3487.0
2025-12-11 03:00:00+00:00,0.91832,0.91854,0.91663,0.91669,3053.0
2025-12-11 04:00:00+00:00,0.91672,0.91706,0.9158,0.91696,1991.0
2025-12-11 05:00:00+00:00,0.91696,0.91712,0.91628,0.91636,2375.0
2025-12-11 06:00:00+00:00,0.91634,0.91676,0.91562,0.91668,2993.0
2025-12-11 07:00:00+00:00,0.91668,0.91848,0.91638,0.91799,3027.0
2025-12-11 08:00:00+00:00,0.91798,0.91821,0.91742,0.91751,2094.0
2025-12-11 09:00:00+00:00,0.91752,0.91836,0.91732,0.9183,1169.0
2025-12-11 10:00:00+00:00,0.91833,0.91858,0.91802,0.91854,981.0
2025-12-11 11:00:00+00:00,0.9185,0.9188,0.9181,0.91839,770.0
2025-12-11 12:00:00+00:00,0.91836,0.91909,0.91804,0.91835,1756.0
2025-12-11 13:00:00+00:00,0.91836,0.91876,0.91802,0.91867,1799.0
2025-12-11 14:00:00+00:00,0.91872,0.91892,0.9171,0.91721,2695.0
2025-12-11 15:00:00+00:00,0.91716,0.918,0.9169,0.91798,3075.0
2025-12-11 16:00:00+00:00,0.91795,0.91858,0.91746,0.9183,1780.0
2025-12-11 17:00:00+00:00,0.91825,0.9189,0.91821,0.91847,1813.0
2025-12-11 18:00:00+00:00,0.91843,0.91872,0.91835,0.91836,1584.0
2025-12-11 19:00:00+00:00,0.91837,0.91872,0.91816,0.91838,1617.0
2025-12-11 20:00:00+00:00,0.91832,0.91832,0.91738,0.91746,1384.0
2025-12-11 21:00:00+00:00,0.91746,0.91816,0.91739,0.91757,438.0
2025-12-11 22:00:00+00:00,0.91793,0.91838,0.91734,0.91792,979.0
2025-12-11 23:00:00+00:00,0.91796,0.91811,0.91754,0.91776,565.0
2025-12-12 00:00:00+00:00,0.91772,0.91869,0.91762,0.9185,932.0
2025-12-12 01:00:00+00:00,0.91848,0.9189,0.91803,0.91823,1790.0
2025-12-12 02:00:00+00:00,0.91822,0.91844,0.9179,0.91808,1453.0
2025-12-12 03:00:00+00:00,0.91807,0.9183,0.9179,0.91804,900.0
2025-12-12 04:00:00+00:00,0.918,0.91822,0.91744,0.91752,673.0
2025-12-12 05:00:00+00:00,0.9175,0.91828,0.9175,0.91824,1004.0
2025-12-12 06:00:00+00:00,0.91827,0.91854,0.91779,0.91804,1408.0
2025-12-12 07:00:00+00:00,0.91803,0.91815,0.91742,0.91798,1110.0
2025-12-12 08:00:00+00:00,0.91794,0.91848,0.91768,0.91828,1202.0
2025-12-12 09:00:00+00:00,0.91823,0.91832,0.91758,0.91773,738.0
2025-12-12 10:00:00+00:00,0.91772,0.91772,0.91672,0.91742,683.0
2025-12-12 11:00:00+00:00,0.91742,0.91748,0.91678,0.91706,1139.0
2025-12-12 12:00:00+00:00,0.917,0.91746,0.91686,0.91704,1134.0
2025-12-12 13:00:00+00:00,0.91699,0.91745,0.91666,0.91694,1166.0
2025-12-12 14:00:00+00:00,0.91694,0.91772,0.91664,0.91698,1347.0
2025-12-12 15:00:00+00:00,0.91697,0.917,0.91514,0.91549,2417.0
2025-12-12 16:00:00+00:00,0.91545,0.9159,0.91482,0.91518,2309.0
2025-12-12 17:00:00+00:00,0.91515,0.91614,0.9151,0.91583,1551.0
2025-12-12 18:00:00+00:00,0.91578,0.91638,0.91576,0.91606,992.0
2025-12-12 19:00:00+00:00,0.91606,0.9161,0.91548,0.91576,827.0
2025-12-12 20:00:00+00:00,0.91571,0.91606,0.91537,0.91562,687.0
2025-12-12 21:00:00+00:00,0.9156,0.91627,0.91551,0.91621,769.0
2025-12-14 22:00:00+00:00,0.91488,0.91603,0.91408,0.91492,2998.0
2025-12-14 23:00:00+00:00,0.91488,0.91587,0.91473,0.91518,809.0
2025-12-15 00:00:00+00:00,0.91522,0.9153,0.91478,0.91494,1353.0
2025-12-15 01:00:00+00:00,0.91492,0.91569,0.91478,0.91555,3034.0
2025-12-15 02:00:00+00:00,0.91549,0.91573,0.9145,0.91478,2977.0
2025-12-15 03:00:00+00:00,0.91478,0.91533,0.91466,0.91473,2287.0
2025-12-15 04:00:00+00:00,0.91474,0.91482,0.91431,0.9147,1771.0
2025-12-15 05:00:00+00:00,0.91468,0.91496,0.91456,0.9147,1663.0
2025-12-15 06:00:00+00:00,0.91468,0.91512,0.91439,0.91506,2353.0
2025-12-15 07:00:00+00:00,0.91504,0.91522,0.91448,0.91479,1061.0
2025-12-15 08:00:00+00:00,0.9148,0.91542,0.91459,0.91497,1364.0
2025-12-15 09:00:00+00:00,0.91494,0.91538,0.91468,0.91516,1257.0
2025-12-15 10:00:00+00:00,0.9151,0.91546,0.91496,0.91546,341.0
2025-12-15 11:00:00+00:00,0.91542,0.91566,0.91524,0.91542,488.0
2025-12-15 12:00:00+00:00,0.91539,0.91568,0.9149,0.91498,1026.0
2025-12-15 13:00:00+00:00,0.91501,0.916,0.91486,0.91559,1512.0
2025-12-15 14:00:00+00:00,0.91562,0.91618,0.91455,0.91455,1575.0
2025-12-15 15:00:00+00:00,0.9146,0.91542,0.91442,0.91529,1939.0
2025-12-15 16:00:00+00:00,0.91532,0.9155,0.91418,0.91432,965.0
2025-12-15 17:00:00+00:00,0.91428,0.91447,0.91394,0.91432,883.0
2025-12-15 18:00:00+00:00,0.91426,0.91476,0.91409,0.91456,668.0
2025-12-15 19:00:00+00:00,0.91456,0.91486,0.91425,0.91478,658.0
2025-12-15 20:00:00+00:00,0.91474,0.91474,0.91418,0.91419,631.0
2025-12-15 21:00:00+00:00,0.91415,0.91439,0.91409,0.91421,309.0
2025-12-15 22:00:00+00:00,0.91449,0.91464,0.91389,0.9143,530.0
2025-12-15 23:00:00+00:00,0.91428,0.91534,0.91424,0.91446,567.0
2025-12-16 00:00:00+00:00,0.9145,0.91455,0.91338,0.91356,1277.0
2025-12-16 01:00:00+00:00,0.91356,0.91376,0.91196,0.9124,2360.0
2025-12-16 02:00:00+00:00,0.91235,0.91368,0.91214,0.91294,1713.0
2025-12-16 03:00:00+00:00,0.91296,0.91392,0.91296,0.9136,1530.0
2025-12-16 04:00:00+00:00,0.91364,0.91416,0.91351,0.91368,1369.0
2025-12-16 05:00:00+00:00,0.91368,0.9141,0.91318,0.91326,720.0
2025-12-16 06:00:00+00:00,0.91324,0.91411,0.91291,0.91398,966.0
2025-12-16 07:00:00+00:00,0.91396,0.91453,0.9139,0.914,532.0
2025-12-16 08:00:00+00:00,0.91405,0.91472,0.91402,0.91465,694.0
2025-12-16 09:00:00+00:00,0.91464,0.91466,0.91369,0.91389,591.0
2025-12-16 10:00:00+00:00,0.9139,0.91441,0.91376,0.91418,937.0
2025-12-16 11:00:00+00:00,0.91418,0.91442,0.91396,0.91422,409.0
2025-12-16 12:00:00+00:00,0.91422,0.91422,0.9129,0.91338,1099.0
2025-12-16 13:00:00+00:00,0.91335,0.91516,0.9127,0.91402,2383.0
2025-12-16 14:00:00+00:00,0.91398,0.91449,0.91332,0.9142,2136.0
2025-12-16 15:00:00+00:00,0.91424,0.91432,0.912,0.91274,2001.0
2025-12-16 16:00:00+00:00,0.91278,0.91284,0.9119,0.91245,1900.0
2025-12-16 17:00:00+00:00,0.91242,0.9126,0.91179,0.91193,1305.0
2025-12-16 18:00:00+00:00,0.91196,0.91232,0.91138,0.91194,1497.0
2025-12-16 19:00:00+00:00,0.91188,0.91238,0.91107,0.91227,959.0
2025-12-16 20:00:00+00:00,0.91226,0.91262,0.91208,0.91238,636.0
2025-12-16 21:00:00+00:00,0.9124,0.91248,0.9119,0.91216,383.0
2025-12-16 22:00:00+00:00,0.91229,0.91256,0.91197,0.9124,720.0
2025-12-16 23:00:00+00:00,0.91252,0.9126,0.91188,0.91232,748.0
2025-12-17 00:00:00+00:00,0.91233,0.91233,0.911,0.91142,1058.0
2025-12-17 01:00:00+00:00,0.91145,0.91268,0.91145,0.91266,2106.0
2025-12-17 02:00:00+00:00,0.91264,0.91266,0.91156,0.91218,3053.0
2025-12-17 03:00:00+00:00,0.91216,0.91239,0.91175,0.9122,1695.0
2025-12-17 04:00:00+00:00,0.91221,0.91242,0.91128,0.91138,1616.0
2025-12-17 05:00:00+00:00,0.91137,0.91178,0.91114,0.91177,1305.0
2025-12-17 06:00:00+00:00,0.91178,0.91211,0.91142,0.91158,1863.0
2025-12-17 07:00:00+00:00,0.91158,0.912,0.91124,0.9118,2154.0
2025-12-17 08:00:00+00:00,0.91182,0.91226,0.91145,0.91202,783.0
2025-12-17 09:00:00+00:00,0.91198,0.91228,0.91124,0.91124,1067.0
2025-12-17 10:00:00+00:00,0.91121,0.91244,0.91102,0.91228,1312.0
2025-12-17 11:00:00+00:00,0.91232,0.91262,0.91208,0.91248,718.0
2025-12-17 12:00:00+00:00,0.91247,0.9131,0.91232,0.91308,635.0
2025-12-17 13:00:00+00:00,0.91307,0.91314,0.91186,0.91249,1081.0
2025-12-17 14:00:00+00:00,0.91248,0.91276,0.91144,0.91248,1543.0
2025-12-17 15:00:00+00:00,0.91243,0.91256,0.91052,0.911,1900.0
2025-12-17 16:00:00+00:00,0.91101,0.91157,0.91066,0.91137,2463.0
2025-12-17 17:00:00+00:00,0.91138,0.91141,0.91038,0.91066,2052.0
2025-12-17 18:00:00+00:00,0.91066,0.91118,0.91008,0.91016,1102.0
2025-12-17 19:00:00+00:00,0.91016,0.91076,0.91015,0.9107,851.0
2025-12-17 20:00:00+00:00,0.91071,0.9108,0.91002,0.9102,576.0
2025-12-17 21:00:00+00:00,0.91018,0.9108,0.91018,0.91052,522.0
2025-12-17 22:00:00+00:00,0.91077,0.91161,0.9102,0.9107,818.0
2025-12-17 23:00:00+00:00,0.91068,0.91068,0.90966,0.9097,976.0
2025-12-18 00:00:00+00:00,0.90972,0.91008,0.90937,0.90994,1468.0
2025-12-18 01:00:00+00:00,0.9099,0.91001,0.9088,0.90969,2945.0
2025-12-18 02:00:00+00:00,0.90977,0.90992,0.90925,0.90957,2752.0
2025-12-18 03:00:00+00:00,0.90956,0.90978,0.90879,0.90892,2251.0
2025-12-18 04:00:00+00:00,0.90892,0.90958,0.9088,0.90958,1813.0
2025-12-18 05:00:00+00:00,0.90957,0.91002,0.90936,0.90984,1697.0
2025-12-18 06:00:00+00:00,0.90986,0.91008,0.90964,0.90989,2469.0
2025-12-18 07:00:00+00:00,0.9099,0.91046,0.90976,0.91002,2229.0
2025-12-18 08:00:00+00:00,0.91,0.91044,0.90983,0.90998,1766.0
2025-12-18 09:00:00+00:00,0.90996,0.91056,0.90994,0.9102,2496.0
2025-12-18 10:00:00+00:00,0.91016,0.91042,0.90982,0.91032,1718.0
2025-12-18 11:00:00+00:00,0.91033,0.9109,0.91033,0.91069,1062.0
2025-12-18 12:00:00+00:00,0.91068,0.9112,0.91068,0.9109,3416.0
2025-12-18 13:00:00+00:00,0.91088,0.9131,0.91074,0.91226,5597.0
2025-12-18 14:00:00+00:00,0.91222,0.91294,0.91158,0.91234,6283.0
2025-12-18 15:00:00+00:00,0.91235,0.91255,0.91049,0.91066,4320.0
2025-12-18 16:00:00+00:00,0.91068,0.91143,0.91058,0.9107,5097.0
2025-12-18 17:00:00+00:00,0.9107,0.91097,0.90986,0.91072,4634.0
2025-12-18 18:00:00+00:00,0.91074,0.91138,0.91049,0.91123,3297.0
2025-12-18 19:00:00+00:00,0.91122,0.9118,0.911,0.91138,2273.0
2025-12-18 20:00:00+00:00,0.9114,0.9114,0.91083,0.91085,3325.0
2025-12-18 21:00:00+00:00,0.91086,0.9112,0.91076,0.91104,758.0
2025-12-18 22:00:00+00:00,0.91065,0.91117,0.91062,0.91096,391.0
2025-12-18 23:00:00+00:00,0.91092,0.91126,0.91073,0.91116,735.0
2025-12-19 00:00:00+00:00,0.91116,0.91216,0.91092,0.91178,983.0
2025-12-19 01:00:00+00:00,0.91178,0.91188,0.91101,0.91105,1525.0
2025-12-19 02:00:00+00:00,0.91102,0.91136,0.9107,0.91118,1520.0
2025-12-19 03:00:00+00:00,0.91118,0.91142,0.9109,0.9111,1204.0
2025-12-19 04:00:00+00:00,0.91112,0.91127,0.91086,0.91112,1745.0
2025-12-19 05:00:00+00:00,0.91112,0.91118,0.91058,0.9106,1303.0
2025-12-19 06:00:00+00:00,0.91056,0.91144,0.91052,0.91086,2323.0
2025-12-19 07:00:00+00:00,0.91084,0.91101,0.91038,0.91085,1141.0
2025-12-19 08:00:00+00:00,0.91084,0.91125,0.91064,0.91088,818.0
2025-12-19 09:00:00+00:00,0.91088,0.91181,0.91082,0.91154,734.0
2025-12-19 10:00:00+00:00,0.91156,0.91174,0.91128,0.9115,793.0
2025-12-19 11:00:00+00:00,0.91149,0.91152,0.91119,0.91132,717.0
2025-12-19 12:00:00+00:00,0.9113,0.91139,0.91072,0.91074,1047.0
2025-12-19 13:00:00+00:00,0.91078,0.91116,0.91033,0.91106,1342.0
2025-12-19 14:00:00+00:00,0.91106,0.91152,0.91062,0.91114,2049.0
2025-12-19 15:00:00+00:00,0.91106,0.91201,0.91076,0.91086,1781.0
2025-12-19 16:00:00+00:00,0.91086,0.91179,0.91081,0.9116,647.0
2025-12-19 17:00:00+00:00,0.91161,0.91182,0.91117,0.91147,495.0
2025-12-19 18:00:00+00:00,0.91144,0.91192,0.91144,0.91168,437.0
2025-12-19 19:00:00+00:00,0.91164,0.91254,0.91164,0.9125,369.0
2025-12-19 20:00:00+00:00,0.91248,0.91274,0.91206,0.91217,374.0
2025-12-19 21:00:00+00:00,0.91212,0.91261,0.91171,0.9124,792.0
2025-12-21 22:00:00+00:00,0.91247,0.91332,0.91162,0.91172,912.0
2025-12-21 23:00:00+00:00,0.91162,0.91238,0.91144,0.91192,1680.0
2025-12-22 00:00:00+00:00,0.91192,0.91284,0.91173,0.91284,2386.0
2025-12-22 01:00:00+00:00,0.91288,0.91362,0.91281,0.91356,1889.0
2025-12-22 02:00:00+00:00,0.91359,0.91386,0.91338,0.91357,449.0
2025-12-22 03:00:00+00:00,0.91359,0.91401,0.91352,0.91355,1358.0
2025-12-22 04:00:00+00:00,0.91354,0.91419,0.91351,0.91416,761.0
2025-12-22 05:00:00+00:00,0.91416,0.91432,0.91366,0.91378,912.0
2025-12-22 06:00:00+00:00,0.91378,0.91442,0.91378,0.9143,1299.0
2025-12-22 07:00:00+00:00,0.91432,0.91519,0.91413,0.91498,642.0
2025-12-22 08:00:00+00:00,0.91495,0.91502,0.91458,0.91475,751.0
2025-12-22 09:00:00+00:00,0.91477,0.91483,0.91407,0.9143,1298.0
2025-12-22 10:00:00+00:00,0.9143,0.91472,0.91406,0.91424,1432.0
2025-12-22 11:00:00+00:00,0.91426,0.91454,0.91406,0.91454,1062.0
2025-12-22 12:00:00+00:00,0.91451,0.91513,0.91432,0.91503,1046.0
2025-12-22 13:00:00+00:00,0.91498,0.9153,0.91417,0.91418,672.0
2025-12-22 14:00:00+00:00,0.91422,0.91506,0.91408,0.91421,1315.0
2025-12-22 15:00:00+00:00,0.91422,0.91487,0.91408,0.91482,1070.0
2025-12-22 16:00:00+00:00,0.91483,0.9149,0.91433,0.91488,636.0
2025-12-22 17:00:00+00:00,0.9149,0.91508,0.91447,0.91448,722.0
2025-12-22 18:00:00+00:00,0.91444,0.9145,0.91403,0.91442,596.0
2025-12-22 19:00:00+00:00,0.91438,0.91481,0.9143,0.91473,450.0
2025-12-22 20:00:00+00:00,0.91473,0.91533,0.91466,0.91526,444.0
2025-12-22 21:00:00+00:00,0.91528,0.91542,0.91488,0.91524,382.0
2025-12-22 22:00:00+00:00,0.9152,0.91574,0.91504,0.91568,721.0
2025-12-22 23:00:00+00:00,0.91566,0.91587,0.91504,0.91516,1004.0
2025-12-23 00:00:00+00:00,0.91515,0.91594,0.91488,0.91517,1257.0
2025-12-23 01:00:00+00:00,0.91516,0.91577,0.91462,0.91538,2056.0
2025-12-23 02:00:00+00:00,0.91536,0.91594,0.91533,0.91584,1629.0
2025-12-23 03:00:00+00:00,0.91585,0.91593,0.9153,0.91574,1822.0
2025-12-23 04:00:00+00:00,0.91575,0.91602,0.9155,0.91584,1463.0
2025-12-23 05:00:00+00:00,0.91584,0.91591,0.91534,0.91562,1456.0
2025-12-23 06:00:00+00:00,0.91562,0.91614,0.91553,0.9159,1214.0
2025-12-23 07:00:00+00:00,0.91594,0.91702,0.91586,0.91665,2197.0
2025-12-23 08:00:00+00:00,0.91664,0.91779,0.91642,0.91739,1424.0
2025-12-23 09:00:00+00:00,0.91738,0.91739,0.91684,0.91702,2632.0
2025-12-23 10:00:00+00:00,0.91704,0.91756,0.91694,0.91698,1780.0
2025-12-23 11:00:00+00:00,0.91698,0.91742,0.91678,0.91718,1062.0
2025-12-23 12:00:00+00:00,0.91714,0.91742,0.91684,0.91684,925.0
2025-12-23 13:00:00+00:00,0.9168,0.91734,0.91562,0.91568,1608.0
2025-12-23 14:00:00+00:00,0.91562,0.91656,0.91554,0.91616,4223.0
2025-12-23 15:00:00+00:00,0.91614,0.91749,0.91604,0.91722,3563.0
2025-12-23 16:00:00+00:00,0.91721,0.91788,0.917,0.91756,1488.0
2025-12-23 17:00:00+00:00,0.91754,0.91754,0.91671,0.91678,1488.0
2025-12-23 18:00:00+00:00,0.91678,0.91723,0.91666,0.9167,1005.0
2025-12-23 19:00:00+00:00,0.91672,0.91722,0.91668,0.91706,468.0
2025-12-23 20:00:00+00:00,0.91704,0.91726,0.91697,0.9171,671.0
2025-12-23 21:00:00+00:00,0.91713,0.91739,0.91698,0.91706,470.0
2025-12-23 22:00:00+00:00,0.91717,0.9174,0.91712,0.91717,364.0
2025-12-23 23:00:00+00:00,0.91716,0.91759,0.91704,0.91722,665.0
2025-12-24 00:00:00+00:00,0.91726,0.91743,0.91696,0.91718,607.0
2025-12-24 01:00:00+00:00,0.9172,0.91798,0.91675,0.91788,1084.0
2025-12-24 02:00:00+00:00,0.91789,0.91804,0.91742,0.91756,900.0
2025-12-24 03:00:00+00:00,0.91753,0.91764,0.91704,0.91712,1071.0
2025-12-24 04:00:00+00:00,0.91714,0.91801,0.917,0.91788,904.0
2025-12-24 05:00:00+00:00,0.91784,0.91818,0.91776,0.91817,347.0
2025-12-24 06:00:00+00:00,0.91813,0.9187,0.91796,0.91859,757.0
2025-12-24 07:00:00+00:00,0.91858,0.91871,0.9182,0.91835,781.0
2025-12-24 08:00:00+00:00,0.9184,0.91866,0.91766,0.91817,507.0
2025-12-24 09:00:00+00:00,0.91812,0.91812,0.91738,0.91788,349.0
2025-12-24 10:00:00+00:00,0.91788,0.91802,0.91743,0.91776,581.0
2025-12-24 11:00:00+00:00,0.91776,0.91796,0.91724,0.91724,262.0
2025-12-24 12:00:00+00:00,0.91719,0.91776,0.91666,0.91704,890.0
2025-12-24 13:00:00+00:00,0.91702,0.91752,0.91685,0.917,771.0
2025-12-24 14:00:00+00:00,0.91701,0.9171,0.91665,0.9169,1368.0
2025-12-24 15:00:00+00:00,0.91687,0.91764,0.91672,0.91736,1275.0
2025-12-24 16:00:00+00:00,0.91736,0.91766,0.91682,0.91702,368.0
2025-12-24 17:00:00+00:00,0.91706,0.91762,0.9168,0.91686,315.0
2025-12-24 18:00:00+00:00,0.91685,0.9171,0.91628,0.91652,582.0
2025-12-24 19:00:00+00:00,0.91654,0.91708,0.91648,0.91708,935.0
2025-12-24 20:00:00+00:00,0.91708,0.91712,0.91676,0.91681,771.0
2025-12-24 21:00:00+00:00,0.91682,0.91726,0.91674,0.9172,1404.0
2025-12-25 22:00:00+00:00,0.91681,0.9174,0.91636,0.91674,1338.0
2025-12-25 23:00:00+00:00,0.91671,0.91713,0.91634,0.91684,1876.0
2025-12-26 00:00:00+00:00,0.91684,0.9178,0.91682,0.91728,1695.0
2025-12-26 01:00:00+00:00,0.91729,0.91796,0.91722,0.91762,1992.0
2025-12-26 02:00:00+00:00,0.91762,0.91838,0.91758,0.91834,1375.0
2025-12-26 03:00:00+00:00,0.91833,0.91844,0.91732,0.91742,1295.0
2025-12-26 04:00:00+00:00,0.91742,0.91792,0.91739,0.91746,700.0
2025-12-26 05:00:00+00:00,0.91746,0.91782,0.91712,0.91754,343.0
2025-12-26 06:00:00+00:00,0.9176,0.91766,0.91682,0.91698,490.0
2025-12-26 07:00:00+00:00,0.91702,0.91702,0.91608,0.91662,478.0
2025-12-26 08:00:00+00:00,0.91656,0.91664,0.91612,0.91656,458.0
2025-12-26 09:00:00+00:00,0.91658,0.91668,0.91614,0.91638,364.0
2025-12-26 10:00:00+00:00,0.91638,0.91716,0.91626,0.91704,215.0
2025-12-26 11:00:00+00:00,0.91708,0.91732,0.917,0.91718,119.0
2025-12-26 12:00:00+00:00,0.91714,0.91768,0.91686,0.91764,205.0
2025-12-26 13:00:00+00:00,0.9177,0.91772,0.91668,0.91706,344.0
2025-12-26 14:00:00+00:00,0.9171,0.91737,0.91692,0.91712,534.0
2025-12-26 15:00:00+00:00,0.91708,0.91758,0.91674,0.91712,1358.0
2025-12-26 16:00:00+00:00,0.91712,0.91714,0.91648,0.91662,1208.0
2025-12-26 17:00:00+00:00,0.91661,0.91712,0.91646,0.91698,877.0
2025-12-26 18:00:00+00:00,0.917,0.9176,0.91696,0.91734,474.0
2025-12-26 19:00:00+00:00,0.91734,0.91754,0.9172,0.91746,322.0
2025-12-26 20:00:00+00:00,0.91755,0.91788,0.91736,0.91776,389.0
2025-12-26 21:00:00+00:00,0.9178,0.9182,0.91748,0.91812,860.0
2025-12-28 22:00:00+00:00,0.91603,0.91764,0.91569,0.91748,1147.0
2025-12-28 23:00:00+00:00,0.9175,0.9178,0.91694,0.9178,1190.0
2025-12-29 00:00:00+00:00,0.91778,0.91841,0.91768,0.91786,1905.0
2025-12-29 01:00:00+00:00,0.91788,0.91841,0.91782,0.91794,2737.0
2025-12-29 02:00:00+00:00,0.91794,0.91868,0.91765,0.91847,1868.0
2025-12-29 03:00:00+00:00,0.91848,0.91889,0.91804,0.91862,1551.0
2025-12-29 04:00:00+00:00,0.91864,0.919,0.91852,0.9186,1013.0
2025-12-29 05:00:00+00:00,0.91861,0.9191,0.91815,0.91819,1561.0
2025-12-29 06:00:00+00:00,0.9182,0.91862,0.91764,0.91854,2626.0
2025-12-29 07:00:00+00:00,0.91854,0.91942,0.91842,0.91866,1443.0
2025-12-29 08:00:00+00:00,0.91862,0.9187,0.91728,0.91729,778.0
2025-12-29 09:00:00+00:00,0.9173,0.91738,0.91606,0.91696,1021.0
2025-12-29 10:00:00+00:00,0.91696,0.91752,0.91684,0.91718,678.0
2025-12-29 11:00:00+00:00,0.91716,0.91748,0.91665,0.91684,660.0
2025-12-29 12:00:00+00:00,0.91686,0.91688,0.91552,0.91612,482.0
2025-12-29 13:00:00+00:00,0.9161,0.91618,0.91548,0.91613,972.0
2025-12-29 14:00:00+00:00,0.91616,0.91648,0.91525,0.91554,1159.0
2025-12-29 15:00:00+00:00,0.91553,0.91624,0.91509,0.91525,1185.0
2025-12-29 16:00:00+00:00,0.91524,0.91565,0.91478,0.91528,1006.0
2025-12-29 17:00:00+00:00,0.91526,0.91582,0.9152,0.91568,727.0
2025-12-29 18:00:00+00:00,0.91568,0.91632,0.91562,0.91562,735.0
2025-12-29 19:00:00+00:00,0.91556,0.9164,0.91541,0.91625,526.0
2025-12-29 20:00:00+00:00,0.9162,0.91656,0.91608,0.9165,541.0
2025-12-29 21:00:00+00:00,0.91653,0.91664,0.91604,0.91628,336.0
2025-12-29 22:00:00+00:00,0.91638,0.91638,0.91586,0.91625,822.0
2025-12-29 23:00:00+00:00,0.91631,0.91652,0.91606,0.91628,393.0
2025-12-30 00:00:00+00:00,0.91634,0.9168,0.91618,0.91663,211.0
2025-12-30 01:00:00+00:00,0.91667,0.91733,0.91607,0.91729,343.0
2025-12-30 02:00:00+00:00,0.91735,0.91764,0.91674,0.91752,304.0
2025-12-30 03:00:00+00:00,0.91756,0.91799,0.91739,0.91777,228.0
2025-12-30 04:00:00+00:00,0.91776,0.91833,0.91776,0.91824,152.0
2025-12-30 05:00:00+00:00,0.91819,0.9188,0.91808,0.91874,295.0
2025-12-30 06:00:00+00:00,0.91872,0.9191,0.9185,0.919,263.0
2025-12-30 07:00:00+00:00,0.919,0.919,0.91756,0.91757,413.0
2025-12-30 08:00:00+00:00,0.91756,0.9181,0.9174,0.91769,1442.0
2025-12-30 09:00:00+00:00,0.9177,0.91822,0.91718,0.91738,1695.0
2025-12-30 10:00:00+00:00,0.91743,0.91839,0.91742,0.91802,1717.0
2025-12-30 11:00:00+00:00,0.91803,0.91829,0.91756,0.91781,1884.0
2025-12-30 12:00:00+00:00,0.91782,0.91849,0.91772,0.91832,1268.0
2025-12-30 13:00:00+00:00,0.91832,0.91833,0.91695,0.91728,1053.0
2025-12-30 14:00:00+00:00,0.9173,0.91804,0.91706,0.91786,605.0
2025-12-30 15:00:00+00:00,0.9179,0.9179,0.91654,0.91675,679.0
2025-12-30 16:00:00+00:00,0.9167,0.91701,0.91633,0.91669,494.0
2025-12-30 17:00:00+00:00,0.91664,0.91735,0.91664,0.91728,289.0
2025-12-30 18:00:00+00:00,0.91724,0.91734,0.91687,0.91698,250.0
2025-12-30 19:00:00+00:00,0.91694,0.91706,0.91665,0.91694,344.0
2025-12-30 20:00:00+00:00,0.9169,0.91705,0.91662,0.91672,381.0
2025-12-30 21:00:00+00:00,0.91675,0.9171,0.91666,0.91704,225.0
2025-12-30 22:00:00+00:00,0.91694,0.9172,0.91682,0.91692,439.0
2025-12-30 23:00:00+00:00,0.9169,0.91726,0.9167,0.91696,358.0
2025-12-31 00:00:00+00:00,0.91698,0.91741,0.91688,0.91736,186.0
2025-12-31 01:00:00+00:00,0.91737,0.9175,0.9167,0.91674,565.0
2025-12-31 02:00:00+00:00,0.9167,0.91738,0.91646,0.91712,674.0
2025-12-31 03:00:00+00:00,0.91708,0.9174,0.91696,0.91702,330.0
2025-12-31 04:00:00+00:00,0.91697,0.91716,0.91642,0.91653,300.0
2025-12-31 05:00:00+00:00,0.91652,0.91686,0.91621,0.91654,440.0
2025-12-31 06:00:00+00:00,0.9165,0.91662,0.91608,0.9163,355.0
2025-12-31 07:00:00+00:00,0.91628,0.91658,0.91602,0.91642,315.0
2025-12-31 08:00:00+00:00,0.91642,0.91648,0.91574,0.9158,1301.0
2025-12-31 09:00:00+00:00,0.91585,0.91623,0.91546,0.91572,1478.0
2025-12-31 10:00:00+00:00,0.9157,0.91594,0.91528,0.91558,1504.0
2025-12-31 11:00:00+00:00,0.91557,0.9164,0.91551,0.91616,824.0
2025-12-31 12:00:00+00:00,0.91614,0.91626,0.91547,0.91562,1291.0
2025-12-31 13:00:00+00:00,0.91564,0.91572,0.91464,0.91537,896.0
2025-12-31 14:00:00+00:00,0.91538,0.91541,0.91396,0.91396,790.0
2025-12-31 15:00:00+00:00,0.91396,0.91484,0.91345,0.91395,1014.0
2025-12-31 16:00:00+00:00,0.914,0.91488,0.91389,0.91433,870.0
2025-12-31 17:00:00+00:00,0.91434,0.9154,0.91431,0.91526,727.0
2025-12-31 18:00:00+00:00,0.91534,0.91562,0.91519,0.91546,429.0
2025-12-31 19:00:00+00:00,0.9155,0.91573,0.91523,0.9154,459.0
2025-12-31 20:00:00+00:00,0.91542,0.91594,0.91497,0.9158,776.0
2025-12-31 21:00:00+00:00,0.9158,0.91597,0.91546,0.91588,530.0
2026-01-01 22:00:00+00:00,0.91548,0.916,0.9149,0.91496,486.0
2026-01-01 23:00:00+00:00,0.91497,0.91629,0.91497,0.9161,321.0
2026-01-02 00:00:00+00:00,0.91612,0.91688,0.91586,0.91673,221.0
2026-01-02 01:00:00+00:00,0.91678,0.91762,0.91668,0.91746,351.0
2026-01-02 02:00:00+00:00,0.9175,0.9178,0.91714,0.91778,301.0
2026-01-02 03:00:00+00:00,0.9178,0.91862,0.9178,0.91826,245.0
2026-01-02 04:00:00+00:00,0.91827,0.91895,0.91816,0.91863,227.0
2026-01-02 05:00:00+00:00,0.91852,0.9188,0.91828,0.91834,244.0
2026-01-02 06:00:00+00:00,0.91832,0.91845,0.91802,0.91811,248.0
2026-01-02 07:00:00+00:00,0.91812,0.91829,0.91689,0.91749,464.0
2026-01-02 08:00:00+00:00,0.91744,0.91936,0.91744,0.91918,1169.0
2026-01-02 09:00:00+00:00,0.91912,0.91976,0.91901,0.91913,763.0
2026-01-02 10:00:00+00:00,0.91912,0.91924,0.91854,0.919,433.0
2026-01-02 11:00:00+00:00,0.91896,0.91897,0.918,0.91838,406.0
2026-01-02 12:00:00+00:00,0.91838,0.91904,0.91838,0.91904,767.0
2026-01-02 13:00:00+00:00,0.91906,0.91946,0.91854,0.91888,905.0
2026-01-02 14:00:00+00:00,0.91892,0.91985,0.91892,0.91974,1084.0
2026-01-02 15:00:00+00:00,0.91972,0.92004,0.91763,0.9178,1540.0
2026-01-02 16:00:00+00:00,0.91776,0.91831,0.91752,0.91814,1251.0
2026-01-02 17:00:00+00:00,0.91814,0.91868,0.91799,0.9185,886.0
2026-01-02 18:00:00+00:00,0.91846,0.9186,0.91788,0.91807,438.0
2026-01-02 19:00:00+00:00,0.91802,0.91873,0.91797,0.91859,527.0
2026-01-02 20:00:00+00:00,0.91864,0.91942,0.91852,0.91936,886.0
2026-01-02 21:00:00+00:00,0.91934,0.91968,0.91886,0.91936,541.0
2026-01-04 22:00:00+00:00,0.91848,0.91944,0.91741,0.91874,2072.0
2026-01-04 23:00:00+00:00,0.91851,0.91966,0.91808,0.9188,692.0
2026-01-05 00:00:00+00:00,0.91883,0.91906,0.91792,0.91799,521.0
2026-01-05 01:00:00+00:00,0.91798,0.9193,0.91758,0.91846,737.0
2026-01-05 02:00:00+00:00,0.9185,0.91939,0.91794,0.91892,464.0
2026-01-05 03:00:00+00:00,0.91894,0.9192,0.91814,0.91845,406.0
2026-01-05 04:00:00+00:00,0.91841,0.91899,0.9181,0.91868,328.0
2026-01-05 05:00:00+00:00,0.91863,0.91917,0.91818,0.91908,322.0
2026-01-05 06:00:00+00:00,0.9191,0.91969,0.91877,0.91967,708.0
2026-01-05 07:00:00+00:00,0.91972,0.92001,0.91931,0.9199,619.0
2026-01-05 08:00:00+00:00,0.91986,0.92032,0.91901,0.9202,746.0
2026-01-05 09:00:00+00:00,0.92022,0.92066,0.9197,0.91972,1143.0
2026-01-05 10:00:00+00:00,0.91974,0.92068,0.91949,0.92028,691.0
2026-01-05 11:00:00+00:00,0.92028,0.92058,0.92,0.92017,609.0
2026-01-05 12:00:00+00:00,0.92018,0.92071,0.91984,0.9204,823.0
2026-01-05 13:00:00+00:00,0.92044,0.92136,0.91958,0.92136,1331.0
2026-01-05 14:00:00+00:00,0.92138,0.9226,0.92116,0.92222,2013.0
2026-01-05 15:00:00+00:00,0.92226,0.92289,0.92166,0.9222,2084.0
2026-01-05 16:00:00+00:00,0.9222,0.92411,0.9221,0.92407,1263.0
2026-01-05 17:00:00+00:00,0.9241,0.92432,0.92364,0.92368,1023.0
2026-01-05 18:00:00+00:00,0.92366,0.92387,0.92334,0.92386,907.0
2026-01-05 19:00:00+00:00,0.92386,0.924,0.92362,0.92391,1098.0
2026-01-05 20:00:00+00:00,0.92386,0.92445,0.92386,0.92425,799.0
2026-01-05 21:00:00+00:00,0.92421,0.9248,0.92396,0.92476,312.0
2026-01-05 22:00:00+00:00,0.92439,0.9249,0.92438,0.92478,609.0
2026-01-05 23:00:00+00:00,0.92481,0.92481,0.92436,0.9246,367.0
2026-01-06 00:00:00+00:00,0.92456,0.92472,0.92406,0.92412,939.0
2026-01-06 01:00:00+00:00,0.92413,0.92451,0.92326,0.92432,1221.0
2026-01-06 02:00:00+00:00,0.9243,0.92536,0.92424,0.92518,859.0
2026-01-06 03:00:00+00:00,0.92522,0.92541,0.92477,0.92539,1103.0
2026-01-06 04:00:00+00:00,0.92537,0.92576,0.92526,0.92561,680.0
2026-01-06 05:00:00+00:00,0.9256,0.92638,0.92556,0.9259,925.0
2026-01-06 06:00:00+00:00,0.92591,0.92705,0.92574,0.92673,1179.0
2026-01-06 07:00:00+00:00,0.92673,0.92681,0.92603,0.92636,828.0
2026-01-06 08:00:00+00:00,0.92635,0.92646,0.92505,0.92528,633.0
2026-01-06 09:00:00+00:00,0.92527,0.92569,0.92463,0.92476,655.0
2026-01-06 10:00:00+00:00,0.92482,0.92514,0.9243,0.92438,554.0
2026-01-06 11:00:00+00:00,0.92441,0.92524,0.9243,0.92506,475.0
2026-01-06 12:00:00+00:00,0.9251,0.92598,0.925,0.92565,599.0
2026-01-06 13:00:00+00:00,0.92564,0.92656,0.92548,0.92636,1054.0
2026-01-06 14:00:00+00:00,0.92631,0.92675,0.92584,0.92666,1497.0
2026-01-06 15:00:00+00:00,0.9266,0.92777,0.92622,0.92776,1643.0
2026-01-06 16:00:00+00:00,0.92776,0.92853,0.92744,0.9282,2145.0
2026-01-06 17:00:00+00:00,0.92818,0.929,0.92814,0.92884,1015.0
2026-01-06 18:00:00+00:00,0.9288,0.92949,0.9288,0.92934,894.0
2026-01-06 19:00:00+00:00,0.9293,0.92976,0.92924,0.92934,984.0
2026-01-06 20:00:00+00:00,0.92936,0.93065,0.92935,0.93058,827.0
2026-01-06 21:00:00+00:00,0.93058,0.931,0.93034,0.93084,267.0
2026-01-06 22:00:00+00:00,0.93037,0.93092,0.93024,0.93092,395.0
2026-01-06 23:00:00+00:00,0.93098,0.9312,0.93028,0.93046,501.0
2026-01-07 00:00:00+00:00,0.93048,0.9314,0.9285,0.93056,1974.0
2026-01-07 01:00:00+00:00,0.93056,0.93288,0.92982,0.93248,2007.0
2026-01-07 02:00:00+00:00,0.93247,0.9329,0.93158,0.93212,848.0
2026-01-07 03:00:00+00:00,0.93212,0.93374,0.93208,0.93354,1006.0
2026-01-07 04:00:00+00:00,0.93352,0.93454,0.93346,0.93362,1743.0
2026-01-07 05:00:00+00:00,0.93364,0.93384,0.93238,0.93271,1150.0
2026-01-07 06:00:00+00:00,0.93275,0.9333,0.93233,0.93256,1320.0
2026-01-07 07:00:00+00:00,0.93256,0.93266,0.93141,0.9318,708.0
2026-01-07 08:00:00+00:00,0.93172,0.93183,0.93083,0.93106,672.0
2026-01-07 09:00:00+00:00,0.9311,0.93119,0.93046,0.93075,819.0
2026-01-07 10:00:00+00:00,0.93072,0.931,0.93002,0.93016,679.0
2026-01-07 11:00:00+00:00,0.93016,0.93062,0.93006,0.93036,432.0
2026-01-07 12:00:00+00:00,0.93036,0.93051,0.92937,0.92962,574.0
2026-01-07 13:00:00+00:00,0.92962,0.92982,0.92896,0.92974,1144.0
2026-01-07 14:00:00+00:00,0.92974,0.93078,0.92915,0.93058,1562.0
2026-01-07 15:00:00+00:00,0.93058,0.93084,0.92866,0.9292,2042.0
2026-01-07 16:00:00+00:00,0.92918,0.93036,0.92902,0.93028,1420.0
2026-01-07 17:00:00+00:00,0.93028,0.93072,0.93012,0.93066,1667.0
2026-01-07 18:00:00+00:00,0.93065,0.93162,0.93048,0.93154,899.0
2026-01-07 19:00:00+00:00,0.93152,0.9317,0.93101,0.93147,917.0
2026-01-07 20:00:00+00:00,0.93148,0.93152,0.93114,0.93115,577.0
2026-01-07 21:00:00+00:00,0.93112,0.9316,0.93094,0.93148,350.0
2026-01-07 22:00:00+00:00,0.93157,0.93164,0.93121,0.93152,818.0
2026-01-07 23:00:00+00:00,0.93151,0.93174,0.93138,0.93145,350.0
2026-01-08 00:00:00+00:00,0.93146,0.93164,0.93096,0.93132,1179.0
2026-01-08 01:00:00+00:00,0.93132,0.9323,0.93122,0.93212,1984.0
2026-01-08 02:00:00+00:00,0.93211,0.93214,0.9304,0.93054,2156.0
2026-01-08 03:00:00+00:00,0.93058,0.93064,0.92984,0.9304,1612.0
2026-01-08 04:00:00+00:00,0.93038,0.93059,0.92965,0.92972,1548.0
2026-01-08 05:00:00+00:00,0.92973,0.92988,0.9292,0.9295,2290.0
2026-01-08 06:00:00+00:00,0.9295,0.92955,0.92846,0.92916,2499.0
2026-01-08 07:00:00+00:00,0.92918,0.92974,0.92894,0.92929,2380.0
2026-01-08 08:00:00+00:00,0.92931,0.9306,0.92908,0.92978,1567.0
2026-01-08 09:00:00+00:00,0.92974,0.93014,0.92864,0.9288,1536.0
2026-01-08 10:00:00+00:00,0.9288,0.9292,0.92846,0.92902,1833.0
2026-01-08 11:00:00+00:00,0.92904,0.9291,0.9285,0.92852,1457.0
2026-01-08 12:00:00+00:00,0.9285,0.92858,0.92813,0.92813,1261.0
2026-01-08 13:00:00+00:00,0.92817,0.92842,0.92746,0.92772,846.0
2026-01-08 14:00:00+00:00,0.92768,0.92768,0.92664,0.92721,2168.0
2026-01-08 15:00:00+00:00,0.92722,0.9284,0.9269,0.9282,2848.0
2026-01-08 16:00:00+00:00,0.9282,0.92828,0.92734,0.92788,1349.0
2026-01-08 17:00:00+00:00,0.92792,0.92851,0.92778,0.92844,1213.0
2026-01-08 18:00:00+00:00,0.92842,0.92862,0.9281,0.92811,1054.0
2026-01-08 19:00:00+00:00,0.92812,0.92836,0.92785,0.92811,1275.0
2026-01-08 20:00:00+00:00,0.9281,0.92855,0.92806,0.92828,1128.0
2026-01-08 21:00:00+00:00,0.92822,0.92886,0.92798,0.9288,612.0
2026-01-08 22:00:00+00:00,0.92888,0.92948,0.92849,0.92948,902.0
2026-01-08 23:00:00+00:00,0.92944,0.92946,0.92858,0.92872,326.0
2026-01-09 00:00:00+00:00,0.9287,0.929,0.92846,0.92864,647.0
2026-01-09 01:00:00+00:00,0.92864,0.92882,0.92762,0.92838,1436.0
2026-01-09 02:00:00+00:00,0.92844,0.9291,0.92839,0.92866,708.0
2026-01-09 03:00:00+00:00,0.92866,0.92881,0.92824,0.9285,618.0
2026-01-09 04:00:00+00:00,0.92853,0.9289,0.92834,0.92876,684.0
2026-01-09 05:00:00+00:00,0.92878,0.92912,0.92844,0.92858,1065.0
2026-01-09 06:00:00+00:00,0.92855,0.92864,0.92784,0.92785,859.0
2026-01-09 07:00:00+00:00,0.92785,0.92795,0.9266,0.92668,461.0
2026-01-09 08:00:00+00:00,0.92671,0.92716,0.92634,0.92678,577.0
2026-01-09 09:00:00+00:00,0.92674,0.92724,0.92665,0.92692,462.0
2026-01-09 10:00:00+00:00,0.92691,0.92702,0.92634,0.92655,293.0
2026-01-09 11:00:00+00:00,0.92654,0.92736,0.92652,0.92694,668.0
2026-01-09 12:00:00+00:00,0.92694,0.92708,0.92606,0.92671,634.0
2026-01-09 13:00:00+00:00,0.92676,0.92964,0.92603,0.92838,2573.0
2026-01-09 14:00:00+00:00,0.92844,0.9288,0.92696,0.9275,2785.0
2026-01-09 15:00:00+00:00,0.92742,0.92857,0.92629,0.92794,2660.0
2026-01-09 16:00:00+00:00,0.92798,0.92864,0.92766,0.92838,1160.0
2026-01-09 17:00:00+00:00,0.92835,0.92898,0.92822,0.92884,941.0
2026-01-09 18:00:00+00:00,0.92882,0.92996,0.92877,0.92972,851.0
2026-01-09 19:00:00+00:00,0.92974,0.93011,0.92966,0.93006,555.0
2026-01-09 20:00:00+00:00,0.93007,0.9307,0.93007,0.93069,937.0
2026-01-09 21:00:00+00:00,0.93064,0.93083,0.93023,0.93038,814.0
2026-01-11 22:00:00+00:00,0.92935,0.93057,0.92932,0.93052,519.0
2026-01-11 23:00:00+00:00,0.9305,0.93058,0.92992,0.93016,967.0
2026-01-12 00:00:00+00:00,0.9302,0.93124,0.92988,0.93095,1093.0
2026-01-12 01:00:00+00:00,0.93092,0.93128,0.93022,0.93063,909.0
2026-01-12 02:00:00+00:00,0.93064,0.93069,0.93016,0.93022,512.0
2026-01-12 03:00:00+00:00,0.93026,0.93076,0.93026,0.93076,905.0
2026-01-12 04:00:00+00:00,0.93076,0.93084,0.93012,0.93036,912.0
2026-01-12 05:00:00+00:00,0.93039,0.93058,0.93013,0.93045,571.0
2026-01-12 06:00:00+00:00,0.9305,0.93066,0.93019,0.93061,581.0
2026-01-12 07:00:00+00:00,0.9306,0.93094,0.93041,0.93046,720.0
2026-01-12 08:00:00+00:00,0.93042,0.93099,0.92976,0.93006,570.0
2026-01-12 09:00:00+00:00,0.9301,0.93125,0.93,0.93088,428.0
2026-01-12 10:00:00+00:00,0.9309,0.93134,0.9305,0.93132,472.0
2026-01-12 11:00:00+00:00,0.93128,0.93137,0.93068,0.9307,319.0
2026-01-12 12:00:00+00:00,0.93074,0.9312,0.93054,0.93106,524.0
2026-01-12 13:00:00+00:00,0.93112,0.93198,0.93103,0.93146,869.0
2026-01-12 14:00:00+00:00,0.93147,0.93191,0.93068,0.93148,1220.0
2026-01-12 15:00:00+00:00,0.93148,0.93232,0.93108,0.93222,1088.0
2026-01-12 16:00:00+00:00,0.9322,0.9324,0.9317,0.93184,1342.0
2026-01-12 17:00:00+00:00,0.93181,0.93202,0.93129,0.93135,817.0
2026-01-12 18:00:00+00:00,0.93132,0.93161,0.93124,0.93145,419.0
2026-01-12 19:00:00+00:00,0.93142,0.93144,0.93108,0.93128,309.0
2026-01-12 20:00:00+00:00,0.93128,0.93174,0.9311,0.93163,372.0
2026-01-12 21:00:00+00:00,0.93164,0.9319,0.931,0.93134,343.0
2026-01-12 22:00:00+00:00,0.93128,0.93175,0.93096,0.93107,471.0
2026-01-12 23:00:00+00:00,0.93117,0.93124,0.93065,0.93082,723.0
2026-01-13 00:00:00+00:00,0.93082,0.93139,0.93066,0.93137,555.0
2026-01-13 01:00:00+00:00,0.93145,0.93178,0.93116,0.9315,1147.0
2026-01-13 02:00:00+00:00,0.93146,0.93178,0.93094,0.93106,919.0
2026-01-13 03:00:00+00:00,0.9311,0.93129,0.9307,0.93083,731.0
2026-01-13 04:00:00+00:00,0.93083,0.93097,0.9305,0.93076,397.0
2026-01-13 05:00:00+00:00,0.93076,0.93076,0.93032,0.9307,889.0
2026-01-13 06:00:00+00:00,0.9307,0.93074,0.93018,0.93063,881.0
2026-01-13 07:00:00+00:00,0.93061,0.9309,0.93024,0.93041,393.0
2026-01-13 08:00:00+00:00,0.93038,0.93084,0.9301,0.93023,718.0
2026-01-13 09:00:00+00:00,0.93024,0.93052,0.9301,0.93048,769.0
2026-01-13 10:00:00+00:00,0.93046,0.9305,0.92976,0.92992,578.0
2026-01-13 11:00:00+00:00,0.92992,0.93032,0.92966,0.93025,549.0
2026-01-13 12:00:00+00:00,0.93024,0.93031,0.92984,0.92996,679.0
2026-01-13 13:00:00+00:00,0.92992,0.93226,0.92958,0.9306,4051.0
2026-01-13 14:00:00+00:00,0.93056,0.9313,0.92922,0.92958,2887.0
2026-01-13 15:00:00+00:00,0.92956,0.92967,0.92764,0.92806,2408.0
2026-01-13 16:00:00+00:00,0.92808,0.92817,0.9271,0.928,1616.0
2026-01-13 17:00:00+00:00,0.92804,0.92868,0.9279,0.9283,1359.0
2026-01-13 18:00:00+00:00,0.92829,0.92834,0.92784,0.9281,1708.0
2026-01-13 19:00:00+00:00,0.92806,0.92833,0.92772,0.92784,976.0
2026-01-13 20:00:00+00:00,0.92782,0.92784,0.92741,0.92764,914.0
2026-01-13 21:00:00+00:00,0.92768,0.92798,0.92742,0.92798,179.0
2026-01-13 22:00:00+00:00,0.92824,0.92882,0.9277,0.92879,818.0
2026-01-13 23:00:00+00:00,0.92876,0.9288,0.928,0.92803,364.0
2026-01-14 00:00:00+00:00,0.92797,0.92856,0.92797,0.92822,679.0
2026-01-14 01:00:00+00:00,0.92816,0.92862,0.92784,0.9285,1296.0
2026-01-14 02:00:00+00:00,0.92853,0.92978,0.92849,0.92958,1154.0
2026-01-14 03:00:00+00:00,0.92959,0.93022,0.9294,0.93014,1292.0
2026-01-14 04:00:00+00:00,0.93014,0.93024,0.92976,0.9299,798.0
2026-01-14 05:00:00+00:00,0.92991,0.93008,0.92961,0.92967,1228.0
2026-01-14 06:00:00+00:00,0.92968,0.93018,0.92937,0.93009,1394.0
2026-01-14 07:00:00+00:00,0.93009,0.93037,0.9296,0.92962,512.0
2026-01-14 08:00:00+00:00,0.92962,0.92988,0.92898,0.92988,794.0
2026-01-14 09:00:00+00:00,0.92989,0.93022,0.92973,0.93015,515.0
2026-01-14 10:00:00+00:00,0.93016,0.93016,0.92794,0.92835,829.0
2026-01-14 11:00:00+00:00,0.92832,0.92832,0.92738,0.92754,1408.0
2026-01-14 12:00:00+00:00,0.9275,0.92774,0.92676,0.92724,920.0
2026-01-14 13:00:00+00:00,0.9272,0.92734,0.9262,0.92696,1638.0
2026-01-14 14:00:00+00:00,0.92697,0.92777,0.92659,0.9274,2036.0
2026-01-14 15:00:00+00:00,0.92741,0.9282,0.92688,0.9276,3203.0
2026-01-14 16:00:00+00:00,0.9276,0.92784,0.92628,0.92632,1467.0
2026-01-14 17:00:00+00:00,0.92632,0.92671,0.9262,0.92622,1371.0
2026-01-14 18:00:00+00:00,0.92621,0.92686,0.9262,0.92674,1677.0
2026-01-14 19:00:00+00:00,0.92672,0.92689,0.92646,0.9267,1078.0
2026-01-14 20:00:00+00:00,0.92671,0.92808,0.9266,0.92806,1119.0
2026-01-14 21:00:00+00:00,0.92802,0.92826,0.92743,0.92786,344.0
2026-01-14 22:00:00+00:00,0.92748,0.92794,0.92713,0.92744,831.0
2026-01-14 23:00:00+00:00,0.92748,0.92807,0.92662,0.9278,1331.0
2026-01-15 00:00:00+00:00,0.92778,0.92864,0.9276,0.92828,1336.0
2026-01-15 01:00:00+00:00,0.92826,0.92832,0.92725,0.92774,2341.0
2026-01-15 02:00:00+00:00,0.92774,0.92791,0.92737,0.92744,2116.0
2026-01-15 03:00:00+00:00,0.92746,0.92755,0.92647,0.9271,1956.0
2026-01-15 04:00:00+00:00,0.92714,0.9279,0.927,0.9277,1109.0
2026-01-15 05:00:00+00:00,0.92776,0.92818,0.9275,0.92793,1942.0
2026-01-15 06:00:00+00:00,0.92792,0.92886,0.92779,0.92855,2455.0
2026-01-15 07:00:00+00:00,0.92852,0.92902,0.92851,0.92883,1592.0
2026-01-15 08:00:00+00:00,0.9288,0.93042,0.92854,0.93039,1566.0
2026-01-15 09:00:00+00:00,0.93038,0.93142,0.93036,0.93086,1355.0
2026-01-15 10:00:00+00:00,0.93085,0.9314,0.93079,0.93111,953.0
2026-01-15 11:00:00+00:00,0.93107,0.93132,0.93068,0.9308,1288.0
2026-01-15 12:00:00+00:00,0.9308,0.93088,0.92977,0.92989,1320.0
2026-01-15 13:00:00+00:00,0.92985,0.92988,0.92866,0.9288,1575.0
2026-01-15 14:00:00+00:00,0.92876,0.92998,0.92858,0.92968,2044.0
2026-01-15 15:00:00+00:00,0.92972,0.93059,0.92966,0.93058,1927.0
2026-01-15 16:00:00+00:00,0.93053,0.93188,0.93053,0.93162,1606.0
2026-01-15 17:00:00+00:00,0.93162,0.9321,0.93144,0.93163,1175.0
2026-01-15 18:00:00+00:00,0.9316,0.93204,0.93134,0.93142,1070.0
2026-01-15 19:00:00+00:00,0.93138,0.93162,0.93088,0.93095,1167.0
2026-01-15 20:00:00+00:00,0.93091,0.93095,0.93041,0.93061,1036.0
2026-01-15 21:00:00+00:00,0.93064,0.9308,0.93002,0.93076,363.0
2026-01-15 22:00:00+00:00,0.93044,0.93099,0.93032,0.93072,702.0
2026-01-15 23:00:00+00:00,0.9307,0.93101,0.93036,0.93082,450.0
2026-01-16 00:00:00+00:00,0.93083,0.93112,0.9307,0.93076,727.0
2026-01-16 01:00:00+00:00,0.9308,0.9315,0.93061,0.93065,1037.0
2026-01-16 02:00:00+00:00,0.93062,0.93094,0.93027,0.93049,905.0
2026-01-16 03:00:00+00:00,0.93052,0.93115,0.93046,0.93094,369.0
2026-01-16 04:00:00+00:00,0.93093,0.93143,0.93084,0.93131,500.0
2026-01-16 05:00:00+00:00,0.9313,0.9313,0.9308,0.93094,892.0
2026-01-16 06:00:00+00:00,0.93095,0.93107,0.93037,0.93072,1010.0
2026-01-16 07:00:00+00:00,0.93072,0.93122,0.9307,0.93098,611.0
2026-01-16 08:00:00+00:00,0.93102,0.9318,0.93102,0.93128,517.0
2026-01-16 09:00:00+00:00,0.93124,0.93149,0.93103,0.93124,506.0
2026-01-16 10:00:00+00:00,0.93125,0.93204,0.93107,0.93168,324.0
2026-01-16 11:00:00+00:00,0.93172,0.93182,0.93096,0.93102,375.0
2026-01-16 12:00:00+00:00,0.93103,0.93134,0.9304,0.93054,638.0
2026-01-16 13:00:00+00:00,0.93052,0.93067,0.92989,0.93048,1305.0
2026-01-16 14:00:00+00:00,0.93052,0.93053,0.92958,0.92974,1308.0
2026-01-16 15:00:00+00:00,0.92972,0.93016,0.9284,0.92945,2013.0
2026-01-16 16:00:00+00:00,0.92941,0.93033,0.92911,0.93013,1161.0
2026-01-16 17:00:00+00:00,0.93008,0.93064,0.92993,0.93032,1116.0
2026-01-16 18:00:00+00:00,0.93031,0.93089,0.93026,0.93052,834.0
2026-01-16 19:00:00+00:00,0.93047,0.93082,0.93011,0.93017,479.0
2026-01-16 20:00:00+00:00,0.9302,0.93038,0.93002,0.9302,355.0
2026-01-16 21:00:00+00:00,0.93024,0.93042,0.92981,0.92998,631.0
2026-01-18 22:00:00+00:00,0.92808,0.92879,0.92806,0.92818,557.0
2026-01-18 23:00:00+00:00,0.92829,0.93008,0.92797,0.92961,2307.0
2026-01-19 00:00:00+00:00,0.92958,0.93006,0.92842,0.92976,2311.0
2026-01-19 01:00:00+00:00,0.9298,0.93006,0.9285,0.92874,2187.0
2026-01-19 02:00:00+00:00,0.92871,0.92924,0.92835,0.92909,2100.0
2026-01-19 03:00:00+00:00,0.92911,0.92974,0.92896,0.92945,2231.0
2026-01-19 04:00:00+00:00,0.92944,0.92983,0.92934,0.92964,1767.0
2026-01-19 05:00:00+00:00,0.92964,0.93074,0.92941,0.93016,2298.0
2026-01-19 06:00:00+00:00,0.93019,0.93035,0.92986,0.92986,1600.0
2026-01-19 07:00:00+00:00,0.92988,0.93022,0.92939,0.9297,967.0
2026-01-19 08:00:00+00:00,0.92976,0.93039,0.92946,0.92996,988.0
2026-01-19 09:00:00+00:00,0.92998,0.9301,0.92954,0.92996,1077.0
2026-01-19 10:00:00+00:00,0.92994,0.931,0.9299,0.93046,896.0
2026-01-19 11:00:00+00:00,0.93044,0.93109,0.93038,0.931,486.0
2026-01-19 12:00:00+00:00,0.93094,0.93116,0.93074,0.93091,539.0
2026-01-19 13:00:00+00:00,0.93094,0.93124,0.93066,0.93095,524.0
2026-01-19 14:00:00+00:00,0.93095,0.93102,0.93022,0.93042,659.0
2026-01-19 15:00:00+00:00,0.9304,0.9309,0.9303,0.93046,678.0
2026-01-19 16:00:00+00:00,0.9305,0.93088,0.93038,0.93064,308.0
2026-01-19 17:00:00+00:00,0.93064,0.93132,0.93061,0.93128,159.0
2026-01-19 18:00:00+00:00,0.93124,0.93128,0.93101,0.93109,84.0
2026-01-19 19:00:00+00:00,0.93103,0.93121,0.93094,0.93112,62.0
2026-01-19 20:00:00+00:00,0.93112,0.93124,0.93103,0.93122,74.0
2026-01-19 21:00:00+00:00,0.93118,0.93142,0.93105,0.93114,279.0
2026-01-19 22:00:00+00:00,0.9308,0.93138,0.93055,0.93102,682.0
2026-01-19 23:00:00+00:00,0.93108,0.9314,0.93084,0.93086,404.0
2026-01-20 00:00:00+00:00,0.93088,0.93136,0.93066,0.93096,1463.0
2026-01-20 01:00:00+00:00,0.93098,0.93131,0.93056,0.93076,2257.0
2026-01-20 02:00:00+00:00,0.93074,0.93158,0.93058,0.93128,1908.0
2026-01-20 03:00:00+00:00,0.93128,0.93232,0.93125,0.93204,1485.0
2026-01-20 04:00:00+00:00,0.93202,0.9334,0.93198,0.93324,1099.0
2026-01-20 05:00:00+00:00,0.93324,0.93339,0.93289,0.93304,1802.0
2026-01-20 06:00:00+00:00,0.93304,0.93365,0.93251,0.93282,1578.0
2026-01-20 07:00:00+00:00,0.93282,0.93376,0.93251,0.9331,1081.0
2026-01-20 08:00:00+00:00,0.93315,0.9334,0.93146,0.93161,2515.0
2026-01-20 09:00:00+00:00,0.93166,0.93192,0.92986,0.93035,2066.0
2026-01-20 10:00:00+00:00,0.9303,0.93106,0.93004,0.93074,921.0
2026-01-20 11:00:00+00:00,0.93074,0.93109,0.9303,0.93074,861.0
2026-01-20 12:00:00+00:00,0.93073,0.93107,0.93013,0.93062,1253.0
2026-01-20 13:00:00+00:00,0.93066,0.9312,0.93028,0.93062,2704.0
2026-01-20 14:00:00+00:00,0.93062,0.93174,0.93039,0.93172,2001.0
2026-01-20 15:00:00+00:00,0.93168,0.93244,0.93092,0.93234,1948.0
2026-01-20 16:00:00+00:00,0.93233,0.93268,0.93179,0.93194,3349.0
2026-01-20 17:00:00+00:00,0.93188,0.93232,0.93179,0.93212,1577.0
2026-01-20 18:00:00+00:00,0.93209,0.9322,0.9312,0.93139,1399.0
2026-01-20 19:00:00+00:00,0.9314,0.93152,0.93102,0.93142,1173.0
2026-01-20 20:00:00+00:00,0.93138,0.9317,0.93114,0.93164,993.0
2026-01-20 21:00:00+00:00,0.9316,0.93249,0.93157,0.93219,341.0
2026-01-20 22:00:00+00:00,0.93159,0.93196,0.93138,0.93172,747.0
2026-01-20 23:00:00+00:00,0.93178,0.93196,0.93108,0.93112,706.0
2026-01-21 00:00:00+00:00,0.93112,0.93177,0.93112,0.93142,1536.0
2026-01-21 01:00:00+00:00,0.93142,0.93236,0.93114,0.93226,2862.0
2026-01-21 02:00:00+00:00,0.93228,0.9323,0.93133,0.93166,2189.0
2026-01-21 03:00:00+00:00,0.93176,0.93191,0.93129,0.93146,2307.0
2026-01-21 04:00:00+00:00,0.93144,0.93166,0.93106,0.93158,2013.0
2026-01-21 05:00:00+00:00,0.93157,0.93215,0.93144,0.93203,1540.0
2026-01-21 06:00:00+00:00,0.93206,0.93388,0.93192,0.93364,2451.0
2026-01-21 07:00:00+00:00,0.93366,0.93443,0.93312,0.934,1548.0
2026-01-21 08:00:00+00:00,0.93397,0.93476,0.93348,0.93429,1746.0
2026-01-21 09:00:00+00:00,0.93427,0.93474,0.93385,0.93388,792.0
2026-01-21 10:00:00+00:00,0.93386,0.93388,0.93313,0.93344,812.0
2026-01-21 11:00:00+00:00,0.93346,0.93372,0.93318,0.93348,698.0
2026-01-21 12:00:00+00:00,0.93353,0.9343,0.93343,0.93362,1659.0
2026-01-21 13:00:00+00:00,0.93366,0.93413,0.93348,0.93396,2335.0
2026-01-21 14:00:00+00:00,0.93392,0.93478,0.93306,0.93454,2351.0
2026-01-21 15:00:00+00:00,0.93452,0.93527,0.93412,0.93418,2228.0
2026-01-21 16:00:00+00:00,0.93416,0.93478,0.93393,0.93437,2134.0
2026-01-21 17:00:00+00:00,0.93433,0.93458,0.93368,0.93387,1699.0
2026-01-21 18:00:00+00:00,0.93384,0.93444,0.93369,0.93433,1087.0
2026-01-21 19:00:00+00:00,0.93436,0.93541,0.9341,0.93537,2230.0
2026-01-21 20:00:00+00:00,0.93533,0.9355,0.93474,0.93519,1174.0
2026-01-21 21:00:00+00:00,0.9352,0.93588,0.9352,0.9353,508.0
2026-01-21 22:00:00+00:00,0.93524,0.93544,0.93473,0.93486,1190.0
2026-01-21 23:00:00+00:00,0.93482,0.93512,0.93466,0.93492,614.0
2026-01-22 00:00:00+00:00,0.93495,0.93916,0.93492,0.9387,2984.0
2026-01-22 01:00:00+00:00,0.93868,0.93997,0.93846,0.93969,2739.0
2026-01-22 02:00:00+00:00,0.93968,0.93982,0.93905,0.9397,2314.0
2026-01-22 03:00:00+00:00,0.93972,0.94072,0.93958,0.94062,2270.0
2026-01-22 04:00:00+00:00,0.94062,0.94092,0.94028,0.94038,1754.0
2026-01-22 05:00:00+00:00,0.94038,0.94075,0.94002,0.94038,2380.0
2026-01-22 06:00:00+00:00,0.94038,0.94068,0.93958,0.94063,2418.0
2026-01-22 07:00:00+00:00,0.94064,0.94117,0.93996,0.94016,3265.0
2026-01-22 08:00:00+00:00,0.94019,0.94066,0.93988,0.93995,3552.0
2026-01-22 09:00:00+00:00,0.94,0.94072,0.9396,0.94027,3496.0
2026-01-22 10:00:00+00:00,0.94028,0.94067,0.93986,0.94025,2547.0
2026-01-22 11:00:00+00:00,0.94024,0.94053,0.94004,0.94053,3430.0
2026-01-22 12:00:00+00:00,0.94054,0.94073,0.93988,0.94024,2856.0
2026-01-22 13:00:00+00:00,0.94023,0.94094,0.93992,0.94086,3543.0
2026-01-22 14:00:00+00:00,0.94082,0.94145,0.94052,0.94085,2418.0
2026-01-22 15:00:00+00:00,0.94088,0.94202,0.94068,0.94193,2318.0
2026-01-22 16:00:00+00:00,0.94196,0.94324,0.94182,0.94291,1644.0
2026-01-22 17:00:00+00:00,0.9429,0.94322,0.94254,0.94282,1051.0
2026-01-22 18:00:00+00:00,0.94278,0.94346,0.94276,0.94316,727.0
2026-01-22 19:00:00+00:00,0.94316,0.94349,0.94308,0.9432,1102.0
2026-01-22 20:00:00+00:00,0.94318,0.94319,0.94256,0.94264,714.0
2026-01-22 21:00:00+00:00,0.94267,0.9434,0.94267,0.94304,550.0
2026-01-22 22:00:00+00:00,0.94293,0.94323,0.9429,0.94305,888.0
2026-01-22 23:00:00+00:00,0.943,0.94302,0.94248,0.94276,459.0
2026-01-23 00:00:00+00:00,0.94281,0.94362,0.94276,0.94346,1495.0
2026-01-23 01:00:00+00:00,0.94346,0.9446,0.94338,0.9437,2695.0
2026-01-23 02:00:00+00:00,0.94371,0.94412,0.94317,0.94346,1807.0
2026-01-23 03:00:00+00:00,0.9435,0.94392,0.94279,0.9439,1707.0
2026-01-23 04:00:00+00:00,0.9439,0.94452,0.9434,0.94447,1317.0
2026-01-23 05:00:00+00:00,0.94444,0.9445,0.94376,0.94432,1919.0
2026-01-23 06:00:00+00:00,0.94434,0.9451,0.94414,0.94465,2405.0
2026-01-23 07:00:00+00:00,0.94464,0.94464,0.94374,0.94384,1715.0
2026-01-23 08:00:00+00:00,0.94388,0.94414,0.94308,0.94408,1570.0
2026-01-23 09:00:00+00:00,0.9441,0.9444,0.94324,0.94331,1282.0
2026-01-23 10:00:00+00:00,0.94336,0.94355,0.94262,0.94348,1253.0
2026-01-23 11:00:00+00:00,0.94352,0.94444,0.9434,0.94409,509.0
2026-01-23 12:00:00+00:00,0.94412,0.9452,0.9436,0.94504,1122.0
2026-01-23 13:00:00+00:00,0.945,0.9452,0.9428,0.94288,1610.0
2026-01-23 14:00:00+00:00,0.9429,0.944,0.94289,0.94386,1802.0
2026-01-23 15:00:00+00:00,0.94384,0.94454,0.94364,0.94386,2396.0
2026-01-23 16:00:00+00:00,0.94388,0.94437,0.94345,0.94382,1981.0
2026-01-23 17:00:00+00:00,0.94379,0.9444,0.94374,0.94377,1847.0
2026-01-23 18:00:00+00:00,0.94375,0.94422,0.9434,0.94366,1312.0
2026-01-23 19:00:00+00:00,0.94366,0.94402,0.94354,0.94388,1827.0
2026-01-23 20:00:00+00:00,0.94384,0.94462,0.94362,0.94422,1227.0
2026-01-23 21:00:00+00:00,0.9443,0.9454,0.94423,0.94485,799.0
2026-01-25 22:00:00+00:00,0.94835,0.94993,0.94718,0.94986,2895.0
2026-01-25 23:00:00+00:00,0.94974,0.94977,0.94668,0.94728,1702.0
2026-01-26 00:00:00+00:00,0.94724,0.9473,0.94636,0.94714,2082.0
2026-01-26 01:00:00+00:00,0.94716,0.94752,0.94654,0.94686,1476.0
2026-01-26 02:00:00+00:00,0.94682,0.94756,0.94643,0.94666,1777.0
2026-01-26 03:00:00+00:00,0.94668,0.94713,0.94586,0.94608,986.0
2026-01-26 04:00:00+00:00,0.94604,0.94622,0.94576,0.94579,1155.0
2026-01-26 05:00:00+00:00,0.94579,0.94609,0.94552,0.94596,2060.0
2026-01-26 06:00:00+00:00,0.94594,0.9465,0.94544,0.94582,1750.0
2026-01-26 07:00:00+00:00,0.94582,0.94676,0.9455,0.9465,1524.0
2026-01-26 08:00:00+00:00,0.94654,0.94737,0.94614,0.94714,2126.0
2026-01-26 09:00:00+00:00,0.9472,0.94757,0.94654,0.9467,1029.0
2026-01-26 10:00:00+00:00,0.94665,0.9473,0.94662,0.94678,913.0
2026-01-26 11:00:00+00:00,0.94672,0.9472,0.9463,0.94714,1089.0
2026-01-26 12:00:00+00:00,0.94712,0.9477,0.94678,0.94722,1264.0
2026-01-26 13:00:00+00:00,0.94718,0.94794,0.94701,0.94787,1935.0
2026-01-26 14:00:00+00:00,0.94792,0.94995,0.94754,0.9499,2179.0
2026-01-26 15:00:00+00:00,0.9499,0.94996,0.94869,0.94924,2122.0
2026-01-26 16:00:00+00:00,0.94918,0.94951,0.94822,0.94928,1950.0
2026-01-26 17:00:00+00:00,0.94922,0.95101,0.94922,0.95027,1128.0
2026-01-26 18:00:00+00:00,0.95024,0.95054,0.94976,0.94984,765.0
2026-01-26 19:00:00+00:00,0.94978,0.94992,0.9489,0.94896,733.0
2026-01-26 20:00:00+00:00,0.94894,0.94905,0.94851,0.94868,437.0
2026-01-26 21:00:00+00:00,0.94868,0.9488,0.94808,0.9481,385.0
2026-01-26 22:00:00+00:00,0.94778,0.94813,0.94738,0.94759,884.0
2026-01-26 23:00:00+00:00,0.94735,0.94828,0.94735,0.94815,625.0
2026-01-27 00:00:00+00:00,0.94816,0.9485,0.94741,0.94744,1732.0
2026-01-27 01:00:00+00:00,0.94745,0.94914,0.94742,0.94895,2071.0
2026-01-27 02:00:00+00:00,0.94894,0.94985,0.94876,0.94944,2395.0
2026-01-27 03:00:00+00:00,0.94947,0.94952,0.94846,0.94906,2097.0
2026-01-27 04:00:00+00:00,0.94906,0.9496,0.9487,0.94912,973.0
2026-01-27 05:00:00+00:00,0.94907,0.94964,0.9486,0.94951,990.0
2026-01-27 06:00:00+00:00,0.94947,0.9503,0.94947,0.95012,1505.0
2026-01-27 07:00:00+00:00,0.95011,0.95035,0.9495,0.9496,1019.0
2026-01-27 08:00:00+00:00,0.94952,0.94964,0.94804,0.94834,1244.0
2026-01-27 09:00:00+00:00,0.94836,0.94972,0.9482,0.9496,1092.0
2026-01-27 10:00:00+00:00,0.94956,0.95008,0.94892,0.9496,1502.0
2026-01-27 11:00:00+00:00,0.94956,0.95016,0.9495,0.95007,764.0
2026-01-27 12:00:00+00:00,0.95008,0.951,0.95,0.95027,1663.0
2026-01-27 13:00:00+00:00,0.95028,0.95074,0.94894,0.9494,2003.0
2026-01-27 14:00:00+00:00,0.94945,0.94956,0.9487,0.94932,2119.0
2026-01-27 15:00:00+00:00,0.9493,0.9496,0.94772,0.94794,2163.0
2026-01-27 16:00:00+00:00,0.94793,0.94941,0.94788,0.94884,2494.0
2026-01-27 17:00:00+00:00,0.9488,0.94912,0.9485,0.9489,1020.0
2026-01-27 18:00:00+00:00,0.94886,0.9497,0.94869,0.9495,855.0
2026-01-27 19:00:00+00:00,0.9495,0.95039,0.94948,0.95025,825.0
2026-01-27 20:00:00+00:00,0.95029,0.95198,0.95014,0.95149,2428.0
2026-01-27 21:00:00+00:00,0.95144,0.95246,0.95118,0.95192,2107.0
2026-01-27 22:00:00+00:00,0.95182,0.95214,0.95125,0.95156,1426.0
2026-01-27 23:00:00+00:00,0.95149,0.95173,0.95048,0.95105,1141.0
2026-01-28 00:00:00+00:00,0.95102,0.95464,0.9507,0.95204,4888.0
2026-01-28 01:00:00+00:00,0.95196,0.9522,0.9506,0.95096,2285.0
2026-01-28 02:00:00+00:00,0.951,0.95162,0.95028,0.9515,1821.0
2026-01-28 03:00:00+00:00,0.95154,0.95154,0.95064,0.95067,1340.0
2026-01-28 04:00:00+00:00,0.95066,0.95079,0.94997,0.95077,1291.0
2026-01-28 05:00:00+00:00,0.95078,0.95136,0.95017,0.95132,2122.0
2026-01-28 06:00:00+00:00,0.95138,0.95208,0.9508,0.95094,3129.0
2026-01-28 07:00:00+00:00,0.9509,0.95256,0.95045,0.95071,2266.0
2026-01-28 08:00:00+00:00,0.95066,0.95114,0.94885,0.94967,1813.0
2026-01-28 09:00:00+00:00,0.94971,0.94996,0.94847,0.94978,1165.0
2026-01-28 10:00:00+00:00,0.94982,0.95093,0.94932,0.95028,1040.0
2026-01-28 11:00:00+00:00,0.95024,0.9509,0.94944,0.95042,905.0
2026-01-28 12:00:00+00:00,0.95041,0.95043,0.94878,0.94928,1675.0
2026-01-28 13:00:00+00:00,0.94931,0.94948,0.94818,0.94853,1537.0
2026-01-28 14:00:00+00:00,0.94854,0.94944,0.94783,0.94866,2060.0
2026-01-28 15:00:00+00:00,0.9487,0.949,0.9466,0.94899,4203.0
2026-01-28 16:00:00+00:00,0.94898,0.9497,0.94862,0.94928,2837.0
2026-01-28 17:00:00+00:00,0.94928,0.95056,0.94893,0.95018,1714.0
2026-01-28 18:00:00+00:00,0.95017,0.9512,0.94962,0.95025,997.0
2026-01-28 19:00:00+00:00,0.95026,0.95162,0.94943,0.9511,4078.0
2026-01-28 20:00:00+00:00,0.95108,0.95322,0.95106,0.95277,1213.0
2026-01-28 21:00:00+00:00,0.95282,0.9548,0.9527,0.9546,785.0
2026-01-28 22:00:00+00:00,0.95413,0.95523,0.95401,0.95434,1886.0
2026-01-28 23:00:00+00:00,0.95436,0.95465,0.9526,0.95288,1717.0
2026-01-29 00:00:00+00:00,0.95288,0.95369,0.9522,0.95252,3035.0
2026-01-29 01:00:00+00:00,0.95248,0.9528,0.95117,0.95232,2945.0
2026-01-29 02:00:00+00:00,0.95231,0.95422,0.9518,0.95404,2530.0
2026-01-29 03:00:00+00:00,0.95402,0.95708,0.95396,0.95701,2861.0
2026-01-29 04:00:00+00:00,0.957,0.95877,0.95666,0.95862,2902.0
2026-01-29 05:00:00+00:00,0.95862,0.95908,0.95794,0.9586,3200.0
2026-01-29 06:00:00+00:00,0.95862,0.95866,0.9569,0.9573,3155.0
2026-01-29 07:00:00+00:00,0.95729,0.95745,0.95556,0.95614,2422.0
2026-01-29 08:00:00+00:00,0.9561,0.95658,0.95426,0.9552,1314.0
2026-01-29 09:00:00+00:00,0.9552,0.956,0.95488,0.95494,1259.0
2026-01-29 10:00:00+00:00,0.9549,0.95494,0.95342,0.95351,1201.0
2026-01-29 11:00:00+00:00,0.95351,0.95386,0.95272,0.95352,1004.0
2026-01-29 12:00:00+00:00,0.95352,0.95478,0.95347,0.95472,1063.0
2026-01-29 13:00:00+00:00,0.95468,0.95569,0.9542,0.95513,1599.0
2026-01-29 14:00:00+00:00,0.95516,0.9561,0.95327,0.9533,2803.0
2026-01-29 15:00:00+00:00,0.95335,0.95346,0.9453,0.9457,11462.0
2026-01-29 16:00:00+00:00,0.94572,0.9485,0.94567,0.94756,5241.0
2026-01-29 17:00:00+00:00,0.94754,0.95026,0.94752,0.94844,2719.0
2026-01-29 18:00:00+00:00,0.9485,0.94977,0.94817,0.9492,1380.0
2026-01-29 19:00:00+00:00,0.94919,0.94969,0.94828,0.94834,965.0
2026-01-29 20:00:00+00:00,0.9483,0.95066,0.94829,0.9503,682.0
2026-01-29 21:00:00+00:00,0.95034,0.95133,0.9503,0.95092,1443.0
2026-01-29 22:00:00+00:00,0.95058,0.95171,0.95036,0.9509,471.0
2026-01-29 23:00:00+00:00,0.95085,0.95146,0.95005,0.95078,1114.0
2026-01-30 00:00:00+00:00,0.95077,0.95112,0.94936,0.94948,1734.0
2026-01-30 01:00:00+00:00,0.9495,0.94966,0.94768,0.94775,2544.0
2026-01-30 02:00:00+00:00,0.94781,0.94784,0.94456,0.94715,3105.0
2026-01-30 03:00:00+00:00,0.9472,0.94728,0.94531,0.94602,1459.0
2026-01-30 04:00:00+00:00,0.94598,0.94712,0.94591,0.94674,2261.0
2026-01-30 05:00:00+00:00,0.94672,0.9468,0.94565,0.94607,2405.0
2026-01-30 06:00:00+00:00,0.94603,0.94661,0.94462,0.94468,2063.0
2026-01-30 07:00:00+00:00,0.94467,0.94606,0.94464,0.94568,1457.0
2026-01-30 08:00:00+00:00,0.94571,0.94748,0.94539,0.94697,1627.0
2026-01-30 09:00:00+00:00,0.94698,0.94772,0.94436,0.9449,1774.0
2026-01-30 10:00:00+00:00,0.94489,0.94756,0.94489,0.94704,1395.0
2026-01-30 11:00:00+00:00,0.947,0.94867,0.94684,0.9485,2070.0
2026-01-30 12:00:00+00:00,0.94846,0.9489,0.94715,0.94765,1398.0
2026-01-30 13:00:00+00:00,0.9476,0.9492,0.94676,0.94697,2290.0
2026-01-30 14:00:00+00:00,0.94701,0.94949,0.94688,0.9484,2371.0
2026-01-30 15:00:00+00:00,0.94832,0.95,0.94692,0.94864,3330.0
2026-01-30 16:00:00+00:00,0.9486,0.94899,0.94765,0.9481,2096.0
2026-01-30 17:00:00+00:00,0.94806,0.94816,0.94646,0.94703,2178.0
2026-01-30 18:00:00+00:00,0.947,0.94766,0.94462,0.94756,2902.0
2026-01-30 19:00:00+00:00,0.94752,0.94812,0.94704,0.94745,1716.0
2026-01-30 20:00:00+00:00,0.94741,0.94821,0.94702,0.94812,1314.0
2026-01-30 21:00:00+00:00,0.94816,0.94913,0.94772,0.94831,1787.0
2026-02-01 22:00:00+00:00,0.94654,0.94712,0.9447,0.94492,1472.0
2026-02-01 23:00:00+00:00,0.94488,0.94806,0.9447,0.947,4300.0
2026-02-02 00:00:00+00:00,0.94704,0.94905,0.94704,0.94856,2406.0
2026-02-02 01:00:00+00:00,0.9486,0.94928,0.94688,0.94886,2845.0
2026-02-02 02:00:00+00:00,0.94892,0.94928,0.94724,0.94752,2862.0
2026-02-02 03:00:00+00:00,0.94748,0.9484,0.94687,0.94724,2519.0
2026-02-02 04:00:00+00:00,0.9472,0.94734,0.94595,0.94698,1596.0
2026-02-02 05:00:00+00:00,0.94694,0.94718,0.94519,0.94608,1574.0
2026-02-02 06:00:00+00:00,0.94612,0.94661,0.9446,0.94568,2247.0
2026-02-02 07:00:00+00:00,0.94567,0.94816,0.94563,0.94774,1644.0
2026-02-02 08:00:00+00:00,0.9478,0.9484,0.94722,0.94792,2098.0
2026-02-02 09:00:00+00:00,0.94787,0.94954,0.94744,0.94929,1489.0
2026-02-02 10:00:00+00:00,0.94926,0.94979,0.94768,0.94842,1244.0
2026-02-02 11:00:00+00:00,0.94848,0.94984,0.94832,0.94844,1001.0
2026-02-02 12:00:00+00:00,0.94848,0.94922,0.9482,0.94905,1354.0
2026-02-02 13:00:00+00:00,0.94908,0.94954,0.94744,0.94922,2032.0
2026-02-02 14:00:00+00:00,0.94926,0.95092,0.94854,0.9504,2537.0
2026-02-02 15:00:00+00:00,0.95032,0.95146,0.94982,0.95076,2769.0
2026-02-02 16:00:00+00:00,0.95074,0.95245,0.95037,0.95173,1824.0
2026-02-02 17:00:00+00:00,0.95168,0.95231,0.95102,0.9515,2128.0
2026-02-02 18:00:00+00:00,0.95144,0.95152,0.9499,0.95028,979.0
2026-02-02 19:00:00+00:00,0.95026,0.95056,0.94956,0.95038,768.0
2026-02-02 20:00:00+00:00,0.95037,0.95062,0.94994,0.95034,816.0
2026-02-02 21:00:00+00:00,0.95028,0.95112,0.95018,0.95056,409.0
2026-02-02 22:00:00+00:00,0.95118,0.95165,0.95014,0.95076,617.0
2026-02-02 23:00:00+00:00,0.95071,0.95126,0.9505,0.95126,709.0
2026-02-03 00:00:00+00:00,0.9513,0.95238,0.95108,0.9521,1218.0
2026-02-03 01:00:00+00:00,0.95208,0.95334,0.95178,0.95316,2325.0
2026-02-03 02:00:00+00:00,0.95318,0.95318,0.95162,0.95211,1942.0
2026-02-03 03:00:00+00:00,0.95206,0.95946,0.952,0.95906,3818.0
2026-02-03 04:00:00+00:00,0.95908,0.96042,0.95694,0.95752,1983.0
2026-02-03 05:00:00+00:00,0.95748,0.95838,0.95687,0.95738,1768.0
2026-02-03 06:00:00+00:00,0.95738,0.95884,0.95691,0.9588,1259.0
2026-02-03 07:00:00+00:00,0.9588,0.96254,0.95834,0.96172,1526.0
2026-02-03 08:00:00+00:00,0.96174,0.96229,0.96064,0.96112,1800.0
2026-02-03 09:00:00+00:00,0.96114,0.96134,0.95849,0.95866,1775.0
2026-02-03 10:00:00+00:00,0.95868,0.95932,0.95797,0.958,1825.0
2026-02-03 11:00:00+00:00,0.95796,0.95862,0.9573,0.95732,1487.0
2026-02-03 12:00:00+00:00,0.95734,0.95806,0.95712,0.95757,1275.0
2026-02-03 13:00:00+00:00,0.95761,0.95794,0.95694,0.9577,1498.0
2026-02-03 14:00:00+00:00,0.95774,0.95778,0.95556,0.95567,2176.0
2026-02-03 15:00:00+00:00,0.95567,0.95762,0.95478,0.95751,2616.0
2026-02-03 16:00:00+00:00,0.9575,0.95823,0.95694,0.95772,2586.0
2026-02-03 17:00:00+00:00,0.9577,0.95784,0.9564,0.95688,1934.0
2026-02-03 18:00:00+00:00,0.95692,0.95742,0.95566,0.95566,1425.0
2026-02-03 19:00:00+00:00,0.95562,0.95666,0.95502,0.9565,1654.0
2026-02-03 20:00:00+00:00,0.95646,0.95754,0.95594,0.95745,1099.0
2026-02-03 21:00:00+00:00,0.95745,0.95824,0.95736,0.95796,694.0
2026-02-03 22:00:00+00:00,0.95742,0.95772,0.95656,0.9571,624.0
2026-02-03 23:00:00+00:00,0.957,0.95792,0.95692,0.95786,497.0
2026-02-04 00:00:00+00:00,0.95782,0.95839,0.95729,0.9577,878.0
2026-02-04 01:00:00+00:00,0.95772,0.95935,0.95746,0.95842,1430.0
2026-02-04 02:00:00+00:00,0.95844,0.9591,0.9572,0.95766,1084.0
2026-02-04 03:00:00+00:00,0.95767,0.95825,0.95748,0.95794,1288.0
2026-02-04 04:00:00+00:00,0.95791,0.95818,0.95762,0.95782,731.0
2026-02-04 05:00:00+00:00,0.95782,0.95902,0.95772,0.95836,1210.0
2026-02-04 06:00:00+00:00,0.9584,0.95903,0.95818,0.95899,1291.0
2026-02-04 07:00:00+00:00,0.95896,0.95927,0.958,0.95909,1536.0
2026-02-04 08:00:00+00:00,0.9591,0.95992,0.95884,0.95946,1126.0
2026-02-04 09:00:00+00:00,0.95949,0.95977,0.95736,0.95808,1159.0
2026-02-04 10:00:00+00:00,0.95808,0.95926,0.95802,0.95898,955.0
2026-02-04 11:00:00+00:00,0.95894,0.9595,0.95854,0.95942,973.0
2026-02-04 12:00:00+00:00,0.95934,0.95995,0.95924,0.95976,1235.0
2026-02-04 13:00:00+00:00,0.95972,0.96014,0.95888,0.9599,1478.0
2026-02-04 14:00:00+00:00,0.95986,0.95998,0.95806,0.95838,2826.0
2026-02-04 15:00:00+00:00,0.95838,0.95881,0.95662,0.95676,3676.0
2026-02-04 16:00:00+00:00,0.95678,0.95684,0.9551,0.95598,2135.0
2026-02-04 17:00:00+00:00,0.95602,0.95664,0.95347,0.95414,2099.0
2026-02-04 18:00:00+00:00,0.95414,0.95514,0.9534,0.95462,1396.0
2026-02-04 19:00:00+00:00,0.95457,0.95672,0.95409,0.95649,1406.0
2026-02-04 20:00:00+00:00,0.95644,0.95675,0.95606,0.9561,623.0
2026-02-04 21:00:00+00:00,0.95613,0.95648,0.9559,0.95616,583.0
2026-02-04 22:00:00+00:00,0.9559,0.95664,0.95577,0.95624,458.0
2026-02-04 23:00:00+00:00,0.95624,0.9565,0.9558,0.95611,933.0
2026-02-05 00:00:00+00:00,0.9561,0.95724,0.9558,0.95676,1451.0
2026-02-05 01:00:00+00:00,0.95682,0.9572,0.95598,0.95622,1940.0
2026-02-05 02:00:00+00:00,0.95623,0.95628,0.95206,0.95296,3334.0
2026-02-05 03:00:00+00:00,0.95292,0.9545,0.95252,0.95304,2849.0
2026-02-05 04:00:00+00:00,0.95308,0.9541,0.95294,0.95362,2502.0
2026-02-05 05:00:00+00:00,0.9536,0.95407,0.95302,0.95393,2954.0
2026-02-05 06:00:00+00:00,0.95394,0.95478,0.95374,0.95478,2003.0
2026-02-05 07:00:00+00:00,0.95473,0.95531,0.95444,0.9547,1702.0
2026-02-05 08:00:00+00:00,0.95474,0.95618,0.95468,0.95493,1534.0
2026-02-05 09:00:00+00:00,0.95498,0.95541,0.95369,0.95431,1322.0
2026-02-05 10:00:00+00:00,0.95435,0.95497,0.95404,0.95496,833.0
2026-02-05 11:00:00+00:00,0.95491,0.95572,0.95478,0.95512,809.0
2026-02-05 12:00:00+00:00,0.95508,0.95554,0.9529,0.95362,2643.0
2026-02-05 13:00:00+00:00,0.9536,0.95436,0.9523,0.95248,2390.0
2026-02-05 14:00:00+00:00,0.95246,0.95356,0.95134,0.95187,3593.0
2026-02-05 15:00:00+00:00,0.95188,0.9525,0.94926,0.95136,4735.0
2026-02-05 16:00:00+00:00,0.95134,0.95382,0.95104,0.95322,2925.0
2026-02-05 17:00:00+00:00,0.95319,0.95379,0.95228,0.95308,1676.0
2026-02-05 18:00:00+00:00,0.95306,0.95339,0.95174,0.95198,1241.0
2026-02-05 19:00:00+00:00,0.95194,0.9532,0.95192,0.95209,959.0
2026-02-05 20:00:00+00:00,0.95205,0.95286,0.95062,0.95096,1038.0
2026-02-05 21:00:00+00:00,0.95095,0.9512,0.94926,0.94976,940.0
2026-02-05 22:00:00+00:00,0.94992,0.95027,0.94959,0.94982,1158.0
2026-02-05 23:00:00+00:00,0.94991,0.94991,0.94801,0.94826,963.0
2026-02-06 00:00:00+00:00,0.94828,0.94876,0.94656,0.94862,2189.0
2026-02-06 01:00:00+00:00,0.9486,0.95051,0.9477,0.9503,2108.0
2026-02-06 02:00:00+00:00,0.95034,0.95128,0.95032,0.9505,1296.0
2026-02-06 03:00:00+00:00,0.95048,0.95108,0.95018,0.95097,1463.0
2026-02-06 04:00:00+00:00,0.95098,0.95134,0.9504,0.95079,1399.0
2026-02-06 05:00:00+00:00,0.95076,0.95229,0.95072,0.95222,2336.0
2026-02-06 06:00:00+00:00,0.95222,0.95302,0.95197,0.95252,1529.0
2026-02-06 07:00:00+00:00,0.9525,0.9528,0.95191,0.95264,1886.0
2026-02-06 08:00:00+00:00,0.95258,0.95302,0.95192,0.9526,1249.0
2026-02-06 09:00:00+00:00,0.95258,0.95476,0.95243,0.95446,1860.0
2026-02-06 10:00:00+00:00,0.95447,0.95482,0.95378,0.95452,1003.0
2026-02-06 11:00:00+00:00,0.95451,0.9557,0.95429,0.95542,1047.0
2026-02-06 12:00:00+00:00,0.95537,0.95557,0.95456,0.95466,1239.0
2026-02-06 13:00:00+00:00,0.95464,0.95544,0.95416,0.95514,1911.0
2026-02-06 14:00:00+00:00,0.9551,0.95571,0.95448,0.95532,2521.0
2026-02-06 15:00:00+00:00,0.95529,0.95614,0.95454,0.95528,2760.0
2026-02-06 16:00:00+00:00,0.95533,0.95745,0.9552,0.95694,1713.0
2026-02-06 17:00:00+00:00,0.95695,0.95818,0.95678,0.95795,819.0
2026-02-06 18:00:00+00:00,0.9579,0.9582,0.95768,0.95796,562.0
2026-02-06 19:00:00+00:00,0.95796,0.95852,0.95786,0.95834,362.0
2026-02-06 20:00:00+00:00,0.95828,0.95873,0.95822,0.95834,369.0
2026-02-06 21:00:00+00:00,0.95836,0.95951,0.95822,0.95901,1526.0
2026-02-08 22:00:00+00:00,0.96,0.96,0.9583,0.95879,697.0
2026-02-08 23:00:00+00:00,0.95883,0.96112,0.95883,0.96096,1158.0
2026-02-09 00:00:00+00:00,0.96088,0.96088,0.95914,0.95922,1064.0
2026-02-09 01:00:00+00:00,0.95926,0.95942,0.9583,0.95874,983.0
2026-02-09 02:00:00+00:00,0.95869,0.96053,0.95869,0.95993,767.0
2026-02-09 03:00:00+00:00,0.95994,0.96036,0.95932,0.9594,798.0
2026-02-09 04:00:00+00:00,0.95938,0.95978,0.959,0.95924,664.0
2026-02-09 05:00:00+00:00,0.95926,0.95986,0.95918,0.9598,790.0
2026-02-09 06:00:00+00:00,0.95982,0.96044,0.95922,0.96032,1219.0
2026-02-09 07:00:00+00:00,0.96033,0.96064,0.95924,0.95942,1119.0
2026-02-09 08:00:00+00:00,0.95946,0.96026,0.95895,0.96002,1420.0
2026-02-09 09:00:00+00:00,0.95998,0.96052,0.95936,0.95964,782.0
2026-02-09 10:00:00+00:00,0.95966,0.95978,0.95764,0.95817,1267.0
2026-02-09 11:00:00+00:00,0.95812,0.95952,0.95796,0.9593,1360.0
2026-02-09 12:00:00+00:00,0.9593,0.95964,0.95854,0.95924,982.0
2026-02-09 13:00:00+00:00,0.95928,0.96084,0.95916,0.95988,1395.0
2026-02-09 14:00:00+00:00,0.95988,0.96162,0.95972,0.96156,2144.0
2026-02-09 15:00:00+00:00,0.9616,0.96274,0.96142,0.96204,1409.0
2026-02-09 16:00:00+00:00,0.96202,0.96236,0.96144,0.96168,911.0
2026-02-09 17:00:00+00:00,0.96165,0.96224,0.9616,0.96184,1001.0
2026-02-09 18:00:00+00:00,0.96184,0.96223,0.96132,0.96214,957.0
2026-02-09 19:00:00+00:00,0.96216,0.96238,0.96182,0.96224,606.0
2026-02-09 20:00:00+00:00,0.96228,0.96232,0.96152,0.96176,662.0
2026-02-09 21:00:00+00:00,0.96179,0.96181,0.96097,0.96164,407.0
2026-02-09 22:00:00+00:00,0.96154,0.96226,0.96131,0.9615,591.0
2026-02-09 23:00:00+00:00,0.96146,0.96173,0.96054,0.9606,614.0
2026-02-10 00:00:00+00:00,0.96065,0.96086,0.96002,0.96027,1090.0
2026-02-10 01:00:00+00:00,0.96032,0.96108,0.96001,0.96098,1833.0
2026-02-10 02:00:00+00:00,0.96092,0.96098,0.95986,0.96016,989.0
2026-02-10 03:00:00+00:00,0.96016,0.96024,0.95878,0.95892,1142.0
2026-02-10 04:00:00+00:00,0.95888,0.95935,0.95866,0.95884,732.0
2026-02-10 05:00:00+00:00,0.95886,0.95908,0.95848,0.95878,867.0
2026-02-10 06:00:00+00:00,0.9588,0.95882,0.95794,0.95831,1265.0
2026-02-10 07:00:00+00:00,0.95829,0.95892,0.95822,0.95888,944.0
2026-02-10 08:00:00+00:00,0.95883,0.95981,0.95876,0.95918,1349.0
2026-02-10 09:00:00+00:00,0.95914,0.96002,0.95912,0.95952,877.0
2026-02-10 10:00:00+00:00,0.95949,0.9597,0.95906,0.95924,694.0
2026-02-10 11:00:00+00:00,0.95926,0.95966,0.95908,0.95938,985.0
2026-02-10 12:00:00+00:00,0.9594,0.95989,0.95906,0.95952,1164.0
2026-02-10 13:00:00+00:00,0.9595,0.96004,0.9584,0.95854,1871.0
2026-02-10 14:00:00+00:00,0.95856,0.96002,0.95734,0.95854,2319.0
2026-02-10 15:00:00+00:00,0.9585,0.95886,0.95726,0.95822,1858.0
2026-02-10 16:00:00+00:00,0.95819,0.95842,0.95682,0.95686,1707.0
2026-02-10 17:00:00+00:00,0.95692,0.95814,0.95672,0.95799,1073.0
2026-02-10 18:00:00+00:00,0.95802,0.95828,0.95752,0.95824,1260.0
2026-02-10 19:00:00+00:00,0.95828,0.95898,0.958,0.9587,773.0
2026-02-10 20:00:00+00:00,0.95869,0.95904,0.95857,0.95876,548.0
2026-02-10 21:00:00+00:00,0.9588,0.95898,0.95834,0.95884,562.0
2026-02-10 22:00:00+00:00,0.95836,0.95907,0.95785,0.958,499.0
2026-02-10 23:00:00+00:00,0.95809,0.95876,0.95802,0.95874,507.0
2026-02-11 00:00:00+00:00,0.9587,0.95968,0.95863,0.95934,1493.0
2026-02-11 01:00:00+00:00,0.95934,0.96111,0.95926,0.9606,1664.0
2026-02-11 02:00:00+00:00,0.96062,0.96382,0.96038,0.96281,2130.0
2026-02-11 03:00:00+00:00,0.96284,0.96363,0.96215,0.9634,1338.0
2026-02-11 04:00:00+00:00,0.96336,0.96358,0.96186,0.96194,573.0
2026-02-11 05:00:00+00:00,0.96196,0.96228,0.96144,0.9621,1059.0
2026-02-11 06:00:00+00:00,0.96202,0.96249,0.96065,0.96118,1482.0
2026-02-11 07:00:00+00:00,0.96116,0.96151,0.96082,0.9611,1512.0
2026-02-11 08:00:00+00:00,0.96108,0.9613,0.95999,0.96108,1335.0
2026-02-11 09:00:00+00:00,0.96114,0.96168,0.96074,0.96118,1218.0
2026-02-11 10:00:00+00:00,0.96116,0.96209,0.96038,0.96176,785.0
2026-02-11 11:00:00+00:00,0.9618,0.96374,0.96162,0.96266,1188.0
2026-02-11 12:00:00+00:00,0.96266,0.96398,0.96258,0.96378,1941.0
2026-02-11 13:00:00+00:00,0.96382,0.96668,0.96202,0.96644,5574.0
2026-02-11 14:00:00+00:00,0.9664,0.96822,0.96616,0.96788,3479.0
2026-02-11 15:00:00+00:00,0.96784,0.96826,0.96566,0.96712,4342.0
2026-02-11 16:00:00+00:00,0.96706,0.96774,0.96648,0.96724,2207.0
2026-02-11 17:00:00+00:00,0.96722,0.96826,0.96676,0.96773,1506.0
2026-02-11 18:00:00+00:00,0.96778,0.96803,0.96654,0.96702,1098.0
2026-02-11 19:00:00+00:00,0.96698,0.96786,0.96688,0.96718,809.0
2026-02-11 20:00:00+00:00,0.9672,0.96746,0.96682,0.96699,476.0
2026-02-11 21:00:00+00:00,0.96698,0.96791,0.96668,0.96758,665.0
2026-02-11 22:00:00+00:00,0.96697,0.96789,0.96678,0.96737,395.0
2026-02-11 23:00:00+00:00,0.96732,0.9678,0.9667,0.96709,857.0
2026-02-12 00:00:00+00:00,0.96705,0.9687,0.96687,0.96862,1372.0
2026-02-12 01:00:00+00:00,0.96855,0.96964,0.96832,0.9692,1783.0
2026-02-12 02:00:00+00:00,0.96917,0.96942,0.96786,0.96826,1675.0
2026-02-12 03:00:00+00:00,0.96825,0.9685,0.96744,0.96758,1641.0
2026-02-12 04:00:00+00:00,0.96758,0.9683,0.96606,0.96632,2070.0
2026-02-12 05:00:00+00:00,0.96642,0.96746,0.96608,0.96744,2175.0
2026-02-12 06:00:00+00:00,0.96744,0.96747,0.96586,0.96626,2785.0
2026-02-12 07:00:00+00:00,0.96627,0.96702,0.96609,0.96655,1419.0
2026-02-12 08:00:00+00:00,0.96658,0.96703,0.9652,0.9657,1419.0
2026-02-12 09:00:00+00:00,0.96574,0.96611,0.96556,0.96611,1179.0
2026-02-12 10:00:00+00:00,0.9661,0.96685,0.96568,0.96622,1018.0
2026-02-12 11:00:00+00:00,0.96618,0.96664,0.96593,0.96633,807.0
2026-02-12 12:00:00+00:00,0.96634,0.96692,0.9663,0.96661,909.0
2026-02-12 13:00:00+00:00,0.96662,0.96896,0.96642,0.96864,1836.0
2026-02-12 14:00:00+00:00,0.96861,0.96883,0.96732,0.96742,2987.0
2026-02-12 15:00:00+00:00,0.96743,0.96984,0.96736,0.9698,2254.0
2026-02-12 16:00:00+00:00,0.96982,0.96986,0.96576,0.96672,3808.0
2026-02-12 17:00:00+00:00,0.96668,0.96676,0.96533,0.96538,2198.0
2026-02-12 18:00:00+00:00,0.96542,0.966,0.9645,0.96562,1793.0
2026-02-12 19:00:00+00:00,0.96565,0.96603,0.96524,0.96568,1485.0
2026-02-12 20:00:00+00:00,0.96566,0.9659,0.96438,0.96464,1265.0
2026-02-12 21:00:00+00:00,0.9646,0.96507,0.96446,0.965,481.0
2026-02-12 22:00:00+00:00,0.96496,0.96572,0.96443,0.96457,661.0
2026-02-12 23:00:00+00:00,0.96443,0.96519,0.96426,0.96482,643.0
2026-02-13 00:00:00+00:00,0.96476,0.96546,0.96398,0.9642,704.0
2026-02-13 01:00:00+00:00,0.96421,0.9661,0.96418,0.96486,953.0
2026-02-13 02:00:00+00:00,0.96492,0.96556,0.96478,0.96515,713.0
2026-02-13 03:00:00+00:00,0.96514,0.96538,0.96418,0.96459,550.0
2026-02-13 04:00:00+00:00,0.96461,0.96542,0.96428,0.96462,814.0
2026-02-13 05:00:00+00:00,0.96456,0.9651,0.96292,0.96329,1925.0
2026-02-13 06:00:00+00:00,0.96328,0.96333,0.96114,0.96188,1434.0
2026-02-13 07:00:00+00:00,0.96188,0.96213,0.96058,0.96202,1120.0
2026-02-13 08:00:00+00:00,0.96206,0.96276,0.9616,0.96255,1125.0
2026-02-13 09:00:00+00:00,0.96252,0.9627,0.96182,0.9621,817.0
2026-02-13 10:00:00+00:00,0.96211,0.96239,0.96154,0.96172,720.0
2026-02-13 11:00:00+00:00,0.96176,0.96176,0.95992,0.96028,1054.0
2026-02-13 12:00:00+00:00,0.96024,0.96134,0.96002,0.961,1083.0
2026-02-13 13:00:00+00:00,0.96096,0.96308,0.9603,0.96172,4555.0
2026-02-13 14:00:00+00:00,0.96168,0.96356,0.9602,0.9605,3954.0
2026-02-13 15:00:00+00:00,0.96045,0.96377,0.96045,0.96258,3593.0
2026-02-13 16:00:00+00:00,0.96255,0.96312,0.96193,0.96251,2161.0
2026-02-13 17:00:00+00:00,0.96248,0.963,0.96208,0.96273,1026.0
2026-02-13 18:00:00+00:00,0.9627,0.96365,0.96226,0.96326,918.0
2026-02-13 19:00:00+00:00,0.96322,0.96379,0.963,0.96323,747.0
2026-02-13 20:00:00+00:00,0.96326,0.96358,0.96264,0.96346,679.0
2026-02-13 21:00:00+00:00,0.96342,0.96396,0.9627,0.96324,586.0
2026-02-15 22:00:00+00:00,0.96157,0.96252,0.96094,0.96214,2646.0
2026-02-15 23:00:00+00:00,0.9622,0.96325,0.9622,0.96293,853.0
2026-02-16 00:00:00+00:00,0.96292,0.9636,0.96258,0.96353,929.0
2026-02-16 01:00:00+00:00,0.96348,0.9647,0.96328,0.96448,662.0
2026-02-16 02:00:00+00:00,0.9645,0.96466,0.96407,0.96422,562.0
2026-02-16 03:00:00+00:00,0.96418,0.96466,0.96383,0.9643,679.0
2026-02-16 04:00:00+00:00,0.96426,0.96504,0.96414,0.96494,743.0
2026-02-16 05:00:00+00:00,0.96492,0.96525,0.96463,0.96506,369.0
2026-02-16 06:00:00+00:00,0.96502,0.96544,0.9647,0.96478,552.0
2026-02-16 07:00:00+00:00,0.96473,0.96495,0.96428,0.96448,563.0
2026-02-16 08:00:00+00:00,0.9645,0.96558,0.96434,0.96536,973.0
2026-02-16 09:00:00+00:00,0.96532,0.96545,0.96434,0.96466,1007.0
2026-02-16 10:00:00+00:00,0.96462,0.96484,0.96428,0.96482,587.0
2026-02-16 11:00:00+00:00,0.96482,0.96496,0.96402,0.96495,440.0
2026-02-16 12:00:00+00:00,0.96494,0.96556,0.9646,0.96555,481.0
2026-02-16 13:00:00+00:00,0.9656,0.96576,0.96504,0.96517,407.0
2026-02-16 14:00:00+00:00,0.96512,0.96532,0.96376,0.96464,528.0
2026-02-16 15:00:00+00:00,0.9646,0.96476,0.96326,0.96332,539.0
2026-02-16 16:00:00+00:00,0.96332,0.96432,0.96332,0.96432,328.0
2026-02-16 17:00:00+00:00,0.96426,0.96476,0.96426,0.96454,163.0
2026-02-16 18:00:00+00:00,0.96459,0.96488,0.96446,0.96446,105.0
2026-02-16 19:00:00+00:00,0.96452,0.96473,0.9645,0.96472,77.0
2026-02-16 20:00:00+00:00,0.96468,0.96483,0.9646,0.96466,72.0
2026-02-16 21:00:00+00:00,0.96469,0.96469,0.96432,0.96437,164.0
2026-02-16 22:00:00+00:00,0.96408,0.96481,0.96406,0.96424,224.0
2026-02-16 23:00:00+00:00,0.96428,0.9647,0.96423,0.96442,228.0
2026-02-17 00:00:00+00:00,0.96438,0.9648,0.96365,0.9638,702.0
2026-02-17 01:00:00+00:00,0.9638,0.96477,0.96268,0.963,1029.0
2026-02-17 02:00:00+00:00,0.96296,0.96322,0.96218,0.96292,1106.0
2026-02-17 03:00:00+00:00,0.96291,0.96294,0.9616,0.96256,953.0
2026-02-17 04:00:00+00:00,0.96256,0.96394,0.9625,0.96394,686.0
2026-02-17 05:00:00+00:00,0.96392,0.96409,0.9629,0.96318,1163.0
2026-02-17 06:00:00+00:00,0.96322,0.96411,0.96321,0.96391,507.0
2026-02-17 07:00:00+00:00,0.96391,0.96422,0.96311,0.9641,974.0
2026-02-17 08:00:00+00:00,0.96414,0.96459,0.96397,0.96442,921.0
2026-02-17 09:00:00+00:00,0.96442,0.96501,0.96428,0.96498,735.0
2026-02-17 10:00:00+00:00,0.96494,0.96518,0.96384,0.96384,792.0
2026-02-17 11:00:00+00:00,0.96385,0.96417,0.96332,0.9636,789.0
2026-02-17 12:00:00+00:00,0.96364,0.96406,0.96287,0.96305,1357.0
2026-02-17 13:00:00+00:00,0.96302,0.96496,0.96194,0.96312,2306.0
2026-02-17 14:00:00+00:00,0.9631,0.96484,0.96256,0.96264,3427.0
2026-02-17 15:00:00+00:00,0.9626,0.96384,0.96192,0.96378,2903.0
2026-02-17 16:00:00+00:00,0.9638,0.96482,0.96374,0.96434,1674.0
2026-02-17 17:00:00+00:00,0.96428,0.96476,0.96372,0.96438,1364.0
2026-02-17 18:00:00+00:00,0.96442,0.96677,0.96426,0.96662,1569.0
2026-02-17 19:00:00+00:00,0.96658,0.96686,0.9658,0.96584,976.0
2026-02-17 20:00:00+00:00,0.96584,0.9661,0.96569,0.96591,790.0
2026-02-17 21:00:00+00:00,0.96594,0.96641,0.96582,0.96626,267.0
2026-02-17 22:00:00+00:00,0.96592,0.96636,0.96566,0.96624,561.0
2026-02-17 23:00:00+00:00,0.96623,0.96644,0.96579,0.96588,494.0
2026-02-18 00:00:00+00:00,0.96592,0.96632,0.96526,0.96542,553.0
2026-02-18 01:00:00+00:00,0.9654,0.9657,0.9652,0.96552,785.0
2026-02-18 02:00:00+00:00,0.96554,0.96565,0.9645,0.9645,406.0
2026-02-18 03:00:00+00:00,0.96455,0.96516,0.96432,0.96502,326.0
2026-02-18 04:00:00+00:00,0.96503,0.96542,0.9648,0.96507,430.0
2026-02-18 05:00:00+00:00,0.96508,0.96538,0.96486,0.96503,519.0
2026-02-18 06:00:00+00:00,0.96502,0.96544,0.96468,0.96522,267.0
2026-02-18 07:00:00+00:00,0.96521,0.96604,0.96496,0.96598,419.0
2026-02-18 08:00:00+00:00,0.96605,0.96668,0.96592,0.96626,739.0
2026-02-18 09:00:00+00:00,0.96628,0.96706,0.96623,0.96649,851.0
2026-02-18 10:00:00+00:00,0.96652,0.96679,0.96578,0.96588,515.0
2026-02-18 11:00:00+00:00,0.96591,0.96591,0.9646,0.9646,477.0
2026-02-18 12:00:00+00:00,0.96465,0.9655,0.96456,0.96493,965.0
2026-02-18 13:00:00+00:00,0.96492,0.96541,0.9644,0.96446,1109.0
2026-02-18 14:00:00+00:00,0.96448,0.96538,0.96408,0.96516,1754.0
2026-02-18 15:00:00+00:00,0.96515,0.96672,0.96515,0.96642,1464.0
2026-02-18 16:00:00+00:00,0.96641,0.96678,0.96601,0.96605,903.0
2026-02-18 17:00:00+00:00,0.96608,0.96659,0.96603,0.9664,770.0
2026-02-18 18:00:00+00:00,0.96636,0.96648,0.96511,0.96511,924.0
2026-02-18 19:00:00+00:00,0.96514,0.96542,0.96366,0.96397,1246.0
2026-02-18 20:00:00+00:00,0.96401,0.96473,0.9636,0.9646,730.0
2026-02-18 21:00:00+00:00,0.96463,0.96474,0.96439,0.96448,332.0
2026-02-18 22:00:00+00:00,0.9644,0.96508,0.96403,0.96486,311.0
2026-02-18 23:00:00+00:00,0.96487,0.96492,0.96452,0.96455,395.0
2026-02-19 00:00:00+00:00,0.96459,0.96596,0.9641,0.96528,1086.0
2026-02-19 01:00:00+00:00,0.96532,0.96738,0.96532,0.9673,843.0
2026-02-19 02:00:00+00:00,0.96734,0.96764,0.96668,0.96758,650.0
2026-02-19 03:00:00+00:00,0.9676,0.96786,0.9674,0.96742,548.0
2026-02-19 04:00:00+00:00,0.96744,0.9676,0.96594,0.96606,487.0
2026-02-19 05:00:00+00:00,0.96607,0.96653,0.96541,0.96638,812.0
2026-02-19 06:00:00+00:00,0.96638,0.9673,0.96606,0.96721,1042.0
2026-02-19 07:00:00+00:00,0.96724,0.968,0.96689,0.96769,998.0
2026-02-19 08:00:00+00:00,0.96773,0.96844,0.96647,0.96677,802.0
2026-02-19 09:00:00+00:00,0.96678,0.9672,0.96492,0.9653,806.0
2026-02-19 10:00:00+00:00,0.96524,0.96612,0.96468,0.96493,1373.0
2026-02-19 11:00:00+00:00,0.96494,0.96581,0.96393,0.9646,845.0
2026-02-19 12:00:00+00:00,0.96462,0.9653,0.96432,0.96488,782.0
2026-02-19 13:00:00+00:00,0.96493,0.96568,0.96412,0.9651,1216.0
2026-02-19 14:00:00+00:00,0.96512,0.96532,0.96324,0.96419,1878.0
2026-02-19 15:00:00+00:00,0.96415,0.96646,0.96392,0.96555,2497.0
2026-02-19 16:00:00+00:00,0.96551,0.96619,0.9647,0.96566,1417.0
2026-02-19 17:00:00+00:00,0.96564,0.9662,0.96495,0.9654,1190.0
2026-02-19 18:00:00+00:00,0.96538,0.96632,0.96507,0.96596,891.0
2026-02-19 19:00:00+00:00,0.96596,0.96634,0.96516,0.9656,649.0
2026-02-19 20:00:00+00:00,0.96566,0.96622,0.96541,0.96622,683.0
2026-02-19 21:00:00+00:00,0.9662,0.96644,0.96548,0.96554,714.0
2026-02-19 22:00:00+00:00,0.96516,0.96577,0.96512,0.96576,352.0
2026-02-19 23:00:00+00:00,0.96576,0.96616,0.9655,0.96577,752.0
2026-02-20 00:00:00+00:00,0.96582,0.96594,0.96538,0.9657,698.0
2026-02-20 01:00:00+00:00,0.96566,0.96575,0.96226,0.96312,1390.0
2026-02-20 02:00:00+00:00,0.96316,0.9634,0.96124,0.9619,1806.0
2026-02-20 03:00:00+00:00,0.96192,0.96274,0.96189,0.96254,1268.0
2026-02-20 04:00:00+00:00,0.9625,0.96317,0.96222,0.96292,954.0
2026-02-20 05:00:00+00:00,0.96296,0.96396,0.96295,0.96396,1202.0
2026-02-20 06:00:00+00:00,0.96392,0.96442,0.9637,0.96436,1191.0
2026-02-20 07:00:00+00:00,0.96439,0.96509,0.96426,0.96454,993.0
2026-02-20 08:00:00+00:00,0.96454,0.96596,0.96436,0.96589,1110.0
2026-02-20 09:00:00+00:00,0.9659,0.9669,0.9658,0.96622,784.0
2026-02-20 10:00:00+00:00,0.96626,0.96654,0.96548,0.96562,664.0
2026-02-20 11:00:00+00:00,0.96559,0.96564,0.96436,0.96447,616.0
2026-02-20 12:00:00+00:00,0.96443,0.96478,0.96412,0.96431,1137.0
2026-02-20 13:00:00+00:00,0.9643,0.9656,0.9642,0.96532,2040.0
2026-02-20 14:00:00+00:00,0.96531,0.96726,0.96442,0.96722,2176.0
2026-02-20 15:00:00+00:00,0.96721,0.96937,0.96585,0.96903,14563.0
2026-02-20 16:00:00+00:00,0.96905,0.96977,0.96826,0.9692,2700.0
2026-02-20 17:00:00+00:00,0.96928,0.96972,0.96746,0.96845,2223.0
2026-02-20 18:00:00+00:00,0.96846,0.96988,0.96771,0.96936,3824.0
2026-02-20 19:00:00+00:00,0.96942,0.96948,0.9687,0.96896,1396.0
2026-02-20 20:00:00+00:00,0.96898,0.9693,0.96887,0.96918,900.0
2026-02-20 21:00:00+00:00,0.96922,0.96936,0.96856,0.96923,1086.0
2026-02-22 22:00:00+00:00,0.96814,0.96938,0.96769,0.9685,660.0
2026-02-22 23:00:00+00:00,0.96855,0.97073,0.96847,0.9707,2236.0
2026-02-23 00:00:00+00:00,0.97064,0.97067,0.96788,0.96846,1292.0
2026-02-23 01:00:00+00:00,0.96842,0.9685,0.96696,0.9675,1467.0
2026-02-23 02:00:00+00:00,0.96746,0.96763,0.9662,0.96658,1599.0
2026-02-23 03:00:00+00:00,0.96656,0.96696,0.96634,0.96643,772.0
2026-02-23 04:00:00+00:00,0.96648,0.96668,0.96614,0.96651,659.0
2026-02-23 05:00:00+00:00,0.96652,0.96702,0.96624,0.96684,975.0
2026-02-23 06:00:00+00:00,0.96685,0.9678,0.96656,0.96764,1182.0
2026-02-23 07:00:00+00:00,0.96763,0.96822,0.9671,0.96779,1483.0
2026-02-23 08:00:00+00:00,0.96778,0.96838,0.96711,0.96777,1050.0
2026-02-23 09:00:00+00:00,0.96778,0.96874,0.96777,0.96842,814.0
2026-02-23 10:00:00+00:00,0.96839,0.96842,0.96755,0.96778,580.0
2026-02-23 11:00:00+00:00,0.96779,0.96802,0.96751,0.96763,569.0
2026-02-23 12:00:00+00:00,0.96762,0.96774,0.96656,0.96723,1004.0
2026-02-23 13:00:00+00:00,0.9672,0.96795,0.96676,0.96676,1190.0
2026-02-23 14:00:00+00:00,0.96679,0.96828,0.96678,0.96786,1692.0
2026-02-23 15:00:00+00:00,0.96786,0.96821,0.96614,0.96634,1828.0
2026-02-23 16:00:00+00:00,0.96631,0.96684,0.96538,0.96623,1593.0
2026-02-23 17:00:00+00:00,0.96618,0.96655,0.96531,0.96634,1231.0
2026-02-23 18:00:00+00:00,0.9663,0.96748,0.96626,0.96662,629.0
2026-02-23 19:00:00+00:00,0.96657,0.96668,0.96612,0.96624,498.0
2026-02-23 20:00:00+00:00,0.9663,0.96689,0.96611,0.96689,466.0
2026-02-23 21:00:00+00:00,0.96688,0.96724,0.96632,0.96638,334.0
2026-02-23 22:00:00+00:00,0.96587,0.96669,0.96584,0.96638,354.0
2026-02-23 23:00:00+00:00,0.96642,0.96715,0.9662,0.96676,325.0
2026-02-24 00:00:00+00:00,0.96676,0.96762,0.96668,0.96759,696.0
2026-02-24 01:00:00+00:00,0.96758,0.96767,0.96681,0.96738,2582.0
2026-02-24 02:00:00+00:00,0.96741,0.9687,0.96718,0.96861,1473.0
2026-02-24 03:00:00+00:00,0.9686,0.96876,0.96798,0.96834,1183.0
2026-02-24 04:00:00+00:00,0.96834,0.96839,0.96756,0.96761,1057.0
2026-02-24 05:00:00+00:00,0.9676,0.96802,0.96726,0.96784,1292.0
2026-02-24 06:00:00+00:00,0.96787,0.96815,0.96766,0.9678,1028.0
2026-02-24 07:00:00+00:00,0.9678,0.96906,0.96768,0.96856,1343.0
2026-02-24 08:00:00+00:00,0.96859,0.96878,0.96743,0.968,1192.0
2026-02-24 09:00:00+00:00,0.96801,0.9684,0.9675,0.9675,669.0
2026-02-24 10:00:00+00:00,0.96748,0.96772,0.96662,0.96671,614.0
2026-02-24 11:00:00+00:00,0.96674,0.96684,0.96593,0.9662,703.0
2026-02-24 12:00:00+00:00,0.96616,0.9664,0.96521,0.96566,706.0
2026-02-24 13:00:00+00:00,0.96568,0.96606,0.9645,0.96472,1427.0
2026-02-24 14:00:00+00:00,0.96468,0.96647,0.96426,0.96536,2246.0
2026-02-24 15:00:00+00:00,0.96536,0.96795,0.96522,0.96723,2832.0
2026-02-24 16:00:00+00:00,0.9672,0.96851,0.96714,0.96834,1202.0
2026-02-24 17:00:00+00:00,0.96834,0.9687,0.96809,0.96822,697.0
2026-02-24 18:00:00+00:00,0.96826,0.96826,0.96764,0.96765,508.0
2026-02-24 19:00:00+00:00,0.96768,0.96778,0.96724,0.96746,605.0
2026-02-24 20:00:00+00:00,0.96746,0.96779,0.96712,0.96737,655.0
2026-02-24 21:00:00+00:00,0.96739,0.9675,0.96674,0.96684,248.0
2026-02-24 22:00:00+00:00,0.96749,0.96777,0.9669,0.9673,388.0
2026-02-24 23:00:00+00:00,0.9674,0.96752,0.96706,0.96722,258.0
2026-02-25 00:00:00+00:00,0.96716,0.97012,0.96701,0.96924,2082.0
2026-02-25 01:00:00+00:00,0.96926,0.97012,0.96878,0.96968,2524.0
2026-02-25 02:00:00+00:00,0.96962,0.97092,0.96961,0.97084,2382.0
2026-02-25 03:00:00+00:00,0.97085,0.97248,0.97032,0.97197,3517.0
2026-02-25 04:00:00+00:00,0.97196,0.9729,0.9717,0.97254,932.0
2026-02-25 05:00:00+00:00,0.97249,0.97274,0.97212,0.9725,712.0
2026-02-25 06:00:00+00:00,0.97246,0.97317,0.97215,0.97276,754.0
2026-02-25 07:00:00+00:00,0.97276,0.9732,0.97184,0.97202,1335.0
2026-02-25 08:00:00+00:00,0.97204,0.97241,0.97142,0.97152,1578.0
2026-02-25 09:00:00+00:00,0.9715,0.97231,0.97021,0.97021,1357.0
2026-02-25 10:00:00+00:00,0.97022,0.97078,0.96992,0.97008,1144.0
2026-02-25 11:00:00+00:00,0.97004,0.97025,0.96938,0.9702,902.0
2026-02-25 12:00:00+00:00,0.97016,0.97086,0.97001,0.97086,785.0
2026-02-25 13:00:00+00:00,0.9709,0.97164,0.9704,0.97128,1162.0
2026-02-25 14:00:00+00:00,0.97128,0.9722,0.97126,0.97158,1566.0
2026-02-25 15:00:00+00:00,0.97162,0.97264,0.9709,0.97256,1474.0
2026-02-25 16:00:00+00:00,0.97258,0.97368,0.9723,0.97368,1081.0
2026-02-25 17:00:00+00:00,0.97364,0.97452,0.97362,0.97412,745.0
2026-02-25 18:00:00+00:00,0.97414,0.9743,0.97335,0.97394,650.0
2026-02-25 19:00:00+00:00,0.9739,0.9743,0.97386,0.9741,299.0
2026-02-25 20:00:00+00:00,0.97412,0.9743,0.9738,0.97392,455.0
2026-02-25 21:00:00+00:00,0.97397,0.97472,0.97394,0.9741,383.0
2026-02-25 22:00:00+00:00,0.97416,0.97437,0.97348,0.97382,403.0
2026-02-25 23:00:00+00:00,0.9739,0.97399,0.97327,0.97364,971.0
2026-02-26 00:00:00+00:00,0.97362,0.97454,0.97342,0.97449,1417.0
2026-02-26 01:00:00+00:00,0.97451,0.97507,0.97379,0.9742,1945.0
2026-02-26 02:00:00+00:00,0.97416,0.97428,0.97253,0.97361,1260.0
2026-02-26 03:00:00+00:00,0.97364,0.97416,0.97329,0.97382,951.0
2026-02-26 04:00:00+00:00,0.97381,0.97432,0.97358,0.974,1160.0
2026-02-26 05:00:00+00:00,0.97404,0.97491,0.97388,0.97476,1403.0
2026-02-26 06:00:00+00:00,0.97476,0.97494,0.97394,0.974,1548.0
2026-02-26 07:00:00+00:00,0.97402,0.97422,0.9729,0.97292,1385.0
2026-02-26 08:00:00+00:00,0.97292,0.973,0.9724,0.97266,3087.0
2026-02-26 09:00:00+00:00,0.97265,0.97396,0.97262,0.97352,1313.0
2026-02-26 10:00:00+00:00,0.97352,0.97354,0.97292,0.97313,576.0
2026-02-26 11:00:00+00:00,0.97308,0.97363,0.97301,0.97303,706.0
2026-02-26 12:00:00+00:00,0.97304,0.97408,0.97289,0.9737,836.0
2026-02-26 13:00:00+00:00,0.97366,0.9743,0.97317,0.97317,1223.0
2026-02-26 14:00:00+00:00,0.97312,0.97326,0.97226,0.97236,2006.0
2026-02-26 15:00:00+00:00,0.97232,0.97253,0.96894,0.97138,3971.0
2026-02-26 16:00:00+00:00,0.9714,0.97146,0.96978,0.97023,2373.0
2026-02-26 17:00:00+00:00,0.97027,0.97043,0.96893,0.96945,1415.0
2026-02-26 18:00:00+00:00,0.96942,0.97154,0.96933,0.97141,1494.0
2026-02-26 19:00:00+00:00,0.97138,0.97268,0.97131,0.97246,852.0
2026-02-26 20:00:00+00:00,0.97246,0.97284,0.9724,0.9727,484.0
2026-02-26 21:00:00+00:00,0.9727,0.97288,0.97196,0.97204,402.0
2026-02-26 22:00:00+00:00,0.97174,0.97257,0.97144,0.97161,984.0
2026-02-26 23:00:00+00:00,0.97155,0.97165,0.97097,0.97136,524.0
2026-02-27 00:00:00+00:00,0.97137,0.97189,0.9708,0.971,693.0
2026-02-27 01:00:00+00:00,0.971,0.9721,0.97091,0.97182,1682.0
2026-02-27 02:00:00+00:00,0.97186,0.97322,0.97151,0.97317,1255.0
2026-02-27 03:00:00+00:00,0.97314,0.97354,0.97288,0.97309,1006.0
2026-02-27 04:00:00+00:00,0.97306,0.97372,0.97294,0.97364,585.0
2026-02-27 05:00:00+00:00,0.97364,0.97448,0.97354,0.97365,1298.0
2026-02-27 06:00:00+00:00,0.97362,0.97402,0.97312,0.97388,1439.0
2026-02-27 07:00:00+00:00,0.97394,0.97412,0.97345,0.9738,971.0
2026-02-27 08:00:00+00:00,0.97381,0.97425,0.97252,0.97255,1558.0
2026-02-27 09:00:00+00:00,0.9725,0.9734,0.9723,0.9724,961.0
2026-02-27 10:00:00+00:00,0.97239,0.97242,0.97134,0.9721,1001.0
2026-02-27 11:00:00+00:00,0.97214,0.97219,0.97156,0.97174,1001.0
2026-02-27 12:00:00+00:00,0.97178,0.97218,0.97122,0.97136,1055.0
2026-02-27 13:00:00+00:00,0.97142,0.97176,0.96969,0.97054,2129.0
2026-02-27 14:00:00+00:00,0.9706,0.97167,0.97026,0.97071,2767.0
2026-02-27 15:00:00+00:00,0.97072,0.97236,0.97058,0.97184,3366.0
2026-02-27 16:00:00+00:00,0.97184,0.97213,0.97048,0.97074,1752.0
2026-02-27 17:00:00+00:00,0.97077,0.97116,0.96968,0.96984,1330.0
2026-02-27 18:00:00+00:00,0.96984,0.97008,0.96942,0.97006,1538.0
2026-02-27 19:00:00+00:00,0.97006,0.97033,0.96938,0.96981,1023.0
2026-02-27 20:00:00+00:00,0.96985,0.97092,0.9698,0.97074,937.0
2026-02-27 21:00:00+00:00,0.9707,0.97128,0.97042,0.97076,1272.0
2026-03-01 22:00:00+00:00,0.96192,0.96422,0.96168,0.96234,4185.0
2026-03-01 23:00:00+00:00,0.96256,0.96709,0.96229,0.96446,4398.0
2026-03-02 00:00:00+00:00,0.96445,0.96728,0.96414,0.96724,2452.0
2026-03-02 01:00:00+00:00,0.96722,0.96992,0.96714,0.9698,2871.0
2026-03-02 02:00:00+00:00,0.96979,0.97016,0.9686,0.96986,1620.0
2026-03-02 03:00:00+00:00,0.96987,0.97087,0.96962,0.97012,1389.0
2026-03-02 04:00:00+00:00,0.97014,0.9705,0.96826,0.96834,1996.0
2026-03-02 05:00:00+00:00,0.9683,0.9684,0.96664,0.9667,1757.0
2026-03-02 06:00:00+00:00,0.96668,0.96702,0.96491,0.96531,2339.0
2026-03-02 07:00:00+00:00,0.96533,0.96572,0.96322,0.96395,3046.0
2026-03-02 08:00:00+00:00,0.9639,0.96614,0.96322,0.9659,3138.0
2026-03-02 09:00:00+00:00,0.96586,0.96768,0.96569,0.9664,1630.0
2026-03-02 10:00:00+00:00,0.96644,0.96826,0.96644,0.96766,1431.0
2026-03-02 11:00:00+00:00,0.96772,0.96814,0.96684,0.96748,1328.0
2026-03-02 12:00:00+00:00,0.96753,0.96753,0.96433,0.96458,1274.0
2026-03-02 13:00:00+00:00,0.96462,0.96649,0.96439,0.9657,1860.0
2026-03-02 14:00:00+00:00,0.96566,0.9682,0.96508,0.96782,2865.0
2026-03-02 15:00:00+00:00,0.96753,0.96943,0.96686,0.96704,3534.0
2026-03-02 16:00:00+00:00,0.96703,0.96886,0.96677,0.96855,2283.0
2026-03-02 17:00:00+00:00,0.96856,0.97057,0.96842,0.97056,1345.0
2026-03-02 18:00:00+00:00,0.97055,0.97062,0.96969,0.97004,1005.0
2026-03-02 19:00:00+00:00,0.97,0.97122,0.96994,0.97049,917.0
2026-03-02 20:00:00+00:00,0.97044,0.97046,0.96806,0.96893,2566.0
2026-03-02 21:00:00+00:00,0.96888,0.97058,0.96881,0.97036,1010.0
2026-03-02 22:00:00+00:00,0.9699,0.97143,0.9699,0.97104,1406.0
2026-03-02 23:00:00+00:00,0.97114,0.97172,0.9707,0.97106,661.0
2026-03-03 00:00:00+00:00,0.97106,0.9711,0.97022,0.9706,1079.0
2026-03-03 01:00:00+00:00,0.97058,0.97308,0.97046,0.97054,2273.0
2026-03-03 02:00:00+00:00,0.97051,0.97134,0.96903,0.9707,2764.0
2026-03-03 03:00:00+00:00,0.97074,0.97206,0.97025,0.9716,2195.0
2026-03-03 04:00:00+00:00,0.97164,0.97211,0.9711,0.97122,1545.0
2026-03-03 05:00:00+00:00,0.97128,0.97179,0.969,0.96939,2793.0
2026-03-03 06:00:00+00:00,0.96946,0.96971,0.96843,0.96952,1827.0
2026-03-03 07:00:00+00:00,0.96954,0.97043,0.96802,0.96814,2161.0
2026-03-03 08:00:00+00:00,0.96812,0.9686,0.96582,0.96594,2283.0
2026-03-03 09:00:00+00:00,0.96595,0.96743,0.96441,0.96448,2582.0
2026-03-03 10:00:00+00:00,0.96455,0.9649,0.9617,0.96297,2844.0
2026-03-03 11:00:00+00:00,0.96292,0.96356,0.96143,0.96277,2869.0
2026-03-03 12:00:00+00:00,0.96282,0.96412,0.96152,0.96224,3147.0
2026-03-03 13:00:00+00:00,0.96218,0.96245,0.9594,0.96108,2905.0
2026-03-03 14:00:00+00:00,0.96112,0.96142,0.95766,0.95794,4104.0
2026-03-03 15:00:00+00:00,0.95791,0.95895,0.95458,0.95857,6950.0
2026-03-03 16:00:00+00:00,0.95858,0.96024,0.95798,0.95986,4609.0
2026-03-03 17:00:00+00:00,0.95985,0.96072,0.95898,0.96021,2910.0
2026-03-03 18:00:00+00:00,0.96026,0.96321,0.96002,0.96275,1982.0
2026-03-03 19:00:00+00:00,0.96276,0.96413,0.96112,0.96274,2927.0
2026-03-03 20:00:00+00:00,0.96275,0.9634,0.962,0.96278,1427.0
2026-03-03 21:00:00+00:00,0.96274,0.96339,0.962,0.96208,1139.0
2026-03-03 22:00:00+00:00,0.96215,0.96295,0.9613,0.9627,756.0
2026-03-03 23:00:00+00:00,0.96265,0.96331,0.96234,0.96254,1098.0
2026-03-04 00:00:00+00:00,0.96261,0.96264,0.95832,0.95944,2778.0
2026-03-04 01:00:00+00:00,0.95945,0.96008,0.95704,0.959,4556.0
2026-03-04 02:00:00+00:00,0.95895,0.9606,0.95879,0.95947,2488.0
2026-03-04 03:00:00+00:00,0.9594,0.95976,0.95736,0.95862,2693.0
2026-03-04 04:00:00+00:00,0.95875,0.95938,0.95646,0.95744,1866.0
2026-03-04 05:00:00+00:00,0.95748,0.95902,0.95738,0.95828,2286.0
2026-03-04 06:00:00+00:00,0.95826,0.96055,0.95748,0.95997,2476.0
2026-03-04 07:00:00+00:00,0.95996,0.96138,0.95966,0.96026,1753.0
2026-03-04 08:00:00+00:00,0.96031,0.96138,0.95928,0.96022,2610.0
2026-03-04 09:00:00+00:00,0.96015,0.96294,0.95935,0.96254,2033.0
2026-03-04 10:00:00+00:00,0.9626,0.96562,0.9626,0.96318,5386.0
2026-03-04 11:00:00+00:00,0.96314,0.96426,0.96307,0.96329,1594.0
2026-03-04 12:00:00+00:00,0.96326,0.9642,0.96156,0.96293,2079.0
2026-03-04 13:00:00+00:00,0.96294,0.96497,0.96282,0.96441,2612.0
2026-03-04 14:00:00+00:00,0.96432,0.96533,0.96272,0.96407,4586.0
2026-03-04 15:00:00+00:00,0.96412,0.9661,0.96334,0.96584,4693.0
2026-03-04 16:00:00+00:00,0.96584,0.96678,0.96526,0.96602,3459.0
2026-03-04 17:00:00+00:00,0.96598,0.96666,0.96538,0.96612,1583.0
2026-03-04 18:00:00+00:00,0.96614,0.9667,0.96536,0.96636,1205.0
2026-03-04 19:00:00+00:00,0.96636,0.9669,0.96556,0.96566,718.0
2026-03-04 20:00:00+00:00,0.96568,0.96576,0.96498,0.96563,863.0
2026-03-04 21:00:00+00:00,0.96562,0.96575,0.96494,0.9654,772.0
2026-03-04 22:00:00+00:00,0.96509,0.96592,0.96491,0.96542,377.0
2026-03-04 23:00:00+00:00,0.96529,0.9656,0.96501,0.96528,1437.0
2026-03-05 00:00:00+00:00,0.96528,0.96613,0.96494,0.96582,2529.0
2026-03-05 01:00:00+00:00,0.9658,0.96624,0.96372,0.96392,5344.0
2026-03-05 02:00:00+00:00,0.96392,0.9648,0.96338,0.96462,4339.0
2026-03-05 03:00:00+00:00,0.9646,0.96494,0.96256,0.96282,4978.0
2026-03-05 04:00:00+00:00,0.9628,0.96308,0.96234,0.96265,4001.0
2026-03-05 05:00:00+00:00,0.96262,0.96294,0.9616,0.96172,4741.0
2026-03-05 06:00:00+00:00,0.96171,0.96266,0.96043,0.96212,5661.0
2026-03-05 07:00:00+00:00,0.96212,0.96246,0.95956,0.9598,5281.0
2026-03-05 08:00:00+00:00,0.9598,0.96028,0.9583,0.96022,2705.0
2026-03-05 09:00:00+00:00,0.96016,0.96352,0.96001,0.96122,6205.0
2026-03-05 10:00:00+00:00,0.96127,0.96198,0.96086,0.9612,2310.0
2026-03-05 11:00:00+00:00,0.96124,0.96212,0.96053,0.96088,1666.0
2026-03-05 12:00:00+00:00,0.96092,0.96186,0.95969,0.96028,3139.0
2026-03-05 13:00:00+00:00,0.96026,0.96032,0.95826,0.95926,4772.0
2026-03-05 14:00:00+00:00,0.95921,0.96014,0.95802,0.95978,5800.0
2026-03-05 15:00:00+00:00,0.9598,0.9605,0.95862,0.95938,6774.0
2026-03-05 16:00:00+00:00,0.95942,0.9595,0.9575,0.95895,3672.0
2026-03-05 17:00:00+00:00,0.95898,0.95988,0.95649,0.95681,4373.0
2026-03-05 18:00:00+00:00,0.95675,0.95724,0.95594,0.95642,3213.0
2026-03-05 19:00:00+00:00,0.95638,0.95663,0.95539,0.9558,3480.0
2026-03-05 20:00:00+00:00,0.95582,0.95855,0.9555,0.95824,3377.0
2026-03-05 21:00:00+00:00,0.95826,0.9584,0.95783,0.95828,978.0
2026-03-05 22:00:00+00:00,0.95851,0.959,0.95818,0.95835,263.0
2026-03-05 23:00:00+00:00,0.9583,0.95875,0.95788,0.95829,1100.0
2026-03-06 00:00:00+00:00,0.95824,0.9595,0.95787,0.95934,1225.0
2026-03-06 01:00:00+00:00,0.9593,0.96068,0.95901,0.96031,2521.0
2026-03-06 02:00:00+00:00,0.96032,0.96146,0.9603,0.96122,1703.0
2026-03-06 03:00:00+00:00,0.96119,0.96166,0.961,0.96138,2026.0
2026-03-06 04:00:00+00:00,0.96138,0.96149,0.96012,0.96018,2206.0
2026-03-06 05:00:00+00:00,0.96018,0.96111,0.96005,0.96039,3104.0
2026-03-06 06:00:00+00:00,0.9604,0.96172,0.96038,0.96147,2702.0
2026-03-06 07:00:00+00:00,0.96148,0.96208,0.961,0.96152,1624.0
2026-03-06 08:00:00+00:00,0.96155,0.96157,0.95988,0.96098,1330.0
2026-03-06 09:00:00+00:00,0.96088,0.96098,0.95664,0.95677,2010.0
2026-03-06 10:00:00+00:00,0.95677,0.95786,0.95672,0.9576,1394.0
2026-03-06 11:00:00+00:00,0.95764,0.95804,0.9555,0.9558,1739.0
2026-03-06 12:00:00+00:00,0.95586,0.95698,0.95514,0.95612,1629.0
2026-03-06 13:00:00+00:00,0.95606,0.95835,0.95285,0.95318,10440.0
2026-03-06 14:00:00+00:00,0.9532,0.95536,0.9531,0.95408,9676.0
2026-03-06 15:00:00+00:00,0.95408,0.95645,0.9539,0.95434,7317.0
2026-03-06 16:00:00+00:00,0.95434,0.95596,0.95432,0.95487,4395.0
2026-03-06 17:00:00+00:00,0.95492,0.95563,0.95325,0.95326,2358.0
2026-03-06 18:00:00+00:00,0.95325,0.95514,0.95318,0.95382,2705.0
2026-03-06 19:00:00+00:00,0.9538,0.95446,0.95344,0.95442,1728.0
2026-03-06 20:00:00+00:00,0.95443,0.95476,0.95302,0.95398,1780.0
2026-03-06 21:00:00+00:00,0.95394,0.9541,0.95292,0.95366,3172.0
2026-03-08 21:00:00+00:00,0.95017,0.95209,0.94988,0.95055,553.0
2026-03-08 22:00:00+00:00,0.95042,0.95042,0.9469,0.94868,6521.0
2026-03-08 23:00:00+00:00,0.94865,0.94934,0.94724,0.94786,2091.0
2026-03-09 00:00:00+00:00,0.94782,0.94862,0.94628,0.94695,2591.0
2026-03-09 01:00:00+00:00,0.94698,0.94842,0.94638,0.9468,3235.0
2026-03-09 02:00:00+00:00,0.94687,0.94932,0.94653,0.94918,3133.0
2026-03-09 03:00:00+00:00,0.94917,0.94959,0.94718,0.94793,1758.0
2026-03-09 04:00:00+00:00,0.94798,0.94879,0.94727,0.94762,1213.0
2026-03-09 05:00:00+00:00,0.94762,0.95142,0.9471,0.95043,3858.0
2026-03-09 06:00:00+00:00,0.9504,0.95084,0.94866,0.94874,1954.0
2026-03-09 07:00:00+00:00,0.94874,0.95036,0.94792,0.94993,2387.0
2026-03-09 08:00:00+00:00,0.94998,0.95022,0.94737,0.9492,3803.0
2026-03-09 09:00:00+00:00,0.94928,0.95326,0.94873,0.95056,3635.0
2026-03-09 10:00:00+00:00,0.95059,0.95121,0.94872,0.94981,2954.0
2026-03-09 11:00:00+00:00,0.94989,0.95104,0.94904,0.94946,2160.0
2026-03-09 12:00:00+00:00,0.94948,0.95239,0.94932,0.95122,2257.0
2026-03-09 13:00:00+00:00,0.95126,0.95394,0.95126,0.95366,3520.0
2026-03-09 14:00:00+00:00,0.95363,0.95601,0.9522,0.95518,5279.0
2026-03-09 15:00:00+00:00,0.9552,0.9572,0.95514,0.95626,3417.0
2026-03-09 16:00:00+00:00,0.95622,0.9575,0.95594,0.95681,1586.0
2026-03-09 17:00:00+00:00,0.95677,0.95686,0.95548,0.95552,1446.0
2026-03-09 18:00:00+00:00,0.95548,0.95696,0.95548,0.95629,1190.0
2026-03-09 19:00:00+00:00,0.95626,0.961,0.95617,0.96016,4517.0
2026-03-09 20:00:00+00:00,0.9602,0.96186,0.95949,0.96146,1744.0
2026-03-09 21:00:00+00:00,0.96089,0.96131,0.9605,0.96112,753.0
2026-03-09 22:00:00+00:00,0.96105,0.96154,0.9601,0.96057,1324.0
2026-03-09 23:00:00+00:00,0.96062,0.96134,0.96007,0.96032,1095.0
2026-03-10 00:00:00+00:00,0.96025,0.96161,0.95981,0.96086,2170.0
2026-03-10 01:00:00+00:00,0.96082,0.96159,0.95994,0.96136,2804.0
2026-03-10 02:00:00+00:00,0.96136,0.96199,0.95946,0.95968,1335.0
2026-03-10 03:00:00+00:00,0.95972,0.9604,0.95912,0.9598,1327.0
2026-03-10 04:00:00+00:00,0.95982,0.96021,0.95937,0.95953,1037.0
2026-03-10 05:00:00+00:00,0.95954,0.96138,0.95946,0.96124,1276.0
2026-03-10 06:00:00+00:00,0.96124,0.96364,0.96096,0.96288,1277.0
2026-03-10 07:00:00+00:00,0.96288,0.96596,0.96264,0.96524,1676.0
2026-03-10 08:00:00+00:00,0.96522,0.96625,0.96372,0.96385,2097.0
2026-03-10 09:00:00+00:00,0.9638,0.96618,0.96375,0.96602,1402.0
2026-03-10 10:00:00+00:00,0.96598,0.96687,0.96434,0.9651,2760.0
2026-03-10 11:00:00+00:00,0.96506,0.96616,0.96438,0.96577,3478.0
2026-03-10 12:00:00+00:00,0.96573,0.9658,0.9634,0.96404,4648.0
2026-03-10 13:00:00+00:00,0.9641,0.96657,0.96402,0.96586,5004.0
2026-03-10 14:00:00+00:00,0.96586,0.96852,0.96438,0.9684,4407.0
2026-03-10 15:00:00+00:00,0.96838,0.96999,0.96794,0.96964,3076.0
2026-03-10 16:00:00+00:00,0.9696,0.97064,0.96862,0.97026,2245.0
2026-03-10 17:00:00+00:00,0.97021,0.97276,0.97015,0.97097,2889.0
2026-03-10 18:00:00+00:00,0.971,0.97112,0.96731,0.96842,7050.0
2026-03-10 19:00:00+00:00,0.96846,0.96876,0.96618,0.96684,3398.0
2026-03-10 20:00:00+00:00,0.96688,0.96736,0.96633,0.96667,798.0
2026-03-10 21:00:00+00:00,0.96676,0.96722,0.96632,0.9666,585.0
2026-03-10 22:00:00+00:00,0.96666,0.96681,0.96609,0.96647,323.0
2026-03-10 23:00:00+00:00,0.96652,0.96724,0.96648,0.96704,351.0
2026-03-11 00:00:00+00:00,0.96706,0.9689,0.96675,0.96816,1504.0
2026-03-11 01:00:00+00:00,0.9682,0.97044,0.96791,0.9703,1611.0
2026-03-11 02:00:00+00:00,0.97033,0.97255,0.96936,0.97141,1260.0
2026-03-11 03:00:00+00:00,0.97138,0.97272,0.97093,0.9726,1182.0
2026-03-11 04:00:00+00:00,0.97256,0.97406,0.97226,0.97376,1223.0
2026-03-11 05:00:00+00:00,0.97376,0.97392,0.97179,0.97277,993.0
2026-03-11 06:00:00+00:00,0.97274,0.97372,0.97202,0.97304,1208.0
2026-03-11 07:00:00+00:00,0.97298,0.97398,0.97106,0.9716,2656.0
2026-03-11 08:00:00+00:00,0.97164,0.97298,0.97056,0.97134,3171.0
2026-03-11 09:00:00+00:00,0.97136,0.9715,0.9697,0.96996,2905.0
2026-03-11 10:00:00+00:00,0.96997,0.97228,0.96997,0.97183,1494.0
2026-03-11 11:00:00+00:00,0.97182,0.97296,0.97111,0.97111,2015.0
2026-03-11 12:00:00+00:00,0.97108,0.97244,0.97058,0.97131,2575.0
2026-03-11 13:00:00+00:00,0.9713,0.97394,0.9713,0.9739,2038.0
2026-03-11 14:00:00+00:00,0.97384,0.97602,0.9732,0.97487,5547.0
2026-03-11 15:00:00+00:00,0.97488,0.97552,0.9725,0.9725,2278.0
2026-03-11 16:00:00+00:00,0.9725,0.973,0.97154,0.9716,1330.0
2026-03-11 17:00:00+00:00,0.97154,0.9717,0.96964,0.97062,1419.0
2026-03-11 18:00:00+00:00,0.97058,0.972,0.97,0.97164,999.0
2026-03-11 19:00:00+00:00,0.97168,0.97234,0.97112,0.97216,578.0
2026-03-11 20:00:00+00:00,0.9721,0.97248,0.97184,0.97211,314.0
2026-03-11 21:00:00+00:00,0.97216,0.97276,0.97166,0.97232,776.0
2026-03-11 22:00:00+00:00,0.97226,0.97226,0.96988,0.97024,1089.0
2026-03-11 23:00:00+00:00,0.9702,0.9703,0.96912,0.96965,881.0
2026-03-12 00:00:00+00:00,0.96965,0.97081,0.96899,0.97072,1038.0
2026-03-12 01:00:00+00:00,0.97076,0.97224,0.97028,0.9711,1172.0
2026-03-12 02:00:00+00:00,0.97107,0.97158,0.9688,0.96938,1030.0
2026-03-12 03:00:00+00:00,0.96933,0.96975,0.96865,0.9697,906.0
2026-03-12 04:00:00+00:00,0.96973,0.9698,0.96812,0.96818,981.0
2026-03-12 05:00:00+00:00,0.96818,0.96932,0.96758,0.96814,1292.0
2026-03-12 06:00:00+00:00,0.96815,0.96844,0.96645,0.96796,1131.0
2026-03-12 07:00:00+00:00,0.96796,0.96939,0.96763,0.96924,1154.0
2026-03-12 08:00:00+00:00,0.9693,0.9702,0.96876,0.96932,3088.0
2026-03-12 09:00:00+00:00,0.96936,0.96984,0.9678,0.96956,2468.0
2026-03-12 10:00:00+00:00,0.96955,0.96982,0.96874,0.96957,2549.0
2026-03-12 11:00:00+00:00,0.96952,0.97112,0.9692,0.96992,1368.0
2026-03-12 12:00:00+00:00,0.96996,0.97012,0.96901,0.96974,1188.0
2026-03-12 13:00:00+00:00,0.96978,0.97012,0.96542,0.96561,3252.0
2026-03-12 14:00:00+00:00,0.96564,0.9668,0.96378,0.96506,4479.0
2026-03-12 15:00:00+00:00,0.965,0.96632,0.9637,0.9653,5395.0
2026-03-12 16:00:00+00:00,0.96525,0.96639,0.96418,0.96582,3099.0
2026-03-12 17:00:00+00:00,0.96578,0.96643,0.96502,0.96521,1708.0
2026-03-12 18:00:00+00:00,0.96522,0.96564,0.96402,0.96444,1034.0
2026-03-12 19:00:00+00:00,0.9644,0.96491,0.96417,0.96454,989.0
2026-03-12 20:00:00+00:00,0.96456,0.96532,0.96434,0.96488,831.0
2026-03-12 21:00:00+00:00,0.96549,0.96564,0.96458,0.9646,378.0
2026-03-12 22:00:00+00:00,0.96455,0.96548,0.96455,0.96528,429.0
2026-03-12 23:00:00+00:00,0.96534,0.96534,0.96446,0.96464,528.0
2026-03-13 00:00:00+00:00,0.96462,0.96553,0.9637,0.96529,1276.0
2026-03-13 01:00:00+00:00,0.96532,0.96606,0.96506,0.96532,952.0
2026-03-13 02:00:00+00:00,0.96536,0.96599,0.96452,0.9651,863.0
2026-03-13 03:00:00+00:00,0.96514,0.96532,0.96326,0.96436,1257.0
2026-03-13 04:00:00+00:00,0.96432,0.9645,0.96332,0.9637,749.0
2026-03-13 05:00:00+00:00,0.96375,0.96424,0.96328,0.9638,864.0
2026-03-13 06:00:00+00:00,0.96376,0.96387,0.96076,0.96088,1136.0
2026-03-13 07:00:00+00:00,0.96083,0.96118,0.95943,0.95979,1212.0
2026-03-13 08:00:00+00:00,0.95973,0.9616,0.95864,0.96151,2046.0
2026-03-13 09:00:00+00:00,0.96154,0.96284,0.96136,0.96174,1620.0
2026-03-13 10:00:00+00:00,0.96176,0.96368,0.96172,0.96278,1226.0
2026-03-13 11:00:00+00:00,0.96274,0.9637,0.96196,0.96336,1686.0
2026-03-13 12:00:00+00:00,0.96339,0.96705,0.96246,0.96684,3859.0
2026-03-13 13:00:00+00:00,0.96681,0.96699,0.96418,0.96474,3153.0
2026-03-13 14:00:00+00:00,0.96472,0.96552,0.96281,0.96321,2739.0
2026-03-13 15:00:00+00:00,0.9632,0.96442,0.96187,0.96187,2834.0
2026-03-13 16:00:00+00:00,0.96181,0.96292,0.96158,0.9621,2733.0
2026-03-13 17:00:00+00:00,0.96214,0.96286,0.96158,0.96172,1250.0
2026-03-13 18:00:00+00:00,0.96174,0.96184,0.96061,0.9611,841.0
2026-03-13 19:00:00+00:00,0.96114,0.96114,0.95966,0.95972,672.0
2026-03-13 20:00:00+00:00,0.95976,0.95977,0.95779,0.95779,881.0
2026-03-15 21:00:00+00:00,0.95974,0.96089,0.95948,0.96043,1151.0
2026-03-15 22:00:00+00:00,0.96043,0.96047,0.95836,0.95933,2143.0
2026-03-15 23:00:00+00:00,0.95933,0.96062,0.959,0.96054,907.0
2026-03-16 00:00:00+00:00,0.9605,0.96208,0.9605,0.96162,1056.0
2026-03-16 01:00:00+00:00,0.96164,0.96203,0.95952,0.9611,1192.0
2026-03-16 02:00:00+00:00,0.9611,0.96124,0.9606,0.96082,879.0
2026-03-16 03:00:00+00:00,0.96084,0.96158,0.96056,0.96126,598.0
2026-03-16 04:00:00+00:00,0.96126,0.96148,0.96065,0.96071,475.0
2026-03-16 05:00:00+00:00,0.96072,0.96262,0.96071,0.96212,950.0
2026-03-16 06:00:00+00:00,0.96212,0.96286,0.962,0.96278,989.0
2026-03-16 07:00:00+00:00,0.96276,0.96318,0.9608,0.96122,1100.0
2026-03-16 08:00:00+00:00,0.96126,0.96198,0.96056,0.96188,1505.0
2026-03-16 09:00:00+00:00,0.96184,0.96268,0.9612,0.96232,1041.0
2026-03-16 10:00:00+00:00,0.96228,0.96537,0.96216,0.96532,1248.0
2026-03-16 11:00:00+00:00,0.96527,0.9653,0.96428,0.96464,1210.0
2026-03-16 12:00:00+00:00,0.96466,0.96636,0.9645,0.96534,1339.0
2026-03-16 13:00:00+00:00,0.96538,0.96612,0.96464,0.96612,2335.0
2026-03-16 14:00:00+00:00,0.96608,0.96654,0.96458,0.96526,2237.0
2026-03-16 15:00:00+00:00,0.96528,0.96564,0.96476,0.96537,1292.0
2026-03-16 16:00:00+00:00,0.96536,0.96582,0.96422,0.96484,1600.0
2026-03-16 17:00:00+00:00,0.96488,0.96576,0.96488,0.9651,1161.0
2026-03-16 18:00:00+00:00,0.96512,0.96767,0.96512,0.96749,1108.0
2026-03-16 19:00:00+00:00,0.9675,0.96827,0.9673,0.96761,891.0
2026-03-16 20:00:00+00:00,0.9676,0.96804,0.96712,0.96777,494.0
2026-03-16 21:00:00+00:00,0.96776,0.96818,0.96707,0.96757,316.0
2026-03-16 22:00:00+00:00,0.96761,0.9677,0.96686,0.967,241.0
2026-03-16 23:00:00+00:00,0.96698,0.96748,0.9667,0.96722,301.0
2026-03-17 00:00:00+00:00,0.96726,0.96726,0.9664,0.96656,561.0
2026-03-17 01:00:00+00:00,0.9665,0.96886,0.96644,0.96886,801.0
2026-03-17 02:00:00+00:00,0.96884,0.9695,0.9684,0.9684,862.0
2026-03-17 03:00:00+00:00,0.9684,0.97056,0.96482,0.96714,3689.0
2026-03-17 04:00:00+00:00,0.96711,0.96879,0.96644,0.96788,1467.0
2026-03-17 05:00:00+00:00,0.96784,0.97026,0.96775,0.96805,1493.0
2026-03-17 06:00:00+00:00,0.96804,0.96854,0.96642,0.96836,1565.0
2026-03-17 07:00:00+00:00,0.96836,0.96837,0.9669,0.96742,986.0
2026-03-17 08:00:00+00:00,0.9674,0.96966,0.96694,0.96961,1477.0
2026-03-17 09:00:00+00:00,0.96956,0.97094,0.96942,0.97089,1183.0
2026-03-17 10:00:00+00:00,0.97078,0.971,0.96988,0.97073,1308.0
2026-03-17 11:00:00+00:00,0.97068,0.97124,0.97028,0.9703,986.0
2026-03-17 12:00:00+00:00,0.97028,0.97255,0.97002,0.97255,1237.0
2026-03-17 13:00:00+00:00,0.97252,0.97491,0.97246,0.97346,1781.0
2026-03-17 14:00:00+00:00,0.97342,0.97346,0.97194,0.97309,1923.0
2026-03-17 15:00:00+00:00,0.97308,0.97358,0.97206,0.97312,1658.0
2026-03-17 16:00:00+00:00,0.97309,0.97366,0.97252,0.97306,1345.0
2026-03-17 17:00:00+00:00,0.97304,0.97394,0.97296,0.9737,650.0
2026-03-17 18:00:00+00:00,0.97374,0.97422,0.97288,0.97309,515.0
2026-03-17 19:00:00+00:00,0.97304,0.97308,0.97273,0.97308,313.0
2026-03-17 20:00:00+00:00,0.97313,0.97313,0.97254,0.97268,214.0
2026-03-17 21:00:00+00:00,0.97276,0.97311,0.97208,0.97244,646.0
2026-03-17 22:00:00+00:00,0.97248,0.97332,0.97236,0.9732,940.0
2026-03-17 23:00:00+00:00,0.97326,0.97336,0.97286,0.97316,338.0
2026-03-18 00:00:00+00:00,0.97316,0.9738,0.97287,0.97308,1736.0
2026-03-18 01:00:00+00:00,0.97312,0.97448,0.97312,0.97394,1204.0
2026-03-18 02:00:00+00:00,0.97398,0.97404,0.97259,0.97271,695.0
2026-03-18 03:00:00+00:00,0.97272,0.97428,0.97258,0.97419,1067.0
2026-03-18 04:00:00+00:00,0.97422,0.97496,0.97381,0.97468,850.0
2026-03-18 05:00:00+00:00,0.97473,0.97526,0.97432,0.97505,740.0
2026-03-18 06:00:00+00:00,0.97506,0.97616,0.97494,0.97564,961.0
2026-03-18 07:00:00+00:00,0.97566,0.97586,0.97472,0.97511,1349.0
2026-03-18 08:00:00+00:00,0.97508,0.97516,0.97299,0.97356,1151.0
2026-03-18 09:00:00+00:00,0.9735,0.9739,0.97295,0.97379,632.0
2026-03-18 10:00:00+00:00,0.97384,0.97384,0.97302,0.97302,708.0
2026-03-18 11:00:00+00:00,0.97299,0.97338,0.97134,0.97185,1447.0
2026-03-18 12:00:00+00:00,0.97182,0.97192,0.96737,0.9675,2864.0
2026-03-18 13:00:00+00:00,0.96758,0.9693,0.96658,0.96885,3248.0
2026-03-18 14:00:00+00:00,0.96884,0.96983,0.96796,0.9693,2905.0
2026-03-18 15:00:00+00:00,0.96934,0.97085,0.96904,0.96928,1889.0
2026-03-18 16:00:00+00:00,0.96934,0.97,0.96918,0.96987,1105.0
2026-03-18 17:00:00+00:00,0.96986,0.97038,0.96942,0.97004,797.0
2026-03-18 18:00:00+00:00,0.96992,0.97114,0.96698,0.96728,4174.0
2026-03-18 19:00:00+00:00,0.96724,0.96782,0.96519,0.96566,1823.0
2026-03-18 20:00:00+00:00,0.96567,0.96602,0.96398,0.96453,912.0
2026-03-18 21:00:00+00:00,0.96468,0.96594,0.9646,0.96542,1396.0
2026-03-18 22:00:00+00:00,0.96548,0.96571,0.96444,0.96464,491.0
2026-03-18 23:00:00+00:00,0.9646,0.96512,0.96428,0.96508,866.0
2026-03-19 00:00:00+00:00,0.96506,0.96638,0.96422,0.96637,2373.0
2026-03-19 01:00:00+00:00,0.9664,0.96672,0.96534,0.96618,1996.0
2026-03-19 02:00:00+00:00,0.96614,0.96776,0.96536,0.96676,2378.0
2026-03-19 03:00:00+00:00,0.96676,0.96767,0.9667,0.96712,1324.0
2026-03-19 04:00:00+00:00,0.96708,0.96712,0.96599,0.96602,1562.0
2026-03-19 05:00:00+00:00,0.966,0.96656,0.96538,0.96554,1968.0
2026-03-19 06:00:00+00:00,0.96556,0.96648,0.96519,0.96579,3100.0
2026-03-19 07:00:00+00:00,0.96577,0.96698,0.96475,0.96505,3198.0
2026-03-19 08:00:00+00:00,0.96508,0.96738,0.96494,0.9671,2993.0
2026-03-19 09:00:00+00:00,0.96714,0.96981,0.96698,0.96924,4158.0
2026-03-19 10:00:00+00:00,0.96922,0.9694,0.96824,0.96832,3061.0
2026-03-19 11:00:00+00:00,0.9683,0.96864,0.96608,0.9673,1334.0
2026-03-19 12:00:00+00:00,0.96728,0.96728,0.96312,0.96332,3237.0
2026-03-19 13:00:00+00:00,0.96331,0.96582,0.96096,0.96563,6002.0
2026-03-19 14:00:00+00:00,0.96565,0.96774,0.96534,0.96718,5940.0
2026-03-19 15:00:00+00:00,0.96712,0.9685,0.96462,0.96536,3988.0
2026-03-19 16:00:00+00:00,0.96532,0.9675,0.96519,0.96735,4754.0
2026-03-19 17:00:00+00:00,0.96734,0.96902,0.96636,0.96847,1571.0
2026-03-19 18:00:00+00:00,0.96842,0.97104,0.96814,0.97094,1552.0
2026-03-19 19:00:00+00:00,0.97098,0.97464,0.97098,0.97314,5475.0
2026-03-19 20:00:00+00:00,0.9732,0.97408,0.97288,0.97374,962.0
2026-03-19 21:00:00+00:00,0.97362,0.97405,0.97305,0.97358,451.0
2026-03-19 22:00:00+00:00,0.97358,0.97434,0.97292,0.97292,448.0
2026-03-19 23:00:00+00:00,0.97299,0.97373,0.97222,0.97262,562.0
2026-03-20 00:00:00+00:00,0.97259,0.97319,0.97204,0.97294,1128.0
2026-03-20 01:00:00+00:00,0.97298,0.97389,0.97251,0.97284,1296.0
2026-03-20 02:00:00+00:00,0.97288,0.9731,0.97219,0.9729,721.0
2026-03-20 03:00:00+00:00,0.9729,0.97304,0.97213,0.97244,782.0
2026-03-20 04:00:00+00:00,0.97242,0.97334,0.97205,0.97328,473.0
2026-03-20 05:00:00+00:00,0.97324,0.9742,0.97297,0.97326,1506.0
2026-03-20 06:00:00+00:00,0.97327,0.97398,0.97238,0.97252,1020.0
2026-03-20 07:00:00+00:00,0.97256,0.97395,0.97213,0.97294,1173.0
2026-03-20 08:00:00+00:00,0.97298,0.97312,0.97176,0.97196,1311.0
2026-03-20 09:00:00+00:00,0.97193,0.97204,0.96892,0.96922,1664.0
2026-03-20 10:00:00+00:00,0.96927,0.96988,0.96807,0.96973,1442.0
2026-03-20 11:00:00+00:00,0.96974,0.97122,0.96946,0.97054,1283.0
2026-03-20 12:00:00+00:00,0.9706,0.97154,0.96988,0.9702,1897.0
2026-03-20 13:00:00+00:00,0.97022,0.97054,0.96622,0.96655,2502.0
2026-03-20 14:00:00+00:00,0.96652,0.96679,0.96486,0.96587,3013.0
2026-03-20 15:00:00+00:00,0.96594,0.96777,0.96566,0.96567,2924.0
2026-03-20 16:00:00+00:00,0.96567,0.96704,0.96492,0.96528,2765.0
2026-03-20 17:00:00+00:00,0.96534,0.96558,0.96408,0.96425,2471.0
2026-03-20 18:00:00+00:00,0.96429,0.96437,0.96206,0.9622,1904.0
2026-03-20 19:00:00+00:00,0.96224,0.96264,0.96092,0.96264,1395.0
2026-03-20 20:00:00+00:00,0.96265,0.9639,0.96252,0.9636,2047.0
2026-03-22 21:00:00+00:00,0.96005,0.96068,0.95933,0.95933,667.0
2026-03-22 22:00:00+00:00,0.95942,0.96244,0.95942,0.96177,1489.0
2026-03-22 23:00:00+00:00,0.96174,0.9622,0.96064,0.96103,1389.0
2026-03-23 00:00:00+00:00,0.96104,0.96186,0.95902,0.95966,2363.0
2026-03-23 01:00:00+00:00,0.95962,0.96076,0.958,0.95889,2813.0
2026-03-23 02:00:00+00:00,0.9589,0.95928,0.95692,0.95748,1471.0
2026-03-23 03:00:00+00:00,0.95752,0.95809,0.95687,0.95755,2300.0
2026-03-23 04:00:00+00:00,0.9576,0.95793,0.95709,0.95728,1527.0
2026-03-23 05:00:00+00:00,0.95726,0.95758,0.95562,0.95596,1414.0
2026-03-23 06:00:00+00:00,0.95596,0.95608,0.95492,0.95516,1944.0
2026-03-23 07:00:00+00:00,0.95516,0.95594,0.95458,0.95472,1966.0
2026-03-23 08:00:00+00:00,0.95488,0.95773,0.95468,0.95683,2972.0
2026-03-23 09:00:00+00:00,0.95688,0.95705,0.95414,0.95456,2169.0
2026-03-23 10:00:00+00:00,0.95456,0.95472,0.95042,0.95204,2399.0
2026-03-23 11:00:00+00:00,0.9521,0.96484,0.95196,0.95924,32017.0
2026-03-23 12:00:00+00:00,0.95924,0.96423,0.95787,0.96294,24667.0
2026-03-23 13:00:00+00:00,0.96294,0.96418,0.9605,0.96366,19490.0
2026-03-23 14:00:00+00:00,0.96368,0.96572,0.96228,0.96529,12950.0
2026-03-23 15:00:00+00:00,0.96524,0.9669,0.95898,0.9593,11318.0
2026-03-23 16:00:00+00:00,0.95934,0.96177,0.95849,0.9612,7934.0
2026-03-23 17:00:00+00:00,0.96119,0.96374,0.96109,0.96284,6598.0
2026-03-23 18:00:00+00:00,0.96284,0.96422,0.9618,0.9638,5238.0
2026-03-23 19:00:00+00:00,0.96378,0.96382,0.96206,0.96206,2759.0
2026-03-23 20:00:00+00:00,0.96204,0.96265,0.96169,0.96235,1193.0
2026-03-23 21:00:00+00:00,0.96318,0.96326,0.96148,0.96154,593.0
2026-03-23 22:00:00+00:00,0.96136,0.96391,0.9611,0.96312,669.0
2026-03-23 23:00:00+00:00,0.96316,0.9632,0.96182,0.96224,934.0
2026-03-24 00:00:00+00:00,0.96221,0.96227,0.95754,0.96018,2660.0
2026-03-24 01:00:00+00:00,0.96023,0.96098,0.9579,0.9583,2393.0
2026-03-24 02:00:00+00:00,0.95825,0.95956,0.9577,0.95824,2161.0
2026-03-24 03:00:00+00:00,0.95829,0.95902,0.95796,0.95839,1901.0
2026-03-24 04:00:00+00:00,0.95842,0.9586,0.95756,0.95826,818.0
2026-03-24 05:00:00+00:00,0.9583,0.95874,0.95704,0.95829,2301.0
2026-03-24 06:00:00+00:00,0.95822,0.96077,0.95815,0.96071,1746.0
2026-03-24 07:00:00+00:00,0.96071,0.96282,0.95947,0.96034,3834.0
2026-03-24 08:00:00+00:00,0.9603,0.96064,0.95697,0.95722,3420.0
2026-03-24 09:00:00+00:00,0.95724,0.95831,0.95611,0.95812,2132.0
2026-03-24 10:00:00+00:00,0.95816,0.95827,0.95692,0.95802,1811.0
2026-03-24 11:00:00+00:00,0.958,0.95862,0.9562,0.95802,2290.0
2026-03-24 12:00:00+00:00,0.95806,0.95832,0.95562,0.95604,1888.0
2026-03-24 13:00:00+00:00,0.95598,0.95734,0.9549,0.95688,3416.0
2026-03-24 14:00:00+00:00,0.95688,0.95992,0.9562,0.95776,4948.0
2026-03-24 15:00:00+00:00,0.9578,0.9592,0.95736,0.95862,4509.0
2026-03-24 16:00:00+00:00,0.95866,0.9599,0.95814,0.95925,2343.0
2026-03-24 17:00:00+00:00,0.95924,0.95938,0.95639,0.95797,3995.0
2026-03-24 18:00:00+00:00,0.95791,0.95998,0.95752,0.95926,2710.0
2026-03-24 19:00:00+00:00,0.95921,0.9604,0.95884,0.95914,1311.0
2026-03-24 20:00:00+00:00,0.95914,0.96382,0.95857,0.96321,5926.0
2026-03-24 21:00:00+00:00,0.96222,0.96312,0.96138,0.9626,1892.0
2026-03-24 22:00:00+00:00,0.96261,0.9632,0.96214,0.96316,675.0
2026-03-24 23:00:00+00:00,0.9631,0.96322,0.96225,0.96234,725.0
2026-03-25 00:00:00+00:00,0.96233,0.96314,0.96091,0.96222,2265.0
2026-03-25 01:00:00+00:00,0.96216,0.96272,0.9611,0.96114,2079.0
2026-03-25 02:00:00+00:00,0.96115,0.96144,0.96015,0.96028,1312.0
2026-03-25 03:00:00+00:00,0.96032,0.96087,0.95988,0.9607,580.0
2026-03-25 04:00:00+00:00,0.96066,0.96122,0.96044,0.96054,476.0
2026-03-25 05:00:00+00:00,0.96054,0.96098,0.96022,0.96048,891.0
2026-03-25 06:00:00+00:00,0.96046,0.96095,0.95994,0.96056,1307.0
2026-03-25 07:00:00+00:00,0.96056,0.96132,0.95954,0.96028,1201.0
2026-03-25 08:00:00+00:00,0.96035,0.96327,0.9599,0.96238,2946.0
2026-03-25 09:00:00+00:00,0.96234,0.963,0.96028,0.96124,1257.0
2026-03-25 10:00:00+00:00,0.96128,0.96176,0.9602,0.96099,1081.0
2026-03-25 11:00:00+00:00,0.961,0.96186,0.96022,0.96106,1335.0
2026-03-25 12:00:00+00:00,0.96114,0.96154,0.95884,0.95936,2415.0
2026-03-25 13:00:00+00:00,0.95939,0.96028,0.95792,0.95805,2058.0
2026-03-25 14:00:00+00:00,0.95809,0.96135,0.95736,0.96096,3295.0
2026-03-25 15:00:00+00:00,0.961,0.96161,0.95898,0.96052,3274.0
2026-03-25 16:00:00+00:00,0.96052,0.96158,0.96,0.96104,1865.0
2026-03-25 17:00:00+00:00,0.96108,0.96219,0.9606,0.96144,2851.0
2026-03-25 18:00:00+00:00,0.9614,0.9617,0.9596,0.96008,1934.0
2026-03-25 19:00:00+00:00,0.96,0.9603,0.95957,0.96007,1338.0
2026-03-25 20:00:00+00:00,0.96003,0.96006,0.95896,0.95944,383.0
2026-03-25 21:00:00+00:00,0.95974,0.9599,0.9592,0.95946,326.0
2026-03-25 22:00:00+00:00,0.95951,0.95994,0.95872,0.95944,325.0
2026-03-25 23:00:00+00:00,0.95944,0.95953,0.95858,0.95902,376.0
2026-03-26 00:00:00+00:00,0.95905,0.95987,0.95878,0.95894,906.0
2026-03-26 01:00:00+00:00,0.95895,0.95982,0.95866,0.95966,1633.0
2026-03-26 02:00:00+00:00,0.95964,0.95996,0.95862,0.95902,2109.0
2026-03-26 03:00:00+00:00,0.95906,0.96056,0.959,0.96048,2168.0
2026-03-26 04:00:00+00:00,0.96044,0.96124,0.96023,0.96096,2137.0
2026-03-26 05:00:00+00:00,0.96096,0.9612,0.96035,0.9604,2709.0
2026-03-26 06:00:00+00:00,0.96042,0.96064,0.95966,0.96056,2851.0
2026-03-26 07:00:00+00:00,0.96058,0.96058,0.95953,0.95958,1784.0
2026-03-26 08:00:00+00:00,0.95962,0.96035,0.95906,0.96015,1812.0
2026-03-26 09:00:00+00:00,0.96021,0.96031,0.95847,0.95911,1867.0
2026-03-26 10:00:00+00:00,0.95914,0.95953,0.95853,0.95889,1243.0
2026-03-26 11:00:00+00:00,0.95894,0.95927,0.95668,0.9567,1146.0
2026-03-26 12:00:00+00:00,0.95667,0.95755,0.95471,0.95514,1486.0
2026-03-26 13:00:00+00:00,0.95514,0.9576,0.95508,0.95739,2327.0
2026-03-26 14:00:00+00:00,0.95745,0.9581,0.95584,0.95676,2975.0
2026-03-26 15:00:00+00:00,0.9568,0.95784,0.95648,0.95714,2563.0
2026-03-26 16:00:00+00:00,0.95714,0.95751,0.95483,0.95494,1392.0
2026-03-26 17:00:00+00:00,0.95493,0.95564,0.9538,0.9538,1927.0
2026-03-26 18:00:00+00:00,0.95384,0.95472,0.95375,0.95456,1891.0
2026-03-26 19:00:00+00:00,0.95452,0.95454,0.95278,0.95286,2060.0
2026-03-26 20:00:00+00:00,0.95284,0.95726,0.95268,0.9545,6430.0
2026-03-26 21:00:00+00:00,0.95505,0.95586,0.9538,0.95495,2251.0
2026-03-26 22:00:00+00:00,0.9549,0.95496,0.95414,0.95482,407.0
2026-03-26 23:00:00+00:00,0.95481,0.95504,0.95386,0.954,655.0
2026-03-27 00:00:00+00:00,0.95388,0.95452,0.9525,0.95278,1629.0
2026-03-27 01:00:00+00:00,0.95278,0.95388,0.95246,0.95388,1450.0
2026-03-27 02:00:00+00:00,0.95388,0.95514,0.95388,0.95484,1130.0
2026-03-27 03:00:00+00:00,0.95483,0.95677,0.95474,0.95672,990.0
2026-03-27 04:00:00+00:00,0.9567,0.95732,0.95646,0.95716,692.0
2026-03-27 05:00:00+00:00,0.95719,0.95721,0.95558,0.95568,973.0
2026-03-27 06:00:00+00:00,0.95574,0.95637,0.95518,0.9558,920.0
2026-03-27 07:00:00+00:00,0.9558,0.95592,0.95336,0.95428,959.0
2026-03-27 08:00:00+00:00,0.95422,0.95547,0.95352,0.95522,1617.0
2026-03-27 09:00:00+00:00,0.95526,0.95558,0.95403,0.95497,932.0
2026-03-27 10:00:00+00:00,0.95492,0.9557,0.95428,0.95472,938.0
2026-03-27 11:00:00+00:00,0.95476,0.95583,0.95431,0.955,1162.0
2026-03-27 12:00:00+00:00,0.95501,0.95538,0.95402,0.95504,1191.0
2026-03-27 13:00:00+00:00,0.95508,0.95592,0.95337,0.95456,2409.0
2026-03-27 14:00:00+00:00,0.9546,0.95574,0.95414,0.95519,2947.0
2026-03-27 15:00:00+00:00,0.95524,0.95712,0.95502,0.95612,2753.0
2026-03-27 16:00:00+00:00,0.95614,0.95658,0.95446,0.95548,1597.0
2026-03-27 17:00:00+00:00,0.95548,0.95668,0.95328,0.95378,2335.0
2026-03-27 18:00:00+00:00,0.9538,0.95459,0.95362,0.95426,1508.0
2026-03-27 19:00:00+00:00,0.95426,0.95448,0.95382,0.95414,965.0
2026-03-27 20:00:00+00:00,0.95414,0.95592,0.95386,0.95495,1725.0
2026-03-29 21:00:00+00:00,0.95322,0.95381,0.95156,0.9533,1688.0
2026-03-29 22:00:00+00:00,0.95339,0.95421,0.95168,0.95214,1483.0
2026-03-29 23:00:00+00:00,0.9522,0.95262,0.9518,0.95218,1070.0
2026-03-30 00:00:00+00:00,0.95223,0.95276,0.95091,0.95164,2898.0
2026-03-30 01:00:00+00:00,0.95164,0.95295,0.9513,0.9518,1645.0
2026-03-30 02:00:00+00:00,0.95174,0.9532,0.95162,0.9526,1606.0
2026-03-30 03:00:00+00:00,0.9526,0.95452,0.95253,0.95428,1762.0
2026-03-30 04:00:00+00:00,0.95428,0.95466,0.95386,0.95401,718.0
2026-03-30 05:00:00+00:00,0.95402,0.95432,0.95356,0.95394,830.0
2026-03-30 06:00:00+00:00,0.95396,0.95498,0.95322,0.95322,760.0
2026-03-30 07:00:00+00:00,0.95322,0.95386,0.95241,0.9529,1278.0
2026-03-30 08:00:00+00:00,0.95296,0.95462,0.95269,0.95388,2156.0
2026-03-30 09:00:00+00:00,0.95392,0.95422,0.95291,0.95412,930.0
2026-03-30 10:00:00+00:00,0.95412,0.95474,0.95361,0.95381,765.0
2026-03-30 11:00:00+00:00,0.95384,0.95584,0.95381,0.95492,2094.0
2026-03-30 12:00:00+00:00,0.95496,0.95573,0.95451,0.95559,1291.0
2026-03-30 13:00:00+00:00,0.95568,0.95588,0.95278,0.95327,1929.0
2026-03-30 14:00:00+00:00,0.95326,0.95456,0.95231,0.95424,2678.0
2026-03-30 15:00:00+00:00,0.95424,0.95522,0.95314,0.95464,2545.0
2026-03-30 16:00:00+00:00,0.95458,0.9548,0.95393,0.9546,1629.0
2026-03-30 17:00:00+00:00,0.95464,0.9552,0.95397,0.95426,1236.0
2026-03-30 18:00:00+00:00,0.95431,0.95458,0.95402,0.95423,924.0
2026-03-30 19:00:00+00:00,0.95426,0.95426,0.95292,0.95414,809.0
2026-03-30 20:00:00+00:00,0.9541,0.9544,0.95363,0.95413,423.0
2026-03-30 21:00:00+00:00,0.95375,0.95428,0.95327,0.9542,755.0
2026-03-30 22:00:00+00:00,0.95427,0.95474,0.95408,0.95452,269.0
2026-03-30 23:00:00+00:00,0.95448,0.95448,0.95316,0.95342,479.0
2026-03-31 00:00:00+00:00,0.95347,0.95556,0.95232,0.9546,2193.0
2026-03-31 01:00:00+00:00,0.95458,0.95674,0.95422,0.95596,2345.0
2026-03-31 02:00:00+00:00,0.95594,0.95627,0.955,0.955,1690.0
2026-03-31 03:00:00+00:00,0.95496,0.95532,0.9537,0.95412,1272.0
2026-03-31 04:00:00+00:00,0.95414,0.95452,0.95344,0.95345,1806.0
2026-03-31 05:00:00+00:00,0.95342,0.95478,0.95286,0.95417,1509.0
2026-03-31 06:00:00+00:00,0.95416,0.95502,0.95382,0.95494,1275.0
2026-03-31 07:00:00+00:00,0.95493,0.95682,0.95398,0.95671,1413.0
2026-03-31 08:00:00+00:00,0.95665,0.95719,0.95572,0.95644,1379.0
2026-03-31 09:00:00+00:00,0.9564,0.95709,0.95562,0.9558,1128.0
2026-03-31 10:00:00+00:00,0.9558,0.9561,0.95516,0.95528,655.0
2026-03-31 11:00:00+00:00,0.95534,0.9594,0.95518,0.95915,2368.0
2026-03-31 12:00:00+00:00,0.95922,0.9601,0.9578,0.95848,2666.0
2026-03-31 13:00:00+00:00,0.95854,0.95919,0.95726,0.95884,1823.0
2026-03-31 14:00:00+00:00,0.95882,0.9595,0.95407,0.9558,3137.0
2026-03-31 15:00:00+00:00,0.95576,0.95832,0.95567,0.95635,2938.0
2026-03-31 16:00:00+00:00,0.95632,0.96093,0.95622,0.95938,4403.0
2026-03-31 17:00:00+00:00,0.95942,0.96124,0.95912,0.9593,3708.0
2026-03-31 18:00:00+00:00,0.95934,0.96077,0.95922,0.96008,1507.0
2026-03-31 19:00:00+00:00,0.96012,0.96086,0.95967,0.95994,943.0
2026-03-31 20:00:00+00:00,0.95996,0.96038,0.95958,0.96012,642.0
2026-03-31 21:00:00+00:00,0.9593,0.96009,0.95918,0.95992,929.0
2026-03-31 22:00:00+00:00,0.95998,0.96027,0.95974,0.96012,396.0
2026-03-31 23:00:00+00:00,0.96006,0.96204,0.95995,0.96197,565.0
