timestamp,open,high,low,close,volume
2025-01-01 22:00:00+00:00,1.10646,1.10646,1.10462,1.10466,506.0
2025-01-01 23:00:00+00:00,1.10447,1.10655,1.10422,1.10646,2416.0
2025-01-02 00:00:00+00:00,1.10647,1.10679,1.10582,1.10655,2258.0
2025-01-02 01:00:00+00:00,1.10654,1.10708,1.10592,1.10623,3790.0
2025-01-02 02:00:00+00:00,1.10625,1.10696,1.10583,1.10696,2070.0
2025-01-02 03:00:00+00:00,1.107,1.10702,1.10638,1.10669,1398.0
2025-01-02 04:00:00+00:00,1.10668,1.10704,1.10644,1.10688,1249.0
2025-01-02 05:00:00+00:00,1.10689,1.10742,1.10684,1.10721,1805.0
2025-01-02 06:00:00+00:00,1.10721,1.10735,1.10704,1.10713,1841.0
2025-01-02 07:00:00+00:00,1.10715,1.10746,1.1062,1.10634,2784.0
2025-01-02 08:00:00+00:00,1.10632,1.10683,1.10616,1.1064,4055.0
2025-01-02 09:00:00+00:00,1.10642,1.10683,1.10566,1.10659,4016.0
2025-01-02 10:00:00+00:00,1.10658,1.107,1.10606,1.10693,4870.0
2025-01-02 11:00:00+00:00,1.10694,1.10766,1.10673,1.10721,3553.0
2025-01-02 12:00:00+00:00,1.10723,1.10737,1.10664,1.10708,4502.0
2025-01-02 13:00:00+00:00,1.10709,1.10764,1.10682,1.10764,6042.0
2025-01-02 14:00:00+00:00,1.10764,1.10834,1.10756,1.10801,4107.0
2025-01-02 15:00:00+00:00,1.10802,1.10848,1.10698,1.10838,6156.0
2025-01-02 16:00:00+00:00,1.10839,1.10882,1.10822,1.10848,6647.0
2025-01-02 17:00:00+00:00,1.10848,1.10884,1.10824,1.10857,5120.0
2025-01-02 18:00:00+00:00,1.10844,1.1087,1.10806,1.10817,3745.0
2025-01-02 19:00:00+00:00,1.10816,1.10852,1.10812,1.10845,2682.0
2025-01-02 20:00:00+00:00,1.10846,1.1091,1.10839,1.10904,1950.0
2025-01-02 21:00:00+00:00,1.10904,1.10908,1.10854,1.10884,1338.0
2025-01-02 22:00:00+00:00,1.10886,1.10964,1.1079,1.10836,830.0
2025-01-02 23:00:00+00:00,1.1085,1.10916,1.10838,1.10874,1023.0
2025-01-03 00:00:00+00:00,1.10872,1.1094,1.1084,1.10864,2375.0
2025-01-03 01:00:00+00:00,1.10863,1.10928,1.10844,1.1092,3740.0
2025-01-03 02:00:00+00:00,1.10918,1.10933,1.1085,1.10864,3683.0
2025-01-03 03:00:00+00:00,1.10865,1.10866,1.10826,1.10838,2432.0
2025-01-03 04:00:00+00:00,1.10838,1.1088,1.1083,1.10864,2204.0
2025-01-03 05:00:00+00:00,1.10864,1.10888,1.10852,1.10876,3218.0
2025-01-03 06:00:00+00:00,1.10875,1.10892,1.10847,1.10853,2349.0
2025-01-03 07:00:00+00:00,1.10856,1.10916,1.10852,1.1089,4731.0
2025-01-03 08:00:00+00:00,1.10887,1.10928,1.1087,1.10914,3669.0
2025-01-03 09:00:00+00:00,1.10914,1.1095,1.10898,1.10929,2995.0
2025-01-03 10:00:00+00:00,1.10928,1.10996,1.10914,1.10991,2404.0
2025-01-03 11:00:00+00:00,1.10993,1.11009,1.10954,1.10976,2524.0
2025-01-03 12:00:00+00:00,1.1098,1.10986,1.10935,1.10952,2917.0
2025-01-03 13:00:00+00:00,1.10951,1.10951,1.10898,1.10913,3090.0
2025-01-03 14:00:00+00:00,1.10914,1.10922,1.10766,1.10811,2880.0
2025-01-03 15:00:00+00:00,1.10816,1.10866,1.10764,1.10803,5994.0
2025-01-03 16:00:00+00:00,1.10802,1.10804,1.1074,1.10796,3511.0
2025-01-03 17:00:00+00:00,1.108,1.10805,1.10741,1.10779,2547.0
2025-01-03 18:00:00+00:00,1.10779,1.10827,1.10766,1.10824,2225.0
2025-01-03 19:00:00+00:00,1.10826,1.10864,1.10819,1.10842,1539.0
2025-01-03 20:00:00+00:00,1.10844,1.10858,1.1082,1.10857,2058.0
2025-01-03 21:00:00+00:00,1.10854,1.10856,1.107,1.10774,1918.0
2025-01-05 22:00:00+00:00,1.10736,1.10736,1.10634,1.10665,509.0
2025-01-05 23:00:00+00:00,1.10664,1.10786,1.10664,1.10752,2024.0
2025-01-06 00:00:00+00:00,1.1075,1.10768,1.10697,1.10748,3436.0
2025-01-06 01:00:00+00:00,1.10748,1.10846,1.10678,1.10826,4045.0
2025-01-06 02:00:00+00:00,1.10825,1.10864,1.10772,1.10836,3629.0
2025-01-06 03:00:00+00:00,1.10835,1.10848,1.1069,1.10694,2438.0
2025-01-06 04:00:00+00:00,1.10694,1.10703,1.1065,1.10688,1967.0
2025-01-06 05:00:00+00:00,1.10688,1.10765,1.10672,1.10758,2288.0
2025-01-06 06:00:00+00:00,1.10759,1.1077,1.10705,1.10748,2638.0
2025-01-06 07:00:00+00:00,1.10752,1.108,1.10732,1.10744,2859.0
2025-01-06 08:00:00+00:00,1.10742,1.10802,1.10726,1.10799,4238.0
2025-01-06 09:00:00+00:00,1.10799,1.1082,1.10768,1.10815,3934.0
2025-01-06 10:00:00+00:00,1.10814,1.10828,1.10798,1.10813,2324.0
2025-01-06 11:00:00+00:00,1.10819,1.1089,1.10764,1.10769,9032.0
2025-01-06 12:00:00+00:00,1.1077,1.10842,1.10745,1.10831,5929.0
2025-01-06 13:00:00+00:00,1.10832,1.10884,1.10806,1.1084,6835.0
2025-01-06 14:00:00+00:00,1.1084,1.10864,1.10728,1.10754,9920.0
2025-01-06 15:00:00+00:00,1.10752,1.1081,1.10713,1.10734,7885.0
2025-01-06 16:00:00+00:00,1.10736,1.10742,1.1069,1.10727,5290.0
2025-01-06 17:00:00+00:00,1.10722,1.10727,1.10654,1.10666,3039.0
2025-01-06 18:00:00+00:00,1.10666,1.10718,1.10666,1.1071,3105.0
2025-01-06 19:00:00+00:00,1.10708,1.10734,1.107,1.10706,2041.0
2025-01-06 20:00:00+00:00,1.10705,1.1071,1.10668,1.10683,2441.0
2025-01-06 21:00:00+00:00,1.10682,1.10694,1.10654,1.10682,1388.0
2025-01-06 22:00:00+00:00,1.10678,1.10716,1.10608,1.10686,393.0
2025-01-06 23:00:00+00:00,1.10677,1.10689,1.10618,1.10654,1143.0
2025-01-07 00:00:00+00:00,1.10653,1.10724,1.10645,1.10706,3115.0
2025-01-07 01:00:00+00:00,1.10706,1.10732,1.10643,1.10692,3398.0
2025-01-07 02:00:00+00:00,1.1069,1.10695,1.10593,1.10601,3458.0
2025-01-07 03:00:00+00:00,1.106,1.10635,1.10565,1.10582,2428.0
2025-01-07 04:00:00+00:00,1.1058,1.10588,1.10541,1.10584,1743.0
2025-01-07 05:00:00+00:00,1.10588,1.10612,1.10564,1.10595,2759.0
2025-01-07 06:00:00+00:00,1.10598,1.10634,1.10554,1.10616,2390.0
2025-01-07 07:00:00+00:00,1.10616,1.10632,1.10542,1.10556,3627.0
2025-01-07 08:00:00+00:00,1.10559,1.10566,1.10438,1.10479,3952.0
2025-01-07 09:00:00+00:00,1.10484,1.10508,1.1044,1.10508,3368.0
2025-01-07 10:00:00+00:00,1.10514,1.10576,1.10508,1.10558,3160.0
2025-01-07 11:00:00+00:00,1.10558,1.10593,1.10516,1.10542,3133.0
2025-01-07 12:00:00+00:00,1.10546,1.10674,1.10534,1.1064,3408.0
2025-01-07 13:00:00+00:00,1.10642,1.1069,1.10597,1.106,3737.0
2025-01-07 14:00:00+00:00,1.10602,1.10626,1.10544,1.10582,3609.0
2025-01-07 15:00:00+00:00,1.10582,1.10678,1.1056,1.10631,7715.0
2025-01-07 16:00:00+00:00,1.10632,1.10683,1.10618,1.10658,6495.0
2025-01-07 17:00:00+00:00,1.10655,1.10666,1.106,1.10611,4928.0
2025-01-07 18:00:00+00:00,1.1062,1.10634,1.10589,1.10614,1937.0
2025-01-07 19:00:00+00:00,1.10614,1.1064,1.10587,1.10616,2144.0
2025-01-07 20:00:00+00:00,1.10614,1.10622,1.10568,1.10587,3829.0
2025-01-07 21:00:00+00:00,1.10588,1.10624,1.10578,1.10586,1488.0
2025-01-07 22:00:00+00:00,1.10582,1.10642,1.10515,1.10638,294.0
2025-01-07 23:00:00+00:00,1.10624,1.10656,1.10594,1.10654,1219.0
2025-01-08 00:00:00+00:00,1.10654,1.10666,1.10488,1.10524,3767.0
2025-01-08 01:00:00+00:00,1.10524,1.10529,1.10405,1.10478,4071.0
2025-01-08 02:00:00+00:00,1.10478,1.10607,1.10466,1.10603,2916.0
2025-01-08 03:00:00+00:00,1.10606,1.10654,1.10574,1.10636,2161.0
2025-01-08 04:00:00+00:00,1.10634,1.10656,1.10572,1.10576,1917.0
2025-01-08 05:00:00+00:00,1.10578,1.10578,1.10521,1.10538,2597.0
2025-01-08 06:00:00+00:00,1.10536,1.10579,1.10465,1.10574,2645.0
2025-01-08 07:00:00+00:00,1.10574,1.10636,1.10528,1.10632,3890.0
2025-01-08 08:00:00+00:00,1.10634,1.10694,1.10623,1.10653,4312.0
2025-01-08 09:00:00+00:00,1.10652,1.10714,1.1064,1.107,3584.0
2025-01-08 10:00:00+00:00,1.10696,1.10738,1.10648,1.10649,3364.0
2025-01-08 11:00:00+00:00,1.10649,1.10752,1.10646,1.10702,7146.0
2025-01-08 12:00:00+00:00,1.10703,1.1073,1.10655,1.10702,6571.0
2025-01-08 13:00:00+00:00,1.10702,1.10791,1.10699,1.10778,8702.0
2025-01-08 14:00:00+00:00,1.10776,1.1086,1.10748,1.10748,6890.0
2025-01-08 15:00:00+00:00,1.10748,1.10809,1.10736,1.10745,6508.0
2025-01-08 16:00:00+00:00,1.10748,1.10794,1.10744,1.10774,6499.0
2025-01-08 17:00:00+00:00,1.10772,1.1078,1.10725,1.10764,5061.0
2025-01-08 18:00:00+00:00,1.10764,1.10814,1.1076,1.10782,3754.0
2025-01-08 19:00:00+00:00,1.1077,1.10832,1.10761,1.10823,3924.0
2025-01-08 20:00:00+00:00,1.10822,1.10854,1.1081,1.10844,2597.0
2025-01-08 21:00:00+00:00,1.10843,1.10852,1.10816,1.10822,1317.0
2025-01-08 22:00:00+00:00,1.10812,1.10864,1.10714,1.10832,855.0
2025-01-08 23:00:00+00:00,1.10826,1.10832,1.10796,1.10813,1287.0
2025-01-09 00:00:00+00:00,1.10814,1.10874,1.10759,1.10776,2901.0
2025-01-09 01:00:00+00:00,1.10778,1.10812,1.10717,1.10788,3529.0
2025-01-09 02:00:00+00:00,1.10786,1.10808,1.10714,1.10716,2486.0
2025-01-09 03:00:00+00:00,1.10715,1.10778,1.10705,1.10755,2229.0
2025-01-09 04:00:00+00:00,1.10756,1.10775,1.10702,1.10752,2253.0
2025-01-09 05:00:00+00:00,1.10752,1.10755,1.10696,1.10721,2439.0
2025-01-09 06:00:00+00:00,1.1072,1.10808,1.10697,1.10768,3282.0
2025-01-09 07:00:00+00:00,1.10774,1.10818,1.10708,1.10808,4417.0
2025-01-09 08:00:00+00:00,1.10812,1.10826,1.10696,1.10774,5091.0
2025-01-09 09:00:00+00:00,1.10775,1.10822,1.10744,1.10775,3841.0
2025-01-09 10:00:00+00:00,1.10772,1.10812,1.10744,1.10808,3302.0
2025-01-09 11:00:00+00:00,1.10808,1.1084,1.10776,1.10818,3803.0
2025-01-09 12:00:00+00:00,1.10818,1.10836,1.10782,1.10793,3635.0
2025-01-09 13:00:00+00:00,1.10792,1.10792,1.10735,1.10754,3924.0
2025-01-09 14:00:00+00:00,1.10753,1.10778,1.1068,1.1069,2778.0
2025-01-09 15:00:00+00:00,1.1069,1.1078,1.10684,1.1072,3722.0
2025-01-09 16:00:00+00:00,1.1072,1.10748,1.10686,1.10698,2836.0
2025-01-09 17:00:00+00:00,1.10696,1.10722,1.10677,1.10682,3134.0
2025-01-09 18:00:00+00:00,1.10683,1.10702,1.10659,1.1068,2222.0
2025-01-09 19:00:00+00:00,1.10681,1.10701,1.10628,1.10677,1780.0
2025-01-09 20:00:00+00:00,1.10683,1.10692,1.1066,1.10678,1350.0
2025-01-09 21:00:00+00:00,1.10678,1.10684,1.1063,1.10636,1069.0
2025-01-09 22:00:00+00:00,1.1074,1.1074,1.1064,1.10676,323.0
2025-01-09 23:00:00+00:00,1.10682,1.10698,1.10648,1.10668,1545.0
2025-01-10 00:00:00+00:00,1.10669,1.10712,1.10654,1.10702,2530.0
2025-01-10 01:00:00+00:00,1.10703,1.10808,1.10694,1.10694,3795.0
2025-01-10 02:00:00+00:00,1.1069,1.10754,1.10671,1.10735,2135.0
2025-01-10 03:00:00+00:00,1.10736,1.10794,1.1073,1.10772,1804.0
2025-01-10 04:00:00+00:00,1.10772,1.10789,1.1074,1.1078,1961.0
2025-01-10 05:00:00+00:00,1.10782,1.10824,1.10774,1.10808,2305.0
2025-01-10 06:00:00+00:00,1.1081,1.10831,1.1079,1.10816,2409.0
2025-01-10 07:00:00+00:00,1.10817,1.10842,1.10768,1.1079,2693.0
2025-01-10 08:00:00+00:00,1.10789,1.10855,1.10785,1.1084,3841.0
2025-01-10 09:00:00+00:00,1.10837,1.10886,1.10812,1.10864,3314.0
2025-01-10 10:00:00+00:00,1.10864,1.10886,1.10834,1.10882,2929.0
2025-01-10 11:00:00+00:00,1.10882,1.10904,1.10852,1.10861,2531.0
2025-01-10 12:00:00+00:00,1.10862,1.10869,1.10773,1.10794,3225.0
2025-01-10 13:00:00+00:00,1.10793,1.10818,1.10684,1.10762,9774.0
2025-01-10 14:00:00+00:00,1.10758,1.10807,1.10744,1.10782,9887.0
2025-01-10 15:00:00+00:00,1.10782,1.10799,1.10646,1.10676,9418.0
2025-01-10 16:00:00+00:00,1.10674,1.10692,1.10626,1.10636,7151.0
2025-01-10 17:00:00+00:00,1.10636,1.10645,1.10594,1.1063,3387.0
2025-01-10 18:00:00+00:00,1.10628,1.10687,1.10626,1.10683,2346.0
2025-01-10 19:00:00+00:00,1.10684,1.10687,1.10588,1.1059,2562.0
2025-01-10 20:00:00+00:00,1.10584,1.10618,1.10578,1.1061,2896.0
2025-01-10 21:00:00+00:00,1.10612,1.10704,1.10522,1.10596,1150.0
2025-01-12 22:00:00+00:00,1.10578,1.10682,1.10568,1.10644,549.0
2025-01-12 23:00:00+00:00,1.10634,1.10688,1.10588,1.10605,2602.0
2025-01-13 00:00:00+00:00,1.10606,1.10647,1.10594,1.10603,2485.0
2025-01-13 01:00:00+00:00,1.10604,1.10677,1.1059,1.10642,5096.0
2025-01-13 02:00:00+00:00,1.10641,1.10658,1.10565,1.10588,3647.0
2025-01-13 03:00:00+00:00,1.1059,1.1059,1.10456,1.10468,2881.0
2025-01-13 04:00:00+00:00,1.10468,1.10544,1.10464,1.10497,3080.0
2025-01-13 05:00:00+00:00,1.10498,1.1056,1.10492,1.10544,2925.0
2025-01-13 06:00:00+00:00,1.10546,1.10638,1.10546,1.10638,3223.0
2025-01-13 07:00:00+00:00,1.10631,1.10654,1.10592,1.10648,4847.0
2025-01-13 08:00:00+00:00,1.10648,1.10722,1.1063,1.10716,5800.0
2025-01-13 09:00:00+00:00,1.10717,1.10782,1.10706,1.10718,6624.0
2025-01-13 10:00:00+00:00,1.10716,1.10786,1.10698,1.1077,3761.0
2025-01-13 11:00:00+00:00,1.10769,1.10784,1.10752,1.10771,3542.0
2025-01-13 12:00:00+00:00,1.10772,1.10776,1.10714,1.10738,5017.0
2025-01-13 13:00:00+00:00,1.10738,1.10752,1.1067,1.10684,4818.0
2025-01-13 14:00:00+00:00,1.10684,1.10792,1.1068,1.10776,5296.0
2025-01-13 15:00:00+00:00,1.10776,1.10815,1.1075,1.10794,4676.0
2025-01-13 16:00:00+00:00,1.10797,1.10852,1.10782,1.10815,4440.0
2025-01-13 17:00:00+00:00,1.10814,1.10834,1.10804,1.10819,3243.0
2025-01-13 18:00:00+00:00,1.10819,1.10819,1.10737,1.10751,2629.0
2025-01-13 19:00:00+00:00,1.10752,1.10781,1.10732,1.10747,2459.0
2025-01-13 20:00:00+00:00,1.10746,1.10748,1.10688,1.10696,2543.0
2025-01-13 21:00:00+00:00,1.10696,1.10703,1.10598,1.10626,1985.0
2025-01-13 22:00:00+00:00,1.1064,1.10681,1.10502,1.10578,883.0
2025-01-13 23:00:00+00:00,1.1056,1.10608,1.10418,1.10524,3474.0
2025-01-14 00:00:00+00:00,1.10524,1.10531,1.10404,1.10463,3972.0
2025-01-14 01:00:00+00:00,1.10462,1.10478,1.10312,1.10329,4169.0
2025-01-14 02:00:00+00:00,1.1033,1.1044,1.10308,1.10372,3463.0
2025-01-14 03:00:00+00:00,1.10373,1.10423,1.1032,1.10334,2877.0
2025-01-14 04:00:00+00:00,1.10333,1.1036,1.10302,1.10346,2008.0
2025-01-14 05:00:00+00:00,1.10345,1.10362,1.10308,1.10328,2147.0
2025-01-14 06:00:00+00:00,1.10325,1.10342,1.10277,1.10294,2405.0
2025-01-14 07:00:00+00:00,1.10294,1.10356,1.10272,1.10289,3946.0
2025-01-14 08:00:00+00:00,1.1029,1.10308,1.10206,1.10288,4733.0
2025-01-14 09:00:00+00:00,1.10288,1.10342,1.1027,1.10325,3647.0
2025-01-14 10:00:00+00:00,1.10324,1.1034,1.10271,1.10294,3618.0
2025-01-14 11:00:00+00:00,1.10294,1.10475,1.10272,1.10359,3215.0
2025-01-14 12:00:00+00:00,1.10358,1.10416,1.10312,1.10408,3776.0
2025-01-14 13:00:00+00:00,1.1041,1.1045,1.10358,1.10431,7488.0
2025-01-14 14:00:00+00:00,1.10434,1.10475,1.10418,1.10442,7007.0
2025-01-14 15:00:00+00:00,1.10442,1.10566,1.10436,1.1056,6016.0
2025-01-14 16:00:00+00:00,1.1056,1.10564,1.10472,1.10487,5928.0
2025-01-14 17:00:00+00:00,1.10484,1.10612,1.10478,1.10594,3634.0
2025-01-14 18:00:00+00:00,1.10594,1.10594,1.10547,1.10559,1568.0
2025-01-14 19:00:00+00:00,1.10558,1.10566,1.10512,1.10518,1759.0
2025-01-14 20:00:00+00:00,1.10516,1.10536,1.10486,1.10534,2060.0
2025-01-14 21:00:00+00:00,1.10534,1.10542,1.10512,1.1053,1067.0
2025-01-14 22:00:00+00:00,1.1057,1.10578,1.1052,1.10531,443.0
2025-01-14 23:00:00+00:00,1.10534,1.10549,1.105,1.10504,1156.0
2025-01-15 00:00:00+00:00,1.10504,1.1055,1.10408,1.1042,2521.0
2025-01-15 01:00:00+00:00,1.10418,1.10461,1.10402,1.10425,3292.0
2025-01-15 02:00:00+00:00,1.10424,1.10494,1.10387,1.10474,2376.0
2025-01-15 03:00:00+00:00,1.10474,1.10516,1.10433,1.10486,2111.0
2025-01-15 04:00:00+00:00,1.10486,1.10516,1.1045,1.10492,2182.0
2025-01-15 05:00:00+00:00,1.10492,1.10553,1.10456,1.10535,3122.0
2025-01-15 06:00:00+00:00,1.10536,1.10542,1.1048,1.1053,2402.0
2025-01-15 07:00:00+00:00,1.10532,1.10566,1.10427,1.10434,3799.0
2025-01-15 08:00:00+00:00,1.10433,1.10472,1.10396,1.1041,3875.0
2025-01-15 09:00:00+00:00,1.1041,1.10476,1.1041,1.10455,3260.0
2025-01-15 10:00:00+00:00,1.10457,1.10527,1.10448,1.10513,2607.0
2025-01-15 11:00:00+00:00,1.10509,1.10576,1.10497,1.10566,2788.0
2025-01-15 12:00:00+00:00,1.10562,1.10616,1.10561,1.10604,2916.0
2025-01-15 13:00:00+00:00,1.10602,1.1064,1.10456,1.10571,9169.0
2025-01-15 14:00:00+00:00,1.10568,1.10672,1.10558,1.10654,8848.0
2025-01-15 15:00:00+00:00,1.10657,1.10726,1.10598,1.10719,7297.0
2025-01-15 16:00:00+00:00,1.1072,1.108,1.10698,1.10777,6192.0
2025-01-15 17:00:00+00:00,1.10775,1.10839,1.10774,1.10837,3146.0
2025-01-15 18:00:00+00:00,1.1083,1.10887,1.10826,1.10875,1944.0
2025-01-15 19:00:00+00:00,1.10876,1.10938,1.10864,1.10875,1660.0
2025-01-15 20:00:00+00:00,1.10876,1.10879,1.10846,1.10854,1384.0
2025-01-15 21:00:00+00:00,1.10852,1.10882,1.10829,1.10874,1429.0
2025-01-15 22:00:00+00:00,1.10888,1.10913,1.10803,1.10876,435.0
2025-01-15 23:00:00+00:00,1.10868,1.10884,1.10776,1.1079,1460.0
2025-01-16 00:00:00+00:00,1.10791,1.10957,1.10751,1.10784,4381.0
2025-01-16 01:00:00+00:00,1.10786,1.10817,1.10696,1.10734,4338.0
2025-01-16 02:00:00+00:00,1.10734,1.10788,1.10691,1.10722,3470.0
2025-01-16 03:00:00+00:00,1.10722,1.10762,1.10686,1.10732,2842.0
2025-01-16 04:00:00+00:00,1.10734,1.10742,1.10663,1.10691,2022.0
2025-01-16 05:00:00+00:00,1.1069,1.10698,1.10602,1.10687,2740.0
2025-01-16 06:00:00+00:00,1.10688,1.10756,1.10678,1.10745,2879.0
2025-01-16 07:00:00+00:00,1.10746,1.10848,1.10744,1.10818,3678.0
2025-01-16 08:00:00+00:00,1.10816,1.10936,1.10812,1.10922,3392.0
2025-01-16 09:00:00+00:00,1.10918,1.10932,1.10844,1.10884,2756.0
2025-01-16 10:00:00+00:00,1.10884,1.10904,1.10858,1.10881,2585.0
2025-01-16 11:00:00+00:00,1.10882,1.10894,1.10846,1.10874,2488.0
2025-01-16 12:00:00+00:00,1.10876,1.10936,1.1087,1.10928,3826.0
2025-01-16 13:00:00+00:00,1.10927,1.11,1.10842,1.11,6377.0
2025-01-16 14:00:00+00:00,1.11,1.1103,1.10932,1.1094,5514.0
2025-01-16 15:00:00+00:00,1.10938,1.10957,1.1076,1.10789,7825.0
2025-01-16 16:00:00+00:00,1.10788,1.10799,1.1073,1.10752,6564.0
2025-01-16 17:00:00+00:00,1.10752,1.10786,1.1074,1.10769,4927.0
2025-01-16 18:00:00+00:00,1.10769,1.10777,1.10734,1.10754,2219.0
2025-01-16 19:00:00+00:00,1.10752,1.1077,1.10738,1.10754,2018.0
2025-01-16 20:00:00+00:00,1.10751,1.10784,1.10745,1.10772,1724.0
2025-01-16 21:00:00+00:00,1.10771,1.10804,1.10761,1.10794,1317.0
2025-01-16 22:00:00+00:00,1.10772,1.10856,1.10754,1.10834,301.0
2025-01-16 23:00:00+00:00,1.10826,1.10831,1.10738,1.10742,1394.0
2025-01-17 00:00:00+00:00,1.1074,1.1077,1.10654,1.10708,2550.0
2025-01-17 01:00:00+00:00,1.10708,1.10754,1.1066,1.10716,3055.0
2025-01-17 02:00:00+00:00,1.10717,1.1076,1.1071,1.10744,2998.0
2025-01-17 03:00:00+00:00,1.10748,1.10866,1.10734,1.10853,2043.0
2025-01-17 04:00:00+00:00,1.10852,1.10888,1.10798,1.10836,2335.0
2025-01-17 05:00:00+00:00,1.10834,1.10914,1.10826,1.10904,2583.0
2025-01-17 06:00:00+00:00,1.10904,1.11014,1.1089,1.10996,2348.0
2025-01-17 07:00:00+00:00,1.10998,1.11019,1.10962,1.1098,3531.0
2025-01-17 08:00:00+00:00,1.10986,1.10992,1.1089,1.10906,3180.0
2025-01-17 09:00:00+00:00,1.10904,1.1091,1.10812,1.10813,3999.0
2025-01-17 10:00:00+00:00,1.10813,1.10826,1.10786,1.1079,3133.0
2025-01-17 11:00:00+00:00,1.10789,1.10824,1.10725,1.1074,2777.0
2025-01-17 12:00:00+00:00,1.1074,1.1077,1.1067,1.1074,3998.0
2025-01-17 13:00:00+00:00,1.1074,1.1084,1.10736,1.10802,5114.0
2025-01-17 14:00:00+00:00,1.10802,1.10982,1.1079,1.10952,8252.0
2025-01-17 15:00:00+00:00,1.10958,1.10984,1.10871,1.10974,8186.0
2025-01-17 16:00:00+00:00,1.10968,1.10983,1.10938,1.10958,5153.0
2025-01-17 17:00:00+00:00,1.10958,1.10998,1.10952,1.10968,3648.0
2025-01-17 18:00:00+00:00,1.10968,1.10976,1.1092,1.10972,1659.0
2025-01-17 19:00:00+00:00,1.10974,1.10988,1.10947,1.10981,1882.0
2025-01-17 20:00:00+00:00,1.10984,1.10987,1.10888,1.10898,2742.0
2025-01-17 21:00:00+00:00,1.10902,1.10957,1.10878,1.10914,2297.0
2025-01-19 22:00:00+00:00,1.1085,1.10972,1.10819,1.1083,373.0
2025-01-19 23:00:00+00:00,1.10826,1.10949,1.10826,1.10884,2183.0
2025-01-20 00:00:00+00:00,1.10885,1.109,1.10826,1.10848,2859.0
2025-01-20 01:00:00+00:00,1.10847,1.10858,1.1081,1.10826,2824.0
2025-01-20 02:00:00+00:00,1.10826,1.10842,1.10762,1.10762,2658.0
2025-01-20 03:00:00+00:00,1.10761,1.10813,1.10736,1.10759,2996.0
2025-01-20 04:00:00+00:00,1.1076,1.10777,1.1074,1.10744,2313.0
2025-01-20 05:00:00+00:00,1.10744,1.10752,1.10706,1.10724,2316.0
2025-01-20 06:00:00+00:00,1.10724,1.10784,1.10714,1.10766,2861.0
2025-01-20 07:00:00+00:00,1.10766,1.10824,1.10674,1.10677,3279.0
2025-01-20 08:00:00+00:00,1.10674,1.10766,1.10668,1.10708,3470.0
2025-01-20 09:00:00+00:00,1.10709,1.10743,1.10684,1.10693,3414.0
2025-01-20 10:00:00+00:00,1.10692,1.10738,1.1069,1.10711,2603.0
2025-01-20 11:00:00+00:00,1.10708,1.10726,1.1069,1.10696,2095.0
2025-01-20 12:00:00+00:00,1.10696,1.10728,1.10676,1.10726,2797.0
2025-01-20 13:00:00+00:00,1.10728,1.10826,1.1062,1.1071,11557.0
2025-01-20 14:00:00+00:00,1.10708,1.10731,1.10637,1.10663,10485.0
2025-01-20 15:00:00+00:00,1.10664,1.10686,1.10606,1.10657,7522.0
2025-01-20 16:00:00+00:00,1.10654,1.10672,1.10629,1.10656,3305.0
2025-01-20 17:00:00+00:00,1.10656,1.10678,1.1059,1.10608,7443.0
2025-01-20 18:00:00+00:00,1.1059,1.10616,1.10576,1.10589,2018.0
2025-01-20 19:00:00+00:00,1.10589,1.10594,1.10538,1.1054,2112.0
2025-01-20 20:00:00+00:00,1.1054,1.10572,1.10521,1.10552,4179.0
2025-01-20 21:00:00+00:00,1.1055,1.1064,1.10542,1.10636,2715.0
2025-01-20 22:00:00+00:00,1.10632,1.10632,1.10504,1.10514,361.0
2025-01-20 23:00:00+00:00,1.1052,1.10562,1.10502,1.1055,3365.0
2025-01-21 00:00:00+00:00,1.10549,1.1057,1.10385,1.10453,9693.0
2025-01-21 01:00:00+00:00,1.10454,1.10604,1.10438,1.10491,11996.0
2025-01-21 02:00:00+00:00,1.10491,1.10569,1.10464,1.10474,6449.0
2025-01-21 03:00:00+00:00,1.10471,1.10513,1.10445,1.10493,3997.0
2025-01-21 04:00:00+00:00,1.10494,1.10518,1.10468,1.10492,2768.0
2025-01-21 05:00:00+00:00,1.10495,1.1054,1.10466,1.10494,2805.0
2025-01-21 06:00:00+00:00,1.10494,1.10588,1.1047,1.10577,2915.0
2025-01-21 07:00:00+00:00,1.10584,1.10601,1.10548,1.10574,3877.0
2025-01-21 08:00:00+00:00,1.10573,1.10647,1.10566,1.10575,3943.0
2025-01-21 09:00:00+00:00,1.10576,1.10678,1.10564,1.1066,3941.0
2025-01-21 10:00:00+00:00,1.1066,1.10684,1.10585,1.10634,3625.0
2025-01-21 11:00:00+00:00,1.10634,1.1066,1.10596,1.10602,3650.0
2025-01-21 12:00:00+00:00,1.10601,1.10633,1.10575,1.10626,4619.0
2025-01-21 13:00:00+00:00,1.10627,1.10644,1.10602,1.10635,5035.0
2025-01-21 14:00:00+00:00,1.10636,1.1067,1.10614,1.10666,5474.0
2025-01-21 15:00:00+00:00,1.10663,1.10704,1.1062,1.1065,6024.0
2025-01-21 16:00:00+00:00,1.10652,1.10687,1.10642,1.10674,4247.0
2025-01-21 17:00:00+00:00,1.10674,1.10686,1.10628,1.10634,3949.0
2025-01-21 18:00:00+00:00,1.10634,1.1067,1.10601,1.10612,2882.0
2025-01-21 19:00:00+00:00,1.10614,1.1062,1.10569,1.10572,2370.0
2025-01-21 20:00:00+00:00,1.1057,1.10584,1.1054,1.10558,2134.0
2025-01-21 21:00:00+00:00,1.10558,1.1057,1.10444,1.10456,2009.0
2025-01-21 22:00:00+00:00,1.10458,1.10611,1.10458,1.10542,2455.0
2025-01-21 23:00:00+00:00,1.1054,1.10641,1.10514,1.10634,4110.0
2025-01-22 00:00:00+00:00,1.10634,1.10754,1.10634,1.10754,3639.0
2025-01-22 01:00:00+00:00,1.10752,1.10779,1.10726,1.10762,3636.0
2025-01-22 02:00:00+00:00,1.10765,1.10863,1.10756,1.10842,2885.0
2025-01-22 03:00:00+00:00,1.1084,1.10845,1.1073,1.10756,2295.0
2025-01-22 04:00:00+00:00,1.10755,1.10758,1.1067,1.10676,1914.0
2025-01-22 05:00:00+00:00,1.10674,1.10712,1.10654,1.10664,2679.0
2025-01-22 06:00:00+00:00,1.10663,1.10728,1.10628,1.10692,3206.0
2025-01-22 07:00:00+00:00,1.10691,1.10699,1.10654,1.10672,3422.0
2025-01-22 08:00:00+00:00,1.10676,1.10714,1.10646,1.10648,4468.0
2025-01-22 09:00:00+00:00,1.10648,1.10687,1.10618,1.10636,4582.0
2025-01-22 10:00:00+00:00,1.1064,1.1069,1.10631,1.10667,4056.0
2025-01-22 11:00:00+00:00,1.10665,1.10721,1.10659,1.10706,2980.0
2025-01-22 12:00:00+00:00,1.10706,1.10744,1.10704,1.10732,2942.0
2025-01-22 13:00:00+00:00,1.10732,1.10752,1.10694,1.10728,3965.0
2025-01-22 14:00:00+00:00,1.10728,1.10738,1.10672,1.10695,5490.0
2025-01-22 15:00:00+00:00,1.10689,1.10724,1.10616,1.10715,4315.0
2025-01-22 16:00:00+00:00,1.10714,1.10732,1.10668,1.10725,3512.0
2025-01-22 17:00:00+00:00,1.10726,1.1076,1.10708,1.10758,2825.0
2025-01-22 18:00:00+00:00,1.10758,1.10768,1.10736,1.10755,1550.0
2025-01-22 19:00:00+00:00,1.10755,1.10756,1.10723,1.10742,829.0
2025-01-22 20:00:00+00:00,1.10736,1.10774,1.10725,1.1074,1768.0
2025-01-22 21:00:00+00:00,1.10741,1.10761,1.10718,1.10738,1518.0
2025-01-22 22:00:00+00:00,1.10756,1.10766,1.10706,1.10754,521.0
2025-01-22 23:00:00+00:00,1.10762,1.10785,1.10714,1.10776,1491.0
2025-01-23 00:00:00+00:00,1.10776,1.10779,1.10728,1.10748,3124.0
2025-01-23 01:00:00+00:00,1.10748,1.10778,1.10704,1.10738,4115.0
2025-01-23 02:00:00+00:00,1.10738,1.10738,1.10656,1.10662,4628.0
2025-01-23 03:00:00+00:00,1.10664,1.10754,1.1066,1.1075,2738.0
2025-01-23 04:00:00+00:00,1.1075,1.1075,1.10674,1.10692,2854.0
2025-01-23 05:00:00+00:00,1.10691,1.10711,1.10662,1.1071,2806.0
2025-01-23 06:00:00+00:00,1.10709,1.10722,1.10643,1.10658,2285.0
2025-01-23 07:00:00+00:00,1.10652,1.10709,1.1063,1.10689,3577.0
2025-01-23 08:00:00+00:00,1.10692,1.10745,1.10692,1.10716,6374.0
2025-01-23 09:00:00+00:00,1.10716,1.10728,1.10685,1.10714,5232.0
2025-01-23 10:00:00+00:00,1.10715,1.1076,1.10707,1.10732,3024.0
2025-01-23 11:00:00+00:00,1.10732,1.10766,1.10714,1.10752,2191.0
2025-01-23 12:00:00+00:00,1.10754,1.10762,1.10732,1.10748,3597.0
2025-01-23 13:00:00+00:00,1.10752,1.10756,1.10712,1.10745,5092.0
2025-01-23 14:00:00+00:00,1.10746,1.10746,1.10693,1.10736,4390.0
2025-01-23 15:00:00+00:00,1.10739,1.10801,1.10736,1.10793,4087.0
2025-01-23 16:00:00+00:00,1.10793,1.10808,1.10728,1.10764,7631.0
2025-01-23 17:00:00+00:00,1.10762,1.10808,1.10758,1.10805,4189.0
2025-01-23 18:00:00+00:00,1.10805,1.10819,1.10766,1.10774,3265.0
2025-01-23 19:00:00+00:00,1.10773,1.10788,1.10758,1.10771,2940.0
2025-01-23 20:00:00+00:00,1.10766,1.10776,1.10737,1.10754,2344.0
2025-01-23 21:00:00+00:00,1.10752,1.10776,1.10702,1.10738,1805.0
2025-01-23 22:00:00+00:00,1.10744,1.10763,1.10694,1.10718,478.0
2025-01-23 23:00:00+00:00,1.10718,1.10754,1.10699,1.10707,1021.0
2025-01-24 00:00:00+00:00,1.10708,1.1076,1.10706,1.10751,2082.0
2025-01-24 01:00:00+00:00,1.10752,1.10752,1.10628,1.10675,3693.0
2025-01-24 02:00:00+00:00,1.10677,1.10724,1.1064,1.10693,7274.0
2025-01-24 03:00:00+00:00,1.10694,1.10757,1.10688,1.10742,6075.0
2025-01-24 04:00:00+00:00,1.10743,1.10774,1.10718,1.10725,3691.0
2025-01-24 05:00:00+00:00,1.10724,1.10772,1.10685,1.10745,3153.0
2025-01-24 06:00:00+00:00,1.10746,1.10768,1.10617,1.10626,5230.0
2025-01-24 07:00:00+00:00,1.10626,1.10668,1.10596,1.1062,5544.0
2025-01-24 08:00:00+00:00,1.1062,1.10668,1.10614,1.10656,6236.0
2025-01-24 09:00:00+00:00,1.10656,1.10688,1.10618,1.10676,5027.0
2025-01-24 10:00:00+00:00,1.10674,1.10716,1.1065,1.10652,4227.0
2025-01-24 11:00:00+00:00,1.1065,1.1066,1.10572,1.10615,3032.0
2025-01-24 12:00:00+00:00,1.10616,1.10655,1.10608,1.10618,3379.0
2025-01-24 13:00:00+00:00,1.10614,1.1065,1.10592,1.106,4749.0
2025-01-24 14:00:00+00:00,1.10598,1.1067,1.10566,1.10575,5197.0
2025-01-24 15:00:00+00:00,1.10576,1.10599,1.105,1.10568,6376.0
2025-01-24 16:00:00+00:00,1.1057,1.10572,1.10538,1.10544,4279.0
2025-01-24 17:00:00+00:00,1.10546,1.10576,1.10529,1.10546,2549.0
2025-01-24 18:00:00+00:00,1.10546,1.1056,1.10526,1.1055,1619.0
2025-01-24 19:00:00+00:00,1.10549,1.10554,1.10514,1.10522,1520.0
2025-01-24 20:00:00+00:00,1.10516,1.1053,1.10502,1.10528,2443.0
2025-01-24 21:00:00+00:00,1.10529,1.10613,1.10522,1.10576,3315.0
2025-01-26 22:00:00+00:00,1.10566,1.10664,1.10542,1.10583,1094.0
2025-01-26 23:00:00+00:00,1.10584,1.1059,1.10481,1.1053,2532.0
2025-01-27 00:00:00+00:00,1.10528,1.10582,1.10492,1.1058,2983.0
2025-01-27 01:00:00+00:00,1.1058,1.10707,1.10562,1.10702,4724.0
2025-01-27 02:00:00+00:00,1.10702,1.10706,1.10622,1.10626,2925.0
2025-01-27 03:00:00+00:00,1.10626,1.10698,1.10609,1.1066,3717.0
2025-01-27 04:00:00+00:00,1.10662,1.1067,1.10638,1.1065,2108.0
2025-01-27 05:00:00+00:00,1.1065,1.10652,1.10574,1.10594,2647.0
2025-01-27 06:00:00+00:00,1.10592,1.10615,1.10535,1.10564,3025.0
2025-01-27 07:00:00+00:00,1.10562,1.10605,1.10538,1.10588,3969.0
2025-01-27 08:00:00+00:00,1.1059,1.1061,1.10554,1.10598,4838.0
2025-01-27 09:00:00+00:00,1.106,1.10601,1.10538,1.10566,5927.0
2025-01-27 10:00:00+00:00,1.10566,1.10595,1.10528,1.1054,5753.0
2025-01-27 11:00:00+00:00,1.1054,1.10554,1.10488,1.10544,5584.0
2025-01-27 12:00:00+00:00,1.10545,1.10596,1.10534,1.1056,5286.0
2025-01-27 13:00:00+00:00,1.10563,1.10572,1.10497,1.10528,6266.0
2025-01-27 14:00:00+00:00,1.10528,1.10537,1.10475,1.1052,5831.0
2025-01-27 15:00:00+00:00,1.1052,1.10558,1.10509,1.10551,6074.0
2025-01-27 16:00:00+00:00,1.1055,1.10562,1.10486,1.105,4948.0
2025-01-27 17:00:00+00:00,1.10499,1.1054,1.10482,1.10485,4174.0
2025-01-27 18:00:00+00:00,1.10485,1.10526,1.10474,1.10482,2592.0
2025-01-27 19:00:00+00:00,1.10483,1.10516,1.10453,1.1046,3068.0
2025-01-27 20:00:00+00:00,1.1046,1.1054,1.1045,1.10538,2534.0
2025-01-27 21:00:00+00:00,1.10539,1.10586,1.10512,1.10528,2777.0
2025-01-27 22:00:00+00:00,1.10569,1.10612,1.10534,1.10595,876.0
2025-01-27 23:00:00+00:00,1.10586,1.10624,1.10492,1.10505,7079.0
2025-01-28 00:00:00+00:00,1.10502,1.10594,1.1046,1.10587,4964.0
2025-01-28 01:00:00+00:00,1.10586,1.10654,1.10582,1.10597,5061.0
2025-01-28 02:00:00+00:00,1.10597,1.10611,1.10472,1.10474,4931.0
2025-01-28 03:00:00+00:00,1.10476,1.10508,1.1043,1.10477,2538.0
2025-01-28 04:00:00+00:00,1.10477,1.1052,1.10436,1.10488,2007.0
2025-01-28 05:00:00+00:00,1.10488,1.10498,1.1045,1.10477,1956.0
2025-01-28 06:00:00+00:00,1.10476,1.10488,1.1042,1.1045,2064.0
2025-01-28 07:00:00+00:00,1.10452,1.10492,1.10414,1.10468,3473.0
2025-01-28 08:00:00+00:00,1.10466,1.10468,1.10396,1.10412,4515.0
2025-01-28 09:00:00+00:00,1.10416,1.10491,1.10401,1.10476,4269.0
2025-01-28 10:00:00+00:00,1.10474,1.10488,1.10459,1.1047,3185.0
2025-01-28 11:00:00+00:00,1.10471,1.10482,1.10448,1.10481,2665.0
2025-01-28 12:00:00+00:00,1.10482,1.10492,1.10388,1.10438,3560.0
2025-01-28 13:00:00+00:00,1.10436,1.1047,1.10406,1.10434,3979.0
2025-01-28 14:00:00+00:00,1.10434,1.10472,1.10402,1.10422,3502.0
2025-01-28 15:00:00+00:00,1.10424,1.10432,1.1035,1.1036,3746.0
2025-01-28 16:00:00+00:00,1.10358,1.10371,1.10302,1.10321,3646.0
2025-01-28 17:00:00+00:00,1.10322,1.10323,1.10284,1.10314,1690.0
2025-01-28 18:00:00+00:00,1.10314,1.10325,1.10296,1.10308,2450.0
2025-01-28 19:00:00+00:00,1.10314,1.10356,1.10304,1.10334,1484.0
2025-01-28 20:00:00+00:00,1.10336,1.10356,1.10324,1.10332,1700.0
2025-01-28 21:00:00+00:00,1.10332,1.10352,1.10312,1.10332,1271.0
2025-01-28 22:00:00+00:00,1.10298,1.1041,1.10285,1.10386,510.0
2025-01-28 23:00:00+00:00,1.10379,1.10408,1.10348,1.10376,1121.0
2025-01-29 00:00:00+00:00,1.10375,1.1039,1.10088,1.10117,3944.0
2025-01-29 01:00:00+00:00,1.10114,1.10159,1.10068,1.10153,3068.0
2025-01-29 02:00:00+00:00,1.10152,1.1026,1.10152,1.10198,2430.0
2025-01-29 03:00:00+00:00,1.10196,1.10212,1.10134,1.1018,2359.0
2025-01-29 04:00:00+00:00,1.10185,1.1021,1.10143,1.10166,2069.0
2025-01-29 05:00:00+00:00,1.10166,1.1025,1.10152,1.10249,2000.0
2025-01-29 06:00:00+00:00,1.1025,1.10258,1.10205,1.1022,2260.0
2025-01-29 07:00:00+00:00,1.1022,1.10262,1.10194,1.10236,2812.0
2025-01-29 08:00:00+00:00,1.10237,1.1025,1.10204,1.10226,3905.0
2025-01-29 09:00:00+00:00,1.10226,1.10286,1.10224,1.10264,3784.0
2025-01-29 10:00:00+00:00,1.10264,1.10284,1.10228,1.10262,3843.0
2025-01-29 11:00:00+00:00,1.10262,1.10286,1.1023,1.10254,2295.0
2025-01-29 12:00:00+00:00,1.10254,1.10274,1.10206,1.10223,3799.0
2025-01-29 13:00:00+00:00,1.10224,1.10294,1.10216,1.1023,4829.0
2025-01-29 14:00:00+00:00,1.10226,1.10249,1.102,1.10208,3810.0
2025-01-29 15:00:00+00:00,1.10208,1.10228,1.10134,1.10155,4099.0
2025-01-29 16:00:00+00:00,1.10157,1.10174,1.10134,1.10174,4639.0
2025-01-29 17:00:00+00:00,1.10172,1.102,1.1015,1.102,3931.0
2025-01-29 18:00:00+00:00,1.10162,1.1025,1.10161,1.1021,2250.0
2025-01-29 19:00:00+00:00,1.10223,1.1027,1.10148,1.10202,9415.0
2025-01-29 20:00:00+00:00,1.10197,1.1022,1.10169,1.10178,4763.0
2025-01-29 21:00:00+00:00,1.10176,1.10196,1.10104,1.10141,2249.0
2025-01-29 22:00:00+00:00,1.10135,1.10183,1.1008,1.10112,899.0
2025-01-29 23:00:00+00:00,1.10123,1.10178,1.10122,1.10128,2122.0
2025-01-30 00:00:00+00:00,1.10128,1.10204,1.10115,1.10164,2528.0
2025-01-30 01:00:00+00:00,1.10166,1.10224,1.1015,1.10204,2505.0
2025-01-30 02:00:00+00:00,1.10206,1.1025,1.10155,1.10175,2983.0
2025-01-30 03:00:00+00:00,1.10178,1.10224,1.10172,1.10202,2437.0
2025-01-30 04:00:00+00:00,1.102,1.10226,1.10182,1.10192,1554.0
2025-01-30 05:00:00+00:00,1.10193,1.102,1.1016,1.10169,1485.0
2025-01-30 06:00:00+00:00,1.1017,1.10212,1.10156,1.102,2125.0
2025-01-30 07:00:00+00:00,1.10198,1.10288,1.10187,1.1025,2365.0
2025-01-30 08:00:00+00:00,1.10252,1.10346,1.1025,1.10316,3822.0
2025-01-30 09:00:00+00:00,1.10314,1.10325,1.10205,1.1021,3882.0
2025-01-30 10:00:00+00:00,1.1021,1.10272,1.10204,1.10264,3337.0
2025-01-30 11:00:00+00:00,1.10263,1.1027,1.10203,1.10247,3011.0
2025-01-30 12:00:00+00:00,1.1025,1.10252,1.10194,1.10211,3790.0
2025-01-30 13:00:00+00:00,1.1021,1.10244,1.1017,1.102,6292.0
2025-01-30 14:00:00+00:00,1.102,1.10246,1.10172,1.10188,5791.0
2025-01-30 15:00:00+00:00,1.10186,1.10283,1.1018,1.1026,4722.0
2025-01-30 16:00:00+00:00,1.1026,1.10294,1.1024,1.10257,3934.0
2025-01-30 17:00:00+00:00,1.10257,1.1026,1.10226,1.10238,3065.0
2025-01-30 18:00:00+00:00,1.10238,1.10267,1.10234,1.1026,1609.0
2025-01-30 19:00:00+00:00,1.1026,1.10304,1.1024,1.10297,1327.0
2025-01-30 20:00:00+00:00,1.10296,1.10324,1.10232,1.1027,7193.0
2025-01-30 21:00:00+00:00,1.10276,1.10299,1.10166,1.10194,5430.0
2025-01-30 22:00:00+00:00,1.1019,1.10319,1.10135,1.10221,1146.0
2025-01-30 23:00:00+00:00,1.10227,1.10306,1.10202,1.10276,2392.0
2025-01-31 00:00:00+00:00,1.10276,1.10335,1.10252,1.10292,2866.0
2025-01-31 01:00:00+00:00,1.10291,1.10349,1.1027,1.1027,3495.0
2025-01-31 02:00:00+00:00,1.1027,1.10341,1.10229,1.10239,2503.0
2025-01-31 03:00:00+00:00,1.10238,1.10294,1.10229,1.10274,1941.0
2025-01-31 04:00:00+00:00,1.10274,1.10288,1.1024,1.10286,1596.0
2025-01-31 05:00:00+00:00,1.10286,1.10317,1.10206,1.10238,1976.0
2025-01-31 06:00:00+00:00,1.1024,1.10278,1.10202,1.10207,2058.0
2025-01-31 07:00:00+00:00,1.10208,1.1021,1.10152,1.10162,3452.0
2025-01-31 08:00:00+00:00,1.1016,1.10176,1.10102,1.10115,4040.0
2025-01-31 09:00:00+00:00,1.10113,1.10142,1.10095,1.10116,4289.0
2025-01-31 10:00:00+00:00,1.10115,1.10133,1.10086,1.10114,3380.0
2025-01-31 11:00:00+00:00,1.10115,1.10137,1.10102,1.10132,2449.0
2025-01-31 12:00:00+00:00,1.10129,1.10132,1.10102,1.10116,3526.0
2025-01-31 13:00:00+00:00,1.10118,1.10176,1.10104,1.10159,5546.0
2025-01-31 14:00:00+00:00,1.10159,1.10212,1.10146,1.10206,4696.0
2025-01-31 15:00:00+00:00,1.10206,1.10354,1.10203,1.10324,5767.0
2025-01-31 16:00:00+00:00,1.10324,1.10348,1.10158,1.10158,5301.0
2025-01-31 17:00:00+00:00,1.1016,1.10243,1.10148,1.10213,8987.0
2025-01-31 18:00:00+00:00,1.10213,1.10252,1.10192,1.10219,10240.0
2025-01-31 19:00:00+00:00,1.10218,1.10234,1.10183,1.10198,6811.0
2025-01-31 20:00:00+00:00,1.10198,1.10202,1.10149,1.1015,5560.0
2025-01-31 21:00:00+00:00,1.10152,1.10248,1.10147,1.102,7000.0
2025-02-02 22:00:00+00:00,1.10186,1.10424,1.10149,1.10303,1366.0
2025-02-02 23:00:00+00:00,1.10296,1.10361,1.1017,1.10281,11120.0
2025-02-03 00:00:00+00:00,1.1028,1.10382,1.10202,1.10314,12525.0
2025-02-03 01:00:00+00:00,1.10311,1.10413,1.10258,1.10377,8816.0
2025-02-03 02:00:00+00:00,1.10376,1.10399,1.10198,1.10292,8947.0
2025-02-03 03:00:00+00:00,1.10294,1.10384,1.10272,1.10364,6615.0
2025-02-03 04:00:00+00:00,1.10364,1.10493,1.10348,1.10418,7874.0
2025-02-03 05:00:00+00:00,1.10418,1.10468,1.10366,1.10462,5020.0
2025-02-03 06:00:00+00:00,1.10459,1.10542,1.10457,1.10498,5359.0
2025-02-03 07:00:00+00:00,1.1051,1.10535,1.10472,1.105,7855.0
2025-02-03 08:00:00+00:00,1.105,1.10511,1.10386,1.10428,7446.0
2025-02-03 09:00:00+00:00,1.10428,1.10461,1.10404,1.10458,5653.0
2025-02-03 10:00:00+00:00,1.10458,1.10513,1.1045,1.10502,4256.0
2025-02-03 11:00:00+00:00,1.10505,1.10526,1.10454,1.10511,4901.0
2025-02-03 12:00:00+00:00,1.1051,1.10519,1.1043,1.1051,4887.0
2025-02-03 13:00:00+00:00,1.1051,1.10544,1.10494,1.10526,6125.0
2025-02-03 14:00:00+00:00,1.10528,1.10546,1.10484,1.10498,7878.0
2025-02-03 15:00:00+00:00,1.10452,1.10566,1.10411,1.10553,13826.0
2025-02-03 16:00:00+00:00,1.10552,1.10575,1.10507,1.10536,10207.0
2025-02-03 17:00:00+00:00,1.10538,1.10548,1.10472,1.10508,7509.0
2025-02-03 18:00:00+00:00,1.10518,1.10552,1.10512,1.10541,5905.0
2025-02-03 19:00:00+00:00,1.1054,1.10576,1.10534,1.10574,2662.0
2025-02-03 20:00:00+00:00,1.10572,1.10588,1.1055,1.10552,3967.0
2025-02-03 21:00:00+00:00,1.10552,1.10652,1.10526,1.1063,7848.0
2025-02-03 22:00:00+00:00,1.10628,1.10735,1.10513,1.10575,2666.0
2025-02-03 23:00:00+00:00,1.10572,1.10586,1.10438,1.10484,3476.0
2025-02-04 00:00:00+00:00,1.10485,1.10556,1.10459,1.10536,3575.0
2025-02-04 01:00:00+00:00,1.10535,1.1055,1.10463,1.10516,4981.0
2025-02-04 02:00:00+00:00,1.10518,1.10597,1.10504,1.10592,3551.0
2025-02-04 03:00:00+00:00,1.10594,1.10665,1.1059,1.10656,2508.0
2025-02-04 04:00:00+00:00,1.10654,1.10701,1.10646,1.10656,2428.0
2025-02-04 05:00:00+00:00,1.10656,1.10666,1.1054,1.10631,9454.0
2025-02-04 06:00:00+00:00,1.10632,1.10688,1.10631,1.1066,3709.0
2025-02-04 07:00:00+00:00,1.1066,1.10704,1.10614,1.10696,4374.0
2025-02-04 08:00:00+00:00,1.10697,1.10711,1.10628,1.10664,6586.0
2025-02-04 09:00:00+00:00,1.10663,1.10707,1.10652,1.107,5020.0
2025-02-04 10:00:00+00:00,1.10699,1.10734,1.10658,1.10732,3900.0
2025-02-04 11:00:00+00:00,1.10733,1.10763,1.107,1.10719,3259.0
2025-02-04 12:00:00+00:00,1.10717,1.10771,1.10716,1.10755,3768.0
2025-02-04 13:00:00+00:00,1.10756,1.10784,1.10702,1.10704,4324.0
2025-02-04 14:00:00+00:00,1.10704,1.10722,1.10652,1.10657,5128.0
2025-02-04 15:00:00+00:00,1.10658,1.10761,1.10622,1.10746,6803.0
2025-02-04 16:00:00+00:00,1.10748,1.10798,1.10726,1.10745,4465.0
2025-02-04 17:00:00+00:00,1.10744,1.10762,1.10702,1.10747,3611.0
2025-02-04 18:00:00+00:00,1.10724,1.1074,1.10706,1.10707,1810.0
2025-02-04 19:00:00+00:00,1.10706,1.10746,1.10696,1.1073,2337.0
2025-02-04 20:00:00+00:00,1.10732,1.10778,1.10712,1.10776,1675.0
2025-02-04 21:00:00+00:00,1.10776,1.1079,1.10677,1.1069,2095.0
2025-02-04 22:00:00+00:00,1.10688,1.10748,1.10652,1.10662,585.0
2025-02-04 23:00:00+00:00,1.10663,1.10742,1.10637,1.10672,1831.0
2025-02-05 00:00:00+00:00,1.1067,1.10689,1.10574,1.10584,3123.0
2025-02-05 01:00:00+00:00,1.10582,1.10594,1.10491,1.10538,5377.0
2025-02-05 02:00:00+00:00,1.10538,1.10596,1.1051,1.10541,3970.0
2025-02-05 03:00:00+00:00,1.10538,1.10566,1.10458,1.10462,2641.0
2025-02-05 04:00:00+00:00,1.10463,1.10492,1.10436,1.10476,2048.0
2025-02-05 05:00:00+00:00,1.10476,1.10549,1.10448,1.10542,2205.0
2025-02-05 06:00:00+00:00,1.10542,1.10544,1.10442,1.10505,3031.0
2025-02-05 07:00:00+00:00,1.105,1.1058,1.10498,1.10562,4498.0
2025-02-05 08:00:00+00:00,1.10562,1.10582,1.10514,1.10524,5135.0
2025-02-05 09:00:00+00:00,1.10525,1.10536,1.10472,1.10502,4557.0
2025-02-05 10:00:00+00:00,1.10501,1.10548,1.10458,1.1048,3566.0
2025-02-05 11:00:00+00:00,1.10479,1.10506,1.10454,1.10474,2582.0
2025-02-05 12:00:00+00:00,1.10474,1.105,1.10458,1.10494,2975.0
2025-02-05 13:00:00+00:00,1.10494,1.10538,1.10484,1.1053,5518.0
2025-02-05 14:00:00+00:00,1.1053,1.10572,1.10502,1.10515,3708.0
2025-02-05 15:00:00+00:00,1.10476,1.10538,1.10391,1.10486,7674.0
2025-02-05 16:00:00+00:00,1.10486,1.10513,1.10445,1.10494,4748.0
2025-02-05 17:00:00+00:00,1.10495,1.1053,1.1049,1.10523,2690.0
2025-02-05 18:00:00+00:00,1.10523,1.10528,1.10501,1.10504,2171.0
2025-02-05 19:00:00+00:00,1.10504,1.10542,1.10502,1.10542,2523.0
2025-02-05 20:00:00+00:00,1.10539,1.10558,1.10504,1.10519,2220.0
2025-02-05 21:00:00+00:00,1.10518,1.10534,1.10496,1.1052,1629.0
2025-02-05 22:00:00+00:00,1.10514,1.10588,1.10462,1.10476,531.0
2025-02-05 23:00:00+00:00,1.10468,1.10528,1.10467,1.10484,1192.0
2025-02-06 00:00:00+00:00,1.10486,1.10516,1.10455,1.1047,2532.0
2025-02-06 01:00:00+00:00,1.10472,1.105,1.10433,1.10492,4403.0
2025-02-06 02:00:00+00:00,1.10492,1.10531,1.10436,1.10526,3772.0
2025-02-06 03:00:00+00:00,1.10527,1.10546,1.1044,1.10448,2910.0
2025-02-06 04:00:00+00:00,1.10448,1.1053,1.10438,1.10514,2297.0
2025-02-06 05:00:00+00:00,1.10515,1.1058,1.10512,1.10546,3358.0
2025-02-06 06:00:00+00:00,1.10543,1.10672,1.10542,1.10632,2651.0
2025-02-06 07:00:00+00:00,1.10626,1.10704,1.10596,1.10674,3679.0
2025-02-06 08:00:00+00:00,1.10678,1.10696,1.10632,1.10662,4110.0
2025-02-06 09:00:00+00:00,1.10661,1.10694,1.10642,1.10686,2840.0
2025-02-06 10:00:00+00:00,1.10688,1.1071,1.10671,1.10678,3199.0
2025-02-06 11:00:00+00:00,1.10682,1.10702,1.1065,1.10686,3846.0
2025-02-06 12:00:00+00:00,1.10684,1.10728,1.1068,1.10706,5674.0
2025-02-06 13:00:00+00:00,1.10703,1.10728,1.10668,1.10717,5810.0
2025-02-06 14:00:00+00:00,1.10718,1.1075,1.10707,1.10726,5207.0
2025-02-06 15:00:00+00:00,1.10726,1.10762,1.107,1.10749,5932.0
2025-02-06 16:00:00+00:00,1.1075,1.10782,1.10731,1.10752,3245.0
2025-02-06 17:00:00+00:00,1.10752,1.10763,1.10732,1.10746,2403.0
2025-02-06 18:00:00+00:00,1.10746,1.10754,1.10706,1.10722,2892.0
2025-02-06 19:00:00+00:00,1.10722,1.1074,1.10713,1.10728,2153.0
2025-02-06 20:00:00+00:00,1.10734,1.10747,1.10718,1.10732,1789.0
2025-02-06 21:00:00+00:00,1.10728,1.10736,1.10698,1.10731,1373.0
2025-02-06 22:00:00+00:00,1.10732,1.10732,1.1062,1.10694,379.0
2025-02-06 23:00:00+00:00,1.10697,1.10726,1.10679,1.10706,1312.0
2025-02-07 00:00:00+00:00,1.10704,1.10726,1.1068,1.10692,2364.0
2025-02-07 01:00:00+00:00,1.10692,1.10707,1.10622,1.1065,3563.0
2025-02-07 02:00:00+00:00,1.1065,1.10664,1.10617,1.10631,3047.0
2025-02-07 03:00:00+00:00,1.10632,1.10684,1.10626,1.1066,2415.0
2025-02-07 04:00:00+00:00,1.1066,1.10709,1.10656,1.10674,1456.0
2025-02-07 05:00:00+00:00,1.10674,1.10709,1.1065,1.10654,1932.0
2025-02-07 06:00:00+00:00,1.10654,1.10732,1.1065,1.10732,1983.0
2025-02-07 07:00:00+00:00,1.10728,1.10756,1.10691,1.10706,2576.0
2025-02-07 08:00:00+00:00,1.10707,1.10734,1.10662,1.10678,2736.0
2025-02-07 09:00:00+00:00,1.10679,1.10708,1.10668,1.10684,2488.0
2025-02-07 10:00:00+00:00,1.10684,1.10701,1.10676,1.10693,2157.0
2025-02-07 11:00:00+00:00,1.10692,1.10725,1.1069,1.10696,2287.0
2025-02-07 12:00:00+00:00,1.10694,1.10718,1.10664,1.10673,3108.0
2025-02-07 13:00:00+00:00,1.10672,1.10815,1.10632,1.10758,9206.0
2025-02-07 14:00:00+00:00,1.10758,1.10848,1.10732,1.10824,6239.0
2025-02-07 15:00:00+00:00,1.10824,1.10922,1.10814,1.1086,9336.0
2025-02-07 16:00:00+00:00,1.10861,1.10868,1.10802,1.10828,9720.0
2025-02-07 17:00:00+00:00,1.10831,1.10903,1.10806,1.10899,7827.0
2025-02-07 18:00:00+00:00,1.10898,1.10914,1.10852,1.10874,2402.0
2025-02-07 19:00:00+00:00,1.10876,1.1089,1.10844,1.10854,2624.0
2025-02-07 20:00:00+00:00,1.10855,1.10864,1.10818,1.10828,2147.0
2025-02-07 21:00:00+00:00,1.10827,1.10882,1.1079,1.10816,1867.0
2025-02-09 22:00:00+00:00,1.10626,1.10778,1.10478,1.10685,1502.0
2025-02-09 23:00:00+00:00,1.10702,1.10854,1.10657,1.10853,3750.0
2025-02-10 00:00:00+00:00,1.10853,1.10916,1.10813,1.10872,3795.0
2025-02-10 01:00:00+00:00,1.10873,1.1092,1.1086,1.10884,4577.0
2025-02-10 02:00:00+00:00,1.10886,1.10914,1.10859,1.10888,2718.0
2025-02-10 03:00:00+00:00,1.1089,1.1091,1.10868,1.10894,2395.0
2025-02-10 04:00:00+00:00,1.10894,1.10906,1.10859,1.1088,1973.0
2025-02-10 05:00:00+00:00,1.1088,1.10894,1.1085,1.10862,2167.0
2025-02-10 06:00:00+00:00,1.1086,1.1089,1.10836,1.10867,3080.0
2025-02-10 07:00:00+00:00,1.10868,1.10932,1.10858,1.10915,3677.0
2025-02-10 08:00:00+00:00,1.10916,1.10986,1.10904,1.10974,4346.0
2025-02-10 09:00:00+00:00,1.10976,1.10976,1.10936,1.1097,3698.0
2025-02-10 10:00:00+00:00,1.1097,1.11004,1.10968,1.10987,2556.0
2025-02-10 11:00:00+00:00,1.10986,1.11004,1.10978,1.10978,2950.0
2025-02-10 12:00:00+00:00,1.10978,1.1102,1.10975,1.11018,2939.0
2025-02-10 13:00:00+00:00,1.11016,1.11047,1.11003,1.11042,3882.0
2025-02-10 14:00:00+00:00,1.11038,1.11086,1.11031,1.11068,4281.0
2025-02-10 15:00:00+00:00,1.11067,1.11123,1.11066,1.11096,3511.0
2025-02-10 16:00:00+00:00,1.11098,1.1115,1.11085,1.11111,3564.0
2025-02-10 17:00:00+00:00,1.11112,1.11185,1.1111,1.11144,2449.0
2025-02-10 18:00:00+00:00,1.11144,1.11264,1.11144,1.11254,1973.0
2025-02-10 19:00:00+00:00,1.11254,1.11293,1.11244,1.11292,1377.0
2025-02-10 20:00:00+00:00,1.11287,1.11291,1.11268,1.1127,1396.0
2025-02-10 21:00:00+00:00,1.11271,1.11303,1.11261,1.11294,1297.0
2025-02-10 22:00:00+00:00,1.11288,1.11374,1.11174,1.11314,1359.0
2025-02-10 23:00:00+00:00,1.11315,1.11371,1.11275,1.11288,3348.0
2025-02-11 00:00:00+00:00,1.11288,1.11361,1.11276,1.11301,2274.0
2025-02-11 01:00:00+00:00,1.113,1.1132,1.11228,1.11266,2874.0
2025-02-11 02:00:00+00:00,1.11264,1.11296,1.11193,1.11211,3261.0
2025-02-11 03:00:00+00:00,1.11212,1.11214,1.11151,1.11172,2624.0
2025-02-11 04:00:00+00:00,1.11172,1.11199,1.11165,1.11171,2074.0
2025-02-11 05:00:00+00:00,1.11173,1.11182,1.11152,1.11171,2387.0
2025-02-11 06:00:00+00:00,1.1117,1.1121,1.11146,1.11192,2451.0
2025-02-11 07:00:00+00:00,1.11185,1.1119,1.11154,1.11183,3790.0
2025-02-11 08:00:00+00:00,1.11186,1.11206,1.11162,1.1118,4908.0
2025-02-11 09:00:00+00:00,1.11176,1.11208,1.11153,1.11164,3786.0
2025-02-11 10:00:00+00:00,1.11164,1.11202,1.11148,1.11154,3539.0
2025-02-11 11:00:00+00:00,1.11153,1.11183,1.11148,1.11171,2528.0
2025-02-11 12:00:00+00:00,1.1117,1.11236,1.11152,1.11224,4413.0
2025-02-11 13:00:00+00:00,1.11228,1.11231,1.11174,1.11199,4398.0
2025-02-11 14:00:00+00:00,1.11202,1.11222,1.11175,1.1121,4093.0
2025-02-11 15:00:00+00:00,1.1121,1.113,1.1121,1.11287,5276.0
2025-02-11 16:00:00+00:00,1.11288,1.11298,1.1125,1.11282,3577.0
2025-02-11 17:00:00+00:00,1.11281,1.11304,1.11262,1.11295,2482.0
2025-02-11 18:00:00+00:00,1.11295,1.11342,1.11275,1.11336,1891.0
2025-02-11 19:00:00+00:00,1.11336,1.11357,1.11296,1.11346,2652.0
2025-02-11 20:00:00+00:00,1.11348,1.11348,1.11288,1.1131,2060.0
2025-02-11 21:00:00+00:00,1.1131,1.11338,1.11302,1.1133,1410.0
2025-02-11 22:00:00+00:00,1.113,1.11336,1.11253,1.11312,617.0
2025-02-11 23:00:00+00:00,1.11312,1.11344,1.11284,1.11294,1418.0
2025-02-12 00:00:00+00:00,1.11292,1.11299,1.11226,1.11232,1894.0
2025-02-12 01:00:00+00:00,1.11232,1.11244,1.11212,1.1123,3699.0
2025-02-12 02:00:00+00:00,1.1123,1.11258,1.11218,1.11232,3110.0
2025-02-12 03:00:00+00:00,1.1123,1.11251,1.11212,1.1123,3165.0
2025-02-12 04:00:00+00:00,1.1123,1.11272,1.11204,1.11256,2317.0
2025-02-12 05:00:00+00:00,1.11254,1.11293,1.11224,1.11276,2466.0
2025-02-12 06:00:00+00:00,1.11277,1.11358,1.11263,1.1134,2536.0
2025-02-12 07:00:00+00:00,1.11339,1.11358,1.11247,1.11256,3589.0
2025-02-12 08:00:00+00:00,1.11258,1.11318,1.11256,1.11304,3400.0
2025-02-12 09:00:00+00:00,1.11304,1.11316,1.11264,1.11297,3397.0
2025-02-12 10:00:00+00:00,1.11295,1.11358,1.11282,1.11342,3282.0
2025-02-12 11:00:00+00:00,1.11341,1.11348,1.11277,1.11301,3045.0
2025-02-12 12:00:00+00:00,1.11301,1.11308,1.1127,1.1129,3162.0
2025-02-12 13:00:00+00:00,1.1129,1.11357,1.11236,1.11356,8142.0
2025-02-12 14:00:00+00:00,1.11356,1.11367,1.1131,1.11361,6438.0
2025-02-12 15:00:00+00:00,1.11362,1.11435,1.11344,1.11418,6618.0
2025-02-12 16:00:00+00:00,1.11422,1.11427,1.11394,1.1142,5684.0
2025-02-12 17:00:00+00:00,1.11421,1.11421,1.11338,1.11376,5901.0
2025-02-12 18:00:00+00:00,1.11376,1.11376,1.11341,1.11364,2983.0
2025-02-12 19:00:00+00:00,1.11366,1.1138,1.11338,1.11338,1938.0
2025-02-12 20:00:00+00:00,1.11341,1.11352,1.11304,1.11315,2420.0
2025-02-12 21:00:00+00:00,1.11314,1.11338,1.1129,1.11308,2544.0
2025-02-12 22:00:00+00:00,1.11311,1.11335,1.11247,1.11287,733.0
2025-02-12 23:00:00+00:00,1.11288,1.11367,1.11288,1.11358,1339.0
2025-02-13 00:00:00+00:00,1.1136,1.11372,1.1132,1.11342,2002.0
2025-02-13 01:00:00+00:00,1.11341,1.11348,1.11292,1.11304,4016.0
2025-02-13 02:00:00+00:00,1.11306,1.11329,1.11289,1.11312,2942.0
2025-02-13 03:00:00+00:00,1.11312,1.11338,1.11304,1.11321,3026.0
2025-02-13 04:00:00+00:00,1.11322,1.11332,1.1127,1.11271,3154.0
2025-02-13 05:00:00+00:00,1.1127,1.11284,1.11216,1.11255,3425.0
2025-02-13 06:00:00+00:00,1.11256,1.11282,1.112,1.11212,3661.0
2025-02-13 07:00:00+00:00,1.11212,1.11245,1.11193,1.11222,4089.0
2025-02-13 08:00:00+00:00,1.11225,1.11246,1.11176,1.11178,4401.0
2025-02-13 09:00:00+00:00,1.11178,1.11198,1.11168,1.11182,3291.0
2025-02-13 10:00:00+00:00,1.11182,1.11199,1.11164,1.11182,3154.0
2025-02-13 11:00:00+00:00,1.11182,1.11204,1.11162,1.11172,4455.0
2025-02-13 12:00:00+00:00,1.11169,1.1121,1.11151,1.11162,4092.0
2025-02-13 13:00:00+00:00,1.11162,1.11238,1.11156,1.11218,6133.0
2025-02-13 14:00:00+00:00,1.1122,1.11266,1.1121,1.11257,5008.0
2025-02-13 15:00:00+00:00,1.11258,1.11382,1.11254,1.11379,7227.0
2025-02-13 16:00:00+00:00,1.11376,1.11392,1.11334,1.11336,4738.0
2025-02-13 17:00:00+00:00,1.11336,1.11352,1.11278,1.1128,3469.0
2025-02-13 18:00:00+00:00,1.11284,1.11324,1.11267,1.11322,7023.0
2025-02-13 19:00:00+00:00,1.11322,1.11348,1.1127,1.11308,4286.0
2025-02-13 20:00:00+00:00,1.11308,1.11334,1.11301,1.11328,1840.0
2025-02-13 21:00:00+00:00,1.11329,1.11345,1.11264,1.1127,1585.0
2025-02-13 22:00:00+00:00,1.11326,1.11403,1.11216,1.11216,1422.0
2025-02-13 23:00:00+00:00,1.11219,1.11252,1.11188,1.11222,1973.0
2025-02-14 00:00:00+00:00,1.11224,1.1123,1.11112,1.11154,3306.0
2025-02-14 01:00:00+00:00,1.11154,1.11218,1.11148,1.11192,5143.0
2025-02-14 02:00:00+00:00,1.11192,1.11248,1.11109,1.1112,2808.0
2025-02-14 03:00:00+00:00,1.1112,1.11158,1.1108,1.11109,2161.0
2025-02-14 04:00:00+00:00,1.11108,1.11158,1.11097,1.11146,1827.0
2025-02-14 05:00:00+00:00,1.11147,1.1117,1.11116,1.1116,2494.0
2025-02-14 06:00:00+00:00,1.11159,1.11188,1.11124,1.11147,3108.0
2025-02-14 07:00:00+00:00,1.11145,1.11192,1.11094,1.11188,3488.0
2025-02-14 08:00:00+00:00,1.11188,1.11246,1.11098,1.11134,4162.0
2025-02-14 09:00:00+00:00,1.11135,1.11172,1.1108,1.1109,3250.0
2025-02-14 10:00:00+00:00,1.1109,1.11128,1.11086,1.11098,2376.0
2025-02-14 11:00:00+00:00,1.111,1.1115,1.11086,1.11149,2511.0
2025-02-14 12:00:00+00:00,1.1115,1.11186,1.11137,1.11158,2629.0
2025-02-14 13:00:00+00:00,1.11158,1.11168,1.1109,1.1112,6018.0
2025-02-14 14:00:00+00:00,1.11119,1.11144,1.11072,1.11107,4877.0
2025-02-14 15:00:00+00:00,1.11105,1.11112,1.11006,1.11079,4766.0
2025-02-14 16:00:00+00:00,1.1108,1.11081,1.10876,1.1089,2997.0
2025-02-14 17:00:00+00:00,1.10892,1.10918,1.10858,1.10866,2316.0
2025-02-14 18:00:00+00:00,1.10866,1.10888,1.10864,1.10874,1458.0
2025-02-14 19:00:00+00:00,1.10878,1.10884,1.10818,1.10819,1305.0
2025-02-14 20:00:00+00:00,1.10818,1.10868,1.1079,1.1084,1051.0
2025-02-14 21:00:00+00:00,1.1084,1.10901,1.10796,1.10874,1406.0
2025-02-16 22:00:00+00:00,1.10959,1.10999,1.10888,1.10946,1072.0
2025-02-16 23:00:00+00:00,1.1095,1.10952,1.1086,1.1088,3381.0
2025-02-17 00:00:00+00:00,1.1088,1.10944,1.10821,1.10838,2354.0
2025-02-17 01:00:00+00:00,1.10838,1.10857,1.10754,1.10852,3454.0
2025-02-17 02:00:00+00:00,1.10851,1.10884,1.10803,1.10878,2985.0
2025-02-17 03:00:00+00:00,1.10881,1.10953,1.10881,1.10952,2315.0
2025-02-17 04:00:00+00:00,1.10951,1.10982,1.10907,1.10931,1969.0
2025-02-17 05:00:00+00:00,1.10932,1.11023,1.1093,1.11019,2621.0
2025-02-17 06:00:00+00:00,1.1102,1.11036,1.10946,1.10986,2282.0
2025-02-17 07:00:00+00:00,1.10986,1.11003,1.1095,1.10958,2661.0
2025-02-17 08:00:00+00:00,1.10958,1.11018,1.10948,1.10964,2852.0
2025-02-17 09:00:00+00:00,1.10965,1.11031,1.10962,1.11026,2074.0
2025-02-17 10:00:00+00:00,1.11027,1.11032,1.10995,1.11002,2516.0
2025-02-17 11:00:00+00:00,1.11004,1.1101,1.10948,1.10952,2007.0
2025-02-17 12:00:00+00:00,1.10951,1.10985,1.10942,1.10974,1809.0
2025-02-17 13:00:00+00:00,1.10975,1.11001,1.10962,1.10987,2201.0
2025-02-17 14:00:00+00:00,1.10986,1.11006,1.1098,1.10985,2387.0
2025-02-17 15:00:00+00:00,1.10988,1.10994,1.10965,1.10976,1882.0
2025-02-17 16:00:00+00:00,1.10975,1.1099,1.10952,1.10952,1707.0
2025-02-17 17:00:00+00:00,1.10953,1.10956,1.10896,1.10905,1348.0
2025-02-17 18:00:00+00:00,1.10892,1.109,1.10838,1.10839,2806.0
2025-02-17 19:00:00+00:00,1.1084,1.10877,1.10802,1.10877,820.0
2025-02-17 20:00:00+00:00,1.10872,1.10873,1.10834,1.1084,1199.0
2025-02-17 21:00:00+00:00,1.10838,1.10856,1.10807,1.10822,1277.0
2025-02-17 22:00:00+00:00,1.10727,1.10905,1.10727,1.10798,533.0
2025-02-17 23:00:00+00:00,1.10804,1.10895,1.10799,1.10894,1157.0
2025-02-18 00:00:00+00:00,1.10894,1.10925,1.10873,1.1091,2250.0
2025-02-18 01:00:00+00:00,1.10907,1.10999,1.10878,1.10979,3508.0
2025-02-18 02:00:00+00:00,1.1098,1.1111,1.1097,1.11098,3012.0
2025-02-18 03:00:00+00:00,1.11098,1.1135,1.10952,1.11229,4684.0
2025-02-18 04:00:00+00:00,1.11228,1.11414,1.1114,1.11333,3729.0
2025-02-18 05:00:00+00:00,1.11332,1.1141,1.11302,1.11348,4126.0
2025-02-18 06:00:00+00:00,1.1135,1.11414,1.1128,1.113,3788.0
2025-02-18 07:00:00+00:00,1.11298,1.11322,1.11262,1.11277,3259.0
2025-02-18 08:00:00+00:00,1.11278,1.11375,1.1127,1.11343,3436.0
2025-02-18 09:00:00+00:00,1.11342,1.11396,1.11328,1.11396,3253.0
2025-02-18 10:00:00+00:00,1.11397,1.11455,1.11369,1.1137,3054.0
2025-02-18 11:00:00+00:00,1.11369,1.11393,1.11358,1.11372,2382.0
2025-02-18 12:00:00+00:00,1.11372,1.11392,1.11323,1.11326,2740.0
2025-02-18 13:00:00+00:00,1.11326,1.11404,1.11302,1.11324,3848.0
2025-02-18 14:00:00+00:00,1.11324,1.11368,1.11318,1.11357,3158.0
2025-02-18 15:00:00+00:00,1.11358,1.1142,1.11352,1.114,3227.0
2025-02-18 16:00:00+00:00,1.11398,1.11414,1.11313,1.11343,2560.0
2025-02-18 17:00:00+00:00,1.11344,1.11388,1.11338,1.11356,2033.0
2025-02-18 18:00:00+00:00,1.11356,1.11382,1.11337,1.11364,1981.0
2025-02-18 19:00:00+00:00,1.11365,1.1137,1.11334,1.11356,1040.0
2025-02-18 20:00:00+00:00,1.11354,1.11388,1.1135,1.11383,1006.0
2025-02-18 21:00:00+00:00,1.11384,1.11395,1.11334,1.1135,1628.0
2025-02-18 22:00:00+00:00,1.11362,1.11421,1.1132,1.11355,1576.0
2025-02-18 23:00:00+00:00,1.11356,1.11376,1.11314,1.11366,1161.0
2025-02-19 00:00:00+00:00,1.11365,1.11404,1.1127,1.11374,2662.0
2025-02-19 01:00:00+00:00,1.11382,1.1175,1.1125,1.11537,6397.0
2025-02-19 02:00:00+00:00,1.11534,1.11667,1.1118,1.1123,5472.0
2025-02-19 03:00:00+00:00,1.11229,1.11294,1.11208,1.1125,2756.0
2025-02-19 04:00:00+00:00,1.11248,1.11274,1.1123,1.11256,1916.0
2025-02-19 05:00:00+00:00,1.11257,1.11267,1.11223,1.11231,2230.0
2025-02-19 06:00:00+00:00,1.1123,1.11237,1.11159,1.11168,2980.0
2025-02-19 07:00:00+00:00,1.1117,1.1119,1.11098,1.1111,2571.0
2025-02-19 08:00:00+00:00,1.11111,1.11162,1.1106,1.1108,2109.0
2025-02-19 09:00:00+00:00,1.11076,1.11084,1.11042,1.11051,2207.0
2025-02-19 10:00:00+00:00,1.11054,1.11133,1.11049,1.11125,2422.0
2025-02-19 11:00:00+00:00,1.11124,1.1114,1.11066,1.11125,3258.0
2025-02-19 12:00:00+00:00,1.11124,1.11174,1.11122,1.11156,2495.0
2025-02-19 13:00:00+00:00,1.11154,1.11177,1.1112,1.11132,4032.0
2025-02-19 14:00:00+00:00,1.11132,1.11158,1.111,1.11145,3517.0
2025-02-19 15:00:00+00:00,1.11146,1.1121,1.11125,1.11194,5717.0
2025-02-19 16:00:00+00:00,1.11194,1.11248,1.11194,1.1123,4296.0
2025-02-19 17:00:00+00:00,1.11232,1.11255,1.11204,1.11249,3383.0
2025-02-19 18:00:00+00:00,1.11249,1.11288,1.11227,1.11282,1678.0
2025-02-19 19:00:00+00:00,1.11282,1.11301,1.11252,1.11298,2206.0
2025-02-19 20:00:00+00:00,1.11298,1.1131,1.11282,1.11308,1575.0
2025-02-19 21:00:00+00:00,1.1131,1.11325,1.1121,1.11224,3644.0
2025-02-19 22:00:00+00:00,1.11218,1.11277,1.11166,1.1123,1336.0
2025-02-19 23:00:00+00:00,1.11233,1.11244,1.11192,1.11226,1415.0
2025-02-20 00:00:00+00:00,1.11225,1.1136,1.11096,1.11284,3996.0
2025-02-20 01:00:00+00:00,1.11283,1.1129,1.11134,1.11176,6292.0
2025-02-20 02:00:00+00:00,1.11178,1.11322,1.11142,1.11272,7673.0
2025-02-20 03:00:00+00:00,1.1127,1.11314,1.11208,1.11281,5017.0
2025-02-20 04:00:00+00:00,1.11282,1.11319,1.1124,1.11264,2913.0
2025-02-20 05:00:00+00:00,1.11263,1.11303,1.1122,1.11228,4089.0
2025-02-20 06:00:00+00:00,1.11227,1.11281,1.11226,1.11266,3801.0
2025-02-20 07:00:00+00:00,1.11268,1.11289,1.11233,1.11264,3653.0
2025-02-20 08:00:00+00:00,1.11266,1.11344,1.11244,1.11254,3507.0
2025-02-20 09:00:00+00:00,1.11252,1.11315,1.1125,1.1129,2811.0
2025-02-20 10:00:00+00:00,1.11292,1.11327,1.1128,1.11314,3017.0
2025-02-20 11:00:00+00:00,1.11315,1.11334,1.1129,1.1131,3340.0
2025-02-20 12:00:00+00:00,1.11311,1.11316,1.11272,1.11285,4408.0
2025-02-20 13:00:00+00:00,1.11284,1.11292,1.11208,1.11216,5168.0
2025-02-20 14:00:00+00:00,1.11214,1.11218,1.11094,1.11113,4658.0
2025-02-20 15:00:00+00:00,1.11116,1.11129,1.11086,1.11111,5776.0
2025-02-20 16:00:00+00:00,1.1111,1.11127,1.11048,1.11085,3927.0
2025-02-20 17:00:00+00:00,1.11086,1.11108,1.10972,1.11012,3288.0
2025-02-20 18:00:00+00:00,1.11011,1.11056,1.10998,1.1105,1511.0
2025-02-20 19:00:00+00:00,1.11052,1.11103,1.11046,1.111,1370.0
2025-02-20 20:00:00+00:00,1.11097,1.11104,1.1107,1.11081,1747.0
2025-02-20 21:00:00+00:00,1.1108,1.11096,1.11066,1.11084,1880.0
2025-02-20 22:00:00+00:00,1.11002,1.11129,1.10984,1.11092,486.0
2025-02-20 23:00:00+00:00,1.11098,1.11112,1.11002,1.11067,2292.0
2025-02-21 00:00:00+00:00,1.11064,1.1109,1.10984,1.10984,2500.0
2025-02-21 01:00:00+00:00,1.10988,1.11034,1.10974,1.10996,3919.0
2025-02-21 02:00:00+00:00,1.10996,1.11064,1.10977,1.11002,4334.0
2025-02-21 03:00:00+00:00,1.11006,1.1102,1.1096,1.10966,2756.0
2025-02-21 04:00:00+00:00,1.10968,1.10999,1.10942,1.10945,2219.0
2025-02-21 05:00:00+00:00,1.10946,1.10958,1.10889,1.10918,3918.0
2025-02-21 06:00:00+00:00,1.10918,1.10948,1.10899,1.10935,3243.0
2025-02-21 07:00:00+00:00,1.1094,1.10958,1.10881,1.10898,3096.0
2025-02-21 08:00:00+00:00,1.10904,1.10924,1.10868,1.1087,5014.0
2025-02-21 09:00:00+00:00,1.1087,1.10938,1.1087,1.1093,3058.0
2025-02-21 10:00:00+00:00,1.1093,1.10957,1.1091,1.1091,1982.0
2025-02-21 11:00:00+00:00,1.10911,1.10954,1.10903,1.10948,1685.0
2025-02-21 12:00:00+00:00,1.10947,1.10968,1.10929,1.10936,2649.0
2025-02-21 13:00:00+00:00,1.10935,1.10959,1.10881,1.10916,3284.0
2025-02-21 14:00:00+00:00,1.10914,1.10939,1.10834,1.10846,3588.0
2025-02-21 15:00:00+00:00,1.10837,1.10891,1.10821,1.10868,4952.0
2025-02-21 16:00:00+00:00,1.10864,1.10874,1.10844,1.1086,2673.0
2025-02-21 17:00:00+00:00,1.1086,1.10871,1.10838,1.10844,2443.0
2025-02-21 18:00:00+00:00,1.10842,1.10848,1.10776,1.10796,2995.0
2025-02-21 19:00:00+00:00,1.10796,1.10799,1.10742,1.10755,2393.0
2025-02-21 20:00:00+00:00,1.10756,1.10769,1.10706,1.1072,1995.0
2025-02-21 21:00:00+00:00,1.1072,1.1074,1.107,1.1072,2855.0
2025-02-23 22:00:00+00:00,1.10784,1.1086,1.10698,1.10745,981.0
2025-02-23 23:00:00+00:00,1.10744,1.108,1.10722,1.10777,2277.0
2025-02-24 00:00:00+00:00,1.10778,1.1081,1.10738,1.10749,3448.0
2025-02-24 01:00:00+00:00,1.10746,1.10808,1.10725,1.10759,7458.0
2025-02-24 02:00:00+00:00,1.10758,1.10794,1.10719,1.10779,6919.0
2025-02-24 03:00:00+00:00,1.10778,1.10805,1.10758,1.10781,4581.0
2025-02-24 04:00:00+00:00,1.10782,1.108,1.10742,1.10792,3833.0
2025-02-24 05:00:00+00:00,1.10791,1.10814,1.10768,1.10768,4292.0
2025-02-24 06:00:00+00:00,1.1077,1.10776,1.10728,1.10756,4400.0
2025-02-24 07:00:00+00:00,1.10762,1.1079,1.10747,1.10784,4508.0
2025-02-24 08:00:00+00:00,1.10782,1.10808,1.10728,1.10798,5180.0
2025-02-24 09:00:00+00:00,1.10798,1.1085,1.10765,1.10792,3872.0
2025-02-24 10:00:00+00:00,1.10792,1.10842,1.10782,1.10786,3663.0
2025-02-24 11:00:00+00:00,1.10785,1.1084,1.10778,1.10826,4950.0
2025-02-24 12:00:00+00:00,1.10823,1.10839,1.10799,1.10826,6163.0
2025-02-24 13:00:00+00:00,1.10826,1.10834,1.10782,1.10806,4320.0
2025-02-24 14:00:00+00:00,1.10806,1.10835,1.10666,1.10684,5029.0
2025-02-24 15:00:00+00:00,1.10683,1.10696,1.10638,1.10672,5893.0
2025-02-24 16:00:00+00:00,1.10675,1.10727,1.10654,1.10708,4394.0
2025-02-24 17:00:00+00:00,1.10708,1.10756,1.10706,1.10725,4101.0
2025-02-24 18:00:00+00:00,1.10725,1.10725,1.10706,1.10717,1814.0
2025-02-24 19:00:00+00:00,1.10718,1.10722,1.10688,1.10708,2696.0
2025-02-24 20:00:00+00:00,1.10708,1.10734,1.10706,1.10725,2580.0
2025-02-24 21:00:00+00:00,1.10728,1.10771,1.10726,1.10744,2401.0
2025-02-24 22:00:00+00:00,1.10794,1.10843,1.10728,1.1075,316.0
2025-02-24 23:00:00+00:00,1.10756,1.10772,1.10675,1.10697,2445.0
2025-02-25 00:00:00+00:00,1.10698,1.1078,1.10694,1.1077,3130.0
2025-02-25 01:00:00+00:00,1.10768,1.10792,1.10744,1.10776,3430.0
2025-02-25 02:00:00+00:00,1.10777,1.10829,1.10748,1.10828,3476.0
2025-02-25 03:00:00+00:00,1.10827,1.1085,1.10773,1.10808,3096.0
2025-02-25 04:00:00+00:00,1.10809,1.1081,1.10739,1.10744,1647.0
2025-02-25 05:00:00+00:00,1.10742,1.10778,1.10739,1.10756,2719.0
2025-02-25 06:00:00+00:00,1.10757,1.10778,1.10718,1.10754,2804.0
2025-02-25 07:00:00+00:00,1.10752,1.10783,1.10694,1.10698,4461.0
2025-02-25 08:00:00+00:00,1.10696,1.10772,1.10696,1.10728,4201.0
2025-02-25 09:00:00+00:00,1.10726,1.10824,1.10712,1.10807,3843.0
2025-02-25 10:00:00+00:00,1.10808,1.10847,1.10788,1.10816,2923.0
2025-02-25 11:00:00+00:00,1.10819,1.10922,1.10811,1.10899,2454.0
2025-02-25 12:00:00+00:00,1.10898,1.10898,1.10845,1.1086,3938.0
2025-02-25 13:00:00+00:00,1.1086,1.10899,1.10812,1.10814,3445.0
2025-02-25 14:00:00+00:00,1.10813,1.1082,1.10745,1.1077,4396.0
2025-02-25 15:00:00+00:00,1.10767,1.10818,1.10662,1.10812,7153.0
2025-02-25 16:00:00+00:00,1.10811,1.10826,1.10752,1.10802,4876.0
2025-02-25 17:00:00+00:00,1.10804,1.10856,1.1079,1.1083,3209.0
2025-02-25 18:00:00+00:00,1.1083,1.109,1.10829,1.10882,2555.0
2025-02-25 19:00:00+00:00,1.10879,1.10885,1.10844,1.10866,2484.0
2025-02-25 20:00:00+00:00,1.10868,1.10896,1.10836,1.10844,2068.0
2025-02-25 21:00:00+00:00,1.10846,1.10847,1.108,1.10816,1601.0
2025-02-25 22:00:00+00:00,1.10886,1.10902,1.10818,1.10858,374.0
2025-02-25 23:00:00+00:00,1.10864,1.10868,1.10786,1.10845,1690.0
2025-02-26 00:00:00+00:00,1.10844,1.10863,1.1077,1.10788,2900.0
2025-02-26 01:00:00+00:00,1.10786,1.10868,1.10746,1.10851,5222.0
2025-02-26 02:00:00+00:00,1.1085,1.10862,1.10718,1.10786,5100.0
2025-02-26 03:00:00+00:00,1.10786,1.10808,1.10732,1.10772,3780.0
2025-02-26 04:00:00+00:00,1.10773,1.10795,1.10734,1.10785,2233.0
2025-02-26 05:00:00+00:00,1.10786,1.10808,1.10745,1.1079,3117.0
2025-02-26 06:00:00+00:00,1.10791,1.10883,1.10789,1.1085,3004.0
2025-02-26 07:00:00+00:00,1.10847,1.10854,1.10786,1.10828,3836.0
2025-02-26 08:00:00+00:00,1.1083,1.10878,1.10821,1.10824,3663.0
2025-02-26 09:00:00+00:00,1.10824,1.1087,1.1079,1.10832,2954.0
2025-02-26 10:00:00+00:00,1.10832,1.10856,1.10813,1.10825,3272.0
2025-02-26 11:00:00+00:00,1.10826,1.1089,1.10824,1.10835,3042.0
2025-02-26 12:00:00+00:00,1.10834,1.10868,1.10823,1.10848,3433.0
2025-02-26 13:00:00+00:00,1.10849,1.10858,1.10764,1.10768,4504.0
2025-02-26 14:00:00+00:00,1.10769,1.10774,1.10686,1.10737,4914.0
2025-02-26 15:00:00+00:00,1.10736,1.108,1.10725,1.10734,5221.0
2025-02-26 16:00:00+00:00,1.10733,1.10782,1.10722,1.1073,4711.0
2025-02-26 17:00:00+00:00,1.10732,1.10749,1.1068,1.10728,7688.0
2025-02-26 18:00:00+00:00,1.10728,1.10728,1.10652,1.10662,2600.0
2025-02-26 19:00:00+00:00,1.10662,1.10698,1.10645,1.10682,3046.0
2025-02-26 20:00:00+00:00,1.10683,1.1069,1.1063,1.10648,3175.0
2025-02-26 21:00:00+00:00,1.10646,1.10714,1.10646,1.10702,3370.0
2025-02-26 22:00:00+00:00,1.10702,1.10801,1.1061,1.1075,463.0
2025-02-26 23:00:00+00:00,1.10751,1.1076,1.10698,1.10722,2064.0
2025-02-27 00:00:00+00:00,1.1072,1.1073,1.10651,1.10654,3580.0
2025-02-27 01:00:00+00:00,1.10656,1.10762,1.10643,1.10754,4872.0
2025-02-27 02:00:00+00:00,1.10752,1.10792,1.10732,1.10782,4773.0
2025-02-27 03:00:00+00:00,1.10782,1.10797,1.10696,1.10702,2862.0
2025-02-27 04:00:00+00:00,1.10702,1.10784,1.10666,1.10778,2617.0
2025-02-27 05:00:00+00:00,1.1078,1.1082,1.10758,1.10802,3204.0
2025-02-27 06:00:00+00:00,1.10803,1.10817,1.10762,1.10794,3604.0
2025-02-27 07:00:00+00:00,1.10791,1.10818,1.1077,1.10797,3139.0
2025-02-27 08:00:00+00:00,1.10796,1.10854,1.1078,1.10838,4167.0
2025-02-27 09:00:00+00:00,1.10837,1.10867,1.10823,1.10834,3547.0
2025-02-27 10:00:00+00:00,1.10833,1.10854,1.1082,1.10848,2851.0
2025-02-27 11:00:00+00:00,1.10847,1.10874,1.10828,1.10868,2720.0
2025-02-27 12:00:00+00:00,1.1087,1.10873,1.10766,1.1077,4127.0
2025-02-27 13:00:00+00:00,1.1077,1.1081,1.10698,1.10732,8153.0
2025-02-27 14:00:00+00:00,1.10732,1.10783,1.10692,1.10704,8670.0
2025-02-27 15:00:00+00:00,1.10704,1.10852,1.10667,1.10794,8100.0
2025-02-27 16:00:00+00:00,1.10794,1.10864,1.10758,1.10788,5680.0
2025-02-27 17:00:00+00:00,1.1079,1.10824,1.10752,1.10767,4116.0
2025-02-27 18:00:00+00:00,1.10767,1.1078,1.10738,1.10758,2733.0
2025-02-27 19:00:00+00:00,1.10758,1.10772,1.10717,1.1075,2844.0
2025-02-27 20:00:00+00:00,1.1075,1.10756,1.10698,1.10704,2541.0
2025-02-27 21:00:00+00:00,1.10698,1.10752,1.10687,1.10732,1317.0
2025-02-27 22:00:00+00:00,1.10715,1.108,1.10698,1.10751,797.0
2025-02-27 23:00:00+00:00,1.10756,1.10778,1.10704,1.10759,1857.0
2025-02-28 00:00:00+00:00,1.10758,1.10844,1.10742,1.10807,3293.0
2025-02-28 01:00:00+00:00,1.10806,1.10883,1.108,1.10831,5937.0
2025-02-28 02:00:00+00:00,1.10828,1.10894,1.10802,1.10836,4878.0
2025-02-28 03:00:00+00:00,1.10836,1.10902,1.1082,1.10877,3421.0
2025-02-28 04:00:00+00:00,1.10874,1.10942,1.1084,1.10937,2562.0
2025-02-28 05:00:00+00:00,1.10936,1.10982,1.10904,1.10948,2676.0
2025-02-28 06:00:00+00:00,1.10947,1.10995,1.10927,1.10928,3722.0
2025-02-28 07:00:00+00:00,1.1093,1.10946,1.10892,1.10922,4024.0
2025-02-28 08:00:00+00:00,1.10924,1.10978,1.10898,1.1096,3908.0
2025-02-28 09:00:00+00:00,1.1096,1.10971,1.10898,1.10953,3308.0
2025-02-28 10:00:00+00:00,1.10954,1.10997,1.10948,1.1098,2857.0
2025-02-28 11:00:00+00:00,1.10979,1.1099,1.10958,1.10982,2806.0
2025-02-28 12:00:00+00:00,1.1098,1.11001,1.10946,1.10958,3465.0
2025-02-28 13:00:00+00:00,1.10957,1.10984,1.10892,1.10898,4216.0
2025-02-28 14:00:00+00:00,1.10898,1.10923,1.10838,1.10886,5148.0
2025-02-28 15:00:00+00:00,1.10884,1.10975,1.10838,1.1097,5344.0
2025-02-28 16:00:00+00:00,1.10972,1.1099,1.10878,1.10895,5891.0
2025-02-28 17:00:00+00:00,1.10896,1.10902,1.10854,1.10864,5302.0
2025-02-28 18:00:00+00:00,1.10864,1.10902,1.10838,1.10874,4589.0
2025-02-28 19:00:00+00:00,1.10874,1.10908,1.1087,1.10899,3082.0
2025-02-28 20:00:00+00:00,1.10898,1.10932,1.10878,1.10904,3131.0
2025-02-28 21:00:00+00:00,1.10903,1.10944,1.10876,1.10902,1356.0
2025-03-02 22:00:00+00:00,1.10935,1.10998,1.1085,1.10866,559.0
2025-03-02 23:00:00+00:00,1.10874,1.1102,1.10864,1.10992,3011.0
2025-03-03 00:00:00+00:00,1.10992,1.1101,1.10942,1.10944,3420.0
2025-03-03 01:00:00+00:00,1.10945,1.11006,1.1094,1.1098,5298.0
2025-03-03 02:00:00+00:00,1.10979,1.11029,1.10898,1.10901,3419.0
2025-03-03 03:00:00+00:00,1.10902,1.11007,1.10888,1.10992,3899.0
2025-03-03 04:00:00+00:00,1.10993,1.1105,1.10986,1.11018,1711.0
2025-03-03 05:00:00+00:00,1.11016,1.1104,1.10969,1.10974,2601.0
2025-03-03 06:00:00+00:00,1.10974,1.11034,1.10938,1.11032,3135.0
2025-03-03 07:00:00+00:00,1.11026,1.11046,1.10962,1.10992,3515.0
2025-03-03 08:00:00+00:00,1.10996,1.11017,1.10938,1.10972,4017.0
2025-03-03 09:00:00+00:00,1.1097,1.10996,1.10942,1.10984,3424.0
2025-03-03 10:00:00+00:00,1.10986,1.11044,1.10972,1.11022,3147.0
2025-03-03 11:00:00+00:00,1.1102,1.11048,1.11011,1.1102,2700.0
2025-03-03 12:00:00+00:00,1.1102,1.11062,1.10986,1.11029,4229.0
2025-03-03 13:00:00+00:00,1.1103,1.11069,1.11013,1.11032,4076.0
2025-03-03 14:00:00+00:00,1.11032,1.11071,1.10942,1.10976,4486.0
2025-03-03 15:00:00+00:00,1.10961,1.10996,1.10894,1.10926,7396.0
2025-03-03 16:00:00+00:00,1.10926,1.10961,1.10884,1.10888,4716.0
2025-03-03 17:00:00+00:00,1.10887,1.10914,1.10844,1.10868,3156.0
2025-03-03 18:00:00+00:00,1.10868,1.1087,1.10792,1.1083,3834.0
2025-03-03 19:00:00+00:00,1.1083,1.10852,1.1077,1.10774,3948.0
2025-03-03 20:00:00+00:00,1.10776,1.10782,1.107,1.10775,7297.0
2025-03-03 21:00:00+00:00,1.10774,1.10834,1.10769,1.10818,3098.0
2025-03-03 22:00:00+00:00,1.10826,1.1088,1.10759,1.10774,591.0
2025-03-03 23:00:00+00:00,1.10768,1.10786,1.10711,1.10748,2478.0
2025-03-04 00:00:00+00:00,1.10748,1.10811,1.10715,1.10786,4704.0
2025-03-04 01:00:00+00:00,1.10788,1.1079,1.10637,1.10659,6357.0
2025-03-04 02:00:00+00:00,1.10658,1.10738,1.10594,1.10686,5201.0
2025-03-04 03:00:00+00:00,1.10686,1.10715,1.10634,1.10651,4068.0
2025-03-04 04:00:00+00:00,1.10651,1.10655,1.10578,1.10586,3337.0
2025-03-04 05:00:00+00:00,1.10588,1.10658,1.10552,1.10602,5365.0
2025-03-04 06:00:00+00:00,1.10604,1.1073,1.10604,1.10729,4008.0
2025-03-04 07:00:00+00:00,1.10724,1.10724,1.10576,1.10614,5394.0
2025-03-04 08:00:00+00:00,1.10614,1.1062,1.10504,1.10519,6851.0
2025-03-04 09:00:00+00:00,1.1052,1.10636,1.10507,1.10611,5606.0
2025-03-04 10:00:00+00:00,1.10608,1.10634,1.10584,1.10612,4239.0
2025-03-04 11:00:00+00:00,1.10611,1.1067,1.10589,1.1066,4484.0
2025-03-04 12:00:00+00:00,1.10661,1.10673,1.10613,1.1063,5940.0
2025-03-04 13:00:00+00:00,1.10631,1.10659,1.10557,1.10561,6528.0
2025-03-04 14:00:00+00:00,1.1056,1.10608,1.10514,1.10518,7407.0
2025-03-04 15:00:00+00:00,1.10514,1.10556,1.10447,1.10464,8775.0
2025-03-04 16:00:00+00:00,1.10468,1.10546,1.10444,1.10518,8082.0
2025-03-04 17:00:00+00:00,1.10518,1.10595,1.10514,1.10582,5619.0
2025-03-04 18:00:00+00:00,1.10601,1.10635,1.10584,1.10626,5496.0
2025-03-04 19:00:00+00:00,1.10626,1.10764,1.10618,1.1067,3892.0
2025-03-04 20:00:00+00:00,1.10663,1.10717,1.10626,1.10642,6519.0
2025-03-04 21:00:00+00:00,1.10642,1.10761,1.10626,1.10711,5672.0
2025-03-04 22:00:00+00:00,1.10706,1.10758,1.1064,1.1075,522.0
2025-03-04 23:00:00+00:00,1.10748,1.10783,1.1066,1.1073,2533.0
2025-03-05 00:00:00+00:00,1.10726,1.1081,1.10666,1.10672,4548.0
2025-03-05 01:00:00+00:00,1.10672,1.10684,1.10569,1.10572,7341.0
2025-03-05 02:00:00+00:00,1.10572,1.10638,1.10558,1.10598,6140.0
2025-03-05 03:00:00+00:00,1.10598,1.10691,1.10575,1.10658,6644.0
2025-03-05 04:00:00+00:00,1.10658,1.10692,1.10623,1.10662,4634.0
2025-03-05 05:00:00+00:00,1.10661,1.107,1.10636,1.10684,4731.0
2025-03-05 06:00:00+00:00,1.10684,1.10702,1.10594,1.10702,4467.0
2025-03-05 07:00:00+00:00,1.10702,1.10748,1.10668,1.1069,5320.0
2025-03-05 08:00:00+00:00,1.10688,1.10691,1.106,1.10655,5090.0
2025-03-05 09:00:00+00:00,1.10654,1.10682,1.10624,1.10646,5210.0
2025-03-05 10:00:00+00:00,1.10646,1.10648,1.10591,1.10601,4111.0
2025-03-05 11:00:00+00:00,1.106,1.10614,1.10534,1.1054,3631.0
2025-03-05 12:00:00+00:00,1.10542,1.1058,1.1052,1.10542,4273.0
2025-03-05 13:00:00+00:00,1.10544,1.106,1.10473,1.10534,8575.0
2025-03-05 14:00:00+00:00,1.10536,1.10594,1.10492,1.1057,9574.0
2025-03-05 15:00:00+00:00,1.1057,1.10638,1.1051,1.106,10730.0
2025-03-05 16:00:00+00:00,1.106,1.10621,1.10518,1.10614,10417.0
2025-03-05 17:00:00+00:00,1.10607,1.10688,1.1058,1.10686,4616.0
2025-03-05 18:00:00+00:00,1.10686,1.1071,1.10636,1.10705,5649.0
2025-03-05 19:00:00+00:00,1.10704,1.10726,1.10636,1.10668,4314.0
2025-03-05 20:00:00+00:00,1.10668,1.10678,1.10618,1.10644,2098.0
2025-03-05 21:00:00+00:00,1.10644,1.10646,1.10596,1.10635,3782.0
2025-03-05 22:00:00+00:00,1.1063,1.1068,1.1057,1.10603,457.0
2025-03-05 23:00:00+00:00,1.10596,1.10654,1.10537,1.1063,2027.0
2025-03-06 00:00:00+00:00,1.1063,1.1068,1.10616,1.10657,3578.0
2025-03-06 01:00:00+00:00,1.10658,1.10664,1.10572,1.10632,6483.0
2025-03-06 02:00:00+00:00,1.10633,1.10654,1.10588,1.106,5358.0
2025-03-06 03:00:00+00:00,1.10604,1.10674,1.10563,1.10632,4039.0
2025-03-06 04:00:00+00:00,1.10632,1.10638,1.10557,1.1061,2746.0
2025-03-06 05:00:00+00:00,1.10608,1.10614,1.10495,1.10514,4044.0
2025-03-06 06:00:00+00:00,1.10514,1.10554,1.10495,1.10552,4746.0
2025-03-06 07:00:00+00:00,1.10548,1.1058,1.10492,1.10498,5934.0
2025-03-06 08:00:00+00:00,1.10498,1.10536,1.10424,1.10432,6514.0
2025-03-06 09:00:00+00:00,1.10434,1.10468,1.10393,1.1044,6119.0
2025-03-06 10:00:00+00:00,1.1044,1.10442,1.10346,1.10365,4506.0
2025-03-06 11:00:00+00:00,1.10362,1.10428,1.1033,1.10422,4593.0
2025-03-06 12:00:00+00:00,1.10421,1.10454,1.10367,1.10404,4924.0
2025-03-06 13:00:00+00:00,1.10403,1.10468,1.10372,1.10376,7777.0
2025-03-06 14:00:00+00:00,1.10374,1.10428,1.10359,1.10393,8396.0
2025-03-06 15:00:00+00:00,1.10395,1.10532,1.10394,1.10506,9608.0
2025-03-06 16:00:00+00:00,1.10508,1.10528,1.10406,1.10409,8466.0
2025-03-06 17:00:00+00:00,1.10408,1.10432,1.10352,1.10381,5686.0
2025-03-06 18:00:00+00:00,1.10402,1.10468,1.10398,1.1043,3560.0
2025-03-06 19:00:00+00:00,1.1043,1.10434,1.10332,1.10375,3775.0
2025-03-06 20:00:00+00:00,1.10376,1.10422,1.10362,1.10407,4513.0
2025-03-06 21:00:00+00:00,1.10406,1.10446,1.1039,1.1042,1819.0
2025-03-06 22:00:00+00:00,1.10422,1.10482,1.10385,1.10439,557.0
2025-03-06 23:00:00+00:00,1.10442,1.10458,1.10382,1.10392,1800.0
2025-03-07 00:00:00+00:00,1.10393,1.10405,1.10297,1.10322,3491.0
2025-03-07 01:00:00+00:00,1.1032,1.10338,1.10237,1.10279,5230.0
2025-03-07 02:00:00+00:00,1.10278,1.10365,1.10255,1.10362,3792.0
2025-03-07 03:00:00+00:00,1.10362,1.10368,1.10175,1.10244,4530.0
2025-03-07 04:00:00+00:00,1.10243,1.10328,1.10243,1.10312,2884.0
2025-03-07 05:00:00+00:00,1.10312,1.10368,1.10285,1.10294,3554.0
2025-03-07 06:00:00+00:00,1.10294,1.10404,1.10282,1.10298,3773.0
2025-03-07 07:00:00+00:00,1.10291,1.10312,1.10236,1.10287,3889.0
2025-03-07 08:00:00+00:00,1.10288,1.10314,1.10232,1.10279,5185.0
2025-03-07 09:00:00+00:00,1.10278,1.10312,1.10223,1.10237,4420.0
2025-03-07 10:00:00+00:00,1.10238,1.10244,1.10164,1.10222,4123.0
2025-03-07 11:00:00+00:00,1.10223,1.10248,1.10189,1.10211,3490.0
2025-03-07 12:00:00+00:00,1.10212,1.10216,1.10135,1.10162,4855.0
2025-03-07 13:00:00+00:00,1.10161,1.10254,1.10111,1.10144,9406.0
2025-03-07 14:00:00+00:00,1.10145,1.1039,1.1014,1.1036,8780.0
2025-03-07 15:00:00+00:00,1.1036,1.10434,1.10336,1.10422,9417.0
2025-03-07 16:00:00+00:00,1.1042,1.10436,1.10331,1.10347,7402.0
2025-03-07 17:00:00+00:00,1.10344,1.10478,1.10298,1.10448,6800.0
2025-03-07 18:00:00+00:00,1.10453,1.10534,1.1045,1.10498,5004.0
2025-03-07 19:00:00+00:00,1.105,1.10546,1.10479,1.10505,2683.0
2025-03-07 20:00:00+00:00,1.10504,1.10508,1.1045,1.10458,1931.0
2025-03-07 21:00:00+00:00,1.10452,1.10465,1.10424,1.10446,1927.0
2025-03-09 21:00:00+00:00,1.10553,1.10553,1.10366,1.104,547.0
2025-03-09 22:00:00+00:00,1.10486,1.10486,1.10349,1.10382,2932.0
2025-03-09 23:00:00+00:00,1.10384,1.10433,1.10325,1.10416,3691.0
2025-03-10 00:00:00+00:00,1.10418,1.1046,1.10396,1.10403,4706.0
2025-03-10 01:00:00+00:00,1.10402,1.10454,1.10376,1.1043,4973.0
2025-03-10 02:00:00+00:00,1.1043,1.10488,1.10422,1.10479,4304.0
2025-03-10 03:00:00+00:00,1.1048,1.10497,1.10382,1.1039,4190.0
2025-03-10 04:00:00+00:00,1.1039,1.1041,1.10376,1.10384,3336.0
2025-03-10 05:00:00+00:00,1.10386,1.10455,1.1037,1.1045,4317.0
2025-03-10 06:00:00+00:00,1.10452,1.10454,1.10376,1.10383,3849.0
2025-03-10 07:00:00+00:00,1.10382,1.10382,1.10311,1.1032,3995.0
2025-03-10 08:00:00+00:00,1.10322,1.10328,1.10207,1.10216,5867.0
2025-03-10 09:00:00+00:00,1.10214,1.10292,1.10186,1.10212,4575.0
2025-03-10 10:00:00+00:00,1.10216,1.10248,1.102,1.10245,4138.0
2025-03-10 11:00:00+00:00,1.10248,1.10304,1.10245,1.1028,5473.0
2025-03-10 12:00:00+00:00,1.10282,1.10288,1.10196,1.10246,5047.0
2025-03-10 13:00:00+00:00,1.10246,1.10268,1.10185,1.10192,7398.0
2025-03-10 14:00:00+00:00,1.10194,1.10194,1.1009,1.101,6715.0
2025-03-10 15:00:00+00:00,1.10099,1.10203,1.10099,1.10184,5636.0
2025-03-10 16:00:00+00:00,1.10184,1.10186,1.10102,1.1014,4848.0
2025-03-10 17:00:00+00:00,1.1014,1.10152,1.10078,1.10086,3788.0
2025-03-10 18:00:00+00:00,1.10086,1.10151,1.10059,1.10093,4360.0
2025-03-10 19:00:00+00:00,1.10088,1.1024,1.10079,1.1024,5547.0
2025-03-10 20:00:00+00:00,1.10245,1.10248,1.10168,1.10193,4510.0
2025-03-10 21:00:00+00:00,1.10173,1.10203,1.10108,1.10151,300.0
2025-03-10 22:00:00+00:00,1.10152,1.1029,1.10098,1.10274,3189.0
2025-03-10 23:00:00+00:00,1.1027,1.10286,1.10203,1.10276,5280.0
2025-03-11 00:00:00+00:00,1.10278,1.103,1.10191,1.1029,5208.0
2025-03-11 01:00:00+00:00,1.10291,1.10315,1.1019,1.10282,5485.0
2025-03-11 02:00:00+00:00,1.10283,1.10338,1.10254,1.10274,5703.0
2025-03-11 03:00:00+00:00,1.10274,1.10304,1.1021,1.10222,4643.0
2025-03-11 04:00:00+00:00,1.10218,1.10284,1.10206,1.1022,3452.0
2025-03-11 05:00:00+00:00,1.1022,1.10338,1.10172,1.10328,3843.0
2025-03-11 06:00:00+00:00,1.10329,1.10374,1.10272,1.1028,5164.0
2025-03-11 07:00:00+00:00,1.10277,1.1031,1.10203,1.10227,5693.0
2025-03-11 08:00:00+00:00,1.10227,1.10281,1.10198,1.10274,4930.0
2025-03-11 09:00:00+00:00,1.10276,1.1029,1.10191,1.10204,4750.0
2025-03-11 10:00:00+00:00,1.10205,1.1024,1.10192,1.10238,4577.0
2025-03-11 11:00:00+00:00,1.10238,1.1027,1.10209,1.1026,4319.0
2025-03-11 12:00:00+00:00,1.10259,1.10294,1.10226,1.10246,4108.0
2025-03-11 13:00:00+00:00,1.10246,1.10262,1.10169,1.10192,5051.0
2025-03-11 14:00:00+00:00,1.10188,1.10244,1.10048,1.10048,9312.0
2025-03-11 15:00:00+00:00,1.10048,1.10137,1.10042,1.10075,6364.0
2025-03-11 16:00:00+00:00,1.10074,1.10106,1.10061,1.10085,5137.0
2025-03-11 17:00:00+00:00,1.10086,1.10125,1.10048,1.1011,7159.0
2025-03-11 18:00:00+00:00,1.1011,1.10236,1.1011,1.10234,6193.0
2025-03-11 19:00:00+00:00,1.10234,1.1024,1.10178,1.10185,4007.0
2025-03-11 20:00:00+00:00,1.10183,1.10208,1.10176,1.10184,2746.0
2025-03-11 21:00:00+00:00,1.10172,1.10243,1.10074,1.10168,668.0
2025-03-11 22:00:00+00:00,1.10216,1.10236,1.1015,1.10229,3179.0
2025-03-11 23:00:00+00:00,1.10224,1.10231,1.10184,1.1022,3830.0
2025-03-12 00:00:00+00:00,1.1022,1.10253,1.10151,1.10252,3056.0
2025-03-12 01:00:00+00:00,1.10251,1.10252,1.1018,1.10217,4969.0
2025-03-12 02:00:00+00:00,1.10218,1.10312,1.10204,1.10245,3324.0
2025-03-12 03:00:00+00:00,1.10247,1.10288,1.10218,1.10226,2984.0
2025-03-12 04:00:00+00:00,1.10226,1.10258,1.10216,1.1024,1951.0
2025-03-12 05:00:00+00:00,1.10243,1.10278,1.10235,1.10263,3069.0
2025-03-12 06:00:00+00:00,1.10264,1.10274,1.10136,1.10154,2893.0
2025-03-12 07:00:00+00:00,1.10152,1.10188,1.10124,1.10162,3975.0
2025-03-12 08:00:00+00:00,1.10164,1.10206,1.10141,1.10152,4809.0
2025-03-12 09:00:00+00:00,1.10153,1.10176,1.10108,1.10144,3052.0
2025-03-12 10:00:00+00:00,1.10144,1.10168,1.10114,1.10115,2064.0
2025-03-12 11:00:00+00:00,1.10116,1.10198,1.10104,1.10174,3813.0
2025-03-12 12:00:00+00:00,1.10176,1.10216,1.10104,1.10128,8585.0
2025-03-12 13:00:00+00:00,1.10126,1.10257,1.10116,1.10249,10102.0
2025-03-12 14:00:00+00:00,1.10246,1.10258,1.10168,1.1017,8289.0
2025-03-12 15:00:00+00:00,1.10169,1.10199,1.10126,1.10194,4942.0
2025-03-12 16:00:00+00:00,1.10194,1.10226,1.10173,1.10186,5226.0
2025-03-12 17:00:00+00:00,1.10186,1.10248,1.10162,1.10208,5978.0
2025-03-12 18:00:00+00:00,1.10216,1.10276,1.10202,1.10254,4104.0
2025-03-12 19:00:00+00:00,1.10255,1.10286,1.10242,1.10274,5607.0
2025-03-12 20:00:00+00:00,1.10274,1.10325,1.10256,1.10306,3363.0
2025-03-12 21:00:00+00:00,1.10276,1.1033,1.10236,1.10266,447.0
2025-03-12 22:00:00+00:00,1.10258,1.10312,1.10258,1.10292,2154.0
2025-03-12 23:00:00+00:00,1.10294,1.10316,1.10278,1.10298,2874.0
2025-03-13 00:00:00+00:00,1.103,1.10314,1.10259,1.1026,3438.0
2025-03-13 01:00:00+00:00,1.1026,1.10276,1.10234,1.10258,4975.0
2025-03-13 02:00:00+00:00,1.10257,1.10277,1.10232,1.1024,5813.0
2025-03-13 03:00:00+00:00,1.10238,1.10248,1.10166,1.10182,3304.0
2025-03-13 04:00:00+00:00,1.10182,1.10198,1.10122,1.10156,2740.0
2025-03-13 05:00:00+00:00,1.10156,1.10194,1.10117,1.10186,3449.0
2025-03-13 06:00:00+00:00,1.10187,1.10296,1.10125,1.10286,4137.0
2025-03-13 07:00:00+00:00,1.10286,1.10314,1.10254,1.10304,4214.0
2025-03-13 08:00:00+00:00,1.10306,1.10306,1.10232,1.10262,3965.0
2025-03-13 09:00:00+00:00,1.10264,1.10331,1.10244,1.10316,2932.0
2025-03-13 10:00:00+00:00,1.10314,1.10354,1.10304,1.10341,3499.0
2025-03-13 11:00:00+00:00,1.10342,1.10357,1.10306,1.10344,4848.0
2025-03-13 12:00:00+00:00,1.10345,1.10357,1.10242,1.10354,8198.0
2025-03-13 13:00:00+00:00,1.10354,1.10364,1.10287,1.10333,6945.0
2025-03-13 14:00:00+00:00,1.10334,1.10338,1.10265,1.10284,6336.0
2025-03-13 15:00:00+00:00,1.10285,1.10296,1.10138,1.10156,6160.0
2025-03-13 16:00:00+00:00,1.10157,1.10193,1.10152,1.10187,5078.0
2025-03-13 17:00:00+00:00,1.10186,1.10192,1.10136,1.10176,5855.0
2025-03-13 18:00:00+00:00,1.10176,1.10218,1.10164,1.10212,4262.0
2025-03-13 19:00:00+00:00,1.10212,1.10239,1.10194,1.10205,5654.0
2025-03-13 20:00:00+00:00,1.10204,1.1031,1.10166,1.10302,4339.0
2025-03-13 21:00:00+00:00,1.10303,1.10338,1.10196,1.10274,1253.0
2025-03-13 22:00:00+00:00,1.10264,1.10298,1.10241,1.10262,1255.0
2025-03-13 23:00:00+00:00,1.10262,1.10312,1.10237,1.1024,1774.0
2025-03-14 00:00:00+00:00,1.10236,1.10287,1.10196,1.10232,3627.0
2025-03-14 01:00:00+00:00,1.10234,1.10238,1.10128,1.10132,6694.0
2025-03-14 02:00:00+00:00,1.10132,1.10184,1.10132,1.10167,5199.0
2025-03-14 03:00:00+00:00,1.10168,1.10227,1.10166,1.10204,6538.0
2025-03-14 04:00:00+00:00,1.10206,1.10238,1.10176,1.10232,4428.0
2025-03-14 05:00:00+00:00,1.10233,1.10241,1.10158,1.10173,4975.0
2025-03-14 06:00:00+00:00,1.10172,1.10218,1.10166,1.10204,5293.0
2025-03-14 07:00:00+00:00,1.10202,1.10224,1.10148,1.10152,4900.0
2025-03-14 08:00:00+00:00,1.10152,1.10176,1.10112,1.10156,3503.0
2025-03-14 09:00:00+00:00,1.10155,1.10192,1.10134,1.10188,3286.0
2025-03-14 10:00:00+00:00,1.10187,1.10197,1.10138,1.10164,5306.0
2025-03-14 11:00:00+00:00,1.10165,1.10174,1.10108,1.10116,4988.0
2025-03-14 12:00:00+00:00,1.10114,1.10178,1.10114,1.10143,4923.0
2025-03-14 13:00:00+00:00,1.10144,1.10148,1.10096,1.10113,5602.0
2025-03-14 14:00:00+00:00,1.10114,1.10126,1.10072,1.10098,7646.0
2025-03-14 15:00:00+00:00,1.10098,1.10106,1.10032,1.10054,6087.0
2025-03-14 16:00:00+00:00,1.10054,1.10066,1.10015,1.1006,4012.0
2025-03-14 17:00:00+00:00,1.10056,1.10066,1.10018,1.10029,2795.0
2025-03-14 18:00:00+00:00,1.10027,1.10048,1.1002,1.10036,975.0
2025-03-14 19:00:00+00:00,1.1003,1.10046,1.09972,1.1002,1156.0
2025-03-14 20:00:00+00:00,1.10022,1.10059,1.09979,1.1003,1891.0
2025-03-16 21:00:00+00:00,1.1007,1.10112,1.09988,1.10087,379.0
2025-03-16 22:00:00+00:00,1.10084,1.10094,1.09896,1.09958,2712.0
2025-03-16 23:00:00+00:00,1.09956,1.10003,1.09925,1.09979,2343.0
2025-03-17 00:00:00+00:00,1.09978,1.1007,1.09938,1.1005,3485.0
2025-03-17 01:00:00+00:00,1.10053,1.10058,1.09953,1.09964,7160.0
2025-03-17 02:00:00+00:00,1.09966,1.09976,1.09924,1.09942,4771.0
2025-03-17 03:00:00+00:00,1.09942,1.09942,1.09871,1.09881,2426.0
2025-03-17 04:00:00+00:00,1.0988,1.09904,1.09828,1.09844,3781.0
2025-03-17 05:00:00+00:00,1.09846,1.09936,1.09831,1.09923,3761.0
2025-03-17 06:00:00+00:00,1.09922,1.09922,1.09846,1.09882,3393.0
2025-03-17 07:00:00+00:00,1.09882,1.09884,1.09814,1.09865,3598.0
2025-03-17 08:00:00+00:00,1.09866,1.09866,1.09776,1.09816,3377.0
2025-03-17 09:00:00+00:00,1.09816,1.0986,1.09812,1.09814,4797.0
2025-03-17 10:00:00+00:00,1.09816,1.09835,1.09732,1.09745,3348.0
2025-03-17 11:00:00+00:00,1.09745,1.09759,1.09712,1.09716,2891.0
2025-03-17 12:00:00+00:00,1.09716,1.09719,1.0965,1.09674,5487.0
2025-03-17 13:00:00+00:00,1.09675,1.09705,1.0962,1.09646,5858.0
2025-03-17 14:00:00+00:00,1.0965,1.09684,1.096,1.09672,5804.0
2025-03-17 15:00:00+00:00,1.09672,1.09708,1.09632,1.09704,4574.0
2025-03-17 16:00:00+00:00,1.09702,1.09726,1.09662,1.09693,3468.0
2025-03-17 17:00:00+00:00,1.09693,1.09749,1.09691,1.09717,2592.0
2025-03-17 18:00:00+00:00,1.09717,1.09732,1.09696,1.09707,2390.0
2025-03-17 19:00:00+00:00,1.09708,1.09716,1.0968,1.09684,3154.0
2025-03-17 20:00:00+00:00,1.09684,1.097,1.09638,1.09694,3309.0
2025-03-17 21:00:00+00:00,1.0973,1.09782,1.09681,1.09736,369.0
2025-03-17 22:00:00+00:00,1.09736,1.09741,1.09602,1.09603,1811.0
2025-03-17 23:00:00+00:00,1.09602,1.09619,1.09567,1.09586,1299.0
2025-03-18 00:00:00+00:00,1.09585,1.0963,1.09572,1.09574,3476.0
2025-03-18 01:00:00+00:00,1.09574,1.09597,1.09545,1.09594,3600.0
2025-03-18 02:00:00+00:00,1.09594,1.09634,1.09565,1.09568,3376.0
2025-03-18 03:00:00+00:00,1.09568,1.0958,1.09524,1.09564,2575.0
2025-03-18 04:00:00+00:00,1.09564,1.09584,1.09533,1.09554,2113.0
2025-03-18 05:00:00+00:00,1.09554,1.09557,1.0952,1.09542,2526.0
2025-03-18 06:00:00+00:00,1.09542,1.09566,1.09514,1.09546,3082.0
2025-03-18 07:00:00+00:00,1.09542,1.09625,1.09516,1.0957,2752.0
2025-03-18 08:00:00+00:00,1.09571,1.096,1.09557,1.09582,2139.0
2025-03-18 09:00:00+00:00,1.09582,1.09593,1.09532,1.09534,2053.0
2025-03-18 10:00:00+00:00,1.09533,1.09543,1.09494,1.09504,2483.0
2025-03-18 11:00:00+00:00,1.09506,1.0954,1.09492,1.09532,1937.0
2025-03-18 12:00:00+00:00,1.09532,1.09559,1.09506,1.09508,2968.0
2025-03-18 13:00:00+00:00,1.09506,1.09522,1.09442,1.09449,3677.0
2025-03-18 14:00:00+00:00,1.0945,1.09456,1.09386,1.09446,3390.0
2025-03-18 15:00:00+00:00,1.09443,1.09447,1.0936,1.09375,4340.0
2025-03-18 16:00:00+00:00,1.09377,1.09402,1.0935,1.0936,4216.0
2025-03-18 17:00:00+00:00,1.09361,1.09363,1.09318,1.09352,2498.0
2025-03-18 18:00:00+00:00,1.09352,1.09352,1.09315,1.09326,1980.0
2025-03-18 19:00:00+00:00,1.09332,1.09354,1.09322,1.09335,1686.0
2025-03-18 20:00:00+00:00,1.09337,1.09346,1.09294,1.09302,2071.0
2025-03-18 21:00:00+00:00,1.09321,1.09374,1.09312,1.09328,411.0
2025-03-18 22:00:00+00:00,1.09331,1.09345,1.09295,1.09324,1449.0
2025-03-18 23:00:00+00:00,1.0932,1.09344,1.09306,1.09344,1555.0
2025-03-19 00:00:00+00:00,1.09342,1.09414,1.09321,1.09379,2483.0
2025-03-19 01:00:00+00:00,1.09378,1.0941,1.09362,1.0941,3432.0
2025-03-19 02:00:00+00:00,1.0941,1.09442,1.09392,1.09422,2823.0
2025-03-19 03:00:00+00:00,1.09422,1.09443,1.09406,1.0943,2539.0
2025-03-19 04:00:00+00:00,1.09431,1.09434,1.09384,1.09414,1815.0
2025-03-19 05:00:00+00:00,1.09413,1.09418,1.0937,1.09374,2018.0
2025-03-19 06:00:00+00:00,1.09373,1.09399,1.0931,1.09324,2251.0
2025-03-19 07:00:00+00:00,1.09325,1.09402,1.09283,1.09366,4983.0
2025-03-19 08:00:00+00:00,1.09363,1.09409,1.0934,1.09351,3909.0
2025-03-19 09:00:00+00:00,1.0935,1.09398,1.09346,1.09386,2508.0
2025-03-19 10:00:00+00:00,1.09388,1.09426,1.09376,1.0942,2569.0
2025-03-19 11:00:00+00:00,1.0942,1.0944,1.09386,1.09394,3334.0
2025-03-19 12:00:00+00:00,1.09396,1.09418,1.09389,1.09416,2570.0
2025-03-19 13:00:00+00:00,1.09416,1.09483,1.09412,1.09466,3124.0
2025-03-19 14:00:00+00:00,1.09465,1.09484,1.09418,1.09442,4225.0
2025-03-19 15:00:00+00:00,1.09442,1.09488,1.09437,1.09476,2689.0
2025-03-19 16:00:00+00:00,1.09475,1.09485,1.09462,1.09462,1730.0
2025-03-19 17:00:00+00:00,1.09462,1.09466,1.09437,1.0946,2734.0
2025-03-19 18:00:00+00:00,1.09438,1.0949,1.09426,1.09484,5283.0
2025-03-19 19:00:00+00:00,1.09478,1.09479,1.09338,1.0936,5589.0
2025-03-19 20:00:00+00:00,1.09358,1.0936,1.093,1.0932,1807.0
2025-03-19 21:00:00+00:00,1.09338,1.09406,1.09158,1.09254,496.0
2025-03-19 22:00:00+00:00,1.09262,1.09308,1.09201,1.09306,1491.0
2025-03-19 23:00:00+00:00,1.09308,1.09354,1.09286,1.09346,1879.0
2025-03-20 00:00:00+00:00,1.09346,1.09389,1.09137,1.09308,4723.0
2025-03-20 01:00:00+00:00,1.09308,1.09398,1.09242,1.09362,4736.0
2025-03-20 02:00:00+00:00,1.0936,1.0951,1.09332,1.09446,3873.0
2025-03-20 03:00:00+00:00,1.09446,1.09491,1.09426,1.09468,3092.0
2025-03-20 04:00:00+00:00,1.09471,1.09548,1.09448,1.09521,2419.0
2025-03-20 05:00:00+00:00,1.09522,1.09554,1.095,1.09538,2369.0
2025-03-20 06:00:00+00:00,1.0954,1.09573,1.09534,1.0955,2722.0
2025-03-20 07:00:00+00:00,1.09552,1.0957,1.09471,1.09526,4564.0
2025-03-20 08:00:00+00:00,1.09525,1.09616,1.09506,1.09567,4449.0
2025-03-20 09:00:00+00:00,1.09568,1.09619,1.09506,1.0952,4695.0
2025-03-20 10:00:00+00:00,1.09522,1.09625,1.09514,1.09592,5883.0
2025-03-20 11:00:00+00:00,1.09592,1.09622,1.09575,1.09592,3783.0
2025-03-20 12:00:00+00:00,1.09594,1.09607,1.0953,1.09582,5011.0
2025-03-20 13:00:00+00:00,1.09582,1.09611,1.09558,1.09574,5319.0
2025-03-20 14:00:00+00:00,1.09578,1.0961,1.0953,1.09564,5148.0
2025-03-20 15:00:00+00:00,1.09564,1.0958,1.09548,1.0957,3782.0
2025-03-20 16:00:00+00:00,1.09568,1.09578,1.09542,1.09548,3097.0
2025-03-20 17:00:00+00:00,1.09548,1.09566,1.09493,1.09494,2812.0
2025-03-20 18:00:00+00:00,1.09494,1.09509,1.09454,1.09457,1966.0
2025-03-20 19:00:00+00:00,1.09456,1.09467,1.09424,1.09444,2279.0
2025-03-20 20:00:00+00:00,1.09445,1.09482,1.09443,1.0946,1273.0
2025-03-20 21:00:00+00:00,1.09474,1.09522,1.09424,1.09454,288.0
2025-03-20 22:00:00+00:00,1.09475,1.09487,1.0944,1.09454,1071.0
2025-03-20 23:00:00+00:00,1.09454,1.09454,1.09388,1.094,2089.0
2025-03-21 00:00:00+00:00,1.094,1.09427,1.0935,1.0936,3306.0
2025-03-21 01:00:00+00:00,1.09364,1.0939,1.09344,1.09372,3814.0
2025-03-21 02:00:00+00:00,1.09371,1.09394,1.09333,1.09333,3013.0
2025-03-21 03:00:00+00:00,1.09332,1.0942,1.09332,1.09406,2078.0
2025-03-21 04:00:00+00:00,1.09406,1.0942,1.09394,1.09399,1292.0
2025-03-21 05:00:00+00:00,1.09398,1.09398,1.09335,1.0937,2296.0
2025-03-21 06:00:00+00:00,1.0937,1.09387,1.09328,1.09357,2551.0
2025-03-21 07:00:00+00:00,1.09358,1.09375,1.0929,1.09328,3037.0
2025-03-21 08:00:00+00:00,1.09328,1.09336,1.09244,1.09254,3116.0
2025-03-21 09:00:00+00:00,1.09256,1.09269,1.09208,1.0923,2284.0
2025-03-21 10:00:00+00:00,1.0923,1.09254,1.09222,1.09238,2250.0
2025-03-21 11:00:00+00:00,1.09238,1.09241,1.09216,1.09226,2384.0
2025-03-21 12:00:00+00:00,1.09228,1.09238,1.09192,1.09193,3183.0
2025-03-21 13:00:00+00:00,1.09192,1.09207,1.09142,1.09176,3964.0
2025-03-21 14:00:00+00:00,1.09175,1.09234,1.0913,1.09227,3947.0
2025-03-21 15:00:00+00:00,1.09228,1.09345,1.09199,1.0932,4046.0
2025-03-21 16:00:00+00:00,1.09318,1.09406,1.09298,1.0939,4635.0
2025-03-21 17:00:00+00:00,1.0939,1.09422,1.0937,1.09396,2382.0
2025-03-21 18:00:00+00:00,1.09399,1.09435,1.09381,1.09428,943.0
2025-03-21 19:00:00+00:00,1.09427,1.09436,1.09403,1.0942,596.0
2025-03-21 20:00:00+00:00,1.09422,1.09454,1.09396,1.09404,1078.0
2025-03-23 21:00:00+00:00,1.09393,1.09409,1.09265,1.09377,426.0
2025-03-23 22:00:00+00:00,1.09368,1.095,1.09368,1.094,2042.0
2025-03-23 23:00:00+00:00,1.094,1.09474,1.09392,1.09473,2250.0
2025-03-24 00:00:00+00:00,1.09472,1.09502,1.09442,1.09495,2874.0
2025-03-24 01:00:00+00:00,1.09496,1.09626,1.09494,1.0962,3965.0
2025-03-24 02:00:00+00:00,1.09621,1.09673,1.0961,1.09632,3142.0
2025-03-24 03:00:00+00:00,1.09634,1.09707,1.09619,1.097,2794.0
2025-03-24 04:00:00+00:00,1.09701,1.09722,1.0967,1.09718,2112.0
2025-03-24 05:00:00+00:00,1.0972,1.09805,1.09704,1.09799,2535.0
2025-03-24 06:00:00+00:00,1.098,1.09814,1.09732,1.09744,2960.0
2025-03-24 07:00:00+00:00,1.09741,1.09765,1.09718,1.09742,2548.0
2025-03-24 08:00:00+00:00,1.0974,1.09802,1.09721,1.09796,3072.0
2025-03-24 09:00:00+00:00,1.09796,1.09801,1.09672,1.09676,2299.0
2025-03-24 10:00:00+00:00,1.09675,1.09732,1.09662,1.09724,2046.0
2025-03-24 11:00:00+00:00,1.09723,1.0976,1.09722,1.09754,1822.0
2025-03-24 12:00:00+00:00,1.09755,1.09792,1.09746,1.0977,2367.0
2025-03-24 13:00:00+00:00,1.0977,1.09814,1.09768,1.0981,3369.0
2025-03-24 14:00:00+00:00,1.09812,1.09842,1.09791,1.09838,4004.0
2025-03-24 15:00:00+00:00,1.09838,1.09888,1.09792,1.09793,4116.0
2025-03-24 16:00:00+00:00,1.09794,1.09832,1.09752,1.09774,4534.0
2025-03-24 17:00:00+00:00,1.09776,1.098,1.09758,1.09792,2833.0
2025-03-24 18:00:00+00:00,1.09792,1.09807,1.09764,1.09778,2715.0
2025-03-24 19:00:00+00:00,1.09779,1.09784,1.0974,1.09746,1931.0
2025-03-24 20:00:00+00:00,1.09746,1.09762,1.0973,1.0974,1213.0
2025-03-24 21:00:00+00:00,1.0975,1.09808,1.09663,1.09732,594.0
2025-03-24 22:00:00+00:00,1.09755,1.0978,1.09717,1.09761,878.0
2025-03-24 23:00:00+00:00,1.0976,1.09784,1.09754,1.09781,1080.0
2025-03-25 00:00:00+00:00,1.09779,1.0984,1.09776,1.09835,2120.0
2025-03-25 01:00:00+00:00,1.09836,1.09889,1.0983,1.0986,3179.0
2025-03-25 02:00:00+00:00,1.09858,1.09876,1.09806,1.09867,2534.0
2025-03-25 03:00:00+00:00,1.09868,1.09907,1.09864,1.09898,2163.0
2025-03-25 04:00:00+00:00,1.099,1.09908,1.09854,1.0986,1745.0
2025-03-25 05:00:00+00:00,1.0986,1.0988,1.09808,1.09874,1950.0
2025-03-25 06:00:00+00:00,1.09872,1.09874,1.09826,1.09858,2080.0
2025-03-25 07:00:00+00:00,1.0986,1.09918,1.0985,1.09882,2664.0
2025-03-25 08:00:00+00:00,1.09884,1.09963,1.09884,1.09956,3029.0
2025-03-25 09:00:00+00:00,1.09956,1.10032,1.09956,1.10016,2225.0
2025-03-25 10:00:00+00:00,1.10017,1.10024,1.09964,1.09984,2266.0
2025-03-25 11:00:00+00:00,1.09982,1.09988,1.09952,1.09986,2954.0
2025-03-25 12:00:00+00:00,1.09986,1.09992,1.09925,1.09972,2259.0
2025-03-25 13:00:00+00:00,1.09972,1.10036,1.09972,1.10018,3193.0
2025-03-25 14:00:00+00:00,1.10016,1.1002,1.09959,1.10004,3942.0
2025-03-25 15:00:00+00:00,1.10006,1.10015,1.09938,1.09963,3128.0
2025-03-25 16:00:00+00:00,1.09962,1.09964,1.0988,1.09891,2906.0
2025-03-25 17:00:00+00:00,1.09889,1.09901,1.09876,1.09896,1871.0
2025-03-25 18:00:00+00:00,1.09896,1.09921,1.0988,1.09898,2303.0
2025-03-25 19:00:00+00:00,1.09898,1.09934,1.0989,1.09905,2205.0
2025-03-25 20:00:00+00:00,1.09904,1.09962,1.09898,1.09946,1931.0
2025-03-25 21:00:00+00:00,1.09946,1.10043,1.09878,1.0995,525.0
2025-03-25 22:00:00+00:00,1.0994,1.09972,1.09911,1.09966,2131.0
2025-03-25 23:00:00+00:00,1.09967,1.10016,1.09962,1.10014,1013.0
2025-03-26 00:00:00+00:00,1.10013,1.10036,1.09912,1.09914,3134.0
2025-03-26 01:00:00+00:00,1.09915,1.09958,1.09848,1.0987,4870.0
2025-03-26 02:00:00+00:00,1.09868,1.09881,1.09782,1.09786,2816.0
2025-03-26 03:00:00+00:00,1.09784,1.0981,1.09746,1.09798,2970.0
2025-03-26 04:00:00+00:00,1.09797,1.09822,1.09758,1.09813,2282.0
2025-03-26 05:00:00+00:00,1.09812,1.0983,1.09774,1.09792,2785.0
2025-03-26 06:00:00+00:00,1.09792,1.09846,1.09768,1.09839,2741.0
2025-03-26 07:00:00+00:00,1.09836,1.09901,1.09813,1.09826,3352.0
2025-03-26 08:00:00+00:00,1.09825,1.09862,1.09785,1.09858,3319.0
2025-03-26 09:00:00+00:00,1.09858,1.09865,1.0982,1.09843,3023.0
2025-03-26 10:00:00+00:00,1.09842,1.0987,1.09826,1.09854,2643.0
2025-03-26 11:00:00+00:00,1.09852,1.09864,1.09836,1.09854,2272.0
2025-03-26 12:00:00+00:00,1.09854,1.09888,1.09798,1.09826,3736.0
2025-03-26 13:00:00+00:00,1.09826,1.0987,1.0978,1.09824,3925.0
2025-03-26 14:00:00+00:00,1.09821,1.09852,1.09794,1.09823,3560.0
2025-03-26 15:00:00+00:00,1.09822,1.09852,1.09802,1.0982,3974.0
2025-03-26 16:00:00+00:00,1.09818,1.09829,1.098,1.09818,2949.0
2025-03-26 17:00:00+00:00,1.09818,1.09858,1.09812,1.09823,3582.0
2025-03-26 18:00:00+00:00,1.09823,1.09848,1.09812,1.09834,2057.0
2025-03-26 19:00:00+00:00,1.09828,1.09881,1.09828,1.09869,2057.0
2025-03-26 20:00:00+00:00,1.09863,1.0996,1.09862,1.09944,1410.0
2025-03-26 21:00:00+00:00,1.09926,1.09957,1.09818,1.0993,756.0
2025-03-26 22:00:00+00:00,1.09918,1.0996,1.09876,1.09938,2687.0
2025-03-26 23:00:00+00:00,1.09938,1.09958,1.09912,1.09946,2582.0
2025-03-27 00:00:00+00:00,1.09945,1.09949,1.09878,1.0989,3008.0
2025-03-27 01:00:00+00:00,1.09891,1.09893,1.09817,1.09858,4226.0
2025-03-27 02:00:00+00:00,1.09858,1.0993,1.09832,1.09871,4279.0
2025-03-27 03:00:00+00:00,1.09874,1.10006,1.0986,1.09998,2953.0
2025-03-27 04:00:00+00:00,1.09996,1.09998,1.09938,1.09944,2422.0
2025-03-27 05:00:00+00:00,1.09944,1.09947,1.09835,1.0987,3007.0
2025-03-27 06:00:00+00:00,1.09872,1.09928,1.09827,1.09897,3008.0
2025-03-27 07:00:00+00:00,1.09898,1.0992,1.09875,1.09892,3307.0
2025-03-27 08:00:00+00:00,1.09896,1.09912,1.09832,1.09846,3470.0
2025-03-27 09:00:00+00:00,1.09848,1.09882,1.09836,1.09874,2674.0
2025-03-27 10:00:00+00:00,1.0987,1.09884,1.09836,1.09838,3505.0
2025-03-27 11:00:00+00:00,1.09838,1.09889,1.09832,1.09872,3267.0
2025-03-27 12:00:00+00:00,1.09872,1.0989,1.09804,1.09824,3185.0
2025-03-27 13:00:00+00:00,1.09824,1.09842,1.09752,1.09836,3930.0
2025-03-27 14:00:00+00:00,1.09836,1.09844,1.09758,1.09776,4239.0
2025-03-27 15:00:00+00:00,1.0977,1.09781,1.09708,1.09752,3920.0
2025-03-27 16:00:00+00:00,1.09752,1.09801,1.09736,1.09782,3833.0
2025-03-27 17:00:00+00:00,1.09784,1.09786,1.0975,1.0978,2468.0
2025-03-27 18:00:00+00:00,1.0978,1.09829,1.0978,1.09828,1625.0
2025-03-27 19:00:00+00:00,1.09829,1.09856,1.09815,1.09837,1171.0
2025-03-27 20:00:00+00:00,1.09838,1.09878,1.09826,1.09846,1720.0
2025-03-27 21:00:00+00:00,1.09846,1.09895,1.09777,1.0982,364.0
2025-03-27 22:00:00+00:00,1.09826,1.09849,1.09808,1.09833,3928.0
2025-03-27 23:00:00+00:00,1.09832,1.09874,1.09803,1.09868,2284.0
2025-03-28 00:00:00+00:00,1.09866,1.0991,1.09814,1.099,3076.0
2025-03-28 01:00:00+00:00,1.09899,1.09992,1.09894,1.09974,2989.0
2025-03-28 02:00:00+00:00,1.0997,1.1,1.09957,1.0998,2848.0
2025-03-28 03:00:00+00:00,1.09979,1.09987,1.09936,1.09942,2735.0
2025-03-28 04:00:00+00:00,1.09944,1.09986,1.09928,1.0996,1930.0
2025-03-28 05:00:00+00:00,1.0996,1.09984,1.09953,1.09984,1915.0
2025-03-28 06:00:00+00:00,1.09985,1.10047,1.09983,1.10024,1678.0
2025-03-28 07:00:00+00:00,1.10022,1.10053,1.09994,1.10017,2490.0
2025-03-28 08:00:00+00:00,1.10018,1.10114,1.10014,1.10112,2621.0
2025-03-28 09:00:00+00:00,1.1011,1.10124,1.10074,1.10086,1931.0
2025-03-28 10:00:00+00:00,1.10086,1.10122,1.10081,1.10105,2125.0
2025-03-28 11:00:00+00:00,1.10104,1.10117,1.10072,1.10098,1817.0
2025-03-28 12:00:00+00:00,1.10098,1.10124,1.10062,1.1008,3086.0
2025-03-28 13:00:00+00:00,1.10082,1.10091,1.10024,1.10053,4326.0
2025-03-28 14:00:00+00:00,1.10051,1.10056,1.09928,1.09962,4830.0
2025-03-28 15:00:00+00:00,1.09962,1.10018,1.09938,1.09951,4530.0
2025-03-28 16:00:00+00:00,1.0995,1.09982,1.0994,1.09947,2798.0
2025-03-28 17:00:00+00:00,1.09946,1.09977,1.0993,1.09974,2241.0
2025-03-28 18:00:00+00:00,1.0997,1.10026,1.09963,1.10024,1273.0
2025-03-28 19:00:00+00:00,1.10023,1.10047,1.10007,1.10032,1287.0
2025-03-28 20:00:00+00:00,1.10032,1.10081,1.0999,1.1001,1558.0
2025-03-30 21:00:00+00:00,1.0996,1.10108,1.09932,1.10066,333.0
2025-03-30 22:00:00+00:00,1.10068,1.10136,1.1001,1.10056,3400.0
2025-03-30 23:00:00+00:00,1.10058,1.10142,1.10039,1.10095,4429.0
2025-03-31 00:00:00+00:00,1.10095,1.10252,1.1007,1.10196,5477.0
2025-03-31 01:00:00+00:00,1.10197,1.10232,1.10129,1.10155,7791.0
2025-03-31 02:00:00+00:00,1.10156,1.1021,1.10074,1.10094,4151.0
2025-03-31 03:00:00+00:00,1.10094,1.10099,1.10002,1.10036,4515.0
2025-03-31 04:00:00+00:00,1.10034,1.10047,1.09968,1.10035,3126.0
2025-03-31 05:00:00+00:00,1.1004,1.10045,1.0999,1.1002,3984.0
2025-03-31 06:00:00+00:00,1.1002,1.10042,1.09932,1.09932,5221.0
2025-03-31 07:00:00+00:00,1.09935,1.10008,1.09903,1.10002,4734.0
2025-03-31 08:00:00+00:00,1.10001,1.10034,1.09957,1.09997,3418.0
2025-03-31 09:00:00+00:00,1.09996,1.10031,1.09942,1.0995,2948.0
2025-03-31 10:00:00+00:00,1.0995,1.09952,1.09894,1.09915,3134.0
2025-03-31 11:00:00+00:00,1.09916,1.09922,1.09882,1.09911,3404.0
2025-03-31 12:00:00+00:00,1.09912,1.09986,1.09908,1.09984,4199.0
2025-03-31 13:00:00+00:00,1.09986,1.1,1.09926,1.09958,3987.0
2025-03-31 14:00:00+00:00,1.09959,1.1012,1.09959,1.10006,5218.0
2025-03-31 15:00:00+00:00,1.10012,1.10085,1.09972,1.10074,5435.0
2025-03-31 16:00:00+00:00,1.10074,1.10111,1.10054,1.10072,2869.0
2025-03-31 17:00:00+00:00,1.10073,1.10098,1.10062,1.10082,2920.0
2025-03-31 18:00:00+00:00,1.10092,1.10134,1.10092,1.10099,2043.0
2025-03-31 19:00:00+00:00,1.10102,1.10124,1.10066,1.10074,2753.0
2025-03-31 20:00:00+00:00,1.10074,1.10076,1.10006,1.1001,1828.0
2025-03-31 21:00:00+00:00,1.10004,1.10042,1.09967,1.09992,283.0
2025-03-31 22:00:00+00:00,1.09992,1.10074,1.09992,1.1004,1901.0
2025-03-31 23:00:00+00:00,1.1004,1.10075,1.1001,1.10067,1901.0
2025-04-01 00:00:00+00:00,1.10068,1.10104,1.1004,1.10053,4035.0
2025-04-01 01:00:00+00:00,1.10059,1.10099,1.10038,1.10073,3452.0
2025-04-01 02:00:00+00:00,1.10074,1.10166,1.10068,1.1016,3497.0
2025-04-01 03:00:00+00:00,1.1016,1.10255,1.10138,1.10141,3851.0
2025-04-01 04:00:00+00:00,1.10138,1.10214,1.10118,1.10209,2905.0
2025-04-01 05:00:00+00:00,1.1021,1.10269,1.102,1.10242,2793.0
2025-04-01 06:00:00+00:00,1.10242,1.10318,1.1022,1.10264,3504.0
2025-04-01 07:00:00+00:00,1.10262,1.1029,1.10126,1.10129,4610.0
2025-04-01 08:00:00+00:00,1.10128,1.10213,1.10122,1.10176,2941.0
2025-04-01 09:00:00+00:00,1.10176,1.10191,1.10128,1.10162,2864.0
2025-04-01 10:00:00+00:00,1.10161,1.10167,1.10106,1.1013,4273.0
2025-04-01 11:00:00+00:00,1.10131,1.10155,1.10074,1.1013,3237.0
2025-04-01 12:00:00+00:00,1.1013,1.10142,1.10088,1.10124,2728.0
2025-04-01 13:00:00+00:00,1.10126,1.10166,1.10112,1.10142,2990.0
2025-04-01 14:00:00+00:00,1.10143,1.10144,1.10015,1.10057,6712.0
2025-04-01 15:00:00+00:00,1.10059,1.10181,1.10051,1.10102,4983.0
2025-04-01 16:00:00+00:00,1.101,1.1012,1.10076,1.10088,4258.0
2025-04-01 17:00:00+00:00,1.10088,1.10108,1.10069,1.10096,3195.0
2025-04-01 18:00:00+00:00,1.10096,1.10114,1.10076,1.10104,2666.0
2025-04-01 19:00:00+00:00,1.10103,1.10158,1.10098,1.10152,1688.0
2025-04-01 20:00:00+00:00,1.1015,1.10162,1.10112,1.10136,2727.0
2025-04-01 21:00:00+00:00,1.10138,1.10173,1.10053,1.10104,809.0
2025-04-01 22:00:00+00:00,1.101,1.10148,1.10055,1.1012,2372.0
2025-04-01 23:00:00+00:00,1.10122,1.10138,1.10078,1.1009,2090.0
2025-04-02 00:00:00+00:00,1.1009,1.10105,1.09988,1.10012,3896.0
2025-04-02 01:00:00+00:00,1.10014,1.1005,1.09985,1.10046,4228.0
2025-04-02 02:00:00+00:00,1.10046,1.10105,1.10039,1.10084,3543.0
2025-04-02 03:00:00+00:00,1.10081,1.10112,1.10062,1.10102,1738.0
2025-04-02 04:00:00+00:00,1.10102,1.10117,1.10057,1.10089,1333.0
2025-04-02 05:00:00+00:00,1.10092,1.1011,1.09994,1.10002,1919.0
2025-04-02 06:00:00+00:00,1.10003,1.10057,1.09932,1.09932,3182.0
2025-04-02 07:00:00+00:00,1.09931,1.09961,1.09862,1.0988,2792.0
2025-04-02 08:00:00+00:00,1.0988,1.09907,1.09866,1.09878,2618.0
2025-04-02 09:00:00+00:00,1.09877,1.09899,1.0982,1.09862,2282.0
2025-04-02 10:00:00+00:00,1.09862,1.09872,1.09797,1.09809,3548.0
2025-04-02 11:00:00+00:00,1.0981,1.09824,1.09756,1.09762,2360.0
2025-04-02 12:00:00+00:00,1.09765,1.09798,1.0972,1.09752,3429.0
2025-04-02 13:00:00+00:00,1.0975,1.09777,1.09698,1.09738,3679.0
2025-04-02 14:00:00+00:00,1.09736,1.09792,1.09712,1.09782,4530.0
2025-04-02 15:00:00+00:00,1.0978,1.09812,1.09752,1.09769,5517.0
2025-04-02 16:00:00+00:00,1.09768,1.09818,1.09762,1.09804,2706.0
2025-04-02 17:00:00+00:00,1.09806,1.09814,1.09754,1.09778,2545.0
2025-04-02 18:00:00+00:00,1.09778,1.09778,1.09726,1.0973,2340.0
2025-04-02 19:00:00+00:00,1.0973,1.09752,1.09706,1.0973,2046.0
2025-04-02 20:00:00+00:00,1.09731,1.09917,1.09462,1.0959,16685.0
2025-04-02 21:00:00+00:00,1.0958,1.09797,1.09377,1.09498,969.0
2025-04-02 22:00:00+00:00,1.09464,1.09666,1.09342,1.09634,9679.0
2025-04-02 23:00:00+00:00,1.09638,1.09639,1.09366,1.09384,9521.0
2025-04-03 00:00:00+00:00,1.09382,1.09421,1.09298,1.09328,11306.0
2025-04-03 01:00:00+00:00,1.09332,1.0953,1.09291,1.09478,9880.0
2025-04-03 02:00:00+00:00,1.0948,1.09503,1.09321,1.09384,6646.0
2025-04-03 03:00:00+00:00,1.09385,1.09388,1.09283,1.09352,4198.0
2025-04-03 04:00:00+00:00,1.0935,1.09428,1.09308,1.09316,4401.0
2025-04-03 05:00:00+00:00,1.09315,1.09344,1.09222,1.09227,4787.0
2025-04-03 06:00:00+00:00,1.09229,1.09304,1.09188,1.09214,6032.0
2025-04-03 07:00:00+00:00,1.0921,1.0933,1.0919,1.09322,6994.0
2025-04-03 08:00:00+00:00,1.09317,1.0937,1.09295,1.09313,6079.0
2025-04-03 09:00:00+00:00,1.09312,1.09326,1.09212,1.09266,7290.0
2025-04-03 10:00:00+00:00,1.09268,1.09276,1.09108,1.09156,6715.0
2025-04-03 11:00:00+00:00,1.0916,1.092,1.09102,1.09177,5044.0
2025-04-03 12:00:00+00:00,1.0918,1.09184,1.09086,1.09117,7229.0
2025-04-03 13:00:00+00:00,1.09114,1.09194,1.0909,1.09169,9424.0
2025-04-03 14:00:00+00:00,1.09192,1.09252,1.09094,1.09098,10881.0
2025-04-03 15:00:00+00:00,1.09094,1.0928,1.09072,1.09236,9637.0
2025-04-03 16:00:00+00:00,1.09234,1.09313,1.09234,1.09278,6924.0
2025-04-03 17:00:00+00:00,1.09284,1.09338,1.09262,1.09298,5030.0
2025-04-03 18:00:00+00:00,1.09298,1.09338,1.09244,1.09254,2927.0
2025-04-03 19:00:00+00:00,1.09254,1.09312,1.09214,1.0922,4118.0
2025-04-03 20:00:00+00:00,1.09222,1.09258,1.09196,1.0922,1522.0
2025-04-03 21:00:00+00:00,1.09222,1.09314,1.0916,1.09269,399.0
2025-04-03 22:00:00+00:00,1.09274,1.09304,1.09172,1.09184,2587.0
2025-04-03 23:00:00+00:00,1.09183,1.09304,1.09162,1.09302,3948.0
2025-04-04 00:00:00+00:00,1.09301,1.0935,1.09214,1.09216,5800.0
2025-04-04 01:00:00+00:00,1.09215,1.09266,1.0919,1.09236,6055.0
2025-04-04 02:00:00+00:00,1.09236,1.09315,1.09187,1.09219,6897.0
2025-04-04 03:00:00+00:00,1.09221,1.0927,1.0908,1.0908,5201.0
2025-04-04 04:00:00+00:00,1.0908,1.09162,1.09017,1.09045,3922.0
2025-04-04 05:00:00+00:00,1.09046,1.09122,1.0899,1.09104,5123.0
2025-04-04 06:00:00+00:00,1.09102,1.09162,1.09063,1.09104,5037.0
2025-04-04 07:00:00+00:00,1.09104,1.09263,1.09072,1.09195,8050.0
2025-04-04 08:00:00+00:00,1.09194,1.09196,1.0906,1.0907,9673.0
2025-04-04 09:00:00+00:00,1.09068,1.0911,1.08958,1.08976,7423.0
2025-04-04 10:00:00+00:00,1.08977,1.09,1.08333,1.08433,12038.0
2025-04-04 11:00:00+00:00,1.08438,1.08518,1.07747,1.0834,15032.0
2025-04-04 12:00:00+00:00,1.0834,1.08472,1.08154,1.08392,16042.0
2025-04-04 13:00:00+00:00,1.08393,1.08513,1.08104,1.08114,13569.0
2025-04-04 14:00:00+00:00,1.08112,1.08161,1.0776,1.07928,13645.0
2025-04-04 15:00:00+00:00,1.0793,1.08218,1.07877,1.08044,19227.0
2025-04-04 16:00:00+00:00,1.0804,1.08124,1.07865,1.07874,14338.0
2025-04-04 17:00:00+00:00,1.07876,1.08062,1.07828,1.08035,12530.0
2025-04-04 18:00:00+00:00,1.0803,1.08074,1.07878,1.07938,7974.0
2025-04-04 19:00:00+00:00,1.07938,1.08178,1.07908,1.08056,9556.0
2025-04-04 20:00:00+00:00,1.08054,1.0808,1.07898,1.07948,6797.0
2025-04-06 21:00:00+00:00,1.07466,1.07678,1.07466,1.07616,738.0
2025-04-06 22:00:00+00:00,1.07623,1.07922,1.07074,1.07866,20739.0
2025-04-06 23:00:00+00:00,1.07868,1.08065,1.07662,1.08052,13904.0
2025-04-07 00:00:00+00:00,1.08052,1.0817,1.07858,1.08044,17638.0
2025-04-07 01:00:00+00:00,1.08044,1.08048,1.07575,1.07851,18901.0
2025-04-07 02:00:00+00:00,1.07852,1.08184,1.0783,1.08048,12506.0
2025-04-07 03:00:00+00:00,1.08048,1.08168,1.0784,1.07918,10597.0
2025-04-07 04:00:00+00:00,1.0792,1.0807,1.07919,1.07994,7071.0
2025-04-07 05:00:00+00:00,1.07996,1.08226,1.07981,1.0814,11479.0
2025-04-07 06:00:00+00:00,1.08143,1.08169,1.0791,1.07966,14765.0
2025-04-07 07:00:00+00:00,1.07965,1.08082,1.07598,1.07642,17229.0
2025-04-07 08:00:00+00:00,1.07643,1.07886,1.0763,1.07866,12329.0
2025-04-07 09:00:00+00:00,1.07867,1.07926,1.07806,1.07867,10983.0
2025-04-07 10:00:00+00:00,1.07864,1.0827,1.07862,1.08138,12709.0
2025-04-07 11:00:00+00:00,1.08139,1.08284,1.08106,1.08172,13889.0
2025-04-07 12:00:00+00:00,1.08172,1.08406,1.08047,1.08378,17729.0
2025-04-07 13:00:00+00:00,1.08374,1.08374,1.0817,1.08312,13142.0
2025-04-07 14:00:00+00:00,1.08311,1.08688,1.08096,1.083,26957.0
2025-04-07 15:00:00+00:00,1.083,1.0844,1.07774,1.08036,20873.0
2025-04-07 16:00:00+00:00,1.08036,1.0806,1.07898,1.07984,9853.0
2025-04-07 17:00:00+00:00,1.07982,1.08196,1.07982,1.08124,15882.0
2025-04-07 18:00:00+00:00,1.08132,1.08176,1.07978,1.07993,13468.0
2025-04-07 19:00:00+00:00,1.07993,1.08112,1.07958,1.08056,10372.0
2025-04-07 20:00:00+00:00,1.08056,1.08194,1.07936,1.08048,6089.0
2025-04-07 21:00:00+00:00,1.08092,1.08092,1.07973,1.08026,442.0
2025-04-07 22:00:00+00:00,1.08032,1.08229,1.08008,1.08228,3235.0
2025-04-07 23:00:00+00:00,1.08226,1.08424,1.08214,1.08324,5084.0
2025-04-08 00:00:00+00:00,1.08326,1.08326,1.08118,1.08137,11311.0
2025-04-08 01:00:00+00:00,1.0814,1.08168,1.07984,1.08003,13758.0
2025-04-08 02:00:00+00:00,1.08002,1.08098,1.07978,1.08006,7825.0
2025-04-08 03:00:00+00:00,1.08008,1.08224,1.07998,1.0822,5170.0
2025-04-08 04:00:00+00:00,1.08217,1.08297,1.08007,1.08078,5192.0
2025-04-08 05:00:00+00:00,1.08081,1.0822,1.08064,1.08215,6622.0
2025-04-08 06:00:00+00:00,1.08209,1.08209,1.07926,1.08026,8224.0
2025-04-08 07:00:00+00:00,1.08026,1.08153,1.0794,1.08122,11443.0
2025-04-08 08:00:00+00:00,1.0812,1.08303,1.08061,1.08254,8962.0
2025-04-08 09:00:00+00:00,1.0825,1.08264,1.08072,1.08092,9180.0
2025-04-08 10:00:00+00:00,1.08092,1.08141,1.08016,1.0802,8086.0
2025-04-08 11:00:00+00:00,1.0802,1.0818,1.07982,1.08116,10074.0
2025-04-08 12:00:00+00:00,1.08116,1.08143,1.0794,1.07956,9587.0
2025-04-08 13:00:00+00:00,1.07956,1.08218,1.07902,1.08118,15816.0
2025-04-08 14:00:00+00:00,1.08116,1.0822,1.07912,1.07939,14725.0
2025-04-08 15:00:00+00:00,1.07942,1.0801,1.07836,1.07888,11667.0
2025-04-08 16:00:00+00:00,1.07885,1.079,1.0763,1.07656,14438.0
2025-04-08 17:00:00+00:00,1.0766,1.07722,1.07593,1.0766,18055.0
2025-04-08 18:00:00+00:00,1.07661,1.07666,1.07527,1.07531,14820.0
2025-04-08 19:00:00+00:00,1.07531,1.07688,1.07416,1.0763,9221.0
2025-04-08 20:00:00+00:00,1.07633,1.07742,1.07604,1.07644,7656.0
2025-04-08 21:00:00+00:00,1.07654,1.07671,1.07546,1.07614,645.0
2025-04-08 22:00:00+00:00,1.07606,1.07892,1.07596,1.07791,7364.0
2025-04-08 23:00:00+00:00,1.07793,1.07963,1.0774,1.07956,7567.0
2025-04-09 00:00:00+00:00,1.07957,1.08011,1.07737,1.07868,15505.0
2025-04-09 01:00:00+00:00,1.07866,1.08281,1.0779,1.08214,14623.0
2025-04-09 02:00:00+00:00,1.08221,1.08254,1.079,1.08137,14434.0
2025-04-09 03:00:00+00:00,1.0814,1.08258,1.07854,1.07884,11526.0
2025-04-09 04:00:00+00:00,1.07886,1.08058,1.07722,1.0777,14163.0
2025-04-09 05:00:00+00:00,1.07768,1.0787,1.0765,1.0786,13053.0
2025-04-09 06:00:00+00:00,1.0786,1.08028,1.07848,1.07946,15567.0
2025-04-09 07:00:00+00:00,1.07945,1.08342,1.0794,1.08333,17735.0
2025-04-09 08:00:00+00:00,1.08332,1.0836,1.08052,1.08058,10519.0
2025-04-09 09:00:00+00:00,1.08059,1.08342,1.08046,1.08304,9283.0
2025-04-09 10:00:00+00:00,1.08308,1.0842,1.08272,1.08357,9866.0
2025-04-09 11:00:00+00:00,1.08359,1.08362,1.07954,1.08073,18437.0
2025-04-09 12:00:00+00:00,1.08078,1.08102,1.07961,1.08,13016.0
2025-04-09 13:00:00+00:00,1.07999,1.08298,1.07924,1.08284,15764.0
2025-04-09 14:00:00+00:00,1.08282,1.08338,1.08038,1.0804,13730.0
2025-04-09 15:00:00+00:00,1.08041,1.08134,1.07976,1.0798,10029.0
2025-04-09 16:00:00+00:00,1.0798,1.08154,1.0794,1.08147,7451.0
2025-04-09 17:00:00+00:00,1.0815,1.08887,1.08118,1.08816,27317.0
2025-04-09 18:00:00+00:00,1.08814,1.0897,1.0874,1.08792,23986.0
2025-04-09 19:00:00+00:00,1.08792,1.09068,1.08792,1.08962,13026.0
2025-04-09 20:00:00+00:00,1.08964,1.09088,1.08819,1.09039,14619.0
2025-04-09 21:00:00+00:00,1.09036,1.09122,1.08881,1.08975,1412.0
2025-04-09 22:00:00+00:00,1.08948,1.09042,1.08838,1.08899,10727.0
2025-04-09 23:00:00+00:00,1.089,1.08914,1.08796,1.08818,7404.0
2025-04-10 00:00:00+00:00,1.08817,1.08886,1.08534,1.08561,14151.0
2025-04-10 01:00:00+00:00,1.08562,1.08812,1.08551,1.08801,13550.0
2025-04-10 02:00:00+00:00,1.08803,1.08859,1.08662,1.08721,9289.0
2025-04-10 03:00:00+00:00,1.0872,1.08756,1.08538,1.08602,8703.0
2025-04-10 04:00:00+00:00,1.08606,1.08699,1.08526,1.08605,7265.0
2025-04-10 05:00:00+00:00,1.0861,1.08804,1.08598,1.08769,6784.0
2025-04-10 06:00:00+00:00,1.08768,1.08774,1.08632,1.08728,9239.0
2025-04-10 07:00:00+00:00,1.08726,1.08788,1.08435,1.08482,13580.0
2025-04-10 08:00:00+00:00,1.08489,1.08503,1.08324,1.08464,9664.0
2025-04-10 09:00:00+00:00,1.0846,1.08496,1.08371,1.08418,8586.0
2025-04-10 10:00:00+00:00,1.08418,1.08704,1.08408,1.08616,9876.0
2025-04-10 11:00:00+00:00,1.08618,1.08618,1.08424,1.08437,8459.0
2025-04-10 12:00:00+00:00,1.08436,1.08564,1.08312,1.08373,12564.0
2025-04-10 13:00:00+00:00,1.08374,1.08472,1.08282,1.0842,12581.0
2025-04-10 14:00:00+00:00,1.08416,1.08802,1.08368,1.08796,13248.0
2025-04-10 15:00:00+00:00,1.08798,1.08804,1.08209,1.08229,15455.0
2025-04-10 16:00:00+00:00,1.08228,1.08326,1.0813,1.08255,16274.0
2025-04-10 17:00:00+00:00,1.08253,1.08349,1.08169,1.08262,16698.0
2025-04-10 18:00:00+00:00,1.08259,1.08406,1.0824,1.08368,14699.0
2025-04-10 19:00:00+00:00,1.08369,1.08422,1.08202,1.08356,12901.0
2025-04-10 20:00:00+00:00,1.08359,1.0847,1.08304,1.08436,8186.0
2025-04-10 21:00:00+00:00,1.08453,1.08556,1.08432,1.08458,212.0
2025-04-10 22:00:00+00:00,1.0846,1.08467,1.08263,1.08289,6769.0
2025-04-10 23:00:00+00:00,1.0829,1.08324,1.08222,1.08286,9888.0
2025-04-11 00:00:00+00:00,1.08284,1.08316,1.0791,1.07976,16872.0
2025-04-11 01:00:00+00:00,1.07978,1.08038,1.0784,1.0797,14867.0
2025-04-11 02:00:00+00:00,1.0797,1.08032,1.07928,1.07946,11074.0
2025-04-11 03:00:00+00:00,1.07946,1.07948,1.07707,1.07726,9020.0
2025-04-11 04:00:00+00:00,1.07726,1.07748,1.07423,1.07434,9343.0
2025-04-11 05:00:00+00:00,1.07434,1.0756,1.07294,1.07362,10451.0
2025-04-11 06:00:00+00:00,1.07347,1.07658,1.07338,1.07607,11727.0
2025-04-11 07:00:00+00:00,1.0761,1.07618,1.07341,1.07396,12805.0
2025-04-11 08:00:00+00:00,1.07395,1.07395,1.07006,1.07022,15425.0
2025-04-11 09:00:00+00:00,1.07015,1.07177,1.06948,1.07171,11447.0
2025-04-11 10:00:00+00:00,1.07171,1.07556,1.07166,1.0744,10674.0
2025-04-11 11:00:00+00:00,1.0744,1.0758,1.0733,1.07576,9089.0
2025-04-11 12:00:00+00:00,1.07576,1.0763,1.07454,1.07552,10020.0
2025-04-11 13:00:00+00:00,1.07553,1.07682,1.07335,1.07522,14404.0
2025-04-11 14:00:00+00:00,1.0752,1.07752,1.07471,1.07638,17607.0
2025-04-11 15:00:00+00:00,1.07648,1.07754,1.07599,1.07746,11875.0
2025-04-11 16:00:00+00:00,1.07748,1.07853,1.07726,1.0783,10752.0
2025-04-11 17:00:00+00:00,1.07828,1.0799,1.0781,1.07978,12130.0
2025-04-11 18:00:00+00:00,1.07977,1.08024,1.07947,1.07956,6409.0
2025-04-11 19:00:00+00:00,1.07957,1.08034,1.07924,1.07942,4858.0
2025-04-11 20:00:00+00:00,1.07942,1.08032,1.07888,1.08012,3418.0
2025-04-13 21:00:00+00:00,1.08322,1.08322,1.07982,1.0801,1054.0
2025-04-13 22:00:00+00:00,1.07998,1.08117,1.07722,1.07744,9662.0
2025-04-13 23:00:00+00:00,1.07742,1.08022,1.07679,1.07984,6933.0
2025-04-14 00:00:00+00:00,1.07984,1.07996,1.07658,1.07666,8859.0
2025-04-14 01:00:00+00:00,1.07668,1.0778,1.07537,1.07776,11512.0
2025-04-14 02:00:00+00:00,1.07784,1.0792,1.07706,1.07774,8351.0
2025-04-14 03:00:00+00:00,1.07775,1.07855,1.07628,1.07632,6429.0
2025-04-14 04:00:00+00:00,1.07628,1.07644,1.07539,1.0756,4161.0
2025-04-14 05:00:00+00:00,1.07562,1.07662,1.0752,1.07643,4613.0
2025-04-14 06:00:00+00:00,1.07642,1.0771,1.07512,1.07556,8324.0
2025-04-14 07:00:00+00:00,1.07556,1.07694,1.07479,1.0767,7796.0
2025-04-14 08:00:00+00:00,1.07668,1.07742,1.07602,1.07696,6220.0
2025-04-14 09:00:00+00:00,1.07696,1.07784,1.07678,1.0769,5902.0
2025-04-14 10:00:00+00:00,1.07688,1.07738,1.07576,1.07598,5203.0
2025-04-14 11:00:00+00:00,1.07594,1.07664,1.07572,1.07653,4548.0
2025-04-14 12:00:00+00:00,1.07658,1.07747,1.07627,1.07701,6682.0
2025-04-14 13:00:00+00:00,1.07704,1.07731,1.07427,1.07434,11985.0
2025-04-14 14:00:00+00:00,1.07434,1.07648,1.07413,1.07562,9741.0
2025-04-14 15:00:00+00:00,1.07562,1.0759,1.0747,1.07582,8570.0
2025-04-14 16:00:00+00:00,1.0758,1.07672,1.0757,1.07579,10014.0
2025-04-14 17:00:00+00:00,1.07576,1.07642,1.07541,1.07587,5736.0
2025-04-14 18:00:00+00:00,1.07589,1.07694,1.07566,1.0769,3965.0
2025-04-14 19:00:00+00:00,1.0769,1.07696,1.07622,1.07645,2558.0
2025-04-14 20:00:00+00:00,1.07646,1.07654,1.07578,1.0764,2631.0
2025-04-14 21:00:00+00:00,1.07634,1.07728,1.07634,1.07722,628.0
2025-04-14 22:00:00+00:00,1.07704,1.07726,1.07574,1.07624,3536.0
2025-04-14 23:00:00+00:00,1.07624,1.07783,1.07578,1.07741,3485.0
2025-04-15 00:00:00+00:00,1.0774,1.07764,1.07532,1.07534,5459.0
2025-04-15 01:00:00+00:00,1.07534,1.07596,1.07443,1.075,5366.0
2025-04-15 02:00:00+00:00,1.075,1.07545,1.0737,1.07378,5139.0
2025-04-15 03:00:00+00:00,1.07378,1.07522,1.07339,1.07486,3992.0
2025-04-15 04:00:00+00:00,1.07486,1.07596,1.07408,1.07539,4261.0
2025-04-15 05:00:00+00:00,1.0754,1.07574,1.07505,1.07536,4262.0
2025-04-15 06:00:00+00:00,1.07532,1.0766,1.07498,1.076,6849.0
2025-04-15 07:00:00+00:00,1.07594,1.07716,1.0754,1.07606,6229.0
2025-04-15 08:00:00+00:00,1.07605,1.07689,1.07508,1.07516,7358.0
2025-04-15 09:00:00+00:00,1.07512,1.07529,1.07367,1.07386,4663.0
2025-04-15 10:00:00+00:00,1.07387,1.07432,1.07336,1.07364,3786.0
2025-04-15 11:00:00+00:00,1.07365,1.07497,1.0736,1.07372,4426.0
2025-04-15 12:00:00+00:00,1.07374,1.07398,1.07269,1.07388,6348.0
2025-04-15 13:00:00+00:00,1.0739,1.07456,1.07358,1.07424,6304.0
2025-04-15 14:00:00+00:00,1.07425,1.07561,1.0736,1.0746,9573.0
2025-04-15 15:00:00+00:00,1.0746,1.07493,1.07395,1.07464,7272.0
2025-04-15 16:00:00+00:00,1.07464,1.07572,1.07459,1.07549,5209.0
2025-04-15 17:00:00+00:00,1.07549,1.07625,1.07498,1.07594,4581.0
2025-04-15 18:00:00+00:00,1.07596,1.07639,1.07555,1.0763,4191.0
2025-04-15 19:00:00+00:00,1.0763,1.0763,1.0756,1.07569,2377.0
2025-04-15 20:00:00+00:00,1.07569,1.07618,1.07536,1.07546,2436.0
2025-04-15 21:00:00+00:00,1.07544,1.07576,1.07432,1.07545,1234.0
2025-04-15 22:00:00+00:00,1.07548,1.07559,1.07446,1.07452,3113.0
2025-04-15 23:00:00+00:00,1.07451,1.07546,1.07384,1.07522,4416.0
2025-04-16 00:00:00+00:00,1.07521,1.0754,1.07386,1.07448,6647.0
2025-04-16 01:00:00+00:00,1.07448,1.07568,1.07393,1.07558,4701.0
2025-04-16 02:00:00+00:00,1.07566,1.07664,1.07384,1.07422,5033.0
2025-04-16 03:00:00+00:00,1.0742,1.0746,1.07338,1.0735,4374.0
2025-04-16 04:00:00+00:00,1.07352,1.07376,1.0728,1.07298,3543.0
2025-04-16 05:00:00+00:00,1.07298,1.07336,1.07218,1.07232,5676.0
2025-04-16 06:00:00+00:00,1.07232,1.07352,1.07212,1.07308,5887.0
2025-04-16 07:00:00+00:00,1.07307,1.07327,1.07224,1.07291,6189.0
2025-04-16 08:00:00+00:00,1.0729,1.07666,1.07279,1.07541,9356.0
2025-04-16 09:00:00+00:00,1.07544,1.07764,1.07502,1.0774,7292.0
2025-04-16 10:00:00+00:00,1.0774,1.07808,1.0772,1.07745,5391.0
2025-04-16 11:00:00+00:00,1.07746,1.07807,1.07726,1.07767,4676.0
2025-04-16 12:00:00+00:00,1.07766,1.07814,1.07718,1.07752,5280.0
2025-04-16 13:00:00+00:00,1.07752,1.07852,1.07741,1.0784,6459.0
2025-04-16 14:00:00+00:00,1.07841,1.07922,1.07788,1.0783,7226.0
2025-04-16 15:00:00+00:00,1.0783,1.07837,1.0772,1.07755,5693.0
2025-04-16 16:00:00+00:00,1.07754,1.07766,1.07696,1.07716,4186.0
2025-04-16 17:00:00+00:00,1.07716,1.07735,1.07566,1.07566,7016.0
2025-04-16 18:00:00+00:00,1.07572,1.07598,1.07448,1.07454,6619.0
2025-04-16 19:00:00+00:00,1.07454,1.07454,1.07346,1.07401,3963.0
2025-04-16 20:00:00+00:00,1.07403,1.07431,1.07327,1.07366,2714.0
2025-04-16 21:00:00+00:00,1.0735,1.07426,1.07252,1.0739,1127.0
2025-04-16 22:00:00+00:00,1.07374,1.07419,1.0723,1.07344,2976.0
2025-04-16 23:00:00+00:00,1.07352,1.07368,1.07276,1.07302,2998.0
2025-04-17 00:00:00+00:00,1.07302,1.07509,1.07281,1.07429,6210.0
2025-04-17 01:00:00+00:00,1.0743,1.07608,1.07386,1.07531,7629.0
2025-04-17 02:00:00+00:00,1.0753,1.07538,1.07366,1.07463,5157.0
2025-04-17 03:00:00+00:00,1.07462,1.07482,1.07377,1.07416,3972.0
2025-04-17 04:00:00+00:00,1.07416,1.07464,1.07255,1.0726,3500.0
2025-04-17 05:00:00+00:00,1.07259,1.07384,1.07227,1.07322,3803.0
2025-04-17 06:00:00+00:00,1.07318,1.07456,1.07314,1.07396,4572.0
2025-04-17 07:00:00+00:00,1.07394,1.07429,1.07298,1.07318,5469.0
2025-04-17 08:00:00+00:00,1.07318,1.07392,1.0723,1.07239,4107.0
2025-04-17 09:00:00+00:00,1.0724,1.07258,1.07182,1.07196,3617.0
2025-04-17 10:00:00+00:00,1.07196,1.07207,1.07081,1.071,3965.0
2025-04-17 11:00:00+00:00,1.07102,1.07141,1.07072,1.07105,3078.0
2025-04-17 12:00:00+00:00,1.07106,1.07169,1.0703,1.07062,6404.0
2025-04-17 13:00:00+00:00,1.07062,1.07151,1.06995,1.07024,7533.0
2025-04-17 14:00:00+00:00,1.07026,1.07112,1.06842,1.06863,6596.0
2025-04-17 15:00:00+00:00,1.06858,1.06935,1.06854,1.06922,4639.0
2025-04-17 16:00:00+00:00,1.06922,1.06959,1.06882,1.06945,5234.0
2025-04-17 17:00:00+00:00,1.06946,1.06978,1.0692,1.06942,2902.0
2025-04-17 18:00:00+00:00,1.06944,1.06987,1.06926,1.0696,3947.0
2025-04-17 19:00:00+00:00,1.0696,1.07002,1.06934,1.06996,2440.0
2025-04-17 20:00:00+00:00,1.06994,1.07054,1.06992,1.07021,2382.0
2025-04-17 21:00:00+00:00,1.07022,1.07102,1.06982,1.07062,323.0
2025-04-17 22:00:00+00:00,1.07078,1.07078,1.0696,1.07002,2804.0
2025-04-17 23:00:00+00:00,1.0701,1.07038,1.0697,1.07031,1264.0
2025-04-18 00:00:00+00:00,1.07032,1.07098,1.06922,1.0698,15806.0
2025-04-18 01:00:00+00:00,1.0698,1.07022,1.0696,1.0697,21314.0
2025-04-18 02:00:00+00:00,1.06968,1.07365,1.0696,1.07313,33454.0
2025-04-18 03:00:00+00:00,1.07304,1.07478,1.07296,1.0744,38215.0
2025-04-18 04:00:00+00:00,1.07438,1.0754,1.07428,1.07482,28247.0
2025-04-18 05:00:00+00:00,1.07478,1.07595,1.07454,1.07494,25210.0
2025-04-18 06:00:00+00:00,1.07489,1.07605,1.07442,1.07468,28170.0
2025-04-18 07:00:00+00:00,1.07454,1.07562,1.07318,1.07463,21491.0
2025-04-18 08:00:00+00:00,1.07463,1.0749,1.07407,1.07474,32372.0
2025-04-18 09:00:00+00:00,1.07481,1.0751,1.07397,1.07424,36142.0
2025-04-18 10:00:00+00:00,1.07427,1.07514,1.07328,1.07473,43819.0
2025-04-18 11:00:00+00:00,1.07474,1.07506,1.07423,1.0747,37984.0
2025-04-18 12:00:00+00:00,1.07468,1.07518,1.07445,1.07455,33531.0
2025-04-18 13:00:00+00:00,1.07456,1.0749,1.07423,1.0744,21297.0
2025-04-18 14:00:00+00:00,1.07444,1.07468,1.07416,1.07421,24150.0
2025-04-18 15:00:00+00:00,1.07422,1.07462,1.07408,1.07454,22639.0
2025-04-18 16:00:00+00:00,1.07452,1.07463,1.07431,1.07448,14738.0
2025-04-18 17:00:00+00:00,1.0745,1.07487,1.07366,1.07372,20954.0
2025-04-18 18:00:00+00:00,1.07378,1.07444,1.0735,1.07429,19416.0
2025-04-18 19:00:00+00:00,1.0743,1.07449,1.07362,1.07404,12678.0
2025-04-18 20:00:00+00:00,1.07408,1.07446,1.07323,1.07439,16648.0
2025-04-20 21:00:00+00:00,1.07439,1.07439,1.07439,1.07439,1.0
2025-04-20 22:00:00+00:00,1.07202,1.07353,1.07176,1.07248,4984.0
2025-04-20 23:00:00+00:00,1.07246,1.07296,1.07214,1.07223,5908.0
2025-04-21 00:00:00+00:00,1.07225,1.07272,1.0713,1.07133,6162.0
2025-04-21 01:00:00+00:00,1.07132,1.0724,1.07098,1.07136,6713.0
2025-04-21 02:00:00+00:00,1.07136,1.07141,1.06977,1.07034,4946.0
2025-04-21 03:00:00+00:00,1.07033,1.07047,1.06938,1.0704,3029.0
2025-04-21 04:00:00+00:00,1.07044,1.07086,1.06996,1.06996,2563.0
2025-04-21 05:00:00+00:00,1.07,1.07044,1.06886,1.06935,2827.0
2025-04-21 06:00:00+00:00,1.06936,1.07032,1.069,1.0701,4314.0
2025-04-21 07:00:00+00:00,1.07008,1.0701,1.06925,1.06968,6537.0
2025-04-21 08:00:00+00:00,1.06966,1.06986,1.06864,1.06884,7022.0
2025-04-21 09:00:00+00:00,1.06884,1.0696,1.06858,1.06886,5439.0
2025-04-21 10:00:00+00:00,1.06882,1.06952,1.06873,1.0694,4862.0
2025-04-21 11:00:00+00:00,1.06938,1.06951,1.06836,1.06893,3803.0
2025-04-21 12:00:00+00:00,1.0689,1.0689,1.06834,1.06864,4692.0
2025-04-21 13:00:00+00:00,1.06864,1.0695,1.0686,1.06922,5575.0
2025-04-21 14:00:00+00:00,1.0692,1.06941,1.06828,1.06888,7552.0
2025-04-21 15:00:00+00:00,1.06888,1.06916,1.0683,1.06852,5989.0
2025-04-21 16:00:00+00:00,1.0685,1.069,1.06813,1.06863,4768.0
2025-04-21 17:00:00+00:00,1.06864,1.06871,1.06793,1.06796,4482.0
2025-04-21 18:00:00+00:00,1.06798,1.06818,1.06784,1.06802,3391.0
2025-04-21 19:00:00+00:00,1.06802,1.06952,1.06794,1.06942,3735.0
2025-04-21 20:00:00+00:00,1.06944,1.06981,1.06888,1.0693,2794.0
2025-04-21 21:00:00+00:00,1.06923,1.06984,1.06891,1.06984,823.0
2025-04-21 22:00:00+00:00,1.06993,1.07096,1.069,1.0696,1888.0
2025-04-21 23:00:00+00:00,1.0696,1.07046,1.06916,1.07025,3027.0
2025-04-22 00:00:00+00:00,1.07023,1.07063,1.06914,1.07026,5839.0
2025-04-22 01:00:00+00:00,1.07026,1.07064,1.06956,1.07006,5364.0
2025-04-22 02:00:00+00:00,1.07004,1.07012,1.06912,1.06948,3768.0
2025-04-22 03:00:00+00:00,1.06948,1.0697,1.06864,1.06916,4449.0
2025-04-22 04:00:00+00:00,1.06917,1.06926,1.06806,1.06832,2996.0
2025-04-22 05:00:00+00:00,1.06832,1.06868,1.06754,1.06831,3801.0
2025-04-22 06:00:00+00:00,1.0683,1.07044,1.06792,1.07016,5615.0
2025-04-22 07:00:00+00:00,1.07014,1.07026,1.06806,1.0683,5625.0
2025-04-22 08:00:00+00:00,1.0683,1.06859,1.06714,1.06726,4842.0
2025-04-22 09:00:00+00:00,1.06726,1.06744,1.06588,1.0661,3872.0
2025-04-22 10:00:00+00:00,1.06609,1.06664,1.06542,1.06636,3803.0
2025-04-22 11:00:00+00:00,1.06636,1.06698,1.06615,1.06668,3311.0
2025-04-22 12:00:00+00:00,1.06667,1.06714,1.06641,1.0666,4796.0
2025-04-22 13:00:00+00:00,1.06655,1.06655,1.06541,1.06579,5555.0
2025-04-22 14:00:00+00:00,1.06579,1.06689,1.06544,1.06548,4480.0
2025-04-22 15:00:00+00:00,1.06546,1.06628,1.0652,1.06617,4403.0
2025-04-22 16:00:00+00:00,1.06618,1.06834,1.06618,1.06818,6860.0
2025-04-22 17:00:00+00:00,1.0682,1.0683,1.0661,1.06625,6307.0
2025-04-22 18:00:00+00:00,1.06626,1.06674,1.0661,1.0663,2836.0
2025-04-22 19:00:00+00:00,1.0663,1.06657,1.06586,1.06628,2924.0
2025-04-22 20:00:00+00:00,1.06627,1.06732,1.06625,1.06714,2177.0
2025-04-22 21:00:00+00:00,1.06724,1.06936,1.06619,1.06878,1271.0
2025-04-22 22:00:00+00:00,1.06863,1.06994,1.06832,1.06888,9756.0
2025-04-22 23:00:00+00:00,1.06889,1.07006,1.06861,1.0699,6004.0
2025-04-23 00:00:00+00:00,1.0699,1.06995,1.06892,1.06893,7077.0
2025-04-23 01:00:00+00:00,1.06892,1.07028,1.06892,1.06995,6478.0
2025-04-23 02:00:00+00:00,1.06994,1.07074,1.06963,1.07013,4773.0
2025-04-23 03:00:00+00:00,1.07012,1.0705,1.0695,1.07039,4006.0
2025-04-23 04:00:00+00:00,1.07038,1.0706,1.0688,1.06933,3306.0
2025-04-23 05:00:00+00:00,1.06932,1.07018,1.06907,1.06914,4152.0
2025-04-23 06:00:00+00:00,1.06913,1.07134,1.06877,1.07095,6382.0
2025-04-23 07:00:00+00:00,1.07096,1.0715,1.07051,1.07131,6507.0
2025-04-23 08:00:00+00:00,1.07128,1.07213,1.07085,1.07102,5561.0
2025-04-23 09:00:00+00:00,1.07103,1.07128,1.06982,1.0702,3921.0
2025-04-23 10:00:00+00:00,1.07024,1.07078,1.06984,1.07041,4337.0
2025-04-23 11:00:00+00:00,1.0704,1.07086,1.07026,1.07052,3607.0
2025-04-23 12:00:00+00:00,1.07051,1.07061,1.06922,1.07004,3964.0
2025-04-23 13:00:00+00:00,1.07002,1.07212,1.06888,1.07196,9694.0
2025-04-23 14:00:00+00:00,1.07197,1.0726,1.07014,1.07123,9133.0
2025-04-23 15:00:00+00:00,1.0712,1.07131,1.0683,1.06904,8766.0
2025-04-23 16:00:00+00:00,1.06904,1.06917,1.06812,1.06878,5591.0
2025-04-23 17:00:00+00:00,1.06879,1.06906,1.06861,1.0687,4713.0
2025-04-23 18:00:00+00:00,1.0687,1.06888,1.0686,1.06882,2498.0
2025-04-23 19:00:00+00:00,1.06882,1.06883,1.06793,1.06854,2577.0
2025-04-23 20:00:00+00:00,1.06855,1.06976,1.06853,1.06976,2444.0
2025-04-23 21:00:00+00:00,1.06972,1.07043,1.06924,1.07014,913.0
2025-04-23 22:00:00+00:00,1.07016,1.07029,1.06916,1.06954,2750.0
2025-04-23 23:00:00+00:00,1.06956,1.06996,1.06916,1.06946,2529.0
2025-04-24 00:00:00+00:00,1.0695,1.0699,1.06917,1.06966,4090.0
2025-04-24 01:00:00+00:00,1.06968,1.06982,1.06826,1.06862,5074.0
2025-04-24 02:00:00+00:00,1.06862,1.06898,1.0681,1.06812,3006.0
2025-04-24 03:00:00+00:00,1.06814,1.06838,1.0676,1.06834,1685.0
2025-04-24 04:00:00+00:00,1.06835,1.06857,1.0678,1.068,2381.0
2025-04-24 05:00:00+00:00,1.068,1.06874,1.06764,1.068,2944.0
2025-04-24 06:00:00+00:00,1.06802,1.06873,1.06754,1.06854,4451.0
2025-04-24 07:00:00+00:00,1.06853,1.06906,1.06813,1.06892,5054.0
2025-04-24 08:00:00+00:00,1.06892,1.06897,1.0672,1.06732,4782.0
2025-04-24 09:00:00+00:00,1.06734,1.06848,1.06716,1.06842,2745.0
2025-04-24 10:00:00+00:00,1.06842,1.06846,1.0677,1.06824,2969.0
2025-04-24 11:00:00+00:00,1.06825,1.06826,1.06706,1.06714,3142.0
2025-04-24 12:00:00+00:00,1.06711,1.06836,1.06697,1.06824,4342.0
2025-04-24 13:00:00+00:00,1.06824,1.06824,1.0675,1.0681,3799.0
2025-04-24 14:00:00+00:00,1.06808,1.06904,1.0679,1.06902,5410.0
2025-04-24 15:00:00+00:00,1.06896,1.06908,1.06832,1.0686,4621.0
2025-04-24 16:00:00+00:00,1.0686,1.06902,1.0683,1.06898,3208.0
2025-04-24 17:00:00+00:00,1.06895,1.06914,1.06866,1.06897,2705.0
2025-04-24 18:00:00+00:00,1.06898,1.06924,1.06878,1.06894,2094.0
2025-04-24 19:00:00+00:00,1.06894,1.06894,1.0683,1.06835,1666.0
2025-04-24 20:00:00+00:00,1.06834,1.0689,1.06834,1.06882,2166.0
2025-04-24 21:00:00+00:00,1.06881,1.06922,1.06852,1.06902,1243.0
2025-04-24 22:00:00+00:00,1.0689,1.06927,1.0687,1.06918,1650.0
2025-04-24 23:00:00+00:00,1.06918,1.06928,1.06868,1.06887,2912.0
2025-04-25 00:00:00+00:00,1.06888,1.06979,1.06888,1.0697,3909.0
2025-04-25 01:00:00+00:00,1.06969,1.06994,1.0689,1.06901,4648.0
2025-04-25 02:00:00+00:00,1.069,1.06922,1.06874,1.06911,3252.0
2025-04-25 03:00:00+00:00,1.0691,1.07178,1.06909,1.07156,4538.0
2025-04-25 04:00:00+00:00,1.07156,1.072,1.07088,1.07149,3217.0
2025-04-25 05:00:00+00:00,1.0715,1.07234,1.0715,1.07168,3613.0
2025-04-25 06:00:00+00:00,1.07169,1.07248,1.07145,1.07236,3803.0
2025-04-25 07:00:00+00:00,1.07236,1.07268,1.07008,1.07124,6268.0
2025-04-25 08:00:00+00:00,1.07126,1.07166,1.07052,1.07148,4592.0
2025-04-25 09:00:00+00:00,1.07146,1.07195,1.07091,1.07127,3488.0
2025-04-25 10:00:00+00:00,1.07126,1.07262,1.07078,1.07088,4604.0
2025-04-25 11:00:00+00:00,1.0709,1.07152,1.07086,1.07116,3189.0
2025-04-25 12:00:00+00:00,1.07116,1.07142,1.07074,1.07128,3360.0
2025-04-25 13:00:00+00:00,1.07129,1.0722,1.07083,1.07208,4689.0
2025-04-25 14:00:00+00:00,1.07211,1.07243,1.07094,1.07179,3996.0
2025-04-25 15:00:00+00:00,1.07178,1.072,1.07148,1.07168,2600.0
2025-04-25 16:00:00+00:00,1.07171,1.07224,1.07166,1.07207,1806.0
2025-04-25 17:00:00+00:00,1.07208,1.07289,1.07161,1.0718,3528.0
2025-04-25 18:00:00+00:00,1.07182,1.07266,1.07164,1.07249,1398.0
2025-04-25 19:00:00+00:00,1.07252,1.07299,1.07246,1.07296,1103.0
2025-04-25 20:00:00+00:00,1.07298,1.07358,1.07254,1.07288,2095.0
2025-04-27 21:00:00+00:00,1.07288,1.07348,1.07224,1.07313,202.0
2025-04-27 22:00:00+00:00,1.07316,1.07374,1.07278,1.07373,2076.0
2025-04-27 23:00:00+00:00,1.07372,1.07374,1.07247,1.07279,1821.0
2025-04-28 00:00:00+00:00,1.07282,1.07306,1.07174,1.07276,4114.0
2025-04-28 01:00:00+00:00,1.07278,1.0731,1.0719,1.07291,3623.0
2025-04-28 02:00:00+00:00,1.0729,1.07326,1.07224,1.0723,2473.0
2025-04-28 03:00:00+00:00,1.07233,1.07266,1.07206,1.0724,2004.0
2025-04-28 04:00:00+00:00,1.07239,1.07302,1.07204,1.07292,1821.0
2025-04-28 05:00:00+00:00,1.07294,1.0733,1.07238,1.07329,2156.0
2025-04-28 06:00:00+00:00,1.07326,1.07396,1.07303,1.07389,2890.0
2025-04-28 07:00:00+00:00,1.07386,1.07412,1.07318,1.07337,3468.0
2025-04-28 08:00:00+00:00,1.07336,1.07454,1.07323,1.07438,3291.0
2025-04-28 09:00:00+00:00,1.07435,1.07473,1.07413,1.07462,2902.0
2025-04-28 10:00:00+00:00,1.07462,1.07522,1.07454,1.07505,2512.0
2025-04-28 11:00:00+00:00,1.07505,1.07561,1.07496,1.07542,2045.0
2025-04-28 12:00:00+00:00,1.07538,1.07541,1.07488,1.0752,2851.0
2025-04-28 13:00:00+00:00,1.0752,1.07567,1.07498,1.07524,3628.0
2025-04-28 14:00:00+00:00,1.07524,1.07549,1.07421,1.07455,5192.0
2025-04-28 15:00:00+00:00,1.07452,1.07531,1.0742,1.07526,5153.0
2025-04-28 16:00:00+00:00,1.07525,1.07551,1.07496,1.07528,3745.0
2025-04-28 17:00:00+00:00,1.07526,1.07626,1.07506,1.07626,3168.0
2025-04-28 18:00:00+00:00,1.07625,1.0768,1.07616,1.0767,1880.0
2025-04-28 19:00:00+00:00,1.0767,1.07688,1.07596,1.07625,1660.0
2025-04-28 20:00:00+00:00,1.07626,1.07642,1.07559,1.07572,1504.0
2025-04-28 21:00:00+00:00,1.07554,1.07622,1.07552,1.07576,749.0
2025-04-28 22:00:00+00:00,1.07569,1.07658,1.07553,1.07617,1611.0
2025-04-28 23:00:00+00:00,1.0762,1.0767,1.07613,1.07661,2056.0
2025-04-29 00:00:00+00:00,1.07662,1.07821,1.07653,1.07812,2820.0
2025-04-29 01:00:00+00:00,1.07811,1.07846,1.07729,1.07763,3474.0
2025-04-29 02:00:00+00:00,1.07764,1.07806,1.07642,1.07747,4286.0
2025-04-29 03:00:00+00:00,1.07748,1.07794,1.07708,1.07759,3366.0
2025-04-29 04:00:00+00:00,1.07758,1.07798,1.07718,1.07761,2500.0
2025-04-29 05:00:00+00:00,1.0776,1.07788,1.07693,1.07695,2973.0
2025-04-29 06:00:00+00:00,1.07695,1.07744,1.07667,1.07671,3501.0
2025-04-29 07:00:00+00:00,1.0767,1.07722,1.07548,1.07586,4745.0
2025-04-29 08:00:00+00:00,1.0758,1.07594,1.07488,1.07576,3971.0
2025-04-29 09:00:00+00:00,1.07574,1.07621,1.0755,1.07617,3197.0
2025-04-29 10:00:00+00:00,1.07616,1.07619,1.07547,1.07567,2746.0
2025-04-29 11:00:00+00:00,1.07564,1.0761,1.07545,1.07608,2381.0
2025-04-29 12:00:00+00:00,1.07605,1.07659,1.07582,1.07639,4160.0
2025-04-29 13:00:00+00:00,1.0764,1.07747,1.07593,1.07656,5543.0
2025-04-29 14:00:00+00:00,1.0763,1.07718,1.07552,1.07552,4866.0
2025-04-29 15:00:00+00:00,1.07554,1.0759,1.0749,1.07498,3343.0
2025-04-29 16:00:00+00:00,1.07497,1.07505,1.07444,1.07464,3528.0
2025-04-29 17:00:00+00:00,1.07465,1.07506,1.07448,1.07488,2555.0
2025-04-29 18:00:00+00:00,1.07488,1.07522,1.07475,1.07508,2217.0
2025-04-29 19:00:00+00:00,1.07508,1.07534,1.07464,1.07507,1567.0
2025-04-29 20:00:00+00:00,1.07509,1.07666,1.07507,1.07664,1415.0
2025-04-29 21:00:00+00:00,1.07632,1.07712,1.07512,1.07674,682.0
2025-04-29 22:00:00+00:00,1.07672,1.07677,1.0756,1.07598,1989.0
2025-04-29 23:00:00+00:00,1.076,1.0761,1.0751,1.07558,1537.0
2025-04-30 00:00:00+00:00,1.07559,1.07666,1.0755,1.07654,2800.0
2025-04-30 01:00:00+00:00,1.07656,1.07922,1.07654,1.07888,5261.0
2025-04-30 02:00:00+00:00,1.07888,1.07928,1.07828,1.07914,3120.0
2025-04-30 03:00:00+00:00,1.07914,1.07969,1.07881,1.07887,2059.0
2025-04-30 04:00:00+00:00,1.07888,1.08118,1.07876,1.0809,1723.0
2025-04-30 05:00:00+00:00,1.08096,1.08096,1.07936,1.0794,998.0
2025-04-30 06:00:00+00:00,1.0794,1.07975,1.07826,1.07945,2477.0
2025-04-30 07:00:00+00:00,1.07946,1.08004,1.07898,1.07911,4270.0
2025-04-30 08:00:00+00:00,1.07912,1.07982,1.07876,1.07954,4363.0
2025-04-30 09:00:00+00:00,1.07954,1.08,1.07894,1.07932,3292.0
2025-04-30 10:00:00+00:00,1.07932,1.08004,1.07922,1.07995,2890.0
2025-04-30 11:00:00+00:00,1.07994,1.08014,1.07925,1.07934,2533.0
2025-04-30 12:00:00+00:00,1.07935,1.08005,1.07803,1.07812,6469.0
2025-04-30 13:00:00+00:00,1.07814,1.07844,1.07658,1.07677,5641.0
2025-04-30 14:00:00+00:00,1.07676,1.07818,1.07639,1.07797,5847.0
2025-04-30 15:00:00+00:00,1.07796,1.07894,1.07786,1.07856,5796.0
2025-04-30 16:00:00+00:00,1.07853,1.07858,1.07802,1.07816,2092.0
2025-04-30 17:00:00+00:00,1.07816,1.07838,1.07794,1.07797,1799.0
2025-04-30 18:00:00+00:00,1.07798,1.07874,1.07764,1.07844,3913.0
2025-04-30 19:00:00+00:00,1.07844,1.07862,1.07771,1.07834,2089.0
2025-04-30 20:00:00+00:00,1.0784,1.07906,1.07817,1.07902,2580.0
2025-04-30 21:00:00+00:00,1.07897,1.07897,1.0782,1.0782,1113.0
2025-04-30 22:00:00+00:00,1.07818,1.07946,1.07818,1.07939,2696.0
2025-04-30 23:00:00+00:00,1.07936,1.08017,1.07931,1.07996,2692.0
2025-05-01 00:00:00+00:00,1.07996,1.08003,1.07884,1.07886,3359.0
2025-05-01 01:00:00+00:00,1.07883,1.07992,1.07881,1.07979,3117.0
2025-05-01 02:00:00+00:00,1.07978,1.08012,1.07935,1.07942,2347.0
2025-05-01 03:00:00+00:00,1.07942,1.07974,1.07802,1.07815,4047.0
2025-05-01 04:00:00+00:00,1.07816,1.07858,1.07706,1.07731,2277.0
2025-05-01 05:00:00+00:00,1.07732,1.0785,1.07724,1.0785,3219.0
2025-05-01 06:00:00+00:00,1.07846,1.07869,1.07802,1.07832,4112.0
2025-05-01 07:00:00+00:00,1.07832,1.07874,1.07768,1.07772,4084.0
2025-05-01 08:00:00+00:00,1.07773,1.07786,1.0771,1.07742,2579.0
2025-05-01 09:00:00+00:00,1.0774,1.07772,1.07696,1.07768,1925.0
2025-05-01 10:00:00+00:00,1.0777,1.07848,1.07768,1.07828,2596.0
2025-05-01 11:00:00+00:00,1.07826,1.07878,1.07804,1.07864,3073.0
2025-05-01 12:00:00+00:00,1.07864,1.07932,1.07846,1.07926,4757.0
2025-05-01 13:00:00+00:00,1.07925,1.07926,1.07844,1.0787,5226.0
2025-05-01 14:00:00+00:00,1.07873,1.0805,1.07862,1.0805,5538.0
2025-05-01 15:00:00+00:00,1.08044,1.08062,1.07994,1.08002,3821.0
2025-05-01 16:00:00+00:00,1.08,1.08018,1.07944,1.07954,2173.0
2025-05-01 17:00:00+00:00,1.07956,1.08046,1.07941,1.0804,1533.0
2025-05-01 18:00:00+00:00,1.0804,1.0811,1.08036,1.08088,2397.0
2025-05-01 19:00:00+00:00,1.08088,1.08114,1.08032,1.08052,1896.0
2025-05-01 20:00:00+00:00,1.08054,1.08086,1.08031,1.08078,2405.0
2025-05-01 21:00:00+00:00,1.0805,1.08084,1.07988,1.08079,436.0
2025-05-01 22:00:00+00:00,1.08056,1.08096,1.08044,1.08088,1678.0
2025-05-01 23:00:00+00:00,1.08084,1.08099,1.07998,1.08002,1411.0
2025-05-02 00:00:00+00:00,1.08004,1.08228,1.07992,1.08132,5396.0
2025-05-02 01:00:00+00:00,1.08132,1.08224,1.08104,1.08198,4830.0
2025-05-02 02:00:00+00:00,1.08199,1.08201,1.08091,1.0814,2599.0
2025-05-02 03:00:00+00:00,1.08144,1.08206,1.08013,1.08196,2983.0
2025-05-02 04:00:00+00:00,1.0819,1.08194,1.08021,1.08104,3191.0
2025-05-02 05:00:00+00:00,1.08104,1.08131,1.08038,1.08042,2560.0
2025-05-02 06:00:00+00:00,1.0804,1.08257,1.08011,1.08076,4406.0
2025-05-02 07:00:00+00:00,1.08078,1.08342,1.08042,1.08338,4047.0
2025-05-02 08:00:00+00:00,1.08342,1.08416,1.08336,1.0835,3381.0
2025-05-02 09:00:00+00:00,1.0835,1.08403,1.0832,1.08364,4391.0
2025-05-02 10:00:00+00:00,1.08364,1.08406,1.08246,1.08258,3568.0
2025-05-02 11:00:00+00:00,1.08258,1.08319,1.08254,1.08282,2794.0
2025-05-02 12:00:00+00:00,1.08283,1.08362,1.08186,1.08319,6624.0
2025-05-02 13:00:00+00:00,1.0832,1.08369,1.0818,1.0819,6347.0
2025-05-02 14:00:00+00:00,1.08188,1.0827,1.08124,1.08258,6012.0
2025-05-02 15:00:00+00:00,1.08262,1.08274,1.08198,1.08258,4946.0
2025-05-02 16:00:00+00:00,1.08258,1.08373,1.08246,1.08356,4468.0
2025-05-02 17:00:00+00:00,1.08356,1.0839,1.08321,1.08386,2732.0
2025-05-02 18:00:00+00:00,1.08387,1.08428,1.08382,1.08424,1642.0
2025-05-02 19:00:00+00:00,1.08425,1.08454,1.08402,1.08448,1288.0
2025-05-02 20:00:00+00:00,1.08448,1.08472,1.08399,1.0845,1230.0
2025-05-04 21:00:00+00:00,1.0846,1.0851,1.08331,1.0841,1208.0
2025-05-04 22:00:00+00:00,1.08413,1.08439,1.08296,1.08344,2517.0
2025-05-04 23:00:00+00:00,1.08344,1.08372,1.08277,1.08314,1962.0
2025-05-05 00:00:00+00:00,1.08314,1.08362,1.08243,1.08352,2966.0
2025-05-05 01:00:00+00:00,1.08354,1.08399,1.08195,1.08221,5637.0
2025-05-05 02:00:00+00:00,1.0822,1.08262,1.08135,1.08165,3049.0
2025-05-05 03:00:00+00:00,1.08158,1.08284,1.0815,1.0828,2376.0
2025-05-05 04:00:00+00:00,1.08281,1.08288,1.08178,1.08265,2073.0
2025-05-05 05:00:00+00:00,1.08266,1.08302,1.08148,1.08212,3544.0
2025-05-05 06:00:00+00:00,1.0821,1.08374,1.08192,1.08351,3679.0
2025-05-05 07:00:00+00:00,1.08354,1.08435,1.08348,1.0843,3383.0
2025-05-05 08:00:00+00:00,1.08431,1.0852,1.08422,1.08507,2631.0
2025-05-05 09:00:00+00:00,1.08513,1.08538,1.08433,1.0847,2535.0
2025-05-05 10:00:00+00:00,1.08471,1.08488,1.08411,1.08411,1909.0
2025-05-05 11:00:00+00:00,1.08412,1.08427,1.08322,1.08333,2049.0
2025-05-05 12:00:00+00:00,1.0833,1.08364,1.08262,1.08275,2857.0
2025-05-05 13:00:00+00:00,1.08272,1.08374,1.08272,1.0836,3817.0
2025-05-05 14:00:00+00:00,1.08376,1.0842,1.08296,1.083,4479.0
2025-05-05 15:00:00+00:00,1.08302,1.08372,1.08298,1.08348,3293.0
2025-05-05 16:00:00+00:00,1.08347,1.08424,1.08339,1.08389,1886.0
2025-05-05 17:00:00+00:00,1.08388,1.08432,1.0837,1.08413,1461.0
2025-05-05 18:00:00+00:00,1.08414,1.08451,1.08404,1.08424,1337.0
2025-05-05 19:00:00+00:00,1.08424,1.0844,1.08384,1.08437,1380.0
2025-05-05 20:00:00+00:00,1.08432,1.08451,1.08392,1.08406,1061.0
2025-05-05 21:00:00+00:00,1.08398,1.08404,1.08309,1.08352,778.0
2025-05-05 22:00:00+00:00,1.08366,1.08483,1.08364,1.08468,1240.0
2025-05-05 23:00:00+00:00,1.08467,1.08482,1.08373,1.08388,1951.0
2025-05-06 00:00:00+00:00,1.08387,1.08446,1.08359,1.08408,4237.0
2025-05-06 01:00:00+00:00,1.08408,1.08485,1.08318,1.0834,5097.0
2025-05-06 02:00:00+00:00,1.08338,1.08348,1.08222,1.08223,4084.0
2025-05-06 03:00:00+00:00,1.08222,1.08246,1.08189,1.08212,2512.0
2025-05-06 04:00:00+00:00,1.0821,1.08212,1.08077,1.0815,2490.0
2025-05-06 05:00:00+00:00,1.08154,1.08178,1.08008,1.08068,2129.0
2025-05-06 06:00:00+00:00,1.08065,1.08072,1.07941,1.07984,2723.0
2025-05-06 07:00:00+00:00,1.07984,1.08004,1.07876,1.07886,4014.0
2025-05-06 08:00:00+00:00,1.07885,1.07936,1.07812,1.07921,4115.0
2025-05-06 09:00:00+00:00,1.07922,1.08019,1.07866,1.07996,3776.0
2025-05-06 10:00:00+00:00,1.07998,1.08016,1.07959,1.07982,2305.0
2025-05-06 11:00:00+00:00,1.07982,1.08015,1.0797,1.08001,2783.0
2025-05-06 12:00:00+00:00,1.08004,1.08064,1.07987,1.08024,3300.0
2025-05-06 13:00:00+00:00,1.08024,1.0811,1.08024,1.08064,3254.0
2025-05-06 14:00:00+00:00,1.0806,1.08084,1.08028,1.08071,4685.0
2025-05-06 15:00:00+00:00,1.0807,1.08113,1.08041,1.08084,3064.0
2025-05-06 16:00:00+00:00,1.08082,1.08146,1.08076,1.0812,5122.0
2025-05-06 17:00:00+00:00,1.08121,1.08173,1.08114,1.08147,3294.0
2025-05-06 18:00:00+00:00,1.08146,1.08164,1.08136,1.08145,2315.0
2025-05-06 19:00:00+00:00,1.08145,1.0815,1.08092,1.08104,2565.0
2025-05-06 20:00:00+00:00,1.08104,1.08126,1.08042,1.08105,2669.0
2025-05-06 21:00:00+00:00,1.08107,1.08128,1.08038,1.08066,769.0
2025-05-06 22:00:00+00:00,1.08059,1.08328,1.08046,1.08274,6788.0
2025-05-06 23:00:00+00:00,1.08274,1.0828,1.08115,1.08169,4706.0
2025-05-07 00:00:00+00:00,1.0817,1.0817,1.08004,1.08047,4959.0
2025-05-07 01:00:00+00:00,1.08047,1.08168,1.08044,1.08162,7085.0
2025-05-07 02:00:00+00:00,1.08162,1.082,1.08113,1.08124,3717.0
2025-05-07 03:00:00+00:00,1.08126,1.08158,1.08,1.08008,2382.0
2025-05-07 04:00:00+00:00,1.08009,1.08011,1.07942,1.0799,1613.0
2025-05-07 05:00:00+00:00,1.07992,1.08104,1.07904,1.07908,3038.0
2025-05-07 06:00:00+00:00,1.07908,1.08014,1.07902,1.0801,2857.0
2025-05-07 07:00:00+00:00,1.08012,1.08039,1.07964,1.07989,3520.0
2025-05-07 08:00:00+00:00,1.07988,1.08024,1.07942,1.07993,3349.0
2025-05-07 09:00:00+00:00,1.07992,1.08104,1.07983,1.08088,2605.0
2025-05-07 10:00:00+00:00,1.08085,1.08125,1.0804,1.08106,2133.0
2025-05-07 11:00:00+00:00,1.08109,1.08133,1.08076,1.08132,2262.0
2025-05-07 12:00:00+00:00,1.08131,1.0816,1.08117,1.08125,1908.0
2025-05-07 13:00:00+00:00,1.08124,1.08131,1.08071,1.0808,3262.0
2025-05-07 14:00:00+00:00,1.08082,1.08108,1.0802,1.08102,3310.0
2025-05-07 15:00:00+00:00,1.08099,1.08126,1.08065,1.08118,3273.0
2025-05-07 16:00:00+00:00,1.08118,1.08172,1.08102,1.08152,1888.0
2025-05-07 17:00:00+00:00,1.08153,1.08204,1.08077,1.08105,2444.0
2025-05-07 18:00:00+00:00,1.0811,1.08206,1.0804,1.08191,7743.0
2025-05-07 19:00:00+00:00,1.08191,1.0822,1.08126,1.08178,7897.0
2025-05-07 20:00:00+00:00,1.08181,1.0823,1.08151,1.08157,1844.0
2025-05-07 21:00:00+00:00,1.08217,1.08228,1.08155,1.08174,538.0
2025-05-07 22:00:00+00:00,1.08176,1.08222,1.08156,1.0822,2515.0
2025-05-07 23:00:00+00:00,1.08218,1.08292,1.08183,1.08281,1639.0
2025-05-08 00:00:00+00:00,1.08285,1.08326,1.08213,1.08284,2879.0
2025-05-08 01:00:00+00:00,1.08286,1.08356,1.08262,1.08314,5842.0
2025-05-08 02:00:00+00:00,1.08314,1.08323,1.08132,1.08177,4038.0
2025-05-08 03:00:00+00:00,1.08176,1.0821,1.0814,1.08204,2838.0
2025-05-08 04:00:00+00:00,1.08202,1.08204,1.08081,1.08121,2373.0
2025-05-08 05:00:00+00:00,1.08122,1.08164,1.0807,1.08156,3544.0
2025-05-08 06:00:00+00:00,1.08153,1.08199,1.08052,1.08182,4298.0
2025-05-08 07:00:00+00:00,1.08182,1.08344,1.08161,1.08333,3191.0
2025-05-08 08:00:00+00:00,1.08336,1.08362,1.0828,1.08336,2894.0
2025-05-08 09:00:00+00:00,1.08336,1.08338,1.08266,1.08293,2901.0
2025-05-08 10:00:00+00:00,1.08295,1.0833,1.0823,1.08262,2400.0
2025-05-08 11:00:00+00:00,1.0826,1.08314,1.08242,1.08294,2298.0
2025-05-08 12:00:00+00:00,1.08295,1.08324,1.08208,1.08224,3312.0
2025-05-08 13:00:00+00:00,1.08221,1.08302,1.0821,1.08218,2743.0
2025-05-08 14:00:00+00:00,1.08211,1.08269,1.08174,1.0822,3431.0
2025-05-08 15:00:00+00:00,1.08223,1.08363,1.08214,1.08334,6217.0
2025-05-08 16:00:00+00:00,1.08334,1.08412,1.08316,1.08406,3135.0
2025-05-08 17:00:00+00:00,1.08405,1.08424,1.08374,1.0838,2163.0
2025-05-08 18:00:00+00:00,1.0838,1.08405,1.08359,1.08391,1427.0
2025-05-08 19:00:00+00:00,1.08391,1.08439,1.08366,1.08427,1853.0
2025-05-08 20:00:00+00:00,1.08428,1.08441,1.0836,1.08372,1376.0
2025-05-08 21:00:00+00:00,1.08383,1.08465,1.08383,1.08409,514.0
2025-05-08 22:00:00+00:00,1.084,1.08419,1.08345,1.08345,2216.0
2025-05-08 23:00:00+00:00,1.08346,1.08397,1.08327,1.08364,2510.0
2025-05-09 00:00:00+00:00,1.08364,1.08474,1.0834,1.0845,3022.0
2025-05-09 01:00:00+00:00,1.0845,1.0856,1.08424,1.08492,3494.0
2025-05-09 02:00:00+00:00,1.08494,1.08648,1.08468,1.08624,3872.0
2025-05-09 03:00:00+00:00,1.08625,1.08684,1.08576,1.08677,3738.0
2025-05-09 04:00:00+00:00,1.08678,1.08703,1.08636,1.08673,1515.0
2025-05-09 05:00:00+00:00,1.0867,1.08676,1.08578,1.08601,2004.0
2025-05-09 06:00:00+00:00,1.08604,1.08642,1.08577,1.08603,2506.0
2025-05-09 07:00:00+00:00,1.08609,1.08654,1.0859,1.08596,2001.0
2025-05-09 08:00:00+00:00,1.08598,1.08646,1.08579,1.08616,1638.0
2025-05-09 09:00:00+00:00,1.08612,1.08664,1.08596,1.08656,1482.0
2025-05-09 10:00:00+00:00,1.08657,1.08689,1.08644,1.08688,1662.0
2025-05-09 11:00:00+00:00,1.08688,1.08712,1.08608,1.08669,3508.0
2025-05-09 12:00:00+00:00,1.08673,1.08696,1.086,1.08648,3194.0
2025-05-09 13:00:00+00:00,1.0865,1.08712,1.08622,1.08682,3330.0
2025-05-09 14:00:00+00:00,1.08677,1.08686,1.08592,1.08642,3558.0
2025-05-09 15:00:00+00:00,1.08644,1.08663,1.08527,1.08532,2482.0
2025-05-09 16:00:00+00:00,1.08533,1.08537,1.08481,1.08482,1260.0
2025-05-09 17:00:00+00:00,1.08484,1.085,1.0845,1.0847,1357.0
2025-05-09 18:00:00+00:00,1.0847,1.08481,1.08418,1.0842,992.0
2025-05-09 19:00:00+00:00,1.08424,1.08438,1.08396,1.0841,517.0
2025-05-09 20:00:00+00:00,1.08409,1.08534,1.08384,1.0849,1133.0
2025-05-11 21:00:00+00:00,1.08497,1.08572,1.08352,1.0847,454.0
2025-05-11 22:00:00+00:00,1.08484,1.08591,1.08412,1.0846,4401.0
2025-05-11 23:00:00+00:00,1.08466,1.08497,1.08423,1.08466,3148.0
2025-05-12 00:00:00+00:00,1.08464,1.08513,1.08424,1.08436,4564.0
2025-05-12 01:00:00+00:00,1.08436,1.08486,1.08384,1.0843,5186.0
2025-05-12 02:00:00+00:00,1.0843,1.08488,1.08364,1.08388,3655.0
2025-05-12 03:00:00+00:00,1.08388,1.08419,1.08337,1.08382,2296.0
2025-05-12 04:00:00+00:00,1.08383,1.0851,1.08383,1.08502,1563.0
2025-05-12 05:00:00+00:00,1.08504,1.08538,1.0849,1.08518,2264.0
2025-05-12 06:00:00+00:00,1.08517,1.08598,1.08486,1.08586,2947.0
2025-05-12 07:00:00+00:00,1.08588,1.08987,1.08587,1.08884,12670.0
2025-05-12 08:00:00+00:00,1.08886,1.08955,1.08802,1.08829,6335.0
2025-05-12 09:00:00+00:00,1.08832,1.08854,1.0879,1.08804,3221.0
2025-05-12 10:00:00+00:00,1.08806,1.08904,1.08781,1.08874,3701.0
2025-05-12 11:00:00+00:00,1.08876,1.08902,1.08726,1.08739,3966.0
2025-05-12 12:00:00+00:00,1.0874,1.08784,1.0866,1.08676,2917.0
2025-05-12 13:00:00+00:00,1.08678,1.08706,1.08613,1.08631,4010.0
2025-05-12 14:00:00+00:00,1.08632,1.08707,1.08612,1.08648,4077.0
2025-05-12 15:00:00+00:00,1.08651,1.08718,1.0859,1.08616,3800.0
2025-05-12 16:00:00+00:00,1.08613,1.08707,1.08598,1.08704,2395.0
2025-05-12 17:00:00+00:00,1.08705,1.08738,1.08688,1.08722,2469.0
2025-05-12 18:00:00+00:00,1.0872,1.08756,1.08705,1.08747,1842.0
2025-05-12 19:00:00+00:00,1.08747,1.08747,1.08684,1.08739,1682.0
2025-05-12 20:00:00+00:00,1.0874,1.08847,1.08734,1.08838,954.0
2025-05-12 21:00:00+00:00,1.08712,1.08855,1.08689,1.08768,905.0
2025-05-12 22:00:00+00:00,1.08776,1.08845,1.08767,1.0878,989.0
2025-05-12 23:00:00+00:00,1.08772,1.08826,1.08703,1.08726,1055.0
2025-05-13 00:00:00+00:00,1.08728,1.0882,1.08691,1.08742,3636.0
2025-05-13 01:00:00+00:00,1.08738,1.08882,1.08722,1.0882,5575.0
2025-05-13 02:00:00+00:00,1.08816,1.08821,1.08722,1.08728,3930.0
2025-05-13 03:00:00+00:00,1.08728,1.08838,1.08728,1.08829,2381.0
2025-05-13 04:00:00+00:00,1.08828,1.08931,1.08808,1.08882,2360.0
2025-05-13 05:00:00+00:00,1.0888,1.08914,1.08804,1.08842,2343.0
2025-05-13 06:00:00+00:00,1.0884,1.08854,1.08776,1.08798,3436.0
2025-05-13 07:00:00+00:00,1.08797,1.08845,1.08767,1.08784,4208.0
2025-05-13 08:00:00+00:00,1.08783,1.08832,1.08742,1.08748,2900.0
2025-05-13 09:00:00+00:00,1.08748,1.08796,1.08736,1.08782,3035.0
2025-05-13 10:00:00+00:00,1.08785,1.08858,1.08766,1.08786,2853.0
2025-05-13 11:00:00+00:00,1.08787,1.08797,1.08758,1.08763,1899.0
2025-05-13 12:00:00+00:00,1.08762,1.08838,1.08703,1.08746,4093.0
2025-05-13 13:00:00+00:00,1.08746,1.08784,1.08716,1.08771,6953.0
2025-05-13 14:00:00+00:00,1.08772,1.08951,1.08754,1.08944,5016.0
2025-05-13 15:00:00+00:00,1.08944,1.09034,1.08913,1.09016,4185.0
2025-05-13 16:00:00+00:00,1.09014,1.09056,1.09004,1.09052,1927.0
2025-05-13 17:00:00+00:00,1.09052,1.09055,1.09018,1.09027,1588.0
2025-05-13 18:00:00+00:00,1.09028,1.09055,1.08984,1.09052,1372.0
2025-05-13 19:00:00+00:00,1.09052,1.09052,1.09003,1.09026,1082.0
2025-05-13 20:00:00+00:00,1.09024,1.09034,1.08946,1.08974,1214.0
2025-05-13 21:00:00+00:00,1.0898,1.09032,1.08853,1.08994,533.0
2025-05-13 22:00:00+00:00,1.09,1.09037,1.08955,1.09025,898.0
2025-05-13 23:00:00+00:00,1.09024,1.09052,1.08986,1.09033,1814.0
2025-05-14 00:00:00+00:00,1.09032,1.0904,1.08878,1.08892,3016.0
2025-05-14 01:00:00+00:00,1.08893,1.09098,1.0889,1.09094,4681.0
2025-05-14 02:00:00+00:00,1.09095,1.09106,1.08962,1.08987,3909.0
2025-05-14 03:00:00+00:00,1.08982,1.09018,1.08912,1.08921,3281.0
2025-05-14 04:00:00+00:00,1.08922,1.08996,1.08897,1.08919,2987.0
2025-05-14 05:00:00+00:00,1.08921,1.08997,1.08902,1.08961,3011.0
2025-05-14 06:00:00+00:00,1.0896,1.09064,1.08952,1.09062,2841.0
2025-05-14 07:00:00+00:00,1.09061,1.09122,1.0904,1.09042,3722.0
2025-05-14 08:00:00+00:00,1.09042,1.0905,1.08861,1.08914,5642.0
2025-05-14 09:00:00+00:00,1.08916,1.08946,1.08687,1.08714,4517.0
2025-05-14 10:00:00+00:00,1.08714,1.08814,1.08708,1.08802,2774.0
2025-05-14 11:00:00+00:00,1.08802,1.08838,1.08787,1.08836,3631.0
2025-05-14 12:00:00+00:00,1.08838,1.08858,1.08792,1.08819,4150.0
2025-05-14 13:00:00+00:00,1.0882,1.08851,1.08761,1.08807,3175.0
2025-05-14 14:00:00+00:00,1.08808,1.0894,1.08794,1.08938,4834.0
2025-05-14 15:00:00+00:00,1.08936,1.08974,1.089,1.08961,3982.0
2025-05-14 16:00:00+00:00,1.08958,1.0896,1.08894,1.08944,3623.0
2025-05-14 17:00:00+00:00,1.08943,1.0897,1.08918,1.08939,2334.0
2025-05-14 18:00:00+00:00,1.08938,1.0899,1.08921,1.08986,2114.0
2025-05-14 19:00:00+00:00,1.08986,1.09015,1.08972,1.0899,1483.0
2025-05-14 20:00:00+00:00,1.0899,1.09038,1.08981,1.08987,1090.0
2025-05-14 21:00:00+00:00,1.0898,1.09124,1.08854,1.08932,1427.0
2025-05-14 22:00:00+00:00,1.08932,1.08978,1.08931,1.08964,1474.0
2025-05-14 23:00:00+00:00,1.08962,1.09036,1.08955,1.08994,1584.0
2025-05-15 00:00:00+00:00,1.08998,1.09084,1.08998,1.09049,3353.0
2025-05-15 01:00:00+00:00,1.09048,1.09218,1.08966,1.09164,5255.0
2025-05-15 02:00:00+00:00,1.09165,1.09174,1.09008,1.0907,3122.0
2025-05-15 03:00:00+00:00,1.09072,1.09112,1.09057,1.09078,2736.0
2025-05-15 04:00:00+00:00,1.09079,1.09176,1.09042,1.09149,1826.0
2025-05-15 05:00:00+00:00,1.09144,1.0917,1.09016,1.09026,2443.0
2025-05-15 06:00:00+00:00,1.09023,1.09065,1.08936,1.08996,3755.0
2025-05-15 07:00:00+00:00,1.08994,1.09036,1.08948,1.09026,4661.0
2025-05-15 08:00:00+00:00,1.0903,1.09036,1.08966,1.08986,3236.0
2025-05-15 09:00:00+00:00,1.08989,1.09046,1.08986,1.09046,2864.0
2025-05-15 10:00:00+00:00,1.09043,1.09055,1.08949,1.08977,2971.0
2025-05-15 11:00:00+00:00,1.08976,1.09106,1.08973,1.09095,2753.0
2025-05-15 12:00:00+00:00,1.09096,1.0918,1.09028,1.09068,5295.0
2025-05-15 13:00:00+00:00,1.09067,1.09128,1.09058,1.09076,4689.0
2025-05-15 14:00:00+00:00,1.09071,1.09129,1.09024,1.0912,4316.0
2025-05-15 15:00:00+00:00,1.0912,1.09138,1.09,1.09006,2892.0
2025-05-15 16:00:00+00:00,1.09006,1.09054,1.09,1.09044,1719.0
2025-05-15 17:00:00+00:00,1.09044,1.091,1.09029,1.09068,2135.0
2025-05-15 18:00:00+00:00,1.09066,1.09074,1.09024,1.09042,1057.0
2025-05-15 19:00:00+00:00,1.09042,1.09061,1.09002,1.0901,1212.0
2025-05-15 20:00:00+00:00,1.0901,1.09044,1.08985,1.09004,1323.0
2025-05-15 21:00:00+00:00,1.0905,1.09076,1.08996,1.09005,721.0
2025-05-15 22:00:00+00:00,1.08998,1.09062,1.08992,1.08996,1627.0
2025-05-15 23:00:00+00:00,1.08996,1.09072,1.08963,1.09054,1467.0
2025-05-16 00:00:00+00:00,1.09054,1.09092,1.09,1.09044,4527.0
2025-05-16 01:00:00+00:00,1.09046,1.09139,1.09036,1.09122,4443.0
2025-05-16 02:00:00+00:00,1.09122,1.09122,1.08952,1.08966,3118.0
2025-05-16 03:00:00+00:00,1.08965,1.0899,1.08786,1.08832,3570.0
2025-05-16 04:00:00+00:00,1.08832,1.08886,1.08806,1.08826,3113.0
2025-05-16 05:00:00+00:00,1.08825,1.08842,1.08778,1.08822,2191.0
2025-05-16 06:00:00+00:00,1.08813,1.08834,1.08728,1.08752,2674.0
2025-05-16 07:00:00+00:00,1.08749,1.08774,1.08663,1.0869,3224.0
2025-05-16 08:00:00+00:00,1.08696,1.08829,1.08636,1.08788,2028.0
2025-05-16 09:00:00+00:00,1.0879,1.08798,1.08724,1.08726,2266.0
2025-05-16 10:00:00+00:00,1.08724,1.0878,1.08718,1.08744,2506.0
2025-05-16 11:00:00+00:00,1.08744,1.08778,1.08722,1.08776,1859.0
2025-05-16 12:00:00+00:00,1.08776,1.08802,1.08754,1.08783,3131.0
2025-05-16 13:00:00+00:00,1.08782,1.08822,1.08754,1.08814,2781.0
2025-05-16 14:00:00+00:00,1.0881,1.08858,1.08792,1.0885,5193.0
2025-05-16 15:00:00+00:00,1.08852,1.08914,1.08838,1.08904,3468.0
2025-05-16 16:00:00+00:00,1.08905,1.08963,1.08892,1.08923,2591.0
2025-05-16 17:00:00+00:00,1.08924,1.08936,1.08908,1.08924,1612.0
2025-05-16 18:00:00+00:00,1.08928,1.08958,1.08916,1.08946,849.0
2025-05-16 19:00:00+00:00,1.08946,1.08998,1.0893,1.08986,724.0
2025-05-16 20:00:00+00:00,1.08988,1.08988,1.08868,1.08896,1709.0
2025-05-18 21:00:00+00:00,1.08806,1.0897,1.08806,1.0897,1397.0
2025-05-18 22:00:00+00:00,1.08962,1.08962,1.08764,1.08797,3262.0
2025-05-18 23:00:00+00:00,1.08798,1.08899,1.08796,1.08879,2390.0
2025-05-19 00:00:00+00:00,1.08878,1.08885,1.08784,1.08847,4184.0
2025-05-19 01:00:00+00:00,1.08844,1.08848,1.08718,1.08736,3015.0
2025-05-19 02:00:00+00:00,1.08728,1.0888,1.08723,1.08842,2596.0
2025-05-19 03:00:00+00:00,1.08842,1.08899,1.08827,1.08866,2447.0
2025-05-19 04:00:00+00:00,1.08866,1.08868,1.08812,1.08848,1502.0
2025-05-19 05:00:00+00:00,1.0885,1.08885,1.08788,1.0881,2980.0
2025-05-19 06:00:00+00:00,1.0881,1.0882,1.08721,1.08764,3402.0
2025-05-19 07:00:00+00:00,1.08762,1.0898,1.08752,1.08964,4211.0
2025-05-19 08:00:00+00:00,1.08965,1.0906,1.08957,1.09058,2448.0
2025-05-19 09:00:00+00:00,1.09059,1.09088,1.08997,1.09018,3010.0
2025-05-19 10:00:00+00:00,1.09015,1.09038,1.08964,1.08976,3337.0
2025-05-19 11:00:00+00:00,1.08978,1.09032,1.08957,1.09022,1882.0
2025-05-19 12:00:00+00:00,1.0902,1.09068,1.09008,1.09034,2360.0
2025-05-19 13:00:00+00:00,1.09034,1.0906,1.08978,1.09015,4600.0
2025-05-19 14:00:00+00:00,1.09014,1.0904,1.08972,1.08988,4539.0
2025-05-19 15:00:00+00:00,1.0899,1.09002,1.08952,1.08982,3243.0
2025-05-19 16:00:00+00:00,1.08982,1.08998,1.08964,1.0898,1757.0
2025-05-19 17:00:00+00:00,1.08976,1.0901,1.08948,1.08962,1502.0
2025-05-19 18:00:00+00:00,1.08959,1.0898,1.08954,1.08968,727.0
2025-05-19 19:00:00+00:00,1.08968,1.08968,1.08898,1.08902,1497.0
2025-05-19 20:00:00+00:00,1.08902,1.08926,1.08874,1.08878,1166.0
2025-05-19 21:00:00+00:00,1.08908,1.08953,1.08871,1.08945,434.0
2025-05-19 22:00:00+00:00,1.08949,1.08966,1.08864,1.08888,1536.0
2025-05-19 23:00:00+00:00,1.08894,1.08898,1.08844,1.0887,1005.0
2025-05-20 00:00:00+00:00,1.0887,1.08926,1.08816,1.08848,3393.0
2025-05-20 01:00:00+00:00,1.0885,1.08888,1.08804,1.08806,3651.0
2025-05-20 02:00:00+00:00,1.08806,1.0892,1.08806,1.08918,2603.0
2025-05-20 03:00:00+00:00,1.08918,1.08923,1.08854,1.08868,2343.0
2025-05-20 04:00:00+00:00,1.08869,1.08882,1.08514,1.08538,3584.0
2025-05-20 05:00:00+00:00,1.08535,1.08581,1.0834,1.08427,5615.0
2025-05-20 06:00:00+00:00,1.08425,1.08514,1.08366,1.08379,3345.0
2025-05-20 07:00:00+00:00,1.08382,1.08402,1.08322,1.08402,2784.0
2025-05-20 08:00:00+00:00,1.08397,1.0845,1.0838,1.08437,2347.0
2025-05-20 09:00:00+00:00,1.0844,1.08501,1.08391,1.08472,1105.0
2025-05-20 10:00:00+00:00,1.08466,1.08553,1.08433,1.0854,1328.0
2025-05-20 11:00:00+00:00,1.08546,1.08551,1.08472,1.08528,776.0
2025-05-20 12:00:00+00:00,1.08522,1.08568,1.08408,1.08408,1786.0
2025-05-20 13:00:00+00:00,1.08407,1.08454,1.08348,1.08354,2268.0
2025-05-20 14:00:00+00:00,1.08355,1.08375,1.08282,1.08316,2879.0
2025-05-20 15:00:00+00:00,1.08316,1.08402,1.08316,1.08393,1748.0
2025-05-20 16:00:00+00:00,1.08394,1.08474,1.08392,1.08444,1000.0
2025-05-20 17:00:00+00:00,1.08445,1.08479,1.08437,1.08469,1047.0
2025-05-20 18:00:00+00:00,1.08468,1.08484,1.08438,1.08454,1417.0
2025-05-20 19:00:00+00:00,1.08454,1.08461,1.08422,1.08425,1032.0
2025-05-20 20:00:00+00:00,1.08422,1.08458,1.08409,1.08417,3675.0
2025-05-20 21:00:00+00:00,1.08471,1.08472,1.08348,1.08395,529.0
2025-05-20 22:00:00+00:00,1.08418,1.08427,1.08334,1.0836,1638.0
2025-05-20 23:00:00+00:00,1.0836,1.08412,1.08331,1.08404,924.0
2025-05-21 00:00:00+00:00,1.08402,1.08438,1.0836,1.0842,3021.0
2025-05-21 01:00:00+00:00,1.0842,1.08438,1.08372,1.08407,4186.0
2025-05-21 02:00:00+00:00,1.08408,1.08468,1.08372,1.08458,3655.0
2025-05-21 03:00:00+00:00,1.08459,1.08518,1.0842,1.0843,3797.0
2025-05-21 04:00:00+00:00,1.0843,1.08443,1.08394,1.08436,2631.0
2025-05-21 05:00:00+00:00,1.08436,1.08508,1.08408,1.08488,2969.0
2025-05-21 06:00:00+00:00,1.08488,1.08522,1.08416,1.08508,5394.0
2025-05-21 07:00:00+00:00,1.08508,1.0864,1.08508,1.08634,3176.0
2025-05-21 08:00:00+00:00,1.08636,1.08661,1.08569,1.08628,2353.0
2025-05-21 09:00:00+00:00,1.08626,1.08676,1.0859,1.08592,2034.0
2025-05-21 10:00:00+00:00,1.08587,1.08597,1.0841,1.08508,3413.0
2025-05-21 11:00:00+00:00,1.0851,1.08564,1.08476,1.0856,2374.0
2025-05-21 12:00:00+00:00,1.08563,1.08591,1.08474,1.08478,3303.0
2025-05-21 13:00:00+00:00,1.08477,1.0849,1.08399,1.0842,3510.0
2025-05-21 14:00:00+00:00,1.0842,1.0846,1.08372,1.08416,4058.0
2025-05-21 15:00:00+00:00,1.08415,1.0843,1.08392,1.08419,2809.0
2025-05-21 16:00:00+00:00,1.0842,1.08422,1.08372,1.08394,1958.0
2025-05-21 17:00:00+00:00,1.08394,1.08401,1.08296,1.08313,3777.0
2025-05-21 18:00:00+00:00,1.08307,1.08364,1.08292,1.08355,2231.0
2025-05-21 19:00:00+00:00,1.08355,1.08356,1.08283,1.0834,2465.0
2025-05-21 20:00:00+00:00,1.08338,1.084,1.08338,1.08388,1949.0
2025-05-21 21:00:00+00:00,1.08422,1.08447,1.08298,1.08404,372.0
2025-05-21 22:00:00+00:00,1.08417,1.08441,1.08387,1.08422,2119.0
2025-05-21 23:00:00+00:00,1.08421,1.08442,1.08388,1.08416,2059.0
2025-05-22 00:00:00+00:00,1.08416,1.0853,1.08393,1.08526,4540.0
2025-05-22 01:00:00+00:00,1.08525,1.08579,1.08442,1.08508,4743.0
2025-05-22 02:00:00+00:00,1.08506,1.0867,1.08505,1.0864,3038.0
2025-05-22 03:00:00+00:00,1.0864,1.08768,1.0861,1.08727,2846.0
2025-05-22 04:00:00+00:00,1.08726,1.08786,1.0866,1.08758,2617.0
2025-05-22 05:00:00+00:00,1.08754,1.08822,1.08716,1.0879,2735.0
2025-05-22 06:00:00+00:00,1.08785,1.08825,1.08702,1.0871,3772.0
2025-05-22 07:00:00+00:00,1.0871,1.08772,1.087,1.08764,3530.0
2025-05-22 08:00:00+00:00,1.08762,1.08802,1.08728,1.08745,3499.0
2025-05-22 09:00:00+00:00,1.08748,1.0883,1.08736,1.0879,2159.0
2025-05-22 10:00:00+00:00,1.0879,1.08832,1.08762,1.08762,2341.0
2025-05-22 11:00:00+00:00,1.08766,1.0881,1.08721,1.08724,2104.0
2025-05-22 12:00:00+00:00,1.08725,1.08748,1.08671,1.08683,3380.0
2025-05-22 13:00:00+00:00,1.0868,1.08718,1.0864,1.08696,3476.0
2025-05-22 14:00:00+00:00,1.08696,1.08737,1.08636,1.0865,4384.0
2025-05-22 15:00:00+00:00,1.0865,1.08684,1.08618,1.08644,3076.0
2025-05-22 16:00:00+00:00,1.08644,1.08664,1.0859,1.086,2376.0
2025-05-22 17:00:00+00:00,1.08601,1.08679,1.08594,1.08677,2591.0
2025-05-22 18:00:00+00:00,1.08676,1.0869,1.08664,1.08673,1636.0
2025-05-22 19:00:00+00:00,1.08673,1.08694,1.08616,1.08636,1728.0
2025-05-22 20:00:00+00:00,1.08637,1.08702,1.08634,1.08682,2522.0
2025-05-22 21:00:00+00:00,1.08728,1.08772,1.08587,1.08734,840.0
2025-05-22 22:00:00+00:00,1.08718,1.08732,1.08671,1.0868,1507.0
2025-05-22 23:00:00+00:00,1.08677,1.08714,1.08669,1.08673,960.0
2025-05-23 00:00:00+00:00,1.08672,1.08716,1.08664,1.08696,2942.0
2025-05-23 01:00:00+00:00,1.08696,1.08764,1.08691,1.08738,2961.0
2025-05-23 02:00:00+00:00,1.0874,1.08841,1.08739,1.08806,1523.0
2025-05-23 03:00:00+00:00,1.08804,1.08824,1.08742,1.08762,838.0
2025-05-23 04:00:00+00:00,1.08762,1.08774,1.08714,1.08758,1163.0
2025-05-23 05:00:00+00:00,1.08752,1.08771,1.08726,1.0875,1346.0
2025-05-23 06:00:00+00:00,1.08744,1.08754,1.08677,1.08684,2141.0
2025-05-23 07:00:00+00:00,1.08684,1.087,1.08546,1.0857,3585.0
2025-05-23 08:00:00+00:00,1.08567,1.08613,1.08555,1.08586,2331.0
2025-05-23 09:00:00+00:00,1.08585,1.08586,1.08452,1.08518,2417.0
2025-05-23 10:00:00+00:00,1.08518,1.08532,1.0846,1.08496,1398.0
2025-05-23 11:00:00+00:00,1.08499,1.0851,1.08196,1.08232,6802.0
2025-05-23 12:00:00+00:00,1.08227,1.08352,1.08192,1.08344,4758.0
2025-05-23 13:00:00+00:00,1.08344,1.08405,1.08314,1.0839,4959.0
2025-05-23 14:00:00+00:00,1.0839,1.0845,1.08366,1.08376,4582.0
2025-05-23 15:00:00+00:00,1.08376,1.08442,1.08347,1.08392,2460.0
2025-05-23 16:00:00+00:00,1.0839,1.08462,1.08384,1.08456,1648.0
2025-05-23 17:00:00+00:00,1.08456,1.08538,1.08456,1.08526,1860.0
2025-05-23 18:00:00+00:00,1.08525,1.08532,1.08477,1.08504,1092.0
2025-05-23 19:00:00+00:00,1.08507,1.08522,1.0847,1.08474,776.0
2025-05-23 20:00:00+00:00,1.08478,1.08559,1.08464,1.08536,1767.0
2025-05-25 21:00:00+00:00,1.08404,1.08508,1.08404,1.08452,297.0
2025-05-25 22:00:00+00:00,1.08456,1.0856,1.08446,1.08486,3239.0
2025-05-25 23:00:00+00:00,1.08488,1.0853,1.08478,1.08514,2134.0
2025-05-26 00:00:00+00:00,1.08515,1.0853,1.08476,1.08505,3791.0
2025-05-26 01:00:00+00:00,1.0851,1.08566,1.08392,1.08394,3736.0
2025-05-26 02:00:00+00:00,1.08392,1.08453,1.08296,1.08313,3968.0
2025-05-26 03:00:00+00:00,1.08312,1.08365,1.08254,1.08294,2499.0
2025-05-26 04:00:00+00:00,1.08295,1.08334,1.08266,1.0828,2352.0
2025-05-26 05:00:00+00:00,1.08282,1.08392,1.08244,1.08248,3164.0
2025-05-26 06:00:00+00:00,1.08247,1.0836,1.08238,1.08271,4912.0
2025-05-26 07:00:00+00:00,1.0827,1.08286,1.08172,1.08215,3706.0
2025-05-26 08:00:00+00:00,1.08212,1.08244,1.08196,1.08213,3323.0
2025-05-26 09:00:00+00:00,1.08214,1.08232,1.08148,1.08164,1994.0
2025-05-26 10:00:00+00:00,1.08165,1.0824,1.08144,1.08208,2344.0
2025-05-26 11:00:00+00:00,1.08206,1.08258,1.08192,1.08258,2149.0
2025-05-26 12:00:00+00:00,1.0826,1.0826,1.08186,1.08186,1796.0
2025-05-26 13:00:00+00:00,1.08188,1.08204,1.08148,1.0816,1864.0
2025-05-26 14:00:00+00:00,1.08163,1.08177,1.08124,1.08141,1470.0
2025-05-26 15:00:00+00:00,1.08141,1.08183,1.08126,1.08132,1210.0
2025-05-26 16:00:00+00:00,1.08133,1.08146,1.08088,1.08096,945.0
2025-05-26 17:00:00+00:00,1.08093,1.08113,1.08061,1.08064,743.0
2025-05-26 18:00:00+00:00,1.08066,1.08075,1.08044,1.08048,400.0
2025-05-26 19:00:00+00:00,1.08048,1.08068,1.08038,1.0806,529.0
2025-05-26 20:00:00+00:00,1.08061,1.08166,1.0805,1.08128,1843.0
2025-05-26 21:00:00+00:00,1.08102,1.08228,1.08072,1.082,779.0
2025-05-26 22:00:00+00:00,1.08182,1.08225,1.08028,1.08106,2140.0
2025-05-26 23:00:00+00:00,1.08105,1.08156,1.08081,1.08114,1678.0
2025-05-27 00:00:00+00:00,1.0811,1.08164,1.08071,1.08139,3448.0
2025-05-27 01:00:00+00:00,1.08138,1.08184,1.08125,1.08162,3197.0
2025-05-27 02:00:00+00:00,1.08162,1.08242,1.08134,1.08238,1147.0
2025-05-27 03:00:00+00:00,1.08238,1.08244,1.08169,1.08176,1858.0
2025-05-27 04:00:00+00:00,1.08174,1.08239,1.08138,1.08236,3082.0
2025-05-27 05:00:00+00:00,1.08238,1.08289,1.08136,1.08288,3443.0
2025-05-27 06:00:00+00:00,1.08284,1.08294,1.08204,1.08224,2591.0
2025-05-27 07:00:00+00:00,1.08221,1.08228,1.08062,1.08146,6041.0
2025-05-27 08:00:00+00:00,1.08151,1.08232,1.0812,1.08228,3719.0
2025-05-27 09:00:00+00:00,1.08228,1.0826,1.08181,1.0824,2726.0
2025-05-27 10:00:00+00:00,1.08239,1.08322,1.08239,1.08276,3025.0
2025-05-27 11:00:00+00:00,1.08275,1.08287,1.08216,1.08223,2982.0
2025-05-27 12:00:00+00:00,1.0822,1.08284,1.08156,1.08169,3285.0
2025-05-27 13:00:00+00:00,1.08166,1.08255,1.08149,1.08244,2690.0
2025-05-27 14:00:00+00:00,1.08246,1.08356,1.08242,1.08334,3838.0
2025-05-27 15:00:00+00:00,1.08332,1.08353,1.08286,1.08308,3082.0
2025-05-27 16:00:00+00:00,1.08306,1.08341,1.08286,1.08326,2228.0
2025-05-27 17:00:00+00:00,1.08321,1.08338,1.08308,1.08337,1322.0
2025-05-27 18:00:00+00:00,1.08338,1.08384,1.08336,1.08366,1620.0
2025-05-27 19:00:00+00:00,1.08366,1.08372,1.08302,1.08323,1397.0
2025-05-27 20:00:00+00:00,1.08328,1.08339,1.08301,1.08333,1814.0
2025-05-27 21:00:00+00:00,1.08255,1.08399,1.08251,1.08362,796.0
2025-05-27 22:00:00+00:00,1.08366,1.08378,1.08322,1.08372,982.0
2025-05-27 23:00:00+00:00,1.08368,1.0841,1.08328,1.08402,753.0
2025-05-28 00:00:00+00:00,1.084,1.08512,1.08396,1.08466,2686.0
2025-05-28 01:00:00+00:00,1.08466,1.08511,1.08397,1.08405,3860.0
2025-05-28 02:00:00+00:00,1.08406,1.08456,1.0798,1.08164,5323.0
2025-05-28 03:00:00+00:00,1.08168,1.0817,1.07796,1.07834,3626.0
2025-05-28 04:00:00+00:00,1.07835,1.08052,1.07816,1.08039,2765.0
2025-05-28 05:00:00+00:00,1.0804,1.08158,1.0794,1.07942,4536.0
2025-05-28 06:00:00+00:00,1.07943,1.08036,1.07855,1.07876,3507.0
2025-05-28 07:00:00+00:00,1.07868,1.07896,1.0781,1.07892,3530.0
2025-05-28 08:00:00+00:00,1.07888,1.08037,1.07848,1.07902,2945.0
2025-05-28 09:00:00+00:00,1.07899,1.07956,1.07858,1.07928,2459.0
2025-05-28 10:00:00+00:00,1.07932,1.07937,1.0786,1.07929,2415.0
2025-05-28 11:00:00+00:00,1.0793,1.07966,1.07911,1.07942,3123.0
2025-05-28 12:00:00+00:00,1.07946,1.07958,1.07821,1.07822,3515.0
2025-05-28 13:00:00+00:00,1.07824,1.07864,1.07784,1.07806,4991.0
2025-05-28 14:00:00+00:00,1.07808,1.07842,1.0768,1.07816,4640.0
2025-05-28 15:00:00+00:00,1.07816,1.07864,1.07804,1.07828,2728.0
2025-05-28 16:00:00+00:00,1.07829,1.07832,1.07786,1.07816,1312.0
2025-05-28 17:00:00+00:00,1.07815,1.0782,1.07776,1.07796,1508.0
2025-05-28 18:00:00+00:00,1.07796,1.07816,1.07755,1.07782,1644.0
2025-05-28 19:00:00+00:00,1.07782,1.07835,1.0775,1.07829,911.0
2025-05-28 20:00:00+00:00,1.07828,1.07848,1.07698,1.07702,2618.0
2025-05-28 21:00:00+00:00,1.07692,1.07738,1.07674,1.07686,232.0
2025-05-28 22:00:00+00:00,1.07682,1.07706,1.07659,1.07666,1603.0
2025-05-28 23:00:00+00:00,1.07664,1.07862,1.0765,1.07833,6582.0
2025-05-29 00:00:00+00:00,1.07836,1.07874,1.0777,1.07835,4960.0
2025-05-29 01:00:00+00:00,1.0784,1.08099,1.07839,1.08082,5954.0
2025-05-29 02:00:00+00:00,1.08084,1.0817,1.08006,1.08162,5732.0
2025-05-29 03:00:00+00:00,1.08165,1.0821,1.0808,1.08179,3435.0
2025-05-29 04:00:00+00:00,1.08185,1.08231,1.08162,1.08208,2656.0
2025-05-29 05:00:00+00:00,1.0821,1.08248,1.08106,1.08202,3277.0
2025-05-29 06:00:00+00:00,1.08194,1.08235,1.08007,1.08059,3740.0
2025-05-29 07:00:00+00:00,1.0806,1.081,1.07968,1.08078,3718.0
2025-05-29 08:00:00+00:00,1.08078,1.0808,1.07978,1.08,2248.0
2025-05-29 09:00:00+00:00,1.07998,1.07999,1.07932,1.07953,2338.0
2025-05-29 10:00:00+00:00,1.07956,1.07956,1.07906,1.07922,1908.0
2025-05-29 11:00:00+00:00,1.07926,1.07956,1.0791,1.07944,2118.0
2025-05-29 12:00:00+00:00,1.07946,1.07946,1.078,1.07814,4332.0
2025-05-29 13:00:00+00:00,1.07814,1.07842,1.07768,1.07782,4254.0
2025-05-29 14:00:00+00:00,1.0778,1.07838,1.07721,1.07794,4157.0
2025-05-29 15:00:00+00:00,1.07795,1.07823,1.07738,1.07754,3912.0
2025-05-29 16:00:00+00:00,1.07752,1.07813,1.07742,1.07808,1978.0
2025-05-29 17:00:00+00:00,1.07807,1.07823,1.07782,1.07795,1677.0
2025-05-29 18:00:00+00:00,1.07794,1.07803,1.0778,1.07791,1713.0
2025-05-29 19:00:00+00:00,1.07791,1.07852,1.07786,1.07848,1679.0
2025-05-29 20:00:00+00:00,1.0785,1.08016,1.0784,1.07945,1995.0
2025-05-29 21:00:00+00:00,1.07943,1.08,1.07832,1.07904,840.0
2025-05-29 22:00:00+00:00,1.07928,1.07959,1.07819,1.0784,1213.0
2025-05-29 23:00:00+00:00,1.0784,1.07842,1.0778,1.07822,1601.0
2025-05-30 00:00:00+00:00,1.07826,1.07865,1.07708,1.0775,2995.0
2025-05-30 01:00:00+00:00,1.07754,1.07773,1.07608,1.07764,5311.0
2025-05-30 02:00:00+00:00,1.07762,1.07766,1.07715,1.07763,2996.0
2025-05-30 03:00:00+00:00,1.07762,1.07784,1.07718,1.07732,1807.0
2025-05-30 04:00:00+00:00,1.07732,1.07742,1.07686,1.077,1580.0
2025-05-30 05:00:00+00:00,1.07701,1.07722,1.07617,1.07643,2078.0
2025-05-30 06:00:00+00:00,1.07638,1.07696,1.07616,1.07633,1762.0
2025-05-30 07:00:00+00:00,1.07638,1.07724,1.0761,1.07718,2737.0
2025-05-30 08:00:00+00:00,1.07719,1.07794,1.07704,1.07793,2205.0
2025-05-30 09:00:00+00:00,1.07793,1.0782,1.07749,1.07768,2701.0
2025-05-30 10:00:00+00:00,1.07768,1.07813,1.07748,1.07786,2068.0
2025-05-30 11:00:00+00:00,1.07788,1.0782,1.0777,1.07792,2031.0
2025-05-30 12:00:00+00:00,1.07789,1.07809,1.07653,1.07756,5130.0
2025-05-30 13:00:00+00:00,1.07756,1.07778,1.07704,1.07706,4220.0
2025-05-30 14:00:00+00:00,1.07705,1.07846,1.07704,1.07783,6922.0
2025-05-30 15:00:00+00:00,1.0778,1.07822,1.07748,1.0775,4578.0
2025-05-30 16:00:00+00:00,1.07751,1.0782,1.07736,1.0776,3710.0
2025-05-30 17:00:00+00:00,1.0776,1.07791,1.07728,1.07788,2251.0
2025-05-30 18:00:00+00:00,1.07786,1.0784,1.07786,1.07835,1460.0
2025-05-30 19:00:00+00:00,1.07834,1.07878,1.07834,1.07856,1067.0
2025-05-30 20:00:00+00:00,1.07856,1.07882,1.07796,1.07854,1117.0
2025-06-01 21:00:00+00:00,1.07878,1.07902,1.07742,1.07748,363.0
2025-06-01 22:00:00+00:00,1.07732,1.07914,1.07732,1.07892,2613.0
2025-06-01 23:00:00+00:00,1.0789,1.07916,1.07862,1.07862,1699.0
2025-06-02 00:00:00+00:00,1.0786,1.07877,1.0769,1.07723,3260.0
2025-06-02 01:00:00+00:00,1.07721,1.07756,1.07647,1.0769,5249.0
2025-06-02 02:00:00+00:00,1.0769,1.07696,1.07594,1.07597,1974.0
2025-06-02 03:00:00+00:00,1.07598,1.07651,1.07584,1.07636,2009.0
2025-06-02 04:00:00+00:00,1.07638,1.07682,1.07628,1.07675,2394.0
2025-06-02 05:00:00+00:00,1.07674,1.07706,1.07622,1.07692,2774.0
2025-06-02 06:00:00+00:00,1.07688,1.07752,1.07678,1.07707,2098.0
2025-06-02 07:00:00+00:00,1.07708,1.07742,1.07654,1.07658,3909.0
2025-06-02 08:00:00+00:00,1.07658,1.07704,1.07642,1.07701,3500.0
2025-06-02 09:00:00+00:00,1.077,1.07712,1.07648,1.07696,2933.0
2025-06-02 10:00:00+00:00,1.07696,1.0771,1.07656,1.0771,2481.0
2025-06-02 11:00:00+00:00,1.07711,1.07766,1.07708,1.07747,3701.0
2025-06-02 12:00:00+00:00,1.07746,1.078,1.07738,1.07796,3115.0
2025-06-02 13:00:00+00:00,1.07795,1.07832,1.07678,1.07696,3789.0
2025-06-02 14:00:00+00:00,1.07684,1.0773,1.0764,1.07664,5813.0
2025-06-02 15:00:00+00:00,1.07665,1.0768,1.07594,1.07619,3608.0
2025-06-02 16:00:00+00:00,1.07616,1.07685,1.07615,1.07684,1715.0
2025-06-02 17:00:00+00:00,1.07682,1.07684,1.07644,1.07654,1221.0
2025-06-02 18:00:00+00:00,1.07652,1.07666,1.07594,1.07599,1775.0
2025-06-02 19:00:00+00:00,1.07599,1.07599,1.07506,1.07515,1252.0
2025-06-02 20:00:00+00:00,1.07514,1.07636,1.07513,1.07636,1280.0
2025-06-02 21:00:00+00:00,1.07643,1.07643,1.07542,1.07576,964.0
2025-06-02 22:00:00+00:00,1.07584,1.07626,1.07558,1.07582,860.0
2025-06-02 23:00:00+00:00,1.07581,1.07582,1.07448,1.0745,1002.0
2025-06-03 00:00:00+00:00,1.07448,1.07466,1.07278,1.07292,3010.0
2025-06-03 01:00:00+00:00,1.07292,1.07358,1.07272,1.07303,3942.0
2025-06-03 02:00:00+00:00,1.07302,1.0757,1.07283,1.0754,3264.0
2025-06-03 03:00:00+00:00,1.0754,1.0756,1.0746,1.07505,2956.0
2025-06-03 04:00:00+00:00,1.07504,1.07594,1.07496,1.07516,3179.0
2025-06-03 05:00:00+00:00,1.07517,1.0757,1.0747,1.07554,3728.0
2025-06-03 06:00:00+00:00,1.07548,1.07738,1.07539,1.0768,2507.0
2025-06-03 07:00:00+00:00,1.0768,1.07706,1.07562,1.07668,3482.0
2025-06-03 08:00:00+00:00,1.07668,1.07702,1.07588,1.07611,3234.0
2025-06-03 09:00:00+00:00,1.07612,1.07616,1.07522,1.07549,2723.0
2025-06-03 10:00:00+00:00,1.0755,1.07704,1.0755,1.07664,2496.0
2025-06-03 11:00:00+00:00,1.07664,1.07686,1.07635,1.07654,2753.0
2025-06-03 12:00:00+00:00,1.07652,1.0771,1.0764,1.07642,3270.0
2025-06-03 13:00:00+00:00,1.0764,1.0764,1.0758,1.0758,4505.0
2025-06-03 14:00:00+00:00,1.0757,1.07732,1.0757,1.07714,5608.0
2025-06-03 15:00:00+00:00,1.07714,1.07747,1.07698,1.07724,3971.0
2025-06-03 16:00:00+00:00,1.07725,1.07736,1.0767,1.07676,1567.0
2025-06-03 17:00:00+00:00,1.07676,1.07728,1.07668,1.0772,1317.0
2025-06-03 18:00:00+00:00,1.07722,1.07741,1.07714,1.07721,2008.0
2025-06-03 19:00:00+00:00,1.07721,1.07766,1.07721,1.07758,737.0
2025-06-03 20:00:00+00:00,1.07758,1.07758,1.0772,1.07744,651.0
2025-06-03 21:00:00+00:00,1.07754,1.07832,1.0774,1.07808,829.0
2025-06-03 22:00:00+00:00,1.07815,1.07816,1.0767,1.07672,788.0
2025-06-03 23:00:00+00:00,1.07673,1.07684,1.07648,1.07648,682.0
2025-06-04 00:00:00+00:00,1.07649,1.07686,1.0763,1.07642,2713.0
2025-06-04 01:00:00+00:00,1.07642,1.07798,1.07518,1.07786,4046.0
2025-06-04 02:00:00+00:00,1.07788,1.07812,1.07662,1.07684,1600.0
2025-06-04 03:00:00+00:00,1.07686,1.0772,1.0764,1.07695,1235.0
2025-06-04 04:00:00+00:00,1.07694,1.07724,1.07657,1.07668,1612.0
2025-06-04 05:00:00+00:00,1.07666,1.07721,1.07627,1.07674,1615.0
2025-06-04 06:00:00+00:00,1.07672,1.07676,1.0763,1.07662,2315.0
2025-06-04 07:00:00+00:00,1.0766,1.07688,1.076,1.0766,2571.0
2025-06-04 08:00:00+00:00,1.07658,1.0772,1.07642,1.07674,2158.0
2025-06-04 09:00:00+00:00,1.07672,1.07729,1.07654,1.07718,1888.0
2025-06-04 10:00:00+00:00,1.07716,1.07743,1.07694,1.07724,1788.0
2025-06-04 11:00:00+00:00,1.07726,1.07841,1.07705,1.07812,1708.0
2025-06-04 12:00:00+00:00,1.07814,1.07856,1.07777,1.07794,2970.0
2025-06-04 13:00:00+00:00,1.07792,1.07864,1.07791,1.07829,2451.0
2025-06-04 14:00:00+00:00,1.07844,1.07844,1.07728,1.0778,4182.0
2025-06-04 15:00:00+00:00,1.07778,1.0778,1.0769,1.07744,2498.0
2025-06-04 16:00:00+00:00,1.07743,1.07747,1.07704,1.07724,1763.0
2025-06-04 17:00:00+00:00,1.07724,1.07744,1.07703,1.07722,1494.0
2025-06-04 18:00:00+00:00,1.07722,1.07746,1.07706,1.07732,1185.0
2025-06-04 19:00:00+00:00,1.07732,1.07732,1.07698,1.07705,825.0
2025-06-04 20:00:00+00:00,1.07706,1.07753,1.07703,1.07726,1294.0
2025-06-04 21:00:00+00:00,1.07746,1.07764,1.07653,1.07692,742.0
2025-06-04 22:00:00+00:00,1.07707,1.07742,1.07636,1.07662,1253.0
2025-06-04 23:00:00+00:00,1.07656,1.0771,1.07652,1.07699,1491.0
2025-06-05 00:00:00+00:00,1.07698,1.07742,1.07684,1.07718,2321.0
2025-06-05 01:00:00+00:00,1.07716,1.07762,1.07668,1.07721,3079.0
2025-06-05 02:00:00+00:00,1.07722,1.0774,1.07592,1.07618,1588.0
2025-06-05 03:00:00+00:00,1.07625,1.0763,1.07512,1.07588,2226.0
2025-06-05 04:00:00+00:00,1.07582,1.07654,1.07582,1.07643,1331.0
2025-06-05 05:00:00+00:00,1.07641,1.07684,1.07622,1.07674,1416.0
2025-06-05 06:00:00+00:00,1.07672,1.07694,1.07608,1.07668,2054.0
2025-06-05 07:00:00+00:00,1.07668,1.0774,1.07645,1.07729,2460.0
2025-06-05 08:00:00+00:00,1.07728,1.07733,1.07662,1.07692,1776.0
2025-06-05 09:00:00+00:00,1.0769,1.07696,1.07632,1.07664,2291.0
2025-06-05 10:00:00+00:00,1.07668,1.07677,1.0758,1.07656,2077.0
2025-06-05 11:00:00+00:00,1.07654,1.0767,1.0762,1.07654,2738.0
2025-06-05 12:00:00+00:00,1.0765,1.07698,1.07554,1.07645,4961.0
2025-06-05 13:00:00+00:00,1.07643,1.07672,1.07512,1.0758,6156.0
2025-06-05 14:00:00+00:00,1.0758,1.07736,1.0755,1.0771,5292.0
2025-06-05 15:00:00+00:00,1.07716,1.07827,1.07704,1.07816,4136.0
2025-06-05 16:00:00+00:00,1.07817,1.07838,1.07772,1.07784,2344.0
2025-06-05 17:00:00+00:00,1.0778,1.07808,1.0777,1.0778,1725.0
2025-06-05 18:00:00+00:00,1.07778,1.078,1.07768,1.07776,1378.0
2025-06-05 19:00:00+00:00,1.07776,1.07808,1.07735,1.07781,2204.0
2025-06-05 20:00:00+00:00,1.0778,1.07815,1.07776,1.07785,852.0
2025-06-05 21:00:00+00:00,1.07773,1.0781,1.07754,1.07766,599.0
2025-06-05 22:00:00+00:00,1.07776,1.07793,1.07746,1.07784,1022.0
2025-06-05 23:00:00+00:00,1.07786,1.07788,1.07709,1.07758,1221.0
2025-06-06 00:00:00+00:00,1.07758,1.07765,1.07675,1.07712,3956.0
2025-06-06 01:00:00+00:00,1.07712,1.07713,1.07628,1.07636,3798.0
2025-06-06 02:00:00+00:00,1.07636,1.07756,1.07594,1.0765,3082.0
2025-06-06 03:00:00+00:00,1.0765,1.07671,1.07559,1.07593,2184.0
2025-06-06 04:00:00+00:00,1.07595,1.07596,1.07515,1.07528,1635.0
2025-06-06 05:00:00+00:00,1.07531,1.0759,1.07528,1.07568,1777.0
2025-06-06 06:00:00+00:00,1.0757,1.0762,1.07534,1.07604,2192.0
2025-06-06 07:00:00+00:00,1.07601,1.07624,1.0755,1.07594,3398.0
2025-06-06 08:00:00+00:00,1.07597,1.07695,1.07587,1.07693,2693.0
2025-06-06 09:00:00+00:00,1.07692,1.07728,1.07638,1.07662,3225.0
2025-06-06 10:00:00+00:00,1.07658,1.07685,1.07602,1.07608,2519.0
2025-06-06 11:00:00+00:00,1.07608,1.07662,1.07598,1.07639,2890.0
2025-06-06 12:00:00+00:00,1.07641,1.07772,1.07622,1.07759,6520.0
2025-06-06 13:00:00+00:00,1.07758,1.07901,1.07758,1.079,6467.0
2025-06-06 14:00:00+00:00,1.07901,1.07916,1.0783,1.0787,4356.0
2025-06-06 15:00:00+00:00,1.07868,1.07948,1.07865,1.0793,4080.0
2025-06-06 16:00:00+00:00,1.0793,1.07961,1.07922,1.07956,2431.0
2025-06-06 17:00:00+00:00,1.07958,1.0797,1.07905,1.07913,1802.0
2025-06-06 18:00:00+00:00,1.07912,1.07918,1.07882,1.07888,1033.0
2025-06-06 19:00:00+00:00,1.07892,1.07944,1.07886,1.07928,620.0
2025-06-06 20:00:00+00:00,1.07926,1.07942,1.07898,1.07912,742.0
2025-06-08 21:00:00+00:00,1.0791,1.07954,1.07868,1.07917,351.0
2025-06-08 22:00:00+00:00,1.07918,1.0795,1.07864,1.07874,3247.0
2025-06-08 23:00:00+00:00,1.07878,1.07917,1.07852,1.07916,1224.0
2025-06-09 00:00:00+00:00,1.07917,1.08034,1.07879,1.07998,2558.0
2025-06-09 01:00:00+00:00,1.07998,1.08004,1.07909,1.07948,2923.0
2025-06-09 02:00:00+00:00,1.07946,1.07948,1.07856,1.07898,3464.0
2025-06-09 03:00:00+00:00,1.07898,1.07903,1.07842,1.07888,2045.0
2025-06-09 04:00:00+00:00,1.07887,1.07948,1.07882,1.07918,1216.0
2025-06-09 05:00:00+00:00,1.07914,1.07962,1.07854,1.07894,2018.0
2025-06-09 06:00:00+00:00,1.07896,1.079,1.0778,1.07804,2142.0
2025-06-09 07:00:00+00:00,1.07806,1.07819,1.07747,1.07776,1812.0
2025-06-09 08:00:00+00:00,1.07776,1.07779,1.07696,1.07736,2673.0
2025-06-09 09:00:00+00:00,1.07736,1.07751,1.07678,1.07704,1849.0
2025-06-09 10:00:00+00:00,1.07704,1.07766,1.07703,1.07744,2873.0
2025-06-09 11:00:00+00:00,1.07746,1.07789,1.07744,1.07756,2324.0
2025-06-09 12:00:00+00:00,1.07754,1.0783,1.07738,1.07814,1959.0
2025-06-09 13:00:00+00:00,1.07815,1.07821,1.07766,1.07786,2811.0
2025-06-09 14:00:00+00:00,1.07784,1.07878,1.07762,1.07852,2675.0
2025-06-09 15:00:00+00:00,1.07852,1.07858,1.0774,1.07761,2281.0
2025-06-09 16:00:00+00:00,1.07764,1.07786,1.0776,1.07766,872.0
2025-06-09 17:00:00+00:00,1.07765,1.07787,1.07762,1.07772,654.0
2025-06-09 18:00:00+00:00,1.07769,1.07769,1.07746,1.0776,883.0
2025-06-09 19:00:00+00:00,1.0776,1.0776,1.07718,1.0772,998.0
2025-06-09 20:00:00+00:00,1.0772,1.0776,1.07718,1.07747,791.0
2025-06-09 21:00:00+00:00,1.07796,1.07828,1.07743,1.07812,701.0
2025-06-09 22:00:00+00:00,1.07806,1.07818,1.07732,1.0775,2594.0
2025-06-09 23:00:00+00:00,1.07746,1.0775,1.07694,1.07726,1442.0
2025-06-10 00:00:00+00:00,1.07728,1.07732,1.0763,1.07667,1955.0
2025-06-10 01:00:00+00:00,1.07664,1.07887,1.07663,1.07866,3865.0
2025-06-10 02:00:00+00:00,1.07865,1.07955,1.07806,1.07928,3619.0
2025-06-10 03:00:00+00:00,1.07928,1.0797,1.07814,1.07814,2403.0
2025-06-10 04:00:00+00:00,1.07815,1.07848,1.07791,1.07796,2205.0
2025-06-10 05:00:00+00:00,1.07796,1.07802,1.07626,1.07703,4932.0
2025-06-10 06:00:00+00:00,1.077,1.0777,1.07658,1.07702,3832.0
2025-06-10 07:00:00+00:00,1.07702,1.07762,1.0761,1.07752,3923.0
2025-06-10 08:00:00+00:00,1.0775,1.07792,1.07729,1.07779,2646.0
2025-06-10 09:00:00+00:00,1.0778,1.0783,1.07756,1.07758,2450.0
2025-06-10 10:00:00+00:00,1.07759,1.07775,1.07698,1.077,2885.0
2025-06-10 11:00:00+00:00,1.07698,1.07738,1.07676,1.07738,3106.0
2025-06-10 12:00:00+00:00,1.07734,1.07782,1.07706,1.07763,2832.0
2025-06-10 13:00:00+00:00,1.07764,1.07848,1.07764,1.07847,3121.0
2025-06-10 14:00:00+00:00,1.07848,1.07927,1.0783,1.07926,2898.0
2025-06-10 15:00:00+00:00,1.07926,1.07949,1.07904,1.07905,2816.0
2025-06-10 16:00:00+00:00,1.07905,1.07918,1.07882,1.07914,1638.0
2025-06-10 17:00:00+00:00,1.07914,1.07917,1.07892,1.07896,979.0
2025-06-10 18:00:00+00:00,1.07899,1.0791,1.07879,1.079,1047.0
2025-06-10 19:00:00+00:00,1.079,1.07934,1.07817,1.07838,1591.0
2025-06-10 20:00:00+00:00,1.07835,1.07848,1.07768,1.07778,1814.0
2025-06-10 21:00:00+00:00,1.07875,1.07875,1.07794,1.07804,611.0
2025-06-10 22:00:00+00:00,1.07813,1.07833,1.0776,1.07783,1590.0
2025-06-10 23:00:00+00:00,1.07786,1.07806,1.07708,1.07746,2936.0
2025-06-11 00:00:00+00:00,1.07742,1.07756,1.07691,1.07712,4592.0
2025-06-11 01:00:00+00:00,1.07712,1.07773,1.07695,1.07758,4237.0
2025-06-11 02:00:00+00:00,1.07763,1.07866,1.0775,1.0786,2151.0
2025-06-11 03:00:00+00:00,1.07862,1.07949,1.07828,1.07944,2047.0
2025-06-11 04:00:00+00:00,1.07942,1.07947,1.07882,1.07913,1923.0
2025-06-11 05:00:00+00:00,1.07914,1.0798,1.07908,1.07972,1953.0
2025-06-11 06:00:00+00:00,1.07976,1.08047,1.07955,1.07998,3220.0
2025-06-11 07:00:00+00:00,1.07999,1.08033,1.07936,1.0795,3477.0
2025-06-11 08:00:00+00:00,1.0795,1.07979,1.07898,1.07912,2983.0
2025-06-11 09:00:00+00:00,1.07916,1.07925,1.07868,1.07903,2850.0
2025-06-11 10:00:00+00:00,1.07897,1.07948,1.07868,1.07919,1950.0
2025-06-11 11:00:00+00:00,1.0792,1.0794,1.07906,1.0792,2789.0
2025-06-11 12:00:00+00:00,1.0792,1.08,1.07847,1.07876,7266.0
2025-06-11 13:00:00+00:00,1.07876,1.079,1.07806,1.07896,5632.0
2025-06-11 14:00:00+00:00,1.07897,1.07929,1.07862,1.07906,3481.0
2025-06-11 15:00:00+00:00,1.07909,1.07974,1.07851,1.07853,2904.0
2025-06-11 16:00:00+00:00,1.07851,1.07949,1.07847,1.07932,1818.0
2025-06-11 17:00:00+00:00,1.07936,1.07949,1.07884,1.07888,1909.0
2025-06-11 18:00:00+00:00,1.0789,1.07892,1.07816,1.07844,3214.0
2025-06-11 19:00:00+00:00,1.07844,1.07853,1.07794,1.07833,1196.0
2025-06-11 20:00:00+00:00,1.07832,1.07856,1.07817,1.07838,1716.0
2025-06-11 21:00:00+00:00,1.07826,1.07876,1.07814,1.07864,1066.0
2025-06-11 22:00:00+00:00,1.07865,1.0787,1.07801,1.0784,1078.0
2025-06-11 23:00:00+00:00,1.07841,1.07854,1.07806,1.07837,2577.0
2025-06-12 00:00:00+00:00,1.07835,1.07874,1.07783,1.078,4710.0
2025-06-12 01:00:00+00:00,1.07802,1.07847,1.07706,1.0782,3898.0
2025-06-12 02:00:00+00:00,1.07821,1.07837,1.07734,1.0782,2589.0
2025-06-12 03:00:00+00:00,1.07821,1.07828,1.07668,1.07674,2159.0
2025-06-12 04:00:00+00:00,1.07674,1.07698,1.07633,1.07646,1679.0
2025-06-12 05:00:00+00:00,1.07646,1.0771,1.07618,1.07649,1840.0
2025-06-12 06:00:00+00:00,1.07643,1.078,1.07614,1.078,3342.0
2025-06-12 07:00:00+00:00,1.07799,1.07886,1.0778,1.07784,4841.0
2025-06-12 08:00:00+00:00,1.07784,1.07792,1.07706,1.07746,4464.0
2025-06-12 09:00:00+00:00,1.07744,1.0776,1.07631,1.07698,2748.0
2025-06-12 10:00:00+00:00,1.07696,1.07764,1.07678,1.07716,4710.0
2025-06-12 11:00:00+00:00,1.07716,1.07722,1.07589,1.07633,2897.0
2025-06-12 12:00:00+00:00,1.07636,1.07673,1.07584,1.07639,3874.0
2025-06-12 13:00:00+00:00,1.07636,1.0768,1.07614,1.07636,4853.0
2025-06-12 14:00:00+00:00,1.07636,1.07694,1.07627,1.0765,3514.0
2025-06-12 15:00:00+00:00,1.07647,1.07663,1.07594,1.07626,3534.0
2025-06-12 16:00:00+00:00,1.07626,1.07692,1.07624,1.07679,1570.0
2025-06-12 17:00:00+00:00,1.0768,1.07706,1.07671,1.077,1693.0
2025-06-12 18:00:00+00:00,1.07701,1.07714,1.07664,1.07675,758.0
2025-06-12 19:00:00+00:00,1.07675,1.0768,1.07632,1.07647,735.0
2025-06-12 20:00:00+00:00,1.07646,1.07679,1.07626,1.07637,1543.0
2025-06-12 21:00:00+00:00,1.0766,1.07681,1.07594,1.07613,330.0
2025-06-12 22:00:00+00:00,1.07618,1.0768,1.07616,1.07655,713.0
2025-06-12 23:00:00+00:00,1.07654,1.07692,1.0761,1.0762,1396.0
2025-06-13 00:00:00+00:00,1.0762,1.07736,1.07538,1.07695,10856.0
2025-06-13 01:00:00+00:00,1.07694,1.07707,1.07512,1.07526,5963.0
2025-06-13 02:00:00+00:00,1.07526,1.07578,1.07459,1.07556,5306.0
2025-06-13 03:00:00+00:00,1.07562,1.0765,1.07548,1.0757,4228.0
2025-06-13 04:00:00+00:00,1.07569,1.07712,1.07559,1.07689,2655.0
2025-06-13 05:00:00+00:00,1.07692,1.07734,1.07646,1.07681,3251.0
2025-06-13 06:00:00+00:00,1.07678,1.07726,1.07629,1.07671,2949.0
2025-06-13 07:00:00+00:00,1.0767,1.07798,1.07662,1.07786,5983.0
2025-06-13 08:00:00+00:00,1.07784,1.07838,1.07763,1.07814,4297.0
2025-06-13 09:00:00+00:00,1.07813,1.07864,1.07799,1.07854,3557.0
2025-06-13 10:00:00+00:00,1.07852,1.07888,1.07776,1.07806,5351.0
2025-06-13 11:00:00+00:00,1.07806,1.07842,1.07784,1.07808,4667.0
2025-06-13 12:00:00+00:00,1.07808,1.07858,1.07806,1.07837,3393.0
2025-06-13 13:00:00+00:00,1.07839,1.07844,1.07708,1.07744,4330.0
2025-06-13 14:00:00+00:00,1.07743,1.07807,1.07714,1.078,5133.0
2025-06-13 15:00:00+00:00,1.078,1.07898,1.07776,1.07896,4378.0
2025-06-13 16:00:00+00:00,1.07894,1.07924,1.0787,1.07878,2473.0
2025-06-13 17:00:00+00:00,1.07878,1.07895,1.07858,1.07882,2276.0
2025-06-13 18:00:00+00:00,1.07882,1.07885,1.07815,1.07848,1634.0
2025-06-13 19:00:00+00:00,1.07842,1.07854,1.07814,1.07836,1217.0
2025-06-13 20:00:00+00:00,1.07839,1.07879,1.0778,1.0781,2454.0
2025-06-15 21:00:00+00:00,1.0783,1.08,1.07794,1.07878,1907.0
2025-06-15 22:00:00+00:00,1.07878,1.0796,1.07804,1.07916,11400.0
2025-06-15 23:00:00+00:00,1.07915,1.07949,1.07876,1.07888,4537.0
2025-06-16 00:00:00+00:00,1.07888,1.07902,1.0776,1.07766,4300.0
2025-06-16 01:00:00+00:00,1.07769,1.0777,1.07638,1.07678,4638.0
2025-06-16 02:00:00+00:00,1.07677,1.07733,1.07644,1.07652,5822.0
2025-06-16 03:00:00+00:00,1.07648,1.07748,1.07612,1.07719,3996.0
2025-06-16 04:00:00+00:00,1.07718,1.07801,1.0768,1.07739,3834.0
2025-06-16 05:00:00+00:00,1.07738,1.07821,1.07715,1.07815,4576.0
2025-06-16 06:00:00+00:00,1.07808,1.07912,1.07767,1.07854,3932.0
2025-06-16 07:00:00+00:00,1.07856,1.07945,1.07854,1.07932,3373.0
2025-06-16 08:00:00+00:00,1.07932,1.07939,1.07844,1.07848,2081.0
2025-06-16 09:00:00+00:00,1.07844,1.07866,1.07806,1.07829,3343.0
2025-06-16 10:00:00+00:00,1.07826,1.07858,1.07807,1.07816,3198.0
2025-06-16 11:00:00+00:00,1.07816,1.07838,1.07762,1.07781,3002.0
2025-06-16 12:00:00+00:00,1.07779,1.07813,1.07729,1.0774,4307.0
2025-06-16 13:00:00+00:00,1.07739,1.07756,1.07698,1.07715,5288.0
2025-06-16 14:00:00+00:00,1.07715,1.0772,1.07606,1.0767,5743.0
2025-06-16 15:00:00+00:00,1.07671,1.07674,1.07605,1.07637,5182.0
2025-06-16 16:00:00+00:00,1.07636,1.07686,1.07628,1.07682,2659.0
2025-06-16 17:00:00+00:00,1.07681,1.07724,1.0768,1.07702,1961.0
2025-06-16 18:00:00+00:00,1.07701,1.07704,1.07668,1.07688,1342.0
2025-06-16 19:00:00+00:00,1.07688,1.07694,1.07638,1.07654,1582.0
2025-06-16 20:00:00+00:00,1.07657,1.0771,1.07626,1.07647,1544.0
2025-06-16 21:00:00+00:00,1.07711,1.07762,1.07638,1.07742,736.0
2025-06-16 22:00:00+00:00,1.07748,1.07748,1.07639,1.07652,3400.0
2025-06-16 23:00:00+00:00,1.07652,1.07678,1.07596,1.07605,2823.0
2025-06-17 00:00:00+00:00,1.07602,1.0764,1.0757,1.07624,3994.0
2025-06-17 01:00:00+00:00,1.07618,1.07674,1.0759,1.07672,2988.0
2025-06-17 02:00:00+00:00,1.07668,1.07704,1.07612,1.07664,2803.0
2025-06-17 03:00:00+00:00,1.07671,1.07676,1.07615,1.07641,3014.0
2025-06-17 04:00:00+00:00,1.0764,1.07714,1.07615,1.0771,1771.0
2025-06-17 05:00:00+00:00,1.07714,1.07732,1.07684,1.07722,2493.0
2025-06-17 06:00:00+00:00,1.0772,1.07796,1.07706,1.0774,2887.0
2025-06-17 07:00:00+00:00,1.07738,1.07784,1.07664,1.07723,4678.0
2025-06-17 08:00:00+00:00,1.07722,1.07728,1.07652,1.07688,2957.0
2025-06-17 09:00:00+00:00,1.07691,1.0771,1.0762,1.07682,3321.0
2025-06-17 10:00:00+00:00,1.07681,1.07684,1.07628,1.0765,1977.0
2025-06-17 11:00:00+00:00,1.07648,1.07652,1.07592,1.07626,2174.0
2025-06-17 12:00:00+00:00,1.07624,1.07644,1.07587,1.07614,2677.0
2025-06-17 13:00:00+00:00,1.07614,1.07648,1.07565,1.0763,3364.0
2025-06-17 14:00:00+00:00,1.07631,1.0768,1.07579,1.07635,7574.0
2025-06-17 15:00:00+00:00,1.07634,1.07637,1.07556,1.07588,5405.0
2025-06-17 16:00:00+00:00,1.07588,1.07622,1.07576,1.0758,5267.0
2025-06-17 17:00:00+00:00,1.07582,1.07611,1.07562,1.0758,6416.0
2025-06-17 18:00:00+00:00,1.0758,1.0762,1.07568,1.07604,5078.0
2025-06-17 19:00:00+00:00,1.07604,1.07676,1.07604,1.07633,3895.0
2025-06-17 20:00:00+00:00,1.07633,1.07693,1.07633,1.07668,4006.0
2025-06-17 21:00:00+00:00,1.0767,1.07726,1.07584,1.07591,539.0
2025-06-17 22:00:00+00:00,1.07591,1.07688,1.07591,1.07648,1866.0
2025-06-17 23:00:00+00:00,1.07646,1.077,1.07618,1.07687,4069.0
2025-06-18 00:00:00+00:00,1.07684,1.07762,1.07628,1.07684,8605.0
2025-06-18 01:00:00+00:00,1.07682,1.07731,1.07651,1.07667,8745.0
2025-06-18 02:00:00+00:00,1.07666,1.07717,1.07636,1.07667,6143.0
2025-06-18 03:00:00+00:00,1.07668,1.07736,1.07665,1.07724,3617.0
2025-06-18 04:00:00+00:00,1.07724,1.07795,1.07724,1.07784,4109.0
2025-06-18 05:00:00+00:00,1.07785,1.07828,1.07728,1.07814,5209.0
2025-06-18 06:00:00+00:00,1.07813,1.07868,1.07769,1.07834,6383.0
2025-06-18 07:00:00+00:00,1.07834,1.07852,1.07781,1.07798,5125.0
2025-06-18 08:00:00+00:00,1.07798,1.07828,1.07788,1.0782,5291.0
2025-06-18 09:00:00+00:00,1.07821,1.07825,1.0778,1.07801,5262.0
2025-06-18 10:00:00+00:00,1.078,1.07828,1.07786,1.07794,5481.0
2025-06-18 11:00:00+00:00,1.07794,1.07886,1.07789,1.07872,4015.0
2025-06-18 12:00:00+00:00,1.0787,1.0788,1.07814,1.07839,5557.0
2025-06-18 13:00:00+00:00,1.07841,1.07886,1.07826,1.07844,5855.0
2025-06-18 14:00:00+00:00,1.07843,1.079,1.07824,1.07888,9446.0
2025-06-18 15:00:00+00:00,1.07886,1.07897,1.07825,1.07841,6376.0
2025-06-18 16:00:00+00:00,1.0784,1.07888,1.07834,1.07886,4314.0
2025-06-18 17:00:00+00:00,1.07886,1.07932,1.07882,1.07928,3301.0
2025-06-18 18:00:00+00:00,1.07931,1.07962,1.07876,1.07932,17097.0
2025-06-18 19:00:00+00:00,1.07932,1.07972,1.07908,1.07954,8238.0
2025-06-18 20:00:00+00:00,1.07952,1.07978,1.07946,1.07966,3661.0
2025-06-18 21:00:00+00:00,1.07966,1.07984,1.07827,1.07942,609.0
2025-06-18 22:00:00+00:00,1.07943,1.0797,1.0789,1.07928,2520.0
2025-06-18 23:00:00+00:00,1.07929,1.0796,1.07904,1.07934,2794.0
2025-06-19 00:00:00+00:00,1.07934,1.07966,1.07908,1.07953,6473.0
2025-06-19 01:00:00+00:00,1.07954,1.08142,1.07878,1.0814,9225.0
2025-06-19 02:00:00+00:00,1.0814,1.0825,1.08056,1.0815,6609.0
2025-06-19 03:00:00+00:00,1.08149,1.0828,1.08128,1.08276,4597.0
2025-06-19 04:00:00+00:00,1.08274,1.08295,1.08186,1.08214,3796.0
2025-06-19 05:00:00+00:00,1.08214,1.08276,1.08202,1.08254,5338.0
2025-06-19 06:00:00+00:00,1.08254,1.0836,1.08228,1.0835,5884.0
2025-06-19 07:00:00+00:00,1.08348,1.08358,1.08231,1.08279,5755.0
2025-06-19 08:00:00+00:00,1.08278,1.08287,1.08191,1.08192,5245.0
2025-06-19 09:00:00+00:00,1.08192,1.08219,1.08132,1.08206,3864.0
2025-06-19 10:00:00+00:00,1.08206,1.08272,1.08198,1.0821,3156.0
2025-06-19 11:00:00+00:00,1.08212,1.08234,1.08146,1.08149,4075.0
2025-06-19 12:00:00+00:00,1.0815,1.08201,1.08136,1.08201,4179.0
2025-06-19 13:00:00+00:00,1.082,1.08216,1.08128,1.08128,5479.0
2025-06-19 14:00:00+00:00,1.08128,1.08216,1.0811,1.08174,6202.0
2025-06-19 15:00:00+00:00,1.08174,1.08232,1.08124,1.08145,3895.0
2025-06-19 16:00:00+00:00,1.08146,1.0817,1.08122,1.0816,2121.0
2025-06-19 17:00:00+00:00,1.08161,1.08178,1.08123,1.08166,1891.0
2025-06-19 18:00:00+00:00,1.08166,1.0817,1.08134,1.08146,1469.0
2025-06-19 19:00:00+00:00,1.08146,1.08146,1.0809,1.08105,1661.0
2025-06-19 20:00:00+00:00,1.08106,1.08157,1.08094,1.08148,1957.0
2025-06-19 21:00:00+00:00,1.08168,1.08267,1.08114,1.08124,477.0
2025-06-19 22:00:00+00:00,1.0813,1.08166,1.08116,1.08132,3073.0
2025-06-19 23:00:00+00:00,1.08134,1.08151,1.08081,1.0809,3295.0
2025-06-20 00:00:00+00:00,1.08093,1.08129,1.0806,1.08068,7400.0
2025-06-20 01:00:00+00:00,1.08064,1.08111,1.08047,1.08109,9500.0
2025-06-20 02:00:00+00:00,1.0811,1.08219,1.08095,1.0821,6144.0
2025-06-20 03:00:00+00:00,1.0821,1.08218,1.08108,1.08118,5202.0
2025-06-20 04:00:00+00:00,1.08118,1.08144,1.08078,1.08102,3404.0
2025-06-20 05:00:00+00:00,1.08104,1.08176,1.08064,1.0807,5685.0
2025-06-20 06:00:00+00:00,1.08074,1.08102,1.07998,1.08028,5941.0
2025-06-20 07:00:00+00:00,1.08028,1.08161,1.08028,1.08159,5266.0
2025-06-20 08:00:00+00:00,1.08158,1.0822,1.08128,1.08212,5106.0
2025-06-20 09:00:00+00:00,1.08211,1.08247,1.082,1.08238,3658.0
2025-06-20 10:00:00+00:00,1.08236,1.0829,1.08208,1.0829,2724.0
2025-06-20 11:00:00+00:00,1.0829,1.08303,1.08254,1.08294,3983.0
2025-06-20 12:00:00+00:00,1.08292,1.0833,1.0828,1.08304,6968.0
2025-06-20 13:00:00+00:00,1.08304,1.0833,1.08228,1.08244,6372.0
2025-06-20 14:00:00+00:00,1.08244,1.08334,1.08242,1.08282,8308.0
2025-06-20 15:00:00+00:00,1.08281,1.08282,1.0815,1.08153,6407.0
2025-06-20 16:00:00+00:00,1.0815,1.08169,1.08092,1.0811,4455.0
2025-06-20 17:00:00+00:00,1.0811,1.08122,1.08062,1.08103,3614.0
2025-06-20 18:00:00+00:00,1.08106,1.08134,1.08088,1.08115,2243.0
2025-06-20 19:00:00+00:00,1.08116,1.08132,1.08102,1.08108,2873.0
2025-06-20 20:00:00+00:00,1.08109,1.0814,1.0808,1.08102,4028.0
2025-06-22 21:00:00+00:00,1.0809,1.08209,1.07963,1.08088,542.0
2025-06-22 22:00:00+00:00,1.08088,1.08284,1.08025,1.08096,8424.0
2025-06-22 23:00:00+00:00,1.081,1.08142,1.08054,1.08126,5605.0
2025-06-23 00:00:00+00:00,1.08126,1.08138,1.07988,1.08116,9007.0
2025-06-23 01:00:00+00:00,1.08118,1.08144,1.08046,1.08085,9393.0
2025-06-23 02:00:00+00:00,1.08085,1.0809,1.07966,1.08006,7668.0
2025-06-23 03:00:00+00:00,1.08004,1.08128,1.07999,1.08108,6819.0
2025-06-23 04:00:00+00:00,1.08108,1.08184,1.08091,1.08162,5081.0
2025-06-23 05:00:00+00:00,1.08164,1.0826,1.08158,1.08243,6851.0
2025-06-23 06:00:00+00:00,1.08245,1.08278,1.08212,1.08273,7021.0
2025-06-23 07:00:00+00:00,1.08276,1.08322,1.0825,1.08305,8410.0
2025-06-23 08:00:00+00:00,1.08304,1.08397,1.08265,1.0827,6556.0
2025-06-23 09:00:00+00:00,1.0827,1.08358,1.08254,1.083,8531.0
2025-06-23 10:00:00+00:00,1.083,1.08356,1.08268,1.08337,6628.0
2025-06-23 11:00:00+00:00,1.08336,1.0836,1.08288,1.08293,5459.0
2025-06-23 12:00:00+00:00,1.08298,1.0838,1.08288,1.08367,6783.0
2025-06-23 13:00:00+00:00,1.08366,1.08413,1.08268,1.08291,7849.0
2025-06-23 14:00:00+00:00,1.08286,1.08323,1.08128,1.08163,12824.0
2025-06-23 15:00:00+00:00,1.08164,1.08204,1.08103,1.08122,7390.0
2025-06-23 16:00:00+00:00,1.0812,1.08153,1.08062,1.08094,9554.0
2025-06-23 17:00:00+00:00,1.08094,1.0815,1.08064,1.08122,8245.0
2025-06-23 18:00:00+00:00,1.08124,1.08145,1.08042,1.08052,5129.0
2025-06-23 19:00:00+00:00,1.08052,1.08065,1.08032,1.08054,2958.0
2025-06-23 20:00:00+00:00,1.08052,1.08098,1.0804,1.08068,3198.0
2025-06-23 21:00:00+00:00,1.08095,1.08178,1.08026,1.08118,491.0
2025-06-23 22:00:00+00:00,1.08115,1.0814,1.08057,1.08132,5478.0
2025-06-23 23:00:00+00:00,1.08132,1.08132,1.08052,1.08068,6004.0
2025-06-24 00:00:00+00:00,1.08068,1.08095,1.0803,1.0806,8665.0
2025-06-24 01:00:00+00:00,1.0806,1.08129,1.08048,1.08103,9518.0
2025-06-24 02:00:00+00:00,1.08104,1.08136,1.07996,1.08036,5792.0
2025-06-24 03:00:00+00:00,1.08037,1.08088,1.07985,1.08068,5765.0
2025-06-24 04:00:00+00:00,1.08067,1.0809,1.07982,1.07994,6131.0
2025-06-24 05:00:00+00:00,1.07993,1.08054,1.07984,1.08022,5799.0
2025-06-24 06:00:00+00:00,1.08021,1.08027,1.07932,1.07954,8352.0
2025-06-24 07:00:00+00:00,1.07955,1.0801,1.07924,1.07979,8290.0
2025-06-24 08:00:00+00:00,1.07978,1.08034,1.07959,1.07974,7164.0
2025-06-24 09:00:00+00:00,1.07976,1.07977,1.07872,1.0791,5812.0
2025-06-24 10:00:00+00:00,1.0791,1.07927,1.0789,1.0792,3276.0
2025-06-24 11:00:00+00:00,1.07918,1.07928,1.07878,1.07914,4424.0
2025-06-24 12:00:00+00:00,1.0791,1.07968,1.07885,1.07966,4667.0
2025-06-24 13:00:00+00:00,1.07966,1.07986,1.07925,1.0797,6231.0
2025-06-24 14:00:00+00:00,1.07966,1.08088,1.07914,1.08032,9182.0
2025-06-24 15:00:00+00:00,1.08032,1.08047,1.07988,1.08044,6146.0
2025-06-24 16:00:00+00:00,1.08044,1.0806,1.08034,1.08048,3429.0
2025-06-24 17:00:00+00:00,1.08048,1.08087,1.08044,1.08074,2690.0
2025-06-24 18:00:00+00:00,1.08072,1.08086,1.08058,1.08079,1951.0
2025-06-24 19:00:00+00:00,1.08079,1.08094,1.0805,1.08086,2536.0
2025-06-24 20:00:00+00:00,1.08086,1.08098,1.0802,1.08038,2029.0
2025-06-24 21:00:00+00:00,1.08037,1.08056,1.08014,1.08033,1162.0
2025-06-24 22:00:00+00:00,1.08044,1.08066,1.08012,1.08036,2165.0
2025-06-24 23:00:00+00:00,1.08032,1.08058,1.07996,1.08055,2919.0
2025-06-25 00:00:00+00:00,1.08052,1.08056,1.0795,1.07954,4987.0
2025-06-25 01:00:00+00:00,1.07956,1.0801,1.07862,1.07915,8325.0
2025-06-25 02:00:00+00:00,1.07914,1.07914,1.07809,1.07832,5854.0
2025-06-25 03:00:00+00:00,1.07832,1.07834,1.077,1.07776,5203.0
2025-06-25 04:00:00+00:00,1.07775,1.07813,1.07752,1.078,4047.0
2025-06-25 05:00:00+00:00,1.078,1.07858,1.07736,1.07844,4159.0
2025-06-25 06:00:00+00:00,1.07847,1.07888,1.0782,1.07872,6607.0
2025-06-25 07:00:00+00:00,1.0787,1.07916,1.07851,1.07862,7171.0
2025-06-25 08:00:00+00:00,1.07864,1.07894,1.0784,1.0785,5860.0
2025-06-25 09:00:00+00:00,1.07852,1.07912,1.07847,1.079,5656.0
2025-06-25 10:00:00+00:00,1.07903,1.07904,1.07867,1.07901,4881.0
2025-06-25 11:00:00+00:00,1.079,1.07942,1.0788,1.07942,5779.0
2025-06-25 12:00:00+00:00,1.0794,1.07962,1.07916,1.07946,5796.0
2025-06-25 13:00:00+00:00,1.07947,1.07972,1.0783,1.07836,5693.0
2025-06-25 14:00:00+00:00,1.07838,1.07856,1.07758,1.0785,8173.0
2025-06-25 15:00:00+00:00,1.0785,1.07872,1.07817,1.07844,6013.0
2025-06-25 16:00:00+00:00,1.07846,1.07878,1.07822,1.07874,5133.0
2025-06-25 17:00:00+00:00,1.07878,1.0788,1.07849,1.07851,4124.0
2025-06-25 18:00:00+00:00,1.07852,1.07858,1.07808,1.0782,3029.0
2025-06-25 19:00:00+00:00,1.0782,1.07834,1.0779,1.0783,2920.0
2025-06-25 20:00:00+00:00,1.07828,1.07862,1.0782,1.07851,2268.0
2025-06-25 21:00:00+00:00,1.07871,1.07896,1.07791,1.07815,514.0
2025-06-25 22:00:00+00:00,1.07805,1.07857,1.07776,1.07806,1877.0
2025-06-25 23:00:00+00:00,1.07806,1.07809,1.07712,1.07726,4107.0
2025-06-26 00:00:00+00:00,1.07726,1.07802,1.077,1.07791,6142.0
2025-06-26 01:00:00+00:00,1.0779,1.07982,1.07789,1.0792,6768.0
2025-06-26 02:00:00+00:00,1.07918,1.07951,1.07783,1.07794,6196.0
2025-06-26 03:00:00+00:00,1.07794,1.07829,1.07733,1.07784,5942.0
2025-06-26 04:00:00+00:00,1.07782,1.0784,1.07748,1.0782,4942.0
2025-06-26 05:00:00+00:00,1.0782,1.07889,1.07816,1.07882,5421.0
2025-06-26 06:00:00+00:00,1.0788,1.07966,1.07876,1.0793,7954.0
2025-06-26 07:00:00+00:00,1.0793,1.0795,1.07894,1.07914,7140.0
2025-06-26 08:00:00+00:00,1.07915,1.07926,1.07838,1.07846,8521.0
2025-06-26 09:00:00+00:00,1.07847,1.07874,1.07814,1.07866,6895.0
2025-06-26 10:00:00+00:00,1.07864,1.07904,1.07848,1.07901,5059.0
2025-06-26 11:00:00+00:00,1.07902,1.07972,1.07892,1.07969,5204.0
2025-06-26 12:00:00+00:00,1.07968,1.08014,1.0793,1.08007,7131.0
2025-06-26 13:00:00+00:00,1.08004,1.08068,1.07972,1.0798,9342.0
2025-06-26 14:00:00+00:00,1.07984,1.08041,1.0794,1.07973,9066.0
2025-06-26 15:00:00+00:00,1.07972,1.08034,1.07967,1.08016,7052.0
2025-06-26 16:00:00+00:00,1.08016,1.08043,1.07999,1.08026,5351.0
2025-06-26 17:00:00+00:00,1.08027,1.08078,1.08018,1.08071,4067.0
2025-06-26 18:00:00+00:00,1.08072,1.08074,1.07996,1.08,3208.0
2025-06-26 19:00:00+00:00,1.08,1.08054,1.08,1.08048,2162.0
2025-06-26 20:00:00+00:00,1.08046,1.08082,1.08039,1.08074,2767.0
2025-06-26 21:00:00+00:00,1.08026,1.08082,1.08018,1.0807,724.0
2025-06-26 22:00:00+00:00,1.08078,1.08088,1.08052,1.08072,1453.0
2025-06-26 23:00:00+00:00,1.08071,1.08082,1.08014,1.0805,2403.0
2025-06-27 00:00:00+00:00,1.08048,1.08071,1.08,1.08035,6017.0
2025-06-27 01:00:00+00:00,1.08033,1.08036,1.0797,1.08025,6586.0
2025-06-27 02:00:00+00:00,1.08026,1.08042,1.07938,1.0795,4427.0
2025-06-27 03:00:00+00:00,1.07948,1.08005,1.07908,1.07932,3702.0
2025-06-27 04:00:00+00:00,1.07932,1.07985,1.07905,1.07968,3158.0
2025-06-27 05:00:00+00:00,1.07968,1.07991,1.07877,1.07888,3834.0
2025-06-27 06:00:00+00:00,1.07884,1.07942,1.07882,1.07912,5320.0
2025-06-27 07:00:00+00:00,1.0791,1.07968,1.079,1.07911,4955.0
2025-06-27 08:00:00+00:00,1.07912,1.07914,1.07869,1.07892,3793.0
2025-06-27 09:00:00+00:00,1.0789,1.07926,1.07822,1.07822,3648.0
2025-06-27 10:00:00+00:00,1.07822,1.07862,1.07812,1.07851,3735.0
2025-06-27 11:00:00+00:00,1.07852,1.07861,1.07812,1.07825,3775.0
2025-06-27 12:00:00+00:00,1.07826,1.07868,1.07823,1.07836,6453.0
2025-06-27 13:00:00+00:00,1.07836,1.0789,1.0779,1.07803,6840.0
2025-06-27 14:00:00+00:00,1.078,1.07838,1.07732,1.07762,6638.0
2025-06-27 15:00:00+00:00,1.07762,1.07839,1.07758,1.07804,4900.0
2025-06-27 16:00:00+00:00,1.07804,1.07809,1.07778,1.07786,3918.0
2025-06-27 17:00:00+00:00,1.07785,1.07832,1.07758,1.07786,5653.0
2025-06-27 18:00:00+00:00,1.07786,1.0782,1.07776,1.07811,6464.0
2025-06-27 19:00:00+00:00,1.0781,1.07824,1.07773,1.07804,3917.0
2025-06-27 20:00:00+00:00,1.07805,1.07861,1.0779,1.07854,2611.0
2025-06-29 21:00:00+00:00,1.07904,1.0804,1.07884,1.07916,299.0
2025-06-29 22:00:00+00:00,1.07906,1.07918,1.07765,1.0777,3512.0
2025-06-29 23:00:00+00:00,1.07771,1.07776,1.077,1.07752,3270.0
2025-06-30 00:00:00+00:00,1.0775,1.07758,1.07673,1.07687,5584.0
2025-06-30 01:00:00+00:00,1.07686,1.07712,1.07641,1.0768,5602.0
2025-06-30 02:00:00+00:00,1.07678,1.07743,1.07654,1.07738,4852.0
2025-06-30 03:00:00+00:00,1.07738,1.07748,1.07676,1.07704,2794.0
2025-06-30 04:00:00+00:00,1.07703,1.07742,1.07703,1.07724,2808.0
2025-06-30 05:00:00+00:00,1.07725,1.07728,1.0764,1.07675,4110.0
2025-06-30 06:00:00+00:00,1.07678,1.07678,1.0762,1.07633,5403.0
2025-06-30 07:00:00+00:00,1.07634,1.07744,1.07624,1.0773,6408.0
2025-06-30 08:00:00+00:00,1.07732,1.07749,1.0771,1.07726,4863.0
2025-06-30 09:00:00+00:00,1.07726,1.07738,1.07676,1.07678,4618.0
2025-06-30 10:00:00+00:00,1.07678,1.07741,1.07674,1.07726,3774.0
2025-06-30 11:00:00+00:00,1.07727,1.07759,1.0772,1.07748,3800.0
2025-06-30 12:00:00+00:00,1.07745,1.07794,1.07717,1.07788,4118.0
2025-06-30 13:00:00+00:00,1.0779,1.07886,1.07785,1.0787,4722.0
2025-06-30 14:00:00+00:00,1.0787,1.0798,1.07758,1.07946,7688.0
2025-06-30 15:00:00+00:00,1.07944,1.07957,1.07894,1.07916,7790.0
2025-06-30 16:00:00+00:00,1.07918,1.07948,1.07898,1.07924,3638.0
2025-06-30 17:00:00+00:00,1.07924,1.07962,1.07914,1.07948,3357.0
2025-06-30 18:00:00+00:00,1.07952,1.07976,1.0793,1.07951,2940.0
2025-06-30 19:00:00+00:00,1.07951,1.07972,1.07935,1.07965,2287.0
2025-06-30 20:00:00+00:00,1.07968,1.0797,1.07932,1.07936,1926.0
2025-06-30 21:00:00+00:00,1.07914,1.07986,1.07894,1.0798,1334.0
2025-06-30 22:00:00+00:00,1.07976,1.08004,1.07964,1.07986,1236.0
2025-06-30 23:00:00+00:00,1.07983,1.08,1.07948,1.07962,1748.0
2025-07-01 00:00:00+00:00,1.07964,1.07973,1.07904,1.07921,3193.0
2025-07-01 01:00:00+00:00,1.0792,1.07936,1.0784,1.07862,4888.0
2025-07-01 02:00:00+00:00,1.07864,1.07902,1.07848,1.07899,3196.0
2025-07-01 03:00:00+00:00,1.07899,1.07926,1.07876,1.07912,2830.0
2025-07-01 04:00:00+00:00,1.07911,1.07926,1.07858,1.07877,2991.0
2025-07-01 05:00:00+00:00,1.07878,1.07881,1.07832,1.0786,3115.0
2025-07-01 06:00:00+00:00,1.07863,1.07876,1.07812,1.07838,4389.0
2025-07-01 07:00:00+00:00,1.0784,1.07857,1.07746,1.07758,5374.0
2025-07-01 08:00:00+00:00,1.07762,1.07791,1.07684,1.07715,4447.0
2025-07-01 09:00:00+00:00,1.07716,1.07732,1.0767,1.07691,4323.0
2025-07-01 10:00:00+00:00,1.07692,1.07711,1.07663,1.07691,3311.0
2025-07-01 11:00:00+00:00,1.0769,1.07738,1.07684,1.0773,3635.0
2025-07-01 12:00:00+00:00,1.07731,1.07768,1.07726,1.07754,4614.0
2025-07-01 13:00:00+00:00,1.07754,1.07823,1.07732,1.07804,5697.0
2025-07-01 14:00:00+00:00,1.07791,1.07902,1.07782,1.07872,9162.0
2025-07-01 15:00:00+00:00,1.07875,1.07956,1.07865,1.0795,6097.0
2025-07-01 16:00:00+00:00,1.07952,1.0798,1.0795,1.07956,3937.0
2025-07-01 17:00:00+00:00,1.07955,1.07963,1.07921,1.07955,2661.0
2025-07-01 18:00:00+00:00,1.07954,1.07962,1.0792,1.07944,1752.0
2025-07-01 19:00:00+00:00,1.07944,1.07965,1.07901,1.07934,1933.0
2025-07-01 20:00:00+00:00,1.07934,1.07962,1.07922,1.07948,1750.0
2025-07-01 21:00:00+00:00,1.07857,1.07956,1.07834,1.07894,1360.0
2025-07-01 22:00:00+00:00,1.07882,1.07926,1.07868,1.07879,1330.0
2025-07-01 23:00:00+00:00,1.07881,1.07897,1.0786,1.07872,1551.0
2025-07-02 00:00:00+00:00,1.07876,1.07887,1.07805,1.07806,3979.0
2025-07-02 01:00:00+00:00,1.07806,1.07826,1.07764,1.078,4859.0
2025-07-02 02:00:00+00:00,1.07803,1.07806,1.07766,1.07786,2946.0
2025-07-02 03:00:00+00:00,1.07788,1.07832,1.0777,1.07824,3038.0
2025-07-02 04:00:00+00:00,1.07823,1.07868,1.07804,1.0783,2287.0
2025-07-02 05:00:00+00:00,1.0783,1.07918,1.0783,1.07914,2622.0
2025-07-02 06:00:00+00:00,1.07914,1.07968,1.07908,1.07957,3903.0
2025-07-02 07:00:00+00:00,1.07959,1.08014,1.07938,1.07948,4995.0
2025-07-02 08:00:00+00:00,1.0795,1.08047,1.07928,1.08036,3462.0
2025-07-02 09:00:00+00:00,1.08034,1.08104,1.08022,1.08092,3836.0
2025-07-02 10:00:00+00:00,1.08092,1.08119,1.08075,1.081,2855.0
2025-07-02 11:00:00+00:00,1.08102,1.08175,1.08098,1.08146,4256.0
2025-07-02 12:00:00+00:00,1.08146,1.08209,1.08118,1.0819,11684.0
2025-07-02 13:00:00+00:00,1.08191,1.08213,1.08144,1.08184,9289.0
2025-07-02 14:00:00+00:00,1.08185,1.0819,1.08112,1.08158,8300.0
2025-07-02 15:00:00+00:00,1.08159,1.08194,1.0813,1.08144,5577.0
2025-07-02 16:00:00+00:00,1.08145,1.08168,1.08129,1.08158,4146.0
2025-07-02 17:00:00+00:00,1.0816,1.08164,1.08121,1.08147,3720.0
2025-07-02 18:00:00+00:00,1.08146,1.08158,1.08036,1.08132,2861.0
2025-07-02 19:00:00+00:00,1.08132,1.08162,1.0811,1.08137,2315.0
2025-07-02 20:00:00+00:00,1.08138,1.08194,1.08121,1.08134,2080.0
2025-07-02 21:00:00+00:00,1.0809,1.08182,1.08084,1.08156,808.0
2025-07-02 22:00:00+00:00,1.0816,1.0819,1.08102,1.08124,1181.0
2025-07-02 23:00:00+00:00,1.08124,1.08154,1.08103,1.08103,2090.0
2025-07-03 00:00:00+00:00,1.08106,1.08116,1.0802,1.08057,6410.0
2025-07-03 01:00:00+00:00,1.0806,1.08108,1.0806,1.08103,6592.0
2025-07-03 02:00:00+00:00,1.08104,1.08176,1.08074,1.0816,4299.0
2025-07-03 03:00:00+00:00,1.08162,1.0825,1.0816,1.08246,3089.0
2025-07-03 04:00:00+00:00,1.08248,1.0826,1.08206,1.08237,4328.0
2025-07-03 05:00:00+00:00,1.08238,1.08244,1.08188,1.08232,3600.0
2025-07-03 06:00:00+00:00,1.08232,1.0829,1.082,1.08268,5101.0
2025-07-03 07:00:00+00:00,1.0827,1.08294,1.0819,1.08283,5849.0
2025-07-03 08:00:00+00:00,1.08282,1.08291,1.08226,1.08238,5734.0
2025-07-03 09:00:00+00:00,1.08238,1.0829,1.08234,1.0829,4861.0
2025-07-03 10:00:00+00:00,1.08289,1.08302,1.08262,1.08276,4057.0
2025-07-03 11:00:00+00:00,1.08276,1.0834,1.08269,1.08332,4737.0
2025-07-03 12:00:00+00:00,1.08332,1.08461,1.08316,1.08358,12906.0
2025-07-03 13:00:00+00:00,1.08357,1.08458,1.08258,1.08263,10771.0
2025-07-03 14:00:00+00:00,1.08263,1.08357,1.0824,1.08334,10068.0
2025-07-03 15:00:00+00:00,1.08335,1.08358,1.08314,1.08345,6052.0
2025-07-03 16:00:00+00:00,1.08346,1.0836,1.083,1.08302,3609.0
2025-07-03 17:00:00+00:00,1.08302,1.08339,1.0829,1.08322,1366.0
2025-07-03 18:00:00+00:00,1.0832,1.0833,1.08298,1.08318,901.0
2025-07-03 19:00:00+00:00,1.08318,1.08326,1.08291,1.08306,701.0
2025-07-03 20:00:00+00:00,1.08306,1.0831,1.08246,1.08256,1946.0
2025-07-03 21:00:00+00:00,1.08273,1.08352,1.08212,1.08282,1043.0
2025-07-03 22:00:00+00:00,1.08284,1.08289,1.08241,1.08271,1666.0
2025-07-03 23:00:00+00:00,1.0827,1.0828,1.08181,1.08188,2345.0
2025-07-04 00:00:00+00:00,1.08188,1.08202,1.08132,1.08166,4553.0
2025-07-04 01:00:00+00:00,1.08166,1.0828,1.08148,1.08232,5792.0
2025-07-04 02:00:00+00:00,1.08232,1.08264,1.08208,1.08246,4179.0
2025-07-04 03:00:00+00:00,1.08246,1.08246,1.08172,1.08235,3428.0
2025-07-04 04:00:00+00:00,1.08234,1.08251,1.0821,1.08222,3457.0
2025-07-04 05:00:00+00:00,1.0822,1.08258,1.08216,1.08236,4133.0
2025-07-04 06:00:00+00:00,1.08232,1.08252,1.08131,1.08166,4449.0
2025-07-04 07:00:00+00:00,1.08168,1.08186,1.08109,1.08156,6138.0
2025-07-04 08:00:00+00:00,1.08152,1.08161,1.08098,1.08136,4063.0
2025-07-04 09:00:00+00:00,1.08138,1.08145,1.08108,1.08132,3553.0
2025-07-04 10:00:00+00:00,1.08132,1.08155,1.08125,1.08148,3270.0
2025-07-04 11:00:00+00:00,1.08149,1.08181,1.08127,1.08172,3157.0
2025-07-04 12:00:00+00:00,1.08172,1.08175,1.08117,1.08144,3663.0
2025-07-04 13:00:00+00:00,1.08145,1.08178,1.08132,1.08161,3581.0
2025-07-04 14:00:00+00:00,1.08162,1.0822,1.08107,1.0821,4609.0
2025-07-04 15:00:00+00:00,1.08209,1.0823,1.08177,1.08188,2880.0
2025-07-04 16:00:00+00:00,1.08188,1.08198,1.08166,1.08188,1909.0
2025-07-04 17:00:00+00:00,1.08194,1.08202,1.08148,1.08181,5996.0
2025-07-04 18:00:00+00:00,1.08184,1.08218,1.08166,1.08186,7429.0
2025-07-04 19:00:00+00:00,1.08186,1.08228,1.08143,1.08226,7072.0
2025-07-04 20:00:00+00:00,1.08226,1.0824,1.08106,1.08221,16776.0
2025-07-06 21:00:00+00:00,1.08299,1.08299,1.08045,1.08204,339.0
2025-07-06 22:00:00+00:00,1.08174,1.0825,1.08168,1.08186,2556.0
2025-07-06 23:00:00+00:00,1.08184,1.08292,1.08171,1.08268,2765.0
2025-07-07 00:00:00+00:00,1.0827,1.08289,1.08186,1.08257,6484.0
2025-07-07 01:00:00+00:00,1.08256,1.08288,1.08158,1.08209,7733.0
2025-07-07 02:00:00+00:00,1.0821,1.08304,1.08186,1.08274,5963.0
2025-07-07 03:00:00+00:00,1.08272,1.08274,1.08176,1.08238,5624.0
2025-07-07 04:00:00+00:00,1.08236,1.08262,1.08178,1.08222,5013.0
2025-07-07 05:00:00+00:00,1.08222,1.08264,1.0816,1.0824,5943.0
2025-07-07 06:00:00+00:00,1.08241,1.08305,1.08213,1.08263,5966.0
2025-07-07 07:00:00+00:00,1.08264,1.08318,1.08243,1.08316,6890.0
2025-07-07 08:00:00+00:00,1.08315,1.08347,1.0828,1.08327,5364.0
2025-07-07 09:00:00+00:00,1.08326,1.08354,1.08262,1.08314,5065.0
2025-07-07 10:00:00+00:00,1.08315,1.08335,1.083,1.08314,4071.0
2025-07-07 11:00:00+00:00,1.08316,1.08376,1.08304,1.08336,3414.0
2025-07-07 12:00:00+00:00,1.08335,1.08445,1.0833,1.08426,5740.0
2025-07-07 13:00:00+00:00,1.08426,1.0845,1.08314,1.08322,6142.0
2025-07-07 14:00:00+00:00,1.08321,1.08364,1.0829,1.08302,6081.0
2025-07-07 15:00:00+00:00,1.08302,1.08348,1.08291,1.08304,4684.0
2025-07-07 16:00:00+00:00,1.08308,1.08322,1.08271,1.08287,8138.0
2025-07-07 17:00:00+00:00,1.08288,1.08295,1.0825,1.08265,5458.0
2025-07-07 18:00:00+00:00,1.08266,1.08294,1.08258,1.08288,4086.0
2025-07-07 19:00:00+00:00,1.08288,1.08314,1.08272,1.08294,2912.0
2025-07-07 20:00:00+00:00,1.08294,1.0832,1.08275,1.08289,1822.0
2025-07-07 21:00:00+00:00,1.08251,1.08323,1.08226,1.08228,1125.0
2025-07-07 22:00:00+00:00,1.08227,1.08291,1.08224,1.08272,2204.0
2025-07-07 23:00:00+00:00,1.0827,1.08312,1.08251,1.08305,2541.0
2025-07-08 00:00:00+00:00,1.08306,1.08383,1.08262,1.08366,5995.0
2025-07-08 01:00:00+00:00,1.08366,1.08393,1.08292,1.08315,5444.0
2025-07-08 02:00:00+00:00,1.08314,1.0833,1.0826,1.08282,3995.0
2025-07-08 03:00:00+00:00,1.08282,1.08308,1.08266,1.08305,2774.0
2025-07-08 04:00:00+00:00,1.08306,1.08714,1.08271,1.08698,7413.0
2025-07-08 05:00:00+00:00,1.08697,1.08763,1.08566,1.08692,7249.0
2025-07-08 06:00:00+00:00,1.08692,1.0873,1.08612,1.08617,7492.0
2025-07-08 07:00:00+00:00,1.08616,1.08647,1.08561,1.08578,5223.0
2025-07-08 08:00:00+00:00,1.08578,1.08678,1.08566,1.08674,4331.0
2025-07-08 09:00:00+00:00,1.08674,1.08752,1.08654,1.08734,3407.0
2025-07-08 10:00:00+00:00,1.08736,1.08778,1.08722,1.08767,3608.0
2025-07-08 11:00:00+00:00,1.08766,1.08782,1.08756,1.08779,2457.0
2025-07-08 12:00:00+00:00,1.08778,1.08856,1.08765,1.08842,4252.0
2025-07-08 13:00:00+00:00,1.08842,1.08866,1.08724,1.08828,6423.0
2025-07-08 14:00:00+00:00,1.08826,1.08894,1.08792,1.08888,7719.0
2025-07-08 15:00:00+00:00,1.08888,1.08914,1.08858,1.08859,6286.0
2025-07-08 16:00:00+00:00,1.08857,1.08864,1.0883,1.08841,6935.0
2025-07-08 17:00:00+00:00,1.08839,1.08852,1.0879,1.08806,7907.0
2025-07-08 18:00:00+00:00,1.08808,1.08836,1.08778,1.08827,4184.0
2025-07-08 19:00:00+00:00,1.08827,1.08872,1.08827,1.08847,2565.0
2025-07-08 20:00:00+00:00,1.08848,1.08879,1.08848,1.08866,2329.0
2025-07-08 21:00:00+00:00,1.08862,1.08901,1.0875,1.08834,910.0
2025-07-08 22:00:00+00:00,1.08828,1.0887,1.08804,1.08868,2121.0
2025-07-08 23:00:00+00:00,1.08868,1.08906,1.08858,1.08868,2622.0
2025-07-09 00:00:00+00:00,1.08867,1.08986,1.0885,1.08932,5441.0
2025-07-09 01:00:00+00:00,1.08932,1.09004,1.08821,1.08854,7302.0
2025-07-09 02:00:00+00:00,1.08852,1.08961,1.0868,1.08887,8209.0
2025-07-09 03:00:00+00:00,1.08888,1.08976,1.08884,1.08973,5110.0
2025-07-09 04:00:00+00:00,1.08972,1.08996,1.08892,1.08898,4465.0
2025-07-09 05:00:00+00:00,1.08902,1.0902,1.08868,1.08878,4707.0
2025-07-09 06:00:00+00:00,1.08883,1.08906,1.08826,1.089,5904.0
2025-07-09 07:00:00+00:00,1.089,1.08908,1.08856,1.08874,6806.0
2025-07-09 08:00:00+00:00,1.08873,1.08906,1.08815,1.08836,6336.0
2025-07-09 09:00:00+00:00,1.08836,1.08883,1.08831,1.08876,5361.0
2025-07-09 10:00:00+00:00,1.08874,1.08908,1.0885,1.08874,4656.0
2025-07-09 11:00:00+00:00,1.08874,1.08946,1.08874,1.08926,5087.0
2025-07-09 12:00:00+00:00,1.08926,1.09004,1.08908,1.08976,6219.0
2025-07-09 13:00:00+00:00,1.08975,1.09041,1.08958,1.08996,8002.0
2025-07-09 14:00:00+00:00,1.08996,1.0903,1.08955,1.09008,8339.0
2025-07-09 15:00:00+00:00,1.09011,1.09019,1.08958,1.09004,5916.0
2025-07-09 16:00:00+00:00,1.09004,1.0902,1.08976,1.09013,3313.0
2025-07-09 17:00:00+00:00,1.09016,1.0905,1.0897,1.09032,3509.0
2025-07-09 18:00:00+00:00,1.09034,1.09046,1.08958,1.08984,3486.0
2025-07-09 19:00:00+00:00,1.08984,1.08984,1.08896,1.08926,2374.0
2025-07-09 20:00:00+00:00,1.08926,1.08969,1.08918,1.08932,2109.0
2025-07-09 21:00:00+00:00,1.08863,1.08932,1.08787,1.0889,1509.0
2025-07-09 22:00:00+00:00,1.08878,1.0897,1.08878,1.08958,2038.0
2025-07-09 23:00:00+00:00,1.08956,1.08987,1.08948,1.08952,2050.0
2025-07-10 00:00:00+00:00,1.0895,1.08986,1.08921,1.08954,6608.0
2025-07-10 01:00:00+00:00,1.08955,1.08976,1.08915,1.08934,5156.0
2025-07-10 02:00:00+00:00,1.08936,1.09031,1.08924,1.09018,3595.0
2025-07-10 03:00:00+00:00,1.09015,1.09032,1.08969,1.08982,2962.0
2025-07-10 04:00:00+00:00,1.08982,1.08992,1.08946,1.08955,2925.0
2025-07-10 05:00:00+00:00,1.08955,1.09017,1.08949,1.09012,2973.0
2025-07-10 06:00:00+00:00,1.09012,1.09035,1.08992,1.09022,4456.0
2025-07-10 07:00:00+00:00,1.09024,1.09028,1.08986,1.08992,3974.0
2025-07-10 08:00:00+00:00,1.08996,1.0905,1.08984,1.09044,2352.0
2025-07-10 09:00:00+00:00,1.09044,1.09057,1.08977,1.08982,2002.0
2025-07-10 10:00:00+00:00,1.08981,1.08994,1.08958,1.08992,2027.0
2025-07-10 11:00:00+00:00,1.08988,1.0901,1.08958,1.0896,2999.0
2025-07-10 12:00:00+00:00,1.08957,1.09049,1.08948,1.09048,4277.0
2025-07-10 13:00:00+00:00,1.0905,1.0913,1.09006,1.09084,4924.0
2025-07-10 14:00:00+00:00,1.09085,1.09207,1.09068,1.09206,6618.0
2025-07-10 15:00:00+00:00,1.09205,1.09212,1.09156,1.09168,4505.0
2025-07-10 16:00:00+00:00,1.09168,1.09175,1.09143,1.09166,3455.0
2025-07-10 17:00:00+00:00,1.09164,1.09188,1.09161,1.09173,2684.0
2025-07-10 18:00:00+00:00,1.09174,1.09208,1.09145,1.09195,2528.0
2025-07-10 19:00:00+00:00,1.09195,1.0925,1.09195,1.09221,1990.0
2025-07-10 20:00:00+00:00,1.0922,1.0923,1.09176,1.09181,1749.0
2025-07-10 21:00:00+00:00,1.09049,1.09222,1.09049,1.0915,1291.0
2025-07-10 22:00:00+00:00,1.09152,1.09182,1.09136,1.09162,1050.0
2025-07-10 23:00:00+00:00,1.09162,1.09162,1.0911,1.09148,1654.0
2025-07-11 00:00:00+00:00,1.09148,1.09203,1.0908,1.09156,11191.0
2025-07-11 01:00:00+00:00,1.09154,1.0927,1.09135,1.09202,9335.0
2025-07-11 02:00:00+00:00,1.09202,1.09309,1.09188,1.09298,5309.0
2025-07-11 03:00:00+00:00,1.093,1.09376,1.09286,1.0936,3606.0
2025-07-11 04:00:00+00:00,1.0936,1.09385,1.09321,1.09328,5036.0
2025-07-11 05:00:00+00:00,1.09328,1.09417,1.09327,1.094,5212.0
2025-07-11 06:00:00+00:00,1.094,1.09458,1.09355,1.09454,5206.0
2025-07-11 07:00:00+00:00,1.09456,1.09461,1.09304,1.09311,4943.0
2025-07-11 08:00:00+00:00,1.09311,1.09368,1.09302,1.0933,4786.0
2025-07-11 09:00:00+00:00,1.09329,1.09376,1.09315,1.09332,4170.0
2025-07-11 10:00:00+00:00,1.09332,1.09417,1.09316,1.09408,4337.0
2025-07-11 11:00:00+00:00,1.09412,1.0944,1.09392,1.09406,4217.0
2025-07-11 12:00:00+00:00,1.09403,1.09434,1.09392,1.09416,6199.0
2025-07-11 13:00:00+00:00,1.09416,1.09486,1.09406,1.09478,7449.0
2025-07-11 14:00:00+00:00,1.09478,1.09538,1.0946,1.09482,6861.0
2025-07-11 15:00:00+00:00,1.0948,1.09496,1.09437,1.09452,5581.0
2025-07-11 16:00:00+00:00,1.09454,1.09524,1.09434,1.09522,4229.0
2025-07-11 17:00:00+00:00,1.09524,1.09534,1.09494,1.09514,2968.0
2025-07-11 18:00:00+00:00,1.09515,1.09532,1.09504,1.09505,3098.0
2025-07-11 19:00:00+00:00,1.09504,1.09523,1.09488,1.0952,2958.0
2025-07-11 20:00:00+00:00,1.09518,1.09522,1.09464,1.09464,2416.0
2025-07-13 21:00:00+00:00,1.09361,1.09495,1.09281,1.09486,851.0
2025-07-13 22:00:00+00:00,1.09488,1.09498,1.09426,1.09497,3798.0
2025-07-13 23:00:00+00:00,1.09498,1.0954,1.09484,1.09486,3180.0
2025-07-14 00:00:00+00:00,1.09486,1.09586,1.0946,1.0956,6160.0
2025-07-14 01:00:00+00:00,1.0956,1.09678,1.09556,1.09653,7574.0
2025-07-14 02:00:00+00:00,1.09654,1.09709,1.0962,1.09654,4473.0
2025-07-14 03:00:00+00:00,1.09654,1.09719,1.0964,1.09701,4047.0
2025-07-14 04:00:00+00:00,1.09702,1.09727,1.09666,1.09709,4334.0
2025-07-14 05:00:00+00:00,1.0971,1.0971,1.09619,1.09683,4759.0
2025-07-14 06:00:00+00:00,1.09685,1.09696,1.09644,1.09674,4570.0
2025-07-14 07:00:00+00:00,1.09672,1.0973,1.09656,1.09712,5706.0
2025-07-14 08:00:00+00:00,1.09712,1.09733,1.09642,1.09645,5420.0
2025-07-14 09:00:00+00:00,1.09646,1.09668,1.09593,1.09644,4087.0
2025-07-14 10:00:00+00:00,1.09644,1.0965,1.09584,1.0959,4021.0
2025-07-14 11:00:00+00:00,1.09591,1.09636,1.09578,1.09623,4806.0
2025-07-14 12:00:00+00:00,1.09622,1.09634,1.09578,1.09588,5686.0
2025-07-14 13:00:00+00:00,1.09588,1.09624,1.09582,1.09616,5102.0
2025-07-14 14:00:00+00:00,1.09616,1.09696,1.09594,1.09652,6474.0
2025-07-14 15:00:00+00:00,1.09653,1.09682,1.09616,1.09668,6432.0
2025-07-14 16:00:00+00:00,1.09664,1.09697,1.09609,1.09613,5907.0
2025-07-14 17:00:00+00:00,1.09614,1.09617,1.09578,1.09578,2978.0
2025-07-14 18:00:00+00:00,1.09579,1.09602,1.0956,1.09571,2651.0
2025-07-14 19:00:00+00:00,1.09571,1.09596,1.09558,1.09579,1820.0
2025-07-14 20:00:00+00:00,1.0958,1.09596,1.09555,1.0959,1796.0
2025-07-14 21:00:00+00:00,1.09615,1.0965,1.09562,1.09645,974.0
2025-07-14 22:00:00+00:00,1.09643,1.09644,1.09572,1.0958,3918.0
2025-07-14 23:00:00+00:00,1.09579,1.09605,1.0956,1.09602,1743.0
2025-07-15 00:00:00+00:00,1.09601,1.09604,1.09518,1.09545,4273.0
2025-07-15 01:00:00+00:00,1.09543,1.09554,1.09471,1.09508,5416.0
2025-07-15 02:00:00+00:00,1.09508,1.09518,1.09471,1.09474,3897.0
2025-07-15 03:00:00+00:00,1.09476,1.09537,1.09449,1.09526,3888.0
2025-07-15 04:00:00+00:00,1.09526,1.09526,1.09458,1.09492,2944.0
2025-07-15 05:00:00+00:00,1.0949,1.09559,1.09454,1.09552,3525.0
2025-07-15 06:00:00+00:00,1.09548,1.0956,1.09489,1.09489,4407.0
2025-07-15 07:00:00+00:00,1.09488,1.09566,1.09484,1.09562,4580.0
2025-07-15 08:00:00+00:00,1.09562,1.09577,1.09492,1.09504,4087.0
2025-07-15 09:00:00+00:00,1.09508,1.09532,1.09468,1.09477,4612.0
2025-07-15 10:00:00+00:00,1.09476,1.09506,1.09451,1.09469,3738.0
2025-07-15 11:00:00+00:00,1.09468,1.0952,1.09464,1.09488,4536.0
2025-07-15 12:00:00+00:00,1.09488,1.0957,1.09449,1.09538,7213.0
2025-07-15 13:00:00+00:00,1.09538,1.09635,1.09538,1.09616,9465.0
2025-07-15 14:00:00+00:00,1.09618,1.09638,1.09558,1.09562,9892.0
2025-07-15 15:00:00+00:00,1.09563,1.09625,1.09559,1.0959,6006.0
2025-07-15 16:00:00+00:00,1.0959,1.09603,1.0955,1.0955,4127.0
2025-07-15 17:00:00+00:00,1.09551,1.0959,1.09538,1.09585,3234.0
2025-07-15 18:00:00+00:00,1.09584,1.09592,1.0956,1.0958,2089.0
2025-07-15 19:00:00+00:00,1.0958,1.09616,1.09569,1.09608,2043.0
2025-07-15 20:00:00+00:00,1.09607,1.0963,1.09566,1.09572,1400.0
2025-07-15 21:00:00+00:00,1.09572,1.09596,1.09536,1.09543,1101.0
2025-07-15 22:00:00+00:00,1.0954,1.09578,1.09532,1.09536,1058.0
2025-07-15 23:00:00+00:00,1.09537,1.0955,1.09474,1.09476,1927.0
2025-07-16 00:00:00+00:00,1.09474,1.09528,1.09422,1.09484,5125.0
2025-07-16 01:00:00+00:00,1.09484,1.09668,1.09478,1.09654,5143.0
2025-07-16 02:00:00+00:00,1.09653,1.09684,1.09596,1.09682,3368.0
2025-07-16 03:00:00+00:00,1.09682,1.0971,1.09664,1.09706,3276.0
2025-07-16 04:00:00+00:00,1.09705,1.09736,1.09661,1.09687,3118.0
2025-07-16 05:00:00+00:00,1.09688,1.097,1.09657,1.09681,3550.0
2025-07-16 06:00:00+00:00,1.09687,1.09697,1.09616,1.0968,5328.0
2025-07-16 07:00:00+00:00,1.0968,1.09752,1.09676,1.0974,4273.0
2025-07-16 08:00:00+00:00,1.09738,1.09768,1.09718,1.09747,4447.0
2025-07-16 09:00:00+00:00,1.09748,1.09779,1.09724,1.09775,4927.0
2025-07-16 10:00:00+00:00,1.09774,1.09792,1.09734,1.0974,3636.0
2025-07-16 11:00:00+00:00,1.09744,1.09762,1.09725,1.09738,3737.0
2025-07-16 12:00:00+00:00,1.09736,1.09772,1.09724,1.09745,6726.0
2025-07-16 13:00:00+00:00,1.09746,1.0986,1.09736,1.09767,6746.0
2025-07-16 14:00:00+00:00,1.09766,1.099,1.09762,1.09856,7479.0
2025-07-16 15:00:00+00:00,1.09854,1.09877,1.09724,1.09804,19481.0
2025-07-16 16:00:00+00:00,1.09804,1.09842,1.09771,1.09785,10734.0
2025-07-16 17:00:00+00:00,1.09787,1.09803,1.09747,1.09771,5352.0
2025-07-16 18:00:00+00:00,1.0977,1.09804,1.09759,1.09804,2914.0
2025-07-16 19:00:00+00:00,1.09804,1.09804,1.09762,1.09776,3113.0
2025-07-16 20:00:00+00:00,1.09776,1.09813,1.09756,1.09766,1498.0
2025-07-16 21:00:00+00:00,1.0978,1.098,1.0968,1.09784,765.0
2025-07-16 22:00:00+00:00,1.09784,1.09808,1.0974,1.09748,1702.0
2025-07-16 23:00:00+00:00,1.09749,1.09764,1.09721,1.09732,1524.0
2025-07-17 00:00:00+00:00,1.09732,1.09776,1.09704,1.09776,4435.0
2025-07-17 01:00:00+00:00,1.09772,1.0979,1.09465,1.09481,7021.0
2025-07-17 02:00:00+00:00,1.0948,1.09504,1.09385,1.09502,5015.0
2025-07-17 03:00:00+00:00,1.09501,1.0951,1.0946,1.09496,3382.0
2025-07-17 04:00:00+00:00,1.09496,1.09507,1.09466,1.09488,2498.0
2025-07-17 05:00:00+00:00,1.09489,1.09504,1.09426,1.09488,2824.0
2025-07-17 06:00:00+00:00,1.09487,1.09509,1.09358,1.09392,5849.0
2025-07-17 07:00:00+00:00,1.09392,1.09402,1.09286,1.09293,4484.0
2025-07-17 08:00:00+00:00,1.09294,1.09324,1.09233,1.09238,2769.0
2025-07-17 09:00:00+00:00,1.09238,1.09268,1.09222,1.09243,2864.0
2025-07-17 10:00:00+00:00,1.09242,1.09296,1.09225,1.09279,3021.0
2025-07-17 11:00:00+00:00,1.09278,1.09302,1.09228,1.09294,3012.0
2025-07-17 12:00:00+00:00,1.09294,1.09324,1.0927,1.09322,5397.0
2025-07-17 13:00:00+00:00,1.09322,1.09394,1.09276,1.09287,5983.0
2025-07-17 14:00:00+00:00,1.09286,1.09416,1.09286,1.09409,5712.0
2025-07-17 15:00:00+00:00,1.0941,1.0942,1.09354,1.09362,3995.0
2025-07-17 16:00:00+00:00,1.09362,1.09436,1.09358,1.09424,2926.0
2025-07-17 17:00:00+00:00,1.09424,1.09448,1.0942,1.09443,2562.0
2025-07-17 18:00:00+00:00,1.09442,1.09484,1.09439,1.09482,2904.0
2025-07-17 19:00:00+00:00,1.09482,1.09482,1.09426,1.0944,2241.0
2025-07-17 20:00:00+00:00,1.09444,1.09476,1.09374,1.09377,1881.0
2025-07-17 21:00:00+00:00,1.09356,1.09404,1.09292,1.0934,1044.0
2025-07-17 22:00:00+00:00,1.09338,1.09409,1.09319,1.09348,1385.0
2025-07-17 23:00:00+00:00,1.09348,1.09352,1.09322,1.0933,1217.0
2025-07-18 00:00:00+00:00,1.09332,1.09343,1.09263,1.09291,3616.0
2025-07-18 01:00:00+00:00,1.09292,1.09305,1.09178,1.09194,3440.0
2025-07-18 02:00:00+00:00,1.09193,1.0926,1.09159,1.09184,3524.0
2025-07-18 03:00:00+00:00,1.09185,1.0921,1.0916,1.09195,2769.0
2025-07-18 04:00:00+00:00,1.09193,1.09216,1.09158,1.0916,2284.0
2025-07-18 05:00:00+00:00,1.09159,1.09272,1.09159,1.09249,2352.0
2025-07-18 06:00:00+00:00,1.09251,1.09269,1.09216,1.09264,3102.0
2025-07-18 07:00:00+00:00,1.09268,1.09287,1.09232,1.09282,3125.0
2025-07-18 08:00:00+00:00,1.09282,1.0931,1.09258,1.09274,3682.0
2025-07-18 09:00:00+00:00,1.09274,1.09276,1.09249,1.09265,2650.0
2025-07-18 10:00:00+00:00,1.09266,1.09266,1.0917,1.0917,2802.0
2025-07-18 11:00:00+00:00,1.0917,1.09218,1.09162,1.09177,2692.0
2025-07-18 12:00:00+00:00,1.09176,1.09256,1.0917,1.0924,4256.0
2025-07-18 13:00:00+00:00,1.0924,1.09246,1.09144,1.09203,4817.0
2025-07-18 14:00:00+00:00,1.09203,1.0922,1.09158,1.09192,5993.0
2025-07-18 15:00:00+00:00,1.09192,1.09225,1.09151,1.09196,4307.0
2025-07-18 16:00:00+00:00,1.09196,1.09219,1.09153,1.09162,4149.0
2025-07-18 17:00:00+00:00,1.09165,1.0917,1.09126,1.09153,3036.0
2025-07-18 18:00:00+00:00,1.09152,1.09157,1.09105,1.0914,1656.0
2025-07-18 19:00:00+00:00,1.09138,1.09162,1.09126,1.09159,1386.0
2025-07-18 20:00:00+00:00,1.09158,1.09186,1.09134,1.09178,1576.0
2025-07-20 21:00:00+00:00,1.09142,1.09337,1.09142,1.0918,1238.0
2025-07-20 22:00:00+00:00,1.09178,1.09476,1.0909,1.0942,3843.0
2025-07-20 23:00:00+00:00,1.0941,1.09479,1.094,1.0942,2342.0
2025-07-21 00:00:00+00:00,1.0942,1.09496,1.09402,1.0946,4500.0
2025-07-21 01:00:00+00:00,1.0946,1.09502,1.09392,1.0943,4662.0
2025-07-21 02:00:00+00:00,1.0943,1.09438,1.09358,1.09374,3422.0
2025-07-21 03:00:00+00:00,1.09374,1.09402,1.09332,1.09385,2747.0
2025-07-21 04:00:00+00:00,1.09383,1.09395,1.09358,1.0936,2607.0
2025-07-21 05:00:00+00:00,1.09361,1.09366,1.09306,1.09349,3297.0
2025-07-21 06:00:00+00:00,1.09348,1.09348,1.09241,1.09266,5206.0
2025-07-21 07:00:00+00:00,1.09268,1.09318,1.09232,1.09282,4722.0
2025-07-21 08:00:00+00:00,1.0928,1.09324,1.09266,1.09276,5338.0
2025-07-21 09:00:00+00:00,1.09278,1.09336,1.09268,1.09332,4785.0
2025-07-21 10:00:00+00:00,1.0933,1.09348,1.09234,1.09244,4613.0
2025-07-21 11:00:00+00:00,1.09242,1.09277,1.09222,1.09249,5210.0
2025-07-21 12:00:00+00:00,1.0925,1.0927,1.09204,1.09242,4799.0
2025-07-21 13:00:00+00:00,1.09242,1.0927,1.09224,1.09257,5424.0
2025-07-21 14:00:00+00:00,1.09258,1.09266,1.09206,1.09224,6537.0
2025-07-21 15:00:00+00:00,1.09226,1.09264,1.09208,1.09245,4854.0
2025-07-21 16:00:00+00:00,1.09246,1.09268,1.09226,1.09242,3994.0
2025-07-21 17:00:00+00:00,1.09244,1.09262,1.09226,1.0923,2993.0
2025-07-21 18:00:00+00:00,1.0923,1.09242,1.09213,1.09227,1996.0
2025-07-21 19:00:00+00:00,1.09227,1.0927,1.09227,1.0926,2201.0
2025-07-21 20:00:00+00:00,1.09259,1.09331,1.09252,1.09324,1636.0
2025-07-21 21:00:00+00:00,1.09326,1.09356,1.09257,1.09307,997.0
2025-07-21 22:00:00+00:00,1.09309,1.09333,1.09288,1.0931,961.0
2025-07-21 23:00:00+00:00,1.09311,1.09368,1.0931,1.09359,1562.0
2025-07-22 00:00:00+00:00,1.09358,1.09437,1.09348,1.09358,5110.0
2025-07-22 01:00:00+00:00,1.09356,1.09392,1.09298,1.09359,4884.0
2025-07-22 02:00:00+00:00,1.09358,1.0943,1.0935,1.09427,3771.0
2025-07-22 03:00:00+00:00,1.09429,1.09443,1.09376,1.094,3894.0
2025-07-22 04:00:00+00:00,1.094,1.09421,1.09336,1.09376,3342.0
2025-07-22 05:00:00+00:00,1.09376,1.09468,1.09369,1.09468,4109.0
2025-07-22 06:00:00+00:00,1.09468,1.09548,1.09416,1.09518,4184.0
2025-07-22 07:00:00+00:00,1.09518,1.09582,1.09447,1.09497,4530.0
2025-07-22 08:00:00+00:00,1.09495,1.09529,1.0946,1.09514,4173.0
2025-07-22 09:00:00+00:00,1.09513,1.0952,1.09485,1.09494,3134.0
2025-07-22 10:00:00+00:00,1.09494,1.09496,1.0943,1.09443,3860.0
2025-07-22 11:00:00+00:00,1.09443,1.09472,1.09403,1.09414,4567.0
2025-07-22 12:00:00+00:00,1.09416,1.0944,1.09388,1.09414,4483.0
2025-07-22 13:00:00+00:00,1.09415,1.09466,1.09358,1.09366,6274.0
2025-07-22 14:00:00+00:00,1.09366,1.0938,1.09256,1.09294,8612.0
2025-07-22 15:00:00+00:00,1.09294,1.093,1.09204,1.0926,6519.0
2025-07-22 16:00:00+00:00,1.09256,1.09269,1.09186,1.09188,4418.0
2025-07-22 17:00:00+00:00,1.0919,1.09216,1.0918,1.09184,3364.0
2025-07-22 18:00:00+00:00,1.09184,1.09211,1.09182,1.092,2520.0
2025-07-22 19:00:00+00:00,1.092,1.09216,1.09172,1.09174,1551.0
2025-07-22 20:00:00+00:00,1.09174,1.09234,1.09173,1.09222,1592.0
2025-07-22 21:00:00+00:00,1.0926,1.0932,1.09204,1.09242,2160.0
2025-07-22 22:00:00+00:00,1.09242,1.09266,1.09196,1.09202,1189.0
2025-07-22 23:00:00+00:00,1.09203,1.09256,1.09154,1.09252,3142.0
2025-07-23 00:00:00+00:00,1.09254,1.09287,1.09169,1.09177,6140.0
2025-07-23 01:00:00+00:00,1.09178,1.09276,1.09168,1.09252,6017.0
2025-07-23 02:00:00+00:00,1.0925,1.09312,1.09242,1.09276,5101.0
2025-07-23 03:00:00+00:00,1.09276,1.09282,1.09192,1.09248,4919.0
2025-07-23 04:00:00+00:00,1.09248,1.09256,1.0913,1.0917,3287.0
2025-07-23 05:00:00+00:00,1.09171,1.09184,1.0913,1.0916,4076.0
2025-07-23 06:00:00+00:00,1.09159,1.09164,1.09071,1.09078,5894.0
2025-07-23 07:00:00+00:00,1.09078,1.09094,1.09036,1.09072,4593.0
2025-07-23 08:00:00+00:00,1.09071,1.09144,1.0905,1.09139,4063.0
2025-07-23 09:00:00+00:00,1.0914,1.0916,1.09074,1.09085,4611.0
2025-07-23 10:00:00+00:00,1.09084,1.09098,1.09052,1.09092,3537.0
2025-07-23 11:00:00+00:00,1.0909,1.09186,1.09056,1.09174,4989.0
2025-07-23 12:00:00+00:00,1.09173,1.09218,1.09154,1.09184,4773.0
2025-07-23 13:00:00+00:00,1.09182,1.09197,1.09088,1.09098,6780.0
2025-07-23 14:00:00+00:00,1.09096,1.09138,1.09067,1.09084,6138.0
2025-07-23 15:00:00+00:00,1.09084,1.09154,1.0907,1.09149,6332.0
2025-07-23 16:00:00+00:00,1.09152,1.09212,1.09138,1.09196,9102.0
2025-07-23 17:00:00+00:00,1.09196,1.092,1.09127,1.09142,6116.0
2025-07-23 18:00:00+00:00,1.09142,1.09202,1.09132,1.09196,3305.0
2025-07-23 19:00:00+00:00,1.09196,1.0922,1.09178,1.09217,2124.0
2025-07-23 20:00:00+00:00,1.09217,1.0922,1.09176,1.09214,1724.0
2025-07-23 21:00:00+00:00,1.09174,1.09227,1.0916,1.09189,1139.0
2025-07-23 22:00:00+00:00,1.09189,1.09223,1.09166,1.09182,1532.0
2025-07-23 23:00:00+00:00,1.0918,1.09188,1.09142,1.09167,2261.0
2025-07-24 00:00:00+00:00,1.09167,1.09228,1.09125,1.09199,6207.0
2025-07-24 01:00:00+00:00,1.09202,1.09206,1.09128,1.09204,8322.0
2025-07-24 02:00:00+00:00,1.09204,1.09257,1.0917,1.09176,5552.0
2025-07-24 03:00:00+00:00,1.09175,1.09318,1.09162,1.09302,5945.0
2025-07-24 04:00:00+00:00,1.09302,1.09343,1.09274,1.09328,5130.0
2025-07-24 05:00:00+00:00,1.09327,1.09376,1.0931,1.09332,6080.0
2025-07-24 06:00:00+00:00,1.0933,1.09378,1.09298,1.09348,7233.0
2025-07-24 07:00:00+00:00,1.09348,1.09375,1.09292,1.09302,7313.0
2025-07-24 08:00:00+00:00,1.09305,1.09342,1.09282,1.0932,7006.0
2025-07-24 09:00:00+00:00,1.0932,1.09387,1.09306,1.09346,6037.0
2025-07-24 10:00:00+00:00,1.09346,1.09362,1.09298,1.09344,5046.0
2025-07-24 11:00:00+00:00,1.09347,1.09362,1.09318,1.09326,4911.0
2025-07-24 12:00:00+00:00,1.09326,1.09351,1.09282,1.09308,7571.0
2025-07-24 13:00:00+00:00,1.09308,1.09336,1.09246,1.09288,9377.0
2025-07-24 14:00:00+00:00,1.09284,1.09332,1.09241,1.09304,8641.0
2025-07-24 15:00:00+00:00,1.09302,1.09326,1.09258,1.09266,6861.0
2025-07-24 16:00:00+00:00,1.09267,1.09277,1.09233,1.09234,4776.0
2025-07-24 17:00:00+00:00,1.09235,1.09248,1.09229,1.09244,3367.0
2025-07-24 18:00:00+00:00,1.09244,1.09269,1.09243,1.09262,2597.0
2025-07-24 19:00:00+00:00,1.09262,1.09276,1.09244,1.0925,2321.0
2025-07-24 20:00:00+00:00,1.0925,1.09317,1.09226,1.09294,2568.0
2025-07-24 21:00:00+00:00,1.09255,1.09362,1.09217,1.09278,947.0
2025-07-24 22:00:00+00:00,1.09274,1.0933,1.09254,1.09306,1063.0
2025-07-24 23:00:00+00:00,1.09305,1.09315,1.09234,1.0926,1888.0
2025-07-25 00:00:00+00:00,1.0926,1.09295,1.0924,1.09274,4752.0
2025-07-25 01:00:00+00:00,1.09274,1.09301,1.09216,1.0929,5568.0
2025-07-25 02:00:00+00:00,1.0929,1.0931,1.09249,1.09276,4470.0
2025-07-25 03:00:00+00:00,1.09276,1.093,1.0923,1.09233,3090.0
2025-07-25 04:00:00+00:00,1.09234,1.09254,1.09154,1.09154,4038.0
2025-07-25 05:00:00+00:00,1.09154,1.09216,1.09121,1.09156,4080.0
2025-07-25 06:00:00+00:00,1.09155,1.09244,1.09148,1.09216,5140.0
2025-07-25 07:00:00+00:00,1.09214,1.09322,1.0921,1.09316,6202.0
2025-07-25 08:00:00+00:00,1.09316,1.09333,1.0927,1.09283,5626.0
2025-07-25 09:00:00+00:00,1.09284,1.0929,1.0919,1.09198,4774.0
2025-07-25 10:00:00+00:00,1.09199,1.09204,1.09168,1.09174,3241.0
2025-07-25 11:00:00+00:00,1.09172,1.09214,1.0917,1.09186,4292.0
2025-07-25 12:00:00+00:00,1.09184,1.09246,1.0918,1.0924,4800.0
2025-07-25 13:00:00+00:00,1.0924,1.09251,1.09142,1.09152,8972.0
2025-07-25 14:00:00+00:00,1.0915,1.09197,1.0915,1.09182,7630.0
2025-07-25 15:00:00+00:00,1.09182,1.09199,1.09128,1.09135,5757.0
2025-07-25 16:00:00+00:00,1.09134,1.09178,1.0913,1.09155,4285.0
2025-07-25 17:00:00+00:00,1.09154,1.09174,1.09146,1.0915,2933.0
2025-07-25 18:00:00+00:00,1.0915,1.09156,1.09128,1.0914,2867.0
2025-07-25 19:00:00+00:00,1.09138,1.09152,1.0912,1.09126,2052.0
2025-07-25 20:00:00+00:00,1.09127,1.09149,1.09104,1.09135,1927.0
2025-07-27 21:00:00+00:00,1.09348,1.09348,1.0921,1.09243,735.0
2025-07-27 22:00:00+00:00,1.09244,1.09248,1.09153,1.09186,2090.0
2025-07-27 23:00:00+00:00,1.09186,1.09191,1.09159,1.09176,2127.0
2025-07-28 00:00:00+00:00,1.09178,1.09217,1.09154,1.09197,5753.0
2025-07-28 01:00:00+00:00,1.09198,1.09254,1.09144,1.09242,5690.0
2025-07-28 02:00:00+00:00,1.09242,1.0927,1.09198,1.09204,4476.0
2025-07-28 03:00:00+00:00,1.092,1.09248,1.09193,1.09204,3426.0
2025-07-28 04:00:00+00:00,1.09202,1.09244,1.09196,1.09244,3480.0
2025-07-28 05:00:00+00:00,1.09246,1.09254,1.09214,1.09244,3317.0
2025-07-28 06:00:00+00:00,1.09244,1.09246,1.09162,1.09168,5638.0
2025-07-28 07:00:00+00:00,1.09168,1.09236,1.09108,1.0922,7639.0
2025-07-28 08:00:00+00:00,1.0922,1.0922,1.09116,1.09146,5986.0
2025-07-28 09:00:00+00:00,1.09146,1.09206,1.0914,1.0919,6196.0
2025-07-28 10:00:00+00:00,1.09185,1.0923,1.09166,1.09189,5303.0
2025-07-28 11:00:00+00:00,1.09189,1.09224,1.0913,1.0916,5950.0
2025-07-28 12:00:00+00:00,1.0916,1.09175,1.09126,1.09172,6894.0
2025-07-28 13:00:00+00:00,1.0917,1.09187,1.09096,1.0911,7513.0
2025-07-28 14:00:00+00:00,1.09108,1.09171,1.09082,1.0916,7338.0
2025-07-28 15:00:00+00:00,1.0916,1.09169,1.09108,1.09129,5672.0
2025-07-28 16:00:00+00:00,1.09131,1.09154,1.09116,1.09128,3435.0
2025-07-28 17:00:00+00:00,1.09128,1.09164,1.09124,1.09153,3436.0
2025-07-28 18:00:00+00:00,1.09152,1.09178,1.09145,1.0917,3272.0
2025-07-28 19:00:00+00:00,1.0917,1.09209,1.0917,1.09202,2128.0
2025-07-28 20:00:00+00:00,1.092,1.09228,1.0918,1.09224,2453.0
2025-07-28 21:00:00+00:00,1.09155,1.09274,1.09142,1.09259,953.0
2025-07-28 22:00:00+00:00,1.0926,1.0926,1.09206,1.0923,1632.0
2025-07-28 23:00:00+00:00,1.09228,1.0924,1.09208,1.09208,1305.0
2025-07-29 00:00:00+00:00,1.09208,1.09242,1.09154,1.09236,5517.0
2025-07-29 01:00:00+00:00,1.09237,1.09278,1.09186,1.09264,6162.0
2025-07-29 02:00:00+00:00,1.09265,1.09272,1.09216,1.0926,4806.0
2025-07-29 03:00:00+00:00,1.09261,1.09279,1.09232,1.09256,5084.0
2025-07-29 04:00:00+00:00,1.09257,1.09307,1.09256,1.0929,4042.0
2025-07-29 05:00:00+00:00,1.09292,1.09305,1.09254,1.09293,4160.0
2025-07-29 06:00:00+00:00,1.09292,1.09346,1.09228,1.09296,7416.0
2025-07-29 07:00:00+00:00,1.09294,1.09349,1.0926,1.09332,7604.0
2025-07-29 08:00:00+00:00,1.09335,1.09344,1.0929,1.09308,6888.0
2025-07-29 09:00:00+00:00,1.09309,1.09375,1.09305,1.09318,5371.0
2025-07-29 10:00:00+00:00,1.09319,1.09334,1.09277,1.0929,5150.0
2025-07-29 11:00:00+00:00,1.0929,1.09298,1.09253,1.09266,6801.0
2025-07-29 12:00:00+00:00,1.09266,1.09293,1.09256,1.09293,6352.0
2025-07-29 13:00:00+00:00,1.09292,1.09392,1.09284,1.09364,7255.0
2025-07-29 14:00:00+00:00,1.09362,1.09366,1.09258,1.09347,10487.0
2025-07-29 15:00:00+00:00,1.09347,1.0936,1.09278,1.09308,7329.0
2025-07-29 16:00:00+00:00,1.09308,1.09375,1.09308,1.09364,4753.0
2025-07-29 17:00:00+00:00,1.09362,1.09388,1.09334,1.09378,4529.0
2025-07-29 18:00:00+00:00,1.09379,1.09386,1.09357,1.09369,2902.0
2025-07-29 19:00:00+00:00,1.09369,1.09376,1.0933,1.09346,2309.0
2025-07-29 20:00:00+00:00,1.09346,1.09372,1.0932,1.09327,1808.0
2025-07-29 21:00:00+00:00,1.09349,1.09394,1.09314,1.09358,1837.0
2025-07-29 22:00:00+00:00,1.09361,1.09396,1.09323,1.09393,1223.0
2025-07-29 23:00:00+00:00,1.09394,1.09397,1.09357,1.0938,1686.0
2025-07-30 00:00:00+00:00,1.09381,1.09382,1.09326,1.09368,5763.0
2025-07-30 01:00:00+00:00,1.09366,1.09376,1.09098,1.09238,8576.0
2025-07-30 02:00:00+00:00,1.09239,1.09257,1.09206,1.0925,5959.0
2025-07-30 03:00:00+00:00,1.09251,1.09269,1.09198,1.0926,5284.0
2025-07-30 04:00:00+00:00,1.0926,1.0927,1.09184,1.09226,3505.0
2025-07-30 05:00:00+00:00,1.09227,1.09234,1.09176,1.0923,5170.0
2025-07-30 06:00:00+00:00,1.09232,1.09256,1.0918,1.09191,5275.0
2025-07-30 07:00:00+00:00,1.0919,1.09193,1.0914,1.09148,5665.0
2025-07-30 08:00:00+00:00,1.0915,1.09164,1.09118,1.09124,5462.0
2025-07-30 09:00:00+00:00,1.09122,1.09128,1.09093,1.09118,5149.0
2025-07-30 10:00:00+00:00,1.09122,1.0917,1.09114,1.09124,5483.0
2025-07-30 11:00:00+00:00,1.09124,1.09131,1.09096,1.09111,5757.0
2025-07-30 12:00:00+00:00,1.09111,1.09155,1.09081,1.09122,8004.0
2025-07-30 13:00:00+00:00,1.0912,1.09144,1.0907,1.09142,9620.0
2025-07-30 14:00:00+00:00,1.09144,1.09183,1.09114,1.09146,8631.0
2025-07-30 15:00:00+00:00,1.09146,1.09156,1.091,1.09136,5606.0
2025-07-30 16:00:00+00:00,1.09136,1.09154,1.09123,1.09144,3775.0
2025-07-30 17:00:00+00:00,1.09142,1.0915,1.09103,1.0912,3004.0
2025-07-30 18:00:00+00:00,1.0911,1.09168,1.09084,1.09118,12572.0
2025-07-30 19:00:00+00:00,1.09118,1.09163,1.0909,1.09146,9609.0
2025-07-30 20:00:00+00:00,1.09145,1.0922,1.09106,1.09141,4357.0
2025-07-30 21:00:00+00:00,1.09156,1.09195,1.0912,1.0918,984.0
2025-07-30 22:00:00+00:00,1.09179,1.09194,1.09132,1.09152,2670.0
2025-07-30 23:00:00+00:00,1.09152,1.0916,1.09102,1.09106,2375.0
2025-07-31 00:00:00+00:00,1.09108,1.0913,1.09045,1.0909,5695.0
2025-07-31 01:00:00+00:00,1.0909,1.0924,1.09049,1.09222,6226.0
2025-07-31 02:00:00+00:00,1.09222,1.09226,1.09113,1.09126,4667.0
2025-07-31 03:00:00+00:00,1.09126,1.09176,1.09107,1.09144,4650.0
2025-07-31 04:00:00+00:00,1.09144,1.09182,1.09092,1.09143,5918.0
2025-07-31 05:00:00+00:00,1.09142,1.0918,1.09083,1.09088,4260.0
2025-07-31 06:00:00+00:00,1.09088,1.09123,1.09046,1.09118,5144.0
2025-07-31 07:00:00+00:00,1.0912,1.09206,1.09104,1.0919,5725.0
2025-07-31 08:00:00+00:00,1.0919,1.09225,1.09171,1.09198,6164.0
2025-07-31 09:00:00+00:00,1.09196,1.09223,1.0917,1.09194,5824.0
2025-07-31 10:00:00+00:00,1.09194,1.09198,1.09118,1.09118,5091.0
2025-07-31 11:00:00+00:00,1.09118,1.0915,1.09088,1.09094,4564.0
2025-07-31 12:00:00+00:00,1.09097,1.09145,1.09082,1.09131,5844.0
2025-07-31 13:00:00+00:00,1.0913,1.09214,1.09116,1.09206,7496.0
2025-07-31 14:00:00+00:00,1.09207,1.09208,1.09046,1.09078,8698.0
2025-07-31 15:00:00+00:00,1.09082,1.0912,1.09054,1.09091,6700.0
2025-07-31 16:00:00+00:00,1.09091,1.09118,1.09077,1.09096,4979.0
2025-07-31 17:00:00+00:00,1.09095,1.09104,1.09066,1.09101,4008.0
2025-07-31 18:00:00+00:00,1.091,1.09118,1.09085,1.09103,3110.0
2025-07-31 19:00:00+00:00,1.09103,1.09116,1.09074,1.09088,2779.0
2025-07-31 20:00:00+00:00,1.09092,1.09108,1.09076,1.09098,3252.0
2025-07-31 21:00:00+00:00,1.09127,1.09131,1.09041,1.09101,1223.0
2025-07-31 22:00:00+00:00,1.09105,1.09133,1.0907,1.09116,3042.0
2025-07-31 23:00:00+00:00,1.09113,1.09234,1.09105,1.09186,4010.0
2025-08-01 00:00:00+00:00,1.09184,1.09224,1.09144,1.09186,7627.0
2025-08-01 01:00:00+00:00,1.09187,1.09394,1.09172,1.09392,7886.0
2025-08-01 02:00:00+00:00,1.09392,1.09414,1.09324,1.09409,5573.0
2025-08-01 03:00:00+00:00,1.0941,1.09435,1.09384,1.0942,4683.0
2025-08-01 04:00:00+00:00,1.09418,1.09442,1.0941,1.09426,4036.0
2025-08-01 05:00:00+00:00,1.09425,1.09486,1.094,1.09412,4537.0
2025-08-01 06:00:00+00:00,1.09413,1.09524,1.09401,1.09514,5657.0
2025-08-01 07:00:00+00:00,1.09514,1.0958,1.09469,1.0957,6538.0
2025-08-01 08:00:00+00:00,1.09572,1.09604,1.09516,1.09524,4989.0
2025-08-01 09:00:00+00:00,1.0952,1.09575,1.09466,1.09531,5474.0
2025-08-01 10:00:00+00:00,1.0953,1.09586,1.09512,1.09557,4716.0
2025-08-01 11:00:00+00:00,1.09556,1.09586,1.09531,1.09542,4930.0
2025-08-01 12:00:00+00:00,1.0954,1.09648,1.09448,1.09457,13728.0
2025-08-01 13:00:00+00:00,1.09458,1.09552,1.09416,1.09451,14651.0
2025-08-01 14:00:00+00:00,1.09464,1.09546,1.09337,1.0947,13684.0
2025-08-01 15:00:00+00:00,1.09471,1.09504,1.09392,1.09416,7216.0
2025-08-01 16:00:00+00:00,1.0942,1.0944,1.0931,1.09314,4681.0
2025-08-01 17:00:00+00:00,1.09316,1.0937,1.09278,1.09362,4218.0
2025-08-01 18:00:00+00:00,1.09362,1.09363,1.09272,1.09274,2615.0
2025-08-01 19:00:00+00:00,1.09273,1.09302,1.09238,1.09264,5130.0
2025-08-01 20:00:00+00:00,1.09262,1.0937,1.09256,1.09324,5233.0
2025-08-03 21:00:00+00:00,1.0933,1.09468,1.0933,1.09336,730.0
2025-08-03 22:00:00+00:00,1.09335,1.09456,1.0929,1.09426,2969.0
2025-08-03 23:00:00+00:00,1.09426,1.09426,1.09362,1.09378,3273.0
2025-08-04 00:00:00+00:00,1.09378,1.09546,1.09374,1.09524,7125.0
2025-08-04 01:00:00+00:00,1.0952,1.09588,1.09474,1.09483,7416.0
2025-08-04 02:00:00+00:00,1.09479,1.0953,1.09471,1.09519,4284.0
2025-08-04 03:00:00+00:00,1.0952,1.09538,1.09474,1.09527,3883.0
2025-08-04 04:00:00+00:00,1.09529,1.09602,1.09516,1.09594,3584.0
2025-08-04 05:00:00+00:00,1.09596,1.09673,1.09594,1.09636,4430.0
2025-08-04 06:00:00+00:00,1.0964,1.09659,1.09566,1.09602,4738.0
2025-08-04 07:00:00+00:00,1.09602,1.09634,1.09584,1.096,6025.0
2025-08-04 08:00:00+00:00,1.096,1.09609,1.0956,1.09582,5307.0
2025-08-04 09:00:00+00:00,1.09583,1.09616,1.09537,1.09543,5131.0
2025-08-04 10:00:00+00:00,1.09542,1.09572,1.0948,1.0948,3665.0
2025-08-04 11:00:00+00:00,1.09481,1.09514,1.09454,1.09482,4894.0
2025-08-04 12:00:00+00:00,1.0948,1.0953,1.09474,1.095,5498.0
2025-08-04 13:00:00+00:00,1.095,1.09517,1.09416,1.09426,6077.0
2025-08-04 14:00:00+00:00,1.09427,1.09514,1.09411,1.09454,7064.0
2025-08-04 15:00:00+00:00,1.09456,1.09496,1.09432,1.09468,4990.0
2025-08-04 16:00:00+00:00,1.09472,1.09508,1.09454,1.09472,3218.0
2025-08-04 17:00:00+00:00,1.09474,1.09491,1.09458,1.09462,2754.0
2025-08-04 18:00:00+00:00,1.09462,1.0951,1.0946,1.0951,2969.0
2025-08-04 19:00:00+00:00,1.0951,1.09514,1.09478,1.09504,2480.0
2025-08-04 20:00:00+00:00,1.09504,1.09522,1.09465,1.09478,2462.0
2025-08-04 21:00:00+00:00,1.09485,1.09595,1.09451,1.09512,2291.0
2025-08-04 22:00:00+00:00,1.0952,1.0952,1.0944,1.09469,2074.0
2025-08-04 23:00:00+00:00,1.09472,1.09472,1.09426,1.09428,2414.0
2025-08-05 00:00:00+00:00,1.0943,1.09514,1.09376,1.0945,4870.0
2025-08-05 01:00:00+00:00,1.09449,1.09528,1.09412,1.09466,5541.0
2025-08-05 02:00:00+00:00,1.09467,1.0954,1.09446,1.09522,4394.0
2025-08-05 03:00:00+00:00,1.09522,1.09564,1.09494,1.0951,3685.0
2025-08-05 04:00:00+00:00,1.0951,1.09591,1.09502,1.0958,3734.0
2025-08-05 05:00:00+00:00,1.0958,1.09616,1.09556,1.09587,4036.0
2025-08-05 06:00:00+00:00,1.09588,1.09708,1.09584,1.09674,4320.0
2025-08-05 07:00:00+00:00,1.09672,1.09708,1.0961,1.09618,4953.0
2025-08-05 08:00:00+00:00,1.0962,1.0964,1.09596,1.09614,5722.0
2025-08-05 09:00:00+00:00,1.09614,1.0963,1.09568,1.09606,3981.0
2025-08-05 10:00:00+00:00,1.09604,1.09615,1.09574,1.09599,4093.0
2025-08-05 11:00:00+00:00,1.096,1.09725,1.096,1.09662,4273.0
2025-08-05 12:00:00+00:00,1.09661,1.09738,1.0963,1.0973,6536.0
2025-08-05 13:00:00+00:00,1.09726,1.09743,1.09694,1.09727,7253.0
2025-08-05 14:00:00+00:00,1.09698,1.09726,1.09636,1.09691,10494.0
2025-08-05 15:00:00+00:00,1.0969,1.09692,1.09636,1.09684,5742.0
2025-08-05 16:00:00+00:00,1.09685,1.09752,1.09672,1.09749,4391.0
2025-08-05 17:00:00+00:00,1.0975,1.09784,1.09735,1.09776,2760.0
2025-08-05 18:00:00+00:00,1.09774,1.09782,1.09752,1.0976,2639.0
2025-08-05 19:00:00+00:00,1.0976,1.09766,1.09732,1.09742,2354.0
2025-08-05 20:00:00+00:00,1.09742,1.09774,1.09676,1.09679,1870.0
2025-08-05 21:00:00+00:00,1.09625,1.09712,1.09608,1.09673,1891.0
2025-08-05 22:00:00+00:00,1.09654,1.09814,1.09547,1.09632,1995.0
2025-08-05 23:00:00+00:00,1.09632,1.09644,1.09492,1.09548,2345.0
2025-08-06 00:00:00+00:00,1.09548,1.09614,1.09536,1.09578,4094.0
2025-08-06 01:00:00+00:00,1.0958,1.09628,1.09573,1.09589,3731.0
2025-08-06 02:00:00+00:00,1.0959,1.09606,1.09534,1.0954,2879.0
2025-08-06 03:00:00+00:00,1.0954,1.09588,1.09536,1.0957,2144.0
2025-08-06 04:00:00+00:00,1.0957,1.09611,1.09565,1.09591,2181.0
2025-08-06 05:00:00+00:00,1.09592,1.09628,1.09582,1.09616,2615.0
2025-08-06 06:00:00+00:00,1.09616,1.09648,1.09599,1.09646,3097.0
2025-08-06 07:00:00+00:00,1.09647,1.09666,1.09621,1.09629,3206.0
2025-08-06 08:00:00+00:00,1.09628,1.09678,1.09612,1.09666,3059.0
2025-08-06 09:00:00+00:00,1.09665,1.09686,1.09628,1.09638,3176.0
2025-08-06 10:00:00+00:00,1.09636,1.09664,1.0961,1.0963,3500.0
2025-08-06 11:00:00+00:00,1.09631,1.09674,1.09616,1.0965,3465.0
2025-08-06 12:00:00+00:00,1.09653,1.09676,1.09604,1.09616,3791.0
2025-08-06 13:00:00+00:00,1.09617,1.09651,1.09582,1.09616,5222.0
2025-08-06 14:00:00+00:00,1.09614,1.09642,1.09559,1.09582,5795.0
2025-08-06 15:00:00+00:00,1.09585,1.09607,1.09522,1.09526,5460.0
2025-08-06 16:00:00+00:00,1.09525,1.09589,1.09522,1.09574,4343.0
2025-08-06 17:00:00+00:00,1.09574,1.09592,1.0956,1.09566,3599.0
2025-08-06 18:00:00+00:00,1.09566,1.09576,1.09538,1.09568,2558.0
2025-08-06 19:00:00+00:00,1.09568,1.09622,1.09546,1.09606,1914.0
2025-08-06 20:00:00+00:00,1.09606,1.09686,1.09586,1.09686,2032.0
2025-08-06 21:00:00+00:00,1.09618,1.09676,1.09602,1.09642,1240.0
2025-08-06 22:00:00+00:00,1.09646,1.09672,1.09608,1.0963,3376.0
2025-08-06 23:00:00+00:00,1.09626,1.09664,1.09599,1.09648,2446.0
2025-08-07 00:00:00+00:00,1.0965,1.097,1.09588,1.09592,3838.0
2025-08-07 01:00:00+00:00,1.09591,1.09628,1.0957,1.09598,5159.0
2025-08-07 02:00:00+00:00,1.09596,1.09606,1.09537,1.09538,4147.0
2025-08-07 03:00:00+00:00,1.09538,1.09619,1.09528,1.09535,3833.0
2025-08-07 04:00:00+00:00,1.09536,1.09549,1.09484,1.09536,3404.0
2025-08-07 05:00:00+00:00,1.09537,1.09586,1.09524,1.09527,3985.0
2025-08-07 06:00:00+00:00,1.09528,1.09558,1.09465,1.09546,6145.0
2025-08-07 07:00:00+00:00,1.09545,1.0964,1.09516,1.09618,4830.0
2025-08-07 08:00:00+00:00,1.09614,1.09666,1.09596,1.09628,5865.0
2025-08-07 09:00:00+00:00,1.09627,1.09641,1.09602,1.09633,4995.0
2025-08-07 10:00:00+00:00,1.09632,1.09659,1.09598,1.09605,4666.0
2025-08-07 11:00:00+00:00,1.09606,1.09624,1.09566,1.09594,6712.0
2025-08-07 12:00:00+00:00,1.09591,1.09604,1.09546,1.09576,6950.0
2025-08-07 13:00:00+00:00,1.09578,1.09578,1.09486,1.09498,7142.0
2025-08-07 14:00:00+00:00,1.09492,1.09525,1.09414,1.0942,8697.0
2025-08-07 15:00:00+00:00,1.09418,1.09436,1.09361,1.09372,4856.0
2025-08-07 16:00:00+00:00,1.09372,1.09379,1.09346,1.09356,2783.0
2025-08-07 17:00:00+00:00,1.09356,1.09363,1.09336,1.09346,4229.0
2025-08-07 18:00:00+00:00,1.09345,1.0939,1.09338,1.0939,3071.0
2025-08-07 19:00:00+00:00,1.0939,1.09404,1.09359,1.09391,3294.0
2025-08-07 20:00:00+00:00,1.09392,1.09452,1.09382,1.09422,2430.0
2025-08-07 21:00:00+00:00,1.09428,1.09517,1.09352,1.09363,1971.0
2025-08-07 22:00:00+00:00,1.0941,1.09458,1.09385,1.09396,4248.0
2025-08-07 23:00:00+00:00,1.09397,1.09414,1.09307,1.09319,2847.0
2025-08-08 00:00:00+00:00,1.09318,1.09375,1.0929,1.09368,6153.0
2025-08-08 01:00:00+00:00,1.09368,1.09393,1.09337,1.09344,6210.0
2025-08-08 02:00:00+00:00,1.09342,1.09379,1.09314,1.09344,4169.0
2025-08-08 03:00:00+00:00,1.09344,1.09424,1.09344,1.09406,3706.0
2025-08-08 04:00:00+00:00,1.09408,1.09462,1.09376,1.09458,3670.0
2025-08-08 05:00:00+00:00,1.09459,1.0948,1.09414,1.09426,4427.0
2025-08-08 06:00:00+00:00,1.09424,1.09488,1.0941,1.0948,4132.0
2025-08-08 07:00:00+00:00,1.0948,1.09514,1.0946,1.09506,4632.0
2025-08-08 08:00:00+00:00,1.09504,1.09536,1.0948,1.09526,5471.0
2025-08-08 09:00:00+00:00,1.09526,1.09534,1.09477,1.0953,6867.0
2025-08-08 10:00:00+00:00,1.0953,1.09546,1.09492,1.09521,4595.0
2025-08-08 11:00:00+00:00,1.0952,1.09554,1.09514,1.09538,4437.0
2025-08-08 12:00:00+00:00,1.09537,1.09558,1.09482,1.09482,5558.0
2025-08-08 13:00:00+00:00,1.09484,1.09557,1.0946,1.09549,6167.0
2025-08-08 14:00:00+00:00,1.0955,1.09628,1.09524,1.09623,4936.0
2025-08-08 15:00:00+00:00,1.09624,1.09639,1.09594,1.09624,4073.0
2025-08-08 16:00:00+00:00,1.09625,1.09656,1.09622,1.0964,2546.0
2025-08-08 17:00:00+00:00,1.09642,1.09642,1.09602,1.09607,2733.0
2025-08-08 18:00:00+00:00,1.09606,1.09619,1.09584,1.09618,1706.0
2025-08-08 19:00:00+00:00,1.09616,1.09644,1.09612,1.09625,1164.0
2025-08-08 20:00:00+00:00,1.09624,1.09644,1.09526,1.09545,2344.0
2025-08-10 21:00:00+00:00,1.09428,1.09558,1.09416,1.09546,713.0
2025-08-10 22:00:00+00:00,1.09546,1.09612,1.09504,1.0956,1502.0
2025-08-10 23:00:00+00:00,1.09563,1.0958,1.09502,1.0957,1664.0
2025-08-11 00:00:00+00:00,1.09572,1.09614,1.09555,1.09576,5307.0
2025-08-11 01:00:00+00:00,1.09576,1.09576,1.09536,1.09542,4440.0
2025-08-11 02:00:00+00:00,1.09542,1.09624,1.09519,1.09616,4464.0
2025-08-11 03:00:00+00:00,1.09615,1.0962,1.09554,1.09557,4373.0
2025-08-11 04:00:00+00:00,1.09556,1.09622,1.09548,1.09618,3286.0
2025-08-11 05:00:00+00:00,1.09618,1.09632,1.09589,1.09619,4124.0
2025-08-11 06:00:00+00:00,1.09615,1.09699,1.09584,1.09692,3937.0
2025-08-11 07:00:00+00:00,1.09693,1.09701,1.09664,1.09671,4946.0
2025-08-11 08:00:00+00:00,1.0967,1.09708,1.0965,1.09676,4084.0
2025-08-11 09:00:00+00:00,1.09678,1.09743,1.09666,1.09728,3176.0
2025-08-11 10:00:00+00:00,1.09728,1.09754,1.09702,1.09748,3749.0
2025-08-11 11:00:00+00:00,1.09746,1.09786,1.0974,1.09763,4393.0
2025-08-11 12:00:00+00:00,1.09766,1.0977,1.09702,1.0972,6458.0
2025-08-11 13:00:00+00:00,1.0972,1.0975,1.09705,1.09724,5590.0
2025-08-11 14:00:00+00:00,1.09724,1.09756,1.09684,1.09706,4354.0
2025-08-11 15:00:00+00:00,1.09706,1.09752,1.09696,1.09741,2981.0
2025-08-11 16:00:00+00:00,1.09742,1.09748,1.09718,1.09737,1649.0
2025-08-11 17:00:00+00:00,1.09736,1.09752,1.09722,1.0973,2107.0
2025-08-11 18:00:00+00:00,1.0973,1.09736,1.09698,1.09706,2316.0
2025-08-11 19:00:00+00:00,1.09706,1.09712,1.09682,1.09689,1795.0
2025-08-11 20:00:00+00:00,1.09694,1.09694,1.09668,1.09682,998.0
2025-08-11 21:00:00+00:00,1.0967,1.0973,1.09655,1.09698,1440.0
2025-08-11 22:00:00+00:00,1.09716,1.09733,1.09675,1.09686,1138.0
2025-08-11 23:00:00+00:00,1.09686,1.09694,1.09662,1.0967,1683.0
2025-08-12 00:00:00+00:00,1.0967,1.09752,1.09658,1.09687,5854.0
2025-08-12 01:00:00+00:00,1.09684,1.09701,1.09638,1.09664,5620.0
2025-08-12 02:00:00+00:00,1.09666,1.09791,1.09644,1.0978,3779.0
2025-08-12 03:00:00+00:00,1.09782,1.09834,1.09752,1.09799,3790.0
2025-08-12 04:00:00+00:00,1.09801,1.09808,1.09625,1.09704,6261.0
2025-08-12 05:00:00+00:00,1.09707,1.09722,1.09559,1.09573,7275.0
2025-08-12 06:00:00+00:00,1.09575,1.0964,1.09564,1.09624,6310.0
2025-08-12 07:00:00+00:00,1.09626,1.09636,1.09558,1.09578,5523.0
2025-08-12 08:00:00+00:00,1.09578,1.09629,1.09551,1.09628,6040.0
2025-08-12 09:00:00+00:00,1.09628,1.09673,1.0962,1.09624,4798.0
2025-08-12 10:00:00+00:00,1.09625,1.0964,1.09586,1.09626,4433.0
2025-08-12 11:00:00+00:00,1.09628,1.09633,1.09582,1.096,4900.0
2025-08-12 12:00:00+00:00,1.09598,1.09687,1.09528,1.09572,10866.0
2025-08-12 13:00:00+00:00,1.09571,1.09638,1.0956,1.09627,12180.0
2025-08-12 14:00:00+00:00,1.09624,1.0967,1.09609,1.09652,7554.0
2025-08-12 15:00:00+00:00,1.0965,1.09682,1.0962,1.0966,7027.0
2025-08-12 16:00:00+00:00,1.09659,1.09672,1.09642,1.09656,4897.0
2025-08-12 17:00:00+00:00,1.09652,1.09668,1.09635,1.09664,3421.0
2025-08-12 18:00:00+00:00,1.09664,1.09674,1.09648,1.09656,2705.0
2025-08-12 19:00:00+00:00,1.09656,1.09684,1.09656,1.09669,1843.0
2025-08-12 20:00:00+00:00,1.0967,1.0969,1.0965,1.09656,1609.0
2025-08-12 21:00:00+00:00,1.09615,1.09668,1.0954,1.09649,973.0
2025-08-12 22:00:00+00:00,1.0965,1.0969,1.09617,1.09624,1105.0
2025-08-12 23:00:00+00:00,1.09625,1.0967,1.09594,1.09608,1914.0
2025-08-13 00:00:00+00:00,1.0961,1.0965,1.096,1.09634,3266.0
2025-08-13 01:00:00+00:00,1.09633,1.0967,1.09592,1.0965,3684.0
2025-08-13 02:00:00+00:00,1.09653,1.09678,1.09556,1.0957,2940.0
2025-08-13 03:00:00+00:00,1.09569,1.09596,1.09562,1.09572,2400.0
2025-08-13 04:00:00+00:00,1.09571,1.0964,1.09566,1.0963,2080.0
2025-08-13 05:00:00+00:00,1.0963,1.09658,1.09625,1.09652,1953.0
2025-08-13 06:00:00+00:00,1.09653,1.09658,1.09524,1.09528,3499.0
2025-08-13 07:00:00+00:00,1.0953,1.09532,1.09472,1.09485,3763.0
2025-08-13 08:00:00+00:00,1.09484,1.09492,1.09429,1.09464,3499.0
2025-08-13 09:00:00+00:00,1.09464,1.0948,1.0941,1.09468,4365.0
2025-08-13 10:00:00+00:00,1.09472,1.09484,1.09454,1.09484,2644.0
2025-08-13 11:00:00+00:00,1.09484,1.09496,1.09448,1.09474,2625.0
2025-08-13 12:00:00+00:00,1.09474,1.09496,1.09468,1.0949,3401.0
2025-08-13 13:00:00+00:00,1.09492,1.09516,1.09469,1.09506,3204.0
2025-08-13 14:00:00+00:00,1.09508,1.09546,1.09485,1.0954,4530.0
2025-08-13 15:00:00+00:00,1.0954,1.09548,1.09494,1.0951,3560.0
2025-08-13 16:00:00+00:00,1.09513,1.09523,1.095,1.09503,2018.0
2025-08-13 17:00:00+00:00,1.09502,1.09532,1.095,1.09528,2176.0
2025-08-13 18:00:00+00:00,1.09528,1.09542,1.0952,1.09529,1964.0
2025-08-13 19:00:00+00:00,1.09529,1.09558,1.09518,1.0955,1738.0
2025-08-13 20:00:00+00:00,1.09548,1.09555,1.09505,1.09546,1393.0
2025-08-13 21:00:00+00:00,1.09545,1.0958,1.09452,1.09518,1959.0
2025-08-13 22:00:00+00:00,1.09518,1.09554,1.095,1.09542,1471.0
2025-08-13 23:00:00+00:00,1.0954,1.09565,1.09536,1.0955,1334.0
2025-08-14 00:00:00+00:00,1.09548,1.09554,1.09472,1.09514,4011.0
2025-08-14 01:00:00+00:00,1.09514,1.09654,1.0948,1.0965,5534.0
2025-08-14 02:00:00+00:00,1.09652,1.09704,1.09614,1.09674,3608.0
2025-08-14 03:00:00+00:00,1.09674,1.09674,1.0958,1.09606,3537.0
2025-08-14 04:00:00+00:00,1.09607,1.09638,1.09576,1.09596,2253.0
2025-08-14 05:00:00+00:00,1.09597,1.09744,1.09596,1.09736,3110.0
2025-08-14 06:00:00+00:00,1.09738,1.09773,1.09674,1.09732,5109.0
2025-08-14 07:00:00+00:00,1.09729,1.0976,1.09674,1.09726,5236.0
2025-08-14 08:00:00+00:00,1.09725,1.09758,1.09702,1.09706,4138.0
2025-08-14 09:00:00+00:00,1.09705,1.09722,1.09686,1.09712,3702.0
2025-08-14 10:00:00+00:00,1.0971,1.09733,1.09677,1.09698,3762.0
2025-08-14 11:00:00+00:00,1.09698,1.09707,1.09658,1.09676,3103.0
2025-08-14 12:00:00+00:00,1.09678,1.09706,1.09534,1.09688,8221.0
2025-08-14 13:00:00+00:00,1.09691,1.0977,1.09656,1.09662,8372.0
2025-08-14 14:00:00+00:00,1.09663,1.09704,1.09633,1.0968,6514.0
2025-08-14 15:00:00+00:00,1.09681,1.0972,1.09664,1.09696,5079.0
2025-08-14 16:00:00+00:00,1.09695,1.09734,1.09692,1.09725,3425.0
2025-08-14 17:00:00+00:00,1.09724,1.09756,1.09718,1.09751,3043.0
2025-08-14 18:00:00+00:00,1.0975,1.0981,1.09746,1.09799,2660.0
2025-08-14 19:00:00+00:00,1.09799,1.09824,1.09755,1.09767,2586.0
2025-08-14 20:00:00+00:00,1.09768,1.098,1.09751,1.09759,1454.0
2025-08-14 21:00:00+00:00,1.09757,1.09844,1.09706,1.09786,2065.0
2025-08-14 22:00:00+00:00,1.09772,1.09786,1.09748,1.09776,1336.0
2025-08-14 23:00:00+00:00,1.09778,1.0978,1.09735,1.09744,1333.0
2025-08-15 00:00:00+00:00,1.09744,1.09772,1.09696,1.09744,3097.0
2025-08-15 01:00:00+00:00,1.09744,1.09774,1.09692,1.09722,3885.0
2025-08-15 02:00:00+00:00,1.09725,1.09826,1.09724,1.0981,3088.0
2025-08-15 03:00:00+00:00,1.09805,1.09824,1.09734,1.0977,2387.0
2025-08-15 04:00:00+00:00,1.0977,1.098,1.09764,1.09794,1536.0
2025-08-15 05:00:00+00:00,1.09793,1.09855,1.09786,1.09828,2016.0
2025-08-15 06:00:00+00:00,1.09827,1.09872,1.0981,1.09872,3046.0
2025-08-15 07:00:00+00:00,1.0987,1.099,1.09859,1.09868,2701.0
2025-08-15 08:00:00+00:00,1.09866,1.09872,1.09813,1.09818,2907.0
2025-08-15 09:00:00+00:00,1.09819,1.09833,1.09794,1.0983,2774.0
2025-08-15 10:00:00+00:00,1.0983,1.09872,1.09819,1.09866,3251.0
2025-08-15 11:00:00+00:00,1.09867,1.09896,1.09852,1.09882,2427.0
2025-08-15 12:00:00+00:00,1.09884,1.09936,1.0986,1.09885,4439.0
2025-08-15 13:00:00+00:00,1.09884,1.09955,1.09854,1.09948,5499.0
2025-08-15 14:00:00+00:00,1.09945,1.09952,1.09822,1.09906,5562.0
2025-08-15 15:00:00+00:00,1.09904,1.09916,1.09848,1.09863,3958.0
2025-08-15 16:00:00+00:00,1.09865,1.09898,1.0985,1.09859,3028.0
2025-08-15 17:00:00+00:00,1.09858,1.09871,1.0983,1.09833,2262.0
2025-08-15 18:00:00+00:00,1.09831,1.09836,1.09818,1.0982,1913.0
2025-08-15 19:00:00+00:00,1.0982,1.0986,1.09817,1.0985,1389.0
2025-08-15 20:00:00+00:00,1.0985,1.09908,1.09834,1.09882,1903.0
2025-08-17 21:00:00+00:00,1.09908,1.09914,1.09844,1.0986,610.0
2025-08-17 22:00:00+00:00,1.0986,1.0992,1.09837,1.09837,1180.0
2025-08-17 23:00:00+00:00,1.09838,1.09861,1.09813,1.09844,1333.0
2025-08-18 00:00:00+00:00,1.09844,1.09846,1.09785,1.09806,2801.0
2025-08-18 01:00:00+00:00,1.09805,1.09858,1.09782,1.09832,3278.0
2025-08-18 02:00:00+00:00,1.0983,1.09864,1.09812,1.0986,1959.0
2025-08-18 03:00:00+00:00,1.0986,1.09904,1.09832,1.09888,1840.0
2025-08-18 04:00:00+00:00,1.09888,1.09902,1.09772,1.09784,2197.0
2025-08-18 05:00:00+00:00,1.09784,1.09814,1.0976,1.09786,1983.0
2025-08-18 06:00:00+00:00,1.09787,1.09798,1.0971,1.09718,2362.0
2025-08-18 07:00:00+00:00,1.09718,1.09758,1.09701,1.09742,3405.0
2025-08-18 08:00:00+00:00,1.09742,1.09746,1.09666,1.09684,2773.0
2025-08-18 09:00:00+00:00,1.09684,1.0973,1.0968,1.0969,3299.0
2025-08-18 10:00:00+00:00,1.09686,1.09702,1.09654,1.09662,2884.0
2025-08-18 11:00:00+00:00,1.09662,1.09692,1.0965,1.09686,1888.0
2025-08-18 12:00:00+00:00,1.09685,1.09715,1.0966,1.09704,2959.0
2025-08-18 13:00:00+00:00,1.09705,1.09722,1.09678,1.09691,3380.0
2025-08-18 14:00:00+00:00,1.0969,1.09708,1.0965,1.09704,4801.0
2025-08-18 15:00:00+00:00,1.09702,1.09706,1.09616,1.09622,3427.0
2025-08-18 16:00:00+00:00,1.09622,1.09626,1.09602,1.09612,2865.0
2025-08-18 17:00:00+00:00,1.09614,1.09628,1.096,1.09625,2301.0
2025-08-18 18:00:00+00:00,1.09625,1.09642,1.09594,1.09638,1862.0
2025-08-18 19:00:00+00:00,1.09638,1.09638,1.09604,1.09633,1227.0
2025-08-18 20:00:00+00:00,1.09632,1.09634,1.09595,1.09622,937.0
2025-08-18 21:00:00+00:00,1.09625,1.09714,1.09625,1.09658,2378.0
2025-08-18 22:00:00+00:00,1.09669,1.09669,1.09604,1.09646,1865.0
2025-08-18 23:00:00+00:00,1.09645,1.09694,1.09618,1.09646,1709.0
2025-08-19 00:00:00+00:00,1.09646,1.09648,1.09548,1.09567,3849.0
2025-08-19 01:00:00+00:00,1.09566,1.0961,1.09542,1.09558,5713.0
2025-08-19 02:00:00+00:00,1.09559,1.09576,1.09536,1.09545,3764.0
2025-08-19 03:00:00+00:00,1.09542,1.09552,1.09518,1.09536,3164.0
2025-08-19 04:00:00+00:00,1.09536,1.09564,1.09485,1.09508,3024.0
2025-08-19 05:00:00+00:00,1.09508,1.09548,1.09494,1.09501,3983.0
2025-08-19 06:00:00+00:00,1.09502,1.09544,1.09485,1.09524,4415.0
2025-08-19 07:00:00+00:00,1.09526,1.0958,1.09518,1.09526,5244.0
2025-08-19 08:00:00+00:00,1.09526,1.09601,1.09526,1.0956,3728.0
2025-08-19 09:00:00+00:00,1.09562,1.09584,1.09546,1.09546,4321.0
2025-08-19 10:00:00+00:00,1.0955,1.09576,1.09537,1.09562,2996.0
2025-08-19 11:00:00+00:00,1.09562,1.09598,1.09552,1.09576,3337.0
2025-08-19 12:00:00+00:00,1.09574,1.09577,1.09502,1.09502,4230.0
2025-08-19 13:00:00+00:00,1.09506,1.09506,1.09431,1.09432,4167.0
2025-08-19 14:00:00+00:00,1.09432,1.09452,1.09394,1.09398,4344.0
2025-08-19 15:00:00+00:00,1.094,1.09484,1.09396,1.09462,3988.0
2025-08-19 16:00:00+00:00,1.09462,1.09483,1.09434,1.09443,3065.0
2025-08-19 17:00:00+00:00,1.0944,1.09456,1.09399,1.09423,2382.0
2025-08-19 18:00:00+00:00,1.09422,1.09458,1.0942,1.09452,1925.0
2025-08-19 19:00:00+00:00,1.09452,1.09464,1.09446,1.09458,1474.0
2025-08-19 20:00:00+00:00,1.09457,1.09536,1.09448,1.09522,1242.0
2025-08-19 21:00:00+00:00,1.09531,1.09554,1.09437,1.09528,1732.0
2025-08-19 22:00:00+00:00,1.0953,1.09542,1.09476,1.09476,1315.0
2025-08-19 23:00:00+00:00,1.09477,1.09488,1.09435,1.09436,1813.0
2025-08-20 00:00:00+00:00,1.09434,1.09511,1.09392,1.09475,4694.0
2025-08-20 01:00:00+00:00,1.09476,1.09526,1.09424,1.09506,5127.0
2025-08-20 02:00:00+00:00,1.09507,1.10553,1.09488,1.10339,8181.0
2025-08-20 03:00:00+00:00,1.10339,1.1065,1.10292,1.10384,5364.0
2025-08-20 04:00:00+00:00,1.10384,1.10598,1.10334,1.1058,3579.0
2025-08-20 05:00:00+00:00,1.10575,1.10644,1.10474,1.10513,3435.0
2025-08-20 06:00:00+00:00,1.10511,1.10566,1.10454,1.10552,5279.0
2025-08-20 07:00:00+00:00,1.1055,1.10688,1.10521,1.10614,4900.0
2025-08-20 08:00:00+00:00,1.10614,1.10622,1.10364,1.10366,4650.0
2025-08-20 09:00:00+00:00,1.10369,1.10454,1.10355,1.10379,3736.0
2025-08-20 10:00:00+00:00,1.10378,1.10446,1.10376,1.10424,3837.0
2025-08-20 11:00:00+00:00,1.10423,1.10464,1.10412,1.10458,3198.0
2025-08-20 12:00:00+00:00,1.10458,1.1047,1.10378,1.10399,5260.0
2025-08-20 13:00:00+00:00,1.10398,1.10456,1.1039,1.10442,5681.0
2025-08-20 14:00:00+00:00,1.10444,1.10464,1.10322,1.10327,6615.0
2025-08-20 15:00:00+00:00,1.10328,1.10437,1.10286,1.10412,3739.0
2025-08-20 16:00:00+00:00,1.1041,1.1042,1.10388,1.104,3650.0
2025-08-20 17:00:00+00:00,1.10398,1.10405,1.10354,1.10357,2837.0
2025-08-20 18:00:00+00:00,1.10358,1.10405,1.10342,1.1039,2764.0
2025-08-20 19:00:00+00:00,1.1039,1.10437,1.10371,1.10426,1799.0
2025-08-20 20:00:00+00:00,1.10427,1.10508,1.10414,1.10486,1332.0
2025-08-20 21:00:00+00:00,1.10494,1.10558,1.1043,1.10532,1247.0
2025-08-20 22:00:00+00:00,1.1053,1.10552,1.10456,1.10468,1639.0
2025-08-20 23:00:00+00:00,1.1047,1.10506,1.10419,1.10428,1890.0
2025-08-21 00:00:00+00:00,1.10426,1.105,1.10395,1.10422,4149.0
2025-08-21 01:00:00+00:00,1.10421,1.10424,1.10297,1.10298,3725.0
2025-08-21 02:00:00+00:00,1.10294,1.10339,1.10284,1.10326,3153.0
2025-08-21 03:00:00+00:00,1.1032,1.10408,1.10317,1.1039,1794.0
2025-08-21 04:00:00+00:00,1.10394,1.10404,1.10348,1.10359,1716.0
2025-08-21 05:00:00+00:00,1.10362,1.10386,1.10316,1.10336,2459.0
2025-08-21 06:00:00+00:00,1.10337,1.10362,1.10286,1.10336,3138.0
2025-08-21 07:00:00+00:00,1.10334,1.10398,1.10303,1.10354,3796.0
2025-08-21 08:00:00+00:00,1.10354,1.10354,1.10298,1.10304,2634.0
2025-08-21 09:00:00+00:00,1.10304,1.10312,1.10248,1.10256,2026.0
2025-08-21 10:00:00+00:00,1.10258,1.10339,1.10246,1.10324,2642.0
2025-08-21 11:00:00+00:00,1.10326,1.1036,1.103,1.10352,2939.0
2025-08-21 12:00:00+00:00,1.1035,1.10359,1.10264,1.10311,4935.0
2025-08-21 13:00:00+00:00,1.10309,1.10342,1.10276,1.10289,5862.0
2025-08-21 14:00:00+00:00,1.10288,1.1045,1.10288,1.10414,5341.0
2025-08-21 15:00:00+00:00,1.10413,1.10432,1.10358,1.10384,5719.0
2025-08-21 16:00:00+00:00,1.10383,1.10424,1.10368,1.10406,3430.0
2025-08-21 17:00:00+00:00,1.10404,1.1041,1.10358,1.10406,3557.0
2025-08-21 18:00:00+00:00,1.10408,1.10428,1.1038,1.10412,3386.0
2025-08-21 19:00:00+00:00,1.10412,1.10422,1.10382,1.10412,1646.0
2025-08-21 20:00:00+00:00,1.10412,1.1044,1.10335,1.1035,1385.0
2025-08-21 21:00:00+00:00,1.10347,1.10433,1.10308,1.10342,1825.0
2025-08-21 22:00:00+00:00,1.10338,1.10381,1.10338,1.10372,1627.0
2025-08-21 23:00:00+00:00,1.10368,1.10378,1.10328,1.10374,1705.0
2025-08-22 00:00:00+00:00,1.10375,1.10502,1.10373,1.1049,3708.0
2025-08-22 01:00:00+00:00,1.10492,1.10516,1.1035,1.1042,3196.0
2025-08-22 02:00:00+00:00,1.1042,1.10507,1.1037,1.10455,3106.0
2025-08-22 03:00:00+00:00,1.10456,1.10508,1.1043,1.1049,2513.0
2025-08-22 04:00:00+00:00,1.10494,1.10565,1.10479,1.10552,2282.0
2025-08-22 05:00:00+00:00,1.10552,1.10601,1.10513,1.106,1938.0
2025-08-22 06:00:00+00:00,1.106,1.1061,1.10546,1.10574,2487.0
2025-08-22 07:00:00+00:00,1.10575,1.10586,1.10523,1.10568,2465.0
2025-08-22 08:00:00+00:00,1.10568,1.10654,1.10568,1.10615,2560.0
2025-08-22 09:00:00+00:00,1.10615,1.1063,1.10583,1.10596,2066.0
2025-08-22 10:00:00+00:00,1.10596,1.10602,1.10556,1.10568,1507.0
2025-08-22 11:00:00+00:00,1.10568,1.10594,1.1056,1.10576,2133.0
2025-08-22 12:00:00+00:00,1.10576,1.10595,1.10535,1.10544,2994.0
2025-08-22 13:00:00+00:00,1.10544,1.10616,1.1052,1.10616,3592.0
2025-08-22 14:00:00+00:00,1.10609,1.10674,1.10508,1.10648,15311.0
2025-08-22 15:00:00+00:00,1.10647,1.10688,1.10616,1.10634,6288.0
2025-08-22 16:00:00+00:00,1.10635,1.1064,1.10578,1.10589,5107.0
2025-08-22 17:00:00+00:00,1.1059,1.10645,1.1058,1.10644,3413.0
2025-08-22 18:00:00+00:00,1.10643,1.10646,1.106,1.10612,2895.0
2025-08-22 19:00:00+00:00,1.10606,1.10618,1.1059,1.10615,1717.0
2025-08-22 20:00:00+00:00,1.10614,1.1068,1.10595,1.10631,1607.0
2025-08-24 21:00:00+00:00,1.1061,1.10662,1.10574,1.10615,1197.0
2025-08-24 22:00:00+00:00,1.10596,1.10684,1.10595,1.10632,2178.0
2025-08-24 23:00:00+00:00,1.10634,1.1064,1.10558,1.10576,1693.0
2025-08-25 00:00:00+00:00,1.10575,1.10616,1.10548,1.10558,3455.0
2025-08-25 01:00:00+00:00,1.10558,1.10604,1.10519,1.10579,4247.0
2025-08-25 02:00:00+00:00,1.10568,1.10669,1.10562,1.10609,3701.0
2025-08-25 03:00:00+00:00,1.1061,1.10664,1.10605,1.10648,3197.0
2025-08-25 04:00:00+00:00,1.10651,1.10664,1.10624,1.10646,2134.0
2025-08-25 05:00:00+00:00,1.10646,1.10692,1.10624,1.10668,2868.0
2025-08-25 06:00:00+00:00,1.10668,1.10685,1.10611,1.10652,4113.0
2025-08-25 07:00:00+00:00,1.1065,1.10714,1.10596,1.10618,3977.0
2025-08-25 08:00:00+00:00,1.10617,1.10726,1.10616,1.10724,3964.0
2025-08-25 09:00:00+00:00,1.10724,1.10746,1.10704,1.10738,2063.0
2025-08-25 10:00:00+00:00,1.10739,1.1077,1.10731,1.1076,2130.0
2025-08-25 11:00:00+00:00,1.1076,1.10771,1.10658,1.1067,3195.0
2025-08-25 12:00:00+00:00,1.10668,1.10716,1.10651,1.10699,3471.0
2025-08-25 13:00:00+00:00,1.107,1.1071,1.10646,1.10658,4704.0
2025-08-25 14:00:00+00:00,1.10658,1.107,1.10642,1.10674,6012.0
2025-08-25 15:00:00+00:00,1.10672,1.1078,1.10662,1.10774,4499.0
2025-08-25 16:00:00+00:00,1.10779,1.10816,1.10762,1.10797,2955.0
2025-08-25 17:00:00+00:00,1.10798,1.10834,1.10794,1.10816,3160.0
2025-08-25 18:00:00+00:00,1.10816,1.10839,1.10798,1.10822,2768.0
2025-08-25 19:00:00+00:00,1.10822,1.1083,1.1079,1.10824,2392.0
2025-08-25 20:00:00+00:00,1.10824,1.10842,1.1081,1.10839,1401.0
2025-08-25 21:00:00+00:00,1.10717,1.10846,1.10645,1.10778,1431.0
2025-08-25 22:00:00+00:00,1.10788,1.10846,1.10788,1.10805,1360.0
2025-08-25 23:00:00+00:00,1.10808,1.10822,1.10762,1.1082,1491.0
2025-08-26 00:00:00+00:00,1.1082,1.10859,1.10768,1.10842,8687.0
2025-08-26 01:00:00+00:00,1.1084,1.10912,1.10786,1.10892,5630.0
2025-08-26 02:00:00+00:00,1.10892,1.10965,1.10887,1.10918,4503.0
2025-08-26 03:00:00+00:00,1.10918,1.1106,1.10886,1.11033,3892.0
2025-08-26 04:00:00+00:00,1.11033,1.11034,1.10928,1.10938,2986.0
2025-08-26 05:00:00+00:00,1.10938,1.10956,1.10915,1.10948,3291.0
2025-08-26 06:00:00+00:00,1.1095,1.10956,1.10909,1.10933,3965.0
2025-08-26 07:00:00+00:00,1.10934,1.1095,1.10796,1.10799,4715.0
2025-08-26 08:00:00+00:00,1.108,1.10919,1.10792,1.10908,4292.0
2025-08-26 09:00:00+00:00,1.10909,1.1094,1.1089,1.10904,4116.0
2025-08-26 10:00:00+00:00,1.10906,1.10916,1.1083,1.10844,3110.0
2025-08-26 11:00:00+00:00,1.10845,1.1086,1.1082,1.10836,3391.0
2025-08-26 12:00:00+00:00,1.10838,1.10852,1.10782,1.10792,4213.0
2025-08-26 13:00:00+00:00,1.10792,1.10847,1.10762,1.10782,4134.0
2025-08-26 14:00:00+00:00,1.10779,1.10848,1.1076,1.10844,5013.0
2025-08-26 15:00:00+00:00,1.10842,1.10872,1.1079,1.10807,3882.0
2025-08-26 16:00:00+00:00,1.10808,1.10813,1.10776,1.108,2783.0
2025-08-26 17:00:00+00:00,1.10799,1.10808,1.10776,1.10796,2763.0
2025-08-26 18:00:00+00:00,1.10796,1.10826,1.10782,1.10803,2064.0
2025-08-26 19:00:00+00:00,1.10803,1.10823,1.10787,1.10822,1906.0
2025-08-26 20:00:00+00:00,1.10818,1.10834,1.1081,1.10811,1375.0
2025-08-26 21:00:00+00:00,1.10881,1.10916,1.10756,1.10828,1719.0
2025-08-26 22:00:00+00:00,1.10826,1.10867,1.1079,1.10827,1270.0
2025-08-26 23:00:00+00:00,1.10828,1.10901,1.10828,1.109,1243.0
2025-08-27 00:00:00+00:00,1.109,1.10939,1.10845,1.10908,2594.0
2025-08-27 01:00:00+00:00,1.10909,1.11088,1.10901,1.10958,4892.0
2025-08-27 02:00:00+00:00,1.10958,1.10975,1.10886,1.10908,3001.0
2025-08-27 03:00:00+00:00,1.10907,1.10972,1.10904,1.10957,2073.0
2025-08-27 04:00:00+00:00,1.10958,1.1098,1.10944,1.10963,1993.0
2025-08-27 05:00:00+00:00,1.10962,1.10974,1.10928,1.1097,2235.0
2025-08-27 06:00:00+00:00,1.1097,1.11014,1.10952,1.1101,2384.0
2025-08-27 07:00:00+00:00,1.11011,1.1106,1.11006,1.11048,3233.0
2025-08-27 08:00:00+00:00,1.11048,1.11054,1.10967,1.11012,3329.0
2025-08-27 09:00:00+00:00,1.11011,1.11026,1.10976,1.11014,2507.0
2025-08-27 10:00:00+00:00,1.11014,1.11086,1.11006,1.11084,2406.0
2025-08-27 11:00:00+00:00,1.11083,1.11094,1.11044,1.11071,2867.0
2025-08-27 12:00:00+00:00,1.11072,1.11102,1.11026,1.11088,3841.0
2025-08-27 13:00:00+00:00,1.1109,1.11096,1.11056,1.11078,3934.0
2025-08-27 14:00:00+00:00,1.11078,1.11152,1.11072,1.11091,5204.0
2025-08-27 15:00:00+00:00,1.11091,1.11102,1.11045,1.11088,4897.0
2025-08-27 16:00:00+00:00,1.11088,1.11106,1.11038,1.1105,3632.0
2025-08-27 17:00:00+00:00,1.1105,1.1108,1.11038,1.11061,3562.0
2025-08-27 18:00:00+00:00,1.1106,1.11084,1.11036,1.11064,2439.0
2025-08-27 19:00:00+00:00,1.11064,1.11088,1.1104,1.1106,2196.0
2025-08-27 20:00:00+00:00,1.1106,1.11098,1.11044,1.11053,2446.0
2025-08-27 21:00:00+00:00,1.11049,1.11202,1.11015,1.11046,1602.0
2025-08-27 22:00:00+00:00,1.11044,1.1111,1.11038,1.1109,1263.0
2025-08-27 23:00:00+00:00,1.11089,1.11122,1.11081,1.11121,1603.0
2025-08-28 00:00:00+00:00,1.1112,1.11169,1.1108,1.11148,3393.0
2025-08-28 01:00:00+00:00,1.11146,1.11218,1.11136,1.11202,3954.0
2025-08-28 02:00:00+00:00,1.11204,1.1124,1.1117,1.11178,2465.0
2025-08-28 03:00:00+00:00,1.11177,1.11208,1.11073,1.11087,2435.0
2025-08-28 04:00:00+00:00,1.11089,1.1112,1.11068,1.11112,2246.0
2025-08-28 05:00:00+00:00,1.11112,1.11146,1.11094,1.111,2511.0
2025-08-28 06:00:00+00:00,1.11096,1.11138,1.11084,1.11132,3470.0
2025-08-28 07:00:00+00:00,1.11133,1.1117,1.11124,1.1114,3781.0
2025-08-28 08:00:00+00:00,1.11141,1.11172,1.11112,1.1113,3034.0
2025-08-28 09:00:00+00:00,1.11132,1.11186,1.11125,1.11176,2700.0
2025-08-28 10:00:00+00:00,1.11178,1.1118,1.11119,1.1114,3109.0
2025-08-28 11:00:00+00:00,1.1114,1.11179,1.11124,1.11136,3234.0
2025-08-28 12:00:00+00:00,1.11134,1.11186,1.1112,1.11152,5124.0
2025-08-28 13:00:00+00:00,1.11152,1.11161,1.11102,1.11148,5699.0
2025-08-28 14:00:00+00:00,1.11151,1.11154,1.10992,1.10998,4907.0
2025-08-28 15:00:00+00:00,1.10998,1.11027,1.1098,1.11002,2987.0
2025-08-28 16:00:00+00:00,1.11002,1.11012,1.10956,1.10978,2441.0
2025-08-28 17:00:00+00:00,1.1098,1.1099,1.10954,1.10967,2113.0
2025-08-28 18:00:00+00:00,1.1097,1.1099,1.10963,1.10978,1673.0
2025-08-28 19:00:00+00:00,1.10978,1.11004,1.10978,1.10986,1168.0
2025-08-28 20:00:00+00:00,1.10988,1.11019,1.10982,1.11013,994.0
2025-08-28 21:00:00+00:00,1.1099,1.11051,1.1097,1.11012,741.0
2025-08-28 22:00:00+00:00,1.11022,1.1103,1.10986,1.1102,2231.0
2025-08-28 23:00:00+00:00,1.11022,1.11025,1.10989,1.11008,1359.0
2025-08-29 00:00:00+00:00,1.1101,1.11038,1.10994,1.11006,3276.0
2025-08-29 01:00:00+00:00,1.11006,1.11038,1.10975,1.11024,4525.0
2025-08-29 02:00:00+00:00,1.11028,1.11041,1.10958,1.10998,2856.0
2025-08-29 03:00:00+00:00,1.10998,1.11046,1.10978,1.10979,2611.0
2025-08-29 04:00:00+00:00,1.10978,1.11,1.10969,1.10976,2056.0
2025-08-29 05:00:00+00:00,1.10976,1.11006,1.10972,1.10974,1897.0
2025-08-29 06:00:00+00:00,1.10978,1.1099,1.10928,1.10937,2588.0
2025-08-29 07:00:00+00:00,1.10936,1.10954,1.10876,1.10885,2595.0
2025-08-29 08:00:00+00:00,1.10886,1.10905,1.10861,1.10894,2851.0
2025-08-29 09:00:00+00:00,1.10896,1.10914,1.10852,1.10906,3087.0
2025-08-29 10:00:00+00:00,1.10905,1.10911,1.10871,1.10901,2875.0
2025-08-29 11:00:00+00:00,1.10903,1.10913,1.10886,1.10896,2223.0
2025-08-29 12:00:00+00:00,1.10898,1.10934,1.10888,1.10893,4463.0
2025-08-29 13:00:00+00:00,1.10892,1.10958,1.10878,1.10938,4222.0
2025-08-29 14:00:00+00:00,1.10942,1.1096,1.10862,1.10906,6452.0
2025-08-29 15:00:00+00:00,1.10904,1.10928,1.10886,1.10924,5004.0
2025-08-29 16:00:00+00:00,1.10924,1.10941,1.10898,1.10924,3446.0
2025-08-29 17:00:00+00:00,1.10923,1.10947,1.10918,1.10928,2201.0
2025-08-29 18:00:00+00:00,1.10926,1.10934,1.10907,1.10918,1636.0
2025-08-29 19:00:00+00:00,1.1092,1.1095,1.1092,1.10939,1365.0
2025-08-29 20:00:00+00:00,1.10942,1.10952,1.10881,1.10922,3115.0
2025-08-31 21:00:00+00:00,1.1112,1.1112,1.10909,1.10919,970.0
2025-08-31 22:00:00+00:00,1.10919,1.10976,1.10892,1.10972,1777.0
2025-08-31 23:00:00+00:00,1.10971,1.11018,1.1096,1.10975,1500.0
2025-09-01 00:00:00+00:00,1.10974,1.11001,1.10846,1.1085,3041.0
2025-09-01 01:00:00+00:00,1.10846,1.1088,1.10744,1.10748,3698.0
2025-09-01 02:00:00+00:00,1.10748,1.10834,1.10716,1.10818,3419.0
2025-09-01 03:00:00+00:00,1.10818,1.10868,1.1081,1.10854,2124.0
2025-09-01 04:00:00+00:00,1.10854,1.10902,1.10844,1.10892,1755.0
2025-09-01 05:00:00+00:00,1.10891,1.10912,1.10872,1.10874,2095.0
2025-09-01 06:00:00+00:00,1.10876,1.10961,1.10876,1.1095,3167.0
2025-09-01 07:00:00+00:00,1.10951,1.10989,1.10904,1.10942,3403.0
2025-09-01 08:00:00+00:00,1.10941,1.10943,1.10864,1.10878,2983.0
2025-09-01 09:00:00+00:00,1.10878,1.10966,1.1087,1.10945,2692.0
2025-09-01 10:00:00+00:00,1.10946,1.1101,1.10938,1.11008,1796.0
2025-09-01 11:00:00+00:00,1.11009,1.11021,1.1098,1.10986,2407.0
2025-09-01 12:00:00+00:00,1.10986,1.11048,1.10986,1.11044,2317.0
2025-09-01 13:00:00+00:00,1.11046,1.11094,1.11024,1.11086,2539.0
2025-09-01 14:00:00+00:00,1.11088,1.11126,1.11054,1.11057,2525.0
2025-09-01 15:00:00+00:00,1.11054,1.11088,1.11046,1.11053,2388.0
2025-09-01 16:00:00+00:00,1.11052,1.11068,1.11043,1.11058,1361.0
2025-09-01 17:00:00+00:00,1.11057,1.11084,1.11049,1.11064,810.0
2025-09-01 18:00:00+00:00,1.11064,1.11069,1.11044,1.1105,529.0
2025-09-01 19:00:00+00:00,1.1105,1.1105,1.11023,1.11026,638.0
2025-09-01 20:00:00+00:00,1.11026,1.11054,1.11005,1.11026,1823.0
2025-09-01 21:00:00+00:00,1.10971,1.11098,1.1096,1.11048,1193.0
2025-09-01 22:00:00+00:00,1.11048,1.11062,1.11014,1.1103,1173.0
2025-09-01 23:00:00+00:00,1.11031,1.11046,1.11014,1.11046,1544.0
2025-09-02 00:00:00+00:00,1.11047,1.11047,1.10946,1.11004,3604.0
2025-09-02 01:00:00+00:00,1.11003,1.11116,1.10998,1.11058,4332.0
2025-09-02 02:00:00+00:00,1.11057,1.11092,1.11025,1.11058,3432.0
2025-09-02 03:00:00+00:00,1.11057,1.11106,1.11056,1.11092,2600.0
2025-09-02 04:00:00+00:00,1.11093,1.11137,1.11074,1.11095,2133.0
2025-09-02 05:00:00+00:00,1.11094,1.11118,1.11057,1.11111,2736.0
2025-09-02 06:00:00+00:00,1.11108,1.11155,1.11074,1.11152,2745.0
2025-09-02 07:00:00+00:00,1.11154,1.11166,1.11085,1.11141,7823.0
2025-09-02 08:00:00+00:00,1.1114,1.11202,1.11125,1.11202,5814.0
2025-09-02 09:00:00+00:00,1.11204,1.11224,1.11162,1.11167,4244.0
2025-09-02 10:00:00+00:00,1.11166,1.11205,1.11156,1.11196,4275.0
2025-09-02 11:00:00+00:00,1.11198,1.11204,1.1116,1.11167,3901.0
2025-09-02 12:00:00+00:00,1.11168,1.11184,1.1105,1.11068,6044.0
2025-09-02 13:00:00+00:00,1.11066,1.11152,1.11048,1.11142,5813.0
2025-09-02 14:00:00+00:00,1.11138,1.11172,1.111,1.11166,8019.0
2025-09-02 15:00:00+00:00,1.11166,1.11214,1.11132,1.11132,5413.0
2025-09-02 16:00:00+00:00,1.11134,1.11194,1.1112,1.11172,3985.0
2025-09-02 17:00:00+00:00,1.11172,1.11214,1.11146,1.11211,3162.0
2025-09-02 18:00:00+00:00,1.11212,1.11215,1.11176,1.11192,3433.0
2025-09-02 19:00:00+00:00,1.11192,1.1121,1.11176,1.11181,2489.0
2025-09-02 20:00:00+00:00,1.1118,1.11201,1.11159,1.11169,1397.0
2025-09-02 21:00:00+00:00,1.11111,1.1122,1.11111,1.11162,818.0
2025-09-02 22:00:00+00:00,1.11164,1.11185,1.11146,1.11168,1259.0
2025-09-02 23:00:00+00:00,1.11168,1.1122,1.11153,1.11219,1415.0
2025-09-03 00:00:00+00:00,1.11218,1.11256,1.11195,1.11238,3540.0
2025-09-03 01:00:00+00:00,1.11236,1.11379,1.11214,1.11364,5014.0
2025-09-03 02:00:00+00:00,1.11364,1.11367,1.11252,1.11338,3463.0
2025-09-03 03:00:00+00:00,1.11338,1.11339,1.11254,1.1126,3276.0
2025-09-03 04:00:00+00:00,1.1126,1.11284,1.11225,1.11258,2582.0
2025-09-03 05:00:00+00:00,1.11257,1.11288,1.11236,1.11274,2997.0
2025-09-03 06:00:00+00:00,1.11273,1.11277,1.11219,1.11244,3794.0
2025-09-03 07:00:00+00:00,1.1124,1.11356,1.11236,1.11349,6038.0
2025-09-03 08:00:00+00:00,1.11349,1.11354,1.1127,1.11301,4521.0
2025-09-03 09:00:00+00:00,1.11302,1.11404,1.11294,1.1138,3821.0
2025-09-03 10:00:00+00:00,1.11378,1.11438,1.11372,1.1142,3020.0
2025-09-03 11:00:00+00:00,1.11421,1.11448,1.11404,1.1143,3625.0
2025-09-03 12:00:00+00:00,1.11433,1.11478,1.11404,1.11468,4188.0
2025-09-03 13:00:00+00:00,1.11468,1.11524,1.11434,1.11448,5189.0
2025-09-03 14:00:00+00:00,1.11448,1.11463,1.11356,1.11382,7352.0
2025-09-03 15:00:00+00:00,1.11382,1.11405,1.11348,1.11383,5853.0
2025-09-03 16:00:00+00:00,1.11383,1.11426,1.11378,1.11412,3937.0
2025-09-03 17:00:00+00:00,1.11411,1.11424,1.11354,1.11372,4010.0
2025-09-03 18:00:00+00:00,1.11372,1.11386,1.11356,1.1138,3489.0
2025-09-03 19:00:00+00:00,1.1138,1.11393,1.11328,1.11339,2414.0
2025-09-03 20:00:00+00:00,1.1134,1.11355,1.11294,1.1131,1858.0
2025-09-03 21:00:00+00:00,1.11316,1.11362,1.11294,1.11299,504.0
2025-09-03 22:00:00+00:00,1.11298,1.1132,1.11292,1.11298,1133.0
2025-09-03 23:00:00+00:00,1.11298,1.11322,1.11288,1.11295,1457.0
2025-09-04 00:00:00+00:00,1.11296,1.11347,1.11278,1.11281,4313.0
2025-09-04 01:00:00+00:00,1.11278,1.11297,1.11165,1.11172,6188.0
2025-09-04 02:00:00+00:00,1.11171,1.11245,1.11167,1.11239,3428.0
2025-09-04 03:00:00+00:00,1.1124,1.11264,1.1121,1.11234,3356.0
2025-09-04 04:00:00+00:00,1.11234,1.11252,1.11216,1.11241,2960.0
2025-09-04 05:00:00+00:00,1.1124,1.11259,1.11206,1.11212,3886.0
2025-09-04 06:00:00+00:00,1.1121,1.11238,1.11174,1.1121,3316.0
2025-09-04 07:00:00+00:00,1.1121,1.11284,1.11188,1.11272,4032.0
2025-09-04 08:00:00+00:00,1.11273,1.11276,1.11213,1.11222,3490.0
2025-09-04 09:00:00+00:00,1.11223,1.11284,1.11213,1.11251,4098.0
2025-09-04 10:00:00+00:00,1.1125,1.1127,1.1123,1.1126,3454.0
2025-09-04 11:00:00+00:00,1.11258,1.11292,1.11237,1.11276,3483.0
2025-09-04 12:00:00+00:00,1.1128,1.11356,1.11232,1.1135,6082.0
2025-09-04 13:00:00+00:00,1.1135,1.11416,1.11318,1.11394,6832.0
2025-09-04 14:00:00+00:00,1.11403,1.11512,1.11369,1.11508,7043.0
2025-09-04 15:00:00+00:00,1.11509,1.11568,1.11476,1.11564,4619.0
2025-09-04 16:00:00+00:00,1.11562,1.1157,1.11519,1.11553,3875.0
2025-09-04 17:00:00+00:00,1.11554,1.11558,1.11528,1.1154,3643.0
2025-09-04 18:00:00+00:00,1.11539,1.11555,1.11514,1.11531,2838.0
2025-09-04 19:00:00+00:00,1.11531,1.11548,1.11496,1.115,1735.0
2025-09-04 20:00:00+00:00,1.11502,1.11507,1.11478,1.1148,1280.0
2025-09-04 21:00:00+00:00,1.11463,1.11541,1.11426,1.11449,1160.0
2025-09-04 22:00:00+00:00,1.11446,1.11498,1.11446,1.1146,1469.0
2025-09-04 23:00:00+00:00,1.11462,1.11492,1.1146,1.11478,1514.0
2025-09-05 00:00:00+00:00,1.11478,1.11491,1.11428,1.11436,3528.0
2025-09-05 01:00:00+00:00,1.11436,1.1145,1.11342,1.11346,3222.0
2025-09-05 02:00:00+00:00,1.11344,1.114,1.11326,1.11391,2160.0
2025-09-05 03:00:00+00:00,1.11392,1.11404,1.11355,1.1137,1654.0
2025-09-05 04:00:00+00:00,1.11369,1.1141,1.11366,1.11406,1447.0
2025-09-05 05:00:00+00:00,1.11403,1.1143,1.11366,1.1143,1906.0
2025-09-05 06:00:00+00:00,1.11432,1.11444,1.11336,1.1136,2860.0
2025-09-05 07:00:00+00:00,1.11361,1.11386,1.1134,1.11348,3074.0
2025-09-05 08:00:00+00:00,1.11348,1.11368,1.11332,1.11352,2260.0
2025-09-05 09:00:00+00:00,1.11356,1.11375,1.1134,1.11364,2081.0
2025-09-05 10:00:00+00:00,1.11364,1.11412,1.11346,1.11372,1935.0
2025-09-05 11:00:00+00:00,1.11374,1.114,1.1137,1.11372,2289.0
2025-09-05 12:00:00+00:00,1.11373,1.11387,1.11233,1.11363,10202.0
2025-09-05 13:00:00+00:00,1.11364,1.11414,1.11326,1.1135,8970.0
2025-09-05 14:00:00+00:00,1.1135,1.1136,1.11158,1.11236,8850.0
2025-09-05 15:00:00+00:00,1.11236,1.11252,1.11153,1.11172,5815.0
2025-09-05 16:00:00+00:00,1.11172,1.11241,1.11166,1.11236,4497.0
2025-09-05 17:00:00+00:00,1.11234,1.11254,1.1122,1.1125,3857.0
2025-09-05 18:00:00+00:00,1.1125,1.11271,1.11236,1.11252,2635.0
2025-09-05 19:00:00+00:00,1.11252,1.11274,1.11238,1.1126,2187.0
2025-09-05 20:00:00+00:00,1.11258,1.11268,1.11216,1.11231,1574.0
2025-09-07 21:00:00+00:00,1.11183,1.11321,1.11161,1.11196,1244.0
2025-09-07 22:00:00+00:00,1.11194,1.11319,1.11186,1.11276,3081.0
2025-09-07 23:00:00+00:00,1.11278,1.11326,1.11258,1.11322,2135.0
2025-09-08 00:00:00+00:00,1.11322,1.11336,1.1124,1.1129,4520.0
2025-09-08 01:00:00+00:00,1.11292,1.11331,1.11268,1.11314,5432.0
2025-09-08 02:00:00+00:00,1.11314,1.11324,1.11168,1.11278,4469.0
2025-09-08 03:00:00+00:00,1.1128,1.11284,1.11147,1.1119,3727.0
2025-09-08 04:00:00+00:00,1.11191,1.11211,1.11176,1.11204,2838.0
2025-09-08 05:00:00+00:00,1.11202,1.11218,1.11169,1.1119,2918.0
2025-09-08 06:00:00+00:00,1.11188,1.11229,1.11142,1.11165,3714.0
2025-09-08 07:00:00+00:00,1.11166,1.11174,1.11107,1.11124,3768.0
2025-09-08 08:00:00+00:00,1.11124,1.11162,1.11066,1.11154,3744.0
2025-09-08 09:00:00+00:00,1.11155,1.11178,1.11126,1.11132,2657.0
2025-09-08 10:00:00+00:00,1.11132,1.11152,1.11046,1.11061,2927.0
2025-09-08 11:00:00+00:00,1.1106,1.11088,1.11009,1.11009,2495.0
2025-09-08 12:00:00+00:00,1.11009,1.11043,1.10992,1.11034,3100.0
2025-09-08 13:00:00+00:00,1.11034,1.11054,1.10932,1.10958,3703.0
2025-09-08 14:00:00+00:00,1.10958,1.10962,1.109,1.10938,4180.0
2025-09-08 15:00:00+00:00,1.10938,1.1097,1.10917,1.10955,3772.0
2025-09-08 16:00:00+00:00,1.10954,1.10996,1.10936,1.10994,2959.0
2025-09-08 17:00:00+00:00,1.10992,1.1101,1.1098,1.10982,2480.0
2025-09-08 18:00:00+00:00,1.10982,1.10994,1.1096,1.10974,2028.0
2025-09-08 19:00:00+00:00,1.10974,1.11009,1.10972,1.11002,1639.0
2025-09-08 20:00:00+00:00,1.11002,1.11011,1.10962,1.10979,1257.0
2025-09-08 21:00:00+00:00,1.10974,1.1102,1.10942,1.10972,890.0
2025-09-08 22:00:00+00:00,1.10972,1.11014,1.10965,1.11006,1988.0
2025-09-08 23:00:00+00:00,1.11008,1.11034,1.10982,1.10983,1948.0
2025-09-09 00:00:00+00:00,1.10982,1.11002,1.10928,1.1095,4399.0
2025-09-09 01:00:00+00:00,1.1095,1.11021,1.1095,1.10966,4241.0
2025-09-09 02:00:00+00:00,1.10966,1.11049,1.10966,1.11034,3529.0
2025-09-09 03:00:00+00:00,1.11036,1.11048,1.10996,1.11034,3468.0
2025-09-09 04:00:00+00:00,1.11034,1.11052,1.11003,1.11043,2554.0
2025-09-09 05:00:00+00:00,1.11042,1.11069,1.11004,1.1106,3700.0
2025-09-09 06:00:00+00:00,1.1106,1.11092,1.11023,1.11078,4529.0
2025-09-09 07:00:00+00:00,1.11077,1.11134,1.1105,1.11118,4250.0
2025-09-09 08:00:00+00:00,1.1112,1.11156,1.11099,1.1112,5504.0
2025-09-09 09:00:00+00:00,1.11121,1.11129,1.11064,1.11094,3948.0
2025-09-09 10:00:00+00:00,1.11094,1.11108,1.11062,1.11076,2735.0
2025-09-09 11:00:00+00:00,1.11076,1.111,1.11074,1.11092,2990.0
2025-09-09 12:00:00+00:00,1.11092,1.11101,1.11033,1.11038,4348.0
2025-09-09 13:00:00+00:00,1.11038,1.11076,1.10978,1.11031,4389.0
2025-09-09 14:00:00+00:00,1.11031,1.1111,1.10984,1.11105,10171.0
2025-09-09 15:00:00+00:00,1.11113,1.11151,1.11103,1.11142,5070.0
2025-09-09 16:00:00+00:00,1.11142,1.11158,1.11122,1.11136,3184.0
2025-09-09 17:00:00+00:00,1.11138,1.11148,1.11122,1.11134,3310.0
2025-09-09 18:00:00+00:00,1.11136,1.11157,1.11121,1.1113,2285.0
2025-09-09 19:00:00+00:00,1.1113,1.11157,1.11126,1.11128,1434.0
2025-09-09 20:00:00+00:00,1.11128,1.11134,1.11104,1.11124,1610.0
2025-09-09 21:00:00+00:00,1.11078,1.11144,1.11056,1.11114,1590.0
2025-09-09 22:00:00+00:00,1.11126,1.11134,1.1108,1.11112,1359.0
2025-09-09 23:00:00+00:00,1.11111,1.11149,1.11106,1.11121,1388.0
2025-09-10 00:00:00+00:00,1.1112,1.11158,1.11108,1.11152,3757.0
2025-09-10 01:00:00+00:00,1.11154,1.11198,1.11112,1.11185,5256.0
2025-09-10 02:00:00+00:00,1.11186,1.11222,1.11164,1.11176,3955.0
2025-09-10 03:00:00+00:00,1.11176,1.11177,1.11134,1.11155,3008.0
2025-09-10 04:00:00+00:00,1.11156,1.11162,1.11106,1.11158,2694.0
2025-09-10 05:00:00+00:00,1.1116,1.11181,1.11088,1.11164,3523.0
2025-09-10 06:00:00+00:00,1.11164,1.11171,1.1109,1.11146,4839.0
2025-09-10 07:00:00+00:00,1.11146,1.11172,1.11098,1.11102,5210.0
2025-09-10 08:00:00+00:00,1.11103,1.11182,1.111,1.11136,4204.0
2025-09-10 09:00:00+00:00,1.11136,1.11158,1.11102,1.11102,3992.0
2025-09-10 10:00:00+00:00,1.11102,1.1121,1.111,1.11172,3401.0
2025-09-10 11:00:00+00:00,1.1117,1.11222,1.11167,1.11194,3512.0
2025-09-10 12:00:00+00:00,1.11194,1.11255,1.11097,1.11235,7019.0
2025-09-10 13:00:00+00:00,1.11234,1.11308,1.11196,1.11264,7536.0
2025-09-10 14:00:00+00:00,1.11262,1.11288,1.11224,1.1123,6725.0
2025-09-10 15:00:00+00:00,1.11229,1.11288,1.11228,1.11277,4182.0
2025-09-10 16:00:00+00:00,1.11277,1.11325,1.11262,1.11308,2826.0
2025-09-10 17:00:00+00:00,1.1131,1.11344,1.11292,1.11316,2650.0
2025-09-10 18:00:00+00:00,1.11317,1.11347,1.11294,1.11324,2270.0
2025-09-10 19:00:00+00:00,1.11324,1.11336,1.11298,1.11332,2168.0
2025-09-10 20:00:00+00:00,1.11329,1.11349,1.11316,1.11344,1407.0
2025-09-10 21:00:00+00:00,1.11336,1.11367,1.11274,1.11344,2186.0
2025-09-10 22:00:00+00:00,1.11346,1.11356,1.1132,1.11331,1536.0
2025-09-10 23:00:00+00:00,1.1133,1.11386,1.11314,1.11378,1309.0
2025-09-11 00:00:00+00:00,1.11378,1.11398,1.11333,1.11358,3730.0
2025-09-11 01:00:00+00:00,1.11358,1.11372,1.113,1.1133,5016.0
2025-09-11 02:00:00+00:00,1.11331,1.11401,1.11301,1.11376,2762.0
2025-09-11 03:00:00+00:00,1.11377,1.11404,1.11348,1.1135,2220.0
2025-09-11 04:00:00+00:00,1.11348,1.11364,1.11324,1.11332,2087.0
2025-09-11 05:00:00+00:00,1.1133,1.1135,1.11312,1.11329,2705.0
2025-09-11 06:00:00+00:00,1.1133,1.11448,1.1132,1.11435,4266.0
2025-09-11 07:00:00+00:00,1.11435,1.11489,1.1141,1.11466,4321.0
2025-09-11 08:00:00+00:00,1.11468,1.11499,1.11453,1.1148,3885.0
2025-09-11 09:00:00+00:00,1.1148,1.11502,1.11394,1.11406,4268.0
2025-09-11 10:00:00+00:00,1.11403,1.11443,1.11372,1.1144,4105.0
2025-09-11 11:00:00+00:00,1.1144,1.11458,1.11409,1.11434,3650.0
2025-09-11 12:00:00+00:00,1.11434,1.11456,1.11342,1.11422,9923.0
2025-09-11 13:00:00+00:00,1.1142,1.11501,1.114,1.11447,11321.0
2025-09-11 14:00:00+00:00,1.11446,1.11566,1.11446,1.1152,8006.0
2025-09-11 15:00:00+00:00,1.1152,1.1154,1.11478,1.1148,5117.0
2025-09-11 16:00:00+00:00,1.11481,1.11538,1.11474,1.11504,3967.0
2025-09-11 17:00:00+00:00,1.11504,1.11519,1.1149,1.11508,4034.0
2025-09-11 18:00:00+00:00,1.11508,1.11514,1.11482,1.1151,2625.0
2025-09-11 19:00:00+00:00,1.1151,1.11518,1.11462,1.11488,2150.0
2025-09-11 20:00:00+00:00,1.11489,1.1149,1.11432,1.11435,2168.0
2025-09-11 21:00:00+00:00,1.115,1.11521,1.11446,1.11484,1308.0
2025-09-11 22:00:00+00:00,1.11472,1.11523,1.11438,1.11495,1136.0
2025-09-11 23:00:00+00:00,1.11495,1.11519,1.11447,1.11514,1604.0
2025-09-12 00:00:00+00:00,1.11518,1.1159,1.11498,1.11563,3861.0
2025-09-12 01:00:00+00:00,1.11564,1.11586,1.11474,1.11494,3627.0
2025-09-12 02:00:00+00:00,1.11494,1.11571,1.1149,1.11556,2819.0
2025-09-12 03:00:00+00:00,1.11556,1.11596,1.11525,1.11583,2046.0
2025-09-12 04:00:00+00:00,1.11583,1.116,1.11552,1.11556,2365.0
2025-09-12 05:00:00+00:00,1.11556,1.11592,1.11542,1.11564,2236.0
2025-09-12 06:00:00+00:00,1.11563,1.11604,1.11528,1.11594,3580.0
2025-09-12 07:00:00+00:00,1.11596,1.11612,1.11557,1.11587,4148.0
2025-09-12 08:00:00+00:00,1.11588,1.11668,1.11573,1.11656,4553.0
2025-09-12 09:00:00+00:00,1.11657,1.11702,1.1165,1.11679,3020.0
2025-09-12 10:00:00+00:00,1.11678,1.11684,1.116,1.11668,2611.0
2025-09-12 11:00:00+00:00,1.11667,1.11681,1.11606,1.11661,3284.0
2025-09-12 12:00:00+00:00,1.11656,1.1167,1.11599,1.11653,4440.0
2025-09-12 13:00:00+00:00,1.1165,1.11656,1.11544,1.1156,4615.0
2025-09-12 14:00:00+00:00,1.11562,1.11609,1.1154,1.11596,6308.0
2025-09-12 15:00:00+00:00,1.11594,1.11596,1.11538,1.11578,4289.0
2025-09-12 16:00:00+00:00,1.1158,1.1162,1.11569,1.116,2810.0
2025-09-12 17:00:00+00:00,1.11602,1.1161,1.11578,1.1159,2822.0
2025-09-12 18:00:00+00:00,1.1159,1.1161,1.11576,1.11604,2166.0
2025-09-12 19:00:00+00:00,1.11607,1.11646,1.11601,1.11644,2452.0
2025-09-12 20:00:00+00:00,1.11642,1.1166,1.11612,1.11648,3355.0
2025-09-14 21:00:00+00:00,1.11646,1.11722,1.11483,1.11602,2104.0
2025-09-14 22:00:00+00:00,1.11593,1.11674,1.11588,1.1167,921.0
2025-09-14 23:00:00+00:00,1.11671,1.11698,1.1165,1.11674,1083.0
2025-09-15 00:00:00+00:00,1.1167,1.11706,1.11656,1.11704,2065.0
2025-09-15 01:00:00+00:00,1.11702,1.11728,1.11658,1.11684,2767.0
2025-09-15 02:00:00+00:00,1.11683,1.1172,1.11659,1.11701,2008.0
2025-09-15 03:00:00+00:00,1.117,1.11726,1.11692,1.11708,2432.0
2025-09-15 04:00:00+00:00,1.11708,1.11758,1.1168,1.11754,2184.0
2025-09-15 05:00:00+00:00,1.11754,1.11771,1.11701,1.11766,1878.0
2025-09-15 06:00:00+00:00,1.11764,1.11796,1.11738,1.11756,3803.0
2025-09-15 07:00:00+00:00,1.11758,1.11788,1.11728,1.11752,4146.0
2025-09-15 08:00:00+00:00,1.11753,1.11792,1.1173,1.1174,2979.0
2025-09-15 09:00:00+00:00,1.11742,1.11747,1.11665,1.11736,2308.0
2025-09-15 10:00:00+00:00,1.11734,1.1178,1.11723,1.11732,2634.0
2025-09-15 11:00:00+00:00,1.11731,1.11739,1.11698,1.11716,2641.0
2025-09-15 12:00:00+00:00,1.11718,1.11752,1.11679,1.11735,3962.0
2025-09-15 13:00:00+00:00,1.11735,1.11752,1.1169,1.11691,3887.0
2025-09-15 14:00:00+00:00,1.1169,1.11731,1.11678,1.1172,4821.0
2025-09-15 15:00:00+00:00,1.11718,1.11732,1.11692,1.11719,4004.0
2025-09-15 16:00:00+00:00,1.1172,1.11765,1.11714,1.11745,3388.0
2025-09-15 17:00:00+00:00,1.11745,1.11768,1.11702,1.11715,3034.0
2025-09-15 18:00:00+00:00,1.11714,1.11726,1.11698,1.11726,2601.0
2025-09-15 19:00:00+00:00,1.11726,1.11756,1.11726,1.11753,2022.0
2025-09-15 20:00:00+00:00,1.11753,1.11758,1.11706,1.11722,1241.0
2025-09-15 21:00:00+00:00,1.11718,1.11786,1.11665,1.117,1881.0
2025-09-15 22:00:00+00:00,1.11701,1.11762,1.11692,1.11756,1435.0
2025-09-15 23:00:00+00:00,1.11756,1.11817,1.11752,1.11814,1367.0
2025-09-16 00:00:00+00:00,1.11813,1.11851,1.11751,1.11835,4002.0
2025-09-16 01:00:00+00:00,1.11834,1.11916,1.11806,1.11856,4001.0
2025-09-16 02:00:00+00:00,1.11857,1.1189,1.11781,1.11786,4115.0
2025-09-16 03:00:00+00:00,1.11785,1.11826,1.11742,1.11764,3537.0
2025-09-16 04:00:00+00:00,1.11764,1.11798,1.11725,1.11728,3185.0
2025-09-16 05:00:00+00:00,1.1173,1.11756,1.11624,1.11658,3763.0
2025-09-16 06:00:00+00:00,1.11656,1.11681,1.11624,1.1167,4495.0
2025-09-16 07:00:00+00:00,1.1167,1.11671,1.11542,1.11576,4653.0
2025-09-16 08:00:00+00:00,1.11579,1.11677,1.11568,1.11653,4354.0
2025-09-16 09:00:00+00:00,1.11654,1.1173,1.11624,1.1164,4434.0
2025-09-16 10:00:00+00:00,1.1164,1.11666,1.1162,1.11626,4503.0
2025-09-16 11:00:00+00:00,1.11628,1.11665,1.11627,1.1166,4749.0
2025-09-16 12:00:00+00:00,1.1166,1.11691,1.11618,1.11671,7055.0
2025-09-16 13:00:00+00:00,1.1167,1.11673,1.11578,1.11584,8177.0
2025-09-16 14:00:00+00:00,1.11586,1.11647,1.1157,1.11646,9501.0
2025-09-16 15:00:00+00:00,1.11646,1.11672,1.11604,1.1166,6076.0
2025-09-16 16:00:00+00:00,1.11659,1.1168,1.11647,1.11652,3880.0
2025-09-16 17:00:00+00:00,1.11652,1.11663,1.11624,1.11626,3483.0
2025-09-16 18:00:00+00:00,1.11625,1.11647,1.11602,1.11602,2316.0
2025-09-16 19:00:00+00:00,1.11602,1.11622,1.11581,1.11616,1977.0
2025-09-16 20:00:00+00:00,1.11616,1.11662,1.11613,1.11636,1523.0
2025-09-16 21:00:00+00:00,1.1164,1.11741,1.11566,1.11626,1761.0
2025-09-16 22:00:00+00:00,1.11626,1.11631,1.1159,1.11611,1271.0
2025-09-16 23:00:00+00:00,1.11612,1.11695,1.11606,1.11692,1231.0
2025-09-17 00:00:00+00:00,1.1169,1.1173,1.11673,1.11712,3273.0
2025-09-17 01:00:00+00:00,1.11713,1.11758,1.11672,1.11724,3598.0
2025-09-17 02:00:00+00:00,1.11724,1.11726,1.11658,1.11672,2515.0
2025-09-17 03:00:00+00:00,1.11672,1.11708,1.11654,1.11696,1873.0
2025-09-17 04:00:00+00:00,1.11698,1.117,1.11652,1.11664,1424.0
2025-09-17 05:00:00+00:00,1.11662,1.11734,1.11634,1.11722,2286.0
2025-09-17 06:00:00+00:00,1.11724,1.11769,1.1171,1.1176,3542.0
2025-09-17 07:00:00+00:00,1.11759,1.11779,1.11687,1.1171,3661.0
2025-09-17 08:00:00+00:00,1.1171,1.11714,1.11667,1.11692,2880.0
2025-09-17 09:00:00+00:00,1.11692,1.11712,1.1165,1.11659,2720.0
2025-09-17 10:00:00+00:00,1.11658,1.11684,1.11641,1.11646,2871.0
2025-09-17 11:00:00+00:00,1.11646,1.1169,1.11596,1.11628,3281.0
2025-09-17 12:00:00+00:00,1.11629,1.11653,1.1159,1.11604,3539.0
2025-09-17 13:00:00+00:00,1.11604,1.11647,1.1159,1.11644,4533.0
2025-09-17 14:00:00+00:00,1.11641,1.11699,1.11632,1.11676,4872.0
2025-09-17 15:00:00+00:00,1.11675,1.11686,1.11638,1.11664,3962.0
2025-09-17 16:00:00+00:00,1.11664,1.1167,1.11612,1.11636,3205.0
2025-09-17 17:00:00+00:00,1.11636,1.11648,1.11607,1.1162,2760.0
2025-09-17 18:00:00+00:00,1.11622,1.11678,1.11586,1.1167,26518.0
2025-09-17 19:00:00+00:00,1.1167,1.1169,1.11538,1.11568,15993.0
2025-09-17 20:00:00+00:00,1.11569,1.11608,1.11564,1.11582,2771.0
2025-09-17 21:00:00+00:00,1.11645,1.11645,1.11512,1.11546,1179.0
2025-09-17 22:00:00+00:00,1.11546,1.11983,1.11526,1.11884,2917.0
2025-09-17 23:00:00+00:00,1.11883,1.12164,1.11883,1.12102,3360.0
2025-09-18 00:00:00+00:00,1.12103,1.12326,1.12036,1.12312,6071.0
2025-09-18 01:00:00+00:00,1.12318,1.12413,1.12092,1.12152,6866.0
2025-09-18 02:00:00+00:00,1.12153,1.12206,1.12068,1.12117,3564.0
2025-09-18 03:00:00+00:00,1.12114,1.12136,1.12058,1.12094,2723.0
2025-09-18 04:00:00+00:00,1.12097,1.12159,1.12054,1.12158,2605.0
2025-09-18 05:00:00+00:00,1.12155,1.1217,1.12089,1.12128,3701.0
2025-09-18 06:00:00+00:00,1.12128,1.12302,1.12094,1.12302,6308.0
2025-09-18 07:00:00+00:00,1.12302,1.1239,1.1226,1.12376,6336.0
2025-09-18 08:00:00+00:00,1.12376,1.12666,1.12364,1.12648,5005.0
2025-09-18 09:00:00+00:00,1.12647,1.12658,1.12528,1.12646,4965.0
2025-09-18 10:00:00+00:00,1.12646,1.12794,1.12638,1.12694,4456.0
2025-09-18 11:00:00+00:00,1.12695,1.12728,1.12625,1.12637,5214.0
2025-09-18 12:00:00+00:00,1.12637,1.12665,1.12538,1.12544,6763.0
2025-09-18 13:00:00+00:00,1.12546,1.12604,1.12506,1.12566,10109.0
2025-09-18 14:00:00+00:00,1.12564,1.12608,1.12421,1.12426,9973.0
2025-09-18 15:00:00+00:00,1.12428,1.12554,1.12416,1.12534,7258.0
2025-09-18 16:00:00+00:00,1.12535,1.12566,1.12518,1.12524,4040.0
2025-09-18 17:00:00+00:00,1.12525,1.12535,1.12484,1.12488,3108.0
2025-09-18 18:00:00+00:00,1.12488,1.12504,1.12464,1.12467,2615.0
2025-09-18 19:00:00+00:00,1.12467,1.12474,1.12408,1.12413,2264.0
2025-09-18 20:00:00+00:00,1.12412,1.12426,1.12376,1.12405,1710.0
2025-09-18 21:00:00+00:00,1.1253,1.1253,1.12382,1.12398,1674.0
2025-09-18 22:00:00+00:00,1.12382,1.12423,1.12371,1.12406,1405.0
2025-09-18 23:00:00+00:00,1.12409,1.12425,1.12306,1.1235,1701.0
2025-09-19 00:00:00+00:00,1.12347,1.12414,1.12306,1.1236,4368.0
2025-09-19 01:00:00+00:00,1.1236,1.12394,1.12324,1.12346,4991.0
2025-09-19 02:00:00+00:00,1.12347,1.1236,1.123,1.12342,3069.0
2025-09-19 03:00:00+00:00,1.12342,1.12453,1.1233,1.12446,4849.0
2025-09-19 04:00:00+00:00,1.12445,1.12504,1.12412,1.12486,4613.0
2025-09-19 05:00:00+00:00,1.12486,1.12508,1.12416,1.12424,4102.0
2025-09-19 06:00:00+00:00,1.12426,1.12548,1.12426,1.12516,6918.0
2025-09-19 07:00:00+00:00,1.12516,1.12524,1.12413,1.12436,7388.0
2025-09-19 08:00:00+00:00,1.12436,1.12464,1.12416,1.12429,5527.0
2025-09-19 09:00:00+00:00,1.1243,1.12476,1.1238,1.1239,4871.0
2025-09-19 10:00:00+00:00,1.12392,1.12436,1.12372,1.12408,3981.0
2025-09-19 11:00:00+00:00,1.12408,1.1249,1.12396,1.12474,4773.0
2025-09-19 12:00:00+00:00,1.12472,1.12511,1.12436,1.1246,5664.0
2025-09-19 13:00:00+00:00,1.1246,1.12526,1.12454,1.12514,6944.0
2025-09-19 14:00:00+00:00,1.1251,1.12592,1.12494,1.12576,8004.0
2025-09-19 15:00:00+00:00,1.12576,1.12602,1.12558,1.12592,6047.0
2025-09-19 16:00:00+00:00,1.12592,1.126,1.12562,1.12576,2828.0
2025-09-19 17:00:00+00:00,1.12576,1.12604,1.12567,1.12586,1882.0
2025-09-19 18:00:00+00:00,1.12586,1.12598,1.12564,1.12588,1574.0
2025-09-19 19:00:00+00:00,1.1259,1.12612,1.1258,1.12592,1691.0
2025-09-19 20:00:00+00:00,1.12592,1.1261,1.12536,1.12574,2281.0
2025-09-21 21:00:00+00:00,1.12574,1.12574,1.12373,1.12438,1327.0
2025-09-21 22:00:00+00:00,1.12436,1.12581,1.12434,1.12578,1137.0
2025-09-21 23:00:00+00:00,1.12578,1.12664,1.1257,1.12622,1679.0
2025-09-22 00:00:00+00:00,1.1262,1.12672,1.12546,1.12564,5008.0
2025-09-22 01:00:00+00:00,1.12566,1.12598,1.12512,1.12554,6457.0
2025-09-22 02:00:00+00:00,1.12552,1.12593,1.12522,1.12535,4518.0
2025-09-22 03:00:00+00:00,1.12536,1.12586,1.12512,1.12522,2919.0
2025-09-22 04:00:00+00:00,1.12522,1.12568,1.12492,1.12548,2508.0
2025-09-22 05:00:00+00:00,1.1255,1.12596,1.12539,1.12569,3262.0
2025-09-22 06:00:00+00:00,1.12572,1.12592,1.12509,1.12578,4729.0
2025-09-22 07:00:00+00:00,1.12575,1.12604,1.12516,1.12576,6728.0
2025-09-22 08:00:00+00:00,1.12574,1.12584,1.1252,1.12544,5528.0
2025-09-22 09:00:00+00:00,1.12546,1.12572,1.12512,1.12556,4709.0
2025-09-22 10:00:00+00:00,1.12556,1.12592,1.12532,1.12586,3975.0
2025-09-22 11:00:00+00:00,1.12587,1.12587,1.1252,1.1253,3694.0
2025-09-22 12:00:00+00:00,1.12528,1.12577,1.1249,1.12542,5572.0
2025-09-22 13:00:00+00:00,1.12541,1.12557,1.12414,1.12414,6552.0
2025-09-22 14:00:00+00:00,1.12416,1.12466,1.12394,1.1246,5430.0
2025-09-22 15:00:00+00:00,1.1246,1.1247,1.12396,1.12426,4250.0
2025-09-22 16:00:00+00:00,1.12426,1.12468,1.12421,1.12442,3133.0
2025-09-22 17:00:00+00:00,1.12444,1.12446,1.12418,1.12432,2196.0
2025-09-22 18:00:00+00:00,1.12434,1.12446,1.12414,1.12436,1724.0
2025-09-22 19:00:00+00:00,1.12436,1.12456,1.12409,1.1244,1680.0
2025-09-22 20:00:00+00:00,1.1244,1.12474,1.1242,1.12464,1218.0
2025-09-22 21:00:00+00:00,1.12507,1.12568,1.12436,1.12456,1198.0
2025-09-22 22:00:00+00:00,1.1244,1.1247,1.12429,1.12444,1703.0
2025-09-22 23:00:00+00:00,1.12444,1.12488,1.12438,1.12476,1232.0
2025-09-23 00:00:00+00:00,1.12476,1.12534,1.12406,1.12492,2529.0
2025-09-23 01:00:00+00:00,1.12488,1.12536,1.12452,1.1249,3704.0
2025-09-23 02:00:00+00:00,1.12493,1.12528,1.1243,1.12444,3254.0
2025-09-23 03:00:00+00:00,1.12444,1.12524,1.12444,1.12508,2769.0
2025-09-23 04:00:00+00:00,1.1251,1.12586,1.12508,1.1257,2260.0
2025-09-23 05:00:00+00:00,1.1257,1.12636,1.12555,1.12582,2954.0
2025-09-23 06:00:00+00:00,1.12582,1.126,1.1255,1.12572,4204.0
2025-09-23 07:00:00+00:00,1.12572,1.12661,1.12563,1.12604,5388.0
2025-09-23 08:00:00+00:00,1.12602,1.12616,1.12549,1.12566,4566.0
2025-09-23 09:00:00+00:00,1.12568,1.1264,1.12558,1.12632,3537.0
2025-09-23 10:00:00+00:00,1.12633,1.12673,1.12612,1.12621,3360.0
2025-09-23 11:00:00+00:00,1.12624,1.12676,1.12622,1.12651,2851.0
2025-09-23 12:00:00+00:00,1.1265,1.12717,1.12627,1.12707,3935.0
2025-09-23 13:00:00+00:00,1.12711,1.12792,1.12696,1.12782,6413.0
2025-09-23 14:00:00+00:00,1.1278,1.12798,1.12724,1.12734,6991.0
2025-09-23 15:00:00+00:00,1.12737,1.12744,1.12674,1.12688,3859.0
2025-09-23 16:00:00+00:00,1.12688,1.12712,1.12657,1.12696,4137.0
2025-09-23 17:00:00+00:00,1.12694,1.12706,1.12618,1.12628,4398.0
2025-09-23 18:00:00+00:00,1.12629,1.12646,1.12608,1.12642,2663.0
2025-09-23 19:00:00+00:00,1.12642,1.12656,1.12622,1.12642,2398.0
2025-09-23 20:00:00+00:00,1.12643,1.12686,1.12614,1.12634,1573.0
2025-09-23 21:00:00+00:00,1.12693,1.12763,1.12576,1.12576,1569.0
2025-09-23 22:00:00+00:00,1.1258,1.12676,1.12576,1.1266,2026.0
2025-09-23 23:00:00+00:00,1.1266,1.12678,1.12632,1.1267,1752.0
2025-09-24 00:00:00+00:00,1.12671,1.12694,1.12609,1.12623,3246.0
2025-09-24 01:00:00+00:00,1.12624,1.12836,1.12604,1.12827,5887.0
2025-09-24 02:00:00+00:00,1.12826,1.13006,1.1282,1.12984,3847.0
2025-09-24 03:00:00+00:00,1.12984,1.12986,1.12903,1.12942,2389.0
2025-09-24 04:00:00+00:00,1.12942,1.13028,1.12934,1.12971,2221.0
2025-09-24 05:00:00+00:00,1.1297,1.13122,1.12952,1.13065,2739.0
2025-09-24 06:00:00+00:00,1.13066,1.13168,1.13056,1.13092,4478.0
2025-09-24 07:00:00+00:00,1.13094,1.13129,1.13046,1.13086,4710.0
2025-09-24 08:00:00+00:00,1.13089,1.13118,1.13048,1.13102,4611.0
2025-09-24 09:00:00+00:00,1.13101,1.13167,1.13092,1.13141,2774.0
2025-09-24 10:00:00+00:00,1.13142,1.13183,1.13122,1.13135,2778.0
2025-09-24 11:00:00+00:00,1.13136,1.13188,1.13131,1.13172,3141.0
2025-09-24 12:00:00+00:00,1.1317,1.13242,1.13131,1.13132,5399.0
2025-09-24 13:00:00+00:00,1.13132,1.13308,1.1313,1.13285,7228.0
2025-09-24 14:00:00+00:00,1.13289,1.13408,1.13274,1.13304,7616.0
2025-09-24 15:00:00+00:00,1.13304,1.13336,1.13284,1.13294,5094.0
2025-09-24 16:00:00+00:00,1.13294,1.13294,1.1318,1.13182,3848.0
2025-09-24 17:00:00+00:00,1.13184,1.13234,1.1318,1.13222,2528.0
2025-09-24 18:00:00+00:00,1.13222,1.13243,1.13206,1.13236,2377.0
2025-09-24 19:00:00+00:00,1.13236,1.13246,1.13222,1.13243,1964.0
2025-09-24 20:00:00+00:00,1.13238,1.1326,1.13216,1.1324,1757.0
2025-09-24 21:00:00+00:00,1.13278,1.13278,1.13152,1.1318,2340.0
2025-09-24 22:00:00+00:00,1.13186,1.13243,1.13178,1.13234,1566.0
2025-09-24 23:00:00+00:00,1.13234,1.13258,1.13197,1.13254,1678.0
2025-09-25 00:00:00+00:00,1.13254,1.13377,1.13216,1.13376,3788.0
2025-09-25 01:00:00+00:00,1.13378,1.13414,1.133,1.1331,3990.0
2025-09-25 02:00:00+00:00,1.1331,1.13356,1.13293,1.13336,3222.0
2025-09-25 03:00:00+00:00,1.13334,1.13366,1.13236,1.13243,2372.0
2025-09-25 04:00:00+00:00,1.13244,1.13302,1.13226,1.13278,1943.0
2025-09-25 05:00:00+00:00,1.13279,1.13322,1.13268,1.13314,2620.0
2025-09-25 06:00:00+00:00,1.13316,1.13372,1.133,1.133,4176.0
2025-09-25 07:00:00+00:00,1.133,1.13306,1.13222,1.13226,4763.0
2025-09-25 08:00:00+00:00,1.13226,1.1331,1.13216,1.1322,4433.0
2025-09-25 09:00:00+00:00,1.13222,1.13292,1.13222,1.13282,3612.0
2025-09-25 10:00:00+00:00,1.13282,1.13322,1.1326,1.13278,3484.0
2025-09-25 11:00:00+00:00,1.13279,1.13316,1.13258,1.13276,4398.0
2025-09-25 12:00:00+00:00,1.13274,1.13282,1.13186,1.13214,9529.0
2025-09-25 13:00:00+00:00,1.13216,1.13392,1.13186,1.13389,10167.0
2025-09-25 14:00:00+00:00,1.1339,1.13471,1.13322,1.13326,9774.0
2025-09-25 15:00:00+00:00,1.13324,1.13438,1.13322,1.134,6237.0
2025-09-25 16:00:00+00:00,1.13403,1.13409,1.1336,1.1337,4238.0
2025-09-25 17:00:00+00:00,1.1337,1.13379,1.13324,1.13334,4377.0
2025-09-25 18:00:00+00:00,1.13332,1.13392,1.13302,1.13384,3862.0
2025-09-25 19:00:00+00:00,1.13384,1.13414,1.13346,1.13408,2605.0
2025-09-25 20:00:00+00:00,1.13409,1.1342,1.13386,1.13406,2037.0
2025-09-25 21:00:00+00:00,1.13269,1.13446,1.13256,1.13386,3438.0
2025-09-25 22:00:00+00:00,1.13409,1.1342,1.13356,1.13392,1771.0
2025-09-25 23:00:00+00:00,1.13396,1.13459,1.13379,1.13454,1603.0
2025-09-26 00:00:00+00:00,1.13452,1.13499,1.13389,1.13398,3815.0
2025-09-26 01:00:00+00:00,1.13399,1.13418,1.13344,1.1339,4364.0
2025-09-26 02:00:00+00:00,1.13392,1.13462,1.13378,1.13412,2842.0
2025-09-26 03:00:00+00:00,1.13412,1.13446,1.13392,1.13438,1828.0
2025-09-26 04:00:00+00:00,1.13436,1.13444,1.13381,1.13391,2396.0
2025-09-26 05:00:00+00:00,1.13391,1.13402,1.1336,1.13389,2491.0
2025-09-26 06:00:00+00:00,1.13392,1.13404,1.13312,1.13312,4176.0
2025-09-26 07:00:00+00:00,1.13312,1.13384,1.13312,1.13364,5152.0
2025-09-26 08:00:00+00:00,1.13356,1.13368,1.13293,1.13301,4139.0
2025-09-26 09:00:00+00:00,1.13304,1.1335,1.13288,1.13314,3680.0
2025-09-26 10:00:00+00:00,1.13312,1.13336,1.13274,1.13287,3490.0
2025-09-26 11:00:00+00:00,1.13288,1.13345,1.13276,1.13328,3482.0
2025-09-26 12:00:00+00:00,1.13328,1.13388,1.13278,1.13382,7120.0
2025-09-26 13:00:00+00:00,1.13383,1.13494,1.13344,1.13466,8470.0
2025-09-26 14:00:00+00:00,1.13467,1.13476,1.13386,1.13428,9021.0
2025-09-26 15:00:00+00:00,1.13429,1.13474,1.13412,1.13467,5395.0
2025-09-26 16:00:00+00:00,1.13467,1.13476,1.13428,1.13468,3044.0
2025-09-26 17:00:00+00:00,1.13468,1.13472,1.1344,1.13459,2704.0
2025-09-26 18:00:00+00:00,1.1346,1.13467,1.13423,1.13441,1841.0
2025-09-26 19:00:00+00:00,1.13438,1.13442,1.13416,1.1344,820.0
2025-09-26 20:00:00+00:00,1.13439,1.1344,1.13346,1.13398,1435.0
2025-09-28 21:00:00+00:00,1.13271,1.13406,1.13259,1.13372,399.0
2025-09-28 22:00:00+00:00,1.13373,1.13448,1.13364,1.13429,977.0
2025-09-28 23:00:00+00:00,1.13426,1.13438,1.13394,1.13409,1268.0
2025-09-29 00:00:00+00:00,1.13408,1.13459,1.13388,1.13458,3467.0
2025-09-29 01:00:00+00:00,1.13457,1.13501,1.1344,1.13472,4065.0
2025-09-29 02:00:00+00:00,1.13473,1.13534,1.13408,1.13428,3486.0
2025-09-29 03:00:00+00:00,1.13423,1.13524,1.13406,1.1352,2321.0
2025-09-29 04:00:00+00:00,1.13517,1.13541,1.1347,1.13476,1959.0
2025-09-29 05:00:00+00:00,1.13474,1.13498,1.13444,1.13468,2862.0
2025-09-29 06:00:00+00:00,1.13468,1.13495,1.13438,1.13444,4613.0
2025-09-29 07:00:00+00:00,1.13446,1.13495,1.13383,1.13386,4658.0
2025-09-29 08:00:00+00:00,1.13387,1.1345,1.13376,1.13442,3302.0
2025-09-29 09:00:00+00:00,1.13444,1.13486,1.13434,1.13472,3298.0
2025-09-29 10:00:00+00:00,1.13471,1.13518,1.13458,1.13466,2439.0
2025-09-29 11:00:00+00:00,1.13466,1.13513,1.13452,1.13508,2866.0
2025-09-29 12:00:00+00:00,1.13508,1.13511,1.13468,1.13474,4628.0
2025-09-29 13:00:00+00:00,1.13475,1.13577,1.1347,1.13572,6703.0
2025-09-29 14:00:00+00:00,1.13574,1.13667,1.13533,1.13667,6475.0
2025-09-29 15:00:00+00:00,1.13666,1.13696,1.13653,1.13679,4974.0
2025-09-29 16:00:00+00:00,1.13678,1.13745,1.13672,1.13728,2700.0
2025-09-29 17:00:00+00:00,1.13728,1.13796,1.13712,1.13784,2106.0
2025-09-29 18:00:00+00:00,1.13784,1.13811,1.1376,1.138,1499.0
2025-09-29 19:00:00+00:00,1.13801,1.13855,1.13774,1.13829,1951.0
2025-09-29 20:00:00+00:00,1.1383,1.13868,1.1379,1.1386,1107.0
2025-09-29 21:00:00+00:00,1.13779,1.1387,1.13762,1.13864,1798.0
2025-09-29 22:00:00+00:00,1.13858,1.1387,1.13808,1.13848,1404.0
2025-09-29 23:00:00+00:00,1.13848,1.13866,1.13798,1.1381,1587.0
2025-09-30 00:00:00+00:00,1.13808,1.13869,1.13795,1.13836,4043.0
2025-09-30 01:00:00+00:00,1.13834,1.13879,1.13809,1.13818,5110.0
2025-09-30 02:00:00+00:00,1.13818,1.13918,1.13806,1.1386,4449.0
2025-09-30 03:00:00+00:00,1.1386,1.13872,1.13798,1.138,3521.0
2025-09-30 04:00:00+00:00,1.13799,1.1414,1.13752,1.1407,4764.0
2025-09-30 05:00:00+00:00,1.1407,1.1414,1.1403,1.1407,5121.0
2025-09-30 06:00:00+00:00,1.14073,1.14073,1.1379,1.13842,6402.0
2025-09-30 07:00:00+00:00,1.13838,1.13864,1.1359,1.13829,8272.0
2025-09-30 08:00:00+00:00,1.13824,1.13956,1.1382,1.13953,7135.0
2025-09-30 09:00:00+00:00,1.13952,1.14083,1.13944,1.14082,4800.0
2025-09-30 10:00:00+00:00,1.14083,1.14096,1.1403,1.14074,3068.0
2025-09-30 11:00:00+00:00,1.14074,1.14112,1.1404,1.14066,4711.0
2025-09-30 12:00:00+00:00,1.14064,1.14128,1.14043,1.14081,5180.0
2025-09-30 13:00:00+00:00,1.1408,1.14182,1.14058,1.14085,6362.0
2025-09-30 14:00:00+00:00,1.14087,1.14158,1.14076,1.14135,8819.0
2025-09-30 15:00:00+00:00,1.14135,1.14136,1.14033,1.14053,6963.0
2025-09-30 16:00:00+00:00,1.1405,1.14134,1.14039,1.14107,4571.0
2025-09-30 17:00:00+00:00,1.14106,1.14148,1.141,1.14128,2778.0
2025-09-30 18:00:00+00:00,1.14128,1.14158,1.14101,1.14116,2290.0
2025-09-30 19:00:00+00:00,1.14116,1.14128,1.1409,1.14117,2644.0
2025-09-30 20:00:00+00:00,1.14118,1.14162,1.1411,1.14156,1453.0
2025-09-30 21:00:00+00:00,1.14094,1.14125,1.13934,1.1409,1658.0
2025-09-30 22:00:00+00:00,1.14094,1.14136,1.14073,1.14116,1725.0
2025-09-30 23:00:00+00:00,1.14113,1.14136,1.14046,1.1407,2051.0
2025-10-01 00:00:00+00:00,1.1407,1.14092,1.1402,1.14045,4146.0
2025-10-01 01:00:00+00:00,1.14045,1.14074,1.13966,1.13987,3293.0
2025-10-01 02:00:00+00:00,1.13986,1.14028,1.13901,1.13904,2764.0
2025-10-01 03:00:00+00:00,1.13904,1.13937,1.1386,1.13878,2401.0
2025-10-01 04:00:00+00:00,1.13878,1.13896,1.1378,1.13802,2772.0
2025-10-01 05:00:00+00:00,1.13802,1.1384,1.13769,1.13778,3545.0
2025-10-01 06:00:00+00:00,1.13778,1.13854,1.13769,1.13788,4831.0
2025-10-01 07:00:00+00:00,1.1379,1.13824,1.13728,1.13772,6484.0
2025-10-01 08:00:00+00:00,1.13773,1.13788,1.13694,1.13744,5293.0
2025-10-01 09:00:00+00:00,1.13742,1.13795,1.13714,1.13792,3798.0
2025-10-01 10:00:00+00:00,1.13792,1.13844,1.13788,1.1381,4303.0
2025-10-01 11:00:00+00:00,1.13809,1.13841,1.13743,1.13776,3578.0
2025-10-01 12:00:00+00:00,1.13774,1.13796,1.13604,1.13634,12098.0
2025-10-01 13:00:00+00:00,1.13635,1.13674,1.13545,1.13556,8239.0
2025-10-01 14:00:00+00:00,1.13554,1.13712,1.13554,1.13607,10069.0
2025-10-01 15:00:00+00:00,1.13609,1.13652,1.13595,1.1365,7232.0
2025-10-01 16:00:00+00:00,1.1365,1.1368,1.13642,1.13672,3871.0
2025-10-01 17:00:00+00:00,1.1367,1.13717,1.13662,1.13706,2199.0
2025-10-01 18:00:00+00:00,1.13706,1.13759,1.1369,1.13738,3061.0
2025-10-01 19:00:00+00:00,1.13738,1.13738,1.13698,1.13704,2555.0
2025-10-01 20:00:00+00:00,1.13704,1.13732,1.13667,1.137,2202.0
2025-10-01 21:00:00+00:00,1.13723,1.13845,1.1364,1.13704,2615.0
2025-10-01 22:00:00+00:00,1.13708,1.13709,1.13638,1.13651,901.0
2025-10-01 23:00:00+00:00,1.1365,1.13656,1.13605,1.13648,1388.0
2025-10-02 00:00:00+00:00,1.13646,1.13711,1.13608,1.1361,3890.0
2025-10-02 01:00:00+00:00,1.1361,1.13616,1.13458,1.1346,4097.0
2025-10-02 02:00:00+00:00,1.1346,1.13548,1.13437,1.13515,2574.0
2025-10-02 03:00:00+00:00,1.13514,1.13556,1.13474,1.13523,2275.0
2025-10-02 04:00:00+00:00,1.13522,1.13558,1.13494,1.13506,1680.0
2025-10-02 05:00:00+00:00,1.13507,1.13526,1.13396,1.13446,2653.0
2025-10-02 06:00:00+00:00,1.13446,1.13448,1.13325,1.13398,4330.0
2025-10-02 07:00:00+00:00,1.13398,1.13419,1.1331,1.134,4574.0
2025-10-02 08:00:00+00:00,1.134,1.13428,1.13344,1.13387,3852.0
2025-10-02 09:00:00+00:00,1.13386,1.13394,1.1333,1.13352,3373.0
2025-10-02 10:00:00+00:00,1.13352,1.13412,1.13338,1.13404,3361.0
2025-10-02 11:00:00+00:00,1.13406,1.13412,1.13335,1.13376,3597.0
2025-10-02 12:00:00+00:00,1.13375,1.13412,1.13348,1.13396,4284.0
2025-10-02 13:00:00+00:00,1.13395,1.13472,1.13367,1.13453,6548.0
2025-10-02 14:00:00+00:00,1.13452,1.13469,1.13344,1.13386,8200.0
2025-10-02 15:00:00+00:00,1.13384,1.13408,1.13307,1.13321,5849.0
2025-10-02 16:00:00+00:00,1.13321,1.13335,1.13284,1.1331,3719.0
2025-10-02 17:00:00+00:00,1.13312,1.13336,1.13307,1.13317,2555.0
2025-10-02 18:00:00+00:00,1.13317,1.13366,1.13309,1.13349,2125.0
2025-10-02 19:00:00+00:00,1.13351,1.13394,1.13346,1.13387,2022.0
2025-10-02 20:00:00+00:00,1.13386,1.134,1.13369,1.13397,1333.0
2025-10-02 21:00:00+00:00,1.1339,1.13441,1.13302,1.13318,1824.0
2025-10-02 22:00:00+00:00,1.13306,1.13397,1.13302,1.13386,1284.0
2025-10-02 23:00:00+00:00,1.13389,1.13403,1.13367,1.13396,1125.0
2025-10-03 00:00:00+00:00,1.13396,1.13425,1.13383,1.13402,2470.0
2025-10-03 01:00:00+00:00,1.13402,1.1344,1.13356,1.13362,4168.0
2025-10-03 02:00:00+00:00,1.13362,1.13373,1.1329,1.13341,2553.0
2025-10-03 03:00:00+00:00,1.13342,1.1337,1.13278,1.1337,2226.0
2025-10-03 04:00:00+00:00,1.13366,1.13375,1.13332,1.13347,1758.0
2025-10-03 05:00:00+00:00,1.13348,1.13356,1.1325,1.13256,3073.0
2025-10-03 06:00:00+00:00,1.13259,1.13368,1.1323,1.13364,3708.0
2025-10-03 07:00:00+00:00,1.13364,1.1339,1.13276,1.13288,3668.0
2025-10-03 08:00:00+00:00,1.13288,1.13318,1.13242,1.13283,4126.0
2025-10-03 09:00:00+00:00,1.13282,1.13322,1.13224,1.13232,3136.0
2025-10-03 10:00:00+00:00,1.1323,1.13246,1.13202,1.13223,2328.0
2025-10-03 11:00:00+00:00,1.13223,1.13232,1.1318,1.13215,3446.0
2025-10-03 12:00:00+00:00,1.13217,1.13256,1.13175,1.13234,4129.0
2025-10-03 13:00:00+00:00,1.13234,1.13318,1.13229,1.13304,5893.0
2025-10-03 14:00:00+00:00,1.13318,1.13415,1.13252,1.13294,8655.0
2025-10-03 15:00:00+00:00,1.13296,1.13304,1.13256,1.13294,4936.0
2025-10-03 16:00:00+00:00,1.13294,1.13304,1.13276,1.13288,3132.0
2025-10-03 17:00:00+00:00,1.13288,1.13292,1.13211,1.13212,3585.0
2025-10-03 18:00:00+00:00,1.13212,1.1323,1.13182,1.13198,2972.0
2025-10-03 19:00:00+00:00,1.13198,1.13216,1.13182,1.132,2024.0
2025-10-03 20:00:00+00:00,1.132,1.13222,1.13182,1.13188,1284.0
2025-10-05 21:00:00+00:00,1.13188,1.13298,1.13173,1.13282,1301.0
2025-10-05 22:00:00+00:00,1.1328,1.13306,1.13211,1.1325,3670.0
2025-10-05 23:00:00+00:00,1.13249,1.13277,1.13176,1.13222,5152.0
2025-10-06 00:00:00+00:00,1.13223,1.1328,1.13191,1.13209,5522.0
2025-10-06 01:00:00+00:00,1.13208,1.13272,1.13159,1.13254,4471.0
2025-10-06 02:00:00+00:00,1.13256,1.13299,1.13216,1.13229,2916.0
2025-10-06 03:00:00+00:00,1.13228,1.13254,1.13185,1.13252,2634.0
2025-10-06 04:00:00+00:00,1.13252,1.1327,1.13208,1.13242,3160.0
2025-10-06 05:00:00+00:00,1.13243,1.1328,1.13212,1.13272,3250.0
2025-10-06 06:00:00+00:00,1.1327,1.13288,1.13229,1.13282,5685.0
2025-10-06 07:00:00+00:00,1.13282,1.13378,1.1328,1.13332,7922.0
2025-10-06 08:00:00+00:00,1.13332,1.13398,1.13293,1.13382,6982.0
2025-10-06 09:00:00+00:00,1.13382,1.13449,1.13374,1.1344,3782.0
2025-10-06 10:00:00+00:00,1.1344,1.13461,1.13375,1.13396,4466.0
2025-10-06 11:00:00+00:00,1.13395,1.13424,1.13352,1.13368,4167.0
2025-10-06 12:00:00+00:00,1.1337,1.13378,1.13327,1.1335,6599.0
2025-10-06 13:00:00+00:00,1.1335,1.13418,1.13322,1.13352,5850.0
2025-10-06 14:00:00+00:00,1.13353,1.13356,1.13314,1.13347,6261.0
2025-10-06 15:00:00+00:00,1.13344,1.13395,1.13334,1.13383,4202.0
2025-10-06 16:00:00+00:00,1.1338,1.13381,1.13318,1.13318,2921.0
2025-10-06 17:00:00+00:00,1.1332,1.13324,1.13282,1.13316,2313.0
2025-10-06 18:00:00+00:00,1.13316,1.13316,1.13256,1.13296,1800.0
2025-10-06 19:00:00+00:00,1.13302,1.13309,1.13242,1.13245,1939.0
2025-10-06 20:00:00+00:00,1.13246,1.13288,1.13246,1.13275,1133.0
2025-10-06 21:00:00+00:00,1.13263,1.13509,1.13242,1.13244,1561.0
2025-10-06 22:00:00+00:00,1.13254,1.13355,1.13254,1.1335,2640.0
2025-10-06 23:00:00+00:00,1.13348,1.13352,1.13274,1.13287,1764.0
2025-10-07 00:00:00+00:00,1.1328,1.134,1.13273,1.13368,3796.0
2025-10-07 01:00:00+00:00,1.13368,1.13424,1.1336,1.13408,3871.0
2025-10-07 02:00:00+00:00,1.13407,1.13466,1.1338,1.1346,2745.0
2025-10-07 03:00:00+00:00,1.13462,1.13538,1.1346,1.13515,2221.0
2025-10-07 04:00:00+00:00,1.13514,1.13544,1.13451,1.1347,2902.0
2025-10-07 05:00:00+00:00,1.1347,1.13486,1.13418,1.13426,3244.0
2025-10-07 06:00:00+00:00,1.13426,1.13454,1.13402,1.13426,4820.0
2025-10-07 07:00:00+00:00,1.13422,1.13494,1.13384,1.13492,5550.0
2025-10-07 08:00:00+00:00,1.13493,1.13508,1.13444,1.13482,4056.0
2025-10-07 09:00:00+00:00,1.13483,1.13493,1.13443,1.13452,4004.0
2025-10-07 10:00:00+00:00,1.13454,1.1349,1.13443,1.13476,3846.0
2025-10-07 11:00:00+00:00,1.13476,1.135,1.13438,1.13456,4347.0
2025-10-07 12:00:00+00:00,1.13455,1.13478,1.13396,1.13414,5511.0
2025-10-07 13:00:00+00:00,1.13414,1.13466,1.13396,1.13448,6789.0
2025-10-07 14:00:00+00:00,1.13449,1.13512,1.13416,1.13452,5525.0
2025-10-07 15:00:00+00:00,1.13452,1.13507,1.13434,1.13448,6307.0
2025-10-07 16:00:00+00:00,1.13446,1.13482,1.13426,1.13451,4983.0
2025-10-07 17:00:00+00:00,1.13452,1.13503,1.13448,1.13492,4261.0
2025-10-07 18:00:00+00:00,1.13492,1.13564,1.13492,1.1354,3392.0
2025-10-07 19:00:00+00:00,1.13539,1.13552,1.13497,1.13502,2823.0
2025-10-07 20:00:00+00:00,1.13504,1.13524,1.13474,1.13485,1544.0
2025-10-07 21:00:00+00:00,1.13502,1.1357,1.13467,1.13468,1298.0
2025-10-07 22:00:00+00:00,1.13476,1.1353,1.13463,1.13528,1127.0
2025-10-07 23:00:00+00:00,1.13529,1.13542,1.13497,1.13502,2060.0
2025-10-08 00:00:00+00:00,1.13502,1.13546,1.13416,1.1345,3363.0
2025-10-08 01:00:00+00:00,1.13458,1.1446,1.13457,1.14134,11940.0
2025-10-08 02:00:00+00:00,1.14132,1.1427,1.14132,1.14188,4550.0
2025-10-08 03:00:00+00:00,1.14185,1.143,1.14174,1.14224,3363.0
2025-10-08 04:00:00+00:00,1.14225,1.14343,1.14204,1.14268,2629.0
2025-10-08 05:00:00+00:00,1.1427,1.14336,1.14222,1.14332,3134.0
2025-10-08 06:00:00+00:00,1.14331,1.14332,1.14202,1.14282,5070.0
2025-10-08 07:00:00+00:00,1.14282,1.14312,1.14087,1.14178,6211.0
2025-10-08 08:00:00+00:00,1.14179,1.14189,1.1388,1.13958,4467.0
2025-10-08 09:00:00+00:00,1.13958,1.13962,1.13804,1.13878,4064.0
2025-10-08 10:00:00+00:00,1.13877,1.13921,1.13854,1.1389,3497.0
2025-10-08 11:00:00+00:00,1.13889,1.13902,1.1374,1.13746,3090.0
2025-10-08 12:00:00+00:00,1.13746,1.13859,1.13742,1.13858,3881.0
2025-10-08 13:00:00+00:00,1.13856,1.13958,1.13816,1.13954,5226.0
2025-10-08 14:00:00+00:00,1.13956,1.13968,1.13832,1.13841,5145.0
2025-10-08 15:00:00+00:00,1.13841,1.13933,1.13836,1.13914,4006.0
2025-10-08 16:00:00+00:00,1.13914,1.13924,1.13878,1.13888,3220.0
2025-10-08 17:00:00+00:00,1.1389,1.13916,1.13856,1.13904,2179.0
2025-10-08 18:00:00+00:00,1.13904,1.1392,1.13868,1.13884,4122.0
2025-10-08 19:00:00+00:00,1.13886,1.13892,1.13863,1.13863,2633.0
2025-10-08 20:00:00+00:00,1.13863,1.13895,1.13816,1.13818,1267.0
2025-10-08 21:00:00+00:00,1.13791,1.13894,1.13736,1.1384,1796.0
2025-10-08 22:00:00+00:00,1.1384,1.13877,1.13814,1.13863,1721.0
2025-10-08 23:00:00+00:00,1.13864,1.1387,1.13803,1.13844,1891.0
2025-10-09 00:00:00+00:00,1.13844,1.1387,1.13823,1.13856,3218.0
2025-10-09 01:00:00+00:00,1.13855,1.13858,1.13724,1.13804,5084.0
2025-10-09 02:00:00+00:00,1.13804,1.13832,1.13667,1.13674,2781.0
2025-10-09 03:00:00+00:00,1.13676,1.1382,1.13676,1.13811,2141.0
2025-10-09 04:00:00+00:00,1.13812,1.1384,1.13746,1.13826,1814.0
2025-10-09 05:00:00+00:00,1.13826,1.13942,1.13822,1.13942,2546.0
2025-10-09 06:00:00+00:00,1.13946,1.1406,1.13889,1.13971,5824.0
2025-10-09 07:00:00+00:00,1.1397,1.14124,1.13961,1.14088,5462.0
2025-10-09 08:00:00+00:00,1.1409,1.14105,1.14002,1.14098,4771.0
2025-10-09 09:00:00+00:00,1.14098,1.14129,1.14044,1.14124,4582.0
2025-10-09 10:00:00+00:00,1.14125,1.14166,1.14094,1.14124,3036.0
2025-10-09 11:00:00+00:00,1.14124,1.14198,1.1412,1.14148,3156.0
2025-10-09 12:00:00+00:00,1.14144,1.14262,1.14142,1.14262,4136.0
2025-10-09 13:00:00+00:00,1.1426,1.14292,1.14182,1.14196,8474.0
2025-10-09 14:00:00+00:00,1.14192,1.14192,1.14056,1.14122,9764.0
2025-10-09 15:00:00+00:00,1.14124,1.14141,1.14052,1.1411,7311.0
2025-10-09 16:00:00+00:00,1.14108,1.14142,1.14058,1.14069,5595.0
2025-10-09 17:00:00+00:00,1.14068,1.1408,1.14033,1.14043,5026.0
2025-10-09 18:00:00+00:00,1.14043,1.14084,1.1402,1.14044,3188.0
2025-10-09 19:00:00+00:00,1.14045,1.1409,1.1404,1.14067,2771.0
2025-10-09 20:00:00+00:00,1.14067,1.14102,1.1403,1.14102,1572.0
2025-10-09 21:00:00+00:00,1.1402,1.14076,1.14014,1.14066,1026.0
2025-10-09 22:00:00+00:00,1.14078,1.14107,1.14033,1.14091,1605.0
2025-10-09 23:00:00+00:00,1.1409,1.14164,1.14054,1.14058,2456.0
2025-10-10 00:00:00+00:00,1.14058,1.14168,1.14054,1.14134,4857.0
2025-10-10 01:00:00+00:00,1.14134,1.1417,1.14099,1.14155,4392.0
2025-10-10 02:00:00+00:00,1.14154,1.14192,1.1415,1.14175,3292.0
2025-10-10 03:00:00+00:00,1.14176,1.14192,1.14093,1.14104,3125.0
2025-10-10 04:00:00+00:00,1.14104,1.14141,1.14078,1.14092,2516.0
2025-10-10 05:00:00+00:00,1.14091,1.14128,1.14045,1.14126,3299.0
2025-10-10 06:00:00+00:00,1.14128,1.14148,1.14008,1.14016,6227.0
2025-10-10 07:00:00+00:00,1.14022,1.1406,1.13984,1.14006,7101.0
2025-10-10 08:00:00+00:00,1.14004,1.14011,1.13895,1.13914,5421.0
2025-10-10 09:00:00+00:00,1.13915,1.13956,1.13869,1.1395,4874.0
2025-10-10 10:00:00+00:00,1.13951,1.13974,1.13926,1.1396,4107.0
2025-10-10 11:00:00+00:00,1.1396,1.1398,1.1394,1.13959,5015.0
2025-10-10 12:00:00+00:00,1.13962,1.1398,1.13924,1.13956,6508.0
2025-10-10 13:00:00+00:00,1.13956,1.13992,1.13866,1.13873,6067.0
2025-10-10 14:00:00+00:00,1.13875,1.13999,1.13873,1.13924,8177.0
2025-10-10 15:00:00+00:00,1.1392,1.13922,1.13246,1.13286,20772.0
2025-10-10 16:00:00+00:00,1.13286,1.13406,1.1325,1.13315,11952.0
2025-10-10 17:00:00+00:00,1.13313,1.13416,1.13304,1.13379,5011.0
2025-10-10 18:00:00+00:00,1.13384,1.13387,1.13276,1.13307,2050.0
2025-10-10 19:00:00+00:00,1.13301,1.13316,1.13247,1.13288,1768.0
2025-10-10 20:00:00+00:00,1.13289,1.13289,1.13142,1.13152,3128.0
2025-10-12 21:00:00+00:00,1.1341,1.1359,1.13245,1.13358,2836.0
2025-10-12 22:00:00+00:00,1.13331,1.13444,1.13314,1.13334,5678.0
2025-10-12 23:00:00+00:00,1.13336,1.13506,1.13318,1.13489,5420.0
2025-10-13 00:00:00+00:00,1.1349,1.13616,1.13475,1.13596,7229.0
2025-10-13 01:00:00+00:00,1.136,1.13714,1.13574,1.1369,7214.0
2025-10-13 02:00:00+00:00,1.1369,1.13718,1.13666,1.13699,4008.0
2025-10-13 03:00:00+00:00,1.137,1.1373,1.13619,1.13638,3695.0
2025-10-13 04:00:00+00:00,1.13638,1.13684,1.13621,1.13664,2597.0
2025-10-13 05:00:00+00:00,1.1366,1.13738,1.13652,1.13694,4026.0
2025-10-13 06:00:00+00:00,1.13695,1.13705,1.13646,1.13678,5900.0
2025-10-13 07:00:00+00:00,1.13678,1.13714,1.13606,1.137,8095.0
2025-10-13 08:00:00+00:00,1.137,1.13834,1.13694,1.13784,5832.0
2025-10-13 09:00:00+00:00,1.13783,1.13783,1.137,1.1376,4205.0
2025-10-13 10:00:00+00:00,1.1376,1.1383,1.13755,1.13784,4151.0
2025-10-13 11:00:00+00:00,1.13784,1.1379,1.13701,1.13756,6355.0
2025-10-13 12:00:00+00:00,1.13754,1.13788,1.13735,1.13756,5313.0
2025-10-13 13:00:00+00:00,1.13756,1.13799,1.13688,1.13732,7856.0
2025-10-13 14:00:00+00:00,1.13734,1.13794,1.13723,1.1374,8327.0
2025-10-13 15:00:00+00:00,1.13742,1.13788,1.13716,1.1372,5165.0
2025-10-13 16:00:00+00:00,1.13722,1.13778,1.13715,1.1377,3203.0
2025-10-13 17:00:00+00:00,1.13768,1.13776,1.13735,1.13742,2235.0
2025-10-13 18:00:00+00:00,1.13742,1.13769,1.13721,1.13724,1968.0
2025-10-13 19:00:00+00:00,1.13725,1.13782,1.13716,1.13782,1463.0
2025-10-13 20:00:00+00:00,1.13781,1.13794,1.13742,1.13794,790.0
2025-10-13 21:00:00+00:00,1.13764,1.13872,1.1371,1.13812,1483.0
2025-10-13 22:00:00+00:00,1.13812,1.13834,1.13758,1.13826,1570.0
2025-10-13 23:00:00+00:00,1.13827,1.13922,1.13813,1.13906,2614.0
2025-10-14 00:00:00+00:00,1.13907,1.13951,1.13888,1.13911,5110.0
2025-10-14 01:00:00+00:00,1.13912,1.13919,1.13762,1.13776,5080.0
2025-10-14 02:00:00+00:00,1.13778,1.13858,1.13742,1.13852,2704.0
2025-10-14 03:00:00+00:00,1.1385,1.1386,1.1375,1.13782,4249.0
2025-10-14 04:00:00+00:00,1.1378,1.13791,1.13531,1.13546,6537.0
2025-10-14 05:00:00+00:00,1.13542,1.13608,1.13448,1.13492,5510.0
2025-10-14 06:00:00+00:00,1.13495,1.13628,1.1347,1.13576,7440.0
2025-10-14 07:00:00+00:00,1.13578,1.13648,1.13386,1.13446,8511.0
2025-10-14 08:00:00+00:00,1.13447,1.13534,1.1343,1.1348,4832.0
2025-10-14 09:00:00+00:00,1.13479,1.13501,1.134,1.1341,4401.0
2025-10-14 10:00:00+00:00,1.1341,1.13428,1.13312,1.1333,4276.0
2025-10-14 11:00:00+00:00,1.13332,1.13494,1.13328,1.1347,4380.0
2025-10-14 12:00:00+00:00,1.1347,1.13473,1.13226,1.13266,4953.0
2025-10-14 13:00:00+00:00,1.13266,1.134,1.13266,1.13373,9390.0
2025-10-14 14:00:00+00:00,1.13374,1.13544,1.1336,1.13524,8528.0
2025-10-14 15:00:00+00:00,1.13524,1.13537,1.13472,1.13523,6242.0
2025-10-14 16:00:00+00:00,1.13524,1.13568,1.13492,1.1351,6796.0
2025-10-14 17:00:00+00:00,1.13508,1.13552,1.1348,1.13518,5003.0
2025-10-14 18:00:00+00:00,1.13518,1.13552,1.13501,1.13546,3149.0
2025-10-14 19:00:00+00:00,1.13546,1.13578,1.13458,1.1351,4959.0
2025-10-14 20:00:00+00:00,1.13511,1.13538,1.1348,1.13502,1819.0
2025-10-14 21:00:00+00:00,1.13459,1.13515,1.1341,1.13495,1022.0
2025-10-14 22:00:00+00:00,1.13494,1.1361,1.13486,1.13603,1746.0
2025-10-14 23:00:00+00:00,1.13604,1.13652,1.1359,1.13637,1968.0
2025-10-15 00:00:00+00:00,1.13632,1.13742,1.13619,1.13736,4127.0
2025-10-15 01:00:00+00:00,1.13734,1.13745,1.1362,1.13686,5690.0
2025-10-15 02:00:00+00:00,1.13688,1.1379,1.13666,1.13786,3799.0
2025-10-15 03:00:00+00:00,1.13785,1.13881,1.1377,1.13818,2676.0
2025-10-15 04:00:00+00:00,1.13818,1.13918,1.13813,1.13874,1955.0
2025-10-15 05:00:00+00:00,1.13877,1.13932,1.13874,1.13917,2460.0
2025-10-15 06:00:00+00:00,1.13919,1.13931,1.1383,1.1384,4969.0
2025-10-15 07:00:00+00:00,1.13842,1.13874,1.1375,1.13869,4768.0
2025-10-15 08:00:00+00:00,1.1387,1.13874,1.13786,1.13819,3869.0
2025-10-15 09:00:00+00:00,1.13818,1.13865,1.13814,1.13826,3630.0
2025-10-15 10:00:00+00:00,1.13828,1.13859,1.1382,1.13841,3025.0
2025-10-15 11:00:00+00:00,1.1384,1.13852,1.13792,1.13818,2410.0
2025-10-15 12:00:00+00:00,1.13816,1.13895,1.13812,1.13839,5172.0
2025-10-15 13:00:00+00:00,1.1384,1.13884,1.13755,1.13781,7506.0
2025-10-15 14:00:00+00:00,1.13782,1.13906,1.13781,1.13859,6603.0
2025-10-15 15:00:00+00:00,1.1386,1.13882,1.1375,1.13799,6730.0
2025-10-15 16:00:00+00:00,1.13801,1.1388,1.13794,1.1385,5308.0
2025-10-15 17:00:00+00:00,1.1385,1.13854,1.13708,1.13826,8106.0
2025-10-15 18:00:00+00:00,1.13826,1.13826,1.13773,1.13792,2131.0
2025-10-15 19:00:00+00:00,1.13794,1.13809,1.1376,1.1379,2358.0
2025-10-15 20:00:00+00:00,1.13792,1.13806,1.13762,1.13775,1434.0
2025-10-15 21:00:00+00:00,1.13782,1.1387,1.13734,1.13826,1589.0
2025-10-15 22:00:00+00:00,1.13828,1.13886,1.13798,1.13842,2037.0
2025-10-15 23:00:00+00:00,1.13842,1.13882,1.13822,1.13864,2473.0
2025-10-16 00:00:00+00:00,1.13865,1.1393,1.13078,1.13256,7638.0
2025-10-16 01:00:00+00:00,1.13258,1.13362,1.12912,1.12955,7755.0
2025-10-16 02:00:00+00:00,1.12952,1.13041,1.12866,1.12978,4989.0
2025-10-16 03:00:00+00:00,1.12978,1.13014,1.12917,1.13001,3568.0
2025-10-16 04:00:00+00:00,1.13002,1.13064,1.12964,1.13002,2443.0
2025-10-16 05:00:00+00:00,1.13,1.13104,1.12987,1.13086,3493.0
2025-10-16 06:00:00+00:00,1.13086,1.13242,1.13066,1.13232,4792.0
2025-10-16 07:00:00+00:00,1.13232,1.13402,1.13218,1.13394,5753.0
2025-10-16 08:00:00+00:00,1.13394,1.13424,1.13333,1.13403,3813.0
2025-10-16 09:00:00+00:00,1.134,1.1346,1.13386,1.1341,3030.0
2025-10-16 10:00:00+00:00,1.1341,1.13442,1.13388,1.13424,2631.0
2025-10-16 11:00:00+00:00,1.13422,1.13448,1.13356,1.13364,2930.0
2025-10-16 12:00:00+00:00,1.13363,1.13373,1.1324,1.1329,4452.0
2025-10-16 13:00:00+00:00,1.13289,1.13384,1.13288,1.13329,6943.0
2025-10-16 14:00:00+00:00,1.13328,1.13367,1.13256,1.133,7424.0
2025-10-16 15:00:00+00:00,1.13299,1.13343,1.13234,1.13265,7943.0
2025-10-16 16:00:00+00:00,1.13264,1.13284,1.13029,1.13245,10109.0
2025-10-16 17:00:00+00:00,1.13245,1.1326,1.13146,1.13164,7003.0
2025-10-16 18:00:00+00:00,1.13164,1.13258,1.13066,1.1324,6169.0
2025-10-16 19:00:00+00:00,1.13244,1.13285,1.13202,1.13273,4739.0
2025-10-16 20:00:00+00:00,1.13274,1.13312,1.13266,1.13286,1599.0
2025-10-16 21:00:00+00:00,1.13304,1.13326,1.13213,1.13275,938.0
2025-10-16 22:00:00+00:00,1.13286,1.13328,1.13242,1.13255,2494.0
2025-10-16 23:00:00+00:00,1.13256,1.13278,1.13157,1.13196,2993.0
2025-10-17 00:00:00+00:00,1.13194,1.13236,1.1313,1.13196,5605.0
2025-10-17 01:00:00+00:00,1.13196,1.13208,1.1313,1.13156,8098.0
2025-10-17 02:00:00+00:00,1.13156,1.13168,1.12969,1.13056,4933.0
2025-10-17 03:00:00+00:00,1.13056,1.13066,1.129,1.1292,3630.0
2025-10-17 04:00:00+00:00,1.12922,1.1297,1.12858,1.12932,3437.0
2025-10-17 05:00:00+00:00,1.1293,1.12958,1.1285,1.12926,4722.0
2025-10-17 06:00:00+00:00,1.12926,1.12944,1.12802,1.12824,7639.0
2025-10-17 07:00:00+00:00,1.12823,1.12976,1.12775,1.12968,11855.0
2025-10-17 08:00:00+00:00,1.12967,1.12983,1.12878,1.12924,8766.0
2025-10-17 09:00:00+00:00,1.12924,1.12986,1.12896,1.12925,6635.0
2025-10-17 10:00:00+00:00,1.12924,1.1304,1.1288,1.13018,6325.0
2025-10-17 11:00:00+00:00,1.13018,1.1324,1.12964,1.13216,11329.0
2025-10-17 12:00:00+00:00,1.13216,1.13351,1.13185,1.1326,9899.0
2025-10-17 13:00:00+00:00,1.13253,1.13412,1.13242,1.13328,10646.0
2025-10-17 14:00:00+00:00,1.1332,1.13435,1.1329,1.1341,12083.0
2025-10-17 15:00:00+00:00,1.1341,1.13416,1.1329,1.13365,8840.0
2025-10-17 16:00:00+00:00,1.13362,1.13399,1.13294,1.13308,5411.0
2025-10-17 17:00:00+00:00,1.13308,1.13354,1.13279,1.13346,6367.0
2025-10-17 18:00:00+00:00,1.13344,1.134,1.1333,1.1333,3253.0
2025-10-17 19:00:00+00:00,1.13328,1.13337,1.1327,1.13276,2160.0
2025-10-17 20:00:00+00:00,1.13276,1.1349,1.13268,1.13472,2757.0
2025-10-19 21:00:00+00:00,1.1334,1.13604,1.13232,1.13594,1569.0
2025-10-19 22:00:00+00:00,1.13592,1.13602,1.1342,1.13454,2388.0
2025-10-19 23:00:00+00:00,1.13455,1.13478,1.13382,1.1344,2685.0
2025-10-20 00:00:00+00:00,1.13442,1.13448,1.13382,1.1341,4833.0
2025-10-20 01:00:00+00:00,1.13409,1.13484,1.13352,1.13427,4792.0
2025-10-20 02:00:00+00:00,1.13428,1.13472,1.13382,1.13434,2942.0
2025-10-20 03:00:00+00:00,1.13436,1.13442,1.13328,1.13366,1962.0
2025-10-20 04:00:00+00:00,1.13368,1.13414,1.13346,1.13368,2201.0
2025-10-20 05:00:00+00:00,1.13368,1.13374,1.13303,1.13364,2460.0
2025-10-20 06:00:00+00:00,1.13362,1.13392,1.13307,1.13324,4785.0
2025-10-20 07:00:00+00:00,1.13322,1.13394,1.13282,1.13308,4732.0
2025-10-20 08:00:00+00:00,1.13308,1.1332,1.13202,1.13218,3886.0
2025-10-20 09:00:00+00:00,1.13218,1.13304,1.13193,1.1329,4336.0
2025-10-20 10:00:00+00:00,1.1329,1.13322,1.13275,1.13298,3463.0
2025-10-20 11:00:00+00:00,1.133,1.13316,1.13252,1.13284,3491.0
2025-10-20 12:00:00+00:00,1.13283,1.13292,1.13211,1.1325,5425.0
2025-10-20 13:00:00+00:00,1.13252,1.1332,1.1323,1.13296,6534.0
2025-10-20 14:00:00+00:00,1.13294,1.13376,1.1325,1.13374,6096.0
2025-10-20 15:00:00+00:00,1.13374,1.13375,1.13298,1.13318,5675.0
2025-10-20 16:00:00+00:00,1.13318,1.13342,1.1331,1.13318,4011.0
2025-10-20 17:00:00+00:00,1.1332,1.13366,1.13314,1.13343,2748.0
2025-10-20 18:00:00+00:00,1.13343,1.13384,1.13343,1.13378,2255.0
2025-10-20 19:00:00+00:00,1.13382,1.13392,1.13356,1.13386,1982.0
2025-10-20 20:00:00+00:00,1.13387,1.13404,1.13378,1.13394,1411.0
2025-10-20 21:00:00+00:00,1.1343,1.13441,1.13329,1.13417,1087.0
2025-10-20 22:00:00+00:00,1.13396,1.1342,1.13369,1.13412,1468.0
2025-10-20 23:00:00+00:00,1.13412,1.13455,1.13386,1.13454,1864.0
2025-10-21 00:00:00+00:00,1.13453,1.13466,1.13404,1.13448,3953.0
2025-10-21 01:00:00+00:00,1.13447,1.13467,1.13402,1.13448,4253.0
2025-10-21 02:00:00+00:00,1.13448,1.13534,1.13427,1.13514,4215.0
2025-10-21 03:00:00+00:00,1.13512,1.13542,1.1349,1.13511,2749.0
2025-10-21 04:00:00+00:00,1.1351,1.13558,1.13484,1.1351,3073.0
2025-10-21 05:00:00+00:00,1.13508,1.13547,1.13475,1.13498,4707.0
2025-10-21 06:00:00+00:00,1.135,1.13514,1.13453,1.13498,5081.0
2025-10-21 07:00:00+00:00,1.135,1.13506,1.13446,1.13484,5970.0
2025-10-21 08:00:00+00:00,1.13485,1.1349,1.1338,1.1347,6562.0
2025-10-21 09:00:00+00:00,1.13467,1.13499,1.13382,1.13498,4123.0
2025-10-21 10:00:00+00:00,1.13497,1.13507,1.13454,1.13494,4169.0
2025-10-21 11:00:00+00:00,1.13494,1.13498,1.13432,1.13447,4479.0
2025-10-21 12:00:00+00:00,1.13448,1.1346,1.13364,1.13369,6684.0
2025-10-21 13:00:00+00:00,1.13368,1.13389,1.13152,1.13178,7658.0
2025-10-21 14:00:00+00:00,1.13176,1.13222,1.1314,1.13158,9302.0
2025-10-21 15:00:00+00:00,1.13157,1.13168,1.13096,1.131,6853.0
2025-10-21 16:00:00+00:00,1.131,1.13137,1.13034,1.13044,6493.0
2025-10-21 17:00:00+00:00,1.13042,1.13042,1.12977,1.12993,4646.0
2025-10-21 18:00:00+00:00,1.12993,1.1304,1.12988,1.12998,2339.0
2025-10-21 19:00:00+00:00,1.12998,1.13024,1.12964,1.12964,2354.0
2025-10-21 20:00:00+00:00,1.12965,1.13024,1.12964,1.12999,1427.0
2025-10-21 21:00:00+00:00,1.13082,1.13108,1.13008,1.1309,1975.0
2025-10-21 22:00:00+00:00,1.13086,1.13086,1.13005,1.13062,1654.0
2025-10-21 23:00:00+00:00,1.13066,1.13088,1.13023,1.13047,1751.0
2025-10-22 00:00:00+00:00,1.13048,1.13064,1.12935,1.12968,5700.0
2025-10-22 01:00:00+00:00,1.12968,1.13036,1.12944,1.13014,4589.0
2025-10-22 02:00:00+00:00,1.13014,1.13014,1.12966,1.12996,2810.0
2025-10-22 03:00:00+00:00,1.12997,1.13022,1.12946,1.13005,2658.0
2025-10-22 04:00:00+00:00,1.13006,1.1306,1.12995,1.13004,2464.0
2025-10-22 05:00:00+00:00,1.13002,1.13042,1.1298,1.13006,2729.0
2025-10-22 06:00:00+00:00,1.13006,1.13066,1.12988,1.13,5072.0
2025-10-22 07:00:00+00:00,1.13001,1.13066,1.12998,1.13056,5561.0
2025-10-22 08:00:00+00:00,1.13056,1.13078,1.12989,1.13003,5474.0
2025-10-22 09:00:00+00:00,1.13002,1.1305,1.12924,1.13041,3826.0
2025-10-22 10:00:00+00:00,1.13041,1.13058,1.13016,1.13017,3231.0
2025-10-22 11:00:00+00:00,1.13015,1.13034,1.12952,1.12996,4582.0
2025-10-22 12:00:00+00:00,1.12998,1.13006,1.12938,1.12994,5408.0
2025-10-22 13:00:00+00:00,1.12994,1.1307,1.12972,1.1304,6176.0
2025-10-22 14:00:00+00:00,1.1304,1.13101,1.12981,1.13071,8079.0
2025-10-22 15:00:00+00:00,1.1307,1.13072,1.12992,1.13049,6941.0
2025-10-22 16:00:00+00:00,1.13048,1.1307,1.1287,1.12996,9313.0
2025-10-22 17:00:00+00:00,1.12995,1.13026,1.12943,1.12983,6150.0
2025-10-22 18:00:00+00:00,1.12983,1.13055,1.12952,1.13042,5434.0
2025-10-22 19:00:00+00:00,1.1304,1.13083,1.1303,1.13068,4159.0
2025-10-22 20:00:00+00:00,1.13068,1.13091,1.1304,1.1308,1466.0
2025-10-22 21:00:00+00:00,1.13071,1.13117,1.13016,1.13098,930.0
2025-10-22 22:00:00+00:00,1.13094,1.13104,1.13049,1.13102,1600.0
2025-10-22 23:00:00+00:00,1.13102,1.1313,1.1308,1.1311,2234.0
2025-10-23 00:00:00+00:00,1.13109,1.13124,1.13067,1.13094,4200.0
2025-10-23 01:00:00+00:00,1.13093,1.13152,1.13085,1.13108,3923.0
2025-10-23 02:00:00+00:00,1.13109,1.13142,1.13078,1.13127,3716.0
2025-10-23 03:00:00+00:00,1.13126,1.13194,1.13106,1.13178,2796.0
2025-10-23 04:00:00+00:00,1.13177,1.13205,1.13162,1.13172,2472.0
2025-10-23 05:00:00+00:00,1.13171,1.13213,1.13162,1.13196,2857.0
2025-10-23 06:00:00+00:00,1.13196,1.1328,1.13168,1.13246,5678.0
2025-10-23 07:00:00+00:00,1.13247,1.13255,1.13188,1.13205,5464.0
2025-10-23 08:00:00+00:00,1.13208,1.13297,1.13188,1.13291,4445.0
2025-10-23 09:00:00+00:00,1.1329,1.13308,1.13219,1.13288,4260.0
2025-10-23 10:00:00+00:00,1.13287,1.13294,1.13254,1.13281,3391.0
2025-10-23 11:00:00+00:00,1.13282,1.13299,1.1322,1.1324,3548.0
2025-10-23 12:00:00+00:00,1.1324,1.13256,1.13204,1.1324,5210.0
2025-10-23 13:00:00+00:00,1.1324,1.13304,1.1321,1.13258,6712.0
2025-10-23 14:00:00+00:00,1.13259,1.1332,1.13233,1.13313,6504.0
2025-10-23 15:00:00+00:00,1.13314,1.13338,1.13278,1.1331,5618.0
2025-10-23 16:00:00+00:00,1.1331,1.13328,1.13274,1.13292,3867.0
2025-10-23 17:00:00+00:00,1.13291,1.13322,1.13245,1.1325,4429.0
2025-10-23 18:00:00+00:00,1.1325,1.13282,1.1325,1.13257,2144.0
2025-10-23 19:00:00+00:00,1.13258,1.13262,1.13206,1.13206,1902.0
2025-10-23 20:00:00+00:00,1.13208,1.13243,1.13196,1.13232,1342.0
2025-10-23 21:00:00+00:00,1.13199,1.13245,1.1316,1.13176,1594.0
2025-10-23 22:00:00+00:00,1.13177,1.13262,1.13177,1.13253,1752.0
2025-10-23 23:00:00+00:00,1.13252,1.13253,1.13189,1.13204,1424.0
2025-10-24 00:00:00+00:00,1.13204,1.1321,1.13146,1.13162,3321.0
2025-10-24 01:00:00+00:00,1.13162,1.13245,1.13148,1.13188,3401.0
2025-10-24 02:00:00+00:00,1.13188,1.13203,1.13072,1.13074,4070.0
2025-10-24 03:00:00+00:00,1.13076,1.13128,1.13072,1.1311,2650.0
2025-10-24 04:00:00+00:00,1.1311,1.13118,1.13039,1.13114,2067.0
2025-10-24 05:00:00+00:00,1.13114,1.13128,1.13065,1.13118,2389.0
2025-10-24 06:00:00+00:00,1.13118,1.13146,1.13077,1.13085,3848.0
2025-10-24 07:00:00+00:00,1.13084,1.13102,1.12996,1.13082,4703.0
2025-10-24 08:00:00+00:00,1.13082,1.13118,1.13048,1.13098,4576.0
2025-10-24 09:00:00+00:00,1.13097,1.13162,1.1308,1.13146,3289.0
2025-10-24 10:00:00+00:00,1.13146,1.13161,1.131,1.13145,2294.0
2025-10-24 11:00:00+00:00,1.13146,1.132,1.13143,1.13196,3049.0
2025-10-24 12:00:00+00:00,1.13198,1.13224,1.1293,1.13194,10206.0
2025-10-24 13:00:00+00:00,1.13194,1.1324,1.1317,1.13179,10176.0
2025-10-24 14:00:00+00:00,1.13178,1.13252,1.13108,1.13249,8852.0
2025-10-24 15:00:00+00:00,1.1325,1.13298,1.1321,1.13285,5574.0
2025-10-24 16:00:00+00:00,1.13284,1.13304,1.13264,1.1328,3246.0
2025-10-24 17:00:00+00:00,1.1328,1.133,1.13266,1.13272,2115.0
2025-10-24 18:00:00+00:00,1.1327,1.13292,1.1326,1.13284,1976.0
2025-10-24 19:00:00+00:00,1.13286,1.13294,1.13256,1.1327,1660.0
2025-10-24 20:00:00+00:00,1.1327,1.13332,1.13259,1.13322,1805.0
2025-10-26 21:00:00+00:00,1.13154,1.13494,1.13151,1.13242,2122.0
2025-10-26 22:00:00+00:00,1.13253,1.13502,1.13244,1.13386,3402.0
2025-10-26 23:00:00+00:00,1.13388,1.13452,1.13387,1.13442,2448.0
2025-10-27 00:00:00+00:00,1.13442,1.13472,1.1335,1.1336,3483.0
2025-10-27 01:00:00+00:00,1.13361,1.13429,1.13327,1.13426,5023.0
2025-10-27 02:00:00+00:00,1.13426,1.13482,1.13416,1.13474,2313.0
2025-10-27 03:00:00+00:00,1.13472,1.13523,1.13442,1.13458,2125.0
2025-10-27 04:00:00+00:00,1.13457,1.13505,1.1345,1.13466,1771.0
2025-10-27 05:00:00+00:00,1.13468,1.13509,1.1346,1.13486,2003.0
2025-10-27 06:00:00+00:00,1.13486,1.13502,1.1345,1.13481,3213.0
2025-10-27 07:00:00+00:00,1.13486,1.13608,1.13471,1.13598,3957.0
2025-10-27 08:00:00+00:00,1.13597,1.13785,1.13526,1.1378,4713.0
2025-10-27 09:00:00+00:00,1.13785,1.13807,1.13718,1.13781,4792.0
2025-10-27 10:00:00+00:00,1.13782,1.13818,1.1376,1.13768,3633.0
2025-10-27 11:00:00+00:00,1.13768,1.13795,1.13696,1.13716,3919.0
2025-10-27 12:00:00+00:00,1.13715,1.13758,1.1369,1.13734,3975.0
2025-10-27 13:00:00+00:00,1.13734,1.1375,1.13667,1.1375,5167.0
2025-10-27 14:00:00+00:00,1.1375,1.13756,1.13676,1.13707,5255.0
2025-10-27 15:00:00+00:00,1.13707,1.1375,1.13686,1.13748,4497.0
2025-10-27 16:00:00+00:00,1.1375,1.13753,1.13704,1.13712,3207.0
2025-10-27 17:00:00+00:00,1.13714,1.13749,1.13696,1.13733,2684.0
2025-10-27 18:00:00+00:00,1.13733,1.13733,1.1362,1.13625,2397.0
2025-10-27 19:00:00+00:00,1.13624,1.13632,1.13592,1.13624,2359.0
2025-10-27 20:00:00+00:00,1.13623,1.1364,1.1358,1.1364,2211.0
2025-10-27 21:00:00+00:00,1.13587,1.13632,1.13573,1.1362,1300.0
2025-10-27 22:00:00+00:00,1.13616,1.13648,1.13584,1.13597,1918.0
2025-10-27 23:00:00+00:00,1.13596,1.13597,1.13498,1.13573,2159.0
2025-10-28 00:00:00+00:00,1.13572,1.13576,1.135,1.13529,3766.0
2025-10-28 01:00:00+00:00,1.13528,1.13558,1.13512,1.13534,4592.0
2025-10-28 02:00:00+00:00,1.13534,1.13578,1.13517,1.13563,3671.0
2025-10-28 03:00:00+00:00,1.13562,1.13593,1.1353,1.13546,2999.0
2025-10-28 04:00:00+00:00,1.13546,1.13547,1.13484,1.13501,3685.0
2025-10-28 05:00:00+00:00,1.135,1.1351,1.13444,1.13473,3159.0
2025-10-28 06:00:00+00:00,1.13474,1.13546,1.13463,1.13535,3490.0
2025-10-28 07:00:00+00:00,1.13534,1.1359,1.13532,1.13554,4473.0
2025-10-28 08:00:00+00:00,1.13556,1.13606,1.13514,1.13588,5956.0
2025-10-28 09:00:00+00:00,1.13588,1.13617,1.13564,1.13583,3676.0
2025-10-28 10:00:00+00:00,1.13582,1.13602,1.13557,1.13592,3660.0
2025-10-28 11:00:00+00:00,1.13592,1.13605,1.13562,1.13576,3746.0
2025-10-28 12:00:00+00:00,1.13574,1.13687,1.13574,1.13658,5062.0
2025-10-28 13:00:00+00:00,1.13658,1.13806,1.13654,1.13748,5903.0
2025-10-28 14:00:00+00:00,1.13748,1.13826,1.13724,1.13736,7330.0
2025-10-28 15:00:00+00:00,1.13737,1.13932,1.13674,1.13928,5363.0
2025-10-28 16:00:00+00:00,1.13926,1.13957,1.13822,1.13824,5671.0
2025-10-28 17:00:00+00:00,1.13824,1.13872,1.13806,1.13854,3518.0
2025-10-28 18:00:00+00:00,1.13854,1.13918,1.13854,1.13899,2412.0
2025-10-28 19:00:00+00:00,1.139,1.13906,1.13864,1.13904,2240.0
2025-10-28 20:00:00+00:00,1.13902,1.13934,1.13894,1.13907,1428.0
2025-10-28 21:00:00+00:00,1.1389,1.13926,1.13818,1.13922,1542.0
2025-10-28 22:00:00+00:00,1.13929,1.13952,1.13883,1.13883,1824.0
2025-10-28 23:00:00+00:00,1.13883,1.13889,1.13816,1.13875,2106.0
2025-10-29 00:00:00+00:00,1.13872,1.14278,1.1377,1.14144,7388.0
2025-10-29 01:00:00+00:00,1.14144,1.14218,1.14099,1.14181,6229.0
2025-10-29 02:00:00+00:00,1.14184,1.14198,1.14114,1.14142,3271.0
2025-10-29 03:00:00+00:00,1.1414,1.1414,1.14062,1.1411,3115.0
2025-10-29 04:00:00+00:00,1.14113,1.14137,1.14066,1.14111,2779.0
2025-10-29 05:00:00+00:00,1.14112,1.1419,1.141,1.14146,3853.0
2025-10-29 06:00:00+00:00,1.14145,1.14185,1.14121,1.14149,4267.0
2025-10-29 07:00:00+00:00,1.14148,1.14284,1.14145,1.14258,5699.0
2025-10-29 08:00:00+00:00,1.14257,1.14261,1.14178,1.14201,6022.0
2025-10-29 09:00:00+00:00,1.142,1.14206,1.14104,1.14112,5316.0
2025-10-29 10:00:00+00:00,1.14113,1.14146,1.14081,1.14093,4294.0
2025-10-29 11:00:00+00:00,1.1409,1.14118,1.1407,1.14093,4788.0
2025-10-29 12:00:00+00:00,1.14094,1.14156,1.14058,1.14138,5486.0
2025-10-29 13:00:00+00:00,1.14135,1.14156,1.14062,1.1411,6607.0
2025-10-29 14:00:00+00:00,1.1411,1.14118,1.14027,1.14031,6126.0
2025-10-29 15:00:00+00:00,1.1403,1.14086,1.13955,1.14048,6285.0
2025-10-29 16:00:00+00:00,1.1405,1.14082,1.14013,1.14069,4408.0
2025-10-29 17:00:00+00:00,1.1407,1.14177,1.14067,1.14152,3281.0
2025-10-29 18:00:00+00:00,1.14152,1.14152,1.14013,1.14084,20635.0
2025-10-29 19:00:00+00:00,1.14085,1.14111,1.14026,1.14051,18410.0
2025-10-29 20:00:00+00:00,1.14054,1.14125,1.14045,1.14082,4614.0
2025-10-29 21:00:00+00:00,1.14012,1.14159,1.14012,1.14086,1353.0
2025-10-29 22:00:00+00:00,1.14091,1.14121,1.1402,1.14028,2031.0
2025-10-29 23:00:00+00:00,1.14028,1.14114,1.14011,1.1411,1903.0
2025-10-30 00:00:00+00:00,1.1411,1.14134,1.14019,1.14052,4642.0
2025-10-30 01:00:00+00:00,1.14054,1.14102,1.14024,1.14074,6124.0
2025-10-30 02:00:00+00:00,1.14074,1.14096,1.14002,1.14064,4685.0
2025-10-30 03:00:00+00:00,1.14062,1.1411,1.14042,1.14078,4354.0
2025-10-30 04:00:00+00:00,1.14076,1.1409,1.13856,1.1396,10130.0
2025-10-30 05:00:00+00:00,1.13962,1.14009,1.13912,1.13994,6047.0
2025-10-30 06:00:00+00:00,1.13996,1.14033,1.13956,1.1401,5895.0
2025-10-30 07:00:00+00:00,1.1401,1.14094,1.13915,1.13937,7016.0
2025-10-30 08:00:00+00:00,1.1394,1.13979,1.13901,1.13932,5358.0
2025-10-30 09:00:00+00:00,1.13932,1.13964,1.1389,1.13898,4418.0
2025-10-30 10:00:00+00:00,1.13902,1.13926,1.1388,1.13915,3319.0
2025-10-30 11:00:00+00:00,1.13914,1.14,1.139,1.13993,4445.0
2025-10-30 12:00:00+00:00,1.13995,1.14149,1.13936,1.141,6029.0
2025-10-30 13:00:00+00:00,1.14104,1.14138,1.1403,1.14036,8196.0
2025-10-30 14:00:00+00:00,1.14039,1.14122,1.14034,1.14114,10148.0
2025-10-30 15:00:00+00:00,1.14114,1.14182,1.14061,1.14078,6157.0
2025-10-30 16:00:00+00:00,1.14078,1.14126,1.1406,1.14087,4273.0
2025-10-30 17:00:00+00:00,1.14086,1.1414,1.14056,1.14088,3602.0
2025-10-30 18:00:00+00:00,1.14088,1.14134,1.14054,1.14125,3659.0
2025-10-30 19:00:00+00:00,1.14122,1.14146,1.14103,1.1414,3660.0
2025-10-30 20:00:00+00:00,1.14139,1.1417,1.14126,1.1415,2682.0
2025-10-30 21:00:00+00:00,1.14159,1.14178,1.14091,1.1413,981.0
2025-10-30 22:00:00+00:00,1.14126,1.14168,1.14124,1.14154,1445.0
2025-10-30 23:00:00+00:00,1.14154,1.14205,1.14141,1.14182,1830.0
2025-10-31 00:00:00+00:00,1.14182,1.14239,1.14178,1.14211,3364.0
2025-10-31 01:00:00+00:00,1.14212,1.14289,1.14186,1.14274,4467.0
2025-10-31 02:00:00+00:00,1.14272,1.14334,1.14245,1.14316,3523.0
2025-10-31 03:00:00+00:00,1.14316,1.14334,1.14267,1.14291,2632.0
2025-10-31 04:00:00+00:00,1.14291,1.14291,1.14234,1.1425,2160.0
2025-10-31 05:00:00+00:00,1.1425,1.14318,1.14246,1.1428,2988.0
2025-10-31 06:00:00+00:00,1.1428,1.14315,1.14246,1.14296,3223.0
2025-10-31 07:00:00+00:00,1.143,1.1438,1.14298,1.14318,4352.0
2025-10-31 08:00:00+00:00,1.1432,1.14422,1.14317,1.14359,3911.0
2025-10-31 09:00:00+00:00,1.14358,1.14362,1.14273,1.14289,3567.0
2025-10-31 10:00:00+00:00,1.14289,1.1432,1.14269,1.14286,2992.0
2025-10-31 11:00:00+00:00,1.14282,1.14329,1.14268,1.14306,3427.0
2025-10-31 12:00:00+00:00,1.14306,1.14402,1.14298,1.14364,4699.0
2025-10-31 13:00:00+00:00,1.14364,1.14401,1.14284,1.14348,6037.0
2025-10-31 14:00:00+00:00,1.1435,1.14391,1.14288,1.14322,6361.0
2025-10-31 15:00:00+00:00,1.14322,1.14364,1.14266,1.14314,7056.0
2025-10-31 16:00:00+00:00,1.14316,1.14375,1.143,1.14332,5517.0
2025-10-31 17:00:00+00:00,1.14331,1.14352,1.14298,1.14331,5512.0
2025-10-31 18:00:00+00:00,1.14328,1.1435,1.14292,1.1433,2406.0
2025-10-31 19:00:00+00:00,1.14331,1.14356,1.14314,1.1434,1896.0
2025-10-31 20:00:00+00:00,1.14338,1.14348,1.14284,1.14316,2543.0
2025-11-02 22:00:00+00:00,1.14361,1.14456,1.14324,1.14354,796.0
2025-11-02 23:00:00+00:00,1.14356,1.14412,1.14334,1.14394,3436.0
2025-11-03 00:00:00+00:00,1.14396,1.14432,1.14371,1.14417,2548.0
2025-11-03 01:00:00+00:00,1.14416,1.14536,1.1441,1.145,3605.0
2025-11-03 02:00:00+00:00,1.14502,1.1452,1.14434,1.14442,3463.0
2025-11-03 03:00:00+00:00,1.14443,1.14499,1.14436,1.14496,2235.0
2025-11-03 04:00:00+00:00,1.14497,1.1451,1.14433,1.14468,1687.0
2025-11-03 05:00:00+00:00,1.14468,1.1454,1.1446,1.14498,2179.0
2025-11-03 06:00:00+00:00,1.14497,1.1452,1.14466,1.14503,2380.0
2025-11-03 07:00:00+00:00,1.14502,1.14514,1.14459,1.14496,3592.0
2025-11-03 08:00:00+00:00,1.14495,1.14609,1.14478,1.14608,5067.0
2025-11-03 09:00:00+00:00,1.1461,1.1461,1.14499,1.14526,3386.0
2025-11-03 10:00:00+00:00,1.14528,1.14566,1.14495,1.14498,3210.0
2025-11-03 11:00:00+00:00,1.14498,1.14556,1.14494,1.14536,3032.0
2025-11-03 12:00:00+00:00,1.14537,1.14561,1.14512,1.14521,2734.0
2025-11-03 13:00:00+00:00,1.14522,1.14555,1.14512,1.14538,3844.0
2025-11-03 14:00:00+00:00,1.14539,1.14588,1.14502,1.1452,5209.0
2025-11-03 15:00:00+00:00,1.14532,1.14548,1.14477,1.14481,7917.0
2025-11-03 16:00:00+00:00,1.14486,1.14536,1.14476,1.14512,5094.0
2025-11-03 17:00:00+00:00,1.14514,1.14549,1.14504,1.14534,3698.0
2025-11-03 18:00:00+00:00,1.14534,1.14576,1.14532,1.14544,2784.0
2025-11-03 19:00:00+00:00,1.14544,1.1456,1.14519,1.14542,3376.0
2025-11-03 20:00:00+00:00,1.14546,1.14567,1.14515,1.14553,2697.0
2025-11-03 21:00:00+00:00,1.14553,1.14571,1.14544,1.14553,1277.0
2025-11-03 22:00:00+00:00,1.14566,1.1458,1.145,1.14541,1250.0
2025-11-03 23:00:00+00:00,1.14542,1.14588,1.1453,1.1458,3310.0
2025-11-04 00:00:00+00:00,1.1458,1.148,1.1457,1.14774,3890.0
2025-11-04 01:00:00+00:00,1.14777,1.14861,1.14734,1.14772,4391.0
2025-11-04 02:00:00+00:00,1.14772,1.14789,1.14649,1.1465,3279.0
2025-11-04 03:00:00+00:00,1.1465,1.14726,1.14497,1.14692,5047.0
2025-11-04 04:00:00+00:00,1.14689,1.14831,1.14655,1.14822,3790.0
2025-11-04 05:00:00+00:00,1.14822,1.1489,1.14626,1.14644,4254.0
2025-11-04 06:00:00+00:00,1.14644,1.14756,1.14524,1.14558,5250.0
2025-11-04 07:00:00+00:00,1.14557,1.1462,1.14538,1.14593,5199.0
2025-11-04 08:00:00+00:00,1.14592,1.14702,1.1452,1.14693,5733.0
2025-11-04 09:00:00+00:00,1.14694,1.14765,1.14661,1.14715,4718.0
2025-11-04 10:00:00+00:00,1.14717,1.1475,1.14663,1.14744,3799.0
2025-11-04 11:00:00+00:00,1.14746,1.14789,1.14722,1.1477,3151.0
2025-11-04 12:00:00+00:00,1.14768,1.14775,1.147,1.14736,4036.0
2025-11-04 13:00:00+00:00,1.14732,1.14756,1.14678,1.1469,4372.0
2025-11-04 14:00:00+00:00,1.14688,1.14698,1.14604,1.14652,6239.0
2025-11-04 15:00:00+00:00,1.14654,1.14779,1.14652,1.14744,6697.0
2025-11-04 16:00:00+00:00,1.14744,1.14778,1.14708,1.14764,5025.0
2025-11-04 17:00:00+00:00,1.14764,1.14802,1.14748,1.14772,3553.0
2025-11-04 18:00:00+00:00,1.14772,1.1478,1.14713,1.14745,3508.0
2025-11-04 19:00:00+00:00,1.14744,1.14802,1.14726,1.14771,3663.0
2025-11-04 20:00:00+00:00,1.14772,1.14819,1.14753,1.14816,3022.0
2025-11-04 21:00:00+00:00,1.14815,1.15134,1.14766,1.14994,2595.0
2025-11-04 22:00:00+00:00,1.14914,1.15104,1.14872,1.1504,2758.0
2025-11-04 23:00:00+00:00,1.15066,1.1508,1.14938,1.14938,1419.0
2025-11-05 00:00:00+00:00,1.1494,1.14958,1.1478,1.14788,3667.0
2025-11-05 01:00:00+00:00,1.14789,1.1483,1.14666,1.14748,6747.0
2025-11-05 02:00:00+00:00,1.14746,1.14816,1.14706,1.1475,4390.0
2025-11-05 03:00:00+00:00,1.14752,1.14855,1.1472,1.14828,3840.0
2025-11-05 04:00:00+00:00,1.14832,1.14837,1.14745,1.14786,2494.0
2025-11-05 05:00:00+00:00,1.14786,1.1484,1.14774,1.14817,2880.0
2025-11-05 06:00:00+00:00,1.14818,1.14834,1.14778,1.14798,2730.0
2025-11-05 07:00:00+00:00,1.14798,1.14816,1.14755,1.14796,3404.0
2025-11-05 08:00:00+00:00,1.14799,1.14806,1.14745,1.14783,4605.0
2025-11-05 09:00:00+00:00,1.14778,1.14809,1.14742,1.14772,3671.0
2025-11-05 10:00:00+00:00,1.14771,1.14813,1.14742,1.14796,3765.0
2025-11-05 11:00:00+00:00,1.14797,1.1487,1.14776,1.14861,3138.0
2025-11-05 12:00:00+00:00,1.14864,1.14865,1.14774,1.14792,3062.0
2025-11-05 13:00:00+00:00,1.14794,1.14936,1.1478,1.14918,4845.0
2025-11-05 14:00:00+00:00,1.14918,1.1498,1.14918,1.14972,6029.0
2025-11-05 15:00:00+00:00,1.14976,1.15026,1.14904,1.14948,9863.0
2025-11-05 16:00:00+00:00,1.14948,1.15021,1.14921,1.14993,5842.0
2025-11-05 17:00:00+00:00,1.14994,1.15018,1.14934,1.14952,3947.0
2025-11-05 18:00:00+00:00,1.14952,1.14952,1.14896,1.1493,2327.0
2025-11-05 19:00:00+00:00,1.14928,1.14946,1.14882,1.14936,2440.0
2025-11-05 20:00:00+00:00,1.14936,1.14938,1.14878,1.14882,2056.0
2025-11-05 21:00:00+00:00,1.1488,1.14936,1.14862,1.14904,1444.0
2025-11-05 22:00:00+00:00,1.14934,1.14952,1.1486,1.1489,1132.0
2025-11-05 23:00:00+00:00,1.1489,1.1492,1.14864,1.1488,2511.0
2025-11-06 00:00:00+00:00,1.1488,1.14908,1.14826,1.1487,3078.0
2025-11-06 01:00:00+00:00,1.1487,1.14941,1.14836,1.1491,4693.0
2025-11-06 02:00:00+00:00,1.14914,1.14938,1.14866,1.14883,3190.0
2025-11-06 03:00:00+00:00,1.14882,1.15,1.14882,1.14994,2419.0
2025-11-06 04:00:00+00:00,1.14996,1.14996,1.14916,1.14968,2482.0
2025-11-06 05:00:00+00:00,1.14966,1.15001,1.14966,1.1499,2027.0
2025-11-06 06:00:00+00:00,1.1499,1.15028,1.14972,1.15024,2452.0
2025-11-06 07:00:00+00:00,1.15026,1.15106,1.15009,1.15068,3349.0
2025-11-06 08:00:00+00:00,1.15069,1.15132,1.14995,1.15016,5040.0
2025-11-06 09:00:00+00:00,1.15016,1.15112,1.15012,1.1508,4013.0
2025-11-06 10:00:00+00:00,1.1508,1.1508,1.15016,1.15022,3643.0
2025-11-06 11:00:00+00:00,1.15022,1.15048,1.14998,1.15007,4472.0
2025-11-06 12:00:00+00:00,1.15007,1.15061,1.14995,1.15011,4718.0
2025-11-06 13:00:00+00:00,1.15012,1.15021,1.14926,1.14969,4751.0
2025-11-06 14:00:00+00:00,1.14966,1.1506,1.1494,1.15012,7791.0
2025-11-06 15:00:00+00:00,1.15009,1.15022,1.14874,1.14893,11327.0
2025-11-06 16:00:00+00:00,1.14892,1.14942,1.14861,1.14888,8540.0
2025-11-06 17:00:00+00:00,1.14888,1.1499,1.14887,1.14974,7257.0
2025-11-06 18:00:00+00:00,1.14974,1.15001,1.14927,1.14955,6062.0
2025-11-06 19:00:00+00:00,1.14954,1.15016,1.14949,1.15006,5328.0
2025-11-06 20:00:00+00:00,1.15005,1.15014,1.14962,1.14983,4411.0
2025-11-06 21:00:00+00:00,1.14984,1.15018,1.14958,1.14988,1974.0
2025-11-06 22:00:00+00:00,1.14984,1.1501,1.14915,1.15003,1529.0
2025-11-06 23:00:00+00:00,1.15002,1.15022,1.1496,1.14998,1805.0
2025-11-07 00:00:00+00:00,1.15,1.15084,1.14964,1.15062,4488.0
2025-11-07 01:00:00+00:00,1.15062,1.15112,1.14998,1.15082,6147.0
2025-11-07 02:00:00+00:00,1.15082,1.15158,1.15036,1.15148,4403.0
2025-11-07 03:00:00+00:00,1.15146,1.15178,1.15104,1.15163,4288.0
2025-11-07 04:00:00+00:00,1.15162,1.15303,1.15154,1.15259,4057.0
2025-11-07 05:00:00+00:00,1.15258,1.15322,1.15227,1.15317,3566.0
2025-11-07 06:00:00+00:00,1.15318,1.15556,1.15311,1.15554,3830.0
2025-11-07 07:00:00+00:00,1.15554,1.15668,1.15545,1.15653,4023.0
2025-11-07 08:00:00+00:00,1.15656,1.15672,1.15332,1.1539,4804.0
2025-11-07 09:00:00+00:00,1.15387,1.15439,1.15332,1.15424,4369.0
2025-11-07 10:00:00+00:00,1.15422,1.15445,1.15396,1.15426,4191.0
2025-11-07 11:00:00+00:00,1.1543,1.15447,1.15367,1.15381,4559.0
2025-11-07 12:00:00+00:00,1.1538,1.15389,1.15293,1.15327,4400.0
2025-11-07 13:00:00+00:00,1.15326,1.154,1.15267,1.15394,6262.0
2025-11-07 14:00:00+00:00,1.15394,1.1542,1.15239,1.15308,9455.0
2025-11-07 15:00:00+00:00,1.1531,1.15364,1.1529,1.15308,12780.0
2025-11-07 16:00:00+00:00,1.15306,1.15322,1.15259,1.15297,6847.0
2025-11-07 17:00:00+00:00,1.15298,1.15338,1.1528,1.15318,6348.0
2025-11-07 18:00:00+00:00,1.15318,1.15358,1.15298,1.15344,5560.0
2025-11-07 19:00:00+00:00,1.15346,1.1546,1.15321,1.15438,4549.0
2025-11-07 20:00:00+00:00,1.15437,1.15442,1.15364,1.15378,4108.0
2025-11-07 21:00:00+00:00,1.15372,1.15488,1.15358,1.15404,2218.0
2025-11-09 22:00:00+00:00,1.1544,1.15518,1.15358,1.15453,1843.0
2025-11-09 23:00:00+00:00,1.1546,1.15578,1.15389,1.1557,4395.0
2025-11-10 00:00:00+00:00,1.15571,1.1573,1.15505,1.15711,5236.0
2025-11-10 01:00:00+00:00,1.15712,1.1583,1.15688,1.15784,5903.0
2025-11-10 02:00:00+00:00,1.15782,1.15788,1.15727,1.1575,2830.0
2025-11-10 03:00:00+00:00,1.1575,1.1578,1.15727,1.15766,2582.0
2025-11-10 04:00:00+00:00,1.15765,1.1578,1.15723,1.15774,3021.0
2025-11-10 05:00:00+00:00,1.1577,1.1585,1.1577,1.15802,2792.0
2025-11-10 06:00:00+00:00,1.15802,1.15888,1.15796,1.15862,2535.0
2025-11-10 07:00:00+00:00,1.15863,1.15904,1.1583,1.15866,2990.0
2025-11-10 08:00:00+00:00,1.15868,1.1587,1.15667,1.15686,3753.0
2025-11-10 09:00:00+00:00,1.15686,1.15756,1.15648,1.15704,3680.0
2025-11-10 10:00:00+00:00,1.15704,1.15752,1.15702,1.15744,2773.0
2025-11-10 11:00:00+00:00,1.15745,1.15849,1.15733,1.1581,2686.0
2025-11-10 12:00:00+00:00,1.1581,1.15839,1.15762,1.15768,2919.0
2025-11-10 13:00:00+00:00,1.15765,1.1582,1.15714,1.15752,3344.0
2025-11-10 14:00:00+00:00,1.15758,1.15773,1.15719,1.15754,5136.0
2025-11-10 15:00:00+00:00,1.15754,1.15814,1.15737,1.15769,5537.0
2025-11-10 16:00:00+00:00,1.1577,1.15806,1.15727,1.15804,5219.0
2025-11-10 17:00:00+00:00,1.15805,1.15838,1.1578,1.15819,4328.0
2025-11-10 18:00:00+00:00,1.15819,1.15832,1.15774,1.15789,2356.0
2025-11-10 19:00:00+00:00,1.1579,1.15828,1.1578,1.15821,2327.0
2025-11-10 20:00:00+00:00,1.1582,1.15828,1.15785,1.1579,2494.0
2025-11-10 21:00:00+00:00,1.15792,1.15824,1.15768,1.15782,1438.0
2025-11-10 22:00:00+00:00,1.15702,1.15807,1.15684,1.15744,1244.0
2025-11-10 23:00:00+00:00,1.15748,1.15807,1.1574,1.15801,1256.0
2025-11-11 00:00:00+00:00,1.15804,1.15812,1.15696,1.15722,2491.0
2025-11-11 01:00:00+00:00,1.15724,1.1585,1.15721,1.15808,3538.0
2025-11-11 02:00:00+00:00,1.15806,1.15856,1.1572,1.15728,2426.0
2025-11-11 03:00:00+00:00,1.15724,1.1573,1.15658,1.15681,2088.0
2025-11-11 04:00:00+00:00,1.1568,1.15749,1.15662,1.15693,1831.0
2025-11-11 05:00:00+00:00,1.15693,1.15721,1.15682,1.15684,2800.0
2025-11-11 06:00:00+00:00,1.15684,1.15745,1.1567,1.15713,3082.0
2025-11-11 07:00:00+00:00,1.15715,1.15728,1.15608,1.15634,3625.0
2025-11-11 08:00:00+00:00,1.15633,1.15646,1.155,1.15503,4208.0
2025-11-11 09:00:00+00:00,1.15503,1.15541,1.15476,1.15518,3576.0
2025-11-11 10:00:00+00:00,1.15518,1.1558,1.15518,1.15558,2700.0
2025-11-11 11:00:00+00:00,1.15556,1.15578,1.15544,1.15568,3124.0
2025-11-11 12:00:00+00:00,1.15568,1.15574,1.15415,1.1549,3507.0
2025-11-11 13:00:00+00:00,1.1549,1.15494,1.15362,1.15376,6711.0
2025-11-11 14:00:00+00:00,1.15377,1.15382,1.15265,1.15342,5494.0
2025-11-11 15:00:00+00:00,1.15339,1.15413,1.15332,1.1538,8328.0
2025-11-11 16:00:00+00:00,1.1538,1.1541,1.1535,1.15385,5761.0
2025-11-11 17:00:00+00:00,1.15386,1.15408,1.15368,1.154,3824.0
2025-11-11 18:00:00+00:00,1.154,1.15408,1.15372,1.15374,2736.0
2025-11-11 19:00:00+00:00,1.15372,1.15448,1.1537,1.15427,3369.0
2025-11-11 20:00:00+00:00,1.15428,1.15446,1.15402,1.15442,2698.0
2025-11-11 21:00:00+00:00,1.15442,1.15462,1.15422,1.1544,1421.0
2025-11-11 22:00:00+00:00,1.15411,1.15508,1.15411,1.15442,880.0
2025-11-11 23:00:00+00:00,1.15442,1.15484,1.15426,1.1543,1785.0
2025-11-12 00:00:00+00:00,1.15429,1.15492,1.15365,1.15388,3048.0
2025-11-12 01:00:00+00:00,1.1539,1.15402,1.15314,1.15333,3670.0
2025-11-12 02:00:00+00:00,1.15334,1.15366,1.1531,1.15362,2426.0
2025-11-12 03:00:00+00:00,1.15361,1.15432,1.15342,1.15422,2317.0
2025-11-12 04:00:00+00:00,1.15422,1.15466,1.15379,1.15458,2924.0
2025-11-12 05:00:00+00:00,1.15458,1.15502,1.15423,1.15494,3124.0
2025-11-12 06:00:00+00:00,1.15494,1.15572,1.15466,1.15537,2737.0
2025-11-12 07:00:00+00:00,1.15538,1.15608,1.15526,1.15556,3823.0
2025-11-12 08:00:00+00:00,1.15559,1.15701,1.15548,1.15668,5098.0
2025-11-12 09:00:00+00:00,1.15668,1.1568,1.15514,1.15526,3925.0
2025-11-12 10:00:00+00:00,1.15528,1.15532,1.15483,1.15484,2939.0
2025-11-12 11:00:00+00:00,1.15486,1.15549,1.15474,1.1552,3513.0
2025-11-12 12:00:00+00:00,1.15522,1.15542,1.15488,1.15494,4460.0
2025-11-12 13:00:00+00:00,1.15494,1.15528,1.15446,1.15504,4374.0
2025-11-12 14:00:00+00:00,1.15504,1.15522,1.15438,1.15443,5409.0
2025-11-12 15:00:00+00:00,1.15442,1.15527,1.15436,1.15525,6173.0
2025-11-12 16:00:00+00:00,1.15522,1.15552,1.155,1.15518,5632.0
2025-11-12 17:00:00+00:00,1.15516,1.15541,1.15486,1.15511,5337.0
2025-11-12 18:00:00+00:00,1.15511,1.1552,1.15494,1.15508,3607.0
2025-11-12 19:00:00+00:00,1.15505,1.15512,1.15476,1.155,3795.0
2025-11-12 20:00:00+00:00,1.155,1.1551,1.1546,1.15473,3381.0
2025-11-12 21:00:00+00:00,1.15474,1.15487,1.15436,1.15442,1859.0
2025-11-12 22:00:00+00:00,1.15404,1.15534,1.15344,1.15444,1528.0
2025-11-12 23:00:00+00:00,1.15447,1.15464,1.1541,1.15447,1683.0
2025-11-13 00:00:00+00:00,1.15448,1.16167,1.15409,1.16016,5520.0
2025-11-13 01:00:00+00:00,1.16013,1.16024,1.159,1.15925,6198.0
2025-11-13 02:00:00+00:00,1.15922,1.15976,1.15892,1.15948,4382.0
2025-11-13 03:00:00+00:00,1.15946,1.16009,1.15908,1.15944,3428.0
2025-11-13 04:00:00+00:00,1.15942,1.15986,1.1589,1.15968,2933.0
2025-11-13 05:00:00+00:00,1.15969,1.16173,1.15963,1.16156,3310.0
2025-11-13 06:00:00+00:00,1.16152,1.1637,1.16076,1.16124,4117.0
2025-11-13 07:00:00+00:00,1.16126,1.16163,1.15974,1.15989,5062.0
2025-11-13 08:00:00+00:00,1.1599,1.15991,1.15778,1.15781,4682.0
2025-11-13 09:00:00+00:00,1.15784,1.15856,1.1578,1.15816,4032.0
2025-11-13 10:00:00+00:00,1.15818,1.1585,1.15797,1.15816,2687.0
2025-11-13 11:00:00+00:00,1.15817,1.15848,1.15792,1.1582,2749.0
2025-11-13 12:00:00+00:00,1.15818,1.1584,1.15734,1.15761,3705.0
2025-11-13 13:00:00+00:00,1.1576,1.15766,1.15684,1.15692,4990.0
2025-11-13 14:00:00+00:00,1.1569,1.15696,1.155,1.15505,6807.0
2025-11-13 15:00:00+00:00,1.15504,1.15544,1.15393,1.15509,8290.0
2025-11-13 16:00:00+00:00,1.1551,1.15556,1.15424,1.15443,7479.0
2025-11-13 17:00:00+00:00,1.15442,1.15506,1.15438,1.15469,6790.0
2025-11-13 18:00:00+00:00,1.15469,1.15499,1.15346,1.15472,6837.0
2025-11-13 19:00:00+00:00,1.1547,1.1548,1.15409,1.15424,7234.0
2025-11-13 20:00:00+00:00,1.15426,1.15476,1.15424,1.15457,5737.0
2025-11-13 21:00:00+00:00,1.15458,1.15521,1.15439,1.15514,2180.0
2025-11-13 22:00:00+00:00,1.15535,1.15583,1.15448,1.15576,1514.0
2025-11-13 23:00:00+00:00,1.15575,1.1558,1.15486,1.15528,2573.0
2025-11-14 00:00:00+00:00,1.15528,1.15566,1.1538,1.15401,3727.0
2025-11-14 01:00:00+00:00,1.15398,1.1544,1.15226,1.15231,5093.0
2025-11-14 02:00:00+00:00,1.15231,1.15328,1.15162,1.15162,4532.0
2025-11-14 03:00:00+00:00,1.1516,1.15198,1.15004,1.15045,3456.0
2025-11-14 04:00:00+00:00,1.15046,1.1505,1.14953,1.15004,3082.0
2025-11-14 05:00:00+00:00,1.15004,1.15052,1.14937,1.14955,3382.0
2025-11-14 06:00:00+00:00,1.14956,1.15015,1.14941,1.14997,3972.0
2025-11-14 07:00:00+00:00,1.14998,1.15034,1.14937,1.1503,5382.0
2025-11-14 08:00:00+00:00,1.15032,1.15059,1.14922,1.14958,7386.0
2025-11-14 09:00:00+00:00,1.14958,1.1499,1.14874,1.14904,4484.0
2025-11-14 10:00:00+00:00,1.14904,1.14928,1.14813,1.14857,3879.0
2025-11-14 11:00:00+00:00,1.14856,1.14889,1.1465,1.1465,5007.0
2025-11-14 12:00:00+00:00,1.1465,1.1478,1.146,1.14766,6022.0
2025-11-14 13:00:00+00:00,1.14766,1.14854,1.1474,1.14844,6839.0
2025-11-14 14:00:00+00:00,1.14844,1.14942,1.148,1.14935,9999.0
2025-11-14 15:00:00+00:00,1.14936,1.15179,1.14889,1.15164,10711.0
2025-11-14 16:00:00+00:00,1.15165,1.15182,1.15064,1.15172,7844.0
2025-11-14 17:00:00+00:00,1.15172,1.15196,1.1512,1.15127,5630.0
2025-11-14 18:00:00+00:00,1.15128,1.15146,1.15074,1.15106,6660.0
2025-11-14 19:00:00+00:00,1.15104,1.15144,1.15088,1.1513,3703.0
2025-11-14 20:00:00+00:00,1.15126,1.15152,1.1507,1.1512,3653.0
2025-11-14 21:00:00+00:00,1.15114,1.1514,1.15043,1.15048,1448.0
2025-11-16 22:00:00+00:00,1.15058,1.15103,1.14998,1.15052,1119.0
2025-11-16 23:00:00+00:00,1.15058,1.15114,1.14962,1.15105,2064.0
2025-11-17 00:00:00+00:00,1.15106,1.15193,1.15069,1.15174,4579.0
2025-11-17 01:00:00+00:00,1.15176,1.15236,1.15096,1.151,5543.0
2025-11-17 02:00:00+00:00,1.15104,1.15156,1.1507,1.1513,3925.0
2025-11-17 03:00:00+00:00,1.15128,1.15163,1.15074,1.15099,3850.0
2025-11-17 04:00:00+00:00,1.15098,1.15118,1.15066,1.15087,2578.0
2025-11-17 05:00:00+00:00,1.15088,1.15092,1.15008,1.15021,2728.0
2025-11-17 06:00:00+00:00,1.1502,1.15065,1.14995,1.15009,3373.0
2025-11-17 07:00:00+00:00,1.1501,1.15023,1.1492,1.14924,3454.0
2025-11-17 08:00:00+00:00,1.14924,1.14964,1.14892,1.14963,5259.0
2025-11-17 09:00:00+00:00,1.14962,1.15038,1.14938,1.14997,4107.0
2025-11-17 10:00:00+00:00,1.14994,1.15028,1.14961,1.14987,4063.0
2025-11-17 11:00:00+00:00,1.14987,1.15012,1.14958,1.14974,4089.0
2025-11-17 12:00:00+00:00,1.14973,1.15027,1.14962,1.15006,4255.0
2025-11-17 13:00:00+00:00,1.15007,1.15024,1.14932,1.1495,5149.0
2025-11-17 14:00:00+00:00,1.14952,1.15008,1.1491,1.14924,7149.0
2025-11-17 15:00:00+00:00,1.14924,1.1497,1.14754,1.14762,9189.0
2025-11-17 16:00:00+00:00,1.14762,1.14854,1.14752,1.14845,5945.0
2025-11-17 17:00:00+00:00,1.14847,1.14856,1.1479,1.14819,4501.0
2025-11-17 18:00:00+00:00,1.14819,1.14838,1.14793,1.14805,3702.0
2025-11-17 19:00:00+00:00,1.14804,1.14818,1.14737,1.14738,5423.0
2025-11-17 20:00:00+00:00,1.14738,1.14796,1.14738,1.14778,5191.0
2025-11-17 21:00:00+00:00,1.14778,1.14828,1.14768,1.14773,1413.0
2025-11-17 22:00:00+00:00,1.14742,1.14818,1.14714,1.14772,1394.0
2025-11-17 23:00:00+00:00,1.14772,1.1486,1.14766,1.14829,1800.0
2025-11-18 00:00:00+00:00,1.1483,1.14882,1.14711,1.14746,3871.0
2025-11-18 01:00:00+00:00,1.14746,1.14802,1.14717,1.14728,5519.0
2025-11-18 02:00:00+00:00,1.14731,1.14843,1.14727,1.1479,4037.0
2025-11-18 03:00:00+00:00,1.14791,1.14791,1.14642,1.1468,4080.0
2025-11-18 04:00:00+00:00,1.1468,1.14752,1.14621,1.14691,5709.0
2025-11-18 05:00:00+00:00,1.14692,1.14713,1.1462,1.14652,3651.0
2025-11-18 06:00:00+00:00,1.14648,1.14706,1.14594,1.14628,4569.0
2025-11-18 07:00:00+00:00,1.14627,1.14664,1.14543,1.14612,4589.0
2025-11-18 08:00:00+00:00,1.14611,1.14658,1.146,1.14626,5524.0
2025-11-18 09:00:00+00:00,1.14626,1.1468,1.14618,1.14656,4702.0
2025-11-18 10:00:00+00:00,1.14654,1.14786,1.14647,1.1478,3763.0
2025-11-18 11:00:00+00:00,1.14783,1.14788,1.14707,1.14777,3263.0
2025-11-18 12:00:00+00:00,1.14778,1.14829,1.14746,1.14758,4242.0
2025-11-18 13:00:00+00:00,1.14757,1.1479,1.1471,1.14754,6368.0
2025-11-18 14:00:00+00:00,1.14754,1.14858,1.14736,1.1482,8775.0
2025-11-18 15:00:00+00:00,1.14823,1.14908,1.14728,1.14739,12715.0
2025-11-18 16:00:00+00:00,1.1474,1.14954,1.1474,1.14916,10132.0
2025-11-18 17:00:00+00:00,1.14916,1.14978,1.1487,1.14978,7733.0
2025-11-18 18:00:00+00:00,1.14978,1.1499,1.14916,1.14986,5693.0
2025-11-18 19:00:00+00:00,1.14987,1.15034,1.14976,1.1503,4830.0
2025-11-18 20:00:00+00:00,1.15028,1.15032,1.14978,1.15001,5195.0
2025-11-18 21:00:00+00:00,1.15002,1.1505,1.15001,1.15026,2118.0
2025-11-18 22:00:00+00:00,1.1495,1.15034,1.1489,1.1502,969.0
2025-11-18 23:00:00+00:00,1.15018,1.15042,1.14983,1.15016,1739.0
2025-11-19 00:00:00+00:00,1.15016,1.15176,1.15006,1.15165,4268.0
2025-11-19 01:00:00+00:00,1.15166,1.15178,1.15077,1.15144,5389.0
2025-11-19 02:00:00+00:00,1.15148,1.15229,1.15108,1.15185,4184.0
2025-11-19 03:00:00+00:00,1.15186,1.15196,1.15076,1.15109,4082.0
2025-11-19 04:00:00+00:00,1.1511,1.15161,1.15072,1.1513,3729.0
2025-11-19 05:00:00+00:00,1.15132,1.15161,1.15094,1.15159,3225.0
2025-11-19 06:00:00+00:00,1.15158,1.15197,1.15118,1.15126,3067.0
2025-11-19 07:00:00+00:00,1.15123,1.15174,1.15104,1.15152,4957.0
2025-11-19 08:00:00+00:00,1.1515,1.15156,1.15044,1.15088,5361.0
2025-11-19 09:00:00+00:00,1.15087,1.15196,1.1508,1.15153,4417.0
2025-11-19 10:00:00+00:00,1.15154,1.15286,1.15146,1.15272,4220.0
2025-11-19 11:00:00+00:00,1.15269,1.1531,1.15226,1.15236,3909.0
2025-11-19 12:00:00+00:00,1.15236,1.15326,1.1522,1.15298,3824.0
2025-11-19 13:00:00+00:00,1.15298,1.15318,1.15248,1.1531,4542.0
2025-11-19 14:00:00+00:00,1.1531,1.15455,1.15306,1.15424,7280.0
2025-11-19 15:00:00+00:00,1.1543,1.1548,1.15298,1.15316,8486.0
2025-11-19 16:00:00+00:00,1.15314,1.15452,1.15292,1.15444,8135.0
2025-11-19 17:00:00+00:00,1.15446,1.15465,1.15396,1.15464,7703.0
2025-11-19 18:00:00+00:00,1.15464,1.15512,1.1546,1.1549,5476.0
2025-11-19 19:00:00+00:00,1.15495,1.15584,1.15474,1.15568,6158.0
2025-11-19 20:00:00+00:00,1.15562,1.15586,1.15528,1.15562,4789.0
2025-11-19 21:00:00+00:00,1.15562,1.1565,1.15542,1.15614,2912.0
2025-11-19 22:00:00+00:00,1.15582,1.15662,1.15527,1.15602,1763.0
2025-11-19 23:00:00+00:00,1.15598,1.15654,1.15562,1.15594,2611.0
2025-11-20 00:00:00+00:00,1.15598,1.15634,1.15551,1.15554,3775.0
2025-11-20 01:00:00+00:00,1.15555,1.15638,1.15532,1.15631,4718.0
2025-11-20 02:00:00+00:00,1.1563,1.15728,1.15538,1.15568,3713.0
2025-11-20 03:00:00+00:00,1.1556,1.15674,1.15542,1.156,3933.0
2025-11-20 04:00:00+00:00,1.15601,1.15639,1.15568,1.15638,2401.0
2025-11-20 05:00:00+00:00,1.15636,1.15656,1.15582,1.15614,3071.0
2025-11-20 06:00:00+00:00,1.15614,1.15628,1.1549,1.1551,3153.0
2025-11-20 07:00:00+00:00,1.15508,1.15524,1.1545,1.155,2557.0
2025-11-20 08:00:00+00:00,1.15498,1.15528,1.15425,1.15454,3823.0
2025-11-20 09:00:00+00:00,1.15456,1.15473,1.15403,1.15442,3328.0
2025-11-20 10:00:00+00:00,1.15442,1.15476,1.15414,1.15419,2994.0
2025-11-20 11:00:00+00:00,1.1542,1.15434,1.15378,1.15381,2565.0
2025-11-20 12:00:00+00:00,1.15382,1.15432,1.15359,1.1541,2993.0
2025-11-20 13:00:00+00:00,1.15411,1.15528,1.15334,1.15372,9477.0
2025-11-20 14:00:00+00:00,1.15372,1.15406,1.15295,1.15366,10382.0
2025-11-20 15:00:00+00:00,1.15358,1.15412,1.15314,1.15358,9548.0
2025-11-20 16:00:00+00:00,1.15359,1.15368,1.15186,1.15212,11231.0
2025-11-20 17:00:00+00:00,1.15211,1.15248,1.1514,1.15233,15459.0
2025-11-20 18:00:00+00:00,1.15233,1.1534,1.15233,1.15246,9388.0
2025-11-20 19:00:00+00:00,1.15245,1.15301,1.15232,1.153,8633.0
2025-11-20 20:00:00+00:00,1.15298,1.15316,1.1526,1.15277,7274.0
2025-11-20 21:00:00+00:00,1.15276,1.15364,1.15274,1.1534,1921.0
2025-11-20 22:00:00+00:00,1.15251,1.15446,1.15221,1.15311,3473.0
2025-11-20 23:00:00+00:00,1.15326,1.1541,1.15296,1.15366,3308.0
2025-11-21 00:00:00+00:00,1.15363,1.15452,1.15349,1.15414,4026.0
2025-11-21 01:00:00+00:00,1.15414,1.15426,1.15341,1.15346,4037.0
2025-11-21 02:00:00+00:00,1.15352,1.15374,1.1529,1.15298,3656.0
2025-11-21 03:00:00+00:00,1.15299,1.15326,1.1526,1.15264,3553.0
2025-11-21 04:00:00+00:00,1.15262,1.15273,1.15186,1.15202,3158.0
2025-11-21 05:00:00+00:00,1.15202,1.15228,1.15161,1.15196,3892.0
2025-11-21 06:00:00+00:00,1.15196,1.152,1.15136,1.15164,3886.0
2025-11-21 07:00:00+00:00,1.1516,1.15178,1.1495,1.14996,5247.0
2025-11-21 08:00:00+00:00,1.14996,1.15124,1.1498,1.15106,7237.0
2025-11-21 09:00:00+00:00,1.15106,1.15137,1.15005,1.15048,5429.0
2025-11-21 10:00:00+00:00,1.15046,1.15054,1.14963,1.15012,6358.0
2025-11-21 11:00:00+00:00,1.15015,1.15078,1.15004,1.15042,4716.0
2025-11-21 12:00:00+00:00,1.15042,1.15093,1.1499,1.15058,8199.0
2025-11-21 13:00:00+00:00,1.15058,1.15106,1.14998,1.15058,6091.0
2025-11-21 14:00:00+00:00,1.15058,1.1507,1.14972,1.15034,9962.0
2025-11-21 15:00:00+00:00,1.1504,1.15054,1.14948,1.14996,15493.0
2025-11-21 16:00:00+00:00,1.14996,1.15107,1.14966,1.15107,11410.0
2025-11-21 17:00:00+00:00,1.15107,1.15142,1.15072,1.15084,8090.0
2025-11-21 18:00:00+00:00,1.15084,1.15128,1.15064,1.15084,8062.0
2025-11-21 19:00:00+00:00,1.15086,1.15096,1.15014,1.15024,4535.0
2025-11-21 20:00:00+00:00,1.15022,1.15073,1.15014,1.15056,4778.0
2025-11-21 21:00:00+00:00,1.15054,1.15104,1.14998,1.15012,3707.0
2025-11-23 22:00:00+00:00,1.1516,1.15219,1.15072,1.15173,1182.0
2025-11-23 23:00:00+00:00,1.1518,1.15203,1.151,1.15137,1812.0
2025-11-24 00:00:00+00:00,1.15138,1.15144,1.15074,1.15107,2688.0
2025-11-24 01:00:00+00:00,1.15106,1.15132,1.15058,1.15103,4827.0
2025-11-24 02:00:00+00:00,1.15104,1.15197,1.15096,1.15166,3896.0
2025-11-24 03:00:00+00:00,1.15165,1.15246,1.15161,1.15242,2983.0
2025-11-24 04:00:00+00:00,1.15242,1.15266,1.15202,1.15246,2018.0
2025-11-24 05:00:00+00:00,1.15246,1.153,1.15216,1.153,2576.0
2025-11-24 06:00:00+00:00,1.153,1.15339,1.1525,1.15328,2903.0
2025-11-24 07:00:00+00:00,1.15327,1.15358,1.15275,1.1529,3522.0
2025-11-24 08:00:00+00:00,1.15292,1.15292,1.15116,1.15118,4350.0
2025-11-24 09:00:00+00:00,1.15118,1.15175,1.15114,1.15132,4990.0
2025-11-24 10:00:00+00:00,1.15133,1.15146,1.15041,1.15046,4083.0
2025-11-24 11:00:00+00:00,1.15044,1.15058,1.14964,1.14969,3172.0
2025-11-24 12:00:00+00:00,1.14973,1.15041,1.14926,1.15034,4432.0
2025-11-24 13:00:00+00:00,1.15036,1.15102,1.15034,1.15082,4056.0
2025-11-24 14:00:00+00:00,1.15084,1.15186,1.15056,1.15178,8562.0
2025-11-24 15:00:00+00:00,1.15183,1.15236,1.15114,1.15123,8109.0
2025-11-24 16:00:00+00:00,1.15124,1.15157,1.15097,1.15134,4379.0
2025-11-24 17:00:00+00:00,1.15135,1.15178,1.15132,1.15176,4659.0
2025-11-24 18:00:00+00:00,1.15176,1.15204,1.15151,1.15185,2492.0
2025-11-24 19:00:00+00:00,1.15182,1.15212,1.15164,1.15181,2746.0
2025-11-24 20:00:00+00:00,1.15179,1.15238,1.15178,1.15218,2739.0
2025-11-24 21:00:00+00:00,1.15218,1.15226,1.15196,1.15211,1631.0
2025-11-24 22:00:00+00:00,1.15166,1.15252,1.15127,1.15231,1444.0
2025-11-24 23:00:00+00:00,1.15231,1.15266,1.15188,1.15206,2421.0
2025-11-25 00:00:00+00:00,1.15206,1.1525,1.15156,1.15172,2929.0
2025-11-25 01:00:00+00:00,1.15174,1.15174,1.15066,1.15123,4391.0
2025-11-25 02:00:00+00:00,1.15122,1.15184,1.15106,1.15174,3278.0
2025-11-25 03:00:00+00:00,1.15172,1.15259,1.15141,1.15166,3590.0
2025-11-25 04:00:00+00:00,1.15166,1.15286,1.15164,1.1524,2797.0
2025-11-25 05:00:00+00:00,1.15242,1.15298,1.15186,1.15234,3540.0
2025-11-25 06:00:00+00:00,1.15234,1.15305,1.15228,1.15278,2684.0
2025-11-25 07:00:00+00:00,1.15278,1.15316,1.15244,1.1529,3611.0
2025-11-25 08:00:00+00:00,1.1529,1.15328,1.15265,1.15276,4036.0
2025-11-25 09:00:00+00:00,1.15276,1.15301,1.15178,1.15185,4213.0
2025-11-25 10:00:00+00:00,1.15182,1.15252,1.15162,1.15163,4298.0
2025-11-25 11:00:00+00:00,1.15164,1.1527,1.15162,1.15266,3589.0
2025-11-25 12:00:00+00:00,1.15266,1.15297,1.15239,1.1527,5901.0
2025-11-25 13:00:00+00:00,1.1527,1.15317,1.15206,1.15232,7083.0
2025-11-25 14:00:00+00:00,1.15232,1.1524,1.15025,1.15108,8902.0
2025-11-25 15:00:00+00:00,1.15096,1.15148,1.1496,1.14968,12289.0
2025-11-25 16:00:00+00:00,1.14968,1.15046,1.14962,1.15046,6389.0
2025-11-25 17:00:00+00:00,1.15042,1.15118,1.15006,1.15066,7603.0
2025-11-25 18:00:00+00:00,1.15066,1.15137,1.15066,1.151,3765.0
2025-11-25 19:00:00+00:00,1.151,1.15114,1.15066,1.15092,3465.0
2025-11-25 20:00:00+00:00,1.15094,1.15145,1.15083,1.15112,3413.0
2025-11-25 21:00:00+00:00,1.15112,1.15148,1.15072,1.15118,1564.0
2025-11-25 22:00:00+00:00,1.15108,1.15136,1.15014,1.15086,1443.0
2025-11-25 23:00:00+00:00,1.15086,1.15086,1.14993,1.15032,1963.0
2025-11-26 00:00:00+00:00,1.15034,1.15288,1.15016,1.15138,5072.0
2025-11-26 01:00:00+00:00,1.1514,1.15188,1.1419,1.14502,13085.0
2025-11-26 02:00:00+00:00,1.14502,1.14526,1.14102,1.14161,7565.0
2025-11-26 03:00:00+00:00,1.14158,1.14386,1.14073,1.14241,5514.0
2025-11-26 04:00:00+00:00,1.14247,1.14383,1.14224,1.1428,4563.0
2025-11-26 05:00:00+00:00,1.1428,1.14369,1.14276,1.14316,4161.0
2025-11-26 06:00:00+00:00,1.14318,1.1447,1.14318,1.14438,4360.0
2025-11-26 07:00:00+00:00,1.14438,1.14558,1.1443,1.14502,5079.0
2025-11-26 08:00:00+00:00,1.14501,1.14524,1.14404,1.1442,5849.0
2025-11-26 09:00:00+00:00,1.1442,1.14499,1.14394,1.14498,4868.0
2025-11-26 10:00:00+00:00,1.14499,1.14533,1.14468,1.14503,4148.0
2025-11-26 11:00:00+00:00,1.14504,1.14524,1.14444,1.14473,4916.0
2025-11-26 12:00:00+00:00,1.14474,1.14544,1.14438,1.1448,5191.0
2025-11-26 13:00:00+00:00,1.14478,1.14526,1.14441,1.1446,7833.0
2025-11-26 14:00:00+00:00,1.14462,1.1455,1.14414,1.14428,7080.0
2025-11-26 15:00:00+00:00,1.14426,1.14444,1.14265,1.14412,9435.0
2025-11-26 16:00:00+00:00,1.14412,1.14486,1.14408,1.14452,5494.0
2025-11-26 17:00:00+00:00,1.14455,1.14468,1.14424,1.14432,3505.0
2025-11-26 18:00:00+00:00,1.14432,1.14478,1.14406,1.14454,4514.0
2025-11-26 19:00:00+00:00,1.14454,1.14477,1.14438,1.1447,3500.0
2025-11-26 20:00:00+00:00,1.1447,1.14508,1.14459,1.1448,3151.0
2025-11-26 21:00:00+00:00,1.14479,1.14482,1.1432,1.14372,1783.0
2025-11-26 22:00:00+00:00,1.14318,1.14472,1.14306,1.14342,1791.0
2025-11-26 23:00:00+00:00,1.14342,1.14424,1.14342,1.14358,2068.0
2025-11-27 00:00:00+00:00,1.14357,1.14363,1.14252,1.14274,2894.0
2025-11-27 01:00:00+00:00,1.14274,1.14296,1.14171,1.14171,4441.0
2025-11-27 02:00:00+00:00,1.14172,1.14194,1.13994,1.14031,4342.0
2025-11-27 03:00:00+00:00,1.14032,1.141,1.14011,1.14044,3514.0
2025-11-27 04:00:00+00:00,1.14045,1.14128,1.14036,1.14119,2629.0
2025-11-27 05:00:00+00:00,1.14118,1.14134,1.14082,1.14119,3198.0
2025-11-27 06:00:00+00:00,1.1412,1.14188,1.1411,1.14118,2384.0
2025-11-27 07:00:00+00:00,1.14121,1.14145,1.14074,1.14112,2353.0
2025-11-27 08:00:00+00:00,1.14112,1.14184,1.14078,1.14152,4249.0
2025-11-27 09:00:00+00:00,1.14152,1.14193,1.14133,1.14146,3636.0
2025-11-27 10:00:00+00:00,1.14147,1.14264,1.14147,1.14252,3127.0
2025-11-27 11:00:00+00:00,1.14253,1.1426,1.14195,1.14204,3372.0
2025-11-27 12:00:00+00:00,1.14204,1.14237,1.14188,1.1423,3003.0
2025-11-27 13:00:00+00:00,1.14232,1.1424,1.14126,1.14134,3309.0
2025-11-27 14:00:00+00:00,1.14134,1.14161,1.141,1.14114,3131.0
2025-11-27 15:00:00+00:00,1.14113,1.1412,1.14026,1.14088,3205.0
2025-11-27 16:00:00+00:00,1.14087,1.1412,1.1406,1.14082,2028.0
2025-11-27 17:00:00+00:00,1.14082,1.14136,1.14078,1.14116,1285.0
2025-11-27 18:00:00+00:00,1.14116,1.14127,1.14092,1.14114,780.0
2025-11-27 19:00:00+00:00,1.14113,1.1414,1.14103,1.14128,819.0
2025-11-27 20:00:00+00:00,1.14126,1.14162,1.14125,1.14148,1596.0
2025-11-27 21:00:00+00:00,1.1415,1.14158,1.14046,1.14047,1031.0
2025-11-27 22:00:00+00:00,1.14094,1.14184,1.14016,1.14158,1688.0
2025-11-27 23:00:00+00:00,1.14154,1.14154,1.14058,1.14078,1596.0
2025-11-28 00:00:00+00:00,1.14078,1.1416,1.14067,1.14148,5185.0
2025-11-28 01:00:00+00:00,1.14148,1.14186,1.14104,1.1417,4118.0
2025-11-28 02:00:00+00:00,1.14168,1.14254,1.14166,1.142,9108.0
2025-11-28 03:00:00+00:00,1.142,1.14312,1.14182,1.14214,18666.0
2025-11-28 04:00:00+00:00,1.1421,1.14264,1.1417,1.14234,19911.0
2025-11-28 05:00:00+00:00,1.14235,1.14258,1.14141,1.14192,20621.0
2025-11-28 06:00:00+00:00,1.14185,1.14227,1.14124,1.14217,18462.0
2025-11-28 07:00:00+00:00,1.14216,1.14258,1.14166,1.14208,22763.0
2025-11-28 08:00:00+00:00,1.14213,1.14263,1.14149,1.14223,21987.0
2025-11-28 09:00:00+00:00,1.14224,1.14335,1.1422,1.14285,28601.0
2025-11-28 10:00:00+00:00,1.14285,1.14348,1.14254,1.14314,20122.0
2025-11-28 11:00:00+00:00,1.14316,1.14364,1.14296,1.14324,22699.0
2025-11-28 12:00:00+00:00,1.14326,1.14366,1.1427,1.14304,19193.0
2025-11-28 13:00:00+00:00,1.143,1.14308,1.14229,1.1425,15582.0
2025-11-28 14:00:00+00:00,1.1425,1.14298,1.14198,1.14238,5499.0
2025-11-28 15:00:00+00:00,1.14239,1.14286,1.1418,1.14246,7340.0
2025-11-28 16:00:00+00:00,1.14248,1.14256,1.14172,1.14211,5588.0
2025-11-28 17:00:00+00:00,1.14212,1.14228,1.14155,1.14166,4007.0
2025-11-28 18:00:00+00:00,1.14168,1.142,1.14124,1.14198,4030.0
2025-11-28 19:00:00+00:00,1.142,1.1421,1.14173,1.14185,3624.0
2025-11-28 20:00:00+00:00,1.14186,1.14192,1.14146,1.14147,15496.0
2025-11-28 21:00:00+00:00,1.14147,1.14258,1.14124,1.14192,21882.0
2025-11-30 22:00:00+00:00,1.14214,1.14291,1.14133,1.14199,2515.0
2025-11-30 23:00:00+00:00,1.14202,1.14252,1.14146,1.14212,2535.0
2025-12-01 00:00:00+00:00,1.14213,1.14244,1.14081,1.1413,4919.0
2025-12-01 01:00:00+00:00,1.1413,1.14198,1.14066,1.14184,8301.0
2025-12-01 02:00:00+00:00,1.14182,1.14208,1.14146,1.1417,5940.0
2025-12-01 03:00:00+00:00,1.14171,1.14211,1.14135,1.14141,3320.0
2025-12-01 04:00:00+00:00,1.1414,1.14198,1.14124,1.14176,3511.0
2025-12-01 05:00:00+00:00,1.14178,1.14193,1.14119,1.14182,3883.0
2025-12-01 06:00:00+00:00,1.14182,1.14208,1.14159,1.14186,3812.0
2025-12-01 07:00:00+00:00,1.14184,1.14224,1.14161,1.14196,4885.0
2025-12-01 08:00:00+00:00,1.14195,1.14222,1.14145,1.14202,6479.0
2025-12-01 09:00:00+00:00,1.14203,1.14203,1.14122,1.1415,5307.0
2025-12-01 10:00:00+00:00,1.1415,1.14264,1.14148,1.1425,4450.0
2025-12-01 11:00:00+00:00,1.1425,1.14271,1.14192,1.14242,3658.0
2025-12-01 12:00:00+00:00,1.14242,1.1426,1.14156,1.14186,5131.0
2025-12-01 13:00:00+00:00,1.14188,1.1423,1.14155,1.14199,5721.0
2025-12-01 14:00:00+00:00,1.14198,1.14306,1.1419,1.14276,7444.0
2025-12-01 15:00:00+00:00,1.14276,1.14306,1.14138,1.14147,9308.0
2025-12-01 16:00:00+00:00,1.14148,1.1426,1.14148,1.14256,6415.0
2025-12-01 17:00:00+00:00,1.14254,1.14262,1.1421,1.14224,4240.0
2025-12-01 18:00:00+00:00,1.14224,1.14266,1.14197,1.14255,3482.0
2025-12-01 19:00:00+00:00,1.14252,1.14258,1.14226,1.14248,4050.0
2025-12-01 20:00:00+00:00,1.14246,1.14272,1.14228,1.14232,3133.0
2025-12-01 21:00:00+00:00,1.1423,1.14248,1.14204,1.14221,1523.0
2025-12-01 22:00:00+00:00,1.14316,1.14322,1.14178,1.14216,1269.0
2025-12-01 23:00:00+00:00,1.14216,1.1428,1.1421,1.1426,1558.0
2025-12-02 00:00:00+00:00,1.14262,1.14332,1.14223,1.14322,2615.0
2025-12-02 01:00:00+00:00,1.14322,1.14384,1.14275,1.14297,3796.0
2025-12-02 02:00:00+00:00,1.143,1.14398,1.1428,1.1438,2552.0
2025-12-02 03:00:00+00:00,1.14383,1.14428,1.14368,1.14408,2889.0
2025-12-02 04:00:00+00:00,1.14408,1.14431,1.14382,1.14406,2439.0
2025-12-02 05:00:00+00:00,1.14406,1.1446,1.14395,1.14395,2028.0
2025-12-02 06:00:00+00:00,1.14394,1.14468,1.14392,1.14417,2708.0
2025-12-02 07:00:00+00:00,1.14418,1.14469,1.14386,1.144,2537.0
2025-12-02 08:00:00+00:00,1.144,1.14491,1.1439,1.14486,3912.0
2025-12-02 09:00:00+00:00,1.14487,1.14534,1.14467,1.14521,3279.0
2025-12-02 10:00:00+00:00,1.14522,1.14585,1.14518,1.14573,3431.0
2025-12-02 11:00:00+00:00,1.14572,1.14584,1.14542,1.14568,3048.0
2025-12-02 12:00:00+00:00,1.14569,1.14594,1.14484,1.14523,2654.0
2025-12-02 13:00:00+00:00,1.14522,1.14531,1.14486,1.14512,3698.0
2025-12-02 14:00:00+00:00,1.1451,1.14528,1.1443,1.14464,7070.0
2025-12-02 15:00:00+00:00,1.14464,1.14471,1.14371,1.1445,7589.0
2025-12-02 16:00:00+00:00,1.1445,1.1451,1.14427,1.14495,7508.0
2025-12-02 17:00:00+00:00,1.14496,1.14526,1.14439,1.14448,4558.0
2025-12-02 18:00:00+00:00,1.14448,1.14494,1.14436,1.14476,3860.0
2025-12-02 19:00:00+00:00,1.14476,1.14495,1.14436,1.14481,3596.0
2025-12-02 20:00:00+00:00,1.14482,1.14493,1.14436,1.14464,2774.0
2025-12-02 21:00:00+00:00,1.14466,1.14479,1.14406,1.14428,1427.0
2025-12-02 22:00:00+00:00,1.14424,1.1448,1.14384,1.14476,918.0
2025-12-02 23:00:00+00:00,1.14475,1.1452,1.14444,1.14502,1995.0
2025-12-03 00:00:00+00:00,1.14503,1.14554,1.14216,1.1443,5218.0
2025-12-03 01:00:00+00:00,1.14431,1.1448,1.14378,1.14409,4920.0
2025-12-03 02:00:00+00:00,1.1441,1.14414,1.1431,1.14341,3863.0
2025-12-03 03:00:00+00:00,1.14342,1.14454,1.1433,1.14445,2678.0
2025-12-03 04:00:00+00:00,1.14444,1.1445,1.1436,1.1438,2099.0
2025-12-03 05:00:00+00:00,1.14379,1.14441,1.1436,1.14404,2826.0
2025-12-03 06:00:00+00:00,1.14402,1.14504,1.14382,1.14454,2747.0
2025-12-03 07:00:00+00:00,1.14453,1.14532,1.14426,1.14493,3618.0
2025-12-03 08:00:00+00:00,1.14492,1.14595,1.14487,1.14587,3582.0
2025-12-03 09:00:00+00:00,1.14588,1.14666,1.14572,1.14622,3346.0
2025-12-03 10:00:00+00:00,1.14622,1.14664,1.14596,1.14608,3584.0
2025-12-03 11:00:00+00:00,1.14606,1.14624,1.14551,1.14585,2528.0
2025-12-03 12:00:00+00:00,1.14586,1.14678,1.14568,1.14674,2942.0
2025-12-03 13:00:00+00:00,1.14674,1.14698,1.14564,1.14674,5450.0
2025-12-03 14:00:00+00:00,1.14674,1.14677,1.14558,1.14558,9544.0
2025-12-03 15:00:00+00:00,1.14572,1.14626,1.14428,1.14486,8200.0
2025-12-03 16:00:00+00:00,1.14487,1.14499,1.14263,1.14278,5097.0
2025-12-03 17:00:00+00:00,1.14277,1.1431,1.14244,1.1428,3795.0
2025-12-03 18:00:00+00:00,1.1428,1.1432,1.14238,1.14314,3143.0
2025-12-03 19:00:00+00:00,1.14314,1.14324,1.14264,1.14274,2571.0
2025-12-03 20:00:00+00:00,1.14274,1.14346,1.1427,1.14331,2048.0
2025-12-03 21:00:00+00:00,1.14331,1.14334,1.14265,1.14322,1428.0
2025-12-03 22:00:00+00:00,1.14336,1.14348,1.14314,1.14338,701.0
2025-12-03 23:00:00+00:00,1.14331,1.14396,1.14317,1.14394,1932.0
2025-12-04 00:00:00+00:00,1.14392,1.14578,1.14392,1.14456,3909.0
2025-12-04 01:00:00+00:00,1.14456,1.14546,1.1442,1.14538,5222.0
2025-12-04 02:00:00+00:00,1.1454,1.14576,1.145,1.1453,4616.0
2025-12-04 03:00:00+00:00,1.14528,1.1461,1.14524,1.14592,3626.0
2025-12-04 04:00:00+00:00,1.14592,1.14644,1.14581,1.14596,3113.0
2025-12-04 05:00:00+00:00,1.14596,1.14615,1.14528,1.14554,3292.0
2025-12-04 06:00:00+00:00,1.14553,1.14616,1.14547,1.1459,2944.0
2025-12-04 07:00:00+00:00,1.14586,1.14628,1.14567,1.14592,3500.0
2025-12-04 08:00:00+00:00,1.14594,1.14613,1.14486,1.14508,6341.0
2025-12-04 09:00:00+00:00,1.14508,1.14602,1.1449,1.14593,5232.0
2025-12-04 10:00:00+00:00,1.14594,1.1465,1.14578,1.14608,4294.0
2025-12-04 11:00:00+00:00,1.14607,1.14628,1.14538,1.14569,4182.0
2025-12-04 12:00:00+00:00,1.14568,1.14628,1.14551,1.14596,3747.0
2025-12-04 13:00:00+00:00,1.14596,1.14685,1.14589,1.14624,6753.0
2025-12-04 14:00:00+00:00,1.14625,1.14632,1.14555,1.14597,7975.0
2025-12-04 15:00:00+00:00,1.14598,1.14712,1.14598,1.14625,9314.0
2025-12-04 16:00:00+00:00,1.14624,1.14666,1.14604,1.14624,7702.0
2025-12-04 17:00:00+00:00,1.14624,1.1465,1.14584,1.14606,4066.0
2025-12-04 18:00:00+00:00,1.14606,1.14632,1.14578,1.14629,3359.0
2025-12-04 19:00:00+00:00,1.1463,1.14658,1.14616,1.14654,3896.0
2025-12-04 20:00:00+00:00,1.14652,1.14684,1.1464,1.1468,3523.0
2025-12-04 21:00:00+00:00,1.1468,1.14719,1.14664,1.14718,1935.0
2025-12-04 22:00:00+00:00,1.14688,1.1477,1.14608,1.14646,5941.0
2025-12-04 23:00:00+00:00,1.14662,1.14726,1.14636,1.14714,2137.0
2025-12-05 00:00:00+00:00,1.14716,1.14729,1.14677,1.14694,3508.0
2025-12-05 01:00:00+00:00,1.14694,1.14698,1.1464,1.14655,4184.0
2025-12-05 02:00:00+00:00,1.14654,1.14742,1.14649,1.14741,3148.0
2025-12-05 03:00:00+00:00,1.14742,1.14754,1.14694,1.14752,2976.0
2025-12-05 04:00:00+00:00,1.14754,1.14754,1.14682,1.14746,2564.0
2025-12-05 05:00:00+00:00,1.14748,1.14798,1.1471,1.14766,3034.0
2025-12-05 06:00:00+00:00,1.14768,1.148,1.14718,1.14737,3650.0
2025-12-05 07:00:00+00:00,1.14737,1.14758,1.14669,1.14738,3723.0
2025-12-05 08:00:00+00:00,1.14738,1.14841,1.14726,1.14796,4962.0
2025-12-05 09:00:00+00:00,1.14796,1.14831,1.1479,1.14824,2634.0
2025-12-05 10:00:00+00:00,1.14824,1.1487,1.14816,1.14866,2795.0
2025-12-05 11:00:00+00:00,1.14866,1.14934,1.14847,1.14878,3178.0
2025-12-05 12:00:00+00:00,1.14877,1.14935,1.14849,1.1486,3860.0
2025-12-05 13:00:00+00:00,1.14862,1.1491,1.1486,1.14897,5061.0
2025-12-05 14:00:00+00:00,1.14898,1.14918,1.14816,1.14857,6385.0
2025-12-05 15:00:00+00:00,1.1486,1.14972,1.1485,1.149,6129.0
2025-12-05 16:00:00+00:00,1.149,1.14994,1.149,1.14958,8162.0
2025-12-05 17:00:00+00:00,1.14957,1.14986,1.1495,1.14959,5182.0
2025-12-05 18:00:00+00:00,1.1496,1.1497,1.14929,1.14954,3666.0
2025-12-05 19:00:00+00:00,1.14953,1.14964,1.1492,1.14922,3150.0
2025-12-05 20:00:00+00:00,1.14923,1.14982,1.14922,1.14976,1943.0
2025-12-05 21:00:00+00:00,1.14978,1.15014,1.14938,1.14959,1830.0
2025-12-07 22:00:00+00:00,1.14822,1.14946,1.14764,1.14774,1619.0
2025-12-07 23:00:00+00:00,1.14774,1.14994,1.14774,1.14893,5576.0
2025-12-08 00:00:00+00:00,1.14894,1.149,1.1474,1.14796,4092.0
2025-12-08 01:00:00+00:00,1.14796,1.14816,1.14742,1.1476,4833.0
2025-12-08 02:00:00+00:00,1.1476,1.14836,1.14758,1.14832,3317.0
2025-12-08 03:00:00+00:00,1.1483,1.14843,1.14785,1.14834,3038.0
2025-12-08 04:00:00+00:00,1.14832,1.14866,1.14814,1.14858,2209.0
2025-12-08 05:00:00+00:00,1.14858,1.14881,1.1483,1.14856,2613.0
2025-12-08 06:00:00+00:00,1.14852,1.14926,1.14827,1.14856,3541.0
2025-12-08 07:00:00+00:00,1.14858,1.14912,1.14836,1.1488,4308.0
2025-12-08 08:00:00+00:00,1.1488,1.14893,1.14772,1.14806,5123.0
2025-12-08 09:00:00+00:00,1.14808,1.14824,1.14693,1.14728,4558.0
2025-12-08 10:00:00+00:00,1.14734,1.14759,1.14704,1.14756,3690.0
2025-12-08 11:00:00+00:00,1.14756,1.14839,1.14742,1.14829,3720.0
2025-12-08 12:00:00+00:00,1.1483,1.14879,1.14738,1.14742,4460.0
2025-12-08 13:00:00+00:00,1.14744,1.14767,1.14686,1.14758,5684.0
2025-12-08 14:00:00+00:00,1.14756,1.14834,1.14696,1.14829,6529.0
2025-12-08 15:00:00+00:00,1.14828,1.14895,1.14795,1.14864,7646.0
2025-12-08 16:00:00+00:00,1.14864,1.14865,1.14758,1.14768,6376.0
2025-12-08 17:00:00+00:00,1.14768,1.14772,1.14714,1.14725,4106.0
2025-12-08 18:00:00+00:00,1.14725,1.14725,1.1466,1.14706,3659.0
2025-12-08 19:00:00+00:00,1.14706,1.14728,1.14694,1.14704,3663.0
2025-12-08 20:00:00+00:00,1.14703,1.14712,1.14668,1.1468,2823.0
2025-12-08 21:00:00+00:00,1.14678,1.14734,1.14658,1.14696,1611.0
2025-12-08 22:00:00+00:00,1.1465,1.14765,1.14648,1.1473,1748.0
2025-12-08 23:00:00+00:00,1.14734,1.14751,1.147,1.14735,1703.0
2025-12-09 00:00:00+00:00,1.14736,1.14752,1.14682,1.14718,2807.0
2025-12-09 01:00:00+00:00,1.1472,1.14762,1.14702,1.14735,4266.0
2025-12-09 02:00:00+00:00,1.14735,1.14762,1.14632,1.14661,3312.0
2025-12-09 03:00:00+00:00,1.1466,1.1469,1.14376,1.14516,5722.0
2025-12-09 04:00:00+00:00,1.14518,1.14819,1.14508,1.14768,5123.0
2025-12-09 05:00:00+00:00,1.14772,1.14838,1.14728,1.14783,4068.0
2025-12-09 06:00:00+00:00,1.14782,1.14882,1.14765,1.1485,4196.0
2025-12-09 07:00:00+00:00,1.1485,1.14852,1.14781,1.1482,3609.0
2025-12-09 08:00:00+00:00,1.14821,1.14834,1.14748,1.14794,4247.0
2025-12-09 09:00:00+00:00,1.14792,1.14793,1.14684,1.14708,4370.0
2025-12-09 10:00:00+00:00,1.14707,1.14767,1.14674,1.14705,4210.0
2025-12-09 11:00:00+00:00,1.14706,1.14706,1.14642,1.14682,3387.0
2025-12-09 12:00:00+00:00,1.14681,1.14752,1.14674,1.14729,3728.0
2025-12-09 13:00:00+00:00,1.14728,1.14756,1.147,1.14743,5426.0
2025-12-09 14:00:00+00:00,1.14742,1.14912,1.14724,1.14843,6870.0
2025-12-09 15:00:00+00:00,1.14836,1.14938,1.14771,1.14858,9738.0
2025-12-09 16:00:00+00:00,1.14858,1.14876,1.14827,1.14848,5427.0
2025-12-09 17:00:00+00:00,1.14848,1.14892,1.14846,1.14873,4632.0
2025-12-09 18:00:00+00:00,1.14873,1.1489,1.14856,1.14876,2981.0
2025-12-09 19:00:00+00:00,1.14876,1.14884,1.14846,1.14864,3477.0
2025-12-09 20:00:00+00:00,1.14864,1.14882,1.1484,1.14854,2523.0
2025-12-09 21:00:00+00:00,1.14854,1.14904,1.14853,1.14888,1418.0
2025-12-09 22:00:00+00:00,1.1486,1.14974,1.14857,1.14959,1849.0
2025-12-09 23:00:00+00:00,1.1496,1.1496,1.14886,1.1489,1654.0
2025-12-10 00:00:00+00:00,1.14889,1.1508,1.14866,1.15016,4271.0
2025-12-10 01:00:00+00:00,1.15017,1.15038,1.14966,1.15013,6169.0
2025-12-10 02:00:00+00:00,1.15015,1.15096,1.14941,1.15096,5163.0
2025-12-10 03:00:00+00:00,1.15098,1.15174,1.1507,1.15071,4445.0
2025-12-10 04:00:00+00:00,1.1507,1.15094,1.15001,1.15014,2774.0
2025-12-10 05:00:00+00:00,1.15013,1.15029,1.14962,1.14994,3235.0
2025-12-10 06:00:00+00:00,1.14995,1.15038,1.14975,1.14988,3522.0
2025-12-10 07:00:00+00:00,1.14989,1.15016,1.14948,1.14954,4502.0
2025-12-10 08:00:00+00:00,1.14956,1.1498,1.14906,1.14961,5476.0
2025-12-10 09:00:00+00:00,1.14962,1.14976,1.14902,1.14908,5604.0
2025-12-10 10:00:00+00:00,1.1491,1.14927,1.14886,1.14916,5286.0
2025-12-10 11:00:00+00:00,1.14915,1.14931,1.14878,1.149,4547.0
2025-12-10 12:00:00+00:00,1.149,1.14928,1.14876,1.14914,4718.0
2025-12-10 13:00:00+00:00,1.1491,1.14958,1.14859,1.14876,6024.0
2025-12-10 14:00:00+00:00,1.14875,1.14902,1.148,1.14806,7881.0
2025-12-10 15:00:00+00:00,1.14806,1.14844,1.14752,1.14842,7715.0
2025-12-10 16:00:00+00:00,1.14838,1.14844,1.14768,1.14772,5553.0
2025-12-10 17:00:00+00:00,1.14772,1.14804,1.14754,1.14782,4329.0
2025-12-10 18:00:00+00:00,1.14782,1.14871,1.14771,1.14846,2924.0
2025-12-10 19:00:00+00:00,1.14884,1.14929,1.14756,1.1485,22205.0
2025-12-10 20:00:00+00:00,1.14849,1.14868,1.14757,1.14843,10909.0
2025-12-10 21:00:00+00:00,1.14841,1.14855,1.14766,1.14768,3306.0
2025-12-10 22:00:00+00:00,1.14806,1.14839,1.14732,1.14756,1583.0
2025-12-10 23:00:00+00:00,1.14754,1.14797,1.14734,1.14742,3043.0
2025-12-11 00:00:00+00:00,1.14742,1.14758,1.14549,1.14616,6833.0
2025-12-11 01:00:00+00:00,1.14615,1.14688,1.14614,1.14659,6965.0
2025-12-11 02:00:00+00:00,1.14658,1.14661,1.14567,1.146,5666.0
2025-12-11 03:00:00+00:00,1.146,1.14609,1.14477,1.14486,7180.0
2025-12-11 04:00:00+00:00,1.1449,1.14516,1.14426,1.14505,4336.0
2025-12-11 05:00:00+00:00,1.14504,1.14525,1.14464,1.14498,4898.0
2025-12-11 06:00:00+00:00,1.14498,1.1452,1.14458,1.14488,4897.0
2025-12-11 07:00:00+00:00,1.14488,1.14574,1.1446,1.14538,6146.0
2025-12-11 08:00:00+00:00,1.14537,1.14586,1.14472,1.14503,6780.0
2025-12-11 09:00:00+00:00,1.14502,1.14588,1.14497,1.14578,5825.0
2025-12-11 10:00:00+00:00,1.14578,1.1461,1.14566,1.1461,5013.0
2025-12-11 11:00:00+00:00,1.14608,1.14614,1.14521,1.14554,4368.0
2025-12-11 12:00:00+00:00,1.14554,1.14556,1.14484,1.14506,4971.0
2025-12-11 13:00:00+00:00,1.14503,1.14528,1.1441,1.14462,7061.0
2025-12-11 14:00:00+00:00,1.14462,1.14514,1.1442,1.14462,9395.0
2025-12-11 15:00:00+00:00,1.14463,1.14617,1.1446,1.14609,10279.0
2025-12-11 16:00:00+00:00,1.1461,1.14654,1.14572,1.14642,7950.0
2025-12-11 17:00:00+00:00,1.14642,1.14672,1.14616,1.14634,6291.0
2025-12-11 18:00:00+00:00,1.14634,1.14692,1.14634,1.14674,4547.0
2025-12-11 19:00:00+00:00,1.14674,1.1474,1.14674,1.14737,3881.0
2025-12-11 20:00:00+00:00,1.14738,1.14766,1.14689,1.14696,3344.0
2025-12-11 21:00:00+00:00,1.14698,1.1477,1.14689,1.1472,1876.0
2025-12-11 22:00:00+00:00,1.14761,1.14792,1.14648,1.14758,2301.0
2025-12-11 23:00:00+00:00,1.14758,1.14786,1.14679,1.1468,1678.0
2025-12-12 00:00:00+00:00,1.14678,1.14722,1.14671,1.14686,4061.0
2025-12-12 01:00:00+00:00,1.14687,1.1472,1.14654,1.14704,5313.0
2025-12-12 02:00:00+00:00,1.14702,1.14724,1.14655,1.14672,4150.0
2025-12-12 03:00:00+00:00,1.1467,1.14704,1.14668,1.14682,3300.0
2025-12-12 04:00:00+00:00,1.14683,1.1471,1.1467,1.14675,2256.0
2025-12-12 05:00:00+00:00,1.14676,1.14697,1.14646,1.14682,3084.0
2025-12-12 06:00:00+00:00,1.1468,1.14711,1.14652,1.14689,4144.0
2025-12-12 07:00:00+00:00,1.14686,1.14726,1.14652,1.14722,4435.0
2025-12-12 08:00:00+00:00,1.14722,1.14776,1.14682,1.14743,6278.0
2025-12-12 09:00:00+00:00,1.14742,1.14772,1.1467,1.14693,5935.0
2025-12-12 10:00:00+00:00,1.14692,1.14752,1.14653,1.14738,4527.0
2025-12-12 11:00:00+00:00,1.1474,1.14756,1.14703,1.14724,3928.0
2025-12-12 12:00:00+00:00,1.14724,1.14786,1.14708,1.1476,4136.0
2025-12-12 13:00:00+00:00,1.14763,1.14778,1.14692,1.14714,6052.0
2025-12-12 14:00:00+00:00,1.14716,1.14737,1.1467,1.14701,7874.0
2025-12-12 15:00:00+00:00,1.14704,1.14705,1.14598,1.1462,12038.0
2025-12-12 16:00:00+00:00,1.1462,1.14647,1.14584,1.14635,12480.0
2025-12-12 17:00:00+00:00,1.14636,1.14675,1.14612,1.14629,7952.0
2025-12-12 18:00:00+00:00,1.1463,1.14666,1.14622,1.14657,6107.0
2025-12-12 19:00:00+00:00,1.14656,1.14666,1.14609,1.14636,5599.0
2025-12-12 20:00:00+00:00,1.14636,1.14642,1.14594,1.14638,3426.0
2025-12-12 21:00:00+00:00,1.14637,1.14646,1.14588,1.14627,2216.0
2025-12-14 22:00:00+00:00,1.14574,1.147,1.1449,1.14642,2749.0
2025-12-14 23:00:00+00:00,1.14644,1.14676,1.14554,1.1458,2799.0
2025-12-15 00:00:00+00:00,1.14582,1.14616,1.14524,1.14526,3883.0
2025-12-15 01:00:00+00:00,1.14526,1.14576,1.1448,1.14556,5455.0
2025-12-15 02:00:00+00:00,1.1456,1.15117,1.1453,1.14966,6005.0
2025-12-15 03:00:00+00:00,1.14966,1.15197,1.14959,1.1515,5116.0
2025-12-15 04:00:00+00:00,1.1515,1.15182,1.15058,1.15061,3380.0
2025-12-15 05:00:00+00:00,1.1506,1.15064,1.1494,1.1495,3288.0
2025-12-15 06:00:00+00:00,1.14951,1.15001,1.1491,1.14922,3538.0
2025-12-15 07:00:00+00:00,1.14923,1.14942,1.1488,1.1494,3928.0
2025-12-15 08:00:00+00:00,1.14938,1.15076,1.14917,1.15054,5245.0
2025-12-15 09:00:00+00:00,1.15054,1.15061,1.14896,1.14906,4008.0
2025-12-15 10:00:00+00:00,1.14902,1.14924,1.1486,1.14876,4181.0
2025-12-15 11:00:00+00:00,1.14878,1.14878,1.14782,1.14796,3132.0
2025-12-15 12:00:00+00:00,1.14795,1.14838,1.14738,1.14838,3747.0
2025-12-15 13:00:00+00:00,1.14836,1.14845,1.14761,1.14822,4617.0
2025-12-15 14:00:00+00:00,1.14824,1.14832,1.14638,1.14674,6900.0
2025-12-15 15:00:00+00:00,1.14677,1.14712,1.14578,1.14632,10087.0
2025-12-15 16:00:00+00:00,1.14634,1.1466,1.14592,1.14647,7970.0
2025-12-15 17:00:00+00:00,1.14646,1.1469,1.14638,1.1469,6029.0
2025-12-15 18:00:00+00:00,1.1469,1.1471,1.14648,1.14702,4624.0
2025-12-15 19:00:00+00:00,1.14702,1.14775,1.14692,1.14765,3542.0
2025-12-15 20:00:00+00:00,1.14766,1.14784,1.1473,1.14774,3433.0
2025-12-15 21:00:00+00:00,1.14772,1.14838,1.14761,1.14834,1807.0
2025-12-15 22:00:00+00:00,1.14895,1.14908,1.14777,1.14874,2175.0
2025-12-15 23:00:00+00:00,1.14873,1.14906,1.14793,1.14794,3845.0
2025-12-16 00:00:00+00:00,1.14793,1.14918,1.14704,1.14904,4940.0
2025-12-16 01:00:00+00:00,1.14906,1.15005,1.14852,1.1487,7464.0
2025-12-16 02:00:00+00:00,1.1487,1.15007,1.14842,1.14936,5736.0
2025-12-16 03:00:00+00:00,1.14935,1.14985,1.14848,1.14857,3426.0
2025-12-16 04:00:00+00:00,1.14856,1.14915,1.1482,1.14836,2679.0
2025-12-16 05:00:00+00:00,1.14838,1.14882,1.14799,1.14799,3003.0
2025-12-16 06:00:00+00:00,1.14801,1.14804,1.14754,1.1479,2460.0
2025-12-16 07:00:00+00:00,1.1479,1.14819,1.14728,1.1474,2635.0
2025-12-16 08:00:00+00:00,1.14741,1.14787,1.147,1.14735,4002.0
2025-12-16 09:00:00+00:00,1.14732,1.14738,1.1468,1.14716,4861.0
2025-12-16 10:00:00+00:00,1.14718,1.14756,1.147,1.14748,3644.0
2025-12-16 11:00:00+00:00,1.14747,1.14762,1.14725,1.1473,2715.0
2025-12-16 12:00:00+00:00,1.1473,1.14768,1.14714,1.14744,3444.0
2025-12-16 13:00:00+00:00,1.14742,1.14796,1.14658,1.14738,11052.0
2025-12-16 14:00:00+00:00,1.14738,1.14794,1.14655,1.14672,10031.0
2025-12-16 15:00:00+00:00,1.1467,1.14692,1.14532,1.14622,11015.0
2025-12-16 16:00:00+00:00,1.14625,1.14654,1.1455,1.1456,7647.0
2025-12-16 17:00:00+00:00,1.14563,1.14616,1.14513,1.14601,5659.0
2025-12-16 18:00:00+00:00,1.14601,1.14702,1.14584,1.14675,5217.0
2025-12-16 19:00:00+00:00,1.14676,1.14712,1.14638,1.14661,6634.0
2025-12-16 20:00:00+00:00,1.1466,1.14692,1.14594,1.14605,4126.0
2025-12-16 21:00:00+00:00,1.14606,1.14704,1.14602,1.14688,1895.0
2025-12-16 22:00:00+00:00,1.14684,1.14756,1.14654,1.1474,1903.0
2025-12-16 23:00:00+00:00,1.14742,1.14746,1.14648,1.14672,2134.0
2025-12-17 00:00:00+00:00,1.14672,1.14717,1.14556,1.14572,4054.0
2025-12-17 01:00:00+00:00,1.14572,1.14655,1.14546,1.14601,5552.0
2025-12-17 02:00:00+00:00,1.146,1.14728,1.14552,1.14582,5890.0
2025-12-17 03:00:00+00:00,1.14582,1.14595,1.145,1.14502,3042.0
2025-12-17 04:00:00+00:00,1.14504,1.14564,1.14501,1.14562,3273.0
2025-12-17 05:00:00+00:00,1.14564,1.1461,1.14548,1.14604,4205.0
2025-12-17 06:00:00+00:00,1.14604,1.14644,1.14572,1.1463,4770.0
2025-12-17 07:00:00+00:00,1.14632,1.147,1.14612,1.14636,5859.0
2025-12-17 08:00:00+00:00,1.14636,1.14647,1.14575,1.14605,5424.0
2025-12-17 09:00:00+00:00,1.14604,1.1466,1.14574,1.14625,4643.0
2025-12-17 10:00:00+00:00,1.14625,1.14632,1.14562,1.14576,3575.0
2025-12-17 11:00:00+00:00,1.14572,1.14614,1.14514,1.14608,3486.0
2025-12-17 12:00:00+00:00,1.14606,1.14633,1.14571,1.14605,4009.0
2025-12-17 13:00:00+00:00,1.14607,1.14656,1.14581,1.14604,5985.0
2025-12-17 14:00:00+00:00,1.14603,1.14614,1.14468,1.14518,6508.0
2025-12-17 15:00:00+00:00,1.14519,1.1452,1.14304,1.14308,8481.0
2025-12-17 16:00:00+00:00,1.1431,1.14396,1.14294,1.14395,8460.0
2025-12-17 17:00:00+00:00,1.14392,1.14424,1.14354,1.14362,5697.0
2025-12-17 18:00:00+00:00,1.14362,1.14371,1.1432,1.14326,5671.0
2025-12-17 19:00:00+00:00,1.14325,1.14365,1.14308,1.14353,5233.0
2025-12-17 20:00:00+00:00,1.14352,1.14356,1.14308,1.14343,4423.0
2025-12-17 21:00:00+00:00,1.1434,1.144,1.14213,1.1439,2294.0
2025-12-17 22:00:00+00:00,1.14438,1.14474,1.14286,1.14474,1975.0
2025-12-17 23:00:00+00:00,1.1447,1.14473,1.14399,1.14414,2526.0
2025-12-18 00:00:00+00:00,1.14418,1.1453,1.14382,1.14496,3906.0
2025-12-18 01:00:00+00:00,1.14494,1.14512,1.14416,1.14484,5501.0
2025-12-18 02:00:00+00:00,1.14484,1.14489,1.14408,1.14456,4701.0
2025-12-18 03:00:00+00:00,1.14456,1.14581,1.1443,1.14558,4177.0
2025-12-18 04:00:00+00:00,1.14558,1.14606,1.1451,1.14592,3173.0
2025-12-18 05:00:00+00:00,1.14591,1.14604,1.14553,1.14578,3498.0
2025-12-18 06:00:00+00:00,1.14581,1.14686,1.14558,1.14672,4227.0
2025-12-18 07:00:00+00:00,1.14672,1.14702,1.14614,1.1465,4774.0
2025-12-18 08:00:00+00:00,1.14652,1.1469,1.14596,1.14624,4783.0
2025-12-18 09:00:00+00:00,1.14626,1.14682,1.146,1.146,4503.0
2025-12-18 10:00:00+00:00,1.146,1.14616,1.1454,1.14572,3026.0
2025-12-18 11:00:00+00:00,1.14572,1.14606,1.1456,1.14604,3289.0
2025-12-18 12:00:00+00:00,1.14606,1.14638,1.14572,1.14602,4740.0
2025-12-18 13:00:00+00:00,1.146,1.1465,1.14553,1.14584,10510.0
2025-12-18 14:00:00+00:00,1.14584,1.14621,1.14544,1.14613,10846.0
2025-12-18 15:00:00+00:00,1.14614,1.14656,1.14494,1.14504,9883.0
2025-12-18 16:00:00+00:00,1.14505,1.14562,1.14462,1.14507,6188.0
2025-12-18 17:00:00+00:00,1.14508,1.14563,1.14483,1.1455,7907.0
2025-12-18 18:00:00+00:00,1.1455,1.146,1.14549,1.14568,4473.0
2025-12-18 19:00:00+00:00,1.14568,1.14612,1.14556,1.14585,4902.0
2025-12-18 20:00:00+00:00,1.14584,1.14586,1.14524,1.14531,3806.0
2025-12-18 21:00:00+00:00,1.1453,1.1453,1.14477,1.14494,1122.0
2025-12-18 22:00:00+00:00,1.14537,1.14596,1.14501,1.14537,1566.0
2025-12-18 23:00:00+00:00,1.14546,1.1455,1.14473,1.14524,1914.0
2025-12-19 00:00:00+00:00,1.14524,1.14601,1.1447,1.14536,4065.0
2025-12-19 01:00:00+00:00,1.14533,1.14578,1.14479,1.14554,5046.0
2025-12-19 02:00:00+00:00,1.14552,1.14616,1.1451,1.14614,3206.0
2025-12-19 03:00:00+00:00,1.14614,1.14676,1.146,1.1467,3694.0
2025-12-19 04:00:00+00:00,1.1467,1.14732,1.14648,1.14693,2277.0
2025-12-19 05:00:00+00:00,1.14694,1.14734,1.14669,1.1468,2410.0
2025-12-19 06:00:00+00:00,1.1468,1.14724,1.14653,1.14664,4420.0
2025-12-19 07:00:00+00:00,1.1466,1.14904,1.14644,1.14891,4578.0
2025-12-19 08:00:00+00:00,1.1489,1.14936,1.14852,1.14906,4859.0
2025-12-19 09:00:00+00:00,1.14906,1.14972,1.14882,1.14952,4396.0
2025-12-19 10:00:00+00:00,1.14953,1.14981,1.14915,1.14928,3997.0
2025-12-19 11:00:00+00:00,1.1493,1.1499,1.1491,1.14968,3471.0
2025-12-19 12:00:00+00:00,1.14966,1.15042,1.14955,1.15016,3843.0
2025-12-19 13:00:00+00:00,1.15015,1.15092,1.15014,1.15064,4798.0
2025-12-19 14:00:00+00:00,1.15062,1.15072,1.14966,1.15032,7453.0
2025-12-19 15:00:00+00:00,1.15035,1.1508,1.14881,1.14882,7487.0
2025-12-19 16:00:00+00:00,1.14884,1.14918,1.1485,1.1487,5190.0
2025-12-19 17:00:00+00:00,1.1487,1.14884,1.14836,1.14856,3798.0
2025-12-19 18:00:00+00:00,1.14854,1.14859,1.14808,1.14819,3154.0
2025-12-19 19:00:00+00:00,1.14819,1.14856,1.14812,1.14828,2133.0
2025-12-19 20:00:00+00:00,1.14828,1.1486,1.14798,1.14802,2203.0
2025-12-19 21:00:00+00:00,1.14802,1.14876,1.14799,1.14867,2100.0
2025-12-21 22:00:00+00:00,1.15009,1.15102,1.1485,1.14872,1412.0
2025-12-21 23:00:00+00:00,1.14876,1.14966,1.14816,1.14872,4279.0
2025-12-22 00:00:00+00:00,1.14866,1.14874,1.14798,1.14806,5524.0
2025-12-22 01:00:00+00:00,1.14806,1.14906,1.14772,1.1489,6606.0
2025-12-22 02:00:00+00:00,1.1489,1.14902,1.14774,1.1478,2591.0
2025-12-22 03:00:00+00:00,1.14782,1.14858,1.1477,1.14826,2827.0
2025-12-22 04:00:00+00:00,1.14825,1.14872,1.14787,1.14856,2020.0
2025-12-22 05:00:00+00:00,1.14857,1.14873,1.1484,1.14849,3001.0
2025-12-22 06:00:00+00:00,1.14847,1.14916,1.14847,1.14894,3227.0
2025-12-22 07:00:00+00:00,1.14897,1.14911,1.14805,1.1489,3902.0
2025-12-22 08:00:00+00:00,1.14889,1.1489,1.14788,1.14792,3831.0
2025-12-22 09:00:00+00:00,1.14791,1.1484,1.14787,1.14812,3663.0
2025-12-22 10:00:00+00:00,1.14813,1.14823,1.14788,1.14806,2989.0
2025-12-22 11:00:00+00:00,1.14806,1.14819,1.14764,1.14765,2707.0
2025-12-22 12:00:00+00:00,1.14764,1.14822,1.14758,1.14808,4204.0
2025-12-22 13:00:00+00:00,1.1481,1.14826,1.14768,1.14812,4541.0
2025-12-22 14:00:00+00:00,1.14812,1.14848,1.1474,1.14743,5796.0
2025-12-22 15:00:00+00:00,1.14744,1.14898,1.14713,1.14891,6548.0
2025-12-22 16:00:00+00:00,1.1489,1.14902,1.1482,1.14831,4979.0
2025-12-22 17:00:00+00:00,1.14832,1.14842,1.14788,1.14814,3315.0
2025-12-22 18:00:00+00:00,1.14814,1.14889,1.1479,1.14837,2533.0
2025-12-22 19:00:00+00:00,1.14836,1.14865,1.14834,1.14851,2666.0
2025-12-22 20:00:00+00:00,1.14856,1.14884,1.14849,1.1488,2460.0
2025-12-22 21:00:00+00:00,1.14878,1.14904,1.14875,1.1489,1455.0
2025-12-22 22:00:00+00:00,1.14888,1.14932,1.14886,1.14918,371.0
2025-12-22 23:00:00+00:00,1.14914,1.14971,1.14853,1.14866,2071.0
2025-12-23 00:00:00+00:00,1.14868,1.1489,1.14737,1.14766,3341.0
2025-12-23 01:00:00+00:00,1.14768,1.14801,1.1472,1.14744,4627.0
2025-12-23 02:00:00+00:00,1.14742,1.14751,1.14612,1.14672,3847.0
2025-12-23 03:00:00+00:00,1.14672,1.14724,1.14644,1.14719,3933.0
2025-12-23 04:00:00+00:00,1.1472,1.1472,1.14666,1.14692,3936.0
2025-12-23 05:00:00+00:00,1.1469,1.14706,1.14633,1.14688,3610.0
2025-12-23 06:00:00+00:00,1.14686,1.14764,1.14674,1.14725,3626.0
2025-12-23 07:00:00+00:00,1.14724,1.14746,1.14652,1.1469,5547.0
2025-12-23 08:00:00+00:00,1.1469,1.14709,1.14638,1.14679,4397.0
2025-12-23 09:00:00+00:00,1.14678,1.14718,1.14622,1.14642,3393.0
2025-12-23 10:00:00+00:00,1.1464,1.14694,1.14632,1.14651,2262.0
2025-12-23 11:00:00+00:00,1.14652,1.14656,1.14608,1.14642,2567.0
2025-12-23 12:00:00+00:00,1.14644,1.14663,1.146,1.14642,3840.0
2025-12-23 13:00:00+00:00,1.14642,1.14762,1.14636,1.14712,7006.0
2025-12-23 14:00:00+00:00,1.14714,1.14768,1.14701,1.14702,7748.0
2025-12-23 15:00:00+00:00,1.147,1.14789,1.14676,1.14779,7631.0
2025-12-23 16:00:00+00:00,1.1478,1.148,1.14765,1.14782,4147.0
2025-12-23 17:00:00+00:00,1.14781,1.14789,1.1473,1.14742,3221.0
2025-12-23 18:00:00+00:00,1.14742,1.1478,1.14728,1.1474,2685.0
2025-12-23 19:00:00+00:00,1.1474,1.1474,1.14699,1.1472,2781.0
2025-12-23 20:00:00+00:00,1.14718,1.14756,1.14713,1.14748,2454.0
2025-12-23 21:00:00+00:00,1.14744,1.14767,1.14708,1.14736,1558.0
2025-12-23 22:00:00+00:00,1.14748,1.14772,1.14706,1.14714,1250.0
2025-12-23 23:00:00+00:00,1.14716,1.1476,1.14704,1.14706,3266.0
2025-12-24 00:00:00+00:00,1.14707,1.1478,1.1469,1.14744,3546.0
2025-12-24 01:00:00+00:00,1.14744,1.14784,1.14697,1.14748,4472.0
2025-12-24 02:00:00+00:00,1.14746,1.14764,1.14654,1.14709,3830.0
2025-12-24 03:00:00+00:00,1.14708,1.14814,1.14698,1.14788,4049.0
2025-12-24 04:00:00+00:00,1.1479,1.14858,1.14774,1.14854,2439.0
2025-12-24 05:00:00+00:00,1.14855,1.14866,1.14812,1.1484,2560.0
2025-12-24 06:00:00+00:00,1.14846,1.14882,1.14819,1.14876,2730.0
2025-12-24 07:00:00+00:00,1.14874,1.1495,1.1482,1.14848,3406.0
2025-12-24 08:00:00+00:00,1.14848,1.1486,1.14787,1.14815,4822.0
2025-12-24 09:00:00+00:00,1.14814,1.14834,1.14794,1.14814,3152.0
2025-12-24 10:00:00+00:00,1.14815,1.1484,1.14804,1.14829,3201.0
2025-12-24 11:00:00+00:00,1.1483,1.14866,1.14812,1.14858,2867.0
2025-12-24 12:00:00+00:00,1.14859,1.14886,1.14831,1.14848,3525.0
2025-12-24 13:00:00+00:00,1.14847,1.14896,1.1483,1.14888,5483.0
2025-12-24 14:00:00+00:00,1.14894,1.14924,1.14847,1.14884,5468.0
2025-12-24 15:00:00+00:00,1.14884,1.15037,1.14865,1.15004,5407.0
2025-12-24 16:00:00+00:00,1.15003,1.15004,1.14916,1.14943,4233.0
2025-12-24 17:00:00+00:00,1.14944,1.14998,1.14929,1.14936,3206.0
2025-12-24 18:00:00+00:00,1.14936,1.14992,1.14868,1.14876,4260.0
2025-12-24 19:00:00+00:00,1.14878,1.14914,1.14872,1.1491,2509.0
2025-12-24 20:00:00+00:00,1.14908,1.14928,1.149,1.14912,5311.0
2025-12-24 21:00:00+00:00,1.14908,1.14928,1.14881,1.14918,2936.0
2025-12-25 22:00:00+00:00,1.14845,1.14845,1.14735,1.14778,38.0
2025-12-25 23:00:00+00:00,1.14803,1.1495,1.14775,1.14898,8968.0
2025-12-26 00:00:00+00:00,1.14895,1.15012,1.14895,1.14996,3233.0
2025-12-26 01:00:00+00:00,1.14995,1.1501,1.14893,1.14998,4143.0
2025-12-26 02:00:00+00:00,1.14998,1.15055,1.1499,1.15044,2088.0
2025-12-26 03:00:00+00:00,1.15043,1.1506,1.14992,1.15,2443.0
2025-12-26 04:00:00+00:00,1.15,1.15022,1.14961,1.14994,2128.0
2025-12-26 05:00:00+00:00,1.14993,1.15014,1.14961,1.14988,1949.0
2025-12-26 06:00:00+00:00,1.14988,1.15081,1.14972,1.15069,3903.0
2025-12-26 07:00:00+00:00,1.15068,1.15116,1.15051,1.15068,4352.0
2025-12-26 08:00:00+00:00,1.15068,1.15087,1.15038,1.15075,4319.0
2025-12-26 09:00:00+00:00,1.15074,1.151,1.15062,1.15098,2301.0
2025-12-26 10:00:00+00:00,1.15098,1.1518,1.15094,1.15176,3267.0
2025-12-26 11:00:00+00:00,1.15177,1.152,1.15161,1.15183,3215.0
2025-12-26 12:00:00+00:00,1.15184,1.1522,1.15182,1.15208,2749.0
2025-12-26 13:00:00+00:00,1.15208,1.1523,1.15148,1.15164,6379.0
2025-12-26 14:00:00+00:00,1.15164,1.1519,1.15128,1.15146,6563.0
2025-12-26 15:00:00+00:00,1.15145,1.15158,1.15072,1.15091,6657.0
2025-12-26 16:00:00+00:00,1.15096,1.15147,1.15077,1.15118,4680.0
2025-12-26 17:00:00+00:00,1.15116,1.15124,1.1508,1.15084,4171.0
2025-12-26 18:00:00+00:00,1.15086,1.15116,1.15082,1.15109,4577.0
2025-12-26 19:00:00+00:00,1.15108,1.15144,1.15097,1.15119,3343.0
2025-12-26 20:00:00+00:00,1.15117,1.1515,1.15111,1.15117,2811.0
2025-12-26 21:00:00+00:00,1.15117,1.15253,1.15108,1.15188,2780.0
2025-12-28 22:00:00+00:00,1.15048,1.15146,1.14988,1.15127,1571.0
2025-12-28 23:00:00+00:00,1.1512,1.15248,1.15116,1.15246,3701.0
2025-12-29 00:00:00+00:00,1.15246,1.15282,1.15154,1.15252,5494.0
2025-12-29 01:00:00+00:00,1.15256,1.15317,1.15231,1.15266,6960.0
2025-12-29 02:00:00+00:00,1.15266,1.15311,1.15243,1.15277,4808.0
2025-12-29 03:00:00+00:00,1.15275,1.15364,1.1527,1.15352,3359.0
2025-12-29 04:00:00+00:00,1.1535,1.15392,1.15318,1.15386,2288.0
2025-12-29 05:00:00+00:00,1.15385,1.15474,1.15381,1.15396,3504.0
2025-12-29 06:00:00+00:00,1.15396,1.15418,1.1533,1.15388,4893.0
2025-12-29 07:00:00+00:00,1.15386,1.15438,1.15348,1.15358,5560.0
2025-12-29 08:00:00+00:00,1.15354,1.15403,1.15296,1.15306,6280.0
2025-12-29 09:00:00+00:00,1.15306,1.15423,1.15306,1.15359,5819.0
2025-12-29 10:00:00+00:00,1.15364,1.15444,1.15329,1.15426,4492.0
2025-12-29 11:00:00+00:00,1.15425,1.15488,1.1542,1.15436,4547.0
2025-12-29 12:00:00+00:00,1.15437,1.1548,1.15392,1.15419,5646.0
2025-12-29 13:00:00+00:00,1.15416,1.15492,1.154,1.15444,6629.0
2025-12-29 14:00:00+00:00,1.15444,1.15453,1.15312,1.15312,8825.0
2025-12-29 15:00:00+00:00,1.15311,1.15382,1.15244,1.1525,9971.0
2025-12-29 16:00:00+00:00,1.1525,1.15296,1.15206,1.15236,6730.0
2025-12-29 17:00:00+00:00,1.15234,1.15266,1.15222,1.1526,5060.0
2025-12-29 18:00:00+00:00,1.1526,1.15342,1.15228,1.15334,3517.0
2025-12-29 19:00:00+00:00,1.15332,1.15361,1.15317,1.15336,3457.0
2025-12-29 20:00:00+00:00,1.15334,1.15342,1.15294,1.15304,2889.0
2025-12-29 21:00:00+00:00,1.15303,1.15344,1.15276,1.15335,1804.0
2025-12-29 22:00:00+00:00,1.15402,1.15453,1.1522,1.15322,3113.0
2025-12-29 23:00:00+00:00,1.15338,1.15347,1.15253,1.15275,1726.0
2025-12-30 00:00:00+00:00,1.15274,1.15342,1.15246,1.1533,2953.0
2025-12-30 01:00:00+00:00,1.15331,1.1545,1.15265,1.15418,5822.0
2025-12-30 02:00:00+00:00,1.15419,1.15432,1.15377,1.15426,3846.0
2025-12-30 03:00:00+00:00,1.15426,1.15484,1.15403,1.15472,3036.0
2025-12-30 04:00:00+00:00,1.15474,1.15488,1.15412,1.15432,2156.0
2025-12-30 05:00:00+00:00,1.15432,1.15476,1.15385,1.15429,3357.0
2025-12-30 06:00:00+00:00,1.1543,1.15467,1.15404,1.15459,3439.0
2025-12-30 07:00:00+00:00,1.15456,1.15478,1.15361,1.15363,3978.0
2025-12-30 08:00:00+00:00,1.1536,1.15433,1.15338,1.15426,4784.0
2025-12-30 09:00:00+00:00,1.15426,1.15482,1.15369,1.15456,3538.0
2025-12-30 10:00:00+00:00,1.15456,1.15518,1.15454,1.15496,2846.0
2025-12-30 11:00:00+00:00,1.15495,1.15566,1.15486,1.15522,3013.0
2025-12-30 12:00:00+00:00,1.15523,1.15594,1.15518,1.15591,3583.0
2025-12-30 13:00:00+00:00,1.1559,1.15602,1.1546,1.15478,5203.0
2025-12-30 14:00:00+00:00,1.15474,1.15532,1.15458,1.1547,6320.0
2025-12-30 15:00:00+00:00,1.15471,1.15541,1.1543,1.15434,7611.0
2025-12-30 16:00:00+00:00,1.15438,1.15494,1.15423,1.15494,6546.0
2025-12-30 17:00:00+00:00,1.15493,1.1553,1.15487,1.15506,3956.0
2025-12-30 18:00:00+00:00,1.15506,1.15572,1.15481,1.15566,3510.0
2025-12-30 19:00:00+00:00,1.15565,1.15628,1.15548,1.15618,4175.0
2025-12-30 20:00:00+00:00,1.15615,1.1563,1.15576,1.15622,4132.0
2025-12-30 21:00:00+00:00,1.1562,1.15642,1.15584,1.15595,1951.0
2025-12-30 22:00:00+00:00,1.15596,1.15653,1.15576,1.15626,1059.0
2025-12-30 23:00:00+00:00,1.15622,1.15677,1.156,1.1564,1742.0
2025-12-31 00:00:00+00:00,1.15643,1.15746,1.15632,1.15744,3283.0
2025-12-31 01:00:00+00:00,1.15744,1.15814,1.1568,1.15805,5749.0
2025-12-31 02:00:00+00:00,1.15803,1.15878,1.15796,1.15814,4952.0
2025-12-31 03:00:00+00:00,1.15815,1.15872,1.15798,1.15849,3350.0
2025-12-31 04:00:00+00:00,1.15846,1.15862,1.15809,1.15828,2240.0
2025-12-31 05:00:00+00:00,1.15832,1.15927,1.15816,1.15895,3824.0
2025-12-31 06:00:00+00:00,1.15894,1.15968,1.15857,1.15914,3564.0
2025-12-31 07:00:00+00:00,1.15916,1.15958,1.15858,1.15862,4389.0
2025-12-31 08:00:00+00:00,1.1586,1.15914,1.15803,1.1589,4705.0
2025-12-31 09:00:00+00:00,1.15888,1.15934,1.15854,1.15909,4327.0
2025-12-31 10:00:00+00:00,1.15908,1.15941,1.15886,1.15911,3514.0
2025-12-31 11:00:00+00:00,1.15911,1.15948,1.15866,1.15896,3606.0
2025-12-31 12:00:00+00:00,1.15897,1.1591,1.15852,1.15895,4468.0
2025-12-31 13:00:00+00:00,1.15892,1.15988,1.15854,1.15862,5740.0
2025-12-31 14:00:00+00:00,1.1586,1.15896,1.15832,1.15888,7351.0
2025-12-31 15:00:00+00:00,1.15886,1.1606,1.15876,1.15974,9285.0
2025-12-31 16:00:00+00:00,1.15972,1.16003,1.1589,1.1589,6322.0
2025-12-31 17:00:00+00:00,1.1589,1.15948,1.15874,1.15935,4914.0
2025-12-31 18:00:00+00:00,1.15935,1.15972,1.15918,1.15969,3199.0
2025-12-31 19:00:00+00:00,1.15968,1.16018,1.15962,1.16002,3609.0
2025-12-31 20:00:00+00:00,1.16002,1.16044,1.1592,1.15929,2988.0
2025-12-31 21:00:00+00:00,1.15929,1.1599,1.15909,1.15934,2262.0
2026-01-01 22:00:00+00:00,1.15863,1.15926,1.15755,1.15772,1591.0
2026-01-01 23:00:00+00:00,1.15788,1.16017,1.15772,1.15997,2204.0
2026-01-02 00:00:00+00:00,1.15996,1.16101,1.15992,1.1602,1896.0
2026-01-02 01:00:00+00:00,1.1602,1.16079,1.15998,1.16052,3280.0
2026-01-02 02:00:00+00:00,1.16051,1.16108,1.16008,1.16093,2320.0
2026-01-02 03:00:00+00:00,1.16092,1.16252,1.16078,1.16121,1841.0
2026-01-02 04:00:00+00:00,1.16124,1.16284,1.1612,1.16274,1765.0
2026-01-02 05:00:00+00:00,1.16273,1.16298,1.16246,1.16262,1542.0
2026-01-02 06:00:00+00:00,1.16263,1.16306,1.16238,1.16298,1866.0
2026-01-02 07:00:00+00:00,1.16298,1.163,1.16146,1.1617,3904.0
2026-01-02 08:00:00+00:00,1.16167,1.16277,1.16137,1.1618,5476.0
2026-01-02 09:00:00+00:00,1.16178,1.16216,1.16084,1.16104,3893.0
2026-01-02 10:00:00+00:00,1.16105,1.16105,1.16014,1.16036,3137.0
2026-01-02 11:00:00+00:00,1.16035,1.16043,1.15936,1.15969,2711.0
2026-01-02 12:00:00+00:00,1.15972,1.16019,1.15948,1.15998,2980.0
2026-01-02 13:00:00+00:00,1.15997,1.16054,1.15989,1.15997,4324.0
2026-01-02 14:00:00+00:00,1.15997,1.16026,1.1588,1.15922,5769.0
2026-01-02 15:00:00+00:00,1.15922,1.15957,1.15856,1.15868,9055.0
2026-01-02 16:00:00+00:00,1.15868,1.15946,1.1586,1.15915,7866.0
2026-01-02 17:00:00+00:00,1.15916,1.1595,1.159,1.15912,6562.0
2026-01-02 18:00:00+00:00,1.15911,1.15962,1.15908,1.15934,4652.0
2026-01-02 19:00:00+00:00,1.15935,1.16006,1.15931,1.15992,3970.0
2026-01-02 20:00:00+00:00,1.1599,1.16083,1.15988,1.16078,2467.0
2026-01-02 21:00:00+00:00,1.1608,1.16084,1.15989,1.16041,1578.0
2026-01-04 22:00:00+00:00,1.15924,1.16314,1.15909,1.16133,2862.0
2026-01-04 23:00:00+00:00,1.16133,1.16154,1.1598,1.16145,4012.0
2026-01-05 00:00:00+00:00,1.16141,1.16162,1.16004,1.16052,5535.0
2026-01-05 01:00:00+00:00,1.16051,1.16136,1.16043,1.16064,7577.0
2026-01-05 02:00:00+00:00,1.16063,1.1607,1.15928,1.16036,6164.0
2026-01-05 03:00:00+00:00,1.16034,1.16046,1.15974,1.16018,4800.0
2026-01-05 04:00:00+00:00,1.1602,1.16088,1.15998,1.16009,3883.0
2026-01-05 05:00:00+00:00,1.1601,1.16074,1.1595,1.16003,3418.0
2026-01-05 06:00:00+00:00,1.16004,1.16072,1.1598,1.16056,3505.0
2026-01-05 07:00:00+00:00,1.1606,1.16132,1.16015,1.1613,4615.0
2026-01-05 08:00:00+00:00,1.16129,1.16129,1.16028,1.16068,5851.0
2026-01-05 09:00:00+00:00,1.16069,1.16152,1.16058,1.161,4560.0
2026-01-05 10:00:00+00:00,1.16103,1.16105,1.15997,1.16024,4542.0
2026-01-05 11:00:00+00:00,1.16023,1.16094,1.16003,1.16088,4280.0
2026-01-05 12:00:00+00:00,1.16086,1.16094,1.16018,1.16019,4732.0
2026-01-05 13:00:00+00:00,1.16015,1.16082,1.15996,1.15996,7276.0
2026-01-05 14:00:00+00:00,1.16002,1.1607,1.15993,1.1607,9003.0
2026-01-05 15:00:00+00:00,1.16076,1.16082,1.15957,1.16038,8996.0
2026-01-05 16:00:00+00:00,1.16036,1.16058,1.15998,1.16052,6145.0
2026-01-05 17:00:00+00:00,1.16054,1.16066,1.16,1.16002,5194.0
2026-01-05 18:00:00+00:00,1.16002,1.16013,1.1597,1.15986,3703.0
2026-01-05 19:00:00+00:00,1.15987,1.16005,1.15972,1.15985,3350.0
2026-01-05 20:00:00+00:00,1.15984,1.1601,1.15966,1.1601,2514.0
2026-01-05 21:00:00+00:00,1.1601,1.1602,1.1598,1.15985,1639.0
2026-01-05 22:00:00+00:00,1.16006,1.16039,1.15979,1.16019,957.0
2026-01-05 23:00:00+00:00,1.16018,1.16051,1.16002,1.16032,2106.0
2026-01-06 00:00:00+00:00,1.16034,1.16038,1.15938,1.15941,4021.0
2026-01-06 01:00:00+00:00,1.15941,1.16028,1.15854,1.15898,6357.0
2026-01-06 02:00:00+00:00,1.15898,1.15911,1.158,1.15854,4724.0
2026-01-06 03:00:00+00:00,1.15858,1.15955,1.15858,1.15945,4357.0
2026-01-06 04:00:00+00:00,1.15944,1.15998,1.15908,1.15968,3302.0
2026-01-06 05:00:00+00:00,1.15966,1.16008,1.1593,1.15992,3986.0
2026-01-06 06:00:00+00:00,1.15995,1.16042,1.15959,1.16028,4312.0
2026-01-06 07:00:00+00:00,1.16032,1.1604,1.15938,1.15966,4110.0
2026-01-06 08:00:00+00:00,1.15965,1.16023,1.15927,1.15988,6066.0
2026-01-06 09:00:00+00:00,1.15987,1.1603,1.15968,1.1598,5525.0
2026-01-06 10:00:00+00:00,1.1598,1.16048,1.15979,1.16018,4233.0
2026-01-06 11:00:00+00:00,1.16018,1.16072,1.15994,1.16062,3657.0
2026-01-06 12:00:00+00:00,1.16064,1.16157,1.16046,1.1615,3523.0
2026-01-06 13:00:00+00:00,1.16145,1.16178,1.16104,1.16174,6160.0
2026-01-06 14:00:00+00:00,1.16173,1.16242,1.16141,1.16215,7724.0
2026-01-06 15:00:00+00:00,1.16214,1.16493,1.16211,1.16486,8186.0
2026-01-06 16:00:00+00:00,1.16484,1.16582,1.16456,1.16493,6340.0
2026-01-06 17:00:00+00:00,1.16494,1.16514,1.16446,1.16472,3875.0
2026-01-06 18:00:00+00:00,1.16472,1.1654,1.16458,1.16521,3012.0
2026-01-06 19:00:00+00:00,1.1652,1.16532,1.16436,1.16438,2733.0
2026-01-06 20:00:00+00:00,1.16438,1.1651,1.16428,1.16506,2566.0
2026-01-06 21:00:00+00:00,1.16507,1.1652,1.1649,1.1649,1395.0
2026-01-06 22:00:00+00:00,1.1649,1.1651,1.16416,1.16466,3244.0
2026-01-06 23:00:00+00:00,1.16442,1.16532,1.16442,1.16499,2136.0
2026-01-07 00:00:00+00:00,1.16502,1.16525,1.16198,1.16426,6988.0
2026-01-07 01:00:00+00:00,1.16426,1.16636,1.16363,1.1659,8833.0
2026-01-07 02:00:00+00:00,1.1659,1.1662,1.16534,1.16616,4961.0
2026-01-07 03:00:00+00:00,1.16617,1.16786,1.16589,1.16752,3728.0
2026-01-07 04:00:00+00:00,1.16754,1.16933,1.16751,1.16925,4142.0
2026-01-07 05:00:00+00:00,1.16925,1.16928,1.16771,1.16804,2987.0
2026-01-07 06:00:00+00:00,1.16809,1.16834,1.16726,1.16739,4350.0
2026-01-07 07:00:00+00:00,1.16744,1.16746,1.16585,1.16586,4245.0
2026-01-07 08:00:00+00:00,1.16582,1.16605,1.16436,1.16442,4422.0
2026-01-07 09:00:00+00:00,1.16442,1.16462,1.16412,1.16428,3962.0
2026-01-07 10:00:00+00:00,1.16428,1.16444,1.16364,1.16392,3859.0
2026-01-07 11:00:00+00:00,1.16391,1.16408,1.16356,1.16372,3264.0
2026-01-07 12:00:00+00:00,1.16371,1.1638,1.1631,1.16335,4030.0
2026-01-07 13:00:00+00:00,1.16336,1.16369,1.16297,1.16357,5988.0
2026-01-07 14:00:00+00:00,1.16356,1.16496,1.1635,1.16412,6389.0
2026-01-07 15:00:00+00:00,1.16409,1.16492,1.16357,1.1638,8437.0
2026-01-07 16:00:00+00:00,1.16381,1.1643,1.16368,1.16412,4805.0
2026-01-07 17:00:00+00:00,1.16412,1.16412,1.16358,1.16384,3987.0
2026-01-07 18:00:00+00:00,1.16384,1.16424,1.16364,1.16422,3702.0
2026-01-07 19:00:00+00:00,1.16424,1.1645,1.16416,1.16439,3554.0
2026-01-07 20:00:00+00:00,1.16439,1.16451,1.16412,1.16416,3685.0
2026-01-07 21:00:00+00:00,1.16416,1.1646,1.16404,1.16422,1306.0
2026-01-07 22:00:00+00:00,1.1642,1.16448,1.1635,1.16442,1260.0
2026-01-07 23:00:00+00:00,1.1645,1.16464,1.16416,1.16431,1334.0
2026-01-08 00:00:00+00:00,1.1643,1.16512,1.16424,1.16508,2603.0
2026-01-08 01:00:00+00:00,1.16506,1.16572,1.165,1.16545,4039.0
2026-01-08 02:00:00+00:00,1.16544,1.16554,1.16398,1.1642,5578.0
2026-01-08 03:00:00+00:00,1.16419,1.16426,1.16328,1.16378,3942.0
2026-01-08 04:00:00+00:00,1.16378,1.16395,1.16324,1.16332,2566.0
2026-01-08 05:00:00+00:00,1.16332,1.16357,1.16298,1.1633,3834.0
2026-01-08 06:00:00+00:00,1.16331,1.1638,1.16274,1.16374,4862.0
2026-01-08 07:00:00+00:00,1.16378,1.16418,1.16368,1.16407,4440.0
2026-01-08 08:00:00+00:00,1.16409,1.16532,1.16408,1.16528,4462.0
2026-01-08 09:00:00+00:00,1.16528,1.16568,1.16496,1.16508,4109.0
2026-01-08 10:00:00+00:00,1.1651,1.16517,1.16446,1.16508,3880.0
2026-01-08 11:00:00+00:00,1.16505,1.16532,1.16464,1.16468,3753.0
2026-01-08 12:00:00+00:00,1.16467,1.16501,1.16454,1.16497,3751.0
2026-01-08 13:00:00+00:00,1.16498,1.16528,1.16452,1.16486,5794.0
2026-01-08 14:00:00+00:00,1.16484,1.16496,1.16394,1.16398,8752.0
2026-01-08 15:00:00+00:00,1.16397,1.16488,1.16386,1.16397,7967.0
2026-01-08 16:00:00+00:00,1.16396,1.16432,1.16393,1.16404,6824.0
2026-01-08 17:00:00+00:00,1.16406,1.16451,1.16372,1.16441,4808.0
2026-01-08 18:00:00+00:00,1.16441,1.16468,1.16436,1.16457,3043.0
2026-01-08 19:00:00+00:00,1.16456,1.16486,1.16454,1.16466,3874.0
2026-01-08 20:00:00+00:00,1.16467,1.16494,1.16439,1.16488,3217.0
2026-01-08 21:00:00+00:00,1.1649,1.16526,1.1644,1.16469,2152.0
2026-01-08 22:00:00+00:00,1.1649,1.16556,1.16482,1.16544,1600.0
2026-01-08 23:00:00+00:00,1.1654,1.16543,1.16487,1.16504,2418.0
2026-01-09 00:00:00+00:00,1.16505,1.16564,1.16498,1.16552,3741.0
2026-01-09 01:00:00+00:00,1.16552,1.16582,1.1652,1.16537,5501.0
2026-01-09 02:00:00+00:00,1.16538,1.16614,1.16529,1.16564,3267.0
2026-01-09 03:00:00+00:00,1.16565,1.16592,1.16535,1.1657,3117.0
2026-01-09 04:00:00+00:00,1.1657,1.16594,1.1655,1.16554,2902.0
2026-01-09 05:00:00+00:00,1.16554,1.16622,1.16548,1.16616,3467.0
2026-01-09 06:00:00+00:00,1.16613,1.16644,1.16568,1.16581,3769.0
2026-01-09 07:00:00+00:00,1.16582,1.1662,1.16542,1.16544,4135.0
2026-01-09 08:00:00+00:00,1.16546,1.16611,1.16532,1.16572,5278.0
2026-01-09 09:00:00+00:00,1.16569,1.16634,1.16563,1.16625,3561.0
2026-01-09 10:00:00+00:00,1.16626,1.16644,1.1658,1.16614,3425.0
2026-01-09 11:00:00+00:00,1.16614,1.16698,1.16603,1.16676,2866.0
2026-01-09 12:00:00+00:00,1.16676,1.16699,1.16596,1.16624,4185.0
2026-01-09 13:00:00+00:00,1.16624,1.16774,1.16592,1.16638,11784.0
2026-01-09 14:00:00+00:00,1.16642,1.16696,1.16572,1.16643,12535.0
2026-01-09 15:00:00+00:00,1.16636,1.16747,1.16564,1.16572,11422.0
2026-01-09 16:00:00+00:00,1.16568,1.16654,1.16558,1.16612,6230.0
2026-01-09 17:00:00+00:00,1.16614,1.1668,1.16602,1.16674,4647.0
2026-01-09 18:00:00+00:00,1.16674,1.16717,1.16642,1.1671,3676.0
2026-01-09 19:00:00+00:00,1.16714,1.1672,1.16678,1.16696,2105.0
2026-01-09 20:00:00+00:00,1.16695,1.16708,1.16658,1.1668,1453.0
2026-01-09 21:00:00+00:00,1.16678,1.16702,1.16644,1.16653,1799.0
2026-01-11 22:00:00+00:00,1.16606,1.16682,1.16582,1.16617,939.0
2026-01-11 23:00:00+00:00,1.16614,1.16731,1.16611,1.16702,2403.0
2026-01-12 00:00:00+00:00,1.16702,1.16724,1.16632,1.16652,6997.0
2026-01-12 01:00:00+00:00,1.1665,1.16677,1.16572,1.16598,7858.0
2026-01-12 02:00:00+00:00,1.16598,1.1661,1.16546,1.16573,4782.0
2026-01-12 03:00:00+00:00,1.16572,1.16609,1.16548,1.16608,3067.0
2026-01-12 04:00:00+00:00,1.1661,1.16638,1.16538,1.1657,2557.0
2026-01-12 05:00:00+00:00,1.16571,1.1659,1.1651,1.1652,3102.0
2026-01-12 06:00:00+00:00,1.1652,1.16558,1.16482,1.16541,3098.0
2026-01-12 07:00:00+00:00,1.16544,1.16615,1.16498,1.16552,4581.0
2026-01-12 08:00:00+00:00,1.1655,1.16596,1.16487,1.1651,5470.0
2026-01-12 09:00:00+00:00,1.16511,1.1656,1.16472,1.16538,3942.0
2026-01-12 10:00:00+00:00,1.16536,1.16577,1.165,1.16546,3736.0
2026-01-12 11:00:00+00:00,1.16544,1.16546,1.1645,1.16476,2685.0
2026-01-12 12:00:00+00:00,1.16476,1.16495,1.16425,1.16477,4512.0
2026-01-12 13:00:00+00:00,1.1648,1.1649,1.16422,1.16464,5477.0
2026-01-12 14:00:00+00:00,1.16464,1.16487,1.16418,1.1648,7831.0
2026-01-12 15:00:00+00:00,1.1648,1.16578,1.16458,1.16572,6092.0
2026-01-12 16:00:00+00:00,1.16572,1.16576,1.16498,1.1653,5136.0
2026-01-12 17:00:00+00:00,1.16529,1.16541,1.16407,1.16412,4139.0
2026-01-12 18:00:00+00:00,1.16412,1.1643,1.16376,1.16412,2479.0
2026-01-12 19:00:00+00:00,1.16414,1.16435,1.16382,1.16434,2337.0
2026-01-12 20:00:00+00:00,1.16435,1.16437,1.16394,1.1642,2689.0
2026-01-12 21:00:00+00:00,1.1642,1.16421,1.16231,1.1625,1640.0
2026-01-12 22:00:00+00:00,1.16261,1.16306,1.16205,1.16241,1343.0
2026-01-12 23:00:00+00:00,1.16232,1.16247,1.16198,1.16198,2072.0
2026-01-13 00:00:00+00:00,1.16199,1.16216,1.1618,1.1619,3265.0
2026-01-13 01:00:00+00:00,1.16191,1.16214,1.1616,1.16196,6034.0
2026-01-13 02:00:00+00:00,1.16195,1.16244,1.16184,1.16198,4238.0
2026-01-13 03:00:00+00:00,1.16195,1.16222,1.16116,1.16154,3233.0
2026-01-13 04:00:00+00:00,1.16153,1.16177,1.16122,1.16125,2777.0
2026-01-13 05:00:00+00:00,1.16126,1.16148,1.16086,1.16144,3494.0
2026-01-13 06:00:00+00:00,1.16144,1.16202,1.16124,1.16187,4191.0
2026-01-13 07:00:00+00:00,1.16188,1.16196,1.16147,1.16178,4016.0
2026-01-13 08:00:00+00:00,1.16178,1.16239,1.16146,1.16174,4809.0
2026-01-13 09:00:00+00:00,1.16172,1.16232,1.16171,1.16209,4219.0
2026-01-13 10:00:00+00:00,1.16209,1.16246,1.16188,1.1624,3345.0
2026-01-13 11:00:00+00:00,1.16241,1.16302,1.16222,1.16297,2857.0
2026-01-13 12:00:00+00:00,1.16298,1.16353,1.16288,1.16345,3250.0
2026-01-13 13:00:00+00:00,1.16346,1.16438,1.16281,1.16368,9556.0
2026-01-13 14:00:00+00:00,1.16369,1.1639,1.16273,1.16288,11139.0
2026-01-13 15:00:00+00:00,1.1629,1.16349,1.16215,1.16314,8912.0
2026-01-13 16:00:00+00:00,1.16316,1.1638,1.16302,1.16326,5809.0
2026-01-13 17:00:00+00:00,1.16327,1.16402,1.16324,1.16371,5463.0
2026-01-13 18:00:00+00:00,1.16371,1.16428,1.16363,1.16414,4595.0
2026-01-13 19:00:00+00:00,1.16412,1.16448,1.16396,1.16408,4699.0
2026-01-13 20:00:00+00:00,1.16406,1.16428,1.16394,1.16425,3454.0
2026-01-13 21:00:00+00:00,1.16425,1.1647,1.16425,1.16459,1218.0
2026-01-13 22:00:00+00:00,1.16459,1.16495,1.16414,1.16472,1064.0
2026-01-13 23:00:00+00:00,1.1647,1.16504,1.16429,1.16458,1782.0
2026-01-14 00:00:00+00:00,1.16458,1.16508,1.1645,1.16459,3090.0
2026-01-14 01:00:00+00:00,1.16463,1.16544,1.16459,1.16538,4653.0
2026-01-14 02:00:00+00:00,1.16537,1.16562,1.16508,1.1652,3992.0
2026-01-14 03:00:00+00:00,1.1652,1.16597,1.16507,1.16592,3253.0
2026-01-14 04:00:00+00:00,1.16592,1.16594,1.16556,1.16586,2309.0
2026-01-14 05:00:00+00:00,1.16586,1.16618,1.16561,1.1658,3604.0
2026-01-14 06:00:00+00:00,1.1658,1.16593,1.16512,1.16526,4235.0
2026-01-14 07:00:00+00:00,1.16527,1.16581,1.16496,1.16506,3578.0
2026-01-14 08:00:00+00:00,1.16506,1.16516,1.16443,1.16483,5615.0
2026-01-14 09:00:00+00:00,1.16483,1.16523,1.16472,1.165,3663.0
2026-01-14 10:00:00+00:00,1.165,1.16512,1.16378,1.16412,4420.0
2026-01-14 11:00:00+00:00,1.16411,1.16432,1.16372,1.16384,4174.0
2026-01-14 12:00:00+00:00,1.16385,1.16392,1.16344,1.16378,4464.0
2026-01-14 13:00:00+00:00,1.16376,1.16381,1.16304,1.16318,5760.0
2026-01-14 14:00:00+00:00,1.16318,1.16348,1.16246,1.16254,9405.0
2026-01-14 15:00:00+00:00,1.16254,1.16276,1.16136,1.16154,8182.0
2026-01-14 16:00:00+00:00,1.16154,1.16213,1.16144,1.16154,5922.0
2026-01-14 17:00:00+00:00,1.16158,1.16242,1.1615,1.16242,5196.0
2026-01-14 18:00:00+00:00,1.16242,1.16267,1.16218,1.16256,5460.0
2026-01-14 19:00:00+00:00,1.16252,1.16299,1.16248,1.16286,4359.0
2026-01-14 20:00:00+00:00,1.16286,1.16322,1.16257,1.16318,5307.0
2026-01-14 21:00:00+00:00,1.16317,1.16324,1.16246,1.16254,2598.0
2026-01-14 22:00:00+00:00,1.16264,1.16357,1.16151,1.16286,2335.0
2026-01-14 23:00:00+00:00,1.16281,1.16378,1.16206,1.16351,3797.0
2026-01-15 00:00:00+00:00,1.16352,1.16413,1.16342,1.16388,3845.0
2026-01-15 01:00:00+00:00,1.16388,1.16431,1.16368,1.1641,6945.0
2026-01-15 02:00:00+00:00,1.16416,1.16434,1.16386,1.16399,4723.0
2026-01-15 03:00:00+00:00,1.16398,1.1641,1.16322,1.16356,3847.0
2026-01-15 04:00:00+00:00,1.16358,1.1643,1.16345,1.16421,2462.0
2026-01-15 05:00:00+00:00,1.1642,1.1646,1.16392,1.16438,3271.0
2026-01-15 06:00:00+00:00,1.16438,1.16476,1.16402,1.16439,4827.0
2026-01-15 07:00:00+00:00,1.16442,1.16474,1.16408,1.16428,4464.0
2026-01-15 08:00:00+00:00,1.16428,1.165,1.16422,1.16496,4765.0
2026-01-15 09:00:00+00:00,1.16497,1.165,1.16448,1.1645,4633.0
2026-01-15 10:00:00+00:00,1.16451,1.16512,1.16419,1.16482,3097.0
2026-01-15 11:00:00+00:00,1.16481,1.1657,1.16475,1.16566,3128.0
2026-01-15 12:00:00+00:00,1.16566,1.1658,1.16453,1.16492,3686.0
2026-01-15 13:00:00+00:00,1.1649,1.16598,1.16447,1.16542,5936.0
2026-01-15 14:00:00+00:00,1.16542,1.1663,1.16538,1.16562,6933.0
2026-01-15 15:00:00+00:00,1.16561,1.16718,1.16545,1.16687,7574.0
2026-01-15 16:00:00+00:00,1.16686,1.16772,1.16678,1.16746,6059.0
2026-01-15 17:00:00+00:00,1.16744,1.16788,1.16718,1.16728,4501.0
2026-01-15 18:00:00+00:00,1.16728,1.16752,1.16708,1.16731,3083.0
2026-01-15 19:00:00+00:00,1.16734,1.16738,1.16695,1.16714,4695.0
2026-01-15 20:00:00+00:00,1.16714,1.16752,1.16702,1.1674,3279.0
2026-01-15 21:00:00+00:00,1.1674,1.16748,1.16644,1.1665,1743.0
2026-01-15 22:00:00+00:00,1.16671,1.16737,1.1662,1.16682,1389.0
2026-01-15 23:00:00+00:00,1.16693,1.16695,1.16648,1.16672,1640.0
2026-01-16 00:00:00+00:00,1.16672,1.16672,1.16584,1.16604,2082.0
2026-01-16 01:00:00+00:00,1.16603,1.16628,1.16532,1.16537,3297.0
2026-01-16 02:00:00+00:00,1.16536,1.16554,1.16508,1.16518,2480.0
2026-01-16 03:00:00+00:00,1.16517,1.1654,1.1644,1.16451,1488.0
2026-01-16 04:00:00+00:00,1.1645,1.16482,1.16438,1.16472,1098.0
2026-01-16 05:00:00+00:00,1.16472,1.16472,1.1643,1.16454,1613.0
2026-01-16 06:00:00+00:00,1.16457,1.1646,1.16402,1.16411,1871.0
2026-01-16 07:00:00+00:00,1.16416,1.16448,1.16296,1.16352,2436.0
2026-01-16 08:00:00+00:00,1.16358,1.16417,1.1634,1.16358,2424.0
2026-01-16 09:00:00+00:00,1.1636,1.16376,1.16326,1.16364,2291.0
2026-01-16 10:00:00+00:00,1.16364,1.1643,1.16362,1.16409,1920.0
2026-01-16 11:00:00+00:00,1.16408,1.16412,1.163,1.16338,2214.0
2026-01-16 12:00:00+00:00,1.16339,1.1639,1.16311,1.16338,2721.0
2026-01-16 13:00:00+00:00,1.16338,1.16347,1.16252,1.1629,3379.0
2026-01-16 14:00:00+00:00,1.16292,1.1631,1.16202,1.16206,4458.0
2026-01-16 15:00:00+00:00,1.16206,1.1625,1.16113,1.16243,7013.0
2026-01-16 16:00:00+00:00,1.16245,1.16248,1.16178,1.16209,4022.0
2026-01-16 17:00:00+00:00,1.16208,1.16214,1.16168,1.16196,3223.0
2026-01-16 18:00:00+00:00,1.16194,1.16226,1.16192,1.16214,1985.0
2026-01-16 19:00:00+00:00,1.16216,1.16234,1.16146,1.16184,1917.0
2026-01-16 20:00:00+00:00,1.16184,1.1619,1.16144,1.16186,1956.0
2026-01-16 21:00:00+00:00,1.16186,1.1622,1.16134,1.16183,3504.0
2026-01-18 22:00:00+00:00,1.16162,1.16217,1.16096,1.16136,1222.0
2026-01-18 23:00:00+00:00,1.16141,1.16163,1.1603,1.16034,6398.0
2026-01-19 00:00:00+00:00,1.16033,1.16124,1.15998,1.1611,7644.0
2026-01-19 01:00:00+00:00,1.1611,1.16116,1.15842,1.15934,7189.0
2026-01-19 02:00:00+00:00,1.15932,1.15958,1.1589,1.15914,5257.0
2026-01-19 03:00:00+00:00,1.15913,1.15956,1.15894,1.159,4101.0
2026-01-19 04:00:00+00:00,1.15897,1.15915,1.15837,1.15849,3391.0
2026-01-19 05:00:00+00:00,1.1585,1.15978,1.15841,1.15959,3958.0
2026-01-19 06:00:00+00:00,1.15963,1.15972,1.15912,1.15952,4036.0
2026-01-19 07:00:00+00:00,1.15954,1.15956,1.15864,1.15946,6227.0
2026-01-19 08:00:00+00:00,1.15946,1.15984,1.15937,1.1594,4976.0
2026-01-19 09:00:00+00:00,1.1594,1.15966,1.15911,1.15938,5696.0
2026-01-19 10:00:00+00:00,1.15938,1.15958,1.15872,1.15875,3745.0
2026-01-19 11:00:00+00:00,1.15876,1.15926,1.15874,1.15901,3498.0
2026-01-19 12:00:00+00:00,1.159,1.15904,1.15859,1.15897,3540.0
2026-01-19 13:00:00+00:00,1.15896,1.15929,1.15863,1.15913,3350.0
2026-01-19 14:00:00+00:00,1.15913,1.15973,1.15896,1.15909,3772.0
2026-01-19 15:00:00+00:00,1.15908,1.1594,1.15858,1.159,4653.0
2026-01-19 16:00:00+00:00,1.15898,1.15912,1.15872,1.15889,3284.0
2026-01-19 17:00:00+00:00,1.1589,1.15912,1.15862,1.15884,2452.0
2026-01-19 18:00:00+00:00,1.15884,1.15927,1.15858,1.1587,855.0
2026-01-19 19:00:00+00:00,1.1587,1.15933,1.1586,1.15923,763.0
2026-01-19 20:00:00+00:00,1.15922,1.15954,1.1587,1.15877,693.0
2026-01-19 21:00:00+00:00,1.15879,1.159,1.15693,1.15782,1382.0
2026-01-19 22:00:00+00:00,1.15746,1.15826,1.15736,1.15823,690.0
2026-01-19 23:00:00+00:00,1.15823,1.15863,1.1578,1.15828,1202.0
2026-01-20 00:00:00+00:00,1.15822,1.159,1.1572,1.15732,3243.0
2026-01-20 01:00:00+00:00,1.15731,1.15752,1.15579,1.15609,5282.0
2026-01-20 02:00:00+00:00,1.15608,1.1562,1.15482,1.1551,4045.0
2026-01-20 03:00:00+00:00,1.15508,1.15584,1.15488,1.1553,3688.0
2026-01-20 04:00:00+00:00,1.1553,1.15578,1.15447,1.15534,3023.0
2026-01-20 05:00:00+00:00,1.15536,1.15549,1.15486,1.15502,3673.0
2026-01-20 06:00:00+00:00,1.15502,1.15564,1.15466,1.15488,3685.0
2026-01-20 07:00:00+00:00,1.1549,1.15558,1.1546,1.1553,5477.0
2026-01-20 08:00:00+00:00,1.1553,1.15531,1.15356,1.15372,8777.0
2026-01-20 09:00:00+00:00,1.15372,1.15393,1.15254,1.1526,7036.0
2026-01-20 10:00:00+00:00,1.15262,1.15349,1.15256,1.1534,5521.0
2026-01-20 11:00:00+00:00,1.15337,1.15376,1.15288,1.15312,4594.0
2026-01-20 12:00:00+00:00,1.1531,1.15387,1.15302,1.15354,4483.0
2026-01-20 13:00:00+00:00,1.15352,1.1539,1.15312,1.15382,9047.0
2026-01-20 14:00:00+00:00,1.15382,1.15422,1.15347,1.15378,10972.0
2026-01-20 15:00:00+00:00,1.15376,1.15386,1.15254,1.15286,10064.0
2026-01-20 16:00:00+00:00,1.1529,1.15353,1.15262,1.15317,6510.0
2026-01-20 17:00:00+00:00,1.15316,1.15384,1.15294,1.15372,6606.0
2026-01-20 18:00:00+00:00,1.15372,1.15436,1.15361,1.15433,4156.0
2026-01-20 19:00:00+00:00,1.15432,1.15488,1.15425,1.15486,4592.0
2026-01-20 20:00:00+00:00,1.15486,1.15523,1.15469,1.15484,4200.0
2026-01-20 21:00:00+00:00,1.15484,1.1553,1.15477,1.15508,1796.0
2026-01-20 22:00:00+00:00,1.15488,1.15582,1.15458,1.1553,1971.0
2026-01-20 23:00:00+00:00,1.15524,1.15572,1.15499,1.1552,2062.0
2026-01-21 00:00:00+00:00,1.15523,1.15622,1.15506,1.1561,3566.0
2026-01-21 01:00:00+00:00,1.15609,1.15644,1.15534,1.15567,6090.0
2026-01-21 02:00:00+00:00,1.15566,1.1558,1.1549,1.15494,3750.0
2026-01-21 03:00:00+00:00,1.15494,1.15523,1.15418,1.15438,3730.0
2026-01-21 04:00:00+00:00,1.15436,1.15476,1.15392,1.15398,2824.0
2026-01-21 05:00:00+00:00,1.15398,1.15414,1.15354,1.15396,3003.0
2026-01-21 06:00:00+00:00,1.15396,1.15449,1.15384,1.15416,3683.0
2026-01-21 07:00:00+00:00,1.15412,1.15451,1.15391,1.15416,4599.0
2026-01-21 08:00:00+00:00,1.15417,1.1553,1.15396,1.15508,5252.0
2026-01-21 09:00:00+00:00,1.15508,1.15537,1.15469,1.15475,4026.0
2026-01-21 10:00:00+00:00,1.15476,1.15492,1.15444,1.15478,3746.0
2026-01-21 11:00:00+00:00,1.15478,1.15514,1.15392,1.154,4241.0
2026-01-21 12:00:00+00:00,1.15401,1.1548,1.15398,1.1544,5338.0
2026-01-21 13:00:00+00:00,1.15438,1.15514,1.15428,1.15503,5960.0
2026-01-21 14:00:00+00:00,1.15504,1.15624,1.15458,1.15622,9930.0
2026-01-21 15:00:00+00:00,1.15625,1.15788,1.15594,1.15752,9636.0
2026-01-21 16:00:00+00:00,1.1575,1.1576,1.15666,1.15678,8687.0
2026-01-21 17:00:00+00:00,1.15678,1.15691,1.15614,1.1565,8013.0
2026-01-21 18:00:00+00:00,1.1565,1.15686,1.15631,1.15678,5246.0
2026-01-21 19:00:00+00:00,1.15676,1.15745,1.15634,1.15654,8240.0
2026-01-21 20:00:00+00:00,1.15654,1.15713,1.15647,1.15702,5646.0
2026-01-21 21:00:00+00:00,1.157,1.15738,1.15672,1.15702,1930.0
2026-01-21 22:00:00+00:00,1.1574,1.15746,1.1565,1.1567,1969.0
2026-01-21 23:00:00+00:00,1.1566,1.15762,1.15659,1.15704,1709.0
2026-01-22 00:00:00+00:00,1.15704,1.162,1.15699,1.1611,5293.0
2026-01-22 01:00:00+00:00,1.1611,1.16258,1.16091,1.16153,5791.0
2026-01-22 02:00:00+00:00,1.16153,1.16158,1.16045,1.16103,3139.0
2026-01-22 03:00:00+00:00,1.16104,1.16118,1.16061,1.1609,2489.0
2026-01-22 04:00:00+00:00,1.1609,1.16172,1.16084,1.16166,1991.0
2026-01-22 05:00:00+00:00,1.16169,1.16193,1.16106,1.16157,2683.0
2026-01-22 06:00:00+00:00,1.16158,1.16192,1.16108,1.16188,2701.0
2026-01-22 07:00:00+00:00,1.16184,1.1624,1.1611,1.16136,3462.0
2026-01-22 08:00:00+00:00,1.16137,1.16148,1.16018,1.16024,3840.0
2026-01-22 09:00:00+00:00,1.16022,1.16046,1.15929,1.15956,3297.0
2026-01-22 10:00:00+00:00,1.15957,1.1597,1.15764,1.15858,2816.0
2026-01-22 11:00:00+00:00,1.15856,1.1586,1.15742,1.15792,4256.0
2026-01-22 12:00:00+00:00,1.15792,1.1582,1.1575,1.15805,3104.0
2026-01-22 13:00:00+00:00,1.15806,1.15812,1.15648,1.1575,5158.0
2026-01-22 14:00:00+00:00,1.15749,1.15796,1.15694,1.1574,5484.0
2026-01-22 15:00:00+00:00,1.15742,1.15801,1.1573,1.15798,6628.0
2026-01-22 16:00:00+00:00,1.15797,1.15816,1.15752,1.15806,4928.0
2026-01-22 17:00:00+00:00,1.1581,1.15821,1.15752,1.15794,4097.0
2026-01-22 18:00:00+00:00,1.15794,1.15826,1.15794,1.15804,2111.0
2026-01-22 19:00:00+00:00,1.15805,1.1584,1.15797,1.15817,2090.0
2026-01-22 20:00:00+00:00,1.15816,1.15828,1.15718,1.15727,1914.0
2026-01-22 21:00:00+00:00,1.15729,1.1574,1.15382,1.15421,2277.0
2026-01-22 22:00:00+00:00,1.15388,1.1555,1.15388,1.15514,1061.0
2026-01-22 23:00:00+00:00,1.15514,1.15702,1.15501,1.1561,1581.0
2026-01-23 00:00:00+00:00,1.1561,1.15709,1.15592,1.15698,3093.0
2026-01-23 01:00:00+00:00,1.157,1.15776,1.15632,1.1567,5210.0
2026-01-23 02:00:00+00:00,1.15669,1.15762,1.15585,1.15757,3737.0
2026-01-23 03:00:00+00:00,1.15759,1.15828,1.15737,1.15826,3456.0
2026-01-23 04:00:00+00:00,1.15826,1.15866,1.15769,1.15857,2645.0
2026-01-23 05:00:00+00:00,1.15854,1.15876,1.15812,1.15874,3006.0
2026-01-23 06:00:00+00:00,1.15875,1.15968,1.15852,1.1591,3816.0
2026-01-23 07:00:00+00:00,1.1591,1.15976,1.15848,1.15915,5599.0
2026-01-23 08:00:00+00:00,1.15916,1.15988,1.15889,1.15932,5359.0
2026-01-23 09:00:00+00:00,1.15934,1.15986,1.15922,1.15972,4794.0
2026-01-23 10:00:00+00:00,1.15974,1.16036,1.15948,1.16029,3663.0
2026-01-23 11:00:00+00:00,1.16027,1.16048,1.15934,1.1602,4393.0
2026-01-23 12:00:00+00:00,1.1602,1.16056,1.1599,1.16051,4285.0
2026-01-23 13:00:00+00:00,1.16053,1.1609,1.1604,1.16048,4661.0
2026-01-23 14:00:00+00:00,1.16049,1.161,1.16012,1.16091,5885.0
2026-01-23 15:00:00+00:00,1.1609,1.16148,1.16031,1.16042,6033.0
2026-01-23 16:00:00+00:00,1.16042,1.1608,1.15978,1.16002,6335.0
2026-01-23 17:00:00+00:00,1.16002,1.16022,1.15939,1.15972,8729.0
2026-01-23 18:00:00+00:00,1.15973,1.16015,1.15944,1.15971,6504.0
2026-01-23 19:00:00+00:00,1.15968,1.15998,1.15904,1.15924,4840.0
2026-01-23 20:00:00+00:00,1.15923,1.15982,1.1591,1.15928,4127.0
2026-01-23 21:00:00+00:00,1.15929,1.1596,1.15878,1.15902,2930.0
2026-01-25 22:00:00+00:00,1.16178,1.16207,1.15963,1.16174,3250.0
2026-01-25 23:00:00+00:00,1.1619,1.16193,1.15796,1.15984,6893.0
2026-01-26 00:00:00+00:00,1.15983,1.1604,1.15937,1.16012,8966.0
2026-01-26 01:00:00+00:00,1.16012,1.16093,1.15974,1.16085,9037.0
2026-01-26 02:00:00+00:00,1.16085,1.16085,1.1599,1.16014,6208.0
2026-01-26 03:00:00+00:00,1.16014,1.16048,1.15971,1.15986,5131.0
2026-01-26 04:00:00+00:00,1.15988,1.16036,1.15973,1.16008,4384.0
2026-01-26 05:00:00+00:00,1.1601,1.16043,1.15988,1.16001,3958.0
2026-01-26 06:00:00+00:00,1.16002,1.16104,1.15998,1.16078,5282.0
2026-01-26 07:00:00+00:00,1.16078,1.16104,1.16012,1.16042,5754.0
2026-01-26 08:00:00+00:00,1.16042,1.16046,1.15926,1.15952,7433.0
2026-01-26 09:00:00+00:00,1.15954,1.15972,1.15892,1.15938,6299.0
2026-01-26 10:00:00+00:00,1.15939,1.15973,1.15925,1.15938,4857.0
2026-01-26 11:00:00+00:00,1.1594,1.15994,1.15907,1.15948,4227.0
2026-01-26 12:00:00+00:00,1.1595,1.15998,1.15934,1.15962,4271.0
2026-01-26 13:00:00+00:00,1.15963,1.16026,1.15956,1.15978,5756.0
2026-01-26 14:00:00+00:00,1.15977,1.1598,1.15892,1.15917,7220.0
2026-01-26 15:00:00+00:00,1.15916,1.1592,1.15751,1.15772,7671.0
2026-01-26 16:00:00+00:00,1.15774,1.15786,1.1571,1.15766,6383.0
2026-01-26 17:00:00+00:00,1.15767,1.15768,1.1569,1.15756,4440.0
2026-01-26 18:00:00+00:00,1.15756,1.15756,1.15695,1.1573,4317.0
2026-01-26 19:00:00+00:00,1.15728,1.15739,1.15664,1.15721,4439.0
2026-01-26 20:00:00+00:00,1.15722,1.15792,1.1571,1.15776,3709.0
2026-01-26 21:00:00+00:00,1.15776,1.1584,1.15752,1.15776,2605.0
2026-01-26 22:00:00+00:00,1.15762,1.15835,1.15682,1.15742,1905.0
2026-01-26 23:00:00+00:00,1.15746,1.15836,1.15716,1.15812,1881.0
2026-01-27 00:00:00+00:00,1.15813,1.15914,1.15784,1.15912,4352.0
2026-01-27 01:00:00+00:00,1.1591,1.15936,1.15882,1.15912,4734.0
2026-01-27 02:00:00+00:00,1.15912,1.15963,1.15866,1.15921,3990.0
2026-01-27 03:00:00+00:00,1.15922,1.15958,1.15848,1.15892,3421.0
2026-01-27 04:00:00+00:00,1.15892,1.15931,1.15832,1.1588,3925.0
2026-01-27 05:00:00+00:00,1.15879,1.15911,1.15836,1.15854,3241.0
2026-01-27 06:00:00+00:00,1.15853,1.15922,1.15835,1.15912,3550.0
2026-01-27 07:00:00+00:00,1.15913,1.15953,1.15872,1.15898,4474.0
2026-01-27 08:00:00+00:00,1.15898,1.15956,1.15856,1.1593,4953.0
2026-01-27 09:00:00+00:00,1.15932,1.16086,1.15918,1.15968,4553.0
2026-01-27 10:00:00+00:00,1.1597,1.16054,1.15916,1.15922,5290.0
2026-01-27 11:00:00+00:00,1.15921,1.15948,1.15876,1.15886,3470.0
2026-01-27 12:00:00+00:00,1.15886,1.15942,1.15854,1.15875,6963.0
2026-01-27 13:00:00+00:00,1.15877,1.15958,1.15876,1.15923,6804.0
2026-01-27 14:00:00+00:00,1.15923,1.16026,1.15916,1.1599,8714.0
2026-01-27 15:00:00+00:00,1.15989,1.16037,1.15918,1.15919,8882.0
2026-01-27 16:00:00+00:00,1.15918,1.1598,1.15876,1.15964,7709.0
2026-01-27 17:00:00+00:00,1.15967,1.16012,1.15952,1.15996,6661.0
2026-01-27 18:00:00+00:00,1.15996,1.16014,1.15946,1.1598,4407.0
2026-01-27 19:00:00+00:00,1.1598,1.16028,1.15954,1.15962,3855.0
2026-01-27 20:00:00+00:00,1.15962,1.16014,1.15882,1.15947,9348.0
2026-01-27 21:00:00+00:00,1.15948,1.16024,1.15912,1.1601,7994.0
2026-01-27 22:00:00+00:00,1.15998,1.16032,1.15975,1.15986,875.0
2026-01-27 23:00:00+00:00,1.15992,1.1607,1.15978,1.1605,3777.0
2026-01-28 00:00:00+00:00,1.1605,1.1635,1.15994,1.16163,10492.0
2026-01-28 01:00:00+00:00,1.16164,1.16252,1.1615,1.16201,10545.0
2026-01-28 02:00:00+00:00,1.16204,1.16284,1.16156,1.16283,5716.0
2026-01-28 03:00:00+00:00,1.16284,1.16308,1.16162,1.16172,4112.0
2026-01-28 04:00:00+00:00,1.16174,1.16205,1.16154,1.16198,3004.0
2026-01-28 05:00:00+00:00,1.162,1.16234,1.16148,1.16206,5965.0
2026-01-28 06:00:00+00:00,1.1621,1.16246,1.16146,1.16148,6432.0
2026-01-28 07:00:00+00:00,1.16146,1.16167,1.16078,1.1609,6738.0
2026-01-28 08:00:00+00:00,1.1609,1.16134,1.16052,1.16092,7041.0
2026-01-28 09:00:00+00:00,1.16093,1.16122,1.16049,1.16099,6361.0
2026-01-28 10:00:00+00:00,1.16098,1.1613,1.16002,1.16089,5703.0
2026-01-28 11:00:00+00:00,1.1609,1.16128,1.16063,1.16091,5679.0
2026-01-28 12:00:00+00:00,1.16094,1.16134,1.16042,1.16096,6535.0
2026-01-28 13:00:00+00:00,1.16096,1.1614,1.16052,1.16056,7481.0
2026-01-28 14:00:00+00:00,1.16055,1.16065,1.15974,1.15994,7981.0
2026-01-28 15:00:00+00:00,1.15994,1.16026,1.15863,1.15984,14313.0
2026-01-28 16:00:00+00:00,1.15984,1.16008,1.15916,1.15938,9345.0
2026-01-28 17:00:00+00:00,1.15937,1.16036,1.15933,1.16033,6490.0
2026-01-28 18:00:00+00:00,1.16033,1.16076,1.15958,1.16037,5918.0
2026-01-28 19:00:00+00:00,1.16044,1.16094,1.15966,1.15998,16457.0
2026-01-28 20:00:00+00:00,1.16003,1.16175,1.15992,1.1615,7452.0
2026-01-28 21:00:00+00:00,1.16148,1.16252,1.16112,1.16171,4837.0
2026-01-28 22:00:00+00:00,1.16174,1.16204,1.16102,1.16156,1590.0
2026-01-28 23:00:00+00:00,1.16154,1.16204,1.16044,1.16074,4744.0
2026-01-29 00:00:00+00:00,1.16077,1.16244,1.16075,1.16144,7614.0
2026-01-29 01:00:00+00:00,1.16146,1.16189,1.16132,1.1617,8544.0
2026-01-29 02:00:00+00:00,1.16172,1.16246,1.1615,1.16212,6817.0
2026-01-29 03:00:00+00:00,1.16212,1.164,1.16208,1.16388,6510.0
2026-01-29 04:00:00+00:00,1.16386,1.16462,1.1632,1.16394,4834.0
2026-01-29 05:00:00+00:00,1.16392,1.16463,1.1638,1.16432,4795.0
2026-01-29 06:00:00+00:00,1.16432,1.16466,1.16357,1.1641,6619.0
2026-01-29 07:00:00+00:00,1.16408,1.16432,1.16345,1.16352,5954.0
2026-01-29 08:00:00+00:00,1.16352,1.16404,1.16318,1.16392,7782.0
2026-01-29 09:00:00+00:00,1.16396,1.16432,1.16308,1.16314,6530.0
2026-01-29 10:00:00+00:00,1.16314,1.16315,1.16164,1.16173,5081.0
2026-01-29 11:00:00+00:00,1.1617,1.16192,1.16122,1.16148,5855.0
2026-01-29 12:00:00+00:00,1.16148,1.16196,1.16114,1.16179,5425.0
2026-01-29 13:00:00+00:00,1.16181,1.16318,1.16178,1.16274,9482.0
2026-01-29 14:00:00+00:00,1.16276,1.1637,1.16214,1.1622,12983.0
2026-01-29 15:00:00+00:00,1.16223,1.1624,1.15645,1.15672,28233.0
2026-01-29 16:00:00+00:00,1.1567,1.15912,1.1567,1.15824,20699.0
2026-01-29 17:00:00+00:00,1.15824,1.15914,1.15789,1.15826,13977.0
2026-01-29 18:00:00+00:00,1.15826,1.15907,1.15808,1.15885,9965.0
2026-01-29 19:00:00+00:00,1.15886,1.15921,1.15862,1.15863,8261.0
2026-01-29 20:00:00+00:00,1.15864,1.15969,1.15861,1.15947,6402.0
2026-01-29 21:00:00+00:00,1.15948,1.15998,1.15919,1.15976,4675.0
2026-01-29 22:00:00+00:00,1.16006,1.1609,1.15977,1.16014,2277.0
2026-01-29 23:00:00+00:00,1.16018,1.16064,1.15924,1.15998,3782.0
2026-01-30 00:00:00+00:00,1.15997,1.16079,1.15931,1.15979,8503.0
2026-01-30 01:00:00+00:00,1.15978,1.16029,1.15789,1.15812,12152.0
2026-01-30 02:00:00+00:00,1.15811,1.15844,1.15588,1.15778,14377.0
2026-01-30 03:00:00+00:00,1.15778,1.15806,1.15664,1.15752,9070.0
2026-01-30 04:00:00+00:00,1.1575,1.15816,1.15728,1.1578,5266.0
2026-01-30 05:00:00+00:00,1.1578,1.15792,1.1572,1.15734,5976.0
2026-01-30 06:00:00+00:00,1.15734,1.15742,1.15616,1.1562,8341.0
2026-01-30 07:00:00+00:00,1.1562,1.15729,1.15602,1.15664,8171.0
2026-01-30 08:00:00+00:00,1.15668,1.15677,1.15588,1.15668,8908.0
2026-01-30 09:00:00+00:00,1.15666,1.15698,1.15524,1.15571,10942.0
2026-01-30 10:00:00+00:00,1.15571,1.15694,1.15562,1.15649,8631.0
2026-01-30 11:00:00+00:00,1.15648,1.15701,1.15621,1.15652,7622.0
2026-01-30 12:00:00+00:00,1.1565,1.15726,1.1563,1.1565,7809.0
2026-01-30 13:00:00+00:00,1.15649,1.15695,1.15454,1.15481,12544.0
2026-01-30 14:00:00+00:00,1.1548,1.15604,1.15472,1.15579,13039.0
2026-01-30 15:00:00+00:00,1.15578,1.1587,1.1553,1.15826,16366.0
2026-01-30 16:00:00+00:00,1.1582,1.15828,1.15652,1.15669,14522.0
2026-01-30 17:00:00+00:00,1.1567,1.15688,1.15559,1.15568,14399.0
2026-01-30 18:00:00+00:00,1.15565,1.15638,1.15461,1.15625,16382.0
2026-01-30 19:00:00+00:00,1.15623,1.15667,1.15561,1.15568,10690.0
2026-01-30 20:00:00+00:00,1.15565,1.1566,1.15548,1.15653,8878.0
2026-01-30 21:00:00+00:00,1.15656,1.15711,1.15613,1.15663,6525.0
2026-02-01 22:00:00+00:00,1.15646,1.1566,1.15522,1.15585,1694.0
2026-02-01 23:00:00+00:00,1.15588,1.15632,1.15374,1.15566,13465.0
2026-02-02 00:00:00+00:00,1.15566,1.15602,1.15503,1.15528,19057.0
2026-02-02 01:00:00+00:00,1.15528,1.1559,1.15428,1.1553,19088.0
2026-02-02 02:00:00+00:00,1.15532,1.15588,1.15428,1.15432,12223.0
2026-02-02 03:00:00+00:00,1.15432,1.15488,1.15343,1.15362,11621.0
2026-02-02 04:00:00+00:00,1.15362,1.15366,1.15286,1.15329,9617.0
2026-02-02 05:00:00+00:00,1.1533,1.154,1.1528,1.15344,9412.0
2026-02-02 06:00:00+00:00,1.15344,1.15461,1.1528,1.15446,11806.0
2026-02-02 07:00:00+00:00,1.15444,1.15587,1.15424,1.15573,9637.0
2026-02-02 08:00:00+00:00,1.15572,1.15624,1.1553,1.15601,9039.0
2026-02-02 09:00:00+00:00,1.156,1.15645,1.15502,1.15623,8166.0
2026-02-02 10:00:00+00:00,1.15624,1.15652,1.15548,1.15616,6665.0
2026-02-02 11:00:00+00:00,1.15618,1.15702,1.15578,1.15626,6306.0
2026-02-02 12:00:00+00:00,1.15626,1.15692,1.15582,1.1568,7141.0
2026-02-02 13:00:00+00:00,1.15682,1.15732,1.1559,1.15718,11556.0
2026-02-02 14:00:00+00:00,1.15716,1.15852,1.1571,1.15812,13682.0
2026-02-02 15:00:00+00:00,1.15788,1.15898,1.15778,1.1588,17665.0
2026-02-02 16:00:00+00:00,1.15883,1.15938,1.158,1.15823,12429.0
2026-02-02 17:00:00+00:00,1.15822,1.15858,1.15784,1.15804,9086.0
2026-02-02 18:00:00+00:00,1.15804,1.1582,1.15712,1.15766,6065.0
2026-02-02 19:00:00+00:00,1.15765,1.15766,1.15704,1.15744,6187.0
2026-02-02 20:00:00+00:00,1.15744,1.15781,1.1573,1.1577,5744.0
2026-02-02 21:00:00+00:00,1.15772,1.1582,1.1575,1.15795,2930.0
2026-02-02 22:00:00+00:00,1.15873,1.15954,1.15756,1.15886,1705.0
2026-02-02 23:00:00+00:00,1.15883,1.15884,1.15705,1.15726,3385.0
2026-02-03 00:00:00+00:00,1.15724,1.15792,1.15672,1.15738,5829.0
2026-02-03 01:00:00+00:00,1.15738,1.15901,1.15731,1.15898,9270.0
2026-02-03 02:00:00+00:00,1.15898,1.15898,1.158,1.15826,6969.0
2026-02-03 03:00:00+00:00,1.15825,1.16478,1.15809,1.1639,12181.0
2026-02-03 04:00:00+00:00,1.1639,1.16416,1.1606,1.16141,7804.0
2026-02-03 05:00:00+00:00,1.16139,1.16213,1.16067,1.16116,7841.0
2026-02-03 06:00:00+00:00,1.16116,1.16191,1.16094,1.16164,9211.0
2026-02-03 07:00:00+00:00,1.16161,1.16403,1.16126,1.16366,8656.0
2026-02-03 08:00:00+00:00,1.16364,1.1638,1.16195,1.16204,7901.0
2026-02-03 09:00:00+00:00,1.16205,1.16218,1.16018,1.16109,7809.0
2026-02-03 10:00:00+00:00,1.16108,1.16161,1.16086,1.16142,6309.0
2026-02-03 11:00:00+00:00,1.16142,1.16148,1.16067,1.16108,6393.0
2026-02-03 12:00:00+00:00,1.16108,1.1614,1.16078,1.16113,5939.0
2026-02-03 13:00:00+00:00,1.16112,1.16121,1.1601,1.16011,7759.0
2026-02-03 14:00:00+00:00,1.16015,1.16048,1.15945,1.15982,10771.0
2026-02-03 15:00:00+00:00,1.15982,1.16048,1.15944,1.1604,14176.0
2026-02-03 16:00:00+00:00,1.16036,1.16072,1.15969,1.16038,11018.0
2026-02-03 17:00:00+00:00,1.16038,1.16063,1.15985,1.16008,10531.0
2026-02-03 18:00:00+00:00,1.16008,1.16036,1.15903,1.15912,10360.0
2026-02-03 19:00:00+00:00,1.15912,1.1599,1.1588,1.15921,12656.0
2026-02-03 20:00:00+00:00,1.1592,1.1597,1.15896,1.15962,7274.0
2026-02-03 21:00:00+00:00,1.15964,1.1623,1.15832,1.16142,3937.0
2026-02-03 22:00:00+00:00,1.16155,1.16162,1.15976,1.1607,2171.0
2026-02-03 23:00:00+00:00,1.16068,1.16252,1.16036,1.16249,3587.0
2026-02-04 00:00:00+00:00,1.1625,1.16302,1.16166,1.16242,4972.0
2026-02-04 01:00:00+00:00,1.16242,1.16367,1.16242,1.16322,9294.0
2026-02-04 02:00:00+00:00,1.16322,1.16381,1.16286,1.16314,6212.0
2026-02-04 03:00:00+00:00,1.16318,1.16413,1.16305,1.16394,4837.0
2026-02-04 04:00:00+00:00,1.16392,1.16395,1.16312,1.16378,3267.0
2026-02-04 05:00:00+00:00,1.16378,1.16449,1.16348,1.16384,3680.0
2026-02-04 06:00:00+00:00,1.16376,1.16408,1.16326,1.16356,5362.0
2026-02-04 07:00:00+00:00,1.16356,1.1647,1.16342,1.16442,5575.0
2026-02-04 08:00:00+00:00,1.16445,1.16486,1.16368,1.16397,7201.0
2026-02-04 09:00:00+00:00,1.16398,1.16584,1.16382,1.16544,6840.0
2026-02-04 10:00:00+00:00,1.16542,1.16644,1.16542,1.16623,5596.0
2026-02-04 11:00:00+00:00,1.16621,1.16636,1.16568,1.16622,5052.0
2026-02-04 12:00:00+00:00,1.16621,1.16633,1.16537,1.16591,5154.0
2026-02-04 13:00:00+00:00,1.1659,1.16644,1.16528,1.16638,9020.0
2026-02-04 14:00:00+00:00,1.16639,1.16692,1.16606,1.16626,15467.0
2026-02-04 15:00:00+00:00,1.1663,1.1663,1.16524,1.16562,19282.0
2026-02-04 16:00:00+00:00,1.16561,1.1658,1.16492,1.16513,12761.0
2026-02-04 17:00:00+00:00,1.16512,1.1655,1.16392,1.16484,14877.0
2026-02-04 18:00:00+00:00,1.16484,1.16518,1.16428,1.1643,10835.0
2026-02-04 19:00:00+00:00,1.16433,1.1654,1.16425,1.1651,11146.0
2026-02-04 20:00:00+00:00,1.16509,1.16592,1.16496,1.1655,5272.0
2026-02-04 21:00:00+00:00,1.16552,1.16624,1.16524,1.16584,3036.0
2026-02-04 22:00:00+00:00,1.16512,1.16663,1.16484,1.16606,1374.0
2026-02-04 23:00:00+00:00,1.16604,1.16659,1.16558,1.1663,2384.0
2026-02-05 00:00:00+00:00,1.16628,1.16655,1.16592,1.16618,4517.0
2026-02-05 01:00:00+00:00,1.16618,1.16643,1.16563,1.1663,8120.0
2026-02-05 02:00:00+00:00,1.1663,1.16643,1.16378,1.16442,11164.0
2026-02-05 03:00:00+00:00,1.16443,1.16522,1.16372,1.1639,11150.0
2026-02-05 04:00:00+00:00,1.16392,1.16458,1.16388,1.16442,4502.0
2026-02-05 05:00:00+00:00,1.1644,1.16463,1.16384,1.1645,5852.0
2026-02-05 06:00:00+00:00,1.16452,1.1656,1.1643,1.16542,5600.0
2026-02-05 07:00:00+00:00,1.1654,1.16568,1.16482,1.16504,7130.0
2026-02-05 08:00:00+00:00,1.16503,1.16566,1.16486,1.16486,7233.0
2026-02-05 09:00:00+00:00,1.16486,1.1652,1.1644,1.16485,7836.0
2026-02-05 10:00:00+00:00,1.16484,1.16498,1.16411,1.16448,5125.0
2026-02-05 11:00:00+00:00,1.16446,1.16498,1.16433,1.16463,5521.0
2026-02-05 12:00:00+00:00,1.16462,1.165,1.16244,1.16274,10564.0
2026-02-05 13:00:00+00:00,1.16274,1.16322,1.16181,1.16202,11544.0
2026-02-05 14:00:00+00:00,1.16202,1.16434,1.16192,1.16425,16247.0
2026-02-05 15:00:00+00:00,1.16417,1.16433,1.16215,1.16325,19380.0
2026-02-05 16:00:00+00:00,1.16324,1.16446,1.16274,1.16412,14270.0
2026-02-05 17:00:00+00:00,1.1641,1.16516,1.16358,1.16472,10780.0
2026-02-05 18:00:00+00:00,1.16472,1.16488,1.16426,1.16453,7687.0
2026-02-05 19:00:00+00:00,1.1645,1.16518,1.1645,1.1651,7905.0
2026-02-05 20:00:00+00:00,1.16508,1.16543,1.16448,1.16466,6607.0
2026-02-05 21:00:00+00:00,1.16464,1.1653,1.16406,1.1642,4206.0
2026-02-05 22:00:00+00:00,1.16501,1.16532,1.16419,1.16425,1328.0
2026-02-05 23:00:00+00:00,1.16425,1.1648,1.16386,1.16465,4796.0
2026-02-06 00:00:00+00:00,1.16468,1.16486,1.1634,1.16412,8677.0
2026-02-06 01:00:00+00:00,1.16412,1.16454,1.1632,1.1645,11303.0
2026-02-06 02:00:00+00:00,1.1645,1.1648,1.16419,1.16425,7980.0
2026-02-06 03:00:00+00:00,1.16424,1.16441,1.16354,1.16388,5012.0
2026-02-06 04:00:00+00:00,1.16387,1.16406,1.16268,1.16315,4142.0
2026-02-06 05:00:00+00:00,1.16316,1.16368,1.16281,1.16364,5668.0
2026-02-06 06:00:00+00:00,1.16363,1.16433,1.16362,1.16414,5816.0
2026-02-06 07:00:00+00:00,1.16412,1.1645,1.16382,1.1643,5011.0
2026-02-06 08:00:00+00:00,1.1643,1.16467,1.16376,1.16449,6691.0
2026-02-06 09:00:00+00:00,1.16449,1.1652,1.16419,1.16516,6079.0
2026-02-06 10:00:00+00:00,1.16516,1.16528,1.16459,1.16522,3898.0
2026-02-06 11:00:00+00:00,1.16523,1.16562,1.16498,1.16556,4542.0
2026-02-06 12:00:00+00:00,1.16554,1.16587,1.16514,1.16536,4438.0
2026-02-06 13:00:00+00:00,1.16538,1.16612,1.16504,1.1652,6873.0
2026-02-06 14:00:00+00:00,1.1652,1.16559,1.16456,1.16528,10647.0
2026-02-06 15:00:00+00:00,1.16528,1.16624,1.16469,1.16469,11620.0
2026-02-06 16:00:00+00:00,1.16468,1.16576,1.16468,1.16527,6938.0
2026-02-06 17:00:00+00:00,1.16524,1.16596,1.16519,1.16557,4761.0
2026-02-06 18:00:00+00:00,1.16558,1.16593,1.16538,1.16581,3899.0
2026-02-06 19:00:00+00:00,1.16582,1.16613,1.16575,1.16604,2692.0
2026-02-06 20:00:00+00:00,1.166,1.16633,1.16586,1.16616,2336.0
2026-02-06 21:00:00+00:00,1.16614,1.16644,1.16576,1.16576,3101.0
2026-02-08 22:00:00+00:00,1.16529,1.16656,1.16504,1.16588,1197.0
2026-02-08 23:00:00+00:00,1.16588,1.16706,1.16566,1.16639,6561.0
2026-02-09 00:00:00+00:00,1.16638,1.16707,1.16568,1.16673,6054.0
2026-02-09 01:00:00+00:00,1.16672,1.16715,1.16634,1.1668,8129.0
2026-02-09 02:00:00+00:00,1.16682,1.1682,1.16666,1.16788,4623.0
2026-02-09 03:00:00+00:00,1.16788,1.16836,1.16718,1.16774,3631.0
2026-02-09 04:00:00+00:00,1.16775,1.16809,1.1674,1.16791,2446.0
2026-02-09 05:00:00+00:00,1.1679,1.16809,1.16746,1.16778,3200.0
2026-02-09 06:00:00+00:00,1.16778,1.16826,1.16745,1.16816,6577.0
2026-02-09 07:00:00+00:00,1.16816,1.16892,1.16785,1.16827,6035.0
2026-02-09 08:00:00+00:00,1.16826,1.17114,1.16805,1.17084,5663.0
2026-02-09 09:00:00+00:00,1.17084,1.17088,1.17007,1.17012,3793.0
2026-02-09 10:00:00+00:00,1.1701,1.17016,1.16893,1.16897,5805.0
2026-02-09 11:00:00+00:00,1.169,1.16928,1.16839,1.16852,5159.0
2026-02-09 12:00:00+00:00,1.1685,1.16894,1.16811,1.16892,4531.0
2026-02-09 13:00:00+00:00,1.16894,1.16911,1.16856,1.16883,6612.0
2026-02-09 14:00:00+00:00,1.16882,1.17057,1.1688,1.17026,10520.0
2026-02-09 15:00:00+00:00,1.17026,1.17191,1.17008,1.1718,7389.0
2026-02-09 16:00:00+00:00,1.17178,1.17206,1.17134,1.17192,5252.0
2026-02-09 17:00:00+00:00,1.17191,1.17234,1.17152,1.17156,3336.0
2026-02-09 18:00:00+00:00,1.17156,1.1719,1.17134,1.17154,4212.0
2026-02-09 19:00:00+00:00,1.17156,1.17174,1.17124,1.17138,2901.0
2026-02-09 20:00:00+00:00,1.17137,1.17157,1.17111,1.17134,2509.0
2026-02-09 21:00:00+00:00,1.17134,1.17146,1.1711,1.17124,1619.0
2026-02-09 22:00:00+00:00,1.17148,1.17241,1.17088,1.17117,1990.0
2026-02-09 23:00:00+00:00,1.17116,1.17158,1.17029,1.17046,2304.0
2026-02-10 00:00:00+00:00,1.17044,1.17115,1.1703,1.17093,3706.0
2026-02-10 01:00:00+00:00,1.17095,1.17178,1.1708,1.17164,6686.0
2026-02-10 02:00:00+00:00,1.17166,1.17188,1.17132,1.1715,4614.0
2026-02-10 03:00:00+00:00,1.1715,1.17194,1.1711,1.17154,4118.0
2026-02-10 04:00:00+00:00,1.17153,1.17212,1.17131,1.17156,3138.0
2026-02-10 05:00:00+00:00,1.17156,1.1716,1.17095,1.1712,2997.0
2026-02-10 06:00:00+00:00,1.1712,1.17129,1.17051,1.17114,3307.0
2026-02-10 07:00:00+00:00,1.17117,1.1713,1.17022,1.17063,3546.0
2026-02-10 08:00:00+00:00,1.17062,1.17103,1.17,1.17008,4321.0
2026-02-10 09:00:00+00:00,1.17008,1.17064,1.17002,1.17018,3601.0
2026-02-10 10:00:00+00:00,1.17018,1.17074,1.17,1.17045,3446.0
2026-02-10 11:00:00+00:00,1.17044,1.17048,1.17,1.17036,3209.0
2026-02-10 12:00:00+00:00,1.17036,1.17061,1.16977,1.17012,5059.0
2026-02-10 13:00:00+00:00,1.1701,1.17013,1.1693,1.16962,6740.0
2026-02-10 14:00:00+00:00,1.16962,1.17007,1.1692,1.16982,9638.0
2026-02-10 15:00:00+00:00,1.1698,1.17071,1.16964,1.16982,9967.0
2026-02-10 16:00:00+00:00,1.16982,1.17032,1.16961,1.16987,8438.0
2026-02-10 17:00:00+00:00,1.16986,1.17053,1.1698,1.17042,4642.0
2026-02-10 18:00:00+00:00,1.17042,1.17042,1.1699,1.17004,5061.0
2026-02-10 19:00:00+00:00,1.17005,1.17032,1.16992,1.16998,3446.0
2026-02-10 20:00:00+00:00,1.16995,1.17028,1.16992,1.1701,2986.0
2026-02-10 21:00:00+00:00,1.1701,1.1708,1.17004,1.17059,1380.0
2026-02-10 22:00:00+00:00,1.17074,1.17162,1.17012,1.17054,1475.0
2026-02-10 23:00:00+00:00,1.17027,1.17122,1.17018,1.17106,1629.0
2026-02-11 00:00:00+00:00,1.17106,1.17165,1.17074,1.17145,3719.0
2026-02-11 01:00:00+00:00,1.17145,1.1733,1.17132,1.17294,4466.0
2026-02-11 02:00:00+00:00,1.17296,1.17564,1.1728,1.17486,4606.0
2026-02-11 03:00:00+00:00,1.17486,1.17532,1.17442,1.1753,4069.0
2026-02-11 04:00:00+00:00,1.17532,1.1754,1.1738,1.17394,2985.0
2026-02-11 05:00:00+00:00,1.17395,1.17418,1.17316,1.1739,3613.0
2026-02-11 06:00:00+00:00,1.17389,1.17399,1.17313,1.17347,4140.0
2026-02-11 07:00:00+00:00,1.17348,1.17354,1.17286,1.17315,3766.0
2026-02-11 08:00:00+00:00,1.17316,1.17322,1.17274,1.17296,3759.0
2026-02-11 09:00:00+00:00,1.17298,1.17351,1.17286,1.17305,4033.0
2026-02-11 10:00:00+00:00,1.17306,1.17354,1.17256,1.17292,4121.0
2026-02-11 11:00:00+00:00,1.17294,1.17354,1.17289,1.1731,3679.0
2026-02-11 12:00:00+00:00,1.1731,1.17358,1.17307,1.17352,4333.0
2026-02-11 13:00:00+00:00,1.17351,1.17564,1.17306,1.17558,14940.0
2026-02-11 14:00:00+00:00,1.17558,1.17724,1.1755,1.1763,15745.0
2026-02-11 15:00:00+00:00,1.1763,1.17718,1.17511,1.17702,17488.0
2026-02-11 16:00:00+00:00,1.17703,1.17712,1.17645,1.177,10421.0
2026-02-11 17:00:00+00:00,1.17698,1.17842,1.17668,1.17829,7772.0
2026-02-11 18:00:00+00:00,1.17796,1.17804,1.17713,1.17724,6094.0
2026-02-11 19:00:00+00:00,1.17727,1.17766,1.17707,1.17726,5037.0
2026-02-11 20:00:00+00:00,1.17726,1.1784,1.17722,1.17798,2994.0
2026-02-11 21:00:00+00:00,1.178,1.17843,1.17776,1.17843,1702.0
2026-02-11 22:00:00+00:00,1.17854,1.17924,1.1773,1.17842,1560.0
2026-02-11 23:00:00+00:00,1.17847,1.17882,1.17756,1.17802,2653.0
2026-02-12 00:00:00+00:00,1.17798,1.17919,1.17758,1.17904,4580.0
2026-02-12 01:00:00+00:00,1.179,1.17968,1.17851,1.17901,5664.0
2026-02-12 02:00:00+00:00,1.17904,1.17915,1.17793,1.17809,3839.0
2026-02-12 03:00:00+00:00,1.17808,1.1784,1.17747,1.17754,3785.0
2026-02-12 04:00:00+00:00,1.17753,1.178,1.1767,1.17679,3541.0
2026-02-12 05:00:00+00:00,1.1769,1.1781,1.17665,1.17793,3738.0
2026-02-12 06:00:00+00:00,1.17792,1.1781,1.17596,1.17612,5619.0
2026-02-12 07:00:00+00:00,1.17612,1.17643,1.17514,1.17527,3965.0
2026-02-12 08:00:00+00:00,1.1753,1.17552,1.17346,1.17391,5042.0
2026-02-12 09:00:00+00:00,1.1739,1.17416,1.173,1.17328,3832.0
2026-02-12 10:00:00+00:00,1.17328,1.17365,1.17277,1.17346,2901.0
2026-02-12 11:00:00+00:00,1.17348,1.17417,1.1732,1.17388,2913.0
2026-02-12 12:00:00+00:00,1.17388,1.1747,1.17381,1.17451,3821.0
2026-02-12 13:00:00+00:00,1.17448,1.1758,1.17436,1.17568,5681.0
2026-02-12 14:00:00+00:00,1.17567,1.1762,1.17493,1.17502,8943.0
2026-02-12 15:00:00+00:00,1.17502,1.17581,1.17429,1.17572,11130.0
2026-02-12 16:00:00+00:00,1.17571,1.17576,1.1736,1.17379,19431.0
2026-02-12 17:00:00+00:00,1.17378,1.1746,1.17338,1.17444,13493.0
2026-02-12 18:00:00+00:00,1.17448,1.17542,1.17422,1.17518,9499.0
2026-02-12 19:00:00+00:00,1.17518,1.17584,1.17507,1.17539,6391.0
2026-02-12 20:00:00+00:00,1.17539,1.17566,1.175,1.1752,4374.0
2026-02-12 21:00:00+00:00,1.1752,1.17526,1.17476,1.17486,1433.0
2026-02-12 22:00:00+00:00,1.17476,1.17572,1.1741,1.17478,1893.0
2026-02-12 23:00:00+00:00,1.17497,1.17569,1.17426,1.17514,3414.0
2026-02-13 00:00:00+00:00,1.17511,1.17542,1.17433,1.17442,4269.0
2026-02-13 01:00:00+00:00,1.17442,1.17558,1.17432,1.17455,6274.0
2026-02-13 02:00:00+00:00,1.17455,1.17486,1.17409,1.17455,3481.0
2026-02-13 03:00:00+00:00,1.17452,1.17469,1.17387,1.17436,2831.0
2026-02-13 04:00:00+00:00,1.17436,1.17462,1.17358,1.17389,2888.0
2026-02-13 05:00:00+00:00,1.1739,1.1745,1.17294,1.17322,4564.0
2026-02-13 06:00:00+00:00,1.17323,1.17334,1.17154,1.17168,4866.0
2026-02-13 07:00:00+00:00,1.17166,1.17205,1.17098,1.17192,5067.0
2026-02-13 08:00:00+00:00,1.17194,1.1721,1.17144,1.17196,5067.0
2026-02-13 09:00:00+00:00,1.17197,1.172,1.17114,1.17118,3785.0
2026-02-13 10:00:00+00:00,1.17115,1.17138,1.17039,1.1704,3873.0
2026-02-13 11:00:00+00:00,1.17042,1.1711,1.17015,1.17096,5292.0
2026-02-13 12:00:00+00:00,1.17098,1.17126,1.1706,1.17096,5315.0
2026-02-13 13:00:00+00:00,1.17096,1.17154,1.17012,1.17094,11206.0
2026-02-13 14:00:00+00:00,1.17086,1.17138,1.1699,1.16995,15916.0
2026-02-13 15:00:00+00:00,1.16994,1.17204,1.1699,1.17158,18000.0
2026-02-13 16:00:00+00:00,1.17156,1.17178,1.17072,1.17102,10343.0
2026-02-13 17:00:00+00:00,1.17102,1.17126,1.17025,1.17074,7434.0
2026-02-13 18:00:00+00:00,1.17072,1.17146,1.17057,1.1712,5836.0
2026-02-13 19:00:00+00:00,1.1712,1.17152,1.17082,1.17091,5202.0
2026-02-13 20:00:00+00:00,1.17092,1.1713,1.17042,1.17086,5143.0
2026-02-13 21:00:00+00:00,1.17086,1.17122,1.1704,1.17114,2440.0
2026-02-15 22:00:00+00:00,1.1716,1.17219,1.17076,1.17083,1555.0
2026-02-15 23:00:00+00:00,1.1708,1.17212,1.17056,1.17209,2361.0
2026-02-16 00:00:00+00:00,1.17208,1.17316,1.17186,1.17314,3796.0
2026-02-16 01:00:00+00:00,1.17314,1.17345,1.17288,1.17313,3845.0
2026-02-16 02:00:00+00:00,1.17314,1.17424,1.17296,1.1739,3443.0
2026-02-16 03:00:00+00:00,1.17392,1.1752,1.17386,1.17464,2648.0
2026-02-16 04:00:00+00:00,1.17463,1.17512,1.17444,1.17474,2441.0
2026-02-16 05:00:00+00:00,1.17478,1.17486,1.17414,1.17424,2289.0
2026-02-16 06:00:00+00:00,1.17423,1.17426,1.17361,1.17364,2376.0
2026-02-16 07:00:00+00:00,1.17362,1.174,1.17336,1.17378,2681.0
2026-02-16 08:00:00+00:00,1.17379,1.17402,1.17312,1.17338,4514.0
2026-02-16 09:00:00+00:00,1.17339,1.1734,1.17248,1.17276,3473.0
2026-02-16 10:00:00+00:00,1.17276,1.17287,1.17212,1.17269,2918.0
2026-02-16 11:00:00+00:00,1.1727,1.17272,1.172,1.17219,2580.0
2026-02-16 12:00:00+00:00,1.1722,1.17311,1.17181,1.17279,2587.0
2026-02-16 13:00:00+00:00,1.1728,1.17297,1.17254,1.17288,2661.0
2026-02-16 14:00:00+00:00,1.17287,1.17297,1.1718,1.17183,4055.0
2026-02-16 15:00:00+00:00,1.17184,1.17213,1.17157,1.17188,3753.0
2026-02-16 16:00:00+00:00,1.17189,1.17248,1.17183,1.17236,2959.0
2026-02-16 17:00:00+00:00,1.17236,1.1727,1.17232,1.17258,1702.0
2026-02-16 18:00:00+00:00,1.17258,1.17268,1.17236,1.17239,648.0
2026-02-16 19:00:00+00:00,1.17238,1.17251,1.17232,1.17244,609.0
2026-02-16 20:00:00+00:00,1.17244,1.17254,1.17235,1.17246,367.0
2026-02-16 21:00:00+00:00,1.17248,1.1725,1.17183,1.17214,591.0
2026-02-16 22:00:00+00:00,1.17225,1.17275,1.17192,1.17247,963.0
2026-02-16 23:00:00+00:00,1.17248,1.17308,1.17228,1.17256,1395.0
2026-02-17 00:00:00+00:00,1.17256,1.17286,1.17185,1.17198,3778.0
2026-02-17 01:00:00+00:00,1.17199,1.17284,1.17162,1.17176,4777.0
2026-02-17 02:00:00+00:00,1.17177,1.17186,1.17118,1.17118,3581.0
2026-02-17 03:00:00+00:00,1.17119,1.17121,1.17037,1.17058,3591.0
2026-02-17 04:00:00+00:00,1.17059,1.17097,1.17053,1.17085,1914.0
2026-02-17 05:00:00+00:00,1.17089,1.17106,1.17022,1.17066,4075.0
2026-02-17 06:00:00+00:00,1.17066,1.17085,1.1703,1.17072,2517.0
2026-02-17 07:00:00+00:00,1.17069,1.1722,1.17034,1.17188,4374.0
2026-02-17 08:00:00+00:00,1.17188,1.17212,1.17064,1.17104,5129.0
2026-02-17 09:00:00+00:00,1.17107,1.17124,1.1704,1.17056,3581.0
2026-02-17 10:00:00+00:00,1.17054,1.17058,1.16804,1.16826,3483.0
2026-02-17 11:00:00+00:00,1.16825,1.16946,1.16797,1.16936,3950.0
2026-02-17 12:00:00+00:00,1.16935,1.17001,1.1692,1.16974,4052.0
2026-02-17 13:00:00+00:00,1.16972,1.1702,1.16916,1.1695,8215.0
2026-02-17 14:00:00+00:00,1.16948,1.17064,1.16941,1.16996,15623.0
2026-02-17 15:00:00+00:00,1.16995,1.17123,1.16979,1.17112,15471.0
2026-02-17 16:00:00+00:00,1.17113,1.17202,1.17104,1.17184,10768.0
2026-02-17 17:00:00+00:00,1.17184,1.17184,1.17079,1.1716,8301.0
2026-02-17 18:00:00+00:00,1.17148,1.17202,1.17131,1.17188,6835.0
2026-02-17 19:00:00+00:00,1.17188,1.17196,1.17071,1.17076,4580.0
2026-02-17 20:00:00+00:00,1.17075,1.17127,1.17075,1.171,3333.0
2026-02-17 21:00:00+00:00,1.171,1.17132,1.1708,1.17132,1370.0
2026-02-17 22:00:00+00:00,1.17096,1.17197,1.17083,1.17173,655.0
2026-02-17 23:00:00+00:00,1.17174,1.17183,1.17068,1.17106,2387.0
2026-02-18 00:00:00+00:00,1.17106,1.1714,1.17057,1.1712,3614.0
2026-02-18 01:00:00+00:00,1.17121,1.17705,1.17117,1.17566,5847.0
2026-02-18 02:00:00+00:00,1.17568,1.17791,1.17559,1.17732,3169.0
2026-02-18 03:00:00+00:00,1.17733,1.17852,1.17724,1.17833,3541.0
2026-02-18 04:00:00+00:00,1.17828,1.17879,1.1781,1.17851,2678.0
2026-02-18 05:00:00+00:00,1.17852,1.17875,1.17804,1.17846,1756.0
2026-02-18 06:00:00+00:00,1.17846,1.17872,1.17818,1.17842,2592.0
2026-02-18 07:00:00+00:00,1.1784,1.17956,1.17826,1.17906,3545.0
2026-02-18 08:00:00+00:00,1.17906,1.17924,1.17757,1.17811,5156.0
2026-02-18 09:00:00+00:00,1.17812,1.17818,1.17714,1.17754,3922.0
2026-02-18 10:00:00+00:00,1.17753,1.17786,1.17742,1.17782,2968.0
2026-02-18 11:00:00+00:00,1.17782,1.1783,1.1773,1.17738,2525.0
2026-02-18 12:00:00+00:00,1.17736,1.17815,1.17722,1.17801,4380.0
2026-02-18 13:00:00+00:00,1.17799,1.17892,1.17784,1.17854,5043.0
2026-02-18 14:00:00+00:00,1.17855,1.18028,1.17828,1.18023,9974.0
2026-02-18 15:00:00+00:00,1.18024,1.18072,1.17966,1.17994,7904.0
2026-02-18 16:00:00+00:00,1.17994,1.18049,1.17974,1.18033,5802.0
2026-02-18 17:00:00+00:00,1.18034,1.18068,1.17982,1.18067,4322.0
2026-02-18 18:00:00+00:00,1.18067,1.18067,1.17984,1.18039,5414.0
2026-02-18 19:00:00+00:00,1.18034,1.18043,1.17971,1.17999,7397.0
2026-02-18 20:00:00+00:00,1.18002,1.18052,1.17988,1.18046,4416.0
2026-02-18 21:00:00+00:00,1.18048,1.18063,1.18022,1.18063,1267.0
2026-02-18 22:00:00+00:00,1.18093,1.18138,1.18004,1.181,925.0
2026-02-18 23:00:00+00:00,1.18098,1.18104,1.18027,1.1805,1574.0
2026-02-19 00:00:00+00:00,1.18046,1.18269,1.18012,1.18148,4847.0
2026-02-19 01:00:00+00:00,1.18146,1.18292,1.18127,1.18292,4368.0
2026-02-19 02:00:00+00:00,1.1829,1.18314,1.18224,1.18309,2753.0
2026-02-19 03:00:00+00:00,1.18309,1.18312,1.18234,1.1824,2882.0
2026-02-19 04:00:00+00:00,1.18241,1.18284,1.18121,1.18127,2659.0
2026-02-19 05:00:00+00:00,1.18132,1.18153,1.18086,1.18145,2236.0
2026-02-19 06:00:00+00:00,1.18146,1.18185,1.18113,1.18182,2980.0
2026-02-19 07:00:00+00:00,1.18185,1.18242,1.18164,1.1823,2896.0
2026-02-19 08:00:00+00:00,1.18232,1.18238,1.18166,1.18188,4270.0
2026-02-19 09:00:00+00:00,1.18188,1.18198,1.1808,1.18156,4651.0
2026-02-19 10:00:00+00:00,1.18157,1.18159,1.1805,1.1807,4388.0
2026-02-19 11:00:00+00:00,1.18068,1.18126,1.18025,1.18038,3822.0
2026-02-19 12:00:00+00:00,1.18038,1.1813,1.18012,1.18126,3860.0
2026-02-19 13:00:00+00:00,1.18126,1.18227,1.18118,1.18212,5830.0
2026-02-19 14:00:00+00:00,1.18214,1.18256,1.18132,1.18186,11965.0
2026-02-19 15:00:00+00:00,1.18185,1.1824,1.18104,1.1816,14103.0
2026-02-19 16:00:00+00:00,1.18162,1.18179,1.18101,1.18122,8555.0
2026-02-19 17:00:00+00:00,1.18122,1.18165,1.1811,1.18134,7015.0
2026-02-19 18:00:00+00:00,1.18134,1.18167,1.181,1.18126,5578.0
2026-02-19 19:00:00+00:00,1.18123,1.18158,1.1811,1.1814,4796.0
2026-02-19 20:00:00+00:00,1.1814,1.1816,1.18114,1.18156,3171.0
2026-02-19 21:00:00+00:00,1.18154,1.18188,1.18135,1.18174,1652.0
2026-02-19 22:00:00+00:00,1.1817,1.18198,1.18088,1.1816,1308.0
2026-02-19 23:00:00+00:00,1.18162,1.18221,1.18148,1.18186,2067.0
2026-02-20 00:00:00+00:00,1.18187,1.1832,1.1816,1.18276,4209.0
2026-02-20 01:00:00+00:00,1.18274,1.18308,1.18125,1.18146,6021.0
2026-02-20 02:00:00+00:00,1.18146,1.18224,1.18085,1.18178,5753.0
2026-02-20 03:00:00+00:00,1.1818,1.18234,1.18161,1.18216,3409.0
2026-02-20 04:00:00+00:00,1.18217,1.183,1.18193,1.18296,2667.0
2026-02-20 05:00:00+00:00,1.18295,1.18312,1.1826,1.18312,3011.0
2026-02-20 06:00:00+00:00,1.1831,1.18352,1.18286,1.1835,3187.0
2026-02-20 07:00:00+00:00,1.1835,1.18459,1.18338,1.1842,4272.0
2026-02-20 08:00:00+00:00,1.18421,1.18512,1.18356,1.18507,4797.0
2026-02-20 09:00:00+00:00,1.18508,1.1854,1.18425,1.18471,4164.0
2026-02-20 10:00:00+00:00,1.18472,1.18523,1.18398,1.18398,3350.0
2026-02-20 11:00:00+00:00,1.18397,1.18415,1.1834,1.18347,3590.0
2026-02-20 12:00:00+00:00,1.18348,1.18384,1.1832,1.18344,4198.0
2026-02-20 13:00:00+00:00,1.18346,1.18458,1.18332,1.18452,6203.0
2026-02-20 14:00:00+00:00,1.18451,1.18482,1.18382,1.18458,10058.0
2026-02-20 15:00:00+00:00,1.18458,1.1859,1.18446,1.18558,25154.0
2026-02-20 16:00:00+00:00,1.18558,1.18568,1.18456,1.18553,13558.0
2026-02-20 17:00:00+00:00,1.18552,1.18571,1.18496,1.18528,10234.0
2026-02-20 18:00:00+00:00,1.18528,1.1856,1.18458,1.18554,12846.0
2026-02-20 19:00:00+00:00,1.18556,1.18566,1.18505,1.18515,6201.0
2026-02-20 20:00:00+00:00,1.18514,1.18527,1.18501,1.18518,4467.0
2026-02-20 21:00:00+00:00,1.18517,1.18584,1.18507,1.18536,3054.0
2026-02-22 22:00:00+00:00,1.18437,1.18517,1.18378,1.18485,1222.0
2026-02-22 23:00:00+00:00,1.18497,1.18565,1.18387,1.18462,5219.0
2026-02-23 00:00:00+00:00,1.18461,1.18489,1.18255,1.18316,7708.0
2026-02-23 01:00:00+00:00,1.18317,1.1832,1.18178,1.18212,8637.0
2026-02-23 02:00:00+00:00,1.18208,1.1822,1.18133,1.18202,5139.0
2026-02-23 03:00:00+00:00,1.18202,1.18216,1.18127,1.18134,3031.0
2026-02-23 04:00:00+00:00,1.18132,1.18172,1.18113,1.1815,2710.0
2026-02-23 05:00:00+00:00,1.1815,1.18219,1.18131,1.18196,2578.0
2026-02-23 06:00:00+00:00,1.18196,1.18267,1.18164,1.18262,2652.0
2026-02-23 07:00:00+00:00,1.18264,1.18366,1.18258,1.18355,4074.0
2026-02-23 08:00:00+00:00,1.18354,1.18428,1.18344,1.18384,4806.0
2026-02-23 09:00:00+00:00,1.18382,1.1848,1.18382,1.18462,3676.0
2026-02-23 10:00:00+00:00,1.18462,1.18482,1.18426,1.18434,3250.0
2026-02-23 11:00:00+00:00,1.18434,1.18504,1.18434,1.18494,3626.0
2026-02-23 12:00:00+00:00,1.18496,1.18508,1.18416,1.18466,4380.0
2026-02-23 13:00:00+00:00,1.18466,1.18494,1.18392,1.18396,4356.0
2026-02-23 14:00:00+00:00,1.18396,1.18487,1.18396,1.18474,8003.0
2026-02-23 15:00:00+00:00,1.18476,1.18476,1.1836,1.18365,10560.0
2026-02-23 16:00:00+00:00,1.18367,1.18414,1.1833,1.1835,9465.0
2026-02-23 17:00:00+00:00,1.18349,1.18406,1.1834,1.18401,6489.0
2026-02-23 18:00:00+00:00,1.18401,1.18456,1.18396,1.18439,3640.0
2026-02-23 19:00:00+00:00,1.18436,1.18476,1.18408,1.18457,3691.0
2026-02-23 20:00:00+00:00,1.18456,1.18518,1.18446,1.18492,1820.0
2026-02-23 21:00:00+00:00,1.18492,1.18528,1.18464,1.18473,1514.0
2026-02-23 22:00:00+00:00,1.18466,1.18528,1.18414,1.18468,2303.0
2026-02-23 23:00:00+00:00,1.18478,1.18496,1.18419,1.18464,1713.0
2026-02-24 00:00:00+00:00,1.18464,1.18502,1.18425,1.1848,3947.0
2026-02-24 01:00:00+00:00,1.1848,1.185,1.18418,1.18446,8214.0
2026-02-24 02:00:00+00:00,1.18446,1.18484,1.18396,1.1847,4303.0
2026-02-24 03:00:00+00:00,1.1847,1.18508,1.1843,1.18508,3040.0
2026-02-24 04:00:00+00:00,1.18508,1.1852,1.18479,1.18504,2564.0
2026-02-24 05:00:00+00:00,1.18502,1.18504,1.18468,1.18495,3147.0
2026-02-24 06:00:00+00:00,1.18494,1.18526,1.18484,1.18499,3102.0
2026-02-24 07:00:00+00:00,1.18502,1.18565,1.18502,1.18555,5544.0
2026-02-24 08:00:00+00:00,1.18556,1.1856,1.18414,1.18429,5943.0
2026-02-24 09:00:00+00:00,1.1843,1.18437,1.18362,1.18366,3697.0
2026-02-24 10:00:00+00:00,1.18366,1.18388,1.18297,1.18312,3276.0
2026-02-24 11:00:00+00:00,1.18313,1.1833,1.18272,1.18324,3085.0
2026-02-24 12:00:00+00:00,1.18324,1.18363,1.18302,1.1832,4446.0
2026-02-24 13:00:00+00:00,1.18322,1.1835,1.18223,1.18264,5411.0
2026-02-24 14:00:00+00:00,1.18263,1.183,1.18198,1.18212,9117.0
2026-02-24 15:00:00+00:00,1.18214,1.1838,1.18214,1.18336,10259.0
2026-02-24 16:00:00+00:00,1.18342,1.18354,1.18303,1.18326,6203.0
2026-02-24 17:00:00+00:00,1.18328,1.18374,1.18314,1.1835,3682.0
2026-02-24 18:00:00+00:00,1.18334,1.18346,1.18302,1.18316,2971.0
2026-02-24 19:00:00+00:00,1.18317,1.18341,1.18288,1.18293,3110.0
2026-02-24 20:00:00+00:00,1.18292,1.18332,1.18249,1.1832,2494.0
2026-02-24 21:00:00+00:00,1.18318,1.18348,1.18288,1.183,1343.0
2026-02-24 22:00:00+00:00,1.18476,1.18478,1.18321,1.18388,1326.0
2026-02-24 23:00:00+00:00,1.1839,1.1839,1.18338,1.18357,1528.0
2026-02-25 00:00:00+00:00,1.18358,1.18553,1.1831,1.18509,5381.0
2026-02-25 01:00:00+00:00,1.18508,1.18582,1.18491,1.18575,6345.0
2026-02-25 02:00:00+00:00,1.18574,1.18678,1.18518,1.18666,4965.0
2026-02-25 03:00:00+00:00,1.18666,1.1889,1.18648,1.18864,6272.0
2026-02-25 04:00:00+00:00,1.18861,1.18922,1.18825,1.18832,3421.0
2026-02-25 05:00:00+00:00,1.1883,1.18843,1.18784,1.18838,3282.0
2026-02-25 06:00:00+00:00,1.18837,1.18892,1.18796,1.18818,3070.0
2026-02-25 07:00:00+00:00,1.18818,1.18852,1.18666,1.18717,3794.0
2026-02-25 08:00:00+00:00,1.18718,1.18776,1.18703,1.18776,4536.0
2026-02-25 09:00:00+00:00,1.18774,1.18842,1.18634,1.18659,4585.0
2026-02-25 10:00:00+00:00,1.1866,1.18708,1.18657,1.18684,3176.0
2026-02-25 11:00:00+00:00,1.18684,1.18755,1.18657,1.18755,3219.0
2026-02-25 12:00:00+00:00,1.18751,1.18789,1.18706,1.18722,3314.0
2026-02-25 13:00:00+00:00,1.1872,1.18788,1.18677,1.18783,4882.0
2026-02-25 14:00:00+00:00,1.18784,1.1879,1.18689,1.187,6830.0
2026-02-25 15:00:00+00:00,1.18701,1.18755,1.18676,1.18696,7106.0
2026-02-25 16:00:00+00:00,1.18696,1.18786,1.18688,1.18746,5086.0
2026-02-25 17:00:00+00:00,1.18746,1.18762,1.18686,1.18748,3420.0
2026-02-25 18:00:00+00:00,1.18712,1.18722,1.1868,1.18703,2034.0
2026-02-25 19:00:00+00:00,1.18704,1.18764,1.18698,1.18756,2104.0
2026-02-25 20:00:00+00:00,1.18756,1.18756,1.18694,1.18706,2386.0
2026-02-25 21:00:00+00:00,1.18706,1.18734,1.18698,1.18702,1520.0
2026-02-25 22:00:00+00:00,1.1874,1.18805,1.18674,1.18744,1532.0
2026-02-25 23:00:00+00:00,1.18744,1.18744,1.18642,1.18666,2647.0
2026-02-26 00:00:00+00:00,1.18667,1.18788,1.18654,1.18762,3779.0
2026-02-26 01:00:00+00:00,1.18764,1.18772,1.1863,1.1865,6078.0
2026-02-26 02:00:00+00:00,1.18646,1.18664,1.18542,1.18636,4201.0
2026-02-26 03:00:00+00:00,1.18638,1.18713,1.18582,1.18694,2809.0
2026-02-26 04:00:00+00:00,1.18696,1.18748,1.18679,1.18719,2893.0
2026-02-26 05:00:00+00:00,1.18718,1.18746,1.18674,1.18718,4010.0
2026-02-26 06:00:00+00:00,1.18716,1.18784,1.18708,1.18746,4558.0
2026-02-26 07:00:00+00:00,1.18749,1.18817,1.18749,1.1877,4759.0
2026-02-26 08:00:00+00:00,1.1877,1.18808,1.18742,1.18804,6096.0
2026-02-26 09:00:00+00:00,1.18804,1.1892,1.18797,1.18878,3306.0
2026-02-26 10:00:00+00:00,1.18876,1.1889,1.18838,1.18844,3337.0
2026-02-26 11:00:00+00:00,1.18842,1.18892,1.18834,1.18868,3019.0
2026-02-26 12:00:00+00:00,1.18869,1.1892,1.18858,1.18871,2894.0
2026-02-26 13:00:00+00:00,1.18872,1.18882,1.18794,1.18819,5291.0
2026-02-26 14:00:00+00:00,1.18818,1.18839,1.18746,1.18762,9256.0
2026-02-26 15:00:00+00:00,1.18763,1.18781,1.18598,1.18748,15829.0
2026-02-26 16:00:00+00:00,1.18746,1.18774,1.18704,1.18724,9063.0
2026-02-26 17:00:00+00:00,1.18724,1.1876,1.18708,1.18752,6896.0
2026-02-26 18:00:00+00:00,1.18752,1.18799,1.18742,1.18798,6169.0
2026-02-26 19:00:00+00:00,1.18796,1.18803,1.18768,1.18776,3939.0
2026-02-26 20:00:00+00:00,1.18776,1.18803,1.18772,1.18791,2355.0
2026-02-26 21:00:00+00:00,1.18791,1.18868,1.18785,1.1883,1525.0
2026-02-26 22:00:00+00:00,1.18865,1.1894,1.18669,1.18822,4089.0
2026-02-26 23:00:00+00:00,1.18814,1.18814,1.18752,1.18776,2282.0
2026-02-27 00:00:00+00:00,1.18776,1.18838,1.1876,1.18774,4506.0
2026-02-27 01:00:00+00:00,1.18774,1.18842,1.18752,1.18842,6546.0
2026-02-27 02:00:00+00:00,1.18844,1.18884,1.18822,1.18844,4484.0
2026-02-27 03:00:00+00:00,1.18842,1.18874,1.18832,1.18863,3104.0
2026-02-27 04:00:00+00:00,1.18864,1.1891,1.18836,1.18905,2849.0
2026-02-27 05:00:00+00:00,1.18904,1.18988,1.18898,1.18968,3562.0
2026-02-27 06:00:00+00:00,1.18968,1.18991,1.18944,1.18985,4253.0
2026-02-27 07:00:00+00:00,1.18986,1.18998,1.18898,1.18926,3869.0
2026-02-27 08:00:00+00:00,1.18928,1.18944,1.18834,1.18843,4506.0
2026-02-27 09:00:00+00:00,1.18844,1.18882,1.1881,1.18816,4024.0
2026-02-27 10:00:00+00:00,1.18816,1.1882,1.18738,1.18792,3618.0
2026-02-27 11:00:00+00:00,1.18792,1.18831,1.18776,1.18788,3429.0
2026-02-27 12:00:00+00:00,1.1879,1.18825,1.18769,1.18781,3984.0
2026-02-27 13:00:00+00:00,1.18783,1.18796,1.1868,1.18759,8763.0
2026-02-27 14:00:00+00:00,1.1876,1.18814,1.18722,1.18748,12788.0
2026-02-27 15:00:00+00:00,1.18747,1.18858,1.18742,1.18758,12179.0
2026-02-27 16:00:00+00:00,1.1876,1.18773,1.18704,1.18708,8775.0
2026-02-27 17:00:00+00:00,1.1871,1.18733,1.18614,1.18633,7459.0
2026-02-27 18:00:00+00:00,1.18632,1.18677,1.18628,1.18664,5376.0
2026-02-27 19:00:00+00:00,1.18661,1.18682,1.1862,1.18644,3819.0
2026-02-27 20:00:00+00:00,1.18643,1.18668,1.18608,1.1865,3612.0
2026-02-27 21:00:00+00:00,1.1865,1.18692,1.18602,1.18661,4340.0
2026-03-01 22:00:00+00:00,1.18362,1.18632,1.18289,1.18518,2785.0
2026-03-01 23:00:00+00:00,1.18524,1.18612,1.18434,1.18453,10740.0
2026-03-02 00:00:00+00:00,1.18452,1.18644,1.1845,1.18624,10678.0
2026-03-02 01:00:00+00:00,1.18624,1.18707,1.18612,1.18683,13676.0
2026-03-02 02:00:00+00:00,1.18684,1.18742,1.18638,1.187,7932.0
2026-03-02 03:00:00+00:00,1.187,1.188,1.18666,1.18799,5489.0
2026-03-02 04:00:00+00:00,1.188,1.188,1.18718,1.18739,4739.0
2026-03-02 05:00:00+00:00,1.18738,1.18786,1.18733,1.18759,5761.0
2026-03-02 06:00:00+00:00,1.18757,1.18834,1.18725,1.18734,8814.0
2026-03-02 07:00:00+00:00,1.18735,1.18798,1.18696,1.1875,8781.0
2026-03-02 08:00:00+00:00,1.1875,1.18916,1.18708,1.18884,10741.0
2026-03-02 09:00:00+00:00,1.18881,1.18974,1.18876,1.189,7515.0
2026-03-02 10:00:00+00:00,1.189,1.18966,1.18877,1.1888,6549.0
2026-03-02 11:00:00+00:00,1.18884,1.18918,1.18854,1.18876,6403.0
2026-03-02 12:00:00+00:00,1.18876,1.18903,1.18837,1.18864,7220.0
2026-03-02 13:00:00+00:00,1.18864,1.18934,1.18854,1.1892,9395.0
2026-03-02 14:00:00+00:00,1.18922,1.1903,1.18894,1.19024,14375.0
2026-03-02 15:00:00+00:00,1.19026,1.19227,1.19002,1.1909,16337.0
2026-03-02 16:00:00+00:00,1.19092,1.19306,1.1909,1.19181,12193.0
2026-03-02 17:00:00+00:00,1.19182,1.19246,1.1916,1.19226,7846.0
2026-03-02 18:00:00+00:00,1.19245,1.19281,1.19229,1.19236,4998.0
2026-03-02 19:00:00+00:00,1.19236,1.19314,1.19225,1.19306,6060.0
2026-03-02 20:00:00+00:00,1.19305,1.19305,1.19218,1.1926,12206.0
2026-03-02 21:00:00+00:00,1.19256,1.1943,1.1922,1.1941,3946.0
2026-03-02 22:00:00+00:00,1.19392,1.19576,1.19289,1.19484,2201.0
2026-03-02 23:00:00+00:00,1.1949,1.19513,1.19436,1.19444,3405.0
2026-03-03 00:00:00+00:00,1.19444,1.1947,1.19388,1.19438,5174.0
2026-03-03 01:00:00+00:00,1.19438,1.19624,1.19421,1.19434,10824.0
2026-03-03 02:00:00+00:00,1.19433,1.19503,1.1939,1.19469,9097.0
2026-03-03 03:00:00+00:00,1.1947,1.1959,1.19464,1.1958,6197.0
2026-03-03 04:00:00+00:00,1.19582,1.19666,1.19576,1.19653,4973.0
2026-03-03 05:00:00+00:00,1.19653,1.1969,1.19547,1.19585,8308.0
2026-03-03 06:00:00+00:00,1.19586,1.19617,1.19534,1.19562,7652.0
2026-03-03 07:00:00+00:00,1.19565,1.19804,1.19558,1.1974,8610.0
2026-03-03 08:00:00+00:00,1.19741,1.19774,1.19598,1.19617,10215.0
2026-03-03 09:00:00+00:00,1.19618,1.19651,1.19534,1.19546,9869.0
2026-03-03 10:00:00+00:00,1.19549,1.1965,1.19541,1.19589,9396.0
2026-03-03 11:00:00+00:00,1.19588,1.19637,1.19206,1.19278,11943.0
2026-03-03 12:00:00+00:00,1.1928,1.19413,1.19123,1.19168,11552.0
2026-03-03 13:00:00+00:00,1.1917,1.1921,1.18944,1.19082,11788.0
2026-03-03 14:00:00+00:00,1.19082,1.19116,1.18988,1.19004,18808.0
2026-03-03 15:00:00+00:00,1.19003,1.19366,1.18875,1.19308,28924.0
2026-03-03 16:00:00+00:00,1.19308,1.19424,1.1928,1.194,24820.0
2026-03-03 17:00:00+00:00,1.194,1.19495,1.19374,1.19462,17462.0
2026-03-03 18:00:00+00:00,1.19462,1.19512,1.19458,1.19469,12248.0
2026-03-03 19:00:00+00:00,1.19468,1.19502,1.19408,1.19462,15888.0
2026-03-03 20:00:00+00:00,1.19462,1.19569,1.19455,1.1954,12128.0
2026-03-03 21:00:00+00:00,1.1954,1.1958,1.19452,1.19456,3520.0
2026-03-03 22:00:00+00:00,1.19468,1.19524,1.19352,1.19448,2054.0
2026-03-03 23:00:00+00:00,1.19426,1.19572,1.19426,1.19548,4404.0
2026-03-04 00:00:00+00:00,1.19546,1.19558,1.19194,1.19315,10974.0
2026-03-04 01:00:00+00:00,1.19316,1.19408,1.19142,1.19191,14494.0
2026-03-04 02:00:00+00:00,1.19192,1.19242,1.19058,1.19074,9677.0
2026-03-04 03:00:00+00:00,1.19072,1.19074,1.18712,1.18758,9269.0
2026-03-04 04:00:00+00:00,1.1876,1.18852,1.18634,1.1867,8942.0
2026-03-04 05:00:00+00:00,1.18672,1.18841,1.18671,1.18778,11349.0
2026-03-04 06:00:00+00:00,1.18779,1.18982,1.18766,1.1898,8632.0
2026-03-04 07:00:00+00:00,1.18981,1.19192,1.18973,1.19086,8947.0
2026-03-04 08:00:00+00:00,1.19086,1.19114,1.18952,1.19035,12248.0
2026-03-04 09:00:00+00:00,1.19036,1.19124,1.18994,1.19106,9905.0
2026-03-04 10:00:00+00:00,1.19106,1.1929,1.19104,1.19179,14270.0
2026-03-04 11:00:00+00:00,1.1918,1.19282,1.19174,1.19282,8772.0
2026-03-04 12:00:00+00:00,1.1928,1.19302,1.19158,1.19183,8975.0
2026-03-04 13:00:00+00:00,1.19184,1.19354,1.19168,1.19351,12903.0
2026-03-04 14:00:00+00:00,1.1935,1.19376,1.19186,1.19232,17208.0
2026-03-04 15:00:00+00:00,1.19204,1.1928,1.19164,1.19236,16693.0
2026-03-04 16:00:00+00:00,1.19237,1.19257,1.19184,1.19197,9625.0
2026-03-04 17:00:00+00:00,1.19198,1.19232,1.19168,1.19224,7564.0
2026-03-04 18:00:00+00:00,1.19166,1.19186,1.19143,1.19168,6119.0
2026-03-04 19:00:00+00:00,1.19168,1.19232,1.19168,1.19223,4227.0
2026-03-04 20:00:00+00:00,1.19222,1.19228,1.19128,1.19154,4917.0
2026-03-04 21:00:00+00:00,1.19153,1.19175,1.191,1.19112,3314.0
2026-03-04 22:00:00+00:00,1.19106,1.19179,1.19082,1.19086,1235.0
2026-03-04 23:00:00+00:00,1.19086,1.19189,1.19086,1.19178,2905.0
2026-03-05 00:00:00+00:00,1.19176,1.19244,1.19132,1.19153,5032.0
2026-03-05 01:00:00+00:00,1.19153,1.19224,1.19077,1.19091,11192.0
2026-03-05 02:00:00+00:00,1.1909,1.19129,1.1903,1.19074,7649.0
2026-03-05 03:00:00+00:00,1.19074,1.19099,1.18925,1.18952,6956.0
2026-03-05 04:00:00+00:00,1.18948,1.19002,1.18922,1.18966,4938.0
2026-03-05 05:00:00+00:00,1.18964,1.19014,1.18955,1.19008,5329.0
2026-03-05 06:00:00+00:00,1.19008,1.19014,1.18808,1.18846,9505.0
2026-03-05 07:00:00+00:00,1.18844,1.18885,1.1876,1.18778,7760.0
2026-03-05 08:00:00+00:00,1.1878,1.18882,1.18744,1.18874,10380.0
2026-03-05 09:00:00+00:00,1.18877,1.1899,1.18836,1.18982,15405.0
2026-03-05 10:00:00+00:00,1.18982,1.19069,1.18946,1.19048,8917.0
2026-03-05 11:00:00+00:00,1.19049,1.19073,1.1895,1.19008,6504.0
2026-03-05 12:00:00+00:00,1.1901,1.19033,1.18962,1.1902,7317.0
2026-03-05 13:00:00+00:00,1.1902,1.19029,1.18881,1.18969,10146.0
2026-03-05 14:00:00+00:00,1.1897,1.19034,1.18944,1.19031,14424.0
2026-03-05 15:00:00+00:00,1.1903,1.1908,1.18898,1.1895,13681.0
2026-03-05 16:00:00+00:00,1.18948,1.1896,1.1887,1.18906,12624.0
2026-03-05 17:00:00+00:00,1.18906,1.18948,1.18758,1.18788,15439.0
2026-03-05 18:00:00+00:00,1.18805,1.18828,1.1876,1.18784,13573.0
2026-03-05 19:00:00+00:00,1.18784,1.18798,1.18744,1.18774,10331.0
2026-03-05 20:00:00+00:00,1.18776,1.18862,1.18768,1.18835,13710.0
2026-03-05 21:00:00+00:00,1.18836,1.18884,1.1881,1.18862,3739.0
2026-03-05 22:00:00+00:00,1.1884,1.1892,1.18808,1.18862,990.0
2026-03-05 23:00:00+00:00,1.18856,1.18929,1.18856,1.1889,3265.0
2026-03-06 00:00:00+00:00,1.18888,1.18915,1.18845,1.18858,4780.0
2026-03-06 01:00:00+00:00,1.18858,1.1899,1.18837,1.18987,9161.0
2026-03-06 02:00:00+00:00,1.18988,1.1909,1.18982,1.19078,5326.0
2026-03-06 03:00:00+00:00,1.19079,1.19146,1.19052,1.19092,5015.0
2026-03-06 04:00:00+00:00,1.19092,1.1911,1.19052,1.19053,2996.0
2026-03-06 05:00:00+00:00,1.19052,1.19132,1.1904,1.19098,4775.0
2026-03-06 06:00:00+00:00,1.19099,1.19148,1.19086,1.19126,4659.0
2026-03-06 07:00:00+00:00,1.19126,1.19172,1.191,1.19138,5021.0
2026-03-06 08:00:00+00:00,1.19139,1.19194,1.19086,1.19184,7750.0
2026-03-06 09:00:00+00:00,1.19184,1.19305,1.19168,1.19194,8838.0
2026-03-06 10:00:00+00:00,1.19194,1.1926,1.19171,1.19214,6992.0
2026-03-06 11:00:00+00:00,1.19216,1.19308,1.19202,1.1924,7458.0
2026-03-06 12:00:00+00:00,1.19244,1.19362,1.19173,1.19304,7726.0
2026-03-06 13:00:00+00:00,1.193,1.19318,1.19164,1.19174,18177.0
2026-03-06 14:00:00+00:00,1.19178,1.19202,1.19003,1.19116,22232.0
2026-03-06 15:00:00+00:00,1.19115,1.1926,1.18996,1.19002,23538.0
2026-03-06 16:00:00+00:00,1.19002,1.1904,1.18974,1.19004,17821.0
2026-03-06 17:00:00+00:00,1.19006,1.19016,1.18942,1.18953,15858.0
2026-03-06 18:00:00+00:00,1.18954,1.19012,1.1893,1.18997,13370.0
2026-03-06 19:00:00+00:00,1.18995,1.1906,1.1895,1.19051,10007.0
2026-03-06 20:00:00+00:00,1.1905,1.19067,1.18998,1.1904,11732.0
2026-03-06 21:00:00+00:00,1.19033,1.19182,1.1901,1.19148,8289.0
2026-03-08 21:00:00+00:00,1.19085,1.19112,1.18932,1.19072,1155.0
2026-03-08 22:00:00+00:00,1.19068,1.19304,1.18986,1.19194,14548.0
2026-03-08 23:00:00+00:00,1.19191,1.19224,1.19055,1.19092,9911.0
2026-03-09 00:00:00+00:00,1.1909,1.19096,1.1887,1.18922,11484.0
2026-03-09 01:00:00+00:00,1.18922,1.19008,1.18861,1.18928,13939.0
2026-03-09 02:00:00+00:00,1.18931,1.19056,1.18841,1.1905,10710.0
2026-03-09 03:00:00+00:00,1.19049,1.19153,1.18965,1.19127,8445.0
2026-03-09 04:00:00+00:00,1.19128,1.19142,1.19002,1.19109,5833.0
2026-03-09 05:00:00+00:00,1.1911,1.19149,1.19008,1.19046,11471.0
2026-03-09 06:00:00+00:00,1.19046,1.19098,1.19001,1.19007,9178.0
2026-03-09 07:00:00+00:00,1.18999,1.19048,1.1893,1.19001,8489.0
2026-03-09 08:00:00+00:00,1.19002,1.19002,1.1875,1.1877,11608.0
2026-03-09 09:00:00+00:00,1.1877,1.18902,1.18716,1.18721,14113.0
2026-03-09 10:00:00+00:00,1.18722,1.18814,1.18705,1.18788,11893.0
2026-03-09 11:00:00+00:00,1.18788,1.18812,1.18734,1.1876,8245.0
2026-03-09 12:00:00+00:00,1.18756,1.18839,1.18739,1.18836,8545.0
2026-03-09 13:00:00+00:00,1.18838,1.18878,1.18744,1.18871,15261.0
2026-03-09 14:00:00+00:00,1.18868,1.19047,1.1885,1.1903,17302.0
2026-03-09 15:00:00+00:00,1.1903,1.19106,1.19014,1.1905,11448.0
2026-03-09 16:00:00+00:00,1.19052,1.19092,1.1899,1.19028,9575.0
2026-03-09 17:00:00+00:00,1.19029,1.19036,1.18952,1.18953,8751.0
2026-03-09 18:00:00+00:00,1.18951,1.191,1.18946,1.19095,7400.0
2026-03-09 19:00:00+00:00,1.19094,1.19316,1.19084,1.19282,21620.0
2026-03-09 20:00:00+00:00,1.1928,1.19314,1.19246,1.19262,7340.0
2026-03-09 21:00:00+00:00,1.19207,1.1929,1.19171,1.19274,1688.0
2026-03-09 22:00:00+00:00,1.19272,1.19322,1.19208,1.19228,6310.0
2026-03-09 23:00:00+00:00,1.19232,1.19298,1.19215,1.19266,6003.0
2026-03-10 00:00:00+00:00,1.19265,1.19296,1.192,1.19294,9100.0
2026-03-10 01:00:00+00:00,1.19294,1.19414,1.19268,1.19413,10835.0
2026-03-10 02:00:00+00:00,1.19412,1.1947,1.19394,1.19397,6295.0
2026-03-10 03:00:00+00:00,1.19398,1.1946,1.19372,1.19405,6694.0
2026-03-10 04:00:00+00:00,1.19406,1.19504,1.19404,1.19472,4713.0
2026-03-10 05:00:00+00:00,1.19475,1.19672,1.19402,1.19632,6150.0
2026-03-10 06:00:00+00:00,1.19632,1.19766,1.19602,1.19652,6186.0
2026-03-10 07:00:00+00:00,1.19653,1.19816,1.19653,1.19766,7230.0
2026-03-10 08:00:00+00:00,1.19766,1.19874,1.19708,1.19768,8438.0
2026-03-10 09:00:00+00:00,1.19768,1.19826,1.19754,1.19783,5531.0
2026-03-10 10:00:00+00:00,1.19784,1.19952,1.19768,1.1977,6949.0
2026-03-10 11:00:00+00:00,1.19768,1.19867,1.19708,1.19846,8872.0
2026-03-10 12:00:00+00:00,1.19842,1.19865,1.19785,1.19828,10879.0
2026-03-10 13:00:00+00:00,1.19829,1.19918,1.19803,1.19883,13758.0
2026-03-10 14:00:00+00:00,1.19886,1.20052,1.19857,1.20018,14325.0
2026-03-10 15:00:00+00:00,1.20018,1.20062,1.199,1.20062,10543.0
2026-03-10 16:00:00+00:00,1.20062,1.2015,1.2001,1.20119,9947.0
2026-03-10 17:00:00+00:00,1.2012,1.20202,1.20096,1.2015,12409.0
2026-03-10 18:00:00+00:00,1.2015,1.20182,1.20051,1.20104,22545.0
2026-03-10 19:00:00+00:00,1.20104,1.2012,1.20036,1.20038,17311.0
2026-03-10 20:00:00+00:00,1.20039,1.2011,1.20012,1.2006,5080.0
2026-03-10 21:00:00+00:00,1.20071,1.20136,1.20013,1.20064,1563.0
2026-03-10 22:00:00+00:00,1.20061,1.20178,1.19988,1.20144,2379.0
2026-03-10 23:00:00+00:00,1.20144,1.20202,1.20132,1.20178,3096.0
2026-03-11 00:00:00+00:00,1.2018,1.2031,1.20116,1.20287,7258.0
2026-03-11 01:00:00+00:00,1.20281,1.20506,1.20277,1.20464,7327.0
2026-03-11 02:00:00+00:00,1.20462,1.2079,1.20459,1.20702,4631.0
2026-03-11 03:00:00+00:00,1.207,1.20738,1.20642,1.20716,4011.0
2026-03-11 04:00:00+00:00,1.20715,1.20797,1.20692,1.20777,2945.0
2026-03-11 05:00:00+00:00,1.20778,1.2078,1.20613,1.20689,4094.0
2026-03-11 06:00:00+00:00,1.2069,1.20751,1.20638,1.20668,5582.0
2026-03-11 07:00:00+00:00,1.20663,1.20784,1.20655,1.2073,9313.0
2026-03-11 08:00:00+00:00,1.2073,1.2085,1.20728,1.20814,9703.0
2026-03-11 09:00:00+00:00,1.20814,1.20872,1.20712,1.20746,9447.0
2026-03-11 10:00:00+00:00,1.20746,1.20803,1.20717,1.20769,7541.0
2026-03-11 11:00:00+00:00,1.20767,1.20882,1.2076,1.20848,7921.0
2026-03-11 12:00:00+00:00,1.20848,1.2097,1.20794,1.2083,10494.0
2026-03-11 13:00:00+00:00,1.20829,1.20952,1.20829,1.20949,12559.0
2026-03-11 14:00:00+00:00,1.20952,1.20998,1.20888,1.20989,19167.0
2026-03-11 15:00:00+00:00,1.20989,1.21074,1.20974,1.21018,13795.0
2026-03-11 16:00:00+00:00,1.21016,1.21035,1.209,1.20918,10702.0
2026-03-11 17:00:00+00:00,1.20918,1.20941,1.20847,1.2087,9982.0
2026-03-11 18:00:00+00:00,1.2087,1.20902,1.20802,1.2087,6964.0
2026-03-11 19:00:00+00:00,1.20868,1.20905,1.20848,1.20903,4222.0
2026-03-11 20:00:00+00:00,1.20902,1.20954,1.20896,1.20938,2522.0
2026-03-11 21:00:00+00:00,1.2096,1.21036,1.20865,1.20966,1264.0
2026-03-11 22:00:00+00:00,1.2096,1.21016,1.20893,1.20961,4467.0
2026-03-11 23:00:00+00:00,1.2096,1.20972,1.20913,1.20933,6540.0
2026-03-12 00:00:00+00:00,1.20934,1.21004,1.20844,1.21,6924.0
2026-03-12 01:00:00+00:00,1.21002,1.21094,1.2096,1.21042,8030.0
2026-03-12 02:00:00+00:00,1.21044,1.211,1.20838,1.20849,5840.0
2026-03-12 03:00:00+00:00,1.20848,1.2098,1.20778,1.20822,4146.0
2026-03-12 04:00:00+00:00,1.2082,1.20832,1.20744,1.20751,3315.0
2026-03-12 05:00:00+00:00,1.20752,1.20812,1.20684,1.20764,6959.0
2026-03-12 06:00:00+00:00,1.2076,1.20761,1.20602,1.2068,5943.0
2026-03-12 07:00:00+00:00,1.20682,1.20868,1.20646,1.20818,5765.0
2026-03-12 08:00:00+00:00,1.20818,1.20894,1.20775,1.2089,7934.0
2026-03-12 09:00:00+00:00,1.20888,1.20892,1.20757,1.20802,7079.0
2026-03-12 10:00:00+00:00,1.20802,1.20854,1.20784,1.2081,5500.0
2026-03-12 11:00:00+00:00,1.20809,1.2093,1.20792,1.20898,5993.0
2026-03-12 12:00:00+00:00,1.20897,1.21001,1.2087,1.20994,7216.0
2026-03-12 13:00:00+00:00,1.20994,1.20997,1.20791,1.20794,13545.0
2026-03-12 14:00:00+00:00,1.20793,1.20906,1.2078,1.20825,14479.0
2026-03-12 15:00:00+00:00,1.20826,1.20898,1.2077,1.20796,18665.0
2026-03-12 16:00:00+00:00,1.20797,1.20995,1.20788,1.2097,15948.0
2026-03-12 17:00:00+00:00,1.2097,1.20999,1.20934,1.20964,9942.0
2026-03-12 18:00:00+00:00,1.20964,1.20984,1.20893,1.20945,7777.0
2026-03-12 19:00:00+00:00,1.20944,1.20964,1.20876,1.2088,7132.0
2026-03-12 20:00:00+00:00,1.20882,1.20944,1.2088,1.20882,3161.0
2026-03-12 21:00:00+00:00,1.20876,1.20946,1.20842,1.20877,1762.0
2026-03-12 22:00:00+00:00,1.20878,1.20974,1.20855,1.20968,3128.0
2026-03-12 23:00:00+00:00,1.2097,1.20988,1.20883,1.20896,3411.0
2026-03-13 00:00:00+00:00,1.20896,1.2103,1.20818,1.21015,6499.0
2026-03-13 01:00:00+00:00,1.21016,1.21028,1.20951,1.21018,6268.0
2026-03-13 02:00:00+00:00,1.21018,1.2106,1.20987,1.21036,6403.0
2026-03-13 03:00:00+00:00,1.21036,1.21064,1.20879,1.2096,5642.0
2026-03-13 04:00:00+00:00,1.20959,1.2115,1.20952,1.2114,4803.0
2026-03-13 05:00:00+00:00,1.21143,1.21198,1.2108,1.21165,4996.0
2026-03-13 06:00:00+00:00,1.21165,1.21206,1.20966,1.2098,6615.0
2026-03-13 07:00:00+00:00,1.20978,1.21079,1.20943,1.20965,8020.0
2026-03-13 08:00:00+00:00,1.20966,1.2097,1.20862,1.20958,9963.0
2026-03-13 09:00:00+00:00,1.20958,1.21002,1.20906,1.20934,7849.0
2026-03-13 10:00:00+00:00,1.20934,1.20968,1.20856,1.209,6120.0
2026-03-13 11:00:00+00:00,1.209,1.2094,1.20832,1.209,8630.0
2026-03-13 12:00:00+00:00,1.20906,1.2097,1.20884,1.2093,10651.0
2026-03-13 13:00:00+00:00,1.20928,1.20937,1.20767,1.20767,12711.0
2026-03-13 14:00:00+00:00,1.20767,1.20814,1.20721,1.20752,16049.0
2026-03-13 15:00:00+00:00,1.2075,1.20866,1.2068,1.2068,15807.0
2026-03-13 16:00:00+00:00,1.20679,1.20804,1.20664,1.20782,13291.0
2026-03-13 17:00:00+00:00,1.20782,1.20854,1.20778,1.20824,9658.0
2026-03-13 18:00:00+00:00,1.20826,1.2093,1.20816,1.20916,8430.0
2026-03-13 19:00:00+00:00,1.20918,1.20918,1.20862,1.20884,7125.0
2026-03-13 20:00:00+00:00,1.20884,1.2092,1.20836,1.20894,4213.0
2026-03-15 21:00:00+00:00,1.20758,1.20888,1.20685,1.2081,1021.0
2026-03-15 22:00:00+00:00,1.2081,1.20987,1.2076,1.20797,5809.0
2026-03-15 23:00:00+00:00,1.208,1.20872,1.20777,1.20864,6111.0
2026-03-16 00:00:00+00:00,1.20866,1.2093,1.20836,1.2088,6891.0
2026-03-16 01:00:00+00:00,1.2088,1.20883,1.20724,1.20814,9133.0
2026-03-16 02:00:00+00:00,1.20814,1.2083,1.20638,1.20642,5360.0
2026-03-16 03:00:00+00:00,1.20642,1.20666,1.20544,1.20664,3936.0
2026-03-16 04:00:00+00:00,1.20664,1.20685,1.20628,1.20654,2646.0
2026-03-16 05:00:00+00:00,1.20654,1.20829,1.20652,1.20784,4222.0
2026-03-16 06:00:00+00:00,1.20786,1.20872,1.20778,1.20857,4604.0
2026-03-16 07:00:00+00:00,1.20859,1.20871,1.20774,1.2078,5307.0
2026-03-16 08:00:00+00:00,1.20782,1.20782,1.2069,1.2071,8402.0
2026-03-16 09:00:00+00:00,1.20708,1.20716,1.20626,1.20642,6778.0
2026-03-16 10:00:00+00:00,1.2064,1.20764,1.20608,1.20732,5324.0
2026-03-16 11:00:00+00:00,1.20733,1.20752,1.20678,1.20712,4834.0
2026-03-16 12:00:00+00:00,1.20712,1.20744,1.20672,1.20704,6128.0
2026-03-16 13:00:00+00:00,1.20706,1.2079,1.20698,1.2076,8953.0
2026-03-16 14:00:00+00:00,1.2076,1.20824,1.207,1.20732,9215.0
2026-03-16 15:00:00+00:00,1.20731,1.20749,1.20642,1.20692,7224.0
2026-03-16 16:00:00+00:00,1.20695,1.20712,1.20648,1.20693,10444.0
2026-03-16 17:00:00+00:00,1.20692,1.207,1.20623,1.2063,8975.0
2026-03-16 18:00:00+00:00,1.20648,1.20675,1.20601,1.20671,6097.0
2026-03-16 19:00:00+00:00,1.2067,1.20712,1.20651,1.20686,7774.0
2026-03-16 20:00:00+00:00,1.20688,1.20694,1.20632,1.20652,2336.0
2026-03-16 21:00:00+00:00,1.20664,1.20736,1.20622,1.20736,1811.0
2026-03-16 22:00:00+00:00,1.20743,1.2075,1.20662,1.20746,1373.0
2026-03-16 23:00:00+00:00,1.20746,1.20772,1.20724,1.20746,1585.0
2026-03-17 00:00:00+00:00,1.20749,1.20832,1.20734,1.20812,2253.0
2026-03-17 01:00:00+00:00,1.20811,1.21014,1.20794,1.2101,2684.0
2026-03-17 02:00:00+00:00,1.21008,1.21064,1.20986,1.21032,2818.0
2026-03-17 03:00:00+00:00,1.21034,1.21218,1.2062,1.20924,6015.0
2026-03-17 04:00:00+00:00,1.2092,1.21089,1.20828,1.21082,4403.0
2026-03-17 05:00:00+00:00,1.21082,1.21452,1.21082,1.21292,3842.0
2026-03-17 06:00:00+00:00,1.21285,1.21492,1.21256,1.21409,4750.0
2026-03-17 07:00:00+00:00,1.21408,1.21422,1.21308,1.21326,3177.0
2026-03-17 08:00:00+00:00,1.21326,1.21396,1.21276,1.21329,4103.0
2026-03-17 09:00:00+00:00,1.21328,1.2137,1.21286,1.21328,1726.0
2026-03-17 10:00:00+00:00,1.21327,1.21375,1.21294,1.21367,2805.0
2026-03-17 11:00:00+00:00,1.21368,1.21374,1.21214,1.21236,4147.0
2026-03-17 12:00:00+00:00,1.21233,1.21338,1.21225,1.21306,5408.0
2026-03-17 13:00:00+00:00,1.21308,1.2141,1.21301,1.2136,6658.0
2026-03-17 14:00:00+00:00,1.21361,1.21388,1.21248,1.21268,5906.0
2026-03-17 15:00:00+00:00,1.21267,1.21268,1.21171,1.2121,9470.0
2026-03-17 16:00:00+00:00,1.2121,1.2126,1.21205,1.2122,10396.0
2026-03-17 17:00:00+00:00,1.21218,1.21266,1.21216,1.21244,6256.0
2026-03-17 18:00:00+00:00,1.21238,1.21249,1.21196,1.21223,5226.0
2026-03-17 19:00:00+00:00,1.21226,1.21302,1.21202,1.21298,3759.0
2026-03-17 20:00:00+00:00,1.21297,1.21304,1.2127,1.2128,2111.0
2026-03-17 21:00:00+00:00,1.21292,1.21385,1.2119,1.21326,4304.0
2026-03-17 22:00:00+00:00,1.21328,1.21358,1.21251,1.21321,2096.0
2026-03-17 23:00:00+00:00,1.21322,1.21362,1.21293,1.21356,3387.0
2026-03-18 00:00:00+00:00,1.21358,1.21364,1.21299,1.21309,5785.0
2026-03-18 01:00:00+00:00,1.21308,1.21404,1.21302,1.21348,5201.0
2026-03-18 02:00:00+00:00,1.2135,1.21358,1.21279,1.213,3817.0
2026-03-18 03:00:00+00:00,1.21302,1.2139,1.21294,1.21372,2605.0
2026-03-18 04:00:00+00:00,1.21374,1.21414,1.21356,1.21362,2544.0
2026-03-18 05:00:00+00:00,1.21361,1.21368,1.21292,1.21314,3356.0
2026-03-18 06:00:00+00:00,1.21316,1.21344,1.21271,1.21339,4287.0
2026-03-18 07:00:00+00:00,1.21338,1.21434,1.21332,1.21429,3637.0
2026-03-18 08:00:00+00:00,1.21428,1.21448,1.2125,1.21266,5387.0
2026-03-18 09:00:00+00:00,1.21265,1.21322,1.21265,1.213,4116.0
2026-03-18 10:00:00+00:00,1.21306,1.21308,1.21259,1.21269,3666.0
2026-03-18 11:00:00+00:00,1.2127,1.21332,1.21244,1.21279,7588.0
2026-03-18 12:00:00+00:00,1.21276,1.21296,1.21174,1.2123,12903.0
2026-03-18 13:00:00+00:00,1.21224,1.21262,1.21136,1.21192,15900.0
2026-03-18 14:00:00+00:00,1.21195,1.21218,1.21102,1.21144,12472.0
2026-03-18 15:00:00+00:00,1.21147,1.21204,1.21111,1.212,9314.0
2026-03-18 16:00:00+00:00,1.21197,1.21258,1.21162,1.21238,8282.0
2026-03-18 17:00:00+00:00,1.21237,1.21292,1.21231,1.21268,6835.0
2026-03-18 18:00:00+00:00,1.21268,1.21272,1.21148,1.21272,18718.0
2026-03-18 19:00:00+00:00,1.21271,1.21296,1.21116,1.2118,12324.0
2026-03-18 20:00:00+00:00,1.21182,1.21266,1.21166,1.21172,6235.0
2026-03-18 21:00:00+00:00,1.21171,1.21444,1.21045,1.21364,2071.0
2026-03-18 22:00:00+00:00,1.21362,1.21426,1.21332,1.21354,2745.0
2026-03-18 23:00:00+00:00,1.21351,1.21369,1.2127,1.21311,4233.0
2026-03-19 00:00:00+00:00,1.2131,1.21338,1.20938,1.2111,8771.0
2026-03-19 01:00:00+00:00,1.21112,1.21156,1.20984,1.21132,7085.0
2026-03-19 02:00:00+00:00,1.21134,1.21144,1.2101,1.21098,6399.0
2026-03-19 03:00:00+00:00,1.21095,1.21133,1.21058,1.21078,2738.0
2026-03-19 04:00:00+00:00,1.21078,1.21101,1.2096,1.20969,3187.0
2026-03-19 05:00:00+00:00,1.20968,1.2103,1.20962,1.21005,4002.0
2026-03-19 06:00:00+00:00,1.21,1.21018,1.20934,1.20992,5167.0
2026-03-19 07:00:00+00:00,1.2099,1.2106,1.20973,1.20984,8927.0
2026-03-19 08:00:00+00:00,1.20986,1.21092,1.2098,1.21064,10132.0
2026-03-19 09:00:00+00:00,1.21066,1.21264,1.21042,1.2122,13999.0
2026-03-19 10:00:00+00:00,1.2122,1.21254,1.2116,1.21238,8393.0
2026-03-19 11:00:00+00:00,1.21238,1.2126,1.21084,1.21112,6678.0
2026-03-19 12:00:00+00:00,1.21112,1.21134,1.20848,1.20869,14653.0
2026-03-19 13:00:00+00:00,1.20867,1.20892,1.20626,1.20656,20281.0
2026-03-19 14:00:00+00:00,1.20661,1.20716,1.20578,1.20683,19984.0
2026-03-19 15:00:00+00:00,1.2068,1.2073,1.20641,1.2065,14274.0
2026-03-19 16:00:00+00:00,1.2065,1.20727,1.20621,1.20701,15948.0
2026-03-19 17:00:00+00:00,1.207,1.20704,1.20578,1.20606,9624.0
2026-03-19 18:00:00+00:00,1.20606,1.20698,1.20606,1.2069,8390.0
2026-03-19 19:00:00+00:00,1.2069,1.2071,1.20589,1.20625,22610.0
2026-03-19 20:00:00+00:00,1.20626,1.20666,1.20598,1.20664,3687.0
2026-03-19 21:00:00+00:00,1.20684,1.2074,1.2055,1.20727,2051.0
2026-03-19 22:00:00+00:00,1.20692,1.20762,1.20634,1.20712,3326.0
2026-03-19 23:00:00+00:00,1.20714,1.2077,1.20624,1.2068,4067.0
2026-03-20 00:00:00+00:00,1.20681,1.20681,1.20356,1.20386,5433.0
2026-03-20 01:00:00+00:00,1.20384,1.20483,1.20332,1.20444,8769.0
2026-03-20 02:00:00+00:00,1.20441,1.2046,1.20371,1.204,5489.0
2026-03-20 03:00:00+00:00,1.20401,1.20446,1.20366,1.20391,4863.0
2026-03-20 04:00:00+00:00,1.2039,1.20528,1.2038,1.20518,3045.0
2026-03-20 05:00:00+00:00,1.20518,1.20584,1.20488,1.20542,4587.0
2026-03-20 06:00:00+00:00,1.20542,1.20567,1.20464,1.20511,4674.0
2026-03-20 07:00:00+00:00,1.20506,1.20517,1.20424,1.20428,6608.0
2026-03-20 08:00:00+00:00,1.20432,1.2049,1.20399,1.2047,7873.0
2026-03-20 09:00:00+00:00,1.20471,1.20555,1.20444,1.20494,9376.0
2026-03-20 10:00:00+00:00,1.20494,1.20545,1.20466,1.2053,9386.0
2026-03-20 11:00:00+00:00,1.2053,1.2058,1.20515,1.20574,7353.0
2026-03-20 12:00:00+00:00,1.20573,1.20628,1.20552,1.20607,9969.0
2026-03-20 13:00:00+00:00,1.20608,1.2069,1.20569,1.20592,12654.0
2026-03-20 14:00:00+00:00,1.20594,1.20622,1.20502,1.20566,17457.0
2026-03-20 15:00:00+00:00,1.20566,1.20613,1.20433,1.20438,14087.0
2026-03-20 16:00:00+00:00,1.20438,1.20522,1.20424,1.20482,10566.0
2026-03-20 17:00:00+00:00,1.20484,1.20546,1.20479,1.20532,12521.0
2026-03-20 18:00:00+00:00,1.20532,1.20532,1.20397,1.20411,9997.0
2026-03-20 19:00:00+00:00,1.2041,1.20471,1.20386,1.20432,10889.0
2026-03-20 20:00:00+00:00,1.20433,1.20498,1.20349,1.20442,6806.0
2026-03-22 21:00:00+00:00,1.2037,1.20441,1.20176,1.20258,1050.0
2026-03-22 22:00:00+00:00,1.20258,1.20371,1.20202,1.2022,4098.0
2026-03-22 23:00:00+00:00,1.20218,1.20236,1.20173,1.20191,5485.0
2026-03-23 00:00:00+00:00,1.2019,1.20205,1.20058,1.20122,11552.0
2026-03-23 01:00:00+00:00,1.20124,1.20216,1.20058,1.2014,13901.0
2026-03-23 02:00:00+00:00,1.2014,1.20194,1.20076,1.20094,8354.0
2026-03-23 03:00:00+00:00,1.20096,1.20152,1.20086,1.20139,6310.0
2026-03-23 04:00:00+00:00,1.20139,1.20146,1.20076,1.20082,4234.0
2026-03-23 05:00:00+00:00,1.20082,1.2012,1.2001,1.20014,6043.0
2026-03-23 06:00:00+00:00,1.20016,1.20125,1.20014,1.20034,9369.0
2026-03-23 07:00:00+00:00,1.20031,1.20126,1.19971,1.20078,9258.0
2026-03-23 08:00:00+00:00,1.20077,1.20226,1.20076,1.20185,12236.0
2026-03-23 09:00:00+00:00,1.2019,1.20206,1.20075,1.20096,10898.0
2026-03-23 10:00:00+00:00,1.20094,1.20116,1.19906,1.20037,9652.0
2026-03-23 11:00:00+00:00,1.2004,1.20544,1.20033,1.20209,39256.0
2026-03-23 12:00:00+00:00,1.20208,1.20229,1.20042,1.20138,24991.0
2026-03-23 13:00:00+00:00,1.20139,1.20139,1.19977,1.19992,21554.0
2026-03-23 14:00:00+00:00,1.19992,1.2008,1.19914,1.1992,21616.0
2026-03-23 15:00:00+00:00,1.19918,1.19967,1.19688,1.19691,23586.0
2026-03-23 16:00:00+00:00,1.1969,1.19773,1.19686,1.19702,21264.0
2026-03-23 17:00:00+00:00,1.19704,1.19708,1.19544,1.19554,16258.0
2026-03-23 18:00:00+00:00,1.19554,1.19598,1.19489,1.19546,13721.0
2026-03-23 19:00:00+00:00,1.19544,1.19592,1.1946,1.19534,8568.0
2026-03-23 20:00:00+00:00,1.19532,1.19724,1.195,1.19659,4344.0
2026-03-23 21:00:00+00:00,1.1969,1.19764,1.19534,1.19645,3768.0
2026-03-23 22:00:00+00:00,1.19644,1.19724,1.19564,1.19694,2616.0
2026-03-23 23:00:00+00:00,1.19696,1.19741,1.1965,1.19719,4252.0
2026-03-24 00:00:00+00:00,1.1972,1.1972,1.19478,1.19575,13530.0
2026-03-24 01:00:00+00:00,1.1958,1.1967,1.19413,1.19426,13666.0
2026-03-24 02:00:00+00:00,1.19424,1.195,1.19336,1.19396,11524.0
2026-03-24 03:00:00+00:00,1.19396,1.19486,1.19392,1.19469,6469.0
2026-03-24 04:00:00+00:00,1.1947,1.19522,1.19438,1.19497,4888.0
2026-03-24 05:00:00+00:00,1.19496,1.19569,1.19454,1.19502,9228.0
2026-03-24 06:00:00+00:00,1.195,1.19643,1.19483,1.19638,9378.0
2026-03-24 07:00:00+00:00,1.19642,1.19696,1.19452,1.19525,13677.0
2026-03-24 08:00:00+00:00,1.19524,1.1963,1.19497,1.19572,15445.0
2026-03-24 09:00:00+00:00,1.19574,1.19684,1.19528,1.19616,10354.0
2026-03-24 10:00:00+00:00,1.19618,1.19621,1.19519,1.19557,9628.0
2026-03-24 11:00:00+00:00,1.19556,1.19563,1.1946,1.19502,9465.0
2026-03-24 12:00:00+00:00,1.19502,1.19515,1.19405,1.19424,10074.0
2026-03-24 13:00:00+00:00,1.19423,1.19631,1.1942,1.1963,15473.0
2026-03-24 14:00:00+00:00,1.1963,1.19664,1.19549,1.19582,19167.0
2026-03-24 15:00:00+00:00,1.19582,1.19768,1.19517,1.19733,17271.0
2026-03-24 16:00:00+00:00,1.1973,1.19816,1.1972,1.19791,12829.0
2026-03-24 17:00:00+00:00,1.1979,1.19836,1.19718,1.19781,18133.0
2026-03-24 18:00:00+00:00,1.19781,1.19814,1.19746,1.19777,14396.0
2026-03-24 19:00:00+00:00,1.19778,1.19798,1.19736,1.1975,9703.0
2026-03-24 20:00:00+00:00,1.19751,1.19896,1.19743,1.19888,17436.0
2026-03-24 21:00:00+00:00,1.19799,1.19876,1.19687,1.19826,3773.0
2026-03-24 22:00:00+00:00,1.1983,1.1989,1.19792,1.19864,4529.0
2026-03-24 23:00:00+00:00,1.19866,1.1991,1.19812,1.19857,3538.0
2026-03-25 00:00:00+00:00,1.19856,1.19932,1.19783,1.19801,8166.0
2026-03-25 01:00:00+00:00,1.198,1.19855,1.19678,1.19791,11002.0
2026-03-25 02:00:00+00:00,1.19792,1.19813,1.19702,1.19706,6456.0
2026-03-25 03:00:00+00:00,1.19708,1.19836,1.19703,1.19826,4543.0
2026-03-25 04:00:00+00:00,1.19825,1.19931,1.19812,1.19912,3584.0
2026-03-25 05:00:00+00:00,1.19912,1.20014,1.19901,1.19968,5621.0
2026-03-25 06:00:00+00:00,1.19966,1.19972,1.1993,1.19949,5304.0
2026-03-25 07:00:00+00:00,1.19946,1.19946,1.19772,1.19798,6193.0
2026-03-25 08:00:00+00:00,1.19796,1.19908,1.1976,1.19772,10638.0
2026-03-25 09:00:00+00:00,1.19773,1.19821,1.19741,1.19782,7220.0
2026-03-25 10:00:00+00:00,1.19783,1.19792,1.19711,1.19723,6772.0
2026-03-25 11:00:00+00:00,1.19724,1.19724,1.19635,1.19638,6987.0
2026-03-25 12:00:00+00:00,1.19636,1.19676,1.19601,1.19632,12405.0
2026-03-25 13:00:00+00:00,1.19634,1.19704,1.19616,1.1962,12488.0
2026-03-25 14:00:00+00:00,1.19622,1.1972,1.19614,1.19692,13939.0
2026-03-25 15:00:00+00:00,1.19694,1.19734,1.1958,1.19733,14351.0
2026-03-25 16:00:00+00:00,1.1973,1.19736,1.19627,1.1964,10535.0
2026-03-25 17:00:00+00:00,1.19639,1.19672,1.19614,1.19624,7162.0
2026-03-25 18:00:00+00:00,1.19624,1.1967,1.19596,1.19658,5957.0
2026-03-25 19:00:00+00:00,1.19656,1.19678,1.19604,1.19636,6386.0
2026-03-25 20:00:00+00:00,1.19634,1.19682,1.19627,1.19648,2640.0
2026-03-25 21:00:00+00:00,1.19665,1.19674,1.19607,1.19608,405.0
2026-03-25 22:00:00+00:00,1.19613,1.19724,1.196,1.19664,2681.0
2026-03-25 23:00:00+00:00,1.19663,1.19671,1.19568,1.1958,3183.0
2026-03-26 00:00:00+00:00,1.19578,1.19716,1.19574,1.19622,5491.0
2026-03-26 01:00:00+00:00,1.19624,1.19678,1.196,1.19655,6715.0
2026-03-26 02:00:00+00:00,1.19656,1.19682,1.19615,1.19644,4535.0
2026-03-26 03:00:00+00:00,1.19643,1.19721,1.1964,1.19706,3825.0
2026-03-26 04:00:00+00:00,1.19705,1.19776,1.19698,1.19753,3025.0
2026-03-26 05:00:00+00:00,1.19752,1.19819,1.19726,1.19804,5291.0
2026-03-26 06:00:00+00:00,1.19808,1.199,1.19796,1.19896,4864.0
2026-03-26 07:00:00+00:00,1.19896,1.20016,1.19886,1.19971,5039.0
2026-03-26 08:00:00+00:00,1.19972,1.19988,1.19864,1.19966,8082.0
2026-03-26 09:00:00+00:00,1.19964,1.19982,1.19798,1.19816,8112.0
2026-03-26 10:00:00+00:00,1.19816,1.19835,1.19795,1.19808,5790.0
2026-03-26 11:00:00+00:00,1.19808,1.1983,1.19695,1.19711,5262.0
2026-03-26 12:00:00+00:00,1.19709,1.19725,1.195,1.19506,7028.0
2026-03-26 13:00:00+00:00,1.19506,1.19614,1.19502,1.19609,12605.0
2026-03-26 14:00:00+00:00,1.1961,1.19634,1.1955,1.19596,17650.0
2026-03-26 15:00:00+00:00,1.19598,1.19664,1.19588,1.19632,13731.0
2026-03-26 16:00:00+00:00,1.19632,1.19652,1.19596,1.19613,10744.0
2026-03-26 17:00:00+00:00,1.19614,1.19654,1.19594,1.19603,8048.0
2026-03-26 18:00:00+00:00,1.19603,1.1966,1.19603,1.19639,5961.0
2026-03-26 19:00:00+00:00,1.1964,1.19643,1.19544,1.19548,6000.0
2026-03-26 20:00:00+00:00,1.19549,1.19686,1.19506,1.19523,15840.0
2026-03-26 21:00:00+00:00,1.1962,1.19729,1.19384,1.19496,2294.0
2026-03-26 22:00:00+00:00,1.19499,1.19607,1.19499,1.19604,2447.0
2026-03-26 23:00:00+00:00,1.19603,1.19628,1.1954,1.19552,3479.0
2026-03-27 00:00:00+00:00,1.19552,1.19581,1.1942,1.1943,8867.0
2026-03-27 01:00:00+00:00,1.19429,1.19506,1.19384,1.19455,6326.0
2026-03-27 02:00:00+00:00,1.19454,1.19508,1.19442,1.19474,4287.0
2026-03-27 03:00:00+00:00,1.19475,1.19654,1.19462,1.19646,4024.0
2026-03-27 04:00:00+00:00,1.19646,1.19676,1.19612,1.19663,2893.0
2026-03-27 05:00:00+00:00,1.19666,1.19678,1.19516,1.1953,4581.0
2026-03-27 06:00:00+00:00,1.19531,1.19608,1.19492,1.19546,4274.0
2026-03-27 07:00:00+00:00,1.19547,1.19557,1.19364,1.19521,6511.0
2026-03-27 08:00:00+00:00,1.19519,1.19588,1.19438,1.19582,8894.0
2026-03-27 09:00:00+00:00,1.1958,1.19592,1.19481,1.19509,8081.0
2026-03-27 10:00:00+00:00,1.19508,1.19551,1.19481,1.19551,7289.0
2026-03-27 11:00:00+00:00,1.19552,1.19608,1.1952,1.19604,7743.0
2026-03-27 12:00:00+00:00,1.19604,1.19743,1.19592,1.19699,7670.0
2026-03-27 13:00:00+00:00,1.19699,1.19719,1.19585,1.19589,13238.0
2026-03-27 14:00:00+00:00,1.1959,1.19663,1.19577,1.19658,13756.0
2026-03-27 15:00:00+00:00,1.19657,1.19666,1.19609,1.19652,14036.0
2026-03-27 16:00:00+00:00,1.19654,1.1968,1.19614,1.19672,8589.0
2026-03-27 17:00:00+00:00,1.19672,1.1973,1.19578,1.19648,9525.0
2026-03-27 18:00:00+00:00,1.19646,1.1969,1.1964,1.19682,6971.0
2026-03-27 19:00:00+00:00,1.19681,1.19688,1.19618,1.19634,6490.0
2026-03-27 20:00:00+00:00,1.19636,1.19717,1.19572,1.19642,4166.0
2026-03-29 21:00:00+00:00,1.19476,1.19686,1.1933,1.19648,1578.0
2026-03-29 22:00:00+00:00,1.19646,1.19695,1.19481,1.1953,4989.0
2026-03-29 23:00:00+00:00,1.1953,1.19626,1.19522,1.19618,6679.0
2026-03-30 00:00:00+00:00,1.19618,1.19622,1.1951,1.19557,11469.0
2026-03-30 01:00:00+00:00,1.19558,1.19599,1.19474,1.19532,9708.0
2026-03-30 02:00:00+00:00,1.1953,1.19742,1.1953,1.197,5831.0
2026-03-30 03:00:00+00:00,1.197,1.19744,1.19645,1.19732,5115.0
2026-03-30 04:00:00+00:00,1.19731,1.19752,1.19699,1.19722,3264.0
2026-03-30 05:00:00+00:00,1.19722,1.19732,1.19634,1.19662,4792.0
2026-03-30 06:00:00+00:00,1.19662,1.19686,1.19538,1.19546,5774.0
2026-03-30 07:00:00+00:00,1.19547,1.19638,1.19534,1.1963,7574.0
2026-03-30 08:00:00+00:00,1.1963,1.19784,1.19626,1.19765,6516.0
2026-03-30 09:00:00+00:00,1.19766,1.19874,1.19758,1.19858,5808.0
2026-03-30 10:00:00+00:00,1.19858,1.19955,1.19846,1.19849,5523.0
2026-03-30 11:00:00+00:00,1.1985,1.19894,1.19815,1.1989,9135.0
2026-03-30 12:00:00+00:00,1.19892,1.19917,1.19864,1.19892,6446.0
2026-03-30 13:00:00+00:00,1.19891,1.19919,1.19797,1.19801,11145.0
2026-03-30 14:00:00+00:00,1.19802,1.19916,1.19755,1.19914,14138.0
2026-03-30 15:00:00+00:00,1.19918,1.20044,1.1988,1.19998,10188.0
2026-03-30 16:00:00+00:00,1.19998,1.20002,1.19909,1.19914,7238.0
2026-03-30 17:00:00+00:00,1.19912,1.19946,1.1989,1.19924,6336.0
2026-03-30 18:00:00+00:00,1.19925,1.19934,1.1983,1.19846,5107.0
2026-03-30 19:00:00+00:00,1.19847,1.19855,1.19784,1.19816,7084.0
2026-03-30 20:00:00+00:00,1.19816,1.19824,1.19747,1.19772,2520.0
2026-03-30 21:00:00+00:00,1.19744,1.19869,1.19656,1.19773,2024.0
2026-03-30 22:00:00+00:00,1.19772,1.19839,1.19744,1.19837,2078.0
2026-03-30 23:00:00+00:00,1.19836,1.19843,1.19733,1.19748,3830.0
2026-03-31 00:00:00+00:00,1.19747,1.19856,1.19727,1.19828,13360.0
2026-03-31 01:00:00+00:00,1.19828,1.19914,1.19813,1.19894,13779.0
2026-03-31 02:00:00+00:00,1.19892,1.19913,1.19832,1.19836,7798.0
2026-03-31 03:00:00+00:00,1.19835,1.19874,1.19796,1.19819,5452.0
2026-03-31 04:00:00+00:00,1.1982,1.1992,1.19777,1.19897,4687.0
2026-03-31 05:00:00+00:00,1.19898,1.1998,1.19877,1.19944,6641.0
2026-03-31 06:00:00+00:00,1.19946,1.19974,1.19887,1.19959,7221.0
2026-03-31 07:00:00+00:00,1.19958,1.20145,1.1994,1.2012,7983.0
2026-03-31 08:00:00+00:00,1.20123,1.2013,1.20036,1.20071,6281.0
2026-03-31 09:00:00+00:00,1.20072,1.20152,1.20062,1.20124,5835.0
2026-03-31 10:00:00+00:00,1.20123,1.20195,1.20068,1.20126,5763.0
2026-03-31 11:00:00+00:00,1.20124,1.20242,1.20112,1.20186,11795.0
2026-03-31 12:00:00+00:00,1.20187,1.20244,1.2011,1.20144,10918.0
2026-03-31 13:00:00+00:00,1.20147,1.20177,1.20012,1.20022,10964.0
2026-03-31 14:00:00+00:00,1.20016,1.20094,1.19958,1.20082,15168.0
2026-03-31 15:00:00+00:00,1.2008,1.20172,1.20046,1.20064,16093.0
2026-03-31 16:00:00+00:00,1.20062,1.20242,1.20056,1.20174,18343.0
2026-03-31 17:00:00+00:00,1.20178,1.20205,1.20092,1.2014,21528.0
2026-03-31 18:00:00+00:00,1.20102,1.20139,1.20054,1.2006,13079.0
2026-03-31 19:00:00+00:00,1.20066,1.20098,1.20045,1.20073,11576.0
2026-03-31 20:00:00+00:00,1.20074,1.20107,1.20042,1.20068,5591.0
2026-03-31 21:00:00+00:00,1.20075,1.20188,1.20008,1.20139,2894.0
2026-03-31 22:00:00+00:00,1.20138,1.20165,1.20039,1.20152,2629.0
2026-03-31 23:00:00+00:00,1.20153,1.20242,1.20132,1.20242,3244.0
