timestamp,open,high,low,close,volume
2020-01-01 22:00:00+00:00,0.67893,0.67967,0.67729,0.67908,9092.0
2020-01-02 22:00:00+00:00,0.67922,0.67958,0.67464,0.67572,11732.0
2020-01-05 22:00:00+00:00,0.67372,0.67574,0.67092,0.67177,9872.0
2020-01-06 22:00:00+00:00,0.67199,0.6725,0.66557,0.66656,11272.0
2020-01-07 22:00:00+00:00,0.6665,0.66956,0.66219,0.6686,19123.0
2020-01-08 22:00:00+00:00,0.66852,0.67014,0.66592,0.66754,8726.0
2020-01-09 22:00:00+00:00,0.66752,0.67238,0.66676,0.67126,9064.0
2020-01-12 22:00:00+00:00,0.67167,0.67346,0.66964,0.6702,7180.0
2020-01-13 22:00:00+00:00,0.67016,0.67057,0.66679,0.66777,9345.0
2020-01-14 22:00:00+00:00,0.66772,0.66804,0.66325,0.66578,8389.0
2020-01-15 22:00:00+00:00,0.6657,0.6677,0.66455,0.66558,7782.0
2020-01-16 22:00:00+00:00,0.66566,0.66742,0.66428,0.6653,7278.0
2020-01-19 22:00:00+00:00,0.66522,0.66696,0.66436,0.66545,4819.0
2020-01-20 22:00:00+00:00,0.66539,0.66642,0.66236,0.66307,8374.0
2020-01-21 22:00:00+00:00,0.66311,0.66545,0.66184,0.6624,8541.0
2020-01-22 22:00:00+00:00,0.6626,0.66608,0.66173,0.66353,11195.0
2020-01-23 22:00:00+00:00,0.66348,0.6651,0.66152,0.6629,8277.0
2020-01-26 22:00:00+00:00,0.66126,0.66189,0.65483,0.65544,9971.0
2020-01-27 22:00:00+00:00,0.65548,0.65816,0.65234,0.65808,8301.0
2020-01-28 22:00:00+00:00,0.65801,0.66028,0.65656,0.65724,9231.0
2020-01-29 22:00:00+00:00,0.65712,0.65744,0.64876,0.65162,12380.0
2020-01-30 22:00:00+00:00,0.65171,0.65289,0.64404,0.64428,12162.0
2020-02-02 22:00:00+00:00,0.64428,0.6482,0.64375,0.6465,12739.0
2020-02-03 22:00:00+00:00,0.64642,0.65354,0.64502,0.65318,11172.0
2020-02-04 22:00:00+00:00,0.65308,0.659,0.65159,0.65678,12800.0
2020-02-05 22:00:00+00:00,0.65674,0.65911,0.65578,0.65601,9905.0
2020-02-06 22:00:00+00:00,0.65608,0.65674,0.6498,0.6524,11857.0
2020-02-09 22:00:00+00:00,0.65146,0.65587,0.65102,0.65356,11566.0
2020-02-10 22:00:00+00:00,0.65349,0.65854,0.65308,0.65511,9483.0
2020-02-11 22:00:00+00:00,0.65522,0.65934,0.65472,0.65902,9400.0
2020-02-12 22:00:00+00:00,0.65907,0.6601,0.65578,0.65815,11422.0
2020-02-13 22:00:00+00:00,0.65796,0.65986,0.65707,0.65946,7165.0
2020-02-16 22:00:00+00:00,0.66,0.6614,0.65834,0.65852,4464.0
2020-02-17 22:00:00+00:00,0.65856,0.65867,0.65422,0.65758,8356.0
2020-02-18 22:00:00+00:00,0.65744,0.65964,0.65595,0.65706,7550.0
2020-02-19 22:00:00+00:00,0.65687,0.65808,0.64976,0.6509,13903.0
2020-02-20 22:00:00+00:00,0.65058,0.65174,0.64661,0.64831,12667.0
2020-02-23 22:00:00+00:00,0.64588,0.64822,0.64525,0.64666,17449.0
2020-02-24 22:00:00+00:00,0.64662,0.6487,0.64354,0.64444,17620.0
2020-02-25 22:00:00+00:00,0.64432,0.6459,0.63914,0.63932,19588.0
2020-02-26 22:00:00+00:00,0.63922,0.64004,0.63563,0.63563,23036.0
2020-02-27 22:00:00+00:00,0.63568,0.63794,0.62275,0.62858,38518.0
2020-03-01 22:00:00+00:00,0.62283,0.634,0.62252,0.62762,39038.0
2020-03-02 22:00:00+00:00,0.62752,0.63436,0.62354,0.62961,42881.0
2020-03-03 22:00:00+00:00,0.62972,0.63476,0.6283,0.63418,21659.0
2020-03-04 22:00:00+00:00,0.63374,0.63468,0.62419,0.62522,18838.0
2020-03-05 22:00:00+00:00,0.62506,0.62682,0.61848,0.62278,38655.0
2020-03-08 21:00:00+00:00,0.6161,0.61986,0.57918,0.60958,87864.0
2020-03-09 21:00:00+00:00,0.60958,0.61546,0.6035,0.61153,60825.0
2020-03-10 21:00:00+00:00,0.61153,0.61272,0.60584,0.60844,44225.0
2020-03-11 21:00:00+00:00,0.60844,0.61004,0.58726,0.5886,83432.0
2020-03-12 21:00:00+00:00,0.5886,0.60165,0.58398,0.58889,84500.0
2020-03-15 21:00:00+00:00,0.58652,0.59571,0.57541,0.57931,141786.0
2020-03-16 21:00:00+00:00,0.57931,0.58398,0.57302,0.57672,71813.0
2020-03-17 21:00:00+00:00,0.57672,0.57946,0.55568,0.55902,85805.0
2020-03-18 21:00:00+00:00,0.55902,0.58416,0.53434,0.56642,140338.0
2020-03-19 21:00:00+00:00,0.56648,0.58569,0.55982,0.57228,107922.0
2020-03-22 21:00:00+00:00,0.57152,0.57502,0.56183,0.57502,137119.0
2020-03-23 21:00:00+00:00,0.57502,0.58543,0.57248,0.5848,95241.0
2020-03-24 21:00:00+00:00,0.5848,0.59493,0.58119,0.58236,72933.0
2020-03-25 21:00:00+00:00,0.58236,0.58672,0.57278,0.584,71190.0
2020-03-26 21:00:00+00:00,0.584,0.59078,0.58057,0.58625,77521.0
2020-03-29 21:00:00+00:00,0.58736,0.59238,0.58274,0.59144,64524.0
2020-03-30 21:00:00+00:00,0.59144,0.5964,0.58435,0.58958,76353.0
2020-03-31 21:00:00+00:00,0.58958,0.59785,0.58383,0.58639,52945.0
2020-04-01 21:00:00+00:00,0.58639,0.59133,0.58354,0.59008,49050.0
2020-04-02 21:00:00+00:00,0.59012,0.59173,0.58396,0.58574,38430.0
2020-04-05 21:00:00+00:00,0.58754,0.5972,0.58537,0.59584,33224.0
2020-04-06 21:00:00+00:00,0.59584,0.60294,0.5946,0.59812,36260.0
2020-04-07 21:00:00+00:00,0.59812,0.60615,0.5946,0.60537,33397.0
2020-04-08 21:00:00+00:00,0.60537,0.6141,0.60278,0.61256,32441.0
2020-04-09 21:00:00+00:00,0.61256,0.61511,0.61064,0.61346,10207.0
2020-04-12 21:00:00+00:00,0.61276,0.6196,0.61078,0.61748,20357.0
2020-04-13 21:00:00+00:00,0.61748,0.62077,0.61438,0.61864,24792.0
2020-04-14 21:00:00+00:00,0.61864,0.6189,0.60836,0.60945,24732.0
2020-04-15 21:00:00+00:00,0.60945,0.61384,0.60652,0.61384,33684.0
2020-04-16 21:00:00+00:00,0.61384,0.61862,0.61284,0.61548,33527.0
2020-04-19 21:00:00+00:00,0.61448,0.61796,0.61317,0.61322,26168.0
2020-04-20 21:00:00+00:00,0.61329,0.61446,0.60732,0.60909,29724.0
2020-04-21 21:00:00+00:00,0.60888,0.61601,0.60845,0.61424,22348.0
2020-04-22 21:00:00+00:00,0.61435,0.62357,0.61134,0.62172,28975.0
2020-04-23 21:00:00+00:00,0.62154,0.62332,0.61958,0.62193,22049.0
2020-04-26 21:00:00+00:00,0.6209,0.63099,0.62064,0.63054,19508.0
2020-04-27 21:00:00+00:00,0.63066,0.63485,0.62798,0.63282,22160.0
2020-04-28 21:00:00+00:00,0.63294,0.63869,0.63249,0.6385,21081.0
2020-04-29 21:00:00+00:00,0.63856,0.64026,0.62826,0.62888,32260.0
2020-04-30 21:00:00+00:00,0.62876,0.62944,0.61599,0.61712,21323.0
2020-05-03 21:00:00+00:00,0.61682,0.62135,0.61346,0.62041,21375.0
2020-05-04 21:00:00+00:00,0.62046,0.62834,0.6198,0.62578,21734.0
2020-05-05 21:00:00+00:00,0.62552,0.6283,0.62362,0.62434,20544.0
2020-05-06 21:00:00+00:00,0.6244,0.63421,0.622,0.63218,22838.0
2020-05-07 21:00:00+00:00,0.63226,0.63616,0.63175,0.63424,18368.0
2020-05-10 21:00:00+00:00,0.6347,0.63656,0.62807,0.63148,21055.0
2020-05-11 21:00:00+00:00,0.63164,0.63332,0.62692,0.62742,22737.0
2020-05-12 21:00:00+00:00,0.62735,0.63136,0.6255,0.62764,28882.0
2020-05-13 21:00:00+00:00,0.6276,0.62942,0.62394,0.62878,24848.0
2020-05-14 21:00:00+00:00,0.62884,0.63006,0.62279,0.6232,21630.0
2020-05-17 21:00:00+00:00,0.62408,0.63558,0.62306,0.63363,21173.0
2020-05-18 21:00:00+00:00,0.63367,0.63909,0.63296,0.63518,22334.0
2020-05-19 21:00:00+00:00,0.63494,0.63792,0.63242,0.63654,17743.0
2020-05-20 21:00:00+00:00,0.63658,0.63874,0.63274,0.63711,19938.0
2020-05-21 21:00:00+00:00,0.63714,0.63802,0.63212,0.63488,17522.0
2020-05-24 21:00:00+00:00,0.63467,0.6363,0.63402,0.636,9430.0
2020-05-25 21:00:00+00:00,0.63615,0.6443,0.63525,0.64254,18249.0
2020-05-26 21:00:00+00:00,0.64248,0.6474,0.63688,0.64124,31023.0
2020-05-27 21:00:00+00:00,0.64118,0.64467,0.63825,0.63988,25548.0
2020-05-28 21:00:00+00:00,0.64013,0.643,0.63712,0.64088,33015.0
2020-05-31 21:00:00+00:00,0.64042,0.65425,0.63906,0.65311,27373.0
2020-06-01 21:00:00+00:00,0.65314,0.66403,0.65138,0.66382,27212.0
2020-06-02 21:00:00+00:00,0.66374,0.67114,0.66138,0.6654,37576.0
2020-06-03 21:00:00+00:00,0.66552,0.66809,0.66044,0.66341,35314.0
2020-06-04 21:00:00+00:00,0.66334,0.67432,0.66228,0.67062,34905.0
2020-06-07 21:00:00+00:00,0.67002,0.67355,0.66633,0.67232,23425.0
2020-06-08 21:00:00+00:00,0.67223,0.67396,0.65887,0.66183,28878.0
2020-06-09 21:00:00+00:00,0.66124,0.66597,0.65941,0.66056,38905.0
2020-06-10 21:00:00+00:00,0.6604,0.66147,0.64419,0.64718,45554.0
2020-06-11 21:00:00+00:00,0.64741,0.65456,0.64246,0.654,47856.0
2020-06-14 21:00:00+00:00,0.65113,0.65696,0.64579,0.6568,46461.0
2020-06-15 21:00:00+00:00,0.65656,0.662,0.65044,0.6553,44778.0
2020-06-16 21:00:00+00:00,0.65514,0.65902,0.6519,0.65312,34904.0
2020-06-17 21:00:00+00:00,0.65263,0.65498,0.64924,0.652,31335.0
2020-06-18 21:00:00+00:00,0.6519,0.65606,0.65021,0.65086,24621.0
2020-06-21 21:00:00+00:00,0.64863,0.65616,0.64863,0.65468,22004.0
2020-06-22 21:00:00+00:00,0.6546,0.65851,0.65079,0.65476,30356.0
2020-06-23 21:00:00+00:00,0.65468,0.6574,0.65042,0.65108,27968.0
2020-06-24 21:00:00+00:00,0.65114,0.65356,0.64975,0.65322,24685.0
2020-06-25 21:00:00+00:00,0.65336,0.65382,0.64936,0.65088,17951.0
2020-06-28 21:00:00+00:00,0.64999,0.65338,0.64878,0.65324,18369.0
2020-06-29 21:00:00+00:00,0.65371,0.65512,0.65035,0.65392,21006.0
2020-06-30 21:00:00+00:00,0.65386,0.65676,0.65224,0.65403,19788.0
2020-07-01 21:00:00+00:00,0.65408,0.65588,0.65294,0.65481,19206.0
2020-07-02 21:00:00+00:00,0.65434,0.65695,0.65402,0.656,15410.0
2020-07-05 21:00:00+00:00,0.65536,0.65815,0.65472,0.65707,14916.0
2020-07-06 21:00:00+00:00,0.65698,0.65854,0.65378,0.65475,17888.0
2020-07-07 21:00:00+00:00,0.6548,0.65544,0.65255,0.65502,18019.0
2020-07-08 21:00:00+00:00,0.65508,0.65602,0.65342,0.65462,22539.0
2020-07-09 21:00:00+00:00,0.65457,0.65541,0.6524,0.6541,17211.0
2020-07-12 21:00:00+00:00,0.654,0.65818,0.653,0.65352,17299.0
2020-07-13 21:00:00+00:00,0.65367,0.65598,0.65132,0.65566,21435.0
2020-07-14 21:00:00+00:00,0.6556,0.66293,0.65516,0.66179,18805.0
2020-07-15 21:00:00+00:00,0.66192,0.66304,0.65825,0.65945,18562.0
2020-07-16 21:00:00+00:00,0.65928,0.66071,0.65576,0.65654,12112.0
2020-07-19 21:00:00+00:00,0.65732,0.65901,0.6557,0.6588,15023.0
2020-07-20 21:00:00+00:00,0.65928,0.66689,0.65868,0.66522,18349.0
2020-07-21 21:00:00+00:00,0.66518,0.66872,0.66314,0.66382,24384.0
2020-07-22 21:00:00+00:00,0.66438,0.66478,0.65676,0.65682,24225.0
2020-07-23 21:00:00+00:00,0.65676,0.65848,0.65317,0.6541,23812.0
2020-07-26 21:00:00+00:00,0.65356,0.65882,0.65295,0.6577,22865.0
2020-07-27 21:00:00+00:00,0.65777,0.66032,0.65438,0.65704,23972.0
2020-07-28 21:00:00+00:00,0.65688,0.65908,0.6547,0.65594,24809.0
2020-07-29 21:00:00+00:00,0.65574,0.65662,0.64976,0.65396,25044.0
2020-07-30 21:00:00+00:00,0.65408,0.65546,0.65093,0.65242,33796.0
2020-08-02 21:00:00+00:00,0.65126,0.65588,0.65126,0.65378,24504.0
2020-08-03 21:00:00+00:00,0.65332,0.65576,0.65162,0.65402,20868.0
2020-08-04 21:00:00+00:00,0.65367,0.6573,0.65285,0.65328,21320.0
2020-08-05 21:00:00+00:00,0.65304,0.65905,0.65164,0.65828,26470.0
2020-08-06 21:00:00+00:00,0.65768,0.65966,0.65292,0.65308,26259.0
2020-08-09 21:00:00+00:00,0.65385,0.65753,0.65252,0.65456,18552.0
2020-08-10 21:00:00+00:00,0.65472,0.65754,0.65424,0.65484,21956.0
2020-08-11 21:00:00+00:00,0.65496,0.65576,0.65072,0.65326,24061.0
2020-08-12 21:00:00+00:00,0.65302,0.65432,0.64983,0.65032,19581.0
2020-08-13 21:00:00+00:00,0.6504,0.65258,0.6493,0.65189,15980.0
2020-08-16 21:00:00+00:00,0.65144,0.65438,0.65102,0.65409,13598.0
2020-08-17 21:00:00+00:00,0.65422,0.6554,0.65216,0.65458,17356.0
2020-08-18 21:00:00+00:00,0.65464,0.6603,0.6537,0.65724,23066.0
2020-08-19 21:00:00+00:00,0.65718,0.65792,0.65064,0.65286,24352.0
2020-08-20 21:00:00+00:00,0.65254,0.6551,0.65168,0.65287,20502.0
2020-08-23 21:00:00+00:00,0.65386,0.655,0.65216,0.65312,15984.0
2020-08-24 21:00:00+00:00,0.65356,0.65428,0.65052,0.65316,16921.0
2020-08-25 21:00:00+00:00,0.65328,0.65743,0.65249,0.657,16476.0
2020-08-26 21:00:00+00:00,0.65661,0.66033,0.65628,0.65995,35570.0
2020-08-27 21:00:00+00:00,0.65986,0.66616,0.65968,0.66602,27415.0
2020-08-30 21:00:00+00:00,0.6662,0.66756,0.66348,0.66658,22538.0
2020-08-31 21:00:00+00:00,0.66672,0.67116,0.66582,0.6704,29397.0
2020-09-01 21:00:00+00:00,0.67025,0.6713,0.66544,0.66822,24229.0
2020-09-02 21:00:00+00:00,0.66832,0.66896,0.66078,0.66148,24788.0
2020-09-03 21:00:00+00:00,0.66132,0.66626,0.65999,0.66518,25780.0
2020-09-06 21:00:00+00:00,0.66612,0.6676,0.66418,0.6666,11421.0
2020-09-07 21:00:00+00:00,0.66674,0.67008,0.66164,0.66216,22906.0
2020-09-08 21:00:00+00:00,0.66221,0.6655,0.66032,0.66454,20290.0
2020-09-09 21:00:00+00:00,0.6643,0.66478,0.6602,0.6609,24104.0
2020-09-10 21:00:00+00:00,0.66084,0.6642,0.66028,0.66203,15295.0
2020-09-13 21:00:00+00:00,0.66232,0.66271,0.65926,0.66214,12889.0
2020-09-14 21:00:00+00:00,0.66254,0.66566,0.66026,0.66308,15630.0
2020-09-15 21:00:00+00:00,0.66322,0.66658,0.66264,0.6644,28327.0
2020-09-16 21:00:00+00:00,0.66453,0.66612,0.6625,0.66432,26521.0
2020-09-17 21:00:00+00:00,0.66439,0.66608,0.66288,0.66464,17636.0
2020-09-20 21:00:00+00:00,0.6646,0.66628,0.6589,0.66061,23882.0
2020-09-21 21:00:00+00:00,0.66108,0.66213,0.6582,0.65944,25374.0
2020-09-22 21:00:00+00:00,0.65938,0.66029,0.65306,0.65343,24231.0
2020-09-23 21:00:00+00:00,0.65362,0.6549,0.64942,0.65302,26626.0
2020-09-24 21:00:00+00:00,0.65363,0.65634,0.65116,0.65304,19910.0
2020-09-27 21:00:00+00:00,0.65319,0.65629,0.65253,0.65372,18272.0
2020-09-28 21:00:00+00:00,0.65382,0.65825,0.65366,0.65563,16717.0
2020-09-29 21:00:00+00:00,0.65604,0.66137,0.654,0.65952,25958.0
2020-09-30 21:00:00+00:00,0.65946,0.66176,0.65835,0.65976,23658.0
2020-10-01 21:00:00+00:00,0.66005,0.66054,0.65578,0.65917,26655.0
2020-10-04 21:00:00+00:00,0.65914,0.66008,0.65674,0.6572,15279.0
2020-10-05 21:00:00+00:00,0.65707,0.6593,0.65156,0.65182,21393.0
2020-10-06 21:00:00+00:00,0.65192,0.65538,0.6513,0.65474,15782.0
2020-10-07 21:00:00+00:00,0.65482,0.6586,0.65334,0.65739,12759.0
2020-10-08 21:00:00+00:00,0.65731,0.6593,0.65578,0.65909,12560.0
2020-10-11 21:00:00+00:00,0.65772,0.65908,0.65537,0.65549,12577.0
2020-10-12 21:00:00+00:00,0.65558,0.65612,0.65196,0.65516,15821.0
2020-10-13 21:00:00+00:00,0.6554,0.65714,0.65325,0.65423,13516.0
2020-10-14 21:00:00+00:00,0.65437,0.65466,0.64546,0.64864,18668.0
2020-10-15 21:00:00+00:00,0.64876,0.64914,0.64606,0.64768,14265.0
2020-10-18 21:00:00+00:00,0.64761,0.65052,0.64258,0.64326,12184.0
2020-10-19 21:00:00+00:00,0.64337,0.64373,0.6372,0.63936,13285.0
2020-10-20 21:00:00+00:00,0.6395,0.64527,0.63915,0.6444,15791.0
2020-10-21 21:00:00+00:00,0.64426,0.64614,0.64255,0.64566,14741.0
2020-10-22 21:00:00+00:00,0.64576,0.64765,0.64358,0.64556,14564.0
2020-10-25 21:00:00+00:00,0.6462,0.64802,0.64292,0.64666,15999.0
2020-10-26 21:00:00+00:00,0.64656,0.64888,0.64598,0.64784,11840.0
2020-10-27 21:00:00+00:00,0.64773,0.65064,0.64094,0.64152,19508.0
2020-10-28 21:00:00+00:00,0.64162,0.64462,0.64024,0.64367,20749.0
2020-10-29 21:00:00+00:00,0.64358,0.64704,0.64167,0.64448,20637.0
2020-11-01 22:00:00+00:00,0.64395,0.64888,0.64138,0.64876,17173.0
2020-11-02 22:00:00+00:00,0.64856,0.65451,0.64562,0.65344,16894.0
2020-11-03 22:00:00+00:00,0.65339,0.6568,0.64677,0.65474,75152.0
2020-11-04 22:00:00+00:00,0.65426,0.65962,0.65201,0.65849,34985.0
2020-11-05 22:00:00+00:00,0.65856,0.65899,0.6524,0.65358,32607.0
2020-11-08 22:00:00+00:00,0.65473,0.66656,0.65392,0.66527,45506.0
2020-11-09 22:00:00+00:00,0.66514,0.66821,0.66335,0.66666,31879.0
2020-11-10 22:00:00+00:00,0.66655,0.67012,0.66556,0.6676,20836.0
2020-11-11 22:00:00+00:00,0.66778,0.66812,0.66118,0.6619,18247.0
2020-11-12 22:00:00+00:00,0.66154,0.66426,0.6605,0.66352,14107.0
2020-11-15 22:00:00+00:00,0.6636,0.6683,0.66312,0.66804,18637.0
2020-11-16 22:00:00+00:00,0.66824,0.66844,0.66368,0.6654,15076.0
2020-11-17 22:00:00+00:00,0.66534,0.66713,0.66297,0.6657,15547.0
2020-11-18 22:00:00+00:00,0.66599,0.66599,0.662,0.6632,17218.0
2020-11-19 22:00:00+00:00,0.66333,0.66696,0.6619,0.66542,15283.0
2020-11-22 22:00:00+00:00,0.66544,0.66778,0.66416,0.66482,14516.0
2020-11-23 22:00:00+00:00,0.66492,0.67156,0.6647,0.67077,17714.0
2020-11-24 22:00:00+00:00,0.67066,0.67152,0.66688,0.66906,17167.0
2020-11-25 22:00:00+00:00,0.66852,0.66958,0.6668,0.6673,9452.0
2020-11-26 22:00:00+00:00,0.66738,0.6699,0.66644,0.66826,11847.0
2020-11-29 22:00:00+00:00,0.66795,0.66959,0.66498,0.66755,16518.0
2020-11-30 22:00:00+00:00,0.66744,0.66873,0.66206,0.66343,16424.0
2020-12-01 22:00:00+00:00,0.66327,0.66546,0.65912,0.66358,17729.0
2020-12-02 22:00:00+00:00,0.66341,0.66444,0.66156,0.66286,15151.0
2020-12-03 22:00:00+00:00,0.66373,0.66373,0.6597,0.6623,16759.0
2020-12-06 22:00:00+00:00,0.66231,0.66292,0.65828,0.66106,15308.0
2020-12-07 22:00:00+00:00,0.661,0.66194,0.65814,0.6586,14582.0
2020-12-08 22:00:00+00:00,0.65868,0.66528,0.65827,0.66202,14910.0
2020-12-09 22:00:00+00:00,0.66219,0.66894,0.66043,0.66758,19516.0
2020-12-10 22:00:00+00:00,0.66764,0.67174,0.66648,0.67035,15785.0
2020-12-13 22:00:00+00:00,0.6709,0.67226,0.66796,0.66818,13932.0
2020-12-14 22:00:00+00:00,0.66779,0.67067,0.66546,0.66926,13646.0
2020-12-15 22:00:00+00:00,0.66918,0.67123,0.66808,0.67068,18334.0
2020-12-16 22:00:00+00:00,0.67088,0.67525,0.67007,0.67424,14452.0
2020-12-17 22:00:00+00:00,0.6745,0.67499,0.67096,0.67303,14126.0
2020-12-20 22:00:00+00:00,0.67092,0.6732,0.66534,0.672,30981.0
2020-12-21 22:00:00+00:00,0.67228,0.6723,0.6677,0.66904,20229.0
2020-12-22 22:00:00+00:00,0.66919,0.67488,0.66856,0.67306,20151.0
2020-12-23 22:00:00+00:00,0.67331,0.67798,0.67258,0.67657,12325.0
2020-12-27 22:00:00+00:00,0.67636,0.67806,0.6725,0.67378,16380.0
2020-12-28 22:00:00+00:00,0.67369,0.6748,0.67187,0.67245,14055.0
2020-12-29 22:00:00+00:00,0.67259,0.67902,0.67197,0.67738,16590.0
2020-12-30 22:00:00+00:00,0.67731,0.68282,0.67667,0.6807,17050.0
2021-01-03 22:00:00+00:00,0.68068,0.68262,0.67352,0.67546,26969.0
2021-01-04 22:00:00+00:00,0.67558,0.68287,0.67522,0.68162,25077.0
2021-01-05 22:00:00+00:00,0.68174,0.68706,0.68018,0.68544,37948.0
2021-01-06 22:00:00+00:00,0.68556,0.68822,0.68328,0.6878,27247.0
2021-01-07 22:00:00+00:00,0.68764,0.68971,0.68586,0.68698,34363.0
2021-01-10 22:00:00+00:00,0.687,0.68777,0.68344,0.6852,27561.0
2021-01-11 22:00:00+00:00,0.6853,0.68936,0.68505,0.68894,22470.0
2021-01-12 22:00:00+00:00,0.689,0.68946,0.68586,0.68642,20219.0
2021-01-13 22:00:00+00:00,0.68682,0.69164,0.68622,0.69083,23193.0
2021-01-14 22:00:00+00:00,0.69098,0.69144,0.68342,0.68642,21518.0
2021-01-17 22:00:00+00:00,0.68658,0.68694,0.68278,0.68428,16883.0
2021-01-18 22:00:00+00:00,0.6842,0.68754,0.68336,0.68392,17595.0
2021-01-19 22:00:00+00:00,0.68398,0.6905,0.68356,0.68919,18196.0
2021-01-20 22:00:00+00:00,0.68914,0.69113,0.68638,0.68718,19563.0
2021-01-21 22:00:00+00:00,0.6871,0.68766,0.68185,0.68319,18496.0
2021-01-24 22:00:00+00:00,0.68347,0.68602,0.6822,0.68533,21690.0
2021-01-25 22:00:00+00:00,0.68524,0.68785,0.6821,0.68716,17110.0
2021-01-26 22:00:00+00:00,0.68695,0.68804,0.67993,0.68116,27976.0
2021-01-27 22:00:00+00:00,0.68122,0.68329,0.67536,0.6822,30445.0
2021-01-28 22:00:00+00:00,0.6823,0.68398,0.67923,0.68083,31894.0
2021-01-31 22:00:00+00:00,0.67838,0.68546,0.67832,0.68358,24652.0
2021-02-01 22:00:00+00:00,0.68368,0.68647,0.68025,0.68261,21451.0
2021-02-02 22:00:00+00:00,0.68268,0.68572,0.68246,0.68494,16706.0
2021-02-03 22:00:00+00:00,0.6851,0.68864,0.68484,0.68733,17003.0
2021-02-04 22:00:00+00:00,0.68725,0.69036,0.68592,0.6903,16647.0
2021-02-07 22:00:00+00:00,0.68973,0.69352,0.68928,0.69204,14321.0
2021-02-08 22:00:00+00:00,0.69222,0.69324,0.68914,0.69052,14802.0
2021-02-09 22:00:00+00:00,0.69064,0.69102,0.68708,0.6875,17064.0
2021-02-10 22:00:00+00:00,0.68742,0.69148,0.68688,0.69002,11365.0
2021-02-11 22:00:00+00:00,0.68996,0.69236,0.68863,0.69216,11199.0
2021-02-14 22:00:00+00:00,0.6926,0.69386,0.69174,0.69268,9354.0
2021-02-15 22:00:00+00:00,0.69276,0.69369,0.69078,0.69225,16182.0
2021-02-16 22:00:00+00:00,0.69197,0.69688,0.69105,0.6966,18537.0
2021-02-17 22:00:00+00:00,0.69666,0.69826,0.69408,0.69602,16799.0
2021-02-18 22:00:00+00:00,0.69626,0.70579,0.69565,0.70542,16721.0
2021-02-21 22:00:00+00:00,0.70592,0.71004,0.70486,0.70946,20086.0
2021-02-22 22:00:00+00:00,0.7093,0.71675,0.70824,0.71616,19634.0
2021-02-23 22:00:00+00:00,0.7163,0.7228,0.71499,0.72232,25338.0
2021-02-24 22:00:00+00:00,0.72226,0.72604,0.71207,0.71226,35277.0
2021-02-25 22:00:00+00:00,0.71297,0.71343,0.6996,0.70009,48159.0
2021-02-28 22:00:00+00:00,0.7005,0.71246,0.7002,0.71114,26588.0
2021-03-01 22:00:00+00:00,0.71134,0.71688,0.7085,0.7152,25417.0
2021-03-02 22:00:00+00:00,0.71542,0.71778,0.71374,0.7152,24477.0
2021-03-03 22:00:00+00:00,0.71534,0.72286,0.71322,0.71712,38329.0
2021-03-04 22:00:00+00:00,0.71735,0.71794,0.70875,0.71552,39306.0
2021-03-07 22:00:00+00:00,0.71492,0.71877,0.7134,0.71647,28813.0
2021-03-08 22:00:00+00:00,0.71586,0.71977,0.71428,0.71608,27487.0
2021-03-09 22:00:00+00:00,0.7158,0.71962,0.71356,0.71922,24495.0
2021-03-10 22:00:00+00:00,0.71913,0.72243,0.71777,0.72005,21070.0
2021-03-11 22:00:00+00:00,0.72019,0.72206,0.71884,0.7215,21420.0
2021-03-14 21:00:00+00:00,0.72109,0.72177,0.71634,0.71924,18473.0
2021-03-15 21:00:00+00:00,0.71976,0.71978,0.71492,0.71636,17600.0
2021-03-16 21:00:00+00:00,0.71622,0.72028,0.71416,0.71938,22683.0
2021-03-17 21:00:00+00:00,0.71946,0.72414,0.71918,0.71964,28555.0
2021-03-18 21:00:00+00:00,0.71944,0.72118,0.71715,0.71908,24151.0
2021-03-21 21:00:00+00:00,0.71738,0.7191,0.71488,0.71522,18125.0
2021-03-22 21:00:00+00:00,0.71505,0.7172,0.7095,0.71204,18504.0
2021-03-23 21:00:00+00:00,0.71206,0.71374,0.70892,0.70933,18865.0
2021-03-24 21:00:00+00:00,0.70939,0.71291,0.70912,0.71268,20739.0
2021-03-25 21:00:00+00:00,0.71204,0.71816,0.71174,0.71704,15883.0
2021-03-28 21:00:00+00:00,0.71728,0.71946,0.71546,0.71703,16481.0
2021-03-29 21:00:00+00:00,0.71634,0.71986,0.71472,0.71582,17325.0
2021-03-30 21:00:00+00:00,0.71578,0.71891,0.71526,0.71676,16760.0
2021-03-31 21:00:00+00:00,0.71671,0.7184,0.71237,0.71742,19225.0
2021-04-01 21:00:00+00:00,0.71811,0.71916,0.71575,0.71746,9431.0
2021-04-04 21:00:00+00:00,0.71768,0.7191,0.71612,0.71644,11054.0
2021-04-05 21:00:00+00:00,0.71676,0.71764,0.71324,0.7134,14906.0
2021-04-06 21:00:00+00:00,0.71347,0.7149,0.7067,0.70772,17554.0
2021-04-07 21:00:00+00:00,0.7086,0.7102,0.70621,0.70729,16120.0
2021-04-08 21:00:00+00:00,0.708,0.708,0.70222,0.70434,15999.0
2021-04-11 21:00:00+00:00,0.70466,0.70575,0.7023,0.70304,13760.0
2021-04-12 21:00:00+00:00,0.7033,0.70529,0.70186,0.70376,17586.0
2021-04-13 21:00:00+00:00,0.7038,0.71376,0.70258,0.71282,16232.0
2021-04-14 21:00:00+00:00,0.71294,0.71648,0.71178,0.71498,17864.0
2021-04-15 21:00:00+00:00,0.7151,0.71592,0.71068,0.71167,14952.0
2021-04-18 21:00:00+00:00,0.71106,0.71274,0.70922,0.7099,16136.0
2021-04-19 21:00:00+00:00,0.71032,0.71441,0.70663,0.708,17002.0
2021-04-20 21:00:00+00:00,0.70816,0.71168,0.7062,0.7109,16345.0
2021-04-21 21:00:00+00:00,0.71076,0.71158,0.7062,0.7062,19058.0
2021-04-22 21:00:00+00:00,0.7065,0.70964,0.70598,0.70784,16728.0
2021-04-25 21:00:00+00:00,0.70736,0.71434,0.70718,0.7131,15659.0
2021-04-26 21:00:00+00:00,0.71298,0.71421,0.70873,0.70972,14668.0
2021-04-27 21:00:00+00:00,0.7096,0.71038,0.70688,0.70894,20758.0
2021-04-28 21:00:00+00:00,0.7086,0.71018,0.70514,0.70598,18462.0
2021-04-29 21:00:00+00:00,0.70591,0.70763,0.70324,0.70416,19715.0
2021-05-02 21:00:00+00:00,0.70456,0.70784,0.70406,0.70714,15237.0
2021-05-03 21:00:00+00:00,0.70702,0.7089,0.70142,0.70424,29467.0
2021-05-04 21:00:00+00:00,0.70411,0.70799,0.70411,0.70718,14878.0
2021-05-05 21:00:00+00:00,0.70713,0.70877,0.70342,0.7064,17241.0
2021-05-06 21:00:00+00:00,0.70608,0.70851,0.70408,0.70637,23137.0
2021-05-09 21:00:00+00:00,0.70835,0.7099,0.70512,0.70593,23949.0
2021-05-10 21:00:00+00:00,0.70582,0.70912,0.70455,0.70884,21738.0
2021-05-11 21:00:00+00:00,0.70892,0.70914,0.70128,0.70247,28941.0
2021-05-12 21:00:00+00:00,0.70261,0.70352,0.6984,0.70032,25116.0
2021-05-13 21:00:00+00:00,0.7005,0.70264,0.6978,0.70096,18359.0
2021-05-16 21:00:00+00:00,0.70084,0.7026,0.69752,0.7015,15938.0
2021-05-17 21:00:00+00:00,0.7012,0.70333,0.69826,0.69958,15657.0
2021-05-18 21:00:00+00:00,0.69953,0.7005,0.69677,0.69825,28916.0
2021-05-19 21:00:00+00:00,0.69861,0.70098,0.69736,0.69774,18079.0
2021-05-20 21:00:00+00:00,0.6977,0.69874,0.69338,0.69444,18471.0
2021-05-23 21:00:00+00:00,0.69448,0.69572,0.69116,0.69534,15209.0
2021-05-24 21:00:00+00:00,0.69526,0.69608,0.69352,0.69412,18007.0
2021-05-25 21:00:00+00:00,0.6938,0.69736,0.69346,0.69526,17805.0
2021-05-26 21:00:00+00:00,0.69464,0.6973,0.69336,0.6945,18578.0
2021-05-27 21:00:00+00:00,0.69428,0.69554,0.69291,0.6941,17543.0
2021-05-30 21:00:00+00:00,0.69378,0.69728,0.69329,0.69519,9743.0
2021-05-31 21:00:00+00:00,0.69528,0.69786,0.69386,0.6957,14638.0
2021-06-01 21:00:00+00:00,0.69482,0.69724,0.69352,0.69613,12962.0
2021-06-02 21:00:00+00:00,0.69602,0.69631,0.69169,0.6921,15586.0
2021-06-03 21:00:00+00:00,0.69147,0.69642,0.69147,0.69592,17114.0
2021-06-06 21:00:00+00:00,0.69542,0.69835,0.69484,0.69604,10434.0
2021-06-07 21:00:00+00:00,0.69614,0.69676,0.69292,0.69398,12877.0
2021-06-08 21:00:00+00:00,0.69394,0.69532,0.69174,0.69268,9908.0
2021-06-09 21:00:00+00:00,0.69234,0.69531,0.69207,0.69366,17878.0
2021-06-10 21:00:00+00:00,0.69388,0.69558,0.69158,0.69191,11909.0
2021-06-13 21:00:00+00:00,0.69256,0.69444,0.69162,0.69367,11147.0
2021-06-14 21:00:00+00:00,0.69397,0.69416,0.68964,0.69058,12973.0
2021-06-15 21:00:00+00:00,0.6903,0.69374,0.68949,0.69153,25867.0
2021-06-16 21:00:00+00:00,0.69138,0.69532,0.69073,0.69301,26924.0
2021-06-17 21:00:00+00:00,0.69211,0.694,0.69004,0.69011,29068.0
2021-06-20 21:00:00+00:00,0.69022,0.69336,0.68848,0.692,24050.0
2021-06-21 21:00:00+00:00,0.69162,0.6942,0.68936,0.69356,18395.0
2021-06-22 21:00:00+00:00,0.6933,0.6963,0.69254,0.69564,17857.0
2021-06-23 21:00:00+00:00,0.69656,0.69702,0.69526,0.6961,15693.0
2021-06-24 21:00:00+00:00,0.69602,0.6974,0.6956,0.69611,14855.0
2021-06-27 21:00:00+00:00,0.69588,0.69825,0.69504,0.69592,14647.0
2021-06-28 21:00:00+00:00,0.69587,0.6962,0.69144,0.6919,14306.0
2021-06-29 21:00:00+00:00,0.6918,0.69462,0.69154,0.6937,16198.0
2021-06-30 21:00:00+00:00,0.69374,0.69458,0.69071,0.69172,18424.0
2021-07-01 21:00:00+00:00,0.69136,0.69336,0.68998,0.69284,21282.0
2021-07-04 21:00:00+00:00,0.69342,0.69488,0.6924,0.69455,10954.0
2021-07-05 21:00:00+00:00,0.69439,0.70028,0.69202,0.69288,22803.0
2021-07-06 21:00:00+00:00,0.69264,0.69522,0.69152,0.69265,21859.0
2021-07-07 21:00:00+00:00,0.69259,0.69332,0.67817,0.68,26056.0
2021-07-08 21:00:00+00:00,0.6804,0.68511,0.67829,0.68426,16733.0
2021-07-11 21:00:00+00:00,0.68391,0.686,0.68182,0.6843,13785.0
2021-07-12 21:00:00+00:00,0.6842,0.6863,0.68303,0.68412,18708.0
2021-07-13 21:00:00+00:00,0.68408,0.68618,0.6828,0.6841,17875.0
2021-07-14 21:00:00+00:00,0.68426,0.68536,0.68087,0.68122,17614.0
2021-07-15 21:00:00+00:00,0.68128,0.68432,0.6799,0.68056,16316.0
2021-07-18 21:00:00+00:00,0.68066,0.68094,0.67186,0.67426,22694.0
2021-07-19 21:00:00+00:00,0.67412,0.67584,0.67179,0.67534,20128.0
2021-07-20 21:00:00+00:00,0.67554,0.67631,0.67228,0.6751,14634.0
2021-07-21 21:00:00+00:00,0.6753,0.67905,0.67385,0.67827,17969.0
2021-07-22 21:00:00+00:00,0.67862,0.68046,0.67688,0.6773,12784.0
2021-07-25 21:00:00+00:00,0.67754,0.67812,0.67338,0.67602,14603.0
2021-07-26 21:00:00+00:00,0.67629,0.67646,0.6719,0.67302,17858.0
2021-07-27 21:00:00+00:00,0.67338,0.67462,0.6699,0.67117,25792.0
2021-07-28 21:00:00+00:00,0.67111,0.67299,0.66933,0.67028,14102.0
2021-07-29 21:00:00+00:00,0.67019,0.67082,0.66424,0.6649,16455.0
2021-08-01 21:00:00+00:00,0.66475,0.6679,0.66416,0.66646,13062.0
2021-08-02 21:00:00+00:00,0.6669,0.67059,0.66536,0.66856,14351.0
2021-08-03 21:00:00+00:00,0.66823,0.67204,0.66798,0.66912,14023.0
2021-08-04 21:00:00+00:00,0.66917,0.67247,0.6686,0.6715,12141.0
2021-08-05 21:00:00+00:00,0.67144,0.67342,0.66994,0.67326,15372.0
2021-08-08 21:00:00+00:00,0.67311,0.67548,0.67133,0.67482,13337.0
2021-08-09 21:00:00+00:00,0.67428,0.6785,0.6732,0.67824,11232.0
2021-08-10 21:00:00+00:00,0.67826,0.68049,0.67656,0.67984,13463.0
2021-08-11 21:00:00+00:00,0.68002,0.68009,0.67723,0.67758,9308.0
2021-08-12 21:00:00+00:00,0.67737,0.67852,0.67438,0.67469,8777.0
2021-08-15 21:00:00+00:00,0.67523,0.67539,0.66746,0.66954,11224.0
2021-08-16 21:00:00+00:00,0.66948,0.66992,0.66242,0.66365,16543.0
2021-08-17 21:00:00+00:00,0.66336,0.66514,0.66186,0.66334,17698.0
2021-08-18 21:00:00+00:00,0.66332,0.66474,0.6544,0.65656,21968.0
2021-08-19 21:00:00+00:00,0.6566,0.6572,0.65134,0.65456,16253.0
2021-08-22 21:00:00+00:00,0.65292,0.65946,0.65292,0.65786,14587.0
2021-08-23 21:00:00+00:00,0.65802,0.66306,0.65746,0.66259,11730.0
2021-08-24 21:00:00+00:00,0.66206,0.66526,0.66154,0.66486,12395.0
2021-08-25 21:00:00+00:00,0.6649,0.66687,0.66354,0.66426,14823.0
2021-08-26 21:00:00+00:00,0.66414,0.6676,0.66296,0.66636,17265.0
2021-08-29 21:00:00+00:00,0.66609,0.6698,0.66456,0.66923,10136.0
2021-08-30 21:00:00+00:00,0.66877,0.67194,0.66648,0.66954,17625.0
2021-08-31 21:00:00+00:00,0.66939,0.67515,0.66906,0.67456,14298.0
2021-09-01 21:00:00+00:00,0.6744,0.6783,0.6734,0.67662,11016.0
2021-09-02 21:00:00+00:00,0.67659,0.68217,0.67576,0.6814,18860.0
2021-09-05 21:00:00+00:00,0.68152,0.68201,0.67939,0.6808,12373.0
2021-09-06 21:00:00+00:00,0.68086,0.68254,0.67589,0.67932,16454.0
2021-09-07 21:00:00+00:00,0.6794,0.68048,0.67561,0.67918,17062.0
2021-09-08 21:00:00+00:00,0.67936,0.67938,0.67508,0.67548,16974.0
2021-09-09 21:00:00+00:00,0.67575,0.67936,0.67475,0.67519,13747.0
2021-09-12 21:00:00+00:00,0.67494,0.67998,0.6744,0.67972,41710.0
2021-09-13 21:00:00+00:00,0.6799,0.68012,0.67252,0.67369,16681.0
2021-09-14 21:00:00+00:00,0.67322,0.67464,0.67077,0.67454,14686.0
2021-09-15 21:00:00+00:00,0.67448,0.67802,0.67282,0.67656,16025.0
2021-09-16 21:00:00+00:00,0.67602,0.67896,0.67566,0.67788,15603.0
2021-09-19 21:00:00+00:00,0.67683,0.6776,0.6708,0.67292,18401.0
2021-09-20 21:00:00+00:00,0.67256,0.67511,0.66638,0.66797,18792.0
2021-09-21 21:00:00+00:00,0.66788,0.67296,0.66712,0.67082,33106.0
2021-09-22 21:00:00+00:00,0.6704,0.67519,0.66941,0.67462,19401.0
2021-09-23 21:00:00+00:00,0.67426,0.67644,0.66936,0.6704,15445.0
2021-09-26 21:00:00+00:00,0.67086,0.6754,0.67045,0.67466,17574.0
2021-09-27 21:00:00+00:00,0.6746,0.67744,0.6707,0.67271,24549.0
2021-09-28 21:00:00+00:00,0.67276,0.67478,0.66906,0.67064,21899.0
2021-09-29 21:00:00+00:00,0.67038,0.67664,0.67038,0.67324,24728.0
2021-09-30 21:00:00+00:00,0.67342,0.67686,0.66942,0.67568,25330.0
2021-10-03 21:00:00+00:00,0.67526,0.67737,0.67205,0.67355,20265.0
2021-10-04 21:00:00+00:00,0.67371,0.67722,0.67158,0.67678,17139.0
2021-10-05 21:00:00+00:00,0.67659,0.67728,0.67185,0.67438,24295.0
2021-10-06 21:00:00+00:00,0.67436,0.67957,0.67429,0.67934,16089.0
2021-10-07 21:00:00+00:00,0.67872,0.68038,0.6768,0.6777,22126.0
2021-10-10 21:00:00+00:00,0.67813,0.68337,0.67665,0.68166,14695.0
2021-10-11 21:00:00+00:00,0.68184,0.68588,0.67998,0.6841,16745.0
2021-10-12 21:00:00+00:00,0.68426,0.68438,0.68082,0.6817,19303.0
2021-10-13 21:00:00+00:00,0.68186,0.68566,0.68084,0.68494,13421.0
2021-10-14 21:00:00+00:00,0.68508,0.68706,0.68424,0.6851,15610.0
2021-10-17 21:00:00+00:00,0.68598,0.68666,0.68162,0.68473,16597.0
2021-10-18 21:00:00+00:00,0.68486,0.69064,0.68418,0.68977,14764.0
2021-10-19 21:00:00+00:00,0.68968,0.69328,0.6889,0.69077,14620.0
2021-10-20 21:00:00+00:00,0.69068,0.69328,0.68527,0.68562,16565.0
2021-10-21 21:00:00+00:00,0.68568,0.68871,0.68354,0.68408,18718.0
2021-10-24 21:00:00+00:00,0.68438,0.68947,0.6839,0.68919,15965.0
2021-10-25 21:00:00+00:00,0.68931,0.69212,0.68794,0.69008,14093.0
2021-10-26 21:00:00+00:00,0.69044,0.69315,0.68714,0.69015,18354.0
2021-10-27 21:00:00+00:00,0.69026,0.69181,0.68724,0.68797,22384.0
2021-10-28 21:00:00+00:00,0.68772,0.68924,0.6853,0.68848,20690.0
2021-10-31 21:00:00+00:00,0.68793,0.68956,0.68344,0.68395,13599.0
2021-11-01 21:00:00+00:00,0.68388,0.68592,0.67852,0.67957,16575.0
2021-11-02 21:00:00+00:00,0.6797,0.68106,0.67697,0.6791,24573.0
2021-11-03 21:00:00+00:00,0.67932,0.6808,0.67454,0.67524,16687.0
2021-11-04 21:00:00+00:00,0.67547,0.67792,0.67318,0.67496,18919.0
2021-11-07 22:00:00+00:00,0.67498,0.6796,0.67415,0.67814,12386.0
2021-11-08 22:00:00+00:00,0.67826,0.6786,0.67142,0.6723,16511.0
2021-11-09 22:00:00+00:00,0.67238,0.67486,0.67112,0.67276,22897.0
2021-11-10 22:00:00+00:00,0.67266,0.67399,0.66984,0.6717,15243.0
2021-11-11 22:00:00+00:00,0.6715,0.67565,0.67119,0.67534,13338.0
2021-11-14 22:00:00+00:00,0.67468,0.67985,0.67432,0.67966,13588.0
2021-11-15 22:00:00+00:00,0.67977,0.68132,0.6784,0.67942,17303.0
2021-11-16 22:00:00+00:00,0.67918,0.67998,0.6741,0.67462,17228.0
2021-11-17 22:00:00+00:00,0.67496,0.67708,0.6716,0.67358,16837.0
2021-11-18 22:00:00+00:00,0.6738,0.67578,0.66965,0.67136,22270.0
2021-11-21 22:00:00+00:00,0.67228,0.67545,0.6715,0.6742,18835.0
2021-11-22 22:00:00+00:00,0.67436,0.67497,0.67122,0.67448,20967.0
2021-11-23 22:00:00+00:00,0.67416,0.67608,0.67148,0.67202,20077.0
2021-11-24 22:00:00+00:00,0.6724,0.67316,0.67034,0.67282,10509.0
2021-11-25 22:00:00+00:00,0.673,0.67391,0.65568,0.65751,35996.0
2021-11-28 22:00:00+00:00,0.65974,0.6628,0.65668,0.65914,20381.0
2021-11-29 22:00:00+00:00,0.65916,0.66012,0.6526,0.65469,34275.0
2021-11-30 22:00:00+00:00,0.65585,0.66016,0.6532,0.6543,24752.0
2021-12-01 22:00:00+00:00,0.65368,0.65554,0.65066,0.65278,21079.0
2021-12-02 22:00:00+00:00,0.65246,0.65367,0.64188,0.64234,25273.0
2021-12-05 22:00:00+00:00,0.64288,0.65292,0.64256,0.6526,15775.0
2021-12-06 22:00:00+00:00,0.65254,0.65976,0.65106,0.65844,15661.0
2021-12-07 22:00:00+00:00,0.659,0.66147,0.65718,0.66023,19210.0
2021-12-08 22:00:00+00:00,0.66041,0.66211,0.65824,0.66022,13072.0
2021-12-09 22:00:00+00:00,0.66011,0.66292,0.65885,0.66039,14140.0
2021-12-12 22:00:00+00:00,0.66082,0.66164,0.65571,0.65814,11372.0
2021-12-13 22:00:00+00:00,0.65818,0.6586,0.65392,0.65678,12163.0
2021-12-14 22:00:00+00:00,0.6561,0.66352,0.65564,0.66316,23584.0
2021-12-15 22:00:00+00:00,0.66342,0.66749,0.65914,0.66052,25565.0
2021-12-16 22:00:00+00:00,0.66018,0.66106,0.65699,0.65859,16153.0
2021-12-19 22:00:00+00:00,0.65908,0.65929,0.65379,0.65512,16287.0
2021-12-20 22:00:00+00:00,0.6551,0.6612,0.65418,0.6606,12530.0
2021-12-21 22:00:00+00:00,0.66097,0.66441,0.65816,0.66334,11562.0
2021-12-22 22:00:00+00:00,0.66356,0.66731,0.66158,0.66524,10854.0
2021-12-23 22:00:00+00:00,0.66568,0.66587,0.6628,0.6635,13825.0
2021-12-26 22:00:00+00:00,0.6642,0.66588,0.66227,0.66434,7787.0
2021-12-27 22:00:00+00:00,0.66444,0.66551,0.66246,0.66299,8280.0
2021-12-28 22:00:00+00:00,0.66319,0.66499,0.66185,0.66306,10953.0
2021-12-29 22:00:00+00:00,0.66304,0.66634,0.66248,0.66254,10400.0
2021-12-30 22:00:00+00:00,0.66224,0.66434,0.66074,0.66302,11906.0
2022-01-02 22:00:00+00:00,0.66207,0.66448,0.65979,0.66072,13670.0
2022-01-03 22:00:00+00:00,0.661,0.66405,0.66004,0.6633,13377.0
2022-01-04 22:00:00+00:00,0.66316,0.66572,0.66156,0.66248,16360.0
2022-01-05 22:00:00+00:00,0.66197,0.66268,0.65644,0.65987,17229.0
2022-01-06 22:00:00+00:00,0.65996,0.66128,0.65785,0.65958,15681.0
2022-01-09 22:00:00+00:00,0.6596,0.66554,0.6591,0.66518,16863.0
2022-01-10 22:00:00+00:00,0.66527,0.66668,0.66348,0.66588,15625.0
2022-01-11 22:00:00+00:00,0.66596,0.66781,0.66434,0.6659,17564.0
2022-01-12 22:00:00+00:00,0.6662,0.6679,0.66288,0.66338,17068.0
2022-01-13 22:00:00+00:00,0.66349,0.6639,0.65769,0.65901,19461.0
2022-01-16 22:00:00+00:00,0.65924,0.66069,0.65838,0.65908,12326.0
2022-01-17 22:00:00+00:00,0.65926,0.6602,0.65704,0.6591,20692.0
2022-01-18 22:00:00+00:00,0.65935,0.66318,0.65742,0.66048,17525.0
2022-01-19 22:00:00+00:00,0.6608,0.66591,0.66006,0.6629,18657.0
2022-01-20 22:00:00+00:00,0.6625,0.663,0.6539,0.65434,22480.0
2022-01-23 22:00:00+00:00,0.65412,0.65642,0.64842,0.65318,24624.0
2022-01-24 22:00:00+00:00,0.65242,0.65853,0.65218,0.6566,22030.0
2022-01-25 22:00:00+00:00,0.65604,0.66102,0.65582,0.65766,28410.0
2022-01-26 22:00:00+00:00,0.65722,0.65976,0.65328,0.655,25416.0
2022-01-27 22:00:00+00:00,0.65465,0.6558,0.64928,0.65126,24694.0
2022-01-30 22:00:00+00:00,0.6512,0.65877,0.65073,0.65508,19523.0
2022-01-31 22:00:00+00:00,0.65538,0.65712,0.65181,0.65663,20654.0
2022-02-01 22:00:00+00:00,0.65692,0.6582,0.65431,0.65594,17069.0
2022-02-02 22:00:00+00:00,0.65567,0.65832,0.65424,0.65697,26096.0
2022-02-03 22:00:00+00:00,0.6567,0.65794,0.65174,0.65502,24703.0
2022-02-06 22:00:00+00:00,0.65535,0.65852,0.65386,0.6581,17375.0
2022-02-07 22:00:00+00:00,0.65857,0.66129,0.65677,0.66116,15378.0
2022-02-08 22:00:00+00:00,0.66089,0.66415,0.66072,0.66358,12199.0
2022-02-09 22:00:00+00:00,0.6637,0.66916,0.6617,0.66329,29159.0
2022-02-10 22:00:00+00:00,0.66304,0.66517,0.65896,0.65947,39260.0
2022-02-13 22:00:00+00:00,0.65968,0.66117,0.65496,0.65914,92403.0
2022-02-14 22:00:00+00:00,0.65886,0.66225,0.6562,0.66176,63048.0
2022-02-15 22:00:00+00:00,0.66168,0.66494,0.66106,0.66353,55417.0
2022-02-16 22:00:00+00:00,0.66355,0.66512,0.65954,0.66142,105877.0
2022-02-17 22:00:00+00:00,0.66122,0.6662,0.66003,0.66143,72936.0
2022-02-20 22:00:00+00:00,0.66143,0.66466,0.65824,0.65834,69718.0
2022-02-21 22:00:00+00:00,0.65851,0.66608,0.65692,0.66526,98780.0
2022-02-22 22:00:00+00:00,0.66506,0.66942,0.66363,0.66419,51023.0
2022-02-23 22:00:00+00:00,0.66389,0.66408,0.6581,0.66272,193454.0
2022-02-24 22:00:00+00:00,0.66314,0.67108,0.66,0.66922,107182.0
2022-02-27 22:00:00+00:00,0.66644,0.66756,0.66409,0.66604,130259.0
2022-02-28 22:00:00+00:00,0.66574,0.66932,0.6652,0.6665,86850.0
2022-03-01 22:00:00+00:00,0.66598,0.67274,0.66502,0.67154,92389.0
2022-03-02 22:00:00+00:00,0.67144,0.67522,0.67038,0.67222,79247.0
2022-03-03 22:00:00+00:00,0.6723,0.6784,0.67083,0.67636,108559.0
2022-03-06 22:00:00+00:00,0.67648,0.68615,0.67548,0.67686,141300.0
2022-03-07 22:00:00+00:00,0.67737,0.68011,0.67347,0.67564,142957.0
2022-03-08 22:00:00+00:00,0.67524,0.68084,0.67482,0.67837,84035.0
2022-03-09 22:00:00+00:00,0.67812,0.68529,0.67636,0.68458,96119.0
2022-03-10 22:00:00+00:00,0.684,0.68481,0.67978,0.68163,80549.0
2022-03-13 21:00:00+00:00,0.68102,0.68254,0.6741,0.67462,75247.0
2022-03-14 21:00:00+00:00,0.67645,0.67948,0.67314,0.67735,78866.0
2022-03-15 21:00:00+00:00,0.67692,0.6861,0.6756,0.68585,107187.0
2022-03-16 21:00:00+00:00,0.68546,0.69181,0.68534,0.69112,80032.0
2022-03-17 21:00:00+00:00,0.6913,0.69414,0.68857,0.69085,65457.0
2022-03-20 21:00:00+00:00,0.69104,0.69232,0.68595,0.69088,64100.0
2022-03-21 21:00:00+00:00,0.69069,0.69718,0.68984,0.69677,66174.0
2022-03-22 21:00:00+00:00,0.6968,0.69982,0.69554,0.69788,65991.0
2022-03-23 21:00:00+00:00,0.69769,0.70088,0.69608,0.6989,73986.0
2022-03-24 21:00:00+00:00,0.69867,0.70058,0.69488,0.69922,74045.0
2022-03-27 21:00:00+00:00,0.69867,0.7069,0.69828,0.70015,89731.0
2022-03-28 21:00:00+00:00,0.69967,0.70277,0.696,0.69892,107541.0
2022-03-29 21:00:00+00:00,0.69913,0.70055,0.69237,0.6935,93297.0
2022-03-30 21:00:00+00:00,0.69307,0.69432,0.69004,0.6906,90827.0
2022-03-31 21:00:00+00:00,0.69024,0.69613,0.68954,0.69413,76732.0
2022-04-03 21:00:00+00:00,0.69358,0.6995,0.69247,0.69908,56812.0
2022-04-04 21:00:00+00:00,0.69881,0.70883,0.6977,0.70429,73290.0
2022-04-05 21:00:00+00:00,0.70436,0.70946,0.6992,0.70086,88316.0
2022-04-06 21:00:00+00:00,0.7008,0.70185,0.69634,0.69862,73958.0
2022-04-07 21:00:00+00:00,0.69852,0.70026,0.69562,0.69688,64665.0
2022-04-10 21:00:00+00:00,0.6954,0.69717,0.69006,0.69088,66207.0
2022-04-11 21:00:00+00:00,0.69052,0.69697,0.68969,0.69531,76660.0
2022-04-12 21:00:00+00:00,0.69542,0.69701,0.69126,0.69674,68240.0
2022-04-13 21:00:00+00:00,0.69618,0.70018,0.69451,0.69904,76107.0
2022-04-14 21:00:00+00:00,0.69896,0.6996,0.69674,0.69736,165399.0
2022-04-17 21:00:00+00:00,0.69775,0.69846,0.69358,0.6946,56097.0
2022-04-18 21:00:00+00:00,0.69384,0.70271,0.6935,0.70244,72763.0
2022-04-19 21:00:00+00:00,0.7021,0.70693,0.70176,0.70674,81529.0
2022-04-20 21:00:00+00:00,0.70682,0.70784,0.70199,0.7027,86214.0
2022-04-21 21:00:00+00:00,0.70268,0.70345,0.69218,0.69326,79155.0
2022-04-24 21:00:00+00:00,0.69344,0.69434,0.68227,0.68908,115145.0
2022-04-25 21:00:00+00:00,0.68828,0.69302,0.68524,0.68569,92823.0
2022-04-26 21:00:00+00:00,0.68532,0.69265,0.68506,0.69066,107071.0
2022-04-27 21:00:00+00:00,0.68904,0.69394,0.68689,0.68993,125015.0
2022-04-28 21:00:00+00:00,0.68986,0.69732,0.68694,0.68731,107195.0
2022-05-01 21:00:00+00:00,0.6862,0.69058,0.68536,0.6895,96465.0
2022-05-02 21:00:00+00:00,0.68952,0.69864,0.68876,0.69447,90126.0
2022-05-03 21:00:00+00:00,0.69408,0.70478,0.69408,0.7023,80675.0
2022-05-04 21:00:00+00:00,0.71328,0.71358,0.69918,0.7007,107776.0
2022-05-05 21:00:00+00:00,0.70034,0.70282,0.69585,0.69959,156663.0
2022-05-08 21:00:00+00:00,0.69796,0.69882,0.68963,0.69053,134269.0
2022-05-09 21:00:00+00:00,0.69079,0.69466,0.68612,0.69116,150229.0
2022-05-10 21:00:00+00:00,0.69112,0.69667,0.688,0.68985,173841.0
2022-05-11 21:00:00+00:00,0.68981,0.69123,0.68313,0.68757,140446.0
2022-05-12 21:00:00+00:00,0.68828,0.69574,0.68749,0.6955,112609.0
2022-05-15 21:00:00+00:00,0.69446,0.69932,0.68936,0.6983,121418.0
2022-05-16 21:00:00+00:00,0.69874,0.70234,0.69446,0.69844,113623.0
2022-05-17 21:00:00+00:00,0.69843,0.70049,0.68688,0.68739,96785.0
2022-05-18 21:00:00+00:00,0.68762,0.69214,0.68074,0.68566,155400.0
2022-05-19 21:00:00+00:00,0.68701,0.68834,0.67986,0.6868,114321.0
2022-05-22 21:00:00+00:00,0.68758,0.69242,0.6849,0.68646,104074.0
2022-05-23 21:00:00+00:00,0.68662,0.68671,0.67714,0.68288,104086.0
2022-05-24 21:00:00+00:00,0.68202,0.68512,0.67706,0.68198,112204.0
2022-05-25 21:00:00+00:00,0.68184,0.68333,0.67891,0.6807,90365.0
2022-05-26 21:00:00+00:00,0.68038,0.68567,0.6798,0.68555,78038.0
2022-05-29 21:00:00+00:00,0.68522,0.68961,0.68438,0.68905,58499.0
2022-05-30 21:00:00+00:00,0.68956,0.69175,0.68654,0.68865,95205.0
2022-05-31 21:00:00+00:00,0.68808,0.69447,0.68794,0.69116,88144.0
2022-06-01 21:00:00+00:00,0.69098,0.6967,0.68649,0.69592,83994.0
2022-06-02 21:00:00+00:00,0.6961,0.69703,0.69348,0.69385,77644.0
2022-06-05 21:00:00+00:00,0.6942,0.69981,0.69121,0.69834,68023.0
2022-06-06 21:00:00+00:00,0.6983,0.70412,0.69606,0.70346,95748.0
2022-06-07 21:00:00+00:00,0.70359,0.70458,0.7009,0.70374,86939.0
2022-06-08 21:00:00+00:00,0.70338,0.70438,0.6937,0.69556,108525.0
2022-06-09 21:00:00+00:00,0.69579,0.70158,0.69442,0.69606,122541.0
2022-06-12 21:00:00+00:00,0.69556,0.69754,0.69017,0.6905,154810.0
2022-06-13 21:00:00+00:00,0.69041,0.69396,0.68408,0.68822,157815.0
2022-06-14 21:00:00+00:00,0.68852,0.69852,0.688,0.69634,181957.0
2022-06-15 21:00:00+00:00,0.69623,0.70024,0.67436,0.68143,155521.0
2022-06-16 21:00:00+00:00,0.68112,0.68198,0.67056,0.67262,130621.0
2022-06-19 21:00:00+00:00,0.6727,0.67564,0.67037,0.67272,75263.0
2022-06-20 21:00:00+00:00,0.67266,0.67511,0.67106,0.67374,78572.0
2022-06-21 21:00:00+00:00,0.67363,0.67369,0.66475,0.66567,93355.0
2022-06-22 21:00:00+00:00,0.66554,0.66628,0.66046,0.66294,102072.0
2022-06-23 21:00:00+00:00,0.6624,0.66616,0.65937,0.66514,89215.0
2022-06-26 21:00:00+00:00,0.66547,0.66581,0.66142,0.66223,81440.0
2022-06-27 21:00:00+00:00,0.66208,0.6654,0.66091,0.66116,84372.0
2022-06-28 21:00:00+00:00,0.6611,0.66202,0.65383,0.6568,93626.0
2022-06-29 21:00:00+00:00,0.657,0.66118,0.65452,0.65934,101703.0
2022-06-30 21:00:00+00:00,0.65939,0.65944,0.651,0.65416,108652.0
2022-07-03 21:00:00+00:00,0.65488,0.66108,0.65122,0.65998,58353.0
2022-07-04 21:00:00+00:00,0.66001,0.6626,0.6536,0.65842,103870.0
2022-07-05 21:00:00+00:00,0.65846,0.66295,0.65628,0.65836,124938.0
2022-07-06 21:00:00+00:00,0.65776,0.6673,0.65654,0.66644,91618.0
2022-07-07 21:00:00+00:00,0.66534,0.67104,0.66375,0.66926,103259.0
2022-07-10 21:00:00+00:00,0.6684,0.66988,0.65962,0.66224,91193.0
2022-07-11 21:00:00+00:00,0.66196,0.66526,0.6602,0.66336,100259.0
2022-07-12 21:00:00+00:00,0.66388,0.66529,0.6594,0.66143,132857.0
2022-07-13 21:00:00+00:00,0.6612,0.66718,0.65946,0.66388,131294.0
2022-07-14 21:00:00+00:00,0.66438,0.66597,0.65909,0.66314,101395.0
2022-07-17 21:00:00+00:00,0.6633,0.66798,0.66288,0.66592,83072.0
2022-07-18 21:00:00+00:00,0.66612,0.66928,0.6653,0.66845,91123.0
2022-07-19 21:00:00+00:00,0.66784,0.67154,0.66758,0.66912,82627.0
2022-07-20 21:00:00+00:00,0.66887,0.67077,0.66674,0.6704,115994.0
2022-07-21 21:00:00+00:00,0.67031,0.67104,0.66524,0.6658,102326.0
2022-07-24 21:00:00+00:00,0.66708,0.67172,0.66342,0.67096,77852.0
2022-07-25 21:00:00+00:00,0.67063,0.67262,0.66722,0.66814,65076.0
2022-07-26 21:00:00+00:00,0.66797,0.67217,0.6654,0.67117,89404.0
2022-07-27 21:00:00+00:00,0.67112,0.67234,0.66536,0.66754,95772.0
2022-07-28 21:00:00+00:00,0.66824,0.66935,0.66254,0.66502,90139.0
2022-07-31 21:00:00+00:00,0.66646,0.66909,0.66358,0.66734,74275.0
2022-08-01 21:00:00+00:00,0.66684,0.66825,0.6582,0.66237,107348.0
2022-08-02 21:00:00+00:00,0.66269,0.66859,0.66008,0.66744,93852.0
2022-08-03 21:00:00+00:00,0.66766,0.67086,0.66532,0.66548,80139.0
2022-08-04 21:00:00+00:00,0.66554,0.66745,0.66185,0.66475,86814.0
2022-08-07 21:00:00+00:00,0.66484,0.66948,0.66408,0.66717,62339.0
2022-08-08 21:00:00+00:00,0.66684,0.66798,0.66344,0.66424,54774.0
2022-08-09 21:00:00+00:00,0.66414,0.66924,0.66096,0.66744,75255.0
2022-08-10 21:00:00+00:00,0.66766,0.6697,0.66682,0.66888,72538.0
2022-08-11 21:00:00+00:00,0.6689,0.67148,0.66772,0.67045,69792.0
2022-08-14 21:00:00+00:00,0.67034,0.67105,0.66162,0.66457,60223.0
2022-08-15 21:00:00+00:00,0.66394,0.66792,0.66245,0.66678,69268.0
2022-08-16 21:00:00+00:00,0.66698,0.66728,0.65858,0.66012,89041.0
2022-08-17 21:00:00+00:00,0.66035,0.66373,0.65786,0.66171,74556.0
2022-08-18 21:00:00+00:00,0.66134,0.66319,0.65798,0.65952,66636.0
2022-08-21 21:00:00+00:00,0.65884,0.66408,0.65849,0.66346,64642.0
2022-08-22 21:00:00+00:00,0.66306,0.66927,0.66138,0.66804,82487.0
2022-08-23 21:00:00+00:00,0.66802,0.66844,0.66436,0.66799,75556.0
2022-08-24 21:00:00+00:00,0.66772,0.6728,0.66736,0.67235,78730.0
2022-08-25 21:00:00+00:00,0.67213,0.67338,0.66528,0.66584,92967.0
2022-08-28 21:00:00+00:00,0.66552,0.6696,0.66244,0.66816,81549.0
2022-08-29 21:00:00+00:00,0.66823,0.67506,0.66542,0.66788,97725.0
2022-08-30 21:00:00+00:00,0.6676,0.67272,0.66689,0.66913,85327.0
2022-08-31 21:00:00+00:00,0.66866,0.67036,0.66565,0.6665,99788.0
2022-09-01 21:00:00+00:00,0.66637,0.67278,0.66496,0.66812,92641.0
2022-09-04 21:00:00+00:00,0.6658,0.66852,0.66546,0.66604,72060.0
2022-09-05 21:00:00+00:00,0.66614,0.66752,0.66236,0.66304,97538.0
2022-09-06 21:00:00+00:00,0.6625,0.66317,0.65934,0.66088,89581.0
2022-09-07 21:00:00+00:00,0.66116,0.66149,0.65316,0.655,116708.0
2022-09-08 21:00:00+00:00,0.65524,0.65971,0.65463,0.65754,85927.0
2022-09-11 21:00:00+00:00,0.65542,0.65872,0.65465,0.65705,81889.0
2022-09-12 21:00:00+00:00,0.6569,0.66038,0.64664,0.64754,93614.0
2022-09-13 21:00:00+00:00,0.64706,0.64966,0.64481,0.64929,110274.0
2022-09-14 21:00:00+00:00,0.64933,0.65168,0.64286,0.6444,75072.0
2022-09-15 21:00:00+00:00,0.6445,0.64856,0.64242,0.64822,89639.0
2022-09-18 21:00:00+00:00,0.64758,0.64902,0.6449,0.6486,64961.0
2022-09-19 21:00:00+00:00,0.64881,0.64979,0.64374,0.645,82339.0
2022-09-20 21:00:00+00:00,0.64533,0.64606,0.64074,0.64097,130151.0
2022-09-21 21:00:00+00:00,0.64054,0.65304,0.63408,0.64922,148710.0
2022-09-22 21:00:00+00:00,0.64962,0.65008,0.64026,0.6409,120486.0
2022-09-25 21:00:00+00:00,0.64134,0.64447,0.63876,0.64122,188746.0
2022-09-26 21:00:00+00:00,0.64146,0.64394,0.63556,0.63834,130770.0
2022-09-27 21:00:00+00:00,0.63762,0.6396,0.63216,0.6366,161729.0
2022-09-28 21:00:00+00:00,0.6366,0.63736,0.63318,0.63397,146751.0
2022-09-29 21:00:00+00:00,0.63391,0.63657,0.63064,0.63228,157740.0
2022-10-02 21:00:00+00:00,0.63144,0.64766,0.63092,0.64669,135635.0
2022-10-03 21:00:00+00:00,0.6466,0.64802,0.63368,0.63684,136633.0
2022-10-04 21:00:00+00:00,0.63828,0.63954,0.63238,0.63834,123621.0
2022-10-05 21:00:00+00:00,0.63791,0.64122,0.63312,0.63499,139699.0
2022-10-06 21:00:00+00:00,0.63431,0.63684,0.63226,0.6331,120853.0
2022-10-09 21:00:00+00:00,0.6326,0.63376,0.62733,0.62974,106068.0
2022-10-10 21:00:00+00:00,0.6296,0.63006,0.62435,0.62535,134840.0
2022-10-11 21:00:00+00:00,0.62586,0.62726,0.6215,0.62625,140072.0
2022-10-12 21:00:00+00:00,0.62668,0.63078,0.6212,0.63059,145056.0
2022-10-13 21:00:00+00:00,0.62948,0.63332,0.62303,0.6239,152355.0
2022-10-16 21:00:00+00:00,0.62416,0.62827,0.62334,0.62672,111027.0
2022-10-17 21:00:00+00:00,0.62654,0.62968,0.62471,0.62718,111575.0
2022-10-18 21:00:00+00:00,0.62792,0.63212,0.62697,0.62988,112310.0
2022-10-19 21:00:00+00:00,0.62952,0.636,0.62672,0.63012,121113.0
2022-10-20 21:00:00+00:00,0.63023,0.63774,0.62938,0.63706,189871.0
2022-10-23 21:00:00+00:00,0.63686,0.63844,0.6286,0.63168,182101.0
2022-10-24 21:00:00+00:00,0.63206,0.6377,0.63077,0.63589,107098.0
2022-10-25 21:00:00+00:00,0.6369,0.64216,0.63402,0.64077,124509.0
2022-10-26 21:00:00+00:00,0.64094,0.6428,0.63735,0.63937,140938.0
2022-10-27 21:00:00+00:00,0.63952,0.64059,0.63738,0.63876,122665.0
2022-10-30 21:00:00+00:00,0.6381,0.64108,0.63751,0.6409,96567.0
2022-10-31 21:00:00+00:00,0.64028,0.6448,0.63797,0.63943,120485.0
2022-11-01 21:00:00+00:00,0.63892,0.64377,0.63687,0.63692,136575.0
2022-11-02 21:00:00+00:00,0.6371,0.6389,0.63467,0.63737,116258.0
2022-11-03 21:00:00+00:00,0.63762,0.64542,0.63654,0.64342,147567.0
2022-11-06 22:00:00+00:00,0.64119,0.64236,0.63818,0.6404,112798.0
2022-11-07 22:00:00+00:00,0.6407,0.64461,0.63932,0.64138,98282.0
2022-11-08 22:00:00+00:00,0.64004,0.64178,0.63266,0.63282,123046.0
2022-11-09 22:00:00+00:00,0.63349,0.63916,0.62998,0.63782,148197.0
2022-11-10 22:00:00+00:00,0.63811,0.64195,0.63038,0.63112,139761.0
2022-11-13 22:00:00+00:00,0.63153,0.63499,0.62928,0.63204,121419.0
2022-11-14 22:00:00+00:00,0.63328,0.64095,0.63125,0.63828,178784.0
2022-11-15 22:00:00+00:00,0.63736,0.63956,0.63494,0.63687,143602.0
2022-11-16 22:00:00+00:00,0.63636,0.6372,0.63116,0.63708,116573.0
2022-11-17 22:00:00+00:00,0.63684,0.64084,0.63505,0.6373,96518.0
2022-11-20 22:00:00+00:00,0.63632,0.63748,0.63142,0.63346,93750.0
2022-11-21 22:00:00+00:00,0.63332,0.63536,0.63022,0.6329,76691.0
2022-11-22 22:00:00+00:00,0.63275,0.63484,0.6308,0.63464,97880.0
2022-11-23 22:00:00+00:00,0.63466,0.63959,0.63406,0.63812,75281.0
2022-11-24 22:00:00+00:00,0.6385,0.63978,0.63604,0.63876,95550.0
2022-11-27 22:00:00+00:00,0.63592,0.63765,0.63017,0.63124,100249.0
2022-11-28 22:00:00+00:00,0.63129,0.64082,0.63076,0.63796,105625.0
2022-11-29 22:00:00+00:00,0.6366,0.6427,0.63636,0.64166,116667.0
2022-11-30 22:00:00+00:00,0.64166,0.6443,0.6372,0.6383,137893.0
2022-12-01 22:00:00+00:00,0.63814,0.6395,0.63462,0.63658,120976.0
2022-12-04 22:00:00+00:00,0.63645,0.64048,0.63086,0.63144,97494.0
2022-12-05 22:00:00+00:00,0.63048,0.63516,0.62928,0.6301,91886.0
2022-12-06 22:00:00+00:00,0.62972,0.63362,0.6279,0.63263,103510.0
2022-12-07 22:00:00+00:00,0.63258,0.63554,0.63116,0.63382,83410.0
2022-12-08 22:00:00+00:00,0.6341,0.63547,0.63076,0.63528,98255.0
2022-12-11 22:00:00+00:00,0.6348,0.63578,0.63014,0.6316,70683.0
2022-12-12 22:00:00+00:00,0.63157,0.63906,0.63099,0.63648,109831.0
2022-12-13 22:00:00+00:00,0.63624,0.6377,0.63032,0.63454,126995.0
2022-12-14 22:00:00+00:00,0.63371,0.63481,0.6216,0.6222,104782.0
2022-12-15 22:00:00+00:00,0.62222,0.625,0.61996,0.62466,91747.0
2022-12-18 22:00:00+00:00,0.62574,0.62666,0.62226,0.62232,70684.0
2022-12-19 22:00:00+00:00,0.62274,0.62448,0.61614,0.61884,125789.0
2022-12-20 22:00:00+00:00,0.61884,0.62234,0.61727,0.62174,93208.0
2022-12-21 22:00:00+00:00,0.62162,0.62552,0.61986,0.62108,78469.0
2022-12-22 22:00:00+00:00,0.62131,0.62782,0.62042,0.62659,93761.0
2022-12-26 22:00:00+00:00,0.62696,0.63034,0.62506,0.62585,74883.0
2022-12-27 22:00:00+00:00,0.62438,0.63046,0.62438,0.62618,72759.0
2022-12-28 22:00:00+00:00,0.62532,0.62644,0.6203,0.62574,69166.0
2022-12-29 22:00:00+00:00,0.62552,0.63076,0.62318,0.6304,91358.0
2023-01-01 22:00:00+00:00,0.63012,0.63129,0.62718,0.62921,75374.0
2023-01-02 22:00:00+00:00,0.62971,0.63282,0.62634,0.62959,103742.0
2023-01-03 22:00:00+00:00,0.63002,0.63861,0.62892,0.63574,106910.0
2023-01-04 22:00:00+00:00,0.63518,0.63607,0.63102,0.63208,96789.0
2023-01-05 22:00:00+00:00,0.63272,0.63878,0.63171,0.63796,110972.0
2023-01-08 22:00:00+00:00,0.63824,0.64234,0.63641,0.637,90092.0
2023-01-09 22:00:00+00:00,0.63681,0.63784,0.6336,0.63622,93510.0
2023-01-10 22:00:00+00:00,0.63485,0.64395,0.63485,0.64324,75962.0
2023-01-11 22:00:00+00:00,0.6426,0.6484,0.64241,0.64627,139571.0
2023-01-12 22:00:00+00:00,0.64664,0.64978,0.64374,0.64632,96836.0
2023-01-15 22:00:00+00:00,0.64637,0.6478,0.64352,0.64426,83012.0
2023-01-16 22:00:00+00:00,0.64414,0.64638,0.63842,0.64412,106834.0
2023-01-17 22:00:00+00:00,0.6442,0.64736,0.63548,0.63613,141370.0
2023-01-18 22:00:00+00:00,0.63571,0.63638,0.63006,0.633,105938.0
2023-01-19 22:00:00+00:00,0.63288,0.64208,0.63266,0.64122,87759.0
2023-01-22 22:00:00+00:00,0.64096,0.6496,0.64021,0.64787,94644.0
2023-01-23 22:00:00+00:00,0.64818,0.65206,0.64554,0.64992,76228.0
2023-01-24 22:00:00+00:00,0.64962,0.6572,0.64872,0.65202,89620.0
2023-01-25 22:00:00+00:00,0.65188,0.65497,0.6509,0.65473,96905.0
2023-01-26 22:00:00+00:00,0.65348,0.65676,0.65348,0.65489,75027.0
2023-01-29 22:00:00+00:00,0.654,0.65592,0.6505,0.65306,79611.0
2023-01-30 22:00:00+00:00,0.65322,0.65338,0.6455,0.64626,85560.0
2023-01-31 22:00:00+00:00,0.64618,0.64956,0.64536,0.64842,102511.0
2023-02-01 22:00:00+00:00,0.64863,0.65007,0.64518,0.64622,105383.0
2023-02-02 22:00:00+00:00,0.64588,0.64688,0.64076,0.641,99003.0
2023-02-05 22:00:00+00:00,0.64108,0.64294,0.63574,0.63892,81305.0
2023-02-06 22:00:00+00:00,0.63866,0.64404,0.6377,0.64156,117327.0
2023-02-07 22:00:00+00:00,0.64156,0.64288,0.6371,0.63765,76417.0
2023-02-08 22:00:00+00:00,0.63809,0.64272,0.63736,0.63968,73953.0
2023-02-09 22:00:00+00:00,0.63958,0.6418,0.63824,0.6391,84291.0
2023-02-12 22:00:00+00:00,0.63964,0.64148,0.63779,0.64044,68702.0
2023-02-13 22:00:00+00:00,0.64107,0.64441,0.638,0.64392,130569.0
2023-02-14 22:00:00+00:00,0.64362,0.64409,0.63506,0.63775,88957.0
2023-02-15 22:00:00+00:00,0.63797,0.63954,0.63414,0.63686,98325.0
2023-02-16 22:00:00+00:00,0.63644,0.63728,0.63444,0.63568,80550.0
2023-02-19 22:00:00+00:00,0.6358,0.63941,0.63506,0.63795,62269.0
2023-02-20 22:00:00+00:00,0.63793,0.63876,0.63494,0.63608,83479.0
2023-02-21 22:00:00+00:00,0.63561,0.63674,0.63181,0.63378,86138.0
2023-02-22 22:00:00+00:00,0.63348,0.63737,0.63297,0.6358,68087.0
2023-02-23 22:00:00+00:00,0.63549,0.63704,0.63078,0.63308,78962.0
2023-02-26 22:00:00+00:00,0.63294,0.6338,0.62922,0.63058,60918.0
2023-02-27 22:00:00+00:00,0.63058,0.63408,0.62904,0.63395,64309.0
2023-02-28 22:00:00+00:00,0.63414,0.63609,0.63102,0.63513,81032.0
2023-03-01 22:00:00+00:00,0.63444,0.63579,0.63244,0.6342,75282.0
2023-03-02 22:00:00+00:00,0.63396,0.63534,0.63297,0.6337,72505.0
2023-03-05 22:00:00+00:00,0.63256,0.63352,0.62648,0.62653,63107.0
2023-03-06 22:00:00+00:00,0.62614,0.62778,0.61955,0.62033,89207.0
2023-03-07 22:00:00+00:00,0.61945,0.62304,0.61924,0.62032,67757.0
2023-03-08 22:00:00+00:00,0.62074,0.62212,0.61426,0.61454,58597.0
2023-03-09 22:00:00+00:00,0.61529,0.6156,0.60552,0.60648,134051.0
2023-03-12 21:00:00+00:00,0.60828,0.6118,0.60276,0.6081,200384.0
2023-03-13 21:00:00+00:00,0.60812,0.61196,0.60498,0.61087,131923.0
2023-03-14 21:00:00+00:00,0.61046,0.61814,0.60889,0.61794,171823.0
2023-03-15 21:00:00+00:00,0.61735,0.62057,0.61439,0.61855,156356.0
2023-03-16 21:00:00+00:00,0.61864,0.6231,0.61794,0.62074,102883.0
2023-03-19 21:00:00+00:00,0.62239,0.62444,0.61716,0.62434,108512.0
2023-03-20 21:00:00+00:00,0.62316,0.62494,0.61294,0.61524,81729.0
2023-03-21 21:00:00+00:00,0.61517,0.61897,0.61284,0.613,94035.0
2023-03-22 21:00:00+00:00,0.61366,0.61786,0.6111,0.61284,90223.0
2023-03-23 21:00:00+00:00,0.61273,0.61425,0.60886,0.61122,92951.0
2023-03-26 21:00:00+00:00,0.61066,0.61201,0.60804,0.60894,71198.0
2023-03-27 21:00:00+00:00,0.60913,0.61746,0.60879,0.61694,59343.0
2023-03-28 21:00:00+00:00,0.61734,0.61761,0.61158,0.61382,56672.0
2023-03-29 21:00:00+00:00,0.6146,0.61597,0.61121,0.61315,55268.0
2023-03-30 21:00:00+00:00,0.61258,0.61494,0.60988,0.61178,61110.0
2023-04-02 21:00:00+00:00,0.61272,0.61992,0.6103,0.61938,75739.0
2023-04-03 21:00:00+00:00,0.61974,0.62018,0.60985,0.61178,68544.0
2023-04-04 21:00:00+00:00,0.61174,0.61411,0.60452,0.60939,58719.0
2023-04-05 21:00:00+00:00,0.609,0.60964,0.60244,0.6036,46163.0
2023-04-06 21:00:00+00:00,0.60368,0.60527,0.60202,0.60414,51019.0
2023-04-09 21:00:00+00:00,0.60264,0.60514,0.6026,0.604,50610.0
2023-04-10 21:00:00+00:00,0.60184,0.60608,0.6006,0.601,47090.0
2023-04-11 21:00:00+00:00,0.60134,0.60355,0.59816,0.59991,52695.0
2023-04-12 21:00:00+00:00,0.59959,0.60354,0.59864,0.60352,50108.0
2023-04-13 21:00:00+00:00,0.6034,0.60441,0.59918,0.59988,53275.0
2023-04-16 21:00:00+00:00,0.59999,0.60268,0.59818,0.60232,46027.0
2023-04-17 21:00:00+00:00,0.6019,0.60498,0.60161,0.60299,44958.0
2023-04-18 21:00:00+00:00,0.6028,0.60421,0.60182,0.60261,47893.0
2023-04-19 21:00:00+00:00,0.6036,0.60481,0.60052,0.6017,48200.0
2023-04-20 21:00:00+00:00,0.60209,0.60232,0.59668,0.5973,45409.0
2023-04-23 21:00:00+00:00,0.59768,0.5981,0.59358,0.59439,36786.0
2023-04-24 21:00:00+00:00,0.5943,0.59482,0.58988,0.59112,39472.0
2023-04-25 21:00:00+00:00,0.59056,0.59212,0.58514,0.58852,51508.0
2023-04-26 21:00:00+00:00,0.58833,0.59362,0.58796,0.59289,50669.0
2023-04-27 21:00:00+00:00,0.59276,0.59336,0.58734,0.59179,56559.0
2023-04-30 21:00:00+00:00,0.59102,0.59582,0.59022,0.59378,42746.0
2023-05-01 21:00:00+00:00,0.59385,0.60201,0.59302,0.59514,53025.0
2023-05-02 21:00:00+00:00,0.59488,0.59548,0.59009,0.59014,63471.0
2023-05-03 21:00:00+00:00,0.59122,0.59379,0.58654,0.59294,68232.0
2023-05-04 21:00:00+00:00,0.59264,0.60244,0.59264,0.60152,52965.0
2023-05-07 21:00:00+00:00,0.60073,0.60498,0.6002,0.6032,30935.0
2023-05-08 21:00:00+00:00,0.6034,0.604,0.60158,0.60221,35325.0
2023-05-09 21:00:00+00:00,0.60242,0.60509,0.60038,0.60315,46235.0
2023-05-10 21:00:00+00:00,0.60236,0.60413,0.59838,0.59936,47096.0
2023-05-11 21:00:00+00:00,0.5995,0.59971,0.5958,0.59682,37913.0
2023-05-14 21:00:00+00:00,0.5969,0.6002,0.59668,0.60006,37543.0
2023-05-15 21:00:00+00:00,0.59968,0.60062,0.59615,0.5965,41364.0
2023-05-16 21:00:00+00:00,0.5971,0.60076,0.59512,0.59834,40358.0
2023-05-17 21:00:00+00:00,0.59869,0.59958,0.59563,0.5994,43436.0
2023-05-18 21:00:00+00:00,0.59935,0.60136,0.59749,0.59823,51276.0
2023-05-21 21:00:00+00:00,0.59752,0.59858,0.59415,0.5972,45266.0
2023-05-22 21:00:00+00:00,0.59739,0.5986,0.5954,0.59572,43975.0
2023-05-23 21:00:00+00:00,0.5956,0.59625,0.59108,0.59232,49707.0
2023-05-24 21:00:00+00:00,0.592,0.59264,0.58849,0.58922,47718.0
2023-05-25 21:00:00+00:00,0.58946,0.59072,0.58783,0.58987,47061.0
2023-05-28 21:00:00+00:00,0.5906,0.59265,0.59034,0.5915,27029.0
2023-05-29 21:00:00+00:00,0.59128,0.59259,0.58866,0.59039,44019.0
2023-05-30 21:00:00+00:00,0.59039,0.59246,0.58869,0.59218,50070.0
2023-05-31 21:00:00+00:00,0.59201,0.59716,0.59076,0.59528,48380.0
2023-06-01 21:00:00+00:00,0.59574,0.60175,0.59516,0.60034,48194.0
2023-06-04 21:00:00+00:00,0.60047,0.6024,0.599,0.59966,45910.0
2023-06-05 21:00:00+00:00,0.59973,0.60613,0.5988,0.60557,41301.0
2023-06-06 21:00:00+00:00,0.60572,0.60762,0.60428,0.60555,38562.0
2023-06-07 21:00:00+00:00,0.60532,0.6084,0.60338,0.60384,40160.0
2023-06-08 21:00:00+00:00,0.6034,0.60922,0.60216,0.60912,34620.0
2023-06-11 21:00:00+00:00,0.60856,0.61449,0.60847,0.6136,30320.0
2023-06-12 21:00:00+00:00,0.61352,0.61596,0.61168,0.61252,44134.0
2023-06-13 21:00:00+00:00,0.61292,0.61401,0.60959,0.61242,47613.0
2023-06-14 21:00:00+00:00,0.61296,0.61691,0.61043,0.6138,31290.0
2023-06-15 21:00:00+00:00,0.61446,0.61502,0.61213,0.61442,26090.0
2023-06-18 21:00:00+00:00,0.61567,0.61568,0.6113,0.6136,26943.0
2023-06-19 21:00:00+00:00,0.6143,0.61438,0.60726,0.60935,30831.0
2023-06-20 21:00:00+00:00,0.60931,0.61081,0.60551,0.60698,32877.0
2023-06-21 21:00:00+00:00,0.6067,0.60784,0.60336,0.60454,65305.0
2023-06-22 21:00:00+00:00,0.6041,0.60587,0.59767,0.59894,68437.0
2023-06-25 21:00:00+00:00,0.59906,0.59958,0.59502,0.59783,51561.0
2023-06-26 21:00:00+00:00,0.59792,0.6016,0.59703,0.59758,64030.0
2023-06-27 21:00:00+00:00,0.59715,0.59782,0.59162,0.5921,64023.0
2023-06-28 21:00:00+00:00,0.59254,0.59602,0.59168,0.59526,60065.0
2023-06-29 21:00:00+00:00,0.59533,0.5975,0.59367,0.59614,62329.0
2023-07-02 21:00:00+00:00,0.59598,0.59949,0.59427,0.59794,46733.0
2023-07-03 21:00:00+00:00,0.59835,0.60078,0.59576,0.60046,39445.0
2023-07-04 21:00:00+00:00,0.60052,0.60061,0.59789,0.59808,55433.0
2023-07-05 21:00:00+00:00,0.59794,0.60001,0.59276,0.59309,67639.0
2023-07-06 21:00:00+00:00,0.59309,0.59556,0.59206,0.59508,65298.0
2023-07-09 21:00:00+00:00,0.59445,0.59548,0.59,0.59102,50432.0
2023-07-10 21:00:00+00:00,0.59136,0.59225,0.58623,0.58793,54762.0
2023-07-11 21:00:00+00:00,0.58774,0.59182,0.58598,0.58902,77101.0
2023-07-12 21:00:00+00:00,0.58838,0.59294,0.58834,0.59166,66046.0
2023-07-13 21:00:00+00:00,0.59173,0.5923,0.58894,0.5896,62906.0
2023-07-16 21:00:00+00:00,0.59015,0.59018,0.58428,0.58638,55767.0
2023-07-17 21:00:00+00:00,0.58682,0.58733,0.5828,0.58421,84276.0
2023-07-18 21:00:00+00:00,0.58426,0.58482,0.57994,0.5812,81343.0
2023-07-19 21:00:00+00:00,0.58128,0.58874,0.58072,0.58751,78007.0
2023-07-20 21:00:00+00:00,0.58794,0.58821,0.582,0.58292,71133.0
2023-07-23 21:00:00+00:00,0.5831,0.5863,0.58184,0.58622,72100.0
2023-07-24 21:00:00+00:00,0.58665,0.58882,0.58488,0.58678,72906.0
2023-07-25 21:00:00+00:00,0.58682,0.5871,0.58075,0.58184,89616.0
2023-07-26 21:00:00+00:00,0.5818,0.58586,0.58125,0.58307,93992.0
2023-07-27 21:00:00+00:00,0.58281,0.5833,0.57716,0.5787,99186.0
2023-07-30 21:00:00+00:00,0.579,0.58598,0.57804,0.5856,77650.0
2023-07-31 21:00:00+00:00,0.58564,0.58626,0.57828,0.57876,80336.0
2023-08-01 21:00:00+00:00,0.57875,0.57922,0.5731,0.57376,86903.0
2023-08-02 21:00:00+00:00,0.57366,0.57482,0.57062,0.5726,97765.0
2023-08-03 21:00:00+00:00,0.57322,0.57597,0.5724,0.5734,96958.0
2023-08-06 21:00:00+00:00,0.57375,0.57694,0.57332,0.57387,64620.0
2023-08-07 21:00:00+00:00,0.57388,0.57414,0.56932,0.57322,88216.0
2023-08-08 21:00:00+00:00,0.57312,0.57412,0.57143,0.57268,90937.0
2023-08-09 21:00:00+00:00,0.5721,0.5755,0.5712,0.57125,94018.0
2023-08-10 21:00:00+00:00,0.57134,0.57285,0.5688,0.5694,86267.0
2023-08-13 21:00:00+00:00,0.56941,0.57082,0.56675,0.5697,81857.0
2023-08-14 21:00:00+00:00,0.56974,0.5721,0.56634,0.567,96723.0
2023-08-15 21:00:00+00:00,0.56729,0.56906,0.56482,0.56533,95079.0
2023-08-16 21:00:00+00:00,0.56546,0.56564,0.5607,0.56252,99538.0
2023-08-17 21:00:00+00:00,0.5624,0.56564,0.56184,0.56515,61921.0
2023-08-20 21:00:00+00:00,0.56539,0.56601,0.56222,0.56345,56845.0
2023-08-21 21:00:00+00:00,0.56356,0.56697,0.56238,0.56551,59649.0
2023-08-22 21:00:00+00:00,0.56513,0.5691,0.56468,0.56899,63257.0
2023-08-23 21:00:00+00:00,0.56878,0.56934,0.56658,0.56751,64088.0
2023-08-24 21:00:00+00:00,0.56748,0.5694,0.56592,0.56638,63528.0
2023-08-27 21:00:00+00:00,0.56723,0.56906,0.5656,0.56824,42907.0
2023-08-28 21:00:00+00:00,0.56788,0.57077,0.56672,0.56924,64258.0
2023-08-29 21:00:00+00:00,0.56903,0.57118,0.56686,0.56882,71192.0
2023-08-30 21:00:00+00:00,0.56861,0.57282,0.56834,0.5728,64951.0
2023-08-31 21:00:00+00:00,0.57274,0.57397,0.56949,0.57132,65514.0
2023-09-03 21:00:00+00:00,0.57081,0.573,0.57073,0.57144,28961.0
2023-09-04 21:00:00+00:00,0.57115,0.57176,0.56488,0.5674,61357.0
2023-09-05 21:00:00+00:00,0.56743,0.57064,0.56594,0.56875,62140.0
2023-09-06 21:00:00+00:00,0.56882,0.57102,0.5673,0.56916,50616.0
2023-09-07 21:00:00+00:00,0.5694,0.57091,0.56794,0.5694,49546.0
2023-09-10 21:00:00+00:00,0.56948,0.57479,0.56923,0.57296,47760.0
2023-09-11 21:00:00+00:00,0.57271,0.57376,0.57224,0.57286,49097.0
2023-09-12 21:00:00+00:00,0.57227,0.57401,0.57074,0.57388,57478.0
2023-09-13 21:00:00+00:00,0.57394,0.57786,0.57327,0.57686,69843.0
2023-09-14 21:00:00+00:00,0.57622,0.57954,0.5761,0.57732,54775.0
2023-09-17 21:00:00+00:00,0.57671,0.57836,0.57606,0.57744,40774.0
2023-09-18 21:00:00+00:00,0.57756,0.58072,0.57692,0.57936,51224.0
2023-09-19 21:00:00+00:00,0.57964,0.5822,0.57906,0.5795,62060.0
2023-09-20 21:00:00+00:00,0.57944,0.58148,0.57608,0.58032,74068.0
2023-09-21 21:00:00+00:00,0.58021,0.58551,0.5796,0.58425,61502.0
2023-09-24 21:00:00+00:00,0.58384,0.58675,0.58264,0.58586,50818.0
2023-09-25 21:00:00+00:00,0.58536,0.58674,0.58408,0.5858,65200.0
2023-09-26 21:00:00+00:00,0.58561,0.58708,0.58394,0.58532,59559.0
2023-09-27 21:00:00+00:00,0.58467,0.58889,0.58428,0.58805,69531.0
2023-09-28 21:00:00+00:00,0.58871,0.59243,0.5874,0.5885,66379.0
2023-10-01 21:00:00+00:00,0.58882,0.59007,0.5834,0.5843,59141.0
2023-10-02 21:00:00+00:00,0.5843,0.5847,0.57929,0.58045,83806.0
2023-10-03 21:00:00+00:00,0.5809,0.58298,0.57929,0.58017,67552.0
2023-10-04 21:00:00+00:00,0.58,0.58268,0.5795,0.58126,69141.0
2023-10-05 21:00:00+00:00,0.58134,0.58259,0.57888,0.58102,76280.0
2023-10-08 21:00:00+00:00,0.57824,0.58136,0.57735,0.58128,53365.0
2023-10-09 21:00:00+00:00,0.58086,0.58212,0.57903,0.5819,69897.0
2023-10-10 21:00:00+00:00,0.58184,0.5826,0.5777,0.57849,66429.0
2023-10-11 21:00:00+00:00,0.57834,0.57879,0.57313,0.57358,63994.0
2023-10-12 21:00:00+00:00,0.57388,0.57454,0.56647,0.56812,58067.0
2023-10-15 21:00:00+00:00,0.56861,0.5719,0.56827,0.57093,46366.0
2023-10-16 21:00:00+00:00,0.5704,0.57414,0.57025,0.57309,58473.0
2023-10-17 21:00:00+00:00,0.57306,0.57444,0.5687,0.56966,57746.0
2023-10-18 21:00:00+00:00,0.56943,0.57022,0.56382,0.56418,70067.0
2023-10-19 21:00:00+00:00,0.56428,0.56452,0.5614,0.5635,53972.0
2023-10-22 21:00:00+00:00,0.56347,0.56564,0.56136,0.56444,47605.0
2023-10-23 21:00:00+00:00,0.56459,0.56894,0.56426,0.56765,59243.0
2023-10-24 21:00:00+00:00,0.56764,0.5713,0.5654,0.56576,57943.0
2023-10-25 21:00:00+00:00,0.5661,0.56915,0.56308,0.56826,65111.0
2023-10-26 21:00:00+00:00,0.5681,0.57386,0.56784,0.57168,46280.0
2023-10-29 21:00:00+00:00,0.57126,0.57668,0.57088,0.57504,38748.0
2023-10-30 21:00:00+00:00,0.57465,0.57712,0.57231,0.57688,46555.0
2023-10-31 21:00:00+00:00,0.57692,0.5811,0.57526,0.5803,53512.0
2023-11-01 21:00:00+00:00,0.58007,0.58296,0.57986,0.58291,43208.0
2023-11-02 21:00:00+00:00,0.58321,0.5859,0.58168,0.58579,46099.0
2023-11-05 22:00:00+00:00,0.58516,0.58608,0.58282,0.58368,34687.0
2023-11-06 22:00:00+00:00,0.58408,0.58484,0.57723,0.57934,37364.0
2023-11-07 22:00:00+00:00,0.57871,0.58102,0.5756,0.5758,35237.0
2023-11-08 22:00:00+00:00,0.576,0.57851,0.57486,0.5749,38627.0
2023-11-09 22:00:00+00:00,0.57536,0.57548,0.57251,0.57396,36109.0
2023-11-12 22:00:00+00:00,0.57316,0.57697,0.57316,0.57496,29264.0
2023-11-13 22:00:00+00:00,0.57493,0.57874,0.57334,0.57858,43658.0
2023-11-14 22:00:00+00:00,0.57842,0.57984,0.57668,0.57808,44685.0
2023-11-15 22:00:00+00:00,0.57776,0.57828,0.57356,0.57517,44417.0
2023-11-16 22:00:00+00:00,0.57512,0.57754,0.57376,0.57702,43419.0
2023-11-19 22:00:00+00:00,0.57696,0.58072,0.57615,0.58033,41062.0
2023-11-20 22:00:00+00:00,0.58041,0.58186,0.57878,0.57932,42226.0
2023-11-21 22:00:00+00:00,0.57954,0.58062,0.57736,0.57834,40442.0
2023-11-22 22:00:00+00:00,0.57872,0.58055,0.57804,0.57981,22144.0
2023-11-23 22:00:00+00:00,0.57978,0.5815,0.57917,0.58125,30379.0
2023-11-26 22:00:00+00:00,0.58028,0.5821,0.57946,0.58158,34089.0
2023-11-27 22:00:00+00:00,0.5814,0.58412,0.58109,0.5838,38650.0
2023-11-28 22:00:00+00:00,0.5837,0.58499,0.5777,0.57828,43617.0
2023-11-29 22:00:00+00:00,0.57875,0.58037,0.57581,0.57811,51852.0
2023-11-30 22:00:00+00:00,0.57808,0.58078,0.57692,0.58013,46741.0
2023-12-03 22:00:00+00:00,0.58021,0.58142,0.57691,0.57776,45504.0
2023-12-04 22:00:00+00:00,0.5776,0.5783,0.57268,0.57327,46960.0
2023-12-05 22:00:00+00:00,0.5733,0.57704,0.57279,0.57288,39268.0
2023-12-06 22:00:00+00:00,0.57305,0.57838,0.57122,0.5778,48627.0
2023-12-07 22:00:00+00:00,0.5776,0.57998,0.57709,0.57896,53763.0
2023-12-10 22:00:00+00:00,0.57856,0.57924,0.57567,0.57686,33594.0
2023-12-11 22:00:00+00:00,0.57678,0.57896,0.57382,0.57415,41204.0
2023-12-12 22:00:00+00:00,0.57418,0.58194,0.57334,0.58054,48946.0
2023-12-13 22:00:00+00:00,0.58021,0.58652,0.5791,0.58116,65917.0
2023-12-14 22:00:00+00:00,0.58082,0.58423,0.57956,0.5834,49860.0
2023-12-17 22:00:00+00:00,0.58308,0.58496,0.58071,0.58153,38068.0
2023-12-18 22:00:00+00:00,0.58146,0.58395,0.58102,0.5822,40173.0
2023-12-19 22:00:00+00:00,0.582,0.58514,0.58053,0.58065,35927.0
2023-12-20 22:00:00+00:00,0.5811,0.58302,0.58004,0.58244,46229.0
2023-12-21 22:00:00+00:00,0.58232,0.58284,0.58031,0.58206,49742.0
2023-12-25 22:00:00+00:00,0.582,0.58398,0.58174,0.58258,19668.0
2023-12-26 22:00:00+00:00,0.58268,0.584,0.57594,0.57725,29578.0
2023-12-27 22:00:00+00:00,0.57733,0.57803,0.56948,0.57696,36435.0
2023-12-28 22:00:00+00:00,0.57696,0.57732,0.56825,0.57304,38975.0
2024-01-01 22:00:00+00:00,0.57322,0.5784,0.57197,0.57498,51466.0
2024-01-02 22:00:00+00:00,0.57494,0.57605,0.57146,0.5715,59505.0
2024-01-03 22:00:00+00:00,0.57142,0.57415,0.56966,0.5702,54606.0
2024-01-04 22:00:00+00:00,0.57024,0.57142,0.56845,0.57106,62837.0
2024-01-07 22:00:00+00:00,0.57064,0.5724,0.56764,0.56992,51589.0
2024-01-08 22:00:00+00:00,0.57006,0.57044,0.56806,0.56996,48253.0
2024-01-09 22:00:00+00:00,0.56998,0.5723,0.5694,0.57007,42350.0
2024-01-10 22:00:00+00:00,0.5699,0.57176,0.56854,0.56972,63562.0
2024-01-11 22:00:00+00:00,0.56957,0.57216,0.5695,0.5701,57524.0
2024-01-14 22:00:00+00:00,0.57007,0.57149,0.56794,0.5699,29702.0
2024-01-15 22:00:00+00:00,0.56976,0.57026,0.56642,0.56722,75248.0
2024-01-16 22:00:00+00:00,0.56705,0.56809,0.56394,0.56634,65465.0
2024-01-17 22:00:00+00:00,0.5665,0.57073,0.56431,0.57061,55459.0
2024-01-18 22:00:00+00:00,0.57034,0.57368,0.57014,0.57272,49898.0
2024-01-21 22:00:00+00:00,0.57272,0.57396,0.57072,0.57098,48731.0
2024-01-22 22:00:00+00:00,0.57112,0.57348,0.5706,0.57261,53217.0
2024-01-23 22:00:00+00:00,0.57258,0.57308,0.56729,0.56733,57992.0
2024-01-24 22:00:00+00:00,0.56743,0.57198,0.56719,0.57085,58049.0
2024-01-25 22:00:00+00:00,0.57072,0.57174,0.56815,0.56815,52547.0
2024-01-28 22:00:00+00:00,0.56812,0.56997,0.56761,0.5694,50957.0
2024-01-29 22:00:00+00:00,0.56954,0.57048,0.56786,0.56902,57692.0
2024-01-30 22:00:00+00:00,0.56905,0.5694,0.56536,0.5657,85866.0
2024-01-31 22:00:00+00:00,0.5656,0.56726,0.56185,0.56384,69952.0
2024-02-01 22:00:00+00:00,0.5633,0.56588,0.56328,0.56465,61711.0
2024-02-04 22:00:00+00:00,0.56482,0.5661,0.56305,0.56444,56189.0
2024-02-05 22:00:00+00:00,0.56438,0.5678,0.56405,0.56735,52582.0
2024-02-06 22:00:00+00:00,0.56752,0.57048,0.56706,0.57031,52934.0
2024-02-07 22:00:00+00:00,0.57001,0.57068,0.56676,0.56716,45641.0
2024-02-08 22:00:00+00:00,0.5672,0.57093,0.56686,0.57066,44918.0
2024-02-11 22:00:00+00:00,0.57059,0.57276,0.56946,0.57191,36058.0
2024-02-12 22:00:00+00:00,0.5719,0.57448,0.57079,0.57254,57681.0
2024-02-13 22:00:00+00:00,0.57268,0.57538,0.57203,0.575,50219.0
2024-02-14 22:00:00+00:00,0.57471,0.57547,0.57302,0.57418,51489.0
2024-02-15 22:00:00+00:00,0.57406,0.57614,0.57316,0.57537,45778.0
2024-02-18 22:00:00+00:00,0.57542,0.5772,0.57495,0.57708,25699.0
2024-02-19 22:00:00+00:00,0.57686,0.57913,0.57602,0.57758,50716.0
2024-02-20 22:00:00+00:00,0.57728,0.5789,0.5755,0.57635,51249.0
2024-02-21 22:00:00+00:00,0.57618,0.57828,0.5753,0.57716,56726.0
2024-02-22 22:00:00+00:00,0.57717,0.57932,0.57691,0.57833,46819.0
2024-02-25 22:00:00+00:00,0.57781,0.57874,0.5752,0.57552,41293.0
2024-02-26 22:00:00+00:00,0.57594,0.57691,0.57438,0.57498,42607.0
2024-02-27 22:00:00+00:00,0.57492,0.57584,0.57059,0.57086,47614.0
2024-02-28 22:00:00+00:00,0.57085,0.57485,0.57041,0.57478,56847.0
2024-02-29 22:00:00+00:00,0.5749,0.57825,0.57453,0.57642,49969.0
2024-03-03 22:00:00+00:00,0.57643,0.57739,0.57448,0.57607,42438.0
2024-03-04 22:00:00+00:00,0.57644,0.57651,0.57374,0.57462,49128.0
2024-03-05 22:00:00+00:00,0.57496,0.57991,0.57426,0.579,51091.0
2024-03-06 22:00:00+00:00,0.57926,0.58178,0.57876,0.58106,52801.0
2024-03-07 22:00:00+00:00,0.58094,0.58265,0.58035,0.58146,59013.0
2024-03-10 21:00:00+00:00,0.58128,0.58163,0.57895,0.58028,45677.0
2024-03-11 21:00:00+00:00,0.58002,0.58092,0.57876,0.57952,51009.0
2024-03-12 21:00:00+00:00,0.57974,0.58204,0.57916,0.58196,34602.0
2024-03-13 21:00:00+00:00,0.58196,0.58294,0.58054,0.58163,39886.0
2024-03-14 21:00:00+00:00,0.58152,0.58204,0.57903,0.57964,36607.0
2024-03-17 21:00:00+00:00,0.57976,0.58253,0.57925,0.58235,35627.0
2024-03-18 21:00:00+00:00,0.58187,0.58288,0.57736,0.58008,46740.0
2024-03-19 21:00:00+00:00,0.58017,0.58418,0.5795,0.58411,51954.0
2024-03-20 21:00:00+00:00,0.58391,0.5933,0.58324,0.5897,59083.0
2024-03-21 21:00:00+00:00,0.58986,0.59036,0.58394,0.58458,47336.0
2024-03-24 21:00:00+00:00,0.58452,0.58834,0.58413,0.58828,40028.0
2024-03-25 21:00:00+00:00,0.58814,0.5922,0.58766,0.59062,40742.0
2024-03-26 21:00:00+00:00,0.59054,0.59197,0.58875,0.59058,41332.0
2024-03-27 21:00:00+00:00,0.59067,0.59159,0.58706,0.58756,47628.0
2024-03-28 21:00:00+00:00,0.58789,0.58902,0.5863,0.58784,41998.0
2024-03-31 21:00:00+00:00,0.58784,0.58964,0.58624,0.5869,29968.0
2024-04-01 21:00:00+00:00,0.5872,0.59189,0.58665,0.59181,43846.0
2024-04-02 21:00:00+00:00,0.59164,0.59371,0.59066,0.59278,44613.0
2024-04-03 21:00:00+00:00,0.59248,0.59923,0.59238,0.59378,41166.0
2024-04-04 21:00:00+00:00,0.5938,0.59539,0.59172,0.59356,53510.0
2024-04-07 21:00:00+00:00,0.5935,0.59835,0.59276,0.59796,49777.0
2024-04-08 21:00:00+00:00,0.59794,0.59957,0.59682,0.59892,42036.0
2024-04-09 21:00:00+00:00,0.59902,0.59906,0.59336,0.59448,62865.0
2024-04-10 21:00:00+00:00,0.59474,0.59656,0.59282,0.59495,61921.0
2024-04-11 21:00:00+00:00,0.59496,0.59542,0.58872,0.59094,56467.0
2024-04-14 21:00:00+00:00,0.58929,0.59324,0.5871,0.58726,62733.0
2024-04-15 21:00:00+00:00,0.58732,0.58768,0.5838,0.5845,69745.0
2024-04-16 21:00:00+00:00,0.58468,0.58658,0.58426,0.58604,56621.0
2024-04-17 21:00:00+00:00,0.58609,0.58745,0.58496,0.58583,50308.0
2024-04-18 21:00:00+00:00,0.58583,0.58632,0.57418,0.58424,79725.0
2024-04-21 21:00:00+00:00,0.58426,0.5883,0.58408,0.5882,48103.0
2024-04-22 21:00:00+00:00,0.58804,0.5916,0.58698,0.59152,47248.0
2024-04-23 21:00:00+00:00,0.59152,0.59516,0.59088,0.59444,48336.0
2024-04-24 21:00:00+00:00,0.59444,0.59668,0.59346,0.59461,51601.0
2024-04-25 21:00:00+00:00,0.59456,0.59808,0.59437,0.59762,56475.0
2024-04-28 21:00:00+00:00,0.59762,0.6,0.597,0.5979,60639.0
2024-04-29 21:00:00+00:00,0.59788,0.59807,0.59296,0.59514,58094.0
2024-04-30 21:00:00+00:00,0.59514,0.59916,0.59479,0.5974,60595.0
2024-05-01 21:00:00+00:00,0.5977,0.59942,0.59472,0.59789,63860.0
2024-05-02 21:00:00+00:00,0.5976,0.60037,0.59624,0.59822,67306.0
2024-05-05 21:00:00+00:00,0.59821,0.60069,0.59798,0.60042,36690.0
2024-05-06 21:00:00+00:00,0.60046,0.60212,0.59744,0.5994,49059.0
2024-05-07 21:00:00+00:00,0.59931,0.59964,0.59612,0.59746,40592.0
2024-05-08 21:00:00+00:00,0.59742,0.59981,0.59652,0.5997,42777.0
2024-05-09 21:00:00+00:00,0.59954,0.60008,0.59807,0.59861,43006.0
2024-05-12 21:00:00+00:00,0.59861,0.60038,0.59726,0.6002,40444.0
2024-05-13 21:00:00+00:00,0.60004,0.60088,0.59878,0.60074,49456.0
2024-05-14 21:00:00+00:00,0.60046,0.60424,0.59996,0.6039,62011.0
2024-05-15 21:00:00+00:00,0.60397,0.60526,0.60132,0.60522,53283.0
2024-05-16 21:00:00+00:00,0.60519,0.60868,0.60409,0.60862,42037.0
2024-05-19 21:00:00+00:00,0.60854,0.60999,0.60582,0.60712,37618.0
2024-05-20 21:00:00+00:00,0.60712,0.608,0.60536,0.60722,54717.0
2024-05-21 21:00:00+00:00,0.60718,0.60942,0.60484,0.60614,54091.0
2024-05-22 21:00:00+00:00,0.60584,0.60728,0.60336,0.60407,67930.0
2024-05-23 21:00:00+00:00,0.6039,0.60676,0.60324,0.60628,68848.0
2024-05-26 21:00:00+00:00,0.60634,0.60865,0.60562,0.60788,25411.0
2024-05-27 21:00:00+00:00,0.60784,0.60858,0.6058,0.60674,57108.0
2024-05-28 21:00:00+00:00,0.60674,0.60796,0.60357,0.60368,62314.0
2024-05-29 21:00:00+00:00,0.60366,0.60462,0.59872,0.59918,63824.0
2024-05-30 21:00:00+00:00,0.59937,0.60299,0.59859,0.60034,66206.0
2024-06-02 21:00:00+00:00,0.60028,0.60107,0.59664,0.59916,61381.0
2024-06-03 21:00:00+00:00,0.59884,0.59939,0.5905,0.59199,65120.0
2024-06-04 21:00:00+00:00,0.5919,0.59462,0.59128,0.594,54803.0
2024-06-05 21:00:00+00:00,0.59392,0.59528,0.59134,0.59277,54987.0
2024-06-06 21:00:00+00:00,0.59272,0.59414,0.58972,0.58992,63890.0
2024-06-09 21:00:00+00:00,0.58992,0.59291,0.58958,0.59268,47492.0
2024-06-10 21:00:00+00:00,0.59266,0.59329,0.59106,0.59298,50258.0
2024-06-11 21:00:00+00:00,0.59295,0.59776,0.59189,0.59598,72224.0
2024-06-12 21:00:00+00:00,0.59592,0.59644,0.59236,0.59318,60014.0
2024-06-13 21:00:00+00:00,0.59313,0.59335,0.5875,0.58882,59998.0
2024-06-16 21:00:00+00:00,0.58882,0.5896,0.58681,0.58826,46541.0
2024-06-17 21:00:00+00:00,0.58823,0.5902,0.58614,0.58852,54135.0
2024-06-18 21:00:00+00:00,0.5884,0.59098,0.58828,0.59022,25576.0
2024-06-19 21:00:00+00:00,0.59027,0.59526,0.58864,0.5933,54229.0
2024-06-20 21:00:00+00:00,0.59331,0.59506,0.59208,0.59376,51519.0
2024-06-23 21:00:00+00:00,0.59384,0.59538,0.59228,0.59434,47116.0
2024-06-24 21:00:00+00:00,0.59437,0.59606,0.5933,0.5948,45271.0
2024-06-25 21:00:00+00:00,0.59476,0.5996,0.59431,0.59657,50213.0
2024-06-26 21:00:00+00:00,0.59628,0.59858,0.59587,0.59749,48896.0
2024-06-27 21:00:00+00:00,0.59732,0.60089,0.59552,0.59939,57031.0
2024-06-30 21:00:00+00:00,0.5994,0.60266,0.59926,0.60118,55254.0
2024-07-01 21:00:00+00:00,0.60122,0.60314,0.5995,0.60264,55414.0
2024-07-02 21:00:00+00:00,0.60244,0.60588,0.6021,0.60448,48876.0
2024-07-03 21:00:00+00:00,0.60455,0.60705,0.60412,0.60536,32964.0
2024-07-04 21:00:00+00:00,0.60546,0.60624,0.604,0.60456,54466.0
2024-07-07 21:00:00+00:00,0.60368,0.6055,0.60288,0.60475,51900.0
2024-07-08 21:00:00+00:00,0.60474,0.606,0.60389,0.60523,48090.0
2024-07-09 21:00:00+00:00,0.6051,0.60712,0.60424,0.60698,49648.0
2024-07-10 21:00:00+00:00,0.60701,0.60828,0.60446,0.60592,80364.0
2024-07-11 21:00:00+00:00,0.60596,0.60752,0.60548,0.6068,73058.0
2024-07-14 21:00:00+00:00,0.6067,0.60743,0.60499,0.6055,65889.0
2024-07-15 21:00:00+00:00,0.60555,0.60583,0.6018,0.60188,66848.0
2024-07-16 21:00:00+00:00,0.6018,0.60262,0.59384,0.59445,75551.0
2024-07-17 21:00:00+00:00,0.59448,0.59628,0.59336,0.59535,77805.0
2024-07-18 21:00:00+00:00,0.59532,0.59618,0.59394,0.59428,66476.0
2024-07-21 21:00:00+00:00,0.59426,0.595,0.58978,0.59095,66364.0
2024-07-22 21:00:00+00:00,0.59095,0.59126,0.58913,0.5897,59794.0
2024-07-23 21:00:00+00:00,0.58962,0.58978,0.58248,0.58252,73365.0
2024-07-24 21:00:00+00:00,0.58244,0.58261,0.57245,0.5764,88963.0
2024-07-25 21:00:00+00:00,0.57642,0.58013,0.57562,0.57852,62675.0
2024-07-28 21:00:00+00:00,0.57889,0.58048,0.57814,0.58036,64396.0
2024-07-29 21:00:00+00:00,0.58039,0.5823,0.57688,0.57707,68293.0
2024-07-30 21:00:00+00:00,0.57705,0.57768,0.57122,0.57437,97335.0
2024-07-31 21:00:00+00:00,0.57423,0.57508,0.56628,0.5675,87065.0
2024-08-01 21:00:00+00:00,0.5675,0.56941,0.558,0.55862,98912.0
2024-08-04 21:00:00+00:00,0.55838,0.55974,0.53656,0.5537,153016.0
2024-08-05 21:00:00+00:00,0.55362,0.55956,0.55163,0.55488,137288.0
2024-08-06 21:00:00+00:00,0.5551,0.56844,0.55499,0.56177,107691.0
2024-08-07 21:00:00+00:00,0.5617,0.57149,0.55818,0.57135,102474.0
2024-08-08 21:00:00+00:00,0.57132,0.57247,0.56726,0.5686,71325.0
2024-08-11 21:00:00+00:00,0.56878,0.57498,0.56798,0.56984,59625.0
2024-08-12 21:00:00+00:00,0.56991,0.57414,0.56934,0.57374,67735.0
2024-08-13 21:00:00+00:00,0.57378,0.5751,0.57008,0.57068,80761.0
2024-08-14 21:00:00+00:00,0.57072,0.57813,0.56873,0.57684,66283.0
2024-08-15 21:00:00+00:00,0.57709,0.57848,0.57415,0.57774,57060.0
2024-08-18 21:00:00+00:00,0.57778,0.58098,0.57556,0.58091,62066.0
2024-08-19 21:00:00+00:00,0.58082,0.58149,0.57619,0.57622,63388.0
2024-08-20 21:00:00+00:00,0.57606,0.57692,0.57356,0.57438,59649.0
2024-08-21 21:00:00+00:00,0.57436,0.5748,0.57051,0.57143,60011.0
2024-08-22 21:00:00+00:00,0.57138,0.57665,0.5709,0.57622,56052.0
2024-08-25 21:00:00+00:00,0.5756,0.57628,0.5729,0.57376,43591.0
2024-08-26 21:00:00+00:00,0.57373,0.5755,0.57072,0.57166,49871.0
2024-08-27 21:00:00+00:00,0.5717,0.5738,0.56966,0.57146,58967.0
2024-08-28 21:00:00+00:00,0.57142,0.57699,0.57058,0.5761,63306.0
2024-08-29 21:00:00+00:00,0.57606,0.57812,0.57416,0.57506,54339.0
2024-09-01 21:00:00+00:00,0.57508,0.57861,0.57429,0.57823,27075.0
2024-09-02 21:00:00+00:00,0.57814,0.5789,0.57027,0.57072,65771.0
2024-09-03 21:00:00+00:00,0.57082,0.57312,0.56729,0.56926,60711.0
2024-09-04 21:00:00+00:00,0.56926,0.57138,0.56776,0.56896,60899.0
2024-09-05 21:00:00+00:00,0.56906,0.57057,0.56168,0.56242,69265.0
2024-09-08 21:00:00+00:00,0.56229,0.56599,0.56204,0.56572,56345.0
2024-09-09 21:00:00+00:00,0.5657,0.56645,0.56208,0.56344,53788.0
2024-09-10 21:00:00+00:00,0.56342,0.56941,0.56038,0.56881,74023.0
2024-09-11 21:00:00+00:00,0.56891,0.57286,0.56842,0.57222,63339.0
2024-09-12 21:00:00+00:00,0.57214,0.57262,0.56668,0.56936,60664.0
2024-09-15 21:00:00+00:00,0.56932,0.57065,0.56776,0.57036,48661.0
2024-09-16 21:00:00+00:00,0.57038,0.57285,0.56908,0.57234,60679.0
2024-09-17 21:00:00+00:00,0.57234,0.57363,0.5704,0.57241,79275.0
2024-09-18 21:00:00+00:00,0.57244,0.57937,0.5715,0.57766,86024.0
2024-09-19 21:00:00+00:00,0.57771,0.57986,0.57584,0.57882,70271.0
2024-09-22 21:00:00+00:00,0.57838,0.58186,0.57812,0.57952,59158.0
2024-09-23 21:00:00+00:00,0.57954,0.58294,0.57814,0.58122,68015.0
2024-09-24 21:00:00+00:00,0.58124,0.58454,0.57864,0.58027,64786.0
2024-09-25 21:00:00+00:00,0.58028,0.5849,0.57983,0.58348,73520.0
2024-09-26 21:00:00+00:00,0.58354,0.58439,0.57986,0.58008,79586.0
2024-09-29 21:00:00+00:00,0.58049,0.58648,0.58015,0.58462,81595.0
2024-09-30 21:00:00+00:00,0.58456,0.58704,0.57998,0.58271,90835.0
2024-10-01 21:00:00+00:00,0.5827,0.58666,0.58116,0.5851,76422.0
2024-10-02 21:00:00+00:00,0.58502,0.5867,0.58116,0.58336,81783.0
2024-10-03 21:00:00+00:00,0.5833,0.58488,0.58169,0.58295,71206.0
2024-10-06 21:00:00+00:00,0.58396,0.58494,0.57594,0.57732,71685.0
2024-10-07 21:00:00+00:00,0.57733,0.57906,0.57312,0.57852,86141.0
2024-10-08 21:00:00+00:00,0.57842,0.58012,0.57608,0.57824,74622.0
2024-10-09 21:00:00+00:00,0.5783,0.58042,0.5754,0.57712,78211.0
2024-10-10 21:00:00+00:00,0.57718,0.5793,0.57675,0.57878,51372.0
2024-10-13 21:00:00+00:00,0.57851,0.58144,0.57703,0.58014,47050.0
2024-10-14 21:00:00+00:00,0.58022,0.58061,0.57696,0.57797,61376.0
2024-10-15 21:00:00+00:00,0.57794,0.57813,0.57514,0.57701,59576.0
2024-10-16 21:00:00+00:00,0.577,0.58076,0.57635,0.57994,66828.0
2024-10-17 21:00:00+00:00,0.5799,0.58228,0.57958,0.57992,54191.0
2024-10-20 21:00:00+00:00,0.5799,0.5815,0.57604,0.57681,54849.0
2024-10-21 21:00:00+00:00,0.57678,0.5793,0.57556,0.57825,61990.0
2024-10-22 21:00:00+00:00,0.57831,0.5799,0.57336,0.57477,58521.0
2024-10-23 21:00:00+00:00,0.5748,0.5771,0.57358,0.57488,59878.0
2024-10-24 21:00:00+00:00,0.5749,0.57603,0.5715,0.57246,51322.0
2024-10-27 21:00:00+00:00,0.57404,0.57436,0.56926,0.56962,54232.0
2024-10-28 21:00:00+00:00,0.56964,0.57058,0.56752,0.56899,61308.0
2024-10-29 21:00:00+00:00,0.5691,0.57156,0.56714,0.56956,66669.0
2024-10-30 21:00:00+00:00,0.56946,0.56986,0.56574,0.56822,70724.0
2024-10-31 21:00:00+00:00,0.56832,0.57316,0.56675,0.57048,72304.0
2024-11-03 22:00:00+00:00,0.57322,0.5736,0.56813,0.56904,70276.0
2024-11-04 22:00:00+00:00,0.56903,0.57369,0.56844,0.57306,58107.0
2024-11-05 22:00:00+00:00,0.57302,0.57708,0.56872,0.57611,154971.0
2024-11-06 22:00:00+00:00,0.5755,0.58332,0.57496,0.58278,90043.0
2024-11-07 22:00:00+00:00,0.58278,0.58278,0.57481,0.57642,79302.0
2024-11-10 22:00:00+00:00,0.57683,0.57939,0.57587,0.57913,54632.0
2024-11-11 22:00:00+00:00,0.57914,0.5797,0.575,0.57607,75031.0
2024-11-12 22:00:00+00:00,0.57598,0.57698,0.57323,0.57467,77669.0
2024-11-13 22:00:00+00:00,0.57472,0.57592,0.5733,0.57472,82077.0
2024-11-14 22:00:00+00:00,0.57465,0.57528,0.57254,0.57398,78218.0
2024-11-17 22:00:00+00:00,0.57398,0.5753,0.5721,0.57478,67222.0
2024-11-18 22:00:00+00:00,0.57478,0.57693,0.57252,0.57634,79289.0
2024-11-19 22:00:00+00:00,0.57631,0.57745,0.57324,0.57527,61939.0
2024-11-20 22:00:00+00:00,0.57528,0.57794,0.57455,0.57739,74754.0
2024-11-21 22:00:00+00:00,0.57752,0.582,0.57512,0.58146,86826.0
2024-11-24 22:00:00+00:00,0.58296,0.58326,0.5756,0.57642,83745.0
2024-11-25 22:00:00+00:00,0.57641,0.5766,0.572,0.57398,90786.0
2024-11-26 22:00:00+00:00,0.57405,0.57459,0.57126,0.57295,76766.0
2024-11-27 22:00:00+00:00,0.57296,0.57495,0.57245,0.57391,38940.0
2024-11-28 22:00:00+00:00,0.57399,0.57485,0.5723,0.57458,70165.0
2024-12-01 22:00:00+00:00,0.57354,0.5757,0.57214,0.5741,81726.0
2024-12-02 22:00:00+00:00,0.57404,0.57622,0.57214,0.57496,72642.0
2024-12-03 22:00:00+00:00,0.57432,0.57514,0.56749,0.56868,77183.0
2024-12-04 22:00:00+00:00,0.56869,0.57035,0.5658,0.56691,55180.0
2024-12-05 22:00:00+00:00,0.56688,0.56728,0.55966,0.5616,58394.0
2024-12-08 22:00:00+00:00,0.56183,0.56814,0.56136,0.56594,51441.0
2024-12-09 22:00:00+00:00,0.56592,0.56617,0.56028,0.56308,58418.0
2024-12-10 22:00:00+00:00,0.56307,0.56422,0.56058,0.56321,60442.0
2024-12-11 22:00:00+00:00,0.56322,0.57018,0.56286,0.56821,60258.0
2024-12-12 22:00:00+00:00,0.56826,0.56985,0.56706,0.56814,50640.0
2024-12-15 22:00:00+00:00,0.56811,0.56998,0.56648,0.56988,47531.0
2024-12-16 22:00:00+00:00,0.56984,0.57024,0.56522,0.56566,47823.0
2024-12-17 22:00:00+00:00,0.56574,0.56601,0.55986,0.56027,52191.0
2024-12-18 22:00:00+00:00,0.56026,0.56264,0.55868,0.56066,65519.0
2024-12-19 22:00:00+00:00,0.56064,0.56108,0.55654,0.55839,62537.0
2024-12-22 22:00:00+00:00,0.55843,0.5619,0.55754,0.5615,41911.0
2024-12-23 22:00:00+00:00,0.56154,0.56221,0.55991,0.56196,27350.0
2024-12-25 22:00:00+00:00,0.56048,0.5626,0.55904,0.55908,29997.0
2024-12-26 22:00:00+00:00,0.5591,0.56116,0.55826,0.56068,45000.0
2024-12-29 22:00:00+00:00,0.56048,0.56404,0.56037,0.56228,33646.0
2024-12-30 22:00:00+00:00,0.56222,0.56288,0.56025,0.56155,32172.0
2025-01-01 22:00:00+00:00,0.56174,0.5669,0.56065,0.56598,46065.0
2025-01-02 22:00:00+00:00,0.56598,0.56708,0.56401,0.56458,45068.0
2025-01-05 22:00:00+00:00,0.56458,0.56804,0.5641,0.56496,62201.0
2025-01-06 22:00:00+00:00,0.565,0.56984,0.56446,0.56688,52362.0
2025-01-07 22:00:00+00:00,0.56668,0.56796,0.56442,0.56642,57364.0
2025-01-08 22:00:00+00:00,0.56639,0.56648,0.56346,0.56517,39840.0
2025-01-09 22:00:00+00:00,0.56515,0.56602,0.56292,0.56322,57639.0
2025-01-12 22:00:00+00:00,0.5637,0.56652,0.56272,0.56644,52355.0
2025-01-13 22:00:00+00:00,0.56647,0.56773,0.5643,0.56509,49505.0
2025-01-14 22:00:00+00:00,0.5652,0.56858,0.56408,0.56832,48649.0
2025-01-15 22:00:00+00:00,0.56828,0.5697,0.56546,0.5659,50172.0
2025-01-16 22:00:00+00:00,0.5658,0.56838,0.56361,0.56662,49055.0
2025-01-19 22:00:00+00:00,0.56638,0.57059,0.56612,0.56888,41498.0
2025-01-20 22:00:00+00:00,0.56882,0.56942,0.56465,0.56818,65869.0
2025-01-21 22:00:00+00:00,0.5682,0.56952,0.5671,0.56892,49848.0
2025-01-22 22:00:00+00:00,0.56886,0.57084,0.5677,0.57024,58273.0
2025-01-23 22:00:00+00:00,0.57024,0.57268,0.56966,0.57201,56850.0
2025-01-26 22:00:00+00:00,0.57161,0.57163,0.5648,0.56755,59397.0
2025-01-27 22:00:00+00:00,0.56754,0.56787,0.56468,0.56528,47035.0
2025-01-28 22:00:00+00:00,0.56532,0.56601,0.5629,0.56516,49490.0
2025-01-29 22:00:00+00:00,0.56516,0.5668,0.56361,0.56489,56865.0
2025-01-30 22:00:00+00:00,0.56482,0.5684,0.56424,0.56655,62113.0
2025-02-02 22:00:00+00:00,0.56383,0.56742,0.55777,0.56683,85852.0
2025-02-03 22:00:00+00:00,0.56695,0.56742,0.56315,0.56624,58388.0
2025-02-04 22:00:00+00:00,0.56622,0.5678,0.5651,0.5667,55285.0
2025-02-05 22:00:00+00:00,0.56637,0.5689,0.56506,0.56862,47988.0
2025-02-06 22:00:00+00:00,0.56862,0.57164,0.56794,0.57061,55674.0
2025-02-09 22:00:00+00:00,0.56832,0.57242,0.5683,0.57217,51365.0
2025-02-10 22:00:00+00:00,0.57213,0.5752,0.57079,0.57493,60934.0
2025-02-11 22:00:00+00:00,0.57492,0.57596,0.57039,0.57363,71647.0
2025-02-12 22:00:00+00:00,0.57366,0.57422,0.56778,0.57055,77281.0
2025-02-13 22:00:00+00:00,0.5705,0.57302,0.5698,0.57156,65944.0
2025-02-16 22:00:00+00:00,0.57005,0.57384,0.57005,0.5726,45285.0
2025-02-17 22:00:00+00:00,0.57262,0.57436,0.57123,0.57383,63324.0
2025-02-18 22:00:00+00:00,0.57384,0.57576,0.57262,0.57398,61568.0
2025-02-19 22:00:00+00:00,0.57398,0.57628,0.57201,0.57474,67533.0
2025-02-20 22:00:00+00:00,0.57472,0.57571,0.56984,0.57071,70568.0
2025-02-23 22:00:00+00:00,0.57122,0.57307,0.56876,0.56961,79215.0
2025-02-24 22:00:00+00:00,0.56963,0.57024,0.5639,0.56651,75717.0
2025-02-25 22:00:00+00:00,0.56651,0.56698,0.56309,0.56412,74947.0
2025-02-26 22:00:00+00:00,0.56409,0.56621,0.56066,0.56101,81304.0
2025-02-27 22:00:00+00:00,0.56101,0.56146,0.55818,0.56055,83796.0
2025-03-02 22:00:00+00:00,0.56129,0.56224,0.55622,0.55815,86718.0
2025-03-03 22:00:00+00:00,0.55823,0.55838,0.55148,0.55782,93315.0
2025-03-04 22:00:00+00:00,0.55789,0.565,0.55548,0.56438,82997.0
2025-03-05 22:00:00+00:00,0.56436,0.56618,0.55883,0.5597,87944.0
2025-03-06 22:00:00+00:00,0.55966,0.56006,0.55151,0.55494,80714.0
2025-03-09 21:00:00+00:00,0.5557,0.55648,0.55188,0.55316,81633.0
2025-03-10 21:00:00+00:00,0.5531,0.55682,0.54946,0.5557,80935.0
2025-03-11 21:00:00+00:00,0.55561,0.55771,0.55404,0.55726,59655.0
2025-03-12 21:00:00+00:00,0.55728,0.55849,0.55398,0.55421,54508.0
2025-03-13 21:00:00+00:00,0.55446,0.56034,0.55382,0.55984,53845.0
2025-03-16 21:00:00+00:00,0.55974,0.56284,0.55903,0.56255,45306.0
2025-03-17 21:00:00+00:00,0.56252,0.56314,0.557,0.55784,43416.0
2025-03-18 21:00:00+00:00,0.55786,0.55863,0.55442,0.55784,48145.0
2025-03-19 21:00:00+00:00,0.55795,0.55828,0.55334,0.5558,54002.0
2025-03-20 21:00:00+00:00,0.5558,0.55662,0.5529,0.55396,39841.0
2025-03-23 21:00:00+00:00,0.55359,0.55594,0.55355,0.55502,41241.0
2025-03-24 21:00:00+00:00,0.55503,0.5575,0.55456,0.55638,37880.0
2025-03-25 21:00:00+00:00,0.5564,0.55943,0.55466,0.55657,46228.0
2025-03-26 21:00:00+00:00,0.55664,0.55874,0.55513,0.55598,48628.0
2025-03-27 21:00:00+00:00,0.55594,0.55691,0.55352,0.55383,44326.0
2025-03-30 21:00:00+00:00,0.55324,0.55378,0.54896,0.55244,50563.0
2025-03-31 21:00:00+00:00,0.55248,0.55496,0.55048,0.55477,45797.0
2025-04-01 21:00:00+00:00,0.5548,0.559,0.55248,0.55554,51456.0
2025-04-02 21:00:00+00:00,0.55586,0.55586,0.54276,0.54374,80467.0
2025-04-03 21:00:00+00:00,0.54374,0.544,0.51382,0.51995,110196.0
2025-04-06 21:00:00+00:00,0.51312,0.5298,0.50712,0.51506,211188.0
2025-04-07 21:00:00+00:00,0.51493,0.52142,0.50367,0.5049,86574.0
2025-04-08 21:00:00+00:00,0.50496,0.52882,0.49992,0.528,165715.0
2025-04-09 21:00:00+00:00,0.52805,0.53106,0.50984,0.51272,117861.0
2025-04-10 21:00:00+00:00,0.51266,0.51466,0.50428,0.51276,151002.0
2025-04-13 21:00:00+00:00,0.51621,0.52007,0.51255,0.51558,69565.0
2025-04-14 21:00:00+00:00,0.51558,0.5229,0.51456,0.5224,44241.0
2025-04-15 21:00:00+00:00,0.52246,0.52268,0.51612,0.51822,54906.0
2025-04-16 21:00:00+00:00,0.51855,0.5253,0.51756,0.52378,42631.0
2025-04-17 21:00:00+00:00,0.52371,0.52371,0.52029,0.52062,300366.0
2025-04-20 21:00:00+00:00,0.52062,0.52119,0.51642,0.5191,34667.0
2025-04-21 21:00:00+00:00,0.51896,0.5237,0.51804,0.52134,41297.0
2025-04-22 21:00:00+00:00,0.52141,0.53103,0.52114,0.52811,62635.0
2025-04-23 21:00:00+00:00,0.52812,0.53046,0.5256,0.5298,35885.0
2025-04-24 21:00:00+00:00,0.52988,0.53418,0.5284,0.52984,36801.0
2025-04-27 21:00:00+00:00,0.52984,0.53164,0.52634,0.52748,33786.0
2025-04-28 21:00:00+00:00,0.52759,0.53019,0.52449,0.52602,40222.0
2025-04-29 21:00:00+00:00,0.526,0.5297,0.52274,0.52906,52972.0
2025-04-30 21:00:00+00:00,0.52899,0.53188,0.52738,0.52943,35167.0
2025-05-01 21:00:00+00:00,0.52937,0.53429,0.52862,0.53312,46040.0
2025-05-04 21:00:00+00:00,0.53286,0.53553,0.53066,0.53187,34453.0
2025-05-05 21:00:00+00:00,0.53186,0.53546,0.53069,0.53398,33917.0
2025-05-06 21:00:00+00:00,0.53393,0.53848,0.52818,0.52928,51343.0
2025-05-07 21:00:00+00:00,0.52925,0.53346,0.52874,0.53224,50518.0
2025-05-08 21:00:00+00:00,0.53232,0.53348,0.5309,0.53312,44444.0
2025-05-11 21:00:00+00:00,0.53585,0.54234,0.5347,0.53874,93848.0
2025-05-12 21:00:00+00:00,0.53876,0.54523,0.53683,0.5432,65010.0
2025-05-13 21:00:00+00:00,0.54342,0.54414,0.54011,0.54149,78890.0
2025-05-14 21:00:00+00:00,0.54129,0.54215,0.53486,0.5355,66438.0
2025-05-15 21:00:00+00:00,0.53564,0.53781,0.53296,0.5364,52837.0
2025-05-18 21:00:00+00:00,0.53523,0.53916,0.5347,0.539,64886.0
2025-05-19 21:00:00+00:00,0.53895,0.53952,0.53177,0.53216,60963.0
2025-05-20 21:00:00+00:00,0.53204,0.5338,0.52971,0.53116,79585.0
2025-05-21 21:00:00+00:00,0.53109,0.53273,0.52983,0.53138,67311.0
2025-05-22 21:00:00+00:00,0.53157,0.53427,0.529,0.53364,71873.0
2025-05-25 21:00:00+00:00,0.53263,0.53577,0.53207,0.53266,36783.0
2025-05-26 21:00:00+00:00,0.53321,0.5335,0.53066,0.53295,49725.0
2025-05-27 21:00:00+00:00,0.53282,0.53396,0.52956,0.53164,54521.0
2025-05-28 21:00:00+00:00,0.53163,0.53584,0.52985,0.53011,71063.0
2025-05-29 21:00:00+00:00,0.53015,0.53052,0.52762,0.52925,55320.0
2025-06-01 21:00:00+00:00,0.52951,0.5316,0.5288,0.53083,54610.0
2025-06-02 21:00:00+00:00,0.5309,0.53292,0.52748,0.53264,49759.0
2025-06-03 21:00:00+00:00,0.53249,0.53428,0.53104,0.53145,50414.0
2025-06-04 21:00:00+00:00,0.53146,0.53552,0.53081,0.5333,60611.0
2025-06-05 21:00:00+00:00,0.53359,0.5351,0.53285,0.5339,52861.0
2025-06-08 21:00:00+00:00,0.5341,0.53593,0.53334,0.53552,31360.0
2025-06-09 21:00:00+00:00,0.53551,0.53699,0.53377,0.53654,49423.0
2025-06-10 21:00:00+00:00,0.5365,0.53728,0.53304,0.53328,53480.0
2025-06-11 21:00:00+00:00,0.5332,0.53356,0.52805,0.52931,62745.0
2025-06-12 21:00:00+00:00,0.53001,0.53011,0.52124,0.52651,80097.0
2025-06-15 21:00:00+00:00,0.52653,0.53164,0.52542,0.53106,55122.0
2025-06-16 21:00:00+00:00,0.531,0.53246,0.52789,0.52892,58977.0
2025-06-17 21:00:00+00:00,0.52893,0.5335,0.5277,0.53282,61820.0
2025-06-18 21:00:00+00:00,0.53276,0.53313,0.52774,0.5288,47956.0
2025-06-19 21:00:00+00:00,0.5289,0.53078,0.52681,0.5274,46121.0
2025-06-22 21:00:00+00:00,0.52571,0.5274,0.52142,0.52494,68922.0
2025-06-23 21:00:00+00:00,0.52477,0.52859,0.52254,0.52259,60442.0
2025-06-24 21:00:00+00:00,0.52285,0.52454,0.52226,0.52426,44248.0
2025-06-25 21:00:00+00:00,0.52415,0.52492,0.52246,0.52395,52461.0
2025-06-26 21:00:00+00:00,0.52369,0.52524,0.52094,0.52184,48709.0
2025-06-29 21:00:00+00:00,0.52215,0.52299,0.5201,0.52194,48443.0
2025-06-30 21:00:00+00:00,0.52186,0.52218,0.51867,0.52074,49609.0
2025-07-01 21:00:00+00:00,0.52021,0.5216,0.51865,0.52141,45163.0
2025-07-02 21:00:00+00:00,0.52146,0.52318,0.51954,0.52266,36930.0
2025-07-03 21:00:00+00:00,0.52279,0.52297,0.51932,0.5205,55053.0
2025-07-06 21:00:00+00:00,0.5213,0.52138,0.51676,0.51818,36159.0
2025-07-07 21:00:00+00:00,0.51822,0.52234,0.51788,0.51971,34130.0
2025-07-08 21:00:00+00:00,0.52007,0.5218,0.51901,0.51903,32153.0
2025-07-09 21:00:00+00:00,0.51877,0.5252,0.51786,0.52514,21138.0
2025-07-10 21:00:00+00:00,0.52453,0.52576,0.52304,0.52361,21050.0
2025-07-13 21:00:00+00:00,0.5235,0.52462,0.52196,0.52228,18519.0
2025-07-14 21:00:00+00:00,0.52248,0.52382,0.52126,0.5221,18985.0
2025-07-15 21:00:00+00:00,0.52199,0.52458,0.5205,0.5229,27078.0
2025-07-16 21:00:00+00:00,0.52277,0.52332,0.51935,0.52184,19694.0
2025-07-17 21:00:00+00:00,0.52188,0.5233,0.52127,0.52164,15035.0
2025-07-20 21:00:00+00:00,0.52174,0.52202,0.52038,0.52058,15998.0
2025-07-21 21:00:00+00:00,0.52079,0.52156,0.51843,0.51941,20140.0
2025-07-22 21:00:00+00:00,0.51938,0.52377,0.51916,0.52321,21180.0
2025-07-23 21:00:00+00:00,0.52314,0.5261,0.52268,0.5242,22473.0
2025-07-24 21:00:00+00:00,0.52428,0.52497,0.5216,0.52211,19616.0
2025-07-27 21:00:00+00:00,0.52339,0.52409,0.52029,0.52396,21068.0
2025-07-28 21:00:00+00:00,0.5234,0.52558,0.52326,0.52469,19001.0
2025-07-29 21:00:00+00:00,0.52469,0.52507,0.5225,0.52423,26439.0
2025-07-30 21:00:00+00:00,0.52429,0.5258,0.52164,0.52186,24026.0
2025-07-31 21:00:00+00:00,0.52198,0.52503,0.51952,0.52008,35003.0
2025-08-03 21:00:00+00:00,0.52042,0.52456,0.51933,0.52267,22769.0
2025-08-04 21:00:00+00:00,0.52269,0.52383,0.52141,0.52268,21472.0
2025-08-05 21:00:00+00:00,0.52241,0.5252,0.52222,0.52426,20820.0
2025-08-06 21:00:00+00:00,0.52419,0.52759,0.5238,0.52608,21584.0
2025-08-07 21:00:00+00:00,0.52583,0.52775,0.52537,0.52709,16125.0
2025-08-10 21:00:00+00:00,0.52765,0.52956,0.52596,0.52918,16148.0
2025-08-11 21:00:00+00:00,0.52889,0.5295,0.52536,0.52652,23815.0
2025-08-12 21:00:00+00:00,0.52639,0.52752,0.5256,0.52742,16050.0
2025-08-13 21:00:00+00:00,0.5269,0.52865,0.52412,0.52456,25207.0
2025-08-14 21:00:00+00:00,0.52435,0.52543,0.5238,0.52504,14892.0
2025-08-17 21:00:00+00:00,0.52464,0.52622,0.52325,0.52424,15048.0
2025-08-18 21:00:00+00:00,0.52472,0.52472,0.52094,0.52131,17013.0
2025-08-19 21:00:00+00:00,0.52158,0.52188,0.51642,0.51732,19994.0
2025-08-20 21:00:00+00:00,0.517,0.51984,0.51666,0.51926,19039.0
2025-08-21 21:00:00+00:00,0.519,0.52106,0.51879,0.52033,23245.0
2025-08-24 21:00:00+00:00,0.52028,0.52296,0.51986,0.52242,16734.0
2025-08-25 21:00:00+00:00,0.52248,0.52308,0.52073,0.5217,20986.0
2025-08-26 21:00:00+00:00,0.52182,0.52304,0.52074,0.52192,18558.0
2025-08-27 21:00:00+00:00,0.52179,0.5241,0.52155,0.52349,18352.0
2025-08-28 21:00:00+00:00,0.52296,0.52525,0.52242,0.52362,21801.0
2025-08-31 21:00:00+00:00,0.52322,0.5254,0.52265,0.5247,12800.0
2025-09-01 21:00:00+00:00,0.52451,0.5251,0.52204,0.52466,24036.0
2025-09-02 21:00:00+00:00,0.52421,0.52676,0.52397,0.52622,18620.0
2025-09-03 21:00:00+00:00,0.52567,0.5267,0.5241,0.52509,17051.0
2025-09-04 21:00:00+00:00,0.52506,0.52618,0.52232,0.52322,20808.0
2025-09-07 21:00:00+00:00,0.52317,0.52452,0.52237,0.523,18947.0
2025-09-08 21:00:00+00:00,0.52302,0.52536,0.52234,0.52503,18485.0
2025-09-09 21:00:00+00:00,0.52464,0.52923,0.52391,0.52862,18939.0
2025-09-10 21:00:00+00:00,0.52871,0.53042,0.52708,0.52998,18919.0
2025-09-11 21:00:00+00:00,0.52981,0.53093,0.52876,0.52983,17775.0
2025-09-14 21:00:00+00:00,0.52946,0.5308,0.52842,0.53008,19379.0
2025-09-15 21:00:00+00:00,0.52996,0.53047,0.5252,0.5254,23532.0
2025-09-16 21:00:00+00:00,0.52543,0.52598,0.52392,0.52476,32204.0
2025-09-17 21:00:00+00:00,0.52439,0.52526,0.52354,0.52408,27757.0
2025-09-18 21:00:00+00:00,0.52415,0.52554,0.52298,0.5245,23107.0
2025-09-21 21:00:00+00:00,0.5245,0.52574,0.52222,0.52294,18427.0
2025-09-22 21:00:00+00:00,0.52334,0.52393,0.52132,0.52215,22832.0
2025-09-23 21:00:00+00:00,0.52243,0.52535,0.5218,0.52349,25577.0
2025-09-24 21:00:00+00:00,0.52334,0.52559,0.5223,0.52296,28101.0
2025-09-25 21:00:00+00:00,0.52292,0.52374,0.52168,0.52254,24880.0
2025-09-28 21:00:00+00:00,0.52182,0.52477,0.52182,0.5246,22569.0
2025-09-29 21:00:00+00:00,0.52475,0.52804,0.52364,0.52669,31903.0
2025-09-30 21:00:00+00:00,0.52633,0.5282,0.52422,0.52718,34073.0
2025-10-01 21:00:00+00:00,0.52706,0.52772,0.52542,0.52625,23525.0
2025-10-02 21:00:00+00:00,0.52628,0.52688,0.5249,0.52495,21274.0
2025-10-05 21:00:00+00:00,0.52444,0.52791,0.52438,0.52607,29905.0
2025-10-06 21:00:00+00:00,0.52631,0.52694,0.52472,0.5253,29181.0
2025-10-07 21:00:00+00:00,0.52541,0.52831,0.52488,0.52822,21167.0
2025-10-08 21:00:00+00:00,0.52768,0.53041,0.52732,0.52855,24302.0
2025-10-09 21:00:00+00:00,0.52894,0.52988,0.51708,0.5174,28979.0
2025-10-12 21:00:00+00:00,0.52195,0.52498,0.51974,0.5239,25837.0
2025-10-13 21:00:00+00:00,0.52385,0.52488,0.51768,0.51956,33113.0
2025-10-14 21:00:00+00:00,0.51938,0.52227,0.51704,0.51884,27405.0
2025-10-15 21:00:00+00:00,0.51819,0.51944,0.51332,0.51421,31805.0
2025-10-16 21:00:00+00:00,0.51437,0.51552,0.50778,0.51549,39661.0
2025-10-19 21:00:00+00:00,0.51425,0.51684,0.51394,0.51619,25738.0
2025-10-20 21:00:00+00:00,0.51591,0.5173,0.51362,0.51673,32879.0
2025-10-21 21:00:00+00:00,0.51658,0.51794,0.5152,0.5166,34548.0
2025-10-22 21:00:00+00:00,0.51641,0.51974,0.51623,0.51792,25781.0
2025-10-23 21:00:00+00:00,0.51795,0.51844,0.51667,0.51832,30093.0
2025-10-26 21:00:00+00:00,0.52096,0.52244,0.5193,0.5215,26036.0
2025-10-27 21:00:00+00:00,0.52134,0.52282,0.51944,0.52244,27904.0
2025-10-28 21:00:00+00:00,0.52255,0.5273,0.52154,0.52604,44485.0
2025-10-29 21:00:00+00:00,0.52542,0.52701,0.524,0.52564,38993.0
2025-10-30 21:00:00+00:00,0.52576,0.52708,0.52424,0.52654,28606.0
2025-11-02 22:00:00+00:00,0.52598,0.52894,0.52598,0.52829,30301.0
2025-11-03 22:00:00+00:00,0.5281,0.52918,0.52464,0.52596,33671.0
2025-11-04 22:00:00+00:00,0.52572,0.52816,0.52206,0.52721,30097.0
2025-11-05 22:00:00+00:00,0.52692,0.52743,0.52171,0.52244,31815.0
2025-11-06 22:00:00+00:00,0.52287,0.52421,0.5201,0.52276,39448.0
2025-11-09 22:00:00+00:00,0.52333,0.52698,0.52276,0.52612,34324.0
2025-11-10 22:00:00+00:00,0.52614,0.52695,0.52148,0.52256,24490.0
2025-11-11 22:00:00+00:00,0.52214,0.52338,0.5209,0.52187,31315.0
2025-11-12 22:00:00+00:00,0.52172,0.52492,0.51645,0.51782,36636.0
2025-11-13 22:00:00+00:00,0.51754,0.52008,0.51379,0.51884,41459.0
2025-11-16 22:00:00+00:00,0.51851,0.5193,0.51627,0.51698,31449.0
2025-11-17 22:00:00+00:00,0.51675,0.52096,0.51356,0.52047,36823.0
2025-11-18 22:00:00+00:00,0.52007,0.52232,0.51808,0.52189,34573.0
2025-11-19 22:00:00+00:00,0.52168,0.5241,0.51849,0.51886,42578.0
2025-11-20 22:00:00+00:00,0.51904,0.52258,0.51732,0.5219,40779.0
2025-11-23 22:00:00+00:00,0.52186,0.52338,0.51975,0.52257,30233.0
2025-11-24 22:00:00+00:00,0.5226,0.52344,0.51958,0.52255,32055.0
2025-11-25 22:00:00+00:00,0.52236,0.52492,0.52196,0.52427,33051.0
2025-11-26 22:00:00+00:00,0.52436,0.52634,0.52402,0.52589,12337.0
2025-11-27 22:00:00+00:00,0.52568,0.52718,0.52505,0.52662,78607.0
2025-11-30 22:00:00+00:00,0.52632,0.52676,0.52486,0.52659,39549.0
2025-12-01 22:00:00+00:00,0.52618,0.52854,0.52586,0.52714,25717.0
2025-12-02 22:00:00+00:00,0.52719,0.52844,0.52568,0.52784,29474.0
2025-12-03 22:00:00+00:00,0.52779,0.53165,0.52757,0.53126,35559.0
2025-12-04 22:00:00+00:00,0.53116,0.5345,0.53074,0.53438,28980.0
2025-12-07 22:00:00+00:00,0.5336,0.53519,0.5329,0.53442,32490.0
2025-12-08 22:00:00+00:00,0.53443,0.53688,0.53267,0.5355,31270.0
2025-12-09 22:00:00+00:00,0.53537,0.53579,0.53239,0.53404,36793.0
2025-12-10 22:00:00+00:00,0.53408,0.53414,0.52848,0.5301,34843.0
2025-12-11 22:00:00+00:00,0.53034,0.53083,0.5279,0.52958,31455.0
2025-12-14 22:00:00+00:00,0.52716,0.53026,0.52716,0.52875,31418.0
2025-12-15 22:00:00+00:00,0.52866,0.52941,0.52658,0.52738,32326.0
2025-12-16 22:00:00+00:00,0.52713,0.52878,0.52466,0.52542,28392.0
2025-12-17 22:00:00+00:00,0.5254,0.52642,0.52432,0.52514,29657.0
2025-12-18 22:00:00+00:00,0.5253,0.52703,0.52489,0.52606,25020.0
2025-12-21 22:00:00+00:00,0.52591,0.52767,0.52524,0.52722,25172.0
2025-12-22 22:00:00+00:00,0.52751,0.52882,0.5261,0.52789,24635.0
2025-12-23 22:00:00+00:00,0.52822,0.52984,0.527,0.52878,22171.0
2025-12-25 22:00:00+00:00,0.52724,0.53014,0.52724,0.53007,36375.0
2025-12-28 22:00:00+00:00,0.52921,0.53118,0.52742,0.52826,29059.0
2025-12-29 22:00:00+00:00,0.52832,0.5305,0.52776,0.53021,29358.0
2025-12-30 22:00:00+00:00,0.52996,0.53089,0.52805,0.529,13123.0
2026-01-01 22:00:00+00:00,0.52902,0.53214,0.52824,0.53046,18460.0
2026-01-04 22:00:00+00:00,0.52909,0.5328,0.52886,0.53141,26521.0
2026-01-05 22:00:00+00:00,0.53155,0.53632,0.53101,0.53614,21610.0
2026-01-06 22:00:00+00:00,0.53586,0.5378,0.5345,0.53624,28301.0
2026-01-07 22:00:00+00:00,0.53591,0.53656,0.53327,0.53514,24801.0
2026-01-08 22:00:00+00:00,0.53516,0.53592,0.53378,0.5358,27223.0
2026-01-11 22:00:00+00:00,0.53465,0.5361,0.53348,0.53508,23762.0
2026-01-12 22:00:00+00:00,0.53485,0.53657,0.53413,0.53517,32454.0
2026-01-13 22:00:00+00:00,0.53521,0.5375,0.53326,0.53459,31500.0
2026-01-14 22:00:00+00:00,0.5343,0.53878,0.53355,0.53807,24227.0
2026-01-15 22:00:00+00:00,0.5379,0.5387,0.53564,0.53672,21202.0
2026-01-18 22:00:00+00:00,0.53514,0.53568,0.53362,0.53538,20474.0
2026-01-19 22:00:00+00:00,0.53525,0.53682,0.53078,0.53214,36286.0
2026-01-20 22:00:00+00:00,0.53162,0.53862,0.53146,0.5379,35289.0
2026-01-21 22:00:00+00:00,0.53802,0.54158,0.53746,0.53965,30307.0
2026-01-22 22:00:00+00:00,0.54018,0.54298,0.53726,0.538,30812.0
2026-01-25 22:00:00+00:00,0.53716,0.5388,0.53578,0.53736,39975.0
2026-01-26 22:00:00+00:00,0.53716,0.53812,0.53308,0.53378,37841.0
2026-01-27 22:00:00+00:00,0.53378,0.54148,0.53328,0.54098,50136.0
2026-01-28 22:00:00+00:00,0.54067,0.54306,0.5356,0.53884,52869.0
2026-01-29 22:00:00+00:00,0.53905,0.54055,0.5361,0.53824,56316.0
2026-02-01 22:00:00+00:00,0.53692,0.54359,0.53412,0.54169,49116.0
2026-02-02 22:00:00+00:00,0.54207,0.5479,0.54148,0.54438,51361.0
2026-02-03 22:00:00+00:00,0.54442,0.54666,0.54144,0.54404,41862.0
2026-02-04 22:00:00+00:00,0.54387,0.54459,0.53867,0.53906,48973.0
2026-02-05 22:00:00+00:00,0.53917,0.54488,0.53654,0.54403,33788.0
2026-02-08 22:00:00+00:00,0.54422,0.5461,0.54186,0.54361,31694.0
2026-02-09 22:00:00+00:00,0.54349,0.54396,0.53982,0.54338,31828.0
2026-02-10 22:00:00+00:00,0.54344,0.55045,0.54286,0.55005,40712.0
2026-02-11 22:00:00+00:00,0.54933,0.55068,0.54482,0.5456,37130.0
2026-02-12 22:00:00+00:00,0.54496,0.54624,0.54169,0.543,36744.0
2026-02-15 22:00:00+00:00,0.54311,0.5458,0.54174,0.54426,16283.0
2026-02-16 22:00:00+00:00,0.54422,0.54622,0.54236,0.54568,33333.0
2026-02-17 22:00:00+00:00,0.54592,0.54628,0.54358,0.54448,22641.0
2026-02-18 22:00:00+00:00,0.5439,0.54746,0.54376,0.54718,25598.0
2026-02-19 22:00:00+00:00,0.54692,0.54975,0.54452,0.54962,39285.0
2026-02-22 22:00:00+00:00,0.54824,0.54904,0.54548,0.54664,29549.0
2026-02-23 22:00:00+00:00,0.54641,0.54852,0.54424,0.54631,33748.0
2026-02-24 22:00:00+00:00,0.54675,0.5508,0.54612,0.55045,34684.0
2026-02-25 22:00:00+00:00,0.55001,0.55176,0.5475,0.55003,35103.0
2026-02-26 22:00:00+00:00,0.54988,0.55118,0.5461,0.54722,42872.0
2026-03-01 22:00:00+00:00,0.5408,0.55303,0.54066,0.55294,56076.0
2026-03-02 22:00:00+00:00,0.55252,0.55533,0.54566,0.55004,64333.0
2026-03-03 22:00:00+00:00,0.55085,0.55276,0.54595,0.55136,56380.0
2026-03-04 22:00:00+00:00,0.55144,0.55186,0.54619,0.54728,50348.0
2026-03-05 22:00:00+00:00,0.54749,0.54986,0.54452,0.54552,58896.0
2026-03-08 21:00:00+00:00,0.54456,0.55072,0.54388,0.5501,63335.0
2026-03-09 21:00:00+00:00,0.55004,0.55605,0.5487,0.55422,48970.0
2026-03-10 21:00:00+00:00,0.55402,0.55958,0.5538,0.5583,44085.0
2026-03-11 21:00:00+00:00,0.55774,0.55916,0.5548,0.55628,41190.0
2026-03-12 21:00:00+00:00,0.5558,0.557,0.55232,0.55246,39641.0
2026-03-15 21:00:00+00:00,0.55236,0.55716,0.55209,0.55703,35640.0
2026-03-16 21:00:00+00:00,0.55686,0.55955,0.55561,0.55751,33587.0
2026-03-17 21:00:00+00:00,0.55756,0.56006,0.55592,0.55714,41118.0
2026-03-18 21:00:00+00:00,0.55715,0.56138,0.55568,0.5586,58111.0
2026-03-19 21:00:00+00:00,0.55866,0.5601,0.5526,0.55332,40433.0
2026-03-22 21:00:00+00:00,0.55352,0.55558,0.54834,0.55132,134036.0
2026-03-23 21:00:00+00:00,0.55166,0.5524,0.54748,0.55156,64199.0
2026-03-24 21:00:00+00:00,0.55109,0.55166,0.54898,0.54992,47516.0
2026-03-25 21:00:00+00:00,0.55022,0.5508,0.54716,0.54759,38897.0
2026-03-26 21:00:00+00:00,0.54804,0.5501,0.54638,0.5491,41708.0
2026-03-29 21:00:00+00:00,0.54836,0.54932,0.54676,0.54792,45166.0
2026-03-30 21:00:00+00:00,0.54714,0.55248,0.5463,0.55168,52682.0
2026-03-31 21:00:00+00:00,0.55179,0.55254,0.54924,0.55036,43128.0
