timestamp,open,high,low,close,volume
2025-01-01 22:00:00+00:00,1.25154,1.25171,1.25134,1.25146,1809.0
2025-01-01 23:00:00+00:00,1.25144,1.25198,1.25077,1.25198,2841.0
2025-01-02 00:00:00+00:00,1.25198,1.25208,1.25095,1.25166,3283.0
2025-01-02 01:00:00+00:00,1.25166,1.25226,1.2512,1.25202,6390.0
2025-01-02 02:00:00+00:00,1.25202,1.25338,1.25202,1.25337,3519.0
2025-01-02 03:00:00+00:00,1.25336,1.25368,1.25306,1.25366,3233.0
2025-01-02 04:00:00+00:00,1.25365,1.25408,1.25313,1.25345,2645.0
2025-01-02 05:00:00+00:00,1.25346,1.2536,1.25294,1.25328,2417.0
2025-01-02 06:00:00+00:00,1.25326,1.25335,1.25281,1.25293,3751.0
2025-01-02 07:00:00+00:00,1.25292,1.25344,1.25202,1.25218,7530.0
2025-01-02 08:00:00+00:00,1.25217,1.25242,1.2491,1.24983,11516.0
2025-01-02 09:00:00+00:00,1.24982,1.25032,1.24802,1.24826,8729.0
2025-01-02 10:00:00+00:00,1.24826,1.24922,1.24462,1.24466,12459.0
2025-01-02 11:00:00+00:00,1.24465,1.24547,1.2435,1.24538,9172.0
2025-01-02 12:00:00+00:00,1.24537,1.24576,1.24156,1.24202,10231.0
2025-01-02 13:00:00+00:00,1.24202,1.24213,1.23974,1.24043,17065.0
2025-01-02 14:00:00+00:00,1.24042,1.24115,1.23888,1.23986,13704.0
2025-01-02 15:00:00+00:00,1.23988,1.23996,1.23702,1.2375,20643.0
2025-01-02 16:00:00+00:00,1.2375,1.23794,1.23521,1.23746,23929.0
2025-01-02 17:00:00+00:00,1.23742,1.23808,1.23614,1.23723,13277.0
2025-01-02 18:00:00+00:00,1.23724,1.23764,1.23665,1.23694,9062.0
2025-01-02 19:00:00+00:00,1.23694,1.23784,1.2364,1.2369,7753.0
2025-01-02 20:00:00+00:00,1.23689,1.23856,1.23689,1.23786,6846.0
2025-01-02 21:00:00+00:00,1.23785,1.23824,1.23776,1.2381,2593.0
2025-01-02 22:00:00+00:00,1.23766,1.23846,1.23742,1.23826,2732.0
2025-01-02 23:00:00+00:00,1.23842,1.23844,1.23762,1.23798,1453.0
2025-01-03 00:00:00+00:00,1.23798,1.23878,1.23783,1.2387,2571.0
2025-01-03 01:00:00+00:00,1.23871,1.23904,1.23821,1.23852,4067.0
2025-01-03 02:00:00+00:00,1.23852,1.23921,1.23841,1.23911,4293.0
2025-01-03 03:00:00+00:00,1.23914,1.23962,1.23912,1.2394,2419.0
2025-01-03 04:00:00+00:00,1.23939,1.23946,1.23906,1.2394,1765.0
2025-01-03 05:00:00+00:00,1.2394,1.23976,1.23861,1.23955,3571.0
2025-01-03 06:00:00+00:00,1.23954,1.24042,1.23948,1.24042,2838.0
2025-01-03 07:00:00+00:00,1.24038,1.24068,1.23872,1.23996,10353.0
2025-01-03 08:00:00+00:00,1.23997,1.24072,1.23909,1.23938,9753.0
2025-01-03 09:00:00+00:00,1.23938,1.24168,1.23932,1.24058,8747.0
2025-01-03 10:00:00+00:00,1.2406,1.24081,1.23863,1.23926,7304.0
2025-01-03 11:00:00+00:00,1.23926,1.24169,1.23926,1.2407,7518.0
2025-01-03 12:00:00+00:00,1.24072,1.24128,1.24031,1.24065,7072.0
2025-01-03 13:00:00+00:00,1.24066,1.2412,1.23988,1.24014,8109.0
2025-01-03 14:00:00+00:00,1.24014,1.24136,1.23937,1.24116,9117.0
2025-01-03 15:00:00+00:00,1.2411,1.24172,1.23878,1.24049,20155.0
2025-01-03 16:00:00+00:00,1.24046,1.2418,1.24028,1.24176,9733.0
2025-01-03 17:00:00+00:00,1.24175,1.24294,1.2416,1.24186,8186.0
2025-01-03 18:00:00+00:00,1.24185,1.24262,1.24157,1.24204,6090.0
2025-01-03 19:00:00+00:00,1.24204,1.24342,1.24184,1.24277,5506.0
2025-01-03 20:00:00+00:00,1.24276,1.24343,1.24242,1.24268,5599.0
2025-01-03 21:00:00+00:00,1.24267,1.24298,1.24199,1.24232,2318.0
2025-01-05 22:00:00+00:00,1.24266,1.24289,1.24157,1.24185,2207.0
2025-01-05 23:00:00+00:00,1.24191,1.24342,1.24185,1.24247,2163.0
2025-01-06 00:00:00+00:00,1.24248,1.2432,1.24176,1.24299,4984.0
2025-01-06 01:00:00+00:00,1.24298,1.24388,1.24264,1.2435,6486.0
2025-01-06 02:00:00+00:00,1.2435,1.24428,1.24327,1.24395,4753.0
2025-01-06 03:00:00+00:00,1.24394,1.2441,1.24318,1.24358,3656.0
2025-01-06 04:00:00+00:00,1.24356,1.24393,1.24324,1.24377,2688.0
2025-01-06 05:00:00+00:00,1.24378,1.24442,1.24358,1.24366,3434.0
2025-01-06 06:00:00+00:00,1.24364,1.24478,1.24358,1.2443,4339.0
2025-01-06 07:00:00+00:00,1.24429,1.24568,1.24382,1.24526,6380.0
2025-01-06 08:00:00+00:00,1.24528,1.24826,1.24524,1.24804,11548.0
2025-01-06 09:00:00+00:00,1.24804,1.2492,1.24707,1.24756,13734.0
2025-01-06 10:00:00+00:00,1.24758,1.24787,1.24632,1.24636,8513.0
2025-01-06 11:00:00+00:00,1.24632,1.2548,1.24553,1.25436,29550.0
2025-01-06 12:00:00+00:00,1.25434,1.2551,1.25261,1.25354,17000.0
2025-01-06 13:00:00+00:00,1.25356,1.25484,1.25204,1.25342,17058.0
2025-01-06 14:00:00+00:00,1.25343,1.25374,1.24683,1.2512,30904.0
2025-01-06 15:00:00+00:00,1.25116,1.2518,1.24936,1.2508,23219.0
2025-01-06 16:00:00+00:00,1.25082,1.25352,1.25046,1.25264,13035.0
2025-01-06 17:00:00+00:00,1.25264,1.25272,1.25015,1.25182,7861.0
2025-01-06 18:00:00+00:00,1.25184,1.252,1.25052,1.2508,6967.0
2025-01-06 19:00:00+00:00,1.2508,1.25152,1.25026,1.25126,5949.0
2025-01-06 20:00:00+00:00,1.25124,1.25222,1.25113,1.25196,4612.0
2025-01-06 21:00:00+00:00,1.25195,1.25238,1.25176,1.25204,3043.0
2025-01-06 22:00:00+00:00,1.25198,1.25222,1.25144,1.2518,1208.0
2025-01-06 23:00:00+00:00,1.25179,1.25201,1.25093,1.25099,1787.0
2025-01-07 00:00:00+00:00,1.251,1.25146,1.25041,1.2513,5245.0
2025-01-07 01:00:00+00:00,1.25128,1.25236,1.25065,1.25196,6381.0
2025-01-07 02:00:00+00:00,1.25194,1.25249,1.25166,1.25202,4313.0
2025-01-07 03:00:00+00:00,1.25201,1.25332,1.2517,1.2533,3998.0
2025-01-07 04:00:00+00:00,1.2533,1.25353,1.25294,1.25314,2931.0
2025-01-07 05:00:00+00:00,1.25314,1.25428,1.25297,1.2538,4826.0
2025-01-07 06:00:00+00:00,1.25379,1.2546,1.25353,1.25378,5186.0
2025-01-07 07:00:00+00:00,1.25381,1.25632,1.25376,1.25525,10919.0
2025-01-07 08:00:00+00:00,1.25524,1.25616,1.25317,1.25615,11411.0
2025-01-07 09:00:00+00:00,1.25616,1.2576,1.25602,1.25636,9444.0
2025-01-07 10:00:00+00:00,1.25636,1.25689,1.25549,1.25589,9267.0
2025-01-07 11:00:00+00:00,1.25588,1.25597,1.25344,1.25398,8827.0
2025-01-07 12:00:00+00:00,1.25399,1.25447,1.2524,1.25267,10701.0
2025-01-07 13:00:00+00:00,1.25268,1.25486,1.25242,1.25424,11050.0
2025-01-07 14:00:00+00:00,1.25426,1.25442,1.25274,1.25357,11702.0
2025-01-07 15:00:00+00:00,1.25358,1.25358,1.248,1.24976,27088.0
2025-01-07 16:00:00+00:00,1.24979,1.2505,1.24836,1.24965,19331.0
2025-01-07 17:00:00+00:00,1.24964,1.25074,1.24888,1.25001,12759.0
2025-01-07 18:00:00+00:00,1.25002,1.25039,1.24843,1.24884,9177.0
2025-01-07 19:00:00+00:00,1.24886,1.24954,1.24863,1.24906,6225.0
2025-01-07 20:00:00+00:00,1.24904,1.24908,1.2479,1.24806,5933.0
2025-01-07 21:00:00+00:00,1.24804,1.24808,1.24771,1.24778,2147.0
2025-01-07 22:00:00+00:00,1.24764,1.24774,1.2476,1.24765,608.0
2025-01-07 23:00:00+00:00,1.24766,1.24782,1.2473,1.2476,1628.0
2025-01-08 00:00:00+00:00,1.2476,1.24835,1.24759,1.24782,4957.0
2025-01-08 01:00:00+00:00,1.24785,1.24856,1.24762,1.24854,5504.0
2025-01-08 02:00:00+00:00,1.24854,1.24886,1.24842,1.24866,3385.0
2025-01-08 03:00:00+00:00,1.24865,1.24877,1.24785,1.24786,3603.0
2025-01-08 04:00:00+00:00,1.24784,1.24844,1.24782,1.24824,2797.0
2025-01-08 05:00:00+00:00,1.24823,1.24894,1.24792,1.24882,3968.0
2025-01-08 06:00:00+00:00,1.24882,1.24943,1.24848,1.24902,4411.0
2025-01-08 07:00:00+00:00,1.24896,1.249,1.24632,1.24684,11068.0
2025-01-08 08:00:00+00:00,1.24684,1.24716,1.24414,1.24415,13066.0
2025-01-08 09:00:00+00:00,1.24414,1.24542,1.24404,1.24506,11130.0
2025-01-08 10:00:00+00:00,1.24504,1.24523,1.24415,1.24472,8284.0
2025-01-08 11:00:00+00:00,1.24472,1.24472,1.23244,1.23716,26070.0
2025-01-08 12:00:00+00:00,1.23718,1.23738,1.23209,1.23368,17974.0
2025-01-08 13:00:00+00:00,1.23366,1.23592,1.23233,1.23564,22394.0
2025-01-08 14:00:00+00:00,1.23566,1.23666,1.23242,1.23269,16521.0
2025-01-08 15:00:00+00:00,1.2327,1.23532,1.23264,1.23432,15057.0
2025-01-08 16:00:00+00:00,1.23432,1.23688,1.2334,1.23658,12397.0
2025-01-08 17:00:00+00:00,1.23658,1.23684,1.2338,1.23458,10426.0
2025-01-08 18:00:00+00:00,1.23456,1.2367,1.23456,1.23576,9237.0
2025-01-08 19:00:00+00:00,1.23577,1.23772,1.23544,1.23576,9413.0
2025-01-08 20:00:00+00:00,1.23575,1.23644,1.23517,1.23626,6230.0
2025-01-08 21:00:00+00:00,1.23626,1.23666,1.23608,1.23634,2519.0
2025-01-08 22:00:00+00:00,1.23632,1.23666,1.23605,1.2364,895.0
2025-01-08 23:00:00+00:00,1.2364,1.23641,1.23584,1.23586,1415.0
2025-01-09 00:00:00+00:00,1.23586,1.23614,1.23478,1.23566,4269.0
2025-01-09 01:00:00+00:00,1.23564,1.23636,1.2355,1.23592,5602.0
2025-01-09 02:00:00+00:00,1.23591,1.23653,1.23582,1.23604,4658.0
2025-01-09 03:00:00+00:00,1.23604,1.23632,1.23432,1.23441,4482.0
2025-01-09 04:00:00+00:00,1.23442,1.23448,1.2332,1.23345,3721.0
2025-01-09 05:00:00+00:00,1.23346,1.2341,1.2329,1.23318,4641.0
2025-01-09 06:00:00+00:00,1.23318,1.23322,1.22925,1.22947,9308.0
2025-01-09 07:00:00+00:00,1.22946,1.23087,1.22522,1.2259,17257.0
2025-01-09 08:00:00+00:00,1.2259,1.22945,1.22384,1.22878,17801.0
2025-01-09 09:00:00+00:00,1.22878,1.2305,1.22774,1.2282,13516.0
2025-01-09 10:00:00+00:00,1.22818,1.22916,1.22516,1.2285,14334.0
2025-01-09 11:00:00+00:00,1.2285,1.23012,1.2272,1.22891,12760.0
2025-01-09 12:00:00+00:00,1.22891,1.22944,1.22704,1.22933,9410.0
2025-01-09 13:00:00+00:00,1.22934,1.23235,1.22877,1.23008,13141.0
2025-01-09 14:00:00+00:00,1.23008,1.2315,1.22953,1.23141,10460.0
2025-01-09 15:00:00+00:00,1.23146,1.2317,1.22952,1.2303,12528.0
2025-01-09 16:00:00+00:00,1.23029,1.23039,1.22872,1.2301,9635.0
2025-01-09 17:00:00+00:00,1.23011,1.23131,1.22984,1.23014,7287.0
2025-01-09 18:00:00+00:00,1.23011,1.23096,1.22968,1.23063,4907.0
2025-01-09 19:00:00+00:00,1.23064,1.23136,1.23028,1.23091,2953.0
2025-01-09 20:00:00+00:00,1.2309,1.23154,1.23075,1.23106,2560.0
2025-01-09 21:00:00+00:00,1.23106,1.2311,1.23062,1.23073,2114.0
2025-01-09 22:00:00+00:00,1.23075,1.23108,1.23054,1.23104,1111.0
2025-01-09 23:00:00+00:00,1.23104,1.2311,1.22982,1.22986,1432.0
2025-01-10 00:00:00+00:00,1.22986,1.23054,1.22944,1.22976,4008.0
2025-01-10 01:00:00+00:00,1.22972,1.23086,1.22953,1.23036,5827.0
2025-01-10 02:00:00+00:00,1.23037,1.2308,1.23006,1.23054,4210.0
2025-01-10 03:00:00+00:00,1.23052,1.23058,1.23001,1.23008,3556.0
2025-01-10 04:00:00+00:00,1.23008,1.23038,1.22918,1.22936,3431.0
2025-01-10 05:00:00+00:00,1.22936,1.22964,1.22744,1.22758,4866.0
2025-01-10 06:00:00+00:00,1.22757,1.22822,1.22666,1.22682,5276.0
2025-01-10 07:00:00+00:00,1.22682,1.22944,1.22681,1.22908,7729.0
2025-01-10 08:00:00+00:00,1.22908,1.2305,1.22838,1.22886,12293.0
2025-01-10 09:00:00+00:00,1.22885,1.23084,1.22844,1.23024,9756.0
2025-01-10 10:00:00+00:00,1.23023,1.23034,1.22895,1.22952,8352.0
2025-01-10 11:00:00+00:00,1.22953,1.23068,1.22865,1.23027,8465.0
2025-01-10 12:00:00+00:00,1.23026,1.232,1.22998,1.2316,8947.0
2025-01-10 13:00:00+00:00,1.2316,1.2322,1.21914,1.22318,37190.0
2025-01-10 14:00:00+00:00,1.22318,1.22544,1.22196,1.22437,33716.0
2025-01-10 15:00:00+00:00,1.22422,1.22628,1.22228,1.22297,31419.0
2025-01-10 16:00:00+00:00,1.22298,1.22308,1.21952,1.22126,21844.0
2025-01-10 17:00:00+00:00,1.22127,1.22316,1.22044,1.22222,14510.0
2025-01-10 18:00:00+00:00,1.22221,1.22232,1.22062,1.22134,10550.0
2025-01-10 19:00:00+00:00,1.22136,1.22168,1.22038,1.22103,10863.0
2025-01-10 20:00:00+00:00,1.22102,1.22108,1.22022,1.2209,6879.0
2025-01-10 21:00:00+00:00,1.2209,1.2214,1.22052,1.22086,3388.0
2025-01-12 22:00:00+00:00,1.22014,1.22112,1.21991,1.22086,1476.0
2025-01-12 23:00:00+00:00,1.22086,1.22104,1.22003,1.2204,3040.0
2025-01-13 00:00:00+00:00,1.22038,1.22066,1.21934,1.22014,4335.0
2025-01-13 01:00:00+00:00,1.22015,1.22076,1.21889,1.21914,8449.0
2025-01-13 02:00:00+00:00,1.21914,1.21932,1.21806,1.21813,5994.0
2025-01-13 03:00:00+00:00,1.21814,1.21822,1.21378,1.2144,6687.0
2025-01-13 04:00:00+00:00,1.21439,1.21568,1.2126,1.2139,5358.0
2025-01-13 05:00:00+00:00,1.21391,1.21506,1.21302,1.21472,4886.0
2025-01-13 06:00:00+00:00,1.21473,1.21606,1.21417,1.21435,5609.0
2025-01-13 07:00:00+00:00,1.21433,1.2155,1.21233,1.21382,12515.0
2025-01-13 08:00:00+00:00,1.21381,1.21716,1.21358,1.2136,17575.0
2025-01-13 09:00:00+00:00,1.2136,1.2146,1.21015,1.21067,18992.0
2025-01-13 10:00:00+00:00,1.21066,1.2134,1.2106,1.21316,13004.0
2025-01-13 11:00:00+00:00,1.21317,1.21366,1.21094,1.21102,12119.0
2025-01-13 12:00:00+00:00,1.21101,1.21329,1.20997,1.21232,15964.0
2025-01-13 13:00:00+00:00,1.21232,1.21536,1.21116,1.21418,13233.0
2025-01-13 14:00:00+00:00,1.21416,1.21529,1.21324,1.21506,16209.0
2025-01-13 15:00:00+00:00,1.21506,1.21601,1.21383,1.21518,17039.0
2025-01-13 16:00:00+00:00,1.21517,1.21697,1.21427,1.21557,13491.0
2025-01-13 17:00:00+00:00,1.21556,1.21748,1.21556,1.21739,11956.0
2025-01-13 18:00:00+00:00,1.2174,1.21838,1.21635,1.21796,9015.0
2025-01-13 19:00:00+00:00,1.21794,1.21804,1.21643,1.21673,7533.0
2025-01-13 20:00:00+00:00,1.21672,1.2179,1.21658,1.2176,6263.0
2025-01-13 21:00:00+00:00,1.21762,1.22046,1.21759,1.22034,5216.0
2025-01-13 22:00:00+00:00,1.22012,1.22493,1.21998,1.22364,2204.0
2025-01-13 23:00:00+00:00,1.22368,1.22506,1.22174,1.22319,6173.0
2025-01-14 00:00:00+00:00,1.22316,1.2232,1.22072,1.22106,6961.0
2025-01-14 01:00:00+00:00,1.22106,1.22144,1.22044,1.22114,8689.0
2025-01-14 02:00:00+00:00,1.22113,1.2212,1.21922,1.22024,6971.0
2025-01-14 03:00:00+00:00,1.22025,1.22179,1.22002,1.2209,6060.0
2025-01-14 04:00:00+00:00,1.2209,1.22159,1.22013,1.22098,3676.0
2025-01-14 05:00:00+00:00,1.22098,1.22124,1.21974,1.22026,5078.0
2025-01-14 06:00:00+00:00,1.22028,1.22138,1.22023,1.22138,7305.0
2025-01-14 07:00:00+00:00,1.2214,1.2229,1.22043,1.22104,14612.0
2025-01-14 08:00:00+00:00,1.22102,1.22462,1.22072,1.22133,18065.0
2025-01-14 09:00:00+00:00,1.22131,1.22133,1.21764,1.21784,13168.0
2025-01-14 10:00:00+00:00,1.21784,1.21896,1.2174,1.21876,9560.0
2025-01-14 11:00:00+00:00,1.21876,1.21932,1.21704,1.21766,8092.0
2025-01-14 12:00:00+00:00,1.21766,1.21791,1.2155,1.21636,10330.0
2025-01-14 13:00:00+00:00,1.21636,1.21829,1.21384,1.21534,25223.0
2025-01-14 14:00:00+00:00,1.21534,1.21774,1.21409,1.21564,18467.0
2025-01-14 15:00:00+00:00,1.21564,1.22024,1.21562,1.22006,16974.0
2025-01-14 16:00:00+00:00,1.22002,1.22128,1.21767,1.21855,17516.0
2025-01-14 17:00:00+00:00,1.21849,1.21867,1.21684,1.21854,10072.0
2025-01-14 18:00:00+00:00,1.21856,1.2209,1.21838,1.22065,8052.0
2025-01-14 19:00:00+00:00,1.22065,1.2211,1.21958,1.21996,6574.0
2025-01-14 20:00:00+00:00,1.21996,1.22088,1.21949,1.2205,7379.0
2025-01-14 21:00:00+00:00,1.2205,1.22172,1.22044,1.22156,3608.0
2025-01-14 22:00:00+00:00,1.22148,1.22155,1.22096,1.22141,1198.0
2025-01-14 23:00:00+00:00,1.22146,1.22154,1.22056,1.2211,1851.0
2025-01-15 00:00:00+00:00,1.22109,1.22109,1.22,1.22026,3918.0
2025-01-15 01:00:00+00:00,1.22027,1.22096,1.21994,1.22,5018.0
2025-01-15 02:00:00+00:00,1.21998,1.22002,1.21924,1.21964,3998.0
2025-01-15 03:00:00+00:00,1.21961,1.22044,1.21954,1.22037,3610.0
2025-01-15 04:00:00+00:00,1.22038,1.22046,1.21993,1.22038,2958.0
2025-01-15 05:00:00+00:00,1.22036,1.22081,1.21984,1.21998,4880.0
2025-01-15 06:00:00+00:00,1.21997,1.22054,1.21937,1.2198,4506.0
2025-01-15 07:00:00+00:00,1.2198,1.22412,1.2162,1.22342,21900.0
2025-01-15 08:00:00+00:00,1.22343,1.22402,1.2203,1.22063,13616.0
2025-01-15 09:00:00+00:00,1.22062,1.22258,1.22007,1.22184,10510.0
2025-01-15 10:00:00+00:00,1.22184,1.22308,1.22161,1.22273,7492.0
2025-01-15 11:00:00+00:00,1.22274,1.22309,1.22201,1.22244,7529.0
2025-01-15 12:00:00+00:00,1.22246,1.2225,1.22014,1.22136,7528.0
2025-01-15 13:00:00+00:00,1.22137,1.23067,1.22116,1.22978,25535.0
2025-01-15 14:00:00+00:00,1.2298,1.23059,1.2263,1.22676,22515.0
2025-01-15 15:00:00+00:00,1.22674,1.22761,1.22448,1.22581,18951.0
2025-01-15 16:00:00+00:00,1.22582,1.22593,1.21934,1.22119,19658.0
2025-01-15 17:00:00+00:00,1.2212,1.22282,1.221,1.22151,11524.0
2025-01-15 18:00:00+00:00,1.22152,1.22296,1.2213,1.22288,8512.0
2025-01-15 19:00:00+00:00,1.22285,1.22318,1.22235,1.22307,5556.0
2025-01-15 20:00:00+00:00,1.22306,1.2245,1.22292,1.22431,4130.0
2025-01-15 21:00:00+00:00,1.22431,1.22446,1.22346,1.22437,2496.0
2025-01-15 22:00:00+00:00,1.224,1.2244,1.22374,1.22394,3458.0
2025-01-15 23:00:00+00:00,1.22393,1.22436,1.2234,1.22428,1982.0
2025-01-16 00:00:00+00:00,1.22427,1.22483,1.2232,1.22457,5854.0
2025-01-16 01:00:00+00:00,1.22456,1.22462,1.22268,1.22291,7374.0
2025-01-16 02:00:00+00:00,1.22292,1.22338,1.22198,1.22232,6720.0
2025-01-16 03:00:00+00:00,1.22229,1.22266,1.22217,1.22262,4332.0
2025-01-16 04:00:00+00:00,1.22261,1.2231,1.22162,1.22181,3109.0
2025-01-16 05:00:00+00:00,1.22184,1.2219,1.2207,1.22092,4588.0
2025-01-16 06:00:00+00:00,1.22091,1.22214,1.22091,1.22214,5238.0
2025-01-16 07:00:00+00:00,1.22209,1.22266,1.21997,1.22188,12629.0
2025-01-16 08:00:00+00:00,1.2219,1.22235,1.2196,1.22056,12059.0
2025-01-16 09:00:00+00:00,1.22055,1.22126,1.21898,1.21976,10471.0
2025-01-16 10:00:00+00:00,1.21976,1.22098,1.21925,1.22026,8833.0
2025-01-16 11:00:00+00:00,1.22026,1.22129,1.22014,1.22098,8175.0
2025-01-16 12:00:00+00:00,1.22096,1.2212,1.21912,1.21972,10918.0
2025-01-16 13:00:00+00:00,1.21978,1.22008,1.2175,1.21973,21383.0
2025-01-16 14:00:00+00:00,1.21974,1.2203,1.21766,1.21978,17453.0
2025-01-16 15:00:00+00:00,1.21977,1.2239,1.21889,1.22344,26918.0
2025-01-16 16:00:00+00:00,1.22346,1.22485,1.22167,1.22428,21004.0
2025-01-16 17:00:00+00:00,1.22428,1.22605,1.22348,1.22366,14804.0
2025-01-16 18:00:00+00:00,1.22366,1.22466,1.22272,1.22325,8394.0
2025-01-16 19:00:00+00:00,1.22324,1.22414,1.22288,1.22355,8279.0
2025-01-16 20:00:00+00:00,1.22351,1.22366,1.22278,1.22308,5448.0
2025-01-16 21:00:00+00:00,1.22308,1.22392,1.22276,1.22384,2705.0
2025-01-16 22:00:00+00:00,1.22412,1.22442,1.2236,1.22372,1321.0
2025-01-16 23:00:00+00:00,1.22372,1.2238,1.22334,1.22346,1212.0
2025-01-17 00:00:00+00:00,1.22344,1.224,1.22314,1.2236,3177.0
2025-01-17 01:00:00+00:00,1.2236,1.22377,1.22294,1.22326,3740.0
2025-01-17 02:00:00+00:00,1.22326,1.22445,1.22323,1.22334,4541.0
2025-01-17 03:00:00+00:00,1.22336,1.22376,1.22294,1.22332,3179.0
2025-01-17 04:00:00+00:00,1.22332,1.22346,1.22184,1.22203,3434.0
2025-01-17 05:00:00+00:00,1.22202,1.2223,1.22126,1.22172,3773.0
2025-01-17 06:00:00+00:00,1.22173,1.2218,1.22062,1.22165,4255.0
2025-01-17 07:00:00+00:00,1.2215,1.22154,1.21604,1.21741,16807.0
2025-01-17 08:00:00+00:00,1.21744,1.21975,1.21744,1.219,11112.0
2025-01-17 09:00:00+00:00,1.21899,1.22007,1.2184,1.21962,10462.0
2025-01-17 10:00:00+00:00,1.21962,1.22076,1.21962,1.21994,7072.0
2025-01-17 11:00:00+00:00,1.21994,1.22169,1.21928,1.21963,8956.0
2025-01-17 12:00:00+00:00,1.21962,1.21986,1.21812,1.2187,11195.0
2025-01-17 13:00:00+00:00,1.2187,1.21947,1.21756,1.2182,13553.0
2025-01-17 14:00:00+00:00,1.21822,1.21986,1.21606,1.21938,22694.0
2025-01-17 15:00:00+00:00,1.21936,1.22282,1.21903,1.21978,23605.0
2025-01-17 16:00:00+00:00,1.21976,1.21989,1.21759,1.21783,12875.0
2025-01-17 17:00:00+00:00,1.21782,1.21816,1.21679,1.21732,8804.0
2025-01-17 18:00:00+00:00,1.21732,1.21869,1.2166,1.21742,6912.0
2025-01-17 19:00:00+00:00,1.21742,1.21794,1.21648,1.21682,6502.0
2025-01-17 20:00:00+00:00,1.21681,1.2175,1.21653,1.21706,5739.0
2025-01-17 21:00:00+00:00,1.21705,1.21708,1.21659,1.21685,3357.0
2025-01-19 22:00:00+00:00,1.21788,1.21788,1.21714,1.21764,2351.0
2025-01-19 23:00:00+00:00,1.21764,1.21769,1.216,1.21753,2862.0
2025-01-20 00:00:00+00:00,1.21754,1.21858,1.2175,1.21853,4223.0
2025-01-20 01:00:00+00:00,1.21852,1.2195,1.21764,1.21922,5992.0
2025-01-20 02:00:00+00:00,1.21922,1.21944,1.21857,1.21932,5332.0
2025-01-20 03:00:00+00:00,1.21932,1.22056,1.21926,1.22048,4751.0
2025-01-20 04:00:00+00:00,1.2205,1.22076,1.22009,1.22075,2881.0
2025-01-20 05:00:00+00:00,1.22075,1.22152,1.22053,1.22106,3743.0
2025-01-20 06:00:00+00:00,1.22106,1.2222,1.22032,1.2216,6221.0
2025-01-20 07:00:00+00:00,1.2216,1.22188,1.22078,1.22156,8526.0
2025-01-20 08:00:00+00:00,1.22156,1.22198,1.21889,1.21936,12786.0
2025-01-20 09:00:00+00:00,1.21936,1.21968,1.21656,1.2178,12798.0
2025-01-20 10:00:00+00:00,1.21781,1.21947,1.21781,1.21905,8335.0
2025-01-20 11:00:00+00:00,1.21906,1.22074,1.219,1.2206,6457.0
2025-01-20 12:00:00+00:00,1.22061,1.22071,1.21882,1.21984,7232.0
2025-01-20 13:00:00+00:00,1.21982,1.22994,1.21838,1.22989,38696.0
2025-01-20 14:00:00+00:00,1.2299,1.23266,1.2275,1.23068,30950.0
2025-01-20 15:00:00+00:00,1.23066,1.2318,1.22738,1.22925,20406.0
2025-01-20 16:00:00+00:00,1.22924,1.23039,1.22864,1.22954,10369.0
2025-01-20 17:00:00+00:00,1.22956,1.23037,1.22549,1.22821,20506.0
2025-01-20 18:00:00+00:00,1.22824,1.23056,1.22789,1.23052,7126.0
2025-01-20 19:00:00+00:00,1.23053,1.23386,1.23002,1.23358,7482.0
2025-01-20 20:00:00+00:00,1.2336,1.2345,1.2324,1.23282,9166.0
2025-01-20 21:00:00+00:00,1.23282,1.23307,1.23192,1.23296,5145.0
2025-01-20 22:00:00+00:00,1.23276,1.23313,1.23211,1.23256,1210.0
2025-01-20 23:00:00+00:00,1.23254,1.23394,1.23211,1.23321,7666.0
2025-01-21 00:00:00+00:00,1.23325,1.23452,1.22479,1.22596,26322.0
2025-01-21 01:00:00+00:00,1.22596,1.23056,1.22526,1.22754,28169.0
2025-01-21 02:00:00+00:00,1.22752,1.22951,1.22738,1.229,12876.0
2025-01-21 03:00:00+00:00,1.22898,1.23118,1.22891,1.22952,8919.0
2025-01-21 04:00:00+00:00,1.22953,1.2309,1.22918,1.22985,6390.0
2025-01-21 05:00:00+00:00,1.22987,1.2302,1.22726,1.22763,5292.0
2025-01-21 06:00:00+00:00,1.22762,1.22796,1.22604,1.22633,6645.0
2025-01-21 07:00:00+00:00,1.22622,1.22868,1.2253,1.22672,11710.0
2025-01-21 08:00:00+00:00,1.2267,1.22696,1.22466,1.22574,12752.0
2025-01-21 09:00:00+00:00,1.22573,1.22601,1.22348,1.22486,13673.0
2025-01-21 10:00:00+00:00,1.22486,1.22574,1.22424,1.22486,13336.0
2025-01-21 11:00:00+00:00,1.22488,1.22502,1.22292,1.22362,11151.0
2025-01-21 12:00:00+00:00,1.22361,1.22516,1.22331,1.22448,13330.0
2025-01-21 13:00:00+00:00,1.22448,1.22814,1.22422,1.22786,14864.0
2025-01-21 14:00:00+00:00,1.22788,1.22956,1.22706,1.22803,19443.0
2025-01-21 15:00:00+00:00,1.22804,1.23134,1.22702,1.22996,21472.0
2025-01-21 16:00:00+00:00,1.22997,1.23322,1.22966,1.23302,14730.0
2025-01-21 17:00:00+00:00,1.23303,1.23354,1.23258,1.23262,9085.0
2025-01-21 18:00:00+00:00,1.2326,1.23398,1.23242,1.2336,7815.0
2025-01-21 19:00:00+00:00,1.23361,1.23374,1.23231,1.23279,6518.0
2025-01-21 20:00:00+00:00,1.23278,1.23399,1.23254,1.23394,5462.0
2025-01-21 21:00:00+00:00,1.23395,1.23606,1.23388,1.23556,3163.0
2025-01-21 22:00:00+00:00,1.235,1.23551,1.2344,1.23506,1776.0
2025-01-21 23:00:00+00:00,1.2351,1.23534,1.23225,1.23386,9552.0
2025-01-22 00:00:00+00:00,1.23385,1.2354,1.23356,1.23508,7539.0
2025-01-22 01:00:00+00:00,1.23509,1.23513,1.23298,1.23325,7104.0
2025-01-22 02:00:00+00:00,1.23321,1.23396,1.23286,1.23369,6311.0
2025-01-22 03:00:00+00:00,1.2337,1.23379,1.23302,1.23324,3708.0
2025-01-22 04:00:00+00:00,1.23322,1.23468,1.23318,1.23444,3123.0
2025-01-22 05:00:00+00:00,1.23444,1.23482,1.2332,1.23437,4202.0
2025-01-22 06:00:00+00:00,1.23436,1.23438,1.23158,1.23214,6739.0
2025-01-22 07:00:00+00:00,1.23216,1.2328,1.23117,1.23188,11576.0
2025-01-22 08:00:00+00:00,1.2319,1.23391,1.23164,1.23388,13465.0
2025-01-22 09:00:00+00:00,1.23392,1.23654,1.2338,1.23644,14631.0
2025-01-22 10:00:00+00:00,1.23643,1.23768,1.23584,1.2368,11417.0
2025-01-22 11:00:00+00:00,1.23682,1.23733,1.23522,1.23562,8025.0
2025-01-22 12:00:00+00:00,1.2356,1.236,1.2345,1.23561,9694.0
2025-01-22 13:00:00+00:00,1.23562,1.23691,1.2336,1.23454,14017.0
2025-01-22 14:00:00+00:00,1.23453,1.23486,1.23287,1.23362,17229.0
2025-01-22 15:00:00+00:00,1.2336,1.23366,1.23122,1.23184,16608.0
2025-01-22 16:00:00+00:00,1.23181,1.2326,1.23074,1.2322,12520.0
2025-01-22 17:00:00+00:00,1.2322,1.2322,1.23137,1.23218,8522.0
2025-01-22 18:00:00+00:00,1.23218,1.23298,1.23152,1.23242,8051.0
2025-01-22 19:00:00+00:00,1.23242,1.23312,1.23222,1.23258,5660.0
2025-01-22 20:00:00+00:00,1.23258,1.23296,1.23158,1.23167,5238.0
2025-01-22 21:00:00+00:00,1.23169,1.23186,1.23137,1.23166,2487.0
2025-01-22 22:00:00+00:00,1.23198,1.23208,1.23123,1.23136,942.0
2025-01-22 23:00:00+00:00,1.23135,1.23175,1.23072,1.23138,2180.0
2025-01-23 00:00:00+00:00,1.23138,1.23197,1.23123,1.23155,4385.0
2025-01-23 01:00:00+00:00,1.23154,1.23238,1.23088,1.23107,9805.0
2025-01-23 02:00:00+00:00,1.23106,1.23116,1.23021,1.23096,6664.0
2025-01-23 03:00:00+00:00,1.23095,1.2316,1.23079,1.2315,5183.0
2025-01-23 04:00:00+00:00,1.2315,1.23212,1.2315,1.23202,3584.0
2025-01-23 05:00:00+00:00,1.23204,1.23216,1.23114,1.2312,5065.0
2025-01-23 06:00:00+00:00,1.23118,1.23207,1.23083,1.23093,5420.0
2025-01-23 07:00:00+00:00,1.2309,1.23114,1.2295,1.2305,12026.0
2025-01-23 08:00:00+00:00,1.2305,1.23065,1.22934,1.22964,11392.0
2025-01-23 09:00:00+00:00,1.22964,1.23216,1.22955,1.2317,10865.0
2025-01-23 10:00:00+00:00,1.2317,1.2331,1.23143,1.23206,8636.0
2025-01-23 11:00:00+00:00,1.23208,1.23291,1.23062,1.23083,9570.0
2025-01-23 12:00:00+00:00,1.23082,1.2317,1.23002,1.23156,12046.0
2025-01-23 13:00:00+00:00,1.23158,1.23306,1.23086,1.2323,16541.0
2025-01-23 14:00:00+00:00,1.23232,1.23364,1.23174,1.23294,15149.0
2025-01-23 15:00:00+00:00,1.23292,1.23307,1.23109,1.23234,15894.0
2025-01-23 16:00:00+00:00,1.23236,1.23609,1.23003,1.23466,33577.0
2025-01-23 17:00:00+00:00,1.23464,1.23759,1.23424,1.23724,12609.0
2025-01-23 18:00:00+00:00,1.23724,1.23728,1.23559,1.23592,8426.0
2025-01-23 19:00:00+00:00,1.2359,1.23649,1.2355,1.23596,7452.0
2025-01-23 20:00:00+00:00,1.23596,1.2366,1.23528,1.23545,7851.0
2025-01-23 21:00:00+00:00,1.23545,1.23564,1.23469,1.2352,2497.0
2025-01-23 22:00:00+00:00,1.23556,1.23573,1.23509,1.23518,884.0
2025-01-23 23:00:00+00:00,1.2352,1.2355,1.23486,1.23538,1592.0
2025-01-24 00:00:00+00:00,1.23538,1.23586,1.23486,1.23563,4141.0
2025-01-24 01:00:00+00:00,1.23564,1.23582,1.235,1.23548,6276.0
2025-01-24 02:00:00+00:00,1.23548,1.23994,1.23547,1.23983,13872.0
2025-01-24 03:00:00+00:00,1.23984,1.24043,1.23815,1.23936,11249.0
2025-01-24 04:00:00+00:00,1.23935,1.24001,1.23882,1.2393,6977.0
2025-01-24 05:00:00+00:00,1.23932,1.24004,1.23862,1.23997,6548.0
2025-01-24 06:00:00+00:00,1.24,1.24188,1.23977,1.23992,12859.0
2025-01-24 07:00:00+00:00,1.2399,1.23998,1.23764,1.23871,12818.0
2025-01-24 08:00:00+00:00,1.2387,1.24134,1.23838,1.24044,16262.0
2025-01-24 09:00:00+00:00,1.24044,1.2448,1.24018,1.24278,16336.0
2025-01-24 10:00:00+00:00,1.24278,1.24362,1.24218,1.24305,9380.0
2025-01-24 11:00:00+00:00,1.24304,1.24324,1.24111,1.24152,7707.0
2025-01-24 12:00:00+00:00,1.24152,1.24224,1.24006,1.24096,7877.0
2025-01-24 13:00:00+00:00,1.24096,1.24211,1.24016,1.24146,10917.0
2025-01-24 14:00:00+00:00,1.24145,1.24496,1.24096,1.24384,16132.0
2025-01-24 15:00:00+00:00,1.24385,1.2486,1.2435,1.24836,19448.0
2025-01-24 16:00:00+00:00,1.24836,1.24976,1.24808,1.24943,13088.0
2025-01-24 17:00:00+00:00,1.24943,1.25022,1.24874,1.24877,9334.0
2025-01-24 18:00:00+00:00,1.24876,1.24958,1.24792,1.24811,7669.0
2025-01-24 19:00:00+00:00,1.24811,1.24856,1.24793,1.24829,5823.0
2025-01-24 20:00:00+00:00,1.24826,1.24872,1.24778,1.24856,5647.0
2025-01-24 21:00:00+00:00,1.24854,1.24898,1.24806,1.24827,5227.0
2025-01-26 22:00:00+00:00,1.2471,1.24746,1.2471,1.2472,1706.0
2025-01-26 23:00:00+00:00,1.2473,1.24735,1.24564,1.24581,4133.0
2025-01-27 00:00:00+00:00,1.24585,1.24654,1.24528,1.2456,5248.0
2025-01-27 01:00:00+00:00,1.2456,1.24647,1.24477,1.2449,10061.0
2025-01-27 02:00:00+00:00,1.24489,1.24518,1.24422,1.24511,7060.0
2025-01-27 03:00:00+00:00,1.24511,1.24634,1.24468,1.24556,7042.0
2025-01-27 04:00:00+00:00,1.24556,1.24572,1.24478,1.24512,5058.0
2025-01-27 05:00:00+00:00,1.24511,1.24511,1.24424,1.24469,5658.0
2025-01-27 06:00:00+00:00,1.24471,1.24609,1.24466,1.24519,6636.0
2025-01-27 07:00:00+00:00,1.24519,1.2456,1.24294,1.24294,11405.0
2025-01-27 08:00:00+00:00,1.2429,1.24646,1.2426,1.2458,15038.0
2025-01-27 09:00:00+00:00,1.2458,1.24866,1.24508,1.24863,18503.0
2025-01-27 10:00:00+00:00,1.24864,1.25076,1.24857,1.24954,14959.0
2025-01-27 11:00:00+00:00,1.24952,1.25152,1.24912,1.24966,13928.0
2025-01-27 12:00:00+00:00,1.24965,1.25206,1.2495,1.25134,12388.0
2025-01-27 13:00:00+00:00,1.25132,1.25236,1.25003,1.25027,16078.0
2025-01-27 14:00:00+00:00,1.25028,1.2512,1.24964,1.25006,15818.0
2025-01-27 15:00:00+00:00,1.25006,1.25018,1.24694,1.24734,17148.0
2025-01-27 16:00:00+00:00,1.24734,1.24855,1.24685,1.24764,14601.0
2025-01-27 17:00:00+00:00,1.24766,1.24843,1.24674,1.24748,12044.0
2025-01-27 18:00:00+00:00,1.24746,1.24852,1.24696,1.24778,11004.0
2025-01-27 19:00:00+00:00,1.2478,1.24908,1.2474,1.249,9731.0
2025-01-27 20:00:00+00:00,1.249,1.24959,1.2485,1.24908,8242.0
2025-01-27 21:00:00+00:00,1.24908,1.25004,1.24885,1.24999,2803.0
2025-01-27 22:00:00+00:00,1.24946,1.24997,1.24913,1.24963,1891.0
2025-01-27 23:00:00+00:00,1.24964,1.24974,1.24362,1.24509,15053.0
2025-01-28 00:00:00+00:00,1.24515,1.24631,1.24459,1.24567,11931.0
2025-01-28 01:00:00+00:00,1.24568,1.24656,1.24406,1.24506,9781.0
2025-01-28 02:00:00+00:00,1.24505,1.24548,1.2439,1.24452,12492.0
2025-01-28 03:00:00+00:00,1.24451,1.245,1.244,1.2441,6944.0
2025-01-28 04:00:00+00:00,1.24409,1.24452,1.24344,1.2445,5953.0
2025-01-28 05:00:00+00:00,1.2445,1.24498,1.24444,1.24452,4236.0
2025-01-28 06:00:00+00:00,1.24454,1.24536,1.24371,1.2441,5843.0
2025-01-28 07:00:00+00:00,1.2441,1.24486,1.24262,1.24374,10892.0
2025-01-28 08:00:00+00:00,1.24372,1.24434,1.24297,1.24327,13671.0
2025-01-28 09:00:00+00:00,1.24326,1.24558,1.24291,1.24484,12385.0
2025-01-28 10:00:00+00:00,1.24486,1.24522,1.24355,1.24358,8939.0
2025-01-28 11:00:00+00:00,1.24356,1.24406,1.24252,1.24262,7438.0
2025-01-28 12:00:00+00:00,1.24262,1.24346,1.2418,1.24268,9940.0
2025-01-28 13:00:00+00:00,1.24268,1.24342,1.24146,1.2424,11707.0
2025-01-28 14:00:00+00:00,1.2424,1.24433,1.24238,1.24294,13231.0
2025-01-28 15:00:00+00:00,1.24286,1.24474,1.24286,1.24324,14137.0
2025-01-28 16:00:00+00:00,1.24322,1.24454,1.24221,1.24299,12012.0
2025-01-28 17:00:00+00:00,1.243,1.2437,1.24277,1.24288,8168.0
2025-01-28 18:00:00+00:00,1.2429,1.244,1.24258,1.24302,9222.0
2025-01-28 19:00:00+00:00,1.24301,1.24449,1.24222,1.2444,6213.0
2025-01-28 20:00:00+00:00,1.2444,1.24456,1.24368,1.24413,6285.0
2025-01-28 21:00:00+00:00,1.24412,1.24436,1.24394,1.24434,2705.0
2025-01-28 22:00:00+00:00,1.24426,1.24446,1.24375,1.2441,2128.0
2025-01-28 23:00:00+00:00,1.24411,1.24428,1.24364,1.24408,2388.0
2025-01-29 00:00:00+00:00,1.24408,1.24476,1.24359,1.24374,5881.0
2025-01-29 01:00:00+00:00,1.24373,1.24418,1.24357,1.2436,4320.0
2025-01-29 02:00:00+00:00,1.24361,1.24488,1.24345,1.24458,6183.0
2025-01-29 03:00:00+00:00,1.24456,1.24509,1.24418,1.24479,5276.0
2025-01-29 04:00:00+00:00,1.24479,1.24541,1.24479,1.24533,4802.0
2025-01-29 05:00:00+00:00,1.24532,1.24555,1.24476,1.2454,4803.0
2025-01-29 06:00:00+00:00,1.24541,1.24618,1.24524,1.24571,6991.0
2025-01-29 07:00:00+00:00,1.24567,1.24636,1.2446,1.24486,11253.0
2025-01-29 08:00:00+00:00,1.2449,1.24572,1.24338,1.24388,11714.0
2025-01-29 09:00:00+00:00,1.24387,1.24394,1.2416,1.24208,11500.0
2025-01-29 10:00:00+00:00,1.24207,1.24248,1.24106,1.24156,10481.0
2025-01-29 11:00:00+00:00,1.2416,1.24268,1.24129,1.24194,8662.0
2025-01-29 12:00:00+00:00,1.24194,1.24267,1.24092,1.24252,9783.0
2025-01-29 13:00:00+00:00,1.24252,1.24286,1.23932,1.23977,15474.0
2025-01-29 14:00:00+00:00,1.23978,1.24128,1.23966,1.24077,14675.0
2025-01-29 15:00:00+00:00,1.24078,1.24461,1.24016,1.2434,19766.0
2025-01-29 16:00:00+00:00,1.24341,1.24434,1.24238,1.24317,15622.0
2025-01-29 17:00:00+00:00,1.24316,1.24494,1.24308,1.24422,11866.0
2025-01-29 18:00:00+00:00,1.24424,1.24494,1.24345,1.24478,8700.0
2025-01-29 19:00:00+00:00,1.24476,1.24583,1.24123,1.24443,40217.0
2025-01-29 20:00:00+00:00,1.24442,1.24548,1.2432,1.24392,19811.0
2025-01-29 21:00:00+00:00,1.24391,1.24516,1.24376,1.2451,6586.0
2025-01-29 22:00:00+00:00,1.24386,1.24553,1.24352,1.24508,4055.0
2025-01-29 23:00:00+00:00,1.24512,1.24592,1.24478,1.2455,2953.0
2025-01-30 00:00:00+00:00,1.24549,1.24603,1.24513,1.24542,3732.0
2025-01-30 01:00:00+00:00,1.2454,1.24552,1.24451,1.24498,4958.0
2025-01-30 02:00:00+00:00,1.24498,1.24559,1.2448,1.2449,6395.0
2025-01-30 03:00:00+00:00,1.2449,1.24546,1.24482,1.24518,6588.0
2025-01-30 04:00:00+00:00,1.24518,1.24545,1.24434,1.2446,5245.0
2025-01-30 05:00:00+00:00,1.2446,1.24486,1.24422,1.24482,4300.0
2025-01-30 06:00:00+00:00,1.24481,1.24488,1.24349,1.24408,4843.0
2025-01-30 07:00:00+00:00,1.24411,1.24532,1.24318,1.2452,8761.0
2025-01-30 08:00:00+00:00,1.24522,1.24628,1.24454,1.24554,10635.0
2025-01-30 09:00:00+00:00,1.24556,1.24576,1.24344,1.24434,11763.0
2025-01-30 10:00:00+00:00,1.24432,1.24467,1.24255,1.24309,9871.0
2025-01-30 11:00:00+00:00,1.2431,1.24372,1.24253,1.24278,7694.0
2025-01-30 12:00:00+00:00,1.24275,1.24384,1.24247,1.24377,9220.0
2025-01-30 13:00:00+00:00,1.24378,1.24714,1.24296,1.24673,21633.0
2025-01-30 14:00:00+00:00,1.24674,1.24766,1.24556,1.24635,24566.0
2025-01-30 15:00:00+00:00,1.24639,1.2477,1.24614,1.2467,16848.0
2025-01-30 16:00:00+00:00,1.24667,1.24718,1.24488,1.245,11613.0
2025-01-30 17:00:00+00:00,1.24502,1.24518,1.24355,1.24447,9931.0
2025-01-30 18:00:00+00:00,1.24448,1.24562,1.24424,1.24553,6390.0
2025-01-30 19:00:00+00:00,1.24554,1.24612,1.24527,1.24592,5185.0
2025-01-30 20:00:00+00:00,1.24592,1.24644,1.24079,1.24352,24421.0
2025-01-30 21:00:00+00:00,1.24352,1.24414,1.2417,1.24172,10441.0
2025-01-30 22:00:00+00:00,1.24204,1.24242,1.24111,1.24154,1605.0
2025-01-30 23:00:00+00:00,1.2415,1.24242,1.24119,1.24221,3246.0
2025-01-31 00:00:00+00:00,1.24222,1.24316,1.2413,1.24173,4909.0
2025-01-31 01:00:00+00:00,1.2417,1.24248,1.2407,1.24192,9669.0
2025-01-31 02:00:00+00:00,1.24191,1.24279,1.24164,1.24221,6233.0
2025-01-31 03:00:00+00:00,1.2422,1.24266,1.2416,1.24174,5790.0
2025-01-31 04:00:00+00:00,1.24174,1.24226,1.24142,1.2421,5073.0
2025-01-31 05:00:00+00:00,1.24208,1.24262,1.2417,1.24207,5858.0
2025-01-31 06:00:00+00:00,1.24208,1.24314,1.2419,1.243,4792.0
2025-01-31 07:00:00+00:00,1.24302,1.24398,1.24243,1.24354,11383.0
2025-01-31 08:00:00+00:00,1.24352,1.24386,1.24122,1.24142,10287.0
2025-01-31 09:00:00+00:00,1.2414,1.24225,1.2401,1.24216,14275.0
2025-01-31 10:00:00+00:00,1.24214,1.24266,1.24145,1.24164,9844.0
2025-01-31 11:00:00+00:00,1.24162,1.24205,1.24059,1.24092,8282.0
2025-01-31 12:00:00+00:00,1.24094,1.24234,1.24092,1.24206,7900.0
2025-01-31 13:00:00+00:00,1.24206,1.2432,1.24088,1.24138,15674.0
2025-01-31 14:00:00+00:00,1.24136,1.2415,1.23875,1.23942,16088.0
2025-01-31 15:00:00+00:00,1.23943,1.24281,1.23902,1.24252,17528.0
2025-01-31 16:00:00+00:00,1.24252,1.2456,1.24146,1.24461,13819.0
2025-01-31 17:00:00+00:00,1.24462,1.24721,1.24316,1.24538,25287.0
2025-01-31 18:00:00+00:00,1.24538,1.24616,1.23906,1.23964,29790.0
2025-01-31 19:00:00+00:00,1.23963,1.24058,1.23861,1.24004,15580.0
2025-01-31 20:00:00+00:00,1.24004,1.24096,1.23883,1.23998,14995.0
2025-01-31 21:00:00+00:00,1.24,1.24112,1.2387,1.23926,16784.0
2025-02-02 22:00:00+00:00,1.23122,1.23184,1.23032,1.23041,2302.0
2025-02-02 23:00:00+00:00,1.23046,1.23246,1.22831,1.22903,21713.0
2025-02-03 00:00:00+00:00,1.229,1.23134,1.2265,1.22769,30206.0
2025-02-03 01:00:00+00:00,1.2277,1.23072,1.22654,1.22882,21616.0
2025-02-03 02:00:00+00:00,1.22882,1.22884,1.22599,1.22621,17687.0
2025-02-03 03:00:00+00:00,1.22618,1.22652,1.22496,1.22632,10654.0
2025-02-03 04:00:00+00:00,1.22636,1.22839,1.22494,1.22584,17039.0
2025-02-03 05:00:00+00:00,1.22586,1.22794,1.2256,1.22774,10983.0
2025-02-03 06:00:00+00:00,1.22776,1.22946,1.22768,1.22884,10192.0
2025-02-03 07:00:00+00:00,1.22886,1.23004,1.22764,1.2284,19941.0
2025-02-03 08:00:00+00:00,1.22841,1.23232,1.2273,1.23062,21494.0
2025-02-03 09:00:00+00:00,1.2306,1.2321,1.22888,1.22928,13612.0
2025-02-03 10:00:00+00:00,1.22928,1.23154,1.22922,1.23124,10501.0
2025-02-03 11:00:00+00:00,1.23123,1.23214,1.23015,1.23194,8970.0
2025-02-03 12:00:00+00:00,1.23196,1.23504,1.2317,1.23446,17711.0
2025-02-03 13:00:00+00:00,1.23448,1.2375,1.23442,1.23649,22248.0
2025-02-03 14:00:00+00:00,1.2365,1.23697,1.2345,1.23539,23111.0
2025-02-03 15:00:00+00:00,1.23534,1.24354,1.23358,1.24122,56796.0
2025-02-03 16:00:00+00:00,1.24122,1.24365,1.23833,1.23861,37793.0
2025-02-03 17:00:00+00:00,1.23862,1.24139,1.2382,1.23941,25082.0
2025-02-03 18:00:00+00:00,1.2394,1.2403,1.23818,1.23922,21930.0
2025-02-03 19:00:00+00:00,1.23922,1.24092,1.23918,1.23945,10651.0
2025-02-03 20:00:00+00:00,1.23946,1.24094,1.23928,1.24026,7756.0
2025-02-03 21:00:00+00:00,1.24025,1.24557,1.23972,1.24501,17208.0
2025-02-03 22:00:00+00:00,1.24391,1.24448,1.2434,1.2441,3075.0
2025-02-03 23:00:00+00:00,1.2441,1.24541,1.24306,1.24334,5346.0
2025-02-04 00:00:00+00:00,1.24332,1.24374,1.24218,1.24238,4837.0
2025-02-04 01:00:00+00:00,1.24238,1.24246,1.24094,1.24214,8156.0
2025-02-04 02:00:00+00:00,1.24216,1.24272,1.24181,1.24256,7976.0
2025-02-04 03:00:00+00:00,1.24255,1.24276,1.24113,1.24144,7012.0
2025-02-04 04:00:00+00:00,1.24144,1.24148,1.24065,1.24077,5874.0
2025-02-04 05:00:00+00:00,1.24076,1.24078,1.23793,1.23978,19893.0
2025-02-04 06:00:00+00:00,1.2398,1.2411,1.23934,1.24102,9967.0
2025-02-04 07:00:00+00:00,1.241,1.24212,1.24044,1.24154,9348.0
2025-02-04 08:00:00+00:00,1.24154,1.243,1.24048,1.24203,17595.0
2025-02-04 09:00:00+00:00,1.24204,1.2437,1.24204,1.24251,12533.0
2025-02-04 10:00:00+00:00,1.24252,1.24347,1.24152,1.2426,10151.0
2025-02-04 11:00:00+00:00,1.24258,1.24266,1.24026,1.24044,8991.0
2025-02-04 12:00:00+00:00,1.24044,1.24163,1.23958,1.24145,10937.0
2025-02-04 13:00:00+00:00,1.24143,1.24298,1.24132,1.24286,12747.0
2025-02-04 14:00:00+00:00,1.24287,1.24528,1.24283,1.2449,16731.0
2025-02-04 15:00:00+00:00,1.24491,1.2486,1.24485,1.24762,25018.0
2025-02-04 16:00:00+00:00,1.24762,1.24933,1.24708,1.24834,14796.0
2025-02-04 17:00:00+00:00,1.24835,1.24868,1.24716,1.24827,13510.0
2025-02-04 18:00:00+00:00,1.24826,1.24898,1.24782,1.24836,8328.0
2025-02-04 19:00:00+00:00,1.24836,1.24866,1.24748,1.24824,8129.0
2025-02-04 20:00:00+00:00,1.24825,1.2489,1.24794,1.24885,6560.0
2025-02-04 21:00:00+00:00,1.24884,1.24908,1.24782,1.24817,5989.0
2025-02-04 22:00:00+00:00,1.24778,1.2482,1.24768,1.248,811.0
2025-02-04 23:00:00+00:00,1.248,1.24832,1.24751,1.24756,3324.0
2025-02-05 00:00:00+00:00,1.24757,1.24846,1.24743,1.24822,4986.0
2025-02-05 01:00:00+00:00,1.24824,1.24902,1.24702,1.24704,10627.0
2025-02-05 02:00:00+00:00,1.24704,1.24827,1.24688,1.24798,8213.0
2025-02-05 03:00:00+00:00,1.24796,1.24814,1.24742,1.24746,4988.0
2025-02-05 04:00:00+00:00,1.24746,1.24767,1.24702,1.24726,4198.0
2025-02-05 05:00:00+00:00,1.24726,1.24731,1.24635,1.2468,4949.0
2025-02-05 06:00:00+00:00,1.2468,1.24885,1.2466,1.24766,6115.0
2025-02-05 07:00:00+00:00,1.24762,1.25066,1.24716,1.25014,13044.0
2025-02-05 08:00:00+00:00,1.25014,1.25134,1.24883,1.25061,12413.0
2025-02-05 09:00:00+00:00,1.2506,1.2529,1.2505,1.25176,11073.0
2025-02-05 10:00:00+00:00,1.2517,1.25502,1.2513,1.25405,11000.0
2025-02-05 11:00:00+00:00,1.25404,1.2545,1.25316,1.25316,8521.0
2025-02-05 12:00:00+00:00,1.25317,1.25396,1.25256,1.25371,8827.0
2025-02-05 13:00:00+00:00,1.25372,1.25448,1.2512,1.2515,16277.0
2025-02-05 14:00:00+00:00,1.25153,1.25268,1.25057,1.25176,13966.0
2025-02-05 15:00:00+00:00,1.25175,1.25376,1.25018,1.2518,23459.0
2025-02-05 16:00:00+00:00,1.25179,1.25239,1.25069,1.25124,11806.0
2025-02-05 17:00:00+00:00,1.25124,1.25188,1.25034,1.2509,8341.0
2025-02-05 18:00:00+00:00,1.25088,1.25144,1.25048,1.25109,6745.0
2025-02-05 19:00:00+00:00,1.25108,1.25132,1.25032,1.25057,7042.0
2025-02-05 20:00:00+00:00,1.25056,1.25057,1.24979,1.25021,5777.0
2025-02-05 21:00:00+00:00,1.25022,1.25072,1.25013,1.25047,3074.0
2025-02-05 22:00:00+00:00,1.25061,1.25068,1.25019,1.25041,515.0
2025-02-05 23:00:00+00:00,1.25039,1.25066,1.24994,1.25016,1629.0
2025-02-06 00:00:00+00:00,1.25015,1.2508,1.24985,1.25028,3777.0
2025-02-06 01:00:00+00:00,1.2503,1.25098,1.25016,1.25076,7179.0
2025-02-06 02:00:00+00:00,1.25076,1.25092,1.24893,1.24939,5617.0
2025-02-06 03:00:00+00:00,1.24938,1.24956,1.24904,1.24948,4552.0
2025-02-06 04:00:00+00:00,1.24947,1.24969,1.2487,1.24884,4508.0
2025-02-06 05:00:00+00:00,1.24886,1.24916,1.24832,1.24838,3985.0
2025-02-06 06:00:00+00:00,1.2484,1.24912,1.24828,1.2486,4156.0
2025-02-06 07:00:00+00:00,1.24856,1.24857,1.24712,1.24738,8212.0
2025-02-06 08:00:00+00:00,1.2474,1.24751,1.2442,1.24466,10563.0
2025-02-06 09:00:00+00:00,1.24469,1.24551,1.24176,1.24255,10991.0
2025-02-06 10:00:00+00:00,1.24258,1.24315,1.24068,1.24178,10168.0
2025-02-06 11:00:00+00:00,1.24177,1.24298,1.2415,1.24238,10446.0
2025-02-06 12:00:00+00:00,1.24232,1.2432,1.23604,1.23744,24238.0
2025-02-06 13:00:00+00:00,1.23747,1.2398,1.23662,1.23836,16354.0
2025-02-06 14:00:00+00:00,1.23838,1.2416,1.23818,1.23926,14728.0
2025-02-06 15:00:00+00:00,1.23925,1.2421,1.23895,1.2414,17918.0
2025-02-06 16:00:00+00:00,1.24138,1.24454,1.24138,1.24318,11675.0
2025-02-06 17:00:00+00:00,1.24316,1.24429,1.24291,1.24419,8401.0
2025-02-06 18:00:00+00:00,1.24418,1.2456,1.2435,1.24492,10481.0
2025-02-06 19:00:00+00:00,1.24494,1.24506,1.24334,1.24358,6977.0
2025-02-06 20:00:00+00:00,1.24357,1.24412,1.24329,1.24397,5338.0
2025-02-06 21:00:00+00:00,1.24398,1.24414,1.2433,1.24348,3004.0
2025-02-06 22:00:00+00:00,1.2434,1.2435,1.24315,1.24321,1067.0
2025-02-06 23:00:00+00:00,1.24326,1.24377,1.24314,1.24343,1461.0
2025-02-07 00:00:00+00:00,1.24346,1.24434,1.2423,1.24246,3946.0
2025-02-07 01:00:00+00:00,1.24246,1.24354,1.24228,1.24316,6823.0
2025-02-07 02:00:00+00:00,1.24316,1.24394,1.24306,1.24393,6886.0
2025-02-07 03:00:00+00:00,1.24394,1.24401,1.24264,1.24282,4294.0
2025-02-07 04:00:00+00:00,1.24281,1.24294,1.24229,1.24284,3309.0
2025-02-07 05:00:00+00:00,1.24282,1.24295,1.24198,1.24218,4304.0
2025-02-07 06:00:00+00:00,1.24217,1.24292,1.24194,1.24266,4474.0
2025-02-07 07:00:00+00:00,1.24264,1.24458,1.2424,1.24414,7946.0
2025-02-07 08:00:00+00:00,1.24415,1.24668,1.24398,1.24654,8972.0
2025-02-07 09:00:00+00:00,1.24651,1.24687,1.24574,1.24594,7252.0
2025-02-07 10:00:00+00:00,1.24594,1.24653,1.24455,1.24496,7333.0
2025-02-07 11:00:00+00:00,1.24498,1.24586,1.24454,1.24537,6347.0
2025-02-07 12:00:00+00:00,1.24536,1.24537,1.24414,1.24469,6903.0
2025-02-07 13:00:00+00:00,1.24468,1.2494,1.24203,1.24303,28717.0
2025-02-07 14:00:00+00:00,1.24304,1.24668,1.24277,1.24605,18273.0
2025-02-07 15:00:00+00:00,1.24603,1.2462,1.23928,1.24248,27801.0
2025-02-07 16:00:00+00:00,1.24246,1.24262,1.23886,1.23928,32572.0
2025-02-07 17:00:00+00:00,1.23928,1.24207,1.23761,1.24028,29404.0
2025-02-07 18:00:00+00:00,1.24027,1.24224,1.2401,1.24049,10251.0
2025-02-07 19:00:00+00:00,1.24047,1.24174,1.2404,1.2414,9206.0
2025-02-07 20:00:00+00:00,1.2414,1.2417,1.23984,1.24074,7425.0
2025-02-07 21:00:00+00:00,1.24074,1.24128,1.23982,1.24006,3923.0
2025-02-09 22:00:00+00:00,1.23751,1.23993,1.2374,1.23806,3024.0
2025-02-09 23:00:00+00:00,1.23794,1.23948,1.23775,1.23894,5481.0
2025-02-10 00:00:00+00:00,1.23894,1.24008,1.23894,1.23918,7092.0
2025-02-10 01:00:00+00:00,1.2392,1.23956,1.23798,1.2383,9055.0
2025-02-10 02:00:00+00:00,1.23831,1.23898,1.23801,1.23814,6359.0
2025-02-10 03:00:00+00:00,1.23814,1.23968,1.23814,1.23966,5232.0
2025-02-10 04:00:00+00:00,1.23968,1.2401,1.23952,1.23977,3971.0
2025-02-10 05:00:00+00:00,1.2398,1.24088,1.2398,1.2401,5202.0
2025-02-10 06:00:00+00:00,1.24012,1.24107,1.23986,1.24094,5063.0
2025-02-10 07:00:00+00:00,1.24093,1.24148,1.24024,1.24045,9373.0
2025-02-10 08:00:00+00:00,1.24044,1.24076,1.2391,1.23977,11629.0
2025-02-10 09:00:00+00:00,1.23978,1.2421,1.23966,1.24086,11414.0
2025-02-10 10:00:00+00:00,1.24083,1.24164,1.24024,1.24125,7147.0
2025-02-10 11:00:00+00:00,1.24124,1.24224,1.23982,1.2402,8497.0
2025-02-10 12:00:00+00:00,1.2402,1.24042,1.23795,1.23884,9764.0
2025-02-10 13:00:00+00:00,1.23883,1.23998,1.23873,1.23909,8933.0
2025-02-10 14:00:00+00:00,1.2391,1.23915,1.23714,1.23796,12345.0
2025-02-10 15:00:00+00:00,1.23798,1.23944,1.23786,1.23895,10081.0
2025-02-10 16:00:00+00:00,1.23894,1.2394,1.23733,1.23816,9617.0
2025-02-10 17:00:00+00:00,1.23814,1.23859,1.23713,1.23804,6073.0
2025-02-10 18:00:00+00:00,1.23805,1.23814,1.23662,1.23666,5830.0
2025-02-10 19:00:00+00:00,1.23664,1.23725,1.23642,1.23668,4671.0
2025-02-10 20:00:00+00:00,1.23669,1.23696,1.2363,1.23662,3444.0
2025-02-10 21:00:00+00:00,1.23662,1.2368,1.23634,1.23668,1811.0
2025-02-10 22:00:00+00:00,1.23683,1.23713,1.23676,1.23699,2709.0
2025-02-10 23:00:00+00:00,1.23697,1.23698,1.23544,1.23598,4296.0
2025-02-11 00:00:00+00:00,1.23601,1.23636,1.2354,1.23618,3197.0
2025-02-11 01:00:00+00:00,1.23619,1.23652,1.23574,1.23594,6420.0
2025-02-11 02:00:00+00:00,1.23597,1.23614,1.23452,1.23476,6203.0
2025-02-11 03:00:00+00:00,1.23475,1.23557,1.23464,1.2354,5273.0
2025-02-11 04:00:00+00:00,1.23539,1.23606,1.23526,1.23602,4634.0
2025-02-11 05:00:00+00:00,1.23602,1.23632,1.23584,1.23617,3798.0
2025-02-11 06:00:00+00:00,1.23614,1.23664,1.2358,1.23584,5594.0
2025-02-11 07:00:00+00:00,1.23582,1.23594,1.23386,1.23396,8001.0
2025-02-11 08:00:00+00:00,1.23395,1.23606,1.23324,1.23576,9871.0
2025-02-11 09:00:00+00:00,1.23576,1.23782,1.23568,1.23656,8299.0
2025-02-11 10:00:00+00:00,1.23658,1.23688,1.2356,1.2361,8210.0
2025-02-11 11:00:00+00:00,1.23608,1.23697,1.236,1.23664,6215.0
2025-02-11 12:00:00+00:00,1.23664,1.23812,1.2359,1.23808,9465.0
2025-02-11 13:00:00+00:00,1.23809,1.23992,1.2375,1.23982,11556.0
2025-02-11 14:00:00+00:00,1.23984,1.24138,1.23968,1.24072,10799.0
2025-02-11 15:00:00+00:00,1.24074,1.24171,1.24034,1.24052,11890.0
2025-02-11 16:00:00+00:00,1.24053,1.24263,1.24044,1.24218,10006.0
2025-02-11 17:00:00+00:00,1.24217,1.2426,1.24187,1.24236,7176.0
2025-02-11 18:00:00+00:00,1.24237,1.24299,1.24212,1.24246,6527.0
2025-02-11 19:00:00+00:00,1.24246,1.2455,1.2421,1.24386,9398.0
2025-02-11 20:00:00+00:00,1.24385,1.2449,1.24364,1.24451,8110.0
2025-02-11 21:00:00+00:00,1.2445,1.24488,1.24434,1.24468,2923.0
2025-02-11 22:00:00+00:00,1.24418,1.24476,1.24386,1.24446,2690.0
2025-02-11 23:00:00+00:00,1.2445,1.2452,1.24437,1.24515,2395.0
2025-02-12 00:00:00+00:00,1.24516,1.24539,1.24402,1.24454,4338.0
2025-02-12 01:00:00+00:00,1.24455,1.24536,1.24382,1.24503,7339.0
2025-02-12 02:00:00+00:00,1.24502,1.24589,1.24502,1.24511,6257.0
2025-02-12 03:00:00+00:00,1.24511,1.24557,1.24447,1.2451,5425.0
2025-02-12 04:00:00+00:00,1.24509,1.24509,1.24414,1.24418,4493.0
2025-02-12 05:00:00+00:00,1.24418,1.24468,1.2441,1.24454,4954.0
2025-02-12 06:00:00+00:00,1.24454,1.2448,1.24409,1.24428,4505.0
2025-02-12 07:00:00+00:00,1.2443,1.24608,1.24429,1.24575,8978.0
2025-02-12 08:00:00+00:00,1.24574,1.24657,1.24388,1.24424,12066.0
2025-02-12 09:00:00+00:00,1.24424,1.24474,1.24352,1.24464,8390.0
2025-02-12 10:00:00+00:00,1.24465,1.24485,1.24378,1.24418,7879.0
2025-02-12 11:00:00+00:00,1.2442,1.2462,1.24408,1.24568,8908.0
2025-02-12 12:00:00+00:00,1.24566,1.24594,1.24511,1.24518,7555.0
2025-02-12 13:00:00+00:00,1.24518,1.24526,1.23776,1.23892,28379.0
2025-02-12 14:00:00+00:00,1.23891,1.24066,1.2378,1.24043,20607.0
2025-02-12 15:00:00+00:00,1.24044,1.2449,1.23894,1.24342,27537.0
2025-02-12 16:00:00+00:00,1.24341,1.24464,1.24024,1.24434,16592.0
2025-02-12 17:00:00+00:00,1.24434,1.24838,1.24424,1.24778,20076.0
2025-02-12 18:00:00+00:00,1.24776,1.2483,1.24425,1.24445,13766.0
2025-02-12 19:00:00+00:00,1.24444,1.24501,1.24402,1.24464,8075.0
2025-02-12 20:00:00+00:00,1.24464,1.24525,1.24426,1.24452,5968.0
2025-02-12 21:00:00+00:00,1.24456,1.24492,1.24354,1.24434,4160.0
2025-02-12 22:00:00+00:00,1.24396,1.24514,1.24396,1.24448,2344.0
2025-02-12 23:00:00+00:00,1.24446,1.24506,1.24427,1.24506,2053.0
2025-02-13 00:00:00+00:00,1.24508,1.24564,1.24434,1.2445,4914.0
2025-02-13 01:00:00+00:00,1.24452,1.2458,1.24426,1.24568,9759.0
2025-02-13 02:00:00+00:00,1.24568,1.24637,1.24522,1.24622,8206.0
2025-02-13 03:00:00+00:00,1.24619,1.24802,1.24608,1.2477,7812.0
2025-02-13 04:00:00+00:00,1.2477,1.24924,1.24762,1.2488,7095.0
2025-02-13 05:00:00+00:00,1.24882,1.24965,1.24878,1.24912,5912.0
2025-02-13 06:00:00+00:00,1.24912,1.2499,1.24869,1.24886,7520.0
2025-02-13 07:00:00+00:00,1.24888,1.25176,1.24888,1.25096,14760.0
2025-02-13 08:00:00+00:00,1.25095,1.25112,1.2472,1.24758,13764.0
2025-02-13 09:00:00+00:00,1.2476,1.24976,1.24736,1.24912,11324.0
2025-02-13 10:00:00+00:00,1.24914,1.25056,1.24852,1.24936,8474.0
2025-02-13 11:00:00+00:00,1.24936,1.25044,1.24696,1.24756,12426.0
2025-02-13 12:00:00+00:00,1.24754,1.24756,1.24598,1.24672,11883.0
2025-02-13 13:00:00+00:00,1.24673,1.24774,1.24526,1.2471,20098.0
2025-02-13 14:00:00+00:00,1.24712,1.24832,1.24614,1.24828,16270.0
2025-02-13 15:00:00+00:00,1.24828,1.25264,1.24804,1.25232,27857.0
2025-02-13 16:00:00+00:00,1.25232,1.25406,1.25195,1.25262,13042.0
2025-02-13 17:00:00+00:00,1.2526,1.25432,1.25214,1.25221,8852.0
2025-02-13 18:00:00+00:00,1.25222,1.25288,1.2477,1.25085,29549.0
2025-02-13 19:00:00+00:00,1.25086,1.25444,1.25078,1.25373,16642.0
2025-02-13 20:00:00+00:00,1.25374,1.25678,1.25346,1.25604,8842.0
2025-02-13 21:00:00+00:00,1.25606,1.25686,1.25564,1.25661,3368.0
2025-02-13 22:00:00+00:00,1.25569,1.25684,1.25508,1.25657,1385.0
2025-02-13 23:00:00+00:00,1.25658,1.25704,1.25581,1.25648,3272.0
2025-02-14 00:00:00+00:00,1.25646,1.25664,1.25574,1.25612,5805.0
2025-02-14 01:00:00+00:00,1.25614,1.25723,1.256,1.25638,8224.0
2025-02-14 02:00:00+00:00,1.25636,1.25658,1.25582,1.25597,4785.0
2025-02-14 03:00:00+00:00,1.256,1.25612,1.25554,1.25586,4097.0
2025-02-14 04:00:00+00:00,1.25586,1.25627,1.25552,1.25557,3947.0
2025-02-14 05:00:00+00:00,1.25558,1.25573,1.25498,1.2554,4651.0
2025-02-14 06:00:00+00:00,1.25539,1.25636,1.2552,1.25598,6254.0
2025-02-14 07:00:00+00:00,1.25602,1.25752,1.25584,1.25634,10816.0
2025-02-14 08:00:00+00:00,1.25634,1.2595,1.25634,1.25851,14033.0
2025-02-14 09:00:00+00:00,1.25847,1.25962,1.25824,1.25878,10713.0
2025-02-14 10:00:00+00:00,1.25878,1.259,1.25746,1.25787,9233.0
2025-02-14 11:00:00+00:00,1.25788,1.25872,1.25738,1.25817,8665.0
2025-02-14 12:00:00+00:00,1.25819,1.25896,1.2572,1.25855,9312.0
2025-02-14 13:00:00+00:00,1.25856,1.26095,1.25832,1.26033,17389.0
2025-02-14 14:00:00+00:00,1.26034,1.26306,1.26009,1.26268,15182.0
2025-02-14 15:00:00+00:00,1.26269,1.26272,1.26024,1.26176,15408.0
2025-02-14 16:00:00+00:00,1.26174,1.26222,1.26044,1.26056,10559.0
2025-02-14 17:00:00+00:00,1.26056,1.26118,1.26014,1.26093,6681.0
2025-02-14 18:00:00+00:00,1.26094,1.26106,1.25952,1.26018,5339.0
2025-02-14 19:00:00+00:00,1.26018,1.2603,1.25936,1.25952,5713.0
2025-02-14 20:00:00+00:00,1.25952,1.25952,1.25853,1.25865,4929.0
2025-02-14 21:00:00+00:00,1.25866,1.25892,1.25838,1.25864,3284.0
2025-02-16 22:00:00+00:00,1.25889,1.25902,1.25848,1.25872,1104.0
2025-02-16 23:00:00+00:00,1.25871,1.25886,1.25784,1.25841,4507.0
2025-02-17 00:00:00+00:00,1.25842,1.25884,1.25812,1.25859,5356.0
2025-02-17 01:00:00+00:00,1.2586,1.26009,1.25793,1.25997,9015.0
2025-02-17 02:00:00+00:00,1.25997,1.25998,1.25903,1.2595,9990.0
2025-02-17 03:00:00+00:00,1.25949,1.25968,1.25873,1.25918,8336.0
2025-02-17 04:00:00+00:00,1.25919,1.2598,1.25878,1.25956,4840.0
2025-02-17 05:00:00+00:00,1.25958,1.25995,1.25832,1.25884,8016.0
2025-02-17 06:00:00+00:00,1.25884,1.25987,1.25864,1.25978,7804.0
2025-02-17 07:00:00+00:00,1.2598,1.25988,1.25857,1.25956,9254.0
2025-02-17 08:00:00+00:00,1.25956,1.25979,1.25836,1.25912,10490.0
2025-02-17 09:00:00+00:00,1.25912,1.26047,1.25881,1.25916,7452.0
2025-02-17 10:00:00+00:00,1.25915,1.2603,1.2588,1.26026,7614.0
2025-02-17 11:00:00+00:00,1.26024,1.26072,1.25924,1.26022,6737.0
2025-02-17 12:00:00+00:00,1.26022,1.26082,1.25914,1.25938,7099.0
2025-02-17 13:00:00+00:00,1.2594,1.2601,1.25916,1.25932,6531.0
2025-02-17 14:00:00+00:00,1.25932,1.25991,1.25854,1.25956,6447.0
2025-02-17 15:00:00+00:00,1.25957,1.26081,1.25912,1.26064,7424.0
2025-02-17 16:00:00+00:00,1.26063,1.26146,1.26034,1.26098,4771.0
2025-02-17 17:00:00+00:00,1.26098,1.26266,1.26096,1.26228,2936.0
2025-02-17 18:00:00+00:00,1.26227,1.26276,1.26187,1.2627,1849.0
2025-02-17 19:00:00+00:00,1.2627,1.2635,1.26246,1.26275,2230.0
2025-02-17 20:00:00+00:00,1.26276,1.26292,1.2626,1.26276,1513.0
2025-02-17 21:00:00+00:00,1.26276,1.26287,1.26244,1.26258,3204.0
2025-02-17 22:00:00+00:00,1.26247,1.26264,1.26199,1.26219,1216.0
2025-02-17 23:00:00+00:00,1.2622,1.26249,1.26164,1.26208,1653.0
2025-02-18 00:00:00+00:00,1.26208,1.26222,1.26098,1.26106,3759.0
2025-02-18 01:00:00+00:00,1.26106,1.26106,1.26,1.26058,6980.0
2025-02-18 02:00:00+00:00,1.26059,1.26092,1.2603,1.26064,5940.0
2025-02-18 03:00:00+00:00,1.26065,1.26128,1.26004,1.26032,7657.0
2025-02-18 04:00:00+00:00,1.26031,1.26036,1.25942,1.25977,5261.0
2025-02-18 05:00:00+00:00,1.2598,1.25994,1.25932,1.25981,5246.0
2025-02-18 06:00:00+00:00,1.25982,1.26032,1.25929,1.2602,6187.0
2025-02-18 07:00:00+00:00,1.26018,1.26221,1.25998,1.26146,9933.0
2025-02-18 08:00:00+00:00,1.26144,1.26234,1.26068,1.26098,11328.0
2025-02-18 09:00:00+00:00,1.26096,1.26146,1.26016,1.26074,8484.0
2025-02-18 10:00:00+00:00,1.26073,1.261,1.25914,1.25956,7984.0
2025-02-18 11:00:00+00:00,1.25956,1.26052,1.25954,1.26005,6808.0
2025-02-18 12:00:00+00:00,1.26006,1.26077,1.25856,1.25884,8694.0
2025-02-18 13:00:00+00:00,1.25883,1.25999,1.25824,1.25924,10005.0
2025-02-18 14:00:00+00:00,1.25926,1.26086,1.2589,1.26066,10398.0
2025-02-18 15:00:00+00:00,1.26068,1.26212,1.26052,1.26154,12889.0
2025-02-18 16:00:00+00:00,1.2615,1.26194,1.26042,1.26118,8698.0
2025-02-18 17:00:00+00:00,1.26118,1.2612,1.25998,1.26006,6492.0
2025-02-18 18:00:00+00:00,1.26006,1.26036,1.25927,1.26014,5886.0
2025-02-18 19:00:00+00:00,1.26015,1.26064,1.25951,1.25978,5865.0
2025-02-18 20:00:00+00:00,1.25978,1.26078,1.25938,1.26067,4405.0
2025-02-18 21:00:00+00:00,1.26064,1.26148,1.26042,1.26138,3705.0
2025-02-18 22:00:00+00:00,1.26179,1.26404,1.26154,1.26338,2669.0
2025-02-18 23:00:00+00:00,1.26339,1.26342,1.26223,1.26245,2300.0
2025-02-19 00:00:00+00:00,1.26244,1.26276,1.26162,1.26169,5106.0
2025-02-19 01:00:00+00:00,1.26171,1.262,1.26075,1.26136,9716.0
2025-02-19 02:00:00+00:00,1.26134,1.2618,1.26097,1.26161,8458.0
2025-02-19 03:00:00+00:00,1.26162,1.26167,1.26086,1.2616,5640.0
2025-02-19 04:00:00+00:00,1.2616,1.26172,1.26102,1.26166,4917.0
2025-02-19 05:00:00+00:00,1.26165,1.26248,1.26138,1.26244,5489.0
2025-02-19 06:00:00+00:00,1.26244,1.26284,1.26165,1.26178,6485.0
2025-02-19 07:00:00+00:00,1.26182,1.26377,1.26126,1.26182,8834.0
2025-02-19 08:00:00+00:00,1.26182,1.26298,1.26082,1.2613,8724.0
2025-02-19 09:00:00+00:00,1.26126,1.26228,1.26036,1.26048,6951.0
2025-02-19 10:00:00+00:00,1.26048,1.26058,1.25843,1.25924,7019.0
2025-02-19 11:00:00+00:00,1.25925,1.25968,1.25753,1.25846,9285.0
2025-02-19 12:00:00+00:00,1.25846,1.2591,1.25778,1.25864,7715.0
2025-02-19 13:00:00+00:00,1.25866,1.25971,1.25847,1.2591,9977.0
2025-02-19 14:00:00+00:00,1.25912,1.25944,1.25814,1.25927,12102.0
2025-02-19 15:00:00+00:00,1.25926,1.26068,1.25862,1.25896,14677.0
2025-02-19 16:00:00+00:00,1.25896,1.25902,1.25696,1.25714,10915.0
2025-02-19 17:00:00+00:00,1.25712,1.25754,1.25632,1.25728,7721.0
2025-02-19 18:00:00+00:00,1.25727,1.25794,1.25665,1.25757,7684.0
2025-02-19 19:00:00+00:00,1.25754,1.25908,1.2572,1.25844,10219.0
2025-02-19 20:00:00+00:00,1.2584,1.2588,1.25808,1.25878,6690.0
2025-02-19 21:00:00+00:00,1.25878,1.2588,1.25844,1.25856,2954.0
2025-02-19 22:00:00+00:00,1.25834,1.2589,1.25817,1.25826,1625.0
2025-02-19 23:00:00+00:00,1.25824,1.25861,1.25788,1.25832,1763.0
2025-02-20 00:00:00+00:00,1.2583,1.25933,1.25814,1.25922,5131.0
2025-02-20 01:00:00+00:00,1.25922,1.25944,1.25804,1.25834,8439.0
2025-02-20 02:00:00+00:00,1.25834,1.25954,1.25812,1.25943,10223.0
2025-02-20 03:00:00+00:00,1.25944,1.25951,1.25882,1.25925,7377.0
2025-02-20 04:00:00+00:00,1.25926,1.25948,1.2589,1.25943,4897.0
2025-02-20 05:00:00+00:00,1.2594,1.25996,1.25921,1.25941,5636.0
2025-02-20 06:00:00+00:00,1.25942,1.26021,1.25898,1.25902,6234.0
2025-02-20 07:00:00+00:00,1.25904,1.26024,1.25892,1.25954,8499.0
2025-02-20 08:00:00+00:00,1.25955,1.2616,1.25952,1.26084,11290.0
2025-02-20 09:00:00+00:00,1.26083,1.26158,1.2603,1.2614,7827.0
2025-02-20 10:00:00+00:00,1.2614,1.262,1.26098,1.26172,7876.0
2025-02-20 11:00:00+00:00,1.26172,1.26173,1.26004,1.26088,7635.0
2025-02-20 12:00:00+00:00,1.26092,1.26178,1.25972,1.25994,10407.0
2025-02-20 13:00:00+00:00,1.25994,1.26232,1.25984,1.26131,10715.0
2025-02-20 14:00:00+00:00,1.2613,1.26244,1.2607,1.26138,13174.0
2025-02-20 15:00:00+00:00,1.26136,1.26438,1.26056,1.26408,17492.0
2025-02-20 16:00:00+00:00,1.26406,1.26492,1.26318,1.26421,11392.0
2025-02-20 17:00:00+00:00,1.26422,1.26606,1.26372,1.26524,9816.0
2025-02-20 18:00:00+00:00,1.26524,1.26636,1.2649,1.26616,7548.0
2025-02-20 19:00:00+00:00,1.26615,1.26709,1.26534,1.26698,6749.0
2025-02-20 20:00:00+00:00,1.26699,1.26711,1.26641,1.26704,4570.0
2025-02-20 21:00:00+00:00,1.26704,1.26716,1.26672,1.26696,3309.0
2025-02-20 22:00:00+00:00,1.26692,1.26692,1.2663,1.26666,1057.0
2025-02-20 23:00:00+00:00,1.26663,1.26744,1.26651,1.26694,3061.0
2025-02-21 00:00:00+00:00,1.26694,1.26702,1.26583,1.26592,4964.0
2025-02-21 01:00:00+00:00,1.26592,1.26631,1.26538,1.26562,9594.0
2025-02-21 02:00:00+00:00,1.2656,1.26744,1.26558,1.26732,9557.0
2025-02-21 03:00:00+00:00,1.26732,1.26738,1.26671,1.26704,7306.0
2025-02-21 04:00:00+00:00,1.26702,1.26706,1.26636,1.26648,4249.0
2025-02-21 05:00:00+00:00,1.26644,1.26654,1.2657,1.266,6900.0
2025-02-21 06:00:00+00:00,1.266,1.26648,1.2657,1.26602,7932.0
2025-02-21 07:00:00+00:00,1.26604,1.2679,1.26604,1.26692,9243.0
2025-02-21 08:00:00+00:00,1.26693,1.2671,1.26498,1.26596,13364.0
2025-02-21 09:00:00+00:00,1.26596,1.26634,1.26422,1.26502,9128.0
2025-02-21 10:00:00+00:00,1.26501,1.26566,1.26444,1.2647,6843.0
2025-02-21 11:00:00+00:00,1.2647,1.26553,1.26434,1.26451,5665.0
2025-02-21 12:00:00+00:00,1.2645,1.2648,1.26366,1.26396,6193.0
2025-02-21 13:00:00+00:00,1.26395,1.26519,1.26394,1.26458,8929.0
2025-02-21 14:00:00+00:00,1.26458,1.26686,1.26397,1.26563,13773.0
2025-02-21 15:00:00+00:00,1.26564,1.26603,1.26301,1.26382,17141.0
2025-02-21 16:00:00+00:00,1.26382,1.26486,1.26361,1.26444,9772.0
2025-02-21 17:00:00+00:00,1.26448,1.26498,1.26375,1.2645,10146.0
2025-02-21 18:00:00+00:00,1.26449,1.26454,1.26248,1.26345,11488.0
2025-02-21 19:00:00+00:00,1.26344,1.26388,1.26288,1.26314,8583.0
2025-02-21 20:00:00+00:00,1.26314,1.26368,1.26284,1.26306,7995.0
2025-02-21 21:00:00+00:00,1.26308,1.26368,1.2627,1.26356,4253.0
2025-02-23 22:00:00+00:00,1.26377,1.26468,1.26354,1.26434,1076.0
2025-02-23 23:00:00+00:00,1.26408,1.26581,1.26382,1.26489,4124.0
2025-02-24 00:00:00+00:00,1.2649,1.26728,1.26442,1.26666,8964.0
2025-02-24 01:00:00+00:00,1.26666,1.268,1.26614,1.26785,11971.0
2025-02-24 02:00:00+00:00,1.26784,1.26908,1.26778,1.2685,10321.0
2025-02-24 03:00:00+00:00,1.26849,1.2688,1.26772,1.26812,7201.0
2025-02-24 04:00:00+00:00,1.26812,1.26826,1.26735,1.26776,4562.0
2025-02-24 05:00:00+00:00,1.26776,1.26776,1.26709,1.26744,6582.0
2025-02-24 06:00:00+00:00,1.26744,1.26748,1.26576,1.26652,6230.0
2025-02-24 07:00:00+00:00,1.26654,1.26706,1.26382,1.26446,12489.0
2025-02-24 08:00:00+00:00,1.26448,1.26542,1.26295,1.26484,14845.0
2025-02-24 09:00:00+00:00,1.26484,1.26576,1.26256,1.26383,11636.0
2025-02-24 10:00:00+00:00,1.2638,1.26446,1.26266,1.26434,9218.0
2025-02-24 11:00:00+00:00,1.26434,1.2645,1.2635,1.26398,6953.0
2025-02-24 12:00:00+00:00,1.26396,1.26448,1.26322,1.26377,7074.0
2025-02-24 13:00:00+00:00,1.26378,1.26508,1.26349,1.26451,10099.0
2025-02-24 14:00:00+00:00,1.2645,1.26498,1.26121,1.26185,13584.0
2025-02-24 15:00:00+00:00,1.26184,1.26318,1.26155,1.26201,17804.0
2025-02-24 16:00:00+00:00,1.26203,1.26412,1.26176,1.2639,12409.0
2025-02-24 17:00:00+00:00,1.26392,1.26489,1.26304,1.26404,11374.0
2025-02-24 18:00:00+00:00,1.26401,1.2651,1.26391,1.26436,8444.0
2025-02-24 19:00:00+00:00,1.26434,1.2648,1.26308,1.26326,8436.0
2025-02-24 20:00:00+00:00,1.26326,1.26368,1.26214,1.26227,10350.0
2025-02-24 21:00:00+00:00,1.26224,1.26277,1.26182,1.26253,2667.0
2025-02-24 22:00:00+00:00,1.26295,1.2631,1.26255,1.26299,1312.0
2025-02-24 23:00:00+00:00,1.263,1.26312,1.26159,1.26173,2777.0
2025-02-25 00:00:00+00:00,1.26172,1.26218,1.26169,1.26192,4320.0
2025-02-25 01:00:00+00:00,1.26193,1.26234,1.2617,1.26232,8594.0
2025-02-25 02:00:00+00:00,1.26233,1.26354,1.26212,1.26347,10461.0
2025-02-25 03:00:00+00:00,1.26346,1.26363,1.26301,1.26325,6132.0
2025-02-25 04:00:00+00:00,1.26326,1.26382,1.2632,1.26336,5642.0
2025-02-25 05:00:00+00:00,1.26335,1.26388,1.26334,1.2637,6192.0
2025-02-25 06:00:00+00:00,1.2637,1.2639,1.26268,1.26313,6085.0
2025-02-25 07:00:00+00:00,1.26312,1.26322,1.26111,1.26128,12498.0
2025-02-25 08:00:00+00:00,1.26128,1.26307,1.26058,1.262,12865.0
2025-02-25 09:00:00+00:00,1.26201,1.26302,1.26187,1.2624,10476.0
2025-02-25 10:00:00+00:00,1.26242,1.26286,1.26154,1.26258,8443.0
2025-02-25 11:00:00+00:00,1.26258,1.26537,1.2625,1.26534,8285.0
2025-02-25 12:00:00+00:00,1.26532,1.26622,1.26476,1.26573,10818.0
2025-02-25 13:00:00+00:00,1.26574,1.26778,1.26556,1.26709,12046.0
2025-02-25 14:00:00+00:00,1.26707,1.26738,1.26602,1.26621,14090.0
2025-02-25 15:00:00+00:00,1.2662,1.26776,1.26514,1.26544,19736.0
2025-02-25 16:00:00+00:00,1.26544,1.26592,1.26466,1.26504,15160.0
2025-02-25 17:00:00+00:00,1.26505,1.26634,1.26405,1.26634,10818.0
2025-02-25 18:00:00+00:00,1.26633,1.26752,1.26605,1.26657,9889.0
2025-02-25 19:00:00+00:00,1.26656,1.26706,1.26598,1.26694,9428.0
2025-02-25 20:00:00+00:00,1.26694,1.26774,1.26664,1.26704,9464.0
2025-02-25 21:00:00+00:00,1.26703,1.2673,1.26649,1.26669,3913.0
2025-02-25 22:00:00+00:00,1.26636,1.26693,1.26618,1.26682,981.0
2025-02-25 23:00:00+00:00,1.26675,1.26762,1.26671,1.26718,3309.0
2025-02-26 00:00:00+00:00,1.26718,1.26779,1.26711,1.2676,4946.0
2025-02-26 01:00:00+00:00,1.26758,1.26758,1.2664,1.26648,9035.0
2025-02-26 02:00:00+00:00,1.26648,1.26668,1.2652,1.26553,7348.0
2025-02-26 03:00:00+00:00,1.26554,1.26577,1.26485,1.26498,5852.0
2025-02-26 04:00:00+00:00,1.26498,1.26505,1.26406,1.2641,3948.0
2025-02-26 05:00:00+00:00,1.26412,1.26426,1.26354,1.26386,6161.0
2025-02-26 06:00:00+00:00,1.26386,1.26502,1.2636,1.26486,7463.0
2025-02-26 07:00:00+00:00,1.26486,1.26573,1.26451,1.26482,10657.0
2025-02-26 08:00:00+00:00,1.2648,1.26645,1.26418,1.26517,11347.0
2025-02-26 09:00:00+00:00,1.26518,1.26595,1.2649,1.26534,9291.0
2025-02-26 10:00:00+00:00,1.26536,1.2658,1.26406,1.26453,8880.0
2025-02-26 11:00:00+00:00,1.26451,1.26512,1.26401,1.26486,6961.0
2025-02-26 12:00:00+00:00,1.26486,1.26568,1.26411,1.26433,7931.0
2025-02-26 13:00:00+00:00,1.26436,1.26649,1.26424,1.26539,11086.0
2025-02-26 14:00:00+00:00,1.26538,1.26677,1.26517,1.26656,13598.0
2025-02-26 15:00:00+00:00,1.26658,1.26989,1.2658,1.26947,18187.0
2025-02-26 16:00:00+00:00,1.26948,1.27086,1.26879,1.2694,13057.0
2025-02-26 17:00:00+00:00,1.26939,1.27161,1.26776,1.26846,21813.0
2025-02-26 18:00:00+00:00,1.26846,1.26964,1.26776,1.26811,14567.0
2025-02-26 19:00:00+00:00,1.26811,1.2688,1.26724,1.2684,12713.0
2025-02-26 20:00:00+00:00,1.26843,1.26846,1.2672,1.2675,8108.0
2025-02-26 21:00:00+00:00,1.2675,1.26772,1.267,1.26768,4344.0
2025-02-26 22:00:00+00:00,1.26782,1.2681,1.2675,1.26778,449.0
2025-02-26 23:00:00+00:00,1.2678,1.26842,1.26754,1.26806,2114.0
2025-02-27 00:00:00+00:00,1.26805,1.26805,1.2664,1.26658,5373.0
2025-02-27 01:00:00+00:00,1.26657,1.26702,1.26608,1.26646,9323.0
2025-02-27 02:00:00+00:00,1.26647,1.26668,1.26596,1.2661,9480.0
2025-02-27 03:00:00+00:00,1.26612,1.2666,1.2656,1.26566,7195.0
2025-02-27 04:00:00+00:00,1.26568,1.26589,1.26503,1.26544,6420.0
2025-02-27 05:00:00+00:00,1.26544,1.26568,1.26516,1.26548,7887.0
2025-02-27 06:00:00+00:00,1.26549,1.2664,1.2654,1.26627,8999.0
2025-02-27 07:00:00+00:00,1.26628,1.26714,1.26584,1.26666,8985.0
2025-02-27 08:00:00+00:00,1.26667,1.26774,1.26637,1.2672,11315.0
2025-02-27 09:00:00+00:00,1.2672,1.2679,1.26676,1.26788,9225.0
2025-02-27 10:00:00+00:00,1.26786,1.26798,1.26664,1.26792,7926.0
2025-02-27 11:00:00+00:00,1.26794,1.26892,1.26696,1.26729,7818.0
2025-02-27 12:00:00+00:00,1.26728,1.26878,1.26662,1.26667,9750.0
2025-02-27 13:00:00+00:00,1.26668,1.26885,1.26286,1.26326,24302.0
2025-02-27 14:00:00+00:00,1.26326,1.26452,1.26222,1.26288,22226.0
2025-02-27 15:00:00+00:00,1.2629,1.26385,1.26221,1.2628,19249.0
2025-02-27 16:00:00+00:00,1.2628,1.26344,1.26156,1.26268,12136.0
2025-02-27 17:00:00+00:00,1.26268,1.26299,1.26091,1.26128,10079.0
2025-02-27 18:00:00+00:00,1.26128,1.26294,1.26128,1.26284,8341.0
2025-02-27 19:00:00+00:00,1.26284,1.26298,1.26053,1.26082,10366.0
2025-02-27 20:00:00+00:00,1.26082,1.26124,1.26046,1.26122,10198.0
2025-02-27 21:00:00+00:00,1.26124,1.26128,1.25982,1.26014,4182.0
2025-02-27 22:00:00+00:00,1.26009,1.26052,1.26,1.26018,1110.0
2025-02-27 23:00:00+00:00,1.26016,1.26064,1.25963,1.25964,2216.0
2025-02-28 00:00:00+00:00,1.25967,1.26075,1.25966,1.26068,5581.0
2025-02-28 01:00:00+00:00,1.26068,1.26106,1.25943,1.25946,10345.0
2025-02-28 02:00:00+00:00,1.25946,1.26009,1.25833,1.25838,9257.0
2025-02-28 03:00:00+00:00,1.2584,1.2589,1.2582,1.25848,7263.0
2025-02-28 04:00:00+00:00,1.25848,1.25868,1.25816,1.25828,4590.0
2025-02-28 05:00:00+00:00,1.2583,1.25862,1.25807,1.25859,5285.0
2025-02-28 06:00:00+00:00,1.25858,1.25863,1.2573,1.25798,7637.0
2025-02-28 07:00:00+00:00,1.25798,1.2596,1.25779,1.25886,11317.0
2025-02-28 08:00:00+00:00,1.25886,1.26041,1.25857,1.26003,11148.0
2025-02-28 09:00:00+00:00,1.26004,1.26073,1.25948,1.25952,8814.0
2025-02-28 10:00:00+00:00,1.2595,1.26044,1.2591,1.25929,7082.0
2025-02-28 11:00:00+00:00,1.25928,1.25984,1.25837,1.25954,6665.0
2025-02-28 12:00:00+00:00,1.25955,1.2602,1.2594,1.26014,8704.0
2025-02-28 13:00:00+00:00,1.26013,1.26106,1.2596,1.26025,12554.0
2025-02-28 14:00:00+00:00,1.26026,1.261,1.25934,1.2603,13592.0
2025-02-28 15:00:00+00:00,1.26026,1.26221,1.2583,1.25924,16806.0
2025-02-28 16:00:00+00:00,1.25924,1.2599,1.25807,1.2589,15550.0
2025-02-28 17:00:00+00:00,1.2589,1.26049,1.25866,1.25899,13590.0
2025-02-28 18:00:00+00:00,1.259,1.2591,1.25607,1.25622,18683.0
2025-02-28 19:00:00+00:00,1.25619,1.25772,1.25594,1.2572,11594.0
2025-02-28 20:00:00+00:00,1.2572,1.25838,1.25684,1.25817,12016.0
2025-02-28 21:00:00+00:00,1.25818,1.25834,1.25756,1.25794,3992.0
2025-03-02 22:00:00+00:00,1.25864,1.25934,1.25822,1.25913,579.0
2025-03-02 23:00:00+00:00,1.25912,1.26088,1.25895,1.26024,6482.0
2025-03-03 00:00:00+00:00,1.26023,1.2611,1.25944,1.26028,9388.0
2025-03-03 01:00:00+00:00,1.26028,1.2614,1.26006,1.26088,11603.0
2025-03-03 02:00:00+00:00,1.26086,1.26139,1.26051,1.26074,7690.0
2025-03-03 03:00:00+00:00,1.26073,1.26076,1.25967,1.26024,8071.0
2025-03-03 04:00:00+00:00,1.26024,1.26076,1.2601,1.26034,4397.0
2025-03-03 05:00:00+00:00,1.26035,1.26082,1.26004,1.26052,5853.0
2025-03-03 06:00:00+00:00,1.26052,1.26066,1.25949,1.25975,8196.0
2025-03-03 07:00:00+00:00,1.25974,1.26032,1.25912,1.26016,10491.0
2025-03-03 08:00:00+00:00,1.26016,1.26054,1.25824,1.2591,14137.0
2025-03-03 09:00:00+00:00,1.2591,1.26302,1.25903,1.26289,9695.0
2025-03-03 10:00:00+00:00,1.2629,1.26484,1.26288,1.26469,13519.0
2025-03-03 11:00:00+00:00,1.26468,1.26632,1.26417,1.26606,10795.0
2025-03-03 12:00:00+00:00,1.26605,1.26892,1.26598,1.26876,15905.0
2025-03-03 13:00:00+00:00,1.26876,1.26886,1.26732,1.26797,14682.0
2025-03-03 14:00:00+00:00,1.26797,1.2702,1.26726,1.26919,15698.0
2025-03-03 15:00:00+00:00,1.26911,1.27144,1.26845,1.26991,25700.0
2025-03-03 16:00:00+00:00,1.2699,1.27116,1.26952,1.2709,14712.0
2025-03-03 17:00:00+00:00,1.2709,1.2718,1.27044,1.27165,9796.0
2025-03-03 18:00:00+00:00,1.27165,1.27246,1.27014,1.27065,13563.0
2025-03-03 19:00:00+00:00,1.27064,1.27099,1.26873,1.2691,16562.0
2025-03-03 20:00:00+00:00,1.2691,1.26988,1.26799,1.26974,21225.0
2025-03-03 21:00:00+00:00,1.26976,1.27074,1.26964,1.27015,5935.0
2025-03-03 22:00:00+00:00,1.27008,1.27054,1.26976,1.27029,1033.0
2025-03-03 23:00:00+00:00,1.27035,1.27098,1.26978,1.27017,3951.0
2025-03-04 00:00:00+00:00,1.27018,1.27048,1.26878,1.27,8785.0
2025-03-04 01:00:00+00:00,1.26998,1.27087,1.2693,1.26976,13375.0
2025-03-04 02:00:00+00:00,1.26976,1.26999,1.26888,1.2689,9568.0
2025-03-04 03:00:00+00:00,1.2689,1.26948,1.26848,1.26874,7555.0
2025-03-04 04:00:00+00:00,1.26878,1.26966,1.26788,1.26943,6006.0
2025-03-04 05:00:00+00:00,1.26943,1.26997,1.26837,1.26957,10497.0
2025-03-04 06:00:00+00:00,1.26956,1.27028,1.26886,1.26986,9126.0
2025-03-04 07:00:00+00:00,1.26986,1.27092,1.26914,1.2704,14132.0
2025-03-04 08:00:00+00:00,1.2704,1.27242,1.26927,1.27198,18828.0
2025-03-04 09:00:00+00:00,1.27198,1.27412,1.27101,1.27248,13130.0
2025-03-04 10:00:00+00:00,1.27248,1.27282,1.27045,1.27229,9957.0
2025-03-04 11:00:00+00:00,1.27228,1.27418,1.2709,1.27408,10566.0
2025-03-04 12:00:00+00:00,1.27407,1.27518,1.2733,1.27466,12528.0
2025-03-04 13:00:00+00:00,1.27467,1.2754,1.27204,1.27224,17821.0
2025-03-04 14:00:00+00:00,1.27226,1.27314,1.27073,1.27095,22379.0
2025-03-04 15:00:00+00:00,1.27096,1.2722,1.26997,1.27161,21866.0
2025-03-04 16:00:00+00:00,1.2716,1.27309,1.27041,1.27251,18374.0
2025-03-04 17:00:00+00:00,1.27254,1.2746,1.27252,1.27438,17783.0
2025-03-04 18:00:00+00:00,1.27438,1.27768,1.27414,1.27751,22097.0
2025-03-04 19:00:00+00:00,1.27752,1.27889,1.27751,1.27875,13945.0
2025-03-04 20:00:00+00:00,1.27876,1.27999,1.27834,1.27842,16785.0
2025-03-04 21:00:00+00:00,1.27844,1.27996,1.27839,1.27952,10814.0
2025-03-04 22:00:00+00:00,1.27925,1.27942,1.27898,1.27902,555.0
2025-03-04 23:00:00+00:00,1.27896,1.2797,1.27866,1.27956,4104.0
2025-03-05 00:00:00+00:00,1.27954,1.27956,1.27842,1.27886,9460.0
2025-03-05 01:00:00+00:00,1.27887,1.27963,1.27764,1.27774,19379.0
2025-03-05 02:00:00+00:00,1.27776,1.2783,1.27694,1.27705,14138.0
2025-03-05 03:00:00+00:00,1.27702,1.27872,1.27678,1.27868,13367.0
2025-03-05 04:00:00+00:00,1.27868,1.27953,1.27856,1.27875,8963.0
2025-03-05 05:00:00+00:00,1.27874,1.27974,1.27872,1.27958,8082.0
2025-03-05 06:00:00+00:00,1.27954,1.28026,1.27874,1.27972,10138.0
2025-03-05 07:00:00+00:00,1.27971,1.28221,1.27958,1.28209,17154.0
2025-03-05 08:00:00+00:00,1.28208,1.28528,1.28153,1.28434,19340.0
2025-03-05 09:00:00+00:00,1.28434,1.28546,1.28352,1.28361,16092.0
2025-03-05 10:00:00+00:00,1.2836,1.28414,1.28173,1.28317,11625.0
2025-03-05 11:00:00+00:00,1.28315,1.28359,1.28172,1.28238,9427.0
2025-03-05 12:00:00+00:00,1.28238,1.28438,1.28109,1.28128,12662.0
2025-03-05 13:00:00+00:00,1.2813,1.28274,1.28038,1.28226,23926.0
2025-03-05 14:00:00+00:00,1.28222,1.28704,1.28198,1.28699,24351.0
2025-03-05 15:00:00+00:00,1.28698,1.28732,1.28527,1.28672,29431.0
2025-03-05 16:00:00+00:00,1.2867,1.28794,1.28548,1.286,23034.0
2025-03-05 17:00:00+00:00,1.286,1.28815,1.28568,1.28794,18738.0
2025-03-05 18:00:00+00:00,1.28796,1.28891,1.28648,1.28886,21271.0
2025-03-05 19:00:00+00:00,1.28886,1.2898,1.28846,1.2897,14478.0
2025-03-05 20:00:00+00:00,1.2897,1.29011,1.28957,1.29005,11314.0
2025-03-05 21:00:00+00:00,1.29004,1.29004,1.28914,1.28952,5069.0
2025-03-05 22:00:00+00:00,1.28941,1.28952,1.28906,1.28922,4043.0
2025-03-05 23:00:00+00:00,1.28917,1.28954,1.28871,1.28898,3276.0
2025-03-06 00:00:00+00:00,1.28898,1.29006,1.28871,1.28924,7216.0
2025-03-06 01:00:00+00:00,1.28926,1.29079,1.289,1.2905,9995.0
2025-03-06 02:00:00+00:00,1.2905,1.29088,1.28922,1.28973,11483.0
2025-03-06 03:00:00+00:00,1.28972,1.28978,1.28862,1.28866,8641.0
2025-03-06 04:00:00+00:00,1.28866,1.29019,1.28834,1.2901,6243.0
2025-03-06 05:00:00+00:00,1.29011,1.29039,1.28951,1.29024,7520.0
2025-03-06 06:00:00+00:00,1.29025,1.2913,1.28953,1.28993,8683.0
2025-03-06 07:00:00+00:00,1.28996,1.2924,1.28904,1.29088,18238.0
2025-03-06 08:00:00+00:00,1.29089,1.29148,1.28914,1.28951,22874.0
2025-03-06 09:00:00+00:00,1.28948,1.29056,1.2869,1.28766,17811.0
2025-03-06 10:00:00+00:00,1.28766,1.28837,1.2866,1.28735,14223.0
2025-03-06 11:00:00+00:00,1.28733,1.28864,1.2869,1.28797,12206.0
2025-03-06 12:00:00+00:00,1.28798,1.28978,1.28754,1.28864,13271.0
2025-03-06 13:00:00+00:00,1.28866,1.28977,1.28784,1.28971,25379.0
2025-03-06 14:00:00+00:00,1.28972,1.29067,1.28803,1.29025,29765.0
2025-03-06 15:00:00+00:00,1.29026,1.29189,1.28819,1.28906,28595.0
2025-03-06 16:00:00+00:00,1.28906,1.29128,1.28883,1.28938,24779.0
2025-03-06 17:00:00+00:00,1.28937,1.2902,1.28824,1.28878,16485.0
2025-03-06 18:00:00+00:00,1.28876,1.29004,1.28771,1.28856,14060.0
2025-03-06 19:00:00+00:00,1.28856,1.29036,1.28824,1.28942,12282.0
2025-03-06 20:00:00+00:00,1.28942,1.28954,1.28775,1.28784,11308.0
2025-03-06 21:00:00+00:00,1.28784,1.2884,1.28708,1.28826,3767.0
2025-03-06 22:00:00+00:00,1.28784,1.28826,1.28784,1.28817,1120.0
2025-03-06 23:00:00+00:00,1.2882,1.28895,1.28814,1.28832,2344.0
2025-03-07 00:00:00+00:00,1.28832,1.28895,1.28802,1.28824,5798.0
2025-03-07 01:00:00+00:00,1.28824,1.28866,1.28762,1.28838,8583.0
2025-03-07 02:00:00+00:00,1.28838,1.28906,1.28773,1.28856,8366.0
2025-03-07 03:00:00+00:00,1.28854,1.2893,1.28834,1.28876,8222.0
2025-03-07 04:00:00+00:00,1.28876,1.28909,1.28829,1.28859,5260.0
2025-03-07 05:00:00+00:00,1.28858,1.28909,1.28824,1.2885,7696.0
2025-03-07 06:00:00+00:00,1.28848,1.28996,1.288,1.28974,9311.0
2025-03-07 07:00:00+00:00,1.28972,1.29112,1.28916,1.29045,11687.0
2025-03-07 08:00:00+00:00,1.29045,1.29278,1.2902,1.29206,13606.0
2025-03-07 09:00:00+00:00,1.29206,1.29448,1.29151,1.29385,12996.0
2025-03-07 10:00:00+00:00,1.29386,1.29425,1.29172,1.29203,9412.0
2025-03-07 11:00:00+00:00,1.29202,1.29238,1.29108,1.29198,8386.0
2025-03-07 12:00:00+00:00,1.29198,1.29204,1.2903,1.29106,10934.0
2025-03-07 13:00:00+00:00,1.29106,1.29414,1.29024,1.29028,31599.0
2025-03-07 14:00:00+00:00,1.29028,1.29316,1.29016,1.29199,26754.0
2025-03-07 15:00:00+00:00,1.292,1.29372,1.29006,1.29236,25785.0
2025-03-07 16:00:00+00:00,1.29235,1.293,1.29052,1.29152,19074.0
2025-03-07 17:00:00+00:00,1.29152,1.29206,1.28948,1.29074,19387.0
2025-03-07 18:00:00+00:00,1.29074,1.29128,1.28967,1.29113,15188.0
2025-03-07 19:00:00+00:00,1.29116,1.29217,1.29059,1.29206,12246.0
2025-03-07 20:00:00+00:00,1.29207,1.29268,1.29189,1.29248,7488.0
2025-03-07 21:00:00+00:00,1.2925,1.29298,1.29206,1.29217,3437.0
2025-03-09 21:00:00+00:00,1.29014,1.2927,1.29014,1.29188,1265.0
2025-03-09 22:00:00+00:00,1.29186,1.29334,1.2918,1.29314,5132.0
2025-03-09 23:00:00+00:00,1.29314,1.29386,1.29258,1.2932,6698.0
2025-03-10 00:00:00+00:00,1.29322,1.29438,1.2931,1.29382,9374.0
2025-03-10 01:00:00+00:00,1.2938,1.2946,1.29274,1.2929,9026.0
2025-03-10 02:00:00+00:00,1.2929,1.29313,1.29112,1.29126,7700.0
2025-03-10 03:00:00+00:00,1.29126,1.2917,1.29098,1.29116,7363.0
2025-03-10 04:00:00+00:00,1.29118,1.2916,1.29075,1.29077,5295.0
2025-03-10 05:00:00+00:00,1.29076,1.29129,1.29058,1.29128,7029.0
2025-03-10 06:00:00+00:00,1.29128,1.2923,1.29113,1.29148,8542.0
2025-03-10 07:00:00+00:00,1.2915,1.29204,1.28888,1.28957,12838.0
2025-03-10 08:00:00+00:00,1.28958,1.28975,1.28742,1.28779,17380.0
2025-03-10 09:00:00+00:00,1.28782,1.29129,1.28744,1.29092,15300.0
2025-03-10 10:00:00+00:00,1.29093,1.29308,1.29093,1.29208,15129.0
2025-03-10 11:00:00+00:00,1.29208,1.29342,1.2902,1.29226,18927.0
2025-03-10 12:00:00+00:00,1.29226,1.29458,1.29206,1.29337,15072.0
2025-03-10 13:00:00+00:00,1.29338,1.29468,1.29214,1.2926,17210.0
2025-03-10 14:00:00+00:00,1.29255,1.2926,1.29072,1.29173,19052.0
2025-03-10 15:00:00+00:00,1.29172,1.29205,1.28986,1.29048,17556.0
2025-03-10 16:00:00+00:00,1.29048,1.29102,1.28854,1.2895,12447.0
2025-03-10 17:00:00+00:00,1.28948,1.2895,1.28775,1.28775,11728.0
2025-03-10 18:00:00+00:00,1.28776,1.28806,1.28623,1.28696,12562.0
2025-03-10 19:00:00+00:00,1.28696,1.2878,1.28614,1.28772,10569.0
2025-03-10 20:00:00+00:00,1.28772,1.28796,1.28647,1.28784,4493.0
2025-03-10 21:00:00+00:00,1.28782,1.28814,1.28776,1.28788,687.0
2025-03-10 22:00:00+00:00,1.28786,1.28792,1.28727,1.2874,3096.0
2025-03-10 23:00:00+00:00,1.28741,1.28815,1.28726,1.28754,4887.0
2025-03-11 00:00:00+00:00,1.28754,1.28889,1.28742,1.28858,8773.0
2025-03-11 01:00:00+00:00,1.28857,1.28906,1.28764,1.28895,12988.0
2025-03-11 02:00:00+00:00,1.28896,1.28937,1.2883,1.28894,11162.0
2025-03-11 03:00:00+00:00,1.28894,1.28952,1.28857,1.28901,9564.0
2025-03-11 04:00:00+00:00,1.289,1.28982,1.28865,1.28948,7553.0
2025-03-11 05:00:00+00:00,1.28948,1.28958,1.28732,1.28766,8432.0
2025-03-11 06:00:00+00:00,1.28768,1.29036,1.28744,1.28942,13324.0
2025-03-11 07:00:00+00:00,1.28942,1.2918,1.28908,1.29092,17724.0
2025-03-11 08:00:00+00:00,1.29093,1.29374,1.29062,1.29299,16470.0
2025-03-11 09:00:00+00:00,1.29298,1.29417,1.29234,1.29348,13257.0
2025-03-11 10:00:00+00:00,1.29346,1.29348,1.29237,1.2927,10545.0
2025-03-11 11:00:00+00:00,1.2927,1.29369,1.29192,1.29242,11330.0
2025-03-11 12:00:00+00:00,1.29244,1.29521,1.29217,1.29447,14245.0
2025-03-11 13:00:00+00:00,1.29448,1.29474,1.29288,1.29338,18142.0
2025-03-11 14:00:00+00:00,1.29339,1.2935,1.29181,1.29316,28926.0
2025-03-11 15:00:00+00:00,1.29315,1.29567,1.29289,1.29458,19333.0
2025-03-11 16:00:00+00:00,1.29458,1.29458,1.29366,1.2937,12876.0
2025-03-11 17:00:00+00:00,1.29372,1.29499,1.29339,1.29496,12825.0
2025-03-11 18:00:00+00:00,1.29497,1.29661,1.29479,1.29603,17518.0
2025-03-11 19:00:00+00:00,1.29604,1.29656,1.29513,1.29522,11564.0
2025-03-11 20:00:00+00:00,1.2952,1.29526,1.29462,1.29505,3631.0
2025-03-11 21:00:00+00:00,1.29508,1.29556,1.2945,1.29468,1418.0
2025-03-11 22:00:00+00:00,1.29472,1.29505,1.2945,1.29486,2060.0
2025-03-11 23:00:00+00:00,1.29486,1.29504,1.29434,1.2944,2681.0
2025-03-12 00:00:00+00:00,1.29439,1.29465,1.29314,1.29359,6172.0
2025-03-12 01:00:00+00:00,1.2936,1.29436,1.29344,1.29376,10536.0
2025-03-12 02:00:00+00:00,1.29376,1.2943,1.29328,1.29334,9554.0
2025-03-12 03:00:00+00:00,1.29335,1.29354,1.2922,1.29224,6608.0
2025-03-12 04:00:00+00:00,1.29224,1.29263,1.29195,1.2924,5703.0
2025-03-12 05:00:00+00:00,1.2924,1.29317,1.29208,1.29314,8383.0
2025-03-12 06:00:00+00:00,1.29312,1.29328,1.29156,1.29164,8658.0
2025-03-12 07:00:00+00:00,1.29166,1.29323,1.29134,1.29288,12116.0
2025-03-12 08:00:00+00:00,1.29288,1.29424,1.29237,1.29423,16997.0
2025-03-12 09:00:00+00:00,1.29424,1.29458,1.29338,1.29347,11988.0
2025-03-12 10:00:00+00:00,1.29344,1.2944,1.29297,1.29338,8848.0
2025-03-12 11:00:00+00:00,1.29338,1.29614,1.29336,1.29442,10500.0
2025-03-12 12:00:00+00:00,1.29444,1.29917,1.29384,1.29431,28390.0
2025-03-12 13:00:00+00:00,1.29432,1.29556,1.29274,1.29351,23799.0
2025-03-12 14:00:00+00:00,1.2935,1.29486,1.29245,1.29462,15595.0
2025-03-12 15:00:00+00:00,1.29462,1.29684,1.29418,1.29682,14160.0
2025-03-12 16:00:00+00:00,1.29682,1.29828,1.29646,1.29729,12082.0
2025-03-12 17:00:00+00:00,1.2973,1.29806,1.29658,1.29671,9526.0
2025-03-12 18:00:00+00:00,1.29672,1.29734,1.29638,1.29676,9052.0
2025-03-12 19:00:00+00:00,1.29676,1.29726,1.2963,1.29674,8498.0
2025-03-12 20:00:00+00:00,1.29675,1.29706,1.29602,1.29634,3430.0
2025-03-12 21:00:00+00:00,1.29616,1.29671,1.29608,1.2963,487.0
2025-03-12 22:00:00+00:00,1.29636,1.29674,1.29634,1.2966,1461.0
2025-03-12 23:00:00+00:00,1.29659,1.29676,1.29611,1.29644,1870.0
2025-03-13 00:00:00+00:00,1.29645,1.29684,1.29608,1.29674,4005.0
2025-03-13 01:00:00+00:00,1.29672,1.29705,1.29626,1.29668,7945.0
2025-03-13 02:00:00+00:00,1.29668,1.29736,1.29664,1.29702,6710.0
2025-03-13 03:00:00+00:00,1.29701,1.29704,1.29578,1.29582,5996.0
2025-03-13 04:00:00+00:00,1.29578,1.29626,1.29546,1.29624,6444.0
2025-03-13 05:00:00+00:00,1.29623,1.29624,1.29526,1.29588,6873.0
2025-03-13 06:00:00+00:00,1.29587,1.29606,1.29468,1.29514,8559.0
2025-03-13 07:00:00+00:00,1.29513,1.29588,1.29418,1.2953,11782.0
2025-03-13 08:00:00+00:00,1.29532,1.29662,1.29414,1.29481,15005.0
2025-03-13 09:00:00+00:00,1.29478,1.29604,1.29444,1.29596,10963.0
2025-03-13 10:00:00+00:00,1.296,1.29638,1.29494,1.29564,9978.0
2025-03-13 11:00:00+00:00,1.29564,1.2958,1.29271,1.29322,13779.0
2025-03-13 12:00:00+00:00,1.29322,1.2968,1.29276,1.29328,20223.0
2025-03-13 13:00:00+00:00,1.29328,1.29452,1.29209,1.29374,16453.0
2025-03-13 14:00:00+00:00,1.29374,1.29602,1.29362,1.29566,16264.0
2025-03-13 15:00:00+00:00,1.29569,1.29586,1.29355,1.29436,17621.0
2025-03-13 16:00:00+00:00,1.29435,1.29587,1.29366,1.29468,12070.0
2025-03-13 17:00:00+00:00,1.29468,1.29478,1.29364,1.29405,11952.0
2025-03-13 18:00:00+00:00,1.29404,1.2954,1.29394,1.2952,7610.0
2025-03-13 19:00:00+00:00,1.29519,1.29536,1.2942,1.29443,7510.0
2025-03-13 20:00:00+00:00,1.29444,1.29564,1.29427,1.29515,3335.0
2025-03-13 21:00:00+00:00,1.29522,1.29549,1.295,1.29508,588.0
2025-03-13 22:00:00+00:00,1.29506,1.2958,1.29476,1.2952,1970.0
2025-03-13 23:00:00+00:00,1.29519,1.29574,1.29492,1.29571,2774.0
2025-03-14 00:00:00+00:00,1.29569,1.29592,1.2945,1.29452,5989.0
2025-03-14 01:00:00+00:00,1.2945,1.29492,1.2941,1.2942,9485.0
2025-03-14 02:00:00+00:00,1.29419,1.29446,1.29359,1.294,7288.0
2025-03-14 03:00:00+00:00,1.29402,1.29472,1.29391,1.2944,9387.0
2025-03-14 04:00:00+00:00,1.2944,1.29454,1.29367,1.29414,7855.0
2025-03-14 05:00:00+00:00,1.29412,1.29498,1.294,1.29492,8108.0
2025-03-14 06:00:00+00:00,1.29492,1.29492,1.2937,1.29396,8480.0
2025-03-14 07:00:00+00:00,1.29358,1.2936,1.29176,1.29254,12814.0
2025-03-14 08:00:00+00:00,1.29255,1.29407,1.29214,1.2933,10838.0
2025-03-14 09:00:00+00:00,1.2933,1.29356,1.29202,1.29282,10321.0
2025-03-14 10:00:00+00:00,1.2928,1.29542,1.29245,1.29418,17238.0
2025-03-14 11:00:00+00:00,1.29418,1.29468,1.29319,1.29392,15831.0
2025-03-14 12:00:00+00:00,1.29392,1.29528,1.29377,1.29422,13066.0
2025-03-14 13:00:00+00:00,1.29422,1.2944,1.29339,1.29392,14305.0
2025-03-14 14:00:00+00:00,1.29392,1.29458,1.29237,1.2926,18589.0
2025-03-14 15:00:00+00:00,1.29262,1.2935,1.29112,1.2915,14344.0
2025-03-14 16:00:00+00:00,1.29151,1.29274,1.29123,1.29251,9384.0
2025-03-14 17:00:00+00:00,1.29252,1.2933,1.29246,1.29285,6857.0
2025-03-14 18:00:00+00:00,1.29285,1.29338,1.29282,1.29322,6156.0
2025-03-14 19:00:00+00:00,1.29321,1.29366,1.29278,1.29356,3178.0
2025-03-14 20:00:00+00:00,1.29356,1.29392,1.29316,1.29366,6221.0
2025-03-16 21:00:00+00:00,1.29347,1.29356,1.29256,1.29338,2930.0
2025-03-16 22:00:00+00:00,1.29341,1.2936,1.29256,1.2931,2931.0
2025-03-16 23:00:00+00:00,1.29308,1.29352,1.29268,1.29274,3355.0
2025-03-17 00:00:00+00:00,1.29273,1.2934,1.2927,1.29296,4597.0
2025-03-17 01:00:00+00:00,1.29296,1.29448,1.29286,1.29382,7386.0
2025-03-17 02:00:00+00:00,1.29378,1.29408,1.29342,1.29358,6604.0
2025-03-17 03:00:00+00:00,1.29358,1.29383,1.29308,1.29358,4399.0
2025-03-17 04:00:00+00:00,1.29356,1.29452,1.29312,1.29352,5263.0
2025-03-17 05:00:00+00:00,1.29352,1.2936,1.29292,1.29346,4478.0
2025-03-17 06:00:00+00:00,1.29348,1.29378,1.29282,1.29294,4957.0
2025-03-17 07:00:00+00:00,1.29294,1.29407,1.2929,1.29362,9904.0
2025-03-17 08:00:00+00:00,1.29362,1.29464,1.29304,1.29422,11074.0
2025-03-17 09:00:00+00:00,1.29422,1.29578,1.29407,1.2953,8335.0
2025-03-17 10:00:00+00:00,1.2953,1.2974,1.29506,1.29717,7185.0
2025-03-17 11:00:00+00:00,1.29717,1.29776,1.29649,1.29713,7356.0
2025-03-17 12:00:00+00:00,1.29712,1.29774,1.29591,1.29718,13124.0
2025-03-17 13:00:00+00:00,1.2972,1.2983,1.29686,1.29796,11891.0
2025-03-17 14:00:00+00:00,1.29797,1.29837,1.29676,1.29824,10032.0
2025-03-17 15:00:00+00:00,1.29822,1.29954,1.29791,1.29848,8612.0
2025-03-17 16:00:00+00:00,1.2985,1.29936,1.29815,1.29909,6546.0
2025-03-17 17:00:00+00:00,1.2991,1.29939,1.29856,1.29909,5952.0
2025-03-17 18:00:00+00:00,1.2991,1.2999,1.29898,1.2997,6489.0
2025-03-17 19:00:00+00:00,1.2997,1.29971,1.29908,1.29916,4107.0
2025-03-17 20:00:00+00:00,1.29918,1.29983,1.29878,1.29918,3781.0
2025-03-17 21:00:00+00:00,1.29937,1.29938,1.29864,1.29898,493.0
2025-03-17 22:00:00+00:00,1.29897,1.29916,1.29866,1.2988,1710.0
2025-03-17 23:00:00+00:00,1.2988,1.29892,1.29839,1.29839,2146.0
2025-03-18 00:00:00+00:00,1.29838,1.29874,1.29822,1.29836,4124.0
2025-03-18 01:00:00+00:00,1.29834,1.29872,1.2981,1.29817,7099.0
2025-03-18 02:00:00+00:00,1.29816,1.29829,1.2974,1.29743,5852.0
2025-03-18 03:00:00+00:00,1.29742,1.29758,1.29708,1.2974,4573.0
2025-03-18 04:00:00+00:00,1.2974,1.2978,1.29736,1.29774,4947.0
2025-03-18 05:00:00+00:00,1.29774,1.29796,1.29742,1.29744,4605.0
2025-03-18 06:00:00+00:00,1.29744,1.29808,1.29678,1.29799,5921.0
2025-03-18 07:00:00+00:00,1.298,1.2989,1.29776,1.29868,6343.0
2025-03-18 08:00:00+00:00,1.2987,1.3005,1.29862,1.29968,8885.0
2025-03-18 09:00:00+00:00,1.2997,1.30038,1.29855,1.30018,6795.0
2025-03-18 10:00:00+00:00,1.30018,1.30028,1.29876,1.299,8853.0
2025-03-18 11:00:00+00:00,1.29902,1.2992,1.29646,1.29652,7248.0
2025-03-18 12:00:00+00:00,1.29652,1.29754,1.29514,1.29697,10741.0
2025-03-18 13:00:00+00:00,1.29698,1.29776,1.29538,1.29675,12509.0
2025-03-18 14:00:00+00:00,1.29676,1.29782,1.29624,1.29692,13124.0
2025-03-18 15:00:00+00:00,1.29693,1.29928,1.29561,1.29844,14946.0
2025-03-18 16:00:00+00:00,1.29843,1.29992,1.29774,1.29991,9884.0
2025-03-18 17:00:00+00:00,1.2999,1.30075,1.2997,1.3005,8475.0
2025-03-18 18:00:00+00:00,1.30052,1.30082,1.29996,1.3005,6782.0
2025-03-18 19:00:00+00:00,1.30053,1.301,1.3002,1.30056,5204.0
2025-03-18 20:00:00+00:00,1.30058,1.30068,1.30005,1.30016,3258.0
2025-03-18 21:00:00+00:00,1.30014,1.30043,1.2999,1.30042,497.0
2025-03-18 22:00:00+00:00,1.30044,1.3005,1.2999,1.30007,1080.0
2025-03-18 23:00:00+00:00,1.30008,1.30037,1.29994,1.30006,1848.0
2025-03-19 00:00:00+00:00,1.30006,1.30022,1.29942,1.29964,4125.0
2025-03-19 01:00:00+00:00,1.29963,1.2997,1.29921,1.29944,5131.0
2025-03-19 02:00:00+00:00,1.29945,1.3003,1.29934,1.2999,4734.0
2025-03-19 03:00:00+00:00,1.29989,1.30014,1.2989,1.29948,4116.0
2025-03-19 04:00:00+00:00,1.29946,1.29946,1.29861,1.29876,3082.0
2025-03-19 05:00:00+00:00,1.29877,1.2991,1.29818,1.29842,5076.0
2025-03-19 06:00:00+00:00,1.29844,1.2987,1.29772,1.29776,5968.0
2025-03-19 07:00:00+00:00,1.29778,1.29798,1.29576,1.29714,14958.0
2025-03-19 08:00:00+00:00,1.29716,1.29812,1.29655,1.29738,10900.0
2025-03-19 09:00:00+00:00,1.2974,1.29799,1.29641,1.29723,7998.0
2025-03-19 10:00:00+00:00,1.29722,1.29726,1.29572,1.29654,7786.0
2025-03-19 11:00:00+00:00,1.29654,1.29826,1.29601,1.29769,9366.0
2025-03-19 12:00:00+00:00,1.2977,1.29826,1.29646,1.29663,7860.0
2025-03-19 13:00:00+00:00,1.29666,1.29678,1.29551,1.29661,10560.0
2025-03-19 14:00:00+00:00,1.29662,1.29746,1.29625,1.2967,8507.0
2025-03-19 15:00:00+00:00,1.29672,1.29723,1.29617,1.29667,8107.0
2025-03-19 16:00:00+00:00,1.29668,1.29762,1.29664,1.29741,7214.0
2025-03-19 17:00:00+00:00,1.29742,1.29746,1.29558,1.29662,7706.0
2025-03-19 18:00:00+00:00,1.29666,1.30106,1.29598,1.3007,26885.0
2025-03-19 19:00:00+00:00,1.3007,1.30114,1.2982,1.29978,16135.0
2025-03-19 20:00:00+00:00,1.29976,1.30055,1.29932,1.30038,3900.0
2025-03-19 21:00:00+00:00,1.29982,1.3006,1.29969,1.30057,1217.0
2025-03-19 22:00:00+00:00,1.30052,1.30118,1.30024,1.30062,1537.0
2025-03-19 23:00:00+00:00,1.30062,1.30106,1.30036,1.30102,1910.0
2025-03-20 00:00:00+00:00,1.30102,1.30149,1.29986,1.30092,6025.0
2025-03-20 01:00:00+00:00,1.30094,1.301,1.30014,1.3003,6887.0
2025-03-20 02:00:00+00:00,1.30032,1.30132,1.30028,1.30062,6374.0
2025-03-20 03:00:00+00:00,1.30062,1.30112,1.3005,1.30076,4285.0
2025-03-20 04:00:00+00:00,1.3008,1.30083,1.30004,1.3002,3803.0
2025-03-20 05:00:00+00:00,1.3002,1.30022,1.29908,1.2995,3943.0
2025-03-20 06:00:00+00:00,1.29949,1.29963,1.2985,1.29868,5760.0
2025-03-20 07:00:00+00:00,1.29872,1.29908,1.29626,1.29717,9042.0
2025-03-20 08:00:00+00:00,1.29718,1.29798,1.29674,1.2972,10148.0
2025-03-20 09:00:00+00:00,1.29716,1.29722,1.29458,1.29554,11275.0
2025-03-20 10:00:00+00:00,1.29556,1.29576,1.29362,1.29532,12636.0
2025-03-20 11:00:00+00:00,1.29533,1.29648,1.29464,1.29556,8929.0
2025-03-20 12:00:00+00:00,1.29556,1.29798,1.29487,1.29514,14433.0
2025-03-20 13:00:00+00:00,1.29514,1.29588,1.2936,1.29533,14649.0
2025-03-20 14:00:00+00:00,1.2953,1.29674,1.29523,1.29656,13152.0
2025-03-20 15:00:00+00:00,1.29658,1.2974,1.2953,1.2973,10187.0
2025-03-20 16:00:00+00:00,1.2973,1.29734,1.29622,1.29652,8422.0
2025-03-20 17:00:00+00:00,1.29652,1.29704,1.29564,1.29614,5851.0
2025-03-20 18:00:00+00:00,1.29616,1.29626,1.29566,1.29604,4453.0
2025-03-20 19:00:00+00:00,1.29604,1.29672,1.29601,1.29661,3792.0
2025-03-20 20:00:00+00:00,1.29663,1.29696,1.29628,1.2967,1921.0
2025-03-20 21:00:00+00:00,1.29662,1.29716,1.29608,1.2971,781.0
2025-03-20 22:00:00+00:00,1.29706,1.29708,1.29632,1.29661,2234.0
2025-03-20 23:00:00+00:00,1.29662,1.29696,1.29644,1.29652,2420.0
2025-03-21 00:00:00+00:00,1.29651,1.29706,1.29606,1.29642,4095.0
2025-03-21 01:00:00+00:00,1.29642,1.29682,1.29594,1.2964,5327.0
2025-03-21 02:00:00+00:00,1.2964,1.29666,1.29569,1.29595,4454.0
2025-03-21 03:00:00+00:00,1.29592,1.29599,1.29448,1.29462,4299.0
2025-03-21 04:00:00+00:00,1.29461,1.29474,1.29378,1.294,3323.0
2025-03-21 05:00:00+00:00,1.294,1.294,1.29252,1.29296,4956.0
2025-03-21 06:00:00+00:00,1.29296,1.29371,1.29246,1.29352,5554.0
2025-03-21 07:00:00+00:00,1.29354,1.29454,1.293,1.29352,9118.0
2025-03-21 08:00:00+00:00,1.2935,1.29416,1.29224,1.29406,9716.0
2025-03-21 09:00:00+00:00,1.29407,1.29434,1.29326,1.29332,6253.0
2025-03-21 10:00:00+00:00,1.29333,1.29476,1.29328,1.29438,7196.0
2025-03-21 11:00:00+00:00,1.29439,1.29472,1.2938,1.29456,6706.0
2025-03-21 12:00:00+00:00,1.29456,1.29558,1.2933,1.29368,8969.0
2025-03-21 13:00:00+00:00,1.29366,1.29372,1.29232,1.2937,11000.0
2025-03-21 14:00:00+00:00,1.2937,1.29396,1.29264,1.29342,10420.0
2025-03-21 15:00:00+00:00,1.29342,1.29381,1.28936,1.28937,11898.0
2025-03-21 16:00:00+00:00,1.28938,1.29209,1.28879,1.29208,11957.0
2025-03-21 17:00:00+00:00,1.29208,1.29296,1.29092,1.29226,7203.0
2025-03-21 18:00:00+00:00,1.29227,1.29298,1.29143,1.29267,5798.0
2025-03-21 19:00:00+00:00,1.29268,1.29293,1.29172,1.2919,2959.0
2025-03-21 20:00:00+00:00,1.29188,1.2921,1.2911,1.29168,2318.0
2025-03-23 21:00:00+00:00,1.28984,1.2912,1.28978,1.29084,479.0
2025-03-23 22:00:00+00:00,1.29078,1.29238,1.29078,1.29143,3234.0
2025-03-23 23:00:00+00:00,1.29144,1.29266,1.2912,1.29254,3582.0
2025-03-24 00:00:00+00:00,1.29255,1.29346,1.29218,1.29337,6098.0
2025-03-24 01:00:00+00:00,1.29338,1.29351,1.29202,1.29241,8848.0
2025-03-24 02:00:00+00:00,1.2924,1.29306,1.29234,1.29242,5786.0
2025-03-24 03:00:00+00:00,1.29245,1.29294,1.29128,1.29137,5642.0
2025-03-24 04:00:00+00:00,1.29138,1.29195,1.29113,1.29167,4663.0
2025-03-24 05:00:00+00:00,1.29168,1.29243,1.29127,1.29232,6023.0
2025-03-24 06:00:00+00:00,1.29231,1.29495,1.29224,1.29431,6293.0
2025-03-24 07:00:00+00:00,1.29432,1.29524,1.29389,1.29478,8796.0
2025-03-24 08:00:00+00:00,1.29478,1.29575,1.29444,1.29531,12283.0
2025-03-24 09:00:00+00:00,1.29534,1.29652,1.29398,1.29608,10477.0
2025-03-24 10:00:00+00:00,1.29608,1.29743,1.29578,1.29662,8359.0
2025-03-24 11:00:00+00:00,1.29662,1.29672,1.2943,1.29446,7146.0
2025-03-24 12:00:00+00:00,1.29445,1.29503,1.29404,1.29436,10731.0
2025-03-24 13:00:00+00:00,1.29436,1.29448,1.29178,1.29183,13760.0
2025-03-24 14:00:00+00:00,1.29181,1.29502,1.2914,1.29272,16239.0
2025-03-24 15:00:00+00:00,1.29274,1.29282,1.29078,1.29118,12283.0
2025-03-24 16:00:00+00:00,1.29118,1.29243,1.28956,1.29036,10446.0
2025-03-24 17:00:00+00:00,1.29035,1.29122,1.29006,1.2911,6789.0
2025-03-24 18:00:00+00:00,1.29106,1.29302,1.29054,1.29262,7243.0
2025-03-24 19:00:00+00:00,1.29262,1.29289,1.29184,1.29214,4096.0
2025-03-24 20:00:00+00:00,1.29211,1.29276,1.29199,1.29234,3958.0
2025-03-24 21:00:00+00:00,1.29235,1.29236,1.29197,1.29228,519.0
2025-03-24 22:00:00+00:00,1.29228,1.29246,1.29169,1.29205,984.0
2025-03-24 23:00:00+00:00,1.29204,1.2924,1.29192,1.29232,1390.0
2025-03-25 00:00:00+00:00,1.2923,1.2923,1.29162,1.29174,3448.0
2025-03-25 01:00:00+00:00,1.29174,1.29258,1.29166,1.29214,4945.0
2025-03-25 02:00:00+00:00,1.29216,1.2924,1.29118,1.29136,4368.0
2025-03-25 03:00:00+00:00,1.29136,1.29251,1.29131,1.29249,3574.0
2025-03-25 04:00:00+00:00,1.2925,1.29288,1.29218,1.29236,3726.0
2025-03-25 05:00:00+00:00,1.29237,1.29283,1.29218,1.29228,2765.0
2025-03-25 06:00:00+00:00,1.29232,1.29232,1.29145,1.29152,4377.0
2025-03-25 07:00:00+00:00,1.29149,1.29234,1.29032,1.29059,8700.0
2025-03-25 08:00:00+00:00,1.2906,1.29156,1.29021,1.29128,12064.0
2025-03-25 09:00:00+00:00,1.29126,1.29312,1.29112,1.2931,10401.0
2025-03-25 10:00:00+00:00,1.29308,1.2952,1.2928,1.29512,10391.0
2025-03-25 11:00:00+00:00,1.29513,1.2958,1.2942,1.2943,9396.0
2025-03-25 12:00:00+00:00,1.29431,1.2961,1.29426,1.29551,6941.0
2025-03-25 13:00:00+00:00,1.29552,1.29609,1.29446,1.29466,9347.0
2025-03-25 14:00:00+00:00,1.29464,1.29522,1.29332,1.29482,12651.0
2025-03-25 15:00:00+00:00,1.29483,1.29532,1.2944,1.29479,10094.0
2025-03-25 16:00:00+00:00,1.29478,1.29598,1.29456,1.29572,8173.0
2025-03-25 17:00:00+00:00,1.29572,1.2967,1.29562,1.2959,6047.0
2025-03-25 18:00:00+00:00,1.29588,1.29588,1.29446,1.29456,5290.0
2025-03-25 19:00:00+00:00,1.29457,1.29481,1.29396,1.29469,6853.0
2025-03-25 20:00:00+00:00,1.29468,1.29476,1.2941,1.2945,2031.0
2025-03-25 21:00:00+00:00,1.2942,1.2949,1.29412,1.29467,542.0
2025-03-25 22:00:00+00:00,1.2945,1.29492,1.29427,1.29428,1510.0
2025-03-25 23:00:00+00:00,1.29429,1.29462,1.29407,1.29452,2445.0
2025-03-26 00:00:00+00:00,1.29453,1.29458,1.29334,1.29336,4393.0
2025-03-26 01:00:00+00:00,1.29334,1.29452,1.29271,1.29438,6358.0
2025-03-26 02:00:00+00:00,1.2944,1.29464,1.2939,1.29443,4536.0
2025-03-26 03:00:00+00:00,1.29444,1.29452,1.29332,1.2936,5330.0
2025-03-26 04:00:00+00:00,1.29362,1.29374,1.2931,1.2935,3161.0
2025-03-26 05:00:00+00:00,1.29348,1.29356,1.29297,1.29317,3600.0
2025-03-26 06:00:00+00:00,1.29318,1.29436,1.29282,1.29415,3942.0
2025-03-26 07:00:00+00:00,1.29412,1.29412,1.2903,1.29114,12981.0
2025-03-26 08:00:00+00:00,1.29113,1.29138,1.28864,1.29072,13030.0
2025-03-26 09:00:00+00:00,1.29072,1.29126,1.2896,1.29095,9836.0
2025-03-26 10:00:00+00:00,1.29095,1.29134,1.29017,1.29074,7569.0
2025-03-26 11:00:00+00:00,1.29073,1.2912,1.28961,1.28971,6880.0
2025-03-26 12:00:00+00:00,1.2897,1.29076,1.28828,1.28933,12940.0
2025-03-26 13:00:00+00:00,1.28934,1.29096,1.28744,1.28834,13870.0
2025-03-26 14:00:00+00:00,1.28832,1.29019,1.28817,1.28974,11821.0
2025-03-26 15:00:00+00:00,1.28974,1.29036,1.28763,1.28862,10114.0
2025-03-26 16:00:00+00:00,1.28864,1.29023,1.28824,1.28959,8294.0
2025-03-26 17:00:00+00:00,1.28958,1.28976,1.28806,1.28837,11410.0
2025-03-26 18:00:00+00:00,1.28836,1.28898,1.28836,1.28848,5560.0
2025-03-26 19:00:00+00:00,1.28848,1.28897,1.28792,1.28882,4455.0
2025-03-26 20:00:00+00:00,1.28884,1.28936,1.28868,1.28875,2218.0
2025-03-26 21:00:00+00:00,1.28885,1.28908,1.28736,1.28764,1307.0
2025-03-26 22:00:00+00:00,1.28767,1.28822,1.2871,1.28754,3896.0
2025-03-26 23:00:00+00:00,1.28753,1.28807,1.28722,1.28774,3626.0
2025-03-27 00:00:00+00:00,1.28773,1.2891,1.28763,1.28894,4966.0
2025-03-27 01:00:00+00:00,1.28895,1.29026,1.28893,1.29007,6778.0
2025-03-27 02:00:00+00:00,1.29008,1.29168,1.29006,1.29124,4741.0
2025-03-27 03:00:00+00:00,1.29124,1.29148,1.29062,1.29114,3863.0
2025-03-27 04:00:00+00:00,1.29114,1.29258,1.29112,1.29212,3840.0
2025-03-27 05:00:00+00:00,1.29213,1.29244,1.29091,1.29126,4884.0
2025-03-27 06:00:00+00:00,1.29124,1.29294,1.29118,1.29212,6324.0
2025-03-27 07:00:00+00:00,1.29208,1.29208,1.29028,1.29128,10630.0
2025-03-27 08:00:00+00:00,1.29127,1.2924,1.29016,1.29234,14005.0
2025-03-27 09:00:00+00:00,1.29235,1.29276,1.29113,1.292,9971.0
2025-03-27 10:00:00+00:00,1.29202,1.29334,1.29146,1.29328,8581.0
2025-03-27 11:00:00+00:00,1.29327,1.29423,1.29278,1.29312,8634.0
2025-03-27 12:00:00+00:00,1.29312,1.29692,1.29278,1.29451,11249.0
2025-03-27 13:00:00+00:00,1.29452,1.29526,1.29276,1.29283,13611.0
2025-03-27 14:00:00+00:00,1.29284,1.29484,1.29227,1.29468,11920.0
2025-03-27 15:00:00+00:00,1.29466,1.29922,1.29436,1.29629,16905.0
2025-03-27 16:00:00+00:00,1.29628,1.29727,1.29533,1.29571,9860.0
2025-03-27 17:00:00+00:00,1.29571,1.2967,1.29481,1.29496,7454.0
2025-03-27 18:00:00+00:00,1.29496,1.29584,1.29478,1.295,5074.0
2025-03-27 19:00:00+00:00,1.29499,1.29571,1.29458,1.29492,4446.0
2025-03-27 20:00:00+00:00,1.29492,1.29512,1.29471,1.29492,1847.0
2025-03-27 21:00:00+00:00,1.29468,1.29594,1.29453,1.29533,707.0
2025-03-27 22:00:00+00:00,1.29533,1.29533,1.29437,1.29459,1196.0
2025-03-27 23:00:00+00:00,1.29459,1.29518,1.29458,1.29516,1491.0
2025-03-28 00:00:00+00:00,1.29514,1.29515,1.2941,1.29484,4947.0
2025-03-28 01:00:00+00:00,1.29484,1.29519,1.29452,1.29466,4589.0
2025-03-28 02:00:00+00:00,1.29466,1.29532,1.29452,1.29484,4430.0
2025-03-28 03:00:00+00:00,1.29486,1.29517,1.29448,1.29459,3421.0
2025-03-28 04:00:00+00:00,1.29458,1.29465,1.29409,1.29414,2515.0
2025-03-28 05:00:00+00:00,1.29416,1.2944,1.29376,1.29414,2770.0
2025-03-28 06:00:00+00:00,1.29412,1.29464,1.29384,1.29418,3684.0
2025-03-28 07:00:00+00:00,1.2942,1.29684,1.29406,1.29508,9111.0
2025-03-28 08:00:00+00:00,1.29508,1.296,1.29409,1.29468,10366.0
2025-03-28 09:00:00+00:00,1.29469,1.2957,1.29412,1.29514,7032.0
2025-03-28 10:00:00+00:00,1.29515,1.29528,1.29362,1.29362,5528.0
2025-03-28 11:00:00+00:00,1.2936,1.29383,1.29224,1.29295,6882.0
2025-03-28 12:00:00+00:00,1.29294,1.29524,1.29232,1.2944,11204.0
2025-03-28 13:00:00+00:00,1.29438,1.29644,1.29393,1.29552,14752.0
2025-03-28 14:00:00+00:00,1.29554,1.29682,1.29461,1.29484,15341.0
2025-03-28 15:00:00+00:00,1.29482,1.29642,1.29341,1.29416,13711.0
2025-03-28 16:00:00+00:00,1.29415,1.29498,1.29402,1.29438,7333.0
2025-03-28 17:00:00+00:00,1.29438,1.29456,1.29294,1.29406,6931.0
2025-03-28 18:00:00+00:00,1.29405,1.29436,1.29342,1.29397,5712.0
2025-03-28 19:00:00+00:00,1.29398,1.2947,1.29388,1.2945,3658.0
2025-03-28 20:00:00+00:00,1.29447,1.2948,1.29379,1.29407,2154.0
2025-03-30 21:00:00+00:00,1.29366,1.29428,1.29297,1.29309,217.0
2025-03-30 22:00:00+00:00,1.29306,1.29357,1.29222,1.29319,3598.0
2025-03-30 23:00:00+00:00,1.29322,1.29406,1.29284,1.29376,5585.0
2025-03-31 00:00:00+00:00,1.29376,1.29596,1.29371,1.29596,9350.0
2025-03-31 01:00:00+00:00,1.29596,1.29672,1.29589,1.29603,9324.0
2025-03-31 02:00:00+00:00,1.29602,1.29721,1.29552,1.29641,8129.0
2025-03-31 03:00:00+00:00,1.2964,1.29644,1.29568,1.29571,5994.0
2025-03-31 04:00:00+00:00,1.29572,1.29614,1.2955,1.29569,4997.0
2025-03-31 05:00:00+00:00,1.29568,1.2962,1.29548,1.29563,5861.0
2025-03-31 06:00:00+00:00,1.29564,1.29674,1.29489,1.29662,9082.0
2025-03-31 07:00:00+00:00,1.29662,1.29728,1.29556,1.29566,14057.0
2025-03-31 08:00:00+00:00,1.29566,1.29614,1.29354,1.29444,9850.0
2025-03-31 09:00:00+00:00,1.29445,1.29447,1.29239,1.2928,7373.0
2025-03-31 10:00:00+00:00,1.29278,1.29441,1.29182,1.29384,8133.0
2025-03-31 11:00:00+00:00,1.29384,1.29594,1.29372,1.29529,7872.0
2025-03-31 12:00:00+00:00,1.29528,1.29587,1.29309,1.29324,9060.0
2025-03-31 13:00:00+00:00,1.29324,1.29414,1.29262,1.29304,10999.0
2025-03-31 14:00:00+00:00,1.29304,1.29322,1.2903,1.291,16635.0
2025-03-31 15:00:00+00:00,1.29096,1.29214,1.28902,1.28912,17535.0
2025-03-31 16:00:00+00:00,1.28914,1.29151,1.28863,1.29067,10699.0
2025-03-31 17:00:00+00:00,1.29066,1.29162,1.29061,1.29079,6040.0
2025-03-31 18:00:00+00:00,1.29078,1.29143,1.29048,1.29109,5497.0
2025-03-31 19:00:00+00:00,1.2911,1.29247,1.29092,1.29188,5595.0
2025-03-31 20:00:00+00:00,1.29187,1.29214,1.29132,1.29169,4639.0
2025-03-31 21:00:00+00:00,1.2918,1.29216,1.29156,1.2918,1070.0
2025-03-31 22:00:00+00:00,1.29188,1.2921,1.29158,1.29198,1522.0
2025-03-31 23:00:00+00:00,1.29198,1.29214,1.2916,1.29194,2189.0
2025-04-01 00:00:00+00:00,1.29196,1.29272,1.29182,1.29264,5934.0
2025-04-01 01:00:00+00:00,1.29264,1.29273,1.2918,1.2922,6799.0
2025-04-01 02:00:00+00:00,1.2922,1.29346,1.29206,1.2931,5626.0
2025-04-01 03:00:00+00:00,1.2931,1.29364,1.29288,1.29334,4857.0
2025-04-01 04:00:00+00:00,1.29334,1.29409,1.2933,1.29376,4311.0
2025-04-01 05:00:00+00:00,1.29379,1.2938,1.29192,1.29198,6184.0
2025-04-01 06:00:00+00:00,1.29197,1.29291,1.2913,1.29223,8597.0
2025-04-01 07:00:00+00:00,1.29222,1.29223,1.29026,1.29092,10676.0
2025-04-01 08:00:00+00:00,1.2909,1.29304,1.29052,1.2926,8679.0
2025-04-01 09:00:00+00:00,1.2926,1.29384,1.2923,1.29348,8762.0
2025-04-01 10:00:00+00:00,1.29346,1.29354,1.29076,1.29076,12773.0
2025-04-01 11:00:00+00:00,1.29074,1.29136,1.28899,1.28907,10541.0
2025-04-01 12:00:00+00:00,1.28906,1.29002,1.28852,1.289,9079.0
2025-04-01 13:00:00+00:00,1.28901,1.28996,1.28795,1.28848,11443.0
2025-04-01 14:00:00+00:00,1.28846,1.29244,1.2882,1.29216,19277.0
2025-04-01 15:00:00+00:00,1.29218,1.29298,1.29178,1.2921,12986.0
2025-04-01 16:00:00+00:00,1.2921,1.29284,1.29172,1.29267,8790.0
2025-04-01 17:00:00+00:00,1.29266,1.2933,1.29199,1.29226,5699.0
2025-04-01 18:00:00+00:00,1.29225,1.29226,1.29098,1.29104,5970.0
2025-04-01 19:00:00+00:00,1.29103,1.29212,1.29084,1.2921,5071.0
2025-04-01 20:00:00+00:00,1.2921,1.29294,1.29182,1.29228,2929.0
2025-04-01 21:00:00+00:00,1.29228,1.29254,1.29214,1.29233,491.0
2025-04-01 22:00:00+00:00,1.29236,1.29332,1.29228,1.29283,2871.0
2025-04-01 23:00:00+00:00,1.29283,1.29283,1.29214,1.29216,2292.0
2025-04-02 00:00:00+00:00,1.29215,1.29222,1.29101,1.29108,5612.0
2025-04-02 01:00:00+00:00,1.29106,1.29212,1.29062,1.29195,5682.0
2025-04-02 02:00:00+00:00,1.29196,1.29306,1.29175,1.29222,4551.0
2025-04-02 03:00:00+00:00,1.29222,1.29261,1.292,1.29214,2712.0
2025-04-02 04:00:00+00:00,1.29213,1.29222,1.2918,1.29187,2611.0
2025-04-02 05:00:00+00:00,1.29188,1.29188,1.29127,1.2915,3047.0
2025-04-02 06:00:00+00:00,1.29154,1.29181,1.29098,1.29145,6116.0
2025-04-02 07:00:00+00:00,1.29145,1.29154,1.29004,1.29133,8190.0
2025-04-02 08:00:00+00:00,1.2913,1.29248,1.29104,1.29206,7282.0
2025-04-02 09:00:00+00:00,1.29207,1.29496,1.29198,1.29474,6010.0
2025-04-02 10:00:00+00:00,1.29473,1.29482,1.29298,1.29374,8404.0
2025-04-02 11:00:00+00:00,1.29375,1.29502,1.2934,1.29481,6138.0
2025-04-02 12:00:00+00:00,1.29482,1.29504,1.29346,1.29432,8983.0
2025-04-02 13:00:00+00:00,1.29432,1.29479,1.29378,1.2939,10537.0
2025-04-02 14:00:00+00:00,1.2939,1.29702,1.2934,1.29662,14875.0
2025-04-02 15:00:00+00:00,1.29662,1.29792,1.29614,1.29732,12112.0
2025-04-02 16:00:00+00:00,1.29734,1.29754,1.29628,1.29708,8185.0
2025-04-02 17:00:00+00:00,1.29708,1.29814,1.297,1.29705,6921.0
2025-04-02 18:00:00+00:00,1.29706,1.29836,1.29682,1.2979,6607.0
2025-04-02 19:00:00+00:00,1.2979,1.29868,1.29784,1.29818,5336.0
2025-04-02 20:00:00+00:00,1.29817,1.30253,1.29544,1.30064,43404.0
2025-04-02 21:00:00+00:00,1.29853,1.30057,1.29732,1.29991,1673.0
2025-04-02 22:00:00+00:00,1.29978,1.3011,1.29732,1.3008,14002.0
2025-04-02 23:00:00+00:00,1.30082,1.30527,1.30058,1.30456,19627.0
2025-04-03 00:00:00+00:00,1.30456,1.30577,1.30261,1.30404,21042.0
2025-04-03 01:00:00+00:00,1.30404,1.30696,1.30372,1.30551,17481.0
2025-04-03 02:00:00+00:00,1.3055,1.30652,1.30488,1.30626,11710.0
2025-04-03 03:00:00+00:00,1.30626,1.30773,1.3059,1.3071,8993.0
2025-04-03 04:00:00+00:00,1.3071,1.30722,1.3056,1.30588,7460.0
2025-04-03 05:00:00+00:00,1.3059,1.31008,1.3058,1.30908,11675.0
2025-04-03 06:00:00+00:00,1.30908,1.31197,1.30836,1.31192,21464.0
2025-04-03 07:00:00+00:00,1.31193,1.31398,1.31027,1.31368,21972.0
2025-04-03 08:00:00+00:00,1.31367,1.31688,1.31316,1.31625,17385.0
2025-04-03 09:00:00+00:00,1.31627,1.31834,1.31567,1.317,17985.0
2025-04-03 10:00:00+00:00,1.31702,1.32077,1.3147,1.31487,31091.0
2025-04-03 11:00:00+00:00,1.31488,1.31816,1.3138,1.31746,20265.0
2025-04-03 12:00:00+00:00,1.31746,1.3188,1.31503,1.3158,24138.0
2025-04-03 13:00:00+00:00,1.31578,1.31965,1.31451,1.31482,27965.0
2025-04-03 14:00:00+00:00,1.31483,1.3175,1.31473,1.3168,24578.0
2025-04-03 15:00:00+00:00,1.3168,1.3169,1.31054,1.31106,21908.0
2025-04-03 16:00:00+00:00,1.31108,1.31216,1.31042,1.31047,16511.0
2025-04-03 17:00:00+00:00,1.31048,1.31088,1.30928,1.30986,12753.0
2025-04-03 18:00:00+00:00,1.30984,1.31052,1.30888,1.30954,9811.0
2025-04-03 19:00:00+00:00,1.30954,1.3097,1.308,1.30818,8295.0
2025-04-03 20:00:00+00:00,1.30816,1.31016,1.30802,1.31012,3716.0
2025-04-03 21:00:00+00:00,1.31013,1.31073,1.30934,1.31038,3050.0
2025-04-03 22:00:00+00:00,1.31028,1.31084,1.30963,1.31054,3394.0
2025-04-03 23:00:00+00:00,1.31054,1.31054,1.30866,1.30892,6327.0
2025-04-04 00:00:00+00:00,1.30892,1.31054,1.30834,1.31014,12318.0
2025-04-04 01:00:00+00:00,1.31016,1.31099,1.30946,1.31026,10784.0
2025-04-04 02:00:00+00:00,1.3103,1.31062,1.30848,1.30852,11278.0
2025-04-04 03:00:00+00:00,1.30852,1.31076,1.30806,1.31045,10772.0
2025-04-04 04:00:00+00:00,1.31046,1.31084,1.30958,1.30976,9859.0
2025-04-04 05:00:00+00:00,1.30976,1.31139,1.30892,1.30988,10378.0
2025-04-04 06:00:00+00:00,1.30984,1.31003,1.30533,1.30538,15469.0
2025-04-04 07:00:00+00:00,1.30538,1.30654,1.30048,1.30082,21644.0
2025-04-04 08:00:00+00:00,1.30078,1.30149,1.29753,1.29828,26864.0
2025-04-04 09:00:00+00:00,1.2983,1.29918,1.29625,1.29884,21411.0
2025-04-04 10:00:00+00:00,1.29883,1.30324,1.29766,1.30034,38435.0
2025-04-04 11:00:00+00:00,1.30034,1.30312,1.29897,1.30207,42434.0
2025-04-04 12:00:00+00:00,1.30208,1.30514,1.29899,1.30011,50724.0
2025-04-04 13:00:00+00:00,1.30014,1.30179,1.29784,1.298,41325.0
2025-04-04 14:00:00+00:00,1.298,1.29812,1.29228,1.29398,41991.0
2025-04-04 15:00:00+00:00,1.29398,1.29556,1.29076,1.29264,48926.0
2025-04-04 16:00:00+00:00,1.29262,1.2929,1.2888,1.28948,27103.0
2025-04-04 17:00:00+00:00,1.28948,1.2908,1.28566,1.29027,28321.0
2025-04-04 18:00:00+00:00,1.29028,1.29146,1.28796,1.28817,17075.0
2025-04-04 19:00:00+00:00,1.28816,1.28998,1.28677,1.2873,13809.0
2025-04-04 20:00:00+00:00,1.28733,1.29028,1.2853,1.28985,9511.0
2025-04-06 21:00:00+00:00,1.28454,1.28689,1.28286,1.28417,662.0
2025-04-06 22:00:00+00:00,1.28417,1.2909,1.28342,1.28791,23260.0
2025-04-06 23:00:00+00:00,1.28792,1.29336,1.28772,1.29084,25805.0
2025-04-07 00:00:00+00:00,1.2909,1.29174,1.2885,1.29095,30633.0
2025-04-07 01:00:00+00:00,1.29094,1.29164,1.28842,1.28862,27521.0
2025-04-07 02:00:00+00:00,1.28862,1.2891,1.28498,1.28596,20457.0
2025-04-07 03:00:00+00:00,1.28596,1.28912,1.28541,1.28864,12966.0
2025-04-07 04:00:00+00:00,1.28865,1.29053,1.28849,1.29024,12972.0
2025-04-07 05:00:00+00:00,1.29024,1.29274,1.28967,1.29253,21851.0
2025-04-07 06:00:00+00:00,1.29254,1.29276,1.28832,1.2902,30139.0
2025-04-07 07:00:00+00:00,1.2902,1.2934,1.28946,1.28948,36972.0
2025-04-07 08:00:00+00:00,1.28948,1.29134,1.28654,1.28712,29952.0
2025-04-07 09:00:00+00:00,1.28714,1.28768,1.2831,1.28369,25203.0
2025-04-07 10:00:00+00:00,1.28372,1.28612,1.28242,1.2825,27564.0
2025-04-07 11:00:00+00:00,1.28252,1.28341,1.28034,1.28247,29422.0
2025-04-07 12:00:00+00:00,1.28246,1.28534,1.28071,1.28374,38076.0
2025-04-07 13:00:00+00:00,1.28373,1.28387,1.27855,1.2801,33499.0
2025-04-07 14:00:00+00:00,1.28012,1.28468,1.2754,1.2755,61144.0
2025-04-07 15:00:00+00:00,1.2755,1.27742,1.27252,1.27255,40964.0
2025-04-07 16:00:00+00:00,1.27256,1.27308,1.27104,1.27303,18710.0
2025-04-07 17:00:00+00:00,1.27304,1.27786,1.2729,1.27666,30034.0
2025-04-07 18:00:00+00:00,1.27665,1.2772,1.27448,1.27468,21008.0
2025-04-07 19:00:00+00:00,1.27468,1.27558,1.27144,1.27173,18273.0
2025-04-07 20:00:00+00:00,1.27174,1.27274,1.27081,1.27238,8324.0
2025-04-07 21:00:00+00:00,1.27214,1.2729,1.27212,1.2725,530.0
2025-04-07 22:00:00+00:00,1.27265,1.27384,1.27224,1.27359,4247.0
2025-04-07 23:00:00+00:00,1.2736,1.27384,1.27256,1.27331,5985.0
2025-04-08 00:00:00+00:00,1.2733,1.2766,1.2733,1.27518,15991.0
2025-04-08 01:00:00+00:00,1.27519,1.27784,1.27514,1.27753,18176.0
2025-04-08 02:00:00+00:00,1.27754,1.27922,1.27754,1.27854,9936.0
2025-04-08 03:00:00+00:00,1.27854,1.27866,1.2775,1.27773,7389.0
2025-04-08 04:00:00+00:00,1.27771,1.27918,1.27765,1.2786,8199.0
2025-04-08 05:00:00+00:00,1.2786,1.2786,1.27637,1.27821,10913.0
2025-04-08 06:00:00+00:00,1.27816,1.2797,1.27765,1.27853,16681.0
2025-04-08 07:00:00+00:00,1.27854,1.27855,1.27492,1.27502,24183.0
2025-04-08 08:00:00+00:00,1.27501,1.27722,1.27458,1.27529,16480.0
2025-04-08 09:00:00+00:00,1.27528,1.2753,1.27245,1.27456,18637.0
2025-04-08 10:00:00+00:00,1.27456,1.27696,1.27346,1.27526,17840.0
2025-04-08 11:00:00+00:00,1.27524,1.27832,1.27506,1.2779,19118.0
2025-04-08 12:00:00+00:00,1.27792,1.27964,1.27719,1.27759,19935.0
2025-04-08 13:00:00+00:00,1.27759,1.27939,1.27683,1.2789,28586.0
2025-04-08 14:00:00+00:00,1.27888,1.2792,1.27526,1.27558,29930.0
2025-04-08 15:00:00+00:00,1.27561,1.27766,1.27439,1.27684,21243.0
2025-04-08 16:00:00+00:00,1.27685,1.27845,1.27552,1.27727,24353.0
2025-04-08 17:00:00+00:00,1.27728,1.27876,1.27705,1.27824,23584.0
2025-04-08 18:00:00+00:00,1.27824,1.28148,1.27778,1.27898,22855.0
2025-04-08 19:00:00+00:00,1.27895,1.2802,1.27682,1.27738,17384.0
2025-04-08 20:00:00+00:00,1.27738,1.27801,1.27552,1.27656,7494.0
2025-04-08 21:00:00+00:00,1.27652,1.27698,1.27622,1.2768,572.0
2025-04-08 22:00:00+00:00,1.27675,1.2787,1.27644,1.27783,6295.0
2025-04-08 23:00:00+00:00,1.27784,1.27916,1.2775,1.27868,9334.0
2025-04-09 00:00:00+00:00,1.27868,1.28158,1.27748,1.28146,17757.0
2025-04-09 01:00:00+00:00,1.28151,1.2846,1.28151,1.28316,22760.0
2025-04-09 02:00:00+00:00,1.28315,1.28408,1.28134,1.28216,16957.0
2025-04-09 03:00:00+00:00,1.28216,1.28343,1.28146,1.28182,13938.0
2025-04-09 04:00:00+00:00,1.28182,1.2857,1.28148,1.28552,21336.0
2025-04-09 05:00:00+00:00,1.28552,1.28552,1.28242,1.28384,19498.0
2025-04-09 06:00:00+00:00,1.28386,1.28642,1.28184,1.284,33512.0
2025-04-09 07:00:00+00:00,1.28399,1.28496,1.2792,1.28002,38289.0
2025-04-09 08:00:00+00:00,1.27999,1.28282,1.27866,1.28253,23412.0
2025-04-09 09:00:00+00:00,1.28252,1.2837,1.28133,1.28214,17637.0
2025-04-09 10:00:00+00:00,1.28214,1.28372,1.28077,1.28197,17259.0
2025-04-09 11:00:00+00:00,1.282,1.28256,1.27729,1.27739,36587.0
2025-04-09 12:00:00+00:00,1.27742,1.28152,1.27705,1.28036,29244.0
2025-04-09 13:00:00+00:00,1.28038,1.28151,1.27722,1.27765,32042.0
2025-04-09 14:00:00+00:00,1.27768,1.27802,1.27516,1.2758,25066.0
2025-04-09 15:00:00+00:00,1.27578,1.27876,1.27526,1.27696,17236.0
2025-04-09 16:00:00+00:00,1.27698,1.27788,1.27597,1.27654,13234.0
2025-04-09 17:00:00+00:00,1.27654,1.28214,1.27439,1.27898,65652.0
2025-04-09 18:00:00+00:00,1.279,1.28254,1.27432,1.28032,51934.0
2025-04-09 19:00:00+00:00,1.28031,1.28376,1.28,1.28034,31866.0
2025-04-09 20:00:00+00:00,1.28032,1.28336,1.27935,1.28236,14045.0
2025-04-09 21:00:00+00:00,1.28232,1.28272,1.28161,1.28216,570.0
2025-04-09 22:00:00+00:00,1.28198,1.28342,1.28111,1.28236,10741.0
2025-04-09 23:00:00+00:00,1.28237,1.28256,1.28104,1.2825,13578.0
2025-04-10 00:00:00+00:00,1.28249,1.2847,1.2823,1.28442,19844.0
2025-04-10 01:00:00+00:00,1.28444,1.28453,1.2823,1.28286,18126.0
2025-04-10 02:00:00+00:00,1.28286,1.2841,1.2822,1.28382,12220.0
2025-04-10 03:00:00+00:00,1.28384,1.28528,1.28374,1.28466,10866.0
2025-04-10 04:00:00+00:00,1.28468,1.28611,1.2841,1.28594,9025.0
2025-04-10 05:00:00+00:00,1.28596,1.28704,1.28547,1.28594,10161.0
2025-04-10 06:00:00+00:00,1.28592,1.28767,1.28476,1.28677,18675.0
2025-04-10 07:00:00+00:00,1.28678,1.28818,1.28451,1.28769,28415.0
2025-04-10 08:00:00+00:00,1.2877,1.28794,1.28603,1.28698,22718.0
2025-04-10 09:00:00+00:00,1.28698,1.28942,1.2861,1.2892,18214.0
2025-04-10 10:00:00+00:00,1.2892,1.29249,1.28828,1.29134,20910.0
2025-04-10 11:00:00+00:00,1.29136,1.29385,1.29126,1.29317,19506.0
2025-04-10 12:00:00+00:00,1.29316,1.29571,1.29193,1.2925,29415.0
2025-04-10 13:00:00+00:00,1.29252,1.2932,1.28924,1.29236,28755.0
2025-04-10 14:00:00+00:00,1.29236,1.29604,1.29081,1.296,30405.0
2025-04-10 15:00:00+00:00,1.296,1.2979,1.29364,1.29384,35305.0
2025-04-10 16:00:00+00:00,1.29382,1.29615,1.29254,1.29544,27319.0
2025-04-10 17:00:00+00:00,1.29544,1.29769,1.29312,1.29754,24020.0
2025-04-10 18:00:00+00:00,1.29755,1.2996,1.29702,1.29818,21073.0
2025-04-10 19:00:00+00:00,1.29817,1.29882,1.29383,1.29696,22455.0
2025-04-10 20:00:00+00:00,1.29694,1.29731,1.29532,1.29707,8974.0
2025-04-10 21:00:00+00:00,1.29723,1.29723,1.29688,1.29701,249.0
2025-04-10 22:00:00+00:00,1.29709,1.2991,1.29674,1.2988,9692.0
2025-04-10 23:00:00+00:00,1.29884,1.29982,1.29674,1.29919,18341.0
2025-04-11 00:00:00+00:00,1.2992,1.30478,1.29878,1.3017,42557.0
2025-04-11 01:00:00+00:00,1.3017,1.3029,1.29944,1.301,40564.0
2025-04-11 02:00:00+00:00,1.30102,1.30252,1.30084,1.30148,24376.0
2025-04-11 03:00:00+00:00,1.30148,1.30472,1.30116,1.30364,19863.0
2025-04-11 04:00:00+00:00,1.30364,1.30368,1.30116,1.30213,17065.0
2025-04-11 05:00:00+00:00,1.30216,1.30226,1.29947,1.30034,20523.0
2025-04-11 06:00:00+00:00,1.3003,1.30204,1.2985,1.30186,24552.0
2025-04-11 07:00:00+00:00,1.30186,1.30754,1.30164,1.30676,33034.0
2025-04-11 08:00:00+00:00,1.30675,1.31338,1.30548,1.31091,46016.0
2025-04-11 09:00:00+00:00,1.31089,1.31452,1.30834,1.31224,30231.0
2025-04-11 10:00:00+00:00,1.31224,1.31224,1.30564,1.30734,28478.0
2025-04-11 11:00:00+00:00,1.30735,1.30982,1.30642,1.30882,23530.0
2025-04-11 12:00:00+00:00,1.3088,1.31244,1.30836,1.3123,35922.0
2025-04-11 13:00:00+00:00,1.3123,1.31344,1.30603,1.30992,44284.0
2025-04-11 14:00:00+00:00,1.30994,1.31157,1.3055,1.30586,43728.0
2025-04-11 15:00:00+00:00,1.30584,1.3066,1.30389,1.30476,28697.0
2025-04-11 16:00:00+00:00,1.30474,1.30594,1.30304,1.30514,22555.0
2025-04-11 17:00:00+00:00,1.30516,1.3077,1.30442,1.30498,20710.0
2025-04-11 18:00:00+00:00,1.30498,1.3071,1.30482,1.30596,18129.0
2025-04-11 19:00:00+00:00,1.30597,1.30839,1.30574,1.3075,12358.0
2025-04-11 20:00:00+00:00,1.3075,1.31032,1.30645,1.30887,9432.0
2025-04-13 21:00:00+00:00,1.30932,1.3104,1.30865,1.31003,208.0
2025-04-13 22:00:00+00:00,1.30995,1.30995,1.30636,1.30804,8721.0
2025-04-13 23:00:00+00:00,1.30806,1.30916,1.3074,1.30845,14041.0
2025-04-14 00:00:00+00:00,1.30844,1.31066,1.30837,1.30974,17722.0
2025-04-14 01:00:00+00:00,1.30976,1.31287,1.30971,1.3107,19506.0
2025-04-14 02:00:00+00:00,1.31071,1.31146,1.31011,1.31062,13893.0
2025-04-14 03:00:00+00:00,1.31061,1.31132,1.30955,1.31068,12468.0
2025-04-14 04:00:00+00:00,1.31068,1.31184,1.31024,1.31045,9482.0
2025-04-14 05:00:00+00:00,1.31044,1.31284,1.30964,1.3125,9948.0
2025-04-14 06:00:00+00:00,1.31254,1.31742,1.31142,1.31682,21220.0
2025-04-14 07:00:00+00:00,1.31682,1.31717,1.3155,1.3166,19388.0
2025-04-14 08:00:00+00:00,1.31662,1.31878,1.31615,1.31712,14920.0
2025-04-14 09:00:00+00:00,1.31713,1.31925,1.31706,1.31786,13319.0
2025-04-14 10:00:00+00:00,1.31786,1.31982,1.3162,1.31978,13217.0
2025-04-14 11:00:00+00:00,1.31978,1.32014,1.31739,1.3176,9963.0
2025-04-14 12:00:00+00:00,1.31763,1.31782,1.31413,1.31458,17907.0
2025-04-14 13:00:00+00:00,1.3146,1.3159,1.3123,1.31572,28794.0
2025-04-14 14:00:00+00:00,1.31572,1.31926,1.31519,1.31872,18668.0
2025-04-14 15:00:00+00:00,1.3187,1.31883,1.31724,1.31739,18077.0
2025-04-14 16:00:00+00:00,1.31738,1.31926,1.3166,1.31666,18536.0
2025-04-14 17:00:00+00:00,1.31665,1.3188,1.31664,1.31828,14014.0
2025-04-14 18:00:00+00:00,1.31828,1.31983,1.31816,1.3197,9341.0
2025-04-14 19:00:00+00:00,1.31972,1.32,1.31878,1.31899,7447.0
2025-04-14 20:00:00+00:00,1.31902,1.3191,1.31815,1.3189,6045.0
2025-04-14 21:00:00+00:00,1.3189,1.31911,1.31868,1.31881,379.0
2025-04-14 22:00:00+00:00,1.31872,1.31976,1.318,1.31812,2992.0
2025-04-14 23:00:00+00:00,1.31812,1.31836,1.31678,1.31729,4992.0
2025-04-15 00:00:00+00:00,1.31728,1.3177,1.31642,1.31736,8721.0
2025-04-15 01:00:00+00:00,1.31734,1.31846,1.31695,1.31776,7543.0
2025-04-15 02:00:00+00:00,1.31777,1.31978,1.31774,1.31957,6253.0
2025-04-15 03:00:00+00:00,1.31958,1.31994,1.31906,1.31978,4698.0
2025-04-15 04:00:00+00:00,1.31979,1.3218,1.31953,1.32118,5652.0
2025-04-15 05:00:00+00:00,1.32118,1.32218,1.32024,1.32049,7545.0
2025-04-15 06:00:00+00:00,1.32048,1.32138,1.31842,1.31968,15957.0
2025-04-15 07:00:00+00:00,1.31968,1.32278,1.31876,1.32239,16415.0
2025-04-15 08:00:00+00:00,1.3224,1.3239,1.32184,1.32302,14195.0
2025-04-15 09:00:00+00:00,1.323,1.3248,1.32264,1.32379,10570.0
2025-04-15 10:00:00+00:00,1.32376,1.32522,1.32324,1.3241,9948.0
2025-04-15 11:00:00+00:00,1.32407,1.32414,1.32188,1.32317,12025.0
2025-04-15 12:00:00+00:00,1.32318,1.32446,1.32206,1.32238,17293.0
2025-04-15 13:00:00+00:00,1.32238,1.3236,1.32148,1.32274,20012.0
2025-04-15 14:00:00+00:00,1.32274,1.32466,1.32053,1.32446,26252.0
2025-04-15 15:00:00+00:00,1.32447,1.3246,1.32178,1.32204,16720.0
2025-04-15 16:00:00+00:00,1.32204,1.32254,1.32062,1.32126,11995.0
2025-04-15 17:00:00+00:00,1.32126,1.32282,1.32078,1.32176,8973.0
2025-04-15 18:00:00+00:00,1.32174,1.32189,1.32064,1.32166,7030.0
2025-04-15 19:00:00+00:00,1.32167,1.32299,1.32128,1.32266,4790.0
2025-04-15 20:00:00+00:00,1.32266,1.32348,1.32263,1.32319,3222.0
2025-04-15 21:00:00+00:00,1.32276,1.32353,1.32216,1.32291,2159.0
2025-04-15 22:00:00+00:00,1.32292,1.32387,1.32268,1.32366,2412.0
2025-04-15 23:00:00+00:00,1.32369,1.32371,1.32246,1.32308,4466.0
2025-04-16 00:00:00+00:00,1.32308,1.32543,1.32296,1.32468,11334.0
2025-04-16 01:00:00+00:00,1.32469,1.32568,1.32431,1.32496,7784.0
2025-04-16 02:00:00+00:00,1.32498,1.32566,1.32448,1.32486,8014.0
2025-04-16 03:00:00+00:00,1.32485,1.32634,1.32473,1.32634,7291.0
2025-04-16 04:00:00+00:00,1.32634,1.32672,1.32573,1.32644,5189.0
2025-04-16 05:00:00+00:00,1.32646,1.329,1.32592,1.32858,10334.0
2025-04-16 06:00:00+00:00,1.32852,1.32868,1.32572,1.32626,15690.0
2025-04-16 07:00:00+00:00,1.32626,1.3286,1.32617,1.32838,12659.0
2025-04-16 08:00:00+00:00,1.32841,1.32913,1.3267,1.32892,22273.0
2025-04-16 09:00:00+00:00,1.32892,1.32924,1.3261,1.32688,15670.0
2025-04-16 10:00:00+00:00,1.32689,1.32784,1.32606,1.32644,14895.0
2025-04-16 11:00:00+00:00,1.32642,1.3276,1.32582,1.32723,12080.0
2025-04-16 12:00:00+00:00,1.32724,1.3273,1.32506,1.326,16628.0
2025-04-16 13:00:00+00:00,1.32599,1.3272,1.32548,1.32623,17849.0
2025-04-16 14:00:00+00:00,1.32624,1.32674,1.3239,1.32575,16487.0
2025-04-16 15:00:00+00:00,1.32577,1.32588,1.32266,1.32448,12625.0
2025-04-16 16:00:00+00:00,1.32448,1.32474,1.32307,1.32339,9080.0
2025-04-16 17:00:00+00:00,1.32338,1.32383,1.32121,1.3217,15781.0
2025-04-16 18:00:00+00:00,1.3217,1.32318,1.3214,1.32302,14864.0
2025-04-16 19:00:00+00:00,1.32299,1.32498,1.3228,1.32378,11203.0
2025-04-16 20:00:00+00:00,1.32379,1.32433,1.32305,1.32408,5546.0
2025-04-16 21:00:00+00:00,1.32322,1.325,1.32322,1.32436,2771.0
2025-04-16 22:00:00+00:00,1.3243,1.32448,1.32318,1.32374,2719.0
2025-04-16 23:00:00+00:00,1.32373,1.32424,1.32318,1.32326,5571.0
2025-04-17 00:00:00+00:00,1.32326,1.32336,1.32113,1.32122,12890.0
2025-04-17 01:00:00+00:00,1.32124,1.32172,1.32028,1.32146,11511.0
2025-04-17 02:00:00+00:00,1.32148,1.323,1.32142,1.32256,6779.0
2025-04-17 03:00:00+00:00,1.32256,1.32298,1.32134,1.32134,4971.0
2025-04-17 04:00:00+00:00,1.32134,1.32157,1.32092,1.32098,3478.0
2025-04-17 05:00:00+00:00,1.32095,1.32212,1.32048,1.321,7528.0
2025-04-17 06:00:00+00:00,1.321,1.32334,1.32036,1.3228,11725.0
2025-04-17 07:00:00+00:00,1.32279,1.3246,1.32235,1.32428,14082.0
2025-04-17 08:00:00+00:00,1.3243,1.32479,1.32354,1.32396,12280.0
2025-04-17 09:00:00+00:00,1.32394,1.32464,1.32389,1.32412,9293.0
2025-04-17 10:00:00+00:00,1.32412,1.3246,1.32219,1.3224,11522.0
2025-04-17 11:00:00+00:00,1.32242,1.32369,1.32199,1.32276,10305.0
2025-04-17 12:00:00+00:00,1.32275,1.32508,1.32194,1.32496,20671.0
2025-04-17 13:00:00+00:00,1.32498,1.32603,1.32443,1.32572,21664.0
2025-04-17 14:00:00+00:00,1.32572,1.32734,1.32275,1.32328,19743.0
2025-04-17 15:00:00+00:00,1.32329,1.32594,1.32289,1.32576,13928.0
2025-04-17 16:00:00+00:00,1.32577,1.32688,1.32512,1.32584,14208.0
2025-04-17 17:00:00+00:00,1.32584,1.32588,1.3247,1.32575,6431.0
2025-04-17 18:00:00+00:00,1.32576,1.32728,1.32506,1.32696,7670.0
2025-04-17 19:00:00+00:00,1.32692,1.32698,1.32621,1.32668,5387.0
2025-04-17 20:00:00+00:00,1.32665,1.32712,1.32638,1.32671,2781.0
2025-04-17 21:00:00+00:00,1.3257,1.32751,1.32555,1.3266,1644.0
2025-04-17 22:00:00+00:00,1.32663,1.32728,1.32624,1.32682,4988.0
2025-04-17 23:00:00+00:00,1.32656,1.32708,1.32621,1.32694,6551.0
2025-04-18 00:00:00+00:00,1.32689,1.32854,1.32688,1.32814,41785.0
2025-04-18 01:00:00+00:00,1.32814,1.3284,1.32698,1.32707,106796.0
2025-04-18 02:00:00+00:00,1.32703,1.3276,1.32668,1.32728,93031.0
2025-04-18 03:00:00+00:00,1.32726,1.32766,1.32641,1.32697,84243.0
2025-04-18 04:00:00+00:00,1.32695,1.32714,1.32674,1.32692,84083.0
2025-04-18 05:00:00+00:00,1.3269,1.32745,1.32671,1.32694,101716.0
2025-04-18 06:00:00+00:00,1.32694,1.32738,1.32668,1.32679,83332.0
2025-04-18 07:00:00+00:00,1.32677,1.32807,1.32652,1.32664,55619.0
2025-04-18 08:00:00+00:00,1.3266,1.32738,1.32593,1.32729,59609.0
2025-04-18 09:00:00+00:00,1.32728,1.32759,1.32694,1.32715,86413.0
2025-04-18 10:00:00+00:00,1.32714,1.32766,1.32664,1.32764,57484.0
2025-04-18 11:00:00+00:00,1.32764,1.3281,1.32724,1.3275,58444.0
2025-04-18 12:00:00+00:00,1.32751,1.32818,1.32722,1.3277,65708.0
2025-04-18 13:00:00+00:00,1.32768,1.3279,1.32726,1.32752,38371.0
2025-04-18 14:00:00+00:00,1.32752,1.32864,1.32748,1.32834,52728.0
2025-04-18 15:00:00+00:00,1.32832,1.32834,1.3272,1.32774,94876.0
2025-04-18 16:00:00+00:00,1.32774,1.3285,1.32758,1.32845,47086.0
2025-04-18 17:00:00+00:00,1.32844,1.32852,1.32799,1.32818,22425.0
2025-04-18 18:00:00+00:00,1.32822,1.32863,1.32806,1.3286,36461.0
2025-04-18 19:00:00+00:00,1.32862,1.32954,1.32854,1.32904,42081.0
2025-04-18 20:00:00+00:00,1.32902,1.3299,1.32857,1.32958,25308.0
2025-04-20 21:00:00+00:00,1.32767,1.32936,1.32758,1.32904,504.0
2025-04-20 22:00:00+00:00,1.32881,1.3305,1.32816,1.33048,7084.0
2025-04-20 23:00:00+00:00,1.33045,1.33202,1.3302,1.33148,6481.0
2025-04-21 00:00:00+00:00,1.33148,1.33562,1.33146,1.33466,12213.0
2025-04-21 01:00:00+00:00,1.33468,1.33598,1.33426,1.33519,8500.0
2025-04-21 02:00:00+00:00,1.33518,1.33802,1.33482,1.33706,11804.0
2025-04-21 03:00:00+00:00,1.33707,1.3387,1.33707,1.33819,6894.0
2025-04-21 04:00:00+00:00,1.33817,1.33837,1.33664,1.3383,6293.0
2025-04-21 05:00:00+00:00,1.3383,1.33962,1.33814,1.3394,8019.0
2025-04-21 06:00:00+00:00,1.33938,1.33976,1.33724,1.33817,9552.0
2025-04-21 07:00:00+00:00,1.33816,1.34146,1.33768,1.34112,12370.0
2025-04-21 08:00:00+00:00,1.34112,1.34166,1.33952,1.34148,12152.0
2025-04-21 09:00:00+00:00,1.34148,1.34222,1.34004,1.34011,9952.0
2025-04-21 10:00:00+00:00,1.3401,1.34052,1.33861,1.33898,7528.0
2025-04-21 11:00:00+00:00,1.339,1.33998,1.33795,1.33966,9989.0
2025-04-21 12:00:00+00:00,1.33966,1.34044,1.33816,1.34044,10900.0
2025-04-21 13:00:00+00:00,1.34042,1.34092,1.33864,1.34018,13580.0
2025-04-21 14:00:00+00:00,1.34015,1.34076,1.33863,1.33904,14710.0
2025-04-21 15:00:00+00:00,1.33902,1.33938,1.33782,1.33814,9675.0
2025-04-21 16:00:00+00:00,1.33812,1.33832,1.33754,1.3379,7114.0
2025-04-21 17:00:00+00:00,1.3379,1.33792,1.33631,1.33764,6738.0
2025-04-21 18:00:00+00:00,1.33764,1.33837,1.33707,1.33792,6106.0
2025-04-21 19:00:00+00:00,1.33792,1.33848,1.33733,1.33756,5490.0
2025-04-21 20:00:00+00:00,1.33756,1.33814,1.33744,1.33801,2890.0
2025-04-21 21:00:00+00:00,1.33754,1.33887,1.33754,1.33808,695.0
2025-04-21 22:00:00+00:00,1.33804,1.33851,1.33732,1.3382,2443.0
2025-04-21 23:00:00+00:00,1.33822,1.33852,1.33732,1.33798,4353.0
2025-04-22 00:00:00+00:00,1.33798,1.33806,1.3362,1.33707,9888.0
2025-04-22 01:00:00+00:00,1.33708,1.33806,1.33708,1.33756,8139.0
2025-04-22 02:00:00+00:00,1.33758,1.33968,1.33754,1.33968,5493.0
2025-04-22 03:00:00+00:00,1.33968,1.34104,1.33952,1.34047,7964.0
2025-04-22 04:00:00+00:00,1.34046,1.34104,1.34014,1.34028,4470.0
2025-04-22 05:00:00+00:00,1.3403,1.34242,1.33933,1.34177,11098.0
2025-04-22 06:00:00+00:00,1.34178,1.34202,1.33864,1.33904,17012.0
2025-04-22 07:00:00+00:00,1.33906,1.3401,1.33709,1.33774,15084.0
2025-04-22 08:00:00+00:00,1.33776,1.33882,1.33686,1.33874,13191.0
2025-04-22 09:00:00+00:00,1.33874,1.33907,1.33624,1.33692,11999.0
2025-04-22 10:00:00+00:00,1.33691,1.33774,1.3363,1.33672,10806.0
2025-04-22 11:00:00+00:00,1.33672,1.33848,1.33646,1.33774,10593.0
2025-04-22 12:00:00+00:00,1.33773,1.33822,1.33551,1.33722,14821.0
2025-04-22 13:00:00+00:00,1.33722,1.33785,1.33581,1.33754,15695.0
2025-04-22 14:00:00+00:00,1.33754,1.33905,1.33704,1.3381,15929.0
2025-04-22 15:00:00+00:00,1.3381,1.33849,1.3372,1.33741,11963.0
2025-04-22 16:00:00+00:00,1.33742,1.33774,1.3343,1.33462,15740.0
2025-04-22 17:00:00+00:00,1.33462,1.33547,1.33397,1.33454,13735.0
2025-04-22 18:00:00+00:00,1.33454,1.3346,1.33322,1.3337,7101.0
2025-04-22 19:00:00+00:00,1.33369,1.33416,1.33302,1.33318,6839.0
2025-04-22 20:00:00+00:00,1.33319,1.33398,1.3326,1.33319,2248.0
2025-04-22 21:00:00+00:00,1.33318,1.33365,1.32928,1.32969,963.0
2025-04-22 22:00:00+00:00,1.32956,1.32968,1.3234,1.32554,15267.0
2025-04-22 23:00:00+00:00,1.32554,1.32848,1.32533,1.32726,13117.0
2025-04-23 00:00:00+00:00,1.32725,1.33064,1.32709,1.33058,16493.0
2025-04-23 01:00:00+00:00,1.33058,1.33178,1.32974,1.33114,12026.0
2025-04-23 02:00:00+00:00,1.33114,1.33126,1.32974,1.3309,8243.0
2025-04-23 03:00:00+00:00,1.3309,1.33107,1.32871,1.32926,7400.0
2025-04-23 04:00:00+00:00,1.32927,1.33064,1.32882,1.33053,5104.0
2025-04-23 05:00:00+00:00,1.33054,1.3317,1.32956,1.32994,7928.0
2025-04-23 06:00:00+00:00,1.32991,1.33258,1.32965,1.33212,16525.0
2025-04-23 07:00:00+00:00,1.33212,1.33286,1.33019,1.3306,19909.0
2025-04-23 08:00:00+00:00,1.33062,1.33236,1.32804,1.33198,15476.0
2025-04-23 09:00:00+00:00,1.33198,1.33396,1.33182,1.33226,14838.0
2025-04-23 10:00:00+00:00,1.33225,1.33234,1.3295,1.33014,12913.0
2025-04-23 11:00:00+00:00,1.33012,1.33108,1.32906,1.32992,12092.0
2025-04-23 12:00:00+00:00,1.32991,1.33094,1.32935,1.33044,13344.0
2025-04-23 13:00:00+00:00,1.33042,1.33198,1.32832,1.32843,29292.0
2025-04-23 14:00:00+00:00,1.32843,1.32997,1.32699,1.32747,32017.0
2025-04-23 15:00:00+00:00,1.32746,1.3284,1.32543,1.32553,23807.0
2025-04-23 16:00:00+00:00,1.32553,1.32678,1.32501,1.32608,14944.0
2025-04-23 17:00:00+00:00,1.32608,1.32775,1.32585,1.32723,10068.0
2025-04-23 18:00:00+00:00,1.32722,1.32724,1.32584,1.32659,8766.0
2025-04-23 19:00:00+00:00,1.32658,1.3271,1.32602,1.32658,6598.0
2025-04-23 20:00:00+00:00,1.3266,1.32668,1.32506,1.32538,3911.0
2025-04-23 21:00:00+00:00,1.32564,1.32657,1.32539,1.32594,685.0
2025-04-23 22:00:00+00:00,1.32594,1.32746,1.3254,1.32678,4886.0
2025-04-23 23:00:00+00:00,1.32676,1.32738,1.32636,1.3265,3849.0
2025-04-24 00:00:00+00:00,1.32651,1.32795,1.32586,1.3277,6788.0
2025-04-24 01:00:00+00:00,1.3277,1.32866,1.32758,1.32834,8649.0
2025-04-24 02:00:00+00:00,1.32834,1.32862,1.32786,1.32844,5524.0
2025-04-24 03:00:00+00:00,1.32845,1.3287,1.32676,1.327,4210.0
2025-04-24 04:00:00+00:00,1.32702,1.32733,1.32654,1.32701,4089.0
2025-04-24 05:00:00+00:00,1.327,1.3275,1.32646,1.32682,7056.0
2025-04-24 06:00:00+00:00,1.32681,1.3281,1.32656,1.32746,10290.0
2025-04-24 07:00:00+00:00,1.32744,1.32968,1.32742,1.32944,12209.0
2025-04-24 08:00:00+00:00,1.32946,1.331,1.32907,1.33016,12736.0
2025-04-24 09:00:00+00:00,1.33014,1.33173,1.3298,1.33037,7798.0
2025-04-24 10:00:00+00:00,1.33038,1.33212,1.3298,1.33004,8887.0
2025-04-24 11:00:00+00:00,1.33004,1.33211,1.33,1.33086,9321.0
2025-04-24 12:00:00+00:00,1.33083,1.33118,1.32978,1.33014,11288.0
2025-04-24 13:00:00+00:00,1.33016,1.33158,1.33002,1.33136,10584.0
2025-04-24 14:00:00+00:00,1.33134,1.33328,1.3309,1.33148,15640.0
2025-04-24 15:00:00+00:00,1.33146,1.33208,1.32902,1.33052,12845.0
2025-04-24 16:00:00+00:00,1.33052,1.33296,1.33025,1.33288,9498.0
2025-04-24 17:00:00+00:00,1.33286,1.33346,1.33174,1.33212,5998.0
2025-04-24 18:00:00+00:00,1.33211,1.33277,1.33152,1.33266,4439.0
2025-04-24 19:00:00+00:00,1.33264,1.3345,1.33246,1.33375,5698.0
2025-04-24 20:00:00+00:00,1.33376,1.33489,1.33361,1.33372,3277.0
2025-04-24 21:00:00+00:00,1.3341,1.33423,1.33316,1.33372,661.0
2025-04-24 22:00:00+00:00,1.3337,1.334,1.3334,1.33372,1868.0
2025-04-24 23:00:00+00:00,1.33372,1.33381,1.33243,1.33276,3376.0
2025-04-25 00:00:00+00:00,1.33275,1.33275,1.33062,1.33072,7434.0
2025-04-25 01:00:00+00:00,1.33073,1.33145,1.3298,1.32994,7126.0
2025-04-25 02:00:00+00:00,1.32996,1.33082,1.32994,1.33054,5189.0
2025-04-25 03:00:00+00:00,1.33058,1.33181,1.32862,1.32872,8989.0
2025-04-25 04:00:00+00:00,1.3287,1.32914,1.32792,1.32872,6324.0
2025-04-25 05:00:00+00:00,1.3287,1.32927,1.3274,1.32788,7020.0
2025-04-25 06:00:00+00:00,1.32784,1.33077,1.32745,1.3305,10498.0
2025-04-25 07:00:00+00:00,1.33052,1.33145,1.32952,1.32982,13915.0
2025-04-25 08:00:00+00:00,1.32982,1.33052,1.329,1.33024,7747.0
2025-04-25 09:00:00+00:00,1.33028,1.33099,1.32956,1.32994,6977.0
2025-04-25 10:00:00+00:00,1.32993,1.33181,1.32867,1.33177,7212.0
2025-04-25 11:00:00+00:00,1.33178,1.33181,1.33054,1.33068,5506.0
2025-04-25 12:00:00+00:00,1.33068,1.33263,1.33067,1.33231,7138.0
2025-04-25 13:00:00+00:00,1.33234,1.33275,1.3298,1.33064,11078.0
2025-04-25 14:00:00+00:00,1.33067,1.33224,1.33058,1.33084,11749.0
2025-04-25 15:00:00+00:00,1.33085,1.333,1.3299,1.3329,8350.0
2025-04-25 16:00:00+00:00,1.3329,1.33325,1.3319,1.33195,6226.0
2025-04-25 17:00:00+00:00,1.33194,1.33298,1.33163,1.33254,7310.0
2025-04-25 18:00:00+00:00,1.33254,1.33312,1.3318,1.33294,4398.0
2025-04-25 19:00:00+00:00,1.33292,1.33325,1.33189,1.3319,3275.0
2025-04-25 20:00:00+00:00,1.3319,1.33229,1.33064,1.33112,2789.0
2025-04-27 21:00:00+00:00,1.33068,1.33098,1.33058,1.33065,219.0
2025-04-27 22:00:00+00:00,1.3307,1.3312,1.32932,1.32994,3854.0
2025-04-27 23:00:00+00:00,1.32995,1.33064,1.32884,1.32901,3455.0
2025-04-28 00:00:00+00:00,1.32903,1.33046,1.32896,1.33004,6859.0
2025-04-28 01:00:00+00:00,1.33003,1.33058,1.32862,1.32874,6516.0
2025-04-28 02:00:00+00:00,1.32874,1.32916,1.32802,1.32888,4825.0
2025-04-28 03:00:00+00:00,1.32888,1.32988,1.32876,1.32956,3322.0
2025-04-28 04:00:00+00:00,1.32955,1.33158,1.32926,1.33158,3837.0
2025-04-28 05:00:00+00:00,1.33156,1.33278,1.33151,1.33166,5216.0
2025-04-28 06:00:00+00:00,1.33165,1.33177,1.32882,1.32965,10541.0
2025-04-28 07:00:00+00:00,1.32966,1.33106,1.32944,1.33056,9619.0
2025-04-28 08:00:00+00:00,1.33056,1.33339,1.33047,1.33292,9761.0
2025-04-28 09:00:00+00:00,1.33293,1.33548,1.33293,1.33426,9618.0
2025-04-28 10:00:00+00:00,1.33426,1.33466,1.33354,1.33406,7194.0
2025-04-28 11:00:00+00:00,1.33406,1.33427,1.33319,1.33385,7488.0
2025-04-28 12:00:00+00:00,1.33388,1.33544,1.33382,1.33427,9255.0
2025-04-28 13:00:00+00:00,1.33428,1.33708,1.3341,1.33668,11801.0
2025-04-28 14:00:00+00:00,1.33668,1.34206,1.33644,1.3393,17908.0
2025-04-28 15:00:00+00:00,1.33931,1.34006,1.33806,1.33932,11323.0
2025-04-28 16:00:00+00:00,1.33932,1.3419,1.33928,1.34132,10299.0
2025-04-28 17:00:00+00:00,1.34132,1.34253,1.34112,1.34118,8721.0
2025-04-28 18:00:00+00:00,1.34119,1.3427,1.34116,1.3426,5200.0
2025-04-28 19:00:00+00:00,1.34258,1.34428,1.3425,1.34389,4443.0
2025-04-28 20:00:00+00:00,1.34392,1.34442,1.34363,1.3443,2486.0
2025-04-28 21:00:00+00:00,1.34376,1.34427,1.34357,1.34379,1146.0
2025-04-28 22:00:00+00:00,1.3437,1.3444,1.3435,1.34357,1972.0
2025-04-28 23:00:00+00:00,1.34358,1.34432,1.34298,1.3435,3949.0
2025-04-29 00:00:00+00:00,1.34351,1.34374,1.34252,1.34262,5055.0
2025-04-29 01:00:00+00:00,1.34262,1.34318,1.34171,1.34212,4953.0
2025-04-29 02:00:00+00:00,1.3421,1.34426,1.3421,1.34231,7543.0
2025-04-29 03:00:00+00:00,1.34231,1.34254,1.34088,1.3413,5994.0
2025-04-29 04:00:00+00:00,1.3413,1.34154,1.3394,1.33963,4302.0
2025-04-29 05:00:00+00:00,1.33968,1.34098,1.33967,1.34084,4511.0
2025-04-29 06:00:00+00:00,1.34084,1.34195,1.34044,1.34102,8650.0
2025-04-29 07:00:00+00:00,1.34105,1.3423,1.34013,1.34221,12291.0
2025-04-29 08:00:00+00:00,1.34224,1.34262,1.34092,1.34111,9329.0
2025-04-29 09:00:00+00:00,1.34112,1.3413,1.33943,1.33954,7127.0
2025-04-29 10:00:00+00:00,1.33954,1.33994,1.33803,1.33827,6548.0
2025-04-29 11:00:00+00:00,1.33826,1.33932,1.33812,1.33838,6652.0
2025-04-29 12:00:00+00:00,1.33838,1.34144,1.33823,1.34094,9810.0
2025-04-29 13:00:00+00:00,1.34092,1.34176,1.34002,1.34078,11492.0
2025-04-29 14:00:00+00:00,1.34078,1.34213,1.33884,1.33894,15124.0
2025-04-29 15:00:00+00:00,1.33894,1.34108,1.33884,1.3396,9868.0
2025-04-29 16:00:00+00:00,1.33958,1.34204,1.33958,1.34074,8744.0
2025-04-29 17:00:00+00:00,1.34074,1.34088,1.33976,1.33984,5465.0
2025-04-29 18:00:00+00:00,1.3398,1.34048,1.33934,1.34016,5791.0
2025-04-29 19:00:00+00:00,1.34015,1.3408,1.3397,1.34037,3898.0
2025-04-29 20:00:00+00:00,1.34032,1.34111,1.34028,1.34076,2670.0
2025-04-29 21:00:00+00:00,1.34048,1.34128,1.34031,1.34094,1265.0
2025-04-29 22:00:00+00:00,1.3409,1.34128,1.34046,1.34096,2066.0
2025-04-29 23:00:00+00:00,1.34099,1.34144,1.34064,1.34121,2844.0
2025-04-30 00:00:00+00:00,1.34122,1.34148,1.33987,1.34026,5721.0
2025-04-30 01:00:00+00:00,1.34023,1.34118,1.339,1.33915,7073.0
2025-04-30 02:00:00+00:00,1.33914,1.33978,1.33872,1.33904,4837.0
2025-04-30 03:00:00+00:00,1.33905,1.33954,1.33828,1.33842,3825.0
2025-04-30 04:00:00+00:00,1.33844,1.33956,1.33824,1.33909,3488.0
2025-04-30 05:00:00+00:00,1.3391,1.34016,1.33876,1.34004,2917.0
2025-04-30 06:00:00+00:00,1.34,1.34066,1.33816,1.34018,8180.0
2025-04-30 07:00:00+00:00,1.34016,1.34016,1.33808,1.33852,9430.0
2025-04-30 08:00:00+00:00,1.33854,1.33886,1.3363,1.33674,10153.0
2025-04-30 09:00:00+00:00,1.33678,1.33744,1.3358,1.33608,8069.0
2025-04-30 10:00:00+00:00,1.3361,1.33658,1.33564,1.33578,7413.0
2025-04-30 11:00:00+00:00,1.33578,1.33694,1.33546,1.33572,8287.0
2025-04-30 12:00:00+00:00,1.33572,1.33674,1.3343,1.3352,18237.0
2025-04-30 13:00:00+00:00,1.33521,1.33534,1.33152,1.33226,15738.0
2025-04-30 14:00:00+00:00,1.33226,1.33592,1.3309,1.33555,20962.0
2025-04-30 15:00:00+00:00,1.33553,1.33588,1.33236,1.3342,18960.0
2025-04-30 16:00:00+00:00,1.33418,1.33498,1.33359,1.33467,8972.0
2025-04-30 17:00:00+00:00,1.33466,1.33582,1.33401,1.33402,7321.0
2025-04-30 18:00:00+00:00,1.33403,1.33527,1.33368,1.33388,7892.0
2025-04-30 19:00:00+00:00,1.33387,1.33458,1.33265,1.33288,4280.0
2025-04-30 20:00:00+00:00,1.33287,1.33327,1.3319,1.33319,4877.0
2025-04-30 21:00:00+00:00,1.33285,1.33326,1.33238,1.33274,916.0
2025-04-30 22:00:00+00:00,1.33268,1.33286,1.33224,1.3325,2602.0
2025-04-30 23:00:00+00:00,1.33251,1.33251,1.33192,1.3321,2661.0
2025-05-01 00:00:00+00:00,1.33212,1.33268,1.33176,1.33192,5278.0
2025-05-01 01:00:00+00:00,1.33192,1.33194,1.33039,1.33079,4160.0
2025-05-01 02:00:00+00:00,1.3308,1.33168,1.33059,1.33138,2958.0
2025-05-01 03:00:00+00:00,1.33138,1.33169,1.32932,1.33012,5720.0
2025-05-01 04:00:00+00:00,1.33012,1.33034,1.32932,1.32938,4409.0
2025-05-01 05:00:00+00:00,1.32938,1.32956,1.32788,1.32894,6045.0
2025-05-01 06:00:00+00:00,1.32888,1.33014,1.32855,1.32892,8146.0
2025-05-01 07:00:00+00:00,1.32892,1.33076,1.32748,1.33062,9557.0
2025-05-01 08:00:00+00:00,1.33061,1.33333,1.3306,1.33248,7736.0
2025-05-01 09:00:00+00:00,1.33248,1.3332,1.3313,1.33155,7215.0
2025-05-01 10:00:00+00:00,1.33156,1.3339,1.3312,1.33384,6987.0
2025-05-01 11:00:00+00:00,1.33384,1.33457,1.33237,1.33243,7719.0
2025-05-01 12:00:00+00:00,1.33241,1.33406,1.33142,1.33159,14127.0
2025-05-01 13:00:00+00:00,1.33158,1.33274,1.33118,1.33249,12741.0
2025-05-01 14:00:00+00:00,1.33246,1.33268,1.32846,1.32954,20789.0
2025-05-01 15:00:00+00:00,1.32954,1.33012,1.32648,1.32729,12152.0
2025-05-01 16:00:00+00:00,1.3273,1.32842,1.3262,1.32808,8526.0
2025-05-01 17:00:00+00:00,1.32809,1.32809,1.32636,1.32667,5726.0
2025-05-01 18:00:00+00:00,1.32666,1.32868,1.32604,1.32776,7036.0
2025-05-01 19:00:00+00:00,1.32776,1.3285,1.32763,1.3279,4264.0
2025-05-01 20:00:00+00:00,1.3279,1.32846,1.32742,1.32786,2113.0
2025-05-01 21:00:00+00:00,1.32784,1.32856,1.3276,1.3276,604.0
2025-05-01 22:00:00+00:00,1.32764,1.32861,1.32762,1.32848,2169.0
2025-05-01 23:00:00+00:00,1.32849,1.32869,1.32806,1.3286,2227.0
2025-05-02 00:00:00+00:00,1.3286,1.32903,1.3274,1.32791,7659.0
2025-05-02 01:00:00+00:00,1.32792,1.32902,1.32756,1.329,8790.0
2025-05-02 02:00:00+00:00,1.32902,1.33001,1.32899,1.32928,5859.0
2025-05-02 03:00:00+00:00,1.32928,1.33105,1.32906,1.331,4592.0
2025-05-02 04:00:00+00:00,1.33101,1.33138,1.33042,1.33082,6104.0
2025-05-02 05:00:00+00:00,1.33082,1.33221,1.33054,1.33125,4407.0
2025-05-02 06:00:00+00:00,1.33121,1.33214,1.33072,1.33121,9905.0
2025-05-02 07:00:00+00:00,1.3312,1.3319,1.32986,1.32994,11127.0
2025-05-02 08:00:00+00:00,1.32994,1.32995,1.32825,1.3292,9645.0
2025-05-02 09:00:00+00:00,1.3292,1.33159,1.3286,1.33105,9911.0
2025-05-02 10:00:00+00:00,1.33106,1.3311,1.32874,1.329,7786.0
2025-05-02 11:00:00+00:00,1.329,1.33078,1.32864,1.32944,8733.0
2025-05-02 12:00:00+00:00,1.32944,1.32988,1.32624,1.32908,24471.0
2025-05-02 13:00:00+00:00,1.32908,1.33309,1.32834,1.33206,22954.0
2025-05-02 14:00:00+00:00,1.33207,1.333,1.33102,1.3321,19217.0
2025-05-02 15:00:00+00:00,1.3321,1.33288,1.32773,1.32808,14329.0
2025-05-02 16:00:00+00:00,1.32808,1.32972,1.32765,1.32836,13947.0
2025-05-02 17:00:00+00:00,1.32836,1.32942,1.32734,1.32773,8461.0
2025-05-02 18:00:00+00:00,1.32775,1.32826,1.32675,1.3274,6696.0
2025-05-02 19:00:00+00:00,1.32742,1.32837,1.32742,1.32776,3992.0
2025-05-02 20:00:00+00:00,1.32774,1.3279,1.32634,1.327,2101.0
2025-05-04 21:00:00+00:00,1.32638,1.32713,1.32632,1.32672,77.0
2025-05-04 22:00:00+00:00,1.32672,1.32751,1.32601,1.32638,3349.0
2025-05-04 23:00:00+00:00,1.32642,1.32765,1.32616,1.32698,3887.0
2025-05-05 00:00:00+00:00,1.32702,1.32726,1.32618,1.32712,4217.0
2025-05-05 01:00:00+00:00,1.32714,1.32972,1.32714,1.32896,8890.0
2025-05-05 02:00:00+00:00,1.32897,1.33011,1.3283,1.32979,4822.0
2025-05-05 03:00:00+00:00,1.3298,1.32982,1.3285,1.3289,3952.0
2025-05-05 04:00:00+00:00,1.32891,1.32966,1.32867,1.32954,3012.0
2025-05-05 05:00:00+00:00,1.32956,1.33071,1.32912,1.3294,6313.0
2025-05-05 06:00:00+00:00,1.32938,1.32982,1.32758,1.32808,10494.0
2025-05-05 07:00:00+00:00,1.32808,1.32918,1.32755,1.32806,8941.0
2025-05-05 08:00:00+00:00,1.32806,1.32918,1.32772,1.32821,8365.0
2025-05-05 09:00:00+00:00,1.32823,1.33044,1.32822,1.3303,9034.0
2025-05-05 10:00:00+00:00,1.3303,1.331,1.32948,1.33072,7536.0
2025-05-05 11:00:00+00:00,1.3307,1.33258,1.33066,1.33166,8183.0
2025-05-05 12:00:00+00:00,1.33166,1.33358,1.33159,1.3331,11519.0
2025-05-05 13:00:00+00:00,1.33312,1.33367,1.3318,1.33218,11889.0
2025-05-05 14:00:00+00:00,1.33216,1.33216,1.33,1.33062,16372.0
2025-05-05 15:00:00+00:00,1.3306,1.33096,1.32802,1.32818,10628.0
2025-05-05 16:00:00+00:00,1.3282,1.3282,1.32704,1.32739,7955.0
2025-05-05 17:00:00+00:00,1.32738,1.32836,1.32721,1.32776,5039.0
2025-05-05 18:00:00+00:00,1.32774,1.3291,1.3275,1.32887,4611.0
2025-05-05 19:00:00+00:00,1.32886,1.32994,1.32872,1.32932,4454.0
2025-05-05 20:00:00+00:00,1.32933,1.3299,1.32904,1.32968,1798.0
2025-05-05 21:00:00+00:00,1.3292,1.32993,1.32881,1.32922,640.0
2025-05-05 22:00:00+00:00,1.32934,1.32982,1.32906,1.32914,1318.0
2025-05-05 23:00:00+00:00,1.32916,1.32952,1.32892,1.32908,1305.0
2025-05-06 00:00:00+00:00,1.3291,1.32931,1.32676,1.32696,6871.0
2025-05-06 01:00:00+00:00,1.32692,1.32756,1.32605,1.32732,8547.0
2025-05-06 02:00:00+00:00,1.32731,1.32926,1.32716,1.32864,7099.0
2025-05-06 03:00:00+00:00,1.32866,1.3297,1.32827,1.32951,5587.0
2025-05-06 04:00:00+00:00,1.32948,1.33058,1.32944,1.33026,3920.0
2025-05-06 05:00:00+00:00,1.33026,1.33046,1.32864,1.32896,4540.0
2025-05-06 06:00:00+00:00,1.32896,1.33047,1.32856,1.3302,8391.0
2025-05-06 07:00:00+00:00,1.33018,1.33292,1.33018,1.33199,12130.0
2025-05-06 08:00:00+00:00,1.332,1.33342,1.3314,1.33155,13068.0
2025-05-06 09:00:00+00:00,1.33153,1.33173,1.33079,1.33166,10557.0
2025-05-06 10:00:00+00:00,1.33165,1.33544,1.33141,1.3351,8665.0
2025-05-06 11:00:00+00:00,1.33509,1.33749,1.33488,1.337,8753.0
2025-05-06 12:00:00+00:00,1.337,1.34028,1.33647,1.33966,9691.0
2025-05-06 13:00:00+00:00,1.33962,1.33966,1.33802,1.33856,11814.0
2025-05-06 14:00:00+00:00,1.33856,1.33974,1.33655,1.3372,15391.0
2025-05-06 15:00:00+00:00,1.33719,1.33728,1.33566,1.33674,9492.0
2025-05-06 16:00:00+00:00,1.33674,1.33704,1.33519,1.33581,10374.0
2025-05-06 17:00:00+00:00,1.33582,1.33785,1.33566,1.33664,7903.0
2025-05-06 18:00:00+00:00,1.33662,1.33769,1.33596,1.33762,5792.0
2025-05-06 19:00:00+00:00,1.3376,1.3387,1.33718,1.33789,5579.0
2025-05-06 20:00:00+00:00,1.33786,1.3382,1.33574,1.33689,3715.0
2025-05-06 21:00:00+00:00,1.33718,1.33824,1.33664,1.33778,1450.0
2025-05-06 22:00:00+00:00,1.33768,1.3377,1.33452,1.33498,7670.0
2025-05-06 23:00:00+00:00,1.33498,1.3357,1.33436,1.33524,5645.0
2025-05-07 00:00:00+00:00,1.33522,1.3361,1.33334,1.33522,11936.0
2025-05-07 01:00:00+00:00,1.33521,1.33621,1.33358,1.33513,11973.0
2025-05-07 02:00:00+00:00,1.33512,1.33539,1.33407,1.33457,7723.0
2025-05-07 03:00:00+00:00,1.33458,1.33494,1.33384,1.3346,5403.0
2025-05-07 04:00:00+00:00,1.33462,1.33548,1.33416,1.33427,3833.0
2025-05-07 05:00:00+00:00,1.33426,1.33606,1.33413,1.33575,5359.0
2025-05-07 06:00:00+00:00,1.33575,1.33674,1.33534,1.33647,8566.0
2025-05-07 07:00:00+00:00,1.33648,1.33648,1.33451,1.33518,11626.0
2025-05-07 08:00:00+00:00,1.33519,1.33576,1.33356,1.33362,10761.0
2025-05-07 09:00:00+00:00,1.3336,1.33392,1.3323,1.33338,8349.0
2025-05-07 10:00:00+00:00,1.33338,1.33514,1.33328,1.3346,6125.0
2025-05-07 11:00:00+00:00,1.33461,1.33582,1.33438,1.33482,5109.0
2025-05-07 12:00:00+00:00,1.33482,1.33684,1.33462,1.3367,7487.0
2025-05-07 13:00:00+00:00,1.33669,1.33714,1.33579,1.33644,8686.0
2025-05-07 14:00:00+00:00,1.33641,1.33773,1.33573,1.33662,9308.0
2025-05-07 15:00:00+00:00,1.33662,1.33672,1.3339,1.33428,8874.0
2025-05-07 16:00:00+00:00,1.3343,1.33519,1.33326,1.33482,6899.0
2025-05-07 17:00:00+00:00,1.33482,1.33494,1.33294,1.33369,6011.0
2025-05-07 18:00:00+00:00,1.33368,1.33533,1.33002,1.33222,23804.0
2025-05-07 19:00:00+00:00,1.33222,1.33232,1.32898,1.32968,18014.0
2025-05-07 20:00:00+00:00,1.32968,1.32982,1.32802,1.32912,4517.0
2025-05-07 21:00:00+00:00,1.32933,1.32965,1.32915,1.32948,599.0
2025-05-07 22:00:00+00:00,1.32948,1.3296,1.32862,1.32872,2198.0
2025-05-07 23:00:00+00:00,1.32872,1.32957,1.3287,1.32904,2317.0
2025-05-08 00:00:00+00:00,1.32904,1.33071,1.329,1.3296,6850.0
2025-05-08 01:00:00+00:00,1.32958,1.33452,1.32938,1.33424,10756.0
2025-05-08 02:00:00+00:00,1.33424,1.3352,1.33332,1.33426,8128.0
2025-05-08 03:00:00+00:00,1.33424,1.33566,1.33424,1.3345,4611.0
2025-05-08 04:00:00+00:00,1.3345,1.33476,1.33315,1.33322,4106.0
2025-05-08 05:00:00+00:00,1.33322,1.33332,1.33017,1.33219,8549.0
2025-05-08 06:00:00+00:00,1.33216,1.33226,1.3277,1.32826,14842.0
2025-05-08 07:00:00+00:00,1.32826,1.32918,1.3267,1.32906,12659.0
2025-05-08 08:00:00+00:00,1.32907,1.32954,1.32612,1.32663,11171.0
2025-05-08 09:00:00+00:00,1.32664,1.3281,1.32612,1.32758,8174.0
2025-05-08 10:00:00+00:00,1.32755,1.32958,1.32622,1.32631,8635.0
2025-05-08 11:00:00+00:00,1.32632,1.33332,1.32416,1.33262,17408.0
2025-05-08 12:00:00+00:00,1.33263,1.33424,1.33192,1.33238,14056.0
2025-05-08 13:00:00+00:00,1.3324,1.3345,1.33238,1.33356,12363.0
2025-05-08 14:00:00+00:00,1.33354,1.33455,1.3307,1.3309,14002.0
2025-05-08 15:00:00+00:00,1.33092,1.33178,1.32731,1.32842,19738.0
2025-05-08 16:00:00+00:00,1.32842,1.32858,1.32616,1.32658,13288.0
2025-05-08 17:00:00+00:00,1.32658,1.32675,1.3246,1.32582,8260.0
2025-05-08 18:00:00+00:00,1.32581,1.32622,1.3249,1.32512,5801.0
2025-05-08 19:00:00+00:00,1.32512,1.3254,1.32366,1.32443,6642.0
2025-05-08 20:00:00+00:00,1.32444,1.32494,1.32376,1.32464,2740.0
2025-05-08 21:00:00+00:00,1.32468,1.3253,1.32448,1.32504,896.0
2025-05-08 22:00:00+00:00,1.32518,1.32519,1.32454,1.32505,1838.0
2025-05-08 23:00:00+00:00,1.32504,1.32506,1.32334,1.32392,2415.0
2025-05-09 00:00:00+00:00,1.32394,1.32437,1.32196,1.324,6302.0
2025-05-09 01:00:00+00:00,1.32397,1.32421,1.32242,1.32258,8121.0
2025-05-09 02:00:00+00:00,1.32258,1.32348,1.32121,1.32339,8092.0
2025-05-09 03:00:00+00:00,1.32336,1.32426,1.32298,1.32314,6487.0
2025-05-09 04:00:00+00:00,1.32316,1.3239,1.3231,1.32365,4535.0
2025-05-09 05:00:00+00:00,1.32364,1.32419,1.32238,1.32416,5582.0
2025-05-09 06:00:00+00:00,1.32415,1.32474,1.32343,1.32423,8865.0
2025-05-09 07:00:00+00:00,1.32423,1.32697,1.32416,1.32624,10313.0
2025-05-09 08:00:00+00:00,1.32626,1.32714,1.3254,1.32702,7125.0
2025-05-09 09:00:00+00:00,1.32702,1.32789,1.32621,1.32687,6938.0
2025-05-09 10:00:00+00:00,1.32688,1.32786,1.3263,1.32689,6966.0
2025-05-09 11:00:00+00:00,1.3269,1.32858,1.32657,1.32764,9592.0
2025-05-09 12:00:00+00:00,1.32765,1.32871,1.32727,1.32854,7380.0
2025-05-09 13:00:00+00:00,1.32854,1.32976,1.32839,1.32872,9787.0
2025-05-09 14:00:00+00:00,1.32872,1.33176,1.32842,1.33044,12460.0
2025-05-09 15:00:00+00:00,1.33042,1.3316,1.32935,1.33156,9563.0
2025-05-09 16:00:00+00:00,1.33156,1.33228,1.3305,1.33072,6117.0
2025-05-09 17:00:00+00:00,1.3307,1.33192,1.33022,1.3315,4651.0
2025-05-09 18:00:00+00:00,1.3315,1.3318,1.33098,1.3315,3529.0
2025-05-09 19:00:00+00:00,1.33148,1.33157,1.33031,1.33119,2815.0
2025-05-09 20:00:00+00:00,1.33116,1.33117,1.3297,1.33034,3504.0
2025-05-11 21:00:00+00:00,1.32674,1.32879,1.32621,1.32732,562.0
2025-05-11 22:00:00+00:00,1.32726,1.32928,1.32714,1.32862,4629.0
2025-05-11 23:00:00+00:00,1.3286,1.32954,1.32842,1.32851,5274.0
2025-05-12 00:00:00+00:00,1.32853,1.3291,1.32746,1.32892,10648.0
2025-05-12 01:00:00+00:00,1.32892,1.32942,1.3275,1.32785,13119.0
2025-05-12 02:00:00+00:00,1.32786,1.32904,1.32778,1.32828,7353.0
2025-05-12 03:00:00+00:00,1.32829,1.32918,1.32784,1.32912,5507.0
2025-05-12 04:00:00+00:00,1.32912,1.32934,1.32826,1.32862,3753.0
2025-05-12 05:00:00+00:00,1.32862,1.32881,1.32742,1.32815,6384.0
2025-05-12 06:00:00+00:00,1.3282,1.32996,1.32812,1.32856,8669.0
2025-05-12 07:00:00+00:00,1.32856,1.32894,1.31634,1.31692,38539.0
2025-05-12 08:00:00+00:00,1.31692,1.3203,1.31591,1.31944,22167.0
2025-05-12 09:00:00+00:00,1.31942,1.32044,1.31864,1.31973,13213.0
2025-05-12 10:00:00+00:00,1.31972,1.31972,1.314,1.31414,16242.0
2025-05-12 11:00:00+00:00,1.31414,1.31847,1.31408,1.31772,14951.0
2025-05-12 12:00:00+00:00,1.31774,1.32016,1.3172,1.31963,13972.0
2025-05-12 13:00:00+00:00,1.31962,1.32136,1.31925,1.32004,15256.0
2025-05-12 14:00:00+00:00,1.32004,1.32132,1.31926,1.32011,19042.0
2025-05-12 15:00:00+00:00,1.32013,1.32154,1.31892,1.31914,11474.0
2025-05-12 16:00:00+00:00,1.31913,1.31974,1.31768,1.31779,8843.0
2025-05-12 17:00:00+00:00,1.3178,1.31789,1.3164,1.31756,6521.0
2025-05-12 18:00:00+00:00,1.31756,1.3183,1.31622,1.31803,7651.0
2025-05-12 19:00:00+00:00,1.31804,1.3185,1.31751,1.31788,6194.0
2025-05-12 20:00:00+00:00,1.31786,1.31817,1.31747,1.3177,3282.0
2025-05-12 21:00:00+00:00,1.31748,1.31792,1.31692,1.31708,1811.0
2025-05-12 22:00:00+00:00,1.31708,1.31774,1.31696,1.31764,2425.0
2025-05-12 23:00:00+00:00,1.31766,1.31824,1.31718,1.31777,3842.0
2025-05-13 00:00:00+00:00,1.31776,1.31856,1.31738,1.31788,8374.0
2025-05-13 01:00:00+00:00,1.31786,1.3188,1.31752,1.31848,10100.0
2025-05-13 02:00:00+00:00,1.31848,1.3192,1.31792,1.31824,6356.0
2025-05-13 03:00:00+00:00,1.31824,1.32001,1.31791,1.31984,5996.0
2025-05-13 04:00:00+00:00,1.31985,1.32012,1.31901,1.32012,4769.0
2025-05-13 05:00:00+00:00,1.32012,1.3207,1.31934,1.32004,6182.0
2025-05-13 06:00:00+00:00,1.32002,1.32074,1.31895,1.31984,10873.0
2025-05-13 07:00:00+00:00,1.3198,1.32118,1.31954,1.32116,12766.0
2025-05-13 08:00:00+00:00,1.32114,1.32173,1.32004,1.32115,9597.0
2025-05-13 09:00:00+00:00,1.32116,1.32205,1.3206,1.32136,8486.0
2025-05-13 10:00:00+00:00,1.32136,1.32176,1.32026,1.32038,8268.0
2025-05-13 11:00:00+00:00,1.32038,1.32152,1.32024,1.32138,6300.0
2025-05-13 12:00:00+00:00,1.32133,1.32444,1.32124,1.32434,14009.0
2025-05-13 13:00:00+00:00,1.32434,1.32494,1.32213,1.32267,16735.0
2025-05-13 14:00:00+00:00,1.32268,1.32604,1.32236,1.32597,16813.0
2025-05-13 15:00:00+00:00,1.32594,1.32806,1.3257,1.32774,11566.0
2025-05-13 16:00:00+00:00,1.32774,1.32948,1.32716,1.32926,7567.0
2025-05-13 17:00:00+00:00,1.32926,1.33039,1.32875,1.32998,5618.0
2025-05-13 18:00:00+00:00,1.32998,1.33026,1.32964,1.33004,5056.0
2025-05-13 19:00:00+00:00,1.33005,1.3308,1.32988,1.33057,4460.0
2025-05-13 20:00:00+00:00,1.33056,1.33164,1.3302,1.33049,3487.0
2025-05-13 21:00:00+00:00,1.33083,1.33093,1.33047,1.33076,623.0
2025-05-13 22:00:00+00:00,1.33074,1.33144,1.3304,1.33142,2019.0
2025-05-13 23:00:00+00:00,1.33142,1.33142,1.33028,1.33036,3427.0
2025-05-14 00:00:00+00:00,1.33036,1.33165,1.32996,1.33138,8010.0
2025-05-14 01:00:00+00:00,1.33138,1.33202,1.33056,1.33084,10103.0
2025-05-14 02:00:00+00:00,1.33085,1.33097,1.32989,1.33034,6762.0
2025-05-14 03:00:00+00:00,1.33034,1.33092,1.32984,1.33088,5118.0
2025-05-14 04:00:00+00:00,1.3309,1.33126,1.33032,1.33044,5153.0
2025-05-14 05:00:00+00:00,1.33042,1.33096,1.33007,1.33017,5638.0
2025-05-14 06:00:00+00:00,1.33017,1.3312,1.32909,1.32997,9829.0
2025-05-14 07:00:00+00:00,1.32996,1.33311,1.32986,1.3329,13460.0
2025-05-14 08:00:00+00:00,1.33294,1.3359,1.33272,1.33472,23348.0
2025-05-14 09:00:00+00:00,1.33473,1.33606,1.33375,1.335,16906.0
2025-05-14 10:00:00+00:00,1.33499,1.33522,1.33363,1.33486,10148.0
2025-05-14 11:00:00+00:00,1.33487,1.3351,1.3327,1.33336,9522.0
2025-05-14 12:00:00+00:00,1.33335,1.33391,1.33163,1.33252,14410.0
2025-05-14 13:00:00+00:00,1.33253,1.33295,1.331,1.3317,16483.0
2025-05-14 14:00:00+00:00,1.33169,1.33174,1.3287,1.33042,16903.0
2025-05-14 15:00:00+00:00,1.33044,1.33054,1.32893,1.33006,14711.0
2025-05-14 16:00:00+00:00,1.33005,1.331,1.32707,1.32824,14940.0
2025-05-14 17:00:00+00:00,1.32824,1.32886,1.32753,1.32794,8547.0
2025-05-14 18:00:00+00:00,1.32794,1.32802,1.326,1.3265,7470.0
2025-05-14 19:00:00+00:00,1.32649,1.32649,1.32534,1.32603,6105.0
2025-05-14 20:00:00+00:00,1.326,1.32659,1.32566,1.32612,2966.0
2025-05-14 21:00:00+00:00,1.32633,1.32667,1.32584,1.32618,1080.0
2025-05-14 22:00:00+00:00,1.3262,1.32668,1.3262,1.3265,1756.0
2025-05-14 23:00:00+00:00,1.32653,1.32694,1.3262,1.32638,3316.0
2025-05-15 00:00:00+00:00,1.32637,1.32748,1.32595,1.32728,7601.0
2025-05-15 01:00:00+00:00,1.32726,1.32846,1.32726,1.32761,9589.0
2025-05-15 02:00:00+00:00,1.32762,1.32808,1.32725,1.32802,7027.0
2025-05-15 03:00:00+00:00,1.328,1.3287,1.3277,1.32808,6285.0
2025-05-15 04:00:00+00:00,1.32808,1.32835,1.32736,1.32744,4179.0
2025-05-15 05:00:00+00:00,1.32746,1.32792,1.32625,1.32738,5778.0
2025-05-15 06:00:00+00:00,1.32741,1.33052,1.32701,1.3304,11874.0
2025-05-15 07:00:00+00:00,1.3304,1.33048,1.32675,1.32676,13143.0
2025-05-15 08:00:00+00:00,1.32676,1.32958,1.32631,1.32898,10338.0
2025-05-15 09:00:00+00:00,1.32898,1.32951,1.32809,1.32873,8954.0
2025-05-15 10:00:00+00:00,1.32872,1.32998,1.32826,1.32909,8542.0
2025-05-15 11:00:00+00:00,1.32908,1.32938,1.32673,1.32705,10417.0
2025-05-15 12:00:00+00:00,1.32706,1.33094,1.32706,1.33056,17226.0
2025-05-15 13:00:00+00:00,1.33054,1.332,1.32925,1.32931,21359.0
2025-05-15 14:00:00+00:00,1.32929,1.33034,1.32636,1.32791,17923.0
2025-05-15 15:00:00+00:00,1.3279,1.32952,1.32754,1.32896,11374.0
2025-05-15 16:00:00+00:00,1.329,1.32969,1.32822,1.32889,7449.0
2025-05-15 17:00:00+00:00,1.32888,1.3301,1.32867,1.32876,7504.0
2025-05-15 18:00:00+00:00,1.32875,1.33014,1.32872,1.32986,5351.0
2025-05-15 19:00:00+00:00,1.32988,1.33076,1.32934,1.33055,4132.0
2025-05-15 20:00:00+00:00,1.33056,1.33088,1.33032,1.33058,2792.0
2025-05-15 21:00:00+00:00,1.33008,1.33074,1.32996,1.33058,1216.0
2025-05-15 22:00:00+00:00,1.33052,1.33096,1.33018,1.33085,2043.0
2025-05-15 23:00:00+00:00,1.33086,1.33099,1.33032,1.33033,2916.0
2025-05-16 00:00:00+00:00,1.33034,1.33181,1.33016,1.33144,9217.0
2025-05-16 01:00:00+00:00,1.33144,1.3319,1.33106,1.33154,7778.0
2025-05-16 02:00:00+00:00,1.33156,1.33179,1.33066,1.3311,6599.0
2025-05-16 03:00:00+00:00,1.3311,1.33188,1.33086,1.33124,5480.0
2025-05-16 04:00:00+00:00,1.33122,1.33197,1.33089,1.33184,4470.0
2025-05-16 05:00:00+00:00,1.33185,1.33281,1.33162,1.33256,5514.0
2025-05-16 06:00:00+00:00,1.33258,1.3333,1.3318,1.33248,8128.0
2025-05-16 07:00:00+00:00,1.33248,1.33291,1.33126,1.33146,10484.0
2025-05-16 08:00:00+00:00,1.33146,1.33169,1.33016,1.33048,9405.0
2025-05-16 09:00:00+00:00,1.33048,1.33091,1.32908,1.32925,8463.0
2025-05-16 10:00:00+00:00,1.32924,1.32955,1.3283,1.3291,8637.0
2025-05-16 11:00:00+00:00,1.32911,1.33017,1.32823,1.32826,8031.0
2025-05-16 12:00:00+00:00,1.32826,1.32876,1.32735,1.32836,9983.0
2025-05-16 13:00:00+00:00,1.32835,1.32994,1.32788,1.32944,12410.0
2025-05-16 14:00:00+00:00,1.32944,1.32968,1.32534,1.32657,20197.0
2025-05-16 15:00:00+00:00,1.32657,1.32703,1.3255,1.32559,11180.0
2025-05-16 16:00:00+00:00,1.3256,1.32697,1.32506,1.32687,9383.0
2025-05-16 17:00:00+00:00,1.3269,1.3275,1.3268,1.32716,5056.0
2025-05-16 18:00:00+00:00,1.32717,1.32796,1.3268,1.32783,5235.0
2025-05-16 19:00:00+00:00,1.32782,1.32838,1.32746,1.3276,4333.0
2025-05-16 20:00:00+00:00,1.3276,1.32878,1.32753,1.32816,6409.0
2025-05-18 21:00:00+00:00,1.32772,1.32846,1.32763,1.32798,450.0
2025-05-18 22:00:00+00:00,1.3279,1.3305,1.32771,1.33013,2907.0
2025-05-18 23:00:00+00:00,1.33014,1.33052,1.32943,1.33052,4706.0
2025-05-19 00:00:00+00:00,1.33053,1.33138,1.32994,1.33128,12164.0
2025-05-19 01:00:00+00:00,1.33128,1.3314,1.32937,1.32957,10623.0
2025-05-19 02:00:00+00:00,1.32958,1.33049,1.32904,1.32968,7399.0
2025-05-19 03:00:00+00:00,1.32968,1.33014,1.32952,1.32976,5774.0
2025-05-19 04:00:00+00:00,1.32976,1.33028,1.32916,1.3299,4989.0
2025-05-19 05:00:00+00:00,1.3299,1.33047,1.32928,1.33,5915.0
2025-05-19 06:00:00+00:00,1.32998,1.33237,1.32951,1.3321,11990.0
2025-05-19 07:00:00+00:00,1.33212,1.3373,1.33202,1.3368,17399.0
2025-05-19 08:00:00+00:00,1.3368,1.33702,1.3348,1.33676,13091.0
2025-05-19 09:00:00+00:00,1.33677,1.33978,1.3363,1.33966,14149.0
2025-05-19 10:00:00+00:00,1.3397,1.34041,1.33882,1.3389,11599.0
2025-05-19 11:00:00+00:00,1.33891,1.33896,1.33754,1.33821,9866.0
2025-05-19 12:00:00+00:00,1.3382,1.33836,1.33682,1.33716,11190.0
2025-05-19 13:00:00+00:00,1.33714,1.33762,1.33606,1.33664,17041.0
2025-05-19 14:00:00+00:00,1.33664,1.33699,1.33538,1.33674,13873.0
2025-05-19 15:00:00+00:00,1.33675,1.33725,1.33532,1.3355,9966.0
2025-05-19 16:00:00+00:00,1.3355,1.33576,1.33459,1.33548,8600.0
2025-05-19 17:00:00+00:00,1.33548,1.33587,1.3347,1.33505,7349.0
2025-05-19 18:00:00+00:00,1.33504,1.33578,1.3345,1.33557,5668.0
2025-05-19 19:00:00+00:00,1.33558,1.33612,1.33504,1.33597,4243.0
2025-05-19 20:00:00+00:00,1.33596,1.33646,1.33586,1.33614,3164.0
2025-05-19 21:00:00+00:00,1.33564,1.33644,1.33563,1.33619,1284.0
2025-05-19 22:00:00+00:00,1.33607,1.3362,1.33546,1.33564,2794.0
2025-05-19 23:00:00+00:00,1.33565,1.33616,1.33548,1.33592,1995.0
2025-05-20 00:00:00+00:00,1.33592,1.33594,1.3345,1.33564,7916.0
2025-05-20 01:00:00+00:00,1.33564,1.3374,1.33556,1.33576,9842.0
2025-05-20 02:00:00+00:00,1.33578,1.33674,1.33471,1.33536,6778.0
2025-05-20 03:00:00+00:00,1.33537,1.33702,1.33514,1.33671,6419.0
2025-05-20 04:00:00+00:00,1.33669,1.33702,1.33617,1.33637,6027.0
2025-05-20 05:00:00+00:00,1.33636,1.33829,1.33636,1.33762,9832.0
2025-05-20 06:00:00+00:00,1.33762,1.33825,1.33669,1.33696,10940.0
2025-05-20 07:00:00+00:00,1.33694,1.33949,1.33659,1.3392,13216.0
2025-05-20 08:00:00+00:00,1.33921,1.33936,1.33723,1.33738,9831.0
2025-05-20 09:00:00+00:00,1.33736,1.33843,1.33686,1.33721,8531.0
2025-05-20 10:00:00+00:00,1.3372,1.33734,1.33538,1.3363,8056.0
2025-05-20 11:00:00+00:00,1.33632,1.33723,1.33586,1.33618,6768.0
2025-05-20 12:00:00+00:00,1.33618,1.33636,1.33354,1.33401,10557.0
2025-05-20 13:00:00+00:00,1.334,1.33606,1.3335,1.33572,13321.0
2025-05-20 14:00:00+00:00,1.33573,1.33744,1.33563,1.33691,15992.0
2025-05-20 15:00:00+00:00,1.33692,1.33734,1.33575,1.33695,9739.0
2025-05-20 16:00:00+00:00,1.33691,1.33737,1.33592,1.33716,7621.0
2025-05-20 17:00:00+00:00,1.33715,1.33862,1.337,1.33808,6801.0
2025-05-20 18:00:00+00:00,1.33808,1.33876,1.33772,1.33789,7712.0
2025-05-20 19:00:00+00:00,1.33788,1.33912,1.33778,1.33878,4330.0
2025-05-20 20:00:00+00:00,1.33879,1.3394,1.33858,1.33934,2750.0
2025-05-20 21:00:00+00:00,1.33858,1.33924,1.33832,1.3387,760.0
2025-05-20 22:00:00+00:00,1.33869,1.33946,1.33858,1.33914,2283.0
2025-05-20 23:00:00+00:00,1.33915,1.3398,1.33907,1.33972,1850.0
2025-05-21 00:00:00+00:00,1.33972,1.34121,1.33944,1.34089,6286.0
2025-05-21 01:00:00+00:00,1.3409,1.34127,1.33989,1.3409,7735.0
2025-05-21 02:00:00+00:00,1.34091,1.34272,1.3408,1.34238,9294.0
2025-05-21 03:00:00+00:00,1.34236,1.3436,1.34209,1.34306,6658.0
2025-05-21 04:00:00+00:00,1.34305,1.3436,1.34267,1.34304,4923.0
2025-05-21 05:00:00+00:00,1.34303,1.34381,1.34276,1.3436,6533.0
2025-05-21 06:00:00+00:00,1.34359,1.34692,1.34224,1.34456,18996.0
2025-05-21 07:00:00+00:00,1.34457,1.34462,1.341,1.34127,16452.0
2025-05-21 08:00:00+00:00,1.34128,1.34198,1.33906,1.33991,10243.0
2025-05-21 09:00:00+00:00,1.33992,1.34106,1.33886,1.34104,9584.0
2025-05-21 10:00:00+00:00,1.34104,1.34383,1.34058,1.34126,12447.0
2025-05-21 11:00:00+00:00,1.34127,1.34176,1.33964,1.34142,11880.0
2025-05-21 12:00:00+00:00,1.34142,1.34236,1.34004,1.34228,13736.0
2025-05-21 13:00:00+00:00,1.34228,1.3437,1.34145,1.34332,14974.0
2025-05-21 14:00:00+00:00,1.34333,1.34432,1.34238,1.34357,17432.0
2025-05-21 15:00:00+00:00,1.34356,1.345,1.34306,1.34452,12452.0
2025-05-21 16:00:00+00:00,1.34452,1.3452,1.34418,1.3447,7659.0
2025-05-21 17:00:00+00:00,1.34472,1.34529,1.34324,1.34388,14384.0
2025-05-21 18:00:00+00:00,1.34388,1.3439,1.34269,1.34279,9482.0
2025-05-21 19:00:00+00:00,1.34278,1.34346,1.3416,1.34164,8269.0
2025-05-21 20:00:00+00:00,1.34165,1.3424,1.34131,1.34198,4130.0
2025-05-21 21:00:00+00:00,1.34192,1.3422,1.34166,1.34172,620.0
2025-05-21 22:00:00+00:00,1.34172,1.34176,1.34049,1.3405,3733.0
2025-05-21 23:00:00+00:00,1.34052,1.34208,1.34048,1.34206,4004.0
2025-05-22 00:00:00+00:00,1.34206,1.34317,1.34202,1.34249,10969.0
2025-05-22 01:00:00+00:00,1.3425,1.34346,1.34164,1.34265,10603.0
2025-05-22 02:00:00+00:00,1.34264,1.3441,1.34191,1.3433,8821.0
2025-05-22 03:00:00+00:00,1.3433,1.34342,1.3423,1.34251,5273.0
2025-05-22 04:00:00+00:00,1.34249,1.34311,1.34208,1.3429,4556.0
2025-05-22 05:00:00+00:00,1.34292,1.34328,1.34218,1.34308,5935.0
2025-05-22 06:00:00+00:00,1.34305,1.34318,1.34163,1.34194,10911.0
2025-05-22 07:00:00+00:00,1.34196,1.34331,1.34099,1.34324,14618.0
2025-05-22 08:00:00+00:00,1.3432,1.34406,1.34015,1.34026,14110.0
2025-05-22 09:00:00+00:00,1.34023,1.34082,1.33918,1.34028,11405.0
2025-05-22 10:00:00+00:00,1.3403,1.34034,1.3391,1.33982,8088.0
2025-05-22 11:00:00+00:00,1.33982,1.3424,1.33972,1.34202,10071.0
2025-05-22 12:00:00+00:00,1.34202,1.34266,1.34015,1.34134,13267.0
2025-05-22 13:00:00+00:00,1.34134,1.34278,1.34066,1.34168,15705.0
2025-05-22 14:00:00+00:00,1.34168,1.34366,1.34145,1.34238,15412.0
2025-05-22 15:00:00+00:00,1.34238,1.34302,1.34056,1.3425,12115.0
2025-05-22 16:00:00+00:00,1.3425,1.34368,1.34172,1.3418,8283.0
2025-05-22 17:00:00+00:00,1.3418,1.34186,1.34036,1.34148,7836.0
2025-05-22 18:00:00+00:00,1.34148,1.3426,1.34139,1.34233,4964.0
2025-05-22 19:00:00+00:00,1.34232,1.343,1.34176,1.34186,4333.0
2025-05-22 20:00:00+00:00,1.34188,1.34206,1.34119,1.34193,2182.0
2025-05-22 21:00:00+00:00,1.34158,1.34242,1.34145,1.34221,445.0
2025-05-22 22:00:00+00:00,1.3423,1.34271,1.3421,1.34245,2039.0
2025-05-22 23:00:00+00:00,1.34246,1.34264,1.3419,1.34201,2544.0
2025-05-23 00:00:00+00:00,1.34198,1.3436,1.34186,1.34322,7532.0
2025-05-23 01:00:00+00:00,1.34322,1.34466,1.34299,1.34412,7725.0
2025-05-23 02:00:00+00:00,1.34412,1.34483,1.3438,1.3446,4932.0
2025-05-23 03:00:00+00:00,1.3446,1.34485,1.3443,1.34478,3455.0
2025-05-23 04:00:00+00:00,1.34478,1.34558,1.34456,1.34522,3077.0
2025-05-23 05:00:00+00:00,1.34523,1.34598,1.34458,1.34565,4201.0
2025-05-23 06:00:00+00:00,1.34564,1.3462,1.34438,1.34492,9039.0
2025-05-23 07:00:00+00:00,1.34495,1.3485,1.34452,1.34798,11374.0
2025-05-23 08:00:00+00:00,1.34798,1.34914,1.34777,1.34883,7734.0
2025-05-23 09:00:00+00:00,1.34881,1.35017,1.34849,1.34981,8416.0
2025-05-23 10:00:00+00:00,1.34983,1.35018,1.34926,1.34968,7321.0
2025-05-23 11:00:00+00:00,1.34968,1.3516,1.34738,1.34886,25527.0
2025-05-23 12:00:00+00:00,1.34886,1.35338,1.34771,1.3518,25437.0
2025-05-23 13:00:00+00:00,1.35181,1.35236,1.34819,1.34825,17688.0
2025-05-23 14:00:00+00:00,1.34824,1.3501,1.34807,1.3496,15259.0
2025-05-23 15:00:00+00:00,1.34962,1.35161,1.34937,1.35087,10706.0
2025-05-23 16:00:00+00:00,1.35088,1.3523,1.35048,1.3522,7915.0
2025-05-23 17:00:00+00:00,1.35221,1.35394,1.35214,1.35284,6216.0
2025-05-23 18:00:00+00:00,1.35284,1.35378,1.35275,1.3531,5549.0
2025-05-23 19:00:00+00:00,1.35312,1.35375,1.3526,1.35346,3986.0
2025-05-23 20:00:00+00:00,1.35347,1.35432,1.35324,1.35393,2998.0
2025-05-25 21:00:00+00:00,1.35262,1.35306,1.3526,1.35268,645.0
2025-05-25 22:00:00+00:00,1.35266,1.35394,1.35234,1.35349,6754.0
2025-05-25 23:00:00+00:00,1.3535,1.35426,1.35316,1.35383,5243.0
2025-05-26 00:00:00+00:00,1.35382,1.35616,1.35362,1.35612,8913.0
2025-05-26 01:00:00+00:00,1.35611,1.35868,1.35535,1.35843,12184.0
2025-05-26 02:00:00+00:00,1.35842,1.35934,1.35784,1.3582,10075.0
2025-05-26 03:00:00+00:00,1.35819,1.35845,1.35766,1.35792,6736.0
2025-05-26 04:00:00+00:00,1.35792,1.35857,1.35746,1.35823,5273.0
2025-05-26 05:00:00+00:00,1.35822,1.3593,1.35719,1.35892,6973.0
2025-05-26 06:00:00+00:00,1.35892,1.35926,1.35711,1.35732,10910.0
2025-05-26 07:00:00+00:00,1.35732,1.35786,1.35658,1.3567,11640.0
2025-05-26 08:00:00+00:00,1.35671,1.35714,1.3558,1.35644,8235.0
2025-05-26 09:00:00+00:00,1.35645,1.35682,1.35552,1.35616,6165.0
2025-05-26 10:00:00+00:00,1.35618,1.35656,1.35548,1.35624,6010.0
2025-05-26 11:00:00+00:00,1.35625,1.35667,1.35542,1.35598,4656.0
2025-05-26 12:00:00+00:00,1.35599,1.35631,1.35512,1.35558,5963.0
2025-05-26 13:00:00+00:00,1.35558,1.35678,1.35523,1.35671,5521.0
2025-05-26 14:00:00+00:00,1.35674,1.35684,1.3557,1.35631,6175.0
2025-05-26 15:00:00+00:00,1.35634,1.35651,1.35574,1.35632,4010.0
2025-05-26 16:00:00+00:00,1.35632,1.3565,1.35596,1.35643,2842.0
2025-05-26 17:00:00+00:00,1.35642,1.35652,1.35578,1.3562,1779.0
2025-05-26 18:00:00+00:00,1.35616,1.3565,1.35612,1.3562,1320.0
2025-05-26 19:00:00+00:00,1.3562,1.3565,1.35618,1.35642,571.0
2025-05-26 20:00:00+00:00,1.35642,1.35652,1.35609,1.35636,1226.0
2025-05-26 21:00:00+00:00,1.35646,1.35656,1.35568,1.35653,1546.0
2025-05-26 22:00:00+00:00,1.35644,1.35687,1.35608,1.35654,2247.0
2025-05-26 23:00:00+00:00,1.35656,1.35668,1.35634,1.35655,1801.0
2025-05-27 00:00:00+00:00,1.35658,1.35856,1.35658,1.35824,6027.0
2025-05-27 01:00:00+00:00,1.35828,1.35871,1.35692,1.35738,6797.0
2025-05-27 02:00:00+00:00,1.35738,1.35812,1.35676,1.35692,5896.0
2025-05-27 03:00:00+00:00,1.35692,1.35765,1.35674,1.35694,4619.0
2025-05-27 04:00:00+00:00,1.35694,1.35754,1.35538,1.35552,5454.0
2025-05-27 05:00:00+00:00,1.35554,1.35564,1.35384,1.35551,10845.0
2025-05-27 06:00:00+00:00,1.35548,1.35736,1.35466,1.35476,12041.0
2025-05-27 07:00:00+00:00,1.35474,1.35574,1.35219,1.35252,15571.0
2025-05-27 08:00:00+00:00,1.35254,1.35473,1.35228,1.35368,9801.0
2025-05-27 09:00:00+00:00,1.35366,1.35504,1.35358,1.35458,10792.0
2025-05-27 10:00:00+00:00,1.35458,1.3546,1.35336,1.35414,9770.0
2025-05-27 11:00:00+00:00,1.35412,1.35537,1.3541,1.35486,8204.0
2025-05-27 12:00:00+00:00,1.35486,1.35626,1.3547,1.3562,9098.0
2025-05-27 13:00:00+00:00,1.3562,1.35652,1.35408,1.35427,11899.0
2025-05-27 14:00:00+00:00,1.35432,1.35542,1.35189,1.35204,16179.0
2025-05-27 15:00:00+00:00,1.35206,1.35213,1.35003,1.35024,10290.0
2025-05-27 16:00:00+00:00,1.35024,1.35122,1.3501,1.35074,7973.0
2025-05-27 17:00:00+00:00,1.35075,1.35112,1.35022,1.35092,4845.0
2025-05-27 18:00:00+00:00,1.35093,1.35154,1.35058,1.35125,5308.0
2025-05-27 19:00:00+00:00,1.35123,1.3515,1.35038,1.35052,4069.0
2025-05-27 20:00:00+00:00,1.3505,1.3509,1.35031,1.35076,2496.0
2025-05-27 21:00:00+00:00,1.35085,1.3512,1.35076,1.35114,1764.0
2025-05-27 22:00:00+00:00,1.35101,1.35139,1.35082,1.35126,1195.0
2025-05-27 23:00:00+00:00,1.35125,1.3515,1.35095,1.35139,1855.0
2025-05-28 00:00:00+00:00,1.35138,1.35224,1.35133,1.35154,5507.0
2025-05-28 01:00:00+00:00,1.35154,1.35168,1.34894,1.34935,11277.0
2025-05-28 02:00:00+00:00,1.34932,1.35004,1.34794,1.34822,8628.0
2025-05-28 03:00:00+00:00,1.34824,1.34894,1.34762,1.34826,7833.0
2025-05-28 04:00:00+00:00,1.34826,1.34857,1.34708,1.34723,5429.0
2025-05-28 05:00:00+00:00,1.34722,1.3481,1.34613,1.34805,7210.0
2025-05-28 06:00:00+00:00,1.34802,1.34848,1.34716,1.34782,10018.0
2025-05-28 07:00:00+00:00,1.34778,1.35042,1.34763,1.34985,11420.0
2025-05-28 08:00:00+00:00,1.34986,1.35112,1.34961,1.35094,8707.0
2025-05-28 09:00:00+00:00,1.35094,1.35156,1.35053,1.351,6944.0
2025-05-28 10:00:00+00:00,1.351,1.35198,1.34895,1.34942,6936.0
2025-05-28 11:00:00+00:00,1.3494,1.34982,1.34764,1.34792,8759.0
2025-05-28 12:00:00+00:00,1.34792,1.34844,1.34657,1.34692,9853.0
2025-05-28 13:00:00+00:00,1.34692,1.34733,1.34494,1.34664,14193.0
2025-05-28 14:00:00+00:00,1.34666,1.34895,1.34635,1.34712,18598.0
2025-05-28 15:00:00+00:00,1.34712,1.34758,1.34541,1.34595,12066.0
2025-05-28 16:00:00+00:00,1.34594,1.34752,1.34594,1.3475,7589.0
2025-05-28 17:00:00+00:00,1.34749,1.34799,1.34687,1.347,5606.0
2025-05-28 18:00:00+00:00,1.34698,1.34762,1.34621,1.34697,6462.0
2025-05-28 19:00:00+00:00,1.34694,1.34709,1.34626,1.34644,4595.0
2025-05-28 20:00:00+00:00,1.34644,1.34717,1.34644,1.34702,3658.0
2025-05-28 21:00:00+00:00,1.34706,1.34718,1.34692,1.34705,712.0
2025-05-28 22:00:00+00:00,1.34696,1.34712,1.3465,1.34664,2580.0
2025-05-28 23:00:00+00:00,1.34666,1.34673,1.34156,1.34283,17545.0
2025-05-29 00:00:00+00:00,1.34282,1.3444,1.34192,1.34284,20868.0
2025-05-29 01:00:00+00:00,1.34284,1.34456,1.34187,1.34446,14068.0
2025-05-29 02:00:00+00:00,1.34448,1.3447,1.34324,1.34337,8004.0
2025-05-29 03:00:00+00:00,1.34336,1.34426,1.3429,1.34367,5951.0
2025-05-29 04:00:00+00:00,1.34364,1.34464,1.34315,1.344,4414.0
2025-05-29 05:00:00+00:00,1.34401,1.34424,1.34264,1.34344,7282.0
2025-05-29 06:00:00+00:00,1.34341,1.3458,1.34286,1.34569,12796.0
2025-05-29 07:00:00+00:00,1.3457,1.34709,1.3457,1.3465,12419.0
2025-05-29 08:00:00+00:00,1.34649,1.34752,1.34544,1.34606,10706.0
2025-05-29 09:00:00+00:00,1.34605,1.34774,1.34598,1.34688,7719.0
2025-05-29 10:00:00+00:00,1.34688,1.34844,1.34672,1.34729,9145.0
2025-05-29 11:00:00+00:00,1.3473,1.34778,1.34581,1.34606,9221.0
2025-05-29 12:00:00+00:00,1.34606,1.35056,1.34605,1.35016,19776.0
2025-05-29 13:00:00+00:00,1.35017,1.35075,1.34866,1.3493,16915.0
2025-05-29 14:00:00+00:00,1.34928,1.35006,1.34764,1.34828,16673.0
2025-05-29 15:00:00+00:00,1.34827,1.34956,1.348,1.34885,12236.0
2025-05-29 16:00:00+00:00,1.34882,1.35054,1.34872,1.34932,9052.0
2025-05-29 17:00:00+00:00,1.3493,1.35048,1.34872,1.34974,6700.0
2025-05-29 18:00:00+00:00,1.34972,1.35047,1.34966,1.34984,6262.0
2025-05-29 19:00:00+00:00,1.34984,1.35009,1.34926,1.34947,5415.0
2025-05-29 20:00:00+00:00,1.34948,1.34968,1.34902,1.34922,3074.0
2025-05-29 21:00:00+00:00,1.34916,1.34958,1.34892,1.34942,2825.0
2025-05-29 22:00:00+00:00,1.34936,1.34992,1.34904,1.34944,1945.0
2025-05-29 23:00:00+00:00,1.34948,1.35014,1.34932,1.34996,3330.0
2025-05-30 00:00:00+00:00,1.34994,1.35101,1.34904,1.34968,9156.0
2025-05-30 01:00:00+00:00,1.34968,1.35112,1.348,1.3482,11823.0
2025-05-30 02:00:00+00:00,1.3482,1.34868,1.34708,1.34728,7731.0
2025-05-30 03:00:00+00:00,1.34728,1.34797,1.34683,1.3471,5599.0
2025-05-30 04:00:00+00:00,1.3471,1.34758,1.34698,1.34716,4262.0
2025-05-30 05:00:00+00:00,1.34715,1.34837,1.34684,1.34796,5133.0
2025-05-30 06:00:00+00:00,1.34796,1.34855,1.34642,1.3478,9470.0
2025-05-30 07:00:00+00:00,1.34778,1.34817,1.34552,1.34784,13725.0
2025-05-30 08:00:00+00:00,1.34787,1.34849,1.34648,1.3466,10229.0
2025-05-30 09:00:00+00:00,1.3466,1.34736,1.34626,1.34707,8643.0
2025-05-30 10:00:00+00:00,1.34706,1.3482,1.34684,1.34724,7516.0
2025-05-30 11:00:00+00:00,1.34723,1.34814,1.3467,1.34757,7897.0
2025-05-30 12:00:00+00:00,1.34757,1.34996,1.34742,1.34926,19176.0
2025-05-30 13:00:00+00:00,1.34927,1.34946,1.34512,1.34518,15183.0
2025-05-30 14:00:00+00:00,1.3452,1.34894,1.3448,1.34826,21715.0
2025-05-30 15:00:00+00:00,1.34825,1.34844,1.3466,1.34672,14489.0
2025-05-30 16:00:00+00:00,1.34671,1.34726,1.34549,1.34608,10300.0
2025-05-30 17:00:00+00:00,1.3461,1.34766,1.34609,1.34646,6288.0
2025-05-30 18:00:00+00:00,1.34646,1.3474,1.34646,1.3468,5779.0
2025-05-30 19:00:00+00:00,1.3468,1.34768,1.34642,1.34734,5554.0
2025-05-30 20:00:00+00:00,1.34733,1.34756,1.34525,1.34532,4769.0
2025-06-01 21:00:00+00:00,1.34645,1.34652,1.34546,1.34562,257.0
2025-06-01 22:00:00+00:00,1.34566,1.34662,1.34526,1.34646,3190.0
2025-06-01 23:00:00+00:00,1.34649,1.3474,1.34632,1.34686,3942.0
2025-06-02 00:00:00+00:00,1.34686,1.34924,1.34678,1.34886,8729.0
2025-06-02 01:00:00+00:00,1.34884,1.35058,1.34855,1.34897,10215.0
2025-06-02 02:00:00+00:00,1.34894,1.34965,1.34843,1.34856,7063.0
2025-06-02 03:00:00+00:00,1.34856,1.34882,1.34732,1.3483,7309.0
2025-06-02 04:00:00+00:00,1.3483,1.34906,1.34814,1.34886,5351.0
2025-06-02 05:00:00+00:00,1.34886,1.35036,1.34879,1.35016,6793.0
2025-06-02 06:00:00+00:00,1.35015,1.35342,1.34985,1.35315,10434.0
2025-06-02 07:00:00+00:00,1.35315,1.35575,1.35286,1.35486,13520.0
2025-06-02 08:00:00+00:00,1.35484,1.35526,1.35383,1.35432,12796.0
2025-06-02 09:00:00+00:00,1.35434,1.35555,1.35402,1.35414,12024.0
2025-06-02 10:00:00+00:00,1.35414,1.35458,1.35302,1.35308,9519.0
2025-06-02 11:00:00+00:00,1.35309,1.35428,1.3527,1.3536,9425.0
2025-06-02 12:00:00+00:00,1.35359,1.35508,1.3532,1.35426,10601.0
2025-06-02 13:00:00+00:00,1.35428,1.35438,1.35186,1.35288,13266.0
2025-06-02 14:00:00+00:00,1.35309,1.35598,1.35296,1.35528,19454.0
2025-06-02 15:00:00+00:00,1.35526,1.35556,1.3544,1.35475,12290.0
2025-06-02 16:00:00+00:00,1.35476,1.35486,1.3519,1.35224,8176.0
2025-06-02 17:00:00+00:00,1.35224,1.35276,1.35178,1.35212,6187.0
2025-06-02 18:00:00+00:00,1.35211,1.35418,1.35172,1.35408,6329.0
2025-06-02 19:00:00+00:00,1.35408,1.3548,1.35356,1.35466,4290.0
2025-06-02 20:00:00+00:00,1.35467,1.35499,1.35442,1.35446,2004.0
2025-06-02 21:00:00+00:00,1.35442,1.35458,1.35392,1.35442,1962.0
2025-06-02 22:00:00+00:00,1.35444,1.35488,1.35388,1.35486,2020.0
2025-06-02 23:00:00+00:00,1.35483,1.35596,1.3547,1.35574,3036.0
2025-06-03 00:00:00+00:00,1.35574,1.35579,1.35457,1.35476,7553.0
2025-06-03 01:00:00+00:00,1.35476,1.35479,1.35313,1.35337,10851.0
2025-06-03 02:00:00+00:00,1.35336,1.3534,1.3519,1.35218,8132.0
2025-06-03 03:00:00+00:00,1.35217,1.35256,1.35146,1.35184,6253.0
2025-06-03 04:00:00+00:00,1.35184,1.35258,1.35154,1.35242,5166.0
2025-06-03 05:00:00+00:00,1.35242,1.35268,1.35121,1.35242,6170.0
2025-06-03 06:00:00+00:00,1.35242,1.35378,1.35154,1.3532,9444.0
2025-06-03 07:00:00+00:00,1.3532,1.35332,1.35166,1.35196,11885.0
2025-06-03 08:00:00+00:00,1.35196,1.35206,1.35052,1.35156,9794.0
2025-06-03 09:00:00+00:00,1.35155,1.35264,1.35088,1.3515,8782.0
2025-06-03 10:00:00+00:00,1.35149,1.352,1.3504,1.35058,7870.0
2025-06-03 11:00:00+00:00,1.35059,1.3508,1.3495,1.35037,8956.0
2025-06-03 12:00:00+00:00,1.35038,1.35054,1.34917,1.35038,9547.0
2025-06-03 13:00:00+00:00,1.3504,1.35226,1.35002,1.3513,12747.0
2025-06-03 14:00:00+00:00,1.35132,1.35335,1.34964,1.35289,18783.0
2025-06-03 15:00:00+00:00,1.35288,1.35324,1.35163,1.352,11759.0
2025-06-03 16:00:00+00:00,1.35202,1.35268,1.351,1.35184,8003.0
2025-06-03 17:00:00+00:00,1.35187,1.35292,1.35165,1.35275,6242.0
2025-06-03 18:00:00+00:00,1.35274,1.3528,1.35185,1.35248,4764.0
2025-06-03 19:00:00+00:00,1.35246,1.35262,1.35138,1.35158,3658.0
2025-06-03 20:00:00+00:00,1.35158,1.35234,1.35138,1.35174,2551.0
2025-06-03 21:00:00+00:00,1.35176,1.35198,1.35166,1.3518,612.0
2025-06-03 22:00:00+00:00,1.3518,1.35228,1.35164,1.35214,1952.0
2025-06-03 23:00:00+00:00,1.35214,1.35316,1.35214,1.3531,2704.0
2025-06-04 00:00:00+00:00,1.35311,1.35338,1.35254,1.35269,8634.0
2025-06-04 01:00:00+00:00,1.35267,1.35448,1.35152,1.35354,11673.0
2025-06-04 02:00:00+00:00,1.35354,1.35386,1.35202,1.35232,5605.0
2025-06-04 03:00:00+00:00,1.3523,1.35288,1.35141,1.35166,5147.0
2025-06-04 04:00:00+00:00,1.35167,1.35272,1.35106,1.35123,6611.0
2025-06-04 05:00:00+00:00,1.35124,1.35166,1.3501,1.35104,7528.0
2025-06-04 06:00:00+00:00,1.35104,1.35272,1.35048,1.3527,11176.0
2025-06-04 07:00:00+00:00,1.35268,1.35415,1.35226,1.35288,10107.0
2025-06-04 08:00:00+00:00,1.35287,1.35458,1.35242,1.35401,9399.0
2025-06-04 09:00:00+00:00,1.35402,1.35428,1.353,1.35356,8700.0
2025-06-04 10:00:00+00:00,1.35356,1.35387,1.35202,1.35241,8390.0
2025-06-04 11:00:00+00:00,1.3524,1.35273,1.3513,1.3514,6385.0
2025-06-04 12:00:00+00:00,1.35138,1.35442,1.35118,1.35434,15270.0
2025-06-04 13:00:00+00:00,1.35432,1.35492,1.35314,1.3538,12641.0
2025-06-04 14:00:00+00:00,1.35404,1.35804,1.35404,1.3577,20226.0
2025-06-04 15:00:00+00:00,1.3577,1.3578,1.35588,1.35682,11157.0
2025-06-04 16:00:00+00:00,1.35682,1.3572,1.35566,1.35714,8656.0
2025-06-04 17:00:00+00:00,1.35715,1.35741,1.35594,1.3561,5930.0
2025-06-04 18:00:00+00:00,1.3561,1.35666,1.35572,1.35584,5043.0
2025-06-04 19:00:00+00:00,1.35583,1.356,1.35459,1.35462,4494.0
2025-06-04 20:00:00+00:00,1.35462,1.35558,1.35453,1.3553,2609.0
2025-06-04 21:00:00+00:00,1.3557,1.35586,1.35502,1.3551,587.0
2025-06-04 22:00:00+00:00,1.3551,1.35556,1.35498,1.35509,1835.0
2025-06-04 23:00:00+00:00,1.3551,1.35596,1.35503,1.35508,2381.0
2025-06-05 00:00:00+00:00,1.35508,1.356,1.35467,1.35598,8093.0
2025-06-05 01:00:00+00:00,1.35598,1.35659,1.35434,1.35472,9170.0
2025-06-05 02:00:00+00:00,1.35472,1.35494,1.35406,1.35478,6068.0
2025-06-05 03:00:00+00:00,1.35478,1.35612,1.35444,1.3545,6356.0
2025-06-05 04:00:00+00:00,1.35448,1.35505,1.35429,1.35474,5125.0
2025-06-05 05:00:00+00:00,1.35476,1.355,1.35427,1.35443,5004.0
2025-06-05 06:00:00+00:00,1.35444,1.35588,1.35444,1.3547,8069.0
2025-06-05 07:00:00+00:00,1.35468,1.35744,1.35451,1.35605,9294.0
2025-06-05 08:00:00+00:00,1.35606,1.35732,1.35606,1.35676,8018.0
2025-06-05 09:00:00+00:00,1.35673,1.3573,1.35606,1.35651,8115.0
2025-06-05 10:00:00+00:00,1.35649,1.35849,1.35642,1.35746,7646.0
2025-06-05 11:00:00+00:00,1.35746,1.35786,1.35658,1.35707,8495.0
2025-06-05 12:00:00+00:00,1.35704,1.35946,1.35659,1.3579,21334.0
2025-06-05 13:00:00+00:00,1.3579,1.36168,1.35712,1.36024,26806.0
2025-06-05 14:00:00+00:00,1.36028,1.3607,1.35876,1.35918,21907.0
2025-06-05 15:00:00+00:00,1.35918,1.35988,1.35755,1.35822,15512.0
2025-06-05 16:00:00+00:00,1.35818,1.35882,1.35764,1.35866,9625.0
2025-06-05 17:00:00+00:00,1.35865,1.35896,1.35792,1.35892,6804.0
2025-06-05 18:00:00+00:00,1.35889,1.35893,1.35695,1.358,6632.0
2025-06-05 19:00:00+00:00,1.358,1.35811,1.35667,1.3574,9315.0
2025-06-05 20:00:00+00:00,1.35739,1.35762,1.35703,1.35704,2897.0
2025-06-05 21:00:00+00:00,1.35718,1.35763,1.35698,1.35748,1520.0
2025-06-05 22:00:00+00:00,1.35745,1.35783,1.3572,1.35782,1585.0
2025-06-05 23:00:00+00:00,1.35783,1.35812,1.3575,1.3579,2556.0
2025-06-06 00:00:00+00:00,1.35791,1.35848,1.35788,1.35792,6889.0
2025-06-06 01:00:00+00:00,1.35792,1.3584,1.35728,1.35744,7076.0
2025-06-06 02:00:00+00:00,1.35744,1.35754,1.35654,1.35698,7436.0
2025-06-06 03:00:00+00:00,1.35698,1.35758,1.35688,1.35722,5392.0
2025-06-06 04:00:00+00:00,1.3572,1.35768,1.35713,1.3575,4098.0
2025-06-06 05:00:00+00:00,1.35749,1.35752,1.35617,1.35664,4863.0
2025-06-06 06:00:00+00:00,1.35662,1.35674,1.35442,1.35501,7897.0
2025-06-06 07:00:00+00:00,1.35502,1.35526,1.35351,1.35457,10130.0
2025-06-06 08:00:00+00:00,1.35456,1.35484,1.35346,1.35383,7857.0
2025-06-06 09:00:00+00:00,1.35382,1.35398,1.35297,1.35338,6392.0
2025-06-06 10:00:00+00:00,1.3534,1.35524,1.35338,1.35498,6091.0
2025-06-06 11:00:00+00:00,1.35502,1.35553,1.35427,1.35513,6427.0
2025-06-06 12:00:00+00:00,1.35511,1.35644,1.35193,1.35362,23796.0
2025-06-06 13:00:00+00:00,1.3536,1.35445,1.35074,1.35216,22628.0
2025-06-06 14:00:00+00:00,1.35216,1.35487,1.35165,1.35264,18437.0
2025-06-06 15:00:00+00:00,1.35264,1.3535,1.3517,1.3531,13313.0
2025-06-06 16:00:00+00:00,1.35312,1.3536,1.35178,1.35195,10138.0
2025-06-06 17:00:00+00:00,1.35194,1.3529,1.3516,1.35264,8167.0
2025-06-06 18:00:00+00:00,1.35261,1.35335,1.35258,1.353,6588.0
2025-06-06 19:00:00+00:00,1.353,1.35345,1.35266,1.3532,5104.0
2025-06-06 20:00:00+00:00,1.3532,1.35324,1.35234,1.35257,1795.0
2025-06-08 21:00:00+00:00,1.35278,1.35298,1.35262,1.35294,240.0
2025-06-08 22:00:00+00:00,1.35293,1.35362,1.35293,1.35357,1606.0
2025-06-08 23:00:00+00:00,1.35358,1.35398,1.35339,1.35374,2381.0
2025-06-09 00:00:00+00:00,1.35375,1.35388,1.35282,1.35313,6084.0
2025-06-09 01:00:00+00:00,1.35315,1.35548,1.35315,1.35534,8312.0
2025-06-09 02:00:00+00:00,1.35533,1.35657,1.35518,1.35566,7065.0
2025-06-09 03:00:00+00:00,1.35564,1.35612,1.35516,1.35518,4457.0
2025-06-09 04:00:00+00:00,1.35518,1.35552,1.35496,1.35543,4053.0
2025-06-09 05:00:00+00:00,1.35542,1.35594,1.3549,1.35574,4146.0
2025-06-09 06:00:00+00:00,1.35576,1.35723,1.35538,1.35686,6694.0
2025-06-09 07:00:00+00:00,1.35684,1.35698,1.35588,1.35646,7648.0
2025-06-09 08:00:00+00:00,1.35648,1.35782,1.35638,1.35733,8897.0
2025-06-09 09:00:00+00:00,1.35734,1.35816,1.35711,1.35717,6532.0
2025-06-09 10:00:00+00:00,1.35716,1.35758,1.3558,1.35588,5644.0
2025-06-09 11:00:00+00:00,1.3559,1.35639,1.3555,1.35618,7906.0
2025-06-09 12:00:00+00:00,1.35622,1.35624,1.35338,1.35364,10361.0
2025-06-09 13:00:00+00:00,1.35362,1.3541,1.35246,1.35361,11974.0
2025-06-09 14:00:00+00:00,1.3536,1.35492,1.35282,1.35452,11217.0
2025-06-09 15:00:00+00:00,1.35453,1.35644,1.35442,1.35622,8234.0
2025-06-09 16:00:00+00:00,1.35622,1.35631,1.35538,1.35586,5877.0
2025-06-09 17:00:00+00:00,1.35588,1.35623,1.35516,1.35582,4802.0
2025-06-09 18:00:00+00:00,1.35578,1.3566,1.35561,1.35631,4654.0
2025-06-09 19:00:00+00:00,1.35629,1.35658,1.35572,1.35579,3800.0
2025-06-09 20:00:00+00:00,1.3558,1.3558,1.35488,1.35513,2376.0
2025-06-09 21:00:00+00:00,1.3551,1.35581,1.3547,1.35492,5409.0
2025-06-09 22:00:00+00:00,1.35495,1.35539,1.35484,1.3553,1094.0
2025-06-09 23:00:00+00:00,1.35532,1.35578,1.35501,1.35544,1865.0
2025-06-10 00:00:00+00:00,1.35546,1.35644,1.35518,1.35548,6782.0
2025-06-10 01:00:00+00:00,1.35548,1.35606,1.35272,1.35304,9824.0
2025-06-10 02:00:00+00:00,1.35304,1.35403,1.35195,1.3538,10703.0
2025-06-10 03:00:00+00:00,1.3538,1.35443,1.35318,1.35437,6283.0
2025-06-10 04:00:00+00:00,1.35437,1.35446,1.35322,1.35382,5652.0
2025-06-10 05:00:00+00:00,1.35384,1.35462,1.35354,1.3541,10897.0
2025-06-10 06:00:00+00:00,1.3541,1.35411,1.34819,1.3482,13409.0
2025-06-10 07:00:00+00:00,1.3482,1.34858,1.34564,1.34726,14639.0
2025-06-10 08:00:00+00:00,1.34726,1.34972,1.34724,1.34877,10287.0
2025-06-10 09:00:00+00:00,1.34876,1.34955,1.34798,1.34922,8530.0
2025-06-10 10:00:00+00:00,1.34922,1.35074,1.34892,1.35065,8180.0
2025-06-10 11:00:00+00:00,1.35064,1.35086,1.34938,1.35054,8387.0
2025-06-10 12:00:00+00:00,1.35056,1.35128,1.34982,1.35072,8887.0
2025-06-10 13:00:00+00:00,1.3507,1.35344,1.35046,1.35332,12724.0
2025-06-10 14:00:00+00:00,1.35328,1.3537,1.35138,1.35142,10891.0
2025-06-10 15:00:00+00:00,1.35144,1.35168,1.3505,1.35072,9779.0
2025-06-10 16:00:00+00:00,1.35072,1.35095,1.34978,1.34987,6517.0
2025-06-10 17:00:00+00:00,1.34988,1.35052,1.34952,1.35001,5977.0
2025-06-10 18:00:00+00:00,1.35,1.35001,1.34902,1.34944,5882.0
2025-06-10 19:00:00+00:00,1.34944,1.35084,1.34916,1.35022,5643.0
2025-06-10 20:00:00+00:00,1.35021,1.35038,1.3496,1.34981,3223.0
2025-06-10 21:00:00+00:00,1.3502,1.35052,1.3494,1.35016,2035.0
2025-06-10 22:00:00+00:00,1.35018,1.3504,1.34962,1.35029,1911.0
2025-06-10 23:00:00+00:00,1.3503,1.35104,1.34962,1.35076,5998.0
2025-06-11 00:00:00+00:00,1.35077,1.35102,1.34912,1.34923,12697.0
2025-06-11 01:00:00+00:00,1.34923,1.34958,1.34752,1.34764,8625.0
2025-06-11 02:00:00+00:00,1.34764,1.34829,1.34746,1.34802,6421.0
2025-06-11 03:00:00+00:00,1.34802,1.3484,1.34754,1.34823,5071.0
2025-06-11 04:00:00+00:00,1.34822,1.34864,1.34774,1.34828,4599.0
2025-06-11 05:00:00+00:00,1.34828,1.34917,1.34808,1.34904,4928.0
2025-06-11 06:00:00+00:00,1.34902,1.34914,1.34658,1.34672,7586.0
2025-06-11 07:00:00+00:00,1.34673,1.34894,1.34644,1.34835,9806.0
2025-06-11 08:00:00+00:00,1.34834,1.34965,1.34802,1.34946,9559.0
2025-06-11 09:00:00+00:00,1.34945,1.35059,1.34902,1.34974,8668.0
2025-06-11 10:00:00+00:00,1.34978,1.35033,1.34937,1.34963,6966.0
2025-06-11 11:00:00+00:00,1.34964,1.34974,1.34848,1.34952,8067.0
2025-06-11 12:00:00+00:00,1.34952,1.35499,1.34884,1.3519,21811.0
2025-06-11 13:00:00+00:00,1.35191,1.35306,1.35018,1.35186,18185.0
2025-06-11 14:00:00+00:00,1.35186,1.35452,1.35166,1.3539,13346.0
2025-06-11 15:00:00+00:00,1.3539,1.35581,1.3533,1.35552,11034.0
2025-06-11 16:00:00+00:00,1.35552,1.35574,1.35413,1.35497,7521.0
2025-06-11 17:00:00+00:00,1.35499,1.35646,1.35472,1.35627,6274.0
2025-06-11 18:00:00+00:00,1.35629,1.35676,1.35477,1.35477,10194.0
2025-06-11 19:00:00+00:00,1.35475,1.35484,1.35361,1.35384,6103.0
2025-06-11 20:00:00+00:00,1.35383,1.35483,1.3538,1.35464,3036.0
2025-06-11 21:00:00+00:00,1.35462,1.35509,1.35458,1.35498,1346.0
2025-06-11 22:00:00+00:00,1.35494,1.35689,1.35464,1.35662,2371.0
2025-06-11 23:00:00+00:00,1.35664,1.3573,1.35628,1.35677,4482.0
2025-06-12 00:00:00+00:00,1.35676,1.35887,1.35624,1.35832,10125.0
2025-06-12 01:00:00+00:00,1.35832,1.35934,1.3579,1.35832,10610.0
2025-06-12 02:00:00+00:00,1.3583,1.35836,1.3567,1.35734,7079.0
2025-06-12 03:00:00+00:00,1.35734,1.35857,1.35726,1.35836,6212.0
2025-06-12 04:00:00+00:00,1.35836,1.35863,1.35772,1.35826,4721.0
2025-06-12 05:00:00+00:00,1.35823,1.35901,1.35779,1.35894,5873.0
2025-06-12 06:00:00+00:00,1.35894,1.35894,1.35564,1.35646,12965.0
2025-06-12 07:00:00+00:00,1.35646,1.35646,1.35229,1.3543,14454.0
2025-06-12 08:00:00+00:00,1.35431,1.35676,1.3538,1.35664,14502.0
2025-06-12 09:00:00+00:00,1.35662,1.3587,1.356,1.35776,11606.0
2025-06-12 10:00:00+00:00,1.35776,1.35982,1.35712,1.35896,15655.0
2025-06-12 11:00:00+00:00,1.35895,1.35994,1.35792,1.35924,11889.0
2025-06-12 12:00:00+00:00,1.35924,1.36196,1.35799,1.36106,18895.0
2025-06-12 13:00:00+00:00,1.36106,1.36237,1.3588,1.3596,17912.0
2025-06-12 14:00:00+00:00,1.3596,1.36074,1.35936,1.35943,14932.0
2025-06-12 15:00:00+00:00,1.35942,1.35966,1.35823,1.35863,12805.0
2025-06-12 16:00:00+00:00,1.35866,1.35922,1.35822,1.35918,9198.0
2025-06-12 17:00:00+00:00,1.35914,1.35962,1.3584,1.3591,6752.0
2025-06-12 18:00:00+00:00,1.35908,1.35972,1.35864,1.35964,4756.0
2025-06-12 19:00:00+00:00,1.35964,1.36046,1.35936,1.36028,4059.0
2025-06-12 20:00:00+00:00,1.36028,1.36159,1.3601,1.36128,2911.0
2025-06-12 21:00:00+00:00,1.36102,1.36192,1.36092,1.36189,1195.0
2025-06-12 22:00:00+00:00,1.36192,1.36216,1.3613,1.36172,2026.0
2025-06-12 23:00:00+00:00,1.36172,1.36308,1.36128,1.36286,3895.0
2025-06-13 00:00:00+00:00,1.36288,1.36326,1.3559,1.35702,31042.0
2025-06-13 01:00:00+00:00,1.35702,1.35718,1.3551,1.35652,16653.0
2025-06-13 02:00:00+00:00,1.35652,1.35692,1.35521,1.35572,12291.0
2025-06-13 03:00:00+00:00,1.35575,1.35588,1.35406,1.35528,10382.0
2025-06-13 04:00:00+00:00,1.35528,1.35537,1.35301,1.35344,8030.0
2025-06-13 05:00:00+00:00,1.35343,1.35461,1.3528,1.35394,9459.0
2025-06-13 06:00:00+00:00,1.35393,1.35538,1.35216,1.35379,16341.0
2025-06-13 07:00:00+00:00,1.3538,1.35706,1.35364,1.35596,16424.0
2025-06-13 08:00:00+00:00,1.35594,1.35697,1.35514,1.35593,11118.0
2025-06-13 09:00:00+00:00,1.35594,1.3563,1.35416,1.35443,13499.0
2025-06-13 10:00:00+00:00,1.35442,1.35532,1.35231,1.35346,14195.0
2025-06-13 11:00:00+00:00,1.35345,1.35481,1.35232,1.35392,12463.0
2025-06-13 12:00:00+00:00,1.35392,1.35424,1.35241,1.35343,10757.0
2025-06-13 13:00:00+00:00,1.35344,1.3543,1.35165,1.35404,12588.0
2025-06-13 14:00:00+00:00,1.35408,1.3576,1.35389,1.35752,13573.0
2025-06-13 15:00:00+00:00,1.35752,1.36032,1.35731,1.3592,13657.0
2025-06-13 16:00:00+00:00,1.35922,1.36016,1.35906,1.35946,8125.0
2025-06-13 17:00:00+00:00,1.35947,1.35947,1.35734,1.35835,8315.0
2025-06-13 18:00:00+00:00,1.35836,1.35864,1.35597,1.35626,9407.0
2025-06-13 19:00:00+00:00,1.35626,1.35716,1.35586,1.35706,5835.0
2025-06-13 20:00:00+00:00,1.35707,1.35752,1.35596,1.35748,4795.0
2025-06-15 21:00:00+00:00,1.35651,1.35672,1.35466,1.35485,631.0
2025-06-15 22:00:00+00:00,1.35518,1.35615,1.35403,1.35561,9357.0
2025-06-15 23:00:00+00:00,1.35567,1.3558,1.35415,1.3549,7843.0
2025-06-16 00:00:00+00:00,1.3549,1.35559,1.35438,1.355,9617.0
2025-06-16 01:00:00+00:00,1.35498,1.35586,1.35452,1.35475,10117.0
2025-06-16 02:00:00+00:00,1.35476,1.35535,1.35422,1.35432,7420.0
2025-06-16 03:00:00+00:00,1.3543,1.35478,1.35348,1.35362,7993.0
2025-06-16 04:00:00+00:00,1.35364,1.35482,1.3536,1.35474,7010.0
2025-06-16 05:00:00+00:00,1.35474,1.35748,1.35474,1.35712,9791.0
2025-06-16 06:00:00+00:00,1.35714,1.35907,1.35582,1.3586,13592.0
2025-06-16 07:00:00+00:00,1.3586,1.35928,1.3578,1.35846,13708.0
2025-06-16 08:00:00+00:00,1.35846,1.35894,1.3577,1.35796,9928.0
2025-06-16 09:00:00+00:00,1.35796,1.35912,1.35778,1.35858,8695.0
2025-06-16 10:00:00+00:00,1.35858,1.35883,1.35758,1.35808,7668.0
2025-06-16 11:00:00+00:00,1.35808,1.35912,1.35766,1.35778,7170.0
2025-06-16 12:00:00+00:00,1.35778,1.35843,1.35741,1.35826,10563.0
2025-06-16 13:00:00+00:00,1.35826,1.3615,1.35825,1.36116,15953.0
2025-06-16 14:00:00+00:00,1.36118,1.36226,1.35948,1.35962,17825.0
2025-06-16 15:00:00+00:00,1.35963,1.36,1.35892,1.35974,12065.0
2025-06-16 16:00:00+00:00,1.35976,1.36088,1.35958,1.36085,6688.0
2025-06-16 17:00:00+00:00,1.36086,1.36111,1.3592,1.35964,5573.0
2025-06-16 18:00:00+00:00,1.35964,1.36002,1.3594,1.35964,6116.0
2025-06-16 19:00:00+00:00,1.35965,1.35967,1.35738,1.35744,6069.0
2025-06-16 20:00:00+00:00,1.35744,1.35835,1.35728,1.35768,3538.0
2025-06-16 21:00:00+00:00,1.35749,1.35803,1.35743,1.35793,1344.0
2025-06-16 22:00:00+00:00,1.35788,1.35798,1.35686,1.3574,5900.0
2025-06-16 23:00:00+00:00,1.35739,1.358,1.35634,1.35682,4810.0
2025-06-17 00:00:00+00:00,1.35682,1.35686,1.3558,1.3567,9907.0
2025-06-17 01:00:00+00:00,1.3567,1.35756,1.35662,1.35684,7248.0
2025-06-17 02:00:00+00:00,1.35685,1.35718,1.35589,1.35702,7513.0
2025-06-17 03:00:00+00:00,1.35702,1.35766,1.3567,1.35743,7932.0
2025-06-17 04:00:00+00:00,1.35742,1.35796,1.35715,1.35734,6158.0
2025-06-17 05:00:00+00:00,1.35733,1.35789,1.35654,1.3569,6659.0
2025-06-17 06:00:00+00:00,1.35689,1.35777,1.35603,1.35626,9437.0
2025-06-17 07:00:00+00:00,1.35626,1.3574,1.35537,1.35654,11827.0
2025-06-17 08:00:00+00:00,1.35654,1.3567,1.3548,1.35482,9423.0
2025-06-17 09:00:00+00:00,1.35483,1.35588,1.35416,1.35442,9713.0
2025-06-17 10:00:00+00:00,1.35442,1.35634,1.35432,1.35586,7529.0
2025-06-17 11:00:00+00:00,1.35584,1.35716,1.3556,1.35618,7387.0
2025-06-17 12:00:00+00:00,1.35618,1.35738,1.3547,1.35478,14346.0
2025-06-17 13:00:00+00:00,1.35479,1.3565,1.35434,1.35439,12862.0
2025-06-17 14:00:00+00:00,1.3544,1.35454,1.34956,1.35122,17187.0
2025-06-17 15:00:00+00:00,1.35123,1.3519,1.34977,1.35141,13067.0
2025-06-17 16:00:00+00:00,1.3514,1.35169,1.34664,1.34718,10490.0
2025-06-17 17:00:00+00:00,1.34719,1.34746,1.3434,1.34452,15627.0
2025-06-17 18:00:00+00:00,1.34451,1.3448,1.34277,1.34282,11701.0
2025-06-17 19:00:00+00:00,1.34283,1.34374,1.3423,1.34262,8778.0
2025-06-17 20:00:00+00:00,1.34264,1.34322,1.34154,1.3429,6133.0
2025-06-17 21:00:00+00:00,1.34278,1.34372,1.34248,1.343,1310.0
2025-06-17 22:00:00+00:00,1.3429,1.34336,1.34214,1.34238,2985.0
2025-06-17 23:00:00+00:00,1.3424,1.34318,1.34232,1.3429,3677.0
2025-06-18 00:00:00+00:00,1.34288,1.34386,1.3428,1.34316,11857.0
2025-06-18 01:00:00+00:00,1.34316,1.34402,1.34269,1.3438,8124.0
2025-06-18 02:00:00+00:00,1.3438,1.34394,1.34302,1.34362,7534.0
2025-06-18 03:00:00+00:00,1.34361,1.34468,1.34344,1.34384,5735.0
2025-06-18 04:00:00+00:00,1.34386,1.34475,1.34358,1.3444,5144.0
2025-06-18 05:00:00+00:00,1.34441,1.34494,1.34382,1.34458,5704.0
2025-06-18 06:00:00+00:00,1.34454,1.34668,1.3441,1.34632,11757.0
2025-06-18 07:00:00+00:00,1.3463,1.34766,1.34542,1.34589,10777.0
2025-06-18 08:00:00+00:00,1.34588,1.34664,1.34487,1.3453,9619.0
2025-06-18 09:00:00+00:00,1.34531,1.34682,1.34497,1.34641,7768.0
2025-06-18 10:00:00+00:00,1.3464,1.34688,1.34396,1.34413,8136.0
2025-06-18 11:00:00+00:00,1.34412,1.34554,1.34382,1.34511,8528.0
2025-06-18 12:00:00+00:00,1.34512,1.34642,1.34434,1.34474,10354.0
2025-06-18 13:00:00+00:00,1.34472,1.34556,1.34353,1.3441,12757.0
2025-06-18 14:00:00+00:00,1.3441,1.34732,1.3438,1.34522,23766.0
2025-06-18 15:00:00+00:00,1.34522,1.34738,1.34494,1.34692,12536.0
2025-06-18 16:00:00+00:00,1.34694,1.34758,1.34562,1.3457,7710.0
2025-06-18 17:00:00+00:00,1.3457,1.3462,1.34338,1.3445,6399.0
2025-06-18 18:00:00+00:00,1.34446,1.34769,1.34104,1.34157,32792.0
2025-06-18 19:00:00+00:00,1.34158,1.34264,1.34003,1.34096,21363.0
2025-06-18 20:00:00+00:00,1.34094,1.34234,1.34079,1.3421,5491.0
2025-06-18 21:00:00+00:00,1.34236,1.34288,1.34139,1.34251,2242.0
2025-06-18 22:00:00+00:00,1.34256,1.34272,1.34167,1.3421,3224.0
2025-06-18 23:00:00+00:00,1.34212,1.34236,1.34111,1.34146,3895.0
2025-06-19 00:00:00+00:00,1.34144,1.34178,1.3408,1.34154,9807.0
2025-06-19 01:00:00+00:00,1.34154,1.34158,1.33939,1.33946,13353.0
2025-06-19 02:00:00+00:00,1.33945,1.34007,1.33872,1.33962,7212.0
2025-06-19 03:00:00+00:00,1.33963,1.34102,1.33954,1.34074,6392.0
2025-06-19 04:00:00+00:00,1.34074,1.34117,1.34046,1.3411,5128.0
2025-06-19 05:00:00+00:00,1.3411,1.34115,1.33898,1.33952,8071.0
2025-06-19 06:00:00+00:00,1.33949,1.3408,1.33828,1.34068,11496.0
2025-06-19 07:00:00+00:00,1.34064,1.34176,1.34014,1.34023,11781.0
2025-06-19 08:00:00+00:00,1.34024,1.34286,1.33978,1.34273,12041.0
2025-06-19 09:00:00+00:00,1.34274,1.34346,1.34174,1.34212,9459.0
2025-06-19 10:00:00+00:00,1.34213,1.34399,1.34202,1.34253,9677.0
2025-06-19 11:00:00+00:00,1.34252,1.34496,1.34042,1.34472,13887.0
2025-06-19 12:00:00+00:00,1.34474,1.34486,1.3424,1.34413,11297.0
2025-06-19 13:00:00+00:00,1.34412,1.34454,1.34215,1.3436,11717.0
2025-06-19 14:00:00+00:00,1.34358,1.34457,1.34172,1.34263,11124.0
2025-06-19 15:00:00+00:00,1.34264,1.34342,1.34232,1.34299,7230.0
2025-06-19 16:00:00+00:00,1.34296,1.34298,1.34222,1.34252,4370.0
2025-06-19 17:00:00+00:00,1.34251,1.34591,1.34246,1.3454,4659.0
2025-06-19 18:00:00+00:00,1.3454,1.34608,1.34524,1.34582,3983.0
2025-06-19 19:00:00+00:00,1.34582,1.347,1.34572,1.34688,3896.0
2025-06-19 20:00:00+00:00,1.34687,1.34702,1.34642,1.34684,2414.0
2025-06-19 21:00:00+00:00,1.3458,1.34678,1.34532,1.34635,761.0
2025-06-19 22:00:00+00:00,1.34632,1.34727,1.3462,1.34673,2709.0
2025-06-19 23:00:00+00:00,1.34674,1.34804,1.34666,1.34766,4388.0
2025-06-20 00:00:00+00:00,1.34766,1.34904,1.34763,1.34882,9843.0
2025-06-20 01:00:00+00:00,1.34882,1.34902,1.3479,1.34791,10232.0
2025-06-20 02:00:00+00:00,1.34792,1.34895,1.3477,1.34866,7530.0
2025-06-20 03:00:00+00:00,1.34866,1.34998,1.3485,1.34974,7127.0
2025-06-20 04:00:00+00:00,1.34972,1.35,1.34938,1.34956,4680.0
2025-06-20 05:00:00+00:00,1.34955,1.35012,1.34912,1.34974,6929.0
2025-06-20 06:00:00+00:00,1.34966,1.34966,1.34662,1.34672,11270.0
2025-06-20 07:00:00+00:00,1.3467,1.34815,1.34626,1.34765,9269.0
2025-06-20 08:00:00+00:00,1.34766,1.34974,1.34712,1.34912,9734.0
2025-06-20 09:00:00+00:00,1.34911,1.3496,1.34878,1.34942,7648.0
2025-06-20 10:00:00+00:00,1.34943,1.3498,1.34884,1.34957,6008.0
2025-06-20 11:00:00+00:00,1.34956,1.35004,1.34863,1.34977,8993.0
2025-06-20 12:00:00+00:00,1.34976,1.35114,1.34855,1.35018,14326.0
2025-06-20 13:00:00+00:00,1.35017,1.35062,1.34852,1.34878,14014.0
2025-06-20 14:00:00+00:00,1.34878,1.34911,1.34538,1.3465,15330.0
2025-06-20 15:00:00+00:00,1.3465,1.34811,1.34582,1.34642,14252.0
2025-06-20 16:00:00+00:00,1.34643,1.34802,1.34628,1.34708,9858.0
2025-06-20 17:00:00+00:00,1.34708,1.34767,1.34641,1.3468,8158.0
2025-06-20 18:00:00+00:00,1.34682,1.34727,1.34632,1.34652,5330.0
2025-06-20 19:00:00+00:00,1.34652,1.34665,1.34456,1.34459,5249.0
2025-06-20 20:00:00+00:00,1.3446,1.3453,1.34412,1.34494,3360.0
2025-06-22 21:00:00+00:00,1.34037,1.341,1.33994,1.34075,300.0
2025-06-22 22:00:00+00:00,1.3409,1.34322,1.34036,1.34284,8573.0
2025-06-22 23:00:00+00:00,1.34284,1.34419,1.34244,1.3435,8407.0
2025-06-23 00:00:00+00:00,1.34352,1.34388,1.34116,1.34219,12052.0
2025-06-23 01:00:00+00:00,1.34222,1.34255,1.34034,1.34223,11311.0
2025-06-23 02:00:00+00:00,1.34224,1.34382,1.34224,1.34254,9006.0
2025-06-23 03:00:00+00:00,1.34254,1.34304,1.34158,1.34174,7789.0
2025-06-23 04:00:00+00:00,1.34172,1.34224,1.34056,1.34094,7040.0
2025-06-23 05:00:00+00:00,1.34092,1.34316,1.34092,1.34314,10761.0
2025-06-23 06:00:00+00:00,1.34316,1.34422,1.3426,1.34378,13692.0
2025-06-23 07:00:00+00:00,1.34378,1.34493,1.3433,1.34398,17313.0
2025-06-23 08:00:00+00:00,1.34396,1.34466,1.34138,1.34147,13881.0
2025-06-23 09:00:00+00:00,1.34146,1.34174,1.33704,1.33845,16591.0
2025-06-23 10:00:00+00:00,1.33842,1.33938,1.33753,1.33801,12183.0
2025-06-23 11:00:00+00:00,1.33798,1.3396,1.33718,1.33946,12459.0
2025-06-23 12:00:00+00:00,1.33946,1.3398,1.33739,1.33921,14027.0
2025-06-23 13:00:00+00:00,1.33919,1.34302,1.33872,1.34248,16933.0
2025-06-23 14:00:00+00:00,1.34247,1.34951,1.34246,1.34881,25879.0
2025-06-23 15:00:00+00:00,1.34882,1.3506,1.34872,1.34896,16516.0
2025-06-23 16:00:00+00:00,1.34897,1.35062,1.34704,1.34926,17654.0
2025-06-23 17:00:00+00:00,1.34925,1.3523,1.349,1.35208,15654.0
2025-06-23 18:00:00+00:00,1.35208,1.35314,1.35162,1.35202,11033.0
2025-06-23 19:00:00+00:00,1.35206,1.3529,1.35198,1.35276,8441.0
2025-06-23 20:00:00+00:00,1.35276,1.35304,1.35232,1.35256,4172.0
2025-06-23 21:00:00+00:00,1.35198,1.35272,1.35151,1.35242,2167.0
2025-06-23 22:00:00+00:00,1.35237,1.35474,1.35208,1.35386,6134.0
2025-06-23 23:00:00+00:00,1.35389,1.3555,1.35314,1.35457,7218.0
2025-06-24 00:00:00+00:00,1.35456,1.35533,1.3538,1.35486,14876.0
2025-06-24 01:00:00+00:00,1.35486,1.35566,1.3539,1.35402,11990.0
2025-06-24 02:00:00+00:00,1.35403,1.35559,1.35355,1.35542,9347.0
2025-06-24 03:00:00+00:00,1.35541,1.35669,1.35541,1.3564,5449.0
2025-06-24 04:00:00+00:00,1.3564,1.35729,1.35582,1.35653,6360.0
2025-06-24 05:00:00+00:00,1.35652,1.35709,1.35596,1.35693,7784.0
2025-06-24 06:00:00+00:00,1.35695,1.35946,1.35663,1.35821,16899.0
2025-06-24 07:00:00+00:00,1.35819,1.35876,1.35614,1.35796,19765.0
2025-06-24 08:00:00+00:00,1.35798,1.36036,1.35788,1.36006,13367.0
2025-06-24 09:00:00+00:00,1.36006,1.36178,1.36002,1.36095,11505.0
2025-06-24 10:00:00+00:00,1.36094,1.36135,1.36044,1.36084,7871.0
2025-06-24 11:00:00+00:00,1.36084,1.36267,1.36082,1.36137,9607.0
2025-06-24 12:00:00+00:00,1.36136,1.36148,1.35949,1.36012,10786.0
2025-06-24 13:00:00+00:00,1.3601,1.36066,1.35907,1.35991,15663.0
2025-06-24 14:00:00+00:00,1.35992,1.36487,1.35978,1.36222,22649.0
2025-06-24 15:00:00+00:00,1.36221,1.36348,1.36126,1.36142,14021.0
2025-06-24 16:00:00+00:00,1.36143,1.3627,1.36106,1.36255,8419.0
2025-06-24 17:00:00+00:00,1.36254,1.36393,1.36234,1.36354,6585.0
2025-06-24 18:00:00+00:00,1.36355,1.3638,1.3626,1.36314,6579.0
2025-06-24 19:00:00+00:00,1.36314,1.36327,1.3619,1.36202,4771.0
2025-06-24 20:00:00+00:00,1.36202,1.36244,1.36129,1.3615,3654.0
2025-06-24 21:00:00+00:00,1.36214,1.36286,1.3611,1.3613,281.0
2025-06-24 22:00:00+00:00,1.36127,1.3615,1.36114,1.3614,1430.0
2025-06-24 23:00:00+00:00,1.3614,1.36188,1.36134,1.36151,2710.0
2025-06-25 00:00:00+00:00,1.3615,1.36194,1.36138,1.36174,8601.0
2025-06-25 01:00:00+00:00,1.36174,1.36294,1.36148,1.36284,11392.0
2025-06-25 02:00:00+00:00,1.36286,1.36287,1.36188,1.36195,8408.0
2025-06-25 03:00:00+00:00,1.36194,1.36214,1.36118,1.36126,6350.0
2025-06-25 04:00:00+00:00,1.36126,1.36164,1.36114,1.36164,6111.0
2025-06-25 05:00:00+00:00,1.36166,1.36248,1.36144,1.36235,6300.0
2025-06-25 06:00:00+00:00,1.36234,1.36308,1.36164,1.36258,9962.0
2025-06-25 07:00:00+00:00,1.36259,1.36338,1.36063,1.36144,13732.0
2025-06-25 08:00:00+00:00,1.36146,1.36246,1.36103,1.36216,11636.0
2025-06-25 09:00:00+00:00,1.36216,1.36222,1.36033,1.36128,11810.0
2025-06-25 10:00:00+00:00,1.3613,1.36142,1.36019,1.36056,9013.0
2025-06-25 11:00:00+00:00,1.36054,1.36178,1.36039,1.3607,10325.0
2025-06-25 12:00:00+00:00,1.36069,1.36074,1.35907,1.35968,10365.0
2025-06-25 13:00:00+00:00,1.35968,1.36176,1.35941,1.3609,11207.0
2025-06-25 14:00:00+00:00,1.36089,1.36276,1.36076,1.36246,15673.0
2025-06-25 15:00:00+00:00,1.36246,1.3627,1.36172,1.36248,11497.0
2025-06-25 16:00:00+00:00,1.36249,1.36436,1.36248,1.36406,9350.0
2025-06-25 17:00:00+00:00,1.36406,1.36508,1.36366,1.365,8027.0
2025-06-25 18:00:00+00:00,1.365,1.36629,1.36468,1.36628,7058.0
2025-06-25 19:00:00+00:00,1.36629,1.36718,1.3662,1.36656,7559.0
2025-06-25 20:00:00+00:00,1.36656,1.36686,1.36606,1.36641,4151.0
2025-06-25 21:00:00+00:00,1.36602,1.36629,1.36584,1.36594,1498.0
2025-06-25 22:00:00+00:00,1.36592,1.3667,1.36586,1.36666,1977.0
2025-06-25 23:00:00+00:00,1.36668,1.3692,1.36664,1.369,6793.0
2025-06-26 00:00:00+00:00,1.36898,1.36958,1.36878,1.36898,8242.0
2025-06-26 01:00:00+00:00,1.36898,1.3695,1.3677,1.36921,8865.0
2025-06-26 02:00:00+00:00,1.36922,1.37088,1.36894,1.37062,8171.0
2025-06-26 03:00:00+00:00,1.37062,1.37251,1.37056,1.37112,10465.0
2025-06-26 04:00:00+00:00,1.37112,1.37115,1.36987,1.37008,7152.0
2025-06-26 05:00:00+00:00,1.37008,1.37117,1.36968,1.37092,7197.0
2025-06-26 06:00:00+00:00,1.37095,1.37194,1.36984,1.37192,14228.0
2025-06-26 07:00:00+00:00,1.3719,1.37408,1.37188,1.37368,14862.0
2025-06-26 08:00:00+00:00,1.37368,1.3765,1.37335,1.37498,16149.0
2025-06-26 09:00:00+00:00,1.37497,1.3754,1.37346,1.37441,13222.0
2025-06-26 10:00:00+00:00,1.3744,1.3751,1.37285,1.37286,9338.0
2025-06-26 11:00:00+00:00,1.37286,1.37298,1.36996,1.37078,11536.0
2025-06-26 12:00:00+00:00,1.37077,1.37286,1.36998,1.37183,16422.0
2025-06-26 13:00:00+00:00,1.37184,1.3742,1.37072,1.37408,18260.0
2025-06-26 14:00:00+00:00,1.37408,1.37538,1.37279,1.37328,19883.0
2025-06-26 15:00:00+00:00,1.37326,1.37531,1.37248,1.37522,13433.0
2025-06-26 16:00:00+00:00,1.37521,1.3771,1.37382,1.3755,10240.0
2025-06-26 17:00:00+00:00,1.3755,1.37632,1.37541,1.37576,8380.0
2025-06-26 18:00:00+00:00,1.37576,1.37604,1.37478,1.37486,7526.0
2025-06-26 19:00:00+00:00,1.37486,1.37486,1.3728,1.37324,7204.0
2025-06-26 20:00:00+00:00,1.37326,1.37364,1.3723,1.3728,3954.0
2025-06-26 21:00:00+00:00,1.37307,1.37345,1.37276,1.37298,1484.0
2025-06-26 22:00:00+00:00,1.37304,1.37306,1.37168,1.37202,2854.0
2025-06-26 23:00:00+00:00,1.37202,1.37305,1.372,1.37253,3775.0
2025-06-27 00:00:00+00:00,1.37256,1.3736,1.37249,1.37308,9215.0
2025-06-27 01:00:00+00:00,1.37308,1.3741,1.3724,1.37376,10415.0
2025-06-27 02:00:00+00:00,1.37378,1.37452,1.37344,1.37434,7116.0
2025-06-27 03:00:00+00:00,1.37434,1.375,1.37356,1.37363,6759.0
2025-06-27 04:00:00+00:00,1.37364,1.3738,1.37228,1.37231,5126.0
2025-06-27 05:00:00+00:00,1.37232,1.37308,1.37204,1.37262,6115.0
2025-06-27 06:00:00+00:00,1.37263,1.3748,1.3722,1.37475,9842.0
2025-06-27 07:00:00+00:00,1.37475,1.37497,1.37344,1.37398,11741.0
2025-06-27 08:00:00+00:00,1.374,1.37504,1.37324,1.37434,9574.0
2025-06-27 09:00:00+00:00,1.37436,1.3746,1.37343,1.37403,7989.0
2025-06-27 10:00:00+00:00,1.37404,1.37473,1.37212,1.37242,8784.0
2025-06-27 11:00:00+00:00,1.37241,1.37388,1.37238,1.37376,8991.0
2025-06-27 12:00:00+00:00,1.37376,1.37528,1.37202,1.37406,16799.0
2025-06-27 13:00:00+00:00,1.37407,1.3747,1.37148,1.37208,17189.0
2025-06-27 14:00:00+00:00,1.37199,1.37289,1.37035,1.37152,14657.0
2025-06-27 15:00:00+00:00,1.37153,1.37282,1.37072,1.37176,11681.0
2025-06-27 16:00:00+00:00,1.37177,1.37248,1.37034,1.37076,8781.0
2025-06-27 17:00:00+00:00,1.37076,1.37126,1.3685,1.36924,12368.0
2025-06-27 18:00:00+00:00,1.36923,1.36992,1.36829,1.36968,13356.0
2025-06-27 19:00:00+00:00,1.36969,1.3711,1.3696,1.3707,7984.0
2025-06-27 20:00:00+00:00,1.3707,1.37224,1.37064,1.37206,5689.0
2025-06-29 21:00:00+00:00,1.37115,1.37218,1.37082,1.37205,458.0
2025-06-29 22:00:00+00:00,1.37203,1.3727,1.37155,1.37248,4259.0
2025-06-29 23:00:00+00:00,1.37254,1.37287,1.37178,1.37188,4444.0
2025-06-30 00:00:00+00:00,1.37187,1.37224,1.37078,1.37142,8464.0
2025-06-30 01:00:00+00:00,1.37141,1.37297,1.37116,1.37201,8186.0
2025-06-30 02:00:00+00:00,1.37202,1.37269,1.37166,1.37178,8042.0
2025-06-30 03:00:00+00:00,1.37176,1.37217,1.37115,1.37128,4919.0
2025-06-30 04:00:00+00:00,1.37127,1.37308,1.37116,1.37294,5237.0
2025-06-30 05:00:00+00:00,1.37294,1.37408,1.37272,1.37286,6348.0
2025-06-30 06:00:00+00:00,1.37288,1.37384,1.37226,1.37347,10163.0
2025-06-30 07:00:00+00:00,1.37348,1.37349,1.37024,1.37029,12506.0
2025-06-30 08:00:00+00:00,1.37026,1.3705,1.36932,1.36997,11149.0
2025-06-30 09:00:00+00:00,1.36996,1.37042,1.36916,1.36944,8323.0
2025-06-30 10:00:00+00:00,1.36944,1.37023,1.36907,1.37014,6305.0
2025-06-30 11:00:00+00:00,1.37014,1.3712,1.36968,1.37053,7065.0
2025-06-30 12:00:00+00:00,1.37054,1.3707,1.36849,1.36934,9181.0
2025-06-30 13:00:00+00:00,1.36935,1.36946,1.3677,1.3686,12077.0
2025-06-30 14:00:00+00:00,1.3686,1.37154,1.36742,1.37038,18994.0
2025-06-30 15:00:00+00:00,1.37037,1.3723,1.36965,1.372,15541.0
2025-06-30 16:00:00+00:00,1.37201,1.37231,1.36984,1.37143,9335.0
2025-06-30 17:00:00+00:00,1.37142,1.37178,1.37039,1.37088,8163.0
2025-06-30 18:00:00+00:00,1.37089,1.37208,1.37077,1.37181,8249.0
2025-06-30 19:00:00+00:00,1.3718,1.3728,1.37156,1.3726,5780.0
2025-06-30 20:00:00+00:00,1.37262,1.37364,1.37238,1.37346,4252.0
2025-06-30 21:00:00+00:00,1.3729,1.37342,1.37236,1.37316,2735.0
2025-06-30 22:00:00+00:00,1.37314,1.37373,1.37266,1.37321,1901.0
2025-06-30 23:00:00+00:00,1.3732,1.37338,1.37295,1.37308,2439.0
2025-07-01 00:00:00+00:00,1.37306,1.37414,1.37306,1.37408,7932.0
2025-07-01 01:00:00+00:00,1.37409,1.3749,1.37256,1.37269,9110.0
2025-07-01 02:00:00+00:00,1.37268,1.37382,1.37242,1.37368,6335.0
2025-07-01 03:00:00+00:00,1.37368,1.37465,1.3736,1.37378,5384.0
2025-07-01 04:00:00+00:00,1.37378,1.37476,1.37366,1.3741,5674.0
2025-07-01 05:00:00+00:00,1.37412,1.37486,1.37392,1.37472,6434.0
2025-07-01 06:00:00+00:00,1.37469,1.37504,1.37372,1.37395,9023.0
2025-07-01 07:00:00+00:00,1.37394,1.37686,1.37324,1.37674,11905.0
2025-07-01 08:00:00+00:00,1.37674,1.37837,1.37574,1.37742,13184.0
2025-07-01 09:00:00+00:00,1.37741,1.37818,1.37584,1.37756,13800.0
2025-07-01 10:00:00+00:00,1.37758,1.37888,1.37751,1.37756,8819.0
2025-07-01 11:00:00+00:00,1.37755,1.37788,1.37539,1.37544,10299.0
2025-07-01 12:00:00+00:00,1.37545,1.37602,1.37406,1.37415,11437.0
2025-07-01 13:00:00+00:00,1.37414,1.37437,1.37287,1.37338,12390.0
2025-07-01 14:00:00+00:00,1.37344,1.37353,1.3708,1.3718,22504.0
2025-07-01 15:00:00+00:00,1.3718,1.37246,1.37036,1.37244,15592.0
2025-07-01 16:00:00+00:00,1.37244,1.37258,1.37118,1.37247,11054.0
2025-07-01 17:00:00+00:00,1.37248,1.3739,1.37212,1.3737,8626.0
2025-07-01 18:00:00+00:00,1.3737,1.3738,1.37314,1.37378,6017.0
2025-07-01 19:00:00+00:00,1.37377,1.3743,1.37346,1.37404,6711.0
2025-07-01 20:00:00+00:00,1.37402,1.37505,1.37393,1.37464,4321.0
2025-07-01 21:00:00+00:00,1.37472,1.37475,1.37447,1.37461,950.0
2025-07-01 22:00:00+00:00,1.37472,1.3748,1.37416,1.37432,1957.0
2025-07-01 23:00:00+00:00,1.37434,1.37476,1.37416,1.3746,2428.0
2025-07-02 00:00:00+00:00,1.37458,1.37498,1.37422,1.37484,6552.0
2025-07-02 01:00:00+00:00,1.37484,1.37528,1.37364,1.37382,6592.0
2025-07-02 02:00:00+00:00,1.37383,1.37488,1.37324,1.37464,6438.0
2025-07-02 03:00:00+00:00,1.37466,1.37516,1.37403,1.37458,4945.0
2025-07-02 04:00:00+00:00,1.37459,1.37468,1.37436,1.3744,3406.0
2025-07-02 05:00:00+00:00,1.37439,1.37458,1.37322,1.37366,6246.0
2025-07-02 06:00:00+00:00,1.3737,1.37408,1.37193,1.37282,8748.0
2025-07-02 07:00:00+00:00,1.37282,1.37282,1.37056,1.37058,10972.0
2025-07-02 08:00:00+00:00,1.37056,1.37108,1.36942,1.3698,8180.0
2025-07-02 09:00:00+00:00,1.36978,1.37006,1.36882,1.36903,8711.0
2025-07-02 10:00:00+00:00,1.36904,1.37088,1.36898,1.37035,7375.0
2025-07-02 11:00:00+00:00,1.37034,1.3713,1.3655,1.36624,12937.0
2025-07-02 12:00:00+00:00,1.36624,1.36678,1.35886,1.3608,34039.0
2025-07-02 13:00:00+00:00,1.36078,1.36234,1.35801,1.35862,22293.0
2025-07-02 14:00:00+00:00,1.35863,1.36032,1.3563,1.35936,15708.0
2025-07-02 15:00:00+00:00,1.35937,1.36233,1.3588,1.36211,12557.0
2025-07-02 16:00:00+00:00,1.3621,1.36324,1.36138,1.36308,9436.0
2025-07-02 17:00:00+00:00,1.36308,1.36448,1.36304,1.36333,8320.0
2025-07-02 18:00:00+00:00,1.36332,1.36412,1.36302,1.36362,6775.0
2025-07-02 19:00:00+00:00,1.36363,1.36382,1.36272,1.36352,5675.0
2025-07-02 20:00:00+00:00,1.36352,1.36357,1.3627,1.36348,3329.0
2025-07-02 21:00:00+00:00,1.36364,1.36674,1.36338,1.36562,1859.0
2025-07-02 22:00:00+00:00,1.36555,1.36564,1.36476,1.36549,1414.0
2025-07-02 23:00:00+00:00,1.36549,1.3655,1.36483,1.36496,2009.0
2025-07-03 00:00:00+00:00,1.36494,1.36537,1.36442,1.36474,6935.0
2025-07-03 01:00:00+00:00,1.36475,1.36539,1.36434,1.3649,6769.0
2025-07-03 02:00:00+00:00,1.36491,1.36491,1.36284,1.36345,6058.0
2025-07-03 03:00:00+00:00,1.36344,1.36381,1.36251,1.36278,4323.0
2025-07-03 04:00:00+00:00,1.36278,1.363,1.36238,1.36292,3414.0
2025-07-03 05:00:00+00:00,1.36293,1.36419,1.3625,1.36395,4739.0
2025-07-03 06:00:00+00:00,1.36394,1.36512,1.36374,1.36503,8608.0
2025-07-03 07:00:00+00:00,1.36504,1.36755,1.36499,1.3655,11052.0
2025-07-03 08:00:00+00:00,1.3655,1.3676,1.3655,1.36644,9908.0
2025-07-03 09:00:00+00:00,1.36642,1.36674,1.36512,1.36552,9213.0
2025-07-03 10:00:00+00:00,1.36551,1.36682,1.3646,1.36608,7368.0
2025-07-03 11:00:00+00:00,1.36608,1.36635,1.36546,1.36576,7836.0
2025-07-03 12:00:00+00:00,1.36576,1.36594,1.35858,1.36152,28990.0
2025-07-03 13:00:00+00:00,1.36149,1.36628,1.36115,1.36592,23697.0
2025-07-03 14:00:00+00:00,1.36591,1.36742,1.36324,1.36466,20019.0
2025-07-03 15:00:00+00:00,1.36464,1.36614,1.36401,1.36531,13506.0
2025-07-03 16:00:00+00:00,1.3653,1.36548,1.36358,1.36504,7293.0
2025-07-03 17:00:00+00:00,1.36504,1.36518,1.36431,1.36468,3521.0
2025-07-03 18:00:00+00:00,1.36468,1.36496,1.36402,1.36412,2513.0
2025-07-03 19:00:00+00:00,1.3641,1.36468,1.36392,1.36465,2662.0
2025-07-03 20:00:00+00:00,1.36464,1.36545,1.36436,1.36545,3039.0
2025-07-03 21:00:00+00:00,1.3657,1.36576,1.36477,1.36524,820.0
2025-07-03 22:00:00+00:00,1.36521,1.36541,1.3651,1.36536,1715.0
2025-07-03 23:00:00+00:00,1.36535,1.36688,1.36529,1.36659,1904.0
2025-07-04 00:00:00+00:00,1.36654,1.36678,1.36584,1.36634,6599.0
2025-07-04 01:00:00+00:00,1.36634,1.36658,1.36454,1.36483,7324.0
2025-07-04 02:00:00+00:00,1.36484,1.36565,1.36457,1.36534,6469.0
2025-07-04 03:00:00+00:00,1.36534,1.3662,1.3652,1.3658,5739.0
2025-07-04 04:00:00+00:00,1.3658,1.36746,1.36574,1.36738,5162.0
2025-07-04 05:00:00+00:00,1.3674,1.36814,1.3674,1.36762,5343.0
2025-07-04 06:00:00+00:00,1.36762,1.36816,1.36663,1.36762,8767.0
2025-07-04 07:00:00+00:00,1.36762,1.36786,1.3657,1.36585,11789.0
2025-07-04 08:00:00+00:00,1.36585,1.36674,1.36569,1.36642,9440.0
2025-07-04 09:00:00+00:00,1.3664,1.3665,1.3652,1.36575,7124.0
2025-07-04 10:00:00+00:00,1.36572,1.36612,1.36468,1.36481,8450.0
2025-07-04 11:00:00+00:00,1.36482,1.36562,1.36419,1.36478,7693.0
2025-07-04 12:00:00+00:00,1.3648,1.36486,1.36346,1.36352,8491.0
2025-07-04 13:00:00+00:00,1.36352,1.36524,1.3635,1.36496,8067.0
2025-07-04 14:00:00+00:00,1.36496,1.36536,1.36375,1.36426,9335.0
2025-07-04 15:00:00+00:00,1.36428,1.36476,1.36394,1.36446,6669.0
2025-07-04 16:00:00+00:00,1.36446,1.36514,1.36418,1.3647,4984.0
2025-07-04 17:00:00+00:00,1.36472,1.36523,1.3647,1.36486,13616.0
2025-07-04 18:00:00+00:00,1.36486,1.36543,1.36477,1.36536,5193.0
2025-07-04 19:00:00+00:00,1.36535,1.36552,1.3649,1.36506,27439.0
2025-07-04 20:00:00+00:00,1.36507,1.36588,1.36418,1.36475,40762.0
2025-07-06 21:00:00+00:00,1.36435,1.36616,1.36435,1.36561,861.0
2025-07-06 22:00:00+00:00,1.36566,1.36576,1.36483,1.36532,2121.0
2025-07-06 23:00:00+00:00,1.36532,1.36544,1.36466,1.36512,2758.0
2025-07-07 00:00:00+00:00,1.36512,1.36578,1.36452,1.36474,8662.0
2025-07-07 01:00:00+00:00,1.36474,1.36474,1.36321,1.36338,8673.0
2025-07-07 02:00:00+00:00,1.36337,1.3638,1.36256,1.36286,7283.0
2025-07-07 03:00:00+00:00,1.36285,1.36336,1.36258,1.36278,5971.0
2025-07-07 04:00:00+00:00,1.3628,1.363,1.3616,1.36172,5736.0
2025-07-07 05:00:00+00:00,1.36174,1.36252,1.36109,1.36232,6862.0
2025-07-07 06:00:00+00:00,1.36228,1.36264,1.3603,1.36128,9634.0
2025-07-07 07:00:00+00:00,1.36129,1.3624,1.36032,1.36044,11813.0
2025-07-07 08:00:00+00:00,1.36042,1.36064,1.35794,1.35806,11258.0
2025-07-07 09:00:00+00:00,1.35804,1.36122,1.35754,1.36093,8904.0
2025-07-07 10:00:00+00:00,1.36092,1.36094,1.35949,1.36024,7673.0
2025-07-07 11:00:00+00:00,1.36024,1.36218,1.35998,1.36156,7652.0
2025-07-07 12:00:00+00:00,1.36158,1.36212,1.36116,1.36175,8517.0
2025-07-07 13:00:00+00:00,1.36176,1.36332,1.36139,1.36279,10775.0
2025-07-07 14:00:00+00:00,1.36278,1.36479,1.36273,1.36362,10857.0
2025-07-07 15:00:00+00:00,1.36361,1.3644,1.36289,1.36364,9805.0
2025-07-07 16:00:00+00:00,1.36366,1.36409,1.35941,1.35952,15903.0
2025-07-07 17:00:00+00:00,1.35954,1.3612,1.35892,1.36053,13787.0
2025-07-07 18:00:00+00:00,1.36052,1.36149,1.3591,1.3612,10963.0
2025-07-07 19:00:00+00:00,1.36119,1.36169,1.36074,1.36098,7519.0
2025-07-07 20:00:00+00:00,1.36097,1.361,1.35983,1.3601,4239.0
2025-07-07 21:00:00+00:00,1.36061,1.36135,1.36008,1.36049,1084.0
2025-07-07 22:00:00+00:00,1.3605,1.36191,1.36046,1.36179,2068.0
2025-07-07 23:00:00+00:00,1.3618,1.36252,1.36151,1.36238,2653.0
2025-07-08 00:00:00+00:00,1.3624,1.3637,1.36238,1.36286,8334.0
2025-07-08 01:00:00+00:00,1.36286,1.36336,1.36179,1.36256,8187.0
2025-07-08 02:00:00+00:00,1.36258,1.3639,1.36232,1.3631,5930.0
2025-07-08 03:00:00+00:00,1.36311,1.36392,1.36285,1.36334,5278.0
2025-07-08 04:00:00+00:00,1.36334,1.36428,1.363,1.36316,8269.0
2025-07-08 05:00:00+00:00,1.36316,1.36347,1.36238,1.36288,9437.0
2025-07-08 06:00:00+00:00,1.36288,1.3633,1.36241,1.36274,9511.0
2025-07-08 07:00:00+00:00,1.36273,1.36466,1.36272,1.36412,9568.0
2025-07-08 08:00:00+00:00,1.36412,1.36412,1.36097,1.36123,9320.0
2025-07-08 09:00:00+00:00,1.36123,1.36148,1.35928,1.35954,8104.0
2025-07-08 10:00:00+00:00,1.35954,1.35959,1.35761,1.35773,7772.0
2025-07-08 11:00:00+00:00,1.35772,1.35857,1.35728,1.35735,6986.0
2025-07-08 12:00:00+00:00,1.35736,1.35848,1.35634,1.35781,10574.0
2025-07-08 13:00:00+00:00,1.35782,1.35793,1.35402,1.35526,13543.0
2025-07-08 14:00:00+00:00,1.35524,1.3562,1.35254,1.35448,18277.0
2025-07-08 15:00:00+00:00,1.35448,1.35798,1.354,1.35728,12644.0
2025-07-08 16:00:00+00:00,1.35727,1.35824,1.35638,1.35788,13289.0
2025-07-08 17:00:00+00:00,1.35788,1.35937,1.35773,1.35922,12935.0
2025-07-08 18:00:00+00:00,1.35921,1.3597,1.35855,1.35938,8904.0
2025-07-08 19:00:00+00:00,1.35942,1.35976,1.35851,1.35891,7002.0
2025-07-08 20:00:00+00:00,1.35888,1.35958,1.35878,1.35928,3838.0
2025-07-08 21:00:00+00:00,1.35908,1.35938,1.35861,1.35895,2390.0
2025-07-08 22:00:00+00:00,1.35878,1.3595,1.35862,1.3593,1214.0
2025-07-08 23:00:00+00:00,1.35936,1.35938,1.35842,1.3585,1827.0
2025-07-09 00:00:00+00:00,1.3585,1.35878,1.35762,1.35862,6678.0
2025-07-09 01:00:00+00:00,1.35864,1.35912,1.35768,1.35866,8372.0
2025-07-09 02:00:00+00:00,1.35866,1.35932,1.3565,1.35744,9015.0
2025-07-09 03:00:00+00:00,1.35744,1.35745,1.35645,1.3569,5981.0
2025-07-09 04:00:00+00:00,1.3569,1.35869,1.35664,1.35858,5902.0
2025-07-09 05:00:00+00:00,1.35858,1.35968,1.3584,1.35875,7008.0
2025-07-09 06:00:00+00:00,1.35876,1.36066,1.35816,1.36029,8590.0
2025-07-09 07:00:00+00:00,1.3603,1.36052,1.35794,1.3586,10824.0
2025-07-09 08:00:00+00:00,1.3586,1.36055,1.35828,1.36014,10317.0
2025-07-09 09:00:00+00:00,1.36012,1.36086,1.35925,1.35972,8009.0
2025-07-09 10:00:00+00:00,1.35972,1.36038,1.35819,1.35832,7693.0
2025-07-09 11:00:00+00:00,1.35832,1.35882,1.3574,1.35774,6438.0
2025-07-09 12:00:00+00:00,1.35774,1.36132,1.35765,1.36084,11360.0
2025-07-09 13:00:00+00:00,1.36083,1.362,1.35846,1.3586,13274.0
2025-07-09 14:00:00+00:00,1.35864,1.36165,1.35828,1.35882,11638.0
2025-07-09 15:00:00+00:00,1.35883,1.35946,1.3581,1.35832,7466.0
2025-07-09 16:00:00+00:00,1.35832,1.3588,1.35792,1.35842,6031.0
2025-07-09 17:00:00+00:00,1.35841,1.35918,1.35808,1.35891,6331.0
2025-07-09 18:00:00+00:00,1.35892,1.35994,1.35838,1.35881,7587.0
2025-07-09 19:00:00+00:00,1.35882,1.3601,1.35872,1.35954,5340.0
2025-07-09 20:00:00+00:00,1.35954,1.35958,1.3584,1.3586,4062.0
2025-07-09 21:00:00+00:00,1.35864,1.35883,1.3586,1.35882,842.0
2025-07-09 22:00:00+00:00,1.35888,1.35924,1.35879,1.35894,1785.0
2025-07-09 23:00:00+00:00,1.35895,1.35991,1.35882,1.3598,2442.0
2025-07-10 00:00:00+00:00,1.3598,1.36136,1.3595,1.36097,9392.0
2025-07-10 01:00:00+00:00,1.36096,1.36122,1.36031,1.36072,6609.0
2025-07-10 02:00:00+00:00,1.36074,1.36126,1.3605,1.36075,6190.0
2025-07-10 03:00:00+00:00,1.36072,1.36096,1.36042,1.36045,5220.0
2025-07-10 04:00:00+00:00,1.36044,1.36061,1.36,1.36053,4247.0
2025-07-10 05:00:00+00:00,1.36052,1.36106,1.36042,1.36094,5701.0
2025-07-10 06:00:00+00:00,1.36096,1.36178,1.36058,1.36112,7377.0
2025-07-10 07:00:00+00:00,1.36111,1.36196,1.36023,1.36124,8361.0
2025-07-10 08:00:00+00:00,1.36124,1.36155,1.36046,1.3606,5852.0
2025-07-10 09:00:00+00:00,1.36059,1.36166,1.36057,1.36094,5156.0
2025-07-10 10:00:00+00:00,1.36095,1.36134,1.35977,1.35994,5379.0
2025-07-10 11:00:00+00:00,1.35993,1.35995,1.35723,1.35806,7098.0
2025-07-10 12:00:00+00:00,1.35807,1.35866,1.35572,1.35604,10891.0
2025-07-10 13:00:00+00:00,1.35604,1.3571,1.35448,1.3553,12197.0
2025-07-10 14:00:00+00:00,1.35529,1.35576,1.3533,1.35552,16273.0
2025-07-10 15:00:00+00:00,1.35554,1.35716,1.35538,1.35673,11710.0
2025-07-10 16:00:00+00:00,1.35672,1.3573,1.35602,1.35639,8218.0
2025-07-10 17:00:00+00:00,1.35637,1.35757,1.35611,1.35717,6836.0
2025-07-10 18:00:00+00:00,1.35716,1.3576,1.35696,1.35746,6727.0
2025-07-10 19:00:00+00:00,1.35746,1.3583,1.35732,1.3576,4998.0
2025-07-10 20:00:00+00:00,1.35759,1.3584,1.35742,1.35798,3796.0
2025-07-10 21:00:00+00:00,1.35772,1.3582,1.35717,1.3577,1757.0
2025-07-10 22:00:00+00:00,1.35772,1.35856,1.35771,1.35845,958.0
2025-07-10 23:00:00+00:00,1.35848,1.35854,1.35772,1.35803,1921.0
2025-07-11 00:00:00+00:00,1.35802,1.35818,1.3545,1.3555,14504.0
2025-07-11 01:00:00+00:00,1.3555,1.35698,1.35492,1.35591,10926.0
2025-07-11 02:00:00+00:00,1.35592,1.35616,1.35537,1.35544,7384.0
2025-07-11 03:00:00+00:00,1.35543,1.35668,1.35534,1.35652,6904.0
2025-07-11 04:00:00+00:00,1.35653,1.35658,1.3549,1.35563,6334.0
2025-07-11 05:00:00+00:00,1.35562,1.35644,1.35544,1.35623,6081.0
2025-07-11 06:00:00+00:00,1.3562,1.3562,1.35324,1.35343,10953.0
2025-07-11 07:00:00+00:00,1.35344,1.3557,1.35344,1.35414,8521.0
2025-07-11 08:00:00+00:00,1.35414,1.35473,1.35286,1.35358,8363.0
2025-07-11 09:00:00+00:00,1.35357,1.3553,1.35342,1.3543,7305.0
2025-07-11 10:00:00+00:00,1.3543,1.35502,1.3529,1.35295,7834.0
2025-07-11 11:00:00+00:00,1.35296,1.35384,1.34975,1.35032,10484.0
2025-07-11 12:00:00+00:00,1.35032,1.35108,1.34964,1.35044,11917.0
2025-07-11 13:00:00+00:00,1.35044,1.35202,1.34911,1.34952,15119.0
2025-07-11 14:00:00+00:00,1.34952,1.3508,1.34811,1.3505,14134.0
2025-07-11 15:00:00+00:00,1.3505,1.35133,1.34982,1.35024,10840.0
2025-07-11 16:00:00+00:00,1.35025,1.35146,1.3496,1.35066,9672.0
2025-07-11 17:00:00+00:00,1.35067,1.35162,1.35058,1.35134,5970.0
2025-07-11 18:00:00+00:00,1.35136,1.35176,1.3509,1.35094,6783.0
2025-07-11 19:00:00+00:00,1.35094,1.35094,1.34962,1.34976,6416.0
2025-07-11 20:00:00+00:00,1.34976,1.34978,1.34844,1.34905,5643.0
2025-07-13 21:00:00+00:00,1.34914,1.34926,1.3483,1.34884,427.0
2025-07-13 22:00:00+00:00,1.34884,1.3497,1.34821,1.34844,3146.0
2025-07-13 23:00:00+00:00,1.34844,1.34959,1.34838,1.34958,3639.0
2025-07-14 00:00:00+00:00,1.34957,1.35044,1.34952,1.3499,7492.0
2025-07-14 01:00:00+00:00,1.3499,1.35024,1.34885,1.34895,8844.0
2025-07-14 02:00:00+00:00,1.34894,1.34938,1.34721,1.34744,5993.0
2025-07-14 03:00:00+00:00,1.34745,1.34858,1.34736,1.34819,5376.0
2025-07-14 04:00:00+00:00,1.34818,1.3482,1.34757,1.34762,4992.0
2025-07-14 05:00:00+00:00,1.34762,1.34789,1.3465,1.34656,6319.0
2025-07-14 06:00:00+00:00,1.34653,1.3466,1.34516,1.34568,6467.0
2025-07-14 07:00:00+00:00,1.34569,1.34884,1.34562,1.34835,9466.0
2025-07-14 08:00:00+00:00,1.34834,1.34894,1.34746,1.34758,6697.0
2025-07-14 09:00:00+00:00,1.34756,1.34884,1.34718,1.34838,6326.0
2025-07-14 10:00:00+00:00,1.34837,1.34937,1.34804,1.34887,6291.0
2025-07-14 11:00:00+00:00,1.34886,1.34916,1.34778,1.34828,6580.0
2025-07-14 12:00:00+00:00,1.34828,1.34922,1.34706,1.34778,7443.0
2025-07-14 13:00:00+00:00,1.3478,1.34848,1.3468,1.34823,9342.0
2025-07-14 14:00:00+00:00,1.34825,1.34836,1.34434,1.34475,11294.0
2025-07-14 15:00:00+00:00,1.34476,1.34594,1.34309,1.34336,11770.0
2025-07-14 16:00:00+00:00,1.34336,1.34428,1.34272,1.34356,9522.0
2025-07-14 17:00:00+00:00,1.34356,1.34411,1.34265,1.34332,5283.0
2025-07-14 18:00:00+00:00,1.34333,1.34352,1.3427,1.34287,5524.0
2025-07-14 19:00:00+00:00,1.34287,1.34343,1.34244,1.34266,4727.0
2025-07-14 20:00:00+00:00,1.34267,1.34308,1.34252,1.34268,2919.0
2025-07-14 21:00:00+00:00,1.34333,1.34348,1.3424,1.34314,2379.0
2025-07-14 22:00:00+00:00,1.34309,1.34317,1.34261,1.34268,4768.0
2025-07-14 23:00:00+00:00,1.34268,1.34292,1.34216,1.34279,1839.0
2025-07-15 00:00:00+00:00,1.3428,1.34408,1.34264,1.34356,6186.0
2025-07-15 01:00:00+00:00,1.34358,1.34396,1.3427,1.34337,6739.0
2025-07-15 02:00:00+00:00,1.34338,1.34359,1.34272,1.34331,6491.0
2025-07-15 03:00:00+00:00,1.34332,1.34351,1.34286,1.34296,4310.0
2025-07-15 04:00:00+00:00,1.34299,1.34339,1.34283,1.34316,3689.0
2025-07-15 05:00:00+00:00,1.34317,1.34426,1.34316,1.34396,4609.0
2025-07-15 06:00:00+00:00,1.34396,1.34438,1.34306,1.3435,6886.0
2025-07-15 07:00:00+00:00,1.3435,1.34536,1.34278,1.34536,8025.0
2025-07-15 08:00:00+00:00,1.34536,1.34536,1.34411,1.34468,6599.0
2025-07-15 09:00:00+00:00,1.34465,1.34584,1.34456,1.34548,6677.0
2025-07-15 10:00:00+00:00,1.34549,1.34595,1.34484,1.34561,5870.0
2025-07-15 11:00:00+00:00,1.34562,1.34566,1.34426,1.34435,6205.0
2025-07-15 12:00:00+00:00,1.34434,1.34676,1.34318,1.34484,15142.0
2025-07-15 13:00:00+00:00,1.34483,1.34508,1.33996,1.34046,18732.0
2025-07-15 14:00:00+00:00,1.34046,1.34097,1.33854,1.33959,19607.0
2025-07-15 15:00:00+00:00,1.3396,1.34004,1.33802,1.33956,12406.0
2025-07-15 16:00:00+00:00,1.33956,1.33992,1.33818,1.3387,9135.0
2025-07-15 17:00:00+00:00,1.33872,1.33884,1.33788,1.33852,7519.0
2025-07-15 18:00:00+00:00,1.33852,1.33934,1.33823,1.33898,5083.0
2025-07-15 19:00:00+00:00,1.33896,1.33917,1.33835,1.33864,4458.0
2025-07-15 20:00:00+00:00,1.33863,1.33876,1.33808,1.33846,2884.0
2025-07-15 21:00:00+00:00,1.33852,1.33866,1.33829,1.33836,1212.0
2025-07-15 22:00:00+00:00,1.33836,1.33859,1.3382,1.33856,929.0
2025-07-15 23:00:00+00:00,1.33853,1.33936,1.33846,1.33932,1777.0
2025-07-16 00:00:00+00:00,1.33932,1.33992,1.33852,1.33936,7595.0
2025-07-16 01:00:00+00:00,1.33934,1.34006,1.33916,1.33967,7413.0
2025-07-16 02:00:00+00:00,1.33966,1.33968,1.33838,1.3386,5009.0
2025-07-16 03:00:00+00:00,1.3386,1.33946,1.33827,1.33884,5056.0
2025-07-16 04:00:00+00:00,1.33885,1.33969,1.3387,1.33966,5156.0
2025-07-16 05:00:00+00:00,1.33966,1.33997,1.33909,1.33975,5733.0
2025-07-16 06:00:00+00:00,1.33974,1.34168,1.3395,1.34088,9625.0
2025-07-16 07:00:00+00:00,1.34088,1.34104,1.33891,1.33936,7931.0
2025-07-16 08:00:00+00:00,1.33936,1.34016,1.33896,1.33914,7782.0
2025-07-16 09:00:00+00:00,1.33915,1.33976,1.3384,1.33966,6920.0
2025-07-16 10:00:00+00:00,1.33966,1.34062,1.33906,1.3406,6800.0
2025-07-16 11:00:00+00:00,1.34058,1.34119,1.33967,1.3401,6663.0
2025-07-16 12:00:00+00:00,1.3401,1.34126,1.33833,1.33927,14867.0
2025-07-16 13:00:00+00:00,1.33926,1.33984,1.3365,1.33764,14911.0
2025-07-16 14:00:00+00:00,1.33765,1.3402,1.33666,1.33925,17091.0
2025-07-16 15:00:00+00:00,1.33924,1.34862,1.33924,1.34246,57014.0
2025-07-16 16:00:00+00:00,1.34245,1.3447,1.34116,1.34218,27536.0
2025-07-16 17:00:00+00:00,1.34216,1.34409,1.34194,1.34204,11676.0
2025-07-16 18:00:00+00:00,1.34206,1.34234,1.34058,1.3409,8401.0
2025-07-16 19:00:00+00:00,1.3409,1.34197,1.34049,1.34178,7469.0
2025-07-16 20:00:00+00:00,1.34178,1.34224,1.34149,1.342,4080.0
2025-07-16 21:00:00+00:00,1.34206,1.34281,1.34165,1.34174,3289.0
2025-07-16 22:00:00+00:00,1.34173,1.34204,1.3413,1.34138,1890.0
2025-07-16 23:00:00+00:00,1.34139,1.34172,1.34091,1.34105,1896.0
2025-07-17 00:00:00+00:00,1.34104,1.34112,1.33958,1.33998,6249.0
2025-07-17 01:00:00+00:00,1.33998,1.34054,1.33923,1.34042,7344.0
2025-07-17 02:00:00+00:00,1.34042,1.34042,1.33868,1.33882,6149.0
2025-07-17 03:00:00+00:00,1.33882,1.33932,1.33842,1.33926,5200.0
2025-07-17 04:00:00+00:00,1.33926,1.33956,1.33883,1.33954,3741.0
2025-07-17 05:00:00+00:00,1.33956,1.34006,1.3391,1.33938,5717.0
2025-07-17 06:00:00+00:00,1.33936,1.34026,1.33742,1.33836,14996.0
2025-07-17 07:00:00+00:00,1.33836,1.33991,1.33804,1.33833,10908.0
2025-07-17 08:00:00+00:00,1.33832,1.34109,1.33806,1.34108,8405.0
2025-07-17 09:00:00+00:00,1.34109,1.3414,1.3393,1.33987,6440.0
2025-07-17 10:00:00+00:00,1.33986,1.34042,1.33918,1.34002,5739.0
2025-07-17 11:00:00+00:00,1.34004,1.3403,1.33864,1.33924,6560.0
2025-07-17 12:00:00+00:00,1.33924,1.34104,1.33803,1.3401,13125.0
2025-07-17 13:00:00+00:00,1.34009,1.34091,1.3393,1.33996,13615.0
2025-07-17 14:00:00+00:00,1.33996,1.3414,1.3395,1.34093,11201.0
2025-07-17 15:00:00+00:00,1.34092,1.34192,1.34064,1.3413,8304.0
2025-07-17 16:00:00+00:00,1.34131,1.3421,1.33972,1.34006,6865.0
2025-07-17 17:00:00+00:00,1.34006,1.34089,1.33994,1.34038,5527.0
2025-07-17 18:00:00+00:00,1.34037,1.34123,1.34022,1.34097,5835.0
2025-07-17 19:00:00+00:00,1.34095,1.34202,1.34095,1.34188,5378.0
2025-07-17 20:00:00+00:00,1.34188,1.34205,1.34135,1.34184,3596.0
2025-07-17 21:00:00+00:00,1.34164,1.34188,1.34148,1.34175,954.0
2025-07-17 22:00:00+00:00,1.3417,1.34319,1.34168,1.343,2146.0
2025-07-17 23:00:00+00:00,1.34302,1.3435,1.34293,1.34313,1861.0
2025-07-18 00:00:00+00:00,1.34314,1.34382,1.3428,1.34318,4600.0
2025-07-18 01:00:00+00:00,1.3432,1.3441,1.34292,1.34346,5280.0
2025-07-18 02:00:00+00:00,1.34346,1.34394,1.34286,1.34375,4471.0
2025-07-18 03:00:00+00:00,1.34376,1.34384,1.3427,1.34296,3443.0
2025-07-18 04:00:00+00:00,1.34295,1.34298,1.3424,1.3424,3103.0
2025-07-18 05:00:00+00:00,1.34239,1.34239,1.34131,1.34162,3891.0
2025-07-18 06:00:00+00:00,1.34164,1.3433,1.34105,1.34318,5830.0
2025-07-18 07:00:00+00:00,1.34318,1.34396,1.34268,1.34302,6608.0
2025-07-18 08:00:00+00:00,1.34303,1.34429,1.34302,1.3437,7236.0
2025-07-18 09:00:00+00:00,1.3437,1.34434,1.34352,1.3441,4509.0
2025-07-18 10:00:00+00:00,1.34409,1.3454,1.3436,1.34519,4754.0
2025-07-18 11:00:00+00:00,1.3452,1.34576,1.34499,1.34572,5211.0
2025-07-18 12:00:00+00:00,1.34572,1.34726,1.34506,1.3458,8069.0
2025-07-18 13:00:00+00:00,1.34582,1.34755,1.34538,1.34667,10533.0
2025-07-18 14:00:00+00:00,1.34664,1.3471,1.34396,1.34422,12798.0
2025-07-18 15:00:00+00:00,1.34422,1.34482,1.34342,1.34376,8938.0
2025-07-18 16:00:00+00:00,1.34375,1.34388,1.34172,1.34191,9171.0
2025-07-18 17:00:00+00:00,1.3419,1.34216,1.34117,1.34192,5746.0
2025-07-18 18:00:00+00:00,1.34192,1.34216,1.34146,1.3417,4591.0
2025-07-18 19:00:00+00:00,1.34172,1.34178,1.3409,1.34138,4649.0
2025-07-18 20:00:00+00:00,1.34138,1.34163,1.34062,1.34085,2997.0
2025-07-20 21:00:00+00:00,1.34179,1.34319,1.34088,1.34185,647.0
2025-07-20 22:00:00+00:00,1.34235,1.34235,1.34082,1.34131,3257.0
2025-07-20 23:00:00+00:00,1.34132,1.3418,1.34103,1.34151,2595.0
2025-07-21 00:00:00+00:00,1.34152,1.34204,1.3403,1.3404,5716.0
2025-07-21 01:00:00+00:00,1.3404,1.34158,1.34023,1.34123,5423.0
2025-07-21 02:00:00+00:00,1.34122,1.34158,1.34064,1.34122,5337.0
2025-07-21 03:00:00+00:00,1.34121,1.34182,1.3411,1.34162,3647.0
2025-07-21 04:00:00+00:00,1.34162,1.34194,1.3414,1.34188,3845.0
2025-07-21 05:00:00+00:00,1.3419,1.34253,1.3417,1.34234,4327.0
2025-07-21 06:00:00+00:00,1.34232,1.3444,1.34206,1.34433,7435.0
2025-07-21 07:00:00+00:00,1.34432,1.34477,1.34356,1.34452,8277.0
2025-07-21 08:00:00+00:00,1.34452,1.34664,1.34412,1.34522,6980.0
2025-07-21 09:00:00+00:00,1.34522,1.34593,1.34452,1.34578,5694.0
2025-07-21 10:00:00+00:00,1.34578,1.34598,1.34466,1.34582,5818.0
2025-07-21 11:00:00+00:00,1.34582,1.34802,1.34566,1.34786,8361.0
2025-07-21 12:00:00+00:00,1.34784,1.34839,1.34741,1.34802,7478.0
2025-07-21 13:00:00+00:00,1.348,1.34804,1.3467,1.34691,8907.0
2025-07-21 14:00:00+00:00,1.34692,1.3497,1.34688,1.34929,13158.0
2025-07-21 15:00:00+00:00,1.3493,1.35108,1.34922,1.34958,10517.0
2025-07-21 16:00:00+00:00,1.34958,1.35,1.349,1.34946,7396.0
2025-07-21 17:00:00+00:00,1.34946,1.3496,1.3484,1.34863,5366.0
2025-07-21 18:00:00+00:00,1.34864,1.34928,1.34841,1.34904,5098.0
2025-07-21 19:00:00+00:00,1.34902,1.34922,1.34836,1.34841,5161.0
2025-07-21 20:00:00+00:00,1.34842,1.34931,1.34832,1.34918,2607.0
2025-07-21 21:00:00+00:00,1.34884,1.34937,1.34884,1.34909,1333.0
2025-07-21 22:00:00+00:00,1.34919,1.34932,1.34874,1.3489,849.0
2025-07-21 23:00:00+00:00,1.34888,1.34902,1.34858,1.34894,1567.0
2025-07-22 00:00:00+00:00,1.34895,1.34902,1.34792,1.34834,5727.0
2025-07-22 01:00:00+00:00,1.34834,1.3485,1.34767,1.34796,5572.0
2025-07-22 02:00:00+00:00,1.34798,1.34877,1.34792,1.34824,3854.0
2025-07-22 03:00:00+00:00,1.34822,1.3483,1.34778,1.34788,3949.0
2025-07-22 04:00:00+00:00,1.3479,1.34821,1.3474,1.34769,3809.0
2025-07-22 05:00:00+00:00,1.34768,1.34794,1.347,1.34738,4736.0
2025-07-22 06:00:00+00:00,1.34737,1.34742,1.34662,1.34716,6095.0
2025-07-22 07:00:00+00:00,1.34714,1.34744,1.34621,1.34671,7273.0
2025-07-22 08:00:00+00:00,1.34672,1.34926,1.34648,1.349,7342.0
2025-07-22 09:00:00+00:00,1.349,1.34962,1.34864,1.34954,6434.0
2025-07-22 10:00:00+00:00,1.34955,1.34998,1.3476,1.3478,5245.0
2025-07-22 11:00:00+00:00,1.3478,1.34884,1.34751,1.34862,6568.0
2025-07-22 12:00:00+00:00,1.34861,1.34896,1.34755,1.34814,7678.0
2025-07-22 13:00:00+00:00,1.34813,1.34892,1.34766,1.34852,13011.0
2025-07-22 14:00:00+00:00,1.3485,1.35085,1.34714,1.35012,15864.0
2025-07-22 15:00:00+00:00,1.35012,1.35199,1.34962,1.35196,12279.0
2025-07-22 16:00:00+00:00,1.35196,1.35329,1.35176,1.35298,9029.0
2025-07-22 17:00:00+00:00,1.35299,1.35308,1.35204,1.35232,7198.0
2025-07-22 18:00:00+00:00,1.35231,1.35278,1.35192,1.35273,6906.0
2025-07-22 19:00:00+00:00,1.35274,1.3533,1.35248,1.35315,4938.0
2025-07-22 20:00:00+00:00,1.35314,1.35342,1.35263,1.35338,2686.0
2025-07-22 21:00:00+00:00,1.35308,1.35328,1.35261,1.35268,1751.0
2025-07-22 22:00:00+00:00,1.35266,1.35288,1.35253,1.35262,1096.0
2025-07-22 23:00:00+00:00,1.35261,1.3535,1.35188,1.35212,4125.0
2025-07-23 00:00:00+00:00,1.35213,1.35276,1.35174,1.3527,9737.0
2025-07-23 01:00:00+00:00,1.3527,1.35286,1.35167,1.35228,9386.0
2025-07-23 02:00:00+00:00,1.35228,1.35298,1.35164,1.35198,9228.0
2025-07-23 03:00:00+00:00,1.35198,1.35352,1.35194,1.35277,6919.0
2025-07-23 04:00:00+00:00,1.35278,1.35314,1.35224,1.35277,6034.0
2025-07-23 05:00:00+00:00,1.35276,1.3531,1.35197,1.35228,6845.0
2025-07-23 06:00:00+00:00,1.35228,1.35334,1.35153,1.3533,8891.0
2025-07-23 07:00:00+00:00,1.35329,1.3549,1.35323,1.35434,8755.0
2025-07-23 08:00:00+00:00,1.35435,1.35486,1.35365,1.3542,8081.0
2025-07-23 09:00:00+00:00,1.35418,1.3549,1.35366,1.35458,6610.0
2025-07-23 10:00:00+00:00,1.35457,1.35464,1.35348,1.3535,7260.0
2025-07-23 11:00:00+00:00,1.3535,1.35438,1.3533,1.35399,7999.0
2025-07-23 12:00:00+00:00,1.35399,1.35456,1.353,1.35454,7898.0
2025-07-23 13:00:00+00:00,1.35454,1.3548,1.35236,1.35451,12849.0
2025-07-23 14:00:00+00:00,1.35452,1.35636,1.35394,1.35602,11382.0
2025-07-23 15:00:00+00:00,1.35601,1.35768,1.35532,1.35662,13483.0
2025-07-23 16:00:00+00:00,1.35661,1.3572,1.35539,1.35616,14160.0
2025-07-23 17:00:00+00:00,1.35616,1.35738,1.35574,1.35679,10268.0
2025-07-23 18:00:00+00:00,1.35682,1.3581,1.35682,1.35784,6580.0
2025-07-23 19:00:00+00:00,1.35786,1.3584,1.35757,1.3582,5878.0
2025-07-23 20:00:00+00:00,1.3582,1.35844,1.35789,1.35806,5155.0
2025-07-23 21:00:00+00:00,1.35794,1.35818,1.35759,1.3581,708.0
2025-07-23 22:00:00+00:00,1.35811,1.3586,1.35798,1.3583,1981.0
2025-07-23 23:00:00+00:00,1.35836,1.35874,1.3578,1.35789,1940.0
2025-07-24 00:00:00+00:00,1.35788,1.35791,1.35712,1.3574,8879.0
2025-07-24 01:00:00+00:00,1.3574,1.35887,1.35736,1.35824,9589.0
2025-07-24 02:00:00+00:00,1.35824,1.35843,1.35748,1.35808,7160.0
2025-07-24 03:00:00+00:00,1.3581,1.35852,1.3577,1.35784,6518.0
2025-07-24 04:00:00+00:00,1.35782,1.35816,1.35751,1.35796,5953.0
2025-07-24 05:00:00+00:00,1.35798,1.3582,1.35759,1.35783,6901.0
2025-07-24 06:00:00+00:00,1.3578,1.3578,1.35619,1.35629,8833.0
2025-07-24 07:00:00+00:00,1.3563,1.35677,1.35568,1.35604,9037.0
2025-07-24 08:00:00+00:00,1.35605,1.35662,1.35428,1.35441,10315.0
2025-07-24 09:00:00+00:00,1.3544,1.3548,1.35402,1.35479,8090.0
2025-07-24 10:00:00+00:00,1.3548,1.3551,1.35355,1.35389,5927.0
2025-07-24 11:00:00+00:00,1.3539,1.35516,1.35372,1.35516,6780.0
2025-07-24 12:00:00+00:00,1.35518,1.35543,1.35316,1.35356,11482.0
2025-07-24 13:00:00+00:00,1.35355,1.35544,1.35329,1.35528,19955.0
2025-07-24 14:00:00+00:00,1.35526,1.3563,1.35322,1.3542,16412.0
2025-07-24 15:00:00+00:00,1.35422,1.3543,1.35222,1.35238,15218.0
2025-07-24 16:00:00+00:00,1.35238,1.35274,1.35046,1.35113,10690.0
2025-07-24 17:00:00+00:00,1.35114,1.35281,1.35102,1.35187,7272.0
2025-07-24 18:00:00+00:00,1.35188,1.35216,1.35145,1.35162,6489.0
2025-07-24 19:00:00+00:00,1.35162,1.352,1.3507,1.35076,6312.0
2025-07-24 20:00:00+00:00,1.35077,1.35116,1.3503,1.3508,7698.0
2025-07-24 21:00:00+00:00,1.35114,1.35153,1.35038,1.35107,2032.0
2025-07-24 22:00:00+00:00,1.35105,1.35105,1.3503,1.35057,1524.0
2025-07-24 23:00:00+00:00,1.35056,1.35108,1.3504,1.35087,2298.0
2025-07-25 00:00:00+00:00,1.35086,1.35121,1.35029,1.35074,8875.0
2025-07-25 01:00:00+00:00,1.35075,1.35125,1.34974,1.34998,9127.0
2025-07-25 02:00:00+00:00,1.34996,1.35009,1.34902,1.34939,7187.0
2025-07-25 03:00:00+00:00,1.34936,1.34975,1.34884,1.34945,4400.0
2025-07-25 04:00:00+00:00,1.34944,1.34994,1.34863,1.34916,8207.0
2025-07-25 05:00:00+00:00,1.34915,1.35048,1.34891,1.35038,7008.0
2025-07-25 06:00:00+00:00,1.3504,1.3504,1.34813,1.34904,11566.0
2025-07-25 07:00:00+00:00,1.34903,1.34924,1.3467,1.34684,11958.0
2025-07-25 08:00:00+00:00,1.34684,1.34768,1.34596,1.34632,10162.0
2025-07-25 09:00:00+00:00,1.34631,1.34641,1.34504,1.34632,7361.0
2025-07-25 10:00:00+00:00,1.34633,1.34646,1.34525,1.34578,6902.0
2025-07-25 11:00:00+00:00,1.34576,1.34602,1.3439,1.3451,8344.0
2025-07-25 12:00:00+00:00,1.34509,1.3455,1.34234,1.34336,9214.0
2025-07-25 13:00:00+00:00,1.34336,1.344,1.34162,1.34374,22942.0
2025-07-25 14:00:00+00:00,1.34375,1.34438,1.34282,1.34302,14924.0
2025-07-25 15:00:00+00:00,1.34302,1.34386,1.34176,1.3427,11157.0
2025-07-25 16:00:00+00:00,1.3427,1.34298,1.34169,1.3421,9151.0
2025-07-25 17:00:00+00:00,1.3421,1.343,1.34196,1.34276,6779.0
2025-07-25 18:00:00+00:00,1.34276,1.34364,1.34257,1.34354,6380.0
2025-07-25 19:00:00+00:00,1.34354,1.34382,1.34326,1.3438,4743.0
2025-07-25 20:00:00+00:00,1.3438,1.34416,1.34298,1.34363,5545.0
2025-07-27 21:00:00+00:00,1.34312,1.34425,1.34299,1.34408,650.0
2025-07-27 22:00:00+00:00,1.34409,1.34486,1.34298,1.3435,3583.0
2025-07-27 23:00:00+00:00,1.34349,1.34431,1.34324,1.3438,2895.0
2025-07-28 00:00:00+00:00,1.3438,1.34492,1.34362,1.34432,9912.0
2025-07-28 01:00:00+00:00,1.34433,1.3453,1.34311,1.34358,9224.0
2025-07-28 02:00:00+00:00,1.34358,1.34434,1.343,1.34394,7139.0
2025-07-28 03:00:00+00:00,1.34395,1.34432,1.34346,1.3443,5178.0
2025-07-28 04:00:00+00:00,1.3443,1.34452,1.34328,1.34364,4761.0
2025-07-28 05:00:00+00:00,1.34362,1.34368,1.3426,1.34272,5880.0
2025-07-28 06:00:00+00:00,1.34271,1.34312,1.34066,1.34216,10660.0
2025-07-28 07:00:00+00:00,1.34217,1.34316,1.34061,1.34092,13934.0
2025-07-28 08:00:00+00:00,1.34091,1.34293,1.34068,1.34212,10755.0
2025-07-28 09:00:00+00:00,1.34211,1.34272,1.34114,1.34146,9427.0
2025-07-28 10:00:00+00:00,1.34145,1.34219,1.34086,1.34188,9070.0
2025-07-28 11:00:00+00:00,1.34188,1.34298,1.34026,1.34268,11879.0
2025-07-28 12:00:00+00:00,1.3427,1.34386,1.34222,1.34381,13755.0
2025-07-28 13:00:00+00:00,1.3438,1.34402,1.34095,1.34154,13576.0
2025-07-28 14:00:00+00:00,1.34154,1.34263,1.34093,1.34124,13312.0
2025-07-28 15:00:00+00:00,1.34122,1.3414,1.33912,1.33914,10364.0
2025-07-28 16:00:00+00:00,1.33912,1.3392,1.33762,1.33788,7144.0
2025-07-28 17:00:00+00:00,1.33788,1.33805,1.33574,1.33596,5594.0
2025-07-28 18:00:00+00:00,1.33596,1.33604,1.33522,1.33538,4930.0
2025-07-28 19:00:00+00:00,1.33538,1.33559,1.33512,1.33546,3814.0
2025-07-28 20:00:00+00:00,1.33546,1.33588,1.33526,1.33548,3074.0
2025-07-28 21:00:00+00:00,1.33562,1.33614,1.33548,1.3361,2159.0
2025-07-28 22:00:00+00:00,1.3361,1.3361,1.33543,1.33607,2029.0
2025-07-28 23:00:00+00:00,1.33608,1.33616,1.33555,1.33598,1558.0
2025-07-29 00:00:00+00:00,1.33598,1.33599,1.3345,1.33456,7499.0
2025-07-29 01:00:00+00:00,1.33454,1.33585,1.33453,1.33498,8133.0
2025-07-29 02:00:00+00:00,1.33498,1.33568,1.33493,1.33562,7026.0
2025-07-29 03:00:00+00:00,1.33562,1.33578,1.3341,1.33412,6592.0
2025-07-29 04:00:00+00:00,1.33412,1.33508,1.33368,1.33498,6160.0
2025-07-29 05:00:00+00:00,1.33498,1.33538,1.33439,1.3349,6669.0
2025-07-29 06:00:00+00:00,1.33491,1.33538,1.33244,1.3327,14850.0
2025-07-29 07:00:00+00:00,1.3327,1.33366,1.33155,1.33331,14115.0
2025-07-29 08:00:00+00:00,1.33328,1.33488,1.33288,1.33417,9768.0
2025-07-29 09:00:00+00:00,1.33418,1.3359,1.33418,1.33538,8708.0
2025-07-29 10:00:00+00:00,1.33538,1.33618,1.33498,1.33503,7175.0
2025-07-29 11:00:00+00:00,1.33505,1.33529,1.33272,1.33402,10507.0
2025-07-29 12:00:00+00:00,1.33402,1.33438,1.33154,1.33154,11229.0
2025-07-29 13:00:00+00:00,1.33154,1.33266,1.33078,1.33266,13610.0
2025-07-29 14:00:00+00:00,1.33265,1.33372,1.33097,1.3328,20703.0
2025-07-29 15:00:00+00:00,1.33282,1.33438,1.33264,1.33386,13323.0
2025-07-29 16:00:00+00:00,1.33385,1.33476,1.33379,1.33388,9971.0
2025-07-29 17:00:00+00:00,1.33388,1.3353,1.3337,1.33396,9729.0
2025-07-29 18:00:00+00:00,1.33396,1.33558,1.33358,1.33556,7230.0
2025-07-29 19:00:00+00:00,1.33556,1.33642,1.33529,1.33566,5682.0
2025-07-29 20:00:00+00:00,1.33566,1.33602,1.33442,1.33504,4377.0
2025-07-29 21:00:00+00:00,1.33497,1.33554,1.33468,1.3351,1209.0
2025-07-29 22:00:00+00:00,1.33514,1.33535,1.33504,1.33523,1329.0
2025-07-29 23:00:00+00:00,1.33526,1.33539,1.33494,1.33536,1517.0
2025-07-30 00:00:00+00:00,1.33535,1.33668,1.33526,1.33658,8152.0
2025-07-30 01:00:00+00:00,1.3366,1.33695,1.33566,1.33573,9543.0
2025-07-30 02:00:00+00:00,1.33572,1.3365,1.33548,1.33598,6168.0
2025-07-30 03:00:00+00:00,1.33598,1.3369,1.33565,1.33597,6879.0
2025-07-30 04:00:00+00:00,1.33596,1.33598,1.33497,1.3351,8675.0
2025-07-30 05:00:00+00:00,1.33509,1.33556,1.3347,1.33486,7757.0
2025-07-30 06:00:00+00:00,1.33486,1.33654,1.33418,1.33646,9756.0
2025-07-30 07:00:00+00:00,1.33646,1.33688,1.33588,1.3361,9276.0
2025-07-30 08:00:00+00:00,1.33614,1.3369,1.33588,1.33676,8207.0
2025-07-30 09:00:00+00:00,1.33676,1.3382,1.33654,1.33813,9042.0
2025-07-30 10:00:00+00:00,1.33812,1.33859,1.3362,1.33634,9176.0
2025-07-30 11:00:00+00:00,1.33631,1.33736,1.33575,1.3373,7577.0
2025-07-30 12:00:00+00:00,1.33732,1.33798,1.33074,1.33092,20754.0
2025-07-30 13:00:00+00:00,1.33092,1.3314,1.32746,1.3282,18514.0
2025-07-30 14:00:00+00:00,1.3282,1.32954,1.3279,1.32908,16772.0
2025-07-30 15:00:00+00:00,1.32905,1.32918,1.32714,1.32728,11598.0
2025-07-30 16:00:00+00:00,1.32728,1.3282,1.32698,1.32818,7186.0
2025-07-30 17:00:00+00:00,1.32818,1.32922,1.328,1.32914,6830.0
2025-07-30 18:00:00+00:00,1.32914,1.33132,1.32388,1.3239,32239.0
2025-07-30 19:00:00+00:00,1.32389,1.32518,1.32281,1.3245,20510.0
2025-07-30 20:00:00+00:00,1.32452,1.32546,1.32358,1.32392,8824.0
2025-07-30 21:00:00+00:00,1.32422,1.32422,1.3233,1.32362,3207.0
2025-07-30 22:00:00+00:00,1.32362,1.32546,1.32359,1.32536,1827.0
2025-07-30 23:00:00+00:00,1.32536,1.32592,1.32488,1.3256,2266.0
2025-07-31 00:00:00+00:00,1.32559,1.32578,1.32438,1.32515,8098.0
2025-07-31 01:00:00+00:00,1.32516,1.32591,1.3242,1.3258,10011.0
2025-07-31 02:00:00+00:00,1.32578,1.32623,1.32524,1.32604,8047.0
2025-07-31 03:00:00+00:00,1.32602,1.32633,1.32466,1.32594,7457.0
2025-07-31 04:00:00+00:00,1.32594,1.32702,1.3256,1.32693,6094.0
2025-07-31 05:00:00+00:00,1.32692,1.32724,1.32642,1.32644,5417.0
2025-07-31 06:00:00+00:00,1.32644,1.32823,1.3263,1.32779,10118.0
2025-07-31 07:00:00+00:00,1.3278,1.32788,1.32444,1.32594,10375.0
2025-07-31 08:00:00+00:00,1.32592,1.32611,1.32394,1.32498,9960.0
2025-07-31 09:00:00+00:00,1.32498,1.32502,1.32292,1.32294,7616.0
2025-07-31 10:00:00+00:00,1.32294,1.32344,1.32098,1.32284,8532.0
2025-07-31 11:00:00+00:00,1.32286,1.32421,1.32222,1.32393,8992.0
2025-07-31 12:00:00+00:00,1.32392,1.32406,1.32087,1.32166,14662.0
2025-07-31 13:00:00+00:00,1.32166,1.32187,1.31876,1.31888,14278.0
2025-07-31 14:00:00+00:00,1.31888,1.32394,1.31857,1.32318,19802.0
2025-07-31 15:00:00+00:00,1.32319,1.32374,1.32184,1.32198,14020.0
2025-07-31 16:00:00+00:00,1.32198,1.32374,1.32178,1.32229,9210.0
2025-07-31 17:00:00+00:00,1.32228,1.3223,1.32026,1.32036,8299.0
2025-07-31 18:00:00+00:00,1.32036,1.32244,1.31992,1.3219,6844.0
2025-07-31 19:00:00+00:00,1.32189,1.32272,1.32058,1.32059,6871.0
2025-07-31 20:00:00+00:00,1.3206,1.32108,1.31997,1.32046,6623.0
2025-07-31 21:00:00+00:00,1.32045,1.3213,1.32036,1.32048,2129.0
2025-07-31 22:00:00+00:00,1.32038,1.32092,1.32015,1.32066,2305.0
2025-07-31 23:00:00+00:00,1.32066,1.32118,1.31998,1.32078,3895.0
2025-08-01 00:00:00+00:00,1.32078,1.32135,1.32012,1.32102,8879.0
2025-08-01 01:00:00+00:00,1.32104,1.32132,1.31928,1.31959,9886.0
2025-08-01 02:00:00+00:00,1.31958,1.31986,1.31901,1.31954,7941.0
2025-08-01 03:00:00+00:00,1.31956,1.3205,1.31948,1.3201,6770.0
2025-08-01 04:00:00+00:00,1.3201,1.32017,1.31941,1.3199,5209.0
2025-08-01 05:00:00+00:00,1.31988,1.32071,1.31958,1.32027,5269.0
2025-08-01 06:00:00+00:00,1.32024,1.32134,1.31984,1.3205,8054.0
2025-08-01 07:00:00+00:00,1.3205,1.32074,1.3186,1.31947,9011.0
2025-08-01 08:00:00+00:00,1.31946,1.3195,1.316,1.31608,7185.0
2025-08-01 09:00:00+00:00,1.31608,1.31666,1.31415,1.31481,7503.0
2025-08-01 10:00:00+00:00,1.31482,1.31672,1.31464,1.3167,7589.0
2025-08-01 11:00:00+00:00,1.3167,1.31739,1.31576,1.31584,7680.0
2025-08-01 12:00:00+00:00,1.31586,1.33033,1.31428,1.32846,34587.0
2025-08-01 13:00:00+00:00,1.32846,1.33106,1.32627,1.32696,39022.0
2025-08-01 14:00:00+00:00,1.32698,1.329,1.32572,1.32638,34485.0
2025-08-01 15:00:00+00:00,1.32638,1.32726,1.32445,1.3258,17757.0
2025-08-01 16:00:00+00:00,1.32581,1.32652,1.32424,1.32454,11214.0
2025-08-01 17:00:00+00:00,1.32452,1.32459,1.32159,1.32288,10535.0
2025-08-01 18:00:00+00:00,1.3229,1.3251,1.32222,1.32266,7747.0
2025-08-01 19:00:00+00:00,1.32266,1.32772,1.3225,1.32615,11089.0
2025-08-01 20:00:00+00:00,1.32616,1.32922,1.32612,1.32788,7297.0
2025-08-03 21:00:00+00:00,1.3279,1.32865,1.32774,1.32829,561.0
2025-08-03 22:00:00+00:00,1.32817,1.32856,1.32738,1.32784,3515.0
2025-08-03 23:00:00+00:00,1.32784,1.32924,1.32762,1.32913,3464.0
2025-08-04 00:00:00+00:00,1.32912,1.32934,1.32585,1.32616,11161.0
2025-08-04 01:00:00+00:00,1.32616,1.3278,1.32539,1.32767,10310.0
2025-08-04 02:00:00+00:00,1.32766,1.3285,1.3273,1.32812,7565.0
2025-08-04 03:00:00+00:00,1.32812,1.329,1.32812,1.32832,6678.0
2025-08-04 04:00:00+00:00,1.32831,1.32883,1.32779,1.32781,6130.0
2025-08-04 05:00:00+00:00,1.3278,1.32832,1.32701,1.3276,6704.0
2025-08-04 06:00:00+00:00,1.32762,1.32914,1.32692,1.32846,10583.0
2025-08-04 07:00:00+00:00,1.32846,1.32854,1.32648,1.32768,11576.0
2025-08-04 08:00:00+00:00,1.32771,1.32794,1.32658,1.3278,10060.0
2025-08-04 09:00:00+00:00,1.3278,1.33062,1.32758,1.32925,9836.0
2025-08-04 10:00:00+00:00,1.32924,1.3298,1.32708,1.32972,8340.0
2025-08-04 11:00:00+00:00,1.32972,1.33142,1.32908,1.3295,10583.0
2025-08-04 12:00:00+00:00,1.32952,1.33118,1.32826,1.3298,12394.0
2025-08-04 13:00:00+00:00,1.32978,1.33132,1.32956,1.33022,13983.0
2025-08-04 14:00:00+00:00,1.33023,1.33311,1.32878,1.32936,17608.0
2025-08-04 15:00:00+00:00,1.32935,1.32994,1.32784,1.32876,13952.0
2025-08-04 16:00:00+00:00,1.32877,1.32927,1.32777,1.32854,8562.0
2025-08-04 17:00:00+00:00,1.32855,1.32861,1.32765,1.32817,6897.0
2025-08-04 18:00:00+00:00,1.32818,1.3286,1.32734,1.32758,6896.0
2025-08-04 19:00:00+00:00,1.32757,1.32818,1.32724,1.32764,6541.0
2025-08-04 20:00:00+00:00,1.32766,1.32886,1.32748,1.32856,6146.0
2025-08-04 21:00:00+00:00,1.32882,1.32922,1.3283,1.32837,1633.0
2025-08-04 22:00:00+00:00,1.32834,1.32942,1.3281,1.32929,1783.0
2025-08-04 23:00:00+00:00,1.32931,1.32998,1.3292,1.32979,2274.0
2025-08-05 00:00:00+00:00,1.32982,1.33031,1.329,1.32991,6802.0
2025-08-05 01:00:00+00:00,1.3299,1.32998,1.32877,1.32894,9385.0
2025-08-05 02:00:00+00:00,1.32894,1.32896,1.32808,1.32844,7635.0
2025-08-05 03:00:00+00:00,1.32844,1.32852,1.32766,1.32772,5438.0
2025-08-05 04:00:00+00:00,1.32771,1.32876,1.32758,1.3286,5426.0
2025-08-05 05:00:00+00:00,1.32857,1.32858,1.32714,1.32748,5359.0
2025-08-05 06:00:00+00:00,1.3275,1.32929,1.32726,1.32791,6571.0
2025-08-05 07:00:00+00:00,1.32793,1.32955,1.32596,1.3273,10678.0
2025-08-05 08:00:00+00:00,1.3273,1.3289,1.32668,1.328,11218.0
2025-08-05 09:00:00+00:00,1.32801,1.32952,1.3277,1.32924,8665.0
2025-08-05 10:00:00+00:00,1.32923,1.32951,1.3283,1.3286,7585.0
2025-08-05 11:00:00+00:00,1.3286,1.3286,1.32664,1.32807,8287.0
2025-08-05 12:00:00+00:00,1.32808,1.32896,1.32701,1.3282,14310.0
2025-08-05 13:00:00+00:00,1.3282,1.32952,1.32688,1.32792,13884.0
2025-08-05 14:00:00+00:00,1.3279,1.3293,1.32684,1.32899,24771.0
2025-08-05 15:00:00+00:00,1.329,1.33094,1.3289,1.33074,12298.0
2025-08-05 16:00:00+00:00,1.33074,1.33163,1.33042,1.33096,7916.0
2025-08-05 17:00:00+00:00,1.33098,1.33157,1.33014,1.33044,6276.0
2025-08-05 18:00:00+00:00,1.33043,1.3306,1.32915,1.3295,7971.0
2025-08-05 19:00:00+00:00,1.32952,1.32968,1.3289,1.3296,5987.0
2025-08-05 20:00:00+00:00,1.32961,1.33016,1.32926,1.32999,3289.0
2025-08-05 21:00:00+00:00,1.32968,1.33002,1.32929,1.32972,1622.0
2025-08-05 22:00:00+00:00,1.32959,1.32991,1.3292,1.32972,1760.0
2025-08-05 23:00:00+00:00,1.32972,1.33014,1.32957,1.32984,1719.0
2025-08-06 00:00:00+00:00,1.32985,1.33062,1.32977,1.3301,5791.0
2025-08-06 01:00:00+00:00,1.3301,1.3301,1.32948,1.32982,4728.0
2025-08-06 02:00:00+00:00,1.32981,1.33049,1.32961,1.33008,5108.0
2025-08-06 03:00:00+00:00,1.33008,1.33101,1.33008,1.33094,4585.0
2025-08-06 04:00:00+00:00,1.33094,1.33142,1.33078,1.33118,4874.0
2025-08-06 05:00:00+00:00,1.33116,1.33122,1.33025,1.33054,5293.0
2025-08-06 06:00:00+00:00,1.33054,1.33092,1.33006,1.33018,7055.0
2025-08-06 07:00:00+00:00,1.33018,1.33042,1.32902,1.33032,7751.0
2025-08-06 08:00:00+00:00,1.33032,1.33034,1.32814,1.3284,7400.0
2025-08-06 09:00:00+00:00,1.3284,1.33023,1.32837,1.32982,6881.0
2025-08-06 10:00:00+00:00,1.32978,1.33239,1.32956,1.33174,9735.0
2025-08-06 11:00:00+00:00,1.33173,1.33302,1.33116,1.33178,7939.0
2025-08-06 12:00:00+00:00,1.33178,1.3321,1.3308,1.33172,8074.0
2025-08-06 13:00:00+00:00,1.33172,1.33294,1.33147,1.33258,13102.0
2025-08-06 14:00:00+00:00,1.3326,1.33324,1.3313,1.33306,13079.0
2025-08-06 15:00:00+00:00,1.33306,1.33588,1.33281,1.33584,15213.0
2025-08-06 16:00:00+00:00,1.33584,1.33624,1.33422,1.33472,11354.0
2025-08-06 17:00:00+00:00,1.33471,1.33604,1.33453,1.33558,7708.0
2025-08-06 18:00:00+00:00,1.33558,1.33684,1.33546,1.33631,6171.0
2025-08-06 19:00:00+00:00,1.33632,1.33651,1.33544,1.33572,4584.0
2025-08-06 20:00:00+00:00,1.33572,1.33604,1.33498,1.33578,4812.0
2025-08-06 21:00:00+00:00,1.33507,1.33611,1.33496,1.33578,3460.0
2025-08-06 22:00:00+00:00,1.33577,1.3361,1.33554,1.33583,2432.0
2025-08-06 23:00:00+00:00,1.33584,1.33606,1.33556,1.33576,2028.0
2025-08-07 00:00:00+00:00,1.33576,1.33584,1.33464,1.33481,5396.0
2025-08-07 01:00:00+00:00,1.33481,1.336,1.33458,1.33548,6101.0
2025-08-07 02:00:00+00:00,1.33548,1.33605,1.33498,1.33522,4096.0
2025-08-07 03:00:00+00:00,1.33522,1.33611,1.33486,1.336,4754.0
2025-08-07 04:00:00+00:00,1.336,1.3369,1.33582,1.33685,4701.0
2025-08-07 05:00:00+00:00,1.33686,1.33714,1.33634,1.33704,4567.0
2025-08-07 06:00:00+00:00,1.33707,1.3377,1.33662,1.33745,6661.0
2025-08-07 07:00:00+00:00,1.33744,1.33798,1.33678,1.33744,7909.0
2025-08-07 08:00:00+00:00,1.33742,1.33802,1.33633,1.33692,10416.0
2025-08-07 09:00:00+00:00,1.33694,1.33728,1.33648,1.33684,7270.0
2025-08-07 10:00:00+00:00,1.33684,1.33798,1.33653,1.33789,7632.0
2025-08-07 11:00:00+00:00,1.33787,1.34324,1.3375,1.34128,17012.0
2025-08-07 12:00:00+00:00,1.34129,1.34368,1.34122,1.3421,14090.0
2025-08-07 13:00:00+00:00,1.3421,1.34314,1.34146,1.34238,14631.0
2025-08-07 14:00:00+00:00,1.34236,1.34264,1.33957,1.3404,18944.0
2025-08-07 15:00:00+00:00,1.34039,1.34345,1.33906,1.34311,12699.0
2025-08-07 16:00:00+00:00,1.34312,1.34333,1.34242,1.34299,7738.0
2025-08-07 17:00:00+00:00,1.34301,1.34329,1.34191,1.34203,7401.0
2025-08-07 18:00:00+00:00,1.34204,1.34244,1.34036,1.34101,6767.0
2025-08-07 19:00:00+00:00,1.34102,1.34444,1.34074,1.34432,11801.0
2025-08-07 20:00:00+00:00,1.34432,1.34483,1.34404,1.34435,4917.0
2025-08-07 21:00:00+00:00,1.34422,1.34446,1.3438,1.34407,2486.0
2025-08-07 22:00:00+00:00,1.34406,1.345,1.34396,1.34484,2790.0
2025-08-07 23:00:00+00:00,1.34486,1.34525,1.34466,1.34514,2492.0
2025-08-08 00:00:00+00:00,1.34514,1.34535,1.34436,1.3448,6599.0
2025-08-08 01:00:00+00:00,1.34482,1.34508,1.34344,1.34372,5992.0
2025-08-08 02:00:00+00:00,1.34372,1.34454,1.34368,1.34427,3692.0
2025-08-08 03:00:00+00:00,1.34426,1.34427,1.34355,1.34392,3713.0
2025-08-08 04:00:00+00:00,1.34392,1.34399,1.34348,1.34354,3203.0
2025-08-08 05:00:00+00:00,1.34354,1.34362,1.34249,1.34258,4288.0
2025-08-08 06:00:00+00:00,1.34259,1.34317,1.34244,1.3429,4991.0
2025-08-08 07:00:00+00:00,1.34292,1.34489,1.3429,1.34421,8137.0
2025-08-08 08:00:00+00:00,1.34422,1.34511,1.34272,1.34346,8315.0
2025-08-08 09:00:00+00:00,1.34346,1.34534,1.34328,1.34472,8315.0
2025-08-08 10:00:00+00:00,1.3447,1.34483,1.34324,1.34422,6677.0
2025-08-08 11:00:00+00:00,1.34422,1.34524,1.3437,1.34407,7313.0
2025-08-08 12:00:00+00:00,1.34405,1.34418,1.3418,1.34231,10042.0
2025-08-08 13:00:00+00:00,1.34233,1.34416,1.34232,1.3428,11248.0
2025-08-08 14:00:00+00:00,1.34277,1.34478,1.34254,1.34384,11766.0
2025-08-08 15:00:00+00:00,1.34384,1.34544,1.34366,1.34424,8641.0
2025-08-08 16:00:00+00:00,1.34424,1.34477,1.3439,1.34476,6792.0
2025-08-08 17:00:00+00:00,1.34474,1.34592,1.34442,1.34541,4915.0
2025-08-08 18:00:00+00:00,1.34542,1.34564,1.3446,1.34532,7388.0
2025-08-08 19:00:00+00:00,1.3453,1.34533,1.3443,1.34501,4916.0
2025-08-08 20:00:00+00:00,1.345,1.3454,1.34442,1.34512,3780.0
2025-08-10 21:00:00+00:00,1.34503,1.34532,1.34373,1.34412,511.0
2025-08-10 22:00:00+00:00,1.34412,1.3451,1.34408,1.34426,1029.0
2025-08-10 23:00:00+00:00,1.34428,1.34477,1.34413,1.34434,1704.0
2025-08-11 00:00:00+00:00,1.34433,1.34454,1.34368,1.34429,4641.0
2025-08-11 01:00:00+00:00,1.3443,1.34514,1.34409,1.34514,4951.0
2025-08-11 02:00:00+00:00,1.34514,1.3459,1.34514,1.34558,4932.0
2025-08-11 03:00:00+00:00,1.34557,1.34664,1.34544,1.34656,3966.0
2025-08-11 04:00:00+00:00,1.34655,1.34684,1.34636,1.34666,2737.0
2025-08-11 05:00:00+00:00,1.34666,1.34694,1.34635,1.34682,3740.0
2025-08-11 06:00:00+00:00,1.34682,1.3477,1.34651,1.34687,5545.0
2025-08-11 07:00:00+00:00,1.34685,1.34685,1.34482,1.34538,7916.0
2025-08-11 08:00:00+00:00,1.34538,1.34668,1.3452,1.34644,6549.0
2025-08-11 09:00:00+00:00,1.34644,1.34694,1.34472,1.34534,6287.0
2025-08-11 10:00:00+00:00,1.34536,1.34588,1.34452,1.34462,5329.0
2025-08-11 11:00:00+00:00,1.3446,1.34476,1.34254,1.34302,8251.0
2025-08-11 12:00:00+00:00,1.34302,1.34327,1.34124,1.34232,9168.0
2025-08-11 13:00:00+00:00,1.34232,1.34268,1.34194,1.34212,8794.0
2025-08-11 14:00:00+00:00,1.34212,1.34219,1.33992,1.34072,10826.0
2025-08-11 15:00:00+00:00,1.34074,1.3417,1.34023,1.34146,7823.0
2025-08-11 16:00:00+00:00,1.34148,1.3426,1.34146,1.34246,6621.0
2025-08-11 17:00:00+00:00,1.34248,1.34322,1.34176,1.34303,5801.0
2025-08-11 18:00:00+00:00,1.34304,1.34374,1.3428,1.34356,6053.0
2025-08-11 19:00:00+00:00,1.34356,1.34356,1.34236,1.34276,4758.0
2025-08-11 20:00:00+00:00,1.34275,1.34358,1.3427,1.34318,2875.0
2025-08-11 21:00:00+00:00,1.34339,1.34364,1.3427,1.34314,2047.0
2025-08-11 22:00:00+00:00,1.34315,1.34342,1.34296,1.34336,1027.0
2025-08-11 23:00:00+00:00,1.34338,1.34352,1.34322,1.34338,1356.0
2025-08-12 00:00:00+00:00,1.34336,1.34376,1.34284,1.34304,5704.0
2025-08-12 01:00:00+00:00,1.34304,1.34385,1.34282,1.34312,5182.0
2025-08-12 02:00:00+00:00,1.34312,1.34376,1.34302,1.34375,4595.0
2025-08-12 03:00:00+00:00,1.34376,1.34399,1.34314,1.3433,4451.0
2025-08-12 04:00:00+00:00,1.34328,1.34386,1.34244,1.34383,5631.0
2025-08-12 05:00:00+00:00,1.34384,1.34404,1.34206,1.34242,7573.0
2025-08-12 06:00:00+00:00,1.34238,1.34466,1.34226,1.34338,9940.0
2025-08-12 07:00:00+00:00,1.34341,1.34602,1.34316,1.3459,9504.0
2025-08-12 08:00:00+00:00,1.3459,1.34714,1.34476,1.34691,8698.0
2025-08-12 09:00:00+00:00,1.3469,1.34726,1.34528,1.34596,7260.0
2025-08-12 10:00:00+00:00,1.34596,1.3464,1.34556,1.34572,5865.0
2025-08-12 11:00:00+00:00,1.34573,1.34594,1.34465,1.34574,7167.0
2025-08-12 12:00:00+00:00,1.34574,1.35098,1.34522,1.34856,27365.0
2025-08-12 13:00:00+00:00,1.34858,1.35006,1.34632,1.34881,29998.0
2025-08-12 14:00:00+00:00,1.34882,1.34976,1.34788,1.34882,15809.0
2025-08-12 15:00:00+00:00,1.3488,1.35238,1.34861,1.35066,15352.0
2025-08-12 16:00:00+00:00,1.35066,1.35213,1.34998,1.35156,11892.0
2025-08-12 17:00:00+00:00,1.35158,1.3516,1.3507,1.35073,8621.0
2025-08-12 18:00:00+00:00,1.35074,1.35114,1.34922,1.34958,6010.0
2025-08-12 19:00:00+00:00,1.34956,1.3497,1.34882,1.34957,4864.0
2025-08-12 20:00:00+00:00,1.34956,1.35007,1.34926,1.35006,3826.0
2025-08-12 21:00:00+00:00,1.35046,1.35046,1.34976,1.35,2325.0
2025-08-12 22:00:00+00:00,1.35,1.3502,1.34978,1.35005,2578.0
2025-08-12 23:00:00+00:00,1.35004,1.35064,1.34999,1.35045,1494.0
2025-08-13 00:00:00+00:00,1.35044,1.35062,1.34973,1.35026,4657.0
2025-08-13 01:00:00+00:00,1.35026,1.3508,1.34976,1.3499,5936.0
2025-08-13 02:00:00+00:00,1.34989,1.35048,1.34929,1.35032,4556.0
2025-08-13 03:00:00+00:00,1.35029,1.35066,1.35012,1.35033,3191.0
2025-08-13 04:00:00+00:00,1.35032,1.35058,1.35014,1.35048,3109.0
2025-08-13 05:00:00+00:00,1.35049,1.35078,1.34997,1.35072,4189.0
2025-08-13 06:00:00+00:00,1.35073,1.35174,1.35069,1.3516,6472.0
2025-08-13 07:00:00+00:00,1.3516,1.35474,1.3516,1.35446,8506.0
2025-08-13 08:00:00+00:00,1.35444,1.35632,1.35434,1.35573,8456.0
2025-08-13 09:00:00+00:00,1.35575,1.35782,1.35564,1.35764,6643.0
2025-08-13 10:00:00+00:00,1.35762,1.35786,1.35662,1.35684,7680.0
2025-08-13 11:00:00+00:00,1.35685,1.35784,1.35652,1.35768,6821.0
2025-08-13 12:00:00+00:00,1.35768,1.35796,1.35591,1.35606,9158.0
2025-08-13 13:00:00+00:00,1.35604,1.35775,1.35538,1.3574,10067.0
2025-08-13 14:00:00+00:00,1.35739,1.35852,1.35694,1.35719,11370.0
2025-08-13 15:00:00+00:00,1.3572,1.35758,1.35616,1.35711,10131.0
2025-08-13 16:00:00+00:00,1.35712,1.35791,1.35685,1.35734,6418.0
2025-08-13 17:00:00+00:00,1.35734,1.35774,1.3568,1.35706,5226.0
2025-08-13 18:00:00+00:00,1.35706,1.35716,1.35637,1.35674,5015.0
2025-08-13 19:00:00+00:00,1.35673,1.35746,1.35641,1.35738,3983.0
2025-08-13 20:00:00+00:00,1.35737,1.3581,1.35731,1.35777,2297.0
2025-08-13 21:00:00+00:00,1.35701,1.35764,1.35701,1.35737,1597.0
2025-08-13 22:00:00+00:00,1.35742,1.35807,1.35739,1.35805,2276.0
2025-08-13 23:00:00+00:00,1.35804,1.35856,1.358,1.35854,1554.0
2025-08-14 00:00:00+00:00,1.35854,1.35876,1.35819,1.3586,5064.0
2025-08-14 01:00:00+00:00,1.3586,1.35921,1.35824,1.35836,7891.0
2025-08-14 02:00:00+00:00,1.35837,1.3585,1.35726,1.35778,6720.0
2025-08-14 03:00:00+00:00,1.35779,1.35782,1.3571,1.35738,6102.0
2025-08-14 04:00:00+00:00,1.35734,1.35779,1.35718,1.35758,2706.0
2025-08-14 05:00:00+00:00,1.35758,1.3577,1.35688,1.35734,4872.0
2025-08-14 06:00:00+00:00,1.35744,1.35914,1.35698,1.35792,9548.0
2025-08-14 07:00:00+00:00,1.35793,1.35916,1.35689,1.35734,11843.0
2025-08-14 08:00:00+00:00,1.35734,1.35834,1.35632,1.35722,8651.0
2025-08-14 09:00:00+00:00,1.35722,1.35924,1.35688,1.3578,7723.0
2025-08-14 10:00:00+00:00,1.35778,1.3595,1.3575,1.35808,7604.0
2025-08-14 11:00:00+00:00,1.35809,1.3584,1.35726,1.35742,6589.0
2025-08-14 12:00:00+00:00,1.35744,1.35826,1.35464,1.3553,18537.0
2025-08-14 13:00:00+00:00,1.35529,1.35564,1.35348,1.35352,15344.0
2025-08-14 14:00:00+00:00,1.35352,1.35572,1.35337,1.3556,12058.0
2025-08-14 15:00:00+00:00,1.3556,1.35569,1.35273,1.35299,10800.0
2025-08-14 16:00:00+00:00,1.353,1.35316,1.3521,1.35233,8298.0
2025-08-14 17:00:00+00:00,1.35234,1.35334,1.35232,1.3532,6335.0
2025-08-14 18:00:00+00:00,1.35321,1.35341,1.35244,1.3533,4988.0
2025-08-14 19:00:00+00:00,1.35332,1.35394,1.35322,1.3537,3878.0
2025-08-14 20:00:00+00:00,1.3537,1.35388,1.35299,1.353,3072.0
2025-08-14 21:00:00+00:00,1.35334,1.35358,1.35273,1.35295,1859.0
2025-08-14 22:00:00+00:00,1.35292,1.35326,1.3527,1.35288,1007.0
2025-08-14 23:00:00+00:00,1.35289,1.35317,1.35262,1.353,1517.0
2025-08-15 00:00:00+00:00,1.35302,1.35356,1.35274,1.35347,6214.0
2025-08-15 01:00:00+00:00,1.35348,1.35402,1.35312,1.35374,6265.0
2025-08-15 02:00:00+00:00,1.35373,1.35446,1.35354,1.35434,5397.0
2025-08-15 03:00:00+00:00,1.35434,1.35512,1.35434,1.35476,5653.0
2025-08-15 04:00:00+00:00,1.35477,1.355,1.35448,1.35477,4046.0
2025-08-15 05:00:00+00:00,1.35478,1.3553,1.35442,1.35518,3850.0
2025-08-15 06:00:00+00:00,1.35518,1.35548,1.35426,1.35529,5369.0
2025-08-15 07:00:00+00:00,1.35528,1.35604,1.35476,1.35552,7168.0
2025-08-15 08:00:00+00:00,1.35551,1.35582,1.35466,1.35466,5701.0
2025-08-15 09:00:00+00:00,1.35463,1.3558,1.3546,1.3557,6163.0
2025-08-15 10:00:00+00:00,1.35572,1.35635,1.35518,1.35592,6197.0
2025-08-15 11:00:00+00:00,1.35592,1.35643,1.35552,1.35598,5109.0
2025-08-15 12:00:00+00:00,1.35598,1.35697,1.35458,1.35611,11464.0
2025-08-15 13:00:00+00:00,1.35612,1.35753,1.35541,1.35666,12256.0
2025-08-15 14:00:00+00:00,1.35664,1.35724,1.35578,1.35596,14101.0
2025-08-15 15:00:00+00:00,1.35596,1.35714,1.35587,1.35626,8735.0
2025-08-15 16:00:00+00:00,1.35628,1.35642,1.35543,1.35576,5731.0
2025-08-15 17:00:00+00:00,1.35576,1.35592,1.35522,1.35555,4835.0
2025-08-15 18:00:00+00:00,1.35556,1.35574,1.35512,1.35539,5087.0
2025-08-15 19:00:00+00:00,1.3554,1.35568,1.35502,1.35553,2743.0
2025-08-15 20:00:00+00:00,1.35552,1.35586,1.35484,1.35524,4949.0
2025-08-17 21:00:00+00:00,1.35552,1.35673,1.35522,1.35653,302.0
2025-08-17 22:00:00+00:00,1.35667,1.35667,1.35577,1.35618,1231.0
2025-08-17 23:00:00+00:00,1.3562,1.35624,1.35541,1.35561,1877.0
2025-08-18 00:00:00+00:00,1.3556,1.35623,1.35526,1.35532,4448.0
2025-08-18 01:00:00+00:00,1.3553,1.35609,1.355,1.35588,5112.0
2025-08-18 02:00:00+00:00,1.3559,1.35606,1.35492,1.35501,3207.0
2025-08-18 03:00:00+00:00,1.35498,1.35575,1.35498,1.35564,3297.0
2025-08-18 04:00:00+00:00,1.35562,1.35652,1.35554,1.35632,3718.0
2025-08-18 05:00:00+00:00,1.35632,1.35643,1.35592,1.35614,3804.0
2025-08-18 06:00:00+00:00,1.35612,1.35635,1.35408,1.35454,6140.0
2025-08-18 07:00:00+00:00,1.35456,1.35544,1.35382,1.3539,7735.0
2025-08-18 08:00:00+00:00,1.3539,1.35543,1.3531,1.35464,8096.0
2025-08-18 09:00:00+00:00,1.35464,1.35506,1.35392,1.354,6599.0
2025-08-18 10:00:00+00:00,1.354,1.35463,1.3537,1.35382,5267.0
2025-08-18 11:00:00+00:00,1.35382,1.35476,1.35354,1.35382,5478.0
2025-08-18 12:00:00+00:00,1.35383,1.3544,1.35358,1.3544,6587.0
2025-08-18 13:00:00+00:00,1.3544,1.35466,1.35359,1.35381,7918.0
2025-08-18 14:00:00+00:00,1.35382,1.35446,1.3513,1.35162,10792.0
2025-08-18 15:00:00+00:00,1.35161,1.35226,1.35112,1.35195,8249.0
2025-08-18 16:00:00+00:00,1.35194,1.35216,1.35072,1.35091,6320.0
2025-08-18 17:00:00+00:00,1.35092,1.35158,1.35072,1.35098,5225.0
2025-08-18 18:00:00+00:00,1.35096,1.35102,1.3503,1.35054,3700.0
2025-08-18 19:00:00+00:00,1.35054,1.35124,1.35053,1.35064,4089.0
2025-08-18 20:00:00+00:00,1.35061,1.35082,1.35016,1.35033,2313.0
2025-08-18 21:00:00+00:00,1.35111,1.35158,1.35026,1.3509,4421.0
2025-08-18 22:00:00+00:00,1.35105,1.3514,1.35024,1.35086,1602.0
2025-08-18 23:00:00+00:00,1.35087,1.35089,1.35016,1.3508,1912.0
2025-08-19 00:00:00+00:00,1.3508,1.35102,1.3501,1.35026,7312.0
2025-08-19 01:00:00+00:00,1.35026,1.35043,1.3487,1.34958,7817.0
2025-08-19 02:00:00+00:00,1.34958,1.3502,1.34938,1.34988,5412.0
2025-08-19 03:00:00+00:00,1.34988,1.3505,1.3497,1.35009,4949.0
2025-08-19 04:00:00+00:00,1.35008,1.35066,1.34972,1.35053,4576.0
2025-08-19 05:00:00+00:00,1.35052,1.35098,1.3498,1.35,5421.0
2025-08-19 06:00:00+00:00,1.35001,1.35149,1.34965,1.35144,6962.0
2025-08-19 07:00:00+00:00,1.35144,1.35229,1.35138,1.3521,8501.0
2025-08-19 08:00:00+00:00,1.35212,1.35228,1.35135,1.35199,6692.0
2025-08-19 09:00:00+00:00,1.352,1.3524,1.35107,1.3518,5457.0
2025-08-19 10:00:00+00:00,1.3518,1.35314,1.35166,1.35226,5932.0
2025-08-19 11:00:00+00:00,1.35224,1.35264,1.35142,1.35214,5572.0
2025-08-19 12:00:00+00:00,1.35214,1.3526,1.35035,1.35096,8577.0
2025-08-19 13:00:00+00:00,1.35092,1.35126,1.34962,1.3511,9346.0
2025-08-19 14:00:00+00:00,1.35108,1.3516,1.34956,1.35025,9055.0
2025-08-19 15:00:00+00:00,1.35026,1.35058,1.34906,1.34932,7487.0
2025-08-19 16:00:00+00:00,1.34932,1.34956,1.34855,1.34894,7795.0
2025-08-19 17:00:00+00:00,1.34895,1.34958,1.3486,1.349,5301.0
2025-08-19 18:00:00+00:00,1.349,1.34906,1.34779,1.34854,4393.0
2025-08-19 19:00:00+00:00,1.34854,1.34908,1.3482,1.34897,3826.0
2025-08-19 20:00:00+00:00,1.349,1.3493,1.3488,1.34927,2525.0
2025-08-19 21:00:00+00:00,1.34915,1.34924,1.34871,1.34896,3747.0
2025-08-19 22:00:00+00:00,1.3489,1.3493,1.34884,1.34912,1709.0
2025-08-19 23:00:00+00:00,1.34912,1.34914,1.34846,1.34848,4488.0
2025-08-20 00:00:00+00:00,1.34848,1.34862,1.3475,1.34803,5852.0
2025-08-20 01:00:00+00:00,1.34804,1.34836,1.34706,1.34735,6801.0
2025-08-20 02:00:00+00:00,1.34734,1.34734,1.3462,1.34671,8234.0
2025-08-20 03:00:00+00:00,1.3467,1.3477,1.3467,1.34725,5711.0
2025-08-20 04:00:00+00:00,1.34724,1.34786,1.34721,1.34746,3230.0
2025-08-20 05:00:00+00:00,1.34746,1.34882,1.3472,1.34872,4081.0
2025-08-20 06:00:00+00:00,1.34862,1.35091,1.34838,1.34892,11493.0
2025-08-20 07:00:00+00:00,1.34892,1.35094,1.3489,1.3509,8400.0
2025-08-20 08:00:00+00:00,1.3509,1.35094,1.34908,1.3501,7496.0
2025-08-20 09:00:00+00:00,1.35008,1.35054,1.3497,1.35012,6078.0
2025-08-20 10:00:00+00:00,1.35012,1.35042,1.34904,1.34946,5137.0
2025-08-20 11:00:00+00:00,1.34946,1.34963,1.3472,1.34722,4438.0
2025-08-20 12:00:00+00:00,1.34724,1.3496,1.34724,1.34891,9507.0
2025-08-20 13:00:00+00:00,1.3489,1.34918,1.34703,1.3478,9302.0
2025-08-20 14:00:00+00:00,1.34779,1.34841,1.3461,1.34732,11810.0
2025-08-20 15:00:00+00:00,1.34734,1.34742,1.34473,1.34491,8554.0
2025-08-20 16:00:00+00:00,1.3449,1.34632,1.3449,1.34607,6720.0
2025-08-20 17:00:00+00:00,1.34608,1.34707,1.34592,1.34694,6109.0
2025-08-20 18:00:00+00:00,1.34696,1.34696,1.34508,1.34522,6228.0
2025-08-20 19:00:00+00:00,1.34522,1.34571,1.34484,1.34544,4172.0
2025-08-20 20:00:00+00:00,1.34544,1.34581,1.34498,1.34552,2527.0
2025-08-20 21:00:00+00:00,1.34614,1.34621,1.3455,1.34566,2653.0
2025-08-20 22:00:00+00:00,1.34563,1.34582,1.34544,1.34556,2762.0
2025-08-20 23:00:00+00:00,1.34552,1.34669,1.34508,1.34662,2142.0
2025-08-21 00:00:00+00:00,1.3466,1.3466,1.34514,1.34569,6613.0
2025-08-21 01:00:00+00:00,1.34568,1.34649,1.34532,1.34588,5856.0
2025-08-21 02:00:00+00:00,1.34586,1.346,1.34509,1.34513,4426.0
2025-08-21 03:00:00+00:00,1.34512,1.34564,1.3448,1.3454,3736.0
2025-08-21 04:00:00+00:00,1.3454,1.34554,1.34517,1.34524,2537.0
2025-08-21 05:00:00+00:00,1.34523,1.34542,1.34484,1.34538,4176.0
2025-08-21 06:00:00+00:00,1.34536,1.3459,1.34415,1.34456,6574.0
2025-08-21 07:00:00+00:00,1.34456,1.34576,1.34354,1.34558,8796.0
2025-08-21 08:00:00+00:00,1.34558,1.34732,1.34509,1.34662,7634.0
2025-08-21 09:00:00+00:00,1.34661,1.34829,1.34654,1.34756,6679.0
2025-08-21 10:00:00+00:00,1.34756,1.34758,1.34655,1.34735,6206.0
2025-08-21 11:00:00+00:00,1.34736,1.3475,1.34544,1.34545,6494.0
2025-08-21 12:00:00+00:00,1.34546,1.34738,1.3442,1.34463,10452.0
2025-08-21 13:00:00+00:00,1.34462,1.34596,1.3424,1.34263,13939.0
2025-08-21 14:00:00+00:00,1.34264,1.3444,1.34238,1.34264,14366.0
2025-08-21 15:00:00+00:00,1.34264,1.34348,1.341,1.34146,14287.0
2025-08-21 16:00:00+00:00,1.34146,1.34219,1.34056,1.34192,8613.0
2025-08-21 17:00:00+00:00,1.34195,1.3427,1.34184,1.34227,5872.0
2025-08-21 18:00:00+00:00,1.34226,1.34249,1.34174,1.34186,5809.0
2025-08-21 19:00:00+00:00,1.34186,1.34196,1.34124,1.34128,3805.0
2025-08-21 20:00:00+00:00,1.34126,1.34158,1.34116,1.34134,1458.0
2025-08-21 21:00:00+00:00,1.34104,1.34142,1.34102,1.34116,888.0
2025-08-21 22:00:00+00:00,1.34105,1.34185,1.34105,1.34178,1087.0
2025-08-21 23:00:00+00:00,1.34178,1.34199,1.34141,1.34181,1729.0
2025-08-22 00:00:00+00:00,1.3418,1.34204,1.3415,1.34202,4971.0
2025-08-22 01:00:00+00:00,1.34202,1.34236,1.34076,1.3411,7403.0
2025-08-22 02:00:00+00:00,1.3411,1.34165,1.34086,1.34117,6059.0
2025-08-22 03:00:00+00:00,1.34118,1.34138,1.34004,1.34016,5332.0
2025-08-22 04:00:00+00:00,1.34016,1.34048,1.33933,1.33941,4264.0
2025-08-22 05:00:00+00:00,1.3394,1.33978,1.33923,1.33943,5583.0
2025-08-22 06:00:00+00:00,1.3394,1.34048,1.33906,1.3402,8110.0
2025-08-22 07:00:00+00:00,1.3402,1.34106,1.34016,1.34061,7299.0
2025-08-22 08:00:00+00:00,1.34064,1.34148,1.34052,1.34136,6047.0
2025-08-22 09:00:00+00:00,1.34136,1.34192,1.34108,1.34115,6264.0
2025-08-22 10:00:00+00:00,1.34114,1.34156,1.34074,1.34108,5289.0
2025-08-22 11:00:00+00:00,1.34109,1.34188,1.34102,1.34154,6407.0
2025-08-22 12:00:00+00:00,1.34156,1.34207,1.34115,1.34133,8031.0
2025-08-22 13:00:00+00:00,1.34134,1.34324,1.34124,1.34232,9831.0
2025-08-22 14:00:00+00:00,1.34234,1.35248,1.34234,1.35248,41835.0
2025-08-22 15:00:00+00:00,1.35248,1.35444,1.35218,1.35254,16830.0
2025-08-22 16:00:00+00:00,1.35252,1.3539,1.35214,1.35256,12207.0
2025-08-22 17:00:00+00:00,1.35256,1.35444,1.35256,1.35368,10165.0
2025-08-22 18:00:00+00:00,1.35367,1.35403,1.3523,1.35255,8502.0
2025-08-22 19:00:00+00:00,1.35256,1.35265,1.35174,1.35188,3991.0
2025-08-22 20:00:00+00:00,1.35187,1.35298,1.35182,1.35275,4308.0
2025-08-24 21:00:00+00:00,1.35193,1.3529,1.35152,1.35176,3913.0
2025-08-24 22:00:00+00:00,1.35176,1.35254,1.35136,1.35158,1543.0
2025-08-24 23:00:00+00:00,1.3516,1.35178,1.35082,1.35086,2696.0
2025-08-25 00:00:00+00:00,1.35087,1.35094,1.3495,1.34976,4256.0
2025-08-25 01:00:00+00:00,1.34976,1.35018,1.34899,1.34939,5821.0
2025-08-25 02:00:00+00:00,1.3494,1.35014,1.34913,1.35,4053.0
2025-08-25 03:00:00+00:00,1.34999,1.35124,1.34999,1.35114,2813.0
2025-08-25 04:00:00+00:00,1.35114,1.35152,1.35094,1.35118,2881.0
2025-08-25 05:00:00+00:00,1.35116,1.3512,1.35072,1.35112,3389.0
2025-08-25 06:00:00+00:00,1.35113,1.35275,1.35113,1.35198,6438.0
2025-08-25 07:00:00+00:00,1.35197,1.35198,1.3503,1.35038,6317.0
2025-08-25 08:00:00+00:00,1.35036,1.3509,1.35024,1.35034,5513.0
2025-08-25 09:00:00+00:00,1.35032,1.35049,1.34924,1.3495,4203.0
2025-08-25 10:00:00+00:00,1.3495,1.34967,1.34841,1.34907,4676.0
2025-08-25 11:00:00+00:00,1.34908,1.35197,1.34904,1.35196,5514.0
2025-08-25 12:00:00+00:00,1.35197,1.35208,1.34993,1.35048,6064.0
2025-08-25 13:00:00+00:00,1.35048,1.35132,1.35004,1.35088,8394.0
2025-08-25 14:00:00+00:00,1.35088,1.35118,1.35004,1.35025,10831.0
2025-08-25 15:00:00+00:00,1.35024,1.35032,1.34847,1.34892,11369.0
2025-08-25 16:00:00+00:00,1.34894,1.3493,1.3485,1.34882,9476.0
2025-08-25 17:00:00+00:00,1.3488,1.349,1.34775,1.34794,7983.0
2025-08-25 18:00:00+00:00,1.34794,1.34812,1.34581,1.34607,7718.0
2025-08-25 19:00:00+00:00,1.34608,1.3462,1.34462,1.3454,7352.0
2025-08-25 20:00:00+00:00,1.34539,1.3462,1.34526,1.34542,3475.0
2025-08-25 21:00:00+00:00,1.34588,1.34685,1.34502,1.34577,4108.0
2025-08-25 22:00:00+00:00,1.34576,1.34582,1.34534,1.34559,1266.0
2025-08-25 23:00:00+00:00,1.34562,1.34576,1.345,1.34547,1574.0
2025-08-26 00:00:00+00:00,1.34548,1.34906,1.34482,1.34811,18929.0
2025-08-26 01:00:00+00:00,1.34808,1.3483,1.34674,1.34719,10336.0
2025-08-26 02:00:00+00:00,1.34718,1.34772,1.34615,1.34647,7153.0
2025-08-26 03:00:00+00:00,1.34648,1.34648,1.34508,1.34517,7197.0
2025-08-26 04:00:00+00:00,1.34516,1.34586,1.34504,1.34571,4417.0
2025-08-26 05:00:00+00:00,1.3457,1.34682,1.34538,1.34656,6997.0
2025-08-26 06:00:00+00:00,1.34658,1.3466,1.34458,1.34596,11726.0
2025-08-26 07:00:00+00:00,1.34596,1.34639,1.34346,1.34558,13464.0
2025-08-26 08:00:00+00:00,1.34558,1.34698,1.34557,1.34637,10893.0
2025-08-26 09:00:00+00:00,1.34634,1.34814,1.34614,1.34798,8329.0
2025-08-26 10:00:00+00:00,1.348,1.34822,1.34724,1.34791,7161.0
2025-08-26 11:00:00+00:00,1.34792,1.34934,1.34767,1.3488,7163.0
2025-08-26 12:00:00+00:00,1.3488,1.34927,1.34772,1.34788,11004.0
2025-08-26 13:00:00+00:00,1.34791,1.34828,1.34705,1.3481,11930.0
2025-08-26 14:00:00+00:00,1.34811,1.34898,1.34704,1.34786,15058.0
2025-08-26 15:00:00+00:00,1.34786,1.34898,1.34755,1.34818,10333.0
2025-08-26 16:00:00+00:00,1.34818,1.3493,1.3477,1.34776,7880.0
2025-08-26 17:00:00+00:00,1.34778,1.34808,1.34726,1.34727,6436.0
2025-08-26 18:00:00+00:00,1.34725,1.34822,1.34684,1.34796,6282.0
2025-08-26 19:00:00+00:00,1.34797,1.34858,1.34784,1.34788,4487.0
2025-08-26 20:00:00+00:00,1.34786,1.34786,1.34729,1.34776,3013.0
2025-08-26 21:00:00+00:00,1.34802,1.34824,1.34768,1.34808,11425.0
2025-08-26 22:00:00+00:00,1.34808,1.34828,1.34768,1.3481,1611.0
2025-08-26 23:00:00+00:00,1.3481,1.34814,1.34754,1.3477,2313.0
2025-08-27 00:00:00+00:00,1.34769,1.34782,1.3469,1.34716,5733.0
2025-08-27 01:00:00+00:00,1.34717,1.3475,1.34689,1.347,7685.0
2025-08-27 02:00:00+00:00,1.347,1.34708,1.34602,1.34626,5903.0
2025-08-27 03:00:00+00:00,1.34625,1.34666,1.34556,1.34577,4262.0
2025-08-27 04:00:00+00:00,1.34579,1.34582,1.34471,1.34486,4644.0
2025-08-27 05:00:00+00:00,1.34486,1.34561,1.3447,1.3456,4431.0
2025-08-27 06:00:00+00:00,1.34562,1.34658,1.34526,1.34641,5719.0
2025-08-27 07:00:00+00:00,1.34642,1.34659,1.34416,1.34535,9058.0
2025-08-27 08:00:00+00:00,1.34533,1.34536,1.34307,1.34452,9059.0
2025-08-27 09:00:00+00:00,1.34453,1.345,1.34404,1.34416,5995.0
2025-08-27 10:00:00+00:00,1.34414,1.3442,1.34213,1.34223,6728.0
2025-08-27 11:00:00+00:00,1.34224,1.34354,1.34166,1.34308,7125.0
2025-08-27 12:00:00+00:00,1.34308,1.34452,1.34308,1.34416,8398.0
2025-08-27 13:00:00+00:00,1.34416,1.34559,1.3436,1.34472,10033.0
2025-08-27 14:00:00+00:00,1.34471,1.34614,1.34438,1.34604,11557.0
2025-08-27 15:00:00+00:00,1.34604,1.34736,1.34604,1.34664,9619.0
2025-08-27 16:00:00+00:00,1.34663,1.34975,1.34663,1.34963,8633.0
2025-08-27 17:00:00+00:00,1.34964,1.35022,1.34931,1.35016,7247.0
2025-08-27 18:00:00+00:00,1.35016,1.35016,1.34906,1.34976,5652.0
2025-08-27 19:00:00+00:00,1.34975,1.3499,1.34935,1.34978,4166.0
2025-08-27 20:00:00+00:00,1.34978,1.34996,1.34937,1.34985,4162.0
2025-08-27 21:00:00+00:00,1.34952,1.3499,1.34934,1.34967,1518.0
2025-08-27 22:00:00+00:00,1.34962,1.35012,1.34962,1.34994,1464.0
2025-08-27 23:00:00+00:00,1.34994,1.35064,1.34984,1.35039,1888.0
2025-08-28 00:00:00+00:00,1.35038,1.35054,1.34974,1.3505,5334.0
2025-08-28 01:00:00+00:00,1.35051,1.35124,1.3501,1.35044,5425.0
2025-08-28 02:00:00+00:00,1.35045,1.35182,1.35039,1.35165,4904.0
2025-08-28 03:00:00+00:00,1.35164,1.35186,1.35078,1.3508,3047.0
2025-08-28 04:00:00+00:00,1.3508,1.35094,1.35033,1.35044,3256.0
2025-08-28 05:00:00+00:00,1.35044,1.35062,1.34999,1.35044,3906.0
2025-08-28 06:00:00+00:00,1.35044,1.35134,1.35024,1.3504,6601.0
2025-08-28 07:00:00+00:00,1.3504,1.35071,1.3488,1.34994,9199.0
2025-08-28 08:00:00+00:00,1.34992,1.35014,1.34834,1.34992,8911.0
2025-08-28 09:00:00+00:00,1.34992,1.35074,1.34988,1.35018,6417.0
2025-08-28 10:00:00+00:00,1.35018,1.35265,1.34998,1.35214,8715.0
2025-08-28 11:00:00+00:00,1.3521,1.35248,1.35122,1.35146,6683.0
2025-08-28 12:00:00+00:00,1.35147,1.35195,1.34976,1.35033,15198.0
2025-08-28 13:00:00+00:00,1.35035,1.35114,1.34892,1.35066,13438.0
2025-08-28 14:00:00+00:00,1.35068,1.35272,1.35017,1.35118,13569.0
2025-08-28 15:00:00+00:00,1.35117,1.35182,1.3505,1.35148,10751.0
2025-08-28 16:00:00+00:00,1.35148,1.35248,1.35136,1.35224,7433.0
2025-08-28 17:00:00+00:00,1.35222,1.35308,1.35183,1.35213,7271.0
2025-08-28 18:00:00+00:00,1.35212,1.35228,1.35136,1.3516,5107.0
2025-08-28 19:00:00+00:00,1.3516,1.35172,1.35107,1.35122,3692.0
2025-08-28 20:00:00+00:00,1.35121,1.35128,1.35072,1.35124,3618.0
2025-08-28 21:00:00+00:00,1.35108,1.35123,1.35086,1.35106,2187.0
2025-08-28 22:00:00+00:00,1.35104,1.35114,1.35067,1.35072,2716.0
2025-08-28 23:00:00+00:00,1.35072,1.35113,1.35072,1.35083,1792.0
2025-08-29 00:00:00+00:00,1.35082,1.35112,1.35032,1.35087,5642.0
2025-08-29 01:00:00+00:00,1.3509,1.35116,1.34958,1.34986,8986.0
2025-08-29 02:00:00+00:00,1.34986,1.35048,1.34986,1.35022,6696.0
2025-08-29 03:00:00+00:00,1.35022,1.35025,1.3496,1.34988,4814.0
2025-08-29 04:00:00+00:00,1.34987,1.35032,1.34944,1.35032,3964.0
2025-08-29 05:00:00+00:00,1.35032,1.35033,1.3493,1.34999,5171.0
2025-08-29 06:00:00+00:00,1.35,1.35024,1.349,1.34908,7172.0
2025-08-29 07:00:00+00:00,1.34906,1.34951,1.34838,1.34913,7335.0
2025-08-29 08:00:00+00:00,1.34912,1.34943,1.347,1.34775,8956.0
2025-08-29 09:00:00+00:00,1.34776,1.3479,1.34597,1.346,7993.0
2025-08-29 10:00:00+00:00,1.34599,1.34656,1.34541,1.3462,7512.0
2025-08-29 11:00:00+00:00,1.34618,1.34622,1.34506,1.34535,6576.0
2025-08-29 12:00:00+00:00,1.34538,1.34627,1.34465,1.34606,10949.0
2025-08-29 13:00:00+00:00,1.34605,1.34701,1.34468,1.34691,11525.0
2025-08-29 14:00:00+00:00,1.34693,1.35144,1.34681,1.35098,16937.0
2025-08-29 15:00:00+00:00,1.35098,1.35164,1.35031,1.35076,11919.0
2025-08-29 16:00:00+00:00,1.35077,1.3514,1.34996,1.35081,8463.0
2025-08-29 17:00:00+00:00,1.3508,1.35082,1.35018,1.35032,4970.0
2025-08-29 18:00:00+00:00,1.35032,1.35112,1.34997,1.35104,6446.0
2025-08-29 19:00:00+00:00,1.35102,1.35156,1.35057,1.35154,3054.0
2025-08-29 20:00:00+00:00,1.35155,1.35171,1.35001,1.35047,3431.0
2025-08-31 21:00:00+00:00,1.34974,1.35117,1.34972,1.35044,649.0
2025-08-31 22:00:00+00:00,1.35042,1.35082,1.3502,1.3503,1327.0
2025-08-31 23:00:00+00:00,1.3503,1.35054,1.35005,1.35034,1431.0
2025-09-01 00:00:00+00:00,1.35033,1.35195,1.35024,1.35184,6047.0
2025-09-01 01:00:00+00:00,1.35185,1.35194,1.35054,1.35122,8841.0
2025-09-01 02:00:00+00:00,1.35124,1.35291,1.35123,1.3527,6931.0
2025-09-01 03:00:00+00:00,1.35271,1.35295,1.352,1.35234,5645.0
2025-09-01 04:00:00+00:00,1.35234,1.35238,1.35168,1.35184,4005.0
2025-09-01 05:00:00+00:00,1.35183,1.35278,1.35174,1.35253,5405.0
2025-09-01 06:00:00+00:00,1.35252,1.35408,1.3523,1.35318,7734.0
2025-09-01 07:00:00+00:00,1.35318,1.35365,1.35151,1.35305,7939.0
2025-09-01 08:00:00+00:00,1.35303,1.35376,1.35246,1.35354,7104.0
2025-09-01 09:00:00+00:00,1.35354,1.35374,1.3524,1.35304,7301.0
2025-09-01 10:00:00+00:00,1.35304,1.35349,1.35234,1.35242,5280.0
2025-09-01 11:00:00+00:00,1.35242,1.35332,1.35226,1.35242,5558.0
2025-09-01 12:00:00+00:00,1.35242,1.35338,1.35238,1.35334,6413.0
2025-09-01 13:00:00+00:00,1.35335,1.3545,1.3531,1.35369,7345.0
2025-09-01 14:00:00+00:00,1.35368,1.35498,1.35348,1.35474,8516.0
2025-09-01 15:00:00+00:00,1.35472,1.35493,1.35381,1.35415,6324.0
2025-09-01 16:00:00+00:00,1.35416,1.35458,1.35398,1.35422,2992.0
2025-09-01 17:00:00+00:00,1.35422,1.35433,1.35404,1.35426,1853.0
2025-09-01 18:00:00+00:00,1.35426,1.35441,1.35416,1.35438,1293.0
2025-09-01 19:00:00+00:00,1.3544,1.35495,1.35436,1.35488,1219.0
2025-09-01 20:00:00+00:00,1.35484,1.355,1.35447,1.35449,1077.0
2025-09-01 21:00:00+00:00,1.35464,1.35471,1.35406,1.35431,2097.0
2025-09-01 22:00:00+00:00,1.3542,1.35488,1.3542,1.35449,835.0
2025-09-01 23:00:00+00:00,1.3545,1.35494,1.3544,1.35463,1617.0
2025-09-02 00:00:00+00:00,1.35464,1.35486,1.35352,1.35378,6376.0
2025-09-02 01:00:00+00:00,1.35378,1.35415,1.35331,1.35363,7787.0
2025-09-02 02:00:00+00:00,1.35364,1.35364,1.35237,1.35292,6120.0
2025-09-02 03:00:00+00:00,1.35292,1.35306,1.35244,1.35262,4324.0
2025-09-02 04:00:00+00:00,1.35261,1.353,1.35232,1.35276,3250.0
2025-09-02 05:00:00+00:00,1.35276,1.3531,1.35202,1.35211,4355.0
2025-09-02 06:00:00+00:00,1.35211,1.35336,1.35211,1.35314,6975.0
2025-09-02 07:00:00+00:00,1.35314,1.35334,1.3394,1.34034,22954.0
2025-09-02 08:00:00+00:00,1.34035,1.34346,1.33756,1.34134,20956.0
2025-09-02 09:00:00+00:00,1.34136,1.34179,1.33815,1.33996,15777.0
2025-09-02 10:00:00+00:00,1.33998,1.34016,1.33716,1.33789,13538.0
2025-09-02 11:00:00+00:00,1.33788,1.33854,1.33697,1.33838,12725.0
2025-09-02 12:00:00+00:00,1.33839,1.33974,1.33403,1.33518,15935.0
2025-09-02 13:00:00+00:00,1.33518,1.33961,1.33426,1.33902,14417.0
2025-09-02 14:00:00+00:00,1.33906,1.34188,1.33906,1.33972,17610.0
2025-09-02 15:00:00+00:00,1.33972,1.34004,1.33744,1.33898,12424.0
2025-09-02 16:00:00+00:00,1.33897,1.3393,1.33832,1.33926,8205.0
2025-09-02 17:00:00+00:00,1.33928,1.33942,1.33841,1.33844,5581.0
2025-09-02 18:00:00+00:00,1.33844,1.33869,1.3375,1.33794,5599.0
2025-09-02 19:00:00+00:00,1.33794,1.33914,1.33792,1.33907,4112.0
2025-09-02 20:00:00+00:00,1.33908,1.33976,1.33905,1.33958,3981.0
2025-09-02 21:00:00+00:00,1.33894,1.33944,1.33888,1.33944,1691.0
2025-09-02 22:00:00+00:00,1.33946,1.33958,1.33866,1.3387,1018.0
2025-09-02 23:00:00+00:00,1.3387,1.33879,1.33813,1.33813,1806.0
2025-09-03 00:00:00+00:00,1.33814,1.33834,1.33724,1.3376,4828.0
2025-09-03 01:00:00+00:00,1.33758,1.3378,1.33674,1.33694,5924.0
2025-09-03 02:00:00+00:00,1.33694,1.33754,1.33634,1.33656,4920.0
2025-09-03 03:00:00+00:00,1.33656,1.33704,1.33615,1.33616,4118.0
2025-09-03 04:00:00+00:00,1.33614,1.33708,1.33608,1.33696,4308.0
2025-09-03 05:00:00+00:00,1.33694,1.3374,1.33594,1.33626,4578.0
2025-09-03 06:00:00+00:00,1.33625,1.33911,1.33621,1.33765,7132.0
2025-09-03 07:00:00+00:00,1.33764,1.33807,1.33332,1.33665,13672.0
2025-09-03 08:00:00+00:00,1.33664,1.34096,1.33664,1.34073,12917.0
2025-09-03 09:00:00+00:00,1.34076,1.34176,1.34024,1.34077,10577.0
2025-09-03 10:00:00+00:00,1.34078,1.34115,1.33951,1.3404,8553.0
2025-09-03 11:00:00+00:00,1.3404,1.34127,1.33977,1.34119,7941.0
2025-09-03 12:00:00+00:00,1.34118,1.343,1.34088,1.3425,10207.0
2025-09-03 13:00:00+00:00,1.3425,1.34366,1.34106,1.34174,12947.0
2025-09-03 14:00:00+00:00,1.34175,1.34468,1.34175,1.34336,18291.0
2025-09-03 15:00:00+00:00,1.34335,1.34543,1.34302,1.34478,11345.0
2025-09-03 16:00:00+00:00,1.34478,1.34524,1.3444,1.345,6688.0
2025-09-03 17:00:00+00:00,1.34501,1.34586,1.34389,1.34414,6055.0
2025-09-03 18:00:00+00:00,1.34414,1.34478,1.34382,1.34418,5957.0
2025-09-03 19:00:00+00:00,1.34418,1.34418,1.34346,1.34386,4741.0
2025-09-03 20:00:00+00:00,1.34385,1.34466,1.34383,1.3446,3824.0
2025-09-03 21:00:00+00:00,1.34404,1.34458,1.34396,1.34425,6295.0
2025-09-03 22:00:00+00:00,1.34427,1.34436,1.3439,1.34392,895.0
2025-09-03 23:00:00+00:00,1.3439,1.3443,1.34382,1.34407,1722.0
2025-09-04 00:00:00+00:00,1.34408,1.34438,1.34361,1.34422,5766.0
2025-09-04 01:00:00+00:00,1.34423,1.34504,1.34335,1.34376,6603.0
2025-09-04 02:00:00+00:00,1.34374,1.3438,1.34294,1.34312,5736.0
2025-09-04 03:00:00+00:00,1.3431,1.34332,1.3426,1.34284,3898.0
2025-09-04 04:00:00+00:00,1.34283,1.34309,1.34258,1.34272,3080.0
2025-09-04 05:00:00+00:00,1.34271,1.34302,1.34242,1.34282,3451.0
2025-09-04 06:00:00+00:00,1.34282,1.34412,1.34282,1.34357,5939.0
2025-09-04 07:00:00+00:00,1.34356,1.34384,1.34166,1.34274,8554.0
2025-09-04 08:00:00+00:00,1.34274,1.3457,1.34269,1.34542,7833.0
2025-09-04 09:00:00+00:00,1.34542,1.34595,1.3434,1.344,7606.0
2025-09-04 10:00:00+00:00,1.34401,1.34561,1.34378,1.34489,7020.0
2025-09-04 11:00:00+00:00,1.34488,1.3449,1.34256,1.34336,6841.0
2025-09-04 12:00:00+00:00,1.34337,1.3457,1.34222,1.34412,14980.0
2025-09-04 13:00:00+00:00,1.34412,1.3447,1.34258,1.34422,11959.0
2025-09-04 14:00:00+00:00,1.3442,1.3442,1.34173,1.34272,15338.0
2025-09-04 15:00:00+00:00,1.34273,1.34408,1.34261,1.34388,6701.0
2025-09-04 16:00:00+00:00,1.34388,1.34396,1.34174,1.34216,6624.0
2025-09-04 17:00:00+00:00,1.34214,1.3427,1.34191,1.34223,4551.0
2025-09-04 18:00:00+00:00,1.34222,1.34316,1.34222,1.34262,4671.0
2025-09-04 19:00:00+00:00,1.34262,1.34366,1.34262,1.3436,3856.0
2025-09-04 20:00:00+00:00,1.3436,1.34376,1.34321,1.34366,1887.0
2025-09-04 21:00:00+00:00,1.34312,1.34348,1.34306,1.34333,1168.0
2025-09-04 22:00:00+00:00,1.34332,1.34358,1.34326,1.34336,798.0
2025-09-04 23:00:00+00:00,1.34335,1.3445,1.34335,1.3444,2107.0
2025-09-05 00:00:00+00:00,1.3444,1.34504,1.3442,1.34492,7177.0
2025-09-05 01:00:00+00:00,1.34492,1.34542,1.34469,1.34518,7232.0
2025-09-05 02:00:00+00:00,1.34518,1.34572,1.34502,1.34532,5857.0
2025-09-05 03:00:00+00:00,1.3453,1.34553,1.34522,1.3454,4344.0
2025-09-05 04:00:00+00:00,1.34541,1.34548,1.34482,1.34504,4423.0
2025-09-05 05:00:00+00:00,1.34505,1.34634,1.34499,1.34618,3492.0
2025-09-05 06:00:00+00:00,1.34622,1.3472,1.34556,1.34556,8412.0
2025-09-05 07:00:00+00:00,1.34556,1.34666,1.34504,1.34646,8277.0
2025-09-05 08:00:00+00:00,1.34642,1.34722,1.34622,1.34702,6131.0
2025-09-05 09:00:00+00:00,1.34702,1.34813,1.34674,1.34811,6170.0
2025-09-05 10:00:00+00:00,1.34812,1.3486,1.34779,1.34785,5991.0
2025-09-05 11:00:00+00:00,1.34784,1.34836,1.34616,1.3462,7241.0
2025-09-05 12:00:00+00:00,1.34621,1.35352,1.34578,1.35212,28808.0
2025-09-05 13:00:00+00:00,1.35214,1.35499,1.35138,1.35484,24555.0
2025-09-05 14:00:00+00:00,1.35486,1.35549,1.35048,1.35204,20628.0
2025-09-05 15:00:00+00:00,1.35205,1.35435,1.35186,1.35414,12493.0
2025-09-05 16:00:00+00:00,1.35413,1.35427,1.35254,1.3526,9744.0
2025-09-05 17:00:00+00:00,1.35262,1.35262,1.3511,1.35128,8813.0
2025-09-05 18:00:00+00:00,1.35127,1.35147,1.3501,1.35052,7249.0
2025-09-05 19:00:00+00:00,1.35052,1.35116,1.35018,1.3503,5330.0
2025-09-05 20:00:00+00:00,1.35032,1.35124,1.35024,1.35082,5886.0
2025-09-07 21:00:00+00:00,1.35036,1.35046,1.34994,1.35005,540.0
2025-09-07 22:00:00+00:00,1.35014,1.3505,1.34827,1.3487,3096.0
2025-09-07 23:00:00+00:00,1.34872,1.34964,1.3486,1.34927,3966.0
2025-09-08 00:00:00+00:00,1.34926,1.34962,1.34835,1.3496,9477.0
2025-09-08 01:00:00+00:00,1.34962,1.35034,1.34907,1.35016,10217.0
2025-09-08 02:00:00+00:00,1.35017,1.35054,1.34973,1.3504,8883.0
2025-09-08 03:00:00+00:00,1.3504,1.35056,1.34947,1.34957,5516.0
2025-09-08 04:00:00+00:00,1.34956,1.34976,1.3487,1.34964,4500.0
2025-09-08 05:00:00+00:00,1.34963,1.35039,1.34956,1.34965,4834.0
2025-09-08 06:00:00+00:00,1.34966,1.35189,1.34966,1.35184,10082.0
2025-09-08 07:00:00+00:00,1.35184,1.3526,1.35112,1.35162,10041.0
2025-09-08 08:00:00+00:00,1.35163,1.35263,1.35064,1.35124,8403.0
2025-09-08 09:00:00+00:00,1.35124,1.35142,1.3508,1.35092,7051.0
2025-09-08 10:00:00+00:00,1.3509,1.35319,1.35021,1.35304,6581.0
2025-09-08 11:00:00+00:00,1.35304,1.35363,1.35224,1.35294,6267.0
2025-09-08 12:00:00+00:00,1.35292,1.35494,1.35274,1.35431,9376.0
2025-09-08 13:00:00+00:00,1.35432,1.35568,1.35402,1.35452,10682.0
2025-09-08 14:00:00+00:00,1.35452,1.35466,1.3531,1.35353,12062.0
2025-09-08 15:00:00+00:00,1.35354,1.3547,1.3533,1.35464,8918.0
2025-09-08 16:00:00+00:00,1.35465,1.35486,1.3528,1.35376,7088.0
2025-09-08 17:00:00+00:00,1.35376,1.35401,1.35274,1.35277,5765.0
2025-09-08 18:00:00+00:00,1.35277,1.3554,1.35276,1.35532,5222.0
2025-09-08 19:00:00+00:00,1.35532,1.35551,1.35493,1.35507,4319.0
2025-09-08 20:00:00+00:00,1.35505,1.35511,1.35444,1.35454,2272.0
2025-09-08 21:00:00+00:00,1.3548,1.355,1.3544,1.35462,2253.0
2025-09-08 22:00:00+00:00,1.3547,1.35499,1.3546,1.35492,2321.0
2025-09-08 23:00:00+00:00,1.35493,1.35582,1.35493,1.35528,1902.0
2025-09-09 00:00:00+00:00,1.3553,1.35625,1.35505,1.35586,5699.0
2025-09-09 01:00:00+00:00,1.35582,1.35704,1.35531,1.35672,5326.0
2025-09-09 02:00:00+00:00,1.35672,1.35716,1.35629,1.35636,4965.0
2025-09-09 03:00:00+00:00,1.35638,1.35652,1.35582,1.35597,4177.0
2025-09-09 04:00:00+00:00,1.35598,1.35756,1.35589,1.3574,4278.0
2025-09-09 05:00:00+00:00,1.35737,1.35806,1.35708,1.35794,5243.0
2025-09-09 06:00:00+00:00,1.35795,1.35827,1.35579,1.35662,9029.0
2025-09-09 07:00:00+00:00,1.35663,1.35767,1.35584,1.35654,9827.0
2025-09-09 08:00:00+00:00,1.35652,1.35758,1.35582,1.35733,13293.0
2025-09-09 09:00:00+00:00,1.35732,1.35906,1.35729,1.35872,9169.0
2025-09-09 10:00:00+00:00,1.35872,1.35894,1.35747,1.35776,7306.0
2025-09-09 11:00:00+00:00,1.35775,1.35786,1.35572,1.35583,6130.0
2025-09-09 12:00:00+00:00,1.35584,1.35604,1.35458,1.35543,9272.0
2025-09-09 13:00:00+00:00,1.35544,1.35657,1.35516,1.35545,11591.0
2025-09-09 14:00:00+00:00,1.35546,1.35745,1.35321,1.35396,22171.0
2025-09-09 15:00:00+00:00,1.35397,1.35411,1.35227,1.35313,11518.0
2025-09-09 16:00:00+00:00,1.35314,1.35468,1.35263,1.35347,8330.0
2025-09-09 17:00:00+00:00,1.35346,1.35388,1.35248,1.35264,7613.0
2025-09-09 18:00:00+00:00,1.35264,1.35278,1.35219,1.35227,6005.0
2025-09-09 19:00:00+00:00,1.35226,1.35251,1.35184,1.35194,3843.0
2025-09-09 20:00:00+00:00,1.35194,1.35278,1.35183,1.35275,3576.0
2025-09-09 21:00:00+00:00,1.35253,1.35292,1.3524,1.35281,4608.0
2025-09-09 22:00:00+00:00,1.35282,1.3531,1.35248,1.35303,1133.0
2025-09-09 23:00:00+00:00,1.35302,1.35304,1.35185,1.35207,2380.0
2025-09-10 00:00:00+00:00,1.35204,1.3524,1.35164,1.35224,7075.0
2025-09-10 01:00:00+00:00,1.35224,1.35283,1.35148,1.35223,9398.0
2025-09-10 02:00:00+00:00,1.35224,1.35324,1.35209,1.35318,6578.0
2025-09-10 03:00:00+00:00,1.35318,1.35366,1.3531,1.35328,5309.0
2025-09-10 04:00:00+00:00,1.35328,1.35427,1.35316,1.35423,4903.0
2025-09-10 05:00:00+00:00,1.35422,1.35422,1.35324,1.35352,5394.0
2025-09-10 06:00:00+00:00,1.35351,1.35436,1.35212,1.35261,10001.0
2025-09-10 07:00:00+00:00,1.3526,1.35389,1.3513,1.35334,10558.0
2025-09-10 08:00:00+00:00,1.35336,1.3534,1.35198,1.35274,8636.0
2025-09-10 09:00:00+00:00,1.35274,1.35458,1.35266,1.35427,7741.0
2025-09-10 10:00:00+00:00,1.35425,1.35436,1.3531,1.35388,7648.0
2025-09-10 11:00:00+00:00,1.35389,1.35396,1.35276,1.35342,7421.0
2025-09-10 12:00:00+00:00,1.35342,1.3565,1.35236,1.35304,17767.0
2025-09-10 13:00:00+00:00,1.35304,1.35579,1.35256,1.35554,16657.0
2025-09-10 14:00:00+00:00,1.35552,1.35616,1.35472,1.35508,13313.0
2025-09-10 15:00:00+00:00,1.35508,1.35552,1.35429,1.35464,8432.0
2025-09-10 16:00:00+00:00,1.35465,1.35496,1.35336,1.35361,6790.0
2025-09-10 17:00:00+00:00,1.35362,1.3541,1.35276,1.35346,5969.0
2025-09-10 18:00:00+00:00,1.35345,1.3542,1.35322,1.3536,5709.0
2025-09-10 19:00:00+00:00,1.3536,1.35369,1.35216,1.35308,5437.0
2025-09-10 20:00:00+00:00,1.35308,1.3533,1.35266,1.35305,2614.0
2025-09-10 21:00:00+00:00,1.35344,1.35356,1.35262,1.35292,2361.0
2025-09-10 22:00:00+00:00,1.35285,1.35382,1.35285,1.3538,803.0
2025-09-10 23:00:00+00:00,1.35382,1.35401,1.35332,1.35332,1523.0
2025-09-11 00:00:00+00:00,1.35331,1.35334,1.3527,1.35274,6266.0
2025-09-11 01:00:00+00:00,1.35275,1.3534,1.35266,1.35298,5877.0
2025-09-11 02:00:00+00:00,1.35298,1.353,1.35226,1.35258,5310.0
2025-09-11 03:00:00+00:00,1.35255,1.35301,1.3525,1.35276,4799.0
2025-09-11 04:00:00+00:00,1.35276,1.35286,1.35232,1.3527,3690.0
2025-09-11 05:00:00+00:00,1.35269,1.3527,1.35149,1.35166,4563.0
2025-09-11 06:00:00+00:00,1.35164,1.35247,1.35116,1.35164,8664.0
2025-09-11 07:00:00+00:00,1.35164,1.35224,1.35035,1.35158,8955.0
2025-09-11 08:00:00+00:00,1.35158,1.35216,1.35136,1.35146,8822.0
2025-09-11 09:00:00+00:00,1.35147,1.35161,1.34944,1.35029,8799.0
2025-09-11 10:00:00+00:00,1.3503,1.3516,1.34995,1.3515,8014.0
2025-09-11 11:00:00+00:00,1.3515,1.35228,1.3506,1.35076,8591.0
2025-09-11 12:00:00+00:00,1.35076,1.35492,1.34939,1.3545,28901.0
2025-09-11 13:00:00+00:00,1.35452,1.35616,1.35398,1.35529,22187.0
2025-09-11 14:00:00+00:00,1.3553,1.35671,1.355,1.35576,15749.0
2025-09-11 15:00:00+00:00,1.35575,1.3579,1.35526,1.35661,11257.0
2025-09-11 16:00:00+00:00,1.35662,1.35792,1.35658,1.35777,7193.0
2025-09-11 17:00:00+00:00,1.35779,1.3583,1.35687,1.35708,6219.0
2025-09-11 18:00:00+00:00,1.35708,1.35823,1.35697,1.35792,5012.0
2025-09-11 19:00:00+00:00,1.35792,1.35818,1.3577,1.35778,4792.0
2025-09-11 20:00:00+00:00,1.35779,1.35804,1.35726,1.35742,5891.0
2025-09-11 21:00:00+00:00,1.35738,1.35774,1.35698,1.3576,3622.0
2025-09-11 22:00:00+00:00,1.35759,1.35806,1.35737,1.35791,1280.0
2025-09-11 23:00:00+00:00,1.3579,1.35806,1.35742,1.35742,2795.0
2025-09-12 00:00:00+00:00,1.35741,1.3576,1.35686,1.35728,10133.0
2025-09-12 01:00:00+00:00,1.35728,1.35738,1.35568,1.35576,7491.0
2025-09-12 02:00:00+00:00,1.35575,1.35631,1.35556,1.35583,6541.0
2025-09-12 03:00:00+00:00,1.35582,1.35588,1.35537,1.35552,4426.0
2025-09-12 04:00:00+00:00,1.35552,1.35571,1.35522,1.35564,6423.0
2025-09-12 05:00:00+00:00,1.35564,1.35606,1.35524,1.35592,4516.0
2025-09-12 06:00:00+00:00,1.35594,1.35631,1.3545,1.35568,8245.0
2025-09-12 07:00:00+00:00,1.35568,1.35751,1.35568,1.35642,9403.0
2025-09-12 08:00:00+00:00,1.35642,1.35642,1.35311,1.35339,11948.0
2025-09-12 09:00:00+00:00,1.3534,1.35482,1.353,1.35466,9019.0
2025-09-12 10:00:00+00:00,1.35466,1.35586,1.35456,1.35569,8156.0
2025-09-12 11:00:00+00:00,1.35568,1.35628,1.3547,1.35488,7173.0
2025-09-12 12:00:00+00:00,1.3549,1.35494,1.35242,1.35434,10633.0
2025-09-12 13:00:00+00:00,1.35432,1.35496,1.35379,1.35461,10629.0
2025-09-12 14:00:00+00:00,1.35462,1.35698,1.35458,1.3559,11958.0
2025-09-12 15:00:00+00:00,1.35589,1.35619,1.35436,1.35452,8527.0
2025-09-12 16:00:00+00:00,1.35454,1.35686,1.35406,1.35602,6459.0
2025-09-12 17:00:00+00:00,1.35604,1.35682,1.35595,1.35599,4841.0
2025-09-12 18:00:00+00:00,1.356,1.35709,1.356,1.35698,4898.0
2025-09-12 19:00:00+00:00,1.35698,1.35706,1.35608,1.35618,4039.0
2025-09-12 20:00:00+00:00,1.35615,1.35618,1.35552,1.35598,3619.0
2025-09-14 21:00:00+00:00,1.35566,1.35753,1.35482,1.35644,2017.0
2025-09-14 22:00:00+00:00,1.35633,1.35638,1.35566,1.3557,1229.0
2025-09-14 23:00:00+00:00,1.35571,1.35587,1.3552,1.3553,1686.0
2025-09-15 00:00:00+00:00,1.35528,1.35562,1.35487,1.3556,3309.0
2025-09-15 01:00:00+00:00,1.35558,1.35602,1.35529,1.35591,6166.0
2025-09-15 02:00:00+00:00,1.3559,1.35612,1.35554,1.35598,3752.0
2025-09-15 03:00:00+00:00,1.35598,1.35676,1.35594,1.3565,3536.0
2025-09-15 04:00:00+00:00,1.35649,1.3571,1.35647,1.35674,2874.0
2025-09-15 05:00:00+00:00,1.35676,1.35681,1.35614,1.35618,4478.0
2025-09-15 06:00:00+00:00,1.35619,1.3568,1.35534,1.35628,6731.0
2025-09-15 07:00:00+00:00,1.35626,1.3594,1.35616,1.3582,9584.0
2025-09-15 08:00:00+00:00,1.35818,1.35994,1.35792,1.35819,8100.0
2025-09-15 09:00:00+00:00,1.35821,1.36006,1.35788,1.35922,7614.0
2025-09-15 10:00:00+00:00,1.35924,1.36135,1.3592,1.36072,7768.0
2025-09-15 11:00:00+00:00,1.36072,1.36198,1.3605,1.36151,6728.0
2025-09-15 12:00:00+00:00,1.36152,1.36202,1.36082,1.36148,9855.0
2025-09-15 13:00:00+00:00,1.36148,1.36177,1.35955,1.35963,10214.0
2025-09-15 14:00:00+00:00,1.35962,1.35964,1.35848,1.35894,12608.0
2025-09-15 15:00:00+00:00,1.35896,1.36074,1.3587,1.36071,9249.0
2025-09-15 16:00:00+00:00,1.36072,1.36096,1.35946,1.35988,8590.0
2025-09-15 17:00:00+00:00,1.3599,1.36114,1.35948,1.36092,7015.0
2025-09-15 18:00:00+00:00,1.36091,1.36106,1.36002,1.36054,5838.0
2025-09-15 19:00:00+00:00,1.36054,1.36106,1.36044,1.36092,4452.0
2025-09-15 20:00:00+00:00,1.36094,1.36112,1.35968,1.35984,3808.0
2025-09-15 21:00:00+00:00,1.35978,1.36059,1.35978,1.36052,1322.0
2025-09-15 22:00:00+00:00,1.36053,1.3606,1.36003,1.36038,1352.0
2025-09-15 23:00:00+00:00,1.3604,1.36051,1.36014,1.36014,1619.0
2025-09-16 00:00:00+00:00,1.36012,1.36058,1.35981,1.36018,5396.0
2025-09-16 01:00:00+00:00,1.36018,1.36066,1.3598,1.36034,6612.0
2025-09-16 02:00:00+00:00,1.36032,1.36142,1.36031,1.36121,5984.0
2025-09-16 03:00:00+00:00,1.36124,1.36252,1.36109,1.36176,4794.0
2025-09-16 04:00:00+00:00,1.36175,1.36178,1.36124,1.36158,5436.0
2025-09-16 05:00:00+00:00,1.36158,1.3621,1.36145,1.36206,5679.0
2025-09-16 06:00:00+00:00,1.36208,1.36335,1.36208,1.363,8812.0
2025-09-16 07:00:00+00:00,1.36301,1.3643,1.36266,1.36284,9076.0
2025-09-16 08:00:00+00:00,1.36284,1.36386,1.36244,1.36268,9294.0
2025-09-16 09:00:00+00:00,1.36268,1.36458,1.3626,1.3642,9976.0
2025-09-16 10:00:00+00:00,1.36424,1.36425,1.3626,1.36268,7321.0
2025-09-16 11:00:00+00:00,1.3627,1.36498,1.36241,1.36432,9046.0
2025-09-16 12:00:00+00:00,1.36433,1.36461,1.36248,1.36409,13068.0
2025-09-16 13:00:00+00:00,1.36409,1.36595,1.3639,1.36582,12055.0
2025-09-16 14:00:00+00:00,1.3658,1.3672,1.36498,1.36566,16044.0
2025-09-16 15:00:00+00:00,1.36568,1.3658,1.3639,1.36532,11517.0
2025-09-16 16:00:00+00:00,1.36532,1.36644,1.36511,1.36582,8187.0
2025-09-16 17:00:00+00:00,1.36581,1.3668,1.36532,1.36586,7128.0
2025-09-16 18:00:00+00:00,1.36586,1.36642,1.36561,1.36595,5264.0
2025-09-16 19:00:00+00:00,1.36592,1.36616,1.36504,1.36512,4691.0
2025-09-16 20:00:00+00:00,1.3651,1.36538,1.36422,1.36456,3425.0
2025-09-16 21:00:00+00:00,1.36522,1.36556,1.3645,1.36484,2654.0
2025-09-16 22:00:00+00:00,1.36476,1.36542,1.36446,1.36503,1344.0
2025-09-16 23:00:00+00:00,1.36502,1.36556,1.36493,1.36528,1929.0
2025-09-17 00:00:00+00:00,1.36527,1.36595,1.36448,1.36452,6610.0
2025-09-17 01:00:00+00:00,1.36451,1.36484,1.36394,1.36432,7014.0
2025-09-17 02:00:00+00:00,1.3643,1.36454,1.36409,1.36432,4881.0
2025-09-17 03:00:00+00:00,1.36432,1.36463,1.3641,1.36432,3708.0
2025-09-17 04:00:00+00:00,1.36432,1.36442,1.36408,1.36419,3640.0
2025-09-17 05:00:00+00:00,1.36421,1.3649,1.3642,1.36485,3349.0
2025-09-17 06:00:00+00:00,1.36486,1.36548,1.3635,1.36402,8553.0
2025-09-17 07:00:00+00:00,1.36404,1.36419,1.363,1.36349,8949.0
2025-09-17 08:00:00+00:00,1.3635,1.36524,1.36322,1.36404,6921.0
2025-09-17 09:00:00+00:00,1.36404,1.36566,1.36402,1.36491,6650.0
2025-09-17 10:00:00+00:00,1.3649,1.36526,1.36386,1.36444,7642.0
2025-09-17 11:00:00+00:00,1.36444,1.36526,1.36399,1.36468,6224.0
2025-09-17 12:00:00+00:00,1.36469,1.36546,1.36436,1.36544,7311.0
2025-09-17 13:00:00+00:00,1.36544,1.36648,1.36482,1.36628,8443.0
2025-09-17 14:00:00+00:00,1.36626,1.36695,1.36581,1.36594,9096.0
2025-09-17 15:00:00+00:00,1.36593,1.36666,1.36552,1.3659,6879.0
2025-09-17 16:00:00+00:00,1.3659,1.36696,1.36577,1.36651,5432.0
2025-09-17 17:00:00+00:00,1.3665,1.36687,1.36596,1.3668,6071.0
2025-09-17 18:00:00+00:00,1.3668,1.37266,1.36248,1.36398,54318.0
2025-09-17 19:00:00+00:00,1.36398,1.36659,1.36342,1.36372,27327.0
2025-09-17 20:00:00+00:00,1.36372,1.36385,1.36197,1.36244,9413.0
2025-09-17 21:00:00+00:00,1.36256,1.36331,1.36254,1.3628,1554.0
2025-09-17 22:00:00+00:00,1.3628,1.36334,1.36246,1.36296,2525.0
2025-09-17 23:00:00+00:00,1.36296,1.36356,1.36276,1.36296,3985.0
2025-09-18 00:00:00+00:00,1.36296,1.363,1.36205,1.36271,9489.0
2025-09-18 01:00:00+00:00,1.36272,1.36308,1.36104,1.36177,11380.0
2025-09-18 02:00:00+00:00,1.36179,1.36286,1.36179,1.36278,7021.0
2025-09-18 03:00:00+00:00,1.36278,1.36308,1.36202,1.36208,5227.0
2025-09-18 04:00:00+00:00,1.36208,1.36218,1.36048,1.36066,6223.0
2025-09-18 05:00:00+00:00,1.36067,1.36101,1.35918,1.35972,6315.0
2025-09-18 06:00:00+00:00,1.35972,1.3605,1.35864,1.35951,10723.0
2025-09-18 07:00:00+00:00,1.3595,1.36406,1.35948,1.3633,12432.0
2025-09-18 08:00:00+00:00,1.36332,1.36486,1.36268,1.36396,9947.0
2025-09-18 09:00:00+00:00,1.36396,1.36552,1.36372,1.36457,8704.0
2025-09-18 10:00:00+00:00,1.36456,1.36543,1.36416,1.365,7920.0
2025-09-18 11:00:00+00:00,1.36504,1.36612,1.36129,1.36218,11431.0
2025-09-18 12:00:00+00:00,1.36217,1.36232,1.35947,1.35948,14357.0
2025-09-18 13:00:00+00:00,1.35946,1.3596,1.35342,1.35514,19132.0
2025-09-18 14:00:00+00:00,1.35514,1.35714,1.35454,1.3552,19045.0
2025-09-18 15:00:00+00:00,1.35523,1.3562,1.3536,1.35482,14619.0
2025-09-18 16:00:00+00:00,1.3548,1.3558,1.3542,1.35529,7951.0
2025-09-18 17:00:00+00:00,1.3553,1.35633,1.35507,1.35554,7685.0
2025-09-18 18:00:00+00:00,1.35553,1.35566,1.35444,1.35532,5246.0
2025-09-18 19:00:00+00:00,1.3553,1.35575,1.35475,1.35486,4399.0
2025-09-18 20:00:00+00:00,1.35486,1.35542,1.35453,1.35541,3372.0
2025-09-18 21:00:00+00:00,1.35536,1.35568,1.35501,1.35547,3515.0
2025-09-18 22:00:00+00:00,1.35546,1.3556,1.35516,1.35519,3324.0
2025-09-18 23:00:00+00:00,1.35518,1.35567,1.35515,1.3555,2374.0
2025-09-19 00:00:00+00:00,1.35551,1.35558,1.35404,1.3549,7743.0
2025-09-19 01:00:00+00:00,1.35489,1.35506,1.35365,1.35388,7943.0
2025-09-19 02:00:00+00:00,1.35388,1.35428,1.35312,1.35414,5612.0
2025-09-19 03:00:00+00:00,1.35413,1.35592,1.35413,1.35507,9241.0
2025-09-19 04:00:00+00:00,1.35507,1.35596,1.35418,1.35442,9635.0
2025-09-19 05:00:00+00:00,1.35444,1.35514,1.35412,1.35448,5975.0
2025-09-19 06:00:00+00:00,1.35448,1.35456,1.34972,1.35076,15535.0
2025-09-19 07:00:00+00:00,1.35078,1.35147,1.3485,1.34912,15930.0
2025-09-19 08:00:00+00:00,1.34912,1.3502,1.34824,1.34996,10568.0
2025-09-19 09:00:00+00:00,1.34996,1.35106,1.34954,1.35049,10289.0
2025-09-19 10:00:00+00:00,1.35048,1.35088,1.34945,1.34967,5724.0
2025-09-19 11:00:00+00:00,1.34968,1.3499,1.34733,1.34776,8068.0
2025-09-19 12:00:00+00:00,1.34776,1.34834,1.3463,1.34685,12427.0
2025-09-19 13:00:00+00:00,1.34686,1.34948,1.34684,1.34896,15025.0
2025-09-19 14:00:00+00:00,1.34894,1.34982,1.3481,1.34822,15828.0
2025-09-19 15:00:00+00:00,1.34822,1.34854,1.34721,1.34825,12439.0
2025-09-19 16:00:00+00:00,1.34826,1.34854,1.34704,1.34828,7781.0
2025-09-19 17:00:00+00:00,1.34828,1.34854,1.34738,1.34762,5130.0
2025-09-19 18:00:00+00:00,1.34763,1.34765,1.34668,1.34692,4550.0
2025-09-19 19:00:00+00:00,1.3469,1.34756,1.34674,1.34724,3496.0
2025-09-19 20:00:00+00:00,1.34724,1.34747,1.34674,1.34708,6150.0
2025-09-21 21:00:00+00:00,1.34773,1.34773,1.34672,1.34687,23782.0
2025-09-21 22:00:00+00:00,1.34688,1.34736,1.34683,1.34713,2108.0
2025-09-21 23:00:00+00:00,1.34714,1.3472,1.34626,1.34628,2501.0
2025-09-22 00:00:00+00:00,1.34629,1.34679,1.34574,1.34679,5868.0
2025-09-22 01:00:00+00:00,1.34678,1.34746,1.34658,1.34664,7941.0
2025-09-22 02:00:00+00:00,1.34664,1.3467,1.34588,1.34594,5653.0
2025-09-22 03:00:00+00:00,1.34592,1.34672,1.34576,1.34624,3872.0
2025-09-22 04:00:00+00:00,1.34623,1.34628,1.34534,1.34608,4137.0
2025-09-22 05:00:00+00:00,1.34608,1.34742,1.34594,1.34718,3803.0
2025-09-22 06:00:00+00:00,1.34718,1.3483,1.34704,1.34748,9053.0
2025-09-22 07:00:00+00:00,1.3475,1.34833,1.34718,1.34786,10474.0
2025-09-22 08:00:00+00:00,1.34785,1.35036,1.34769,1.34961,9473.0
2025-09-22 09:00:00+00:00,1.34962,1.35044,1.34902,1.35024,6790.0
2025-09-22 10:00:00+00:00,1.35022,1.35068,1.34952,1.34996,6848.0
2025-09-22 11:00:00+00:00,1.34996,1.35,1.34924,1.34983,5829.0
2025-09-22 12:00:00+00:00,1.34984,1.35163,1.34902,1.35084,9621.0
2025-09-22 13:00:00+00:00,1.35084,1.35148,1.34984,1.35072,12008.0
2025-09-22 14:00:00+00:00,1.3507,1.35076,1.34924,1.34944,10050.0
2025-09-22 15:00:00+00:00,1.34944,1.35056,1.34923,1.35026,7464.0
2025-09-22 16:00:00+00:00,1.35026,1.35206,1.35001,1.35082,7256.0
2025-09-22 17:00:00+00:00,1.35082,1.35175,1.35071,1.35164,4613.0
2025-09-22 18:00:00+00:00,1.35163,1.35196,1.3515,1.35171,3917.0
2025-09-22 19:00:00+00:00,1.3517,1.35192,1.3515,1.35161,2585.0
2025-09-22 20:00:00+00:00,1.3516,1.3517,1.35122,1.35126,2815.0
2025-09-22 21:00:00+00:00,1.351,1.35137,1.35078,1.35128,5831.0
2025-09-22 22:00:00+00:00,1.35125,1.35168,1.35122,1.35146,1593.0
2025-09-22 23:00:00+00:00,1.35145,1.35162,1.35138,1.35144,1867.0
2025-09-23 00:00:00+00:00,1.35142,1.35208,1.35114,1.35207,5599.0
2025-09-23 01:00:00+00:00,1.35206,1.35274,1.35162,1.35232,6125.0
2025-09-23 02:00:00+00:00,1.35232,1.35244,1.35055,1.35092,5601.0
2025-09-23 03:00:00+00:00,1.35094,1.35158,1.35032,1.35158,4848.0
2025-09-23 04:00:00+00:00,1.35157,1.35174,1.35048,1.35077,4834.0
2025-09-23 05:00:00+00:00,1.35078,1.35148,1.35038,1.35076,4788.0
2025-09-23 06:00:00+00:00,1.35074,1.35223,1.35028,1.35158,9085.0
2025-09-23 07:00:00+00:00,1.35158,1.3523,1.35053,1.35205,13554.0
2025-09-23 08:00:00+00:00,1.35206,1.3528,1.3487,1.35038,13326.0
2025-09-23 09:00:00+00:00,1.35038,1.35142,1.34972,1.35051,9488.0
2025-09-23 10:00:00+00:00,1.35052,1.35164,1.34992,1.3511,8443.0
2025-09-23 11:00:00+00:00,1.3511,1.35206,1.35062,1.35146,7279.0
2025-09-23 12:00:00+00:00,1.35146,1.35298,1.351,1.35247,8914.0
2025-09-23 13:00:00+00:00,1.35246,1.35366,1.3506,1.35176,13677.0
2025-09-23 14:00:00+00:00,1.35174,1.3526,1.35092,1.35248,14741.0
2025-09-23 15:00:00+00:00,1.35247,1.35256,1.3508,1.35166,8981.0
2025-09-23 16:00:00+00:00,1.35166,1.35238,1.35073,1.35208,9719.0
2025-09-23 17:00:00+00:00,1.35208,1.35259,1.35154,1.35166,10042.0
2025-09-23 18:00:00+00:00,1.35168,1.3522,1.35135,1.35168,7698.0
2025-09-23 19:00:00+00:00,1.35169,1.35272,1.35144,1.35252,6447.0
2025-09-23 20:00:00+00:00,1.3525,1.35272,1.35204,1.35257,3009.0
2025-09-23 21:00:00+00:00,1.35258,1.35265,1.35166,1.35215,4841.0
2025-09-23 22:00:00+00:00,1.35214,1.35284,1.35206,1.35252,2673.0
2025-09-23 23:00:00+00:00,1.35253,1.35276,1.35221,1.35243,2802.0
2025-09-24 00:00:00+00:00,1.35243,1.35263,1.35142,1.3515,7291.0
2025-09-24 01:00:00+00:00,1.3515,1.35162,1.3508,1.3511,7167.0
2025-09-24 02:00:00+00:00,1.3511,1.35162,1.35099,1.35112,6016.0
2025-09-24 03:00:00+00:00,1.3511,1.35144,1.35066,1.35071,3953.0
2025-09-24 04:00:00+00:00,1.35069,1.35104,1.35055,1.3509,3128.0
2025-09-24 05:00:00+00:00,1.3509,1.35123,1.35012,1.35066,4296.0
2025-09-24 06:00:00+00:00,1.35066,1.35113,1.34922,1.34989,8145.0
2025-09-24 07:00:00+00:00,1.3499,1.3502,1.34816,1.34848,8891.0
2025-09-24 08:00:00+00:00,1.34847,1.3485,1.34734,1.34838,9111.0
2025-09-24 09:00:00+00:00,1.34838,1.34878,1.34712,1.34777,6412.0
2025-09-24 10:00:00+00:00,1.34776,1.34796,1.34644,1.34644,6479.0
2025-09-24 11:00:00+00:00,1.34644,1.347,1.34553,1.34576,7221.0
2025-09-24 12:00:00+00:00,1.34574,1.3471,1.34364,1.34458,11104.0
2025-09-24 13:00:00+00:00,1.34458,1.3448,1.34266,1.34374,12597.0
2025-09-24 14:00:00+00:00,1.34377,1.34576,1.34266,1.34512,14277.0
2025-09-24 15:00:00+00:00,1.34513,1.34567,1.34443,1.34473,9673.0
2025-09-24 16:00:00+00:00,1.34472,1.34496,1.34392,1.34428,8068.0
2025-09-24 17:00:00+00:00,1.34428,1.3456,1.34422,1.34538,5466.0
2025-09-24 18:00:00+00:00,1.34538,1.34549,1.34436,1.34486,5831.0
2025-09-24 19:00:00+00:00,1.34486,1.34508,1.34432,1.34464,4445.0
2025-09-24 20:00:00+00:00,1.34464,1.34488,1.34436,1.34476,2765.0
2025-09-24 21:00:00+00:00,1.34497,1.34531,1.3444,1.34484,5302.0
2025-09-24 22:00:00+00:00,1.34476,1.3452,1.34464,1.3451,2335.0
2025-09-24 23:00:00+00:00,1.3451,1.34538,1.34488,1.34494,1543.0
2025-09-25 00:00:00+00:00,1.34494,1.34578,1.34487,1.34568,9584.0
2025-09-25 01:00:00+00:00,1.3457,1.34592,1.34492,1.34539,7993.0
2025-09-25 02:00:00+00:00,1.34542,1.34622,1.34538,1.34588,7035.0
2025-09-25 03:00:00+00:00,1.34587,1.34629,1.34556,1.34614,4975.0
2025-09-25 04:00:00+00:00,1.34615,1.34647,1.34602,1.3463,4129.0
2025-09-25 05:00:00+00:00,1.34631,1.34632,1.34533,1.3455,4391.0
2025-09-25 06:00:00+00:00,1.34546,1.34671,1.34498,1.34646,8329.0
2025-09-25 07:00:00+00:00,1.34646,1.34651,1.34364,1.34376,10502.0
2025-09-25 08:00:00+00:00,1.34376,1.34536,1.34344,1.34528,9877.0
2025-09-25 09:00:00+00:00,1.3453,1.34594,1.34464,1.345,8143.0
2025-09-25 10:00:00+00:00,1.345,1.34567,1.34464,1.34465,7336.0
2025-09-25 11:00:00+00:00,1.34464,1.3448,1.34178,1.34218,7214.0
2025-09-25 12:00:00+00:00,1.34217,1.34232,1.33723,1.33838,17918.0
2025-09-25 13:00:00+00:00,1.33836,1.33946,1.33634,1.33707,19990.0
2025-09-25 14:00:00+00:00,1.33705,1.33846,1.33474,1.33478,18581.0
2025-09-25 15:00:00+00:00,1.33477,1.33518,1.33412,1.33484,12473.0
2025-09-25 16:00:00+00:00,1.33486,1.33574,1.33362,1.33394,8784.0
2025-09-25 17:00:00+00:00,1.33393,1.33438,1.33267,1.33354,9428.0
2025-09-25 18:00:00+00:00,1.33354,1.33379,1.33238,1.3334,8902.0
2025-09-25 19:00:00+00:00,1.3334,1.33408,1.33338,1.33369,6068.0
2025-09-25 20:00:00+00:00,1.33368,1.33474,1.33366,1.33438,3173.0
2025-09-25 21:00:00+00:00,1.33451,1.33484,1.33385,1.33409,7043.0
2025-09-25 22:00:00+00:00,1.33408,1.3346,1.334,1.3344,1121.0
2025-09-25 23:00:00+00:00,1.3344,1.3344,1.33325,1.33354,2730.0
2025-09-26 00:00:00+00:00,1.33352,1.3346,1.33296,1.33454,6292.0
2025-09-26 01:00:00+00:00,1.33454,1.33484,1.33396,1.33419,6568.0
2025-09-26 02:00:00+00:00,1.3342,1.33555,1.33416,1.335,4345.0
2025-09-26 03:00:00+00:00,1.335,1.33544,1.33487,1.3354,3753.0
2025-09-26 04:00:00+00:00,1.3354,1.33556,1.33497,1.33545,3318.0
2025-09-26 05:00:00+00:00,1.33544,1.33578,1.33527,1.3354,3570.0
2025-09-26 06:00:00+00:00,1.33536,1.33644,1.33511,1.3364,8367.0
2025-09-26 07:00:00+00:00,1.3364,1.33698,1.33447,1.33528,10681.0
2025-09-26 08:00:00+00:00,1.33528,1.33708,1.33512,1.33652,8657.0
2025-09-26 09:00:00+00:00,1.33651,1.33664,1.33506,1.33527,7710.0
2025-09-26 10:00:00+00:00,1.33526,1.33556,1.33434,1.33462,6969.0
2025-09-26 11:00:00+00:00,1.33461,1.33564,1.33438,1.33505,6580.0
2025-09-26 12:00:00+00:00,1.33502,1.33772,1.33486,1.3377,14894.0
2025-09-26 13:00:00+00:00,1.33772,1.33883,1.33754,1.33849,15786.0
2025-09-26 14:00:00+00:00,1.3385,1.34066,1.33845,1.34018,15777.0
2025-09-26 15:00:00+00:00,1.34018,1.34132,1.33946,1.34016,10503.0
2025-09-26 16:00:00+00:00,1.34016,1.34098,1.33966,1.33985,7650.0
2025-09-26 17:00:00+00:00,1.33984,1.34077,1.33982,1.3405,4221.0
2025-09-26 18:00:00+00:00,1.34048,1.34117,1.34012,1.34097,4676.0
2025-09-26 19:00:00+00:00,1.34098,1.34099,1.34036,1.3408,3454.0
2025-09-26 20:00:00+00:00,1.3408,1.34094,1.33976,1.34016,3346.0
2025-09-28 21:00:00+00:00,1.34049,1.34049,1.33958,1.34037,1183.0
2025-09-28 22:00:00+00:00,1.34037,1.34062,1.3399,1.34044,1150.0
2025-09-28 23:00:00+00:00,1.34047,1.34114,1.34038,1.34074,2069.0
2025-09-29 00:00:00+00:00,1.34075,1.3425,1.34068,1.3424,5966.0
2025-09-29 01:00:00+00:00,1.3424,1.34285,1.34164,1.34268,8191.0
2025-09-29 02:00:00+00:00,1.3427,1.34342,1.34261,1.34298,5852.0
2025-09-29 03:00:00+00:00,1.34298,1.34346,1.3429,1.34321,3532.0
2025-09-29 04:00:00+00:00,1.3432,1.34418,1.34286,1.34375,3505.0
2025-09-29 05:00:00+00:00,1.34376,1.34432,1.34343,1.34416,5386.0
2025-09-29 06:00:00+00:00,1.3442,1.34426,1.34342,1.34382,7972.0
2025-09-29 07:00:00+00:00,1.34381,1.34499,1.34366,1.34466,9244.0
2025-09-29 08:00:00+00:00,1.34468,1.34504,1.34316,1.34356,8668.0
2025-09-29 09:00:00+00:00,1.34355,1.34429,1.343,1.34314,6956.0
2025-09-29 10:00:00+00:00,1.34312,1.34332,1.34252,1.34283,6270.0
2025-09-29 11:00:00+00:00,1.34284,1.34476,1.34245,1.34474,6839.0
2025-09-29 12:00:00+00:00,1.34474,1.34571,1.34344,1.34516,12291.0
2025-09-29 13:00:00+00:00,1.34516,1.34522,1.34376,1.34384,13013.0
2025-09-29 14:00:00+00:00,1.34382,1.344,1.34158,1.34183,12773.0
2025-09-29 15:00:00+00:00,1.34184,1.34364,1.34172,1.34323,10627.0
2025-09-29 16:00:00+00:00,1.34324,1.34361,1.34264,1.3431,6334.0
2025-09-29 17:00:00+00:00,1.3431,1.34342,1.34238,1.3425,5543.0
2025-09-29 18:00:00+00:00,1.34251,1.3439,1.34231,1.34378,4781.0
2025-09-29 19:00:00+00:00,1.34379,1.34386,1.34342,1.34362,3942.0
2025-09-29 20:00:00+00:00,1.3436,1.34361,1.34294,1.34309,2724.0
2025-09-29 21:00:00+00:00,1.34294,1.34314,1.34265,1.34282,1361.0
2025-09-29 22:00:00+00:00,1.34282,1.34342,1.34276,1.3434,987.0
2025-09-29 23:00:00+00:00,1.34341,1.34379,1.34335,1.3435,1940.0
2025-09-30 00:00:00+00:00,1.34351,1.34362,1.34206,1.34251,6744.0
2025-09-30 01:00:00+00:00,1.34252,1.34347,1.34225,1.3423,7298.0
2025-09-30 02:00:00+00:00,1.3423,1.34322,1.34206,1.3431,4299.0
2025-09-30 03:00:00+00:00,1.3431,1.34388,1.34278,1.34354,4470.0
2025-09-30 04:00:00+00:00,1.34357,1.34386,1.3428,1.34384,4912.0
2025-09-30 05:00:00+00:00,1.34384,1.34468,1.34334,1.34336,6515.0
2025-09-30 06:00:00+00:00,1.34341,1.34516,1.34284,1.34405,10163.0
2025-09-30 07:00:00+00:00,1.34406,1.34518,1.34318,1.34468,10881.0
2025-09-30 08:00:00+00:00,1.34471,1.34522,1.34407,1.34458,10458.0
2025-09-30 09:00:00+00:00,1.34458,1.34496,1.34409,1.34446,7485.0
2025-09-30 10:00:00+00:00,1.34446,1.3451,1.34364,1.34378,6548.0
2025-09-30 11:00:00+00:00,1.34381,1.3444,1.34248,1.34373,7018.0
2025-09-30 12:00:00+00:00,1.34374,1.34522,1.34367,1.34424,8634.0
2025-09-30 13:00:00+00:00,1.34426,1.34504,1.34136,1.34435,11608.0
2025-09-30 14:00:00+00:00,1.34436,1.34672,1.3435,1.34617,18458.0
2025-09-30 15:00:00+00:00,1.34618,1.3463,1.34362,1.34429,13102.0
2025-09-30 16:00:00+00:00,1.3443,1.34626,1.34398,1.3459,9181.0
2025-09-30 17:00:00+00:00,1.3459,1.34639,1.34497,1.34509,7056.0
2025-09-30 18:00:00+00:00,1.34508,1.34532,1.34407,1.34488,6317.0
2025-09-30 19:00:00+00:00,1.34488,1.3452,1.34438,1.3449,5355.0
2025-09-30 20:00:00+00:00,1.3449,1.34498,1.34398,1.34446,3010.0
2025-09-30 21:00:00+00:00,1.3444,1.3447,1.34422,1.34454,3781.0
2025-09-30 22:00:00+00:00,1.34457,1.3452,1.34427,1.34439,1802.0
2025-09-30 23:00:00+00:00,1.34441,1.345,1.34424,1.34426,2511.0
2025-10-01 00:00:00+00:00,1.34426,1.34442,1.3436,1.34409,6658.0
2025-10-01 01:00:00+00:00,1.34408,1.34424,1.34348,1.3442,5426.0
2025-10-01 02:00:00+00:00,1.34421,1.34434,1.3435,1.34414,4961.0
2025-10-01 03:00:00+00:00,1.34414,1.34428,1.34362,1.3441,4961.0
2025-10-01 04:00:00+00:00,1.34409,1.34642,1.34409,1.34631,4296.0
2025-10-01 05:00:00+00:00,1.34632,1.34722,1.34556,1.34556,6466.0
2025-10-01 06:00:00+00:00,1.34556,1.3478,1.34554,1.34663,10812.0
2025-10-01 07:00:00+00:00,1.34662,1.34776,1.34538,1.34673,15061.0
2025-10-01 08:00:00+00:00,1.34674,1.34805,1.34666,1.34674,11232.0
2025-10-01 09:00:00+00:00,1.34674,1.34753,1.34626,1.34644,9342.0
2025-10-01 10:00:00+00:00,1.34645,1.3476,1.3458,1.34712,9319.0
2025-10-01 11:00:00+00:00,1.34711,1.34889,1.34708,1.34821,8801.0
2025-10-01 12:00:00+00:00,1.34821,1.3522,1.34698,1.35127,27923.0
2025-10-01 13:00:00+00:00,1.35128,1.35276,1.35066,1.35174,15670.0
2025-10-01 14:00:00+00:00,1.35174,1.35243,1.34929,1.3507,25005.0
2025-10-01 15:00:00+00:00,1.35068,1.35082,1.34708,1.34718,15570.0
2025-10-01 16:00:00+00:00,1.34719,1.34768,1.34653,1.34742,9012.0
2025-10-01 17:00:00+00:00,1.34742,1.34792,1.34716,1.34728,6126.0
2025-10-01 18:00:00+00:00,1.34728,1.34896,1.34687,1.3486,6535.0
2025-10-01 19:00:00+00:00,1.3486,1.34884,1.34788,1.34799,4208.0
2025-10-01 20:00:00+00:00,1.348,1.34801,1.3472,1.34773,3432.0
2025-10-01 21:00:00+00:00,1.34774,1.34814,1.3476,1.34812,713.0
2025-10-01 22:00:00+00:00,1.34826,1.3483,1.34764,1.34795,1094.0
2025-10-01 23:00:00+00:00,1.34794,1.34834,1.34782,1.34785,1889.0
2025-10-02 00:00:00+00:00,1.34784,1.34786,1.34692,1.34694,6585.0
2025-10-02 01:00:00+00:00,1.34695,1.34843,1.34675,1.3484,6546.0
2025-10-02 02:00:00+00:00,1.34842,1.34879,1.34798,1.34809,4671.0
2025-10-02 03:00:00+00:00,1.34812,1.34815,1.3476,1.34782,5317.0
2025-10-02 04:00:00+00:00,1.34782,1.3479,1.34741,1.34756,4959.0
2025-10-02 05:00:00+00:00,1.34755,1.34788,1.34692,1.34754,4074.0
2025-10-02 06:00:00+00:00,1.34755,1.34896,1.34736,1.34896,9595.0
2025-10-02 07:00:00+00:00,1.34898,1.35008,1.34877,1.34944,10159.0
2025-10-02 08:00:00+00:00,1.34947,1.35104,1.34919,1.35046,8863.0
2025-10-02 09:00:00+00:00,1.35044,1.35081,1.34969,1.3499,8407.0
2025-10-02 10:00:00+00:00,1.34989,1.34989,1.34801,1.34802,7969.0
2025-10-02 11:00:00+00:00,1.34804,1.34831,1.34708,1.34765,8606.0
2025-10-02 12:00:00+00:00,1.34764,1.34831,1.34638,1.3466,10547.0
2025-10-02 13:00:00+00:00,1.34658,1.34686,1.34264,1.34307,14908.0
2025-10-02 14:00:00+00:00,1.34308,1.34308,1.34121,1.34208,17131.0
2025-10-02 15:00:00+00:00,1.34207,1.34273,1.34011,1.34212,13162.0
2025-10-02 16:00:00+00:00,1.34212,1.34394,1.34203,1.34392,8304.0
2025-10-02 17:00:00+00:00,1.34392,1.34457,1.34359,1.3438,6098.0
2025-10-02 18:00:00+00:00,1.34378,1.34481,1.34363,1.34468,5301.0
2025-10-02 19:00:00+00:00,1.34468,1.34522,1.34432,1.34432,4045.0
2025-10-02 20:00:00+00:00,1.34433,1.34498,1.34386,1.34392,4294.0
2025-10-02 21:00:00+00:00,1.34401,1.34444,1.34354,1.3441,1495.0
2025-10-02 22:00:00+00:00,1.34412,1.3455,1.344,1.3441,1357.0
2025-10-02 23:00:00+00:00,1.3441,1.34465,1.34408,1.34464,1563.0
2025-10-03 00:00:00+00:00,1.34463,1.34464,1.34394,1.34448,4643.0
2025-10-03 01:00:00+00:00,1.34448,1.34508,1.34333,1.34456,8160.0
2025-10-03 02:00:00+00:00,1.34456,1.34461,1.3436,1.34396,4648.0
2025-10-03 03:00:00+00:00,1.34398,1.34454,1.34356,1.34448,4463.0
2025-10-03 04:00:00+00:00,1.34448,1.34463,1.34352,1.34356,3351.0
2025-10-03 05:00:00+00:00,1.34354,1.3437,1.34308,1.34322,5535.0
2025-10-03 06:00:00+00:00,1.34324,1.3444,1.34289,1.34342,6753.0
2025-10-03 07:00:00+00:00,1.34341,1.34613,1.34341,1.34604,6845.0
2025-10-03 08:00:00+00:00,1.34606,1.34676,1.34526,1.34581,9346.0
2025-10-03 09:00:00+00:00,1.34579,1.34584,1.3442,1.34539,6616.0
2025-10-03 10:00:00+00:00,1.3454,1.34564,1.34484,1.34526,4658.0
2025-10-03 11:00:00+00:00,1.34526,1.34554,1.34448,1.3449,7408.0
2025-10-03 12:00:00+00:00,1.34491,1.34599,1.3437,1.34583,8897.0
2025-10-03 13:00:00+00:00,1.34584,1.3469,1.34506,1.34648,12368.0
2025-10-03 14:00:00+00:00,1.34663,1.34779,1.34573,1.3472,20104.0
2025-10-03 15:00:00+00:00,1.3472,1.34853,1.34658,1.34796,9152.0
2025-10-03 16:00:00+00:00,1.34794,1.34847,1.34732,1.34776,6423.0
2025-10-03 17:00:00+00:00,1.34777,1.34826,1.3467,1.34712,6541.0
2025-10-03 18:00:00+00:00,1.34712,1.3481,1.34632,1.348,6289.0
2025-10-03 19:00:00+00:00,1.34801,1.34842,1.34771,1.3483,2834.0
2025-10-03 20:00:00+00:00,1.3483,1.34868,1.34767,1.34796,3099.0
2025-10-05 21:00:00+00:00,1.34409,1.34557,1.34395,1.34432,624.0
2025-10-05 22:00:00+00:00,1.34441,1.34494,1.34229,1.34348,4363.0
2025-10-05 23:00:00+00:00,1.34349,1.34388,1.34268,1.34318,11419.0
2025-10-06 00:00:00+00:00,1.3432,1.34404,1.34278,1.34404,11988.0
2025-10-06 01:00:00+00:00,1.34403,1.34508,1.34355,1.34498,8459.0
2025-10-06 02:00:00+00:00,1.345,1.34577,1.34493,1.34549,6091.0
2025-10-06 03:00:00+00:00,1.34548,1.34586,1.34518,1.34522,5712.0
2025-10-06 04:00:00+00:00,1.34521,1.34552,1.34456,1.3447,7878.0
2025-10-06 05:00:00+00:00,1.3447,1.34528,1.34402,1.34436,6314.0
2025-10-06 06:00:00+00:00,1.34438,1.34486,1.34307,1.34416,12140.0
2025-10-06 07:00:00+00:00,1.34416,1.34646,1.34364,1.34436,18738.0
2025-10-06 08:00:00+00:00,1.34436,1.34454,1.34184,1.3436,15386.0
2025-10-06 09:00:00+00:00,1.3436,1.34392,1.34241,1.34372,9871.0
2025-10-06 10:00:00+00:00,1.34372,1.34378,1.34224,1.34224,9320.0
2025-10-06 11:00:00+00:00,1.34224,1.3432,1.34165,1.3425,8733.0
2025-10-06 12:00:00+00:00,1.34248,1.34406,1.34233,1.34377,14025.0
2025-10-06 13:00:00+00:00,1.34376,1.34648,1.34375,1.34616,11501.0
2025-10-06 14:00:00+00:00,1.34614,1.34846,1.34589,1.34803,13337.0
2025-10-06 15:00:00+00:00,1.34802,1.34841,1.34687,1.3475,10497.0
2025-10-06 16:00:00+00:00,1.34749,1.34769,1.3466,1.34754,6554.0
2025-10-06 17:00:00+00:00,1.34755,1.34842,1.34754,1.34841,4857.0
2025-10-06 18:00:00+00:00,1.3484,1.3487,1.34798,1.34825,4201.0
2025-10-06 19:00:00+00:00,1.34826,1.34902,1.34806,1.34817,3992.0
2025-10-06 20:00:00+00:00,1.34816,1.3487,1.34802,1.34855,3256.0
2025-10-06 21:00:00+00:00,1.34856,1.34856,1.3479,1.34812,941.0
2025-10-06 22:00:00+00:00,1.34797,1.34864,1.34797,1.34821,2196.0
2025-10-06 23:00:00+00:00,1.34822,1.34874,1.348,1.34843,2532.0
2025-10-07 00:00:00+00:00,1.34844,1.34847,1.34778,1.34824,6402.0
2025-10-07 01:00:00+00:00,1.34823,1.34823,1.34727,1.3474,6522.0
2025-10-07 02:00:00+00:00,1.3474,1.34797,1.34729,1.34761,3534.0
2025-10-07 03:00:00+00:00,1.3476,1.3481,1.34746,1.34763,4123.0
2025-10-07 04:00:00+00:00,1.34762,1.34808,1.34679,1.34698,4351.0
2025-10-07 05:00:00+00:00,1.34698,1.3471,1.34547,1.346,5600.0
2025-10-07 06:00:00+00:00,1.34601,1.34602,1.34448,1.34529,9048.0
2025-10-07 07:00:00+00:00,1.3453,1.3454,1.34294,1.34369,10301.0
2025-10-07 08:00:00+00:00,1.3437,1.34454,1.34328,1.34371,7933.0
2025-10-07 09:00:00+00:00,1.3437,1.34441,1.34326,1.3444,6787.0
2025-10-07 10:00:00+00:00,1.34442,1.34442,1.34244,1.3426,6806.0
2025-10-07 11:00:00+00:00,1.34263,1.34284,1.33924,1.34014,8154.0
2025-10-07 12:00:00+00:00,1.34012,1.34156,1.33936,1.34144,11606.0
2025-10-07 13:00:00+00:00,1.34144,1.34281,1.34097,1.3418,12481.0
2025-10-07 14:00:00+00:00,1.3418,1.34336,1.34143,1.34315,11385.0
2025-10-07 15:00:00+00:00,1.34316,1.34548,1.34311,1.34402,11287.0
2025-10-07 16:00:00+00:00,1.34402,1.34504,1.34394,1.34428,9394.0
2025-10-07 17:00:00+00:00,1.34427,1.34522,1.344,1.34408,6945.0
2025-10-07 18:00:00+00:00,1.34409,1.34417,1.34291,1.343,8044.0
2025-10-07 19:00:00+00:00,1.34301,1.34312,1.3416,1.34214,5828.0
2025-10-07 20:00:00+00:00,1.34214,1.34262,1.34188,1.3425,2636.0
2025-10-07 21:00:00+00:00,1.3431,1.34315,1.3426,1.34306,2445.0
2025-10-07 22:00:00+00:00,1.3431,1.34317,1.34252,1.34254,932.0
2025-10-07 23:00:00+00:00,1.34254,1.34266,1.34198,1.34206,3152.0
2025-10-08 00:00:00+00:00,1.34206,1.34216,1.3412,1.34158,6481.0
2025-10-08 01:00:00+00:00,1.34158,1.34158,1.33964,1.33974,12331.0
2025-10-08 02:00:00+00:00,1.33977,1.3403,1.3392,1.3397,7215.0
2025-10-08 03:00:00+00:00,1.33971,1.34,1.33906,1.33996,4778.0
2025-10-08 04:00:00+00:00,1.33997,1.34007,1.33902,1.33938,4293.0
2025-10-08 05:00:00+00:00,1.33937,1.33937,1.3385,1.33916,4053.0
2025-10-08 06:00:00+00:00,1.33916,1.33978,1.33841,1.33968,9648.0
2025-10-08 07:00:00+00:00,1.3397,1.34176,1.33943,1.34173,11235.0
2025-10-08 08:00:00+00:00,1.34174,1.34262,1.34055,1.34086,10381.0
2025-10-08 09:00:00+00:00,1.34087,1.34138,1.34002,1.34032,11315.0
2025-10-08 10:00:00+00:00,1.34032,1.34274,1.34017,1.34124,8643.0
2025-10-08 11:00:00+00:00,1.34124,1.34165,1.3401,1.34075,7794.0
2025-10-08 12:00:00+00:00,1.34076,1.34217,1.34075,1.34194,9359.0
2025-10-08 13:00:00+00:00,1.34194,1.34308,1.34172,1.34242,10876.0
2025-10-08 14:00:00+00:00,1.34242,1.34386,1.3419,1.3421,11308.0
2025-10-08 15:00:00+00:00,1.3421,1.34232,1.3387,1.33889,9001.0
2025-10-08 16:00:00+00:00,1.3389,1.33908,1.33722,1.33874,8185.0
2025-10-08 17:00:00+00:00,1.33874,1.33878,1.33794,1.33805,5302.0
2025-10-08 18:00:00+00:00,1.33804,1.33897,1.3371,1.33894,10643.0
2025-10-08 19:00:00+00:00,1.33896,1.34006,1.33896,1.33998,5849.0
2025-10-08 20:00:00+00:00,1.33998,1.34064,1.33966,1.34036,3280.0
2025-10-08 21:00:00+00:00,1.34068,1.34074,1.33996,1.34044,3882.0
2025-10-08 22:00:00+00:00,1.34047,1.3408,1.3402,1.34064,1587.0
2025-10-08 23:00:00+00:00,1.34068,1.34068,1.33994,1.34004,3290.0
2025-10-09 00:00:00+00:00,1.34003,1.34132,1.33994,1.341,5614.0
2025-10-09 01:00:00+00:00,1.341,1.34192,1.3408,1.34098,7194.0
2025-10-09 02:00:00+00:00,1.34098,1.34192,1.34066,1.34162,4246.0
2025-10-09 03:00:00+00:00,1.34162,1.34185,1.34087,1.3415,3401.0
2025-10-09 04:00:00+00:00,1.34151,1.3416,1.34086,1.34126,2709.0
2025-10-09 05:00:00+00:00,1.34127,1.34168,1.34052,1.34057,3776.0
2025-10-09 06:00:00+00:00,1.34058,1.34071,1.3358,1.33642,13397.0
2025-10-09 07:00:00+00:00,1.33646,1.33728,1.33498,1.33527,13364.0
2025-10-09 08:00:00+00:00,1.33528,1.3364,1.33426,1.3362,10160.0
2025-10-09 09:00:00+00:00,1.33618,1.33891,1.33588,1.33873,12465.0
2025-10-09 10:00:00+00:00,1.33874,1.33902,1.33694,1.337,8675.0
2025-10-09 11:00:00+00:00,1.33702,1.3382,1.33587,1.33752,6647.0
2025-10-09 12:00:00+00:00,1.33752,1.33886,1.33685,1.33846,11075.0
2025-10-09 13:00:00+00:00,1.33848,1.33954,1.33562,1.33687,19273.0
2025-10-09 14:00:00+00:00,1.33688,1.33689,1.33261,1.33322,19061.0
2025-10-09 15:00:00+00:00,1.33325,1.33344,1.32912,1.33092,17307.0
2025-10-09 16:00:00+00:00,1.33092,1.3315,1.32912,1.3294,10323.0
2025-10-09 17:00:00+00:00,1.3294,1.33034,1.32886,1.32984,10970.0
2025-10-09 18:00:00+00:00,1.32984,1.32986,1.32794,1.32814,7085.0
2025-10-09 19:00:00+00:00,1.32814,1.32982,1.32814,1.32967,5208.0
2025-10-09 20:00:00+00:00,1.32966,1.33062,1.32958,1.33044,3240.0
2025-10-09 21:00:00+00:00,1.32998,1.33078,1.32988,1.33061,1237.0
2025-10-09 22:00:00+00:00,1.3307,1.3308,1.32984,1.33002,1081.0
2025-10-09 23:00:00+00:00,1.33002,1.33042,1.32928,1.33029,4668.0
2025-10-10 00:00:00+00:00,1.33026,1.3306,1.32962,1.33046,6260.0
2025-10-10 01:00:00+00:00,1.33047,1.33088,1.32999,1.33022,5904.0
2025-10-10 02:00:00+00:00,1.33021,1.3311,1.3301,1.33082,3734.0
2025-10-10 03:00:00+00:00,1.33084,1.33141,1.33066,1.3312,3939.0
2025-10-10 04:00:00+00:00,1.33119,1.33134,1.33052,1.3309,4120.0
2025-10-10 05:00:00+00:00,1.3309,1.33145,1.33068,1.33068,5189.0
2025-10-10 06:00:00+00:00,1.33067,1.33115,1.32885,1.3296,12186.0
2025-10-10 07:00:00+00:00,1.32961,1.33065,1.3279,1.33032,12078.0
2025-10-10 08:00:00+00:00,1.33031,1.3313,1.32979,1.33082,9475.0
2025-10-10 09:00:00+00:00,1.33082,1.33093,1.3287,1.3291,8835.0
2025-10-10 10:00:00+00:00,1.32912,1.32989,1.32618,1.32622,9677.0
2025-10-10 11:00:00+00:00,1.32621,1.32782,1.3262,1.32722,11526.0
2025-10-10 12:00:00+00:00,1.32721,1.32878,1.32719,1.32796,10878.0
2025-10-10 13:00:00+00:00,1.32796,1.3282,1.32687,1.32776,10975.0
2025-10-10 14:00:00+00:00,1.32774,1.33095,1.32724,1.33028,16092.0
2025-10-10 15:00:00+00:00,1.33028,1.33708,1.33016,1.33426,39692.0
2025-10-10 16:00:00+00:00,1.33426,1.33577,1.33382,1.33454,20258.0
2025-10-10 17:00:00+00:00,1.33453,1.33474,1.33319,1.33449,10360.0
2025-10-10 18:00:00+00:00,1.3345,1.33538,1.3343,1.33464,7954.0
2025-10-10 19:00:00+00:00,1.33465,1.33548,1.33422,1.335,5380.0
2025-10-10 20:00:00+00:00,1.33498,1.33602,1.33349,1.33601,9042.0
2025-10-12 21:00:00+00:00,1.335,1.3351,1.33316,1.33375,892.0
2025-10-12 22:00:00+00:00,1.3341,1.33546,1.3337,1.33422,4765.0
2025-10-12 23:00:00+00:00,1.33424,1.3348,1.33354,1.33358,6501.0
2025-10-13 00:00:00+00:00,1.33358,1.33508,1.33354,1.33508,8988.0
2025-10-13 01:00:00+00:00,1.33509,1.33576,1.33452,1.33548,9576.0
2025-10-13 02:00:00+00:00,1.33548,1.33634,1.33506,1.33523,6266.0
2025-10-13 03:00:00+00:00,1.33522,1.33553,1.33486,1.33536,5816.0
2025-10-13 04:00:00+00:00,1.33534,1.33604,1.33525,1.33566,3954.0
2025-10-13 05:00:00+00:00,1.33566,1.33618,1.33471,1.33482,6952.0
2025-10-13 06:00:00+00:00,1.33482,1.33665,1.33461,1.33486,11755.0
2025-10-13 07:00:00+00:00,1.33485,1.335,1.333,1.33349,13483.0
2025-10-13 08:00:00+00:00,1.3335,1.33391,1.3315,1.33263,11183.0
2025-10-13 09:00:00+00:00,1.33264,1.33434,1.33246,1.33373,7882.0
2025-10-13 10:00:00+00:00,1.33374,1.33432,1.33288,1.33368,7777.0
2025-10-13 11:00:00+00:00,1.33368,1.33528,1.33274,1.33308,13068.0
2025-10-13 12:00:00+00:00,1.33309,1.33402,1.33246,1.33336,11168.0
2025-10-13 13:00:00+00:00,1.33336,1.33386,1.33254,1.33328,12586.0
2025-10-13 14:00:00+00:00,1.33328,1.33331,1.33193,1.33268,14956.0
2025-10-13 15:00:00+00:00,1.3327,1.33354,1.33238,1.33284,9216.0
2025-10-13 16:00:00+00:00,1.33286,1.33372,1.33257,1.33304,7237.0
2025-10-13 17:00:00+00:00,1.33304,1.33344,1.33264,1.33322,5197.0
2025-10-13 18:00:00+00:00,1.33321,1.33406,1.33311,1.33342,4844.0
2025-10-13 19:00:00+00:00,1.33344,1.33392,1.33302,1.33308,3698.0
2025-10-13 20:00:00+00:00,1.33309,1.3335,1.33299,1.33334,3824.0
2025-10-13 21:00:00+00:00,1.33295,1.33405,1.33295,1.33358,1217.0
2025-10-13 22:00:00+00:00,1.33358,1.33374,1.33308,1.3331,1447.0
2025-10-13 23:00:00+00:00,1.33312,1.33353,1.33267,1.33322,3372.0
2025-10-14 00:00:00+00:00,1.33323,1.33384,1.33256,1.33364,7984.0
2025-10-14 01:00:00+00:00,1.33363,1.33474,1.33352,1.33436,7306.0
2025-10-14 02:00:00+00:00,1.33436,1.33458,1.33398,1.3344,4240.0
2025-10-14 03:00:00+00:00,1.33438,1.33502,1.334,1.33451,5348.0
2025-10-14 04:00:00+00:00,1.33452,1.33528,1.33434,1.33522,8485.0
2025-10-14 05:00:00+00:00,1.33522,1.33523,1.33404,1.3341,9335.0
2025-10-14 06:00:00+00:00,1.33411,1.33414,1.32748,1.32803,19364.0
2025-10-14 07:00:00+00:00,1.32802,1.32834,1.32525,1.3257,16465.0
2025-10-14 08:00:00+00:00,1.32566,1.32842,1.32534,1.32841,11117.0
2025-10-14 09:00:00+00:00,1.3284,1.32841,1.3264,1.32679,10021.0
2025-10-14 10:00:00+00:00,1.32677,1.32718,1.32586,1.32646,10766.0
2025-10-14 11:00:00+00:00,1.32645,1.32761,1.32613,1.32689,10411.0
2025-10-14 12:00:00+00:00,1.32688,1.32726,1.32486,1.32616,13841.0
2025-10-14 13:00:00+00:00,1.32613,1.3296,1.32608,1.3282,19544.0
2025-10-14 14:00:00+00:00,1.32818,1.33032,1.32795,1.32968,19210.0
2025-10-14 15:00:00+00:00,1.32969,1.33192,1.32883,1.33178,15707.0
2025-10-14 16:00:00+00:00,1.33178,1.33296,1.33068,1.33178,13966.0
2025-10-14 17:00:00+00:00,1.33178,1.33302,1.33122,1.33279,9293.0
2025-10-14 18:00:00+00:00,1.33278,1.33319,1.33204,1.33278,8335.0
2025-10-14 19:00:00+00:00,1.33278,1.33323,1.33224,1.33255,8561.0
2025-10-14 20:00:00+00:00,1.33256,1.33272,1.33142,1.33204,2511.0
2025-10-14 21:00:00+00:00,1.33201,1.33238,1.33166,1.33195,1409.0
2025-10-14 22:00:00+00:00,1.33188,1.33231,1.33187,1.3319,1653.0
2025-10-14 23:00:00+00:00,1.3319,1.33247,1.3317,1.33216,2429.0
2025-10-15 00:00:00+00:00,1.33216,1.33309,1.332,1.33286,7948.0
2025-10-15 01:00:00+00:00,1.33286,1.33408,1.33257,1.33402,8372.0
2025-10-15 02:00:00+00:00,1.33401,1.33514,1.334,1.33494,7014.0
2025-10-15 03:00:00+00:00,1.33494,1.3354,1.33482,1.33514,5580.0
2025-10-15 04:00:00+00:00,1.33516,1.33542,1.33448,1.33487,4962.0
2025-10-15 05:00:00+00:00,1.3349,1.3359,1.33466,1.33526,5377.0
2025-10-15 06:00:00+00:00,1.33526,1.33736,1.33506,1.33626,12073.0
2025-10-15 07:00:00+00:00,1.33626,1.3364,1.33418,1.335,12365.0
2025-10-15 08:00:00+00:00,1.335,1.33556,1.33414,1.33458,10814.0
2025-10-15 09:00:00+00:00,1.33458,1.33572,1.3336,1.3351,10714.0
2025-10-15 10:00:00+00:00,1.33508,1.3366,1.33468,1.33647,6412.0
2025-10-15 11:00:00+00:00,1.33648,1.33667,1.33501,1.3352,7859.0
2025-10-15 12:00:00+00:00,1.3352,1.33564,1.33414,1.33458,13321.0
2025-10-15 13:00:00+00:00,1.33459,1.33528,1.3335,1.33498,16370.0
2025-10-15 14:00:00+00:00,1.33497,1.3367,1.33466,1.33651,11576.0
2025-10-15 15:00:00+00:00,1.33652,1.34034,1.33621,1.33939,13887.0
2025-10-15 16:00:00+00:00,1.3394,1.33948,1.33844,1.33908,10531.0
2025-10-15 17:00:00+00:00,1.33907,1.33907,1.33716,1.33771,11983.0
2025-10-15 18:00:00+00:00,1.3377,1.33871,1.33704,1.33828,6978.0
2025-10-15 19:00:00+00:00,1.3383,1.33938,1.33828,1.33936,4877.0
2025-10-15 20:00:00+00:00,1.33935,1.3408,1.33922,1.34024,4092.0
2025-10-15 21:00:00+00:00,1.34013,1.34034,1.33924,1.33938,1538.0
2025-10-15 22:00:00+00:00,1.33944,1.3408,1.33944,1.34039,2212.0
2025-10-15 23:00:00+00:00,1.3404,1.34048,1.34004,1.34033,3752.0
2025-10-16 00:00:00+00:00,1.34034,1.34286,1.34,1.34222,11849.0
2025-10-16 01:00:00+00:00,1.34222,1.34422,1.34219,1.34362,9857.0
2025-10-16 02:00:00+00:00,1.34366,1.34398,1.34286,1.3431,6620.0
2025-10-16 03:00:00+00:00,1.3431,1.3432,1.34219,1.3422,4487.0
2025-10-16 04:00:00+00:00,1.3422,1.3423,1.34126,1.34143,3523.0
2025-10-16 05:00:00+00:00,1.34142,1.3421,1.34118,1.3417,6252.0
2025-10-16 06:00:00+00:00,1.3417,1.3423,1.3404,1.34108,11949.0
2025-10-16 07:00:00+00:00,1.34106,1.34279,1.34084,1.34266,14650.0
2025-10-16 08:00:00+00:00,1.34266,1.34432,1.34238,1.34382,10502.0
2025-10-16 09:00:00+00:00,1.34382,1.34414,1.34328,1.34364,7769.0
2025-10-16 10:00:00+00:00,1.34363,1.34482,1.343,1.34339,8231.0
2025-10-16 11:00:00+00:00,1.34339,1.34456,1.34217,1.34406,11621.0
2025-10-16 12:00:00+00:00,1.34405,1.3449,1.3424,1.34478,13698.0
2025-10-16 13:00:00+00:00,1.34478,1.34546,1.34203,1.34208,15497.0
2025-10-16 14:00:00+00:00,1.34209,1.34362,1.34118,1.34336,17904.0
2025-10-16 15:00:00+00:00,1.34337,1.34362,1.34176,1.3423,16765.0
2025-10-16 16:00:00+00:00,1.34228,1.34334,1.3415,1.34267,16260.0
2025-10-16 17:00:00+00:00,1.34268,1.3448,1.34258,1.34381,13558.0
2025-10-16 18:00:00+00:00,1.3438,1.34383,1.34199,1.3435,10558.0
2025-10-16 19:00:00+00:00,1.3435,1.34386,1.34298,1.3434,8403.0
2025-10-16 20:00:00+00:00,1.34338,1.34371,1.3431,1.34354,3670.0
2025-10-16 21:00:00+00:00,1.34346,1.34396,1.34308,1.34342,1670.0
2025-10-16 22:00:00+00:00,1.34338,1.34453,1.34336,1.34371,2077.0
2025-10-16 23:00:00+00:00,1.34374,1.34455,1.3436,1.3444,3754.0
2025-10-17 00:00:00+00:00,1.34442,1.34522,1.34402,1.34472,8917.0
2025-10-17 01:00:00+00:00,1.34472,1.34514,1.3438,1.34388,11466.0
2025-10-17 02:00:00+00:00,1.34386,1.3449,1.34314,1.34442,7946.0
2025-10-17 03:00:00+00:00,1.34443,1.34514,1.34438,1.34484,6238.0
2025-10-17 04:00:00+00:00,1.34484,1.34538,1.3446,1.34525,4965.0
2025-10-17 05:00:00+00:00,1.34523,1.34714,1.34518,1.34691,6261.0
2025-10-17 06:00:00+00:00,1.34692,1.34716,1.34502,1.34555,13892.0
2025-10-17 07:00:00+00:00,1.34554,1.34581,1.34245,1.34324,18892.0
2025-10-17 08:00:00+00:00,1.34325,1.34374,1.34113,1.3424,11853.0
2025-10-17 09:00:00+00:00,1.34239,1.34396,1.34235,1.34354,7854.0
2025-10-17 10:00:00+00:00,1.34356,1.34416,1.34277,1.34343,10240.0
2025-10-17 11:00:00+00:00,1.34344,1.34434,1.34305,1.34348,13584.0
2025-10-17 12:00:00+00:00,1.3435,1.3436,1.34084,1.34122,17189.0
2025-10-17 13:00:00+00:00,1.34123,1.3423,1.34016,1.34039,17317.0
2025-10-17 14:00:00+00:00,1.34038,1.34094,1.33912,1.33919,18907.0
2025-10-17 15:00:00+00:00,1.3392,1.34224,1.33908,1.34222,16216.0
2025-10-17 16:00:00+00:00,1.34224,1.3431,1.3413,1.34172,11012.0
2025-10-17 17:00:00+00:00,1.34169,1.34252,1.34108,1.34168,10453.0
2025-10-17 18:00:00+00:00,1.34168,1.3439,1.34136,1.3434,10207.0
2025-10-17 19:00:00+00:00,1.34338,1.34379,1.3429,1.34376,5416.0
2025-10-17 20:00:00+00:00,1.34378,1.34379,1.3421,1.34258,5104.0
2025-10-19 21:00:00+00:00,1.34314,1.34342,1.34228,1.34259,644.0
2025-10-19 22:00:00+00:00,1.34258,1.34296,1.34226,1.3428,1801.0
2025-10-19 23:00:00+00:00,1.34281,1.34309,1.34246,1.3425,3012.0
2025-10-20 00:00:00+00:00,1.3425,1.34349,1.34218,1.34341,6819.0
2025-10-20 01:00:00+00:00,1.34342,1.34372,1.34272,1.34327,6945.0
2025-10-20 02:00:00+00:00,1.3433,1.34431,1.34325,1.34355,4309.0
2025-10-20 03:00:00+00:00,1.34356,1.34412,1.34341,1.34401,3591.0
2025-10-20 04:00:00+00:00,1.34402,1.3443,1.34356,1.3436,3692.0
2025-10-20 05:00:00+00:00,1.34358,1.34411,1.34327,1.34406,4673.0
2025-10-20 06:00:00+00:00,1.34406,1.34408,1.34157,1.34167,10301.0
2025-10-20 07:00:00+00:00,1.34168,1.34278,1.34056,1.3416,11129.0
2025-10-20 08:00:00+00:00,1.34159,1.34286,1.34117,1.34276,9029.0
2025-10-20 09:00:00+00:00,1.34276,1.34391,1.34247,1.34282,11622.0
2025-10-20 10:00:00+00:00,1.34282,1.34324,1.341,1.34104,8413.0
2025-10-20 11:00:00+00:00,1.34106,1.34135,1.34,1.3412,9413.0
2025-10-20 12:00:00+00:00,1.34123,1.34298,1.34097,1.34258,11957.0
2025-10-20 13:00:00+00:00,1.3426,1.3427,1.34022,1.34044,12085.0
2025-10-20 14:00:00+00:00,1.34044,1.34252,1.3402,1.34162,10189.0
2025-10-20 15:00:00+00:00,1.34161,1.34277,1.3411,1.34201,10106.0
2025-10-20 16:00:00+00:00,1.342,1.34236,1.34117,1.34158,7362.0
2025-10-20 17:00:00+00:00,1.34156,1.34163,1.34024,1.34024,6127.0
2025-10-20 18:00:00+00:00,1.34022,1.34114,1.34002,1.34092,4869.0
2025-10-20 19:00:00+00:00,1.34094,1.34133,1.34051,1.34064,3997.0
2025-10-20 20:00:00+00:00,1.34065,1.34111,1.34039,1.34049,2263.0
2025-10-20 21:00:00+00:00,1.3408,1.3412,1.34038,1.34081,1006.0
2025-10-20 22:00:00+00:00,1.34082,1.34089,1.3404,1.34044,1038.0
2025-10-20 23:00:00+00:00,1.34043,1.34054,1.3403,1.34044,1749.0
2025-10-21 00:00:00+00:00,1.34043,1.34162,1.3403,1.34145,6077.0
2025-10-21 01:00:00+00:00,1.34143,1.34143,1.33992,1.34004,6519.0
2025-10-21 02:00:00+00:00,1.34004,1.34006,1.33908,1.3393,5985.0
2025-10-21 03:00:00+00:00,1.3393,1.33938,1.33898,1.3393,4112.0
2025-10-21 04:00:00+00:00,1.3393,1.3394,1.33877,1.33923,5301.0
2025-10-21 05:00:00+00:00,1.33924,1.3394,1.33742,1.33752,7357.0
2025-10-21 06:00:00+00:00,1.33756,1.33925,1.33722,1.339,11079.0
2025-10-21 07:00:00+00:00,1.33899,1.33976,1.33798,1.3393,14590.0
2025-10-21 08:00:00+00:00,1.33931,1.33931,1.33738,1.338,15895.0
2025-10-21 09:00:00+00:00,1.338,1.33918,1.33753,1.33846,9648.0
2025-10-21 10:00:00+00:00,1.33846,1.33878,1.33661,1.3383,11031.0
2025-10-21 11:00:00+00:00,1.3383,1.33948,1.33724,1.33846,10658.0
2025-10-21 12:00:00+00:00,1.33848,1.33894,1.33694,1.33868,14861.0
2025-10-21 13:00:00+00:00,1.33866,1.33881,1.33612,1.33768,18128.0
2025-10-21 14:00:00+00:00,1.33768,1.33868,1.33643,1.33728,18371.0
2025-10-21 15:00:00+00:00,1.33729,1.3394,1.33728,1.33888,13223.0
2025-10-21 16:00:00+00:00,1.3389,1.33982,1.33716,1.33734,13471.0
2025-10-21 17:00:00+00:00,1.33733,1.33736,1.33655,1.33724,9357.0
2025-10-21 18:00:00+00:00,1.33724,1.33771,1.33714,1.33725,6825.0
2025-10-21 19:00:00+00:00,1.33726,1.33756,1.33692,1.33718,5227.0
2025-10-21 20:00:00+00:00,1.33719,1.3372,1.33659,1.3369,3139.0
2025-10-21 21:00:00+00:00,1.33709,1.33726,1.33668,1.33706,799.0
2025-10-21 22:00:00+00:00,1.33706,1.33716,1.33669,1.33688,1223.0
2025-10-21 23:00:00+00:00,1.33687,1.33698,1.33641,1.33652,2513.0
2025-10-22 00:00:00+00:00,1.33651,1.33746,1.3364,1.33714,9828.0
2025-10-22 01:00:00+00:00,1.33716,1.33774,1.33679,1.33712,6870.0
2025-10-22 02:00:00+00:00,1.33711,1.33803,1.3371,1.33764,4481.0
2025-10-22 03:00:00+00:00,1.33763,1.33769,1.33711,1.33742,3609.0
2025-10-22 04:00:00+00:00,1.33742,1.33801,1.3374,1.33792,3613.0
2025-10-22 05:00:00+00:00,1.33793,1.33872,1.33792,1.33834,4450.0
2025-10-22 06:00:00+00:00,1.33834,1.33842,1.33292,1.33348,20361.0
2025-10-22 07:00:00+00:00,1.33351,1.33383,1.33194,1.33223,15255.0
2025-10-22 08:00:00+00:00,1.33222,1.33262,1.33128,1.33208,15807.0
2025-10-22 09:00:00+00:00,1.33206,1.33273,1.33168,1.33189,10367.0
2025-10-22 10:00:00+00:00,1.33188,1.33232,1.33058,1.33129,8882.0
2025-10-22 11:00:00+00:00,1.33126,1.33334,1.33114,1.33282,10173.0
2025-10-22 12:00:00+00:00,1.33282,1.33406,1.33102,1.33238,14228.0
2025-10-22 13:00:00+00:00,1.33238,1.3344,1.3316,1.33418,15865.0
2025-10-22 14:00:00+00:00,1.33419,1.33575,1.33417,1.33548,15700.0
2025-10-22 15:00:00+00:00,1.33548,1.33746,1.33542,1.33704,14791.0
2025-10-22 16:00:00+00:00,1.33702,1.33766,1.33645,1.33713,13225.0
2025-10-22 17:00:00+00:00,1.33713,1.33726,1.33578,1.33606,10690.0
2025-10-22 18:00:00+00:00,1.33605,1.33618,1.33542,1.33558,7877.0
2025-10-22 19:00:00+00:00,1.33556,1.3361,1.33526,1.33567,5364.0
2025-10-22 20:00:00+00:00,1.33567,1.33621,1.33555,1.3356,1984.0
2025-10-22 21:00:00+00:00,1.3353,1.336,1.33521,1.33548,1544.0
2025-10-22 22:00:00+00:00,1.33548,1.33599,1.33544,1.33561,1415.0
2025-10-22 23:00:00+00:00,1.3356,1.33564,1.33495,1.33508,2575.0
2025-10-23 00:00:00+00:00,1.33507,1.33508,1.33395,1.33458,5732.0
2025-10-23 01:00:00+00:00,1.33458,1.33474,1.3339,1.33394,5873.0
2025-10-23 02:00:00+00:00,1.33393,1.334,1.33348,1.3337,4329.0
2025-10-23 03:00:00+00:00,1.33372,1.33404,1.33328,1.33332,3693.0
2025-10-23 04:00:00+00:00,1.33332,1.33396,1.33298,1.3339,3263.0
2025-10-23 05:00:00+00:00,1.3339,1.3351,1.33383,1.33477,3385.0
2025-10-23 06:00:00+00:00,1.33476,1.33574,1.33446,1.33497,8354.0
2025-10-23 07:00:00+00:00,1.33498,1.3356,1.33445,1.33509,8755.0
2025-10-23 08:00:00+00:00,1.3351,1.33554,1.3344,1.33498,7719.0
2025-10-23 09:00:00+00:00,1.33497,1.33548,1.3348,1.3349,5692.0
2025-10-23 10:00:00+00:00,1.33488,1.33522,1.3335,1.33371,6511.0
2025-10-23 11:00:00+00:00,1.3337,1.33424,1.33338,1.33362,6687.0
2025-10-23 12:00:00+00:00,1.33364,1.33503,1.33268,1.33435,9733.0
2025-10-23 13:00:00+00:00,1.33434,1.3348,1.33246,1.33272,14683.0
2025-10-23 14:00:00+00:00,1.33273,1.33374,1.332,1.3322,12581.0
2025-10-23 15:00:00+00:00,1.33222,1.3326,1.33109,1.3321,12138.0
2025-10-23 16:00:00+00:00,1.3321,1.33264,1.33119,1.33126,7141.0
2025-10-23 17:00:00+00:00,1.33124,1.33212,1.33082,1.33172,6884.0
2025-10-23 18:00:00+00:00,1.33172,1.33243,1.3316,1.33232,4966.0
2025-10-23 19:00:00+00:00,1.33238,1.33268,1.33228,1.33241,3853.0
2025-10-23 20:00:00+00:00,1.3324,1.33283,1.33208,1.3326,2125.0
2025-10-23 21:00:00+00:00,1.33248,1.33268,1.33244,1.33262,10560.0
2025-10-23 22:00:00+00:00,1.3326,1.333,1.33257,1.33266,1292.0
2025-10-23 23:00:00+00:00,1.33266,1.33282,1.33242,1.33267,2191.0
2025-10-24 00:00:00+00:00,1.33268,1.33324,1.33255,1.33302,7219.0
2025-10-24 01:00:00+00:00,1.33301,1.33314,1.33212,1.33214,7160.0
2025-10-24 02:00:00+00:00,1.33216,1.33262,1.33174,1.33186,5896.0
2025-10-24 03:00:00+00:00,1.33185,1.33282,1.33185,1.33254,4563.0
2025-10-24 04:00:00+00:00,1.33256,1.33256,1.3319,1.33211,4503.0
2025-10-24 05:00:00+00:00,1.3321,1.33212,1.33116,1.33192,4998.0
2025-10-24 06:00:00+00:00,1.33189,1.33336,1.33124,1.33324,11159.0
2025-10-24 07:00:00+00:00,1.33322,1.33333,1.33142,1.33156,13427.0
2025-10-24 08:00:00+00:00,1.33158,1.33266,1.33006,1.33208,11745.0
2025-10-24 09:00:00+00:00,1.33208,1.33252,1.33134,1.33219,9293.0
2025-10-24 10:00:00+00:00,1.3322,1.33255,1.3314,1.33174,6961.0
2025-10-24 11:00:00+00:00,1.33174,1.332,1.33002,1.3306,8809.0
2025-10-24 12:00:00+00:00,1.33063,1.33708,1.33047,1.33457,24162.0
2025-10-24 13:00:00+00:00,1.33458,1.33592,1.33288,1.33384,22086.0
2025-10-24 14:00:00+00:00,1.33383,1.33394,1.32936,1.33004,19106.0
2025-10-24 15:00:00+00:00,1.33004,1.33082,1.3291,1.32962,14359.0
2025-10-24 16:00:00+00:00,1.32962,1.32994,1.32874,1.32956,7316.0
2025-10-24 17:00:00+00:00,1.32956,1.33068,1.32956,1.33028,5562.0
2025-10-24 18:00:00+00:00,1.33028,1.33066,1.33006,1.33044,5588.0
2025-10-24 19:00:00+00:00,1.33044,1.33125,1.33028,1.33118,3348.0
2025-10-24 20:00:00+00:00,1.33119,1.33177,1.33068,1.33108,6563.0
2025-10-26 21:00:00+00:00,1.3326,1.33268,1.33218,1.33237,513.0
2025-10-26 22:00:00+00:00,1.33236,1.33278,1.33182,1.3323,3429.0
2025-10-26 23:00:00+00:00,1.3323,1.33251,1.33186,1.33218,3477.0
2025-10-27 00:00:00+00:00,1.33216,1.33284,1.33176,1.33242,6061.0
2025-10-27 01:00:00+00:00,1.33242,1.3336,1.33216,1.33279,7478.0
2025-10-27 02:00:00+00:00,1.3328,1.33282,1.33212,1.33232,4714.0
2025-10-27 03:00:00+00:00,1.33232,1.33268,1.33201,1.3322,3668.0
2025-10-27 04:00:00+00:00,1.3322,1.33224,1.3313,1.33162,4130.0
2025-10-27 05:00:00+00:00,1.33162,1.33225,1.33128,1.33207,4860.0
2025-10-27 06:00:00+00:00,1.33206,1.33347,1.33206,1.33236,7385.0
2025-10-27 07:00:00+00:00,1.33238,1.3326,1.33104,1.33156,8348.0
2025-10-27 08:00:00+00:00,1.33156,1.3334,1.33106,1.33267,11080.0
2025-10-27 09:00:00+00:00,1.33268,1.33469,1.33232,1.33452,9218.0
2025-10-27 10:00:00+00:00,1.33454,1.3351,1.33418,1.33448,7139.0
2025-10-27 11:00:00+00:00,1.33449,1.33532,1.33376,1.33478,7994.0
2025-10-27 12:00:00+00:00,1.33479,1.33523,1.33409,1.33479,8863.0
2025-10-27 13:00:00+00:00,1.3348,1.33518,1.33256,1.33346,11007.0
2025-10-27 14:00:00+00:00,1.33346,1.33368,1.33262,1.3331,12360.0
2025-10-27 15:00:00+00:00,1.3331,1.33329,1.33176,1.33293,11128.0
2025-10-27 16:00:00+00:00,1.33292,1.33353,1.33236,1.33352,7300.0
2025-10-27 17:00:00+00:00,1.33352,1.33392,1.33328,1.33338,5976.0
2025-10-27 18:00:00+00:00,1.33338,1.3339,1.33246,1.3338,7029.0
2025-10-27 19:00:00+00:00,1.3338,1.33388,1.33288,1.33352,5708.0
2025-10-27 20:00:00+00:00,1.33352,1.33392,1.33325,1.3335,2582.0
2025-10-27 21:00:00+00:00,1.33366,1.33398,1.33366,1.33382,6627.0
2025-10-27 22:00:00+00:00,1.33382,1.334,1.33357,1.33395,3244.0
2025-10-27 23:00:00+00:00,1.33396,1.33448,1.33385,1.33407,2035.0
2025-10-28 00:00:00+00:00,1.33405,1.33541,1.3337,1.335,5567.0
2025-10-28 01:00:00+00:00,1.335,1.33582,1.33477,1.33524,8383.0
2025-10-28 02:00:00+00:00,1.33524,1.33587,1.33487,1.3349,7238.0
2025-10-28 03:00:00+00:00,1.3349,1.33578,1.33487,1.33562,6118.0
2025-10-28 04:00:00+00:00,1.33561,1.33671,1.33554,1.33664,7231.0
2025-10-28 05:00:00+00:00,1.33665,1.33696,1.33607,1.33624,6285.0
2025-10-28 06:00:00+00:00,1.33624,1.33674,1.33522,1.33528,7543.0
2025-10-28 07:00:00+00:00,1.33526,1.33528,1.33316,1.33362,10318.0
2025-10-28 08:00:00+00:00,1.33362,1.33383,1.33013,1.33078,14488.0
2025-10-28 09:00:00+00:00,1.33077,1.33226,1.33006,1.33174,9059.0
2025-10-28 10:00:00+00:00,1.33174,1.33288,1.33116,1.33254,10369.0
2025-10-28 11:00:00+00:00,1.33255,1.3326,1.33042,1.33078,9300.0
2025-10-28 12:00:00+00:00,1.3308,1.33138,1.3279,1.32844,13410.0
2025-10-28 13:00:00+00:00,1.32843,1.32852,1.32476,1.32562,15392.0
2025-10-28 14:00:00+00:00,1.32561,1.32789,1.32542,1.32766,13742.0
2025-10-28 15:00:00+00:00,1.32766,1.32834,1.32675,1.32772,11363.0
2025-10-28 16:00:00+00:00,1.32772,1.32911,1.32742,1.32898,11645.0
2025-10-28 17:00:00+00:00,1.32899,1.32902,1.32756,1.32772,8137.0
2025-10-28 18:00:00+00:00,1.32772,1.3283,1.32699,1.32798,6127.0
2025-10-28 19:00:00+00:00,1.32798,1.32838,1.32727,1.3273,6071.0
2025-10-28 20:00:00+00:00,1.3273,1.32791,1.32694,1.32718,2940.0
2025-10-28 21:00:00+00:00,1.32736,1.32758,1.32714,1.32752,827.0
2025-10-28 22:00:00+00:00,1.3275,1.32761,1.32706,1.3272,2059.0
2025-10-28 23:00:00+00:00,1.32721,1.3279,1.32694,1.32787,2480.0
2025-10-29 00:00:00+00:00,1.32786,1.32808,1.32684,1.32724,9431.0
2025-10-29 01:00:00+00:00,1.32724,1.32744,1.32638,1.32642,7469.0
2025-10-29 02:00:00+00:00,1.3264,1.32681,1.32571,1.3264,5348.0
2025-10-29 03:00:00+00:00,1.32642,1.32644,1.32508,1.32526,4894.0
2025-10-29 04:00:00+00:00,1.32525,1.32548,1.32494,1.32512,5202.0
2025-10-29 05:00:00+00:00,1.32512,1.32514,1.32334,1.32354,6475.0
2025-10-29 06:00:00+00:00,1.32354,1.32412,1.32252,1.32268,6157.0
2025-10-29 07:00:00+00:00,1.32266,1.32346,1.32206,1.32284,10513.0
2025-10-29 08:00:00+00:00,1.32283,1.32296,1.32086,1.32088,10244.0
2025-10-29 09:00:00+00:00,1.32088,1.32286,1.31977,1.32203,9536.0
2025-10-29 10:00:00+00:00,1.32202,1.3223,1.32144,1.32185,7661.0
2025-10-29 11:00:00+00:00,1.32184,1.32252,1.32145,1.32178,8538.0
2025-10-29 12:00:00+00:00,1.32178,1.32214,1.31969,1.32037,11124.0
2025-10-29 13:00:00+00:00,1.32036,1.32244,1.31946,1.32063,13622.0
2025-10-29 14:00:00+00:00,1.32062,1.32276,1.32022,1.32274,13873.0
2025-10-29 15:00:00+00:00,1.32274,1.32476,1.32257,1.32416,14992.0
2025-10-29 16:00:00+00:00,1.32416,1.32446,1.32268,1.32279,11460.0
2025-10-29 17:00:00+00:00,1.32274,1.32319,1.32166,1.32264,7406.0
2025-10-29 18:00:00+00:00,1.32268,1.32282,1.31403,1.31611,39154.0
2025-10-29 19:00:00+00:00,1.3161,1.31952,1.31456,1.31942,25468.0
2025-10-29 20:00:00+00:00,1.31942,1.3201,1.31807,1.31944,7314.0
2025-10-29 21:00:00+00:00,1.31934,1.32012,1.31858,1.31958,2651.0
2025-10-29 22:00:00+00:00,1.3196,1.31976,1.31925,1.31938,1750.0
2025-10-29 23:00:00+00:00,1.31939,1.31988,1.31918,1.31948,2828.0
2025-10-30 00:00:00+00:00,1.31947,1.32074,1.31874,1.32037,8307.0
2025-10-30 01:00:00+00:00,1.32036,1.32076,1.31966,1.32062,8492.0
2025-10-30 02:00:00+00:00,1.32062,1.32104,1.32027,1.32045,6330.0
2025-10-30 03:00:00+00:00,1.32046,1.32097,1.31968,1.3203,9252.0
2025-10-30 04:00:00+00:00,1.3203,1.32182,1.3201,1.32166,14456.0
2025-10-30 05:00:00+00:00,1.32167,1.3219,1.32085,1.32104,7988.0
2025-10-30 06:00:00+00:00,1.32103,1.32143,1.31967,1.32023,9867.0
2025-10-30 07:00:00+00:00,1.32022,1.3212,1.31924,1.3198,12804.0
2025-10-30 08:00:00+00:00,1.31986,1.32112,1.31851,1.32074,13513.0
2025-10-30 09:00:00+00:00,1.32074,1.32092,1.31843,1.31888,10161.0
2025-10-30 10:00:00+00:00,1.3189,1.31898,1.31746,1.31766,8586.0
2025-10-30 11:00:00+00:00,1.31766,1.31909,1.31743,1.31784,9495.0
2025-10-30 12:00:00+00:00,1.31784,1.31856,1.31356,1.31376,12360.0
2025-10-30 13:00:00+00:00,1.31376,1.31644,1.31166,1.31568,18728.0
2025-10-30 14:00:00+00:00,1.31568,1.31806,1.3152,1.31574,17886.0
2025-10-30 15:00:00+00:00,1.31575,1.31694,1.3145,1.31462,8584.0
2025-10-30 16:00:00+00:00,1.31464,1.31604,1.3135,1.31556,8114.0
2025-10-30 17:00:00+00:00,1.31558,1.31594,1.31461,1.31528,7852.0
2025-10-30 18:00:00+00:00,1.31528,1.3158,1.3146,1.31474,6871.0
2025-10-30 19:00:00+00:00,1.31477,1.31504,1.31394,1.31446,5924.0
2025-10-30 20:00:00+00:00,1.31446,1.3156,1.31434,1.3151,2900.0
2025-10-30 21:00:00+00:00,1.31505,1.31547,1.31497,1.3153,4028.0
2025-10-30 22:00:00+00:00,1.31536,1.31547,1.31508,1.31535,1455.0
2025-10-30 23:00:00+00:00,1.31536,1.31603,1.31507,1.31588,1868.0
2025-10-31 00:00:00+00:00,1.31587,1.31614,1.31553,1.31592,5013.0
2025-10-31 01:00:00+00:00,1.31594,1.31649,1.3153,1.31535,5529.0
2025-10-31 02:00:00+00:00,1.31534,1.31583,1.31501,1.3153,4885.0
2025-10-31 03:00:00+00:00,1.31528,1.31554,1.31502,1.3152,4174.0
2025-10-31 04:00:00+00:00,1.31518,1.31573,1.31511,1.31569,3086.0
2025-10-31 05:00:00+00:00,1.3157,1.31572,1.3148,1.315,4016.0
2025-10-31 06:00:00+00:00,1.315,1.31572,1.31368,1.31402,5694.0
2025-10-31 07:00:00+00:00,1.31398,1.31508,1.3125,1.31452,9263.0
2025-10-31 08:00:00+00:00,1.31452,1.31467,1.31384,1.31408,8519.0
2025-10-31 09:00:00+00:00,1.31409,1.31484,1.3133,1.31434,7313.0
2025-10-31 10:00:00+00:00,1.31437,1.31479,1.313,1.31308,6364.0
2025-10-31 11:00:00+00:00,1.31308,1.314,1.3115,1.31286,8237.0
2025-10-31 12:00:00+00:00,1.31286,1.31289,1.31047,1.31066,11741.0
2025-10-31 13:00:00+00:00,1.31066,1.31166,1.30973,1.31138,13023.0
2025-10-31 14:00:00+00:00,1.31136,1.3127,1.31038,1.31247,12755.0
2025-10-31 15:00:00+00:00,1.31245,1.31392,1.31161,1.31386,14208.0
2025-10-31 16:00:00+00:00,1.31386,1.3143,1.31264,1.31282,10679.0
2025-10-31 17:00:00+00:00,1.31282,1.31378,1.31231,1.31316,6924.0
2025-10-31 18:00:00+00:00,1.31314,1.31426,1.31296,1.31398,5293.0
2025-10-31 19:00:00+00:00,1.31398,1.3144,1.31358,1.31364,3577.0
2025-10-31 20:00:00+00:00,1.31363,1.31506,1.3136,1.31506,5098.0
2025-11-02 22:00:00+00:00,1.31311,1.31425,1.31306,1.31406,685.0
2025-11-02 23:00:00+00:00,1.31405,1.31426,1.31326,1.31339,6678.0
2025-11-03 00:00:00+00:00,1.31338,1.31372,1.313,1.31354,4900.0
2025-11-03 01:00:00+00:00,1.31354,1.3137,1.31324,1.31348,5104.0
2025-11-03 02:00:00+00:00,1.31348,1.31424,1.3133,1.31386,4265.0
2025-11-03 03:00:00+00:00,1.31386,1.31414,1.31374,1.31393,3849.0
2025-11-03 04:00:00+00:00,1.31394,1.31448,1.31386,1.31415,3146.0
2025-11-03 05:00:00+00:00,1.31414,1.3146,1.31398,1.31421,3999.0
2025-11-03 06:00:00+00:00,1.31422,1.31492,1.31418,1.31466,4575.0
2025-11-03 07:00:00+00:00,1.31464,1.31492,1.31344,1.31382,7250.0
2025-11-03 08:00:00+00:00,1.31382,1.31388,1.31174,1.31239,8757.0
2025-11-03 09:00:00+00:00,1.3124,1.3135,1.31185,1.31254,7126.0
2025-11-03 10:00:00+00:00,1.31254,1.31391,1.31206,1.31304,8120.0
2025-11-03 11:00:00+00:00,1.31302,1.3139,1.3124,1.31278,5895.0
2025-11-03 12:00:00+00:00,1.3128,1.3147,1.3126,1.31406,5996.0
2025-11-03 13:00:00+00:00,1.31404,1.31404,1.31211,1.31268,8219.0
2025-11-03 14:00:00+00:00,1.31268,1.31294,1.31084,1.31136,10789.0
2025-11-03 15:00:00+00:00,1.31136,1.31474,1.31136,1.31463,14752.0
2025-11-03 16:00:00+00:00,1.31462,1.31508,1.31408,1.31479,10727.0
2025-11-03 17:00:00+00:00,1.31478,1.31624,1.31424,1.31448,6974.0
2025-11-03 18:00:00+00:00,1.31447,1.31481,1.31352,1.31384,5375.0
2025-11-03 19:00:00+00:00,1.31384,1.31419,1.31348,1.31377,5553.0
2025-11-03 20:00:00+00:00,1.31378,1.31418,1.31366,1.31391,3714.0
2025-11-03 21:00:00+00:00,1.31391,1.31418,1.31357,1.31388,2113.0
2025-11-03 22:00:00+00:00,1.31416,1.31454,1.31364,1.3138,1871.0
2025-11-03 23:00:00+00:00,1.31378,1.31396,1.31345,1.31345,2438.0
2025-11-04 00:00:00+00:00,1.31346,1.31346,1.31192,1.31246,6151.0
2025-11-04 01:00:00+00:00,1.31245,1.31276,1.31186,1.31246,6345.0
2025-11-04 02:00:00+00:00,1.31245,1.31262,1.3118,1.31232,5328.0
2025-11-04 03:00:00+00:00,1.31234,1.31339,1.31234,1.31282,6004.0
2025-11-04 04:00:00+00:00,1.31282,1.31332,1.31233,1.31236,4379.0
2025-11-04 05:00:00+00:00,1.31236,1.31254,1.31185,1.31215,6117.0
2025-11-04 06:00:00+00:00,1.31216,1.3127,1.31168,1.3124,7733.0
2025-11-04 07:00:00+00:00,1.31238,1.31394,1.31178,1.31213,8890.0
2025-11-04 08:00:00+00:00,1.31211,1.31216,1.30858,1.3092,15224.0
2025-11-04 09:00:00+00:00,1.3092,1.30958,1.30593,1.30629,11613.0
2025-11-04 10:00:00+00:00,1.3063,1.30791,1.30612,1.30727,9347.0
2025-11-04 11:00:00+00:00,1.30728,1.30751,1.3057,1.30586,7203.0
2025-11-04 12:00:00+00:00,1.30588,1.30686,1.3053,1.30667,8874.0
2025-11-04 13:00:00+00:00,1.30668,1.3068,1.30572,1.30577,9104.0
2025-11-04 14:00:00+00:00,1.30576,1.30652,1.30336,1.30482,13570.0
2025-11-04 15:00:00+00:00,1.30482,1.30581,1.30407,1.30462,14512.0
2025-11-04 16:00:00+00:00,1.30463,1.3052,1.30401,1.30432,10421.0
2025-11-04 17:00:00+00:00,1.30431,1.30451,1.3026,1.30287,6314.0
2025-11-04 18:00:00+00:00,1.30286,1.30286,1.30174,1.30234,5435.0
2025-11-04 19:00:00+00:00,1.30232,1.30266,1.30136,1.3015,5866.0
2025-11-04 20:00:00+00:00,1.30151,1.30252,1.30102,1.3019,4955.0
2025-11-04 21:00:00+00:00,1.30188,1.30238,1.30158,1.30202,2394.0
2025-11-04 22:00:00+00:00,1.302,1.30288,1.30168,1.30268,3749.0
2025-11-04 23:00:00+00:00,1.30276,1.30279,1.30192,1.30212,1217.0
2025-11-05 00:00:00+00:00,1.30214,1.3023,1.30148,1.30192,3922.0
2025-11-05 01:00:00+00:00,1.30192,1.30244,1.30103,1.30156,8358.0
2025-11-05 02:00:00+00:00,1.30156,1.30229,1.30139,1.30156,5840.0
2025-11-05 03:00:00+00:00,1.30157,1.30204,1.30154,1.30202,4829.0
2025-11-05 04:00:00+00:00,1.30202,1.3027,1.302,1.30258,3230.0
2025-11-05 05:00:00+00:00,1.30259,1.30302,1.30219,1.30219,3799.0
2025-11-05 06:00:00+00:00,1.3022,1.30312,1.30216,1.30284,4091.0
2025-11-05 07:00:00+00:00,1.30282,1.30312,1.30194,1.30274,7459.0
2025-11-05 08:00:00+00:00,1.30274,1.30496,1.30272,1.30454,9532.0
2025-11-05 09:00:00+00:00,1.30452,1.30534,1.30338,1.304,8072.0
2025-11-05 10:00:00+00:00,1.30399,1.30404,1.30241,1.30254,7932.0
2025-11-05 11:00:00+00:00,1.30254,1.30368,1.30116,1.30352,6435.0
2025-11-05 12:00:00+00:00,1.30356,1.30464,1.3034,1.30421,8491.0
2025-11-05 13:00:00+00:00,1.30418,1.3047,1.30253,1.30255,10621.0
2025-11-05 14:00:00+00:00,1.30253,1.30358,1.30186,1.30328,10745.0
2025-11-05 15:00:00+00:00,1.30328,1.30474,1.30136,1.30414,17918.0
2025-11-05 16:00:00+00:00,1.30412,1.30494,1.30309,1.30482,12017.0
2025-11-05 17:00:00+00:00,1.30484,1.30492,1.30346,1.3039,6363.0
2025-11-05 18:00:00+00:00,1.3039,1.3046,1.30378,1.30454,5101.0
2025-11-05 19:00:00+00:00,1.30454,1.3048,1.3042,1.30452,4155.0
2025-11-05 20:00:00+00:00,1.30454,1.3052,1.30454,1.30505,3288.0
2025-11-05 21:00:00+00:00,1.30504,1.30544,1.30478,1.30523,2708.0
2025-11-05 22:00:00+00:00,1.30489,1.3052,1.3048,1.30492,1418.0
2025-11-05 23:00:00+00:00,1.30492,1.30532,1.3046,1.30522,1156.0
2025-11-06 00:00:00+00:00,1.30523,1.306,1.30506,1.30596,3896.0
2025-11-06 01:00:00+00:00,1.30598,1.30654,1.30588,1.30632,4788.0
2025-11-06 02:00:00+00:00,1.30632,1.30642,1.30574,1.30596,4116.0
2025-11-06 03:00:00+00:00,1.30596,1.30647,1.30576,1.30635,3381.0
2025-11-06 04:00:00+00:00,1.30634,1.30658,1.30587,1.30624,2802.0
2025-11-06 05:00:00+00:00,1.30623,1.30646,1.30576,1.30604,4738.0
2025-11-06 06:00:00+00:00,1.30604,1.30677,1.30531,1.30546,4559.0
2025-11-06 07:00:00+00:00,1.30547,1.30716,1.30538,1.30629,7016.0
2025-11-06 08:00:00+00:00,1.3063,1.30874,1.30591,1.30848,10358.0
2025-11-06 09:00:00+00:00,1.30844,1.30896,1.30775,1.30804,8412.0
2025-11-06 10:00:00+00:00,1.30803,1.30874,1.30772,1.30786,7113.0
2025-11-06 11:00:00+00:00,1.30788,1.30949,1.3077,1.30921,7668.0
2025-11-06 12:00:00+00:00,1.3092,1.31046,1.30594,1.31002,16595.0
2025-11-06 13:00:00+00:00,1.31,1.31254,1.30936,1.31082,12373.0
2025-11-06 14:00:00+00:00,1.3108,1.31107,1.30832,1.30837,12946.0
2025-11-06 15:00:00+00:00,1.30836,1.31051,1.30808,1.31018,16408.0
2025-11-06 16:00:00+00:00,1.31022,1.31108,1.3097,1.31052,13155.0
2025-11-06 17:00:00+00:00,1.31052,1.31249,1.31024,1.31226,9760.0
2025-11-06 18:00:00+00:00,1.3123,1.31428,1.31203,1.31396,6994.0
2025-11-06 19:00:00+00:00,1.31397,1.31424,1.31298,1.31322,6476.0
2025-11-06 20:00:00+00:00,1.3132,1.314,1.31318,1.3136,6493.0
2025-11-06 21:00:00+00:00,1.3136,1.31397,1.31338,1.31388,3885.0
2025-11-06 22:00:00+00:00,1.31298,1.31362,1.31294,1.31321,3883.0
2025-11-06 23:00:00+00:00,1.31311,1.31422,1.3131,1.31402,1198.0
2025-11-07 00:00:00+00:00,1.31402,1.3142,1.31296,1.31298,4507.0
2025-11-07 01:00:00+00:00,1.31298,1.31298,1.31238,1.31254,6323.0
2025-11-07 02:00:00+00:00,1.31256,1.31308,1.312,1.31219,6231.0
2025-11-07 03:00:00+00:00,1.3122,1.31239,1.31158,1.31188,4304.0
2025-11-07 04:00:00+00:00,1.31188,1.31188,1.31155,1.31168,3345.0
2025-11-07 05:00:00+00:00,1.31169,1.31222,1.31166,1.31194,2869.0
2025-11-07 06:00:00+00:00,1.31194,1.31207,1.31136,1.31138,5008.0
2025-11-07 07:00:00+00:00,1.31139,1.31254,1.31135,1.31252,6289.0
2025-11-07 08:00:00+00:00,1.31252,1.31276,1.31016,1.3103,8972.0
2025-11-07 09:00:00+00:00,1.3103,1.31061,1.30949,1.30978,5823.0
2025-11-07 10:00:00+00:00,1.30977,1.31104,1.30959,1.31096,7393.0
2025-11-07 11:00:00+00:00,1.31096,1.31242,1.31061,1.31207,8837.0
2025-11-07 12:00:00+00:00,1.31206,1.31289,1.31098,1.31155,9175.0
2025-11-07 13:00:00+00:00,1.31158,1.31378,1.31157,1.31306,13668.0
2025-11-07 14:00:00+00:00,1.31308,1.315,1.31275,1.31495,13971.0
2025-11-07 15:00:00+00:00,1.31496,1.31746,1.31453,1.31515,16783.0
2025-11-07 16:00:00+00:00,1.31516,1.31708,1.31508,1.31624,11661.0
2025-11-07 17:00:00+00:00,1.31624,1.31726,1.31568,1.31706,9341.0
2025-11-07 18:00:00+00:00,1.31708,1.31751,1.3166,1.31682,7186.0
2025-11-07 19:00:00+00:00,1.31682,1.3173,1.31568,1.31576,9071.0
2025-11-07 20:00:00+00:00,1.31578,1.3165,1.31569,1.31634,7189.0
2025-11-07 21:00:00+00:00,1.31633,1.31676,1.3153,1.31633,4135.0
2025-11-09 22:00:00+00:00,1.31588,1.3163,1.31432,1.31546,636.0
2025-11-09 23:00:00+00:00,1.31546,1.31574,1.31397,1.31414,4626.0
2025-11-10 00:00:00+00:00,1.31414,1.31538,1.31368,1.3145,10994.0
2025-11-10 01:00:00+00:00,1.3145,1.31552,1.31402,1.31513,13126.0
2025-11-10 02:00:00+00:00,1.31512,1.31522,1.31462,1.31486,6496.0
2025-11-10 03:00:00+00:00,1.31484,1.31496,1.31426,1.3147,10209.0
2025-11-10 04:00:00+00:00,1.31471,1.31544,1.31454,1.31524,8206.0
2025-11-10 05:00:00+00:00,1.31524,1.31602,1.31506,1.31554,6150.0
2025-11-10 06:00:00+00:00,1.31554,1.31589,1.31392,1.31414,7139.0
2025-11-10 07:00:00+00:00,1.31414,1.31668,1.31412,1.3157,15531.0
2025-11-10 08:00:00+00:00,1.31571,1.31848,1.31554,1.31739,12638.0
2025-11-10 09:00:00+00:00,1.31738,1.31795,1.31668,1.31733,10704.0
2025-11-10 10:00:00+00:00,1.31732,1.31756,1.31575,1.31602,10106.0
2025-11-10 11:00:00+00:00,1.31602,1.31772,1.31521,1.3176,8339.0
2025-11-10 12:00:00+00:00,1.3176,1.31879,1.31757,1.31812,7475.0
2025-11-10 13:00:00+00:00,1.31812,1.31912,1.31709,1.31749,10064.0
2025-11-10 14:00:00+00:00,1.3175,1.31753,1.31526,1.3166,11733.0
2025-11-10 15:00:00+00:00,1.3166,1.31704,1.31458,1.3148,13349.0
2025-11-10 16:00:00+00:00,1.3148,1.31632,1.31471,1.3156,10516.0
2025-11-10 17:00:00+00:00,1.3156,1.318,1.31552,1.31786,10498.0
2025-11-10 18:00:00+00:00,1.31786,1.3185,1.31772,1.318,7439.0
2025-11-10 19:00:00+00:00,1.318,1.31842,1.31791,1.31802,6559.0
2025-11-10 20:00:00+00:00,1.31802,1.31845,1.31792,1.31814,5865.0
2025-11-10 21:00:00+00:00,1.31814,1.3182,1.31738,1.31752,4291.0
2025-11-10 22:00:00+00:00,1.31744,1.31778,1.31735,1.31736,3460.0
2025-11-10 23:00:00+00:00,1.31736,1.31774,1.31718,1.31724,1498.0
2025-11-11 00:00:00+00:00,1.31724,1.31752,1.3165,1.31652,5499.0
2025-11-11 01:00:00+00:00,1.3165,1.31667,1.31576,1.31651,7904.0
2025-11-11 02:00:00+00:00,1.31649,1.31684,1.31612,1.31635,6585.0
2025-11-11 03:00:00+00:00,1.31636,1.31704,1.31631,1.31683,12111.0
2025-11-11 04:00:00+00:00,1.31684,1.31718,1.31632,1.3166,7474.0
2025-11-11 05:00:00+00:00,1.31661,1.3172,1.31624,1.31662,6921.0
2025-11-11 06:00:00+00:00,1.31661,1.31715,1.3152,1.31546,6756.0
2025-11-11 07:00:00+00:00,1.31558,1.31583,1.3121,1.31257,15848.0
2025-11-11 08:00:00+00:00,1.31256,1.31352,1.31204,1.31232,10501.0
2025-11-11 09:00:00+00:00,1.3123,1.31348,1.31166,1.31294,8026.0
2025-11-11 10:00:00+00:00,1.31294,1.3141,1.31214,1.31386,7577.0
2025-11-11 11:00:00+00:00,1.31386,1.31524,1.31337,1.31486,6961.0
2025-11-11 12:00:00+00:00,1.31484,1.31548,1.31391,1.3142,7737.0
2025-11-11 13:00:00+00:00,1.3142,1.31783,1.3142,1.31716,14703.0
2025-11-11 14:00:00+00:00,1.31715,1.31846,1.31606,1.31808,12669.0
2025-11-11 15:00:00+00:00,1.31806,1.31808,1.31586,1.31732,14694.0
2025-11-11 16:00:00+00:00,1.31732,1.31796,1.31678,1.31726,11991.0
2025-11-11 17:00:00+00:00,1.31726,1.3179,1.31688,1.31742,7019.0
2025-11-11 18:00:00+00:00,1.31741,1.31783,1.31718,1.31752,6591.0
2025-11-11 19:00:00+00:00,1.31752,1.31753,1.31652,1.31669,7854.0
2025-11-11 20:00:00+00:00,1.3167,1.31714,1.31613,1.31617,6189.0
2025-11-11 21:00:00+00:00,1.31616,1.31628,1.31481,1.31496,3258.0
2025-11-11 22:00:00+00:00,1.3157,1.31576,1.31497,1.31501,1214.0
2025-11-11 23:00:00+00:00,1.315,1.31538,1.31477,1.31522,1441.0
2025-11-12 00:00:00+00:00,1.31522,1.31534,1.31411,1.31412,4322.0
2025-11-12 01:00:00+00:00,1.31412,1.31448,1.31372,1.31386,5866.0
2025-11-12 02:00:00+00:00,1.31388,1.3144,1.31376,1.31382,3343.0
2025-11-12 03:00:00+00:00,1.31383,1.31427,1.31354,1.314,3310.0
2025-11-12 04:00:00+00:00,1.31399,1.31408,1.31286,1.313,4386.0
2025-11-12 05:00:00+00:00,1.31302,1.31392,1.31287,1.31337,5265.0
2025-11-12 06:00:00+00:00,1.31336,1.3142,1.31307,1.31406,5125.0
2025-11-12 07:00:00+00:00,1.31406,1.31493,1.31386,1.31458,9545.0
2025-11-12 08:00:00+00:00,1.31458,1.31555,1.31166,1.3117,11294.0
2025-11-12 09:00:00+00:00,1.3117,1.31314,1.31152,1.31162,11226.0
2025-11-12 10:00:00+00:00,1.3116,1.31281,1.31107,1.31256,8149.0
2025-11-12 11:00:00+00:00,1.31256,1.31386,1.31158,1.31374,8101.0
2025-11-12 12:00:00+00:00,1.31372,1.314,1.31077,1.31178,10039.0
2025-11-12 13:00:00+00:00,1.31177,1.3123,1.30958,1.3105,11370.0
2025-11-12 14:00:00+00:00,1.3105,1.31078,1.30844,1.3099,12582.0
2025-11-12 15:00:00+00:00,1.30989,1.31326,1.30976,1.31306,13445.0
2025-11-12 16:00:00+00:00,1.31308,1.31364,1.31281,1.313,10290.0
2025-11-12 17:00:00+00:00,1.313,1.31398,1.31298,1.31394,6754.0
2025-11-12 18:00:00+00:00,1.31392,1.3144,1.31374,1.31401,5443.0
2025-11-12 19:00:00+00:00,1.31402,1.31414,1.3128,1.313,6572.0
2025-11-12 20:00:00+00:00,1.31297,1.31332,1.31277,1.31307,4714.0
2025-11-12 21:00:00+00:00,1.31308,1.3134,1.31244,1.31334,3178.0
2025-11-12 22:00:00+00:00,1.31326,1.3134,1.3129,1.31311,3662.0
2025-11-12 23:00:00+00:00,1.31311,1.31327,1.31267,1.3128,1458.0
2025-11-13 00:00:00+00:00,1.31279,1.31286,1.31158,1.31176,7363.0
2025-11-13 01:00:00+00:00,1.31176,1.3125,1.31107,1.31238,10145.0
2025-11-13 02:00:00+00:00,1.31239,1.3128,1.3118,1.3125,7057.0
2025-11-13 03:00:00+00:00,1.31252,1.31288,1.31218,1.31261,7690.0
2025-11-13 04:00:00+00:00,1.31259,1.31276,1.31204,1.31232,7955.0
2025-11-13 05:00:00+00:00,1.31233,1.31251,1.31152,1.31176,8914.0
2025-11-13 06:00:00+00:00,1.31175,1.31232,1.3115,1.31217,8604.0
2025-11-13 07:00:00+00:00,1.31218,1.31436,1.31006,1.3141,11444.0
2025-11-13 08:00:00+00:00,1.3141,1.31687,1.31306,1.31677,13325.0
2025-11-13 09:00:00+00:00,1.31678,1.31712,1.3143,1.3156,13169.0
2025-11-13 10:00:00+00:00,1.3156,1.31636,1.31516,1.31568,9014.0
2025-11-13 11:00:00+00:00,1.31568,1.31608,1.31435,1.31479,10412.0
2025-11-13 12:00:00+00:00,1.3148,1.3183,1.31471,1.31812,11096.0
2025-11-13 13:00:00+00:00,1.31813,1.31842,1.31584,1.31692,12511.0
2025-11-13 14:00:00+00:00,1.3169,1.31819,1.31656,1.31812,17374.0
2025-11-13 15:00:00+00:00,1.31811,1.31992,1.31737,1.31984,15415.0
2025-11-13 16:00:00+00:00,1.31984,1.32133,1.31913,1.32123,12409.0
2025-11-13 17:00:00+00:00,1.32124,1.32158,1.32039,1.32116,12824.0
2025-11-13 18:00:00+00:00,1.32116,1.32142,1.3192,1.31963,11789.0
2025-11-13 19:00:00+00:00,1.31962,1.31972,1.31898,1.319,8722.0
2025-11-13 20:00:00+00:00,1.319,1.31946,1.31845,1.3185,7820.0
2025-11-13 21:00:00+00:00,1.3185,1.31944,1.31844,1.31916,3007.0
2025-11-13 22:00:00+00:00,1.31959,1.31988,1.31643,1.31658,3206.0
2025-11-13 23:00:00+00:00,1.3165,1.31822,1.31368,1.31528,4258.0
2025-11-14 00:00:00+00:00,1.31529,1.31614,1.31356,1.31478,7502.0
2025-11-14 01:00:00+00:00,1.31477,1.31507,1.31415,1.31469,6666.0
2025-11-14 02:00:00+00:00,1.31467,1.3152,1.31422,1.31497,6396.0
2025-11-14 03:00:00+00:00,1.31496,1.31594,1.31443,1.31458,6284.0
2025-11-14 04:00:00+00:00,1.3146,1.315,1.3139,1.31444,5210.0
2025-11-14 05:00:00+00:00,1.31444,1.3151,1.31412,1.3148,5944.0
2025-11-14 06:00:00+00:00,1.3148,1.3159,1.31406,1.31448,8108.0
2025-11-14 07:00:00+00:00,1.31448,1.3159,1.31264,1.31464,12097.0
2025-11-14 08:00:00+00:00,1.31466,1.32012,1.3108,1.31658,25785.0
2025-11-14 09:00:00+00:00,1.31657,1.31822,1.31484,1.31551,9349.0
2025-11-14 10:00:00+00:00,1.31548,1.31604,1.31413,1.31423,7007.0
2025-11-14 11:00:00+00:00,1.31422,1.31437,1.31224,1.31382,8349.0
2025-11-14 12:00:00+00:00,1.31385,1.31812,1.31309,1.318,11095.0
2025-11-14 13:00:00+00:00,1.318,1.31802,1.31582,1.31674,14856.0
2025-11-14 14:00:00+00:00,1.31674,1.31786,1.31482,1.31593,17332.0
2025-11-14 15:00:00+00:00,1.31592,1.31592,1.31251,1.31395,16688.0
2025-11-14 16:00:00+00:00,1.31394,1.31635,1.3139,1.31552,12398.0
2025-11-14 17:00:00+00:00,1.31551,1.31632,1.31512,1.31614,10077.0
2025-11-14 18:00:00+00:00,1.31611,1.31636,1.31499,1.31608,9252.0
2025-11-14 19:00:00+00:00,1.31609,1.3168,1.31564,1.31648,7509.0
2025-11-14 20:00:00+00:00,1.31649,1.31712,1.31618,1.3168,4280.0
2025-11-14 21:00:00+00:00,1.3168,1.3176,1.31651,1.31738,3836.0
2025-11-16 22:00:00+00:00,1.3164,1.3172,1.31546,1.31676,1365.0
2025-11-16 23:00:00+00:00,1.31681,1.31718,1.31564,1.31592,2378.0
2025-11-17 00:00:00+00:00,1.3159,1.31592,1.31498,1.31562,6302.0
2025-11-17 01:00:00+00:00,1.31562,1.3165,1.31538,1.31558,7623.0
2025-11-17 02:00:00+00:00,1.31558,1.3156,1.31516,1.31521,6265.0
2025-11-17 03:00:00+00:00,1.3152,1.31522,1.31416,1.31452,4512.0
2025-11-17 04:00:00+00:00,1.3145,1.31518,1.31441,1.31514,4920.0
2025-11-17 05:00:00+00:00,1.31514,1.31548,1.31428,1.31432,6131.0
2025-11-17 06:00:00+00:00,1.31432,1.31518,1.3136,1.31492,7551.0
2025-11-17 07:00:00+00:00,1.31492,1.3177,1.31488,1.3176,8557.0
2025-11-17 08:00:00+00:00,1.31762,1.31808,1.31589,1.31654,9128.0
2025-11-17 09:00:00+00:00,1.31652,1.31763,1.31586,1.31646,9719.0
2025-11-17 10:00:00+00:00,1.31646,1.31714,1.31518,1.31542,8952.0
2025-11-17 11:00:00+00:00,1.31544,1.31806,1.31492,1.31805,9746.0
2025-11-17 12:00:00+00:00,1.31804,1.31934,1.31766,1.31799,9595.0
2025-11-17 13:00:00+00:00,1.31801,1.3188,1.3172,1.3173,10469.0
2025-11-17 14:00:00+00:00,1.3173,1.31778,1.31623,1.31653,11226.0
2025-11-17 15:00:00+00:00,1.31654,1.31776,1.31614,1.31775,12653.0
2025-11-17 16:00:00+00:00,1.31774,1.31792,1.31651,1.31782,9762.0
2025-11-17 17:00:00+00:00,1.31782,1.31793,1.31674,1.317,6820.0
2025-11-17 18:00:00+00:00,1.317,1.31712,1.31591,1.31602,7463.0
2025-11-17 19:00:00+00:00,1.31602,1.31648,1.31455,1.31463,6680.0
2025-11-17 20:00:00+00:00,1.31464,1.31578,1.31446,1.31548,6242.0
2025-11-17 21:00:00+00:00,1.31548,1.3159,1.31538,1.31546,2901.0
2025-11-17 22:00:00+00:00,1.31576,1.31586,1.31538,1.31575,3086.0
2025-11-17 23:00:00+00:00,1.31568,1.3157,1.31527,1.31555,1724.0
2025-11-18 00:00:00+00:00,1.31554,1.31555,1.31458,1.31483,5841.0
2025-11-18 01:00:00+00:00,1.31484,1.3155,1.31454,1.31513,8189.0
2025-11-18 02:00:00+00:00,1.31514,1.31546,1.3149,1.31534,6838.0
2025-11-18 03:00:00+00:00,1.31535,1.31556,1.31482,1.31492,7650.0
2025-11-18 04:00:00+00:00,1.31492,1.31634,1.31451,1.31629,10059.0
2025-11-18 05:00:00+00:00,1.3163,1.31642,1.31607,1.3161,7077.0
2025-11-18 06:00:00+00:00,1.31609,1.31622,1.31482,1.31494,9996.0
2025-11-18 07:00:00+00:00,1.31494,1.31634,1.31482,1.31502,11606.0
2025-11-18 08:00:00+00:00,1.31502,1.31772,1.31484,1.3156,13562.0
2025-11-18 09:00:00+00:00,1.31562,1.31638,1.31496,1.31529,10683.0
2025-11-18 10:00:00+00:00,1.31528,1.31559,1.31433,1.31481,9549.0
2025-11-18 11:00:00+00:00,1.3148,1.31496,1.31376,1.3141,6953.0
2025-11-18 12:00:00+00:00,1.31409,1.3154,1.31378,1.31531,9565.0
2025-11-18 13:00:00+00:00,1.3153,1.3161,1.3134,1.31543,15961.0
2025-11-18 14:00:00+00:00,1.31544,1.31634,1.315,1.31582,14731.0
2025-11-18 15:00:00+00:00,1.31582,1.31714,1.31434,1.31442,17245.0
2025-11-18 16:00:00+00:00,1.31444,1.31502,1.31356,1.315,14321.0
2025-11-18 17:00:00+00:00,1.31501,1.31513,1.31378,1.31412,10220.0
2025-11-18 18:00:00+00:00,1.31412,1.31568,1.314,1.31525,8438.0
2025-11-18 19:00:00+00:00,1.31522,1.31572,1.31492,1.3155,7342.0
2025-11-18 20:00:00+00:00,1.3155,1.31566,1.3145,1.31465,6655.0
2025-11-18 21:00:00+00:00,1.31466,1.31494,1.31437,1.31454,4509.0
2025-11-18 22:00:00+00:00,1.31508,1.31514,1.31464,1.31487,855.0
2025-11-18 23:00:00+00:00,1.31484,1.31484,1.31434,1.31471,1502.0
2025-11-19 00:00:00+00:00,1.31472,1.31492,1.31401,1.3141,5243.0
2025-11-19 01:00:00+00:00,1.31408,1.3143,1.31316,1.3133,8080.0
2025-11-19 02:00:00+00:00,1.31332,1.31402,1.31292,1.31372,7916.0
2025-11-19 03:00:00+00:00,1.31372,1.31446,1.31366,1.31402,6053.0
2025-11-19 04:00:00+00:00,1.31402,1.31405,1.31323,1.31402,6584.0
2025-11-19 05:00:00+00:00,1.31404,1.31473,1.31392,1.31465,7743.0
2025-11-19 06:00:00+00:00,1.31464,1.31553,1.3145,1.3152,6295.0
2025-11-19 07:00:00+00:00,1.31532,1.3156,1.31316,1.31421,12901.0
2025-11-19 08:00:00+00:00,1.31424,1.31486,1.31234,1.31243,11051.0
2025-11-19 09:00:00+00:00,1.31244,1.31376,1.31178,1.3127,10435.0
2025-11-19 10:00:00+00:00,1.3127,1.31282,1.30923,1.31052,12174.0
2025-11-19 11:00:00+00:00,1.3105,1.31271,1.31034,1.31271,10941.0
2025-11-19 12:00:00+00:00,1.31272,1.31298,1.31154,1.3118,8227.0
2025-11-19 13:00:00+00:00,1.31182,1.3129,1.31132,1.31189,9875.0
2025-11-19 14:00:00+00:00,1.31188,1.31224,1.31052,1.31092,12990.0
2025-11-19 15:00:00+00:00,1.31094,1.3116,1.30713,1.30798,15107.0
2025-11-19 16:00:00+00:00,1.30797,1.30855,1.30674,1.30753,12927.0
2025-11-19 17:00:00+00:00,1.30752,1.30802,1.3057,1.30685,10841.0
2025-11-19 18:00:00+00:00,1.30683,1.30767,1.3063,1.30658,8875.0
2025-11-19 19:00:00+00:00,1.3066,1.3069,1.30436,1.30458,9639.0
2025-11-19 20:00:00+00:00,1.30458,1.30554,1.30442,1.30498,6396.0
2025-11-19 21:00:00+00:00,1.30498,1.3062,1.30444,1.30594,4728.0
2025-11-19 22:00:00+00:00,1.30592,1.30616,1.30571,1.30585,1179.0
2025-11-19 23:00:00+00:00,1.30584,1.30624,1.30528,1.30601,2162.0
2025-11-20 00:00:00+00:00,1.30602,1.30602,1.30494,1.30548,5908.0
2025-11-20 01:00:00+00:00,1.30547,1.30562,1.30453,1.30464,6690.0
2025-11-20 02:00:00+00:00,1.30463,1.30529,1.3038,1.30524,5572.0
2025-11-20 03:00:00+00:00,1.30525,1.30563,1.30406,1.30469,7667.0
2025-11-20 04:00:00+00:00,1.3047,1.30622,1.30442,1.3059,3631.0
2025-11-20 05:00:00+00:00,1.30588,1.30591,1.30522,1.3053,4573.0
2025-11-20 06:00:00+00:00,1.3053,1.30644,1.30499,1.30628,5724.0
2025-11-20 07:00:00+00:00,1.30628,1.30708,1.30572,1.30695,9213.0
2025-11-20 08:00:00+00:00,1.30696,1.3077,1.30598,1.30652,10024.0
2025-11-20 09:00:00+00:00,1.30652,1.30802,1.30613,1.30792,9339.0
2025-11-20 10:00:00+00:00,1.30792,1.30848,1.30723,1.30732,7038.0
2025-11-20 11:00:00+00:00,1.3073,1.3077,1.30633,1.3065,6457.0
2025-11-20 12:00:00+00:00,1.30648,1.30655,1.30564,1.30572,5884.0
2025-11-20 13:00:00+00:00,1.30572,1.30997,1.30492,1.30959,23313.0
2025-11-20 14:00:00+00:00,1.30958,1.3124,1.30814,1.31114,20798.0
2025-11-20 15:00:00+00:00,1.31112,1.3113,1.30808,1.3095,14755.0
2025-11-20 16:00:00+00:00,1.3095,1.31028,1.30746,1.3077,16650.0
2025-11-20 17:00:00+00:00,1.30769,1.30826,1.30661,1.3068,13335.0
2025-11-20 18:00:00+00:00,1.30678,1.30804,1.30671,1.30756,10413.0
2025-11-20 19:00:00+00:00,1.30754,1.30878,1.30711,1.30873,7995.0
2025-11-20 20:00:00+00:00,1.30874,1.30876,1.30693,1.30702,7431.0
2025-11-20 21:00:00+00:00,1.307,1.30737,1.30678,1.3073,2369.0
2025-11-20 22:00:00+00:00,1.30747,1.30773,1.30706,1.30726,1537.0
2025-11-20 23:00:00+00:00,1.30726,1.30854,1.30691,1.30831,3224.0
2025-11-21 00:00:00+00:00,1.30831,1.30876,1.30757,1.30846,8660.0
2025-11-21 01:00:00+00:00,1.30845,1.30875,1.3079,1.30821,9938.0
2025-11-21 02:00:00+00:00,1.3082,1.30868,1.30752,1.308,8381.0
2025-11-21 03:00:00+00:00,1.30802,1.30884,1.30766,1.30868,7576.0
2025-11-21 04:00:00+00:00,1.30868,1.30926,1.30856,1.30905,7768.0
2025-11-21 05:00:00+00:00,1.30906,1.30963,1.30881,1.30894,7768.0
2025-11-21 06:00:00+00:00,1.30896,1.30972,1.30883,1.30914,10572.0
2025-11-21 07:00:00+00:00,1.30912,1.30915,1.30658,1.30812,15057.0
2025-11-21 08:00:00+00:00,1.30814,1.31031,1.30731,1.30988,16641.0
2025-11-21 09:00:00+00:00,1.30988,1.30997,1.30592,1.30616,13789.0
2025-11-21 10:00:00+00:00,1.30614,1.30656,1.30504,1.3065,16103.0
2025-11-21 11:00:00+00:00,1.30652,1.30695,1.30419,1.30451,11108.0
2025-11-21 12:00:00+00:00,1.3045,1.30894,1.30386,1.30891,22231.0
2025-11-21 13:00:00+00:00,1.3089,1.30952,1.30802,1.30842,13333.0
2025-11-21 14:00:00+00:00,1.3084,1.30922,1.30696,1.30896,17279.0
2025-11-21 15:00:00+00:00,1.30896,1.30998,1.30765,1.3085,20081.0
2025-11-21 16:00:00+00:00,1.30848,1.30997,1.30732,1.30976,15964.0
2025-11-21 17:00:00+00:00,1.30978,1.31074,1.30885,1.31006,11568.0
2025-11-21 18:00:00+00:00,1.31005,1.3101,1.30916,1.30966,8929.0
2025-11-21 19:00:00+00:00,1.30967,1.31096,1.30966,1.31026,5471.0
2025-11-21 20:00:00+00:00,1.31028,1.31054,1.30992,1.31052,4559.0
2025-11-21 21:00:00+00:00,1.3105,1.31085,1.30966,1.30982,5622.0
2025-11-23 22:00:00+00:00,1.31024,1.31034,1.31004,1.3101,937.0
2025-11-23 23:00:00+00:00,1.31016,1.31017,1.30928,1.3096,2455.0
2025-11-24 00:00:00+00:00,1.3096,1.30966,1.30857,1.3089,5588.0
2025-11-24 01:00:00+00:00,1.30892,1.30938,1.30875,1.30888,11765.0
2025-11-24 02:00:00+00:00,1.3089,1.30994,1.30888,1.30959,16512.0
2025-11-24 03:00:00+00:00,1.30962,1.31022,1.30942,1.30978,7434.0
2025-11-24 04:00:00+00:00,1.30978,1.31031,1.30967,1.31012,7101.0
2025-11-24 05:00:00+00:00,1.31012,1.31074,1.31008,1.31025,10808.0
2025-11-24 06:00:00+00:00,1.31024,1.3112,1.30988,1.30996,10637.0
2025-11-24 07:00:00+00:00,1.30994,1.31002,1.30888,1.30902,12045.0
2025-11-24 08:00:00+00:00,1.30905,1.31102,1.30892,1.30952,14249.0
2025-11-24 09:00:00+00:00,1.30952,1.30986,1.30881,1.309,11015.0
2025-11-24 10:00:00+00:00,1.30898,1.30986,1.3089,1.30938,11158.0
2025-11-24 11:00:00+00:00,1.30939,1.30964,1.30892,1.30912,10277.0
2025-11-24 12:00:00+00:00,1.30911,1.31162,1.3088,1.31118,10568.0
2025-11-24 13:00:00+00:00,1.31118,1.31181,1.31042,1.31054,10276.0
2025-11-24 14:00:00+00:00,1.31054,1.31062,1.3085,1.3092,15536.0
2025-11-24 15:00:00+00:00,1.30922,1.31001,1.30806,1.30983,14325.0
2025-11-24 16:00:00+00:00,1.30982,1.31076,1.30943,1.30953,9606.0
2025-11-24 17:00:00+00:00,1.30956,1.31048,1.30858,1.31007,10040.0
2025-11-24 18:00:00+00:00,1.31006,1.3116,1.31,1.31158,7647.0
2025-11-24 19:00:00+00:00,1.31158,1.31168,1.31054,1.31091,7186.0
2025-11-24 20:00:00+00:00,1.31092,1.3112,1.3107,1.3109,5735.0
2025-11-24 21:00:00+00:00,1.31089,1.31106,1.3104,1.31042,2753.0
2025-11-24 22:00:00+00:00,1.31078,1.31122,1.3105,1.31086,4281.0
2025-11-24 23:00:00+00:00,1.31088,1.31088,1.3104,1.31059,2112.0
2025-11-25 00:00:00+00:00,1.31059,1.31083,1.31022,1.31082,6748.0
2025-11-25 01:00:00+00:00,1.31082,1.3116,1.31072,1.3108,8619.0
2025-11-25 02:00:00+00:00,1.3108,1.3113,1.31054,1.31128,8956.0
2025-11-25 03:00:00+00:00,1.31128,1.3116,1.30993,1.31,9065.0
2025-11-25 04:00:00+00:00,1.31,1.31002,1.30966,1.30982,4247.0
2025-11-25 05:00:00+00:00,1.30982,1.3104,1.30958,1.31019,8188.0
2025-11-25 06:00:00+00:00,1.31017,1.31065,1.30982,1.31042,7085.0
2025-11-25 07:00:00+00:00,1.31044,1.3129,1.31041,1.3122,9542.0
2025-11-25 08:00:00+00:00,1.31221,1.31286,1.31094,1.31096,13426.0
2025-11-25 09:00:00+00:00,1.31096,1.31384,1.31086,1.31352,10660.0
2025-11-25 10:00:00+00:00,1.31352,1.31406,1.31235,1.31298,9224.0
2025-11-25 11:00:00+00:00,1.31298,1.31298,1.31094,1.31122,8555.0
2025-11-25 12:00:00+00:00,1.31122,1.31386,1.3109,1.3135,14190.0
2025-11-25 13:00:00+00:00,1.3135,1.31608,1.31322,1.3154,17321.0
2025-11-25 14:00:00+00:00,1.3154,1.31832,1.31532,1.31788,18237.0
2025-11-25 15:00:00+00:00,1.31787,1.31958,1.31735,1.31768,17396.0
2025-11-25 16:00:00+00:00,1.31769,1.31858,1.31711,1.3172,10942.0
2025-11-25 17:00:00+00:00,1.31719,1.32044,1.31716,1.3201,17298.0
2025-11-25 18:00:00+00:00,1.3201,1.32138,1.31982,1.32057,10135.0
2025-11-25 19:00:00+00:00,1.32058,1.32138,1.32006,1.32118,6823.0
2025-11-25 20:00:00+00:00,1.3212,1.32142,1.31537,1.31621,11264.0
2025-11-25 21:00:00+00:00,1.3162,1.31719,1.31615,1.3166,5545.0
2025-11-25 22:00:00+00:00,1.31702,1.31792,1.3166,1.31668,677.0
2025-11-25 23:00:00+00:00,1.31668,1.31716,1.31578,1.31583,3405.0
2025-11-26 00:00:00+00:00,1.31584,1.3174,1.31584,1.31689,8779.0
2025-11-26 01:00:00+00:00,1.31689,1.31879,1.31654,1.31788,18572.0
2025-11-26 02:00:00+00:00,1.31788,1.31938,1.3177,1.31875,14736.0
2025-11-26 03:00:00+00:00,1.31873,1.31972,1.31873,1.31964,9045.0
2025-11-26 04:00:00+00:00,1.31964,1.31974,1.31874,1.31876,4749.0
2025-11-26 05:00:00+00:00,1.31877,1.31918,1.31874,1.31914,6021.0
2025-11-26 06:00:00+00:00,1.31914,1.31982,1.31834,1.31888,7552.0
2025-11-26 07:00:00+00:00,1.31891,1.31942,1.31652,1.31792,13084.0
2025-11-26 08:00:00+00:00,1.31792,1.31877,1.3168,1.31742,15832.0
2025-11-26 09:00:00+00:00,1.31742,1.3181,1.31686,1.31742,11303.0
2025-11-26 10:00:00+00:00,1.31744,1.31769,1.31576,1.31618,9182.0
2025-11-26 11:00:00+00:00,1.31621,1.32014,1.31506,1.31722,19901.0
2025-11-26 12:00:00+00:00,1.31719,1.31892,1.3124,1.3184,25742.0
2025-11-26 13:00:00+00:00,1.31843,1.32284,1.31766,1.31931,23593.0
2025-11-26 14:00:00+00:00,1.31928,1.32077,1.31849,1.31984,18780.0
2025-11-26 15:00:00+00:00,1.31982,1.32351,1.31954,1.32256,18103.0
2025-11-26 16:00:00+00:00,1.32258,1.32382,1.32196,1.32259,12725.0
2025-11-26 17:00:00+00:00,1.3226,1.32303,1.32193,1.32262,8583.0
2025-11-26 18:00:00+00:00,1.32263,1.32342,1.32238,1.32342,6953.0
2025-11-26 19:00:00+00:00,1.32342,1.32375,1.323,1.32346,5424.0
2025-11-26 20:00:00+00:00,1.32343,1.32418,1.32326,1.3236,5746.0
2025-11-26 21:00:00+00:00,1.3236,1.32446,1.32344,1.32428,3138.0
2025-11-26 22:00:00+00:00,1.32406,1.32444,1.32396,1.32402,1155.0
2025-11-26 23:00:00+00:00,1.324,1.32488,1.32399,1.32448,2157.0
2025-11-27 00:00:00+00:00,1.32446,1.32506,1.32436,1.32482,5856.0
2025-11-27 01:00:00+00:00,1.32482,1.32606,1.32482,1.3257,8631.0
2025-11-27 02:00:00+00:00,1.32571,1.32628,1.3249,1.32512,8422.0
2025-11-27 03:00:00+00:00,1.32512,1.32576,1.32481,1.32558,7601.0
2025-11-27 04:00:00+00:00,1.32558,1.32683,1.32544,1.32569,5854.0
2025-11-27 05:00:00+00:00,1.32571,1.3269,1.32566,1.32588,8137.0
2025-11-27 06:00:00+00:00,1.32588,1.3264,1.32394,1.32431,8352.0
2025-11-27 07:00:00+00:00,1.32432,1.32454,1.32295,1.32386,6095.0
2025-11-27 08:00:00+00:00,1.32389,1.32418,1.32182,1.32231,7295.0
2025-11-27 09:00:00+00:00,1.32232,1.32236,1.32102,1.32138,7071.0
2025-11-27 10:00:00+00:00,1.32138,1.32274,1.3212,1.32242,6492.0
2025-11-27 11:00:00+00:00,1.3224,1.32322,1.32204,1.32298,7112.0
2025-11-27 12:00:00+00:00,1.32298,1.32348,1.32256,1.32334,5101.0
2025-11-27 13:00:00+00:00,1.32334,1.32493,1.32332,1.32432,7992.0
2025-11-27 14:00:00+00:00,1.32433,1.32453,1.32291,1.32338,7251.0
2025-11-27 15:00:00+00:00,1.32338,1.32524,1.32328,1.32512,6412.0
2025-11-27 16:00:00+00:00,1.32511,1.32552,1.32396,1.3244,4301.0
2025-11-27 17:00:00+00:00,1.32441,1.32481,1.32306,1.3238,2797.0
2025-11-27 18:00:00+00:00,1.3238,1.32387,1.3234,1.32348,1962.0
2025-11-27 19:00:00+00:00,1.32348,1.32386,1.32348,1.32372,1831.0
2025-11-27 20:00:00+00:00,1.32371,1.32386,1.3236,1.32372,4355.0
2025-11-27 21:00:00+00:00,1.32373,1.32404,1.32366,1.32393,1225.0
2025-11-27 22:00:00+00:00,1.32393,1.324,1.32337,1.32362,1512.0
2025-11-27 23:00:00+00:00,1.32365,1.32412,1.32356,1.32404,1024.0
2025-11-28 00:00:00+00:00,1.32406,1.32446,1.3233,1.32362,12143.0
2025-11-28 01:00:00+00:00,1.32361,1.32426,1.32286,1.32331,10791.0
2025-11-28 02:00:00+00:00,1.3233,1.32389,1.32288,1.32364,27812.0
2025-11-28 03:00:00+00:00,1.32364,1.32453,1.32324,1.32384,12264.0
2025-11-28 04:00:00+00:00,1.32383,1.3244,1.32335,1.32394,14929.0
2025-11-28 05:00:00+00:00,1.32394,1.32414,1.32278,1.32332,10447.0
2025-11-28 06:00:00+00:00,1.32333,1.32341,1.32155,1.32164,16226.0
2025-11-28 07:00:00+00:00,1.32165,1.32206,1.32106,1.32134,28119.0
2025-11-28 08:00:00+00:00,1.32134,1.32146,1.32023,1.32032,25060.0
2025-11-28 09:00:00+00:00,1.32033,1.32282,1.32014,1.32084,35005.0
2025-11-28 10:00:00+00:00,1.32082,1.32145,1.32028,1.32076,33192.0
2025-11-28 11:00:00+00:00,1.32078,1.32131,1.32014,1.32022,32297.0
2025-11-28 12:00:00+00:00,1.3202,1.32213,1.32013,1.32177,29847.0
2025-11-28 13:00:00+00:00,1.32178,1.32286,1.32118,1.32254,39673.0
2025-11-28 14:00:00+00:00,1.32254,1.32312,1.3216,1.32306,18172.0
2025-11-28 15:00:00+00:00,1.32307,1.32548,1.32064,1.32513,22549.0
2025-11-28 16:00:00+00:00,1.32512,1.32522,1.3235,1.32358,16792.0
2025-11-28 17:00:00+00:00,1.32359,1.32403,1.32272,1.32372,10603.0
2025-11-28 18:00:00+00:00,1.32372,1.32382,1.323,1.32378,11069.0
2025-11-28 19:00:00+00:00,1.32378,1.32464,1.32372,1.32457,9443.0
2025-11-28 20:00:00+00:00,1.32458,1.32468,1.32424,1.32424,2852.0
2025-11-28 21:00:00+00:00,1.32425,1.32453,1.32288,1.32318,6314.0
2025-11-30 22:00:00+00:00,1.32234,1.32389,1.32234,1.32314,1614.0
2025-11-30 23:00:00+00:00,1.32315,1.3249,1.32309,1.32393,4054.0
2025-12-01 00:00:00+00:00,1.32393,1.32444,1.32362,1.3237,11008.0
2025-12-01 01:00:00+00:00,1.32369,1.32468,1.32308,1.32376,19216.0
2025-12-01 02:00:00+00:00,1.32376,1.32402,1.32248,1.32276,11165.0
2025-12-01 03:00:00+00:00,1.32276,1.32312,1.32222,1.32307,9131.0
2025-12-01 04:00:00+00:00,1.32308,1.3234,1.32265,1.3227,9541.0
2025-12-01 05:00:00+00:00,1.32269,1.32314,1.32186,1.32212,12606.0
2025-12-01 06:00:00+00:00,1.32209,1.32225,1.3211,1.32159,9029.0
2025-12-01 07:00:00+00:00,1.3216,1.32366,1.3213,1.32203,12698.0
2025-12-01 08:00:00+00:00,1.32202,1.32296,1.32056,1.32112,16849.0
2025-12-01 09:00:00+00:00,1.32111,1.32354,1.32109,1.3233,14211.0
2025-12-01 10:00:00+00:00,1.3233,1.32336,1.32176,1.32282,11819.0
2025-12-01 11:00:00+00:00,1.32282,1.32368,1.32207,1.32338,10985.0
2025-12-01 12:00:00+00:00,1.32338,1.32704,1.32334,1.32674,14687.0
2025-12-01 13:00:00+00:00,1.32674,1.32758,1.32596,1.3266,15100.0
2025-12-01 14:00:00+00:00,1.3266,1.32664,1.3244,1.32495,16492.0
2025-12-01 15:00:00+00:00,1.32516,1.32598,1.32304,1.32521,18898.0
2025-12-01 16:00:00+00:00,1.32522,1.32528,1.32226,1.32271,16306.0
2025-12-01 17:00:00+00:00,1.32272,1.32324,1.32215,1.3225,11339.0
2025-12-01 18:00:00+00:00,1.3225,1.32282,1.32129,1.32154,9964.0
2025-12-01 19:00:00+00:00,1.32153,1.32154,1.32083,1.32126,7857.0
2025-12-01 20:00:00+00:00,1.32128,1.32146,1.32094,1.32132,5700.0
2025-12-01 21:00:00+00:00,1.3213,1.32148,1.32102,1.32127,3913.0
2025-12-01 22:00:00+00:00,1.3218,1.3218,1.32108,1.32118,1478.0
2025-12-01 23:00:00+00:00,1.32117,1.3213,1.3209,1.32091,1095.0
2025-12-02 00:00:00+00:00,1.32092,1.32121,1.32054,1.3207,3653.0
2025-12-02 01:00:00+00:00,1.32068,1.32142,1.32032,1.3212,6243.0
2025-12-02 02:00:00+00:00,1.3212,1.32172,1.32108,1.3216,4141.0
2025-12-02 03:00:00+00:00,1.3216,1.32182,1.3213,1.32172,4655.0
2025-12-02 04:00:00+00:00,1.32172,1.32218,1.32158,1.32161,3147.0
2025-12-02 05:00:00+00:00,1.3216,1.32172,1.32111,1.32146,3468.0
2025-12-02 06:00:00+00:00,1.32144,1.32162,1.32078,1.32129,5447.0
2025-12-02 07:00:00+00:00,1.3213,1.32198,1.3209,1.32153,8255.0
2025-12-02 08:00:00+00:00,1.32154,1.32202,1.32082,1.32118,12410.0
2025-12-02 09:00:00+00:00,1.32118,1.3221,1.32012,1.32108,10045.0
2025-12-02 10:00:00+00:00,1.32108,1.32125,1.31807,1.31955,11806.0
2025-12-02 11:00:00+00:00,1.31958,1.32022,1.3192,1.31986,8081.0
2025-12-02 12:00:00+00:00,1.31986,1.32102,1.31951,1.32092,9023.0
2025-12-02 13:00:00+00:00,1.32092,1.32094,1.31976,1.32067,8585.0
2025-12-02 14:00:00+00:00,1.32068,1.32132,1.31996,1.32108,14577.0
2025-12-02 15:00:00+00:00,1.32108,1.32136,1.31856,1.32011,16691.0
2025-12-02 16:00:00+00:00,1.32012,1.32042,1.31808,1.31836,12448.0
2025-12-02 17:00:00+00:00,1.31836,1.31954,1.31797,1.31942,8841.0
2025-12-02 18:00:00+00:00,1.31942,1.32023,1.31907,1.31977,6616.0
2025-12-02 19:00:00+00:00,1.31976,1.32135,1.31969,1.321,6564.0
2025-12-02 20:00:00+00:00,1.32103,1.32148,1.32068,1.32118,4775.0
2025-12-02 21:00:00+00:00,1.32118,1.3216,1.32066,1.32136,2501.0
2025-12-02 22:00:00+00:00,1.3207,1.32148,1.32058,1.321,1701.0
2025-12-02 23:00:00+00:00,1.32111,1.32214,1.32106,1.322,1510.0
2025-12-03 00:00:00+00:00,1.322,1.32228,1.32175,1.32218,7193.0
2025-12-03 01:00:00+00:00,1.32218,1.32274,1.32216,1.32266,6115.0
2025-12-03 02:00:00+00:00,1.32266,1.32308,1.32244,1.323,5690.0
2025-12-03 03:00:00+00:00,1.32299,1.32324,1.32286,1.32292,6652.0
2025-12-03 04:00:00+00:00,1.32291,1.32332,1.3227,1.32317,5342.0
2025-12-03 05:00:00+00:00,1.32316,1.32382,1.32316,1.3237,5735.0
2025-12-03 06:00:00+00:00,1.32369,1.32428,1.32356,1.32427,8329.0
2025-12-03 07:00:00+00:00,1.32428,1.32528,1.32382,1.32432,10154.0
2025-12-03 08:00:00+00:00,1.32432,1.32636,1.32376,1.3259,10505.0
2025-12-03 09:00:00+00:00,1.3259,1.3285,1.32564,1.32786,13731.0
2025-12-03 10:00:00+00:00,1.32786,1.32897,1.3274,1.32835,9682.0
2025-12-03 11:00:00+00:00,1.32836,1.32966,1.32794,1.32962,7220.0
2025-12-03 12:00:00+00:00,1.32963,1.33042,1.32941,1.32991,8218.0
2025-12-03 13:00:00+00:00,1.32992,1.3316,1.32968,1.32995,13778.0
2025-12-03 14:00:00+00:00,1.32996,1.3317,1.32922,1.33143,15539.0
2025-12-03 15:00:00+00:00,1.33134,1.33316,1.33044,1.33312,17331.0
2025-12-03 16:00:00+00:00,1.33312,1.33478,1.33292,1.33318,12333.0
2025-12-03 17:00:00+00:00,1.33316,1.33478,1.33287,1.33427,8386.0
2025-12-03 18:00:00+00:00,1.33428,1.33534,1.33387,1.33482,8314.0
2025-12-03 19:00:00+00:00,1.33482,1.33532,1.33467,1.3351,5874.0
2025-12-03 20:00:00+00:00,1.3351,1.33526,1.33478,1.3348,4746.0
2025-12-03 21:00:00+00:00,1.3348,1.33545,1.33476,1.33531,2776.0
2025-12-03 22:00:00+00:00,1.33527,1.33532,1.33503,1.33514,1209.0
2025-12-03 23:00:00+00:00,1.33514,1.3352,1.33454,1.33478,1649.0
2025-12-04 00:00:00+00:00,1.33476,1.33476,1.33373,1.33398,5587.0
2025-12-04 01:00:00+00:00,1.33398,1.3344,1.33349,1.33404,8256.0
2025-12-04 02:00:00+00:00,1.33405,1.33405,1.33346,1.33369,6292.0
2025-12-04 03:00:00+00:00,1.3337,1.3337,1.33276,1.3332,4859.0
2025-12-04 04:00:00+00:00,1.3332,1.33342,1.33316,1.33319,3765.0
2025-12-04 05:00:00+00:00,1.3332,1.33403,1.33317,1.33383,7061.0
2025-12-04 06:00:00+00:00,1.33384,1.3339,1.33324,1.33378,7256.0
2025-12-04 07:00:00+00:00,1.33379,1.33414,1.33316,1.33367,6710.0
2025-12-04 08:00:00+00:00,1.33369,1.33593,1.33338,1.33429,13942.0
2025-12-04 09:00:00+00:00,1.3343,1.335,1.33366,1.3346,9535.0
2025-12-04 10:00:00+00:00,1.33458,1.33512,1.33371,1.33443,9272.0
2025-12-04 11:00:00+00:00,1.33442,1.33641,1.33407,1.33604,9824.0
2025-12-04 12:00:00+00:00,1.33602,1.3362,1.33402,1.3349,8973.0
2025-12-04 13:00:00+00:00,1.33492,1.33504,1.33221,1.33423,14003.0
2025-12-04 14:00:00+00:00,1.33424,1.33744,1.33424,1.337,15858.0
2025-12-04 15:00:00+00:00,1.33701,1.33858,1.33542,1.3373,14233.0
2025-12-04 16:00:00+00:00,1.33732,1.33734,1.33476,1.33526,10804.0
2025-12-04 17:00:00+00:00,1.33524,1.3353,1.33406,1.33433,6540.0
2025-12-04 18:00:00+00:00,1.33432,1.33514,1.33361,1.33434,6172.0
2025-12-04 19:00:00+00:00,1.33434,1.33462,1.33378,1.334,7206.0
2025-12-04 20:00:00+00:00,1.33399,1.334,1.33268,1.33289,6625.0
2025-12-04 21:00:00+00:00,1.3329,1.3332,1.33248,1.33278,2495.0
2025-12-04 22:00:00+00:00,1.33272,1.33294,1.33237,1.33257,8488.0
2025-12-04 23:00:00+00:00,1.33258,1.33276,1.33205,1.33224,1147.0
2025-12-05 00:00:00+00:00,1.33223,1.33303,1.33222,1.333,3891.0
2025-12-05 01:00:00+00:00,1.33302,1.33336,1.33284,1.33334,6278.0
2025-12-05 02:00:00+00:00,1.33335,1.33344,1.33304,1.33324,4218.0
2025-12-05 03:00:00+00:00,1.33324,1.33324,1.33252,1.33272,3073.0
2025-12-05 04:00:00+00:00,1.33272,1.33373,1.3327,1.33364,4048.0
2025-12-05 05:00:00+00:00,1.33364,1.33457,1.33358,1.33452,5822.0
2025-12-05 06:00:00+00:00,1.33451,1.33525,1.33422,1.33492,4895.0
2025-12-05 07:00:00+00:00,1.3349,1.33624,1.33485,1.33532,9111.0
2025-12-05 08:00:00+00:00,1.33532,1.33606,1.33459,1.335,9758.0
2025-12-05 09:00:00+00:00,1.33498,1.33541,1.33426,1.3346,7395.0
2025-12-05 10:00:00+00:00,1.3346,1.33486,1.33331,1.33379,6818.0
2025-12-05 11:00:00+00:00,1.3338,1.33403,1.3328,1.33402,5995.0
2025-12-05 12:00:00+00:00,1.33402,1.33488,1.33387,1.33486,7285.0
2025-12-05 13:00:00+00:00,1.33484,1.33558,1.334,1.3351,10094.0
2025-12-05 14:00:00+00:00,1.33509,1.3362,1.3343,1.33484,13139.0
2025-12-05 15:00:00+00:00,1.33484,1.33594,1.33391,1.3343,13356.0
2025-12-05 16:00:00+00:00,1.3343,1.33436,1.33162,1.33227,13375.0
2025-12-05 17:00:00+00:00,1.33226,1.33314,1.33182,1.33312,8010.0
2025-12-05 18:00:00+00:00,1.33311,1.33408,1.33296,1.33341,5426.0
2025-12-05 19:00:00+00:00,1.33342,1.33362,1.3329,1.33338,5720.0
2025-12-05 20:00:00+00:00,1.3334,1.3334,1.33261,1.3333,4341.0
2025-12-05 21:00:00+00:00,1.3333,1.33372,1.33274,1.33316,3636.0
2025-12-07 22:00:00+00:00,1.33268,1.33318,1.3322,1.33306,1193.0
2025-12-07 23:00:00+00:00,1.3329,1.33321,1.3324,1.33258,5214.0
2025-12-08 00:00:00+00:00,1.3326,1.33338,1.33225,1.33335,5249.0
2025-12-08 01:00:00+00:00,1.33334,1.33382,1.3331,1.33367,4793.0
2025-12-08 02:00:00+00:00,1.33368,1.33414,1.33348,1.33412,6090.0
2025-12-08 03:00:00+00:00,1.33413,1.33426,1.33364,1.33372,5305.0
2025-12-08 04:00:00+00:00,1.33372,1.33422,1.33367,1.33402,3592.0
2025-12-08 05:00:00+00:00,1.33404,1.33413,1.33358,1.33372,4114.0
2025-12-08 06:00:00+00:00,1.33372,1.33466,1.33274,1.33308,8166.0
2025-12-08 07:00:00+00:00,1.33312,1.3335,1.33222,1.33252,7581.0
2025-12-08 08:00:00+00:00,1.33252,1.33338,1.33192,1.33275,8669.0
2025-12-08 09:00:00+00:00,1.33276,1.33289,1.33137,1.33172,8913.0
2025-12-08 10:00:00+00:00,1.33172,1.33294,1.33162,1.33191,6545.0
2025-12-08 11:00:00+00:00,1.3319,1.3327,1.3314,1.33176,7696.0
2025-12-08 12:00:00+00:00,1.33176,1.33224,1.3314,1.33202,6205.0
2025-12-08 13:00:00+00:00,1.33201,1.33294,1.3315,1.33198,10148.0
2025-12-08 14:00:00+00:00,1.332,1.33384,1.33152,1.33268,14689.0
2025-12-08 15:00:00+00:00,1.33266,1.33279,1.33058,1.33119,14429.0
2025-12-08 16:00:00+00:00,1.33121,1.33252,1.33086,1.33189,9675.0
2025-12-08 17:00:00+00:00,1.3319,1.33246,1.33111,1.33236,8682.0
2025-12-08 18:00:00+00:00,1.33238,1.33308,1.33193,1.33246,6186.0
2025-12-08 19:00:00+00:00,1.33244,1.3329,1.33218,1.33269,5184.0
2025-12-08 20:00:00+00:00,1.33268,1.33298,1.33232,1.33251,3613.0
2025-12-08 21:00:00+00:00,1.33252,1.33261,1.33196,1.33213,2228.0
2025-12-08 22:00:00+00:00,1.33217,1.33244,1.33188,1.33199,2214.0
2025-12-08 23:00:00+00:00,1.33199,1.33269,1.33187,1.33268,1083.0
2025-12-09 00:00:00+00:00,1.3327,1.33286,1.33189,1.3322,4123.0
2025-12-09 01:00:00+00:00,1.33217,1.3333,1.33185,1.3333,6227.0
2025-12-09 02:00:00+00:00,1.3333,1.33348,1.33261,1.33285,5457.0
2025-12-09 03:00:00+00:00,1.33286,1.33315,1.33263,1.33281,5115.0
2025-12-09 04:00:00+00:00,1.33282,1.33309,1.33268,1.333,6625.0
2025-12-09 05:00:00+00:00,1.333,1.3337,1.33272,1.33334,6484.0
2025-12-09 06:00:00+00:00,1.33336,1.33346,1.33278,1.33308,9610.0
2025-12-09 07:00:00+00:00,1.3331,1.33327,1.33236,1.33282,7163.0
2025-12-09 08:00:00+00:00,1.33283,1.33514,1.33264,1.33442,10840.0
2025-12-09 09:00:00+00:00,1.33442,1.33564,1.33414,1.33469,11226.0
2025-12-09 10:00:00+00:00,1.33468,1.3349,1.33298,1.33371,8678.0
2025-12-09 11:00:00+00:00,1.33372,1.33378,1.33242,1.3329,8204.0
2025-12-09 12:00:00+00:00,1.3329,1.3331,1.33162,1.33198,9238.0
2025-12-09 13:00:00+00:00,1.33198,1.33276,1.33101,1.33146,11830.0
2025-12-09 14:00:00+00:00,1.33144,1.33204,1.33012,1.33151,15288.0
2025-12-09 15:00:00+00:00,1.3315,1.33158,1.32874,1.3297,17687.0
2025-12-09 16:00:00+00:00,1.3297,1.33186,1.3297,1.33178,10155.0
2025-12-09 17:00:00+00:00,1.3318,1.33195,1.32968,1.32976,7725.0
2025-12-09 18:00:00+00:00,1.32976,1.33034,1.32912,1.33012,6958.0
2025-12-09 19:00:00+00:00,1.33013,1.33046,1.32958,1.3302,6479.0
2025-12-09 20:00:00+00:00,1.3302,1.3307,1.32976,1.33002,4541.0
2025-12-09 21:00:00+00:00,1.33002,1.33051,1.32978,1.32985,4177.0
2025-12-09 22:00:00+00:00,1.32976,1.33015,1.32962,1.33005,1871.0
2025-12-09 23:00:00+00:00,1.33004,1.33041,1.32986,1.3303,1179.0
2025-12-10 00:00:00+00:00,1.3303,1.3305,1.32988,1.33039,4960.0
2025-12-10 01:00:00+00:00,1.3304,1.3304,1.32961,1.32988,5625.0
2025-12-10 02:00:00+00:00,1.32985,1.33053,1.32978,1.32994,5216.0
2025-12-10 03:00:00+00:00,1.32994,1.3305,1.32984,1.33028,4248.0
2025-12-10 04:00:00+00:00,1.33028,1.33082,1.33028,1.33051,4501.0
2025-12-10 05:00:00+00:00,1.3305,1.331,1.33041,1.33074,6264.0
2025-12-10 06:00:00+00:00,1.33074,1.3314,1.33058,1.33136,6447.0
2025-12-10 07:00:00+00:00,1.33138,1.3326,1.3313,1.3324,7172.0
2025-12-10 08:00:00+00:00,1.3324,1.33272,1.33166,1.33186,10613.0
2025-12-10 09:00:00+00:00,1.33187,1.33188,1.33076,1.33132,10144.0
2025-12-10 10:00:00+00:00,1.33131,1.33158,1.33066,1.33132,8820.0
2025-12-10 11:00:00+00:00,1.33132,1.33166,1.33014,1.33104,7901.0
2025-12-10 12:00:00+00:00,1.33105,1.33176,1.33072,1.33143,6865.0
2025-12-10 13:00:00+00:00,1.33142,1.33318,1.33048,1.33304,11011.0
2025-12-10 14:00:00+00:00,1.33306,1.33344,1.33231,1.333,12581.0
2025-12-10 15:00:00+00:00,1.33302,1.33368,1.3315,1.33208,11817.0
2025-12-10 16:00:00+00:00,1.33208,1.33392,1.33153,1.33382,9670.0
2025-12-10 17:00:00+00:00,1.33382,1.33478,1.33322,1.33457,6573.0
2025-12-10 18:00:00+00:00,1.33458,1.33466,1.33299,1.33352,6779.0
2025-12-10 19:00:00+00:00,1.33354,1.33696,1.33269,1.33652,40021.0
2025-12-10 20:00:00+00:00,1.33648,1.3389,1.33598,1.3385,20137.0
2025-12-10 21:00:00+00:00,1.3385,1.33872,1.33799,1.33814,5476.0
2025-12-10 22:00:00+00:00,1.33796,1.3383,1.3379,1.33802,1557.0
2025-12-10 23:00:00+00:00,1.33802,1.33917,1.33796,1.33886,2264.0
2025-12-11 00:00:00+00:00,1.33886,1.33922,1.33764,1.33777,6295.0
2025-12-11 01:00:00+00:00,1.33779,1.33876,1.33779,1.33822,8206.0
2025-12-11 02:00:00+00:00,1.33822,1.33874,1.33698,1.33706,6019.0
2025-12-11 03:00:00+00:00,1.33706,1.33738,1.33664,1.33672,6455.0
2025-12-11 04:00:00+00:00,1.33672,1.33696,1.33629,1.33691,5565.0
2025-12-11 05:00:00+00:00,1.33688,1.33704,1.33614,1.33618,3814.0
2025-12-11 06:00:00+00:00,1.3362,1.33704,1.33596,1.33694,6572.0
2025-12-11 07:00:00+00:00,1.33694,1.33793,1.33657,1.33701,9724.0
2025-12-11 08:00:00+00:00,1.337,1.3379,1.3366,1.33668,9889.0
2025-12-11 09:00:00+00:00,1.33667,1.33734,1.33549,1.3372,10458.0
2025-12-11 10:00:00+00:00,1.3372,1.33812,1.3368,1.33782,8696.0
2025-12-11 11:00:00+00:00,1.33782,1.33876,1.33754,1.3386,7372.0
2025-12-11 12:00:00+00:00,1.33858,1.33938,1.33787,1.33892,8221.0
2025-12-11 13:00:00+00:00,1.33892,1.34154,1.33847,1.34078,12537.0
2025-12-11 14:00:00+00:00,1.34076,1.34268,1.3407,1.34176,14155.0
2025-12-11 15:00:00+00:00,1.34178,1.34356,1.34118,1.34346,14318.0
2025-12-11 16:00:00+00:00,1.34346,1.34384,1.34161,1.34256,12030.0
2025-12-11 17:00:00+00:00,1.34254,1.34298,1.34168,1.34212,8631.0
2025-12-11 18:00:00+00:00,1.34212,1.34247,1.34127,1.34135,6993.0
2025-12-11 19:00:00+00:00,1.34136,1.34136,1.33897,1.33904,6543.0
2025-12-11 20:00:00+00:00,1.33905,1.33948,1.33822,1.33939,5928.0
2025-12-11 21:00:00+00:00,1.33939,1.3396,1.3386,1.33866,3246.0
2025-12-11 22:00:00+00:00,1.3391,1.3394,1.33884,1.33918,2525.0
2025-12-11 23:00:00+00:00,1.33919,1.33939,1.33892,1.33935,1147.0
2025-12-12 00:00:00+00:00,1.33934,1.33964,1.33924,1.33934,9298.0
2025-12-12 01:00:00+00:00,1.33934,1.34,1.33898,1.33922,7178.0
2025-12-12 02:00:00+00:00,1.33922,1.3395,1.33903,1.33912,4836.0
2025-12-12 03:00:00+00:00,1.33912,1.33938,1.33894,1.33909,3502.0
2025-12-12 04:00:00+00:00,1.33908,1.3394,1.33886,1.33886,3157.0
2025-12-12 05:00:00+00:00,1.33886,1.33969,1.33884,1.33955,4458.0
2025-12-12 06:00:00+00:00,1.33956,1.33992,1.33908,1.33954,5771.0
2025-12-12 07:00:00+00:00,1.33946,1.33946,1.33745,1.33846,8673.0
2025-12-12 08:00:00+00:00,1.33846,1.33886,1.33772,1.33784,10437.0
2025-12-12 09:00:00+00:00,1.33782,1.33859,1.33736,1.33828,8048.0
2025-12-12 10:00:00+00:00,1.33829,1.33834,1.3369,1.33764,6834.0
2025-12-12 11:00:00+00:00,1.33762,1.33782,1.33677,1.33752,6468.0
2025-12-12 12:00:00+00:00,1.33753,1.33772,1.33645,1.33734,7206.0
2025-12-12 13:00:00+00:00,1.33734,1.33836,1.33682,1.33698,8207.0
2025-12-12 14:00:00+00:00,1.33696,1.33784,1.33632,1.33727,12234.0
2025-12-12 15:00:00+00:00,1.33726,1.33784,1.33524,1.3355,13766.0
2025-12-12 16:00:00+00:00,1.33552,1.33598,1.33424,1.33486,15026.0
2025-12-12 17:00:00+00:00,1.33486,1.33738,1.3348,1.33731,9504.0
2025-12-12 18:00:00+00:00,1.33732,1.33771,1.33608,1.33612,6543.0
2025-12-12 19:00:00+00:00,1.33612,1.3367,1.33566,1.3366,6100.0
2025-12-12 20:00:00+00:00,1.33659,1.33749,1.33648,1.33664,5372.0
2025-12-12 21:00:00+00:00,1.33666,1.33727,1.33642,1.33718,3315.0
2025-12-14 22:00:00+00:00,1.33778,1.33782,1.33615,1.3372,3178.0
2025-12-14 23:00:00+00:00,1.3372,1.33739,1.3365,1.33674,2385.0
2025-12-15 00:00:00+00:00,1.33675,1.3368,1.33559,1.33657,5092.0
2025-12-15 01:00:00+00:00,1.33656,1.33742,1.33575,1.33734,5855.0
2025-12-15 02:00:00+00:00,1.3373,1.33742,1.33645,1.33682,7235.0
2025-12-15 03:00:00+00:00,1.33684,1.33706,1.33554,1.33569,4259.0
2025-12-15 04:00:00+00:00,1.33567,1.33605,1.3355,1.33583,3009.0
2025-12-15 05:00:00+00:00,1.33582,1.3366,1.33558,1.33642,4573.0
2025-12-15 06:00:00+00:00,1.33641,1.33672,1.33575,1.33656,6768.0
2025-12-15 07:00:00+00:00,1.33658,1.33702,1.33585,1.33636,8444.0
2025-12-15 08:00:00+00:00,1.33636,1.33738,1.33614,1.33678,9129.0
2025-12-15 09:00:00+00:00,1.33677,1.33886,1.3367,1.33878,7403.0
2025-12-15 10:00:00+00:00,1.33876,1.3388,1.33746,1.33801,6598.0
2025-12-15 11:00:00+00:00,1.338,1.33898,1.33795,1.33835,5722.0
2025-12-15 12:00:00+00:00,1.33834,1.33943,1.33833,1.33901,6371.0
2025-12-15 13:00:00+00:00,1.33898,1.33966,1.33856,1.33874,7159.0
2025-12-15 14:00:00+00:00,1.33872,1.34016,1.33828,1.33968,10873.0
2025-12-15 15:00:00+00:00,1.33968,1.33982,1.33814,1.33948,15803.0
2025-12-15 16:00:00+00:00,1.33948,1.33958,1.33738,1.33798,10517.0
2025-12-15 17:00:00+00:00,1.33799,1.33815,1.33657,1.33679,8262.0
2025-12-15 18:00:00+00:00,1.33678,1.3375,1.33598,1.33661,6898.0
2025-12-15 19:00:00+00:00,1.33662,1.33734,1.3362,1.33731,4950.0
2025-12-15 20:00:00+00:00,1.33732,1.33759,1.33702,1.3374,5334.0
2025-12-15 21:00:00+00:00,1.33739,1.33788,1.33718,1.33774,3655.0
2025-12-15 22:00:00+00:00,1.33723,1.3376,1.33698,1.33746,1759.0
2025-12-15 23:00:00+00:00,1.33747,1.33811,1.33745,1.33792,1522.0
2025-12-16 00:00:00+00:00,1.33794,1.33836,1.33678,1.33699,6028.0
2025-12-16 01:00:00+00:00,1.33698,1.33731,1.33617,1.33681,11837.0
2025-12-16 02:00:00+00:00,1.33682,1.3371,1.33658,1.33692,8923.0
2025-12-16 03:00:00+00:00,1.33692,1.3374,1.33628,1.33655,8455.0
2025-12-16 04:00:00+00:00,1.33658,1.337,1.33645,1.33678,5779.0
2025-12-16 05:00:00+00:00,1.33677,1.33696,1.33611,1.33624,7343.0
2025-12-16 06:00:00+00:00,1.33624,1.33668,1.33554,1.3366,6788.0
2025-12-16 07:00:00+00:00,1.33662,1.33788,1.33626,1.33754,7710.0
2025-12-16 08:00:00+00:00,1.33753,1.3395,1.33748,1.33936,10635.0
2025-12-16 09:00:00+00:00,1.33935,1.34158,1.33925,1.34104,11015.0
2025-12-16 10:00:00+00:00,1.34104,1.34268,1.34068,1.34232,9974.0
2025-12-16 11:00:00+00:00,1.34231,1.34312,1.34118,1.3431,7926.0
2025-12-16 12:00:00+00:00,1.3431,1.34374,1.34266,1.34366,9458.0
2025-12-16 13:00:00+00:00,1.34366,1.34562,1.34108,1.34256,23576.0
2025-12-16 14:00:00+00:00,1.34256,1.34461,1.34165,1.34432,20301.0
2025-12-16 15:00:00+00:00,1.34433,1.34476,1.34042,1.34158,17728.0
2025-12-16 16:00:00+00:00,1.34158,1.3429,1.34121,1.34267,14032.0
2025-12-16 17:00:00+00:00,1.3427,1.34404,1.34203,1.34238,12332.0
2025-12-16 18:00:00+00:00,1.34238,1.34272,1.3409,1.34248,10138.0
2025-12-16 19:00:00+00:00,1.34248,1.34317,1.33998,1.34258,12016.0
2025-12-16 20:00:00+00:00,1.34258,1.34362,1.34223,1.34248,10019.0
2025-12-16 21:00:00+00:00,1.34247,1.34258,1.34196,1.34214,3335.0
2025-12-16 22:00:00+00:00,1.34234,1.34246,1.34213,1.34218,2238.0
2025-12-16 23:00:00+00:00,1.34221,1.3427,1.3421,1.34254,1502.0
2025-12-17 00:00:00+00:00,1.34254,1.3427,1.34196,1.34208,4263.0
2025-12-17 01:00:00+00:00,1.34208,1.34258,1.34205,1.34248,6486.0
2025-12-17 02:00:00+00:00,1.34246,1.34246,1.34066,1.34086,4828.0
2025-12-17 03:00:00+00:00,1.34087,1.34126,1.34066,1.34098,3730.0
2025-12-17 04:00:00+00:00,1.34098,1.34098,1.33934,1.33948,4341.0
2025-12-17 05:00:00+00:00,1.33948,1.33959,1.33795,1.33836,6432.0
2025-12-17 06:00:00+00:00,1.33836,1.33901,1.33722,1.33764,6830.0
2025-12-17 07:00:00+00:00,1.33764,1.33783,1.33154,1.33228,15526.0
2025-12-17 08:00:00+00:00,1.33228,1.33318,1.33116,1.33272,9457.0
2025-12-17 09:00:00+00:00,1.3327,1.33356,1.3323,1.33257,9622.0
2025-12-17 10:00:00+00:00,1.33258,1.33354,1.33204,1.3335,8051.0
2025-12-17 11:00:00+00:00,1.33352,1.33376,1.33214,1.33274,7506.0
2025-12-17 12:00:00+00:00,1.33274,1.33464,1.33262,1.33448,6741.0
2025-12-17 13:00:00+00:00,1.33448,1.33592,1.33398,1.33563,11282.0
2025-12-17 14:00:00+00:00,1.33564,1.33665,1.33487,1.3363,12421.0
2025-12-17 15:00:00+00:00,1.3363,1.34002,1.33559,1.33994,16048.0
2025-12-17 16:00:00+00:00,1.33994,1.34068,1.33852,1.339,11953.0
2025-12-17 17:00:00+00:00,1.33897,1.33953,1.33822,1.33872,8051.0
2025-12-17 18:00:00+00:00,1.3387,1.33948,1.33736,1.3376,8260.0
2025-12-17 19:00:00+00:00,1.33761,1.33808,1.33727,1.33768,5875.0
2025-12-17 20:00:00+00:00,1.3377,1.33844,1.33748,1.33785,4652.0
2025-12-17 21:00:00+00:00,1.33786,1.338,1.33739,1.33746,2444.0
2025-12-17 22:00:00+00:00,1.3376,1.33815,1.33748,1.33776,2162.0
2025-12-17 23:00:00+00:00,1.33772,1.33783,1.33731,1.33734,1306.0
2025-12-18 00:00:00+00:00,1.33735,1.3377,1.33697,1.3376,4039.0
2025-12-18 01:00:00+00:00,1.3376,1.33791,1.33617,1.33647,6834.0
2025-12-18 02:00:00+00:00,1.33648,1.33708,1.33642,1.33688,5526.0
2025-12-18 03:00:00+00:00,1.33688,1.33713,1.33617,1.33646,4017.0
2025-12-18 04:00:00+00:00,1.33647,1.33692,1.33637,1.33686,3333.0
2025-12-18 05:00:00+00:00,1.33685,1.33741,1.33668,1.337,3963.0
2025-12-18 06:00:00+00:00,1.33698,1.3371,1.33626,1.33673,5704.0
2025-12-18 07:00:00+00:00,1.3367,1.33754,1.33638,1.33662,8901.0
2025-12-18 08:00:00+00:00,1.33662,1.33736,1.3355,1.33595,7947.0
2025-12-18 09:00:00+00:00,1.33594,1.33594,1.33411,1.33488,8395.0
2025-12-18 10:00:00+00:00,1.33484,1.33535,1.33434,1.33526,5793.0
2025-12-18 11:00:00+00:00,1.33526,1.33586,1.33495,1.33533,6241.0
2025-12-18 12:00:00+00:00,1.33535,1.33974,1.33482,1.33954,15221.0
2025-12-18 13:00:00+00:00,1.33954,1.34426,1.33913,1.34278,26599.0
2025-12-18 14:00:00+00:00,1.34278,1.34466,1.34094,1.34156,23369.0
2025-12-18 15:00:00+00:00,1.34156,1.34158,1.33862,1.33948,18628.0
2025-12-18 16:00:00+00:00,1.33948,1.34054,1.33814,1.33862,12404.0
2025-12-18 17:00:00+00:00,1.33864,1.33869,1.33704,1.33814,11907.0
2025-12-18 18:00:00+00:00,1.33814,1.33852,1.33753,1.33812,7131.0
2025-12-18 19:00:00+00:00,1.33812,1.33907,1.338,1.33864,7312.0
2025-12-18 20:00:00+00:00,1.33862,1.33898,1.33776,1.33782,6268.0
2025-12-18 21:00:00+00:00,1.33782,1.33829,1.33778,1.33823,2760.0
2025-12-18 22:00:00+00:00,1.33811,1.3391,1.33787,1.33814,1774.0
2025-12-18 23:00:00+00:00,1.33815,1.33854,1.33792,1.33836,2658.0
2025-12-19 00:00:00+00:00,1.33834,1.33858,1.3378,1.33848,5256.0
2025-12-19 01:00:00+00:00,1.33851,1.33868,1.33788,1.33826,6813.0
2025-12-19 02:00:00+00:00,1.33824,1.33862,1.33777,1.33792,5856.0
2025-12-19 03:00:00+00:00,1.33793,1.33822,1.33732,1.33777,7808.0
2025-12-19 04:00:00+00:00,1.33776,1.33803,1.33696,1.33722,6451.0
2025-12-19 05:00:00+00:00,1.33724,1.33769,1.33724,1.33757,3751.0
2025-12-19 06:00:00+00:00,1.33758,1.33856,1.33704,1.33836,8930.0
2025-12-19 07:00:00+00:00,1.33836,1.33854,1.33631,1.33654,9969.0
2025-12-19 08:00:00+00:00,1.33654,1.33806,1.33648,1.33741,8986.0
2025-12-19 09:00:00+00:00,1.3374,1.33877,1.33726,1.33818,9172.0
2025-12-19 10:00:00+00:00,1.33817,1.33867,1.33742,1.3381,7689.0
2025-12-19 11:00:00+00:00,1.33812,1.33822,1.33692,1.33724,7862.0
2025-12-19 12:00:00+00:00,1.33724,1.33789,1.33683,1.33734,5830.0
2025-12-19 13:00:00+00:00,1.33734,1.33741,1.33576,1.33722,9620.0
2025-12-19 14:00:00+00:00,1.33724,1.33868,1.33666,1.33706,14936.0
2025-12-19 15:00:00+00:00,1.33704,1.33728,1.33571,1.3362,12839.0
2025-12-19 16:00:00+00:00,1.33618,1.3378,1.33597,1.33776,9520.0
2025-12-19 17:00:00+00:00,1.33774,1.33812,1.33692,1.33774,7762.0
2025-12-19 18:00:00+00:00,1.33774,1.33902,1.3376,1.3386,7574.0
2025-12-19 19:00:00+00:00,1.33858,1.3392,1.33819,1.33908,7489.0
2025-12-19 20:00:00+00:00,1.33907,1.33942,1.33736,1.3374,4859.0
2025-12-19 21:00:00+00:00,1.33743,1.338,1.33727,1.33768,3334.0
2025-12-21 22:00:00+00:00,1.33784,1.33912,1.3378,1.3378,875.0
2025-12-21 23:00:00+00:00,1.33782,1.33845,1.33748,1.33788,9253.0
2025-12-22 00:00:00+00:00,1.3379,1.33904,1.33785,1.33894,15874.0
2025-12-22 01:00:00+00:00,1.33896,1.33983,1.33895,1.33958,20848.0
2025-12-22 02:00:00+00:00,1.33963,1.33999,1.33916,1.33928,3137.0
2025-12-22 03:00:00+00:00,1.33927,1.33974,1.33917,1.33932,4301.0
2025-12-22 04:00:00+00:00,1.33931,1.34018,1.33923,1.3399,3208.0
2025-12-22 05:00:00+00:00,1.3399,1.34012,1.3396,1.33972,3143.0
2025-12-22 06:00:00+00:00,1.33972,1.34002,1.33919,1.3394,4900.0
2025-12-22 07:00:00+00:00,1.33941,1.34192,1.33941,1.34138,6578.0
2025-12-22 08:00:00+00:00,1.34136,1.3424,1.34096,1.342,8532.0
2025-12-22 09:00:00+00:00,1.34198,1.34247,1.34105,1.34244,7679.0
2025-12-22 10:00:00+00:00,1.34244,1.34402,1.34244,1.34352,8719.0
2025-12-22 11:00:00+00:00,1.34352,1.34424,1.34323,1.34388,7687.0
2025-12-22 12:00:00+00:00,1.34384,1.34422,1.34263,1.34336,8760.0
2025-12-22 13:00:00+00:00,1.34335,1.34444,1.34316,1.34378,10327.0
2025-12-22 14:00:00+00:00,1.34378,1.34572,1.34316,1.34504,9550.0
2025-12-22 15:00:00+00:00,1.34504,1.3459,1.34444,1.3454,10878.0
2025-12-22 16:00:00+00:00,1.3454,1.34582,1.34469,1.34558,8829.0
2025-12-22 17:00:00+00:00,1.34558,1.34778,1.34558,1.34709,7956.0
2025-12-22 18:00:00+00:00,1.34709,1.3471,1.34564,1.3462,6505.0
2025-12-22 19:00:00+00:00,1.3462,1.3464,1.3454,1.34584,6151.0
2025-12-22 20:00:00+00:00,1.34586,1.34632,1.34546,1.34578,5247.0
2025-12-22 21:00:00+00:00,1.34578,1.34628,1.34564,1.34626,2701.0
2025-12-22 22:00:00+00:00,1.34562,1.34658,1.34562,1.34625,8992.0
2025-12-22 23:00:00+00:00,1.34626,1.34697,1.34622,1.3468,1686.0
2025-12-23 00:00:00+00:00,1.34683,1.34764,1.34682,1.34718,2970.0
2025-12-23 01:00:00+00:00,1.3472,1.34836,1.34695,1.3477,5450.0
2025-12-23 02:00:00+00:00,1.34769,1.34861,1.34769,1.34826,4625.0
2025-12-23 03:00:00+00:00,1.34828,1.349,1.34803,1.34891,5929.0
2025-12-23 04:00:00+00:00,1.3489,1.34924,1.34854,1.34878,5360.0
2025-12-23 05:00:00+00:00,1.34878,1.34937,1.3487,1.3489,4825.0
2025-12-23 06:00:00+00:00,1.3489,1.34901,1.34798,1.3481,6142.0
2025-12-23 07:00:00+00:00,1.3481,1.35032,1.34806,1.35018,7250.0
2025-12-23 08:00:00+00:00,1.35016,1.35114,1.34962,1.35098,9278.0
2025-12-23 09:00:00+00:00,1.35098,1.35186,1.3497,1.35056,12968.0
2025-12-23 10:00:00+00:00,1.35056,1.35175,1.35011,1.35158,11107.0
2025-12-23 11:00:00+00:00,1.35158,1.35188,1.35032,1.35036,6901.0
2025-12-23 12:00:00+00:00,1.35035,1.3511,1.35017,1.35024,8142.0
2025-12-23 13:00:00+00:00,1.35024,1.35128,1.34943,1.34946,15394.0
2025-12-23 14:00:00+00:00,1.34948,1.35007,1.34832,1.34842,16251.0
2025-12-23 15:00:00+00:00,1.34842,1.34966,1.34726,1.34838,15480.0
2025-12-23 16:00:00+00:00,1.34838,1.3488,1.3479,1.34847,11269.0
2025-12-23 17:00:00+00:00,1.34847,1.34872,1.34711,1.34734,7452.0
2025-12-23 18:00:00+00:00,1.34733,1.34898,1.34718,1.34895,5123.0
2025-12-23 19:00:00+00:00,1.34897,1.34976,1.34888,1.34971,5588.0
2025-12-23 20:00:00+00:00,1.3497,1.35004,1.34942,1.34993,3752.0
2025-12-23 21:00:00+00:00,1.34994,1.35242,1.34988,1.3518,2444.0
2025-12-23 22:00:00+00:00,1.35116,1.35241,1.35034,1.35163,1808.0
2025-12-23 23:00:00+00:00,1.3516,1.35174,1.35101,1.35131,2391.0
2025-12-24 00:00:00+00:00,1.3513,1.35172,1.35072,1.35148,4628.0
2025-12-24 01:00:00+00:00,1.35146,1.3532,1.3511,1.35292,7153.0
2025-12-24 02:00:00+00:00,1.35293,1.35343,1.3527,1.35273,5763.0
2025-12-24 03:00:00+00:00,1.35276,1.35277,1.35156,1.35165,6601.0
2025-12-24 04:00:00+00:00,1.35166,1.35167,1.35096,1.35138,4558.0
2025-12-24 05:00:00+00:00,1.35136,1.35225,1.35128,1.35191,4148.0
2025-12-24 06:00:00+00:00,1.3519,1.35243,1.35164,1.35208,6809.0
2025-12-24 07:00:00+00:00,1.35206,1.35234,1.35093,1.35104,8366.0
2025-12-24 08:00:00+00:00,1.35104,1.35224,1.35027,1.35221,10044.0
2025-12-24 09:00:00+00:00,1.35222,1.3528,1.35206,1.3522,6341.0
2025-12-24 10:00:00+00:00,1.35218,1.35239,1.35124,1.35168,8119.0
2025-12-24 11:00:00+00:00,1.35168,1.35194,1.3511,1.35143,8110.0
2025-12-24 12:00:00+00:00,1.35144,1.35144,1.35013,1.35037,7837.0
2025-12-24 13:00:00+00:00,1.35038,1.35096,1.35018,1.35049,11183.0
2025-12-24 14:00:00+00:00,1.35045,1.35108,1.34967,1.34968,13914.0
2025-12-24 15:00:00+00:00,1.34966,1.35098,1.3492,1.35072,14769.0
2025-12-24 16:00:00+00:00,1.35072,1.35108,1.34986,1.35024,10455.0
2025-12-24 17:00:00+00:00,1.35022,1.3506,1.34928,1.34978,7387.0
2025-12-24 18:00:00+00:00,1.34978,1.35054,1.34946,1.35021,10680.0
2025-12-24 19:00:00+00:00,1.3502,1.35022,1.34998,1.35016,6521.0
2025-12-24 20:00:00+00:00,1.35016,1.3504,1.34996,1.3501,7046.0
2025-12-24 21:00:00+00:00,1.35009,1.35088,1.34996,1.3507,3895.0
2025-12-25 22:00:00+00:00,1.35201,1.35211,1.3513,1.35145,2194.0
2025-12-25 23:00:00+00:00,1.35154,1.35198,1.35015,1.35084,13592.0
2025-12-26 00:00:00+00:00,1.35082,1.35188,1.3505,1.35099,8601.0
2025-12-26 01:00:00+00:00,1.35098,1.35228,1.35084,1.35128,10378.0
2025-12-26 02:00:00+00:00,1.35127,1.35192,1.35109,1.35168,7197.0
2025-12-26 03:00:00+00:00,1.35168,1.35176,1.3505,1.35058,7607.0
2025-12-26 04:00:00+00:00,1.35058,1.35084,1.34999,1.35002,6431.0
2025-12-26 05:00:00+00:00,1.35001,1.35002,1.34868,1.34946,5871.0
2025-12-26 06:00:00+00:00,1.34947,1.35004,1.34877,1.34897,11234.0
2025-12-26 07:00:00+00:00,1.34898,1.3491,1.34798,1.34828,11606.0
2025-12-26 08:00:00+00:00,1.3483,1.34966,1.34774,1.34959,11010.0
2025-12-26 09:00:00+00:00,1.34956,1.34984,1.34831,1.34854,11890.0
2025-12-26 10:00:00+00:00,1.34854,1.34951,1.34837,1.34886,12666.0
2025-12-26 11:00:00+00:00,1.34887,1.34978,1.34886,1.34947,12798.0
2025-12-26 12:00:00+00:00,1.34948,1.34974,1.34884,1.34966,9586.0
2025-12-26 13:00:00+00:00,1.34966,1.35274,1.34948,1.35168,14521.0
2025-12-26 14:00:00+00:00,1.35168,1.35214,1.35072,1.3516,15159.0
2025-12-26 15:00:00+00:00,1.35159,1.35258,1.35034,1.35069,13709.0
2025-12-26 16:00:00+00:00,1.3507,1.35076,1.34826,1.34878,16046.0
2025-12-26 17:00:00+00:00,1.34878,1.34974,1.34816,1.3495,15244.0
2025-12-26 18:00:00+00:00,1.34952,1.35,1.34928,1.34962,14532.0
2025-12-26 19:00:00+00:00,1.3496,1.35002,1.34902,1.35002,9881.0
2025-12-26 20:00:00+00:00,1.35002,1.35066,1.34991,1.35032,6437.0
2025-12-26 21:00:00+00:00,1.35032,1.35058,1.34926,1.3499,7432.0
2025-12-28 22:00:00+00:00,1.3493,1.35012,1.34895,1.35,1044.0
2025-12-28 23:00:00+00:00,1.34979,1.35013,1.3489,1.34972,5422.0
2025-12-29 00:00:00+00:00,1.34974,1.35082,1.34972,1.35076,7338.0
2025-12-29 01:00:00+00:00,1.35076,1.35119,1.35056,1.35092,6363.0
2025-12-29 02:00:00+00:00,1.35091,1.351,1.35022,1.3507,6702.0
2025-12-29 03:00:00+00:00,1.3507,1.35098,1.3503,1.35066,4960.0
2025-12-29 04:00:00+00:00,1.35066,1.35068,1.34941,1.34944,4769.0
2025-12-29 05:00:00+00:00,1.34943,1.34948,1.34837,1.3491,5219.0
2025-12-29 06:00:00+00:00,1.34914,1.34976,1.34871,1.34968,8064.0
2025-12-29 07:00:00+00:00,1.34969,1.34979,1.3482,1.34852,9807.0
2025-12-29 08:00:00+00:00,1.34852,1.34982,1.34772,1.3486,10011.0
2025-12-29 09:00:00+00:00,1.34858,1.3508,1.34737,1.34906,11955.0
2025-12-29 10:00:00+00:00,1.34904,1.35088,1.3489,1.34977,9055.0
2025-12-29 11:00:00+00:00,1.34976,1.35112,1.3489,1.34892,9604.0
2025-12-29 12:00:00+00:00,1.34892,1.34898,1.34692,1.34826,12194.0
2025-12-29 13:00:00+00:00,1.34824,1.3497,1.34794,1.34936,11313.0
2025-12-29 14:00:00+00:00,1.34936,1.35074,1.3486,1.35008,15868.0
2025-12-29 15:00:00+00:00,1.3501,1.35128,1.34859,1.35008,22260.0
2025-12-29 16:00:00+00:00,1.35006,1.35008,1.34855,1.34938,17140.0
2025-12-29 17:00:00+00:00,1.34938,1.34956,1.34816,1.34856,11753.0
2025-12-29 18:00:00+00:00,1.34856,1.34957,1.34844,1.34911,8772.0
2025-12-29 19:00:00+00:00,1.3491,1.35084,1.34893,1.35066,7200.0
2025-12-29 20:00:00+00:00,1.35068,1.351,1.3502,1.35049,6850.0
2025-12-29 21:00:00+00:00,1.3505,1.35159,1.35036,1.35129,3245.0
2025-12-29 22:00:00+00:00,1.35076,1.35113,1.35006,1.35024,3010.0
2025-12-29 23:00:00+00:00,1.35024,1.35096,1.3502,1.3509,2239.0
2025-12-30 00:00:00+00:00,1.35088,1.35102,1.34998,1.35028,3494.0
2025-12-30 01:00:00+00:00,1.35028,1.35096,1.34977,1.3509,5952.0
2025-12-30 02:00:00+00:00,1.3509,1.3512,1.35008,1.35027,4829.0
2025-12-30 03:00:00+00:00,1.35028,1.35078,1.34999,1.35053,3552.0
2025-12-30 04:00:00+00:00,1.35051,1.3511,1.35042,1.35104,3398.0
2025-12-30 05:00:00+00:00,1.35106,1.35172,1.35106,1.35148,5051.0
2025-12-30 06:00:00+00:00,1.35148,1.35216,1.35118,1.35156,5383.0
2025-12-30 07:00:00+00:00,1.35154,1.35156,1.35008,1.3506,6212.0
2025-12-30 08:00:00+00:00,1.3506,1.35189,1.3505,1.3509,8639.0
2025-12-30 09:00:00+00:00,1.35089,1.3519,1.35074,1.35145,8656.0
2025-12-30 10:00:00+00:00,1.35144,1.3531,1.35144,1.35214,7612.0
2025-12-30 11:00:00+00:00,1.35215,1.35248,1.35033,1.35044,6638.0
2025-12-30 12:00:00+00:00,1.35046,1.35084,1.34934,1.34968,8016.0
2025-12-30 13:00:00+00:00,1.34968,1.34994,1.34869,1.34877,10379.0
2025-12-30 14:00:00+00:00,1.34878,1.34882,1.34714,1.34765,11481.0
2025-12-30 15:00:00+00:00,1.34764,1.34784,1.34496,1.34737,11364.0
2025-12-30 16:00:00+00:00,1.34736,1.34838,1.3463,1.34766,9844.0
2025-12-30 17:00:00+00:00,1.34768,1.34788,1.34654,1.34698,6852.0
2025-12-30 18:00:00+00:00,1.34697,1.34748,1.34653,1.34676,4706.0
2025-12-30 19:00:00+00:00,1.34676,1.34728,1.34623,1.34655,4885.0
2025-12-30 20:00:00+00:00,1.34658,1.34678,1.34612,1.34638,4777.0
2025-12-30 21:00:00+00:00,1.34638,1.34692,1.34638,1.34687,1808.0
2025-12-30 22:00:00+00:00,1.34686,1.34706,1.34646,1.3466,1344.0
2025-12-30 23:00:00+00:00,1.34661,1.34678,1.34626,1.34664,2176.0
2025-12-31 00:00:00+00:00,1.34664,1.34676,1.34586,1.34638,3020.0
2025-12-31 01:00:00+00:00,1.34639,1.34668,1.34604,1.34614,8687.0
2025-12-31 02:00:00+00:00,1.34613,1.34642,1.34592,1.34614,8485.0
2025-12-31 03:00:00+00:00,1.34613,1.34658,1.34602,1.34641,5834.0
2025-12-31 04:00:00+00:00,1.34639,1.34644,1.34574,1.34584,5139.0
2025-12-31 05:00:00+00:00,1.34585,1.34635,1.34582,1.34608,6829.0
2025-12-31 06:00:00+00:00,1.34609,1.34612,1.34529,1.34577,5184.0
2025-12-31 07:00:00+00:00,1.34576,1.34604,1.34512,1.34563,7274.0
2025-12-31 08:00:00+00:00,1.34565,1.34655,1.34268,1.34294,11676.0
2025-12-31 09:00:00+00:00,1.34294,1.34448,1.34258,1.34377,10898.0
2025-12-31 10:00:00+00:00,1.34382,1.34402,1.34328,1.34385,8516.0
2025-12-31 11:00:00+00:00,1.34384,1.3457,1.34374,1.34555,8478.0
2025-12-31 12:00:00+00:00,1.34556,1.3469,1.34472,1.34672,12386.0
2025-12-31 13:00:00+00:00,1.34673,1.34766,1.34484,1.34544,12966.0
2025-12-31 14:00:00+00:00,1.34544,1.34553,1.34323,1.3434,14655.0
2025-12-31 15:00:00+00:00,1.3434,1.34538,1.34016,1.34508,21153.0
2025-12-31 16:00:00+00:00,1.34506,1.34608,1.34374,1.34462,14977.0
2025-12-31 17:00:00+00:00,1.34462,1.34558,1.34386,1.34522,10487.0
2025-12-31 18:00:00+00:00,1.34521,1.34582,1.34469,1.34536,8203.0
2025-12-31 19:00:00+00:00,1.34536,1.3461,1.34528,1.34598,6652.0
2025-12-31 20:00:00+00:00,1.34598,1.3482,1.34598,1.34802,5107.0
2025-12-31 21:00:00+00:00,1.34804,1.34838,1.34733,1.34738,2419.0
2026-01-01 22:00:00+00:00,1.34688,1.34719,1.34632,1.34702,2246.0
2026-01-01 23:00:00+00:00,1.34696,1.3477,1.34696,1.3474,1182.0
2026-01-02 00:00:00+00:00,1.3474,1.34826,1.3472,1.34816,2584.0
2026-01-02 01:00:00+00:00,1.34819,1.34881,1.34809,1.34878,4316.0
2026-01-02 02:00:00+00:00,1.34878,1.34914,1.34866,1.34882,3488.0
2026-01-02 03:00:00+00:00,1.34882,1.34902,1.34843,1.34868,2697.0
2026-01-02 04:00:00+00:00,1.3487,1.34876,1.34778,1.34788,3164.0
2026-01-02 05:00:00+00:00,1.34788,1.34808,1.34696,1.34712,2245.0
2026-01-02 06:00:00+00:00,1.3471,1.34714,1.34636,1.34678,3343.0
2026-01-02 07:00:00+00:00,1.34678,1.34708,1.34578,1.34644,7647.0
2026-01-02 08:00:00+00:00,1.34642,1.34689,1.34492,1.3454,11621.0
2026-01-02 09:00:00+00:00,1.34538,1.34644,1.34509,1.3455,9325.0
2026-01-02 10:00:00+00:00,1.34551,1.34586,1.34442,1.34499,8726.0
2026-01-02 11:00:00+00:00,1.34498,1.34526,1.34342,1.34409,8503.0
2026-01-02 12:00:00+00:00,1.3441,1.34496,1.34362,1.34456,7739.0
2026-01-02 13:00:00+00:00,1.34458,1.34598,1.34422,1.34576,9170.0
2026-01-02 14:00:00+00:00,1.34576,1.34683,1.34534,1.34648,10901.0
2026-01-02 15:00:00+00:00,1.34648,1.3502,1.34644,1.34971,14291.0
2026-01-02 16:00:00+00:00,1.3497,1.34988,1.34733,1.34778,11138.0
2026-01-02 17:00:00+00:00,1.34778,1.34781,1.34614,1.34628,8305.0
2026-01-02 18:00:00+00:00,1.34628,1.34639,1.34464,1.34515,7674.0
2026-01-02 19:00:00+00:00,1.34514,1.34581,1.34475,1.3455,8615.0
2026-01-02 20:00:00+00:00,1.3455,1.34575,1.34495,1.34569,5469.0
2026-01-02 21:00:00+00:00,1.34568,1.3467,1.34562,1.34602,2534.0
2026-01-04 22:00:00+00:00,1.34545,1.34599,1.34496,1.34522,1964.0
2026-01-04 23:00:00+00:00,1.34546,1.34567,1.34371,1.3438,3784.0
2026-01-05 00:00:00+00:00,1.34378,1.34482,1.34374,1.34434,7293.0
2026-01-05 01:00:00+00:00,1.34434,1.34488,1.34385,1.34402,11763.0
2026-01-05 02:00:00+00:00,1.34402,1.34429,1.34257,1.34314,8636.0
2026-01-05 03:00:00+00:00,1.34312,1.34364,1.3414,1.34158,7429.0
2026-01-05 04:00:00+00:00,1.34158,1.34282,1.34143,1.34258,6270.0
2026-01-05 05:00:00+00:00,1.34257,1.34319,1.34231,1.34283,5169.0
2026-01-05 06:00:00+00:00,1.34282,1.34372,1.34209,1.34358,6905.0
2026-01-05 07:00:00+00:00,1.34359,1.3437,1.34204,1.3423,9547.0
2026-01-05 08:00:00+00:00,1.3423,1.34388,1.34176,1.34259,11384.0
2026-01-05 09:00:00+00:00,1.34259,1.34436,1.34222,1.34429,8712.0
2026-01-05 10:00:00+00:00,1.34428,1.34648,1.34407,1.34632,10259.0
2026-01-05 11:00:00+00:00,1.34633,1.34712,1.34581,1.34596,9757.0
2026-01-05 12:00:00+00:00,1.34594,1.34742,1.3453,1.3456,8924.0
2026-01-05 13:00:00+00:00,1.3456,1.34574,1.3425,1.34528,11768.0
2026-01-05 14:00:00+00:00,1.34529,1.34768,1.34508,1.34724,17353.0
2026-01-05 15:00:00+00:00,1.34725,1.35042,1.34725,1.35028,16071.0
2026-01-05 16:00:00+00:00,1.35029,1.35254,1.35028,1.35254,12493.0
2026-01-05 17:00:00+00:00,1.35253,1.35396,1.35244,1.35328,10223.0
2026-01-05 18:00:00+00:00,1.35328,1.35396,1.3529,1.35396,6579.0
2026-01-05 19:00:00+00:00,1.35397,1.3546,1.35356,1.35432,7311.0
2026-01-05 20:00:00+00:00,1.35432,1.35466,1.35421,1.35434,4950.0
2026-01-05 21:00:00+00:00,1.35432,1.35484,1.354,1.35427,2829.0
2026-01-05 22:00:00+00:00,1.35415,1.35436,1.35406,1.3541,1686.0
2026-01-05 23:00:00+00:00,1.3541,1.35422,1.35318,1.35322,1318.0
2026-01-06 00:00:00+00:00,1.35324,1.35358,1.35281,1.35358,4982.0
2026-01-06 01:00:00+00:00,1.35358,1.35463,1.35316,1.35462,7843.0
2026-01-06 02:00:00+00:00,1.35464,1.35578,1.35418,1.35566,6244.0
2026-01-06 03:00:00+00:00,1.35563,1.35624,1.3551,1.3559,4942.0
2026-01-06 04:00:00+00:00,1.3559,1.35618,1.35541,1.35558,4345.0
2026-01-06 05:00:00+00:00,1.35558,1.35579,1.3546,1.35495,5096.0
2026-01-06 06:00:00+00:00,1.35494,1.35579,1.35484,1.3555,6042.0
2026-01-06 07:00:00+00:00,1.35551,1.3568,1.35472,1.35508,7918.0
2026-01-06 08:00:00+00:00,1.35507,1.35668,1.35474,1.3554,11584.0
2026-01-06 09:00:00+00:00,1.35539,1.35548,1.35357,1.35357,11457.0
2026-01-06 10:00:00+00:00,1.35358,1.35399,1.35298,1.35328,10991.0
2026-01-06 11:00:00+00:00,1.35328,1.35349,1.35175,1.35206,8390.0
2026-01-06 12:00:00+00:00,1.35207,1.35292,1.35084,1.35118,8686.0
2026-01-06 13:00:00+00:00,1.3512,1.35242,1.35066,1.35241,12720.0
2026-01-06 14:00:00+00:00,1.3524,1.35347,1.35156,1.35253,16170.0
2026-01-06 15:00:00+00:00,1.35252,1.35272,1.34939,1.35077,15535.0
2026-01-06 16:00:00+00:00,1.35076,1.35096,1.34916,1.3495,10707.0
2026-01-06 17:00:00+00:00,1.34948,1.35113,1.34928,1.35102,7849.0
2026-01-06 18:00:00+00:00,1.35102,1.35122,1.34981,1.34986,7600.0
2026-01-06 19:00:00+00:00,1.34986,1.3501,1.34926,1.35006,6852.0
2026-01-06 20:00:00+00:00,1.35006,1.35062,1.34985,1.34987,5596.0
2026-01-06 21:00:00+00:00,1.34986,1.3503,1.34976,1.3502,2094.0
2026-01-06 22:00:00+00:00,1.35044,1.35054,1.34954,1.35013,1284.0
2026-01-06 23:00:00+00:00,1.35014,1.35036,1.34996,1.34997,881.0
2026-01-07 00:00:00+00:00,1.34998,1.35049,1.34978,1.35025,6626.0
2026-01-07 01:00:00+00:00,1.35026,1.35103,1.35006,1.3506,7780.0
2026-01-07 02:00:00+00:00,1.35056,1.35138,1.35055,1.35104,6398.0
2026-01-07 03:00:00+00:00,1.35103,1.35169,1.351,1.35143,5113.0
2026-01-07 04:00:00+00:00,1.35142,1.35164,1.35044,1.35054,7281.0
2026-01-07 05:00:00+00:00,1.35054,1.35099,1.3503,1.35084,4560.0
2026-01-07 06:00:00+00:00,1.35084,1.35169,1.35046,1.35134,5342.0
2026-01-07 07:00:00+00:00,1.35134,1.35166,1.34914,1.34926,7451.0
2026-01-07 08:00:00+00:00,1.34924,1.3497,1.34852,1.34964,8986.0
2026-01-07 09:00:00+00:00,1.34964,1.3498,1.34866,1.34946,7850.0
2026-01-07 10:00:00+00:00,1.34945,1.35048,1.34935,1.3498,8949.0
2026-01-07 11:00:00+00:00,1.3498,1.35058,1.3495,1.35004,7854.0
2026-01-07 12:00:00+00:00,1.35005,1.35028,1.3486,1.34916,8895.0
2026-01-07 13:00:00+00:00,1.34916,1.35006,1.34822,1.34946,12570.0
2026-01-07 14:00:00+00:00,1.34947,1.35024,1.34838,1.35024,14202.0
2026-01-07 15:00:00+00:00,1.35024,1.35024,1.34729,1.34808,21293.0
2026-01-07 16:00:00+00:00,1.34808,1.3486,1.34684,1.34716,11068.0
2026-01-07 17:00:00+00:00,1.34715,1.34796,1.34692,1.34732,7678.0
2026-01-07 18:00:00+00:00,1.34732,1.34737,1.34682,1.34696,6977.0
2026-01-07 19:00:00+00:00,1.34695,1.34708,1.34623,1.34646,6886.0
2026-01-07 20:00:00+00:00,1.34652,1.34681,1.34614,1.34626,6451.0
2026-01-07 21:00:00+00:00,1.34626,1.34628,1.34564,1.3458,1690.0
2026-01-07 22:00:00+00:00,1.34596,1.34627,1.3459,1.34596,1390.0
2026-01-07 23:00:00+00:00,1.34602,1.34606,1.34564,1.34588,1059.0
2026-01-08 00:00:00+00:00,1.34586,1.34607,1.34565,1.34584,4198.0
2026-01-08 01:00:00+00:00,1.34583,1.34609,1.34532,1.34558,6110.0
2026-01-08 02:00:00+00:00,1.34558,1.34596,1.34508,1.34565,5641.0
2026-01-08 03:00:00+00:00,1.34566,1.34657,1.34564,1.34636,5704.0
2026-01-08 04:00:00+00:00,1.34636,1.34637,1.34588,1.34604,4610.0
2026-01-08 05:00:00+00:00,1.34604,1.3461,1.34525,1.34583,6059.0
2026-01-08 06:00:00+00:00,1.34584,1.34618,1.34524,1.34601,8365.0
2026-01-08 07:00:00+00:00,1.346,1.34609,1.34454,1.34456,8118.0
2026-01-08 08:00:00+00:00,1.3446,1.34466,1.34354,1.34386,10170.0
2026-01-08 09:00:00+00:00,1.34388,1.34459,1.34322,1.34382,7882.0
2026-01-08 10:00:00+00:00,1.34382,1.34482,1.34357,1.34472,8685.0
2026-01-08 11:00:00+00:00,1.34472,1.34508,1.3444,1.34444,8097.0
2026-01-08 12:00:00+00:00,1.34444,1.34476,1.34372,1.34384,6256.0
2026-01-08 13:00:00+00:00,1.34385,1.34476,1.34158,1.34234,11347.0
2026-01-08 14:00:00+00:00,1.34232,1.3436,1.34175,1.34354,15798.0
2026-01-08 15:00:00+00:00,1.34353,1.34471,1.34262,1.34412,12988.0
2026-01-08 16:00:00+00:00,1.34413,1.34446,1.34286,1.34301,11731.0
2026-01-08 17:00:00+00:00,1.343,1.34372,1.3426,1.3436,8260.0
2026-01-08 18:00:00+00:00,1.3436,1.34379,1.34222,1.34228,7845.0
2026-01-08 19:00:00+00:00,1.34229,1.34313,1.34196,1.3431,5710.0
2026-01-08 20:00:00+00:00,1.34309,1.3438,1.34298,1.34365,4632.0
2026-01-08 21:00:00+00:00,1.34364,1.34456,1.34353,1.34402,3759.0
2026-01-08 22:00:00+00:00,1.34363,1.34424,1.34334,1.34366,1667.0
2026-01-08 23:00:00+00:00,1.34365,1.3441,1.34344,1.34358,1320.0
2026-01-09 00:00:00+00:00,1.3436,1.3437,1.34318,1.34324,4049.0
2026-01-09 01:00:00+00:00,1.34325,1.34364,1.34269,1.34282,9101.0
2026-01-09 02:00:00+00:00,1.34281,1.34338,1.34246,1.34326,7115.0
2026-01-09 03:00:00+00:00,1.34326,1.34378,1.34312,1.34368,5928.0
2026-01-09 04:00:00+00:00,1.3437,1.3438,1.34316,1.34356,4475.0
2026-01-09 05:00:00+00:00,1.34356,1.34382,1.34276,1.34302,5085.0
2026-01-09 06:00:00+00:00,1.34302,1.34326,1.3425,1.34278,5703.0
2026-01-09 07:00:00+00:00,1.34279,1.34294,1.34144,1.34292,7095.0
2026-01-09 08:00:00+00:00,1.34294,1.34346,1.34118,1.34152,11128.0
2026-01-09 09:00:00+00:00,1.34153,1.34209,1.34048,1.34103,8148.0
2026-01-09 10:00:00+00:00,1.34102,1.34125,1.3404,1.34084,6842.0
2026-01-09 11:00:00+00:00,1.34087,1.34145,1.34048,1.34132,8232.0
2026-01-09 12:00:00+00:00,1.34133,1.34196,1.34097,1.34194,8790.0
2026-01-09 13:00:00+00:00,1.34196,1.34511,1.33977,1.34357,24063.0
2026-01-09 14:00:00+00:00,1.34357,1.34434,1.34062,1.3413,26355.0
2026-01-09 15:00:00+00:00,1.34124,1.34192,1.33926,1.3418,23512.0
2026-01-09 16:00:00+00:00,1.3418,1.34228,1.34046,1.34106,14124.0
2026-01-09 17:00:00+00:00,1.34107,1.34114,1.33982,1.3403,9883.0
2026-01-09 18:00:00+00:00,1.34029,1.34146,1.33998,1.34058,6593.0
2026-01-09 19:00:00+00:00,1.3406,1.34117,1.34034,1.34068,6265.0
2026-01-09 20:00:00+00:00,1.34068,1.34096,1.34052,1.34069,4355.0
2026-01-09 21:00:00+00:00,1.34068,1.34092,1.33972,1.34021,3354.0
2026-01-11 22:00:00+00:00,1.33999,1.34035,1.33944,1.33944,787.0
2026-01-11 23:00:00+00:00,1.3395,1.33996,1.33924,1.33936,1662.0
2026-01-12 00:00:00+00:00,1.33937,1.34356,1.33908,1.34349,10337.0
2026-01-12 01:00:00+00:00,1.34348,1.3441,1.34268,1.34276,8732.0
2026-01-12 02:00:00+00:00,1.34275,1.3434,1.34212,1.34228,6260.0
2026-01-12 03:00:00+00:00,1.34228,1.34282,1.34204,1.34205,5570.0
2026-01-12 04:00:00+00:00,1.34205,1.3424,1.34165,1.34225,3794.0
2026-01-12 05:00:00+00:00,1.34226,1.34366,1.34217,1.34341,5405.0
2026-01-12 06:00:00+00:00,1.3434,1.34413,1.34296,1.34386,5597.0
2026-01-12 07:00:00+00:00,1.34384,1.34472,1.34341,1.34444,10064.0
2026-01-12 08:00:00+00:00,1.34444,1.34615,1.34428,1.34572,11156.0
2026-01-12 09:00:00+00:00,1.34572,1.34694,1.34504,1.34538,8573.0
2026-01-12 10:00:00+00:00,1.34538,1.34714,1.3448,1.34713,7883.0
2026-01-12 11:00:00+00:00,1.34712,1.34749,1.34546,1.34597,6618.0
2026-01-12 12:00:00+00:00,1.34596,1.34736,1.34576,1.34656,8987.0
2026-01-12 13:00:00+00:00,1.34656,1.3486,1.34614,1.34818,10524.0
2026-01-12 14:00:00+00:00,1.34818,1.34834,1.34634,1.34735,13802.0
2026-01-12 15:00:00+00:00,1.34736,1.34806,1.34682,1.34754,12785.0
2026-01-12 16:00:00+00:00,1.34756,1.34775,1.34637,1.34642,9896.0
2026-01-12 17:00:00+00:00,1.34641,1.34718,1.34553,1.34643,8409.0
2026-01-12 18:00:00+00:00,1.34642,1.34642,1.34574,1.34594,5550.0
2026-01-12 19:00:00+00:00,1.34593,1.34668,1.34572,1.3466,3991.0
2026-01-12 20:00:00+00:00,1.34659,1.3469,1.34621,1.34636,3692.0
2026-01-12 21:00:00+00:00,1.34636,1.34702,1.34618,1.34646,2465.0
2026-01-12 22:00:00+00:00,1.34662,1.34678,1.34622,1.34644,1819.0
2026-01-12 23:00:00+00:00,1.34646,1.3469,1.34632,1.34662,1839.0
2026-01-13 00:00:00+00:00,1.3466,1.34768,1.34626,1.3476,4733.0
2026-01-13 01:00:00+00:00,1.3476,1.34771,1.34666,1.34703,7017.0
2026-01-13 02:00:00+00:00,1.34704,1.34765,1.34696,1.34728,6812.0
2026-01-13 03:00:00+00:00,1.34727,1.34788,1.34696,1.34705,4784.0
2026-01-13 04:00:00+00:00,1.34706,1.34772,1.347,1.34738,4915.0
2026-01-13 05:00:00+00:00,1.34738,1.3477,1.3471,1.34724,5413.0
2026-01-13 06:00:00+00:00,1.34724,1.34728,1.34626,1.34726,6975.0
2026-01-13 07:00:00+00:00,1.34724,1.34738,1.34624,1.34672,6682.0
2026-01-13 08:00:00+00:00,1.3467,1.3478,1.34636,1.34766,10015.0
2026-01-13 09:00:00+00:00,1.34765,1.34854,1.34736,1.34811,7361.0
2026-01-13 10:00:00+00:00,1.3481,1.34835,1.34698,1.34714,7519.0
2026-01-13 11:00:00+00:00,1.34714,1.34738,1.34674,1.34726,5378.0
2026-01-13 12:00:00+00:00,1.34727,1.34732,1.34584,1.34609,6640.0
2026-01-13 13:00:00+00:00,1.34609,1.34949,1.34544,1.34753,22246.0
2026-01-13 14:00:00+00:00,1.34754,1.34774,1.34515,1.34592,20403.0
2026-01-13 15:00:00+00:00,1.34591,1.346,1.34352,1.34422,16377.0
2026-01-13 16:00:00+00:00,1.34421,1.34454,1.34251,1.34345,12813.0
2026-01-13 17:00:00+00:00,1.34346,1.34379,1.34274,1.34336,8889.0
2026-01-13 18:00:00+00:00,1.34336,1.3441,1.34244,1.34398,8096.0
2026-01-13 19:00:00+00:00,1.34399,1.344,1.34278,1.3435,6016.0
2026-01-13 20:00:00+00:00,1.3435,1.34362,1.34293,1.34306,5475.0
2026-01-13 21:00:00+00:00,1.34306,1.34316,1.34216,1.34222,2006.0
2026-01-13 22:00:00+00:00,1.34255,1.34268,1.3422,1.34227,1496.0
2026-01-13 23:00:00+00:00,1.34226,1.34284,1.34224,1.34258,1214.0
2026-01-14 00:00:00+00:00,1.34257,1.34273,1.3421,1.34271,4362.0
2026-01-14 01:00:00+00:00,1.34272,1.34272,1.34198,1.34227,6459.0
2026-01-14 02:00:00+00:00,1.34228,1.34373,1.34212,1.3436,6871.0
2026-01-14 03:00:00+00:00,1.34362,1.34478,1.34362,1.3445,4946.0
2026-01-14 04:00:00+00:00,1.3445,1.34463,1.34392,1.344,2743.0
2026-01-14 05:00:00+00:00,1.344,1.3442,1.34355,1.34357,4247.0
2026-01-14 06:00:00+00:00,1.34358,1.34482,1.34345,1.3447,4939.0
2026-01-14 07:00:00+00:00,1.3447,1.34496,1.34374,1.34396,5988.0
2026-01-14 08:00:00+00:00,1.34396,1.34502,1.3437,1.345,11705.0
2026-01-14 09:00:00+00:00,1.34499,1.3459,1.34468,1.3457,8546.0
2026-01-14 10:00:00+00:00,1.34569,1.34588,1.34506,1.3454,9681.0
2026-01-14 11:00:00+00:00,1.34538,1.3454,1.34454,1.34493,7307.0
2026-01-14 12:00:00+00:00,1.34493,1.34586,1.34424,1.34522,8712.0
2026-01-14 13:00:00+00:00,1.34521,1.34528,1.34387,1.34449,10441.0
2026-01-14 14:00:00+00:00,1.34446,1.34643,1.34436,1.34568,15959.0
2026-01-14 15:00:00+00:00,1.34566,1.3462,1.3444,1.34562,18122.0
2026-01-14 16:00:00+00:00,1.3456,1.34585,1.34406,1.34438,10208.0
2026-01-14 17:00:00+00:00,1.34437,1.34451,1.34303,1.3432,7744.0
2026-01-14 18:00:00+00:00,1.34319,1.3433,1.34267,1.3427,5913.0
2026-01-14 19:00:00+00:00,1.34269,1.3433,1.34248,1.34309,4761.0
2026-01-14 20:00:00+00:00,1.3431,1.3441,1.34299,1.34328,7484.0
2026-01-14 21:00:00+00:00,1.34328,1.34473,1.34321,1.3447,4032.0
2026-01-14 22:00:00+00:00,1.3443,1.34464,1.34389,1.344,4115.0
2026-01-14 23:00:00+00:00,1.34402,1.34448,1.34386,1.34401,1663.0
2026-01-15 00:00:00+00:00,1.344,1.34402,1.3431,1.34374,4854.0
2026-01-15 01:00:00+00:00,1.34374,1.34386,1.34274,1.34354,9959.0
2026-01-15 02:00:00+00:00,1.34348,1.34348,1.34294,1.34332,6738.0
2026-01-15 03:00:00+00:00,1.34332,1.34336,1.34258,1.34277,5056.0
2026-01-15 04:00:00+00:00,1.34276,1.34288,1.34234,1.34241,3640.0
2026-01-15 05:00:00+00:00,1.3424,1.34321,1.34232,1.34274,5919.0
2026-01-15 06:00:00+00:00,1.34274,1.3433,1.34237,1.34276,6747.0
2026-01-15 07:00:00+00:00,1.34276,1.34433,1.34238,1.34347,9518.0
2026-01-15 08:00:00+00:00,1.34346,1.3444,1.34267,1.34388,9134.0
2026-01-15 09:00:00+00:00,1.34388,1.34453,1.34354,1.34368,9823.0
2026-01-15 10:00:00+00:00,1.34369,1.34388,1.3416,1.34204,8160.0
2026-01-15 11:00:00+00:00,1.34204,1.34281,1.3417,1.34182,7445.0
2026-01-15 12:00:00+00:00,1.34182,1.34209,1.34015,1.34038,6988.0
2026-01-15 13:00:00+00:00,1.34038,1.34041,1.33689,1.33731,12589.0
2026-01-15 14:00:00+00:00,1.33732,1.33874,1.33628,1.33712,13631.0
2026-01-15 15:00:00+00:00,1.33711,1.33888,1.33692,1.33862,13658.0
2026-01-15 16:00:00+00:00,1.3386,1.3394,1.33798,1.33851,10366.0
2026-01-15 17:00:00+00:00,1.33851,1.33939,1.33808,1.33876,7448.0
2026-01-15 18:00:00+00:00,1.33875,1.3394,1.33875,1.33918,5785.0
2026-01-15 19:00:00+00:00,1.33918,1.3392,1.33836,1.33858,6280.0
2026-01-15 20:00:00+00:00,1.33858,1.33863,1.33745,1.33758,5821.0
2026-01-15 21:00:00+00:00,1.33756,1.33846,1.33753,1.33823,2560.0
2026-01-15 22:00:00+00:00,1.33777,1.33833,1.33772,1.33793,1354.0
2026-01-15 23:00:00+00:00,1.33792,1.33826,1.33786,1.33811,2463.0
2026-01-16 00:00:00+00:00,1.33814,1.33825,1.33706,1.3377,5917.0
2026-01-16 01:00:00+00:00,1.33769,1.33838,1.33753,1.33797,6187.0
2026-01-16 02:00:00+00:00,1.33798,1.33886,1.33788,1.33842,8501.0
2026-01-16 03:00:00+00:00,1.33845,1.33912,1.33829,1.33909,5753.0
2026-01-16 04:00:00+00:00,1.3391,1.33914,1.33881,1.33891,3489.0
2026-01-16 05:00:00+00:00,1.3389,1.33897,1.33819,1.33831,3634.0
2026-01-16 06:00:00+00:00,1.33832,1.33842,1.33771,1.33805,4833.0
2026-01-16 07:00:00+00:00,1.338,1.33922,1.33773,1.33908,7059.0
2026-01-16 08:00:00+00:00,1.33907,1.33982,1.33896,1.33933,8247.0
2026-01-16 09:00:00+00:00,1.33932,1.34053,1.33907,1.3397,6621.0
2026-01-16 10:00:00+00:00,1.3397,1.34132,1.3397,1.34058,6549.0
2026-01-16 11:00:00+00:00,1.34058,1.34124,1.34049,1.34078,5722.0
2026-01-16 12:00:00+00:00,1.34074,1.34104,1.33928,1.34004,9112.0
2026-01-16 13:00:00+00:00,1.34002,1.34083,1.33886,1.34036,11257.0
2026-01-16 14:00:00+00:00,1.34034,1.34053,1.33952,1.33982,10698.0
2026-01-16 15:00:00+00:00,1.33981,1.34038,1.33662,1.3378,22584.0
2026-01-16 16:00:00+00:00,1.3378,1.33902,1.33776,1.33817,14830.0
2026-01-16 17:00:00+00:00,1.33818,1.33867,1.33764,1.33787,9009.0
2026-01-16 18:00:00+00:00,1.33786,1.33873,1.33738,1.338,7001.0
2026-01-16 19:00:00+00:00,1.33799,1.3385,1.3376,1.33819,7149.0
2026-01-16 20:00:00+00:00,1.33818,1.33864,1.33791,1.33808,4170.0
2026-01-16 21:00:00+00:00,1.33806,1.3383,1.33748,1.33796,4059.0
2026-01-18 22:00:00+00:00,1.3354,1.3357,1.33436,1.33556,2775.0
2026-01-18 23:00:00+00:00,1.33554,1.34072,1.33536,1.3402,9163.0
2026-01-19 00:00:00+00:00,1.3402,1.3409,1.33822,1.3401,16452.0
2026-01-19 01:00:00+00:00,1.34011,1.34033,1.33909,1.33917,12581.0
2026-01-19 02:00:00+00:00,1.33918,1.33936,1.33814,1.33868,12964.0
2026-01-19 03:00:00+00:00,1.3387,1.33918,1.33858,1.33886,11925.0
2026-01-19 04:00:00+00:00,1.33884,1.33965,1.33882,1.3395,10079.0
2026-01-19 05:00:00+00:00,1.33951,1.34062,1.3393,1.3395,11641.0
2026-01-19 06:00:00+00:00,1.33949,1.34012,1.33944,1.33988,7740.0
2026-01-19 07:00:00+00:00,1.33988,1.34102,1.33843,1.33892,12235.0
2026-01-19 08:00:00+00:00,1.33892,1.34098,1.33873,1.34092,10493.0
2026-01-19 09:00:00+00:00,1.34092,1.34157,1.33906,1.34062,12586.0
2026-01-19 10:00:00+00:00,1.34061,1.34133,1.34054,1.341,8139.0
2026-01-19 11:00:00+00:00,1.34097,1.3411,1.3402,1.34087,6817.0
2026-01-19 12:00:00+00:00,1.34086,1.34148,1.34048,1.3406,6980.0
2026-01-19 13:00:00+00:00,1.34061,1.34169,1.34058,1.34136,9535.0
2026-01-19 14:00:00+00:00,1.34136,1.34246,1.34104,1.34202,7676.0
2026-01-19 15:00:00+00:00,1.34202,1.34288,1.34187,1.34218,9208.0
2026-01-19 16:00:00+00:00,1.34218,1.34353,1.34207,1.34282,5610.0
2026-01-19 17:00:00+00:00,1.34282,1.34337,1.34264,1.34314,4769.0
2026-01-19 18:00:00+00:00,1.34314,1.34338,1.34264,1.34267,3232.0
2026-01-19 19:00:00+00:00,1.34266,1.34297,1.34256,1.3426,1413.0
2026-01-19 20:00:00+00:00,1.3426,1.34286,1.3425,1.34282,2128.0
2026-01-19 21:00:00+00:00,1.34282,1.34288,1.34225,1.34258,1244.0
2026-01-19 22:00:00+00:00,1.34264,1.34282,1.34229,1.34258,1159.0
2026-01-19 23:00:00+00:00,1.34258,1.3427,1.34169,1.34191,1260.0
2026-01-20 00:00:00+00:00,1.34194,1.34204,1.34102,1.34184,5435.0
2026-01-20 01:00:00+00:00,1.34185,1.34243,1.34164,1.34239,8032.0
2026-01-20 02:00:00+00:00,1.3424,1.34283,1.34199,1.34238,5512.0
2026-01-20 03:00:00+00:00,1.34238,1.344,1.34232,1.34356,5480.0
2026-01-20 04:00:00+00:00,1.34355,1.34432,1.34353,1.34408,4494.0
2026-01-20 05:00:00+00:00,1.34409,1.34498,1.34405,1.34416,5234.0
2026-01-20 06:00:00+00:00,1.34416,1.34439,1.34316,1.34352,8236.0
2026-01-20 07:00:00+00:00,1.34351,1.34828,1.34258,1.34748,15925.0
2026-01-20 08:00:00+00:00,1.34748,1.34918,1.34744,1.34784,18974.0
2026-01-20 09:00:00+00:00,1.34784,1.34892,1.34704,1.34748,17141.0
2026-01-20 10:00:00+00:00,1.34747,1.34852,1.34646,1.348,13813.0
2026-01-20 11:00:00+00:00,1.34804,1.34828,1.34592,1.34634,11421.0
2026-01-20 12:00:00+00:00,1.34634,1.3466,1.34396,1.34458,12685.0
2026-01-20 13:00:00+00:00,1.3446,1.34796,1.34411,1.34524,22594.0
2026-01-20 14:00:00+00:00,1.34528,1.34628,1.34406,1.34581,20977.0
2026-01-20 15:00:00+00:00,1.34582,1.34772,1.34525,1.34568,17499.0
2026-01-20 16:00:00+00:00,1.34569,1.34707,1.34536,1.34694,13072.0
2026-01-20 17:00:00+00:00,1.34692,1.34756,1.34562,1.34564,10209.0
2026-01-20 18:00:00+00:00,1.34563,1.34576,1.34424,1.34432,6560.0
2026-01-20 19:00:00+00:00,1.3443,1.34454,1.34269,1.3428,6703.0
2026-01-20 20:00:00+00:00,1.34278,1.34358,1.34253,1.34337,7974.0
2026-01-20 21:00:00+00:00,1.34336,1.34443,1.34322,1.34438,4641.0
2026-01-20 22:00:00+00:00,1.34449,1.34492,1.34392,1.34436,2633.0
2026-01-20 23:00:00+00:00,1.34436,1.34451,1.34394,1.34408,2512.0
2026-01-21 00:00:00+00:00,1.34406,1.34428,1.34334,1.34424,4857.0
2026-01-21 01:00:00+00:00,1.34424,1.34568,1.34397,1.34522,9137.0
2026-01-21 02:00:00+00:00,1.34522,1.34547,1.34436,1.34441,6124.0
2026-01-21 03:00:00+00:00,1.3444,1.34466,1.34332,1.34404,6876.0
2026-01-21 04:00:00+00:00,1.34405,1.34405,1.34331,1.34378,4387.0
2026-01-21 05:00:00+00:00,1.34378,1.34404,1.34352,1.34376,5163.0
2026-01-21 06:00:00+00:00,1.34376,1.34426,1.34355,1.34368,4937.0
2026-01-21 07:00:00+00:00,1.34364,1.34492,1.34296,1.34428,11573.0
2026-01-21 08:00:00+00:00,1.34427,1.34478,1.34332,1.34388,10138.0
2026-01-21 09:00:00+00:00,1.34388,1.34389,1.34088,1.34104,9284.0
2026-01-21 10:00:00+00:00,1.34104,1.3415,1.34032,1.34074,9330.0
2026-01-21 11:00:00+00:00,1.34074,1.34217,1.34015,1.34098,10923.0
2026-01-21 12:00:00+00:00,1.341,1.34263,1.34016,1.34248,13074.0
2026-01-21 13:00:00+00:00,1.34249,1.34442,1.34124,1.34419,14051.0
2026-01-21 14:00:00+00:00,1.34418,1.34564,1.34227,1.34508,24834.0
2026-01-21 15:00:00+00:00,1.34508,1.34594,1.34248,1.34272,17494.0
2026-01-21 16:00:00+00:00,1.34272,1.3441,1.34238,1.3428,17283.0
2026-01-21 17:00:00+00:00,1.3428,1.34384,1.34164,1.3428,12942.0
2026-01-21 18:00:00+00:00,1.3428,1.3428,1.34188,1.34216,8600.0
2026-01-21 19:00:00+00:00,1.34216,1.34308,1.34096,1.34257,14665.0
2026-01-21 20:00:00+00:00,1.34258,1.34262,1.34126,1.34248,9713.0
2026-01-21 21:00:00+00:00,1.34248,1.34328,1.34234,1.34326,3977.0
2026-01-21 22:00:00+00:00,1.34325,1.34351,1.3425,1.34307,3560.0
2026-01-21 23:00:00+00:00,1.34306,1.34312,1.3418,1.3418,2347.0
2026-01-22 00:00:00+00:00,1.3418,1.34312,1.34169,1.34294,6620.0
2026-01-22 01:00:00+00:00,1.34292,1.34318,1.34246,1.34304,7741.0
2026-01-22 02:00:00+00:00,1.34304,1.34354,1.34226,1.34254,5419.0
2026-01-22 03:00:00+00:00,1.34254,1.34338,1.34254,1.34324,5539.0
2026-01-22 04:00:00+00:00,1.34323,1.34394,1.34302,1.34317,4851.0
2026-01-22 05:00:00+00:00,1.34318,1.34318,1.34236,1.34292,5620.0
2026-01-22 06:00:00+00:00,1.34292,1.34299,1.34205,1.34258,7230.0
2026-01-22 07:00:00+00:00,1.34258,1.34374,1.34231,1.34312,8587.0
2026-01-22 08:00:00+00:00,1.34314,1.34332,1.34096,1.34183,12029.0
2026-01-22 09:00:00+00:00,1.34184,1.34466,1.34176,1.34442,10385.0
2026-01-22 10:00:00+00:00,1.34442,1.34508,1.34366,1.34475,9292.0
2026-01-22 11:00:00+00:00,1.34476,1.34529,1.34014,1.34209,19840.0
2026-01-22 12:00:00+00:00,1.34206,1.34421,1.34154,1.34254,12864.0
2026-01-22 13:00:00+00:00,1.34254,1.34387,1.34072,1.3423,14606.0
2026-01-22 14:00:00+00:00,1.3423,1.34528,1.34223,1.34467,16942.0
2026-01-22 15:00:00+00:00,1.34468,1.34848,1.3446,1.34776,16104.0
2026-01-22 16:00:00+00:00,1.3478,1.3499,1.34776,1.34892,12750.0
2026-01-22 17:00:00+00:00,1.34891,1.34958,1.34742,1.34924,9953.0
2026-01-22 18:00:00+00:00,1.34922,1.35024,1.34907,1.34988,5823.0
2026-01-22 19:00:00+00:00,1.34988,1.34995,1.34863,1.3491,5355.0
2026-01-22 20:00:00+00:00,1.34909,1.35036,1.34886,1.34972,5773.0
2026-01-22 21:00:00+00:00,1.34972,1.35072,1.34957,1.35028,3651.0
2026-01-22 22:00:00+00:00,1.3495,1.35033,1.34918,1.35031,4493.0
2026-01-22 23:00:00+00:00,1.35038,1.3509,1.34994,1.34996,1735.0
2026-01-23 00:00:00+00:00,1.34996,1.35008,1.34952,1.34964,6235.0
2026-01-23 01:00:00+00:00,1.34963,1.35048,1.34958,1.3498,8775.0
2026-01-23 02:00:00+00:00,1.3498,1.34984,1.34914,1.34926,6553.0
2026-01-23 03:00:00+00:00,1.34927,1.3495,1.34888,1.34906,6760.0
2026-01-23 04:00:00+00:00,1.34906,1.34974,1.34897,1.34968,4619.0
2026-01-23 05:00:00+00:00,1.3497,1.35007,1.34958,1.34984,6632.0
2026-01-23 06:00:00+00:00,1.34984,1.34998,1.3483,1.34838,10948.0
2026-01-23 07:00:00+00:00,1.34839,1.35121,1.34832,1.34924,15105.0
2026-01-23 08:00:00+00:00,1.34924,1.35026,1.34826,1.35014,14572.0
2026-01-23 09:00:00+00:00,1.35014,1.3535,1.34987,1.35302,15196.0
2026-01-23 10:00:00+00:00,1.35303,1.35365,1.35224,1.3527,9743.0
2026-01-23 11:00:00+00:00,1.3527,1.35324,1.35146,1.35182,12210.0
2026-01-23 12:00:00+00:00,1.35184,1.35323,1.3518,1.35286,8503.0
2026-01-23 13:00:00+00:00,1.35286,1.35348,1.35244,1.35251,11068.0
2026-01-23 14:00:00+00:00,1.3525,1.35382,1.35207,1.35359,12114.0
2026-01-23 15:00:00+00:00,1.3536,1.35676,1.3535,1.35644,12126.0
2026-01-23 16:00:00+00:00,1.35644,1.3598,1.35611,1.35884,16542.0
2026-01-23 17:00:00+00:00,1.35885,1.36232,1.35863,1.36084,20696.0
2026-01-23 18:00:00+00:00,1.36084,1.36094,1.3592,1.36055,16181.0
2026-01-23 19:00:00+00:00,1.36057,1.36294,1.36054,1.36237,11027.0
2026-01-23 20:00:00+00:00,1.36236,1.36384,1.36218,1.36368,9117.0
2026-01-23 21:00:00+00:00,1.36368,1.36466,1.36324,1.36454,9654.0
2026-01-25 22:00:00+00:00,1.36671,1.36844,1.3664,1.36796,1588.0
2026-01-25 23:00:00+00:00,1.36794,1.36816,1.3655,1.3665,8649.0
2026-01-26 00:00:00+00:00,1.36649,1.36674,1.36434,1.36672,13671.0
2026-01-26 01:00:00+00:00,1.36672,1.36747,1.36587,1.3661,14920.0
2026-01-26 02:00:00+00:00,1.3661,1.36798,1.3659,1.36692,11140.0
2026-01-26 03:00:00+00:00,1.36693,1.36694,1.36552,1.36598,7460.0
2026-01-26 04:00:00+00:00,1.36599,1.36678,1.36534,1.36602,7623.0
2026-01-26 05:00:00+00:00,1.36598,1.36698,1.36583,1.36668,8163.0
2026-01-26 06:00:00+00:00,1.36668,1.36684,1.3656,1.36562,9029.0
2026-01-26 07:00:00+00:00,1.36564,1.36763,1.36444,1.36466,14843.0
2026-01-26 08:00:00+00:00,1.36468,1.36682,1.36432,1.36624,15339.0
2026-01-26 09:00:00+00:00,1.36624,1.3677,1.36584,1.36722,14900.0
2026-01-26 10:00:00+00:00,1.36724,1.36758,1.36667,1.36709,11942.0
2026-01-26 11:00:00+00:00,1.3671,1.36737,1.36652,1.36663,9724.0
2026-01-26 12:00:00+00:00,1.36662,1.3673,1.36481,1.36531,9677.0
2026-01-26 13:00:00+00:00,1.36531,1.3662,1.36432,1.36616,11608.0
2026-01-26 14:00:00+00:00,1.36617,1.36917,1.36582,1.36913,13596.0
2026-01-26 15:00:00+00:00,1.36914,1.37129,1.36886,1.37078,15926.0
2026-01-26 16:00:00+00:00,1.37079,1.37134,1.36932,1.36968,15710.0
2026-01-26 17:00:00+00:00,1.36968,1.37042,1.36858,1.36882,10406.0
2026-01-26 18:00:00+00:00,1.36884,1.37015,1.3685,1.36886,9182.0
2026-01-26 19:00:00+00:00,1.36886,1.36888,1.36756,1.36824,8838.0
2026-01-26 20:00:00+00:00,1.36825,1.3686,1.36792,1.36806,7811.0
2026-01-26 21:00:00+00:00,1.36806,1.36868,1.36746,1.36791,4232.0
2026-01-26 22:00:00+00:00,1.36777,1.368,1.36732,1.36783,2760.0
2026-01-26 23:00:00+00:00,1.36782,1.36795,1.36744,1.36748,1929.0
2026-01-27 00:00:00+00:00,1.36748,1.36818,1.36726,1.36734,7101.0
2026-01-27 01:00:00+00:00,1.36734,1.36828,1.367,1.36798,9147.0
2026-01-27 02:00:00+00:00,1.36798,1.37007,1.36771,1.36956,8528.0
2026-01-27 03:00:00+00:00,1.36954,1.36956,1.36824,1.36829,7837.0
2026-01-27 04:00:00+00:00,1.3683,1.36884,1.36724,1.36748,6419.0
2026-01-27 05:00:00+00:00,1.36747,1.36816,1.36716,1.36784,5521.0
2026-01-27 06:00:00+00:00,1.36783,1.36902,1.36775,1.36822,7474.0
2026-01-27 07:00:00+00:00,1.36821,1.36904,1.36699,1.36744,11037.0
2026-01-27 08:00:00+00:00,1.36746,1.36774,1.36638,1.36748,12688.0
2026-01-27 09:00:00+00:00,1.36748,1.37001,1.36682,1.36994,13715.0
2026-01-27 10:00:00+00:00,1.36993,1.37036,1.36832,1.37032,15129.0
2026-01-27 11:00:00+00:00,1.37032,1.37125,1.37008,1.37108,10222.0
2026-01-27 12:00:00+00:00,1.37108,1.37417,1.3708,1.37407,19797.0
2026-01-27 13:00:00+00:00,1.37408,1.37488,1.37256,1.37352,21164.0
2026-01-27 14:00:00+00:00,1.37354,1.37764,1.37314,1.37707,22085.0
2026-01-27 15:00:00+00:00,1.37712,1.3791,1.37477,1.37516,21686.0
2026-01-27 16:00:00+00:00,1.37517,1.3791,1.3751,1.37802,17095.0
2026-01-27 17:00:00+00:00,1.37802,1.37882,1.37612,1.37876,16214.0
2026-01-27 18:00:00+00:00,1.37875,1.37912,1.3776,1.37772,12177.0
2026-01-27 19:00:00+00:00,1.37772,1.37843,1.37747,1.37832,9356.0
2026-01-27 20:00:00+00:00,1.37832,1.387,1.37762,1.38365,27764.0
2026-01-27 21:00:00+00:00,1.38362,1.38571,1.38293,1.38482,19431.0
2026-01-27 22:00:00+00:00,1.38436,1.38494,1.38339,1.38464,1127.0
2026-01-27 23:00:00+00:00,1.38456,1.38473,1.38226,1.38269,4547.0
2026-01-28 00:00:00+00:00,1.38268,1.38314,1.38142,1.38176,12687.0
2026-01-28 01:00:00+00:00,1.38175,1.38192,1.37992,1.38001,11989.0
2026-01-28 02:00:00+00:00,1.38002,1.38073,1.37919,1.38036,9732.0
2026-01-28 03:00:00+00:00,1.38036,1.38106,1.37972,1.38,7590.0
2026-01-28 04:00:00+00:00,1.38,1.38032,1.37937,1.3802,5921.0
2026-01-28 05:00:00+00:00,1.3802,1.38054,1.37892,1.3805,11699.0
2026-01-28 06:00:00+00:00,1.38051,1.38158,1.38038,1.38063,12633.0
2026-01-28 07:00:00+00:00,1.38064,1.38314,1.37924,1.38014,15086.0
2026-01-28 08:00:00+00:00,1.38014,1.38115,1.37752,1.37869,17098.0
2026-01-28 09:00:00+00:00,1.37868,1.37926,1.37759,1.37872,15155.0
2026-01-28 10:00:00+00:00,1.37872,1.38,1.37764,1.3793,12590.0
2026-01-28 11:00:00+00:00,1.3793,1.3793,1.37678,1.37698,12525.0
2026-01-28 12:00:00+00:00,1.37698,1.37944,1.37687,1.37938,14092.0
2026-01-28 13:00:00+00:00,1.37938,1.37942,1.3765,1.37702,16285.0
2026-01-28 14:00:00+00:00,1.37702,1.38016,1.3768,1.37866,16491.0
2026-01-28 15:00:00+00:00,1.37866,1.37996,1.37494,1.37898,41210.0
2026-01-28 16:00:00+00:00,1.37898,1.37942,1.37638,1.37844,21260.0
2026-01-28 17:00:00+00:00,1.37846,1.37907,1.37722,1.37894,11011.0
2026-01-28 18:00:00+00:00,1.37894,1.37923,1.37638,1.37758,12643.0
2026-01-28 19:00:00+00:00,1.37766,1.37965,1.37522,1.37934,30744.0
2026-01-28 20:00:00+00:00,1.37934,1.38026,1.37862,1.3799,14917.0
2026-01-28 21:00:00+00:00,1.3799,1.38114,1.37974,1.38082,7270.0
2026-01-28 22:00:00+00:00,1.38054,1.38083,1.37982,1.38035,13748.0
2026-01-28 23:00:00+00:00,1.38035,1.38308,1.38004,1.38272,6083.0
2026-01-29 00:00:00+00:00,1.38272,1.38352,1.38141,1.38208,11805.0
2026-01-29 01:00:00+00:00,1.38206,1.38206,1.38002,1.3803,16220.0
2026-01-29 02:00:00+00:00,1.3803,1.3816,1.37934,1.38124,12159.0
2026-01-29 03:00:00+00:00,1.38124,1.38333,1.38112,1.38327,10320.0
2026-01-29 04:00:00+00:00,1.38328,1.38403,1.38244,1.38392,11125.0
2026-01-29 05:00:00+00:00,1.3839,1.3844,1.38359,1.3838,9687.0
2026-01-29 06:00:00+00:00,1.3838,1.38402,1.3828,1.38374,12841.0
2026-01-29 07:00:00+00:00,1.38374,1.38481,1.38239,1.38318,13876.0
2026-01-29 08:00:00+00:00,1.38316,1.38464,1.38144,1.38207,17683.0
2026-01-29 09:00:00+00:00,1.38206,1.38246,1.38006,1.38036,13691.0
2026-01-29 10:00:00+00:00,1.38036,1.3807,1.37811,1.3783,12582.0
2026-01-29 11:00:00+00:00,1.37833,1.37984,1.37805,1.37944,10673.0
2026-01-29 12:00:00+00:00,1.37944,1.38144,1.37892,1.38134,11862.0
2026-01-29 13:00:00+00:00,1.38136,1.38186,1.37976,1.38062,17730.0
2026-01-29 14:00:00+00:00,1.38064,1.38341,1.38044,1.38267,23122.0
2026-01-29 15:00:00+00:00,1.3827,1.38274,1.37424,1.37638,48933.0
2026-01-29 16:00:00+00:00,1.37638,1.37996,1.376,1.37928,31120.0
2026-01-29 17:00:00+00:00,1.37928,1.38076,1.37926,1.3798,22150.0
2026-01-29 18:00:00+00:00,1.37978,1.3805,1.37882,1.3798,19283.0
2026-01-29 19:00:00+00:00,1.3798,1.38006,1.3792,1.37934,12252.0
2026-01-29 20:00:00+00:00,1.37932,1.38085,1.37886,1.38047,9390.0
2026-01-29 21:00:00+00:00,1.38048,1.38139,1.37993,1.38106,7330.0
2026-01-29 22:00:00+00:00,1.38066,1.38121,1.37992,1.38098,1938.0
2026-01-29 23:00:00+00:00,1.381,1.38149,1.38052,1.38084,5050.0
2026-01-30 00:00:00+00:00,1.38084,1.38146,1.3774,1.37776,12981.0
2026-01-30 01:00:00+00:00,1.37778,1.37803,1.37585,1.37612,19412.0
2026-01-30 02:00:00+00:00,1.37614,1.37674,1.37318,1.3762,26638.0
2026-01-30 03:00:00+00:00,1.3762,1.37666,1.37481,1.3753,14313.0
2026-01-30 04:00:00+00:00,1.3753,1.37676,1.37486,1.37527,11821.0
2026-01-30 05:00:00+00:00,1.37528,1.37632,1.37464,1.37558,11963.0
2026-01-30 06:00:00+00:00,1.37559,1.37643,1.37403,1.37508,20382.0
2026-01-30 07:00:00+00:00,1.37504,1.37832,1.37465,1.37695,17293.0
2026-01-30 08:00:00+00:00,1.37698,1.37804,1.37589,1.37648,18221.0
2026-01-30 09:00:00+00:00,1.37648,1.37676,1.37251,1.3734,21242.0
2026-01-30 10:00:00+00:00,1.3734,1.37507,1.37325,1.37482,14948.0
2026-01-30 11:00:00+00:00,1.37483,1.37799,1.37448,1.37791,16133.0
2026-01-30 12:00:00+00:00,1.3779,1.37878,1.3757,1.37622,18625.0
2026-01-30 13:00:00+00:00,1.37622,1.37678,1.37358,1.37448,22291.0
2026-01-30 14:00:00+00:00,1.37446,1.37578,1.3736,1.37392,29099.0
2026-01-30 15:00:00+00:00,1.37392,1.3744,1.37098,1.37199,31036.0
2026-01-30 16:00:00+00:00,1.37198,1.37302,1.37127,1.37274,27991.0
2026-01-30 17:00:00+00:00,1.37272,1.37281,1.36998,1.3709,24645.0
2026-01-30 18:00:00+00:00,1.37089,1.3716,1.36806,1.37114,26776.0
2026-01-30 19:00:00+00:00,1.37114,1.37187,1.369,1.36982,17619.0
2026-01-30 20:00:00+00:00,1.36981,1.36982,1.36832,1.36832,14535.0
2026-01-30 21:00:00+00:00,1.36834,1.36912,1.36793,1.36882,12446.0
2026-02-01 22:00:00+00:00,1.36965,1.36965,1.36752,1.36862,2016.0
2026-02-01 23:00:00+00:00,1.36858,1.36912,1.36623,1.36762,12114.0
2026-02-02 00:00:00+00:00,1.36764,1.3706,1.36764,1.37004,18275.0
2026-02-02 01:00:00+00:00,1.37005,1.37005,1.36768,1.36938,26368.0
2026-02-02 02:00:00+00:00,1.36937,1.37001,1.36815,1.36823,20706.0
2026-02-02 03:00:00+00:00,1.36824,1.36929,1.36786,1.36841,15393.0
2026-02-02 04:00:00+00:00,1.36843,1.36883,1.36772,1.36823,15046.0
2026-02-02 05:00:00+00:00,1.36821,1.36833,1.36606,1.36724,15705.0
2026-02-02 06:00:00+00:00,1.36724,1.36762,1.36618,1.36758,23382.0
2026-02-02 07:00:00+00:00,1.36761,1.36888,1.36736,1.36796,16592.0
2026-02-02 08:00:00+00:00,1.36796,1.37016,1.36782,1.36922,17760.0
2026-02-02 09:00:00+00:00,1.36921,1.37108,1.36822,1.37091,15324.0
2026-02-02 10:00:00+00:00,1.37088,1.37154,1.36966,1.37021,14931.0
2026-02-02 11:00:00+00:00,1.37022,1.3712,1.36951,1.37004,14466.0
2026-02-02 12:00:00+00:00,1.37005,1.37068,1.36854,1.3688,15520.0
2026-02-02 13:00:00+00:00,1.3688,1.36883,1.36494,1.36516,22485.0
2026-02-02 14:00:00+00:00,1.36516,1.3677,1.36312,1.3668,19818.0
2026-02-02 15:00:00+00:00,1.3667,1.3667,1.36269,1.36282,29325.0
2026-02-02 16:00:00+00:00,1.36281,1.36566,1.36232,1.36531,18587.0
2026-02-02 17:00:00+00:00,1.36535,1.36629,1.36506,1.36603,14866.0
2026-02-02 18:00:00+00:00,1.36602,1.36617,1.36482,1.36501,13397.0
2026-02-02 19:00:00+00:00,1.365,1.36618,1.36436,1.36592,10035.0
2026-02-02 20:00:00+00:00,1.36592,1.3668,1.36538,1.36659,8237.0
2026-02-02 21:00:00+00:00,1.36659,1.36689,1.36645,1.36676,3731.0
2026-02-02 22:00:00+00:00,1.36646,1.36671,1.3664,1.36656,2065.0
2026-02-02 23:00:00+00:00,1.36656,1.36732,1.36604,1.3673,2366.0
2026-02-03 00:00:00+00:00,1.3673,1.36808,1.36711,1.36803,8791.0
2026-02-03 01:00:00+00:00,1.36804,1.36864,1.36744,1.36863,11297.0
2026-02-03 02:00:00+00:00,1.36861,1.36864,1.36714,1.36728,8165.0
2026-02-03 03:00:00+00:00,1.36728,1.36889,1.36714,1.36852,11603.0
2026-02-03 04:00:00+00:00,1.36852,1.36944,1.36852,1.36878,6704.0
2026-02-03 05:00:00+00:00,1.36878,1.36921,1.36834,1.36899,8377.0
2026-02-03 06:00:00+00:00,1.369,1.37011,1.3689,1.36933,11157.0
2026-02-03 07:00:00+00:00,1.36929,1.37066,1.36835,1.36972,13414.0
2026-02-03 08:00:00+00:00,1.3697,1.36998,1.36766,1.3686,14147.0
2026-02-03 09:00:00+00:00,1.3686,1.36912,1.36666,1.36668,16121.0
2026-02-03 10:00:00+00:00,1.36669,1.36734,1.36552,1.36555,12270.0
2026-02-03 11:00:00+00:00,1.36556,1.36624,1.36506,1.36508,10335.0
2026-02-03 12:00:00+00:00,1.3651,1.36834,1.3651,1.36818,13232.0
2026-02-03 13:00:00+00:00,1.36818,1.36897,1.367,1.36702,13945.0
2026-02-03 14:00:00+00:00,1.36702,1.36845,1.36564,1.36688,19500.0
2026-02-03 15:00:00+00:00,1.36687,1.37044,1.36642,1.37033,20420.0
2026-02-03 16:00:00+00:00,1.37034,1.37071,1.3693,1.36992,16974.0
2026-02-03 17:00:00+00:00,1.36991,1.37072,1.36929,1.36958,15320.0
2026-02-03 18:00:00+00:00,1.36958,1.37019,1.36774,1.36778,14685.0
2026-02-03 19:00:00+00:00,1.36778,1.36914,1.36733,1.36881,9257.0
2026-02-03 20:00:00+00:00,1.36882,1.36999,1.36841,1.36962,10024.0
2026-02-03 21:00:00+00:00,1.36962,1.37024,1.36952,1.36974,3927.0
2026-02-03 22:00:00+00:00,1.36962,1.37034,1.36945,1.36958,2103.0
2026-02-03 23:00:00+00:00,1.36956,1.37017,1.36918,1.3697,2881.0
2026-02-04 00:00:00+00:00,1.3697,1.36976,1.3691,1.3694,7005.0
2026-02-04 01:00:00+00:00,1.3694,1.37104,1.36915,1.37064,10241.0
2026-02-04 02:00:00+00:00,1.37066,1.37128,1.36978,1.37005,8146.0
2026-02-04 03:00:00+00:00,1.37004,1.37054,1.36969,1.37044,6945.0
2026-02-04 04:00:00+00:00,1.37043,1.37169,1.3703,1.3716,5436.0
2026-02-04 05:00:00+00:00,1.37161,1.37199,1.37121,1.37152,6169.0
2026-02-04 06:00:00+00:00,1.37152,1.3722,1.37128,1.3713,9922.0
2026-02-04 07:00:00+00:00,1.3713,1.3719,1.3706,1.37158,10490.0
2026-02-04 08:00:00+00:00,1.37158,1.37334,1.37119,1.37296,12295.0
2026-02-04 09:00:00+00:00,1.37298,1.37334,1.37012,1.3709,11426.0
2026-02-04 10:00:00+00:00,1.3709,1.37162,1.36948,1.37162,9342.0
2026-02-04 11:00:00+00:00,1.37161,1.37165,1.37014,1.3709,10126.0
2026-02-04 12:00:00+00:00,1.37088,1.37246,1.3706,1.372,10632.0
2026-02-04 13:00:00+00:00,1.37202,1.37292,1.37019,1.37134,15796.0
2026-02-04 14:00:00+00:00,1.37136,1.3718,1.36863,1.36876,20497.0
2026-02-04 15:00:00+00:00,1.36873,1.36954,1.3661,1.36642,24291.0
2026-02-04 16:00:00+00:00,1.36642,1.36644,1.36432,1.36574,17536.0
2026-02-04 17:00:00+00:00,1.36574,1.36726,1.36446,1.36464,17148.0
2026-02-04 18:00:00+00:00,1.36463,1.36552,1.36424,1.36505,13050.0
2026-02-04 19:00:00+00:00,1.36506,1.36632,1.36443,1.36631,10771.0
2026-02-04 20:00:00+00:00,1.3663,1.36636,1.3648,1.36509,6973.0
2026-02-04 21:00:00+00:00,1.36508,1.36566,1.36492,1.3653,4849.0
2026-02-04 22:00:00+00:00,1.36603,1.36603,1.36454,1.36514,3103.0
2026-02-04 23:00:00+00:00,1.36512,1.36522,1.36433,1.36462,2542.0
2026-02-05 00:00:00+00:00,1.3646,1.36524,1.36446,1.36522,5540.0
2026-02-05 01:00:00+00:00,1.3652,1.36542,1.36448,1.36481,9148.0
2026-02-05 02:00:00+00:00,1.36482,1.36484,1.36201,1.36211,12637.0
2026-02-05 03:00:00+00:00,1.36212,1.36306,1.3619,1.36251,9355.0
2026-02-05 04:00:00+00:00,1.36252,1.3629,1.36227,1.36253,4316.0
2026-02-05 05:00:00+00:00,1.36253,1.36266,1.36163,1.362,6010.0
2026-02-05 06:00:00+00:00,1.362,1.36202,1.36068,1.36184,7504.0
2026-02-05 07:00:00+00:00,1.36182,1.36296,1.36163,1.36202,10968.0
2026-02-05 08:00:00+00:00,1.362,1.36329,1.3599,1.36034,13002.0
2026-02-05 09:00:00+00:00,1.36034,1.36039,1.35567,1.35658,14434.0
2026-02-05 10:00:00+00:00,1.35659,1.35974,1.35615,1.35874,11871.0
2026-02-05 11:00:00+00:00,1.35874,1.36158,1.35812,1.36136,10840.0
2026-02-05 12:00:00+00:00,1.36136,1.36136,1.35402,1.35817,31361.0
2026-02-05 13:00:00+00:00,1.35818,1.35951,1.35668,1.35852,22217.0
2026-02-05 14:00:00+00:00,1.35851,1.35894,1.35338,1.35371,27378.0
2026-02-05 15:00:00+00:00,1.35374,1.3557,1.35218,1.35282,28301.0
2026-02-05 16:00:00+00:00,1.35284,1.35568,1.35178,1.35498,19283.0
2026-02-05 17:00:00+00:00,1.35496,1.35574,1.35398,1.35511,12182.0
2026-02-05 18:00:00+00:00,1.35512,1.35572,1.3538,1.35428,9474.0
2026-02-05 19:00:00+00:00,1.35429,1.35523,1.3542,1.35492,8981.0
2026-02-05 20:00:00+00:00,1.35488,1.35519,1.35377,1.35387,8481.0
2026-02-05 21:00:00+00:00,1.35386,1.35402,1.3525,1.35312,4516.0
2026-02-05 22:00:00+00:00,1.35349,1.3541,1.35276,1.35334,1871.0
2026-02-05 23:00:00+00:00,1.3533,1.35352,1.35207,1.3521,3363.0
2026-02-06 00:00:00+00:00,1.35212,1.35312,1.35087,1.35302,9136.0
2026-02-06 01:00:00+00:00,1.35302,1.3543,1.35252,1.35404,12282.0
2026-02-06 02:00:00+00:00,1.35402,1.35504,1.35401,1.3546,8629.0
2026-02-06 03:00:00+00:00,1.3546,1.35492,1.3544,1.35466,5955.0
2026-02-06 04:00:00+00:00,1.35466,1.356,1.35455,1.35596,5156.0
2026-02-06 05:00:00+00:00,1.35596,1.35702,1.35584,1.35696,5982.0
2026-02-06 06:00:00+00:00,1.35694,1.35785,1.35675,1.35716,7630.0
2026-02-06 07:00:00+00:00,1.35718,1.35791,1.35635,1.35666,8460.0
2026-02-06 08:00:00+00:00,1.35666,1.35724,1.35582,1.35682,12464.0
2026-02-06 09:00:00+00:00,1.35681,1.35825,1.35659,1.35772,12268.0
2026-02-06 10:00:00+00:00,1.35771,1.3584,1.3572,1.35767,7934.0
2026-02-06 11:00:00+00:00,1.35766,1.35924,1.35762,1.35845,8107.0
2026-02-06 12:00:00+00:00,1.35843,1.3595,1.35836,1.3589,7312.0
2026-02-06 13:00:00+00:00,1.3589,1.35964,1.3582,1.35889,9436.0
2026-02-06 14:00:00+00:00,1.35888,1.36098,1.35876,1.36092,15142.0
2026-02-06 15:00:00+00:00,1.36092,1.36156,1.35938,1.36144,13922.0
2026-02-06 16:00:00+00:00,1.36144,1.36164,1.36018,1.36043,10105.0
2026-02-06 17:00:00+00:00,1.36042,1.36238,1.36018,1.36182,7909.0
2026-02-06 18:00:00+00:00,1.36182,1.36232,1.36132,1.36142,6990.0
2026-02-06 19:00:00+00:00,1.36139,1.3621,1.36124,1.36162,5909.0
2026-02-06 20:00:00+00:00,1.36162,1.362,1.3613,1.36188,4102.0
2026-02-06 21:00:00+00:00,1.36188,1.36224,1.36088,1.3612,3601.0
2026-02-08 22:00:00+00:00,1.3598,1.36054,1.3598,1.36029,423.0
2026-02-08 23:00:00+00:00,1.36012,1.3612,1.3588,1.36096,7452.0
2026-02-09 00:00:00+00:00,1.36096,1.36208,1.36056,1.36114,10540.0
2026-02-09 01:00:00+00:00,1.36115,1.36128,1.35984,1.36014,8544.0
2026-02-09 02:00:00+00:00,1.36014,1.36092,1.3591,1.36044,5518.0
2026-02-09 03:00:00+00:00,1.36043,1.36079,1.35988,1.35991,2862.0
2026-02-09 04:00:00+00:00,1.3599,1.36058,1.3599,1.36046,2294.0
2026-02-09 05:00:00+00:00,1.36046,1.36173,1.36034,1.36144,2291.0
2026-02-09 06:00:00+00:00,1.36141,1.36292,1.36052,1.3616,10639.0
2026-02-09 07:00:00+00:00,1.36158,1.36158,1.3588,1.36044,11473.0
2026-02-09 08:00:00+00:00,1.36044,1.36108,1.35865,1.36016,12479.0
2026-02-09 09:00:00+00:00,1.36016,1.36124,1.35962,1.36008,9829.0
2026-02-09 10:00:00+00:00,1.36007,1.36144,1.35938,1.36094,10450.0
2026-02-09 11:00:00+00:00,1.36092,1.36455,1.35934,1.36374,14166.0
2026-02-09 12:00:00+00:00,1.36374,1.36622,1.36374,1.36604,9397.0
2026-02-09 13:00:00+00:00,1.36603,1.36702,1.36428,1.36511,17222.0
2026-02-09 14:00:00+00:00,1.36512,1.36532,1.36216,1.36444,22543.0
2026-02-09 15:00:00+00:00,1.36442,1.36878,1.3644,1.36778,17089.0
2026-02-09 16:00:00+00:00,1.36782,1.36913,1.36624,1.3666,12015.0
2026-02-09 17:00:00+00:00,1.36661,1.36759,1.36637,1.36718,8038.0
2026-02-09 18:00:00+00:00,1.36716,1.36915,1.36646,1.36899,10479.0
2026-02-09 19:00:00+00:00,1.369,1.37005,1.36846,1.36972,7661.0
2026-02-09 20:00:00+00:00,1.36971,1.36993,1.3692,1.36949,6647.0
2026-02-09 21:00:00+00:00,1.3695,1.37,1.3691,1.36962,5251.0
2026-02-09 22:00:00+00:00,1.36956,1.36996,1.369,1.36961,2077.0
2026-02-09 23:00:00+00:00,1.36961,1.36982,1.36818,1.36826,1899.0
2026-02-10 00:00:00+00:00,1.36825,1.36842,1.36723,1.36807,5156.0
2026-02-10 01:00:00+00:00,1.36806,1.36898,1.36745,1.36845,8986.0
2026-02-10 02:00:00+00:00,1.36846,1.36936,1.36842,1.36932,5587.0
2026-02-10 03:00:00+00:00,1.36933,1.36964,1.36841,1.36854,5859.0
2026-02-10 04:00:00+00:00,1.36852,1.36866,1.36801,1.36816,4193.0
2026-02-10 05:00:00+00:00,1.3682,1.36842,1.36745,1.36783,4570.0
2026-02-10 06:00:00+00:00,1.3678,1.3682,1.3668,1.3672,6915.0
2026-02-10 07:00:00+00:00,1.36721,1.36796,1.36673,1.36723,7855.0
2026-02-10 08:00:00+00:00,1.36724,1.36798,1.36637,1.36706,10204.0
2026-02-10 09:00:00+00:00,1.36706,1.36844,1.36656,1.36682,8052.0
2026-02-10 10:00:00+00:00,1.36681,1.3674,1.3658,1.36652,7359.0
2026-02-10 11:00:00+00:00,1.3665,1.36656,1.36586,1.36632,5535.0
2026-02-10 12:00:00+00:00,1.36633,1.36928,1.36623,1.36856,12668.0
2026-02-10 13:00:00+00:00,1.36856,1.36918,1.36662,1.36813,16542.0
2026-02-10 14:00:00+00:00,1.36814,1.36967,1.36704,1.36773,17398.0
2026-02-10 15:00:00+00:00,1.36772,1.3681,1.36534,1.3674,17647.0
2026-02-10 16:00:00+00:00,1.3674,1.36744,1.36596,1.36638,11962.0
2026-02-10 17:00:00+00:00,1.36636,1.36661,1.36438,1.36536,9526.0
2026-02-10 18:00:00+00:00,1.36537,1.36551,1.36426,1.36443,6808.0
2026-02-10 19:00:00+00:00,1.36442,1.36572,1.36402,1.3657,7552.0
2026-02-10 20:00:00+00:00,1.3657,1.36576,1.36428,1.36432,5780.0
2026-02-10 21:00:00+00:00,1.36434,1.36448,1.36389,1.36432,3116.0
2026-02-10 22:00:00+00:00,1.36459,1.36531,1.36378,1.3641,2792.0
2026-02-10 23:00:00+00:00,1.36408,1.3641,1.36317,1.3633,1161.0
2026-02-11 00:00:00+00:00,1.36328,1.36432,1.36318,1.36395,7262.0
2026-02-11 01:00:00+00:00,1.36395,1.36493,1.36392,1.36443,10889.0
2026-02-11 02:00:00+00:00,1.36442,1.36613,1.36442,1.36582,6220.0
2026-02-11 03:00:00+00:00,1.36582,1.36679,1.36551,1.36652,4710.0
2026-02-11 04:00:00+00:00,1.36651,1.367,1.36588,1.36596,3860.0
2026-02-11 05:00:00+00:00,1.36597,1.36702,1.36581,1.36699,4432.0
2026-02-11 06:00:00+00:00,1.367,1.36779,1.3667,1.36703,6222.0
2026-02-11 07:00:00+00:00,1.36702,1.36745,1.36644,1.3674,6964.0
2026-02-11 08:00:00+00:00,1.36741,1.36936,1.36689,1.36928,10705.0
2026-02-11 09:00:00+00:00,1.3693,1.36992,1.36842,1.36956,7693.0
2026-02-11 10:00:00+00:00,1.36956,1.37124,1.36865,1.37066,7489.0
2026-02-11 11:00:00+00:00,1.37066,1.37068,1.3691,1.36911,7794.0
2026-02-11 12:00:00+00:00,1.36914,1.36923,1.3676,1.36804,8599.0
2026-02-11 13:00:00+00:00,1.36804,1.36906,1.36096,1.36418,33110.0
2026-02-11 14:00:00+00:00,1.36416,1.36703,1.36378,1.36557,28414.0
2026-02-11 15:00:00+00:00,1.36555,1.36672,1.36266,1.36338,24621.0
2026-02-11 16:00:00+00:00,1.36338,1.3657,1.36287,1.36521,15889.0
2026-02-11 17:00:00+00:00,1.3652,1.36677,1.36448,1.36578,14955.0
2026-02-11 18:00:00+00:00,1.36578,1.36592,1.3639,1.3639,11757.0
2026-02-11 19:00:00+00:00,1.36389,1.36413,1.36326,1.36328,7717.0
2026-02-11 20:00:00+00:00,1.3633,1.3635,1.36209,1.36217,5971.0
2026-02-11 21:00:00+00:00,1.36218,1.36291,1.36191,1.36288,3723.0
2026-02-11 22:00:00+00:00,1.3624,1.36305,1.3624,1.36275,898.0
2026-02-11 23:00:00+00:00,1.36278,1.3628,1.362,1.3623,1721.0
2026-02-12 00:00:00+00:00,1.3623,1.36318,1.36158,1.36317,5263.0
2026-02-12 01:00:00+00:00,1.36316,1.36402,1.36267,1.364,8613.0
2026-02-12 02:00:00+00:00,1.364,1.36423,1.36306,1.36352,6029.0
2026-02-12 03:00:00+00:00,1.3635,1.36372,1.36268,1.36317,6517.0
2026-02-12 04:00:00+00:00,1.36318,1.36358,1.36202,1.36249,5715.0
2026-02-12 05:00:00+00:00,1.3625,1.36264,1.36176,1.36219,5642.0
2026-02-12 06:00:00+00:00,1.3622,1.36257,1.36046,1.3617,10595.0
2026-02-12 07:00:00+00:00,1.36154,1.36348,1.36118,1.36328,8098.0
2026-02-12 08:00:00+00:00,1.36328,1.36472,1.3627,1.36374,9957.0
2026-02-12 09:00:00+00:00,1.36374,1.3654,1.36371,1.36492,9235.0
2026-02-12 10:00:00+00:00,1.36494,1.36504,1.36368,1.36386,7437.0
2026-02-12 11:00:00+00:00,1.36386,1.36512,1.36354,1.36493,5859.0
2026-02-12 12:00:00+00:00,1.36494,1.36502,1.36219,1.36293,10081.0
2026-02-12 13:00:00+00:00,1.36295,1.3652,1.36285,1.365,11420.0
2026-02-12 14:00:00+00:00,1.36502,1.36692,1.36421,1.36647,15519.0
2026-02-12 15:00:00+00:00,1.36646,1.36716,1.36499,1.3654,14277.0
2026-02-12 16:00:00+00:00,1.36539,1.36582,1.36162,1.36323,28252.0
2026-02-12 17:00:00+00:00,1.36324,1.3633,1.36178,1.36192,20227.0
2026-02-12 18:00:00+00:00,1.36192,1.36244,1.36049,1.36166,13108.0
2026-02-12 19:00:00+00:00,1.36166,1.36267,1.3615,1.3624,9608.0
2026-02-12 20:00:00+00:00,1.3624,1.36248,1.3615,1.36216,7959.0
2026-02-12 21:00:00+00:00,1.36216,1.36244,1.36172,1.36224,3784.0
2026-02-12 22:00:00+00:00,1.36219,1.36268,1.36186,1.36219,781.0
2026-02-12 23:00:00+00:00,1.3622,1.36234,1.36168,1.36184,1712.0
2026-02-13 00:00:00+00:00,1.36184,1.36222,1.36152,1.36217,5735.0
2026-02-13 01:00:00+00:00,1.36216,1.36226,1.36121,1.3617,7760.0
2026-02-13 02:00:00+00:00,1.3617,1.36242,1.36128,1.36202,4896.0
2026-02-13 03:00:00+00:00,1.36204,1.36226,1.36142,1.36152,3550.0
2026-02-13 04:00:00+00:00,1.36151,1.36174,1.3609,1.36122,4151.0
2026-02-13 05:00:00+00:00,1.36122,1.36148,1.35998,1.3604,5796.0
2026-02-13 06:00:00+00:00,1.36039,1.36067,1.35947,1.36018,7099.0
2026-02-13 07:00:00+00:00,1.36018,1.36169,1.35906,1.36147,9064.0
2026-02-13 08:00:00+00:00,1.36146,1.36288,1.36114,1.36233,10599.0
2026-02-13 09:00:00+00:00,1.36232,1.36296,1.36212,1.36226,7059.0
2026-02-13 10:00:00+00:00,1.36228,1.36275,1.3615,1.36185,7583.0
2026-02-13 11:00:00+00:00,1.36184,1.36194,1.36011,1.36032,8281.0
2026-02-13 12:00:00+00:00,1.36029,1.36092,1.35989,1.36074,9148.0
2026-02-13 13:00:00+00:00,1.36074,1.3646,1.36052,1.36336,19536.0
2026-02-13 14:00:00+00:00,1.36334,1.36394,1.36154,1.36262,20071.0
2026-02-13 15:00:00+00:00,1.36263,1.36474,1.36108,1.36132,19615.0
2026-02-13 16:00:00+00:00,1.36132,1.3644,1.3607,1.36423,14213.0
2026-02-13 17:00:00+00:00,1.36425,1.36596,1.36382,1.36486,11029.0
2026-02-13 18:00:00+00:00,1.36486,1.36543,1.36463,1.36523,8766.0
2026-02-13 19:00:00+00:00,1.36522,1.36556,1.36426,1.36434,8266.0
2026-02-13 20:00:00+00:00,1.36433,1.36566,1.36414,1.36566,5531.0
2026-02-13 21:00:00+00:00,1.36568,1.36582,1.3648,1.36553,5816.0
2026-02-15 22:00:00+00:00,1.36461,1.36495,1.36427,1.36458,3200.0
2026-02-15 23:00:00+00:00,1.36458,1.36494,1.36422,1.36474,5476.0
2026-02-16 00:00:00+00:00,1.36472,1.36485,1.36408,1.36411,5775.0
2026-02-16 01:00:00+00:00,1.36412,1.36442,1.36371,1.36435,7630.0
2026-02-16 02:00:00+00:00,1.36435,1.36456,1.3639,1.36422,6070.0
2026-02-16 03:00:00+00:00,1.36422,1.36454,1.3638,1.36418,3078.0
2026-02-16 04:00:00+00:00,1.36418,1.36438,1.36358,1.36396,3033.0
2026-02-16 05:00:00+00:00,1.36395,1.36409,1.36355,1.36392,2738.0
2026-02-16 06:00:00+00:00,1.36391,1.36486,1.36382,1.36432,3073.0
2026-02-16 07:00:00+00:00,1.36431,1.36514,1.36358,1.3644,5245.0
2026-02-16 08:00:00+00:00,1.36442,1.36604,1.364,1.3652,9063.0
2026-02-16 09:00:00+00:00,1.3652,1.36621,1.3641,1.36448,6675.0
2026-02-16 10:00:00+00:00,1.36446,1.36521,1.36409,1.36508,5960.0
2026-02-16 11:00:00+00:00,1.36509,1.36509,1.3643,1.36445,3788.0
2026-02-16 12:00:00+00:00,1.36444,1.36514,1.36398,1.36426,4901.0
2026-02-16 13:00:00+00:00,1.36426,1.3648,1.36289,1.36334,4916.0
2026-02-16 14:00:00+00:00,1.36332,1.36405,1.36303,1.3636,5650.0
2026-02-16 15:00:00+00:00,1.36361,1.36382,1.36279,1.36328,4479.0
2026-02-16 16:00:00+00:00,1.36328,1.36352,1.36258,1.36289,3828.0
2026-02-16 17:00:00+00:00,1.36288,1.36304,1.36262,1.36272,1997.0
2026-02-16 18:00:00+00:00,1.36272,1.36315,1.36266,1.36291,1428.0
2026-02-16 19:00:00+00:00,1.36292,1.36332,1.3629,1.36324,1220.0
2026-02-16 20:00:00+00:00,1.36322,1.36325,1.36299,1.36304,855.0
2026-02-16 21:00:00+00:00,1.36304,1.36307,1.36254,1.36306,1592.0
2026-02-16 22:00:00+00:00,1.36326,1.36348,1.36277,1.3631,854.0
2026-02-16 23:00:00+00:00,1.3631,1.3631,1.3623,1.36272,1338.0
2026-02-17 00:00:00+00:00,1.36274,1.36293,1.36189,1.36198,5574.0
2026-02-17 01:00:00+00:00,1.36197,1.36214,1.3614,1.36167,7256.0
2026-02-17 02:00:00+00:00,1.36166,1.36204,1.3612,1.36138,4177.0
2026-02-17 03:00:00+00:00,1.36138,1.3614,1.36061,1.36128,4621.0
2026-02-17 04:00:00+00:00,1.36128,1.36134,1.3607,1.36115,3030.0
2026-02-17 05:00:00+00:00,1.36115,1.36122,1.36036,1.36074,4789.0
2026-02-17 06:00:00+00:00,1.36074,1.36149,1.36074,1.36114,4022.0
2026-02-17 07:00:00+00:00,1.3611,1.36124,1.35524,1.35629,10698.0
2026-02-17 08:00:00+00:00,1.35631,1.35907,1.35614,1.35858,8975.0
2026-02-17 09:00:00+00:00,1.35858,1.35976,1.35841,1.35914,6861.0
2026-02-17 10:00:00+00:00,1.35914,1.36064,1.35896,1.35954,6402.0
2026-02-17 11:00:00+00:00,1.35953,1.35983,1.35596,1.35649,7291.0
2026-02-17 12:00:00+00:00,1.3565,1.35716,1.35468,1.35488,7701.0
2026-02-17 13:00:00+00:00,1.35484,1.35503,1.35246,1.35249,13224.0
2026-02-17 14:00:00+00:00,1.35248,1.35325,1.3518,1.35207,17037.0
2026-02-17 15:00:00+00:00,1.35206,1.35255,1.34959,1.35032,15591.0
2026-02-17 16:00:00+00:00,1.3503,1.35417,1.35028,1.35381,10422.0
2026-02-17 17:00:00+00:00,1.35382,1.35502,1.35347,1.35466,8623.0
2026-02-17 18:00:00+00:00,1.35467,1.35615,1.35412,1.35592,7546.0
2026-02-17 19:00:00+00:00,1.35591,1.35632,1.3556,1.35616,4808.0
2026-02-17 20:00:00+00:00,1.35616,1.35642,1.35578,1.35624,3880.0
2026-02-17 21:00:00+00:00,1.35624,1.35692,1.35602,1.35675,2146.0
2026-02-17 22:00:00+00:00,1.35645,1.357,1.3562,1.35656,2213.0
2026-02-17 23:00:00+00:00,1.35656,1.35726,1.35626,1.3563,1731.0
2026-02-18 00:00:00+00:00,1.3563,1.35665,1.35611,1.35626,4955.0
2026-02-18 01:00:00+00:00,1.35625,1.35626,1.35542,1.35585,4896.0
2026-02-18 02:00:00+00:00,1.35588,1.35588,1.35518,1.35546,4238.0
2026-02-18 03:00:00+00:00,1.35546,1.3558,1.35527,1.35532,3165.0
2026-02-18 04:00:00+00:00,1.35532,1.3556,1.35498,1.35538,2421.0
2026-02-18 05:00:00+00:00,1.35538,1.35596,1.35537,1.3559,1967.0
2026-02-18 06:00:00+00:00,1.3559,1.35668,1.35538,1.35642,3273.0
2026-02-18 07:00:00+00:00,1.35644,1.35786,1.35537,1.35616,8714.0
2026-02-18 08:00:00+00:00,1.35616,1.35682,1.35571,1.35659,8369.0
2026-02-18 09:00:00+00:00,1.35658,1.35794,1.35653,1.35746,6284.0
2026-02-18 10:00:00+00:00,1.35746,1.35822,1.35658,1.35662,4997.0
2026-02-18 11:00:00+00:00,1.35662,1.35749,1.35658,1.35737,4060.0
2026-02-18 12:00:00+00:00,1.35738,1.35802,1.35697,1.35733,6669.0
2026-02-18 13:00:00+00:00,1.35733,1.35815,1.3552,1.35521,7227.0
2026-02-18 14:00:00+00:00,1.35522,1.35586,1.3533,1.35373,13252.0
2026-02-18 15:00:00+00:00,1.35372,1.35538,1.35355,1.35458,11722.0
2026-02-18 16:00:00+00:00,1.35458,1.35575,1.35336,1.35338,9201.0
2026-02-18 17:00:00+00:00,1.35338,1.35366,1.35127,1.35221,7273.0
2026-02-18 18:00:00+00:00,1.35222,1.35256,1.3506,1.35139,8376.0
2026-02-18 19:00:00+00:00,1.35141,1.3515,1.34973,1.35002,9519.0
2026-02-18 20:00:00+00:00,1.35003,1.35048,1.34952,1.34998,4998.0
2026-02-18 21:00:00+00:00,1.34997,1.3502,1.3492,1.34934,2206.0
2026-02-18 22:00:00+00:00,1.34934,1.35018,1.34932,1.34995,3256.0
2026-02-18 23:00:00+00:00,1.34996,1.34998,1.34942,1.34951,1058.0
2026-02-19 00:00:00+00:00,1.34952,1.3498,1.34883,1.34896,4349.0
2026-02-19 01:00:00+00:00,1.34897,1.34986,1.34896,1.34964,5177.0
2026-02-19 02:00:00+00:00,1.34964,1.34972,1.34918,1.34949,2974.0
2026-02-19 03:00:00+00:00,1.34948,1.3498,1.34884,1.3491,3481.0
2026-02-19 04:00:00+00:00,1.3491,1.34928,1.34818,1.34839,3481.0
2026-02-19 05:00:00+00:00,1.34838,1.34877,1.34806,1.34874,2915.0
2026-02-19 06:00:00+00:00,1.34875,1.35024,1.34851,1.35,4071.0
2026-02-19 07:00:00+00:00,1.35,1.35123,1.34946,1.35104,4993.0
2026-02-19 08:00:00+00:00,1.35102,1.3516,1.35018,1.3506,5938.0
2026-02-19 09:00:00+00:00,1.3506,1.3517,1.34944,1.35046,6930.0
2026-02-19 10:00:00+00:00,1.35046,1.35074,1.34851,1.34888,8041.0
2026-02-19 11:00:00+00:00,1.34888,1.3492,1.34656,1.3466,7242.0
2026-02-19 12:00:00+00:00,1.3466,1.34744,1.34571,1.34634,6476.0
2026-02-19 13:00:00+00:00,1.34636,1.34694,1.34491,1.34672,10815.0
2026-02-19 14:00:00+00:00,1.3467,1.34678,1.34341,1.34454,15612.0
2026-02-19 15:00:00+00:00,1.34452,1.34742,1.34414,1.34542,18376.0
2026-02-19 16:00:00+00:00,1.34544,1.34579,1.34396,1.34452,12765.0
2026-02-19 17:00:00+00:00,1.34453,1.34562,1.34387,1.34525,9212.0
2026-02-19 18:00:00+00:00,1.34526,1.34664,1.34509,1.346,7001.0
2026-02-19 19:00:00+00:00,1.34602,1.34662,1.34472,1.34518,6582.0
2026-02-19 20:00:00+00:00,1.3452,1.34606,1.34518,1.34591,4394.0
2026-02-19 21:00:00+00:00,1.3459,1.34734,1.3458,1.3464,5177.0
2026-02-19 22:00:00+00:00,1.34652,1.34716,1.34624,1.34693,2032.0
2026-02-19 23:00:00+00:00,1.34697,1.34714,1.34598,1.346,1787.0
2026-02-20 00:00:00+00:00,1.34602,1.34642,1.3456,1.34618,4640.0
2026-02-20 01:00:00+00:00,1.34616,1.34628,1.34416,1.3447,7812.0
2026-02-20 02:00:00+00:00,1.3447,1.3448,1.34352,1.34408,6820.0
2026-02-20 03:00:00+00:00,1.34408,1.34465,1.34389,1.34422,4064.0
2026-02-20 04:00:00+00:00,1.34423,1.34474,1.34386,1.34392,3691.0
2026-02-20 05:00:00+00:00,1.34394,1.3449,1.34374,1.34456,4398.0
2026-02-20 06:00:00+00:00,1.34458,1.34488,1.34416,1.3448,4909.0
2026-02-20 07:00:00+00:00,1.34477,1.34673,1.34452,1.3446,9387.0
2026-02-20 08:00:00+00:00,1.3446,1.34556,1.34362,1.34526,10281.0
2026-02-20 09:00:00+00:00,1.34526,1.34792,1.34508,1.3467,7942.0
2026-02-20 10:00:00+00:00,1.34672,1.34831,1.34618,1.34757,6941.0
2026-02-20 11:00:00+00:00,1.34755,1.34781,1.34663,1.34702,5855.0
2026-02-20 12:00:00+00:00,1.34703,1.34834,1.34686,1.34732,7751.0
2026-02-20 13:00:00+00:00,1.34732,1.3498,1.34669,1.34866,13857.0
2026-02-20 14:00:00+00:00,1.34864,1.34887,1.34678,1.34772,13663.0
2026-02-20 15:00:00+00:00,1.34766,1.35153,1.3461,1.35007,47707.0
2026-02-20 16:00:00+00:00,1.35009,1.35149,1.34864,1.34984,18119.0
2026-02-20 17:00:00+00:00,1.34983,1.35007,1.34748,1.34896,14956.0
2026-02-20 18:00:00+00:00,1.34896,1.35072,1.34852,1.3495,19865.0
2026-02-20 19:00:00+00:00,1.34952,1.34994,1.34838,1.34858,10092.0
2026-02-20 20:00:00+00:00,1.34859,1.34914,1.34818,1.34896,5871.0
2026-02-20 21:00:00+00:00,1.34894,1.34972,1.34776,1.34785,5151.0
2026-02-22 22:00:00+00:00,1.34915,1.35016,1.34828,1.34936,1294.0
2026-02-22 23:00:00+00:00,1.3494,1.35336,1.34876,1.35323,6344.0
2026-02-23 00:00:00+00:00,1.35324,1.35328,1.35198,1.35272,7906.0
2026-02-23 01:00:00+00:00,1.35272,1.35277,1.35155,1.35193,10987.0
2026-02-23 02:00:00+00:00,1.35192,1.35288,1.35166,1.35233,7755.0
2026-02-23 03:00:00+00:00,1.35232,1.35238,1.35105,1.35176,5742.0
2026-02-23 04:00:00+00:00,1.3518,1.3521,1.35126,1.35201,4458.0
2026-02-23 05:00:00+00:00,1.352,1.35214,1.35124,1.35204,4276.0
2026-02-23 06:00:00+00:00,1.35204,1.35354,1.35175,1.35298,5913.0
2026-02-23 07:00:00+00:00,1.35298,1.35328,1.35216,1.35262,7756.0
2026-02-23 08:00:00+00:00,1.35261,1.35284,1.35101,1.35157,10335.0
2026-02-23 09:00:00+00:00,1.35156,1.35188,1.35058,1.35085,7088.0
2026-02-23 10:00:00+00:00,1.35084,1.3513,1.35026,1.3508,6441.0
2026-02-23 11:00:00+00:00,1.35078,1.35101,1.34864,1.3491,7176.0
2026-02-23 12:00:00+00:00,1.3491,1.3491,1.34756,1.34868,8452.0
2026-02-23 13:00:00+00:00,1.34868,1.35091,1.3483,1.35062,11191.0
2026-02-23 14:00:00+00:00,1.35062,1.35239,1.35022,1.35206,14187.0
2026-02-23 15:00:00+00:00,1.35206,1.3525,1.34918,1.34948,15469.0
2026-02-23 16:00:00+00:00,1.34949,1.35151,1.34877,1.3507,14424.0
2026-02-23 17:00:00+00:00,1.35069,1.35083,1.34848,1.34958,11283.0
2026-02-23 18:00:00+00:00,1.34958,1.35016,1.34938,1.34978,8186.0
2026-02-23 19:00:00+00:00,1.34978,1.34988,1.34856,1.34893,7602.0
2026-02-23 20:00:00+00:00,1.34892,1.34946,1.3488,1.3492,5158.0
2026-02-23 21:00:00+00:00,1.34922,1.35002,1.34896,1.34922,3211.0
2026-02-23 22:00:00+00:00,1.34929,1.34946,1.34886,1.34912,15579.0
2026-02-23 23:00:00+00:00,1.34916,1.34998,1.349,1.34958,1871.0
2026-02-24 00:00:00+00:00,1.34954,1.3499,1.3493,1.34945,5478.0
2026-02-24 01:00:00+00:00,1.34944,1.34945,1.34779,1.34908,11776.0
2026-02-24 02:00:00+00:00,1.34907,1.34988,1.34875,1.34986,5957.0
2026-02-24 03:00:00+00:00,1.34986,1.35015,1.3488,1.34884,3948.0
2026-02-24 04:00:00+00:00,1.34882,1.349,1.34792,1.34828,4747.0
2026-02-24 05:00:00+00:00,1.34828,1.3489,1.348,1.34888,4425.0
2026-02-24 06:00:00+00:00,1.34888,1.3492,1.3485,1.34878,5245.0
2026-02-24 07:00:00+00:00,1.34877,1.34878,1.34734,1.34785,11574.0
2026-02-24 08:00:00+00:00,1.34785,1.34906,1.347,1.34847,10872.0
2026-02-24 09:00:00+00:00,1.34846,1.35028,1.34846,1.34998,7589.0
2026-02-24 10:00:00+00:00,1.34999,1.35062,1.3492,1.34937,5664.0
2026-02-24 11:00:00+00:00,1.34938,1.34941,1.34846,1.34866,6817.0
2026-02-24 12:00:00+00:00,1.34863,1.34906,1.34782,1.34888,7988.0
2026-02-24 13:00:00+00:00,1.34886,1.34922,1.34766,1.34862,11422.0
2026-02-24 14:00:00+00:00,1.34861,1.34997,1.348,1.34988,15335.0
2026-02-24 15:00:00+00:00,1.3499,1.35248,1.34914,1.35144,15956.0
2026-02-24 16:00:00+00:00,1.35144,1.35366,1.35133,1.35297,9958.0
2026-02-24 17:00:00+00:00,1.35298,1.35306,1.35145,1.35184,6654.0
2026-02-24 18:00:00+00:00,1.35183,1.35201,1.35065,1.35076,5709.0
2026-02-24 19:00:00+00:00,1.35076,1.35125,1.35006,1.35018,6213.0
2026-02-24 20:00:00+00:00,1.35017,1.35088,1.34966,1.34976,4887.0
2026-02-24 21:00:00+00:00,1.34977,1.34998,1.34881,1.34892,3345.0
2026-02-24 22:00:00+00:00,1.3492,1.35002,1.34878,1.34949,1935.0
2026-02-24 23:00:00+00:00,1.34952,1.34984,1.3492,1.34957,1168.0
2026-02-25 00:00:00+00:00,1.34958,1.3505,1.34915,1.3504,5580.0
2026-02-25 01:00:00+00:00,1.35038,1.35068,1.35006,1.35028,7305.0
2026-02-25 02:00:00+00:00,1.35028,1.35216,1.35025,1.35186,7929.0
2026-02-25 03:00:00+00:00,1.35186,1.35214,1.35082,1.35127,11728.0
2026-02-25 04:00:00+00:00,1.35126,1.3519,1.3511,1.35166,5181.0
2026-02-25 05:00:00+00:00,1.35167,1.35252,1.35158,1.35218,5320.0
2026-02-25 06:00:00+00:00,1.35218,1.35267,1.35182,1.35257,6019.0
2026-02-25 07:00:00+00:00,1.35258,1.35301,1.35155,1.35268,8150.0
2026-02-25 08:00:00+00:00,1.35266,1.3534,1.35098,1.35168,9293.0
2026-02-25 09:00:00+00:00,1.35166,1.3522,1.35108,1.3518,10610.0
2026-02-25 10:00:00+00:00,1.3518,1.35216,1.35067,1.35114,7389.0
2026-02-25 11:00:00+00:00,1.35113,1.35128,1.34912,1.35052,6533.0
2026-02-25 12:00:00+00:00,1.35051,1.35242,1.35033,1.35229,7707.0
2026-02-25 13:00:00+00:00,1.35227,1.35356,1.35078,1.35083,8834.0
2026-02-25 14:00:00+00:00,1.35082,1.35239,1.35066,1.35214,12041.0
2026-02-25 15:00:00+00:00,1.35215,1.35373,1.3518,1.35338,13675.0
2026-02-25 16:00:00+00:00,1.35338,1.35518,1.3532,1.35504,10052.0
2026-02-25 17:00:00+00:00,1.35505,1.3566,1.35485,1.35559,7309.0
2026-02-25 18:00:00+00:00,1.3556,1.35602,1.35504,1.35525,4374.0
2026-02-25 19:00:00+00:00,1.35526,1.3556,1.3548,1.35504,3992.0
2026-02-25 20:00:00+00:00,1.35505,1.35561,1.35496,1.3554,4086.0
2026-02-25 21:00:00+00:00,1.35539,1.3561,1.35516,1.35594,3250.0
2026-02-25 22:00:00+00:00,1.3557,1.35615,1.35518,1.35556,3926.0
2026-02-25 23:00:00+00:00,1.35561,1.35598,1.35544,1.35576,3500.0
2026-02-26 00:00:00+00:00,1.35576,1.35638,1.35535,1.35636,4769.0
2026-02-26 01:00:00+00:00,1.35636,1.3574,1.35623,1.35735,7153.0
2026-02-26 02:00:00+00:00,1.35736,1.35752,1.35558,1.35639,5761.0
2026-02-26 03:00:00+00:00,1.35642,1.35658,1.35558,1.35559,3812.0
2026-02-26 04:00:00+00:00,1.35559,1.35589,1.35497,1.35582,3919.0
2026-02-26 05:00:00+00:00,1.35582,1.35626,1.3554,1.35607,5235.0
2026-02-26 06:00:00+00:00,1.35608,1.35626,1.35524,1.35556,5322.0
2026-02-26 07:00:00+00:00,1.35558,1.35568,1.35442,1.35463,8183.0
2026-02-26 08:00:00+00:00,1.35464,1.35474,1.35204,1.35236,9895.0
2026-02-26 09:00:00+00:00,1.35236,1.35338,1.35193,1.35276,7505.0
2026-02-26 10:00:00+00:00,1.35276,1.3536,1.35238,1.35354,5862.0
2026-02-26 11:00:00+00:00,1.35356,1.35452,1.35288,1.35291,6091.0
2026-02-26 12:00:00+00:00,1.35292,1.35504,1.3528,1.35488,6790.0
2026-02-26 13:00:00+00:00,1.35486,1.35568,1.35352,1.35368,10260.0
2026-02-26 14:00:00+00:00,1.35366,1.35542,1.35334,1.35458,13786.0
2026-02-26 15:00:00+00:00,1.35456,1.35478,1.34975,1.35145,21804.0
2026-02-26 16:00:00+00:00,1.35146,1.35156,1.34965,1.35026,11119.0
2026-02-26 17:00:00+00:00,1.3503,1.35038,1.34492,1.3451,10312.0
2026-02-26 18:00:00+00:00,1.3451,1.34698,1.34454,1.34658,9681.0
2026-02-26 19:00:00+00:00,1.3466,1.34898,1.34628,1.34874,6523.0
2026-02-26 20:00:00+00:00,1.34874,1.3493,1.34856,1.34916,3538.0
2026-02-26 21:00:00+00:00,1.34918,1.34933,1.34806,1.34836,2536.0
2026-02-26 22:00:00+00:00,1.34837,1.34881,1.34796,1.3482,1432.0
2026-02-26 23:00:00+00:00,1.34812,1.34914,1.34802,1.34913,1470.0
2026-02-27 00:00:00+00:00,1.34914,1.34936,1.34825,1.3486,4916.0
2026-02-27 01:00:00+00:00,1.3486,1.34935,1.34764,1.34768,9751.0
2026-02-27 02:00:00+00:00,1.34772,1.34884,1.34772,1.34877,6260.0
2026-02-27 03:00:00+00:00,1.34881,1.3496,1.34878,1.3492,4101.0
2026-02-27 04:00:00+00:00,1.34918,1.35014,1.34904,1.34961,4138.0
2026-02-27 05:00:00+00:00,1.34962,1.34968,1.34878,1.34899,4769.0
2026-02-27 06:00:00+00:00,1.34896,1.34917,1.34672,1.34696,6963.0
2026-02-27 07:00:00+00:00,1.34694,1.3496,1.34616,1.34879,7967.0
2026-02-27 08:00:00+00:00,1.3488,1.35082,1.34875,1.3496,9489.0
2026-02-27 09:00:00+00:00,1.34958,1.34979,1.34822,1.34846,8657.0
2026-02-27 10:00:00+00:00,1.34848,1.34867,1.34732,1.34757,7260.0
2026-02-27 11:00:00+00:00,1.34758,1.34814,1.34654,1.34666,6427.0
2026-02-27 12:00:00+00:00,1.34666,1.34792,1.34662,1.34709,7217.0
2026-02-27 13:00:00+00:00,1.3471,1.34737,1.34396,1.34448,14507.0
2026-02-27 14:00:00+00:00,1.3445,1.34769,1.34421,1.34502,13402.0
2026-02-27 15:00:00+00:00,1.34502,1.34728,1.34431,1.34438,17304.0
2026-02-27 16:00:00+00:00,1.34438,1.34688,1.34412,1.34548,13333.0
2026-02-27 17:00:00+00:00,1.34547,1.3469,1.34493,1.34601,9715.0
2026-02-27 18:00:00+00:00,1.34602,1.34739,1.34599,1.34725,7401.0
2026-02-27 19:00:00+00:00,1.34724,1.3483,1.34708,1.34812,5163.0
2026-02-27 20:00:00+00:00,1.34816,1.34906,1.3476,1.34775,4763.0
2026-02-27 21:00:00+00:00,1.34776,1.3489,1.34708,1.34868,5427.0
2026-03-01 22:00:00+00:00,1.34086,1.34197,1.34056,1.34166,1473.0
2026-03-01 23:00:00+00:00,1.34166,1.34364,1.34028,1.34055,12056.0
2026-03-02 00:00:00+00:00,1.34053,1.34342,1.34006,1.34326,12439.0
2026-03-02 01:00:00+00:00,1.34325,1.34541,1.34287,1.34506,17051.0
2026-03-02 02:00:00+00:00,1.34506,1.34512,1.34385,1.34449,9495.0
2026-03-02 03:00:00+00:00,1.34448,1.34561,1.34442,1.34478,7894.0
2026-03-02 04:00:00+00:00,1.34477,1.3451,1.34354,1.34387,6841.0
2026-03-02 05:00:00+00:00,1.34386,1.34386,1.34146,1.34151,6531.0
2026-03-02 06:00:00+00:00,1.3415,1.34158,1.33764,1.33818,15187.0
2026-03-02 07:00:00+00:00,1.33819,1.33858,1.33446,1.33622,18965.0
2026-03-02 08:00:00+00:00,1.3362,1.33714,1.33144,1.33504,18144.0
2026-03-02 09:00:00+00:00,1.33504,1.33799,1.3346,1.33728,13208.0
2026-03-02 10:00:00+00:00,1.33727,1.34092,1.33726,1.34061,11619.0
2026-03-02 11:00:00+00:00,1.34064,1.34264,1.3398,1.3412,10840.0
2026-03-02 12:00:00+00:00,1.34119,1.34191,1.33916,1.33958,13412.0
2026-03-02 13:00:00+00:00,1.33958,1.34058,1.33794,1.33828,16531.0
2026-03-02 14:00:00+00:00,1.33824,1.34256,1.33752,1.34126,25725.0
2026-03-02 15:00:00+00:00,1.34116,1.34134,1.33656,1.3372,22111.0
2026-03-02 16:00:00+00:00,1.33719,1.33949,1.33599,1.33904,16200.0
2026-03-02 17:00:00+00:00,1.33904,1.34186,1.33875,1.34156,10493.0
2026-03-02 18:00:00+00:00,1.34156,1.34161,1.33952,1.34061,7372.0
2026-03-02 19:00:00+00:00,1.3406,1.34319,1.34047,1.34284,7461.0
2026-03-02 20:00:00+00:00,1.34286,1.34301,1.33862,1.34015,17197.0
2026-03-02 21:00:00+00:00,1.34017,1.3411,1.34014,1.34054,4855.0
2026-03-02 22:00:00+00:00,1.34075,1.34076,1.33989,1.34022,829.0
2026-03-02 23:00:00+00:00,1.34022,1.34116,1.34016,1.34083,2388.0
2026-03-03 00:00:00+00:00,1.34084,1.3413,1.33979,1.3412,6775.0
2026-03-03 01:00:00+00:00,1.34119,1.34254,1.34057,1.34092,11862.0
2026-03-03 02:00:00+00:00,1.34093,1.34127,1.33923,1.34049,11019.0
2026-03-03 03:00:00+00:00,1.3405,1.34108,1.33951,1.33994,7619.0
2026-03-03 04:00:00+00:00,1.33994,1.34032,1.33823,1.33838,7374.0
2026-03-03 05:00:00+00:00,1.33838,1.33892,1.33611,1.33634,11245.0
2026-03-03 06:00:00+00:00,1.33634,1.33666,1.3354,1.33616,12070.0
2026-03-03 07:00:00+00:00,1.33617,1.33618,1.33337,1.33358,11926.0
2026-03-03 08:00:00+00:00,1.33358,1.33373,1.33002,1.33042,17768.0
2026-03-03 09:00:00+00:00,1.33042,1.33166,1.3281,1.32979,16955.0
2026-03-03 10:00:00+00:00,1.32978,1.33099,1.32834,1.32854,17339.0
2026-03-03 11:00:00+00:00,1.32854,1.33002,1.32626,1.32931,17704.0
2026-03-03 12:00:00+00:00,1.32928,1.33276,1.32866,1.33221,18298.0
2026-03-03 13:00:00+00:00,1.3322,1.33258,1.32969,1.33012,19952.0
2026-03-03 14:00:00+00:00,1.33012,1.33144,1.32824,1.32845,26246.0
2026-03-03 15:00:00+00:00,1.32844,1.3307,1.32532,1.33018,34982.0
2026-03-03 16:00:00+00:00,1.33019,1.3331,1.32972,1.33276,28302.0
2026-03-03 17:00:00+00:00,1.33276,1.33376,1.33086,1.33233,21591.0
2026-03-03 18:00:00+00:00,1.33232,1.33642,1.33226,1.33538,14027.0
2026-03-03 19:00:00+00:00,1.33538,1.33684,1.3334,1.33558,20100.0
2026-03-03 20:00:00+00:00,1.33557,1.33702,1.33552,1.33618,12252.0
2026-03-03 21:00:00+00:00,1.33618,1.33658,1.33558,1.33565,4953.0
2026-03-03 22:00:00+00:00,1.33571,1.33594,1.33466,1.33545,4463.0
2026-03-03 23:00:00+00:00,1.33546,1.33638,1.33464,1.33516,3133.0
2026-03-04 00:00:00+00:00,1.33518,1.33526,1.33272,1.33302,10725.0
2026-03-04 01:00:00+00:00,1.33304,1.33352,1.33034,1.33258,15692.0
2026-03-04 02:00:00+00:00,1.33256,1.334,1.33224,1.333,12727.0
2026-03-04 03:00:00+00:00,1.33299,1.33395,1.33232,1.3339,9399.0
2026-03-04 04:00:00+00:00,1.33391,1.33416,1.33112,1.33126,8793.0
2026-03-04 05:00:00+00:00,1.33125,1.33247,1.33114,1.33178,10312.0
2026-03-04 06:00:00+00:00,1.33178,1.3341,1.33056,1.33336,10130.0
2026-03-04 07:00:00+00:00,1.33338,1.33763,1.33329,1.33595,16023.0
2026-03-04 08:00:00+00:00,1.33596,1.33624,1.33334,1.33394,19206.0
2026-03-04 09:00:00+00:00,1.33392,1.33724,1.3333,1.33608,15317.0
2026-03-04 10:00:00+00:00,1.3361,1.33996,1.3361,1.33788,26217.0
2026-03-04 11:00:00+00:00,1.33784,1.34036,1.3372,1.33782,12662.0
2026-03-04 12:00:00+00:00,1.33784,1.33892,1.33486,1.3352,14547.0
2026-03-04 13:00:00+00:00,1.3352,1.3386,1.33516,1.33628,16341.0
2026-03-04 14:00:00+00:00,1.33625,1.33849,1.33574,1.33619,26049.0
2026-03-04 15:00:00+00:00,1.33598,1.33816,1.33541,1.33647,25384.0
2026-03-04 16:00:00+00:00,1.33648,1.33768,1.33552,1.33676,15383.0
2026-03-04 17:00:00+00:00,1.33675,1.33711,1.33466,1.33611,11258.0
2026-03-04 18:00:00+00:00,1.33612,1.33619,1.33468,1.33508,7757.0
2026-03-04 19:00:00+00:00,1.33508,1.33773,1.33508,1.33745,7622.0
2026-03-04 20:00:00+00:00,1.33748,1.33809,1.33708,1.33764,6132.0
2026-03-04 21:00:00+00:00,1.33763,1.33788,1.33702,1.33726,5100.0
2026-03-04 22:00:00+00:00,1.33728,1.33766,1.33708,1.33732,7740.0
2026-03-04 23:00:00+00:00,1.33732,1.33732,1.33662,1.33692,2031.0
2026-03-05 00:00:00+00:00,1.33692,1.33852,1.33648,1.33844,6136.0
2026-03-05 01:00:00+00:00,1.33844,1.33872,1.3365,1.33673,12399.0
2026-03-05 02:00:00+00:00,1.33672,1.33716,1.33592,1.3364,8938.0
2026-03-05 03:00:00+00:00,1.3364,1.33657,1.33378,1.33412,9952.0
2026-03-05 04:00:00+00:00,1.3341,1.33436,1.3329,1.33361,8264.0
2026-03-05 05:00:00+00:00,1.33359,1.33392,1.33136,1.33142,9476.0
2026-03-05 06:00:00+00:00,1.33142,1.33338,1.3306,1.3332,13391.0
2026-03-05 07:00:00+00:00,1.33319,1.33576,1.33308,1.33417,13183.0
2026-03-05 08:00:00+00:00,1.33419,1.33422,1.33153,1.33261,15904.0
2026-03-05 09:00:00+00:00,1.3326,1.33771,1.33223,1.3355,32694.0
2026-03-05 10:00:00+00:00,1.33549,1.33612,1.33328,1.33504,14080.0
2026-03-05 11:00:00+00:00,1.33506,1.33658,1.33458,1.3359,11434.0
2026-03-05 12:00:00+00:00,1.3359,1.33739,1.3353,1.33672,14629.0
2026-03-05 13:00:00+00:00,1.33672,1.33704,1.33374,1.33458,17377.0
2026-03-05 14:00:00+00:00,1.33456,1.336,1.3333,1.33443,22158.0
2026-03-05 15:00:00+00:00,1.33443,1.33536,1.33094,1.3323,21448.0
2026-03-05 16:00:00+00:00,1.3323,1.33231,1.32975,1.3319,17617.0
2026-03-05 17:00:00+00:00,1.33189,1.33346,1.33142,1.33298,20328.0
2026-03-05 18:00:00+00:00,1.333,1.33399,1.3318,1.33314,15917.0
2026-03-05 19:00:00+00:00,1.33314,1.3334,1.33181,1.332,12608.0
2026-03-05 20:00:00+00:00,1.332,1.33638,1.33187,1.33568,20109.0
2026-03-05 21:00:00+00:00,1.33568,1.33655,1.3354,1.33589,5568.0
2026-03-05 22:00:00+00:00,1.33517,1.33592,1.3337,1.33558,3655.0
2026-03-05 23:00:00+00:00,1.3355,1.33598,1.3349,1.33558,3350.0
2026-03-06 00:00:00+00:00,1.33559,1.33646,1.33554,1.33598,6736.0
2026-03-06 01:00:00+00:00,1.33597,1.33718,1.33546,1.33652,12698.0
2026-03-06 02:00:00+00:00,1.33652,1.3372,1.3364,1.33658,7965.0
2026-03-06 03:00:00+00:00,1.33657,1.33734,1.33644,1.33719,6400.0
2026-03-06 04:00:00+00:00,1.3372,1.33726,1.33626,1.33627,5069.0
2026-03-06 05:00:00+00:00,1.33628,1.3367,1.33553,1.33564,8462.0
2026-03-06 06:00:00+00:00,1.33564,1.337,1.33524,1.33682,9234.0
2026-03-06 07:00:00+00:00,1.33682,1.33724,1.33605,1.33696,9161.0
2026-03-06 08:00:00+00:00,1.33698,1.33796,1.33617,1.33648,11053.0
2026-03-06 09:00:00+00:00,1.33648,1.33648,1.33182,1.3324,15973.0
2026-03-06 10:00:00+00:00,1.3324,1.33431,1.33204,1.33411,13686.0
2026-03-06 11:00:00+00:00,1.33412,1.33462,1.33181,1.33186,15922.0
2026-03-06 12:00:00+00:00,1.3319,1.33428,1.33114,1.33264,15969.0
2026-03-06 13:00:00+00:00,1.33264,1.33928,1.33258,1.33386,35929.0
2026-03-06 14:00:00+00:00,1.33387,1.3352,1.33254,1.3341,32922.0
2026-03-06 15:00:00+00:00,1.33407,1.33812,1.33405,1.33594,34404.0
2026-03-06 16:00:00+00:00,1.33592,1.34098,1.33592,1.33978,23799.0
2026-03-06 17:00:00+00:00,1.33978,1.3408,1.33847,1.33872,21128.0
2026-03-06 18:00:00+00:00,1.33872,1.34068,1.33782,1.33872,18844.0
2026-03-06 19:00:00+00:00,1.3387,1.33968,1.33824,1.33867,12785.0
2026-03-06 20:00:00+00:00,1.33869,1.33946,1.33788,1.33915,12605.0
2026-03-06 21:00:00+00:00,1.33913,1.34124,1.33906,1.34105,14178.0
2026-03-08 21:00:00+00:00,1.33384,1.33553,1.3338,1.33426,1462.0
2026-03-08 22:00:00+00:00,1.33424,1.33468,1.33172,1.33179,9548.0
2026-03-08 23:00:00+00:00,1.33182,1.33228,1.33002,1.33052,10390.0
2026-03-09 00:00:00+00:00,1.33052,1.33177,1.32965,1.33004,14669.0
2026-03-09 01:00:00+00:00,1.33004,1.33011,1.32832,1.32858,18673.0
2026-03-09 02:00:00+00:00,1.3286,1.33079,1.32846,1.33045,15586.0
2026-03-09 03:00:00+00:00,1.33047,1.33105,1.32906,1.32956,11483.0
2026-03-09 04:00:00+00:00,1.32956,1.33081,1.32936,1.32978,8742.0
2026-03-09 05:00:00+00:00,1.32979,1.33378,1.32962,1.33337,22223.0
2026-03-09 06:00:00+00:00,1.33339,1.33408,1.33119,1.33119,19272.0
2026-03-09 07:00:00+00:00,1.33122,1.33474,1.3306,1.33448,16477.0
2026-03-09 08:00:00+00:00,1.3345,1.33513,1.33026,1.33191,21456.0
2026-03-09 09:00:00+00:00,1.33192,1.33638,1.3314,1.33392,28044.0
2026-03-09 10:00:00+00:00,1.33392,1.3351,1.33264,1.33448,24304.0
2026-03-09 11:00:00+00:00,1.3345,1.33573,1.33393,1.33475,16179.0
2026-03-09 12:00:00+00:00,1.33476,1.33606,1.33456,1.33524,14333.0
2026-03-09 13:00:00+00:00,1.33526,1.33826,1.33504,1.33734,23184.0
2026-03-09 14:00:00+00:00,1.33734,1.33816,1.33463,1.33775,34130.0
2026-03-09 15:00:00+00:00,1.33777,1.34007,1.33768,1.33928,17402.0
2026-03-09 16:00:00+00:00,1.33928,1.34088,1.3387,1.3391,13182.0
2026-03-09 17:00:00+00:00,1.33909,1.33922,1.33821,1.33852,10647.0
2026-03-09 18:00:00+00:00,1.3385,1.33963,1.33838,1.33849,10790.0
2026-03-09 19:00:00+00:00,1.3385,1.3446,1.33838,1.34294,35792.0
2026-03-09 20:00:00+00:00,1.34294,1.3447,1.34241,1.34434,10129.0
2026-03-09 21:00:00+00:00,1.34441,1.34443,1.34349,1.34412,1835.0
2026-03-09 22:00:00+00:00,1.34448,1.34488,1.34272,1.34324,5480.0
2026-03-09 23:00:00+00:00,1.34322,1.34381,1.34206,1.3424,5102.0
2026-03-10 00:00:00+00:00,1.3424,1.34443,1.34181,1.34352,14604.0
2026-03-10 01:00:00+00:00,1.34352,1.34394,1.34218,1.34312,14213.0
2026-03-10 02:00:00+00:00,1.34313,1.34376,1.34195,1.34215,9727.0
2026-03-10 03:00:00+00:00,1.34218,1.34258,1.34136,1.34165,8204.0
2026-03-10 04:00:00+00:00,1.34166,1.34288,1.34141,1.34248,6675.0
2026-03-10 05:00:00+00:00,1.34246,1.34362,1.34245,1.34362,8482.0
2026-03-10 06:00:00+00:00,1.34361,1.34578,1.34361,1.34505,9113.0
2026-03-10 07:00:00+00:00,1.34508,1.34804,1.3447,1.34774,14881.0
2026-03-10 08:00:00+00:00,1.34772,1.34835,1.34526,1.34594,13959.0
2026-03-10 09:00:00+00:00,1.34598,1.34688,1.34561,1.34578,11250.0
2026-03-10 10:00:00+00:00,1.34576,1.34579,1.34386,1.34507,14047.0
2026-03-10 11:00:00+00:00,1.34508,1.34676,1.34434,1.34444,18083.0
2026-03-10 12:00:00+00:00,1.34443,1.34486,1.34306,1.34416,17937.0
2026-03-10 13:00:00+00:00,1.34415,1.34678,1.34407,1.34484,20134.0
2026-03-10 14:00:00+00:00,1.34482,1.34688,1.34378,1.34674,18089.0
2026-03-10 15:00:00+00:00,1.34672,1.3473,1.34532,1.3458,14464.0
2026-03-10 16:00:00+00:00,1.34581,1.3467,1.3447,1.34629,12712.0
2026-03-10 17:00:00+00:00,1.3463,1.34811,1.34556,1.34626,16238.0
2026-03-10 18:00:00+00:00,1.34626,1.34634,1.34264,1.34287,27902.0
2026-03-10 19:00:00+00:00,1.34288,1.34356,1.34122,1.34186,18933.0
2026-03-10 20:00:00+00:00,1.34186,1.34228,1.3413,1.34168,5821.0
2026-03-10 21:00:00+00:00,1.3418,1.34234,1.34159,1.34168,9936.0
2026-03-10 22:00:00+00:00,1.34163,1.34186,1.34102,1.34132,1672.0
2026-03-10 23:00:00+00:00,1.34134,1.34208,1.34128,1.34198,2522.0
2026-03-11 00:00:00+00:00,1.34199,1.34374,1.34148,1.34308,9668.0
2026-03-11 01:00:00+00:00,1.34308,1.34487,1.34264,1.34458,11261.0
2026-03-11 02:00:00+00:00,1.34458,1.34496,1.34365,1.34464,7559.0
2026-03-11 03:00:00+00:00,1.34464,1.34532,1.3443,1.3452,6134.0
2026-03-11 04:00:00+00:00,1.3452,1.34577,1.34482,1.34543,9735.0
2026-03-11 05:00:00+00:00,1.34544,1.34567,1.3446,1.34486,8026.0
2026-03-11 06:00:00+00:00,1.34487,1.3456,1.34431,1.3449,8971.0
2026-03-11 07:00:00+00:00,1.34488,1.34523,1.34292,1.3435,14592.0
2026-03-11 08:00:00+00:00,1.34351,1.34364,1.34101,1.34268,15199.0
2026-03-11 09:00:00+00:00,1.34268,1.34296,1.34019,1.3416,20430.0
2026-03-11 10:00:00+00:00,1.34158,1.34469,1.34128,1.3446,11699.0
2026-03-11 11:00:00+00:00,1.34458,1.34497,1.34234,1.34279,12793.0
2026-03-11 12:00:00+00:00,1.3428,1.34342,1.33946,1.33994,18917.0
2026-03-11 13:00:00+00:00,1.33994,1.34228,1.33978,1.34186,19356.0
2026-03-11 14:00:00+00:00,1.34184,1.3444,1.34156,1.34234,29688.0
2026-03-11 15:00:00+00:00,1.34234,1.34272,1.33935,1.33976,14666.0
2026-03-11 16:00:00+00:00,1.33976,1.34138,1.33946,1.34101,11784.0
2026-03-11 17:00:00+00:00,1.34103,1.34178,1.33987,1.34102,11600.0
2026-03-11 18:00:00+00:00,1.34102,1.34184,1.34014,1.34156,10826.0
2026-03-11 19:00:00+00:00,1.34156,1.34224,1.34107,1.34186,6887.0
2026-03-11 20:00:00+00:00,1.34185,1.34185,1.34102,1.34127,2469.0
2026-03-11 21:00:00+00:00,1.34109,1.3415,1.34103,1.3414,728.0
2026-03-11 22:00:00+00:00,1.34146,1.34149,1.33888,1.33894,3873.0
2026-03-11 23:00:00+00:00,1.33896,1.33936,1.33762,1.33825,4556.0
2026-03-12 00:00:00+00:00,1.33825,1.3393,1.337,1.33828,8441.0
2026-03-12 01:00:00+00:00,1.33828,1.33972,1.33814,1.33885,11483.0
2026-03-12 02:00:00+00:00,1.33886,1.33937,1.33654,1.33706,7579.0
2026-03-12 03:00:00+00:00,1.33706,1.3374,1.33664,1.3372,7894.0
2026-03-12 04:00:00+00:00,1.3372,1.33731,1.33614,1.33629,4040.0
2026-03-12 05:00:00+00:00,1.33628,1.33763,1.33617,1.33685,8580.0
2026-03-12 06:00:00+00:00,1.33684,1.33826,1.33644,1.33812,9189.0
2026-03-12 07:00:00+00:00,1.33811,1.33926,1.33774,1.33926,9021.0
2026-03-12 08:00:00+00:00,1.33927,1.33978,1.33702,1.33788,11068.0
2026-03-12 09:00:00+00:00,1.33788,1.33961,1.33736,1.33934,9529.0
2026-03-12 10:00:00+00:00,1.33935,1.33964,1.33821,1.33926,8495.0
2026-03-12 11:00:00+00:00,1.33926,1.34098,1.339,1.33976,8244.0
2026-03-12 12:00:00+00:00,1.33978,1.33988,1.3368,1.33782,13668.0
2026-03-12 13:00:00+00:00,1.33782,1.33919,1.33626,1.33689,21112.0
2026-03-12 14:00:00+00:00,1.3369,1.33748,1.33503,1.33569,22416.0
2026-03-12 15:00:00+00:00,1.33566,1.33614,1.33392,1.33484,22277.0
2026-03-12 16:00:00+00:00,1.33484,1.33657,1.33382,1.33483,18410.0
2026-03-12 17:00:00+00:00,1.33481,1.33616,1.33479,1.33565,13202.0
2026-03-12 18:00:00+00:00,1.33566,1.33596,1.33416,1.33426,9300.0
2026-03-12 19:00:00+00:00,1.33426,1.33497,1.33401,1.3348,8405.0
2026-03-12 20:00:00+00:00,1.3348,1.3352,1.33414,1.33436,6467.0
2026-03-12 21:00:00+00:00,1.33388,1.33501,1.33387,1.33456,8675.0
2026-03-12 22:00:00+00:00,1.3347,1.33514,1.33416,1.33499,2277.0
2026-03-12 23:00:00+00:00,1.33496,1.33548,1.33459,1.33516,3097.0
2026-03-13 00:00:00+00:00,1.33517,1.33652,1.33508,1.33634,8560.0
2026-03-13 01:00:00+00:00,1.33633,1.33698,1.33546,1.33562,8766.0
2026-03-13 02:00:00+00:00,1.33561,1.3362,1.33467,1.33524,7238.0
2026-03-13 03:00:00+00:00,1.33521,1.33536,1.33397,1.33466,5324.0
2026-03-13 04:00:00+00:00,1.33463,1.33463,1.33296,1.33316,6128.0
2026-03-13 05:00:00+00:00,1.33316,1.33377,1.33285,1.33325,6932.0
2026-03-13 06:00:00+00:00,1.33326,1.33343,1.33152,1.33159,10550.0
2026-03-13 07:00:00+00:00,1.33158,1.33159,1.32743,1.328,12322.0
2026-03-13 08:00:00+00:00,1.32799,1.32809,1.32557,1.32606,15737.0
2026-03-13 09:00:00+00:00,1.32611,1.32802,1.32586,1.32624,13882.0
2026-03-13 10:00:00+00:00,1.32623,1.32752,1.32522,1.32602,11492.0
2026-03-13 11:00:00+00:00,1.326,1.32678,1.32456,1.3255,13645.0
2026-03-13 12:00:00+00:00,1.3255,1.3286,1.32506,1.32714,18711.0
2026-03-13 13:00:00+00:00,1.32714,1.32898,1.32638,1.32801,19729.0
2026-03-13 14:00:00+00:00,1.32804,1.32844,1.32541,1.32552,20630.0
2026-03-13 15:00:00+00:00,1.32552,1.32616,1.32304,1.32386,20264.0
2026-03-13 16:00:00+00:00,1.32386,1.32481,1.32322,1.32442,16978.0
2026-03-13 17:00:00+00:00,1.32444,1.32532,1.32382,1.32464,13978.0
2026-03-13 18:00:00+00:00,1.32464,1.32498,1.32352,1.32433,8234.0
2026-03-13 19:00:00+00:00,1.32434,1.32444,1.3225,1.32272,6192.0
2026-03-13 20:00:00+00:00,1.32272,1.32288,1.32186,1.32243,4690.0
2026-03-15 21:00:00+00:00,1.32432,1.3245,1.32264,1.32404,2159.0
2026-03-15 22:00:00+00:00,1.32407,1.3241,1.32254,1.32388,5842.0
2026-03-15 23:00:00+00:00,1.32388,1.32484,1.32344,1.32466,5330.0
2026-03-16 00:00:00+00:00,1.32466,1.32645,1.32464,1.32634,8550.0
2026-03-16 01:00:00+00:00,1.32636,1.32661,1.32473,1.32594,8799.0
2026-03-16 02:00:00+00:00,1.32596,1.32604,1.32526,1.32536,6629.0
2026-03-16 03:00:00+00:00,1.32538,1.32652,1.32515,1.32617,4758.0
2026-03-16 04:00:00+00:00,1.32614,1.32626,1.32508,1.32514,3759.0
2026-03-16 05:00:00+00:00,1.32513,1.32556,1.32492,1.32508,4434.0
2026-03-16 06:00:00+00:00,1.32509,1.32566,1.32412,1.32506,5594.0
2026-03-16 07:00:00+00:00,1.32505,1.32538,1.32303,1.3244,9131.0
2026-03-16 08:00:00+00:00,1.3244,1.32548,1.32348,1.32521,12532.0
2026-03-16 09:00:00+00:00,1.3252,1.32564,1.32413,1.32477,10628.0
2026-03-16 10:00:00+00:00,1.32478,1.32734,1.32461,1.32724,11786.0
2026-03-16 11:00:00+00:00,1.32723,1.32842,1.32666,1.32798,9115.0
2026-03-16 12:00:00+00:00,1.32798,1.32901,1.3277,1.3278,11082.0
2026-03-16 13:00:00+00:00,1.3278,1.33102,1.3278,1.33078,12688.0
2026-03-16 14:00:00+00:00,1.3308,1.3314,1.32934,1.32974,12470.0
2026-03-16 15:00:00+00:00,1.32976,1.33176,1.32952,1.33024,11127.0
2026-03-16 16:00:00+00:00,1.33024,1.33096,1.32889,1.33034,13653.0
2026-03-16 17:00:00+00:00,1.33036,1.33176,1.33001,1.33024,14268.0
2026-03-16 18:00:00+00:00,1.33023,1.33376,1.33022,1.33326,10300.0
2026-03-16 19:00:00+00:00,1.33325,1.334,1.33239,1.33264,11159.0
2026-03-16 20:00:00+00:00,1.33263,1.33284,1.33187,1.33194,4091.0
2026-03-16 21:00:00+00:00,1.33199,1.33215,1.33181,1.33213,1156.0
2026-03-16 22:00:00+00:00,1.33212,1.33214,1.33122,1.33132,2033.0
2026-03-16 23:00:00+00:00,1.33133,1.33148,1.33081,1.33126,2292.0
2026-03-17 00:00:00+00:00,1.33127,1.33127,1.32997,1.33027,7839.0
2026-03-17 01:00:00+00:00,1.33028,1.33084,1.32956,1.33068,8012.0
2026-03-17 02:00:00+00:00,1.33068,1.33097,1.33042,1.33062,3849.0
2026-03-17 03:00:00+00:00,1.3306,1.33148,1.33018,1.33023,7260.0
2026-03-17 04:00:00+00:00,1.33022,1.33156,1.33002,1.33118,3979.0
2026-03-17 05:00:00+00:00,1.33118,1.3315,1.32864,1.32871,5939.0
2026-03-17 06:00:00+00:00,1.32873,1.32906,1.32733,1.32906,9403.0
2026-03-17 07:00:00+00:00,1.32906,1.33151,1.32874,1.33054,10207.0
2026-03-17 08:00:00+00:00,1.33053,1.33314,1.32994,1.33291,12948.0
2026-03-17 09:00:00+00:00,1.3329,1.33388,1.33239,1.33352,10521.0
2026-03-17 10:00:00+00:00,1.33354,1.33382,1.33228,1.33242,9288.0
2026-03-17 11:00:00+00:00,1.33242,1.33398,1.33154,1.33176,9408.0
2026-03-17 12:00:00+00:00,1.33174,1.33359,1.33115,1.33325,11174.0
2026-03-17 13:00:00+00:00,1.3333,1.33604,1.33328,1.33467,16273.0
2026-03-17 14:00:00+00:00,1.33465,1.33576,1.33394,1.33482,13575.0
2026-03-17 15:00:00+00:00,1.33482,1.3357,1.3336,1.33428,15579.0
2026-03-17 16:00:00+00:00,1.33427,1.33491,1.33336,1.33474,12496.0
2026-03-17 17:00:00+00:00,1.33475,1.33593,1.33444,1.33592,9092.0
2026-03-17 18:00:00+00:00,1.33593,1.33647,1.3356,1.3356,6158.0
2026-03-17 19:00:00+00:00,1.33564,1.33645,1.33518,1.3354,4743.0
2026-03-17 20:00:00+00:00,1.3354,1.33586,1.3352,1.33558,2765.0
2026-03-17 21:00:00+00:00,1.33562,1.33626,1.3355,1.33592,2450.0
2026-03-17 22:00:00+00:00,1.33591,1.33624,1.33578,1.33599,3781.0
2026-03-17 23:00:00+00:00,1.33598,1.33604,1.33567,1.33578,4554.0
2026-03-18 00:00:00+00:00,1.33578,1.33635,1.33512,1.33519,15067.0
2026-03-18 01:00:00+00:00,1.3352,1.3362,1.33507,1.33536,6432.0
2026-03-18 02:00:00+00:00,1.33536,1.33574,1.33504,1.3353,5642.0
2026-03-18 03:00:00+00:00,1.33528,1.3359,1.33512,1.33588,3633.0
2026-03-18 04:00:00+00:00,1.33588,1.33654,1.33583,1.33638,4543.0
2026-03-18 05:00:00+00:00,1.33638,1.33726,1.33637,1.33721,4431.0
2026-03-18 06:00:00+00:00,1.33722,1.33746,1.33624,1.33647,5818.0
2026-03-18 07:00:00+00:00,1.33646,1.33689,1.3348,1.33551,6529.0
2026-03-18 08:00:00+00:00,1.3355,1.33614,1.33414,1.33502,7790.0
2026-03-18 09:00:00+00:00,1.33502,1.33606,1.33428,1.33606,7048.0
2026-03-18 10:00:00+00:00,1.33604,1.33634,1.33488,1.33556,6169.0
2026-03-18 11:00:00+00:00,1.33555,1.33714,1.33462,1.33597,11777.0
2026-03-18 12:00:00+00:00,1.336,1.33632,1.33126,1.33147,19669.0
2026-03-18 13:00:00+00:00,1.33147,1.33268,1.33043,1.3326,19816.0
2026-03-18 14:00:00+00:00,1.3326,1.33362,1.33028,1.33261,18984.0
2026-03-18 15:00:00+00:00,1.33262,1.33373,1.33184,1.33224,15269.0
2026-03-18 16:00:00+00:00,1.33224,1.33366,1.332,1.33354,10357.0
2026-03-18 17:00:00+00:00,1.33354,1.33445,1.33232,1.33407,10991.0
2026-03-18 18:00:00+00:00,1.33384,1.33508,1.32894,1.32896,23643.0
2026-03-18 19:00:00+00:00,1.32898,1.32954,1.3274,1.32773,15392.0
2026-03-18 20:00:00+00:00,1.32772,1.32794,1.32525,1.32576,6584.0
2026-03-18 21:00:00+00:00,1.32591,1.3271,1.32586,1.32696,1301.0
2026-03-18 22:00:00+00:00,1.32695,1.32705,1.32513,1.32592,2587.0
2026-03-18 23:00:00+00:00,1.32592,1.32674,1.32573,1.32644,3958.0
2026-03-19 00:00:00+00:00,1.32645,1.32856,1.32635,1.32855,8851.0
2026-03-19 01:00:00+00:00,1.32856,1.32928,1.32827,1.32838,6753.0
2026-03-19 02:00:00+00:00,1.32838,1.3298,1.32778,1.32874,7643.0
2026-03-19 03:00:00+00:00,1.32874,1.32916,1.32818,1.32818,4452.0
2026-03-19 04:00:00+00:00,1.32818,1.32818,1.32686,1.32728,5409.0
2026-03-19 05:00:00+00:00,1.32725,1.32739,1.3263,1.32646,6071.0
2026-03-19 06:00:00+00:00,1.32646,1.32771,1.32616,1.32664,8147.0
2026-03-19 07:00:00+00:00,1.32666,1.32738,1.32516,1.32634,14902.0
2026-03-19 08:00:00+00:00,1.32636,1.32694,1.3246,1.32535,15992.0
2026-03-19 09:00:00+00:00,1.32534,1.32917,1.32534,1.32852,21275.0
2026-03-19 10:00:00+00:00,1.32852,1.3289,1.32717,1.32792,13467.0
2026-03-19 11:00:00+00:00,1.32792,1.32934,1.32719,1.32928,10440.0
2026-03-19 12:00:00+00:00,1.32924,1.33102,1.32788,1.32991,25328.0
2026-03-19 13:00:00+00:00,1.3299,1.33586,1.32812,1.33506,38090.0
2026-03-19 14:00:00+00:00,1.33506,1.33746,1.33378,1.33647,33559.0
2026-03-19 15:00:00+00:00,1.33643,1.339,1.33444,1.3359,24426.0
2026-03-19 16:00:00+00:00,1.3359,1.33769,1.33537,1.33694,23719.0
2026-03-19 17:00:00+00:00,1.33694,1.34104,1.33689,1.34038,15651.0
2026-03-19 18:00:00+00:00,1.34036,1.34201,1.33943,1.34196,12175.0
2026-03-19 19:00:00+00:00,1.34198,1.34674,1.34196,1.34306,34349.0
2026-03-19 20:00:00+00:00,1.34308,1.34361,1.34265,1.34312,4305.0
2026-03-19 21:00:00+00:00,1.34318,1.34424,1.34223,1.34295,2067.0
2026-03-19 22:00:00+00:00,1.34288,1.34425,1.34254,1.34261,2207.0
2026-03-19 23:00:00+00:00,1.34261,1.34307,1.34206,1.34245,3171.0
2026-03-20 00:00:00+00:00,1.34244,1.34284,1.34182,1.3424,5776.0
2026-03-20 01:00:00+00:00,1.34241,1.34294,1.34132,1.3416,7879.0
2026-03-20 02:00:00+00:00,1.34161,1.34182,1.34098,1.34119,5920.0
2026-03-20 03:00:00+00:00,1.34118,1.34118,1.34037,1.34038,5350.0
2026-03-20 04:00:00+00:00,1.34038,1.34067,1.3402,1.3403,2844.0
2026-03-20 05:00:00+00:00,1.34031,1.34096,1.33993,1.33999,3536.0
2026-03-20 06:00:00+00:00,1.34002,1.34122,1.34,1.3403,4503.0
2026-03-20 07:00:00+00:00,1.34032,1.34313,1.33983,1.34272,10672.0
2026-03-20 08:00:00+00:00,1.3427,1.34366,1.34172,1.34174,11824.0
2026-03-20 09:00:00+00:00,1.34174,1.34182,1.33812,1.33824,11702.0
2026-03-20 10:00:00+00:00,1.33826,1.3384,1.33634,1.3379,12769.0
2026-03-20 11:00:00+00:00,1.3379,1.33996,1.33758,1.33946,8910.0
2026-03-20 12:00:00+00:00,1.33946,1.34098,1.33771,1.33814,15331.0
2026-03-20 13:00:00+00:00,1.33814,1.33829,1.33478,1.33512,21413.0
2026-03-20 14:00:00+00:00,1.33511,1.33518,1.33057,1.3308,26342.0
2026-03-20 15:00:00+00:00,1.33081,1.33503,1.32988,1.33016,24913.0
2026-03-20 16:00:00+00:00,1.33017,1.33328,1.3301,1.33232,17651.0
2026-03-20 17:00:00+00:00,1.33232,1.33434,1.33162,1.33366,17782.0
2026-03-20 18:00:00+00:00,1.33368,1.33536,1.33247,1.33264,17903.0
2026-03-20 19:00:00+00:00,1.33264,1.33453,1.332,1.33336,12817.0
2026-03-20 20:00:00+00:00,1.33334,1.33471,1.33324,1.33406,7882.0
2026-03-22 21:00:00+00:00,1.33136,1.33198,1.3304,1.33056,1135.0
2026-03-22 22:00:00+00:00,1.3308,1.33278,1.33042,1.33238,3078.0
2026-03-22 23:00:00+00:00,1.33238,1.33356,1.33218,1.33346,5482.0
2026-03-23 00:00:00+00:00,1.33348,1.33394,1.33095,1.332,12995.0
2026-03-23 01:00:00+00:00,1.33198,1.33434,1.33198,1.3333,14545.0
2026-03-23 02:00:00+00:00,1.33331,1.33402,1.3313,1.33194,11099.0
2026-03-23 03:00:00+00:00,1.33194,1.33238,1.33134,1.3315,7576.0
2026-03-23 04:00:00+00:00,1.3315,1.3325,1.3315,1.3324,6071.0
2026-03-23 05:00:00+00:00,1.33239,1.33271,1.33014,1.33014,7519.0
2026-03-23 06:00:00+00:00,1.33013,1.33022,1.32816,1.32902,12394.0
2026-03-23 07:00:00+00:00,1.32901,1.33075,1.32814,1.32898,16052.0
2026-03-23 08:00:00+00:00,1.32899,1.33312,1.32896,1.33089,24103.0
2026-03-23 09:00:00+00:00,1.33091,1.33128,1.32637,1.32696,12855.0
2026-03-23 10:00:00+00:00,1.32694,1.32806,1.32571,1.32628,16955.0
2026-03-23 11:00:00+00:00,1.3263,1.34346,1.32604,1.33569,92428.0
2026-03-23 12:00:00+00:00,1.3357,1.34314,1.3343,1.34294,65652.0
2026-03-23 13:00:00+00:00,1.34296,1.34344,1.33884,1.34148,54156.0
2026-03-23 14:00:00+00:00,1.34149,1.34795,1.34089,1.3443,47262.0
2026-03-23 15:00:00+00:00,1.34429,1.34611,1.3384,1.33848,44078.0
2026-03-23 16:00:00+00:00,1.33848,1.34155,1.33778,1.34008,34489.0
2026-03-23 17:00:00+00:00,1.34008,1.34306,1.33944,1.34241,26175.0
2026-03-23 18:00:00+00:00,1.34242,1.34584,1.34104,1.34544,22922.0
2026-03-23 19:00:00+00:00,1.34544,1.34552,1.34314,1.34314,13824.0
2026-03-23 20:00:00+00:00,1.34312,1.34336,1.34238,1.34268,5257.0
2026-03-23 21:00:00+00:00,1.34352,1.34376,1.3424,1.34328,1573.0
2026-03-23 22:00:00+00:00,1.34325,1.34368,1.34276,1.34327,3083.0
2026-03-23 23:00:00+00:00,1.34329,1.34352,1.34228,1.34258,4295.0
2026-03-24 00:00:00+00:00,1.34258,1.34268,1.33934,1.3401,16624.0
2026-03-24 01:00:00+00:00,1.34008,1.34037,1.33867,1.33945,14263.0
2026-03-24 02:00:00+00:00,1.33944,1.34088,1.33902,1.3401,11545.0
2026-03-24 03:00:00+00:00,1.3401,1.34074,1.33962,1.33984,7434.0
2026-03-24 04:00:00+00:00,1.33985,1.33995,1.33864,1.33944,5915.0
2026-03-24 05:00:00+00:00,1.33944,1.34016,1.33858,1.33988,10005.0
2026-03-24 06:00:00+00:00,1.33988,1.34151,1.33966,1.3412,13032.0
2026-03-24 07:00:00+00:00,1.34116,1.34456,1.34095,1.34308,22986.0
2026-03-24 08:00:00+00:00,1.34308,1.34308,1.33856,1.33902,21163.0
2026-03-24 09:00:00+00:00,1.33904,1.34046,1.338,1.34026,13192.0
2026-03-24 10:00:00+00:00,1.34028,1.34078,1.3393,1.34057,13275.0
2026-03-24 11:00:00+00:00,1.34055,1.34153,1.3386,1.3397,14925.0
2026-03-24 12:00:00+00:00,1.3397,1.34046,1.3389,1.3393,16818.0
2026-03-24 13:00:00+00:00,1.33927,1.3394,1.33652,1.33772,25984.0
2026-03-24 14:00:00+00:00,1.33772,1.34256,1.33764,1.33992,31221.0
2026-03-24 15:00:00+00:00,1.33992,1.34072,1.33772,1.33812,22966.0
2026-03-24 16:00:00+00:00,1.3381,1.33945,1.33736,1.33832,13602.0
2026-03-24 17:00:00+00:00,1.33832,1.33847,1.33522,1.33779,25136.0
2026-03-24 18:00:00+00:00,1.33779,1.33955,1.33644,1.33836,21834.0
2026-03-24 19:00:00+00:00,1.33833,1.33928,1.33798,1.33829,11894.0
2026-03-24 20:00:00+00:00,1.33828,1.34322,1.33802,1.34116,20682.0
2026-03-24 21:00:00+00:00,1.34066,1.34182,1.34036,1.34163,8558.0
2026-03-24 22:00:00+00:00,1.34162,1.34193,1.34046,1.34182,5081.0
2026-03-24 23:00:00+00:00,1.34182,1.34228,1.34125,1.34154,5151.0
2026-03-25 00:00:00+00:00,1.34154,1.34361,1.34126,1.3429,12645.0
2026-03-25 01:00:00+00:00,1.34289,1.3433,1.34139,1.34149,11281.0
2026-03-25 02:00:00+00:00,1.34153,1.3418,1.3399,1.3403,9651.0
2026-03-25 03:00:00+00:00,1.3403,1.34074,1.33976,1.33988,6382.0
2026-03-25 04:00:00+00:00,1.33988,1.34002,1.33914,1.3392,5565.0
2026-03-25 05:00:00+00:00,1.3392,1.33922,1.33722,1.33752,7711.0
2026-03-25 06:00:00+00:00,1.33754,1.33884,1.33736,1.33819,9048.0
2026-03-25 07:00:00+00:00,1.33818,1.3396,1.337,1.3391,12305.0
2026-03-25 08:00:00+00:00,1.33912,1.34244,1.33876,1.34077,20064.0
2026-03-25 09:00:00+00:00,1.34076,1.3412,1.33898,1.33964,10638.0
2026-03-25 10:00:00+00:00,1.33967,1.34114,1.33964,1.34102,10668.0
2026-03-25 11:00:00+00:00,1.34101,1.34217,1.34052,1.34154,10914.0
2026-03-25 12:00:00+00:00,1.34156,1.34271,1.33895,1.33938,19695.0
2026-03-25 13:00:00+00:00,1.33938,1.3401,1.33694,1.33719,16377.0
2026-03-25 14:00:00+00:00,1.3372,1.33892,1.3359,1.3385,20354.0
2026-03-25 15:00:00+00:00,1.33849,1.33918,1.33618,1.33712,19637.0
2026-03-25 16:00:00+00:00,1.33712,1.3384,1.33618,1.33788,14652.0
2026-03-25 17:00:00+00:00,1.33789,1.33927,1.33731,1.33845,13349.0
2026-03-25 18:00:00+00:00,1.33846,1.3386,1.33596,1.33666,10590.0
2026-03-25 19:00:00+00:00,1.33665,1.3367,1.33592,1.33665,9237.0
2026-03-25 20:00:00+00:00,1.33663,1.33665,1.33584,1.33652,2978.0
2026-03-25 21:00:00+00:00,1.33657,1.33716,1.33642,1.33658,4521.0
2026-03-25 22:00:00+00:00,1.33654,1.33661,1.33599,1.3362,2056.0
2026-03-25 23:00:00+00:00,1.3362,1.33642,1.33602,1.33635,2491.0
2026-03-26 00:00:00+00:00,1.33634,1.33667,1.33544,1.3359,5453.0
2026-03-26 01:00:00+00:00,1.3359,1.33672,1.3356,1.33621,6686.0
2026-03-26 02:00:00+00:00,1.3362,1.33636,1.33484,1.33516,5691.0
2026-03-26 03:00:00+00:00,1.33515,1.33667,1.33506,1.33651,5412.0
2026-03-26 04:00:00+00:00,1.33653,1.33682,1.33634,1.33655,4391.0
2026-03-26 05:00:00+00:00,1.33656,1.33665,1.33549,1.33552,5517.0
2026-03-26 06:00:00+00:00,1.33552,1.33673,1.33522,1.3365,8292.0
2026-03-26 07:00:00+00:00,1.3365,1.33664,1.33464,1.335,9668.0
2026-03-26 08:00:00+00:00,1.335,1.33546,1.33367,1.3353,11888.0
2026-03-26 09:00:00+00:00,1.3353,1.33593,1.33435,1.33542,9961.0
2026-03-26 10:00:00+00:00,1.33544,1.33616,1.33502,1.33536,8109.0
2026-03-26 11:00:00+00:00,1.33538,1.33566,1.33262,1.33264,7845.0
2026-03-26 12:00:00+00:00,1.33264,1.33371,1.33218,1.33304,11144.0
2026-03-26 13:00:00+00:00,1.33304,1.33656,1.33302,1.33554,16444.0
2026-03-26 14:00:00+00:00,1.33554,1.33784,1.33496,1.33614,21627.0
2026-03-26 15:00:00+00:00,1.33616,1.33678,1.33376,1.33508,17345.0
2026-03-26 16:00:00+00:00,1.33509,1.33531,1.33343,1.33374,11732.0
2026-03-26 17:00:00+00:00,1.33374,1.3346,1.33188,1.33188,10823.0
2026-03-26 18:00:00+00:00,1.33188,1.33287,1.33176,1.33286,9754.0
2026-03-26 19:00:00+00:00,1.33287,1.33298,1.33128,1.33133,7885.0
2026-03-26 20:00:00+00:00,1.33134,1.3369,1.33102,1.33308,18725.0
2026-03-26 21:00:00+00:00,1.33316,1.33388,1.33298,1.3334,5482.0
2026-03-26 22:00:00+00:00,1.33344,1.33406,1.33318,1.33379,2008.0
2026-03-26 23:00:00+00:00,1.33378,1.33399,1.33338,1.33349,2137.0
2026-03-27 00:00:00+00:00,1.33348,1.334,1.33222,1.33338,10250.0
2026-03-27 01:00:00+00:00,1.33338,1.33442,1.3332,1.33428,7528.0
2026-03-27 02:00:00+00:00,1.33432,1.3347,1.3338,1.33419,6186.0
2026-03-27 03:00:00+00:00,1.33418,1.3344,1.33348,1.33407,6614.0
2026-03-27 04:00:00+00:00,1.33406,1.33447,1.33391,1.33431,5479.0
2026-03-27 05:00:00+00:00,1.3343,1.33474,1.33365,1.33399,10331.0
2026-03-27 06:00:00+00:00,1.334,1.33457,1.3333,1.33356,7920.0
2026-03-27 07:00:00+00:00,1.33355,1.33356,1.3312,1.33136,7864.0
2026-03-27 08:00:00+00:00,1.33134,1.33212,1.33094,1.3314,12007.0
2026-03-27 09:00:00+00:00,1.33136,1.33172,1.33022,1.33066,10864.0
2026-03-27 10:00:00+00:00,1.33068,1.33181,1.33006,1.3302,8936.0
2026-03-27 11:00:00+00:00,1.3302,1.3305,1.32825,1.32832,8278.0
2026-03-27 12:00:00+00:00,1.32831,1.32866,1.3272,1.3282,10735.0
2026-03-27 13:00:00+00:00,1.3282,1.33066,1.32764,1.3297,17432.0
2026-03-27 14:00:00+00:00,1.3297,1.33187,1.32963,1.33116,19157.0
2026-03-27 15:00:00+00:00,1.33116,1.33328,1.32872,1.32912,22018.0
2026-03-27 16:00:00+00:00,1.3291,1.32981,1.3274,1.32767,12496.0
2026-03-27 17:00:00+00:00,1.32766,1.32886,1.32602,1.32676,10980.0
2026-03-27 18:00:00+00:00,1.32675,1.32764,1.32636,1.32704,10020.0
2026-03-27 19:00:00+00:00,1.32704,1.32734,1.32642,1.32719,9176.0
2026-03-27 20:00:00+00:00,1.32718,1.32766,1.32616,1.32617,6506.0
2026-03-29 21:00:00+00:00,1.32613,1.3272,1.32601,1.32677,176.0
2026-03-29 22:00:00+00:00,1.32654,1.3268,1.32365,1.32379,7656.0
2026-03-29 23:00:00+00:00,1.3238,1.32458,1.3234,1.3238,5962.0
2026-03-30 00:00:00+00:00,1.3238,1.32603,1.32326,1.32524,17463.0
2026-03-30 01:00:00+00:00,1.32524,1.32574,1.32474,1.32504,11705.0
2026-03-30 02:00:00+00:00,1.32503,1.32626,1.32454,1.32582,10362.0
2026-03-30 03:00:00+00:00,1.32582,1.32726,1.32574,1.32716,8447.0
2026-03-30 04:00:00+00:00,1.32718,1.32774,1.32681,1.32681,5909.0
2026-03-30 05:00:00+00:00,1.32682,1.32768,1.32677,1.32728,7226.0
2026-03-30 06:00:00+00:00,1.32728,1.32828,1.32657,1.32666,8273.0
2026-03-30 07:00:00+00:00,1.32663,1.32672,1.32416,1.32457,11429.0
2026-03-30 08:00:00+00:00,1.32456,1.32465,1.32328,1.3235,9407.0
2026-03-30 09:00:00+00:00,1.3235,1.32406,1.32246,1.32358,8803.0
2026-03-30 10:00:00+00:00,1.32358,1.32443,1.32283,1.3229,7466.0
2026-03-30 11:00:00+00:00,1.3229,1.3254,1.32285,1.32314,13444.0
2026-03-30 12:00:00+00:00,1.32314,1.32375,1.32205,1.3228,11905.0
2026-03-30 13:00:00+00:00,1.3228,1.32342,1.31808,1.3184,16677.0
2026-03-30 14:00:00+00:00,1.3184,1.3204,1.31752,1.31982,21461.0
2026-03-30 15:00:00+00:00,1.31984,1.31991,1.31738,1.31901,17387.0
2026-03-30 16:00:00+00:00,1.31899,1.31923,1.31818,1.31906,12003.0
2026-03-30 17:00:00+00:00,1.31907,1.31972,1.3182,1.31858,11004.0
2026-03-30 18:00:00+00:00,1.31856,1.31942,1.31838,1.31852,7417.0
2026-03-30 19:00:00+00:00,1.31852,1.31867,1.31742,1.31854,7786.0
2026-03-30 20:00:00+00:00,1.31854,1.31865,1.31778,1.3184,5764.0
2026-03-30 21:00:00+00:00,1.31845,1.31892,1.31774,1.31845,4688.0
2026-03-30 22:00:00+00:00,1.31844,1.3186,1.3179,1.31797,1275.0
2026-03-30 23:00:00+00:00,1.31792,1.31792,1.31692,1.31724,3276.0
2026-03-31 00:00:00+00:00,1.31724,1.3203,1.31596,1.32006,14984.0
2026-03-31 01:00:00+00:00,1.32006,1.32246,1.31962,1.32101,13820.0
2026-03-31 02:00:00+00:00,1.32104,1.3213,1.32051,1.3209,8560.0
2026-03-31 03:00:00+00:00,1.32091,1.3213,1.31983,1.32001,7816.0
2026-03-31 04:00:00+00:00,1.32002,1.32044,1.31971,1.31972,5559.0
2026-03-31 05:00:00+00:00,1.31972,1.32122,1.3193,1.32021,7352.0
2026-03-31 06:00:00+00:00,1.32018,1.32093,1.31935,1.32054,8629.0
2026-03-31 07:00:00+00:00,1.32055,1.32095,1.31912,1.32052,12076.0
2026-03-31 08:00:00+00:00,1.32052,1.32197,1.31989,1.3212,9594.0
2026-03-31 09:00:00+00:00,1.3212,1.32202,1.32066,1.32142,8393.0
2026-03-31 10:00:00+00:00,1.32142,1.32175,1.31976,1.31992,7574.0
2026-03-31 11:00:00+00:00,1.31992,1.32354,1.3192,1.3235,17212.0
2026-03-31 12:00:00+00:00,1.3235,1.32488,1.3229,1.3237,17243.0
2026-03-31 13:00:00+00:00,1.32372,1.32633,1.32298,1.32614,14848.0
2026-03-31 14:00:00+00:00,1.32614,1.32644,1.31722,1.31878,28794.0
2026-03-31 15:00:00+00:00,1.31879,1.3218,1.3179,1.31846,26548.0
2026-03-31 16:00:00+00:00,1.31846,1.32348,1.31756,1.3216,34724.0
2026-03-31 17:00:00+00:00,1.3216,1.32484,1.32158,1.3231,32690.0
2026-03-31 18:00:00+00:00,1.32307,1.32475,1.32269,1.32281,14006.0
2026-03-31 19:00:00+00:00,1.3228,1.32392,1.32211,1.32356,11272.0
2026-03-31 20:00:00+00:00,1.32356,1.32412,1.32246,1.32288,10371.0
2026-03-31 21:00:00+00:00,1.32281,1.32309,1.32228,1.32266,1004.0
2026-03-31 22:00:00+00:00,1.32266,1.32318,1.32212,1.32313,2714.0
2026-03-31 23:00:00+00:00,1.32312,1.32446,1.32292,1.32433,3705.0
