timestamp,open,high,low,close,volume
2020-01-01 22:00:00+00:00,1.32607,1.32666,1.32474,1.3256,2303.0
2020-01-02 02:00:00+00:00,1.32564,1.32564,1.32024,1.3214,2605.0
2020-01-02 06:00:00+00:00,1.3214,1.32306,1.32068,1.32144,4240.0
2020-01-02 10:00:00+00:00,1.32148,1.32151,1.3172,1.31767,3906.0
2020-01-02 14:00:00+00:00,1.31764,1.31948,1.31155,1.31346,6328.0
2020-01-02 18:00:00+00:00,1.31343,1.31458,1.31254,1.31366,2598.0
2020-01-02 22:00:00+00:00,1.31384,1.31603,1.31353,1.31378,1368.0
2020-01-03 02:00:00+00:00,1.31382,1.31438,1.3116,1.31215,2393.0
2020-01-03 06:00:00+00:00,1.31215,1.3124,1.30672,1.30682,5621.0
2020-01-03 10:00:00+00:00,1.30686,1.31099,1.30537,1.30726,4733.0
2020-01-03 14:00:00+00:00,1.30723,1.3099,1.30684,1.30886,4669.0
2020-01-03 18:00:00+00:00,1.30889,1.30901,1.30713,1.3079,1800.0
2020-01-05 22:00:00+00:00,1.30918,1.30918,1.3065,1.30794,1143.0
2020-01-06 02:00:00+00:00,1.30798,1.30906,1.30798,1.30814,621.0
2020-01-06 06:00:00+00:00,1.3081,1.31488,1.30644,1.31435,5888.0
2020-01-06 10:00:00+00:00,1.31438,1.31746,1.31349,1.31408,5118.0
2020-01-06 14:00:00+00:00,1.31405,1.31744,1.31334,1.31595,3580.0
2020-01-06 18:00:00+00:00,1.31598,1.31695,1.31556,1.3169,1179.0
2020-01-06 22:00:00+00:00,1.31699,1.31796,1.31689,1.31722,804.0
2020-01-07 02:00:00+00:00,1.31718,1.31758,1.31538,1.31546,570.0
2020-01-07 06:00:00+00:00,1.31549,1.32126,1.31413,1.31733,5968.0
2020-01-07 10:00:00+00:00,1.3173,1.31737,1.31027,1.31184,6771.0
2020-01-07 14:00:00+00:00,1.3118,1.31396,1.30952,1.31277,4567.0
2020-01-07 18:00:00+00:00,1.3128,1.31373,1.31138,1.31215,1554.0
2020-01-07 22:00:00+00:00,1.31256,1.31281,1.31054,1.31174,1940.0
2020-01-08 02:00:00+00:00,1.31177,1.31404,1.31168,1.31178,1693.0
2020-01-08 06:00:00+00:00,1.31178,1.31696,1.31104,1.31203,5776.0
2020-01-08 10:00:00+00:00,1.312,1.3136,1.30804,1.3122,7363.0
2020-01-08 14:00:00+00:00,1.31224,1.31394,1.3083,1.31052,5394.0
2020-01-08 18:00:00+00:00,1.31048,1.31064,1.30942,1.30946,1270.0
2020-01-08 22:00:00+00:00,1.30963,1.31144,1.30963,1.31122,913.0
2020-01-09 02:00:00+00:00,1.31119,1.31194,1.31045,1.31168,571.0
2020-01-09 06:00:00+00:00,1.31168,1.31239,1.30179,1.30276,6853.0
2020-01-09 10:00:00+00:00,1.30278,1.30693,1.30129,1.30526,6333.0
2020-01-09 14:00:00+00:00,1.30522,1.30692,1.30338,1.30614,3578.0
2020-01-09 18:00:00+00:00,1.3061,1.30683,1.30543,1.30672,1439.0
2020-01-09 22:00:00+00:00,1.30672,1.30728,1.30604,1.30638,524.0
2020-01-10 02:00:00+00:00,1.30642,1.30837,1.30608,1.30828,592.0
2020-01-10 06:00:00+00:00,1.30828,1.30917,1.30485,1.30682,5321.0
2020-01-10 10:00:00+00:00,1.30686,1.30972,1.30505,1.30696,5776.0
2020-01-10 14:00:00+00:00,1.30692,1.30778,1.30427,1.30618,4481.0
2020-01-10 18:00:00+00:00,1.30621,1.30654,1.30539,1.30626,1286.0
2020-01-12 22:00:00+00:00,1.3038,1.30452,1.30324,1.30392,913.0
2020-01-13 02:00:00+00:00,1.3039,1.30414,1.30256,1.3033,1314.0
2020-01-13 06:00:00+00:00,1.3033,1.30332,1.29656,1.29728,9523.0
2020-01-13 10:00:00+00:00,1.29726,1.29946,1.29612,1.29845,8729.0
2020-01-13 14:00:00+00:00,1.29848,1.2999,1.29754,1.29956,7398.0
2020-01-13 18:00:00+00:00,1.29954,1.30034,1.29866,1.29872,2601.0
2020-01-13 22:00:00+00:00,1.29886,1.30007,1.29862,1.29918,1526.0
2020-01-14 02:00:00+00:00,1.29916,1.30025,1.29884,1.29886,1421.0
2020-01-14 06:00:00+00:00,1.2989,1.29942,1.29546,1.29724,6870.0
2020-01-14 10:00:00+00:00,1.29726,1.30142,1.29672,1.29904,9296.0
2020-01-14 14:00:00+00:00,1.29902,1.30249,1.29874,1.30216,9216.0
2020-01-14 18:00:00+00:00,1.30218,1.30332,1.30167,1.30193,2587.0
2020-01-14 22:00:00+00:00,1.30206,1.30244,1.30145,1.30238,992.0
2020-01-15 02:00:00+00:00,1.30236,1.30336,1.30192,1.3033,902.0
2020-01-15 06:00:00+00:00,1.30328,1.30428,1.29849,1.29915,7709.0
2020-01-15 10:00:00+00:00,1.29918,1.30293,1.29882,1.30088,7120.0
2020-01-15 14:00:00+00:00,1.30085,1.3038,1.30074,1.30331,7838.0
2020-01-15 18:00:00+00:00,1.30334,1.30393,1.3023,1.3039,2238.0
2020-01-15 22:00:00+00:00,1.30383,1.30588,1.3038,1.30444,1210.0
2020-01-16 02:00:00+00:00,1.30448,1.30526,1.30402,1.30484,1206.0
2020-01-16 06:00:00+00:00,1.30484,1.3065,1.30256,1.30537,6543.0
2020-01-16 10:00:00+00:00,1.30539,1.30749,1.30492,1.30496,6344.0
2020-01-16 14:00:00+00:00,1.30498,1.30832,1.30316,1.30742,10205.0
2020-01-16 18:00:00+00:00,1.30744,1.30791,1.30626,1.30785,2312.0
2020-01-16 22:00:00+00:00,1.3078,1.30798,1.30642,1.30678,1115.0
2020-01-17 02:00:00+00:00,1.3068,1.30806,1.3068,1.3075,1213.0
2020-01-17 06:00:00+00:00,1.30752,1.3119,1.30404,1.30554,10425.0
2020-01-17 10:00:00+00:00,1.30552,1.3067,1.30266,1.30456,8952.0
2020-01-17 14:00:00+00:00,1.30454,1.30489,1.30164,1.3024,7052.0
2020-01-17 18:00:00+00:00,1.30238,1.30247,1.30066,1.3009,2083.0
2020-01-19 22:00:00+00:00,1.29938,1.3009,1.29938,1.30016,1203.0
2020-01-20 02:00:00+00:00,1.30014,1.30063,1.29936,1.29945,790.0
2020-01-20 06:00:00+00:00,1.29945,1.30016,1.29622,1.29846,4957.0
2020-01-20 10:00:00+00:00,1.29844,1.30085,1.29771,1.3001,4616.0
2020-01-20 14:00:00+00:00,1.30012,1.30029,1.29826,1.29999,3237.0
2020-01-20 18:00:00+00:00,1.29996,1.30135,1.29974,1.30102,1562.0
2020-01-20 22:00:00+00:00,1.30107,1.3013,1.29954,1.30012,1085.0
2020-01-21 02:00:00+00:00,1.30009,1.30217,1.29989,1.30126,1490.0
2020-01-21 06:00:00+00:00,1.30126,1.30452,1.29954,1.30402,6568.0
2020-01-21 10:00:00+00:00,1.304,1.30834,1.30354,1.30736,7969.0
2020-01-21 14:00:00+00:00,1.30734,1.30736,1.30397,1.3046,6710.0
2020-01-21 18:00:00+00:00,1.30458,1.3061,1.30389,1.30491,2912.0
2020-01-21 22:00:00+00:00,1.30465,1.30542,1.30451,1.30483,889.0
2020-01-22 02:00:00+00:00,1.3048,1.30616,1.30347,1.30579,1383.0
2020-01-22 06:00:00+00:00,1.30579,1.30678,1.30378,1.30616,5613.0
2020-01-22 10:00:00+00:00,1.30614,1.31354,1.30557,1.3131,11120.0
2020-01-22 14:00:00+00:00,1.31312,1.31532,1.3121,1.31288,10646.0
2020-01-22 18:00:00+00:00,1.31286,1.31423,1.31208,1.31418,2420.0
2020-01-22 22:00:00+00:00,1.31434,1.31512,1.31364,1.31374,1262.0
2020-01-23 02:00:00+00:00,1.31371,1.3139,1.3119,1.3123,1504.0
2020-01-23 06:00:00+00:00,1.3123,1.3147,1.31192,1.31322,5408.0
2020-01-23 10:00:00+00:00,1.3132,1.3146,1.31176,1.31283,6796.0
2020-01-23 14:00:00+00:00,1.31285,1.31334,1.30969,1.31102,9250.0
2020-01-23 18:00:00+00:00,1.31104,1.31286,1.31016,1.31256,1737.0
2020-01-23 22:00:00+00:00,1.3124,1.31258,1.31122,1.31162,858.0
2020-01-24 02:00:00+00:00,1.31164,1.31268,1.31162,1.31234,731.0
2020-01-24 06:00:00+00:00,1.31234,1.31753,1.30855,1.30935,11857.0
2020-01-24 10:00:00+00:00,1.30938,1.31102,1.30798,1.31,9042.0
2020-01-24 14:00:00+00:00,1.31002,1.31068,1.30568,1.30785,8342.0
2020-01-24 18:00:00+00:00,1.30788,1.30848,1.30698,1.30721,2373.0
2020-01-26 22:00:00+00:00,1.30806,1.30806,1.30609,1.30678,1458.0
2020-01-27 02:00:00+00:00,1.30676,1.30676,1.30518,1.30591,1314.0
2020-01-27 06:00:00+00:00,1.30591,1.31054,1.30584,1.30956,6455.0
2020-01-27 10:00:00+00:00,1.30958,1.30968,1.30576,1.30618,5898.0
2020-01-27 14:00:00+00:00,1.30621,1.30698,1.304,1.30582,6425.0
2020-01-27 18:00:00+00:00,1.30584,1.30606,1.3042,1.30575,1761.0
2020-01-27 22:00:00+00:00,1.30559,1.3065,1.30515,1.30639,668.0
2020-01-28 02:00:00+00:00,1.30641,1.30641,1.30536,1.30565,760.0
2020-01-28 06:00:00+00:00,1.30565,1.30566,1.3004,1.30298,6046.0
2020-01-28 10:00:00+00:00,1.303,1.30312,1.30026,1.3005,5522.0
2020-01-28 14:00:00+00:00,1.30048,1.30081,1.29753,1.29995,6353.0
2020-01-28 18:00:00+00:00,1.29992,1.30281,1.29943,1.30276,2137.0
2020-01-28 22:00:00+00:00,1.30281,1.30301,1.30174,1.30174,650.0
2020-01-29 02:00:00+00:00,1.30172,1.30258,1.30153,1.30256,613.0
2020-01-29 06:00:00+00:00,1.30256,1.30266,1.30042,1.3014,4035.0
2020-01-29 10:00:00+00:00,1.30142,1.30207,1.29896,1.299,4162.0
2020-01-29 14:00:00+00:00,1.29902,1.30173,1.29902,1.30124,5086.0
2020-01-29 18:00:00+00:00,1.30122,1.30258,1.30084,1.30205,3017.0
2020-01-29 22:00:00+00:00,1.30194,1.30258,1.30071,1.30197,670.0
2020-01-30 02:00:00+00:00,1.302,1.30208,1.30116,1.3015,797.0
2020-01-30 06:00:00+00:00,1.30154,1.3019,1.29777,1.30163,4850.0
2020-01-30 10:00:00+00:00,1.30165,1.3109,1.30083,1.30983,16906.0
2020-01-30 14:00:00+00:00,1.3098,1.31102,1.30752,1.30948,7770.0
2020-01-30 18:00:00+00:00,1.3095,1.3096,1.30799,1.30931,2861.0
2020-01-30 22:00:00+00:00,1.30925,1.31056,1.30844,1.30968,940.0
2020-01-31 02:00:00+00:00,1.3097,1.31038,1.30933,1.30969,829.0
2020-01-31 06:00:00+00:00,1.30969,1.3141,1.30948,1.3118,5719.0
2020-01-31 10:00:00+00:00,1.31182,1.3145,1.31002,1.31446,6439.0
2020-01-31 14:00:00+00:00,1.31448,1.32,1.3139,1.31962,9457.0
2020-01-31 18:00:00+00:00,1.31965,1.32098,1.31833,1.32055,3504.0
2020-02-02 22:00:00+00:00,1.31769,1.31844,1.31728,1.31763,1556.0
2020-02-03 02:00:00+00:00,1.31765,1.31786,1.31558,1.31634,1880.0
2020-02-03 06:00:00+00:00,1.31634,1.31654,1.308,1.30816,6859.0
2020-02-03 10:00:00+00:00,1.30818,1.30822,1.30463,1.30594,9974.0
2020-02-03 14:00:00+00:00,1.30596,1.30602,1.29897,1.30054,9782.0
2020-02-03 18:00:00+00:00,1.30052,1.30106,1.29831,1.29971,2878.0
2020-02-03 22:00:00+00:00,1.29963,1.29992,1.29816,1.29906,1025.0
2020-02-04 02:00:00+00:00,1.29904,1.30235,1.2983,1.30136,1963.0
2020-02-04 06:00:00+00:00,1.30136,1.30256,1.29414,1.30166,11141.0
2020-02-04 10:00:00+00:00,1.30164,1.30468,1.3001,1.30296,8428.0
2020-02-04 14:00:00+00:00,1.30293,1.30366,1.30122,1.3032,7328.0
2020-02-04 18:00:00+00:00,1.30317,1.30443,1.30272,1.30312,1699.0
2020-02-04 22:00:00+00:00,1.30301,1.30411,1.30181,1.30234,961.0
2020-02-05 02:00:00+00:00,1.30232,1.30244,1.30122,1.3018,893.0
2020-02-05 06:00:00+00:00,1.3018,1.307,1.30092,1.30659,8606.0
2020-02-05 10:00:00+00:00,1.30656,1.30674,1.29919,1.30092,9190.0
2020-02-05 14:00:00+00:00,1.3009,1.30131,1.29566,1.30044,11064.0
2020-02-05 18:00:00+00:00,1.30046,1.30078,1.29862,1.30013,1716.0
2020-02-05 22:00:00+00:00,1.30024,1.30024,1.29828,1.29888,933.0
2020-02-06 02:00:00+00:00,1.2989,1.29909,1.2972,1.29849,1377.0
2020-02-06 06:00:00+00:00,1.29849,1.29988,1.29675,1.29746,5830.0
2020-02-06 10:00:00+00:00,1.29748,1.29808,1.29484,1.29662,6897.0
2020-02-06 14:00:00+00:00,1.2966,1.2971,1.29226,1.29339,8464.0
2020-02-06 18:00:00+00:00,1.29336,1.29356,1.29211,1.29281,1982.0
2020-02-06 22:00:00+00:00,1.29301,1.2939,1.29258,1.29371,879.0
2020-02-07 02:00:00+00:00,1.29373,1.29444,1.2935,1.29408,1445.0
2020-02-07 06:00:00+00:00,1.29408,1.29464,1.29216,1.29293,7310.0
2020-02-07 10:00:00+00:00,1.29291,1.29516,1.29254,1.29336,7232.0
2020-02-07 14:00:00+00:00,1.29334,1.29594,1.28945,1.29006,10311.0
2020-02-07 18:00:00+00:00,1.29008,1.29018,1.2882,1.28861,2068.0
2020-02-09 22:00:00+00:00,1.28921,1.28978,1.28858,1.28936,1348.0
2020-02-10 02:00:00+00:00,1.28934,1.2909,1.28927,1.29076,1019.0
2020-02-10 06:00:00+00:00,1.29076,1.29148,1.28722,1.2911,6282.0
2020-02-10 10:00:00+00:00,1.29108,1.29462,1.29078,1.29291,8150.0
2020-02-10 14:00:00+00:00,1.29288,1.29446,1.29074,1.29098,7234.0
2020-02-10 18:00:00+00:00,1.29096,1.29207,1.2908,1.29139,1873.0
2020-02-10 22:00:00+00:00,1.29145,1.29218,1.29105,1.29154,1033.0
2020-02-11 02:00:00+00:00,1.29156,1.292,1.2911,1.29142,1007.0
2020-02-11 06:00:00+00:00,1.29142,1.29429,1.28944,1.29384,7215.0
2020-02-11 10:00:00+00:00,1.29382,1.29413,1.29156,1.29376,7669.0
2020-02-11 14:00:00+00:00,1.29374,1.29684,1.29327,1.29506,8702.0
2020-02-11 18:00:00+00:00,1.29508,1.29671,1.29468,1.29514,2317.0
2020-02-11 22:00:00+00:00,1.29528,1.29663,1.29491,1.2965,1116.0
2020-02-12 02:00:00+00:00,1.29652,1.2969,1.2958,1.29618,1064.0
2020-02-12 06:00:00+00:00,1.2962,1.29836,1.29519,1.29808,6378.0
2020-02-12 10:00:00+00:00,1.2981,1.29916,1.29621,1.2966,5573.0
2020-02-12 14:00:00+00:00,1.29662,1.29796,1.29538,1.29658,7018.0
2020-02-12 18:00:00+00:00,1.29661,1.29689,1.29566,1.2959,2435.0
2020-02-12 22:00:00+00:00,1.29576,1.29655,1.29521,1.29584,1599.0
2020-02-13 02:00:00+00:00,1.29582,1.2961,1.29442,1.29512,1194.0
2020-02-13 06:00:00+00:00,1.29514,1.2984,1.29458,1.29719,6376.0
2020-02-13 10:00:00+00:00,1.29722,1.30454,1.29623,1.30239,12257.0
2020-02-13 14:00:00+00:00,1.30241,1.30696,1.30134,1.30563,9211.0
2020-02-13 18:00:00+00:00,1.30565,1.30614,1.3041,1.30443,1861.0
2020-02-13 22:00:00+00:00,1.30418,1.30496,1.30383,1.3047,1390.0
2020-02-14 02:00:00+00:00,1.30467,1.30492,1.30402,1.30454,953.0
2020-02-14 06:00:00+00:00,1.30454,1.30634,1.30196,1.30351,5580.0
2020-02-14 10:00:00+00:00,1.30348,1.30414,1.30012,1.3015,8144.0
2020-02-14 14:00:00+00:00,1.30152,1.30414,1.30101,1.30404,6132.0
2020-02-14 18:00:00+00:00,1.304,1.3053,1.30298,1.30464,2096.0
2020-02-16 22:00:00+00:00,1.30399,1.30543,1.30368,1.30452,1119.0
2020-02-17 02:00:00+00:00,1.30454,1.3051,1.30428,1.30488,793.0
2020-02-17 06:00:00+00:00,1.30488,1.30514,1.30293,1.304,4259.0
2020-02-17 10:00:00+00:00,1.30402,1.30445,1.30102,1.30157,4882.0
2020-02-17 14:00:00+00:00,1.30159,1.30162,1.30026,1.30116,2860.0
2020-02-17 18:00:00+00:00,1.30114,1.30152,1.29983,1.3005,2350.0
2020-02-17 22:00:00+00:00,1.30057,1.30079,1.2992,1.29984,1362.0
2020-02-18 02:00:00+00:00,1.29981,1.30056,1.2993,1.29962,1085.0
2020-02-18 06:00:00+00:00,1.29962,1.30038,1.29709,1.2996,8284.0
2020-02-18 10:00:00+00:00,1.29964,1.30488,1.29938,1.30264,9434.0
2020-02-18 14:00:00+00:00,1.30262,1.30419,1.30001,1.3004,6913.0
2020-02-18 18:00:00+00:00,1.30038,1.3004,1.29952,1.29977,1842.0
2020-02-18 22:00:00+00:00,1.29988,1.30051,1.29974,1.30014,1018.0
2020-02-19 02:00:00+00:00,1.30016,1.30026,1.2996,1.29996,846.0
2020-02-19 06:00:00+00:00,1.29996,1.30235,1.29747,1.30071,7872.0
2020-02-19 10:00:00+00:00,1.30069,1.30098,1.29732,1.2978,7611.0
2020-02-19 14:00:00+00:00,1.29778,1.29792,1.29178,1.29181,8294.0
2020-02-19 18:00:00+00:00,1.29178,1.29297,1.29076,1.29221,2759.0
2020-02-19 22:00:00+00:00,1.29208,1.29287,1.29116,1.2915,1713.0
2020-02-20 02:00:00+00:00,1.29152,1.29182,1.2901,1.2911,1743.0
2020-02-20 06:00:00+00:00,1.2911,1.29258,1.28836,1.29024,8654.0
2020-02-20 10:00:00+00:00,1.29022,1.29074,1.28491,1.28588,11191.0
2020-02-20 14:00:00+00:00,1.28585,1.28886,1.28542,1.28775,7954.0
2020-02-20 18:00:00+00:00,1.28777,1.28885,1.2875,1.28831,1709.0
2020-02-20 22:00:00+00:00,1.28837,1.28882,1.2878,1.28876,1268.0
2020-02-21 02:00:00+00:00,1.28874,1.28994,1.28856,1.28952,1783.0
2020-02-21 06:00:00+00:00,1.28952,1.29278,1.28849,1.29163,8290.0
2020-02-21 10:00:00+00:00,1.2916,1.29517,1.29078,1.29354,8874.0
2020-02-21 14:00:00+00:00,1.29352,1.29778,1.29266,1.29742,9538.0
2020-02-21 18:00:00+00:00,1.29739,1.2981,1.29558,1.29608,2168.0
2020-02-23 22:00:00+00:00,1.29462,1.29562,1.29429,1.29478,1705.0
2020-02-24 02:00:00+00:00,1.29475,1.29517,1.29342,1.29368,1581.0
2020-02-24 06:00:00+00:00,1.29368,1.29546,1.2887,1.28966,9817.0
2020-02-24 10:00:00+00:00,1.28963,1.2922,1.28868,1.29004,7773.0
2020-02-24 14:00:00+00:00,1.29006,1.29376,1.28998,1.29365,8925.0
2020-02-24 18:00:00+00:00,1.29367,1.29367,1.2913,1.29293,3609.0
2020-02-24 22:00:00+00:00,1.29319,1.29422,1.29144,1.29407,1929.0
2020-02-25 02:00:00+00:00,1.29404,1.29422,1.29275,1.29329,1693.0
2020-02-25 06:00:00+00:00,1.29329,1.29954,1.2929,1.29946,9785.0
2020-02-25 10:00:00+00:00,1.29943,1.29943,1.29526,1.29696,10260.0
2020-02-25 14:00:00+00:00,1.29694,1.30178,1.29656,1.30115,9161.0
2020-02-25 18:00:00+00:00,1.30118,1.30138,1.29946,1.30038,3155.0
2020-02-25 22:00:00+00:00,1.30057,1.30097,1.29937,1.30068,1493.0
2020-02-26 02:00:00+00:00,1.30066,1.30082,1.29819,1.2997,2246.0
2020-02-26 06:00:00+00:00,1.2997,1.29976,1.29428,1.295,10277.0
2020-02-26 10:00:00+00:00,1.29497,1.29506,1.2914,1.29352,10987.0
2020-02-26 14:00:00+00:00,1.2935,1.29506,1.29072,1.29081,8879.0
2020-02-26 18:00:00+00:00,1.29079,1.29174,1.2896,1.28994,4433.0
2020-02-26 22:00:00+00:00,1.29011,1.29204,1.2898,1.29121,2974.0
2020-02-27 02:00:00+00:00,1.29124,1.29362,1.29114,1.29299,2623.0
2020-02-27 06:00:00+00:00,1.29302,1.29466,1.29024,1.29034,9332.0
2020-02-27 10:00:00+00:00,1.29032,1.29178,1.28602,1.28958,15791.0
2020-02-27 14:00:00+00:00,1.28956,1.29026,1.28644,1.28842,14140.0
2020-02-27 18:00:00+00:00,1.2884,1.2895,1.28807,1.28854,4203.0
2020-02-27 22:00:00+00:00,1.28862,1.28967,1.28808,1.28902,1937.0
2020-02-28 02:00:00+00:00,1.28904,1.28904,1.28703,1.28874,3224.0
2020-02-28 06:00:00+00:00,1.28872,1.29197,1.28597,1.29048,12269.0
2020-02-28 10:00:00+00:00,1.29045,1.29074,1.28462,1.28558,12423.0
2020-02-28 14:00:00+00:00,1.28556,1.28566,1.27533,1.27612,21352.0
2020-02-28 18:00:00+00:00,1.2761,1.28329,1.2726,1.28192,11052.0
2020-03-01 22:00:00+00:00,1.27793,1.28276,1.27791,1.28161,4708.0
2020-03-02 02:00:00+00:00,1.28163,1.28378,1.28146,1.28264,3744.0
2020-03-02 06:00:00+00:00,1.28264,1.28508,1.27556,1.27654,18212.0
2020-03-02 10:00:00+00:00,1.27652,1.27996,1.27463,1.2774,17155.0
2020-03-02 14:00:00+00:00,1.27742,1.2825,1.274,1.28092,17264.0
2020-03-02 18:00:00+00:00,1.2809,1.28136,1.27506,1.27532,6191.0
2020-03-02 22:00:00+00:00,1.27527,1.2777,1.27409,1.27667,2665.0
2020-03-03 02:00:00+00:00,1.27664,1.27857,1.27638,1.27822,3015.0
2020-03-03 06:00:00+00:00,1.27822,1.28131,1.27626,1.27796,13022.0
2020-03-03 10:00:00+00:00,1.27804,1.28153,1.27679,1.27938,17199.0
2020-03-03 14:00:00+00:00,1.2794,1.28441,1.27804,1.28109,29204.0
2020-03-03 18:00:00+00:00,1.28111,1.28178,1.27969,1.2814,6968.0
2020-03-03 22:00:00+00:00,1.28106,1.28308,1.28077,1.28194,2336.0
2020-03-04 02:00:00+00:00,1.28197,1.28263,1.28074,1.28126,1445.0
2020-03-04 06:00:00+00:00,1.28126,1.28168,1.27778,1.27834,9432.0
2020-03-04 10:00:00+00:00,1.27837,1.28324,1.27703,1.28293,15979.0
2020-03-04 14:00:00+00:00,1.28296,1.28577,1.28001,1.28423,16584.0
2020-03-04 18:00:00+00:00,1.28426,1.28725,1.28422,1.2872,3173.0
2020-03-04 22:00:00+00:00,1.28715,1.2875,1.2861,1.2865,1329.0
2020-03-05 02:00:00+00:00,1.28648,1.28794,1.28639,1.28772,852.0
2020-03-05 06:00:00+00:00,1.28772,1.29233,1.28673,1.29194,8549.0
2020-03-05 10:00:00+00:00,1.29192,1.29365,1.29002,1.29194,12342.0
2020-03-05 14:00:00+00:00,1.29191,1.2947,1.29052,1.29394,11543.0
2020-03-05 18:00:00+00:00,1.29396,1.29687,1.29314,1.29534,4971.0
2020-03-05 22:00:00+00:00,1.29552,1.2965,1.29474,1.29639,2354.0
2020-03-06 02:00:00+00:00,1.29636,1.29658,1.2951,1.29532,2085.0
2020-03-06 06:00:00+00:00,1.29532,1.29982,1.29495,1.29888,13327.0
2020-03-06 10:00:00+00:00,1.2989,1.30265,1.29856,1.29961,20915.0
2020-03-06 14:00:00+00:00,1.29964,1.30494,1.29912,1.30032,24566.0
2020-03-06 18:00:00+00:00,1.3003,1.30524,1.29938,1.30482,9692.0
2020-03-08 21:00:00+00:00,1.30782,1.3106,1.30664,1.3073,6761.0
2020-03-09 01:00:00+00:00,1.30728,1.31252,1.30608,1.30707,14186.0
2020-03-09 05:00:00+00:00,1.3071,1.32008,1.3035,1.31434,28247.0
2020-03-09 09:00:00+00:00,1.31432,1.31518,1.30626,1.31008,25361.0
2020-03-09 13:00:00+00:00,1.31006,1.31506,1.30852,1.31391,40549.0
2020-03-09 17:00:00+00:00,1.31388,1.31422,1.30951,1.31203,16587.0
2020-03-09 21:00:00+00:00,1.31203,1.31236,1.30505,1.30518,5246.0
2020-03-10 01:00:00+00:00,1.30516,1.30852,1.30412,1.30638,6006.0
2020-03-10 05:00:00+00:00,1.30642,1.30803,1.30166,1.30592,19686.0
2020-03-10 09:00:00+00:00,1.30594,1.30713,1.30188,1.30244,25947.0
2020-03-10 13:00:00+00:00,1.30246,1.30392,1.29082,1.29112,30832.0
2020-03-10 17:00:00+00:00,1.29114,1.29401,1.28821,1.29082,15635.0
2020-03-10 21:00:00+00:00,1.29082,1.29127,1.28671,1.29018,3789.0
2020-03-11 01:00:00+00:00,1.29016,1.29275,1.28996,1.2926,3010.0
2020-03-11 05:00:00+00:00,1.29262,1.29548,1.2828,1.29317,19030.0
2020-03-11 09:00:00+00:00,1.29314,1.29764,1.29054,1.29402,18247.0
2020-03-11 13:00:00+00:00,1.29404,1.29645,1.28503,1.2857,23120.0
2020-03-11 17:00:00+00:00,1.28572,1.287,1.28044,1.28181,13700.0
2020-03-11 21:00:00+00:00,1.28181,1.28284,1.28109,1.28203,2141.0
2020-03-12 01:00:00+00:00,1.282,1.28492,1.2812,1.28141,8271.0
2020-03-12 05:00:00+00:00,1.28144,1.28289,1.27664,1.27734,11244.0
2020-03-12 09:00:00+00:00,1.27736,1.27787,1.26504,1.26595,23819.0
2020-03-12 13:00:00+00:00,1.26598,1.2693,1.24911,1.25965,49283.0
2020-03-12 17:00:00+00:00,1.25961,1.26416,1.25481,1.25686,23953.0
2020-03-12 21:00:00+00:00,1.25686,1.25931,1.25092,1.25182,7222.0
2020-03-13 01:00:00+00:00,1.25184,1.2561,1.25159,1.25555,7675.0
2020-03-13 05:00:00+00:00,1.2556,1.2625,1.25407,1.25932,16852.0
2020-03-13 09:00:00+00:00,1.2593,1.2625,1.2458,1.2468,22913.0
2020-03-13 13:00:00+00:00,1.24678,1.25212,1.23407,1.23585,43505.0
2020-03-13 17:00:00+00:00,1.23588,1.23723,1.22613,1.22772,23951.0
2020-03-15 21:00:00+00:00,1.22668,1.24246,1.22623,1.23351,16603.0
2020-03-16 01:00:00+00:00,1.23356,1.2359,1.22852,1.23379,6932.0
2020-03-16 05:00:00+00:00,1.23376,1.23744,1.22797,1.23623,19775.0
2020-03-16 09:00:00+00:00,1.2362,1.23628,1.22592,1.22742,29512.0
2020-03-16 13:00:00+00:00,1.22744,1.23302,1.22159,1.22436,41606.0
2020-03-16 17:00:00+00:00,1.22438,1.22748,1.22022,1.22713,21432.0
2020-03-16 21:00:00+00:00,1.22713,1.22736,1.22349,1.22404,16715.0
2020-03-17 01:00:00+00:00,1.22399,1.22667,1.22337,1.2255,20081.0
2020-03-17 05:00:00+00:00,1.22548,1.2259,1.21927,1.22071,20017.0
2020-03-17 09:00:00+00:00,1.22068,1.22181,1.20844,1.20924,26403.0
2020-03-17 13:00:00+00:00,1.20926,1.21065,1.20018,1.20468,42278.0
2020-03-17 17:00:00+00:00,1.20465,1.21148,1.2042,1.20546,16216.0
2020-03-17 21:00:00+00:00,1.20546,1.21214,1.20544,1.21114,4579.0
2020-03-18 01:00:00+00:00,1.21116,1.213,1.21026,1.21128,5566.0
2020-03-18 05:00:00+00:00,1.21126,1.2114,1.20086,1.20183,15513.0
2020-03-18 09:00:00+00:00,1.20186,1.20438,1.18279,1.1844,35131.0
2020-03-18 13:00:00+00:00,1.18444,1.18776,1.14498,1.15461,39577.0
2020-03-18 17:00:00+00:00,1.15464,1.16624,1.14901,1.16099,27565.0
2020-03-18 21:00:00+00:00,1.16252,1.16628,1.14722,1.15658,9738.0
2020-03-19 01:00:00+00:00,1.15654,1.15766,1.14734,1.14976,11900.0
2020-03-19 05:00:00+00:00,1.1498,1.16096,1.14748,1.15394,22499.0
2020-03-19 09:00:00+00:00,1.15392,1.16811,1.14882,1.16244,39471.0
2020-03-19 13:00:00+00:00,1.16242,1.1794,1.15849,1.16242,43591.0
2020-03-19 17:00:00+00:00,1.16239,1.16748,1.14776,1.14852,25491.0
2020-03-19 21:00:00+00:00,1.14862,1.15492,1.14117,1.15299,5851.0
2020-03-20 01:00:00+00:00,1.15303,1.16658,1.15303,1.16651,7231.0
2020-03-20 05:00:00+00:00,1.16654,1.18786,1.1643,1.18686,22292.0
2020-03-20 09:00:00+00:00,1.18688,1.18746,1.1714,1.17796,28018.0
2020-03-20 13:00:00+00:00,1.17794,1.1935,1.17022,1.17136,51262.0
2020-03-20 17:00:00+00:00,1.1714,1.17454,1.15556,1.16497,20317.0
2020-03-22 21:00:00+00:00,1.16746,1.16931,1.15327,1.16005,8619.0
2020-03-23 01:00:00+00:00,1.15998,1.16654,1.159,1.16535,3011.0
2020-03-23 05:00:00+00:00,1.16538,1.17144,1.16022,1.16274,18891.0
2020-03-23 09:00:00+00:00,1.16277,1.16608,1.15064,1.16322,33756.0
2020-03-23 13:00:00+00:00,1.1632,1.16761,1.14472,1.14766,36737.0
2020-03-23 17:00:00+00:00,1.14764,1.15734,1.1461,1.15419,24447.0
2020-03-23 21:00:00+00:00,1.15419,1.16004,1.14926,1.15946,6092.0
2020-03-24 01:00:00+00:00,1.1595,1.16584,1.15943,1.16368,6660.0
2020-03-24 05:00:00+00:00,1.16372,1.16932,1.16042,1.16659,13298.0
2020-03-24 09:00:00+00:00,1.16656,1.179,1.16494,1.17526,32731.0
2020-03-24 13:00:00+00:00,1.17528,1.18001,1.16964,1.17622,46015.0
2020-03-24 17:00:00+00:00,1.17624,1.17828,1.17126,1.17608,18949.0
2020-03-24 21:00:00+00:00,1.17608,1.17952,1.17405,1.17661,3940.0
2020-03-25 01:00:00+00:00,1.17664,1.18172,1.17652,1.18038,5533.0
2020-03-25 05:00:00+00:00,1.18042,1.19287,1.17952,1.19232,15408.0
2020-03-25 09:00:00+00:00,1.19236,1.19738,1.1826,1.1836,30319.0
2020-03-25 13:00:00+00:00,1.18362,1.1846,1.16392,1.18356,53166.0
2020-03-25 17:00:00+00:00,1.18354,1.19166,1.17928,1.18801,22039.0
2020-03-25 21:00:00+00:00,1.18801,1.18915,1.17772,1.18671,8333.0
2020-03-26 01:00:00+00:00,1.18668,1.18707,1.18206,1.18564,5172.0
2020-03-26 05:00:00+00:00,1.18559,1.19615,1.18197,1.19216,14039.0
2020-03-26 09:00:00+00:00,1.19214,1.20022,1.18673,1.19879,27901.0
2020-03-26 13:00:00+00:00,1.19882,1.21812,1.19658,1.21721,43046.0
2020-03-26 17:00:00+00:00,1.21718,1.22292,1.21262,1.22032,24358.0
2020-03-26 21:00:00+00:00,1.22032,1.22082,1.21329,1.2179,4272.0
2020-03-27 01:00:00+00:00,1.21794,1.23065,1.21668,1.22528,7046.0
2020-03-27 05:00:00+00:00,1.22524,1.22902,1.21446,1.21618,15079.0
2020-03-27 09:00:00+00:00,1.21621,1.22961,1.21604,1.22505,29812.0
2020-03-27 13:00:00+00:00,1.22508,1.24407,1.22064,1.24122,44067.0
2020-03-27 17:00:00+00:00,1.24125,1.24856,1.23762,1.24571,28204.0
2020-03-29 21:00:00+00:00,1.24292,1.24673,1.23938,1.24356,5007.0
2020-03-30 01:00:00+00:00,1.2436,1.24475,1.23608,1.23956,5122.0
2020-03-30 05:00:00+00:00,1.23958,1.2427,1.23177,1.2387,19835.0
2020-03-30 09:00:00+00:00,1.23872,1.24416,1.23652,1.23988,19854.0
2020-03-30 13:00:00+00:00,1.23986,1.24417,1.2372,1.23875,30481.0
2020-03-30 17:00:00+00:00,1.23873,1.24291,1.23541,1.24229,12577.0
2020-03-30 21:00:00+00:00,1.24229,1.24232,1.22434,1.23264,7826.0
2020-03-31 01:00:00+00:00,1.23268,1.23566,1.23028,1.23353,8119.0
2020-03-31 05:00:00+00:00,1.23356,1.23648,1.22856,1.2312,17110.0
2020-03-31 09:00:00+00:00,1.23116,1.24158,1.23116,1.23898,24528.0
2020-03-31 13:00:00+00:00,1.23896,1.24734,1.23614,1.23976,42984.0
2020-03-31 17:00:00+00:00,1.23974,1.24512,1.23586,1.24158,20148.0
2020-03-31 21:00:00+00:00,1.24158,1.24518,1.23962,1.24166,2530.0
2020-04-01 01:00:00+00:00,1.24169,1.24183,1.23634,1.2377,6955.0
2020-04-01 05:00:00+00:00,1.23772,1.23936,1.23308,1.23705,16809.0
2020-04-01 09:00:00+00:00,1.23708,1.23984,1.2349,1.23846,15191.0
2020-04-01 13:00:00+00:00,1.23848,1.2439,1.23784,1.2395,19256.0
2020-04-01 17:00:00+00:00,1.23948,1.24175,1.23644,1.23728,12660.0
2020-04-01 21:00:00+00:00,1.23728,1.24071,1.23726,1.23898,4118.0
2020-04-02 01:00:00+00:00,1.23902,1.24093,1.23772,1.23892,3351.0
2020-04-02 05:00:00+00:00,1.23895,1.24324,1.23876,1.24244,10711.0
2020-04-02 09:00:00+00:00,1.24241,1.24755,1.24014,1.24152,18478.0
2020-04-02 13:00:00+00:00,1.24155,1.2423,1.2352,1.23655,30748.0
2020-04-02 17:00:00+00:00,1.23657,1.24194,1.2348,1.23963,12370.0
2020-04-02 21:00:00+00:00,1.23963,1.24101,1.23728,1.23856,2410.0
2020-04-03 01:00:00+00:00,1.23854,1.2389,1.23671,1.2383,3136.0
2020-04-03 05:00:00+00:00,1.23828,1.23954,1.22831,1.23014,12282.0
2020-04-03 09:00:00+00:00,1.23016,1.23052,1.22488,1.22516,19522.0
2020-04-03 13:00:00+00:00,1.22514,1.23006,1.22052,1.22268,20167.0
2020-04-03 17:00:00+00:00,1.22271,1.22883,1.22234,1.22703,10023.0
2020-04-05 21:00:00+00:00,1.22325,1.22644,1.221,1.22446,5341.0
2020-04-06 01:00:00+00:00,1.22444,1.2252,1.22162,1.22236,4430.0
2020-04-06 05:00:00+00:00,1.22233,1.23218,1.22226,1.23106,12538.0
2020-04-06 09:00:00+00:00,1.23109,1.23272,1.22764,1.22924,12837.0
2020-04-06 13:00:00+00:00,1.22922,1.23146,1.22501,1.23055,15056.0
2020-04-06 17:00:00+00:00,1.23053,1.23194,1.2215,1.22318,12679.0
2020-04-06 21:00:00+00:00,1.22318,1.22506,1.21656,1.22293,4755.0
2020-04-07 01:00:00+00:00,1.22296,1.22968,1.22236,1.22797,4305.0
2020-04-07 05:00:00+00:00,1.228,1.23499,1.22694,1.23282,14345.0
2020-04-07 09:00:00+00:00,1.2328,1.23844,1.22826,1.23694,19460.0
2020-04-07 13:00:00+00:00,1.23692,1.23706,1.22937,1.23375,20162.0
2020-04-07 17:00:00+00:00,1.23378,1.2357,1.23198,1.23329,8256.0
2020-04-07 21:00:00+00:00,1.23329,1.23531,1.23146,1.23224,2619.0
2020-04-08 01:00:00+00:00,1.23221,1.23313,1.23098,1.23188,3040.0
2020-04-08 05:00:00+00:00,1.23185,1.2343,1.22882,1.23058,10138.0
2020-04-08 09:00:00+00:00,1.23062,1.23749,1.23062,1.23718,11551.0
2020-04-08 13:00:00+00:00,1.23716,1.242,1.23634,1.24057,14622.0
2020-04-08 17:00:00+00:00,1.24054,1.24129,1.237,1.23835,5436.0
2020-04-08 21:00:00+00:00,1.23835,1.24193,1.23811,1.2411,2768.0
2020-04-09 01:00:00+00:00,1.24107,1.24171,1.23812,1.23837,3848.0
2020-04-09 05:00:00+00:00,1.2384,1.24116,1.23612,1.24043,9101.0
2020-04-09 09:00:00+00:00,1.2404,1.24479,1.24002,1.2438,12375.0
2020-04-09 13:00:00+00:00,1.24382,1.24806,1.24301,1.24494,17194.0
2020-04-09 17:00:00+00:00,1.24491,1.24842,1.24441,1.24587,11526.0
2020-04-09 21:00:00+00:00,1.24587,1.24807,1.24478,1.24522,1579.0
2020-04-10 01:00:00+00:00,1.24515,1.24732,1.24458,1.24634,620.0
2020-04-10 05:00:00+00:00,1.24638,1.24782,1.24608,1.2473,908.0
2020-04-10 09:00:00+00:00,1.24734,1.2487,1.24719,1.24816,789.0
2020-04-10 13:00:00+00:00,1.2482,1.24854,1.24698,1.24806,850.0
2020-04-10 17:00:00+00:00,1.248,1.24826,1.24517,1.24544,477.0
2020-04-12 21:00:00+00:00,1.2454,1.24732,1.24537,1.246,1942.0
2020-04-13 01:00:00+00:00,1.24598,1.24738,1.24548,1.24738,1866.0
2020-04-13 05:00:00+00:00,1.24735,1.25368,1.247,1.25134,7141.0
2020-04-13 09:00:00+00:00,1.25132,1.25163,1.24754,1.2486,5798.0
2020-04-13 13:00:00+00:00,1.24862,1.25261,1.24838,1.25187,7518.0
2020-04-13 17:00:00+00:00,1.25184,1.25322,1.25021,1.25031,4290.0
2020-04-13 21:00:00+00:00,1.25031,1.25328,1.25002,1.25281,2268.0
2020-04-14 01:00:00+00:00,1.25284,1.25709,1.25238,1.25637,3356.0
2020-04-14 05:00:00+00:00,1.25634,1.25769,1.25378,1.2561,8521.0
2020-04-14 09:00:00+00:00,1.25612,1.25883,1.25241,1.2581,11215.0
2020-04-14 13:00:00+00:00,1.25807,1.26306,1.25608,1.26072,13919.0
2020-04-14 17:00:00+00:00,1.26074,1.26479,1.26016,1.26244,6452.0
2020-04-14 21:00:00+00:00,1.26244,1.26309,1.26187,1.26234,1224.0
2020-04-15 01:00:00+00:00,1.26232,1.26232,1.26038,1.26068,1567.0
2020-04-15 05:00:00+00:00,1.26066,1.26074,1.2499,1.25152,9288.0
2020-04-15 09:00:00+00:00,1.25154,1.25353,1.2437,1.2448,12601.0
2020-04-15 13:00:00+00:00,1.24477,1.25478,1.244,1.25388,14143.0
2020-04-15 17:00:00+00:00,1.25386,1.2575,1.25177,1.25212,6989.0
2020-04-15 21:00:00+00:00,1.25212,1.25302,1.2492,1.24946,2411.0
2020-04-16 01:00:00+00:00,1.24949,1.25021,1.2461,1.24782,4160.0
2020-04-16 05:00:00+00:00,1.24785,1.2515,1.24687,1.24858,10828.0
2020-04-16 09:00:00+00:00,1.2486,1.2513,1.24574,1.25013,10852.0
2020-04-16 13:00:00+00:00,1.25011,1.25149,1.24086,1.24394,15337.0
2020-04-16 17:00:00+00:00,1.24392,1.24628,1.2428,1.24569,6824.0
2020-04-16 21:00:00+00:00,1.24569,1.24948,1.24543,1.24896,3531.0
2020-04-17 01:00:00+00:00,1.24894,1.25228,1.2488,1.2497,2760.0
2020-04-17 05:00:00+00:00,1.24968,1.25011,1.24256,1.24406,10722.0
2020-04-17 09:00:00+00:00,1.24404,1.2501,1.24074,1.24833,12108.0
2020-04-17 13:00:00+00:00,1.24831,1.25166,1.24704,1.2498,13001.0
2020-04-17 17:00:00+00:00,1.24978,1.25176,1.248,1.25016,6219.0
2020-04-19 21:00:00+00:00,1.2501,1.25046,1.24762,1.24846,1424.0
2020-04-20 01:00:00+00:00,1.24849,1.24878,1.24708,1.24804,2330.0
2020-04-20 05:00:00+00:00,1.24807,1.2481,1.2434,1.246,8127.0
2020-04-20 09:00:00+00:00,1.24603,1.24922,1.24166,1.24392,10418.0
2020-04-20 13:00:00+00:00,1.24388,1.24869,1.24224,1.24654,11344.0
2020-04-20 17:00:00+00:00,1.24656,1.247,1.24296,1.24334,5422.0
2020-04-20 21:00:00+00:00,1.24293,1.24482,1.24285,1.24341,1595.0
2020-04-21 01:00:00+00:00,1.24343,1.24417,1.23893,1.24024,4182.0
2020-04-21 05:00:00+00:00,1.24022,1.24216,1.23824,1.23953,7940.0
2020-04-21 09:00:00+00:00,1.23956,1.23991,1.22734,1.22772,12456.0
2020-04-21 13:00:00+00:00,1.22774,1.23365,1.22476,1.22702,18654.0
2020-04-21 17:00:00+00:00,1.227,1.23096,1.2262,1.22938,7384.0
2020-04-21 21:00:00+00:00,1.22963,1.23066,1.22806,1.22888,1703.0
2020-04-22 01:00:00+00:00,1.22891,1.2304,1.2275,1.22809,2972.0
2020-04-22 05:00:00+00:00,1.22806,1.2344,1.22783,1.23384,10065.0
2020-04-22 09:00:00+00:00,1.23386,1.23858,1.23368,1.23681,9520.0
2020-04-22 13:00:00+00:00,1.23678,1.23696,1.23008,1.23104,11465.0
2020-04-22 17:00:00+00:00,1.23102,1.23352,1.23044,1.23347,4337.0
2020-04-22 21:00:00+00:00,1.23319,1.23443,1.2313,1.23202,1752.0
2020-04-23 01:00:00+00:00,1.232,1.23402,1.23182,1.2338,2115.0
2020-04-23 05:00:00+00:00,1.23382,1.23756,1.23084,1.23514,11214.0
2020-04-23 09:00:00+00:00,1.23512,1.23752,1.2335,1.23456,10910.0
2020-04-23 13:00:00+00:00,1.23453,1.2415,1.23236,1.23611,17059.0
2020-04-23 17:00:00+00:00,1.23613,1.23648,1.23336,1.2346,8121.0
2020-04-23 21:00:00+00:00,1.23517,1.23594,1.23307,1.23518,1804.0
2020-04-24 01:00:00+00:00,1.23516,1.23606,1.23427,1.23509,2053.0
2020-04-24 05:00:00+00:00,1.23507,1.23523,1.22984,1.2316,8527.0
2020-04-24 09:00:00+00:00,1.23158,1.23774,1.23138,1.23596,11070.0
2020-04-24 13:00:00+00:00,1.23598,1.23635,1.23195,1.23311,11233.0
2020-04-24 17:00:00+00:00,1.23313,1.2373,1.2326,1.23652,4767.0
2020-04-26 21:00:00+00:00,1.23648,1.23756,1.23598,1.23752,1337.0
2020-04-27 01:00:00+00:00,1.23754,1.2446,1.23682,1.24301,4283.0
2020-04-27 05:00:00+00:00,1.24298,1.2455,1.24156,1.24336,8284.0
2020-04-27 09:00:00+00:00,1.24334,1.24501,1.24169,1.24264,7818.0
2020-04-27 13:00:00+00:00,1.24267,1.24371,1.23994,1.24025,8796.0
2020-04-27 17:00:00+00:00,1.24028,1.24323,1.2402,1.24307,3253.0
2020-04-27 21:00:00+00:00,1.24363,1.24417,1.24181,1.24303,3999.0
2020-04-28 01:00:00+00:00,1.24301,1.24301,1.24067,1.24142,2064.0
2020-04-28 05:00:00+00:00,1.24139,1.24784,1.2404,1.24678,8043.0
2020-04-28 09:00:00+00:00,1.24676,1.25185,1.24521,1.24824,10348.0
2020-04-28 13:00:00+00:00,1.24822,1.24876,1.24209,1.24286,10774.0
2020-04-28 17:00:00+00:00,1.2429,1.24535,1.24207,1.24243,4037.0
2020-04-28 21:00:00+00:00,1.24205,1.24604,1.24187,1.24604,1120.0
2020-04-29 01:00:00+00:00,1.24607,1.24782,1.24556,1.24745,2241.0
2020-04-29 05:00:00+00:00,1.24748,1.24856,1.24329,1.24412,7035.0
2020-04-29 09:00:00+00:00,1.24414,1.24442,1.23892,1.24246,8305.0
2020-04-29 13:00:00+00:00,1.24244,1.24518,1.24096,1.24348,8938.0
2020-04-29 17:00:00+00:00,1.24346,1.24717,1.24337,1.24697,8151.0
2020-04-29 21:00:00+00:00,1.24678,1.24843,1.24292,1.2442,2243.0
2020-04-30 01:00:00+00:00,1.24418,1.24692,1.24372,1.24692,2157.0
2020-04-30 05:00:00+00:00,1.24694,1.2482,1.24409,1.24734,8190.0
2020-04-30 09:00:00+00:00,1.24736,1.2529,1.24732,1.25133,11282.0
2020-04-30 13:00:00+00:00,1.25136,1.26438,1.24761,1.25815,25658.0
2020-04-30 17:00:00+00:00,1.25812,1.2605,1.25742,1.2595,6986.0
2020-04-30 21:00:00+00:00,1.25937,1.2601,1.25555,1.25669,2594.0
2020-05-01 01:00:00+00:00,1.25671,1.257,1.25518,1.257,2486.0
2020-05-01 05:00:00+00:00,1.25698,1.25802,1.25336,1.2562,7304.0
2020-05-01 09:00:00+00:00,1.25617,1.25744,1.25145,1.25328,8484.0
2020-05-01 13:00:00+00:00,1.2533,1.25635,1.24962,1.25132,12261.0
2020-05-01 17:00:00+00:00,1.25129,1.25129,1.24832,1.24946,5086.0
2020-05-03 21:00:00+00:00,1.24903,1.24903,1.24434,1.24454,2557.0
2020-05-04 01:00:00+00:00,1.24456,1.24686,1.24398,1.24442,2569.0
2020-05-04 05:00:00+00:00,1.24446,1.24759,1.24242,1.24328,9255.0
2020-05-04 09:00:00+00:00,1.24331,1.24507,1.24054,1.24248,8681.0
2020-05-04 13:00:00+00:00,1.24246,1.24426,1.24114,1.24333,10642.0
2020-05-04 17:00:00+00:00,1.2433,1.24472,1.24256,1.24426,3898.0
2020-05-04 21:00:00+00:00,1.24426,1.24654,1.24351,1.24614,1289.0
2020-05-05 01:00:00+00:00,1.24612,1.24688,1.24555,1.24625,1836.0
2020-05-05 05:00:00+00:00,1.24627,1.24838,1.24204,1.24322,10466.0
2020-05-05 09:00:00+00:00,1.24324,1.24735,1.24286,1.24547,12133.0
2020-05-05 13:00:00+00:00,1.24545,1.24811,1.244,1.24418,11177.0
2020-05-05 17:00:00+00:00,1.2442,1.24536,1.24306,1.24346,4040.0
2020-05-05 21:00:00+00:00,1.24361,1.245,1.24354,1.24363,1696.0
2020-05-06 01:00:00+00:00,1.24366,1.24406,1.24254,1.2435,2581.0
2020-05-06 05:00:00+00:00,1.24352,1.24504,1.23583,1.23749,9713.0
2020-05-06 09:00:00+00:00,1.23752,1.23924,1.23654,1.2387,8985.0
2020-05-06 13:00:00+00:00,1.23872,1.23936,1.23353,1.23577,10826.0
2020-05-06 17:00:00+00:00,1.2358,1.23636,1.23367,1.23425,3732.0
2020-05-06 21:00:00+00:00,1.2345,1.23489,1.23106,1.23158,1952.0
2020-05-07 01:00:00+00:00,1.23156,1.23288,1.23126,1.23246,2165.0
2020-05-07 05:00:00+00:00,1.23243,1.24182,1.23194,1.23594,10085.0
2020-05-07 09:00:00+00:00,1.23591,1.23832,1.23258,1.23456,11650.0
2020-05-07 13:00:00+00:00,1.23458,1.23645,1.22662,1.23563,13778.0
2020-05-07 17:00:00+00:00,1.23566,1.23784,1.23518,1.23617,5935.0
2020-05-07 21:00:00+00:00,1.23595,1.23972,1.23556,1.23938,2242.0
2020-05-08 01:00:00+00:00,1.2394,1.24088,1.23826,1.23869,3359.0
2020-05-08 05:00:00+00:00,1.23866,1.24008,1.23764,1.23944,4032.0
2020-05-08 09:00:00+00:00,1.23946,1.24025,1.23584,1.23717,6752.0
2020-05-08 13:00:00+00:00,1.23719,1.2467,1.23564,1.24221,10513.0
2020-05-08 17:00:00+00:00,1.24219,1.24246,1.24018,1.24049,3024.0
2020-05-10 21:00:00+00:00,1.2413,1.2425,1.23977,1.24234,1919.0
2020-05-11 01:00:00+00:00,1.24231,1.24377,1.24187,1.24264,2493.0
2020-05-11 05:00:00+00:00,1.24261,1.24303,1.23466,1.23714,7946.0
2020-05-11 09:00:00+00:00,1.23717,1.2375,1.22828,1.22988,10382.0
2020-05-11 13:00:00+00:00,1.2299,1.23627,1.2299,1.23442,13906.0
2020-05-11 17:00:00+00:00,1.2344,1.23524,1.23216,1.2334,5082.0
2020-05-11 21:00:00+00:00,1.23358,1.23398,1.22872,1.23062,2684.0
2020-05-12 01:00:00+00:00,1.2306,1.23246,1.23017,1.23224,3407.0
2020-05-12 05:00:00+00:00,1.23222,1.23509,1.23045,1.23212,8821.0
2020-05-12 09:00:00+00:00,1.2321,1.23776,1.23173,1.23606,10644.0
2020-05-12 13:00:00+00:00,1.23608,1.23726,1.2283,1.22915,13363.0
2020-05-12 17:00:00+00:00,1.22918,1.22945,1.22556,1.22602,6084.0
2020-05-12 21:00:00+00:00,1.22608,1.22705,1.22512,1.22656,2243.0
2020-05-13 01:00:00+00:00,1.22654,1.22782,1.22576,1.22704,4363.0
2020-05-13 05:00:00+00:00,1.22702,1.23014,1.22636,1.2275,8854.0
2020-05-13 09:00:00+00:00,1.22748,1.23398,1.22657,1.23176,10182.0
2020-05-13 13:00:00+00:00,1.23173,1.2326,1.221,1.22272,19047.0
2020-05-13 17:00:00+00:00,1.2227,1.22428,1.22142,1.2237,6567.0
2020-05-13 21:00:00+00:00,1.22318,1.2242,1.22278,1.22358,2387.0
2020-05-14 01:00:00+00:00,1.22355,1.22394,1.22037,1.22082,3380.0
2020-05-14 05:00:00+00:00,1.22085,1.22185,1.21814,1.22018,8922.0
2020-05-14 09:00:00+00:00,1.22016,1.22296,1.21658,1.21816,11112.0
2020-05-14 13:00:00+00:00,1.21818,1.22185,1.21756,1.21968,12630.0
2020-05-14 17:00:00+00:00,1.21971,1.22326,1.21884,1.22317,7048.0
2020-05-14 21:00:00+00:00,1.22317,1.2239,1.22172,1.22235,2465.0
2020-05-15 01:00:00+00:00,1.22238,1.22261,1.2203,1.22172,3453.0
2020-05-15 05:00:00+00:00,1.22175,1.22254,1.21874,1.22054,7697.0
2020-05-15 09:00:00+00:00,1.22056,1.22192,1.21511,1.21812,14408.0
2020-05-15 13:00:00+00:00,1.2181,1.21852,1.21138,1.21195,15394.0
2020-05-15 17:00:00+00:00,1.21198,1.21268,1.21014,1.21045,4079.0
2020-05-17 21:00:00+00:00,1.20874,1.20985,1.20761,1.20939,3119.0
2020-05-18 01:00:00+00:00,1.20941,1.21152,1.2093,1.20975,3645.0
2020-05-18 05:00:00+00:00,1.20972,1.21254,1.20922,1.2105,7251.0
2020-05-18 09:00:00+00:00,1.21046,1.21736,1.20991,1.21648,9428.0
2020-05-18 13:00:00+00:00,1.21646,1.22276,1.21626,1.21799,15848.0
2020-05-18 17:00:00+00:00,1.21801,1.21999,1.21746,1.21951,4717.0
2020-05-18 21:00:00+00:00,1.21937,1.22219,1.21876,1.22174,2258.0
2020-05-19 01:00:00+00:00,1.22172,1.22172,1.2184,1.22045,3414.0
2020-05-19 05:00:00+00:00,1.22043,1.22684,1.21946,1.22514,13067.0
2020-05-19 09:00:00+00:00,1.22512,1.22608,1.22236,1.22436,8748.0
2020-05-19 13:00:00+00:00,1.22439,1.22692,1.22274,1.22494,10233.0
2020-05-19 17:00:00+00:00,1.22496,1.22966,1.22348,1.22516,6010.0
2020-05-19 21:00:00+00:00,1.22511,1.22664,1.22426,1.2266,1495.0
2020-05-20 01:00:00+00:00,1.22662,1.22766,1.22578,1.22607,2680.0
2020-05-20 05:00:00+00:00,1.22609,1.22695,1.22216,1.22456,8104.0
2020-05-20 09:00:00+00:00,1.22459,1.22718,1.22386,1.22586,9324.0
2020-05-20 13:00:00+00:00,1.22588,1.22876,1.22274,1.22292,12054.0
2020-05-20 17:00:00+00:00,1.22294,1.22406,1.22254,1.22379,4624.0
2020-05-20 21:00:00+00:00,1.22425,1.22453,1.2208,1.22094,1704.0
2020-05-21 01:00:00+00:00,1.22091,1.22106,1.21926,1.22033,2776.0
2020-05-21 05:00:00+00:00,1.22031,1.22252,1.21858,1.22252,6586.0
2020-05-21 09:00:00+00:00,1.22255,1.22462,1.22182,1.22292,9887.0
2020-05-21 13:00:00+00:00,1.22289,1.22498,1.22063,1.22298,13134.0
2020-05-21 17:00:00+00:00,1.223,1.22418,1.22124,1.22223,4460.0
2020-05-21 21:00:00+00:00,1.22196,1.22337,1.22191,1.22267,1389.0
2020-05-22 01:00:00+00:00,1.22269,1.22337,1.22055,1.22119,3423.0
2020-05-22 05:00:00+00:00,1.22121,1.22216,1.21627,1.21774,8805.0
2020-05-22 09:00:00+00:00,1.21772,1.21929,1.21615,1.21706,9057.0
2020-05-22 13:00:00+00:00,1.21704,1.22084,1.21688,1.21692,7623.0
2020-05-22 17:00:00+00:00,1.2169,1.21843,1.21652,1.21654,3023.0
2020-05-24 21:00:00+00:00,1.2179,1.2192,1.21668,1.21869,1588.0
2020-05-25 01:00:00+00:00,1.21872,1.21878,1.21738,1.21806,1911.0
2020-05-25 05:00:00+00:00,1.21809,1.21874,1.2164,1.21823,4247.0
2020-05-25 09:00:00+00:00,1.21826,1.21928,1.21742,1.21844,4261.0
2020-05-25 13:00:00+00:00,1.21842,1.22038,1.21818,1.21866,3515.0
2020-05-25 17:00:00+00:00,1.21864,1.21954,1.21804,1.219,4740.0
2020-05-25 21:00:00+00:00,1.219,1.22187,1.21847,1.22172,2072.0
2020-05-26 01:00:00+00:00,1.2217,1.2224,1.22047,1.22184,2812.0
2020-05-26 05:00:00+00:00,1.22186,1.2305,1.22157,1.23022,9026.0
2020-05-26 09:00:00+00:00,1.23024,1.23493,1.23015,1.2344,10079.0
2020-05-26 13:00:00+00:00,1.23438,1.23632,1.23206,1.23354,10977.0
2020-05-26 17:00:00+00:00,1.23356,1.23467,1.2322,1.23364,4895.0
2020-05-26 21:00:00+00:00,1.23359,1.23417,1.2316,1.23222,1511.0
2020-05-27 01:00:00+00:00,1.23226,1.23316,1.23111,1.2313,3297.0
2020-05-27 05:00:00+00:00,1.23128,1.23326,1.22888,1.23028,7814.0
2020-05-27 09:00:00+00:00,1.23026,1.2354,1.22584,1.22722,19394.0
2020-05-27 13:00:00+00:00,1.2272,1.22832,1.22043,1.22392,19861.0
2020-05-27 17:00:00+00:00,1.2239,1.22635,1.22326,1.22602,6021.0
2020-05-27 21:00:00+00:00,1.22596,1.22692,1.2259,1.22672,1443.0
2020-05-28 01:00:00+00:00,1.22669,1.22765,1.22482,1.2253,3444.0
2020-05-28 05:00:00+00:00,1.22532,1.22814,1.22452,1.22546,9168.0
2020-05-28 09:00:00+00:00,1.22544,1.22875,1.22339,1.22768,11414.0
2020-05-28 13:00:00+00:00,1.22766,1.23432,1.22766,1.2338,15025.0
2020-05-28 17:00:00+00:00,1.23382,1.23446,1.23115,1.23221,6853.0
2020-05-28 21:00:00+00:00,1.23191,1.23252,1.23084,1.23219,2022.0
2020-05-29 01:00:00+00:00,1.23217,1.23448,1.23158,1.23441,3639.0
2020-05-29 05:00:00+00:00,1.23443,1.23585,1.22918,1.22941,10838.0
2020-05-29 09:00:00+00:00,1.22944,1.237,1.22906,1.23537,12887.0
2020-05-29 13:00:00+00:00,1.23535,1.23942,1.22915,1.23171,25823.0
2020-05-29 17:00:00+00:00,1.23168,1.23602,1.22974,1.23504,15043.0
2020-05-31 21:00:00+00:00,1.23504,1.23912,1.2328,1.23754,3848.0
2020-06-01 01:00:00+00:00,1.23756,1.24145,1.23742,1.23824,4675.0
2020-06-01 05:00:00+00:00,1.23822,1.2426,1.23765,1.24046,11899.0
2020-06-01 09:00:00+00:00,1.24049,1.24172,1.23752,1.2398,9938.0
2020-06-01 13:00:00+00:00,1.23978,1.24885,1.23902,1.24648,13621.0
2020-06-01 17:00:00+00:00,1.24646,1.25068,1.24612,1.24887,5039.0
2020-06-01 21:00:00+00:00,1.24887,1.25255,1.2483,1.25151,2786.0
2020-06-02 01:00:00+00:00,1.25154,1.25168,1.24786,1.24808,3647.0
2020-06-02 05:00:00+00:00,1.24811,1.25545,1.24802,1.25524,13542.0
2020-06-02 09:00:00+00:00,1.25526,1.25761,1.25271,1.2549,14703.0
2020-06-02 13:00:00+00:00,1.25488,1.257,1.25277,1.2539,14957.0
2020-06-02 17:00:00+00:00,1.25392,1.25526,1.25289,1.25511,5873.0
2020-06-02 21:00:00+00:00,1.25516,1.2606,1.25457,1.25946,4044.0
2020-06-03 01:00:00+00:00,1.25949,1.26118,1.25668,1.2584,5845.0
2020-06-03 05:00:00+00:00,1.25838,1.26079,1.25643,1.2572,10764.0
2020-06-03 09:00:00+00:00,1.25718,1.26026,1.25544,1.2569,12027.0
2020-06-03 13:00:00+00:00,1.25688,1.26153,1.25539,1.25923,19375.0
2020-06-03 17:00:00+00:00,1.2592,1.25952,1.25703,1.25761,5750.0
2020-06-03 21:00:00+00:00,1.25751,1.25849,1.25297,1.2541,2698.0
2020-06-04 01:00:00+00:00,1.25412,1.2548,1.25356,1.2541,3228.0
2020-06-04 05:00:00+00:00,1.25413,1.2547,1.25006,1.25172,7239.0
2020-06-04 09:00:00+00:00,1.2517,1.25809,1.25086,1.2539,16633.0
2020-06-04 13:00:00+00:00,1.25393,1.26272,1.25299,1.26014,22494.0
2020-06-04 17:00:00+00:00,1.26012,1.26334,1.25852,1.25957,9470.0
2020-06-04 21:00:00+00:00,1.25999,1.26137,1.25882,1.25928,2580.0
2020-06-05 01:00:00+00:00,1.2593,1.26232,1.25832,1.2614,4175.0
2020-06-05 05:00:00+00:00,1.26138,1.26904,1.26062,1.26371,12770.0
2020-06-05 09:00:00+00:00,1.26369,1.26807,1.26183,1.2657,18168.0
2020-06-05 13:00:00+00:00,1.26568,1.27314,1.26523,1.26804,21014.0
2020-06-05 17:00:00+00:00,1.26806,1.2682,1.26611,1.2669,6509.0
2020-06-07 21:00:00+00:00,1.26844,1.27297,1.26742,1.27044,2985.0
2020-06-08 01:00:00+00:00,1.27047,1.27142,1.26901,1.27102,4332.0
2020-06-08 05:00:00+00:00,1.271,1.27108,1.2676,1.27016,8867.0
2020-06-08 09:00:00+00:00,1.27013,1.27015,1.26281,1.26694,10627.0
2020-06-08 13:00:00+00:00,1.26696,1.2705,1.26673,1.26983,13077.0
2020-06-08 17:00:00+00:00,1.2698,1.27362,1.26968,1.27242,4749.0
2020-06-08 21:00:00+00:00,1.27242,1.2756,1.27227,1.2735,2292.0
2020-06-09 01:00:00+00:00,1.27348,1.27356,1.26983,1.27012,4634.0
2020-06-09 05:00:00+00:00,1.27014,1.27204,1.26182,1.26416,12617.0
2020-06-09 09:00:00+00:00,1.26418,1.26783,1.2631,1.26612,13174.0
2020-06-09 13:00:00+00:00,1.2661,1.27459,1.26594,1.27442,14823.0
2020-06-09 17:00:00+00:00,1.2744,1.27454,1.27242,1.27282,4589.0
2020-06-09 21:00:00+00:00,1.27334,1.27351,1.27066,1.27222,2345.0
2020-06-10 01:00:00+00:00,1.27224,1.27466,1.27202,1.2742,3554.0
2020-06-10 05:00:00+00:00,1.27423,1.27866,1.27403,1.27644,11197.0
2020-06-10 09:00:00+00:00,1.27646,1.28024,1.27282,1.27878,12837.0
2020-06-10 13:00:00+00:00,1.27875,1.27997,1.27422,1.2755,15706.0
2020-06-10 17:00:00+00:00,1.27553,1.28132,1.27214,1.27475,28251.0
2020-06-10 21:00:00+00:00,1.27491,1.27546,1.2708,1.27397,4225.0
2020-06-11 01:00:00+00:00,1.274,1.27507,1.2671,1.26826,8421.0
2020-06-11 05:00:00+00:00,1.26828,1.27008,1.26511,1.2698,16535.0
2020-06-11 09:00:00+00:00,1.26978,1.27197,1.26381,1.26479,15862.0
2020-06-11 13:00:00+00:00,1.26482,1.26854,1.26188,1.26264,23567.0
2020-06-11 17:00:00+00:00,1.26261,1.26279,1.25866,1.26019,16532.0
2020-06-11 21:00:00+00:00,1.25999,1.26019,1.25524,1.25559,4914.0
2020-06-12 01:00:00+00:00,1.25556,1.25785,1.25454,1.25738,6719.0
2020-06-12 05:00:00+00:00,1.25735,1.26458,1.25714,1.26326,14550.0
2020-06-12 09:00:00+00:00,1.26328,1.26533,1.25916,1.25923,15060.0
2020-06-12 13:00:00+00:00,1.25926,1.26096,1.25024,1.25038,26888.0
2020-06-12 17:00:00+00:00,1.2504,1.25506,1.2474,1.25401,14494.0
2020-06-14 21:00:00+00:00,1.25188,1.25222,1.24864,1.25008,5483.0
2020-06-15 01:00:00+00:00,1.25004,1.25256,1.24974,1.25172,6530.0
2020-06-15 05:00:00+00:00,1.25169,1.2548,1.24544,1.25418,19241.0
2020-06-15 09:00:00+00:00,1.25416,1.25614,1.25052,1.2534,14591.0
2020-06-15 13:00:00+00:00,1.25343,1.25796,1.25302,1.25644,20170.0
2020-06-15 17:00:00+00:00,1.25642,1.26064,1.25564,1.26064,10558.0
2020-06-15 21:00:00+00:00,1.26057,1.26474,1.25954,1.26308,4017.0
2020-06-16 01:00:00+00:00,1.2631,1.2674,1.2621,1.26621,6545.0
2020-06-16 05:00:00+00:00,1.26624,1.26877,1.26087,1.26441,14275.0
2020-06-16 09:00:00+00:00,1.26444,1.26814,1.26348,1.26672,13668.0
2020-06-16 13:00:00+00:00,1.26676,1.26682,1.25527,1.2593,30405.0
2020-06-16 17:00:00+00:00,1.25928,1.25938,1.25612,1.25724,7537.0
2020-06-16 21:00:00+00:00,1.25709,1.25873,1.25524,1.25648,3696.0
2020-06-17 01:00:00+00:00,1.2565,1.257,1.25413,1.25589,5529.0
2020-06-17 05:00:00+00:00,1.25586,1.25886,1.25487,1.25581,12281.0
2020-06-17 09:00:00+00:00,1.25583,1.25833,1.25236,1.2548,13855.0
2020-06-17 13:00:00+00:00,1.25482,1.256,1.25112,1.25416,18438.0
2020-06-17 17:00:00+00:00,1.25418,1.2558,1.25368,1.25552,5206.0
2020-06-17 21:00:00+00:00,1.254,1.25673,1.25338,1.25488,3307.0
2020-06-18 01:00:00+00:00,1.25492,1.2561,1.25257,1.25524,6229.0
2020-06-18 05:00:00+00:00,1.2552,1.25606,1.25098,1.25158,11411.0
2020-06-18 09:00:00+00:00,1.2516,1.255,1.24433,1.24472,20258.0
2020-06-18 13:00:00+00:00,1.24475,1.246,1.2402,1.24116,15730.0
2020-06-18 17:00:00+00:00,1.24114,1.24305,1.2405,1.24223,5203.0
2020-06-18 21:00:00+00:00,1.24194,1.24323,1.24051,1.24132,2348.0
2020-06-19 01:00:00+00:00,1.24134,1.2437,1.24078,1.24274,3731.0
2020-06-19 05:00:00+00:00,1.24272,1.2456,1.2407,1.24129,8627.0
2020-06-19 09:00:00+00:00,1.24132,1.24234,1.23607,1.24048,13086.0
2020-06-19 13:00:00+00:00,1.24046,1.24114,1.23488,1.2368,16445.0
2020-06-19 17:00:00+00:00,1.23682,1.2369,1.23442,1.23484,5924.0
2020-06-21 21:00:00+00:00,1.23416,1.23605,1.23354,1.23476,3323.0
2020-06-22 01:00:00+00:00,1.23478,1.23903,1.23476,1.23897,4301.0
2020-06-22 05:00:00+00:00,1.23894,1.24342,1.23654,1.24273,10345.0
2020-06-22 09:00:00+00:00,1.2427,1.24338,1.238,1.24054,9472.0
2020-06-22 13:00:00+00:00,1.24057,1.24703,1.23921,1.24644,12319.0
2020-06-22 17:00:00+00:00,1.24642,1.24772,1.24582,1.24696,3879.0
2020-06-22 21:00:00+00:00,1.24707,1.25072,1.24535,1.24822,2833.0
2020-06-23 01:00:00+00:00,1.24825,1.24956,1.24366,1.24664,12961.0
2020-06-23 05:00:00+00:00,1.24667,1.2513,1.24418,1.2484,12957.0
2020-06-23 09:00:00+00:00,1.24842,1.25015,1.24322,1.24972,12089.0
2020-06-23 13:00:00+00:00,1.2497,1.25316,1.24735,1.25155,13074.0
2020-06-23 17:00:00+00:00,1.25158,1.2532,1.2509,1.25206,4367.0
2020-06-23 21:00:00+00:00,1.2516,1.25428,1.25124,1.25296,2493.0
2020-06-24 01:00:00+00:00,1.25298,1.25384,1.25114,1.25138,4582.0
2020-06-24 05:00:00+00:00,1.25136,1.25272,1.2466,1.24998,10297.0
2020-06-24 09:00:00+00:00,1.25,1.25376,1.24769,1.24946,14873.0
2020-06-24 13:00:00+00:00,1.24949,1.25104,1.24164,1.24478,19633.0
2020-06-24 17:00:00+00:00,1.2448,1.24497,1.24145,1.24209,7051.0
2020-06-24 21:00:00+00:00,1.24209,1.24294,1.24079,1.24252,2624.0
2020-06-25 01:00:00+00:00,1.2425,1.24334,1.2404,1.24144,4359.0
2020-06-25 05:00:00+00:00,1.24146,1.24647,1.24054,1.24443,10424.0
2020-06-25 09:00:00+00:00,1.2444,1.24563,1.24127,1.24218,12401.0
2020-06-25 13:00:00+00:00,1.24221,1.24337,1.23892,1.24202,12453.0
2020-06-25 17:00:00+00:00,1.24204,1.24284,1.2401,1.24191,4745.0
2020-06-25 21:00:00+00:00,1.24278,1.24307,1.24106,1.24194,2604.0
2020-06-26 01:00:00+00:00,1.24192,1.24369,1.24148,1.24298,2764.0
2020-06-26 05:00:00+00:00,1.243,1.24343,1.23978,1.24072,6209.0
2020-06-26 09:00:00+00:00,1.2407,1.24176,1.23671,1.23732,8499.0
2020-06-26 13:00:00+00:00,1.2373,1.23778,1.23147,1.23476,12016.0
2020-06-26 17:00:00+00:00,1.23478,1.23556,1.23333,1.2336,4892.0
2020-06-28 21:00:00+00:00,1.23406,1.2356,1.23254,1.23554,1751.0
2020-06-29 01:00:00+00:00,1.23557,1.23734,1.23504,1.23674,3012.0
2020-06-29 05:00:00+00:00,1.23671,1.23898,1.23308,1.23308,7388.0
2020-06-29 09:00:00+00:00,1.2331,1.23366,1.22994,1.23212,8524.0
2020-06-29 13:00:00+00:00,1.2321,1.2322,1.22519,1.22826,11881.0
2020-06-29 17:00:00+00:00,1.22828,1.23013,1.2275,1.22998,3366.0
2020-06-29 21:00:00+00:00,1.22984,1.23171,1.22926,1.23,1294.0
2020-06-30 01:00:00+00:00,1.22996,1.2314,1.22958,1.23016,1848.0
2020-06-30 05:00:00+00:00,1.23013,1.23013,1.22596,1.2273,6960.0
2020-06-30 09:00:00+00:00,1.22732,1.2289,1.22576,1.22888,7624.0
2020-06-30 13:00:00+00:00,1.2289,1.23924,1.22794,1.23792,17927.0
2020-06-30 17:00:00+00:00,1.23794,1.2402,1.23676,1.24011,5592.0
2020-06-30 21:00:00+00:00,1.23995,1.24014,1.23768,1.2384,1103.0
2020-07-01 01:00:00+00:00,1.23838,1.2393,1.23597,1.23602,2676.0
2020-07-01 05:00:00+00:00,1.23604,1.2414,1.23596,1.23868,5636.0
2020-07-01 09:00:00+00:00,1.23866,1.24214,1.23732,1.2414,10943.0
2020-07-01 13:00:00+00:00,1.24142,1.24864,1.24114,1.24815,13192.0
2020-07-01 17:00:00+00:00,1.24812,1.24905,1.24658,1.24754,4314.0
2020-07-01 21:00:00+00:00,1.24711,1.24826,1.2461,1.24692,1232.0
2020-07-02 01:00:00+00:00,1.2469,1.24946,1.24675,1.24925,2450.0
2020-07-02 05:00:00+00:00,1.24928,1.25238,1.24784,1.25235,6495.0
2020-07-02 09:00:00+00:00,1.25232,1.25299,1.24885,1.24885,9320.0
2020-07-02 13:00:00+00:00,1.24887,1.25208,1.24564,1.24614,14474.0
2020-07-02 17:00:00+00:00,1.24612,1.24696,1.24576,1.24679,3243.0
2020-07-02 21:00:00+00:00,1.24649,1.24732,1.24579,1.24628,1161.0
2020-07-03 01:00:00+00:00,1.24626,1.2473,1.24573,1.246,2588.0
2020-07-03 05:00:00+00:00,1.24604,1.24864,1.24383,1.24628,6436.0
2020-07-03 09:00:00+00:00,1.24626,1.24626,1.24397,1.2456,6640.0
2020-07-03 13:00:00+00:00,1.24562,1.24717,1.24456,1.24695,4710.0
2020-07-03 17:00:00+00:00,1.24693,1.24921,1.24636,1.24813,5575.0
2020-07-05 21:00:00+00:00,1.24751,1.24895,1.2465,1.24792,1550.0
2020-07-06 01:00:00+00:00,1.24795,1.24976,1.24762,1.2497,2571.0
2020-07-06 05:00:00+00:00,1.24968,1.251,1.2476,1.24908,7869.0
2020-07-06 09:00:00+00:00,1.24906,1.25194,1.2486,1.25104,8218.0
2020-07-06 13:00:00+00:00,1.25102,1.252,1.24803,1.24845,9442.0
2020-07-06 17:00:00+00:00,1.24842,1.2504,1.24842,1.2492,3152.0
2020-07-06 21:00:00+00:00,1.249,1.2518,1.24875,1.2513,1385.0
2020-07-07 01:00:00+00:00,1.25127,1.2515,1.249,1.2506,3925.0
2020-07-07 05:00:00+00:00,1.25058,1.25143,1.24672,1.24707,8244.0
2020-07-07 09:00:00+00:00,1.24704,1.25396,1.24628,1.25377,8826.0
2020-07-07 13:00:00+00:00,1.25374,1.25922,1.25243,1.256,11647.0
2020-07-07 17:00:00+00:00,1.25602,1.25732,1.25362,1.25441,4619.0
2020-07-07 21:00:00+00:00,1.25441,1.25628,1.2537,1.25498,1872.0
2020-07-08 01:00:00+00:00,1.255,1.25669,1.25433,1.25566,3448.0
2020-07-08 05:00:00+00:00,1.25563,1.25682,1.25244,1.25288,8270.0
2020-07-08 09:00:00+00:00,1.25284,1.25663,1.25086,1.25445,9470.0
2020-07-08 13:00:00+00:00,1.25448,1.26035,1.25409,1.2603,13684.0
2020-07-08 17:00:00+00:00,1.26032,1.26233,1.2599,1.26097,5150.0
2020-07-08 21:00:00+00:00,1.26067,1.26286,1.26037,1.26117,1579.0
2020-07-09 01:00:00+00:00,1.26119,1.26362,1.26015,1.26316,3787.0
2020-07-09 05:00:00+00:00,1.26314,1.26526,1.26256,1.26407,8222.0
2020-07-09 09:00:00+00:00,1.26404,1.2667,1.26322,1.26602,8496.0
2020-07-09 13:00:00+00:00,1.26599,1.26697,1.26003,1.26102,18841.0
2020-07-09 17:00:00+00:00,1.26104,1.26234,1.26009,1.26049,5063.0
2020-07-09 21:00:00+00:00,1.2607,1.26109,1.25817,1.25914,1478.0
2020-07-10 01:00:00+00:00,1.25916,1.25983,1.25836,1.25858,2745.0
2020-07-10 05:00:00+00:00,1.2586,1.25976,1.25668,1.25972,7697.0
2020-07-10 09:00:00+00:00,1.2597,1.26256,1.25852,1.2615,8642.0
2020-07-10 13:00:00+00:00,1.26152,1.26641,1.26152,1.26271,12435.0
2020-07-10 17:00:00+00:00,1.26268,1.26353,1.262,1.26222,3548.0
2020-07-12 21:00:00+00:00,1.26178,1.26427,1.26178,1.26401,1929.0
2020-07-13 01:00:00+00:00,1.26404,1.2659,1.26404,1.26522,3028.0
2020-07-13 05:00:00+00:00,1.2652,1.26664,1.25972,1.26081,7395.0
2020-07-13 09:00:00+00:00,1.26084,1.26168,1.25918,1.26042,8229.0
2020-07-13 13:00:00+00:00,1.26044,1.26384,1.26021,1.26146,9398.0
2020-07-13 17:00:00+00:00,1.26144,1.26196,1.25506,1.25535,7145.0
2020-07-13 21:00:00+00:00,1.2558,1.25616,1.25414,1.25476,1608.0
2020-07-14 01:00:00+00:00,1.25478,1.25562,1.25379,1.25552,3160.0
2020-07-14 05:00:00+00:00,1.25554,1.25586,1.25064,1.25281,7459.0
2020-07-14 09:00:00+00:00,1.25278,1.25385,1.25078,1.2514,8761.0
2020-07-14 13:00:00+00:00,1.25142,1.25555,1.24801,1.25474,19011.0
2020-07-14 17:00:00+00:00,1.25476,1.25638,1.25445,1.25531,5977.0
2020-07-14 21:00:00+00:00,1.25536,1.25854,1.25493,1.25732,2249.0
2020-07-15 01:00:00+00:00,1.2573,1.25874,1.25638,1.25733,3378.0
2020-07-15 05:00:00+00:00,1.2573,1.26272,1.25714,1.2606,7923.0
2020-07-15 09:00:00+00:00,1.26062,1.26432,1.25936,1.26354,9154.0
2020-07-15 13:00:00+00:00,1.26357,1.26496,1.25754,1.25856,14344.0
2020-07-15 17:00:00+00:00,1.25854,1.25975,1.25791,1.25866,4263.0
2020-07-15 21:00:00+00:00,1.2582,1.25938,1.25714,1.25726,1452.0
2020-07-16 01:00:00+00:00,1.25724,1.25821,1.25504,1.2559,3566.0
2020-07-16 05:00:00+00:00,1.25588,1.2564,1.25268,1.25413,7197.0
2020-07-16 09:00:00+00:00,1.25415,1.25752,1.252,1.25597,8971.0
2020-07-16 13:00:00+00:00,1.25594,1.26248,1.25521,1.25879,12191.0
2020-07-16 17:00:00+00:00,1.25877,1.25904,1.2537,1.2554,5974.0
2020-07-16 21:00:00+00:00,1.2558,1.25676,1.25526,1.25634,1243.0
2020-07-17 01:00:00+00:00,1.25637,1.25713,1.25557,1.25661,2497.0
2020-07-17 05:00:00+00:00,1.25658,1.25681,1.25382,1.25638,5515.0
2020-07-17 09:00:00+00:00,1.2564,1.25642,1.25121,1.25162,6588.0
2020-07-17 13:00:00+00:00,1.25164,1.25677,1.25126,1.25574,8615.0
2020-07-17 17:00:00+00:00,1.25577,1.25745,1.25522,1.25674,3489.0
2020-07-19 21:00:00+00:00,1.25578,1.25724,1.25422,1.2547,1971.0
2020-07-20 01:00:00+00:00,1.25468,1.25496,1.25185,1.25305,3748.0
2020-07-20 05:00:00+00:00,1.25308,1.25888,1.25263,1.25878,8739.0
2020-07-20 09:00:00+00:00,1.25876,1.26417,1.25862,1.26253,8341.0
2020-07-20 13:00:00+00:00,1.2625,1.26587,1.262,1.26505,9611.0
2020-07-20 17:00:00+00:00,1.26507,1.26656,1.26428,1.26618,2661.0
2020-07-20 21:00:00+00:00,1.26628,1.2684,1.26571,1.26713,1374.0
2020-07-21 01:00:00+00:00,1.26716,1.26854,1.26501,1.26552,4109.0
2020-07-21 05:00:00+00:00,1.2655,1.27165,1.26547,1.26956,8606.0
2020-07-21 09:00:00+00:00,1.26953,1.2716,1.26824,1.27049,7926.0
2020-07-21 13:00:00+00:00,1.27052,1.27524,1.26735,1.27435,12509.0
2020-07-21 17:00:00+00:00,1.27433,1.27679,1.2722,1.27317,6098.0
2020-07-21 21:00:00+00:00,1.27322,1.27406,1.27148,1.27326,2325.0
2020-07-22 01:00:00+00:00,1.27323,1.27382,1.27172,1.2719,3537.0
2020-07-22 05:00:00+00:00,1.27188,1.27294,1.26445,1.26564,12816.0
2020-07-22 09:00:00+00:00,1.26562,1.273,1.26446,1.27146,12901.0
2020-07-22 13:00:00+00:00,1.27148,1.27401,1.2692,1.27373,14124.0
2020-07-22 17:00:00+00:00,1.27371,1.27438,1.27268,1.27336,4060.0
2020-07-22 21:00:00+00:00,1.27272,1.27394,1.27236,1.27292,15333.0
2020-07-23 01:00:00+00:00,1.27289,1.27458,1.27236,1.27412,3795.0
2020-07-23 05:00:00+00:00,1.2741,1.27539,1.26985,1.27192,10172.0
2020-07-23 09:00:00+00:00,1.27189,1.27338,1.26745,1.26752,10337.0
2020-07-23 13:00:00+00:00,1.2675,1.276,1.26732,1.27452,16018.0
2020-07-23 17:00:00+00:00,1.2745,1.27509,1.27286,1.2741,9216.0
2020-07-23 21:00:00+00:00,1.274,1.27602,1.27282,1.27588,1928.0
2020-07-24 01:00:00+00:00,1.2759,1.27734,1.27292,1.27333,5155.0
2020-07-24 05:00:00+00:00,1.27331,1.27536,1.27172,1.27286,12009.0
2020-07-24 09:00:00+00:00,1.27284,1.27674,1.27228,1.27612,9104.0
2020-07-24 13:00:00+00:00,1.27614,1.2795,1.27522,1.27852,13118.0
2020-07-24 17:00:00+00:00,1.2785,1.28037,1.27784,1.27939,4406.0
2020-07-26 21:00:00+00:00,1.27951,1.28218,1.27795,1.28174,3669.0
2020-07-27 01:00:00+00:00,1.28177,1.28588,1.28146,1.28377,5915.0
2020-07-27 05:00:00+00:00,1.28374,1.28423,1.2807,1.28392,8327.0
2020-07-27 09:00:00+00:00,1.28394,1.28774,1.28298,1.28536,10879.0
2020-07-27 13:00:00+00:00,1.28538,1.29027,1.2849,1.28735,12160.0
2020-07-27 17:00:00+00:00,1.28738,1.28819,1.28672,1.28814,3929.0
2020-07-27 21:00:00+00:00,1.28814,1.29016,1.28706,1.28844,3534.0
2020-07-28 01:00:00+00:00,1.28842,1.29044,1.28456,1.28568,6912.0
2020-07-28 05:00:00+00:00,1.28565,1.28815,1.28385,1.28796,9521.0
2020-07-28 09:00:00+00:00,1.28793,1.2895,1.28601,1.28863,9026.0
2020-07-28 13:00:00+00:00,1.2886,1.29508,1.28742,1.29478,15468.0
2020-07-28 17:00:00+00:00,1.29476,1.29529,1.29234,1.29317,4681.0
2020-07-28 21:00:00+00:00,1.29341,1.29405,1.29224,1.29284,2144.0
2020-07-29 01:00:00+00:00,1.29286,1.29368,1.2912,1.29186,4500.0
2020-07-29 05:00:00+00:00,1.29184,1.29768,1.29156,1.29668,8033.0
2020-07-29 09:00:00+00:00,1.2967,1.29848,1.2958,1.29794,9053.0
2020-07-29 13:00:00+00:00,1.29796,1.29948,1.29552,1.29734,11903.0
2020-07-29 17:00:00+00:00,1.29736,1.30134,1.29488,1.29975,15335.0
2020-07-29 21:00:00+00:00,1.29961,1.30059,1.29743,1.29866,2816.0
2020-07-30 01:00:00+00:00,1.29864,1.29918,1.2972,1.29764,4081.0
2020-07-30 05:00:00+00:00,1.29762,1.2999,1.29445,1.29866,9784.0
2020-07-30 09:00:00+00:00,1.29868,1.30329,1.29758,1.3031,10430.0
2020-07-30 13:00:00+00:00,1.30308,1.30725,1.30206,1.30602,19054.0
2020-07-30 17:00:00+00:00,1.30604,1.3103,1.306,1.30957,5905.0
2020-07-30 21:00:00+00:00,1.30957,1.31365,1.30809,1.31136,5702.0
2020-07-31 01:00:00+00:00,1.31138,1.31433,1.311,1.31308,7334.0
2020-07-31 05:00:00+00:00,1.3131,1.31448,1.31056,1.31277,10728.0
2020-07-31 09:00:00+00:00,1.31275,1.31595,1.31064,1.31534,10170.0
2020-07-31 13:00:00+00:00,1.31536,1.31702,1.30806,1.30992,24906.0
2020-07-31 17:00:00+00:00,1.3099,1.31151,1.30704,1.30857,8521.0
2020-08-02 21:00:00+00:00,1.30857,1.31072,1.30569,1.30746,5432.0
2020-08-03 01:00:00+00:00,1.30749,1.30969,1.30648,1.30916,6389.0
2020-08-03 05:00:00+00:00,1.30914,1.31128,1.3055,1.31016,9160.0
2020-08-03 09:00:00+00:00,1.31012,1.31024,1.30122,1.30234,11460.0
2020-08-03 13:00:00+00:00,1.30237,1.30664,1.30049,1.30582,12646.0
2020-08-03 17:00:00+00:00,1.30585,1.30799,1.30566,1.30751,4778.0
2020-08-03 21:00:00+00:00,1.30771,1.30815,1.3062,1.3069,1386.0
2020-08-04 01:00:00+00:00,1.30687,1.30887,1.30664,1.30808,3092.0
2020-08-04 05:00:00+00:00,1.30811,1.3108,1.30463,1.3069,9026.0
2020-08-04 09:00:00+00:00,1.30693,1.30787,1.29815,1.29859,11652.0
2020-08-04 13:00:00+00:00,1.29861,1.30696,1.2983,1.3065,12096.0
2020-08-04 17:00:00+00:00,1.30648,1.30754,1.30455,1.30711,4720.0
2020-08-04 21:00:00+00:00,1.3065,1.30874,1.30575,1.30818,1848.0
2020-08-05 01:00:00+00:00,1.3082,1.3097,1.30776,1.30959,2801.0
2020-08-05 05:00:00+00:00,1.30957,1.31234,1.30578,1.31014,8689.0
2020-08-05 09:00:00+00:00,1.31016,1.31488,1.30864,1.31414,12214.0
2020-08-05 13:00:00+00:00,1.31416,1.31616,1.31192,1.31272,13452.0
2020-08-05 17:00:00+00:00,1.31275,1.3137,1.31088,1.31146,3471.0
2020-08-05 21:00:00+00:00,1.31233,1.31442,1.31105,1.3136,1939.0
2020-08-06 01:00:00+00:00,1.31362,1.31418,1.31223,1.31353,3921.0
2020-08-06 05:00:00+00:00,1.31351,1.31841,1.31226,1.3161,18071.0
2020-08-06 09:00:00+00:00,1.31606,1.31858,1.31465,1.31532,12507.0
2020-08-06 13:00:00+00:00,1.31534,1.3179,1.31188,1.31592,16663.0
2020-08-06 17:00:00+00:00,1.31594,1.31666,1.31331,1.31423,6445.0
2020-08-06 21:00:00+00:00,1.31475,1.31542,1.31316,1.31399,5421.0
2020-08-07 01:00:00+00:00,1.31396,1.31402,1.30979,1.3117,5727.0
2020-08-07 05:00:00+00:00,1.31168,1.3133,1.3086,1.3105,8558.0
2020-08-07 09:00:00+00:00,1.31052,1.31103,1.30659,1.30974,12669.0
2020-08-07 13:00:00+00:00,1.30976,1.30995,1.30095,1.30423,17044.0
2020-08-07 17:00:00+00:00,1.30426,1.30624,1.3035,1.30522,4603.0
2020-08-09 21:00:00+00:00,1.30591,1.30676,1.30414,1.3065,2192.0
2020-08-10 01:00:00+00:00,1.30647,1.30763,1.30617,1.30676,2486.0
2020-08-10 05:00:00+00:00,1.30678,1.30786,1.30462,1.3078,7355.0
2020-08-10 09:00:00+00:00,1.30778,1.30866,1.30192,1.30674,8360.0
2020-08-10 13:00:00+00:00,1.30672,1.31036,1.3062,1.30851,10271.0
2020-08-10 17:00:00+00:00,1.30854,1.30878,1.30612,1.30735,3634.0
2020-08-10 21:00:00+00:00,1.30709,1.3079,1.30654,1.30676,1572.0
2020-08-11 01:00:00+00:00,1.30674,1.3096,1.30664,1.30866,3006.0
2020-08-11 05:00:00+00:00,1.30862,1.30935,1.30552,1.3088,8844.0
2020-08-11 09:00:00+00:00,1.30878,1.31322,1.30812,1.31188,10615.0
2020-08-11 13:00:00+00:00,1.31186,1.31212,1.3073,1.30903,13135.0
2020-08-11 17:00:00+00:00,1.30905,1.30908,1.30418,1.3048,6808.0
2020-08-11 21:00:00+00:00,1.30554,1.30624,1.30372,1.30468,2718.0
2020-08-12 01:00:00+00:00,1.3047,1.30552,1.30174,1.30216,6814.0
2020-08-12 05:00:00+00:00,1.30219,1.30676,1.3017,1.30538,8816.0
2020-08-12 09:00:00+00:00,1.3054,1.30659,1.30054,1.30372,10772.0
2020-08-12 13:00:00+00:00,1.30375,1.30594,1.30134,1.30438,13855.0
2020-08-12 17:00:00+00:00,1.3044,1.30456,1.3021,1.30323,4536.0
2020-08-12 21:00:00+00:00,1.30331,1.30633,1.30284,1.30572,2022.0
2020-08-13 01:00:00+00:00,1.3057,1.30736,1.30497,1.30505,3652.0
2020-08-13 05:00:00+00:00,1.30503,1.30929,1.30498,1.30863,8539.0
2020-08-13 09:00:00+00:00,1.30865,1.31122,1.30766,1.30982,9195.0
2020-08-13 13:00:00+00:00,1.30979,1.31248,1.30727,1.30799,10396.0
2020-08-13 17:00:00+00:00,1.30796,1.30824,1.30455,1.30678,5544.0
2020-08-13 21:00:00+00:00,1.30665,1.30748,1.30555,1.30607,1701.0
2020-08-14 01:00:00+00:00,1.3061,1.30651,1.30484,1.30588,3021.0
2020-08-14 05:00:00+00:00,1.3059,1.30834,1.30521,1.30785,7503.0
2020-08-14 09:00:00+00:00,1.30788,1.31328,1.30618,1.31264,8919.0
2020-08-14 13:00:00+00:00,1.31262,1.31428,1.30924,1.31005,9605.0
2020-08-14 17:00:00+00:00,1.31002,1.31026,1.30842,1.30858,3007.0
2020-08-16 21:00:00+00:00,1.30896,1.31067,1.30853,1.31019,1805.0
2020-08-17 01:00:00+00:00,1.31017,1.31103,1.30878,1.30901,2540.0
2020-08-17 05:00:00+00:00,1.30904,1.31217,1.30789,1.30918,6881.0
2020-08-17 09:00:00+00:00,1.30916,1.31192,1.30741,1.30942,9235.0
2020-08-17 13:00:00+00:00,1.30945,1.31126,1.30874,1.3103,7792.0
2020-08-17 17:00:00+00:00,1.31028,1.31149,1.30994,1.31043,2605.0
2020-08-17 21:00:00+00:00,1.31043,1.31332,1.30985,1.31322,1830.0
2020-08-18 01:00:00+00:00,1.3132,1.31374,1.31228,1.31359,3292.0
2020-08-18 05:00:00+00:00,1.31357,1.3175,1.31337,1.3169,9477.0
2020-08-18 09:00:00+00:00,1.31687,1.31996,1.31539,1.31949,8744.0
2020-08-18 13:00:00+00:00,1.31952,1.32406,1.31888,1.3235,12089.0
2020-08-18 17:00:00+00:00,1.32352,1.325,1.32325,1.3238,3513.0
2020-08-18 21:00:00+00:00,1.32363,1.32647,1.32323,1.3255,2175.0
2020-08-19 01:00:00+00:00,1.32548,1.32636,1.3235,1.32383,3874.0
2020-08-19 05:00:00+00:00,1.32381,1.32673,1.32292,1.32432,9330.0
2020-08-19 09:00:00+00:00,1.3243,1.32553,1.31952,1.32028,8944.0
2020-08-19 13:00:00+00:00,1.3203,1.3227,1.31556,1.31648,12066.0
2020-08-19 17:00:00+00:00,1.3165,1.3168,1.3094,1.30978,13201.0
2020-08-19 21:00:00+00:00,1.30964,1.31196,1.30945,1.3107,2586.0
2020-08-20 01:00:00+00:00,1.31073,1.31094,1.3088,1.30964,4580.0
2020-08-20 05:00:00+00:00,1.30968,1.31134,1.30646,1.31073,12100.0
2020-08-20 09:00:00+00:00,1.31076,1.315,1.30955,1.31022,12663.0
2020-08-20 13:00:00+00:00,1.31024,1.32014,1.308,1.31879,16420.0
2020-08-20 17:00:00+00:00,1.31882,1.32247,1.31851,1.32149,5731.0
2020-08-20 21:00:00+00:00,1.32166,1.32348,1.32118,1.32312,2861.0
2020-08-21 01:00:00+00:00,1.3231,1.32422,1.32215,1.32417,3701.0
2020-08-21 05:00:00+00:00,1.32415,1.32552,1.31876,1.31998,13734.0
2020-08-21 09:00:00+00:00,1.32,1.32024,1.30984,1.31082,15016.0
2020-08-21 13:00:00+00:00,1.3108,1.31106,1.30588,1.30778,14748.0
2020-08-21 17:00:00+00:00,1.30776,1.30973,1.30726,1.309,3415.0
2020-08-23 21:00:00+00:00,1.30883,1.31015,1.30838,1.30874,1958.0
2020-08-24 01:00:00+00:00,1.30872,1.30979,1.30825,1.30879,3045.0
2020-08-24 05:00:00+00:00,1.30882,1.3116,1.30776,1.31034,8057.0
2020-08-24 09:00:00+00:00,1.31036,1.31489,1.30932,1.31207,8619.0
2020-08-24 13:00:00+00:00,1.31209,1.3124,1.30602,1.30692,11082.0
2020-08-24 17:00:00+00:00,1.3069,1.30738,1.30537,1.30635,3610.0
2020-08-24 21:00:00+00:00,1.30657,1.30797,1.3059,1.3079,2059.0
2020-08-25 01:00:00+00:00,1.30793,1.31154,1.30759,1.31042,3896.0
2020-08-25 05:00:00+00:00,1.31039,1.31106,1.30774,1.31074,7747.0
2020-08-25 09:00:00+00:00,1.31076,1.3144,1.3102,1.31345,9177.0
2020-08-25 13:00:00+00:00,1.31348,1.31706,1.31142,1.31226,13250.0
2020-08-25 17:00:00+00:00,1.31228,1.31524,1.31214,1.31519,2949.0
2020-08-25 21:00:00+00:00,1.31547,1.31582,1.31394,1.31439,1653.0
2020-08-26 01:00:00+00:00,1.31441,1.31498,1.31326,1.31372,2848.0
2020-08-26 05:00:00+00:00,1.3137,1.31654,1.31259,1.31568,7539.0
2020-08-26 09:00:00+00:00,1.31566,1.31631,1.31172,1.31334,8701.0
2020-08-26 13:00:00+00:00,1.31332,1.32187,1.31302,1.32141,11766.0
2020-08-26 17:00:00+00:00,1.32144,1.32192,1.31902,1.32103,4230.0
2020-08-26 21:00:00+00:00,1.32065,1.32236,1.32051,1.32142,1379.0
2020-08-27 01:00:00+00:00,1.3214,1.32224,1.31942,1.32106,4064.0
2020-08-27 05:00:00+00:00,1.32104,1.32294,1.31984,1.32136,7214.0
2020-08-27 09:00:00+00:00,1.32133,1.32252,1.31642,1.32165,9715.0
2020-08-27 13:00:00+00:00,1.32167,1.32848,1.31616,1.31832,40259.0
2020-08-27 17:00:00+00:00,1.3183,1.32206,1.31814,1.32001,7651.0
2020-08-27 21:00:00+00:00,1.32001,1.32076,1.31864,1.31984,2318.0
2020-08-28 01:00:00+00:00,1.31982,1.32576,1.31924,1.32568,5324.0
2020-08-28 05:00:00+00:00,1.3257,1.329,1.32543,1.32814,14991.0
2020-08-28 09:00:00+00:00,1.32816,1.33204,1.32682,1.32718,12454.0
2020-08-28 13:00:00+00:00,1.32716,1.33566,1.32625,1.33274,17469.0
2020-08-28 17:00:00+00:00,1.33276,1.33541,1.33226,1.33512,3910.0
2020-08-30 21:00:00+00:00,1.33468,1.33698,1.33374,1.33458,4298.0
2020-08-31 01:00:00+00:00,1.3346,1.33578,1.3333,1.3338,3835.0
2020-08-31 05:00:00+00:00,1.33382,1.33484,1.33014,1.33144,8449.0
2020-08-31 09:00:00+00:00,1.33142,1.33378,1.33044,1.33228,7685.0
2020-08-31 13:00:00+00:00,1.3323,1.33957,1.33118,1.33776,14336.0
2020-08-31 17:00:00+00:00,1.33774,1.33844,1.33599,1.33677,4682.0
2020-08-31 21:00:00+00:00,1.33682,1.33746,1.33566,1.33595,1851.0
2020-09-01 01:00:00+00:00,1.33597,1.34146,1.33595,1.3405,6746.0
2020-09-01 05:00:00+00:00,1.34053,1.34424,1.33942,1.34208,11345.0
2020-09-01 09:00:00+00:00,1.3421,1.34826,1.34174,1.34684,11400.0
2020-09-01 13:00:00+00:00,1.34686,1.34728,1.33868,1.33923,18913.0
2020-09-01 17:00:00+00:00,1.33926,1.33965,1.33694,1.3384,6751.0
2020-09-01 21:00:00+00:00,1.33926,1.34026,1.33789,1.3382,5525.0
2020-09-02 01:00:00+00:00,1.33818,1.33847,1.3366,1.33794,4079.0
2020-09-02 05:00:00+00:00,1.3379,1.3384,1.33254,1.33416,9791.0
2020-09-02 09:00:00+00:00,1.33414,1.33698,1.33296,1.3354,12634.0
2020-09-02 13:00:00+00:00,1.33542,1.33557,1.32835,1.3328,16830.0
2020-09-02 17:00:00+00:00,1.33278,1.33539,1.33132,1.3352,5639.0
2020-09-02 21:00:00+00:00,1.33506,1.33586,1.33276,1.3328,1617.0
2020-09-03 01:00:00+00:00,1.33283,1.33396,1.33124,1.3315,4178.0
2020-09-03 05:00:00+00:00,1.33152,1.33188,1.32768,1.33172,10828.0
2020-09-03 09:00:00+00:00,1.3317,1.3317,1.3244,1.3269,12115.0
2020-09-03 13:00:00+00:00,1.32687,1.32972,1.32425,1.32623,20247.0
2020-09-03 17:00:00+00:00,1.32626,1.32851,1.32538,1.32814,7384.0
2020-09-03 21:00:00+00:00,1.32793,1.3283,1.32611,1.32784,2062.0
2020-09-04 01:00:00+00:00,1.32786,1.32964,1.32752,1.32806,3023.0
2020-09-04 05:00:00+00:00,1.32809,1.33149,1.32556,1.33106,10052.0
2020-09-04 09:00:00+00:00,1.33104,1.33191,1.32194,1.32222,15529.0
2020-09-04 13:00:00+00:00,1.3222,1.32484,1.3176,1.32453,24040.0
2020-09-04 17:00:00+00:00,1.32456,1.32932,1.32407,1.32803,6315.0
2020-09-06 21:00:00+00:00,1.32473,1.32766,1.32394,1.32541,3113.0
2020-09-07 01:00:00+00:00,1.32538,1.32576,1.32292,1.32298,2779.0
2020-09-07 05:00:00+00:00,1.32295,1.32386,1.31871,1.31914,9018.0
2020-09-07 09:00:00+00:00,1.31916,1.3203,1.31442,1.31587,9274.0
2020-09-07 13:00:00+00:00,1.31584,1.31844,1.31402,1.31742,5253.0
2020-09-07 17:00:00+00:00,1.31745,1.31745,1.31642,1.31698,1747.0
2020-09-07 21:00:00+00:00,1.31726,1.31752,1.31476,1.31522,2269.0
2020-09-08 01:00:00+00:00,1.31524,1.31563,1.31333,1.31373,2804.0
2020-09-08 05:00:00+00:00,1.31376,1.31593,1.31026,1.31045,9590.0
2020-09-08 09:00:00+00:00,1.31047,1.31088,1.30205,1.30382,17198.0
2020-09-08 13:00:00+00:00,1.3038,1.3057,1.30084,1.30452,19601.0
2020-09-08 17:00:00+00:00,1.3045,1.3048,1.29801,1.29819,5854.0
2020-09-08 21:00:00+00:00,1.29842,1.29877,1.29498,1.29671,3142.0
2020-09-09 01:00:00+00:00,1.29668,1.29703,1.29522,1.29671,3576.0
2020-09-09 05:00:00+00:00,1.29674,1.29731,1.29192,1.29392,10436.0
2020-09-09 09:00:00+00:00,1.29394,1.29868,1.2885,1.29438,14622.0
2020-09-09 13:00:00+00:00,1.29436,1.30184,1.29327,1.30132,18825.0
2020-09-09 17:00:00+00:00,1.30128,1.30234,1.29858,1.30012,5806.0
2020-09-09 21:00:00+00:00,1.29963,1.30136,1.299,1.29936,1703.0
2020-09-10 01:00:00+00:00,1.29939,1.29988,1.29768,1.29912,2949.0
2020-09-10 05:00:00+00:00,1.29914,1.30355,1.299,1.30164,9801.0
2020-09-10 09:00:00+00:00,1.30162,1.30332,1.29229,1.29696,22426.0
2020-09-10 13:00:00+00:00,1.29698,1.2984,1.27814,1.28302,23895.0
2020-09-10 17:00:00+00:00,1.28299,1.28546,1.27729,1.28078,11975.0
2020-09-10 21:00:00+00:00,1.28007,1.282,1.27947,1.28028,2776.0
2020-09-11 01:00:00+00:00,1.28031,1.28308,1.27997,1.28198,3416.0
2020-09-11 05:00:00+00:00,1.28196,1.28637,1.2779,1.27844,11011.0
2020-09-11 09:00:00+00:00,1.27846,1.2866,1.27625,1.28111,15851.0
2020-09-11 13:00:00+00:00,1.28108,1.28244,1.27746,1.2789,14957.0
2020-09-11 17:00:00+00:00,1.27887,1.28051,1.27763,1.27954,7013.0
2020-09-13 21:00:00+00:00,1.27811,1.28121,1.27752,1.27962,1925.0
2020-09-14 01:00:00+00:00,1.27964,1.28288,1.27945,1.28185,2887.0
2020-09-14 05:00:00+00:00,1.28187,1.28628,1.28112,1.28472,9118.0
2020-09-14 09:00:00+00:00,1.2847,1.28841,1.28422,1.28745,11516.0
2020-09-14 13:00:00+00:00,1.28748,1.29194,1.28636,1.28682,13953.0
2020-09-14 17:00:00+00:00,1.28684,1.287,1.28427,1.28462,4379.0
2020-09-14 21:00:00+00:00,1.28394,1.28524,1.2833,1.28361,1317.0
2020-09-15 01:00:00+00:00,1.28364,1.28658,1.28148,1.2862,4207.0
2020-09-15 05:00:00+00:00,1.28622,1.28995,1.28446,1.28812,10281.0
2020-09-15 09:00:00+00:00,1.28815,1.29264,1.28804,1.28875,11932.0
2020-09-15 13:00:00+00:00,1.28872,1.29015,1.28411,1.28926,12253.0
2020-09-15 17:00:00+00:00,1.28924,1.29066,1.28817,1.28887,3876.0
2020-09-15 21:00:00+00:00,1.28897,1.28916,1.28752,1.28837,1434.0
2020-09-16 01:00:00+00:00,1.28835,1.29153,1.28766,1.28974,3177.0
2020-09-16 05:00:00+00:00,1.28972,1.29132,1.2877,1.29106,7343.0
2020-09-16 09:00:00+00:00,1.29108,1.29896,1.29082,1.29806,12531.0
2020-09-16 13:00:00+00:00,1.29804,1.30073,1.29614,1.29786,16695.0
2020-09-16 17:00:00+00:00,1.29788,1.30009,1.29382,1.29674,24377.0
2020-09-16 21:00:00+00:00,1.29667,1.29742,1.29311,1.29352,2491.0
2020-09-17 01:00:00+00:00,1.29354,1.29509,1.29016,1.29245,6974.0
2020-09-17 05:00:00+00:00,1.29248,1.29638,1.29204,1.29601,13600.0
2020-09-17 09:00:00+00:00,1.29603,1.29824,1.28648,1.2879,21533.0
2020-09-17 13:00:00+00:00,1.28792,1.29998,1.28749,1.29379,21415.0
2020-09-17 17:00:00+00:00,1.29377,1.29913,1.29366,1.29723,5965.0
2020-09-17 21:00:00+00:00,1.29723,1.29938,1.29672,1.29798,2776.0
2020-09-18 01:00:00+00:00,1.298,1.29906,1.29413,1.29594,4396.0
2020-09-18 05:00:00+00:00,1.29591,1.29943,1.29524,1.29861,9967.0
2020-09-18 09:00:00+00:00,1.29859,1.29999,1.29556,1.29682,11919.0
2020-09-18 13:00:00+00:00,1.29684,1.2974,1.29325,1.29515,15971.0
2020-09-18 17:00:00+00:00,1.29513,1.29516,1.29148,1.29174,6558.0
2020-09-20 21:00:00+00:00,1.29315,1.29549,1.29063,1.29536,2651.0
2020-09-21 01:00:00+00:00,1.29538,1.29624,1.29462,1.29572,3537.0
2020-09-21 05:00:00+00:00,1.2957,1.29665,1.28348,1.2844,13680.0
2020-09-21 09:00:00+00:00,1.28442,1.28715,1.28369,1.28454,14113.0
2020-09-21 13:00:00+00:00,1.28456,1.28494,1.27794,1.27893,19762.0
2020-09-21 17:00:00+00:00,1.27896,1.28208,1.27756,1.28158,6858.0
2020-09-21 21:00:00+00:00,1.28158,1.28232,1.28034,1.28178,2334.0
2020-09-22 01:00:00+00:00,1.28175,1.2824,1.27982,1.28218,4246.0
2020-09-22 05:00:00+00:00,1.28221,1.28384,1.27124,1.28238,19464.0
2020-09-22 09:00:00+00:00,1.2824,1.28676,1.27799,1.27998,16973.0
2020-09-22 13:00:00+00:00,1.27995,1.28134,1.27107,1.27215,21194.0
2020-09-22 17:00:00+00:00,1.27217,1.27412,1.27161,1.27329,4572.0
2020-09-22 21:00:00+00:00,1.27318,1.27478,1.27198,1.27213,2739.0
2020-09-23 01:00:00+00:00,1.27216,1.27354,1.27162,1.27173,4648.0
2020-09-23 05:00:00+00:00,1.27175,1.27272,1.26752,1.27046,14665.0
2020-09-23 09:00:00+00:00,1.27044,1.27488,1.26982,1.27428,13901.0
2020-09-23 13:00:00+00:00,1.27431,1.27771,1.27254,1.27572,18985.0
2020-09-23 17:00:00+00:00,1.2757,1.27575,1.27078,1.27261,7548.0
2020-09-23 21:00:00+00:00,1.27211,1.2732,1.27103,1.27314,2661.0
2020-09-24 01:00:00+00:00,1.27312,1.2739,1.26999,1.27004,4347.0
2020-09-24 05:00:00+00:00,1.27002,1.27532,1.26908,1.27368,12904.0
2020-09-24 09:00:00+00:00,1.2737,1.27818,1.27214,1.27578,19276.0
2020-09-24 13:00:00+00:00,1.27576,1.27692,1.27077,1.27524,22008.0
2020-09-24 17:00:00+00:00,1.27522,1.27738,1.27319,1.27453,8077.0
2020-09-24 21:00:00+00:00,1.27507,1.27605,1.27317,1.27536,1987.0
2020-09-25 01:00:00+00:00,1.27539,1.27609,1.27443,1.27592,2962.0
2020-09-25 05:00:00+00:00,1.27589,1.28053,1.27512,1.27647,10830.0
2020-09-25 09:00:00+00:00,1.27644,1.2765,1.26946,1.27386,13832.0
2020-09-25 13:00:00+00:00,1.27384,1.27384,1.26876,1.27029,15610.0
2020-09-25 17:00:00+00:00,1.27032,1.27504,1.26948,1.27452,5734.0
2020-09-27 21:00:00+00:00,1.27682,1.27724,1.27516,1.27528,2495.0
2020-09-28 01:00:00+00:00,1.27526,1.27747,1.27526,1.27686,2296.0
2020-09-28 05:00:00+00:00,1.27688,1.28426,1.27628,1.28255,11045.0
2020-09-28 09:00:00+00:00,1.28253,1.29299,1.28224,1.28687,16458.0
2020-09-28 13:00:00+00:00,1.28689,1.28892,1.28353,1.28525,13671.0
2020-09-28 17:00:00+00:00,1.28522,1.28536,1.28286,1.28326,3892.0
2020-09-28 21:00:00+00:00,1.284,1.28822,1.2835,1.2868,2566.0
2020-09-29 01:00:00+00:00,1.28678,1.2869,1.28362,1.28593,2398.0
2020-09-29 05:00:00+00:00,1.28596,1.2885,1.28348,1.28802,10304.0
2020-09-29 09:00:00+00:00,1.288,1.2888,1.28421,1.2857,11643.0
2020-09-29 13:00:00+00:00,1.28572,1.2903,1.28228,1.28538,19905.0
2020-09-29 17:00:00+00:00,1.28535,1.28696,1.28402,1.28592,5071.0
2020-09-29 21:00:00+00:00,1.28652,1.28688,1.28484,1.28504,1667.0
2020-09-30 01:00:00+00:00,1.28506,1.28731,1.2836,1.28411,4232.0
2020-09-30 05:00:00+00:00,1.28408,1.28524,1.28054,1.28201,11942.0
2020-09-30 09:00:00+00:00,1.28198,1.28582,1.28115,1.28486,12815.0
2020-09-30 13:00:00+00:00,1.28488,1.29429,1.28412,1.2911,22388.0
2020-09-30 17:00:00+00:00,1.29112,1.2925,1.28966,1.29246,9445.0
2020-09-30 21:00:00+00:00,1.29234,1.29282,1.29136,1.29154,1494.0
2020-10-01 01:00:00+00:00,1.29156,1.29416,1.29152,1.29382,2806.0
2020-10-01 05:00:00+00:00,1.29384,1.29502,1.28196,1.28251,15120.0
2020-10-01 09:00:00+00:00,1.28244,1.29788,1.28216,1.29504,23975.0
2020-10-01 13:00:00+00:00,1.29506,1.29616,1.28609,1.28941,23897.0
2020-10-01 17:00:00+00:00,1.28944,1.28988,1.2872,1.28873,6198.0
2020-10-01 21:00:00+00:00,1.28909,1.28909,1.28726,1.28761,1615.0
2020-10-02 01:00:00+00:00,1.28764,1.28812,1.28372,1.28439,3664.0
2020-10-02 05:00:00+00:00,1.28441,1.2954,1.28378,1.2946,24133.0
2020-10-02 09:00:00+00:00,1.29466,1.29526,1.29034,1.29287,17543.0
2020-10-02 13:00:00+00:00,1.29289,1.29464,1.28932,1.29312,23096.0
2020-10-02 17:00:00+00:00,1.2931,1.2943,1.29256,1.29355,5267.0
2020-10-04 21:00:00+00:00,1.29284,1.2954,1.29135,1.29432,2488.0
2020-10-05 01:00:00+00:00,1.2943,1.29497,1.29365,1.29379,2148.0
2020-10-05 05:00:00+00:00,1.29382,1.2965,1.28998,1.29528,8637.0
2020-10-05 09:00:00+00:00,1.29526,1.29695,1.29336,1.29654,10251.0
2020-10-05 13:00:00+00:00,1.29656,1.29916,1.29638,1.29794,10724.0
2020-10-05 17:00:00+00:00,1.29796,1.29903,1.29705,1.29802,3168.0
2020-10-05 21:00:00+00:00,1.29793,1.29958,1.2972,1.29922,1384.0
2020-10-06 01:00:00+00:00,1.29924,1.30014,1.29814,1.29896,2660.0
2020-10-06 05:00:00+00:00,1.29894,1.30072,1.29583,1.29916,9311.0
2020-10-06 09:00:00+00:00,1.29914,1.29962,1.29155,1.29317,14168.0
2020-10-06 13:00:00+00:00,1.29319,1.29864,1.29244,1.29552,16578.0
2020-10-06 17:00:00+00:00,1.29549,1.29549,1.2867,1.28747,15057.0
2020-10-06 21:00:00+00:00,1.28775,1.28936,1.28656,1.28814,2481.0
2020-10-07 01:00:00+00:00,1.28811,1.28898,1.28702,1.28878,2952.0
2020-10-07 05:00:00+00:00,1.2888,1.29297,1.28838,1.29046,8844.0
2020-10-07 09:00:00+00:00,1.29044,1.29063,1.28491,1.2898,12745.0
2020-10-07 13:00:00+00:00,1.28978,1.2929,1.28451,1.29186,18122.0
2020-10-07 17:00:00+00:00,1.29188,1.2925,1.29038,1.29195,4191.0
2020-10-07 21:00:00+00:00,1.29223,1.2928,1.29128,1.29202,1315.0
2020-10-08 01:00:00+00:00,1.29199,1.29345,1.29127,1.29323,2632.0
2020-10-08 05:00:00+00:00,1.2932,1.29704,1.2927,1.29535,8933.0
2020-10-08 09:00:00+00:00,1.29533,1.29622,1.28914,1.29095,12009.0
2020-10-08 13:00:00+00:00,1.29093,1.29485,1.29002,1.29386,12368.0
2020-10-08 17:00:00+00:00,1.29388,1.29454,1.2929,1.29374,3079.0
2020-10-08 21:00:00+00:00,1.29366,1.29432,1.2922,1.2941,1844.0
2020-10-09 01:00:00+00:00,1.29412,1.29592,1.29412,1.29542,2156.0
2020-10-09 05:00:00+00:00,1.29544,1.2973,1.29314,1.29468,9689.0
2020-10-09 09:00:00+00:00,1.2947,1.29689,1.29223,1.29668,10932.0
2020-10-09 13:00:00+00:00,1.29665,1.30299,1.29566,1.302,11801.0
2020-10-09 17:00:00+00:00,1.30203,1.30496,1.30181,1.30464,3755.0
2020-10-11 21:00:00+00:00,1.30267,1.30378,1.3023,1.30286,2018.0
2020-10-12 01:00:00+00:00,1.30284,1.30408,1.302,1.30404,2417.0
2020-10-12 05:00:00+00:00,1.30402,1.30599,1.30136,1.30143,8662.0
2020-10-12 09:00:00+00:00,1.3014,1.30455,1.30057,1.30422,8939.0
2020-10-12 13:00:00+00:00,1.3042,1.30828,1.3031,1.30626,10475.0
2020-10-12 17:00:00+00:00,1.30628,1.30721,1.30597,1.30684,2617.0
2020-10-12 21:00:00+00:00,1.30718,1.30723,1.30402,1.30476,2043.0
2020-10-13 01:00:00+00:00,1.30474,1.30556,1.30374,1.30499,2871.0
2020-10-13 05:00:00+00:00,1.30497,1.30652,1.30148,1.30628,10135.0
2020-10-13 09:00:00+00:00,1.3063,1.3068,1.30058,1.30125,13444.0
2020-10-13 13:00:00+00:00,1.30123,1.30123,1.2953,1.29578,16721.0
2020-10-13 17:00:00+00:00,1.29576,1.2958,1.29218,1.29357,5469.0
2020-10-13 21:00:00+00:00,1.29357,1.2944,1.29276,1.29374,1065.0
2020-10-14 01:00:00+00:00,1.29376,1.29416,1.29144,1.29224,3760.0
2020-10-14 05:00:00+00:00,1.29226,1.29244,1.28631,1.29055,10354.0
2020-10-14 09:00:00+00:00,1.29053,1.30438,1.28996,1.30292,19646.0
2020-10-14 13:00:00+00:00,1.30295,1.30646,1.30072,1.3016,13363.0
2020-10-14 17:00:00+00:00,1.30158,1.30346,1.301,1.30102,4658.0
2020-10-14 21:00:00+00:00,1.30117,1.30256,1.30066,1.3023,3142.0
2020-10-15 01:00:00+00:00,1.30228,1.30302,1.30096,1.30202,2702.0
2020-10-15 05:00:00+00:00,1.302,1.30252,1.29363,1.29474,11723.0
2020-10-15 09:00:00+00:00,1.29472,1.29748,1.29092,1.29252,16333.0
2020-10-15 13:00:00+00:00,1.29249,1.29588,1.28905,1.29222,18702.0
2020-10-15 17:00:00+00:00,1.29224,1.29305,1.28924,1.29045,6119.0
2020-10-15 21:00:00+00:00,1.29045,1.29162,1.2895,1.29056,1980.0
2020-10-16 01:00:00+00:00,1.29054,1.29086,1.28868,1.28914,2673.0
2020-10-16 05:00:00+00:00,1.28917,1.29489,1.28834,1.29324,10095.0
2020-10-16 09:00:00+00:00,1.29326,1.29626,1.2863,1.29093,24869.0
2020-10-16 13:00:00+00:00,1.2909,1.2946,1.28731,1.29244,14435.0
2020-10-16 17:00:00+00:00,1.29242,1.29326,1.29056,1.29166,4906.0
2020-10-18 21:00:00+00:00,1.2898,1.29424,1.2898,1.2942,2903.0
2020-10-19 01:00:00+00:00,1.29422,1.2946,1.29243,1.29261,2613.0
2020-10-19 05:00:00+00:00,1.29258,1.30058,1.29226,1.29962,8249.0
2020-10-19 09:00:00+00:00,1.29965,1.30176,1.29727,1.29924,10712.0
2020-10-19 13:00:00+00:00,1.29926,1.30247,1.29681,1.29822,17427.0
2020-10-19 17:00:00+00:00,1.2982,1.2987,1.29366,1.2947,5611.0
2020-10-19 21:00:00+00:00,1.2951,1.29556,1.29419,1.29505,1962.0
2020-10-20 01:00:00+00:00,1.29507,1.29583,1.29354,1.29448,2476.0
2020-10-20 05:00:00+00:00,1.29445,1.29734,1.29192,1.29646,8332.0
2020-10-20 09:00:00+00:00,1.29648,1.29794,1.29112,1.29262,11012.0
2020-10-20 13:00:00+00:00,1.2926,1.2975,1.29194,1.29398,12803.0
2020-10-20 17:00:00+00:00,1.294,1.29516,1.29308,1.29491,3904.0
2020-10-20 21:00:00+00:00,1.29414,1.2966,1.29407,1.29604,2331.0
2020-10-21 01:00:00+00:00,1.29602,1.29822,1.29595,1.298,2412.0
2020-10-21 05:00:00+00:00,1.29802,1.30648,1.2971,1.30398,11736.0
2020-10-21 09:00:00+00:00,1.304,1.30967,1.30355,1.30946,11134.0
2020-10-21 13:00:00+00:00,1.30948,1.3177,1.30752,1.31574,17493.0
2020-10-21 17:00:00+00:00,1.31576,1.31692,1.3134,1.31455,6632.0
2020-10-21 21:00:00+00:00,1.31455,1.31546,1.31268,1.31378,2736.0
2020-10-22 01:00:00+00:00,1.3138,1.31448,1.31242,1.3131,2962.0
2020-10-22 05:00:00+00:00,1.31308,1.31496,1.31042,1.31072,8966.0
2020-10-22 09:00:00+00:00,1.3107,1.31224,1.3084,1.31022,12664.0
2020-10-22 13:00:00+00:00,1.31024,1.31186,1.30707,1.30958,13086.0
2020-10-22 17:00:00+00:00,1.30956,1.30984,1.30738,1.30838,3680.0
2020-10-22 21:00:00+00:00,1.30871,1.30967,1.30566,1.30724,2940.0
2020-10-23 01:00:00+00:00,1.30721,1.3073,1.30572,1.3062,2692.0
2020-10-23 05:00:00+00:00,1.30617,1.31134,1.3051,1.30891,8268.0
2020-10-23 09:00:00+00:00,1.30889,1.31226,1.30594,1.3091,13946.0
2020-10-23 13:00:00+00:00,1.30913,1.30928,1.30193,1.30318,11487.0
2020-10-23 17:00:00+00:00,1.30315,1.30546,1.30204,1.3041,3741.0
2020-10-25 21:00:00+00:00,1.30594,1.30594,1.30404,1.30472,3334.0
2020-10-26 01:00:00+00:00,1.30474,1.30552,1.30213,1.30238,3142.0
2020-10-26 05:00:00+00:00,1.3024,1.30328,1.29928,1.30168,8297.0
2020-10-26 09:00:00+00:00,1.3017,1.3075,1.30099,1.3024,13176.0
2020-10-26 13:00:00+00:00,1.30238,1.30364,1.2995,1.3023,11730.0
2020-10-26 17:00:00+00:00,1.30228,1.30311,1.30154,1.30243,4126.0
2020-10-26 21:00:00+00:00,1.30243,1.30262,1.30106,1.30258,1830.0
2020-10-27 01:00:00+00:00,1.3026,1.30397,1.30232,1.30338,2463.0
2020-10-27 05:00:00+00:00,1.30342,1.30448,1.3001,1.3017,7302.0
2020-10-27 09:00:00+00:00,1.30167,1.3059,1.30098,1.30299,9720.0
2020-10-27 13:00:00+00:00,1.30296,1.30796,1.30275,1.30724,11053.0
2020-10-27 17:00:00+00:00,1.30726,1.30768,1.30463,1.30463,2706.0
2020-10-27 21:00:00+00:00,1.30391,1.30444,1.30208,1.3033,2133.0
2020-10-28 01:00:00+00:00,1.30328,1.3043,1.3026,1.30414,2554.0
2020-10-28 05:00:00+00:00,1.30416,1.3064,1.29882,1.30008,9031.0
2020-10-28 09:00:00+00:00,1.3001,1.30037,1.29167,1.29414,15344.0
2020-10-28 13:00:00+00:00,1.29412,1.30134,1.29306,1.29813,20882.0
2020-10-28 17:00:00+00:00,1.29811,1.30006,1.29771,1.29834,5630.0
2020-10-28 21:00:00+00:00,1.29874,1.29976,1.29812,1.29901,1890.0
2020-10-29 01:00:00+00:00,1.29904,1.3008,1.29882,1.30022,2705.0
2020-10-29 05:00:00+00:00,1.30024,1.30254,1.29816,1.29926,9062.0
2020-10-29 09:00:00+00:00,1.2993,1.3026,1.29304,1.29356,15465.0
2020-10-29 13:00:00+00:00,1.29359,1.29492,1.2881,1.29154,21810.0
2020-10-29 17:00:00+00:00,1.29152,1.29364,1.29018,1.29348,5396.0
2020-10-29 21:00:00+00:00,1.29258,1.29376,1.29164,1.29268,2104.0
2020-10-30 01:00:00+00:00,1.29271,1.29395,1.29172,1.29176,2914.0
2020-10-30 05:00:00+00:00,1.29178,1.29394,1.28991,1.29282,9177.0
2020-10-30 09:00:00+00:00,1.2928,1.29881,1.2927,1.29731,14678.0
2020-10-30 13:00:00+00:00,1.29734,1.29882,1.29239,1.29531,18505.0
2020-10-30 17:00:00+00:00,1.29529,1.29652,1.2938,1.29517,8278.0
2020-11-01 22:00:00+00:00,1.29267,1.29398,1.29163,1.29284,3296.0
2020-11-02 02:00:00+00:00,1.29282,1.29396,1.28997,1.29029,2771.0
2020-11-02 06:00:00+00:00,1.29032,1.29158,1.28541,1.29109,12748.0
2020-11-02 10:00:00+00:00,1.29112,1.29428,1.28996,1.29356,11725.0
2020-11-02 14:00:00+00:00,1.29354,1.29356,1.289,1.29052,9113.0
2020-11-02 18:00:00+00:00,1.2905,1.292,1.28904,1.29185,2840.0
2020-11-02 22:00:00+00:00,1.29169,1.29287,1.29107,1.29276,2538.0
2020-11-03 02:00:00+00:00,1.29278,1.2937,1.29152,1.29236,2232.0
2020-11-03 06:00:00+00:00,1.2924,1.29966,1.29232,1.29918,9222.0
2020-11-03 10:00:00+00:00,1.2992,1.30116,1.29723,1.30037,9580.0
2020-11-03 14:00:00+00:00,1.30039,1.30788,1.30018,1.3041,11232.0
2020-11-03 18:00:00+00:00,1.30412,1.30682,1.30113,1.30624,5044.0
2020-11-03 22:00:00+00:00,1.30572,1.31402,1.29998,1.30288,18156.0
2020-11-04 02:00:00+00:00,1.3029,1.30414,1.29343,1.29899,29524.0
2020-11-04 06:00:00+00:00,1.29896,1.30018,1.29147,1.29725,24713.0
2020-11-04 10:00:00+00:00,1.29728,1.30507,1.29666,1.29778,19518.0
2020-11-04 14:00:00+00:00,1.2978,1.30227,1.29504,1.29969,21473.0
2020-11-04 18:00:00+00:00,1.29971,1.30068,1.29703,1.29901,7630.0
2020-11-04 22:00:00+00:00,1.29914,1.29945,1.2932,1.29558,5241.0
2020-11-05 02:00:00+00:00,1.29555,1.29744,1.29456,1.29669,5234.0
2020-11-05 06:00:00+00:00,1.29671,1.30511,1.29403,1.30482,22432.0
2020-11-05 10:00:00+00:00,1.30484,1.31096,1.30318,1.30878,17888.0
2020-11-05 14:00:00+00:00,1.30876,1.31354,1.30666,1.31002,18856.0
2020-11-05 18:00:00+00:00,1.31005,1.31547,1.30897,1.31491,8925.0
2020-11-05 22:00:00+00:00,1.31484,1.31581,1.31124,1.31288,6270.0
2020-11-06 02:00:00+00:00,1.3129,1.31438,1.31188,1.31232,5560.0
2020-11-06 06:00:00+00:00,1.31232,1.31544,1.31008,1.31409,14882.0
2020-11-06 10:00:00+00:00,1.31406,1.31566,1.31078,1.31476,18062.0
2020-11-06 14:00:00+00:00,1.31478,1.31772,1.30926,1.31542,21982.0
2020-11-06 18:00:00+00:00,1.31544,1.31683,1.31382,1.31559,4191.0
2020-11-08 22:00:00+00:00,1.31628,1.31934,1.31516,1.31819,8110.0
2020-11-09 02:00:00+00:00,1.31817,1.31911,1.31744,1.31788,3485.0
2020-11-09 06:00:00+00:00,1.31788,1.31993,1.3124,1.3128,13116.0
2020-11-09 10:00:00+00:00,1.31278,1.31904,1.31204,1.31818,28185.0
2020-11-09 14:00:00+00:00,1.31816,1.32081,1.31185,1.31415,26555.0
2020-11-09 18:00:00+00:00,1.31412,1.31774,1.31207,1.31636,7693.0
2020-11-09 22:00:00+00:00,1.31658,1.31864,1.31567,1.31828,4920.0
2020-11-10 02:00:00+00:00,1.3183,1.31988,1.3176,1.31847,5679.0
2020-11-10 06:00:00+00:00,1.31844,1.32544,1.31674,1.3249,15645.0
2020-11-10 10:00:00+00:00,1.32492,1.32726,1.32222,1.32392,19594.0
2020-11-10 14:00:00+00:00,1.3239,1.32784,1.32148,1.3237,21808.0
2020-11-10 18:00:00+00:00,1.32367,1.32779,1.32367,1.32726,6292.0
2020-11-10 22:00:00+00:00,1.32718,1.3275,1.32534,1.3266,3541.0
2020-11-11 02:00:00+00:00,1.32658,1.32804,1.32588,1.3262,3556.0
2020-11-11 06:00:00+00:00,1.3262,1.33139,1.324,1.32622,14984.0
2020-11-11 10:00:00+00:00,1.3262,1.32818,1.3216,1.32454,15503.0
2020-11-11 14:00:00+00:00,1.32456,1.32533,1.31916,1.32018,13163.0
2020-11-11 18:00:00+00:00,1.3202,1.3225,1.32008,1.3224,3660.0
2020-11-11 22:00:00+00:00,1.3224,1.32284,1.3216,1.32199,1854.0
2020-11-12 02:00:00+00:00,1.32202,1.32222,1.32038,1.3207,2477.0
2020-11-12 06:00:00+00:00,1.3207,1.32081,1.3161,1.3182,10609.0
2020-11-12 10:00:00+00:00,1.31822,1.32003,1.31322,1.31776,13479.0
2020-11-12 14:00:00+00:00,1.31779,1.31834,1.31146,1.31155,13442.0
2020-11-12 18:00:00+00:00,1.31153,1.31245,1.31064,1.31212,5536.0
2020-11-12 22:00:00+00:00,1.31265,1.31284,1.31144,1.31184,2568.0
2020-11-13 02:00:00+00:00,1.31181,1.31296,1.31092,1.31258,2692.0
2020-11-13 06:00:00+00:00,1.31261,1.31752,1.31221,1.31731,8304.0
2020-11-13 10:00:00+00:00,1.31727,1.31868,1.31526,1.31662,9120.0
2020-11-13 14:00:00+00:00,1.31666,1.31922,1.31504,1.31878,9063.0
2020-11-13 18:00:00+00:00,1.31876,1.32006,1.3174,1.31958,3142.0
2020-11-15 22:00:00+00:00,1.31768,1.3224,1.31764,1.32198,3083.0
2020-11-16 02:00:00+00:00,1.322,1.32338,1.32162,1.32166,2510.0
2020-11-16 06:00:00+00:00,1.32166,1.32425,1.31678,1.31724,7380.0
2020-11-16 10:00:00+00:00,1.31722,1.32177,1.31656,1.31801,14697.0
2020-11-16 14:00:00+00:00,1.31799,1.32044,1.31672,1.31972,11030.0
2020-11-16 18:00:00+00:00,1.31974,1.32039,1.31858,1.32039,2984.0
2020-11-16 22:00:00+00:00,1.31934,1.32339,1.31902,1.3212,4241.0
2020-11-17 02:00:00+00:00,1.32122,1.32282,1.32074,1.3215,2683.0
2020-11-17 06:00:00+00:00,1.32152,1.32374,1.31932,1.32252,7307.0
2020-11-17 10:00:00+00:00,1.32249,1.32726,1.32204,1.32642,11292.0
2020-11-17 14:00:00+00:00,1.32638,1.3266,1.32404,1.32416,9584.0
2020-11-17 18:00:00+00:00,1.32418,1.32598,1.32396,1.32486,2689.0
2020-11-17 22:00:00+00:00,1.32462,1.32668,1.32438,1.32476,2399.0
2020-11-18 02:00:00+00:00,1.32478,1.32706,1.32466,1.32668,2254.0
2020-11-18 06:00:00+00:00,1.32668,1.32976,1.32566,1.32922,7066.0
2020-11-18 10:00:00+00:00,1.3292,1.32939,1.32627,1.32746,8191.0
2020-11-18 14:00:00+00:00,1.32749,1.33124,1.32692,1.32892,8375.0
2020-11-18 18:00:00+00:00,1.32889,1.32906,1.32651,1.32666,3284.0
2020-11-18 22:00:00+00:00,1.32713,1.32727,1.3226,1.32372,2887.0
2020-11-19 02:00:00+00:00,1.3237,1.32451,1.32242,1.32356,2322.0
2020-11-19 06:00:00+00:00,1.32354,1.32494,1.32048,1.32099,8362.0
2020-11-19 10:00:00+00:00,1.32097,1.32647,1.32059,1.32281,10878.0
2020-11-19 14:00:00+00:00,1.32283,1.32403,1.31961,1.32354,11093.0
2020-11-19 18:00:00+00:00,1.32356,1.32794,1.32332,1.3263,4368.0
2020-11-19 22:00:00+00:00,1.32654,1.32654,1.3247,1.32591,2227.0
2020-11-20 02:00:00+00:00,1.32594,1.3284,1.3253,1.32789,2639.0
2020-11-20 06:00:00+00:00,1.32786,1.32926,1.32492,1.32759,8652.0
2020-11-20 10:00:00+00:00,1.32756,1.32874,1.32576,1.32699,8685.0
2020-11-20 14:00:00+00:00,1.32701,1.32967,1.32701,1.32776,7263.0
2020-11-20 18:00:00+00:00,1.32774,1.32976,1.32631,1.32844,3989.0
2020-11-22 22:00:00+00:00,1.32968,1.33272,1.32851,1.33258,2512.0
2020-11-23 02:00:00+00:00,1.33255,1.3327,1.33132,1.3327,1515.0
2020-11-23 06:00:00+00:00,1.3327,1.33812,1.33118,1.33654,8560.0
2020-11-23 10:00:00+00:00,1.33656,1.33976,1.33512,1.33902,9794.0
2020-11-23 14:00:00+00:00,1.33904,1.33946,1.3264,1.33118,15536.0
2020-11-23 18:00:00+00:00,1.33121,1.33318,1.33066,1.33242,3653.0
2020-11-23 22:00:00+00:00,1.33242,1.33381,1.33193,1.33274,3064.0
2020-11-24 02:00:00+00:00,1.33278,1.33372,1.33223,1.33357,2909.0
2020-11-24 06:00:00+00:00,1.3336,1.33805,1.33318,1.3363,7974.0
2020-11-24 10:00:00+00:00,1.33632,1.33688,1.3308,1.3311,10746.0
2020-11-24 14:00:00+00:00,1.33112,1.33612,1.3293,1.33429,12274.0
2020-11-24 18:00:00+00:00,1.33432,1.33648,1.33404,1.33622,3740.0
2020-11-24 22:00:00+00:00,1.33587,1.33666,1.33559,1.33578,2042.0
2020-11-25 02:00:00+00:00,1.3358,1.33666,1.33444,1.33454,3109.0
2020-11-25 06:00:00+00:00,1.33454,1.33847,1.3331,1.33433,10521.0
2020-11-25 10:00:00+00:00,1.33431,1.33592,1.33041,1.3339,10758.0
2020-11-25 14:00:00+00:00,1.33392,1.33936,1.3327,1.3381,12066.0
2020-11-25 18:00:00+00:00,1.33808,1.33932,1.3373,1.33875,3356.0
2020-11-25 22:00:00+00:00,1.33799,1.33976,1.33778,1.33944,1323.0
2020-11-26 02:00:00+00:00,1.33947,1.33952,1.33842,1.33886,1585.0
2020-11-26 06:00:00+00:00,1.33886,1.33971,1.33542,1.33613,5305.0
2020-11-26 10:00:00+00:00,1.33616,1.33648,1.33335,1.33358,6273.0
2020-11-26 14:00:00+00:00,1.33355,1.33632,1.33221,1.33544,5648.0
2020-11-26 18:00:00+00:00,1.33542,1.33602,1.33469,1.33565,763.0
2020-11-26 22:00:00+00:00,1.33576,1.33602,1.33398,1.33591,1567.0
2020-11-27 02:00:00+00:00,1.33594,1.33752,1.33552,1.33743,1668.0
2020-11-27 06:00:00+00:00,1.33743,1.33818,1.33536,1.3358,5686.0
2020-11-27 10:00:00+00:00,1.33582,1.33602,1.33112,1.33476,8762.0
2020-11-27 14:00:00+00:00,1.33478,1.33632,1.32935,1.33172,11004.0
2020-11-27 18:00:00+00:00,1.3317,1.33207,1.32869,1.3315,4435.0
2020-11-29 22:00:00+00:00,1.33336,1.33408,1.33064,1.33401,2670.0
2020-11-30 02:00:00+00:00,1.33404,1.33442,1.33336,1.3341,2215.0
2020-11-30 06:00:00+00:00,1.33412,1.33578,1.33054,1.33264,8171.0
2020-11-30 10:00:00+00:00,1.33262,1.33685,1.33183,1.33636,10360.0
2020-11-30 14:00:00+00:00,1.33633,1.33854,1.33176,1.33534,20149.0
2020-11-30 18:00:00+00:00,1.33532,1.33605,1.33171,1.33239,4732.0
2020-11-30 22:00:00+00:00,1.33259,1.33487,1.33259,1.33455,1742.0
2020-12-01 02:00:00+00:00,1.33458,1.33668,1.33454,1.33668,2332.0
2020-12-01 06:00:00+00:00,1.33666,1.34075,1.33511,1.33548,10308.0
2020-12-01 10:00:00+00:00,1.33546,1.33647,1.3316,1.33516,10436.0
2020-12-01 14:00:00+00:00,1.33518,1.34422,1.33322,1.34187,21072.0
2020-12-01 18:00:00+00:00,1.3419,1.34306,1.34105,1.34221,5087.0
2020-12-01 22:00:00+00:00,1.34251,1.34309,1.34072,1.34098,3651.0
2020-12-02 02:00:00+00:00,1.34096,1.34256,1.34096,1.34132,2503.0
2020-12-02 06:00:00+00:00,1.34134,1.34411,1.33384,1.33442,16196.0
2020-12-02 10:00:00+00:00,1.33445,1.33654,1.32927,1.33048,14487.0
2020-12-02 14:00:00+00:00,1.3305,1.33648,1.32878,1.3352,14177.0
2020-12-02 18:00:00+00:00,1.33523,1.33744,1.33473,1.33686,4247.0
2020-12-02 22:00:00+00:00,1.33724,1.3378,1.33536,1.33662,2969.0
2020-12-03 02:00:00+00:00,1.33664,1.33903,1.33652,1.3389,2261.0
2020-12-03 06:00:00+00:00,1.3389,1.34138,1.3382,1.34017,9563.0
2020-12-03 10:00:00+00:00,1.34015,1.3466,1.33998,1.34648,11708.0
2020-12-03 14:00:00+00:00,1.3465,1.35001,1.34503,1.34859,12240.0
2020-12-03 18:00:00+00:00,1.34862,1.34876,1.34322,1.34526,7202.0
2020-12-03 22:00:00+00:00,1.34485,1.3468,1.3447,1.34525,3477.0
2020-12-04 02:00:00+00:00,1.34528,1.34556,1.34432,1.34497,2426.0
2020-12-04 06:00:00+00:00,1.34495,1.34945,1.34106,1.34822,13506.0
2020-12-04 10:00:00+00:00,1.34818,1.35064,1.34353,1.35029,16283.0
2020-12-04 14:00:00+00:00,1.35026,1.35396,1.34618,1.34732,17684.0
2020-12-04 18:00:00+00:00,1.34734,1.34942,1.34201,1.34399,8320.0
2020-12-06 22:00:00+00:00,1.34102,1.34321,1.341,1.34306,3353.0
2020-12-07 02:00:00+00:00,1.34304,1.3438,1.3417,1.34171,2068.0
2020-12-07 06:00:00+00:00,1.34174,1.34184,1.32242,1.32672,19384.0
2020-12-07 10:00:00+00:00,1.32669,1.33231,1.32487,1.33216,14965.0
2020-12-07 14:00:00+00:00,1.33218,1.3373,1.32892,1.33638,13814.0
2020-12-07 18:00:00+00:00,1.3364,1.34062,1.32896,1.33816,14008.0
2020-12-07 22:00:00+00:00,1.33807,1.33815,1.33436,1.33571,4136.0
2020-12-08 02:00:00+00:00,1.33574,1.33622,1.33438,1.33576,4273.0
2020-12-08 06:00:00+00:00,1.33578,1.33674,1.3323,1.3351,12418.0
2020-12-08 10:00:00+00:00,1.33506,1.33934,1.32896,1.33494,19698.0
2020-12-08 14:00:00+00:00,1.33496,1.33772,1.32956,1.33614,18555.0
2020-12-08 18:00:00+00:00,1.33616,1.33722,1.33399,1.33575,4836.0
2020-12-08 22:00:00+00:00,1.33542,1.33812,1.33515,1.33688,2299.0
2020-12-09 02:00:00+00:00,1.33685,1.3381,1.33652,1.33762,2282.0
2020-12-09 06:00:00+00:00,1.3376,1.34494,1.33621,1.34466,9847.0
2020-12-09 10:00:00+00:00,1.34464,1.34783,1.34384,1.346,11791.0
2020-12-09 14:00:00+00:00,1.34602,1.34608,1.33555,1.33713,15831.0
2020-12-09 18:00:00+00:00,1.33716,1.34071,1.33615,1.34066,6178.0
2020-12-09 22:00:00+00:00,1.33983,1.34135,1.33225,1.33687,4793.0
2020-12-10 02:00:00+00:00,1.33684,1.33762,1.33588,1.33628,3382.0
2020-12-10 06:00:00+00:00,1.33626,1.3364,1.32916,1.33174,10427.0
2020-12-10 10:00:00+00:00,1.33172,1.33303,1.32454,1.32842,15675.0
2020-12-10 14:00:00+00:00,1.32844,1.33204,1.32642,1.33106,18420.0
2020-12-10 18:00:00+00:00,1.33108,1.33108,1.32642,1.32931,9107.0
2020-12-10 22:00:00+00:00,1.3291,1.3316,1.329,1.33062,2806.0
2020-12-11 02:00:00+00:00,1.33064,1.33244,1.33046,1.33138,2954.0
2020-12-11 06:00:00+00:00,1.33138,1.33247,1.31842,1.32196,13854.0
2020-12-11 10:00:00+00:00,1.32194,1.32312,1.31342,1.3181,15615.0
2020-12-11 14:00:00+00:00,1.31808,1.32556,1.31758,1.32262,16236.0
2020-12-11 18:00:00+00:00,1.32259,1.32367,1.32112,1.3224,5536.0
2020-12-13 22:00:00+00:00,1.32195,1.33639,1.32195,1.33186,4606.0
2020-12-14 02:00:00+00:00,1.33188,1.33384,1.3309,1.33238,2883.0
2020-12-14 06:00:00+00:00,1.33238,1.34102,1.33232,1.34095,10697.0
2020-12-14 10:00:00+00:00,1.34092,1.34456,1.33932,1.34024,11926.0
2020-12-14 14:00:00+00:00,1.34022,1.34056,1.33098,1.33344,14364.0
2020-12-14 18:00:00+00:00,1.33346,1.33386,1.33206,1.33282,3669.0
2020-12-14 22:00:00+00:00,1.33221,1.33458,1.33149,1.33388,2788.0
2020-12-15 02:00:00+00:00,1.33386,1.33478,1.33246,1.3345,2308.0
2020-12-15 06:00:00+00:00,1.3345,1.33482,1.32804,1.33186,9761.0
2020-12-15 10:00:00+00:00,1.33188,1.33971,1.33036,1.33874,14121.0
2020-12-15 14:00:00+00:00,1.33871,1.34524,1.33593,1.343,15850.0
2020-12-15 18:00:00+00:00,1.34302,1.34697,1.34018,1.34621,7433.0
2020-12-15 22:00:00+00:00,1.34668,1.34668,1.34347,1.34395,1907.0
2020-12-16 02:00:00+00:00,1.34397,1.34706,1.34395,1.34632,2156.0
2020-12-16 06:00:00+00:00,1.3463,1.35201,1.34486,1.35169,12282.0
2020-12-16 10:00:00+00:00,1.35167,1.35543,1.34986,1.35265,12138.0
2020-12-16 14:00:00+00:00,1.35263,1.35294,1.34606,1.34714,11417.0
2020-12-16 18:00:00+00:00,1.34717,1.35125,1.34511,1.35095,10822.0
2020-12-16 22:00:00+00:00,1.35063,1.35286,1.34958,1.3527,2344.0
2020-12-17 02:00:00+00:00,1.35268,1.35604,1.35216,1.35603,2397.0
2020-12-17 06:00:00+00:00,1.35606,1.35866,1.35528,1.35852,8912.0
2020-12-17 10:00:00+00:00,1.35854,1.36228,1.35772,1.35922,10693.0
2020-12-17 14:00:00+00:00,1.35925,1.36246,1.35596,1.36082,12087.0
2020-12-17 18:00:00+00:00,1.36084,1.36208,1.35452,1.35855,7522.0
2020-12-17 22:00:00+00:00,1.35865,1.35908,1.35518,1.35556,2164.0
2020-12-18 02:00:00+00:00,1.35558,1.35558,1.352,1.3525,2333.0
2020-12-18 06:00:00+00:00,1.3525,1.3558,1.3489,1.34936,9092.0
2020-12-18 10:00:00+00:00,1.34934,1.35486,1.34924,1.35142,11240.0
2020-12-18 14:00:00+00:00,1.3514,1.35254,1.34716,1.35068,12686.0
2020-12-18 18:00:00+00:00,1.35065,1.35351,1.34848,1.35225,4476.0
2020-12-20 22:00:00+00:00,1.34046,1.34432,1.3363,1.33752,5580.0
2020-12-21 02:00:00+00:00,1.3375,1.3379,1.3336,1.33666,5150.0
2020-12-21 06:00:00+00:00,1.33664,1.33664,1.3214,1.322,16499.0
2020-12-21 10:00:00+00:00,1.32203,1.3325,1.31878,1.3316,21946.0
2020-12-21 14:00:00+00:00,1.33162,1.33662,1.32898,1.33568,15281.0
2020-12-21 18:00:00+00:00,1.3357,1.3499,1.33564,1.34627,14319.0
2020-12-21 22:00:00+00:00,1.34645,1.34696,1.3404,1.34097,3851.0
2020-12-22 02:00:00+00:00,1.341,1.34248,1.33802,1.33886,4777.0
2020-12-22 06:00:00+00:00,1.33888,1.34522,1.33842,1.34115,13963.0
2020-12-22 10:00:00+00:00,1.34117,1.34488,1.33616,1.34052,17405.0
2020-12-22 14:00:00+00:00,1.34055,1.3414,1.33042,1.3357,18031.0
2020-12-22 18:00:00+00:00,1.33572,1.33781,1.33386,1.33618,5072.0
2020-12-22 22:00:00+00:00,1.33611,1.34023,1.33553,1.3388,4153.0
2020-12-23 02:00:00+00:00,1.33882,1.3412,1.3386,1.34032,5380.0
2020-12-23 06:00:00+00:00,1.3403,1.34442,1.3402,1.34182,9025.0
2020-12-23 10:00:00+00:00,1.34184,1.34752,1.34022,1.34648,13170.0
2020-12-23 14:00:00+00:00,1.3465,1.35708,1.3456,1.34832,28465.0
2020-12-23 18:00:00+00:00,1.34834,1.35168,1.3471,1.34946,8800.0
2020-12-23 22:00:00+00:00,1.3493,1.35498,1.34917,1.3534,4371.0
2020-12-24 02:00:00+00:00,1.35337,1.35632,1.35337,1.35569,5563.0
2020-12-24 06:00:00+00:00,1.35569,1.36071,1.35424,1.35987,8360.0
2020-12-24 10:00:00+00:00,1.35984,1.36196,1.35544,1.35902,8017.0
2020-12-24 14:00:00+00:00,1.359,1.36144,1.3523,1.3538,11543.0
2020-12-24 18:00:00+00:00,1.35378,1.35678,1.35279,1.35623,2186.0
2020-12-27 22:00:00+00:00,1.35492,1.35758,1.35303,1.3547,3982.0
2020-12-28 02:00:00+00:00,1.35467,1.35742,1.35467,1.35736,2770.0
2020-12-28 06:00:00+00:00,1.35738,1.35759,1.35444,1.35538,6223.0
2020-12-28 10:00:00+00:00,1.35536,1.35544,1.3474,1.35113,10695.0
2020-12-28 14:00:00+00:00,1.35115,1.35356,1.34296,1.34523,10781.0
2020-12-28 18:00:00+00:00,1.3452,1.3462,1.34366,1.34505,4527.0
2020-12-28 22:00:00+00:00,1.34505,1.34852,1.34449,1.34795,5293.0
2020-12-29 02:00:00+00:00,1.34792,1.34951,1.34685,1.34868,4856.0
2020-12-29 06:00:00+00:00,1.34866,1.35228,1.34684,1.34726,7915.0
2020-12-29 10:00:00+00:00,1.34729,1.3513,1.34729,1.35032,9847.0
2020-12-29 14:00:00+00:00,1.3503,1.35219,1.34734,1.34896,11964.0
2020-12-29 18:00:00+00:00,1.34893,1.35104,1.34812,1.35017,4791.0
2020-12-29 22:00:00+00:00,1.35026,1.35416,1.34908,1.35394,4341.0
2020-12-30 02:00:00+00:00,1.35396,1.35573,1.35282,1.35447,4683.0
2020-12-30 06:00:00+00:00,1.3545,1.358,1.35281,1.35777,9198.0
2020-12-30 10:00:00+00:00,1.3578,1.36156,1.35723,1.36004,9014.0
2020-12-30 14:00:00+00:00,1.36007,1.36186,1.35728,1.35986,12494.0
2020-12-30 18:00:00+00:00,1.35989,1.36256,1.35989,1.36245,3135.0
2020-12-30 22:00:00+00:00,1.36197,1.36489,1.36125,1.36442,2405.0
2020-12-31 02:00:00+00:00,1.3644,1.36498,1.36046,1.36249,4317.0
2020-12-31 06:00:00+00:00,1.36249,1.36704,1.36248,1.36588,9732.0
2020-12-31 10:00:00+00:00,1.36585,1.36863,1.36292,1.36506,10628.0
2020-12-31 14:00:00+00:00,1.36508,1.36784,1.36308,1.36506,15168.0
2020-12-31 18:00:00+00:00,1.36504,1.36791,1.36504,1.36656,3485.0
2021-01-03 22:00:00+00:00,1.36527,1.369,1.365,1.36826,4914.0
2021-01-04 02:00:00+00:00,1.36824,1.36986,1.36681,1.36838,4300.0
2021-01-04 06:00:00+00:00,1.36841,1.37033,1.36648,1.36731,12315.0
2021-01-04 10:00:00+00:00,1.36728,1.37039,1.36142,1.36262,13570.0
2021-01-04 14:00:00+00:00,1.3626,1.3632,1.35419,1.35664,18317.0
2021-01-04 18:00:00+00:00,1.35662,1.35796,1.35516,1.35724,6739.0
2021-01-04 22:00:00+00:00,1.35689,1.35788,1.3562,1.35696,3345.0
2021-01-05 02:00:00+00:00,1.35698,1.36027,1.35677,1.35976,4815.0
2021-01-05 06:00:00+00:00,1.35978,1.36126,1.35544,1.35729,11861.0
2021-01-05 10:00:00+00:00,1.35726,1.36076,1.35594,1.35672,12248.0
2021-01-05 14:00:00+00:00,1.35674,1.36422,1.35638,1.36331,15394.0
2021-01-05 18:00:00+00:00,1.36334,1.36352,1.36138,1.36274,4688.0
2021-01-05 22:00:00+00:00,1.36226,1.36467,1.35995,1.36067,5417.0
2021-01-06 02:00:00+00:00,1.36069,1.36206,1.35921,1.36158,6034.0
2021-01-06 06:00:00+00:00,1.36158,1.36608,1.36098,1.36447,13921.0
2021-01-06 10:00:00+00:00,1.36444,1.36713,1.35651,1.35652,14926.0
2021-01-06 14:00:00+00:00,1.35649,1.3607,1.35387,1.3605,20464.0
2021-01-06 18:00:00+00:00,1.36048,1.36264,1.35962,1.36082,10814.0
2021-01-06 22:00:00+00:00,1.36075,1.36334,1.36037,1.36202,3879.0
2021-01-07 02:00:00+00:00,1.362,1.3621,1.35726,1.35849,4508.0
2021-01-07 06:00:00+00:00,1.35847,1.3627,1.35648,1.35943,12938.0
2021-01-07 10:00:00+00:00,1.35946,1.36133,1.3557,1.35884,14558.0
2021-01-07 14:00:00+00:00,1.35882,1.36038,1.35326,1.35484,16271.0
2021-01-07 18:00:00+00:00,1.35487,1.35776,1.35487,1.35665,5610.0
2021-01-07 22:00:00+00:00,1.35652,1.35724,1.35386,1.35534,3321.0
2021-01-08 02:00:00+00:00,1.35536,1.35706,1.35469,1.3561,3183.0
2021-01-08 06:00:00+00:00,1.3561,1.36024,1.35578,1.36004,12926.0
2021-01-08 10:00:00+00:00,1.36002,1.36262,1.35751,1.36197,13143.0
2021-01-08 14:00:00+00:00,1.36194,1.36358,1.35475,1.35796,23418.0
2021-01-08 18:00:00+00:00,1.35793,1.35793,1.35433,1.35688,8620.0
2021-01-10 22:00:00+00:00,1.35662,1.3572,1.35057,1.35094,4708.0
2021-01-11 02:00:00+00:00,1.35092,1.35162,1.34914,1.35012,3854.0
2021-01-11 06:00:00+00:00,1.35014,1.3516,1.34828,1.3493,11048.0
2021-01-11 10:00:00+00:00,1.34927,1.35026,1.34585,1.3465,10930.0
2021-01-11 14:00:00+00:00,1.34652,1.35304,1.3451,1.3526,16821.0
2021-01-11 18:00:00+00:00,1.35258,1.35351,1.35091,1.35169,2916.0
2021-01-11 22:00:00+00:00,1.3513,1.35304,1.35044,1.35234,2798.0
2021-01-12 02:00:00+00:00,1.35232,1.35452,1.35156,1.35436,2790.0
2021-01-12 06:00:00+00:00,1.35438,1.36068,1.35384,1.36028,10589.0
2021-01-12 10:00:00+00:00,1.3603,1.36054,1.35759,1.3587,10857.0
2021-01-12 14:00:00+00:00,1.35872,1.3637,1.35808,1.36242,12876.0
2021-01-12 18:00:00+00:00,1.36245,1.36704,1.36212,1.36652,4813.0
2021-01-12 22:00:00+00:00,1.36642,1.3683,1.36605,1.36794,2087.0
2021-01-13 02:00:00+00:00,1.36792,1.36928,1.3675,1.36776,2620.0
2021-01-13 06:00:00+00:00,1.36776,1.37012,1.36622,1.36897,8692.0
2021-01-13 10:00:00+00:00,1.369,1.36938,1.36535,1.36818,10390.0
2021-01-13 14:00:00+00:00,1.36814,1.36826,1.3612,1.36395,13617.0
2021-01-13 18:00:00+00:00,1.36397,1.36523,1.36258,1.364,3537.0
2021-01-13 22:00:00+00:00,1.36411,1.36554,1.36351,1.36502,1942.0
2021-01-14 02:00:00+00:00,1.36504,1.36515,1.36166,1.36393,4455.0
2021-01-14 06:00:00+00:00,1.36395,1.36802,1.36282,1.36523,10128.0
2021-01-14 10:00:00+00:00,1.36525,1.36625,1.36208,1.36273,10158.0
2021-01-14 14:00:00+00:00,1.3627,1.37105,1.36236,1.36892,12719.0
2021-01-14 18:00:00+00:00,1.36894,1.37014,1.367,1.36888,5617.0
2021-01-14 22:00:00+00:00,1.36882,1.36979,1.36814,1.36832,2291.0
2021-01-15 02:00:00+00:00,1.36834,1.3692,1.36674,1.36745,3008.0
2021-01-15 06:00:00+00:00,1.36742,1.36803,1.36376,1.36406,8325.0
2021-01-15 10:00:00+00:00,1.36404,1.36608,1.36056,1.36059,10213.0
2021-01-15 14:00:00+00:00,1.36057,1.36154,1.35723,1.36056,14277.0
2021-01-15 18:00:00+00:00,1.36054,1.36054,1.35765,1.35888,3391.0
2021-01-17 22:00:00+00:00,1.36041,1.36042,1.35664,1.35861,4018.0
2021-01-18 02:00:00+00:00,1.35858,1.35897,1.35601,1.3572,3404.0
2021-01-18 06:00:00+00:00,1.3572,1.35736,1.35198,1.35294,7027.0
2021-01-18 10:00:00+00:00,1.35292,1.35575,1.35258,1.35556,5953.0
2021-01-18 14:00:00+00:00,1.35558,1.35878,1.35452,1.35814,5383.0
2021-01-18 18:00:00+00:00,1.35817,1.35875,1.3578,1.3586,1643.0
2021-01-18 22:00:00+00:00,1.35865,1.36104,1.35759,1.36033,2200.0
2021-01-19 02:00:00+00:00,1.36036,1.36146,1.35984,1.36088,2778.0
2021-01-19 06:00:00+00:00,1.36088,1.36126,1.35846,1.36076,6542.0
2021-01-19 10:00:00+00:00,1.36078,1.36272,1.36042,1.36159,6835.0
2021-01-19 14:00:00+00:00,1.36162,1.36287,1.36046,1.36254,7575.0
2021-01-19 18:00:00+00:00,1.36256,1.36366,1.36198,1.36298,2621.0
2021-01-19 22:00:00+00:00,1.36312,1.36506,1.36298,1.36434,2558.0
2021-01-20 02:00:00+00:00,1.36436,1.36578,1.36434,1.36545,2249.0
2021-01-20 06:00:00+00:00,1.36547,1.36986,1.36529,1.36912,8291.0
2021-01-20 10:00:00+00:00,1.36914,1.37187,1.36594,1.36728,9207.0
2021-01-20 14:00:00+00:00,1.36726,1.36806,1.36234,1.36423,10698.0
2021-01-20 18:00:00+00:00,1.36426,1.36603,1.36358,1.36552,2643.0
2021-01-20 22:00:00+00:00,1.3656,1.36818,1.3653,1.36732,2403.0
2021-01-21 02:00:00+00:00,1.36735,1.3695,1.36702,1.36944,1985.0
2021-01-21 06:00:00+00:00,1.36942,1.3746,1.36917,1.37336,7443.0
2021-01-21 10:00:00+00:00,1.37334,1.37368,1.37086,1.37116,9827.0
2021-01-21 14:00:00+00:00,1.37113,1.374,1.37056,1.37104,10272.0
2021-01-21 18:00:00+00:00,1.37107,1.37384,1.37035,1.37326,3840.0
2021-01-21 22:00:00+00:00,1.37344,1.37369,1.37148,1.37169,2134.0
2021-01-22 02:00:00+00:00,1.37167,1.37218,1.37044,1.37069,2266.0
2021-01-22 06:00:00+00:00,1.37069,1.37071,1.36516,1.36677,8951.0
2021-01-22 10:00:00+00:00,1.36674,1.3677,1.3636,1.3647,7503.0
2021-01-22 14:00:00+00:00,1.36467,1.36849,1.36414,1.36794,8490.0
2021-01-22 18:00:00+00:00,1.36792,1.36933,1.36736,1.36842,2834.0
2021-01-24 22:00:00+00:00,1.3683,1.36916,1.3675,1.36822,2807.0
2021-01-25 02:00:00+00:00,1.36824,1.37154,1.36824,1.37152,2527.0
2021-01-25 06:00:00+00:00,1.37152,1.37238,1.36662,1.36735,7356.0
2021-01-25 10:00:00+00:00,1.36733,1.36993,1.36681,1.36826,7442.0
2021-01-25 14:00:00+00:00,1.36829,1.36908,1.36488,1.36698,12616.0
2021-01-25 18:00:00+00:00,1.367,1.36774,1.36594,1.36755,3394.0
2021-01-25 22:00:00+00:00,1.36724,1.36796,1.36604,1.36752,1518.0
2021-01-26 02:00:00+00:00,1.3675,1.36772,1.36463,1.36534,2583.0
2021-01-26 06:00:00+00:00,1.36534,1.36648,1.36098,1.36586,7738.0
2021-01-26 10:00:00+00:00,1.36588,1.3714,1.36446,1.37082,8050.0
2021-01-26 14:00:00+00:00,1.37084,1.37446,1.37062,1.37317,8211.0
2021-01-26 18:00:00+00:00,1.37314,1.37412,1.3728,1.37362,2176.0
2021-01-26 22:00:00+00:00,1.37385,1.3752,1.37304,1.37328,2228.0
2021-01-27 02:00:00+00:00,1.3733,1.37446,1.3723,1.3743,2149.0
2021-01-27 06:00:00+00:00,1.3743,1.37588,1.37214,1.37351,7630.0
2021-01-27 10:00:00+00:00,1.37348,1.37448,1.36814,1.36948,9272.0
2021-01-27 14:00:00+00:00,1.36946,1.37135,1.36594,1.37128,14342.0
2021-01-27 18:00:00+00:00,1.3713,1.3731,1.36732,1.36866,10155.0
2021-01-27 22:00:00+00:00,1.36858,1.36952,1.36514,1.36781,4834.0
2021-01-28 02:00:00+00:00,1.36778,1.36808,1.36617,1.36796,3478.0
2021-01-28 06:00:00+00:00,1.36794,1.36794,1.36302,1.36502,10123.0
2021-01-28 10:00:00+00:00,1.365,1.36842,1.36378,1.36824,10559.0
2021-01-28 14:00:00+00:00,1.36822,1.37336,1.36816,1.37259,13015.0
2021-01-28 18:00:00+00:00,1.37262,1.37458,1.37202,1.37202,4370.0
2021-01-28 22:00:00+00:00,1.37209,1.3735,1.37072,1.37146,2728.0
2021-01-29 02:00:00+00:00,1.37149,1.37176,1.36957,1.3704,3874.0
2021-01-29 06:00:00+00:00,1.3704,1.3719,1.36574,1.3667,10346.0
2021-01-29 10:00:00+00:00,1.36668,1.37496,1.36574,1.37394,11984.0
2021-01-29 14:00:00+00:00,1.37396,1.37516,1.37002,1.37062,15731.0
2021-01-29 18:00:00+00:00,1.3706,1.37206,1.36924,1.3705,8197.0
2021-01-31 22:00:00+00:00,1.37071,1.37288,1.36944,1.37212,5212.0
2021-02-01 02:00:00+00:00,1.37216,1.37533,1.37216,1.37466,4288.0
2021-02-01 06:00:00+00:00,1.37466,1.37579,1.37146,1.37298,10129.0
2021-02-01 10:00:00+00:00,1.37296,1.37296,1.36755,1.36784,10183.0
2021-02-01 14:00:00+00:00,1.36786,1.3697,1.36565,1.3676,10576.0
2021-02-01 18:00:00+00:00,1.36758,1.36872,1.36565,1.3662,4789.0
2021-02-01 22:00:00+00:00,1.36625,1.36948,1.366,1.3693,3020.0
2021-02-02 02:00:00+00:00,1.36932,1.3698,1.368,1.36872,3548.0
2021-02-02 06:00:00+00:00,1.36872,1.37105,1.36708,1.36874,8007.0
2021-02-02 10:00:00+00:00,1.36877,1.36937,1.36502,1.36616,9358.0
2021-02-02 14:00:00+00:00,1.36618,1.36622,1.36113,1.36469,11473.0
2021-02-02 18:00:00+00:00,1.36471,1.3669,1.36444,1.36673,4262.0
2021-02-02 22:00:00+00:00,1.36679,1.36806,1.36586,1.36788,2799.0
2021-02-03 02:00:00+00:00,1.36792,1.36832,1.36593,1.36622,2552.0
2021-02-03 06:00:00+00:00,1.36618,1.3678,1.36374,1.36376,7871.0
2021-02-03 10:00:00+00:00,1.3638,1.36536,1.36193,1.36486,8195.0
2021-02-03 14:00:00+00:00,1.36484,1.36689,1.36369,1.36578,9531.0
2021-02-03 18:00:00+00:00,1.3658,1.36586,1.36322,1.36461,4006.0
2021-02-03 22:00:00+00:00,1.36427,1.36529,1.36373,1.36373,2303.0
2021-02-04 02:00:00+00:00,1.3637,1.36475,1.3596,1.36054,4266.0
2021-02-04 06:00:00+00:00,1.36054,1.36118,1.35724,1.35845,8909.0
2021-02-04 10:00:00+00:00,1.35847,1.3698,1.35662,1.3681,15855.0
2021-02-04 14:00:00+00:00,1.36814,1.36876,1.36531,1.36602,8558.0
2021-02-04 18:00:00+00:00,1.366,1.36775,1.36512,1.36724,2528.0
2021-02-04 22:00:00+00:00,1.36679,1.36898,1.36617,1.36827,2864.0
2021-02-05 02:00:00+00:00,1.36825,1.3686,1.3666,1.36815,2427.0
2021-02-05 06:00:00+00:00,1.36815,1.37124,1.36754,1.36905,5993.0
2021-02-05 10:00:00+00:00,1.36909,1.37191,1.36718,1.37048,9134.0
2021-02-05 14:00:00+00:00,1.37046,1.374,1.37005,1.37334,10385.0
2021-02-05 18:00:00+00:00,1.37331,1.37394,1.37216,1.3738,2564.0
2021-02-07 22:00:00+00:00,1.37175,1.37412,1.37126,1.37326,3892.0
2021-02-08 02:00:00+00:00,1.37324,1.37356,1.37232,1.37296,1973.0
2021-02-08 06:00:00+00:00,1.37296,1.37416,1.37028,1.37068,4549.0
2021-02-08 10:00:00+00:00,1.37066,1.37116,1.36804,1.3695,7196.0
2021-02-08 14:00:00+00:00,1.36948,1.37494,1.36935,1.37416,8514.0
2021-02-08 18:00:00+00:00,1.37414,1.37445,1.3731,1.37405,2685.0
2021-02-08 22:00:00+00:00,1.374,1.376,1.37378,1.37578,2336.0
2021-02-09 02:00:00+00:00,1.37576,1.37844,1.37542,1.37833,3031.0
2021-02-09 06:00:00+00:00,1.37831,1.37894,1.37624,1.37812,7257.0
2021-02-09 10:00:00+00:00,1.3781,1.3789,1.37614,1.37837,6899.0
2021-02-09 14:00:00+00:00,1.3784,1.37984,1.37722,1.3798,8356.0
2021-02-09 18:00:00+00:00,1.37977,1.38204,1.3791,1.38171,3279.0
2021-02-09 22:00:00+00:00,1.38134,1.38178,1.38026,1.38154,2019.0
2021-02-10 02:00:00+00:00,1.38158,1.38275,1.38146,1.38205,1579.0
2021-02-10 06:00:00+00:00,1.38205,1.3856,1.38102,1.38346,7180.0
2021-02-10 10:00:00+00:00,1.38348,1.38517,1.38284,1.38485,7667.0
2021-02-10 14:00:00+00:00,1.38483,1.38661,1.38378,1.38517,11501.0
2021-02-10 18:00:00+00:00,1.38514,1.38532,1.3828,1.38355,3595.0
2021-02-10 22:00:00+00:00,1.38327,1.38396,1.3821,1.38291,1377.0
2021-02-11 02:00:00+00:00,1.38293,1.38524,1.38273,1.3847,1606.0
2021-02-11 06:00:00+00:00,1.38468,1.38594,1.38136,1.3835,5611.0
2021-02-11 10:00:00+00:00,1.38354,1.38454,1.38196,1.38364,4463.0
2021-02-11 14:00:00+00:00,1.38366,1.38372,1.38006,1.38112,8154.0
2021-02-11 18:00:00+00:00,1.38114,1.38195,1.38034,1.38156,3138.0
2021-02-11 22:00:00+00:00,1.38173,1.38195,1.38013,1.38024,1525.0
2021-02-12 02:00:00+00:00,1.38022,1.38022,1.37864,1.3801,2282.0
2021-02-12 06:00:00+00:00,1.38007,1.3807,1.37759,1.37886,5487.0
2021-02-12 10:00:00+00:00,1.37884,1.38106,1.37799,1.37999,5391.0
2021-02-12 14:00:00+00:00,1.38002,1.38612,1.37951,1.3859,8119.0
2021-02-12 18:00:00+00:00,1.38592,1.38626,1.38458,1.38506,2666.0
2021-02-14 22:00:00+00:00,1.38535,1.38906,1.38491,1.38894,3609.0
2021-02-15 02:00:00+00:00,1.38896,1.39027,1.38843,1.39002,2474.0
2021-02-15 06:00:00+00:00,1.39002,1.39144,1.3884,1.38984,5826.0
2021-02-15 10:00:00+00:00,1.38982,1.3913,1.38936,1.38971,4796.0
2021-02-15 14:00:00+00:00,1.38974,1.39191,1.38964,1.39122,3402.0
2021-02-15 18:00:00+00:00,1.3912,1.39151,1.39016,1.3904,2492.0
2021-02-15 22:00:00+00:00,1.39064,1.39452,1.3903,1.394,2485.0
2021-02-16 02:00:00+00:00,1.39398,1.39516,1.3926,1.39341,3154.0
2021-02-16 06:00:00+00:00,1.39338,1.3942,1.39082,1.39302,6361.0
2021-02-16 10:00:00+00:00,1.39304,1.39406,1.38804,1.3885,7447.0
2021-02-16 14:00:00+00:00,1.38852,1.39344,1.38694,1.39135,11099.0
2021-02-16 18:00:00+00:00,1.39133,1.39205,1.39013,1.39021,2157.0
2021-02-16 22:00:00+00:00,1.39028,1.39081,1.3862,1.3875,3355.0
2021-02-17 02:00:00+00:00,1.38752,1.38989,1.38734,1.38912,3628.0
2021-02-17 06:00:00+00:00,1.38914,1.3904,1.38704,1.38844,7101.0
2021-02-17 10:00:00+00:00,1.38842,1.38863,1.38446,1.3848,7876.0
2021-02-17 14:00:00+00:00,1.38477,1.38638,1.38296,1.38563,10519.0
2021-02-17 18:00:00+00:00,1.38566,1.3866,1.38481,1.38568,1901.0
2021-02-17 22:00:00+00:00,1.38608,1.38774,1.38575,1.38636,1969.0
2021-02-18 02:00:00+00:00,1.38632,1.38654,1.38471,1.38532,2441.0
2021-02-18 06:00:00+00:00,1.38532,1.39278,1.38398,1.3925,6605.0
2021-02-18 10:00:00+00:00,1.39248,1.3986,1.3922,1.39775,8333.0
2021-02-18 14:00:00+00:00,1.39778,1.39798,1.3927,1.39634,10279.0
2021-02-18 18:00:00+00:00,1.39636,1.39804,1.39616,1.39747,2103.0
2021-02-18 22:00:00+00:00,1.39747,1.39758,1.39605,1.39624,1937.0
2021-02-19 02:00:00+00:00,1.39626,1.39756,1.39514,1.39725,2531.0
2021-02-19 06:00:00+00:00,1.39722,1.40085,1.39674,1.39897,6514.0
2021-02-19 10:00:00+00:00,1.399,1.40361,1.39808,1.403,6780.0
2021-02-19 14:00:00+00:00,1.40298,1.40304,1.40078,1.40235,6942.0
2021-02-19 18:00:00+00:00,1.40232,1.40232,1.40016,1.40107,3234.0
2021-02-21 22:00:00+00:00,1.4018,1.40522,1.40068,1.40338,5904.0
2021-02-22 02:00:00+00:00,1.40336,1.4034,1.40115,1.40172,3459.0
2021-02-22 06:00:00+00:00,1.40174,1.40256,1.39808,1.40137,7322.0
2021-02-22 10:00:00+00:00,1.40135,1.40465,1.40135,1.40465,5878.0
2021-02-22 14:00:00+00:00,1.40462,1.40866,1.40236,1.40824,8893.0
2021-02-22 18:00:00+00:00,1.40822,1.40859,1.4058,1.40641,2293.0
2021-02-22 22:00:00+00:00,1.40641,1.40834,1.4059,1.40814,2540.0
2021-02-23 02:00:00+00:00,1.40816,1.40843,1.40674,1.40823,1744.0
2021-02-23 06:00:00+00:00,1.40823,1.4098,1.40593,1.40892,6319.0
2021-02-23 10:00:00+00:00,1.40888,1.40964,1.40625,1.40748,6036.0
2021-02-23 14:00:00+00:00,1.40751,1.41168,1.40543,1.40918,10779.0
2021-02-23 18:00:00+00:00,1.40921,1.41164,1.40911,1.41138,2974.0
2021-02-23 22:00:00+00:00,1.41108,1.42426,1.41035,1.41778,6429.0
2021-02-24 02:00:00+00:00,1.41781,1.41808,1.41504,1.41637,4668.0
2021-02-24 06:00:00+00:00,1.41637,1.42076,1.41564,1.41626,8554.0
2021-02-24 10:00:00+00:00,1.41623,1.41646,1.40924,1.40978,7610.0
2021-02-24 14:00:00+00:00,1.40976,1.41291,1.40821,1.41013,11693.0
2021-02-24 18:00:00+00:00,1.41017,1.41462,1.40972,1.41406,3123.0
2021-02-24 22:00:00+00:00,1.41419,1.41506,1.41272,1.41275,2997.0
2021-02-25 02:00:00+00:00,1.41277,1.41698,1.41272,1.41628,3456.0
2021-02-25 06:00:00+00:00,1.4163,1.41755,1.4122,1.41752,8328.0
2021-02-25 10:00:00+00:00,1.4175,1.4175,1.41266,1.41428,11229.0
2021-02-25 14:00:00+00:00,1.41426,1.41819,1.4055,1.40646,14143.0
2021-02-25 18:00:00+00:00,1.40649,1.40675,1.4,1.40172,13801.0
2021-02-25 22:00:00+00:00,1.40269,1.40278,1.39504,1.3997,7852.0
2021-02-26 02:00:00+00:00,1.39968,1.4022,1.39428,1.395,7148.0
2021-02-26 06:00:00+00:00,1.395,1.39612,1.39013,1.39432,14155.0
2021-02-26 10:00:00+00:00,1.3943,1.39684,1.3888,1.3957,17791.0
2021-02-26 14:00:00+00:00,1.39574,1.39874,1.39135,1.39453,22462.0
2021-02-26 18:00:00+00:00,1.39451,1.3958,1.3921,1.39276,7817.0
2021-02-28 22:00:00+00:00,1.3936,1.39993,1.39308,1.39852,9044.0
2021-03-01 02:00:00+00:00,1.3985,1.39958,1.39641,1.39832,4825.0
2021-03-01 06:00:00+00:00,1.39832,1.39987,1.39276,1.39462,8126.0
2021-03-01 10:00:00+00:00,1.3946,1.39785,1.39042,1.39377,8492.0
2021-03-01 14:00:00+00:00,1.39379,1.39612,1.39116,1.3919,11917.0
2021-03-01 18:00:00+00:00,1.39192,1.39322,1.3904,1.39243,4164.0
2021-03-01 22:00:00+00:00,1.39248,1.39324,1.39018,1.39064,3370.0
2021-03-02 02:00:00+00:00,1.39062,1.39121,1.38662,1.38821,6259.0
2021-03-02 06:00:00+00:00,1.38821,1.39022,1.38592,1.3867,8802.0
2021-03-02 10:00:00+00:00,1.38667,1.39288,1.3859,1.39112,8039.0
2021-03-02 14:00:00+00:00,1.3911,1.39704,1.39098,1.39678,10474.0
2021-03-02 18:00:00+00:00,1.3968,1.39772,1.39527,1.39548,3585.0
2021-03-02 22:00:00+00:00,1.396,1.39662,1.39504,1.3961,2065.0
2021-03-03 02:00:00+00:00,1.39612,1.39662,1.39494,1.39522,2924.0
2021-03-03 06:00:00+00:00,1.39524,1.40066,1.39374,1.3982,8418.0
2021-03-03 10:00:00+00:00,1.39818,1.3988,1.39426,1.39704,9700.0
2021-03-03 14:00:00+00:00,1.39707,1.39918,1.3921,1.39712,15438.0
2021-03-03 18:00:00+00:00,1.39709,1.39848,1.39476,1.39551,5427.0
2021-03-03 22:00:00+00:00,1.39558,1.39581,1.39213,1.39414,3278.0
2021-03-04 02:00:00+00:00,1.39416,1.39612,1.39322,1.39555,4943.0
2021-03-04 06:00:00+00:00,1.39555,1.39684,1.39166,1.3929,9033.0
2021-03-04 10:00:00+00:00,1.39286,1.39724,1.39208,1.39622,9077.0
2021-03-04 14:00:00+00:00,1.3962,1.40174,1.39222,1.3924,19774.0
2021-03-04 18:00:00+00:00,1.39236,1.39384,1.38803,1.38973,12627.0
2021-03-04 22:00:00+00:00,1.38973,1.39015,1.38676,1.3882,4508.0
2021-03-05 02:00:00+00:00,1.38817,1.39067,1.38722,1.38864,4577.0
2021-03-05 06:00:00+00:00,1.38864,1.38903,1.38122,1.382,9844.0
2021-03-05 10:00:00+00:00,1.38194,1.38378,1.3779,1.38258,14430.0
2021-03-05 14:00:00+00:00,1.38255,1.38698,1.37946,1.38248,24223.0
2021-03-05 18:00:00+00:00,1.38246,1.38538,1.38216,1.38378,6118.0
2021-03-07 22:00:00+00:00,1.3818,1.38658,1.38055,1.38506,7457.0
2021-03-08 02:00:00+00:00,1.38508,1.38534,1.38092,1.38348,5328.0
2021-03-08 06:00:00+00:00,1.38346,1.38465,1.38004,1.38312,9302.0
2021-03-08 10:00:00+00:00,1.38314,1.38566,1.3814,1.38496,10739.0
2021-03-08 14:00:00+00:00,1.38494,1.38548,1.3803,1.38384,15314.0
2021-03-08 18:00:00+00:00,1.38386,1.38468,1.38148,1.38242,5419.0
2021-03-08 22:00:00+00:00,1.38259,1.38278,1.38022,1.38074,4177.0
2021-03-09 02:00:00+00:00,1.38076,1.38505,1.38072,1.38391,6645.0
2021-03-09 06:00:00+00:00,1.38394,1.39002,1.38274,1.38962,10541.0
2021-03-09 10:00:00+00:00,1.38964,1.38972,1.386,1.38872,10125.0
2021-03-09 14:00:00+00:00,1.38874,1.39256,1.38806,1.389,12868.0
2021-03-09 18:00:00+00:00,1.38903,1.3905,1.38849,1.3896,4114.0
2021-03-09 22:00:00+00:00,1.38935,1.3901,1.38686,1.38702,2899.0
2021-03-10 02:00:00+00:00,1.38705,1.3872,1.38478,1.38582,3965.0
2021-03-10 06:00:00+00:00,1.38582,1.39101,1.38456,1.39087,6354.0
2021-03-10 10:00:00+00:00,1.39085,1.39144,1.38552,1.39067,10208.0
2021-03-10 14:00:00+00:00,1.3907,1.39346,1.38804,1.39054,12339.0
2021-03-10 18:00:00+00:00,1.39056,1.39384,1.38965,1.39325,5921.0
2021-03-10 22:00:00+00:00,1.39313,1.39362,1.39188,1.39266,3063.0
2021-03-11 02:00:00+00:00,1.39268,1.39414,1.39262,1.39394,3261.0
2021-03-11 06:00:00+00:00,1.39392,1.39586,1.39252,1.395,6701.0
2021-03-11 10:00:00+00:00,1.39502,1.39774,1.39458,1.39656,8525.0
2021-03-11 14:00:00+00:00,1.39659,1.39813,1.39394,1.397,9759.0
2021-03-11 18:00:00+00:00,1.39698,1.39956,1.3968,1.3993,3711.0
2021-03-11 22:00:00+00:00,1.399,1.4005,1.39824,1.39948,2302.0
2021-03-12 02:00:00+00:00,1.39951,1.39951,1.39706,1.39754,3346.0
2021-03-12 06:00:00+00:00,1.39752,1.39768,1.3907,1.39126,7855.0
2021-03-12 10:00:00+00:00,1.39128,1.39338,1.38794,1.38856,8493.0
2021-03-12 14:00:00+00:00,1.38858,1.39354,1.38636,1.39221,10968.0
2021-03-12 18:00:00+00:00,1.39223,1.39328,1.39144,1.39206,3434.0
2021-03-14 21:00:00+00:00,1.392,1.39416,1.39166,1.3932,2310.0
2021-03-15 01:00:00+00:00,1.39318,1.39498,1.39212,1.39252,4336.0
2021-03-15 05:00:00+00:00,1.3925,1.39474,1.38961,1.3943,6438.0
2021-03-15 09:00:00+00:00,1.39432,1.3947,1.39069,1.39228,6201.0
2021-03-15 13:00:00+00:00,1.3923,1.39252,1.38532,1.38863,9539.0
2021-03-15 17:00:00+00:00,1.38865,1.39083,1.38815,1.38927,3095.0
2021-03-15 21:00:00+00:00,1.39001,1.39059,1.38836,1.38846,1356.0
2021-03-16 01:00:00+00:00,1.38844,1.38943,1.38657,1.38712,3085.0
2021-03-16 05:00:00+00:00,1.3871,1.38756,1.3816,1.3819,5685.0
2021-03-16 09:00:00+00:00,1.38192,1.38828,1.3809,1.38758,7566.0
2021-03-16 13:00:00+00:00,1.38756,1.39011,1.38695,1.38906,9479.0
2021-03-16 17:00:00+00:00,1.38908,1.39061,1.38882,1.38909,4325.0
2021-03-16 21:00:00+00:00,1.38917,1.39056,1.38887,1.38938,1263.0
2021-03-17 01:00:00+00:00,1.38934,1.38982,1.38786,1.38934,2773.0
2021-03-17 05:00:00+00:00,1.38931,1.39296,1.38782,1.3898,4890.0
2021-03-17 09:00:00+00:00,1.38982,1.3924,1.38868,1.39078,6506.0
2021-03-17 13:00:00+00:00,1.39076,1.3912,1.38672,1.3875,7657.0
2021-03-17 17:00:00+00:00,1.38753,1.39712,1.38512,1.3964,13965.0
2021-03-17 21:00:00+00:00,1.39663,1.39776,1.39507,1.39693,2968.0
2021-03-18 01:00:00+00:00,1.39696,1.39722,1.39356,1.39522,4606.0
2021-03-18 05:00:00+00:00,1.3952,1.40014,1.39455,1.39562,9085.0
2021-03-18 09:00:00+00:00,1.39566,1.3994,1.39216,1.39445,11566.0
2021-03-18 13:00:00+00:00,1.39442,1.39526,1.38976,1.39324,10713.0
2021-03-18 17:00:00+00:00,1.39327,1.39514,1.39151,1.39237,6379.0
2021-03-18 21:00:00+00:00,1.39296,1.39338,1.39012,1.39074,2505.0
2021-03-19 01:00:00+00:00,1.3907,1.39258,1.38924,1.39223,4087.0
2021-03-19 05:00:00+00:00,1.3922,1.39568,1.39064,1.39514,6300.0
2021-03-19 09:00:00+00:00,1.39512,1.39592,1.38786,1.389,7075.0
2021-03-19 13:00:00+00:00,1.38896,1.38898,1.38304,1.38734,15452.0
2021-03-19 17:00:00+00:00,1.38732,1.38863,1.38589,1.38692,4084.0
2021-03-21 21:00:00+00:00,1.38384,1.38474,1.38275,1.38295,1946.0
2021-03-22 01:00:00+00:00,1.38292,1.38542,1.38179,1.38486,2476.0
2021-03-22 05:00:00+00:00,1.38482,1.3872,1.38364,1.38653,5645.0
2021-03-22 09:00:00+00:00,1.38658,1.38769,1.38404,1.38457,5892.0
2021-03-22 13:00:00+00:00,1.38453,1.38656,1.38211,1.3859,7324.0
2021-03-22 17:00:00+00:00,1.38592,1.38715,1.38544,1.38636,2219.0
2021-03-22 21:00:00+00:00,1.38636,1.38665,1.38446,1.38502,1296.0
2021-03-23 01:00:00+00:00,1.385,1.3854,1.38336,1.38341,2503.0
2021-03-23 05:00:00+00:00,1.38339,1.3853,1.3802,1.3811,6066.0
2021-03-23 09:00:00+00:00,1.38108,1.38138,1.37517,1.3793,9583.0
2021-03-23 13:00:00+00:00,1.37932,1.38006,1.3769,1.37738,8008.0
2021-03-23 17:00:00+00:00,1.37736,1.37805,1.37407,1.37521,4772.0
2021-03-23 21:00:00+00:00,1.37531,1.37593,1.3724,1.37343,2416.0
2021-03-24 01:00:00+00:00,1.37345,1.37396,1.37042,1.37126,2708.0
2021-03-24 05:00:00+00:00,1.37124,1.37226,1.36741,1.3694,6996.0
2021-03-24 09:00:00+00:00,1.36942,1.37331,1.36908,1.37174,7241.0
2021-03-24 13:00:00+00:00,1.37172,1.37334,1.36962,1.3719,8242.0
2021-03-24 17:00:00+00:00,1.37187,1.37214,1.368,1.36871,4092.0
2021-03-24 21:00:00+00:00,1.36871,1.36974,1.36798,1.36971,1402.0
2021-03-25 01:00:00+00:00,1.36974,1.37084,1.36796,1.36986,3206.0
2021-03-25 05:00:00+00:00,1.36988,1.37044,1.36706,1.36834,5070.0
2021-03-25 09:00:00+00:00,1.36831,1.3731,1.36787,1.37079,7355.0
2021-03-25 13:00:00+00:00,1.37076,1.37414,1.3706,1.37323,10512.0
2021-03-25 17:00:00+00:00,1.3732,1.37456,1.37248,1.37339,4907.0
2021-03-25 21:00:00+00:00,1.37331,1.37578,1.37308,1.37504,1609.0
2021-03-26 01:00:00+00:00,1.37502,1.37657,1.37465,1.37585,1880.0
2021-03-26 05:00:00+00:00,1.37588,1.37863,1.37423,1.37686,4643.0
2021-03-26 09:00:00+00:00,1.37683,1.37916,1.37514,1.37674,5871.0
2021-03-26 13:00:00+00:00,1.37672,1.38124,1.37666,1.37888,7972.0
2021-03-26 17:00:00+00:00,1.3789,1.37998,1.37761,1.37925,4292.0
2021-03-28 21:00:00+00:00,1.37956,1.38056,1.3771,1.37748,1536.0
2021-03-29 01:00:00+00:00,1.3775,1.37898,1.37658,1.37731,2258.0
2021-03-29 05:00:00+00:00,1.37733,1.38372,1.37566,1.381,7516.0
2021-03-29 09:00:00+00:00,1.38103,1.38468,1.38077,1.38227,6944.0
2021-03-29 13:00:00+00:00,1.38225,1.38378,1.37648,1.37778,9570.0
2021-03-29 17:00:00+00:00,1.37782,1.37816,1.37556,1.37624,3164.0
2021-03-29 21:00:00+00:00,1.37652,1.37763,1.3759,1.37688,1245.0
2021-03-30 01:00:00+00:00,1.3769,1.37814,1.37602,1.37812,2096.0
2021-03-30 05:00:00+00:00,1.37814,1.37836,1.37422,1.37726,7012.0
2021-03-30 09:00:00+00:00,1.37723,1.37792,1.37301,1.3739,7609.0
2021-03-30 13:00:00+00:00,1.37387,1.37548,1.37062,1.37187,8906.0
2021-03-30 17:00:00+00:00,1.37184,1.37425,1.37136,1.37411,2533.0
2021-03-30 21:00:00+00:00,1.37344,1.37522,1.37344,1.37432,2146.0
2021-03-31 01:00:00+00:00,1.37434,1.3746,1.37186,1.37265,2424.0
2021-03-31 05:00:00+00:00,1.37262,1.37834,1.37166,1.37828,6251.0
2021-03-31 09:00:00+00:00,1.37824,1.3795,1.37546,1.37678,6728.0
2021-03-31 13:00:00+00:00,1.37676,1.3812,1.37595,1.38002,9985.0
2021-03-31 17:00:00+00:00,1.38,1.38086,1.37766,1.37828,3427.0
2021-03-31 21:00:00+00:00,1.37803,1.37902,1.37747,1.37886,1965.0
2021-04-01 01:00:00+00:00,1.37888,1.37907,1.37653,1.37674,3029.0
2021-04-01 05:00:00+00:00,1.37671,1.37962,1.3746,1.3776,7535.0
2021-04-01 09:00:00+00:00,1.37762,1.37958,1.37585,1.37914,7312.0
2021-04-01 13:00:00+00:00,1.37917,1.38365,1.3791,1.38187,9096.0
2021-04-01 17:00:00+00:00,1.3819,1.38361,1.38179,1.38333,2078.0
2021-04-01 21:00:00+00:00,1.38326,1.38456,1.38312,1.38418,829.0
2021-04-02 01:00:00+00:00,1.38416,1.38502,1.38339,1.38456,1074.0
2021-04-02 05:00:00+00:00,1.38458,1.38525,1.3833,1.38358,1677.0
2021-04-02 09:00:00+00:00,1.38354,1.38426,1.38128,1.38338,2212.0
2021-04-02 13:00:00+00:00,1.38336,1.38339,1.38143,1.38215,9250.0
2021-04-02 17:00:00+00:00,1.38218,1.38426,1.38159,1.38354,23277.0
2021-04-04 21:00:00+00:00,1.3826,1.38359,1.38178,1.38294,1816.0
2021-04-05 01:00:00+00:00,1.38291,1.38429,1.38266,1.38275,1733.0
2021-04-05 05:00:00+00:00,1.38272,1.38687,1.38132,1.38618,3661.0
2021-04-05 09:00:00+00:00,1.38616,1.38802,1.38534,1.3877,3279.0
2021-04-05 13:00:00+00:00,1.38772,1.39136,1.38734,1.39024,4611.0
2021-04-05 17:00:00+00:00,1.39028,1.39076,1.38994,1.39015,1859.0
2021-04-05 21:00:00+00:00,1.38996,1.39156,1.38978,1.39034,1291.0
2021-04-06 01:00:00+00:00,1.39031,1.39082,1.38897,1.39058,2339.0
2021-04-06 05:00:00+00:00,1.39056,1.39188,1.38389,1.38545,7365.0
2021-04-06 09:00:00+00:00,1.38543,1.38589,1.38178,1.38402,7687.0
2021-04-06 13:00:00+00:00,1.38404,1.38663,1.38198,1.38218,6773.0
2021-04-06 17:00:00+00:00,1.38216,1.38346,1.38022,1.38246,3701.0
2021-04-06 21:00:00+00:00,1.38222,1.38349,1.382,1.38338,1435.0
2021-04-07 01:00:00+00:00,1.3834,1.384,1.382,1.38306,2758.0
2021-04-07 05:00:00+00:00,1.38308,1.38318,1.37726,1.38308,9159.0
2021-04-07 09:00:00+00:00,1.38304,1.3838,1.3756,1.37614,8133.0
2021-04-07 13:00:00+00:00,1.37612,1.37944,1.37285,1.37422,10161.0
2021-04-07 17:00:00+00:00,1.37418,1.37494,1.37246,1.3737,3567.0
2021-04-07 21:00:00+00:00,1.3737,1.37445,1.37328,1.374,1241.0
2021-04-08 01:00:00+00:00,1.37402,1.37632,1.37325,1.37592,1804.0
2021-04-08 05:00:00+00:00,1.37596,1.37826,1.37184,1.37263,5464.0
2021-04-08 09:00:00+00:00,1.3726,1.37737,1.37252,1.37674,6650.0
2021-04-08 13:00:00+00:00,1.37676,1.377,1.37228,1.37403,8743.0
2021-04-08 17:00:00+00:00,1.37398,1.37463,1.37278,1.37346,2890.0
2021-04-08 21:00:00+00:00,1.37346,1.37501,1.37224,1.37486,1287.0
2021-04-09 01:00:00+00:00,1.37488,1.37508,1.37292,1.37336,2127.0
2021-04-09 05:00:00+00:00,1.37338,1.37348,1.367,1.37125,6331.0
2021-04-09 09:00:00+00:00,1.37122,1.37283,1.36963,1.37172,5722.0
2021-04-09 13:00:00+00:00,1.37174,1.37448,1.37128,1.37264,7896.0
2021-04-09 17:00:00+00:00,1.37262,1.37327,1.37014,1.3706,2060.0
2021-04-11 21:00:00+00:00,1.37111,1.37176,1.3697,1.37093,1779.0
2021-04-12 01:00:00+00:00,1.3709,1.37096,1.36812,1.36824,3140.0
2021-04-12 05:00:00+00:00,1.36818,1.37474,1.36692,1.37408,6135.0
2021-04-12 09:00:00+00:00,1.3741,1.37768,1.37338,1.37669,5287.0
2021-04-12 13:00:00+00:00,1.37671,1.37688,1.37314,1.37431,4967.0
2021-04-12 17:00:00+00:00,1.37433,1.37474,1.37342,1.37413,2018.0
2021-04-12 21:00:00+00:00,1.37413,1.3756,1.37372,1.37428,1343.0
2021-04-13 01:00:00+00:00,1.37426,1.37444,1.3726,1.3727,2444.0
2021-04-13 05:00:00+00:00,1.37268,1.37664,1.37261,1.37548,5035.0
2021-04-13 09:00:00+00:00,1.37551,1.3769,1.37142,1.373,8176.0
2021-04-13 13:00:00+00:00,1.37298,1.37552,1.36945,1.37374,8240.0
2021-04-13 17:00:00+00:00,1.37376,1.37578,1.37376,1.37509,2409.0
2021-04-13 21:00:00+00:00,1.37496,1.37628,1.37485,1.37519,1297.0
2021-04-14 01:00:00+00:00,1.37521,1.37792,1.37499,1.37697,2783.0
2021-04-14 05:00:00+00:00,1.377,1.38086,1.37654,1.3795,6055.0
2021-04-14 09:00:00+00:00,1.37952,1.3797,1.37508,1.37542,5112.0
2021-04-14 13:00:00+00:00,1.37545,1.37992,1.37534,1.37965,6394.0
2021-04-14 17:00:00+00:00,1.37962,1.3797,1.37747,1.37797,2149.0
2021-04-14 21:00:00+00:00,1.37765,1.37924,1.37749,1.37912,1331.0
2021-04-15 01:00:00+00:00,1.37907,1.37948,1.37652,1.37665,2681.0
2021-04-15 05:00:00+00:00,1.37663,1.37986,1.37655,1.37781,4769.0
2021-04-15 09:00:00+00:00,1.37784,1.3809,1.37616,1.37855,6450.0
2021-04-15 13:00:00+00:00,1.37858,1.37952,1.37717,1.37866,7552.0
2021-04-15 17:00:00+00:00,1.37864,1.37946,1.37736,1.37847,2397.0
2021-04-15 21:00:00+00:00,1.37828,1.37878,1.37658,1.37684,1327.0
2021-04-16 01:00:00+00:00,1.37682,1.3771,1.37528,1.37661,2970.0
2021-04-16 05:00:00+00:00,1.37658,1.37685,1.3716,1.37566,7195.0
2021-04-16 09:00:00+00:00,1.37563,1.38158,1.37526,1.38034,7531.0
2021-04-16 13:00:00+00:00,1.38036,1.3828,1.37906,1.38256,5649.0
2021-04-16 17:00:00+00:00,1.38254,1.38436,1.38254,1.38414,1695.0
2021-04-18 21:00:00+00:00,1.38338,1.38372,1.38147,1.38158,2094.0
2021-04-19 01:00:00+00:00,1.3816,1.38574,1.38098,1.38514,3507.0
2021-04-19 05:00:00+00:00,1.38512,1.38896,1.38396,1.38768,8184.0
2021-04-19 09:00:00+00:00,1.38771,1.3969,1.3868,1.39639,8939.0
2021-04-19 13:00:00+00:00,1.39636,1.39929,1.39431,1.39862,7408.0
2021-04-19 17:00:00+00:00,1.39865,1.3991,1.39808,1.39864,1954.0
2021-04-19 21:00:00+00:00,1.39869,1.39946,1.39804,1.39861,1313.0
2021-04-20 01:00:00+00:00,1.39858,1.40084,1.39759,1.40035,3383.0
2021-04-20 05:00:00+00:00,1.40032,1.40092,1.39814,1.39816,6894.0
2021-04-20 09:00:00+00:00,1.3982,1.39904,1.39498,1.39578,5895.0
2021-04-20 13:00:00+00:00,1.39576,1.39732,1.39336,1.394,6153.0
2021-04-20 17:00:00+00:00,1.39398,1.39445,1.39262,1.39358,2372.0
2021-04-20 21:00:00+00:00,1.39375,1.39475,1.39318,1.39363,1767.0
2021-04-21 01:00:00+00:00,1.39366,1.39498,1.39168,1.39204,3248.0
2021-04-21 05:00:00+00:00,1.39206,1.39476,1.391,1.3929,5792.0
2021-04-21 09:00:00+00:00,1.39292,1.39406,1.39046,1.39114,4383.0
2021-04-21 13:00:00+00:00,1.3911,1.3943,1.38856,1.39294,7231.0
2021-04-21 17:00:00+00:00,1.39298,1.39382,1.3923,1.39304,2171.0
2021-04-21 21:00:00+00:00,1.39273,1.39398,1.39258,1.39373,1255.0
2021-04-22 01:00:00+00:00,1.39371,1.39498,1.3927,1.39285,2625.0
2021-04-22 05:00:00+00:00,1.39288,1.39462,1.38968,1.38988,5244.0
2021-04-22 09:00:00+00:00,1.38991,1.39192,1.38593,1.38689,6851.0
2021-04-22 13:00:00+00:00,1.38692,1.38756,1.38268,1.38433,9044.0
2021-04-22 17:00:00+00:00,1.38436,1.3846,1.38236,1.38381,4935.0
2021-04-22 21:00:00+00:00,1.38381,1.38466,1.3835,1.38464,1481.0
2021-04-23 01:00:00+00:00,1.38461,1.38661,1.38429,1.38638,2805.0
2021-04-23 05:00:00+00:00,1.38636,1.38907,1.38528,1.38754,6249.0
2021-04-23 09:00:00+00:00,1.38751,1.38955,1.38647,1.38846,5795.0
2021-04-23 13:00:00+00:00,1.38848,1.3889,1.38356,1.38564,7266.0
2021-04-23 17:00:00+00:00,1.38561,1.38904,1.38538,1.38757,2811.0
2021-04-25 21:00:00+00:00,1.38773,1.38929,1.38648,1.38875,1732.0
2021-04-26 01:00:00+00:00,1.38878,1.3908,1.38871,1.39027,2665.0
2021-04-26 05:00:00+00:00,1.3903,1.39295,1.3891,1.39044,6769.0
2021-04-26 09:00:00+00:00,1.39048,1.39264,1.38672,1.38688,7025.0
2021-04-26 13:00:00+00:00,1.3869,1.39046,1.38659,1.38874,6315.0
2021-04-26 17:00:00+00:00,1.38876,1.39082,1.38856,1.38969,2246.0
2021-04-26 21:00:00+00:00,1.38975,1.39022,1.3888,1.38926,1260.0
2021-04-27 01:00:00+00:00,1.38924,1.38948,1.3875,1.38892,2114.0
2021-04-27 05:00:00+00:00,1.38894,1.39012,1.38588,1.38598,5824.0
2021-04-27 09:00:00+00:00,1.38602,1.39178,1.38588,1.39048,6801.0
2021-04-27 13:00:00+00:00,1.3905,1.39242,1.38864,1.39058,7005.0
2021-04-27 17:00:00+00:00,1.3906,1.39148,1.39004,1.3914,1992.0
2021-04-27 21:00:00+00:00,1.39133,1.39133,1.38875,1.38877,1410.0
2021-04-28 01:00:00+00:00,1.3888,1.38918,1.38738,1.3875,2314.0
2021-04-28 05:00:00+00:00,1.38748,1.38921,1.38626,1.38812,5786.0
2021-04-28 09:00:00+00:00,1.3881,1.38972,1.3861,1.3868,5895.0
2021-04-28 13:00:00+00:00,1.38682,1.39236,1.38672,1.3915,6699.0
2021-04-28 17:00:00+00:00,1.39152,1.39507,1.38898,1.39334,8565.0
2021-04-28 21:00:00+00:00,1.39361,1.3969,1.39348,1.39644,1592.0
2021-04-29 01:00:00+00:00,1.39648,1.39766,1.39397,1.3951,2850.0
2021-04-29 05:00:00+00:00,1.39512,1.39698,1.39336,1.39418,6127.0
2021-04-29 09:00:00+00:00,1.39416,1.39661,1.39322,1.39619,6851.0
2021-04-29 13:00:00+00:00,1.39616,1.39654,1.39376,1.39426,9838.0
2021-04-29 17:00:00+00:00,1.39423,1.39514,1.39346,1.39445,3026.0
2021-04-29 21:00:00+00:00,1.39433,1.39545,1.39369,1.39536,1732.0
2021-04-30 01:00:00+00:00,1.39538,1.39585,1.39423,1.39452,1848.0
2021-04-30 05:00:00+00:00,1.39454,1.39466,1.39043,1.39074,5652.0
2021-04-30 09:00:00+00:00,1.39076,1.39236,1.38723,1.38787,6936.0
2021-04-30 13:00:00+00:00,1.38789,1.38876,1.38075,1.38296,13437.0
2021-04-30 17:00:00+00:00,1.38294,1.3831,1.38028,1.38177,4415.0
2021-05-02 21:00:00+00:00,1.38181,1.38338,1.38117,1.38334,1362.0
2021-05-03 01:00:00+00:00,1.38336,1.3836,1.38165,1.38208,1721.0
2021-05-03 05:00:00+00:00,1.38211,1.38582,1.38012,1.38564,6077.0
2021-05-03 09:00:00+00:00,1.3856,1.3895,1.38449,1.38782,5960.0
2021-05-03 13:00:00+00:00,1.38779,1.39318,1.38777,1.39072,6561.0
2021-05-03 17:00:00+00:00,1.39074,1.39148,1.3905,1.3911,2586.0
2021-05-03 21:00:00+00:00,1.39079,1.39178,1.3893,1.3901,1783.0
2021-05-04 01:00:00+00:00,1.39012,1.39016,1.38711,1.38748,2221.0
2021-05-04 05:00:00+00:00,1.3875,1.38924,1.38514,1.38697,6014.0
2021-05-04 09:00:00+00:00,1.387,1.38914,1.38384,1.38504,7547.0
2021-05-04 13:00:00+00:00,1.38507,1.38962,1.38436,1.38877,12760.0
2021-05-04 17:00:00+00:00,1.38874,1.38976,1.38832,1.38881,4503.0
2021-05-04 21:00:00+00:00,1.38881,1.39004,1.38855,1.38986,1397.0
2021-05-05 01:00:00+00:00,1.38991,1.39145,1.38952,1.39091,1601.0
2021-05-05 05:00:00+00:00,1.39093,1.39144,1.38844,1.38935,5731.0
2021-05-05 09:00:00+00:00,1.38938,1.39264,1.38762,1.39063,5456.0
2021-05-05 13:00:00+00:00,1.39066,1.39214,1.38906,1.39022,6560.0
2021-05-05 17:00:00+00:00,1.39025,1.39126,1.38982,1.39036,3616.0
2021-05-05 21:00:00+00:00,1.39044,1.39138,1.38992,1.38999,1125.0
2021-05-06 01:00:00+00:00,1.38997,1.39112,1.38854,1.38982,3057.0
2021-05-06 05:00:00+00:00,1.3898,1.39136,1.38974,1.39004,5683.0
2021-05-06 09:00:00+00:00,1.39006,1.3941,1.38572,1.38927,12451.0
2021-05-06 13:00:00+00:00,1.38924,1.39116,1.38628,1.38864,9444.0
2021-05-06 17:00:00+00:00,1.38862,1.38994,1.38844,1.38913,3135.0
2021-05-06 21:00:00+00:00,1.3888,1.39017,1.3888,1.38968,994.0
2021-05-07 01:00:00+00:00,1.38971,1.39118,1.38903,1.39083,2149.0
2021-05-07 05:00:00+00:00,1.39088,1.39291,1.38949,1.3925,5392.0
2021-05-07 09:00:00+00:00,1.39252,1.39724,1.3891,1.39542,11423.0
2021-05-07 13:00:00+00:00,1.3954,1.40006,1.39186,1.3982,13304.0
2021-05-07 17:00:00+00:00,1.39816,1.40058,1.39806,1.39863,4251.0
2021-05-09 21:00:00+00:00,1.40021,1.40444,1.39992,1.40284,3068.0
2021-05-10 01:00:00+00:00,1.40286,1.40377,1.40151,1.40257,2305.0
2021-05-10 05:00:00+00:00,1.40262,1.40966,1.40262,1.40904,8532.0
2021-05-10 09:00:00+00:00,1.40902,1.41582,1.40806,1.41474,7552.0
2021-05-10 13:00:00+00:00,1.41472,1.41552,1.41072,1.41424,9305.0
2021-05-10 17:00:00+00:00,1.41426,1.41535,1.41158,1.41175,5085.0
2021-05-10 21:00:00+00:00,1.41181,1.41346,1.41128,1.41168,1786.0
2021-05-11 01:00:00+00:00,1.4117,1.41328,1.41136,1.41255,3108.0
2021-05-11 05:00:00+00:00,1.41257,1.41436,1.4104,1.41405,7031.0
2021-05-11 09:00:00+00:00,1.41402,1.41581,1.41216,1.41516,6649.0
2021-05-11 13:00:00+00:00,1.41518,1.41668,1.41166,1.41648,11567.0
2021-05-11 17:00:00+00:00,1.41646,1.41661,1.41384,1.41429,4163.0
2021-05-11 21:00:00+00:00,1.41418,1.41472,1.41219,1.41268,1554.0
2021-05-12 01:00:00+00:00,1.41262,1.4128,1.41074,1.4115,3237.0
2021-05-12 05:00:00+00:00,1.41147,1.41496,1.41146,1.41414,6040.0
2021-05-12 09:00:00+00:00,1.41412,1.41465,1.40806,1.41343,11385.0
2021-05-12 13:00:00+00:00,1.4134,1.41534,1.40562,1.40577,17547.0
2021-05-12 17:00:00+00:00,1.40574,1.40684,1.405,1.40527,6229.0
2021-05-12 21:00:00+00:00,1.40527,1.40713,1.40506,1.40651,1672.0
2021-05-13 01:00:00+00:00,1.40653,1.40782,1.4058,1.40662,3535.0
2021-05-13 05:00:00+00:00,1.40666,1.40715,1.40226,1.40304,9274.0
2021-05-13 09:00:00+00:00,1.40306,1.40523,1.40057,1.40326,9737.0
2021-05-13 13:00:00+00:00,1.4033,1.40625,1.40251,1.40369,10521.0
2021-05-13 17:00:00+00:00,1.40372,1.40554,1.40162,1.4052,5288.0
2021-05-13 21:00:00+00:00,1.4052,1.40563,1.40362,1.4046,1344.0
2021-05-14 01:00:00+00:00,1.40463,1.40522,1.40366,1.40442,2642.0
2021-05-14 05:00:00+00:00,1.40446,1.40768,1.40388,1.40666,7111.0
2021-05-14 09:00:00+00:00,1.40664,1.40962,1.4054,1.409,8473.0
2021-05-14 13:00:00+00:00,1.40897,1.4111,1.40782,1.4097,8111.0
2021-05-14 17:00:00+00:00,1.40968,1.41038,1.40856,1.40968,3055.0
2021-05-16 21:00:00+00:00,1.41035,1.41044,1.40854,1.4087,1531.0
2021-05-17 01:00:00+00:00,1.40868,1.40933,1.40784,1.40843,2284.0
2021-05-17 05:00:00+00:00,1.40841,1.41194,1.40802,1.41066,6646.0
2021-05-17 09:00:00+00:00,1.41069,1.41164,1.40774,1.40898,6756.0
2021-05-17 13:00:00+00:00,1.40896,1.41399,1.4088,1.4139,8506.0
2021-05-17 17:00:00+00:00,1.41392,1.41467,1.41313,1.41313,2219.0
2021-05-17 21:00:00+00:00,1.41352,1.41581,1.41341,1.4151,1276.0
2021-05-18 01:00:00+00:00,1.41513,1.41782,1.41498,1.41712,2602.0
2021-05-18 05:00:00+00:00,1.41714,1.42148,1.41651,1.42114,6570.0
2021-05-18 09:00:00+00:00,1.42112,1.42202,1.41836,1.42028,7492.0
2021-05-18 13:00:00+00:00,1.42031,1.42157,1.41812,1.41923,9295.0
2021-05-18 17:00:00+00:00,1.41926,1.41978,1.41834,1.41891,2981.0
2021-05-18 21:00:00+00:00,1.41878,1.42006,1.41832,1.41934,1372.0
2021-05-19 01:00:00+00:00,1.41932,1.41958,1.41797,1.4188,2828.0
2021-05-19 05:00:00+00:00,1.41877,1.42009,1.41678,1.41822,8109.0
2021-05-19 09:00:00+00:00,1.4182,1.41876,1.41419,1.41506,9230.0
2021-05-19 13:00:00+00:00,1.41509,1.41805,1.41305,1.4158,14101.0
2021-05-19 17:00:00+00:00,1.41584,1.41669,1.40992,1.41147,11835.0
2021-05-19 21:00:00+00:00,1.41121,1.41227,1.41043,1.41212,1793.0
2021-05-20 01:00:00+00:00,1.4121,1.41212,1.41016,1.41164,3643.0
2021-05-20 05:00:00+00:00,1.41161,1.41414,1.41048,1.41117,6536.0
2021-05-20 09:00:00+00:00,1.41114,1.4137,1.41026,1.41326,7294.0
2021-05-20 13:00:00+00:00,1.41328,1.41836,1.41272,1.418,9820.0
2021-05-20 17:00:00+00:00,1.41798,1.41926,1.41724,1.41908,3163.0
2021-05-20 21:00:00+00:00,1.41898,1.41945,1.41757,1.41805,1568.0
2021-05-21 01:00:00+00:00,1.41808,1.41846,1.41696,1.41812,2490.0
2021-05-21 05:00:00+00:00,1.41814,1.42051,1.41683,1.42051,7753.0
2021-05-21 09:00:00+00:00,1.42054,1.4234,1.41856,1.42022,9031.0
2021-05-21 13:00:00+00:00,1.42024,1.42067,1.41406,1.41456,10190.0
2021-05-21 17:00:00+00:00,1.41458,1.41602,1.41448,1.41492,3260.0
2021-05-23 21:00:00+00:00,1.41585,1.41627,1.41374,1.41414,1944.0
2021-05-24 01:00:00+00:00,1.41416,1.41506,1.41364,1.41487,2974.0
2021-05-24 05:00:00+00:00,1.4149,1.4172,1.41113,1.41385,7438.0
2021-05-24 09:00:00+00:00,1.41388,1.41463,1.41189,1.41442,8644.0
2021-05-24 13:00:00+00:00,1.41439,1.41682,1.41352,1.41572,7216.0
2021-05-24 17:00:00+00:00,1.4157,1.41613,1.41476,1.41566,2736.0
2021-05-24 21:00:00+00:00,1.41555,1.41672,1.41526,1.41668,1705.0
2021-05-25 01:00:00+00:00,1.4167,1.41853,1.41652,1.41802,3395.0
2021-05-25 05:00:00+00:00,1.41804,1.42108,1.41691,1.41859,9037.0
2021-05-25 09:00:00+00:00,1.41862,1.4194,1.41356,1.41413,7652.0
2021-05-25 13:00:00+00:00,1.4141,1.41443,1.41156,1.41406,9708.0
2021-05-25 17:00:00+00:00,1.41404,1.41612,1.41383,1.41532,4088.0
2021-05-25 21:00:00+00:00,1.41532,1.41543,1.41406,1.41496,1708.0
2021-05-26 01:00:00+00:00,1.41498,1.417,1.41411,1.41688,3586.0
2021-05-26 05:00:00+00:00,1.41692,1.4172,1.41334,1.41567,6957.0
2021-05-26 09:00:00+00:00,1.41564,1.41758,1.41422,1.4145,7568.0
2021-05-26 13:00:00+00:00,1.41448,1.41595,1.41166,1.41218,9306.0
2021-05-26 17:00:00+00:00,1.41216,1.41282,1.41124,1.41198,3672.0
2021-05-26 21:00:00+00:00,1.41218,1.41254,1.4098,1.41058,1898.0
2021-05-27 01:00:00+00:00,1.4106,1.41195,1.40919,1.41134,2995.0
2021-05-27 05:00:00+00:00,1.41131,1.41396,1.41006,1.41162,7331.0
2021-05-27 09:00:00+00:00,1.41164,1.41836,1.41142,1.41574,10740.0
2021-05-27 13:00:00+00:00,1.41572,1.4196,1.41536,1.41778,9929.0
2021-05-27 17:00:00+00:00,1.4178,1.42194,1.41772,1.42061,4240.0
2021-05-27 21:00:00+00:00,1.42077,1.421,1.41894,1.41902,1625.0
2021-05-28 01:00:00+00:00,1.41904,1.41996,1.41822,1.41956,2664.0
2021-05-28 05:00:00+00:00,1.41958,1.42057,1.41732,1.41993,8652.0
2021-05-28 09:00:00+00:00,1.41998,1.42002,1.41396,1.41416,10464.0
2021-05-28 13:00:00+00:00,1.41422,1.41995,1.41364,1.41968,12762.0
2021-05-28 17:00:00+00:00,1.41966,1.41998,1.41828,1.41905,3918.0
2021-05-30 21:00:00+00:00,1.4185,1.41962,1.41732,1.41814,1372.0
2021-05-31 01:00:00+00:00,1.41816,1.42008,1.41783,1.41949,2628.0
2021-05-31 05:00:00+00:00,1.41952,1.41976,1.4164,1.41716,7145.0
2021-05-31 09:00:00+00:00,1.41714,1.41862,1.41646,1.41812,5469.0
2021-05-31 13:00:00+00:00,1.41815,1.4218,1.41666,1.42057,6196.0
2021-05-31 17:00:00+00:00,1.4206,1.4217,1.42006,1.42138,1396.0
2021-05-31 21:00:00+00:00,1.42091,1.42291,1.42055,1.42276,1138.0
2021-06-01 01:00:00+00:00,1.42278,1.42505,1.4227,1.42332,4947.0
2021-06-01 05:00:00+00:00,1.42334,1.42432,1.41766,1.41898,9773.0
2021-06-01 09:00:00+00:00,1.41896,1.4195,1.41552,1.41595,8480.0
2021-06-01 13:00:00+00:00,1.41598,1.41923,1.41575,1.41612,10923.0
2021-06-01 17:00:00+00:00,1.41614,1.41634,1.41467,1.41497,2905.0
2021-06-01 21:00:00+00:00,1.41513,1.41626,1.41457,1.41584,1320.0
2021-06-02 01:00:00+00:00,1.41581,1.41642,1.41478,1.41484,2176.0
2021-06-02 05:00:00+00:00,1.41482,1.41584,1.41252,1.41364,8082.0
2021-06-02 09:00:00+00:00,1.41366,1.41724,1.41116,1.41672,8869.0
2021-06-02 13:00:00+00:00,1.41674,1.41834,1.41544,1.41746,7892.0
2021-06-02 17:00:00+00:00,1.41748,1.41802,1.41631,1.41714,3041.0
2021-06-02 21:00:00+00:00,1.41722,1.41795,1.4168,1.4178,558.0
2021-06-03 01:00:00+00:00,1.41782,1.41785,1.41612,1.4162,1595.0
2021-06-03 05:00:00+00:00,1.41618,1.41878,1.41436,1.41784,7261.0
2021-06-03 09:00:00+00:00,1.41786,1.42031,1.41518,1.41568,12399.0
2021-06-03 13:00:00+00:00,1.4157,1.41587,1.40918,1.4099,13499.0
2021-06-03 17:00:00+00:00,1.40992,1.41101,1.40864,1.41069,3335.0
2021-06-03 21:00:00+00:00,1.41055,1.4112,1.40948,1.41046,1338.0
2021-06-04 01:00:00+00:00,1.41043,1.41108,1.40907,1.4095,3032.0
2021-06-04 05:00:00+00:00,1.40948,1.41318,1.4083,1.41274,7509.0
2021-06-04 09:00:00+00:00,1.41277,1.41859,1.41156,1.41788,12498.0
2021-06-04 13:00:00+00:00,1.41786,1.42005,1.41613,1.41638,10554.0
2021-06-04 17:00:00+00:00,1.4164,1.41679,1.41531,1.41596,2451.0
2021-06-06 21:00:00+00:00,1.41598,1.41702,1.41461,1.41614,1881.0
2021-06-07 01:00:00+00:00,1.41611,1.41618,1.4139,1.41466,2847.0
2021-06-07 05:00:00+00:00,1.4147,1.41472,1.41114,1.4142,6266.0
2021-06-07 09:00:00+00:00,1.41422,1.41808,1.4126,1.41753,6505.0
2021-06-07 13:00:00+00:00,1.4175,1.41852,1.41626,1.41803,7419.0
2021-06-07 17:00:00+00:00,1.41805,1.41908,1.41761,1.4179,1529.0
2021-06-07 21:00:00+00:00,1.41822,1.41846,1.41662,1.41708,1000.0
2021-06-08 01:00:00+00:00,1.41706,1.41772,1.41562,1.41574,2341.0
2021-06-08 05:00:00+00:00,1.41572,1.41652,1.41286,1.41423,6400.0
2021-06-08 09:00:00+00:00,1.4142,1.41572,1.41312,1.41444,7295.0
2021-06-08 13:00:00+00:00,1.41442,1.41588,1.41208,1.41481,8374.0
2021-06-08 17:00:00+00:00,1.41484,1.41644,1.41464,1.41541,2286.0
2021-06-08 21:00:00+00:00,1.41555,1.416,1.41453,1.41598,1035.0
2021-06-09 01:00:00+00:00,1.41602,1.41686,1.41519,1.4152,1895.0
2021-06-09 05:00:00+00:00,1.41523,1.41892,1.41512,1.41854,5571.0
2021-06-09 09:00:00+00:00,1.41856,1.41864,1.41318,1.41345,5428.0
2021-06-09 13:00:00+00:00,1.41343,1.416,1.41121,1.41134,7034.0
2021-06-09 17:00:00+00:00,1.41132,1.41195,1.411,1.41178,1911.0
2021-06-09 21:00:00+00:00,1.41167,1.41171,1.41093,1.41106,700.0
2021-06-10 01:00:00+00:00,1.41108,1.4125,1.41051,1.41078,1785.0
2021-06-10 05:00:00+00:00,1.4108,1.41166,1.40734,1.40883,6796.0
2021-06-10 09:00:00+00:00,1.40881,1.41504,1.40852,1.41481,14582.0
2021-06-10 13:00:00+00:00,1.41484,1.41718,1.41205,1.41656,12736.0
2021-06-10 17:00:00+00:00,1.41653,1.41782,1.41626,1.41765,2677.0
2021-06-10 21:00:00+00:00,1.41721,1.41786,1.4166,1.41717,993.0
2021-06-11 01:00:00+00:00,1.4172,1.41844,1.41684,1.4182,1588.0
2021-06-11 05:00:00+00:00,1.41818,1.41854,1.41526,1.4156,6315.0
2021-06-11 09:00:00+00:00,1.41562,1.41656,1.41398,1.41404,7548.0
2021-06-11 13:00:00+00:00,1.41402,1.41504,1.41026,1.41057,8269.0
2021-06-11 17:00:00+00:00,1.41054,1.41187,1.40959,1.41073,2645.0
2021-06-13 21:00:00+00:00,1.41061,1.41271,1.41061,1.41082,1558.0
2021-06-14 01:00:00+00:00,1.41078,1.41184,1.41052,1.41128,1586.0
2021-06-14 05:00:00+00:00,1.41131,1.41167,1.40702,1.40836,6275.0
2021-06-14 09:00:00+00:00,1.40834,1.4118,1.4079,1.41092,5948.0
2021-06-14 13:00:00+00:00,1.4109,1.4124,1.41073,1.41126,6459.0
2021-06-14 17:00:00+00:00,1.41128,1.41152,1.41043,1.41118,2272.0
2021-06-14 21:00:00+00:00,1.41112,1.41168,1.41046,1.4112,1039.0
2021-06-15 01:00:00+00:00,1.41116,1.41152,1.40991,1.41138,1969.0
2021-06-15 05:00:00+00:00,1.41141,1.41287,1.40859,1.4087,6004.0
2021-06-15 09:00:00+00:00,1.40868,1.40882,1.40344,1.40684,7805.0
2021-06-15 13:00:00+00:00,1.40686,1.40948,1.40667,1.40784,8562.0
2021-06-15 17:00:00+00:00,1.40786,1.40876,1.40764,1.40843,2530.0
2021-06-15 21:00:00+00:00,1.40809,1.40868,1.40785,1.40787,727.0
2021-06-16 01:00:00+00:00,1.40789,1.40897,1.40766,1.40881,1654.0
2021-06-16 05:00:00+00:00,1.40878,1.41234,1.40846,1.41036,6589.0
2021-06-16 09:00:00+00:00,1.41033,1.41326,1.40988,1.41116,5325.0
2021-06-16 13:00:00+00:00,1.41118,1.41208,1.40988,1.41027,6100.0
2021-06-16 17:00:00+00:00,1.41024,1.41052,1.39827,1.39869,23807.0
2021-06-16 21:00:00+00:00,1.39901,1.40022,1.39712,1.3976,2478.0
2021-06-17 01:00:00+00:00,1.39758,1.40034,1.39756,1.39988,3254.0
2021-06-17 05:00:00+00:00,1.39984,1.40088,1.39664,1.39768,11056.0
2021-06-17 09:00:00+00:00,1.39766,1.39842,1.39227,1.39278,11165.0
2021-06-17 13:00:00+00:00,1.39275,1.39624,1.38959,1.38963,12749.0
2021-06-17 17:00:00+00:00,1.3896,1.39354,1.3896,1.39249,5133.0
2021-06-17 21:00:00+00:00,1.39226,1.39424,1.39139,1.39338,1643.0
2021-06-18 01:00:00+00:00,1.3934,1.39448,1.39101,1.39107,2745.0
2021-06-18 05:00:00+00:00,1.3911,1.39129,1.3855,1.38793,10451.0
2021-06-18 09:00:00+00:00,1.38795,1.39106,1.38477,1.3849,11821.0
2021-06-18 13:00:00+00:00,1.38493,1.38618,1.37952,1.38184,16830.0
2021-06-18 17:00:00+00:00,1.38186,1.38331,1.37922,1.38047,5982.0
2021-06-20 21:00:00+00:00,1.38047,1.3829,1.37993,1.38282,2417.0
2021-06-21 01:00:00+00:00,1.38284,1.38292,1.37865,1.38005,5454.0
2021-06-21 05:00:00+00:00,1.38002,1.38454,1.37915,1.38415,10874.0
2021-06-21 09:00:00+00:00,1.38413,1.38876,1.38384,1.38744,9151.0
2021-06-21 13:00:00+00:00,1.3874,1.39324,1.38715,1.39282,9710.0
2021-06-21 17:00:00+00:00,1.39284,1.3937,1.39241,1.39337,3736.0
2021-06-21 21:00:00+00:00,1.39342,1.39381,1.39085,1.39136,1123.0
2021-06-22 01:00:00+00:00,1.39132,1.39206,1.39011,1.39106,2232.0
2021-06-22 05:00:00+00:00,1.39108,1.39111,1.38664,1.38675,8986.0
2021-06-22 09:00:00+00:00,1.38678,1.39088,1.38604,1.38846,7466.0
2021-06-22 13:00:00+00:00,1.38843,1.39418,1.38802,1.39391,9182.0
2021-06-22 17:00:00+00:00,1.39389,1.39638,1.39362,1.39493,4050.0
2021-06-22 21:00:00+00:00,1.39504,1.39563,1.39333,1.39401,1643.0
2021-06-23 01:00:00+00:00,1.39404,1.39432,1.3924,1.39312,2644.0
2021-06-23 05:00:00+00:00,1.39314,1.39879,1.39246,1.39697,8639.0
2021-06-23 09:00:00+00:00,1.397,1.39932,1.3953,1.3981,7928.0
2021-06-23 13:00:00+00:00,1.39805,1.40014,1.39582,1.39634,8438.0
2021-06-23 17:00:00+00:00,1.39636,1.39718,1.39519,1.39626,3141.0
2021-06-23 21:00:00+00:00,1.39691,1.39714,1.39586,1.39626,1349.0
2021-06-24 01:00:00+00:00,1.39628,1.39668,1.39514,1.39598,2097.0
2021-06-24 05:00:00+00:00,1.396,1.39867,1.39488,1.39706,7705.0
2021-06-24 09:00:00+00:00,1.39703,1.39822,1.38905,1.39276,13907.0
2021-06-24 13:00:00+00:00,1.39274,1.39303,1.38896,1.3916,8644.0
2021-06-24 17:00:00+00:00,1.39158,1.39392,1.39152,1.3923,4321.0
2021-06-24 21:00:00+00:00,1.3923,1.39285,1.3913,1.39162,932.0
2021-06-25 01:00:00+00:00,1.39168,1.39354,1.39166,1.39236,1993.0
2021-06-25 05:00:00+00:00,1.39238,1.39325,1.3896,1.39111,6292.0
2021-06-25 09:00:00+00:00,1.39108,1.39164,1.3891,1.39046,7326.0
2021-06-25 13:00:00+00:00,1.39048,1.39312,1.38944,1.39022,8249.0
2021-06-25 17:00:00+00:00,1.39019,1.39032,1.38713,1.38848,2457.0
2021-06-27 21:00:00+00:00,1.38974,1.38999,1.38784,1.38912,1447.0
2021-06-28 01:00:00+00:00,1.38909,1.3893,1.38765,1.3891,2373.0
2021-06-28 05:00:00+00:00,1.38912,1.39397,1.38897,1.39254,6698.0
2021-06-28 09:00:00+00:00,1.39252,1.39286,1.38863,1.39017,5985.0
2021-06-28 13:00:00+00:00,1.39014,1.39266,1.38806,1.38836,8103.0
2021-06-28 17:00:00+00:00,1.38839,1.38882,1.38709,1.38804,2126.0
2021-06-28 21:00:00+00:00,1.38818,1.38842,1.38596,1.38636,1056.0
2021-06-29 01:00:00+00:00,1.38634,1.38712,1.38588,1.38646,1944.0
2021-06-29 05:00:00+00:00,1.38648,1.38798,1.38366,1.38369,5449.0
2021-06-29 09:00:00+00:00,1.38367,1.38648,1.3814,1.38238,8384.0
2021-06-29 13:00:00+00:00,1.38236,1.38523,1.38154,1.38412,8469.0
2021-06-29 17:00:00+00:00,1.38409,1.38534,1.38353,1.38403,2241.0
2021-06-29 21:00:00+00:00,1.38395,1.38548,1.38384,1.38533,1203.0
2021-06-30 01:00:00+00:00,1.3853,1.38608,1.38436,1.38492,2090.0
2021-06-30 05:00:00+00:00,1.38489,1.38562,1.3815,1.38347,7243.0
2021-06-30 09:00:00+00:00,1.38344,1.38732,1.38312,1.38429,8498.0
2021-06-30 13:00:00+00:00,1.38426,1.38449,1.38,1.38004,9073.0
2021-06-30 17:00:00+00:00,1.38006,1.38379,1.37986,1.3831,3581.0
2021-06-30 21:00:00+00:00,1.38303,1.38372,1.38118,1.38122,1284.0
2021-07-01 01:00:00+00:00,1.38124,1.38222,1.3811,1.38176,1790.0
2021-07-01 05:00:00+00:00,1.38178,1.38346,1.37743,1.37802,7687.0
2021-07-01 09:00:00+00:00,1.37804,1.38177,1.3765,1.38108,8959.0
2021-07-01 13:00:00+00:00,1.38106,1.38208,1.37614,1.3766,10272.0
2021-07-01 17:00:00+00:00,1.37658,1.37714,1.37526,1.37661,2460.0
2021-07-01 21:00:00+00:00,1.37618,1.37728,1.37522,1.37608,1376.0
2021-07-02 01:00:00+00:00,1.37612,1.37766,1.37576,1.37708,2304.0
2021-07-02 05:00:00+00:00,1.37711,1.37739,1.37442,1.37548,6092.0
2021-07-02 09:00:00+00:00,1.3755,1.37872,1.37316,1.37804,11614.0
2021-07-02 13:00:00+00:00,1.378,1.38052,1.37595,1.38042,11833.0
2021-07-02 17:00:00+00:00,1.3804,1.38449,1.37992,1.38273,3685.0
2021-07-04 21:00:00+00:00,1.38275,1.3839,1.38171,1.38227,1378.0
2021-07-05 01:00:00+00:00,1.3823,1.38298,1.38186,1.38244,1663.0
2021-07-05 05:00:00+00:00,1.38242,1.3858,1.38185,1.38504,4943.0
2021-07-05 09:00:00+00:00,1.38502,1.3862,1.38441,1.38458,4379.0
2021-07-05 13:00:00+00:00,1.3846,1.38591,1.38378,1.38568,3497.0
2021-07-05 17:00:00+00:00,1.3857,1.38572,1.38432,1.38432,3562.0
2021-07-05 21:00:00+00:00,1.38432,1.3861,1.38408,1.3858,1269.0
2021-07-06 01:00:00+00:00,1.38578,1.3889,1.38564,1.38811,2726.0
2021-07-06 05:00:00+00:00,1.38809,1.38987,1.38508,1.38562,8794.0
2021-07-06 09:00:00+00:00,1.38566,1.38749,1.38347,1.38609,7888.0
2021-07-06 13:00:00+00:00,1.38607,1.38636,1.3773,1.37796,15394.0
2021-07-06 17:00:00+00:00,1.37798,1.38082,1.37776,1.37994,3081.0
2021-07-06 21:00:00+00:00,1.38021,1.38096,1.37898,1.3797,1884.0
2021-07-07 01:00:00+00:00,1.37968,1.38058,1.37924,1.3802,2753.0
2021-07-07 05:00:00+00:00,1.38018,1.38154,1.37778,1.37796,7642.0
2021-07-07 09:00:00+00:00,1.37791,1.38419,1.37791,1.38218,8098.0
2021-07-07 13:00:00+00:00,1.38216,1.38239,1.3754,1.37968,11689.0
2021-07-07 17:00:00+00:00,1.37972,1.38179,1.37893,1.3802,8220.0
2021-07-07 21:00:00+00:00,1.38029,1.38058,1.3789,1.379,1086.0
2021-07-08 01:00:00+00:00,1.37904,1.37944,1.37746,1.37861,2969.0
2021-07-08 05:00:00+00:00,1.37858,1.37948,1.37601,1.37856,12899.0
2021-07-08 09:00:00+00:00,1.37861,1.37943,1.3742,1.37615,13361.0
2021-07-08 13:00:00+00:00,1.37613,1.37974,1.37546,1.3773,13294.0
2021-07-08 17:00:00+00:00,1.37728,1.37924,1.37617,1.37864,4365.0
2021-07-08 21:00:00+00:00,1.37815,1.37949,1.37735,1.37878,1615.0
2021-07-09 01:00:00+00:00,1.37876,1.37888,1.37669,1.37748,4070.0
2021-07-09 05:00:00+00:00,1.3775,1.37928,1.37554,1.37776,10456.0
2021-07-09 09:00:00+00:00,1.37774,1.38416,1.37711,1.38402,10335.0
2021-07-09 13:00:00+00:00,1.384,1.38768,1.38238,1.38584,10470.0
2021-07-09 17:00:00+00:00,1.38582,1.3908,1.38574,1.38988,4093.0
2021-07-11 21:00:00+00:00,1.38945,1.39016,1.3887,1.39006,2612.0
2021-07-12 01:00:00+00:00,1.39012,1.39104,1.38832,1.38919,2747.0
2021-07-12 05:00:00+00:00,1.38917,1.38942,1.38558,1.386,5792.0
2021-07-12 09:00:00+00:00,1.38602,1.3873,1.38389,1.38467,7986.0
2021-07-12 13:00:00+00:00,1.38469,1.39055,1.384,1.38816,8572.0
2021-07-12 17:00:00+00:00,1.38814,1.3887,1.38722,1.3886,1912.0
2021-07-12 21:00:00+00:00,1.38847,1.38952,1.38801,1.38928,1019.0
2021-07-13 01:00:00+00:00,1.38931,1.39052,1.38833,1.3893,2090.0
2021-07-13 05:00:00+00:00,1.38932,1.38936,1.38512,1.3861,5716.0
2021-07-13 09:00:00+00:00,1.38612,1.38626,1.38001,1.38066,10132.0
2021-07-13 13:00:00+00:00,1.38068,1.38564,1.38018,1.3842,11573.0
2021-07-13 17:00:00+00:00,1.38418,1.38418,1.3809,1.38139,3353.0
2021-07-13 21:00:00+00:00,1.38126,1.38207,1.38016,1.38066,1354.0
2021-07-14 01:00:00+00:00,1.38069,1.38244,1.38062,1.38206,2734.0
2021-07-14 05:00:00+00:00,1.38204,1.38618,1.38194,1.38462,7573.0
2021-07-14 09:00:00+00:00,1.38466,1.38922,1.38349,1.38852,9151.0
2021-07-14 13:00:00+00:00,1.38854,1.38919,1.38486,1.3854,10247.0
2021-07-14 17:00:00+00:00,1.38542,1.38674,1.38506,1.38609,3220.0
2021-07-14 21:00:00+00:00,1.38593,1.38644,1.38352,1.38413,1618.0
2021-07-15 01:00:00+00:00,1.38417,1.38431,1.38218,1.3836,2943.0
2021-07-15 05:00:00+00:00,1.38358,1.38669,1.38133,1.38448,7862.0
2021-07-15 09:00:00+00:00,1.38452,1.38991,1.38302,1.38448,12920.0
2021-07-15 13:00:00+00:00,1.38446,1.3867,1.38236,1.38258,10096.0
2021-07-15 17:00:00+00:00,1.38255,1.38319,1.38049,1.38279,4315.0
2021-07-15 21:00:00+00:00,1.38279,1.3836,1.38239,1.38314,1334.0
2021-07-16 01:00:00+00:00,1.38316,1.38408,1.38242,1.38372,2881.0
2021-07-16 05:00:00+00:00,1.38374,1.38622,1.37914,1.38592,7979.0
2021-07-16 09:00:00+00:00,1.38589,1.38591,1.37998,1.38087,7771.0
2021-07-16 13:00:00+00:00,1.38085,1.38218,1.37726,1.37782,9850.0
2021-07-16 17:00:00+00:00,1.37784,1.3785,1.37607,1.37653,2949.0
2021-07-18 21:00:00+00:00,1.3777,1.37778,1.37486,1.37504,1610.0
2021-07-19 01:00:00+00:00,1.37506,1.37616,1.37472,1.37556,2888.0
2021-07-19 05:00:00+00:00,1.37554,1.37616,1.37021,1.37119,9389.0
2021-07-19 09:00:00+00:00,1.37122,1.37456,1.36884,1.37036,13238.0
2021-07-19 13:00:00+00:00,1.37034,1.37251,1.36624,1.367,16755.0
2021-07-19 17:00:00+00:00,1.36698,1.36802,1.36547,1.36747,5707.0
2021-07-19 21:00:00+00:00,1.36755,1.36797,1.36663,1.36691,1192.0
2021-07-20 01:00:00+00:00,1.36694,1.36896,1.3661,1.36708,3161.0
2021-07-20 05:00:00+00:00,1.3671,1.36724,1.36272,1.36652,10077.0
2021-07-20 09:00:00+00:00,1.3665,1.3677,1.35874,1.35936,11337.0
2021-07-20 13:00:00+00:00,1.35938,1.36315,1.3572,1.36299,13008.0
2021-07-20 17:00:00+00:00,1.36296,1.36331,1.36134,1.36264,3270.0
2021-07-20 21:00:00+00:00,1.36255,1.36422,1.36193,1.36341,2171.0
2021-07-21 01:00:00+00:00,1.36338,1.36352,1.3607,1.36146,2059.0
2021-07-21 05:00:00+00:00,1.36148,1.36344,1.35914,1.36286,7722.0
2021-07-21 09:00:00+00:00,1.36288,1.36387,1.35962,1.3636,8732.0
2021-07-21 13:00:00+00:00,1.36358,1.36992,1.3635,1.36984,9206.0
2021-07-21 17:00:00+00:00,1.3698,1.37234,1.36977,1.37161,3231.0
2021-07-21 21:00:00+00:00,1.37136,1.37167,1.3698,1.36986,1060.0
2021-07-22 01:00:00+00:00,1.36988,1.37194,1.36904,1.3716,2107.0
2021-07-22 05:00:00+00:00,1.37163,1.37582,1.37112,1.37322,8234.0
2021-07-22 09:00:00+00:00,1.37325,1.37806,1.3725,1.37687,11524.0
2021-07-22 13:00:00+00:00,1.37683,1.37872,1.374,1.3766,10734.0
2021-07-22 17:00:00+00:00,1.37663,1.3779,1.37624,1.37683,2806.0
2021-07-22 21:00:00+00:00,1.37592,1.37804,1.3758,1.3774,967.0
2021-07-23 01:00:00+00:00,1.37743,1.37764,1.37564,1.37578,1779.0
2021-07-23 05:00:00+00:00,1.37581,1.37664,1.37242,1.37316,7427.0
2021-07-23 09:00:00+00:00,1.37313,1.37681,1.37201,1.37669,7849.0
2021-07-23 13:00:00+00:00,1.37671,1.3773,1.37443,1.37588,7640.0
2021-07-23 17:00:00+00:00,1.37586,1.37633,1.37439,1.37522,1868.0
2021-07-25 21:00:00+00:00,1.37606,1.37661,1.37406,1.37472,4747.0
2021-07-26 01:00:00+00:00,1.37475,1.37564,1.37416,1.37542,2292.0
2021-07-26 05:00:00+00:00,1.3754,1.37731,1.37372,1.3768,8353.0
2021-07-26 09:00:00+00:00,1.37682,1.38006,1.37641,1.37789,6895.0
2021-07-26 13:00:00+00:00,1.37786,1.38335,1.37771,1.38274,7922.0
2021-07-26 17:00:00+00:00,1.38276,1.38296,1.38108,1.38187,1972.0
2021-07-26 21:00:00+00:00,1.38206,1.38318,1.38169,1.38248,1221.0
2021-07-27 01:00:00+00:00,1.38245,1.38297,1.3819,1.38283,1509.0
2021-07-27 05:00:00+00:00,1.38286,1.38287,1.37668,1.37792,8999.0
2021-07-27 09:00:00+00:00,1.37796,1.38244,1.37738,1.38237,6503.0
2021-07-27 13:00:00+00:00,1.38239,1.38925,1.38042,1.38852,12528.0
2021-07-27 17:00:00+00:00,1.38848,1.38942,1.38759,1.38784,2658.0
2021-07-27 21:00:00+00:00,1.38803,1.38898,1.38742,1.38766,1162.0
2021-07-28 01:00:00+00:00,1.38769,1.389,1.3871,1.3871,1848.0
2021-07-28 05:00:00+00:00,1.38708,1.38951,1.3862,1.38946,6173.0
2021-07-28 09:00:00+00:00,1.38948,1.38948,1.38644,1.38683,6677.0
2021-07-28 13:00:00+00:00,1.38686,1.38894,1.38449,1.38848,7215.0
2021-07-28 17:00:00+00:00,1.3885,1.39116,1.38428,1.39019,14681.0
2021-07-28 21:00:00+00:00,1.39043,1.39086,1.38984,1.39046,1022.0
2021-07-29 01:00:00+00:00,1.39048,1.39318,1.39032,1.39291,2236.0
2021-07-29 05:00:00+00:00,1.39289,1.39702,1.39268,1.3959,5782.0
2021-07-29 09:00:00+00:00,1.39588,1.39732,1.39462,1.39546,5870.0
2021-07-29 13:00:00+00:00,1.39548,1.39819,1.39516,1.39644,6179.0
2021-07-29 17:00:00+00:00,1.39646,1.39709,1.39589,1.3959,1627.0
2021-07-29 21:00:00+00:00,1.39597,1.39715,1.39482,1.39488,1387.0
2021-07-30 01:00:00+00:00,1.3949,1.39566,1.39421,1.39485,1775.0
2021-07-30 05:00:00+00:00,1.39482,1.39796,1.39346,1.39769,4274.0
2021-07-30 09:00:00+00:00,1.39764,1.39835,1.39478,1.3949,5763.0
2021-07-30 13:00:00+00:00,1.39492,1.39607,1.38907,1.38992,9951.0
2021-07-30 17:00:00+00:00,1.38996,1.39132,1.38883,1.39038,3323.0
2021-08-01 21:00:00+00:00,1.39016,1.39054,1.38924,1.39007,1257.0
2021-08-02 01:00:00+00:00,1.39005,1.39038,1.38863,1.38991,1787.0
2021-08-02 05:00:00+00:00,1.38993,1.39326,1.38962,1.39212,4621.0
2021-08-02 09:00:00+00:00,1.3921,1.39246,1.38844,1.38902,4233.0
2021-08-02 13:00:00+00:00,1.38904,1.39188,1.38757,1.38954,8720.0
2021-08-02 17:00:00+00:00,1.38951,1.38954,1.38794,1.38832,2360.0
2021-08-02 21:00:00+00:00,1.3882,1.39014,1.38791,1.38945,860.0
2021-08-03 01:00:00+00:00,1.38948,1.39047,1.38869,1.38954,2605.0
2021-08-03 05:00:00+00:00,1.38956,1.39254,1.38884,1.39132,4504.0
2021-08-03 09:00:00+00:00,1.39129,1.39388,1.39068,1.3922,4734.0
2021-08-03 13:00:00+00:00,1.39225,1.39248,1.38827,1.39171,8374.0
2021-08-03 17:00:00+00:00,1.39174,1.39192,1.39078,1.39158,1667.0
2021-08-03 21:00:00+00:00,1.39158,1.3918,1.39004,1.39032,1085.0
2021-08-04 01:00:00+00:00,1.39034,1.39333,1.39034,1.39269,1495.0
2021-08-04 05:00:00+00:00,1.39271,1.39473,1.39182,1.39321,3811.0
2021-08-04 09:00:00+00:00,1.39318,1.39422,1.3919,1.39392,4662.0
2021-08-04 13:00:00+00:00,1.3939,1.39578,1.38932,1.3898,8925.0
2021-08-04 17:00:00+00:00,1.38982,1.39059,1.38856,1.38889,1845.0
2021-08-04 21:00:00+00:00,1.38883,1.3898,1.38854,1.38876,833.0
2021-08-05 01:00:00+00:00,1.38878,1.38946,1.38779,1.38908,1329.0
2021-08-05 05:00:00+00:00,1.3891,1.39247,1.38723,1.39154,5001.0
2021-08-05 09:00:00+00:00,1.39152,1.39466,1.39022,1.39058,10689.0
2021-08-05 13:00:00+00:00,1.39056,1.39491,1.38993,1.39314,7657.0
2021-08-05 17:00:00+00:00,1.39316,1.39384,1.39258,1.393,2075.0
2021-08-05 21:00:00+00:00,1.39313,1.39344,1.39168,1.3919,670.0
2021-08-06 01:00:00+00:00,1.39192,1.39234,1.39152,1.39212,995.0
2021-08-06 05:00:00+00:00,1.3921,1.39332,1.39104,1.39181,3632.0
2021-08-06 09:00:00+00:00,1.39183,1.39304,1.38958,1.39024,7805.0
2021-08-06 13:00:00+00:00,1.39021,1.39074,1.38613,1.38659,7044.0
2021-08-06 17:00:00+00:00,1.38662,1.38818,1.38651,1.38729,2635.0
2021-08-08 21:00:00+00:00,1.38765,1.38825,1.38552,1.38608,8788.0
2021-08-09 01:00:00+00:00,1.3861,1.38708,1.38564,1.38704,1684.0
2021-08-09 05:00:00+00:00,1.38702,1.38905,1.38505,1.38576,4279.0
2021-08-09 09:00:00+00:00,1.38574,1.38946,1.3856,1.38834,5299.0
2021-08-09 13:00:00+00:00,1.38838,1.38894,1.38409,1.38476,6080.0
2021-08-09 17:00:00+00:00,1.38478,1.38586,1.3845,1.38468,1696.0
2021-08-09 21:00:00+00:00,1.38468,1.38555,1.38429,1.38508,782.0
2021-08-10 01:00:00+00:00,1.3851,1.38516,1.38362,1.38446,1361.0
2021-08-10 05:00:00+00:00,1.38448,1.38725,1.38402,1.38646,4656.0
2021-08-10 09:00:00+00:00,1.38644,1.38658,1.38517,1.38524,4689.0
2021-08-10 13:00:00+00:00,1.38528,1.38688,1.38276,1.38328,7270.0
2021-08-10 17:00:00+00:00,1.38326,1.38449,1.38312,1.38444,1765.0
2021-08-10 21:00:00+00:00,1.38403,1.3846,1.38196,1.38238,1009.0
2021-08-11 01:00:00+00:00,1.38236,1.38336,1.382,1.38288,1327.0
2021-08-11 05:00:00+00:00,1.3829,1.38333,1.38074,1.38092,3703.0
2021-08-11 09:00:00+00:00,1.38094,1.38762,1.38029,1.38604,7105.0
2021-08-11 13:00:00+00:00,1.38602,1.38796,1.3847,1.38792,7537.0
2021-08-11 17:00:00+00:00,1.3879,1.3888,1.38639,1.38663,2437.0
2021-08-11 21:00:00+00:00,1.38708,1.38738,1.38642,1.3871,841.0
2021-08-12 01:00:00+00:00,1.38707,1.38753,1.38643,1.38684,1273.0
2021-08-12 05:00:00+00:00,1.38686,1.38788,1.38557,1.3863,3663.0
2021-08-12 09:00:00+00:00,1.38626,1.38658,1.38372,1.3847,4431.0
2021-08-12 13:00:00+00:00,1.38472,1.38475,1.38165,1.38165,5081.0
2021-08-12 17:00:00+00:00,1.38168,1.38178,1.37951,1.3808,3206.0
2021-08-12 21:00:00+00:00,1.38085,1.38181,1.38068,1.38105,728.0
2021-08-13 01:00:00+00:00,1.38108,1.3817,1.38041,1.3814,923.0
2021-08-13 05:00:00+00:00,1.38138,1.38148,1.37908,1.38002,2763.0
2021-08-13 09:00:00+00:00,1.38006,1.38342,1.37919,1.383,3825.0
2021-08-13 13:00:00+00:00,1.38302,1.3871,1.38302,1.38668,5426.0
2021-08-13 17:00:00+00:00,1.38671,1.3875,1.38632,1.38692,1997.0
2021-08-15 21:00:00+00:00,1.38608,1.38736,1.38569,1.3858,1336.0
2021-08-16 01:00:00+00:00,1.38584,1.38672,1.38516,1.38562,1087.0
2021-08-16 05:00:00+00:00,1.38559,1.38681,1.38387,1.38608,3782.0
2021-08-16 09:00:00+00:00,1.3861,1.38786,1.38488,1.3865,4943.0
2021-08-16 13:00:00+00:00,1.38653,1.38725,1.38278,1.3846,7258.0
2021-08-16 17:00:00+00:00,1.38458,1.3846,1.38361,1.38439,1435.0
2021-08-16 21:00:00+00:00,1.38416,1.38459,1.38338,1.38352,787.0
2021-08-17 01:00:00+00:00,1.38355,1.3837,1.38149,1.3819,1845.0
2021-08-17 05:00:00+00:00,1.38192,1.38302,1.37882,1.38096,6190.0
2021-08-17 09:00:00+00:00,1.38094,1.38122,1.3767,1.3774,6071.0
2021-08-17 13:00:00+00:00,1.37738,1.37763,1.37263,1.3727,7739.0
2021-08-17 17:00:00+00:00,1.37268,1.3747,1.37268,1.37429,2877.0
2021-08-17 21:00:00+00:00,1.37398,1.37435,1.37277,1.37414,890.0
2021-08-18 01:00:00+00:00,1.37412,1.37591,1.37392,1.37427,1965.0
2021-08-18 05:00:00+00:00,1.3743,1.37634,1.37316,1.37576,4071.0
2021-08-18 09:00:00+00:00,1.37579,1.37693,1.37474,1.37668,4307.0
2021-08-18 13:00:00+00:00,1.3767,1.37709,1.37451,1.3749,5742.0
2021-08-18 17:00:00+00:00,1.37488,1.37863,1.37471,1.37541,7119.0
2021-08-18 21:00:00+00:00,1.37536,1.37584,1.37329,1.37338,1433.0
2021-08-19 01:00:00+00:00,1.3734,1.37393,1.37119,1.37212,2245.0
2021-08-19 05:00:00+00:00,1.3721,1.37222,1.36744,1.3677,7849.0
2021-08-19 09:00:00+00:00,1.36767,1.36993,1.36654,1.36811,6881.0
2021-08-19 13:00:00+00:00,1.36809,1.36944,1.36528,1.36536,8397.0
2021-08-19 17:00:00+00:00,1.36538,1.36538,1.36322,1.36374,3451.0
2021-08-19 21:00:00+00:00,1.36449,1.36449,1.3628,1.36406,1244.0
2021-08-20 01:00:00+00:00,1.36404,1.3641,1.36182,1.36335,2086.0
2021-08-20 05:00:00+00:00,1.36332,1.36348,1.36091,1.36219,6702.0
2021-08-20 09:00:00+00:00,1.36222,1.36228,1.3605,1.36052,4640.0
2021-08-20 13:00:00+00:00,1.3605,1.36362,1.36024,1.3628,6689.0
2021-08-20 17:00:00+00:00,1.36282,1.36294,1.36188,1.3622,2400.0
2021-08-22 21:00:00+00:00,1.36253,1.36446,1.36125,1.36416,32904.0
2021-08-23 01:00:00+00:00,1.36418,1.3655,1.36404,1.36488,2466.0
2021-08-23 05:00:00+00:00,1.36485,1.36622,1.36325,1.36538,5563.0
2021-08-23 09:00:00+00:00,1.36536,1.36996,1.36517,1.36966,4904.0
2021-08-23 13:00:00+00:00,1.36968,1.37248,1.36861,1.3722,6354.0
2021-08-23 17:00:00+00:00,1.37222,1.37324,1.37199,1.3724,1484.0
2021-08-23 21:00:00+00:00,1.37207,1.37272,1.3716,1.3716,750.0
2021-08-24 01:00:00+00:00,1.37164,1.37262,1.37108,1.3726,945.0
2021-08-24 05:00:00+00:00,1.37258,1.37479,1.36937,1.37084,5564.0
2021-08-24 09:00:00+00:00,1.37082,1.37326,1.3704,1.37122,5555.0
2021-08-24 13:00:00+00:00,1.37125,1.37475,1.37086,1.3722,6550.0
2021-08-24 17:00:00+00:00,1.37217,1.37319,1.37207,1.37291,1319.0
2021-08-24 21:00:00+00:00,1.37291,1.37346,1.3718,1.372,892.0
2021-08-25 01:00:00+00:00,1.37197,1.37236,1.37138,1.3718,1550.0
2021-08-25 05:00:00+00:00,1.37178,1.37433,1.37067,1.37296,4264.0
2021-08-25 09:00:00+00:00,1.37294,1.37334,1.36967,1.37036,4215.0
2021-08-25 13:00:00+00:00,1.37034,1.374,1.36998,1.3738,6549.0
2021-08-25 17:00:00+00:00,1.37382,1.37672,1.37352,1.37642,2319.0
2021-08-25 21:00:00+00:00,1.37629,1.37681,1.37505,1.37608,966.0
2021-08-26 01:00:00+00:00,1.37606,1.37608,1.37496,1.37562,1353.0
2021-08-26 05:00:00+00:00,1.37559,1.37584,1.37311,1.37352,4527.0
2021-08-26 09:00:00+00:00,1.37354,1.37498,1.37175,1.37192,5767.0
2021-08-26 13:00:00+00:00,1.37189,1.37366,1.37027,1.3703,8008.0
2021-08-26 17:00:00+00:00,1.37032,1.37076,1.36895,1.37001,2196.0
2021-08-26 21:00:00+00:00,1.36975,1.37034,1.36798,1.36826,1012.0
2021-08-27 01:00:00+00:00,1.36828,1.37014,1.36804,1.37014,1372.0
2021-08-27 05:00:00+00:00,1.37012,1.3721,1.3694,1.37024,4362.0
2021-08-27 09:00:00+00:00,1.37026,1.37295,1.3696,1.37246,5003.0
2021-08-27 13:00:00+00:00,1.37249,1.3781,1.37024,1.3778,16298.0
2021-08-27 17:00:00+00:00,1.37782,1.37792,1.37556,1.37621,2181.0
2021-08-29 21:00:00+00:00,1.376,1.37664,1.3752,1.37632,1513.0
2021-08-30 01:00:00+00:00,1.37634,1.37752,1.37584,1.37702,1606.0
2021-08-30 05:00:00+00:00,1.37704,1.37752,1.37513,1.3763,3428.0
2021-08-30 09:00:00+00:00,1.37628,1.37678,1.374,1.37412,3715.0
2021-08-30 13:00:00+00:00,1.37409,1.37642,1.3734,1.37554,4279.0
2021-08-30 17:00:00+00:00,1.37552,1.3768,1.37542,1.37606,1233.0
2021-08-30 21:00:00+00:00,1.37638,1.37679,1.37541,1.3763,1229.0
2021-08-31 01:00:00+00:00,1.37633,1.37823,1.37581,1.37795,1835.0
2021-08-31 05:00:00+00:00,1.37798,1.38016,1.37694,1.37694,4799.0
2021-08-31 09:00:00+00:00,1.37696,1.37922,1.37594,1.37844,7574.0
2021-08-31 13:00:00+00:00,1.37846,1.38078,1.3743,1.37518,12420.0
2021-08-31 17:00:00+00:00,1.3752,1.37599,1.37473,1.3754,2360.0
2021-08-31 21:00:00+00:00,1.37532,1.37585,1.3736,1.37374,1031.0
2021-09-01 01:00:00+00:00,1.37372,1.37416,1.37312,1.37356,1666.0
2021-09-01 05:00:00+00:00,1.37358,1.37654,1.37314,1.3756,5317.0
2021-09-01 09:00:00+00:00,1.37563,1.37908,1.37442,1.3787,5623.0
2021-09-01 13:00:00+00:00,1.37873,1.37984,1.37742,1.3784,6991.0
2021-09-01 17:00:00+00:00,1.37842,1.37844,1.37671,1.3769,2042.0
2021-09-01 21:00:00+00:00,1.37702,1.37809,1.37672,1.37748,865.0
2021-09-02 01:00:00+00:00,1.37745,1.37804,1.37713,1.37713,962.0
2021-09-02 05:00:00+00:00,1.3771,1.37914,1.37708,1.37864,3525.0
2021-09-02 09:00:00+00:00,1.37862,1.38015,1.37828,1.37864,3858.0
2021-09-02 13:00:00+00:00,1.37868,1.38366,1.37818,1.38322,6427.0
2021-09-02 17:00:00+00:00,1.38325,1.38398,1.38287,1.38332,1928.0
2021-09-02 21:00:00+00:00,1.38349,1.38457,1.38328,1.3844,664.0
2021-09-03 01:00:00+00:00,1.38442,1.38454,1.38318,1.38324,1479.0
2021-09-03 05:00:00+00:00,1.38326,1.38414,1.38245,1.3835,3131.0
2021-09-03 09:00:00+00:00,1.38352,1.38676,1.38178,1.385,8965.0
2021-09-03 13:00:00+00:00,1.38504,1.3875,1.38382,1.38745,9506.0
2021-09-03 17:00:00+00:00,1.38748,1.3892,1.38484,1.38648,2634.0
2021-09-05 21:00:00+00:00,1.38624,1.38714,1.38516,1.38556,1173.0
2021-09-06 01:00:00+00:00,1.38554,1.38598,1.38432,1.38444,1318.0
2021-09-06 05:00:00+00:00,1.38446,1.38558,1.38364,1.38422,3404.0
2021-09-06 09:00:00+00:00,1.38425,1.38468,1.38314,1.38386,3107.0
2021-09-06 13:00:00+00:00,1.38388,1.38406,1.38189,1.38324,2843.0
2021-09-06 17:00:00+00:00,1.38328,1.38402,1.38284,1.3837,3490.0
2021-09-06 21:00:00+00:00,1.38351,1.38525,1.38296,1.38484,806.0
2021-09-07 01:00:00+00:00,1.38481,1.38568,1.38384,1.38384,1507.0
2021-09-07 05:00:00+00:00,1.38386,1.38498,1.38102,1.38179,5669.0
2021-09-07 09:00:00+00:00,1.38182,1.38246,1.37678,1.37806,7790.0
2021-09-07 13:00:00+00:00,1.37804,1.38002,1.37681,1.37898,6963.0
2021-09-07 17:00:00+00:00,1.37896,1.37963,1.37792,1.37852,2191.0
2021-09-07 21:00:00+00:00,1.37865,1.37884,1.37754,1.37867,809.0
2021-09-08 01:00:00+00:00,1.37865,1.37907,1.37773,1.37793,1326.0
2021-09-08 05:00:00+00:00,1.37796,1.37798,1.37505,1.37635,6617.0
2021-09-08 09:00:00+00:00,1.37632,1.37784,1.37531,1.37657,5453.0
2021-09-08 13:00:00+00:00,1.37655,1.37833,1.37266,1.37712,9780.0
2021-09-08 17:00:00+00:00,1.37715,1.37846,1.37686,1.37712,2384.0
2021-09-08 21:00:00+00:00,1.37724,1.37753,1.37592,1.37613,769.0
2021-09-09 01:00:00+00:00,1.37615,1.37736,1.37534,1.37578,1586.0
2021-09-09 05:00:00+00:00,1.37576,1.38122,1.37556,1.38112,5607.0
2021-09-09 09:00:00+00:00,1.3811,1.38422,1.38053,1.3837,7850.0
2021-09-09 13:00:00+00:00,1.38372,1.38597,1.3825,1.38569,8352.0
2021-09-09 17:00:00+00:00,1.38566,1.38625,1.38334,1.38358,3350.0
2021-09-09 21:00:00+00:00,1.38363,1.38465,1.38328,1.38418,1023.0
2021-09-10 01:00:00+00:00,1.38416,1.38519,1.38331,1.38492,1978.0
2021-09-10 05:00:00+00:00,1.3849,1.38852,1.38402,1.38784,5430.0
2021-09-10 09:00:00+00:00,1.38782,1.38884,1.38636,1.38795,4819.0
2021-09-10 13:00:00+00:00,1.38798,1.38801,1.38417,1.38538,7414.0
2021-09-10 17:00:00+00:00,1.3854,1.3856,1.38264,1.38367,2798.0
2021-09-12 21:00:00+00:00,1.3844,1.38512,1.38311,1.38349,1514.0
2021-09-13 01:00:00+00:00,1.38346,1.38462,1.38222,1.3826,2396.0
2021-09-13 05:00:00+00:00,1.38258,1.3827,1.3797,1.38166,6186.0
2021-09-13 09:00:00+00:00,1.38164,1.38416,1.3814,1.38359,4576.0
2021-09-13 13:00:00+00:00,1.38356,1.38511,1.38138,1.38356,7600.0
2021-09-13 17:00:00+00:00,1.38359,1.38421,1.38266,1.38401,2488.0
2021-09-13 21:00:00+00:00,1.38395,1.38439,1.38345,1.38404,765.0
2021-09-14 01:00:00+00:00,1.38402,1.38504,1.38378,1.38394,2058.0
2021-09-14 05:00:00+00:00,1.38396,1.38826,1.38296,1.38665,6559.0
2021-09-14 09:00:00+00:00,1.38668,1.39068,1.38506,1.39028,8292.0
2021-09-14 13:00:00+00:00,1.39033,1.39132,1.38397,1.38492,8830.0
2021-09-14 17:00:00+00:00,1.38489,1.38501,1.38037,1.3808,3163.0
2021-09-14 21:00:00+00:00,1.38098,1.38127,1.38031,1.38034,1385.0
2021-09-15 01:00:00+00:00,1.38038,1.38099,1.37928,1.3808,1742.0
2021-09-15 05:00:00+00:00,1.38078,1.38429,1.3798,1.3835,6400.0
2021-09-15 09:00:00+00:00,1.38346,1.38355,1.3813,1.38231,6195.0
2021-09-15 13:00:00+00:00,1.38233,1.38539,1.38175,1.38272,8890.0
2021-09-15 17:00:00+00:00,1.38275,1.38464,1.38254,1.3841,1876.0
2021-09-15 21:00:00+00:00,1.38429,1.38528,1.38332,1.38486,1027.0
2021-09-16 01:00:00+00:00,1.38488,1.38488,1.38324,1.38344,1676.0
2021-09-16 05:00:00+00:00,1.38346,1.38378,1.38122,1.38226,5846.0
2021-09-16 09:00:00+00:00,1.38224,1.38415,1.38004,1.38069,7169.0
2021-09-16 13:00:00+00:00,1.38066,1.38066,1.37646,1.3783,7604.0
2021-09-16 17:00:00+00:00,1.37826,1.38028,1.37748,1.37961,3226.0
2021-09-16 21:00:00+00:00,1.37945,1.38,1.37839,1.37849,1742.0
2021-09-17 01:00:00+00:00,1.37846,1.38071,1.37843,1.38067,1872.0
2021-09-17 05:00:00+00:00,1.38069,1.38129,1.37868,1.37954,5172.0
2021-09-17 09:00:00+00:00,1.37952,1.38074,1.37756,1.37975,6165.0
2021-09-17 13:00:00+00:00,1.37978,1.38056,1.37411,1.37472,9097.0
2021-09-17 17:00:00+00:00,1.37474,1.37552,1.37274,1.37382,3298.0
2021-09-19 21:00:00+00:00,1.37455,1.3752,1.37222,1.37256,1205.0
2021-09-20 01:00:00+00:00,1.37254,1.37254,1.37012,1.37055,2088.0
2021-09-20 05:00:00+00:00,1.37053,1.37154,1.36621,1.36744,7375.0
2021-09-20 09:00:00+00:00,1.36742,1.36998,1.36462,1.36708,7411.0
2021-09-20 13:00:00+00:00,1.36706,1.36854,1.36436,1.36436,9825.0
2021-09-20 17:00:00+00:00,1.36434,1.36664,1.36406,1.36577,4087.0
2021-09-20 21:00:00+00:00,1.3657,1.36655,1.36509,1.36536,1782.0
2021-09-21 01:00:00+00:00,1.36534,1.3675,1.36491,1.36744,2596.0
2021-09-21 05:00:00+00:00,1.36741,1.36924,1.36628,1.36849,7084.0
2021-09-21 09:00:00+00:00,1.36853,1.36929,1.36644,1.36684,6515.0
2021-09-21 13:00:00+00:00,1.36686,1.36732,1.36414,1.36617,11145.0
2021-09-21 17:00:00+00:00,1.36614,1.36745,1.36504,1.36605,4200.0
2021-09-21 21:00:00+00:00,1.36599,1.36656,1.36537,1.36565,1464.0
2021-09-22 01:00:00+00:00,1.36567,1.36781,1.36472,1.36524,3809.0
2021-09-22 05:00:00+00:00,1.36522,1.36606,1.36332,1.36386,5546.0
2021-09-22 09:00:00+00:00,1.36382,1.36506,1.36178,1.36274,5189.0
2021-09-22 13:00:00+00:00,1.36276,1.36691,1.36162,1.36533,7396.0
2021-09-22 17:00:00+00:00,1.3653,1.36899,1.36096,1.36168,22851.0
2021-09-22 21:00:00+00:00,1.3622,1.36375,1.36123,1.36176,1900.0
2021-09-23 01:00:00+00:00,1.36172,1.36466,1.36142,1.36466,2043.0
2021-09-23 05:00:00+00:00,1.36464,1.36736,1.36336,1.36552,7579.0
2021-09-23 09:00:00+00:00,1.36556,1.37258,1.36542,1.37246,14777.0
2021-09-23 13:00:00+00:00,1.37244,1.37508,1.37055,1.3745,9198.0
2021-09-23 17:00:00+00:00,1.37452,1.37466,1.37182,1.372,2803.0
2021-09-23 21:00:00+00:00,1.37218,1.37365,1.37136,1.37354,1276.0
2021-09-24 01:00:00+00:00,1.37351,1.37356,1.37168,1.37226,1991.0
2021-09-24 05:00:00+00:00,1.37229,1.37276,1.36977,1.37172,6158.0
2021-09-24 09:00:00+00:00,1.37169,1.37177,1.36614,1.3666,6249.0
2021-09-24 13:00:00+00:00,1.36658,1.36952,1.36576,1.36796,6910.0
2021-09-24 17:00:00+00:00,1.36794,1.36794,1.36594,1.36745,2148.0
2021-09-26 21:00:00+00:00,1.3668,1.36795,1.36614,1.36698,1563.0
2021-09-27 01:00:00+00:00,1.367,1.36802,1.36644,1.36769,1603.0
2021-09-27 05:00:00+00:00,1.36772,1.37102,1.36582,1.37023,7114.0
2021-09-27 09:00:00+00:00,1.3702,1.37192,1.36809,1.3708,8722.0
2021-09-27 13:00:00+00:00,1.37078,1.37292,1.36916,1.37065,8956.0
2021-09-27 17:00:00+00:00,1.37062,1.3716,1.36992,1.37016,1868.0
2021-09-27 21:00:00+00:00,1.37028,1.37085,1.36904,1.36952,680.0
2021-09-28 01:00:00+00:00,1.36955,1.37144,1.36882,1.37144,1161.0
2021-09-28 05:00:00+00:00,1.37147,1.37175,1.36598,1.36724,7525.0
2021-09-28 09:00:00+00:00,1.36726,1.36766,1.35308,1.35454,13203.0
2021-09-28 13:00:00+00:00,1.35452,1.35618,1.35234,1.35297,14758.0
2021-09-28 17:00:00+00:00,1.35295,1.35461,1.35206,1.35379,4074.0
2021-09-28 21:00:00+00:00,1.35386,1.35459,1.35307,1.35354,1809.0
2021-09-29 01:00:00+00:00,1.35356,1.35496,1.353,1.35496,3089.0
2021-09-29 05:00:00+00:00,1.35493,1.35548,1.35002,1.35024,9683.0
2021-09-29 09:00:00+00:00,1.35026,1.35296,1.3455,1.34631,8837.0
2021-09-29 13:00:00+00:00,1.34628,1.3469,1.34118,1.34246,12415.0
2021-09-29 17:00:00+00:00,1.34248,1.34415,1.3413,1.34282,3691.0
2021-09-29 21:00:00+00:00,1.34258,1.34416,1.34249,1.34414,1286.0
2021-09-30 01:00:00+00:00,1.34411,1.34598,1.34366,1.34485,2177.0
2021-09-30 05:00:00+00:00,1.34482,1.34578,1.34157,1.34387,7112.0
2021-09-30 09:00:00+00:00,1.34384,1.34803,1.34326,1.34737,7326.0
2021-09-30 13:00:00+00:00,1.3474,1.35175,1.34474,1.34613,14680.0
2021-09-30 17:00:00+00:00,1.34611,1.34848,1.34502,1.34747,4683.0
2021-09-30 21:00:00+00:00,1.3474,1.34808,1.3454,1.3454,1499.0
2021-10-01 01:00:00+00:00,1.34544,1.34628,1.34447,1.34591,3720.0
2021-10-01 05:00:00+00:00,1.34593,1.3482,1.34338,1.3474,11381.0
2021-10-01 09:00:00+00:00,1.34743,1.3547,1.34736,1.35428,10431.0
2021-10-01 13:00:00+00:00,1.3543,1.35758,1.3535,1.35612,14124.0
2021-10-01 17:00:00+00:00,1.35615,1.35661,1.3543,1.35446,2772.0
2021-10-03 21:00:00+00:00,1.35565,1.3577,1.35431,1.35581,1927.0
2021-10-04 01:00:00+00:00,1.35583,1.35585,1.35338,1.3548,2218.0
2021-10-04 05:00:00+00:00,1.35482,1.35682,1.3532,1.35597,8719.0
2021-10-04 09:00:00+00:00,1.35595,1.36111,1.35576,1.36055,9062.0
2021-10-04 13:00:00+00:00,1.36058,1.36405,1.35948,1.36077,11037.0
2021-10-04 17:00:00+00:00,1.36074,1.36184,1.36035,1.36094,3528.0
2021-10-04 21:00:00+00:00,1.36099,1.36142,1.35936,1.35954,1767.0
2021-10-05 01:00:00+00:00,1.35952,1.36066,1.35846,1.35895,2780.0
2021-10-05 05:00:00+00:00,1.35893,1.3627,1.35852,1.36202,8419.0
2021-10-05 09:00:00+00:00,1.36199,1.3643,1.36131,1.36228,6904.0
2021-10-05 13:00:00+00:00,1.36226,1.3648,1.35997,1.36416,10823.0
2021-10-05 17:00:00+00:00,1.36414,1.36448,1.3621,1.36289,2481.0
2021-10-05 21:00:00+00:00,1.36296,1.36341,1.36226,1.36242,1165.0
2021-10-06 01:00:00+00:00,1.36244,1.36296,1.35993,1.36055,2653.0
2021-10-06 05:00:00+00:00,1.36057,1.36152,1.355,1.35514,9524.0
2021-10-06 09:00:00+00:00,1.35516,1.35908,1.35441,1.35832,10212.0
2021-10-06 13:00:00+00:00,1.35829,1.3591,1.35502,1.35544,12184.0
2021-10-06 17:00:00+00:00,1.35546,1.35918,1.35538,1.35812,4631.0
2021-10-06 21:00:00+00:00,1.35801,1.35978,1.35801,1.35938,1356.0
2021-10-07 01:00:00+00:00,1.35935,1.35954,1.35772,1.3582,1364.0
2021-10-07 05:00:00+00:00,1.35818,1.36053,1.35706,1.35874,7724.0
2021-10-07 09:00:00+00:00,1.35876,1.3618,1.3581,1.35952,7836.0
2021-10-07 13:00:00+00:00,1.3595,1.36384,1.35854,1.36218,8269.0
2021-10-07 17:00:00+00:00,1.36216,1.36249,1.36124,1.36143,2564.0
2021-10-07 21:00:00+00:00,1.36131,1.36232,1.36107,1.36187,1217.0
2021-10-08 01:00:00+00:00,1.3619,1.3621,1.36022,1.36024,2022.0
2021-10-08 05:00:00+00:00,1.36026,1.36079,1.35836,1.36001,5883.0
2021-10-08 09:00:00+00:00,1.36003,1.3659,1.35978,1.36406,9144.0
2021-10-08 13:00:00+00:00,1.36408,1.36488,1.3611,1.36171,11723.0
2021-10-08 17:00:00+00:00,1.36168,1.36258,1.36098,1.36163,2295.0
2021-10-10 21:00:00+00:00,1.36189,1.36424,1.3612,1.36388,1704.0
2021-10-11 01:00:00+00:00,1.3639,1.3656,1.36345,1.36402,2167.0
2021-10-11 05:00:00+00:00,1.364,1.36738,1.36318,1.36476,8222.0
2021-10-11 09:00:00+00:00,1.36474,1.36481,1.36111,1.36203,6325.0
2021-10-11 13:00:00+00:00,1.36206,1.36512,1.36094,1.36104,5718.0
2021-10-11 17:00:00+00:00,1.36107,1.3611,1.35846,1.3594,3124.0
2021-10-11 21:00:00+00:00,1.35964,1.35971,1.35822,1.3585,1322.0
2021-10-12 01:00:00+00:00,1.35846,1.36027,1.3581,1.35968,1793.0
2021-10-12 05:00:00+00:00,1.3597,1.36121,1.35685,1.36004,6130.0
2021-10-12 09:00:00+00:00,1.36002,1.36376,1.35958,1.36078,6429.0
2021-10-12 13:00:00+00:00,1.3608,1.36218,1.35694,1.35872,10281.0
2021-10-12 17:00:00+00:00,1.3587,1.35976,1.35766,1.35886,2362.0
2021-10-12 21:00:00+00:00,1.35876,1.35972,1.35758,1.35966,1334.0
2021-10-13 01:00:00+00:00,1.3597,1.36184,1.35956,1.36184,1684.0
2021-10-13 05:00:00+00:00,1.36186,1.36386,1.3602,1.36276,6360.0
2021-10-13 09:00:00+00:00,1.36278,1.36446,1.35876,1.35956,9453.0
2021-10-13 13:00:00+00:00,1.35954,1.36516,1.3594,1.3642,10485.0
2021-10-13 17:00:00+00:00,1.36422,1.3665,1.36318,1.36621,3665.0
2021-10-13 21:00:00+00:00,1.36595,1.367,1.36562,1.36674,754.0
2021-10-14 01:00:00+00:00,1.36676,1.36726,1.36585,1.36645,990.0
2021-10-14 05:00:00+00:00,1.36647,1.37185,1.36613,1.37127,4415.0
2021-10-14 09:00:00+00:00,1.37129,1.37344,1.37,1.37161,6538.0
2021-10-14 13:00:00+00:00,1.37159,1.37194,1.36755,1.36854,7311.0
2021-10-14 17:00:00+00:00,1.36851,1.36876,1.36676,1.36725,2480.0
2021-10-14 21:00:00+00:00,1.3673,1.36772,1.36678,1.3677,906.0
2021-10-15 01:00:00+00:00,1.36772,1.36894,1.36707,1.36863,1518.0
2021-10-15 05:00:00+00:00,1.36865,1.37391,1.36748,1.37216,6619.0
2021-10-15 09:00:00+00:00,1.3722,1.3758,1.37177,1.37341,7171.0
2021-10-15 13:00:00+00:00,1.37344,1.37734,1.3733,1.37582,8205.0
2021-10-15 17:00:00+00:00,1.37584,1.37622,1.37399,1.37491,2980.0
2021-10-17 21:00:00+00:00,1.3757,1.37656,1.37424,1.37434,3270.0
2021-10-18 01:00:00+00:00,1.37436,1.37464,1.37276,1.37306,1521.0
2021-10-18 05:00:00+00:00,1.37304,1.37474,1.37167,1.37199,6229.0
2021-10-18 09:00:00+00:00,1.37196,1.37459,1.37189,1.37329,7062.0
2021-10-18 13:00:00+00:00,1.37332,1.37397,1.37091,1.3733,7309.0
2021-10-18 17:00:00+00:00,1.37328,1.374,1.37264,1.37279,1975.0
2021-10-18 21:00:00+00:00,1.37286,1.37518,1.37236,1.37518,1009.0
2021-10-19 01:00:00+00:00,1.37521,1.37746,1.37476,1.37696,2103.0
2021-10-19 05:00:00+00:00,1.37698,1.3795,1.37684,1.37939,5616.0
2021-10-19 09:00:00+00:00,1.37936,1.3834,1.37878,1.38134,6630.0
2021-10-19 13:00:00+00:00,1.38132,1.3819,1.37918,1.37967,7144.0
2021-10-19 17:00:00+00:00,1.37969,1.38128,1.37888,1.37944,2149.0
2021-10-19 21:00:00+00:00,1.37954,1.38074,1.37883,1.3799,1198.0
2021-10-20 01:00:00+00:00,1.37988,1.38151,1.37914,1.38081,2168.0
2021-10-20 05:00:00+00:00,1.38084,1.38099,1.37686,1.37787,6132.0
2021-10-20 09:00:00+00:00,1.37785,1.37864,1.37426,1.3782,5681.0
2021-10-20 13:00:00+00:00,1.37822,1.38307,1.3775,1.38296,6895.0
2021-10-20 17:00:00+00:00,1.38298,1.38344,1.38208,1.38241,2327.0
2021-10-20 21:00:00+00:00,1.38225,1.38281,1.38123,1.38272,1056.0
2021-10-21 01:00:00+00:00,1.38275,1.38334,1.38136,1.38161,2440.0
2021-10-21 05:00:00+00:00,1.38158,1.38202,1.37916,1.38038,5792.0
2021-10-21 09:00:00+00:00,1.38036,1.38162,1.3786,1.38078,5683.0
2021-10-21 13:00:00+00:00,1.38081,1.38246,1.37958,1.37992,7805.0
2021-10-21 17:00:00+00:00,1.37989,1.37989,1.37762,1.37936,2889.0
2021-10-21 21:00:00+00:00,1.37917,1.37981,1.37828,1.37908,1308.0
2021-10-22 01:00:00+00:00,1.3791,1.38097,1.37899,1.37986,2692.0
2021-10-22 05:00:00+00:00,1.37988,1.38112,1.37714,1.381,8017.0
2021-10-22 09:00:00+00:00,1.38098,1.38156,1.378,1.37873,6590.0
2021-10-22 13:00:00+00:00,1.37875,1.37928,1.37358,1.3755,13136.0
2021-10-22 17:00:00+00:00,1.37553,1.37639,1.37407,1.37527,3752.0
2021-10-24 21:00:00+00:00,1.37471,1.37762,1.37471,1.3772,1722.0
2021-10-25 01:00:00+00:00,1.37722,1.3785,1.37597,1.37828,2801.0
2021-10-25 05:00:00+00:00,1.37826,1.3792,1.37596,1.37708,7127.0
2021-10-25 09:00:00+00:00,1.37711,1.37762,1.37418,1.37486,7581.0
2021-10-25 13:00:00+00:00,1.37484,1.378,1.37458,1.37592,9043.0
2021-10-25 17:00:00+00:00,1.37595,1.37758,1.37595,1.37685,1965.0
2021-10-25 21:00:00+00:00,1.37692,1.37695,1.37569,1.376,900.0
2021-10-26 01:00:00+00:00,1.37604,1.3772,1.37578,1.37614,2128.0
2021-10-26 05:00:00+00:00,1.37616,1.3788,1.3757,1.37848,7039.0
2021-10-26 09:00:00+00:00,1.37845,1.38295,1.378,1.38059,7997.0
2021-10-26 13:00:00+00:00,1.38056,1.3807,1.37586,1.37604,9494.0
2021-10-26 17:00:00+00:00,1.37606,1.37709,1.37586,1.37664,2512.0
2021-10-26 21:00:00+00:00,1.37664,1.37786,1.37628,1.3768,1319.0
2021-10-27 01:00:00+00:00,1.37678,1.37759,1.37657,1.37748,1616.0
2021-10-27 05:00:00+00:00,1.37746,1.3781,1.37222,1.37236,7388.0
2021-10-27 09:00:00+00:00,1.37238,1.37545,1.37105,1.37386,8428.0
2021-10-27 13:00:00+00:00,1.37388,1.37524,1.37096,1.37479,13965.0
2021-10-27 17:00:00+00:00,1.37477,1.37592,1.37322,1.37435,3492.0
2021-10-27 21:00:00+00:00,1.37414,1.37421,1.3724,1.37281,1295.0
2021-10-28 01:00:00+00:00,1.37283,1.37474,1.37222,1.37455,2911.0
2021-10-28 05:00:00+00:00,1.37458,1.37742,1.37355,1.37504,7970.0
2021-10-28 09:00:00+00:00,1.37502,1.37642,1.37302,1.3759,11710.0
2021-10-28 13:00:00+00:00,1.37588,1.38152,1.37555,1.3792,15399.0
2021-10-28 17:00:00+00:00,1.37917,1.3797,1.37857,1.37926,4055.0
2021-10-28 21:00:00+00:00,1.37945,1.38042,1.37908,1.37952,1587.0
2021-10-29 01:00:00+00:00,1.3795,1.37992,1.3788,1.37882,2500.0
2021-10-29 05:00:00+00:00,1.37884,1.38019,1.37695,1.37718,6566.0
2021-10-29 09:00:00+00:00,1.37723,1.38006,1.3755,1.3759,9488.0
2021-10-29 13:00:00+00:00,1.37592,1.37758,1.36682,1.3673,15344.0
2021-10-29 17:00:00+00:00,1.36727,1.36986,1.36713,1.36834,3954.0
2021-10-31 21:00:00+00:00,1.36835,1.36896,1.3666,1.36748,2164.0
2021-11-01 01:00:00+00:00,1.3675,1.36859,1.3673,1.36742,2175.0
2021-11-01 05:00:00+00:00,1.36744,1.36878,1.36426,1.36582,6538.0
2021-11-01 09:00:00+00:00,1.36584,1.36899,1.36418,1.36858,7326.0
2021-11-01 13:00:00+00:00,1.36856,1.3693,1.36582,1.36602,8760.0
2021-11-01 17:00:00+00:00,1.36604,1.36676,1.36532,1.36636,3016.0
2021-11-01 21:00:00+00:00,1.36695,1.36731,1.36479,1.36506,1181.0
2021-11-02 01:00:00+00:00,1.36508,1.3662,1.36462,1.36598,2600.0
2021-11-02 05:00:00+00:00,1.366,1.36676,1.3632,1.3633,7328.0
2021-11-02 09:00:00+00:00,1.36332,1.36616,1.36256,1.36614,8076.0
2021-11-02 13:00:00+00:00,1.36611,1.3664,1.36055,1.36066,8642.0
2021-11-02 17:00:00+00:00,1.36068,1.36255,1.36062,1.36127,2426.0
2021-11-02 21:00:00+00:00,1.36167,1.36227,1.3611,1.36192,1294.0
2021-11-03 01:00:00+00:00,1.3619,1.36337,1.36187,1.36306,1859.0
2021-11-03 05:00:00+00:00,1.36308,1.36348,1.36074,1.36206,4360.0
2021-11-03 09:00:00+00:00,1.36203,1.36646,1.36164,1.36575,6745.0
2021-11-03 13:00:00+00:00,1.36572,1.36666,1.36332,1.36633,7906.0
2021-11-03 17:00:00+00:00,1.36636,1.36922,1.36428,1.3682,18159.0
2021-11-03 21:00:00+00:00,1.36874,1.36982,1.36804,1.36808,1221.0
2021-11-04 01:00:00+00:00,1.36806,1.3683,1.36552,1.36569,1759.0
2021-11-04 05:00:00+00:00,1.36571,1.36706,1.36332,1.36442,5806.0
2021-11-04 09:00:00+00:00,1.36444,1.36524,1.35324,1.35448,15554.0
2021-11-04 13:00:00+00:00,1.3545,1.35635,1.34715,1.34914,13912.0
2021-11-04 17:00:00+00:00,1.34917,1.35044,1.34846,1.35011,3634.0
2021-11-04 21:00:00+00:00,1.34972,1.35082,1.349,1.34984,1257.0
2021-11-05 01:00:00+00:00,1.34986,1.35022,1.34842,1.34959,2372.0
2021-11-05 05:00:00+00:00,1.34957,1.35092,1.34496,1.34511,6015.0
2021-11-05 09:00:00+00:00,1.34508,1.34642,1.34246,1.34464,13011.0
2021-11-05 13:00:00+00:00,1.34462,1.35046,1.34443,1.3504,10488.0
2021-11-05 17:00:00+00:00,1.35042,1.3507,1.34806,1.34972,3107.0
2021-11-07 22:00:00+00:00,1.3481,1.34979,1.34723,1.34731,3409.0
2021-11-08 02:00:00+00:00,1.34728,1.34872,1.3472,1.34868,1728.0
2021-11-08 06:00:00+00:00,1.34868,1.35006,1.34502,1.34897,6386.0
2021-11-08 10:00:00+00:00,1.34895,1.35501,1.34751,1.35419,7184.0
2021-11-08 14:00:00+00:00,1.35416,1.358,1.35306,1.35574,7222.0
2021-11-08 18:00:00+00:00,1.35576,1.35683,1.35504,1.35634,2673.0
2021-11-08 22:00:00+00:00,1.35645,1.35672,1.3548,1.35544,1199.0
2021-11-09 02:00:00+00:00,1.35547,1.35826,1.35542,1.35772,2553.0
2021-11-09 06:00:00+00:00,1.35772,1.36074,1.35572,1.36004,6696.0
2021-11-09 10:00:00+00:00,1.36006,1.36015,1.35452,1.35572,6840.0
2021-11-09 14:00:00+00:00,1.3557,1.35702,1.35242,1.3565,9823.0
2021-11-09 18:00:00+00:00,1.35652,1.35685,1.35535,1.35583,3074.0
2021-11-09 22:00:00+00:00,1.35583,1.3562,1.35468,1.35508,1362.0
2021-11-10 02:00:00+00:00,1.35511,1.3565,1.35464,1.35519,2223.0
2021-11-10 06:00:00+00:00,1.35519,1.35638,1.35182,1.35351,7301.0
2021-11-10 10:00:00+00:00,1.35354,1.35405,1.34809,1.35065,10957.0
2021-11-10 14:00:00+00:00,1.35068,1.35392,1.34547,1.34588,13940.0
2021-11-10 18:00:00+00:00,1.34585,1.34609,1.34017,1.34045,8359.0
2021-11-10 22:00:00+00:00,1.34053,1.34202,1.33986,1.34066,2213.0
2021-11-11 02:00:00+00:00,1.34068,1.3418,1.3393,1.34176,2260.0
2021-11-11 06:00:00+00:00,1.34176,1.34332,1.33642,1.33932,7428.0
2021-11-11 10:00:00+00:00,1.3393,1.34152,1.33838,1.34084,6844.0
2021-11-11 14:00:00+00:00,1.34086,1.34172,1.33692,1.33702,7382.0
2021-11-11 18:00:00+00:00,1.337,1.33716,1.3359,1.33709,2442.0
2021-11-11 22:00:00+00:00,1.33736,1.33741,1.33552,1.33572,1713.0
2021-11-12 02:00:00+00:00,1.33574,1.33705,1.33534,1.33698,1308.0
2021-11-12 06:00:00+00:00,1.33698,1.34114,1.33633,1.33944,5761.0
2021-11-12 10:00:00+00:00,1.33946,1.34062,1.33822,1.3398,5925.0
2021-11-12 14:00:00+00:00,1.33982,1.34248,1.3379,1.3422,8042.0
2021-11-12 18:00:00+00:00,1.34222,1.34263,1.3402,1.34179,2099.0
2021-11-14 22:00:00+00:00,1.34192,1.34374,1.34114,1.34372,3174.0
2021-11-15 02:00:00+00:00,1.34374,1.344,1.3427,1.34374,1479.0
2021-11-15 06:00:00+00:00,1.34374,1.34398,1.34034,1.34144,5292.0
2021-11-15 10:00:00+00:00,1.34142,1.34438,1.34086,1.34362,5511.0
2021-11-15 14:00:00+00:00,1.34364,1.34498,1.34209,1.34232,8966.0
2021-11-15 18:00:00+00:00,1.3423,1.34365,1.34054,1.34147,2692.0
2021-11-15 22:00:00+00:00,1.34147,1.3428,1.34055,1.34246,1771.0
2021-11-16 02:00:00+00:00,1.34249,1.34384,1.34172,1.34182,1876.0
2021-11-16 06:00:00+00:00,1.34182,1.3473,1.3418,1.34658,8313.0
2021-11-16 10:00:00+00:00,1.34662,1.34664,1.34324,1.34587,7914.0
2021-11-16 14:00:00+00:00,1.34585,1.34585,1.34148,1.34287,10733.0
2021-11-16 18:00:00+00:00,1.34289,1.34433,1.34206,1.34294,3245.0
2021-11-16 22:00:00+00:00,1.34308,1.34366,1.34203,1.34304,1732.0
2021-11-17 02:00:00+00:00,1.34302,1.34342,1.33962,1.34211,3453.0
2021-11-17 06:00:00+00:00,1.34208,1.34742,1.34206,1.34318,10948.0
2021-11-17 10:00:00+00:00,1.3432,1.34827,1.34169,1.34546,7741.0
2021-11-17 14:00:00+00:00,1.34548,1.34944,1.34518,1.34909,8629.0
2021-11-17 18:00:00+00:00,1.34906,1.34962,1.34793,1.34925,3497.0
2021-11-17 22:00:00+00:00,1.34865,1.34968,1.34847,1.34892,1843.0
2021-11-18 02:00:00+00:00,1.34889,1.35038,1.34838,1.34888,2237.0
2021-11-18 06:00:00+00:00,1.34888,1.35136,1.34868,1.34926,7460.0
2021-11-18 10:00:00+00:00,1.34928,1.35006,1.3464,1.34668,8405.0
2021-11-18 14:00:00+00:00,1.34666,1.35008,1.34641,1.34982,9632.0
2021-11-18 18:00:00+00:00,1.3498,1.35052,1.34939,1.34975,1862.0
2021-11-18 22:00:00+00:00,1.34916,1.35041,1.3488,1.34905,1146.0
2021-11-19 02:00:00+00:00,1.34903,1.34913,1.34812,1.3487,1417.0
2021-11-19 06:00:00+00:00,1.3487,1.35098,1.34196,1.3433,11594.0
2021-11-19 10:00:00+00:00,1.34332,1.34572,1.34075,1.34408,14610.0
2021-11-19 14:00:00+00:00,1.34406,1.34752,1.34396,1.34562,13261.0
2021-11-19 18:00:00+00:00,1.3456,1.3459,1.34408,1.3444,3474.0
2021-11-21 22:00:00+00:00,1.3442,1.34486,1.34286,1.34314,1658.0
2021-11-22 02:00:00+00:00,1.34316,1.34467,1.34276,1.34461,2642.0
2021-11-22 06:00:00+00:00,1.34463,1.34493,1.34192,1.34286,9482.0
2021-11-22 10:00:00+00:00,1.34288,1.34497,1.34262,1.34454,8419.0
2021-11-22 14:00:00+00:00,1.34451,1.34451,1.339,1.3394,15346.0
2021-11-22 18:00:00+00:00,1.33936,1.33994,1.33845,1.33954,2902.0
2021-11-22 22:00:00+00:00,1.33969,1.34056,1.33927,1.34,1025.0
2021-11-23 02:00:00+00:00,1.33997,1.34014,1.33826,1.33886,1981.0
2021-11-23 06:00:00+00:00,1.33885,1.34097,1.33744,1.33788,12443.0
2021-11-23 10:00:00+00:00,1.33785,1.33866,1.33426,1.33682,10184.0
2021-11-23 14:00:00+00:00,1.33679,1.33884,1.33528,1.33742,11253.0
2021-11-23 18:00:00+00:00,1.33739,1.33852,1.33658,1.33784,3308.0
2021-11-23 22:00:00+00:00,1.33779,1.33822,1.33671,1.33812,1897.0
2021-11-24 02:00:00+00:00,1.33814,1.33834,1.33694,1.338,2191.0
2021-11-24 06:00:00+00:00,1.33802,1.33902,1.33521,1.3355,9080.0
2021-11-24 10:00:00+00:00,1.33546,1.3379,1.33402,1.33533,9926.0
2021-11-24 14:00:00+00:00,1.33535,1.33584,1.33192,1.33233,13704.0
2021-11-24 18:00:00+00:00,1.33236,1.33348,1.33159,1.33294,3767.0
2021-11-24 22:00:00+00:00,1.33277,1.33446,1.3325,1.33366,1192.0
2021-11-25 02:00:00+00:00,1.33369,1.33524,1.33338,1.33445,1175.0
2021-11-25 06:00:00+00:00,1.33446,1.33538,1.33285,1.3334,4720.0
2021-11-25 10:00:00+00:00,1.33338,1.33376,1.33054,1.33146,5434.0
2021-11-25 14:00:00+00:00,1.33148,1.3327,1.33087,1.33254,3599.0
2021-11-25 18:00:00+00:00,1.3326,1.33328,1.33172,1.33239,6554.0
2021-11-25 22:00:00+00:00,1.33239,1.33254,1.32992,1.33042,2980.0
2021-11-26 02:00:00+00:00,1.33044,1.33077,1.32991,1.33053,3605.0
2021-11-26 06:00:00+00:00,1.33055,1.33343,1.32782,1.33148,15894.0
2021-11-26 10:00:00+00:00,1.33145,1.33493,1.33066,1.33384,10364.0
2021-11-26 14:00:00+00:00,1.33382,1.33456,1.33076,1.33345,13221.0
2021-11-26 18:00:00+00:00,1.33347,1.33648,1.33224,1.33338,6580.0
2021-11-28 22:00:00+00:00,1.33403,1.33442,1.33275,1.33362,3699.0
2021-11-29 02:00:00+00:00,1.3336,1.33419,1.33276,1.33382,2891.0
2021-11-29 06:00:00+00:00,1.33385,1.33556,1.33194,1.33405,9105.0
2021-11-29 10:00:00+00:00,1.33402,1.33631,1.33192,1.33195,7483.0
2021-11-29 14:00:00+00:00,1.33192,1.33225,1.32878,1.33015,9398.0
2021-11-29 18:00:00+00:00,1.33013,1.33179,1.32877,1.33164,2900.0
2021-11-29 22:00:00+00:00,1.33145,1.33296,1.33088,1.33268,1938.0
2021-11-30 02:00:00+00:00,1.3327,1.33298,1.33124,1.33182,3965.0
2021-11-30 06:00:00+00:00,1.33184,1.3369,1.33072,1.33631,12057.0
2021-11-30 10:00:00+00:00,1.33634,1.33704,1.33286,1.33452,9975.0
2021-11-30 14:00:00+00:00,1.3345,1.33672,1.31948,1.32646,31081.0
2021-11-30 18:00:00+00:00,1.32648,1.33098,1.32532,1.33024,6395.0
2021-11-30 22:00:00+00:00,1.3299,1.33146,1.32884,1.32936,2920.0
2021-12-01 02:00:00+00:00,1.32932,1.3327,1.32926,1.33262,2903.0
2021-12-01 06:00:00+00:00,1.3326,1.33322,1.32762,1.33117,10558.0
2021-12-01 10:00:00+00:00,1.3312,1.33444,1.33012,1.33435,9959.0
2021-12-01 14:00:00+00:00,1.33438,1.3352,1.32982,1.33024,12880.0
2021-12-01 18:00:00+00:00,1.33019,1.33072,1.32621,1.32749,5830.0
2021-12-01 22:00:00+00:00,1.32805,1.32946,1.32705,1.32946,1744.0
2021-12-02 02:00:00+00:00,1.32948,1.33058,1.32863,1.32885,1854.0
2021-12-02 06:00:00+00:00,1.32888,1.33223,1.32766,1.33216,7780.0
2021-12-02 10:00:00+00:00,1.3322,1.33339,1.33074,1.33124,9607.0
2021-12-02 14:00:00+00:00,1.33122,1.3323,1.32994,1.33014,13205.0
2021-12-02 18:00:00+00:00,1.33011,1.3306,1.32896,1.32998,3844.0
2021-12-02 22:00:00+00:00,1.33031,1.33055,1.3284,1.3292,1560.0
2021-12-03 02:00:00+00:00,1.32913,1.32992,1.32833,1.32958,1488.0
2021-12-03 06:00:00+00:00,1.32954,1.32987,1.32683,1.32864,6252.0
2021-12-03 10:00:00+00:00,1.32861,1.33106,1.32545,1.32849,13424.0
2021-12-03 14:00:00+00:00,1.32847,1.32854,1.3209,1.32368,17047.0
2021-12-03 18:00:00+00:00,1.32366,1.32532,1.32274,1.32373,4181.0
2021-12-05 22:00:00+00:00,1.32491,1.32566,1.32279,1.32396,2698.0
2021-12-06 02:00:00+00:00,1.32398,1.32405,1.32294,1.32308,1453.0
2021-12-06 06:00:00+00:00,1.32306,1.32668,1.32225,1.32596,5781.0
2021-12-06 10:00:00+00:00,1.32594,1.32864,1.32494,1.32666,7773.0
2021-12-06 14:00:00+00:00,1.32664,1.32696,1.32309,1.32543,8452.0
2021-12-06 18:00:00+00:00,1.32545,1.32679,1.32472,1.32641,2177.0
2021-12-06 22:00:00+00:00,1.32638,1.32671,1.32534,1.32654,3071.0
2021-12-07 02:00:00+00:00,1.32658,1.32894,1.32642,1.32846,2046.0
2021-12-07 06:00:00+00:00,1.32843,1.32881,1.32464,1.3262,6074.0
2021-12-07 10:00:00+00:00,1.32617,1.32688,1.32188,1.32266,7672.0
2021-12-07 14:00:00+00:00,1.32264,1.32506,1.32089,1.32274,8402.0
2021-12-07 18:00:00+00:00,1.32277,1.32457,1.32217,1.32428,2271.0
2021-12-07 22:00:00+00:00,1.3241,1.32516,1.32362,1.32438,2500.0
2021-12-08 02:00:00+00:00,1.3244,1.32616,1.3244,1.32544,1627.0
2021-12-08 06:00:00+00:00,1.32541,1.32565,1.32324,1.32426,7005.0
2021-12-08 10:00:00+00:00,1.32429,1.32453,1.3161,1.32166,16411.0
2021-12-08 14:00:00+00:00,1.32168,1.32444,1.31898,1.32372,9457.0
2021-12-08 18:00:00+00:00,1.3237,1.32431,1.31916,1.32045,3384.0
2021-12-08 22:00:00+00:00,1.32032,1.32122,1.31939,1.32005,1400.0
2021-12-09 02:00:00+00:00,1.32002,1.32149,1.31934,1.32078,1417.0
2021-12-09 06:00:00+00:00,1.3208,1.32161,1.3193,1.32052,5487.0
2021-12-09 10:00:00+00:00,1.3205,1.32124,1.31708,1.32064,7444.0
2021-12-09 14:00:00+00:00,1.32062,1.3217,1.3186,1.32126,7394.0
2021-12-09 18:00:00+00:00,1.32124,1.32228,1.32078,1.32197,2675.0
2021-12-09 22:00:00+00:00,1.32226,1.32298,1.32132,1.3227,1469.0
2021-12-10 02:00:00+00:00,1.32274,1.32333,1.32166,1.32206,1398.0
2021-12-10 06:00:00+00:00,1.32204,1.32296,1.3197,1.32018,6343.0
2021-12-10 10:00:00+00:00,1.3202,1.32422,1.31874,1.32298,7676.0
2021-12-10 14:00:00+00:00,1.32295,1.32712,1.32042,1.3268,8167.0
2021-12-10 18:00:00+00:00,1.32678,1.32756,1.32558,1.32642,1982.0
2021-12-12 22:00:00+00:00,1.32601,1.32613,1.32522,1.3255,2579.0
2021-12-13 02:00:00+00:00,1.32548,1.32589,1.32466,1.32498,910.0
2021-12-13 06:00:00+00:00,1.32496,1.32502,1.32218,1.32454,4987.0
2021-12-13 10:00:00+00:00,1.32452,1.32685,1.3238,1.32557,7953.0
2021-12-13 14:00:00+00:00,1.32559,1.32686,1.32127,1.32128,8468.0
2021-12-13 18:00:00+00:00,1.3213,1.32216,1.32076,1.32135,2433.0
2021-12-13 22:00:00+00:00,1.32182,1.32182,1.32012,1.32028,1150.0
2021-12-14 02:00:00+00:00,1.3203,1.32066,1.31912,1.32057,1223.0
2021-12-14 06:00:00+00:00,1.32054,1.32254,1.31984,1.32226,5503.0
2021-12-14 10:00:00+00:00,1.32224,1.3257,1.32182,1.32332,6659.0
2021-12-14 14:00:00+00:00,1.32334,1.32483,1.32224,1.3228,6803.0
2021-12-14 18:00:00+00:00,1.32277,1.32318,1.32196,1.3227,1819.0
2021-12-14 22:00:00+00:00,1.32306,1.32368,1.32257,1.32329,1023.0
2021-12-15 02:00:00+00:00,1.32326,1.32446,1.32272,1.32428,1074.0
2021-12-15 06:00:00+00:00,1.3243,1.32828,1.32367,1.32603,5892.0
2021-12-15 10:00:00+00:00,1.32606,1.32679,1.32462,1.3256,5938.0
2021-12-15 14:00:00+00:00,1.32558,1.32594,1.32063,1.32123,8190.0
2021-12-15 18:00:00+00:00,1.32125,1.32735,1.3172,1.32621,17264.0
2021-12-15 22:00:00+00:00,1.32637,1.3269,1.32494,1.32533,2138.0
2021-12-16 02:00:00+00:00,1.32536,1.32564,1.32414,1.32434,1642.0
2021-12-16 06:00:00+00:00,1.32437,1.33032,1.3242,1.32918,6822.0
2021-12-16 10:00:00+00:00,1.3292,1.33746,1.32585,1.33566,17542.0
2021-12-16 14:00:00+00:00,1.33568,1.33574,1.3307,1.3319,10210.0
2021-12-16 18:00:00+00:00,1.33188,1.33282,1.33028,1.3323,3176.0
2021-12-16 22:00:00+00:00,1.33245,1.33318,1.33191,1.33253,1475.0
2021-12-17 02:00:00+00:00,1.3325,1.33368,1.33189,1.33364,1945.0
2021-12-17 06:00:00+00:00,1.33362,1.33394,1.33062,1.33181,7451.0
2021-12-17 10:00:00+00:00,1.33178,1.33178,1.32804,1.32902,6947.0
2021-12-17 14:00:00+00:00,1.329,1.3298,1.32558,1.32616,8585.0
2021-12-17 18:00:00+00:00,1.32613,1.32658,1.32314,1.32377,3120.0
2021-12-19 22:00:00+00:00,1.3241,1.32466,1.32224,1.32274,2005.0
2021-12-20 02:00:00+00:00,1.32272,1.32326,1.32197,1.32224,1680.0
2021-12-20 06:00:00+00:00,1.32222,1.3225,1.31736,1.31852,7024.0
2021-12-20 10:00:00+00:00,1.31855,1.32446,1.31836,1.32394,6747.0
2021-12-20 14:00:00+00:00,1.32392,1.32434,1.3206,1.32106,7756.0
2021-12-20 18:00:00+00:00,1.32104,1.32191,1.32003,1.32093,2189.0
2021-12-20 22:00:00+00:00,1.32068,1.32163,1.31978,1.3212,1575.0
2021-12-21 02:00:00+00:00,1.32122,1.32194,1.32082,1.32176,1181.0
2021-12-21 06:00:00+00:00,1.32178,1.32516,1.32102,1.32474,5644.0
2021-12-21 10:00:00+00:00,1.32476,1.32622,1.32404,1.3254,5514.0
2021-12-21 14:00:00+00:00,1.32542,1.32615,1.32307,1.32489,6806.0
2021-12-21 18:00:00+00:00,1.32491,1.3271,1.32468,1.32696,1942.0
2021-12-21 22:00:00+00:00,1.32611,1.32752,1.32588,1.3272,1250.0
2021-12-22 02:00:00+00:00,1.32723,1.32734,1.32481,1.3249,1293.0
2021-12-22 06:00:00+00:00,1.32492,1.32911,1.32404,1.32856,5239.0
2021-12-22 10:00:00+00:00,1.3286,1.33305,1.32841,1.33292,6496.0
2021-12-22 14:00:00+00:00,1.3329,1.33626,1.33192,1.33568,6773.0
2021-12-22 18:00:00+00:00,1.33566,1.33634,1.33479,1.33567,1823.0
2021-12-22 22:00:00+00:00,1.3355,1.33609,1.3347,1.3351,1740.0
2021-12-23 02:00:00+00:00,1.33508,1.3354,1.33425,1.33511,812.0
2021-12-23 06:00:00+00:00,1.33514,1.34058,1.33488,1.34038,3248.0
2021-12-23 10:00:00+00:00,1.34036,1.34358,1.34004,1.34148,6328.0
2021-12-23 14:00:00+00:00,1.3415,1.34378,1.33944,1.34182,7026.0
2021-12-23 18:00:00+00:00,1.34184,1.3421,1.34088,1.34145,1428.0
2021-12-23 22:00:00+00:00,1.34096,1.34177,1.34012,1.34081,1182.0
2021-12-24 02:00:00+00:00,1.34086,1.34128,1.33919,1.33933,3040.0
2021-12-24 06:00:00+00:00,1.33924,1.34152,1.33908,1.34109,11118.0
2021-12-24 10:00:00+00:00,1.34106,1.34212,1.34018,1.34044,5909.0
2021-12-24 14:00:00+00:00,1.34042,1.34154,1.33855,1.33954,4443.0
2021-12-24 18:00:00+00:00,1.33968,1.34177,1.33849,1.33936,3107.0
2021-12-26 22:00:00+00:00,1.33942,1.34118,1.3392,1.34018,1140.0
2021-12-27 02:00:00+00:00,1.34015,1.34156,1.33995,1.34028,1066.0
2021-12-27 06:00:00+00:00,1.34026,1.34192,1.33926,1.34031,2973.0
2021-12-27 10:00:00+00:00,1.34028,1.34282,1.33953,1.34272,2723.0
2021-12-27 14:00:00+00:00,1.3427,1.34438,1.34086,1.34395,3371.0
2021-12-27 18:00:00+00:00,1.34397,1.34453,1.34312,1.34446,1078.0
2021-12-27 22:00:00+00:00,1.34409,1.34432,1.34285,1.34306,905.0
2021-12-28 02:00:00+00:00,1.34304,1.34396,1.34284,1.34375,792.0
2021-12-28 06:00:00+00:00,1.34373,1.3447,1.34304,1.34467,2184.0
2021-12-28 10:00:00+00:00,1.34465,1.34618,1.34453,1.34568,1724.0
2021-12-28 14:00:00+00:00,1.34572,1.34598,1.34149,1.34365,4537.0
2021-12-28 18:00:00+00:00,1.34368,1.34372,1.3421,1.343,1489.0
2021-12-28 22:00:00+00:00,1.34356,1.34402,1.34216,1.34247,1099.0
2021-12-29 02:00:00+00:00,1.34245,1.34375,1.34232,1.34294,783.0
2021-12-29 06:00:00+00:00,1.34296,1.34308,1.34098,1.3413,2884.0
2021-12-29 10:00:00+00:00,1.34128,1.3463,1.34088,1.34546,4427.0
2021-12-29 14:00:00+00:00,1.34544,1.34996,1.34498,1.34825,6839.0
2021-12-29 18:00:00+00:00,1.34828,1.34905,1.34815,1.34879,1548.0
2021-12-29 22:00:00+00:00,1.34891,1.35053,1.34852,1.35046,1094.0
2021-12-30 02:00:00+00:00,1.35044,1.35052,1.34796,1.34814,849.0
2021-12-30 06:00:00+00:00,1.34816,1.34834,1.34544,1.34596,3440.0
2021-12-30 10:00:00+00:00,1.34594,1.3517,1.34588,1.34855,4281.0
2021-12-30 14:00:00+00:00,1.34857,1.3522,1.34784,1.34862,6212.0
2021-12-30 18:00:00+00:00,1.3486,1.35132,1.34801,1.35033,1937.0
2021-12-30 22:00:00+00:00,1.34991,1.3507,1.3495,1.35034,856.0
2021-12-31 02:00:00+00:00,1.35036,1.35052,1.34949,1.34962,757.0
2021-12-31 06:00:00+00:00,1.3496,1.352,1.34936,1.35096,3407.0
2021-12-31 10:00:00+00:00,1.35098,1.35161,1.34656,1.35042,5553.0
2021-12-31 14:00:00+00:00,1.3504,1.35504,1.3501,1.3535,8998.0
2021-12-31 18:00:00+00:00,1.35354,1.35438,1.35214,1.35311,1946.0
2022-01-02 22:00:00+00:00,1.35315,1.35357,1.35154,1.35178,1368.0
2022-01-03 02:00:00+00:00,1.35176,1.35178,1.34952,1.3499,1434.0
2022-01-03 06:00:00+00:00,1.34992,1.35283,1.34966,1.35174,3720.0
2022-01-03 10:00:00+00:00,1.35172,1.35248,1.34836,1.3487,4564.0
2022-01-03 14:00:00+00:00,1.34868,1.34922,1.34308,1.34714,8775.0
2022-01-03 18:00:00+00:00,1.34716,1.34859,1.34705,1.34786,2004.0
2022-01-03 22:00:00+00:00,1.34795,1.34854,1.34715,1.34808,1347.0
2022-01-04 02:00:00+00:00,1.34806,1.34806,1.34632,1.34685,1336.0
2022-01-04 06:00:00+00:00,1.34687,1.3514,1.34594,1.35118,4680.0
2022-01-04 10:00:00+00:00,1.35114,1.35156,1.34789,1.35149,6079.0
2022-01-04 14:00:00+00:00,1.35152,1.35573,1.35092,1.35361,8110.0
2022-01-04 18:00:00+00:00,1.35364,1.3538,1.35208,1.35277,2063.0
2022-01-04 22:00:00+00:00,1.35314,1.35402,1.35247,1.35391,1115.0
2022-01-05 02:00:00+00:00,1.35388,1.35402,1.35228,1.35284,1079.0
2022-01-05 06:00:00+00:00,1.35281,1.35548,1.35274,1.3532,3639.0
2022-01-05 10:00:00+00:00,1.35322,1.35564,1.35284,1.35486,6607.0
2022-01-05 14:00:00+00:00,1.35488,1.35908,1.35456,1.35891,6846.0
2022-01-05 18:00:00+00:00,1.35894,1.35986,1.35484,1.35563,6786.0
2022-01-05 22:00:00+00:00,1.35573,1.35587,1.3538,1.3552,1028.0
2022-01-06 02:00:00+00:00,1.35522,1.35524,1.35256,1.35308,1955.0
2022-01-06 06:00:00+00:00,1.35306,1.35308,1.34903,1.35122,5502.0
2022-01-06 10:00:00+00:00,1.35124,1.35464,1.351,1.35348,6664.0
2022-01-06 14:00:00+00:00,1.35346,1.35592,1.35162,1.35308,9856.0
2022-01-06 18:00:00+00:00,1.35306,1.35389,1.35224,1.35366,2285.0
2022-01-06 22:00:00+00:00,1.35312,1.35532,1.35288,1.35531,1202.0
2022-01-07 02:00:00+00:00,1.35528,1.35532,1.35424,1.35446,1122.0
2022-01-07 06:00:00+00:00,1.35449,1.3557,1.35278,1.35552,3652.0
2022-01-07 10:00:00+00:00,1.3555,1.35656,1.35297,1.35393,7805.0
2022-01-07 14:00:00+00:00,1.35391,1.35838,1.35358,1.35797,8959.0
2022-01-07 18:00:00+00:00,1.35793,1.35976,1.35758,1.35906,1471.0
2022-01-09 22:00:00+00:00,1.35818,1.35975,1.35784,1.35946,2295.0
2022-01-10 02:00:00+00:00,1.35948,1.3597,1.35806,1.35856,976.0
2022-01-10 06:00:00+00:00,1.35858,1.36036,1.35747,1.35824,4858.0
2022-01-10 10:00:00+00:00,1.35822,1.35976,1.35522,1.35535,6162.0
2022-01-10 14:00:00+00:00,1.35533,1.3571,1.35323,1.35628,8075.0
2022-01-10 18:00:00+00:00,1.35626,1.35806,1.35608,1.35796,2923.0
2022-01-10 22:00:00+00:00,1.35733,1.35877,1.35717,1.35802,1498.0
2022-01-11 02:00:00+00:00,1.35799,1.36002,1.35788,1.35967,1497.0
2022-01-11 06:00:00+00:00,1.3597,1.36198,1.358,1.36092,6170.0
2022-01-11 10:00:00+00:00,1.36094,1.36124,1.35652,1.35737,6304.0
2022-01-11 14:00:00+00:00,1.35735,1.36243,1.35616,1.3617,9106.0
2022-01-11 18:00:00+00:00,1.36168,1.36363,1.36116,1.36347,2374.0
2022-01-11 22:00:00+00:00,1.36349,1.36426,1.36285,1.36336,1129.0
2022-01-12 02:00:00+00:00,1.36334,1.3646,1.36326,1.36418,1100.0
2022-01-12 06:00:00+00:00,1.3642,1.36448,1.36228,1.3627,3728.0
2022-01-12 10:00:00+00:00,1.36272,1.36838,1.36208,1.36771,7103.0
2022-01-12 14:00:00+00:00,1.36774,1.37088,1.36673,1.37074,9049.0
2022-01-12 18:00:00+00:00,1.37071,1.37146,1.3701,1.37044,2768.0
2022-01-12 22:00:00+00:00,1.37058,1.37128,1.37027,1.37074,1359.0
2022-01-13 02:00:00+00:00,1.37078,1.37195,1.37073,1.37102,1607.0
2022-01-13 06:00:00+00:00,1.37104,1.37472,1.37052,1.37373,4790.0
2022-01-13 10:00:00+00:00,1.37371,1.37489,1.37135,1.37384,7211.0
2022-01-13 14:00:00+00:00,1.37388,1.37487,1.37086,1.37128,8134.0
2022-01-13 18:00:00+00:00,1.37126,1.37226,1.37009,1.37074,2763.0
2022-01-13 22:00:00+00:00,1.37143,1.37188,1.37052,1.37123,1884.0
2022-01-14 02:00:00+00:00,1.37121,1.37376,1.37114,1.3733,2159.0
2022-01-14 06:00:00+00:00,1.37328,1.37431,1.37158,1.37345,5874.0
2022-01-14 10:00:00+00:00,1.37343,1.37343,1.36951,1.37004,8005.0
2022-01-14 14:00:00+00:00,1.37006,1.37047,1.36536,1.36556,10982.0
2022-01-14 18:00:00+00:00,1.36558,1.3684,1.36534,1.36818,2145.0
2022-01-16 22:00:00+00:00,1.3675,1.36816,1.3663,1.36674,3853.0
2022-01-17 02:00:00+00:00,1.36676,1.36816,1.36644,1.36738,2073.0
2022-01-17 06:00:00+00:00,1.36741,1.369,1.36692,1.36796,4964.0
2022-01-17 10:00:00+00:00,1.368,1.36869,1.36374,1.36515,6103.0
2022-01-17 14:00:00+00:00,1.36518,1.36636,1.36415,1.3651,5011.0
2022-01-17 18:00:00+00:00,1.36512,1.36513,1.36429,1.36434,495.0
2022-01-17 22:00:00+00:00,1.36468,1.36616,1.36424,1.36592,1252.0
2022-01-18 02:00:00+00:00,1.36594,1.36608,1.36214,1.36345,4211.0
2022-01-18 06:00:00+00:00,1.36347,1.36525,1.3621,1.36264,7716.0
2022-01-18 10:00:00+00:00,1.36261,1.36277,1.35802,1.35996,8582.0
2022-01-18 14:00:00+00:00,1.35998,1.35998,1.35732,1.35774,10052.0
2022-01-18 18:00:00+00:00,1.35777,1.3604,1.35734,1.35981,4284.0
2022-01-18 22:00:00+00:00,1.35967,1.36026,1.35884,1.36013,2300.0
2022-01-19 02:00:00+00:00,1.36016,1.36098,1.35934,1.36086,2761.0
2022-01-19 06:00:00+00:00,1.36084,1.36205,1.35878,1.36136,8427.0
2022-01-19 10:00:00+00:00,1.36138,1.3645,1.36096,1.36292,7137.0
2022-01-19 14:00:00+00:00,1.36294,1.36492,1.36225,1.36258,8497.0
2022-01-19 18:00:00+00:00,1.3626,1.36348,1.36122,1.36122,2799.0
2022-01-19 22:00:00+00:00,1.36127,1.3636,1.36066,1.36286,2382.0
2022-01-20 02:00:00+00:00,1.36288,1.363,1.3619,1.36236,2480.0
2022-01-20 06:00:00+00:00,1.36239,1.36372,1.3619,1.36272,6447.0
2022-01-20 10:00:00+00:00,1.3627,1.36347,1.35993,1.36332,7057.0
2022-01-20 14:00:00+00:00,1.36329,1.36621,1.3626,1.36264,8537.0
2022-01-20 18:00:00+00:00,1.36268,1.36277,1.35873,1.35981,4301.0
2022-01-20 22:00:00+00:00,1.35992,1.36025,1.35793,1.35961,3221.0
2022-01-21 02:00:00+00:00,1.35958,1.36015,1.35886,1.35928,3064.0
2022-01-21 06:00:00+00:00,1.35926,1.35949,1.35581,1.35686,7791.0
2022-01-21 10:00:00+00:00,1.35688,1.35766,1.35528,1.35729,5979.0
2022-01-21 14:00:00+00:00,1.35732,1.35734,1.35458,1.35569,11324.0
2022-01-21 18:00:00+00:00,1.35567,1.35678,1.35483,1.35544,3480.0
2022-01-23 22:00:00+00:00,1.35546,1.3561,1.35466,1.3561,1749.0
2022-01-24 02:00:00+00:00,1.35612,1.35657,1.35459,1.35466,1992.0
2022-01-24 06:00:00+00:00,1.35462,1.35551,1.3525,1.35252,6630.0
2022-01-24 10:00:00+00:00,1.35248,1.35279,1.3471,1.34732,9049.0
2022-01-24 14:00:00+00:00,1.34729,1.34812,1.34404,1.34554,13884.0
2022-01-24 18:00:00+00:00,1.34556,1.34926,1.34553,1.34918,6279.0
2022-01-24 22:00:00+00:00,1.34877,1.34919,1.34743,1.34827,2301.0
2022-01-25 02:00:00+00:00,1.34824,1.34826,1.34671,1.34762,2291.0
2022-01-25 06:00:00+00:00,1.34765,1.34966,1.34714,1.34826,7284.0
2022-01-25 10:00:00+00:00,1.34824,1.34824,1.34366,1.34674,7693.0
2022-01-25 14:00:00+00:00,1.34671,1.35004,1.34594,1.34974,11236.0
2022-01-25 18:00:00+00:00,1.34976,1.35188,1.34952,1.35046,4397.0
2022-01-25 22:00:00+00:00,1.35041,1.35134,1.35014,1.35132,1667.0
2022-01-26 02:00:00+00:00,1.35134,1.3521,1.35052,1.35088,1829.0
2022-01-26 06:00:00+00:00,1.35086,1.35148,1.34936,1.35098,4829.0
2022-01-26 10:00:00+00:00,1.35096,1.35238,1.34978,1.35082,5409.0
2022-01-26 14:00:00+00:00,1.3508,1.35228,1.34918,1.35224,7929.0
2022-01-26 18:00:00+00:00,1.35226,1.35249,1.34449,1.34657,18983.0
2022-01-26 22:00:00+00:00,1.34639,1.34684,1.34426,1.3451,2753.0
2022-01-27 02:00:00+00:00,1.34507,1.34507,1.34305,1.34322,3182.0
2022-01-27 06:00:00+00:00,1.34319,1.3433,1.34054,1.3427,7682.0
2022-01-27 10:00:00+00:00,1.34267,1.34317,1.33582,1.338,10340.0
2022-01-27 14:00:00+00:00,1.33796,1.34069,1.33662,1.33728,13023.0
2022-01-27 18:00:00+00:00,1.33725,1.339,1.33671,1.3381,5702.0
2022-01-27 22:00:00+00:00,1.33791,1.3395,1.33789,1.3394,3150.0
2022-01-28 02:00:00+00:00,1.33938,1.34156,1.33918,1.3413,2833.0
2022-01-28 06:00:00+00:00,1.34128,1.3415,1.33654,1.33822,6749.0
2022-01-28 10:00:00+00:00,1.3382,1.3427,1.33698,1.34268,10073.0
2022-01-28 14:00:00+00:00,1.3427,1.34329,1.33883,1.33883,13082.0
2022-01-28 18:00:00+00:00,1.33886,1.3407,1.33738,1.34053,4026.0
2022-01-30 22:00:00+00:00,1.3398,1.34142,1.33864,1.34136,3354.0
2022-01-31 02:00:00+00:00,1.34134,1.34206,1.34078,1.34176,1996.0
2022-01-31 06:00:00+00:00,1.34174,1.34488,1.34152,1.34452,5846.0
2022-01-31 10:00:00+00:00,1.34454,1.34484,1.33932,1.3443,8862.0
2022-01-31 14:00:00+00:00,1.34428,1.34548,1.34058,1.34364,12324.0
2022-01-31 18:00:00+00:00,1.34362,1.34606,1.34355,1.3445,4008.0
2022-01-31 22:00:00+00:00,1.34494,1.34497,1.34344,1.34386,1462.0
2022-02-01 02:00:00+00:00,1.34388,1.34574,1.34354,1.34524,2574.0
2022-02-01 06:00:00+00:00,1.34522,1.35013,1.34432,1.34984,6335.0
2022-02-01 10:00:00+00:00,1.34981,1.35143,1.34763,1.34954,6418.0
2022-02-01 14:00:00+00:00,1.34956,1.35192,1.34862,1.35062,10835.0
2022-02-01 18:00:00+00:00,1.35064,1.35286,1.35053,1.35249,3015.0
2022-02-01 22:00:00+00:00,1.35206,1.35274,1.35183,1.35262,1411.0
2022-02-02 02:00:00+00:00,1.3526,1.35278,1.3517,1.35204,1277.0
2022-02-02 06:00:00+00:00,1.35202,1.35479,1.35196,1.35415,5214.0
2022-02-02 10:00:00+00:00,1.35418,1.35874,1.35358,1.35602,7117.0
2022-02-02 14:00:00+00:00,1.35604,1.35834,1.35544,1.35779,9626.0
2022-02-02 18:00:00+00:00,1.35777,1.35867,1.35686,1.35738,2876.0
2022-02-02 22:00:00+00:00,1.35764,1.35777,1.35566,1.35651,1317.0
2022-02-03 02:00:00+00:00,1.35654,1.35676,1.35508,1.35531,2071.0
2022-02-03 06:00:00+00:00,1.35528,1.35621,1.35476,1.3558,5912.0
2022-02-03 10:00:00+00:00,1.35582,1.3628,1.35382,1.35816,19055.0
2022-02-03 14:00:00+00:00,1.35818,1.36196,1.35694,1.36081,17077.0
2022-02-03 18:00:00+00:00,1.36078,1.3609,1.35852,1.35993,3505.0
2022-02-03 22:00:00+00:00,1.36006,1.36122,1.35944,1.3604,1629.0
2022-02-04 02:00:00+00:00,1.36038,1.36152,1.35947,1.35969,2453.0
2022-02-04 06:00:00+00:00,1.35966,1.35982,1.3566,1.35691,8020.0
2022-02-04 10:00:00+00:00,1.35695,1.35799,1.35048,1.35121,13794.0
2022-02-04 14:00:00+00:00,1.35123,1.35512,1.3508,1.3535,13604.0
2022-02-04 18:00:00+00:00,1.35352,1.35481,1.35236,1.3534,3364.0
2022-02-06 22:00:00+00:00,1.3538,1.35498,1.35273,1.35329,2057.0
2022-02-07 02:00:00+00:00,1.35325,1.35352,1.35157,1.35206,2456.0
2022-02-07 06:00:00+00:00,1.35204,1.3551,1.3515,1.35159,6963.0
2022-02-07 10:00:00+00:00,1.35161,1.35244,1.34906,1.35219,8095.0
2022-02-07 14:00:00+00:00,1.35222,1.3536,1.35019,1.35169,9300.0
2022-02-07 18:00:00+00:00,1.35167,1.35384,1.35157,1.35354,2120.0
2022-02-07 22:00:00+00:00,1.35366,1.3539,1.3517,1.35356,1480.0
2022-02-08 02:00:00+00:00,1.3536,1.35367,1.35119,1.3518,2135.0
2022-02-08 06:00:00+00:00,1.35178,1.3555,1.35076,1.35516,6180.0
2022-02-08 10:00:00+00:00,1.35518,1.3564,1.35158,1.35383,7072.0
2022-02-08 14:00:00+00:00,1.35385,1.35566,1.35356,1.35442,6422.0
2022-02-08 18:00:00+00:00,1.35445,1.35558,1.35374,1.35488,2312.0
2022-02-08 22:00:00+00:00,1.35444,1.35556,1.35416,1.35556,1027.0
2022-02-09 02:00:00+00:00,1.35554,1.35666,1.35548,1.35559,1514.0
2022-02-09 06:00:00+00:00,1.35556,1.35738,1.35376,1.35689,4861.0
2022-02-09 10:00:00+00:00,1.35692,1.35895,1.35642,1.35796,5589.0
2022-02-09 14:00:00+00:00,1.35798,1.358,1.35302,1.35388,7040.0
2022-02-09 18:00:00+00:00,1.35386,1.35412,1.35269,1.35346,2310.0
2022-02-09 22:00:00+00:00,1.35362,1.3538,1.35262,1.35316,1391.0
2022-02-10 02:00:00+00:00,1.35318,1.35368,1.35265,1.35308,1728.0
2022-02-10 06:00:00+00:00,1.35306,1.35744,1.35292,1.35716,4841.0
2022-02-10 10:00:00+00:00,1.35718,1.35807,1.35238,1.35473,9858.0
2022-02-10 14:00:00+00:00,1.3547,1.36437,1.35234,1.3612,20904.0
2022-02-10 18:00:00+00:00,1.36122,1.36208,1.3541,1.35614,9568.0
2022-02-10 22:00:00+00:00,1.35577,1.35685,1.3533,1.35505,3179.0
2022-02-11 02:00:00+00:00,1.35502,1.35556,1.35204,1.35332,3248.0
2022-02-11 06:00:00+00:00,1.3533,1.35691,1.3514,1.35562,9059.0
2022-02-11 10:00:00+00:00,1.35559,1.35992,1.35473,1.35735,6980.0
2022-02-11 14:00:00+00:00,1.35732,1.36096,1.35673,1.36014,11700.0
2022-02-11 18:00:00+00:00,1.3601,1.36064,1.35416,1.35592,24004.0
2022-02-13 22:00:00+00:00,1.35584,1.35729,1.35514,1.3554,16722.0
2022-02-14 02:00:00+00:00,1.35541,1.35542,1.35346,1.35472,23377.0
2022-02-14 06:00:00+00:00,1.35472,1.35474,1.34952,1.35131,43285.0
2022-02-14 10:00:00+00:00,1.35132,1.35478,1.3502,1.3528,49868.0
2022-02-14 14:00:00+00:00,1.35278,1.35398,1.35092,1.3531,57623.0
2022-02-14 18:00:00+00:00,1.3531,1.3541,1.35149,1.3533,43137.0
2022-02-14 22:00:00+00:00,1.35268,1.35464,1.35261,1.35378,9559.0
2022-02-15 02:00:00+00:00,1.35378,1.35436,1.35292,1.3531,17798.0
2022-02-15 06:00:00+00:00,1.35306,1.35671,1.35278,1.35514,35930.0
2022-02-15 10:00:00+00:00,1.35514,1.35636,1.35299,1.35426,35711.0
2022-02-15 14:00:00+00:00,1.35428,1.35522,1.34865,1.3532,41911.0
2022-02-15 18:00:00+00:00,1.35318,1.35434,1.35279,1.35432,16999.0
2022-02-15 22:00:00+00:00,1.35367,1.35474,1.35294,1.35468,13054.0
2022-02-16 02:00:00+00:00,1.35466,1.35536,1.35387,1.35515,13657.0
2022-02-16 06:00:00+00:00,1.35514,1.35742,1.35482,1.35628,29713.0
2022-02-16 10:00:00+00:00,1.35628,1.35746,1.35398,1.355,32152.0
2022-02-16 14:00:00+00:00,1.355,1.35915,1.35418,1.35806,40969.0
2022-02-16 18:00:00+00:00,1.35806,1.36012,1.35706,1.35829,35178.0
2022-02-16 22:00:00+00:00,1.35824,1.36061,1.35789,1.35904,12067.0
2022-02-17 02:00:00+00:00,1.35905,1.35976,1.35558,1.35838,41689.0
2022-02-17 06:00:00+00:00,1.35836,1.36086,1.35682,1.36049,54361.0
2022-02-17 10:00:00+00:00,1.3605,1.36287,1.35964,1.36179,39385.0
2022-02-17 14:00:00+00:00,1.3618,1.36383,1.36086,1.36236,60300.0
2022-02-17 18:00:00+00:00,1.36237,1.36318,1.36135,1.36144,20580.0
2022-02-17 22:00:00+00:00,1.36161,1.36229,1.36031,1.36097,15408.0
2022-02-18 02:00:00+00:00,1.36098,1.36141,1.36001,1.36096,17973.0
2022-02-18 06:00:00+00:00,1.36095,1.3643,1.36066,1.36236,31654.0
2022-02-18 10:00:00+00:00,1.36235,1.36288,1.36012,1.36064,37637.0
2022-02-18 14:00:00+00:00,1.36062,1.36123,1.35731,1.3583,51630.0
2022-02-18 18:00:00+00:00,1.35828,1.36062,1.35823,1.35874,17964.0
2022-02-20 22:00:00+00:00,1.35969,1.36168,1.35857,1.36135,20704.0
2022-02-21 02:00:00+00:00,1.36134,1.36245,1.36124,1.3619,18198.0
2022-02-21 06:00:00+00:00,1.36189,1.36386,1.36182,1.3636,32839.0
2022-02-21 10:00:00+00:00,1.36361,1.36386,1.35937,1.36046,39196.0
2022-02-21 14:00:00+00:00,1.36043,1.36186,1.35994,1.36164,38153.0
2022-02-21 18:00:00+00:00,1.36166,1.36184,1.35964,1.36005,13298.0
2022-02-21 22:00:00+00:00,1.36032,1.36032,1.35808,1.35839,15748.0
2022-02-22 02:00:00+00:00,1.35836,1.35986,1.35798,1.35974,18659.0
2022-02-22 06:00:00+00:00,1.35974,1.35978,1.35562,1.35795,44453.0
2022-02-22 10:00:00+00:00,1.35795,1.35892,1.35438,1.35514,45347.0
2022-02-22 14:00:00+00:00,1.35516,1.36048,1.35385,1.35943,42932.0
2022-02-22 18:00:00+00:00,1.35942,1.35978,1.3576,1.35866,26259.0
2022-02-22 22:00:00+00:00,1.35826,1.36042,1.35809,1.36002,13832.0
2022-02-23 02:00:00+00:00,1.36002,1.36032,1.3585,1.35922,17796.0
2022-02-23 06:00:00+00:00,1.35922,1.36207,1.35885,1.36036,35344.0
2022-02-23 10:00:00+00:00,1.36036,1.36136,1.35818,1.36061,36331.0
2022-02-23 14:00:00+00:00,1.36061,1.36068,1.35482,1.35506,45994.0
2022-02-23 18:00:00+00:00,1.35506,1.35536,1.35358,1.35466,22998.0
2022-02-23 22:00:00+00:00,1.35461,1.35507,1.35301,1.35388,15895.0
2022-02-24 02:00:00+00:00,1.35388,1.35404,1.34862,1.34974,68759.0
2022-02-24 06:00:00+00:00,1.34974,1.35132,1.3433,1.3434,75807.0
2022-02-24 10:00:00+00:00,1.34339,1.34424,1.33554,1.33589,72820.0
2022-02-24 14:00:00+00:00,1.33588,1.33803,1.32728,1.33676,80424.0
2022-02-24 18:00:00+00:00,1.33677,1.34051,1.33595,1.33727,46465.0
2022-02-24 22:00:00+00:00,1.3376,1.33915,1.3369,1.33908,21206.0
2022-02-25 02:00:00+00:00,1.33908,1.3439,1.33899,1.34365,26128.0
2022-02-25 06:00:00+00:00,1.34364,1.34371,1.3371,1.33746,46656.0
2022-02-25 10:00:00+00:00,1.33747,1.3412,1.33681,1.33988,48052.0
2022-02-25 14:00:00+00:00,1.33985,1.34246,1.33667,1.33839,52630.0
2022-02-25 18:00:00+00:00,1.33838,1.342,1.33838,1.34137,21443.0
2022-02-27 22:00:00+00:00,1.3327,1.33816,1.33232,1.3363,36474.0
2022-02-28 02:00:00+00:00,1.33632,1.33672,1.33415,1.33618,23304.0
2022-02-28 06:00:00+00:00,1.33616,1.3388,1.3352,1.33756,48786.0
2022-02-28 10:00:00+00:00,1.33757,1.3413,1.33754,1.34126,43455.0
2022-02-28 14:00:00+00:00,1.34128,1.34318,1.33864,1.33906,53678.0
2022-02-28 18:00:00+00:00,1.33906,1.34252,1.33904,1.34218,22119.0
2022-02-28 22:00:00+00:00,1.34239,1.34275,1.34075,1.34165,6569.0
2022-03-01 02:00:00+00:00,1.34164,1.34218,1.34052,1.34186,17473.0
2022-03-01 06:00:00+00:00,1.34186,1.34373,1.34136,1.34137,32033.0
2022-03-01 10:00:00+00:00,1.34136,1.34252,1.33826,1.34022,39852.0
2022-03-01 14:00:00+00:00,1.34022,1.34078,1.33042,1.33126,56265.0
2022-03-01 18:00:00+00:00,1.33126,1.33344,1.33025,1.3325,28779.0
2022-03-01 22:00:00+00:00,1.33262,1.33392,1.33217,1.3331,8425.0
2022-03-02 02:00:00+00:00,1.33308,1.3334,1.3302,1.3303,13951.0
2022-03-02 06:00:00+00:00,1.3303,1.33162,1.32713,1.33082,53966.0
2022-03-02 10:00:00+00:00,1.33082,1.33482,1.3304,1.33476,49425.0
2022-03-02 14:00:00+00:00,1.33477,1.3373,1.33099,1.33593,77568.0
2022-03-02 18:00:00+00:00,1.33592,1.3407,1.3359,1.34056,24375.0
2022-03-02 22:00:00+00:00,1.34046,1.34057,1.33776,1.3384,12781.0
2022-03-03 02:00:00+00:00,1.33839,1.34126,1.33776,1.34083,15482.0
2022-03-03 06:00:00+00:00,1.34082,1.34181,1.3369,1.3381,35418.0
2022-03-03 10:00:00+00:00,1.3381,1.33928,1.33628,1.33785,39064.0
2022-03-03 14:00:00+00:00,1.33785,1.33926,1.33174,1.33337,67385.0
2022-03-03 18:00:00+00:00,1.33337,1.33574,1.33289,1.33487,22528.0
2022-03-03 22:00:00+00:00,1.33493,1.33564,1.33158,1.33458,31316.0
2022-03-04 02:00:00+00:00,1.33456,1.33484,1.33334,1.33382,27984.0
2022-03-04 06:00:00+00:00,1.33382,1.33454,1.33028,1.33048,36224.0
2022-03-04 10:00:00+00:00,1.33048,1.33172,1.32201,1.32309,50050.0
2022-03-04 14:00:00+00:00,1.3231,1.32488,1.32022,1.32281,56365.0
2022-03-04 18:00:00+00:00,1.32282,1.32498,1.32172,1.32375,24397.0
2022-03-06 22:00:00+00:00,1.32298,1.32496,1.3185,1.32016,34481.0
2022-03-07 02:00:00+00:00,1.32016,1.32238,1.3189,1.32141,33531.0
2022-03-07 06:00:00+00:00,1.3214,1.32288,1.31564,1.31687,54996.0
2022-03-07 10:00:00+00:00,1.31687,1.32144,1.31412,1.31732,71746.0
2022-03-07 14:00:00+00:00,1.31732,1.31983,1.31022,1.31122,73248.0
2022-03-07 18:00:00+00:00,1.3112,1.3131,1.31022,1.31037,31624.0
2022-03-07 22:00:00+00:00,1.31058,1.31288,1.31015,1.3123,16079.0
2022-03-08 02:00:00+00:00,1.31229,1.3131,1.31069,1.31116,18358.0
2022-03-08 06:00:00+00:00,1.31116,1.31317,1.3082,1.31207,65536.0
2022-03-08 10:00:00+00:00,1.31206,1.31338,1.30856,1.31074,49216.0
2022-03-08 14:00:00+00:00,1.3107,1.31448,1.30898,1.31338,88549.0
2022-03-08 18:00:00+00:00,1.31337,1.31442,1.30928,1.31013,48299.0
2022-03-08 22:00:00+00:00,1.31023,1.31168,1.30886,1.31127,13745.0
2022-03-09 02:00:00+00:00,1.31127,1.31278,1.3106,1.3113,18361.0
2022-03-09 06:00:00+00:00,1.31128,1.31544,1.3105,1.31507,40022.0
2022-03-09 10:00:00+00:00,1.31508,1.31809,1.31372,1.31614,43413.0
2022-03-09 14:00:00+00:00,1.31614,1.3184,1.31474,1.31824,70479.0
2022-03-09 18:00:00+00:00,1.31824,1.319,1.316,1.31869,27606.0
2022-03-09 22:00:00+00:00,1.31828,1.31878,1.31436,1.31588,13280.0
2022-03-10 02:00:00+00:00,1.31589,1.31768,1.3151,1.31762,17209.0
2022-03-10 06:00:00+00:00,1.31762,1.31947,1.31466,1.31686,52435.0
2022-03-10 10:00:00+00:00,1.31688,1.31942,1.31414,1.31774,68199.0
2022-03-10 14:00:00+00:00,1.31775,1.31789,1.30919,1.30979,56255.0
2022-03-10 18:00:00+00:00,1.30982,1.31153,1.30816,1.30824,18991.0
2022-03-10 22:00:00+00:00,1.30872,1.31046,1.30746,1.30805,11660.0
2022-03-11 02:00:00+00:00,1.30808,1.30942,1.30694,1.3074,15640.0
2022-03-11 06:00:00+00:00,1.3074,1.31022,1.30511,1.30742,44653.0
2022-03-11 10:00:00+00:00,1.30742,1.31252,1.30707,1.30946,61402.0
2022-03-11 14:00:00+00:00,1.30946,1.31004,1.30424,1.3043,55477.0
2022-03-11 18:00:00+00:00,1.30429,1.30508,1.30276,1.3037,26515.0
2022-03-13 21:00:00+00:00,1.30435,1.30526,1.30308,1.30458,12972.0
2022-03-14 01:00:00+00:00,1.30458,1.30488,1.30096,1.3023,22387.0
2022-03-14 05:00:00+00:00,1.30228,1.30516,1.30134,1.30445,29704.0
2022-03-14 09:00:00+00:00,1.30444,1.30792,1.30192,1.30664,41361.0
2022-03-14 13:00:00+00:00,1.30663,1.30712,1.30326,1.30334,53161.0
2022-03-14 17:00:00+00:00,1.30334,1.30378,1.3001,1.30017,27454.0
2022-03-14 21:00:00+00:00,1.30048,1.30176,1.3002,1.30107,8669.0
2022-03-15 01:00:00+00:00,1.30106,1.30484,1.30004,1.30406,28707.0
2022-03-15 05:00:00+00:00,1.30407,1.30516,1.3018,1.30314,49381.0
2022-03-15 09:00:00+00:00,1.30312,1.30764,1.30202,1.30702,42264.0
2022-03-15 13:00:00+00:00,1.307,1.30888,1.304,1.305,58956.0
2022-03-15 17:00:00+00:00,1.305,1.30546,1.3021,1.30419,27660.0
2022-03-15 21:00:00+00:00,1.30445,1.30508,1.30334,1.30386,9904.0
2022-03-16 01:00:00+00:00,1.30384,1.30576,1.30362,1.30504,16552.0
2022-03-16 05:00:00+00:00,1.30505,1.30701,1.30358,1.30584,33045.0
2022-03-16 09:00:00+00:00,1.30585,1.31056,1.30526,1.30924,37356.0
2022-03-16 13:00:00+00:00,1.30924,1.31169,1.30745,1.31124,57484.0
2022-03-16 17:00:00+00:00,1.31123,1.31566,1.30434,1.3148,71573.0
2022-03-16 21:00:00+00:00,1.315,1.31597,1.31264,1.31592,14352.0
2022-03-17 01:00:00+00:00,1.31593,1.31638,1.31344,1.31574,28192.0
2022-03-17 05:00:00+00:00,1.31574,1.31914,1.31486,1.31815,34613.0
2022-03-17 09:00:00+00:00,1.31814,1.32116,1.30876,1.30998,56552.0
2022-03-17 13:00:00+00:00,1.31,1.3173,1.30928,1.31706,48024.0
2022-03-17 17:00:00+00:00,1.31707,1.3174,1.3145,1.31498,22445.0
2022-03-17 21:00:00+00:00,1.31481,1.31838,1.31463,1.3161,11750.0
2022-03-18 01:00:00+00:00,1.3161,1.3166,1.31514,1.31549,19903.0
2022-03-18 05:00:00+00:00,1.31548,1.31732,1.31309,1.31478,32755.0
2022-03-18 09:00:00+00:00,1.31478,1.31494,1.31202,1.31252,36748.0
2022-03-18 13:00:00+00:00,1.31254,1.31886,1.31108,1.31882,51715.0
2022-03-18 17:00:00+00:00,1.31884,1.3197,1.31738,1.31778,23454.0
2022-03-20 21:00:00+00:00,1.31779,1.31801,1.3155,1.31639,9745.0
2022-03-21 01:00:00+00:00,1.31638,1.31713,1.31535,1.31535,11734.0
2022-03-21 05:00:00+00:00,1.31536,1.31702,1.3146,1.31499,23936.0
2022-03-21 09:00:00+00:00,1.31496,1.31576,1.31267,1.31528,30342.0
2022-03-21 13:00:00+00:00,1.3153,1.32102,1.31521,1.31984,41882.0
2022-03-21 17:00:00+00:00,1.31985,1.32024,1.31556,1.31688,27575.0
2022-03-21 21:00:00+00:00,1.31682,1.31694,1.31334,1.3138,11547.0
2022-03-22 01:00:00+00:00,1.31379,1.31547,1.31254,1.31352,30286.0
2022-03-22 05:00:00+00:00,1.31351,1.3194,1.312,1.31772,41058.0
2022-03-22 09:00:00+00:00,1.31771,1.32477,1.31728,1.3234,48690.0
2022-03-22 13:00:00+00:00,1.3234,1.32739,1.32339,1.32534,50503.0
2022-03-22 17:00:00+00:00,1.32536,1.32642,1.32471,1.32626,22240.0
2022-03-22 21:00:00+00:00,1.32639,1.32752,1.3259,1.3271,11211.0
2022-03-23 01:00:00+00:00,1.32708,1.32988,1.32699,1.32798,22614.0
2022-03-23 05:00:00+00:00,1.32796,1.32918,1.32211,1.32228,28241.0
2022-03-23 09:00:00+00:00,1.32228,1.32448,1.31784,1.31949,37929.0
2022-03-23 13:00:00+00:00,1.3195,1.32147,1.31752,1.32022,42891.0
2022-03-23 17:00:00+00:00,1.32023,1.32128,1.31978,1.3206,16735.0
2022-03-23 21:00:00+00:00,1.32031,1.3213,1.31959,1.31996,10657.0
2022-03-24 01:00:00+00:00,1.31995,1.32008,1.31836,1.31907,28836.0
2022-03-24 05:00:00+00:00,1.31906,1.32056,1.31578,1.31606,39436.0
2022-03-24 09:00:00+00:00,1.31606,1.32144,1.31569,1.31982,44247.0
2022-03-24 13:00:00+00:00,1.31982,1.32053,1.31669,1.31791,54552.0
2022-03-24 17:00:00+00:00,1.31792,1.31956,1.31672,1.3189,21650.0
2022-03-24 21:00:00+00:00,1.31852,1.3199,1.31838,1.31888,11217.0
2022-03-25 01:00:00+00:00,1.31888,1.32251,1.31866,1.3222,33770.0
2022-03-25 05:00:00+00:00,1.3222,1.32237,1.31604,1.31625,31223.0
2022-03-25 09:00:00+00:00,1.31626,1.32056,1.31594,1.3196,31769.0
2022-03-25 13:00:00+00:00,1.31962,1.32227,1.31788,1.31898,60380.0
2022-03-25 17:00:00+00:00,1.31898,1.31983,1.31788,1.31804,23005.0
2022-03-27 21:00:00+00:00,1.31838,1.31878,1.31561,1.31588,11606.0
2022-03-28 01:00:00+00:00,1.31586,1.31664,1.31455,1.31468,32068.0
2022-03-28 05:00:00+00:00,1.31467,1.3168,1.31304,1.3163,49708.0
2022-03-28 09:00:00+00:00,1.3163,1.3163,1.30968,1.31008,51718.0
2022-03-28 13:00:00+00:00,1.31007,1.31056,1.30664,1.309,51177.0
2022-03-28 17:00:00+00:00,1.309,1.30996,1.30822,1.30948,20658.0
2022-03-28 21:00:00+00:00,1.30927,1.31066,1.30785,1.308,13097.0
2022-03-29 01:00:00+00:00,1.308,1.31061,1.308,1.30929,30979.0
2022-03-29 05:00:00+00:00,1.3093,1.31158,1.3056,1.306,44219.0
2022-03-29 09:00:00+00:00,1.306,1.316,1.3051,1.31456,80976.0
2022-03-29 13:00:00+00:00,1.31456,1.31573,1.3081,1.30858,78345.0
2022-03-29 17:00:00+00:00,1.30858,1.31056,1.30602,1.30939,21360.0
2022-03-29 21:00:00+00:00,1.30895,1.31032,1.30877,1.30979,13670.0
2022-03-30 01:00:00+00:00,1.30978,1.31119,1.30927,1.31009,38051.0
2022-03-30 05:00:00+00:00,1.31008,1.31418,1.30989,1.31406,53737.0
2022-03-30 09:00:00+00:00,1.31405,1.31679,1.31294,1.3159,50381.0
2022-03-30 13:00:00+00:00,1.3159,1.31827,1.31406,1.3144,54951.0
2022-03-30 17:00:00+00:00,1.3144,1.31444,1.3127,1.31365,18516.0
2022-03-30 21:00:00+00:00,1.31336,1.31429,1.31284,1.31416,16608.0
2022-03-31 01:00:00+00:00,1.31418,1.3144,1.31101,1.31158,26611.0
2022-03-31 05:00:00+00:00,1.31154,1.31484,1.31104,1.31212,43723.0
2022-03-31 09:00:00+00:00,1.31212,1.31414,1.3112,1.31392,44839.0
2022-03-31 13:00:00+00:00,1.31392,1.3176,1.3106,1.31384,65467.0
2022-03-31 17:00:00+00:00,1.31382,1.31526,1.31305,1.3144,22138.0
2022-03-31 21:00:00+00:00,1.314,1.3152,1.31318,1.31372,18903.0
2022-04-01 01:00:00+00:00,1.31374,1.314,1.31221,1.31308,23149.0
2022-04-01 05:00:00+00:00,1.31309,1.31392,1.31129,1.3129,37511.0
2022-04-01 09:00:00+00:00,1.3129,1.31459,1.3108,1.31121,38360.0
2022-04-01 13:00:00+00:00,1.31124,1.31182,1.30865,1.31046,45990.0
2022-04-01 17:00:00+00:00,1.31046,1.31175,1.3092,1.31146,23393.0
2022-04-03 21:00:00+00:00,1.31,1.31165,1.30982,1.31124,10508.0
2022-04-04 01:00:00+00:00,1.31122,1.31202,1.3107,1.31181,17008.0
2022-04-04 05:00:00+00:00,1.31181,1.31373,1.31141,1.31151,35199.0
2022-04-04 09:00:00+00:00,1.31152,1.3124,1.30932,1.31074,37167.0
2022-04-04 13:00:00+00:00,1.31074,1.3129,1.30993,1.31038,40018.0
2022-04-04 17:00:00+00:00,1.31039,1.31206,1.30968,1.31153,17556.0
2022-04-04 21:00:00+00:00,1.31158,1.3119,1.31062,1.31113,7966.0
2022-04-05 01:00:00+00:00,1.31114,1.31241,1.31068,1.31204,15538.0
2022-04-05 05:00:00+00:00,1.31204,1.3145,1.31153,1.31199,35330.0
2022-04-05 09:00:00+00:00,1.312,1.31424,1.31186,1.31362,33254.0
2022-04-05 13:00:00+00:00,1.31364,1.3167,1.30824,1.30846,54745.0
2022-04-05 17:00:00+00:00,1.30846,1.30962,1.30668,1.30733,21063.0
2022-04-05 21:00:00+00:00,1.30795,1.30899,1.30635,1.30648,7276.0
2022-04-06 01:00:00+00:00,1.30649,1.30782,1.30568,1.30687,19289.0
2022-04-06 05:00:00+00:00,1.30686,1.30987,1.30456,1.30974,38960.0
2022-04-06 09:00:00+00:00,1.30974,1.31084,1.30716,1.30938,37958.0
2022-04-06 13:00:00+00:00,1.3094,1.30998,1.30682,1.30764,46622.0
2022-04-06 17:00:00+00:00,1.30762,1.31008,1.30482,1.30682,51392.0
2022-04-06 21:00:00+00:00,1.30676,1.30812,1.30616,1.30768,10108.0
2022-04-07 01:00:00+00:00,1.30768,1.30839,1.30688,1.30818,16035.0
2022-04-07 05:00:00+00:00,1.30819,1.31068,1.30714,1.30729,30016.0
2022-04-07 09:00:00+00:00,1.30728,1.30956,1.30629,1.307,38575.0
2022-04-07 13:00:00+00:00,1.307,1.30843,1.30517,1.30544,44371.0
2022-04-07 17:00:00+00:00,1.30542,1.30766,1.30542,1.30738,20855.0
2022-04-07 21:00:00+00:00,1.30762,1.30868,1.30648,1.307,10743.0
2022-04-08 01:00:00+00:00,1.307,1.30774,1.3061,1.3061,15390.0
2022-04-08 05:00:00+00:00,1.30608,1.3074,1.3026,1.30438,29172.0
2022-04-08 09:00:00+00:00,1.30435,1.30524,1.30128,1.3023,27078.0
2022-04-08 13:00:00+00:00,1.30229,1.30342,1.29821,1.30316,36935.0
2022-04-08 17:00:00+00:00,1.30318,1.30398,1.30216,1.30358,16836.0
2022-04-10 21:00:00+00:00,1.30379,1.30402,1.30206,1.30208,11598.0
2022-04-11 01:00:00+00:00,1.3021,1.30322,1.30088,1.30168,24566.0
2022-04-11 05:00:00+00:00,1.30169,1.30356,1.2989,1.30289,40995.0
2022-04-11 09:00:00+00:00,1.30288,1.30568,1.3019,1.30367,35011.0
2022-04-11 13:00:00+00:00,1.30366,1.30468,1.30185,1.30248,43675.0
2022-04-11 17:00:00+00:00,1.30248,1.30387,1.30196,1.30282,17433.0
2022-04-11 21:00:00+00:00,1.30307,1.30381,1.30176,1.30202,11956.0
2022-04-12 01:00:00+00:00,1.30204,1.30318,1.30044,1.30261,21930.0
2022-04-12 05:00:00+00:00,1.3026,1.30349,1.3001,1.3003,35910.0
2022-04-12 09:00:00+00:00,1.30031,1.30502,1.29939,1.30491,40087.0
2022-04-12 13:00:00+00:00,1.30491,1.3054,1.3016,1.30223,59572.0
2022-04-12 17:00:00+00:00,1.30221,1.30254,1.29994,1.30016,23511.0
2022-04-12 21:00:00+00:00,1.30022,1.30062,1.29874,1.29926,7696.0
2022-04-13 01:00:00+00:00,1.29928,1.30148,1.29921,1.3004,18816.0
2022-04-13 05:00:00+00:00,1.3004,1.30266,1.29724,1.30068,36172.0
2022-04-13 09:00:00+00:00,1.30068,1.30247,1.2991,1.29946,35918.0
2022-04-13 13:00:00+00:00,1.29946,1.31031,1.29928,1.30936,48068.0
2022-04-13 17:00:00+00:00,1.30936,1.31176,1.30888,1.3117,16902.0
2022-04-13 21:00:00+00:00,1.31126,1.31308,1.3104,1.31158,9434.0
2022-04-14 01:00:00+00:00,1.3116,1.31416,1.31136,1.31382,15505.0
2022-04-14 05:00:00+00:00,1.31385,1.31475,1.31265,1.31354,22954.0
2022-04-14 09:00:00+00:00,1.31352,1.31464,1.30948,1.30964,39942.0
2022-04-14 13:00:00+00:00,1.30966,1.3097,1.30336,1.30572,62459.0
2022-04-14 17:00:00+00:00,1.30572,1.30826,1.30566,1.30795,15935.0
2022-04-14 21:00:00+00:00,1.30775,1.30788,1.30478,1.30566,25089.0
2022-04-15 01:00:00+00:00,1.30568,1.3072,1.30469,1.307,61210.0
2022-04-15 05:00:00+00:00,1.307,1.30744,1.30512,1.30684,71000.0
2022-04-15 09:00:00+00:00,1.30683,1.30718,1.30578,1.30664,112069.0
2022-04-15 13:00:00+00:00,1.30665,1.30706,1.3059,1.30632,22553.0
2022-04-15 17:00:00+00:00,1.30632,1.30682,1.30556,1.30576,12946.0
2022-04-17 21:00:00+00:00,1.30548,1.3065,1.30351,1.30446,11148.0
2022-04-18 01:00:00+00:00,1.30446,1.30533,1.30188,1.3022,18278.0
2022-04-18 05:00:00+00:00,1.30218,1.30292,1.30064,1.30149,16434.0
2022-04-18 09:00:00+00:00,1.3015,1.3045,1.301,1.30366,17405.0
2022-04-18 13:00:00+00:00,1.30366,1.30448,1.3005,1.30096,26777.0
2022-04-18 17:00:00+00:00,1.30098,1.3019,1.3005,1.30121,13592.0
2022-04-18 21:00:00+00:00,1.30128,1.3019,1.30014,1.30064,10010.0
2022-04-19 01:00:00+00:00,1.30064,1.3011,1.29895,1.2999,20359.0
2022-04-19 05:00:00+00:00,1.2999,1.30402,1.29882,1.30402,31793.0
2022-04-19 09:00:00+00:00,1.30402,1.3041,1.29971,1.30011,32032.0
2022-04-19 13:00:00+00:00,1.30014,1.30124,1.29807,1.30071,41847.0
2022-04-19 17:00:00+00:00,1.30072,1.30151,1.2992,1.29993,17597.0
2022-04-19 21:00:00+00:00,1.29981,1.30206,1.29929,1.30192,10336.0
2022-04-20 01:00:00+00:00,1.30192,1.30455,1.30112,1.30367,27891.0
2022-04-20 05:00:00+00:00,1.30365,1.30384,1.29966,1.30296,28310.0
2022-04-20 09:00:00+00:00,1.30297,1.30665,1.3023,1.30554,33775.0
2022-04-20 13:00:00+00:00,1.30554,1.30657,1.30344,1.30509,39878.0
2022-04-20 17:00:00+00:00,1.3051,1.30708,1.30494,1.30688,18793.0
2022-04-20 21:00:00+00:00,1.30594,1.30741,1.30468,1.30528,14031.0
2022-04-21 01:00:00+00:00,1.30529,1.30618,1.30423,1.30514,18921.0
2022-04-21 05:00:00+00:00,1.30514,1.30826,1.30486,1.306,37264.0
2022-04-21 09:00:00+00:00,1.30602,1.30906,1.30245,1.3047,28306.0
2022-04-21 13:00:00+00:00,1.30468,1.30764,1.30225,1.30354,42152.0
2022-04-21 17:00:00+00:00,1.30352,1.3048,1.30228,1.3026,24985.0
2022-04-21 21:00:00+00:00,1.30304,1.30356,1.30149,1.30233,13991.0
2022-04-22 01:00:00+00:00,1.30234,1.30313,1.30108,1.30263,24086.0
2022-04-22 05:00:00+00:00,1.30262,1.30332,1.28826,1.2887,45431.0
2022-04-22 09:00:00+00:00,1.28871,1.29162,1.28622,1.28806,35568.0
2022-04-22 13:00:00+00:00,1.28806,1.28947,1.28288,1.28366,50069.0
2022-04-22 17:00:00+00:00,1.28366,1.28452,1.28231,1.28384,24279.0
2022-04-24 21:00:00+00:00,1.2837,1.28444,1.28169,1.28217,16451.0
2022-04-25 01:00:00+00:00,1.28218,1.28256,1.27922,1.27998,27689.0
2022-04-25 05:00:00+00:00,1.27999,1.28078,1.27288,1.2747,55098.0
2022-04-25 09:00:00+00:00,1.27468,1.27552,1.27054,1.27372,51934.0
2022-04-25 13:00:00+00:00,1.27373,1.27382,1.26972,1.27297,58722.0
2022-04-25 17:00:00+00:00,1.27297,1.27452,1.27218,1.27414,28980.0
2022-04-25 21:00:00+00:00,1.27426,1.2748,1.27215,1.27466,20728.0
2022-04-26 01:00:00+00:00,1.27463,1.27726,1.27361,1.27612,26248.0
2022-04-26 05:00:00+00:00,1.27614,1.27618,1.27109,1.27212,39003.0
2022-04-26 09:00:00+00:00,1.27214,1.2727,1.26698,1.26802,35080.0
2022-04-26 13:00:00+00:00,1.26802,1.2698,1.26004,1.26115,53067.0
2022-04-26 17:00:00+00:00,1.26114,1.26146,1.25714,1.25749,23528.0
2022-04-26 21:00:00+00:00,1.25768,1.25876,1.256,1.25816,13616.0
2022-04-27 01:00:00+00:00,1.25816,1.25918,1.25744,1.25848,21726.0
2022-04-27 05:00:00+00:00,1.25848,1.25976,1.2536,1.25382,41060.0
2022-04-27 09:00:00+00:00,1.2538,1.2602,1.2527,1.25419,42041.0
2022-04-27 13:00:00+00:00,1.2542,1.25789,1.25026,1.25676,54354.0
2022-04-27 17:00:00+00:00,1.25676,1.25691,1.25354,1.25458,24465.0
2022-04-27 21:00:00+00:00,1.25519,1.25519,1.25267,1.25325,12956.0
2022-04-28 01:00:00+00:00,1.25324,1.2546,1.25088,1.2516,27914.0
2022-04-28 05:00:00+00:00,1.25159,1.25701,1.24913,1.25362,50652.0
2022-04-28 09:00:00+00:00,1.2536,1.254,1.24215,1.24308,50669.0
2022-04-28 13:00:00+00:00,1.2431,1.24701,1.24112,1.24642,59593.0
2022-04-28 17:00:00+00:00,1.24639,1.24738,1.24472,1.246,20566.0
2022-04-28 21:00:00+00:00,1.2457,1.24876,1.24511,1.24852,8871.0
2022-04-29 01:00:00+00:00,1.24852,1.24972,1.24658,1.24944,20639.0
2022-04-29 05:00:00+00:00,1.24943,1.25752,1.24942,1.2553,40412.0
2022-04-29 09:00:00+00:00,1.25532,1.25858,1.25326,1.25462,41435.0
2022-04-29 13:00:00+00:00,1.2546,1.25787,1.253,1.2578,59343.0
2022-04-29 17:00:00+00:00,1.25784,1.26146,1.25694,1.25759,28247.0
2022-05-01 21:00:00+00:00,1.25848,1.25976,1.25673,1.25692,19286.0
2022-05-02 01:00:00+00:00,1.25692,1.2577,1.25465,1.25518,20930.0
2022-05-02 05:00:00+00:00,1.25516,1.25878,1.25398,1.25729,34772.0
2022-05-02 09:00:00+00:00,1.2573,1.25807,1.2535,1.25372,28700.0
2022-05-02 13:00:00+00:00,1.25372,1.25498,1.24938,1.24977,48524.0
2022-05-02 17:00:00+00:00,1.2498,1.25007,1.2473,1.24917,24543.0
2022-05-02 21:00:00+00:00,1.24935,1.25214,1.24888,1.252,9584.0
2022-05-03 01:00:00+00:00,1.252,1.25417,1.25094,1.2513,17693.0
2022-05-03 05:00:00+00:00,1.2513,1.25556,1.25052,1.2541,41178.0
2022-05-03 09:00:00+00:00,1.25406,1.25674,1.24929,1.25574,37358.0
2022-05-03 13:00:00+00:00,1.25574,1.25666,1.24868,1.24882,44508.0
2022-05-03 17:00:00+00:00,1.24882,1.25148,1.24706,1.24954,26649.0
2022-05-03 21:00:00+00:00,1.2501,1.2506,1.24893,1.24969,7971.0
2022-05-04 01:00:00+00:00,1.24968,1.25006,1.24822,1.24824,11319.0
2022-05-04 05:00:00+00:00,1.24824,1.25244,1.24668,1.25153,26644.0
2022-05-04 09:00:00+00:00,1.25152,1.25366,1.25022,1.25302,26681.0
2022-05-04 13:00:00+00:00,1.25302,1.25377,1.24676,1.24944,42410.0
2022-05-04 17:00:00+00:00,1.24944,1.26384,1.24544,1.26358,61042.0
2022-05-04 21:00:00+00:00,1.26303,1.26362,1.2601,1.26094,15933.0
2022-05-05 01:00:00+00:00,1.26094,1.26334,1.2542,1.25472,24637.0
2022-05-05 05:00:00+00:00,1.25473,1.25682,1.25174,1.25464,37047.0
2022-05-05 09:00:00+00:00,1.25463,1.25802,1.23615,1.2389,69786.0
2022-05-05 13:00:00+00:00,1.2389,1.24126,1.23262,1.2338,60253.0
2022-05-05 17:00:00+00:00,1.23379,1.23696,1.2325,1.2356,38380.0
2022-05-05 21:00:00+00:00,1.2361,1.23806,1.23578,1.23661,15370.0
2022-05-06 01:00:00+00:00,1.23662,1.23744,1.2333,1.23682,25944.0
2022-05-06 05:00:00+00:00,1.23683,1.23683,1.2276,1.23402,60224.0
2022-05-06 09:00:00+00:00,1.23403,1.23798,1.2318,1.23226,53615.0
2022-05-06 13:00:00+00:00,1.23227,1.23702,1.2301,1.23573,87008.0
2022-05-06 17:00:00+00:00,1.23573,1.23623,1.2323,1.23352,32805.0
2022-05-08 21:00:00+00:00,1.2348,1.2348,1.23022,1.23038,15356.0
2022-05-09 01:00:00+00:00,1.23037,1.23126,1.22812,1.22834,21268.0
2022-05-09 05:00:00+00:00,1.22832,1.23078,1.2261,1.22706,36116.0
2022-05-09 09:00:00+00:00,1.22704,1.24062,1.22687,1.23898,47208.0
2022-05-09 13:00:00+00:00,1.23898,1.23906,1.23008,1.2348,58712.0
2022-05-09 17:00:00+00:00,1.2348,1.23554,1.23261,1.23291,34436.0
2022-05-09 21:00:00+00:00,1.23322,1.23424,1.23177,1.23306,17425.0
2022-05-10 01:00:00+00:00,1.23305,1.23726,1.23237,1.23659,31293.0
2022-05-10 05:00:00+00:00,1.23657,1.23758,1.23167,1.23378,42965.0
2022-05-10 09:00:00+00:00,1.23376,1.2359,1.23045,1.23186,38795.0
2022-05-10 13:00:00+00:00,1.23185,1.23414,1.22914,1.23099,74114.0
2022-05-10 17:00:00+00:00,1.23098,1.23308,1.2303,1.23168,39173.0
2022-05-10 21:00:00+00:00,1.23174,1.2327,1.23048,1.23172,11215.0
2022-05-11 01:00:00+00:00,1.23174,1.23406,1.23123,1.23361,17575.0
2022-05-11 05:00:00+00:00,1.23362,1.23734,1.23232,1.2373,32135.0
2022-05-11 09:00:00+00:00,1.23727,1.23901,1.22774,1.22878,58727.0
2022-05-11 13:00:00+00:00,1.22876,1.24006,1.22828,1.22898,91420.0
2022-05-11 17:00:00+00:00,1.22897,1.22931,1.22376,1.22464,42236.0
2022-05-11 21:00:00+00:00,1.22526,1.22536,1.22253,1.22446,21908.0
2022-05-12 01:00:00+00:00,1.22448,1.22467,1.2207,1.22082,26139.0
2022-05-12 05:00:00+00:00,1.22082,1.22152,1.21796,1.21798,14086.0
2022-05-12 09:00:00+00:00,1.21796,1.22481,1.21653,1.22278,50830.0
2022-05-12 13:00:00+00:00,1.22278,1.22437,1.21876,1.21914,71648.0
2022-05-12 17:00:00+00:00,1.21915,1.21998,1.21732,1.21986,37188.0
2022-05-12 21:00:00+00:00,1.21979,1.22144,1.21954,1.22077,12950.0
2022-05-13 01:00:00+00:00,1.22078,1.22274,1.21931,1.2223,24864.0
2022-05-13 05:00:00+00:00,1.22232,1.2232,1.21994,1.22056,41422.0
2022-05-13 09:00:00+00:00,1.22057,1.22168,1.21746,1.21994,30297.0
2022-05-13 13:00:00+00:00,1.21994,1.2249,1.21554,1.22362,52573.0
2022-05-13 17:00:00+00:00,1.22364,1.22628,1.22202,1.22596,20063.0
2022-05-15 21:00:00+00:00,1.22432,1.22712,1.2241,1.22696,17725.0
2022-05-16 01:00:00+00:00,1.22696,1.22969,1.22331,1.22408,30414.0
2022-05-16 05:00:00+00:00,1.22408,1.22538,1.2217,1.2236,37631.0
2022-05-16 09:00:00+00:00,1.2236,1.22706,1.22192,1.22541,31308.0
2022-05-16 13:00:00+00:00,1.2254,1.22815,1.22363,1.22758,44624.0
2022-05-16 17:00:00+00:00,1.22756,1.23296,1.22738,1.23218,21882.0
2022-05-16 21:00:00+00:00,1.23191,1.23374,1.2317,1.23294,12151.0
2022-05-17 01:00:00+00:00,1.23294,1.23471,1.23206,1.2343,18258.0
2022-05-17 05:00:00+00:00,1.23431,1.24834,1.23351,1.24762,41014.0
2022-05-17 09:00:00+00:00,1.24762,1.2499,1.24424,1.24883,54197.0
2022-05-17 13:00:00+00:00,1.24883,1.24896,1.24495,1.24806,43295.0
2022-05-17 17:00:00+00:00,1.24806,1.24942,1.24527,1.2493,44621.0
2022-05-17 21:00:00+00:00,1.24932,1.25013,1.24851,1.24888,14240.0
2022-05-18 01:00:00+00:00,1.24888,1.24934,1.24632,1.24722,20182.0
2022-05-18 05:00:00+00:00,1.24722,1.24969,1.2372,1.23745,35763.0
2022-05-18 09:00:00+00:00,1.23745,1.2436,1.23742,1.24194,29791.0
2022-05-18 13:00:00+00:00,1.24196,1.24264,1.23732,1.23829,46240.0
2022-05-18 17:00:00+00:00,1.23829,1.23839,1.233,1.23406,25211.0
2022-05-18 21:00:00+00:00,1.23417,1.23648,1.23386,1.23528,24494.0
2022-05-19 01:00:00+00:00,1.23527,1.23953,1.23392,1.23864,24911.0
2022-05-19 05:00:00+00:00,1.23862,1.24077,1.23378,1.23918,42767.0
2022-05-19 09:00:00+00:00,1.23918,1.24381,1.23696,1.24292,48899.0
2022-05-19 13:00:00+00:00,1.24292,1.25248,1.24264,1.24984,77386.0
2022-05-19 17:00:00+00:00,1.24985,1.25122,1.2471,1.24713,37563.0
2022-05-19 21:00:00+00:00,1.24638,1.24844,1.2451,1.24637,15498.0
2022-05-20 01:00:00+00:00,1.24636,1.24696,1.2437,1.24544,26241.0
2022-05-20 05:00:00+00:00,1.24544,1.24968,1.2448,1.24868,39755.0
2022-05-20 09:00:00+00:00,1.2487,1.24908,1.24615,1.24784,31687.0
2022-05-20 13:00:00+00:00,1.24782,1.25004,1.24526,1.24721,51996.0
2022-05-20 17:00:00+00:00,1.24724,1.2497,1.24533,1.24918,29143.0
2022-05-22 21:00:00+00:00,1.24795,1.253,1.24795,1.25263,14253.0
2022-05-23 01:00:00+00:00,1.25262,1.25534,1.25222,1.2546,18094.0
2022-05-23 05:00:00+00:00,1.2546,1.25759,1.25412,1.25717,39775.0
2022-05-23 09:00:00+00:00,1.2572,1.2601,1.25634,1.25676,36437.0
2022-05-23 13:00:00+00:00,1.25678,1.25938,1.25562,1.25684,43390.0
2022-05-23 17:00:00+00:00,1.25684,1.25888,1.25584,1.25879,18768.0
2022-05-23 21:00:00+00:00,1.25848,1.2589,1.25568,1.2559,11735.0
2022-05-24 01:00:00+00:00,1.2559,1.25696,1.25475,1.25606,17012.0
2022-05-24 05:00:00+00:00,1.25606,1.25991,1.2475,1.24866,46066.0
2022-05-24 09:00:00+00:00,1.24868,1.25226,1.24716,1.2492,35171.0
2022-05-24 13:00:00+00:00,1.24916,1.25548,1.24838,1.25353,59959.0
2022-05-24 17:00:00+00:00,1.25351,1.25438,1.25104,1.25344,26451.0
2022-05-24 21:00:00+00:00,1.25322,1.25494,1.2522,1.25282,11423.0
2022-05-25 01:00:00+00:00,1.25283,1.25428,1.25141,1.25381,22640.0
2022-05-25 05:00:00+00:00,1.2538,1.25604,1.25203,1.25234,38377.0
2022-05-25 09:00:00+00:00,1.25234,1.25239,1.24811,1.2501,37720.0
2022-05-25 13:00:00+00:00,1.25007,1.25586,1.2493,1.25324,44065.0
2022-05-25 17:00:00+00:00,1.25324,1.2591,1.25246,1.25828,41015.0
2022-05-25 21:00:00+00:00,1.25746,1.26125,1.25724,1.26049,11387.0
2022-05-26 01:00:00+00:00,1.26048,1.26092,1.25648,1.25686,22484.0
2022-05-26 05:00:00+00:00,1.25686,1.25981,1.25519,1.25641,33612.0
2022-05-26 09:00:00+00:00,1.25642,1.26209,1.25582,1.25639,40087.0
2022-05-26 13:00:00+00:00,1.25639,1.25877,1.2553,1.2575,41678.0
2022-05-26 17:00:00+00:00,1.25751,1.26088,1.25684,1.26084,16529.0
2022-05-26 21:00:00+00:00,1.25934,1.26262,1.2586,1.2622,11557.0
2022-05-27 01:00:00+00:00,1.26221,1.2667,1.26156,1.26528,23270.0
2022-05-27 05:00:00+00:00,1.26528,1.26528,1.26079,1.2618,31950.0
2022-05-27 09:00:00+00:00,1.26182,1.26442,1.25858,1.26249,34140.0
2022-05-27 13:00:00+00:00,1.2625,1.26542,1.25972,1.26068,38895.0
2022-05-27 17:00:00+00:00,1.26069,1.26336,1.26027,1.26316,14151.0
2022-05-29 21:00:00+00:00,1.26248,1.26364,1.26198,1.26282,8595.0
2022-05-30 01:00:00+00:00,1.2628,1.2658,1.26214,1.26466,18129.0
2022-05-30 05:00:00+00:00,1.26467,1.26512,1.26166,1.26296,30442.0
2022-05-30 09:00:00+00:00,1.26298,1.26554,1.2625,1.26318,24790.0
2022-05-30 13:00:00+00:00,1.26319,1.266,1.26313,1.26546,23001.0
2022-05-30 17:00:00+00:00,1.26547,1.2659,1.2653,1.26552,10096.0
2022-05-30 21:00:00+00:00,1.2653,1.26558,1.26102,1.26124,17704.0
2022-05-31 01:00:00+00:00,1.26122,1.26296,1.25984,1.26126,26832.0
2022-05-31 05:00:00+00:00,1.26126,1.26314,1.25911,1.26124,29495.0
2022-05-31 09:00:00+00:00,1.26126,1.26188,1.25604,1.25626,40343.0
2022-05-31 13:00:00+00:00,1.25627,1.26302,1.25626,1.26198,60449.0
2022-05-31 17:00:00+00:00,1.26197,1.2624,1.25986,1.26019,20223.0
2022-05-31 21:00:00+00:00,1.26022,1.26168,1.25997,1.26096,7379.0
2022-06-01 01:00:00+00:00,1.26096,1.26096,1.25755,1.25828,19750.0
2022-06-01 05:00:00+00:00,1.25826,1.2612,1.25752,1.25785,33605.0
2022-06-01 09:00:00+00:00,1.25788,1.26052,1.25594,1.25876,27516.0
2022-06-01 13:00:00+00:00,1.25876,1.25949,1.24586,1.24702,56969.0
2022-06-01 17:00:00+00:00,1.247,1.25024,1.24694,1.24846,25108.0
2022-06-01 21:00:00+00:00,1.24856,1.24916,1.24746,1.2486,7889.0
2022-06-02 01:00:00+00:00,1.2486,1.24878,1.24712,1.24856,14647.0
2022-06-02 05:00:00+00:00,1.24856,1.25448,1.24694,1.25372,23701.0
2022-06-02 09:00:00+00:00,1.25372,1.25716,1.25353,1.25548,25373.0
2022-06-02 13:00:00+00:00,1.2555,1.25819,1.25248,1.25814,43099.0
2022-06-02 17:00:00+00:00,1.25812,1.25868,1.25644,1.25783,16880.0
2022-06-02 21:00:00+00:00,1.25788,1.259,1.25714,1.25787,7951.0
2022-06-03 01:00:00+00:00,1.2579,1.25849,1.25687,1.25703,13120.0
2022-06-03 05:00:00+00:00,1.25706,1.25838,1.25592,1.25746,18815.0
2022-06-03 09:00:00+00:00,1.25746,1.2577,1.25208,1.25352,30919.0
2022-06-03 13:00:00+00:00,1.25352,1.25738,1.2492,1.25148,37808.0
2022-06-03 17:00:00+00:00,1.25146,1.25156,1.24852,1.24884,11937.0
2022-06-05 21:00:00+00:00,1.24923,1.25028,1.24811,1.24824,9603.0
2022-06-06 01:00:00+00:00,1.24824,1.2501,1.24768,1.24996,16097.0
2022-06-06 05:00:00+00:00,1.24998,1.25777,1.24908,1.25728,31134.0
2022-06-06 09:00:00+00:00,1.25729,1.25733,1.25413,1.25566,25203.0
2022-06-06 13:00:00+00:00,1.25566,1.25612,1.25253,1.25399,37634.0
2022-06-06 17:00:00+00:00,1.254,1.25485,1.25265,1.2529,17234.0
2022-06-06 21:00:00+00:00,1.25321,1.25326,1.25132,1.25164,13124.0
2022-06-07 01:00:00+00:00,1.25164,1.25228,1.24887,1.24917,25586.0
2022-06-07 05:00:00+00:00,1.24918,1.25345,1.24303,1.24943,46490.0
2022-06-07 09:00:00+00:00,1.24945,1.25194,1.24862,1.2487,32831.0
2022-06-07 13:00:00+00:00,1.2487,1.25996,1.2482,1.25932,40802.0
2022-06-07 17:00:00+00:00,1.25932,1.25996,1.25724,1.2591,14090.0
2022-06-07 21:00:00+00:00,1.2591,1.25977,1.25743,1.2575,9337.0
2022-06-08 01:00:00+00:00,1.25748,1.25874,1.25568,1.25573,22905.0
2022-06-08 05:00:00+00:00,1.25572,1.25842,1.25187,1.2522,35745.0
2022-06-08 09:00:00+00:00,1.25219,1.25597,1.25135,1.25367,36760.0
2022-06-08 13:00:00+00:00,1.25368,1.25646,1.25314,1.25475,40383.0
2022-06-08 17:00:00+00:00,1.25478,1.25486,1.25348,1.25362,17748.0
2022-06-08 21:00:00+00:00,1.2538,1.25464,1.25286,1.25346,19119.0
2022-06-09 01:00:00+00:00,1.25346,1.25486,1.25201,1.2529,20459.0
2022-06-09 05:00:00+00:00,1.2529,1.25329,1.24922,1.25259,29677.0
2022-06-09 09:00:00+00:00,1.2526,1.25488,1.25132,1.25318,58917.0
2022-06-09 13:00:00+00:00,1.25318,1.25588,1.25072,1.2515,61685.0
2022-06-09 17:00:00+00:00,1.25148,1.25229,1.24872,1.24956,22615.0
2022-06-09 21:00:00+00:00,1.24951,1.2509,1.24826,1.24997,11075.0
2022-06-10 01:00:00+00:00,1.24997,1.25016,1.24794,1.24963,16324.0
2022-06-10 05:00:00+00:00,1.24964,1.25178,1.24692,1.24825,37276.0
2022-06-10 09:00:00+00:00,1.24826,1.24844,1.23826,1.23832,55241.0
2022-06-10 13:00:00+00:00,1.23834,1.24144,1.23096,1.23114,63720.0
2022-06-10 17:00:00+00:00,1.23115,1.23232,1.23012,1.2317,29294.0
2022-06-12 21:00:00+00:00,1.23188,1.23224,1.22708,1.22758,21023.0
2022-06-13 01:00:00+00:00,1.22758,1.22918,1.22622,1.2286,28723.0
2022-06-13 05:00:00+00:00,1.2286,1.2301,1.22124,1.22196,52491.0
2022-06-13 09:00:00+00:00,1.22194,1.22228,1.21615,1.2195,54611.0
2022-06-13 13:00:00+00:00,1.2195,1.22006,1.21236,1.21736,64082.0
2022-06-13 17:00:00+00:00,1.21737,1.21869,1.2107,1.21305,59080.0
2022-06-13 21:00:00+00:00,1.21357,1.21612,1.21236,1.21556,20372.0
2022-06-14 01:00:00+00:00,1.21556,1.21964,1.21343,1.21764,41761.0
2022-06-14 05:00:00+00:00,1.21764,1.22084,1.21494,1.21525,59627.0
2022-06-14 09:00:00+00:00,1.21524,1.21593,1.20624,1.2077,66228.0
2022-06-14 13:00:00+00:00,1.20768,1.20842,1.19892,1.19946,85219.0
2022-06-14 17:00:00+00:00,1.19946,1.20314,1.19341,1.19972,33387.0
2022-06-14 21:00:00+00:00,1.1996,1.20193,1.19923,1.20188,16410.0
2022-06-15 01:00:00+00:00,1.20188,1.20414,1.19986,1.20017,23567.0
2022-06-15 05:00:00+00:00,1.20018,1.20896,1.19894,1.20887,47166.0
2022-06-15 09:00:00+00:00,1.20886,1.2125,1.20584,1.20634,43839.0
2022-06-15 13:00:00+00:00,1.20634,1.20974,1.2046,1.20646,35965.0
2022-06-15 17:00:00+00:00,1.20646,1.2205,1.20286,1.21728,72150.0
2022-06-15 21:00:00+00:00,1.21764,1.21897,1.21584,1.21786,16397.0
2022-06-16 01:00:00+00:00,1.21784,1.21862,1.21419,1.21466,21417.0
2022-06-16 05:00:00+00:00,1.21468,1.21552,1.20582,1.21284,41898.0
2022-06-16 09:00:00+00:00,1.21284,1.22472,1.20412,1.22217,58950.0
2022-06-16 13:00:00+00:00,1.22216,1.24066,1.22214,1.23806,55207.0
2022-06-16 17:00:00+00:00,1.23806,1.23982,1.2345,1.23529,35536.0
2022-06-16 21:00:00+00:00,1.23608,1.23632,1.232,1.2325,20373.0
2022-06-17 01:00:00+00:00,1.2325,1.23315,1.22856,1.23062,30475.0
2022-06-17 05:00:00+00:00,1.2306,1.23434,1.22524,1.23158,37635.0
2022-06-17 09:00:00+00:00,1.23158,1.23354,1.22522,1.22673,35431.0
2022-06-17 13:00:00+00:00,1.22672,1.22683,1.21728,1.21884,44269.0
2022-06-17 17:00:00+00:00,1.21881,1.22332,1.21872,1.22154,23636.0
2022-06-19 21:00:00+00:00,1.22188,1.2232,1.2208,1.22232,15209.0
2022-06-20 01:00:00+00:00,1.22232,1.22534,1.21994,1.22355,23724.0
2022-06-20 05:00:00+00:00,1.22357,1.22532,1.22184,1.22463,33514.0
2022-06-20 09:00:00+00:00,1.22468,1.22805,1.22334,1.22625,24850.0
2022-06-20 13:00:00+00:00,1.22625,1.22625,1.2226,1.22545,23634.0
2022-06-20 17:00:00+00:00,1.22546,1.22598,1.22313,1.22483,5423.0
2022-06-20 21:00:00+00:00,1.22513,1.22716,1.22418,1.22699,11665.0
2022-06-21 01:00:00+00:00,1.22698,1.22834,1.22622,1.2265,16940.0
2022-06-21 05:00:00+00:00,1.2265,1.23246,1.22449,1.23093,28622.0
2022-06-21 09:00:00+00:00,1.23096,1.2318,1.22514,1.22669,30556.0
2022-06-21 13:00:00+00:00,1.2267,1.22948,1.22484,1.2272,32831.0
2022-06-21 17:00:00+00:00,1.2272,1.22818,1.22617,1.22794,15596.0
2022-06-21 21:00:00+00:00,1.22767,1.22813,1.22434,1.22464,12028.0
2022-06-22 01:00:00+00:00,1.22465,1.226,1.22286,1.22338,21761.0
2022-06-22 05:00:00+00:00,1.22338,1.22436,1.21612,1.22182,37248.0
2022-06-22 09:00:00+00:00,1.22182,1.22727,1.22148,1.22535,37148.0
2022-06-22 13:00:00+00:00,1.2254,1.23146,1.22477,1.22655,48212.0
2022-06-22 17:00:00+00:00,1.22656,1.22878,1.22572,1.22626,19241.0
2022-06-22 21:00:00+00:00,1.22638,1.22678,1.2242,1.22602,9970.0
2022-06-23 01:00:00+00:00,1.22603,1.22644,1.22316,1.22555,24136.0
2022-06-23 05:00:00+00:00,1.22554,1.2264,1.21703,1.22,40011.0
2022-06-23 09:00:00+00:00,1.21996,1.22586,1.21944,1.22443,33948.0
2022-06-23 13:00:00+00:00,1.22442,1.22947,1.22214,1.22286,50957.0
2022-06-23 17:00:00+00:00,1.22288,1.22728,1.222,1.22604,21209.0
2022-06-23 21:00:00+00:00,1.22578,1.22712,1.22409,1.225,15492.0
2022-06-24 01:00:00+00:00,1.22498,1.22849,1.22458,1.22796,16605.0
2022-06-24 05:00:00+00:00,1.22794,1.22846,1.22429,1.22757,27854.0
2022-06-24 09:00:00+00:00,1.22756,1.23098,1.2262,1.22834,28623.0
2022-06-24 13:00:00+00:00,1.22834,1.2321,1.22652,1.22686,45528.0
2022-06-24 17:00:00+00:00,1.22687,1.22876,1.22501,1.22756,13511.0
2022-06-26 21:00:00+00:00,1.22768,1.2297,1.22665,1.22704,12576.0
2022-06-27 01:00:00+00:00,1.22704,1.2291,1.22666,1.22839,24689.0
2022-06-27 05:00:00+00:00,1.2284,1.23326,1.22647,1.23171,30378.0
2022-06-27 09:00:00+00:00,1.23174,1.23191,1.22381,1.22556,27305.0
2022-06-27 13:00:00+00:00,1.22557,1.23136,1.22556,1.22912,38877.0
2022-06-27 17:00:00+00:00,1.2291,1.22922,1.22626,1.22656,20783.0
2022-06-27 21:00:00+00:00,1.22652,1.22802,1.22612,1.22717,11017.0
2022-06-28 01:00:00+00:00,1.22715,1.22838,1.2261,1.22678,23095.0
2022-06-28 05:00:00+00:00,1.22685,1.22916,1.2251,1.22844,33548.0
2022-06-28 09:00:00+00:00,1.22844,1.2285,1.2211,1.22134,32530.0
2022-06-28 13:00:00+00:00,1.22134,1.22257,1.21851,1.21937,41080.0
2022-06-28 17:00:00+00:00,1.21938,1.22001,1.21806,1.2184,21049.0
2022-06-28 21:00:00+00:00,1.21832,1.22034,1.21752,1.21924,19651.0
2022-06-29 01:00:00+00:00,1.21923,1.2213,1.2189,1.21976,24777.0
2022-06-29 05:00:00+00:00,1.21974,1.2212,1.21656,1.21746,39929.0
2022-06-29 09:00:00+00:00,1.21746,1.21902,1.21418,1.21536,38153.0
2022-06-29 13:00:00+00:00,1.21535,1.21766,1.21058,1.21222,50867.0
2022-06-29 17:00:00+00:00,1.21222,1.2138,1.21139,1.21233,18047.0
2022-06-29 21:00:00+00:00,1.21264,1.21326,1.21186,1.2127,12559.0
2022-06-30 01:00:00+00:00,1.21268,1.21416,1.21078,1.21312,22571.0
2022-06-30 05:00:00+00:00,1.21313,1.2166,1.2125,1.21427,38693.0
2022-06-30 09:00:00+00:00,1.21426,1.21426,1.20922,1.21226,36475.0
2022-06-30 13:00:00+00:00,1.21225,1.2188,1.21214,1.21775,50727.0
2022-06-30 17:00:00+00:00,1.21775,1.21886,1.21638,1.21787,25895.0
2022-06-30 21:00:00+00:00,1.21803,1.21804,1.21494,1.2154,12735.0
2022-07-01 01:00:00+00:00,1.21541,1.21574,1.21113,1.21194,30369.0
2022-07-01 05:00:00+00:00,1.21192,1.21391,1.20934,1.21014,37496.0
2022-07-01 09:00:00+00:00,1.21009,1.21176,1.20041,1.20074,36773.0
2022-07-01 13:00:00+00:00,1.20074,1.20634,1.19761,1.20456,51513.0
2022-07-01 17:00:00+00:00,1.20454,1.21074,1.20374,1.20906,17490.0
2022-07-03 21:00:00+00:00,1.21016,1.21232,1.20986,1.21063,15419.0
2022-07-04 01:00:00+00:00,1.21063,1.21089,1.20848,1.20932,25429.0
2022-07-04 05:00:00+00:00,1.20932,1.21271,1.20912,1.21222,27764.0
2022-07-04 09:00:00+00:00,1.21216,1.21654,1.21082,1.21534,15044.0
2022-07-04 13:00:00+00:00,1.21537,1.21608,1.20964,1.21113,9778.0
2022-07-04 17:00:00+00:00,1.21113,1.21134,1.20972,1.21006,3987.0
2022-07-04 21:00:00+00:00,1.21032,1.2119,1.2101,1.21115,15524.0
2022-07-05 01:00:00+00:00,1.21115,1.21228,1.20984,1.21131,22940.0
2022-07-05 05:00:00+00:00,1.21128,1.21256,1.20428,1.20442,39852.0
2022-07-05 09:00:00+00:00,1.2044,1.2057,1.19596,1.19694,42303.0
2022-07-05 13:00:00+00:00,1.19688,1.19726,1.18988,1.19241,48472.0
2022-07-05 17:00:00+00:00,1.19244,1.19596,1.1917,1.1958,22799.0
2022-07-05 21:00:00+00:00,1.19432,1.19652,1.1935,1.19648,14669.0
2022-07-06 01:00:00+00:00,1.19649,1.1972,1.19272,1.19354,26745.0
2022-07-06 05:00:00+00:00,1.19354,1.19895,1.19111,1.19604,41651.0
2022-07-06 09:00:00+00:00,1.19603,1.19636,1.1876,1.18972,45246.0
2022-07-06 13:00:00+00:00,1.18966,1.19408,1.18861,1.19096,59976.0
2022-07-06 17:00:00+00:00,1.19096,1.19456,1.19082,1.19228,34936.0
2022-07-06 21:00:00+00:00,1.19215,1.1931,1.1909,1.19259,18464.0
2022-07-07 01:00:00+00:00,1.19261,1.19536,1.19154,1.19485,25862.0
2022-07-07 05:00:00+00:00,1.19486,1.19948,1.19338,1.19692,38483.0
2022-07-07 09:00:00+00:00,1.19688,1.20238,1.19552,1.19641,43361.0
2022-07-07 13:00:00+00:00,1.19638,1.20146,1.19481,1.20083,43668.0
2022-07-07 17:00:00+00:00,1.20085,1.203,1.19964,1.20242,16062.0
2022-07-07 21:00:00+00:00,1.20238,1.20522,1.2017,1.20501,11754.0
2022-07-08 01:00:00+00:00,1.20502,1.20564,1.19964,1.20148,29563.0
2022-07-08 05:00:00+00:00,1.20148,1.20149,1.19195,1.19348,39670.0
2022-07-08 09:00:00+00:00,1.19348,1.20302,1.19278,1.19868,44423.0
2022-07-08 13:00:00+00:00,1.1987,1.20482,1.19716,1.20195,44788.0
2022-07-08 17:00:00+00:00,1.20194,1.20371,1.20119,1.20328,15443.0
2022-07-10 21:00:00+00:00,1.20149,1.20373,1.20039,1.20088,14763.0
2022-07-11 01:00:00+00:00,1.2009,1.20097,1.1977,1.19881,23190.0
2022-07-11 05:00:00+00:00,1.19876,1.199,1.19534,1.19664,33547.0
2022-07-11 09:00:00+00:00,1.19662,1.19775,1.19074,1.19229,33788.0
2022-07-11 13:00:00+00:00,1.19228,1.19232,1.18667,1.18834,45357.0
2022-07-11 17:00:00+00:00,1.18831,1.19096,1.1881,1.189,19259.0
2022-07-11 21:00:00+00:00,1.18928,1.191,1.18882,1.18932,20021.0
2022-07-12 01:00:00+00:00,1.18931,1.18939,1.18608,1.18647,32700.0
2022-07-12 05:00:00+00:00,1.18648,1.18737,1.18075,1.18296,42727.0
2022-07-12 09:00:00+00:00,1.18296,1.18824,1.18128,1.18592,43891.0
2022-07-12 13:00:00+00:00,1.18588,1.19161,1.18588,1.19106,44359.0
2022-07-12 17:00:00+00:00,1.19108,1.1913,1.18818,1.18877,18239.0
2022-07-12 21:00:00+00:00,1.18894,1.18938,1.18746,1.188,13295.0
2022-07-13 01:00:00+00:00,1.188,1.19196,1.18704,1.19014,28809.0
2022-07-13 05:00:00+00:00,1.19016,1.19372,1.18764,1.18906,42590.0
2022-07-13 09:00:00+00:00,1.18904,1.19482,1.18274,1.18556,44249.0
2022-07-13 13:00:00+00:00,1.18551,1.19676,1.18432,1.19215,63286.0
2022-07-13 17:00:00+00:00,1.19216,1.19328,1.1887,1.18904,26088.0
2022-07-13 21:00:00+00:00,1.18929,1.18944,1.18502,1.18582,17617.0
2022-07-14 01:00:00+00:00,1.18584,1.18844,1.18466,1.18608,27135.0
2022-07-14 05:00:00+00:00,1.18609,1.18753,1.18238,1.18421,39587.0
2022-07-14 09:00:00+00:00,1.18423,1.18772,1.1811,1.18116,44843.0
2022-07-14 13:00:00+00:00,1.1812,1.18428,1.17603,1.17797,64756.0
2022-07-14 17:00:00+00:00,1.178,1.18388,1.17778,1.18255,32794.0
2022-07-14 21:00:00+00:00,1.1823,1.18416,1.18192,1.18271,12929.0
2022-07-15 01:00:00+00:00,1.1827,1.18519,1.18258,1.18312,26249.0
2022-07-15 05:00:00+00:00,1.18312,1.18452,1.18044,1.18274,39903.0
2022-07-15 09:00:00+00:00,1.18274,1.18534,1.18074,1.1847,41878.0
2022-07-15 13:00:00+00:00,1.1847,1.18748,1.1814,1.18554,50529.0
2022-07-15 17:00:00+00:00,1.18555,1.18706,1.18492,1.1869,14502.0
2022-07-17 21:00:00+00:00,1.18698,1.1891,1.18629,1.18828,13703.0
2022-07-18 01:00:00+00:00,1.18829,1.19069,1.18811,1.18865,20892.0
2022-07-18 05:00:00+00:00,1.18864,1.19658,1.18782,1.19458,34033.0
2022-07-18 09:00:00+00:00,1.19456,1.19918,1.19418,1.19796,32617.0
2022-07-18 13:00:00+00:00,1.19796,1.20334,1.19696,1.19765,35054.0
2022-07-18 17:00:00+00:00,1.19766,1.19806,1.19461,1.19515,19412.0
2022-07-18 21:00:00+00:00,1.19522,1.1962,1.19329,1.19354,14883.0
2022-07-19 01:00:00+00:00,1.19356,1.19572,1.19252,1.1946,20552.0
2022-07-19 05:00:00+00:00,1.19462,1.20245,1.19438,1.20214,39517.0
2022-07-19 09:00:00+00:00,1.20212,1.20404,1.2,1.20116,39850.0
2022-07-19 13:00:00+00:00,1.20114,1.20458,1.20048,1.20076,40883.0
2022-07-19 17:00:00+00:00,1.20078,1.2011,1.19858,1.19976,18121.0
2022-07-19 21:00:00+00:00,1.20022,1.20182,1.19974,1.20164,16657.0
2022-07-20 01:00:00+00:00,1.20164,1.20378,1.20098,1.20296,22190.0
2022-07-20 05:00:00+00:00,1.20296,1.20349,1.19888,1.20045,39912.0
2022-07-20 09:00:00+00:00,1.20046,1.20322,1.19555,1.19836,43982.0
2022-07-20 13:00:00+00:00,1.1983,1.20066,1.19601,1.19718,41172.0
2022-07-20 17:00:00+00:00,1.19715,1.19808,1.19534,1.19796,22175.0
2022-07-20 21:00:00+00:00,1.19763,1.1983,1.19631,1.1967,11059.0
2022-07-21 01:00:00+00:00,1.19672,1.20008,1.19634,1.19988,27743.0
2022-07-21 05:00:00+00:00,1.19986,1.20038,1.19206,1.19391,39770.0
2022-07-21 09:00:00+00:00,1.19392,1.19931,1.19134,1.19846,50805.0
2022-07-21 13:00:00+00:00,1.19846,1.19919,1.18899,1.19518,58914.0
2022-07-21 17:00:00+00:00,1.1952,1.20032,1.19512,1.20024,21257.0
2022-07-21 21:00:00+00:00,1.19976,1.20034,1.19803,1.1987,18185.0
2022-07-22 01:00:00+00:00,1.19868,1.19906,1.19558,1.19565,26027.0
2022-07-22 05:00:00+00:00,1.19564,1.19898,1.19162,1.19556,40952.0
2022-07-22 09:00:00+00:00,1.19553,1.19761,1.19268,1.19588,45006.0
2022-07-22 13:00:00+00:00,1.19586,1.20642,1.1952,1.20224,54635.0
2022-07-22 17:00:00+00:00,1.20225,1.20246,1.19708,1.20082,27191.0
2022-07-24 21:00:00+00:00,1.20175,1.20178,1.19606,1.19634,12533.0
2022-07-25 01:00:00+00:00,1.19634,1.1996,1.19618,1.19826,24788.0
2022-07-25 05:00:00+00:00,1.19824,1.20297,1.1963,1.20274,36446.0
2022-07-25 09:00:00+00:00,1.20272,1.20828,1.20224,1.20708,35457.0
2022-07-25 13:00:00+00:00,1.20708,1.20868,1.2025,1.20512,37102.0
2022-07-25 17:00:00+00:00,1.2051,1.20596,1.20458,1.20482,15424.0
2022-07-25 21:00:00+00:00,1.20426,1.20638,1.20426,1.20597,11258.0
2022-07-26 01:00:00+00:00,1.20596,1.20904,1.20578,1.20632,18472.0
2022-07-26 05:00:00+00:00,1.20631,1.20712,1.20304,1.20338,31381.0
2022-07-26 09:00:00+00:00,1.2034,1.20348,1.19638,1.20026,36897.0
2022-07-26 13:00:00+00:00,1.20026,1.2054,1.19892,1.20252,39889.0
2022-07-26 17:00:00+00:00,1.20253,1.20423,1.20208,1.20317,17545.0
2022-07-26 21:00:00+00:00,1.20268,1.20534,1.20258,1.20446,14976.0
2022-07-27 01:00:00+00:00,1.20446,1.20598,1.20372,1.20596,22565.0
2022-07-27 05:00:00+00:00,1.20596,1.20748,1.20362,1.20596,32709.0
2022-07-27 09:00:00+00:00,1.206,1.20881,1.2043,1.20471,29658.0
2022-07-27 13:00:00+00:00,1.20472,1.20584,1.20208,1.20388,33053.0
2022-07-27 17:00:00+00:00,1.20388,1.21862,1.203,1.21564,48570.0
2022-07-27 21:00:00+00:00,1.21556,1.21706,1.21426,1.21484,17568.0
2022-07-28 01:00:00+00:00,1.21488,1.21865,1.2146,1.21596,26110.0
2022-07-28 05:00:00+00:00,1.21598,1.21914,1.2154,1.21872,38600.0
2022-07-28 09:00:00+00:00,1.21866,1.21866,1.21034,1.21396,46964.0
2022-07-28 13:00:00+00:00,1.21391,1.21664,1.2109,1.21304,51363.0
2022-07-28 17:00:00+00:00,1.21304,1.21838,1.21295,1.2178,16840.0
2022-07-28 21:00:00+00:00,1.21769,1.2181,1.21624,1.21738,18221.0
2022-07-29 01:00:00+00:00,1.2174,1.2204,1.21628,1.2188,28808.0
2022-07-29 05:00:00+00:00,1.21882,1.22456,1.21552,1.21699,45363.0
2022-07-29 09:00:00+00:00,1.21696,1.21868,1.21056,1.21152,43227.0
2022-07-29 13:00:00+00:00,1.21154,1.2187,1.20632,1.21688,51308.0
2022-07-29 17:00:00+00:00,1.21687,1.21892,1.2152,1.21842,14688.0
2022-07-31 21:00:00+00:00,1.21736,1.21886,1.21574,1.2173,14569.0
2022-08-01 01:00:00+00:00,1.2173,1.21984,1.21682,1.21827,20886.0
2022-08-01 05:00:00+00:00,1.21828,1.22306,1.21744,1.22305,28095.0
2022-08-01 09:00:00+00:00,1.22306,1.22618,1.22186,1.22478,32105.0
2022-08-01 13:00:00+00:00,1.22478,1.22938,1.22351,1.2277,43152.0
2022-08-01 17:00:00+00:00,1.22766,1.22774,1.22414,1.22538,19327.0
2022-08-01 21:00:00+00:00,1.22571,1.22798,1.2245,1.22702,14506.0
2022-08-02 01:00:00+00:00,1.22702,1.2277,1.22446,1.22493,33685.0
2022-08-02 05:00:00+00:00,1.22492,1.22562,1.21858,1.21918,42036.0
2022-08-02 09:00:00+00:00,1.21914,1.22278,1.21914,1.22212,33906.0
2022-08-02 13:00:00+00:00,1.22218,1.22412,1.21803,1.22144,51187.0
2022-08-02 17:00:00+00:00,1.22142,1.22147,1.21586,1.2162,24996.0
2022-08-02 21:00:00+00:00,1.21699,1.21732,1.21348,1.21471,22193.0
2022-08-03 01:00:00+00:00,1.21477,1.21944,1.21458,1.21801,26079.0
2022-08-03 05:00:00+00:00,1.218,1.2208,1.21572,1.21785,32767.0
2022-08-03 09:00:00+00:00,1.21784,1.22058,1.21669,1.2175,32706.0
2022-08-03 13:00:00+00:00,1.2175,1.21805,1.21,1.21426,48216.0
2022-08-03 17:00:00+00:00,1.21426,1.21555,1.21379,1.21471,17885.0
2022-08-03 21:00:00+00:00,1.21433,1.21605,1.21368,1.2159,10324.0
2022-08-04 01:00:00+00:00,1.21589,1.21682,1.21442,1.21555,19525.0
2022-08-04 05:00:00+00:00,1.21558,1.21764,1.21288,1.21652,27293.0
2022-08-04 09:00:00+00:00,1.21652,1.2218,1.20654,1.21129,42771.0
2022-08-04 13:00:00+00:00,1.21128,1.21616,1.209,1.21457,40680.0
2022-08-04 17:00:00+00:00,1.21456,1.21758,1.21448,1.21586,14244.0
2022-08-04 21:00:00+00:00,1.21598,1.21639,1.21348,1.21382,12244.0
2022-08-05 01:00:00+00:00,1.21382,1.21471,1.21304,1.21407,18038.0
2022-08-05 05:00:00+00:00,1.21407,1.21692,1.21357,1.21446,24770.0
2022-08-05 09:00:00+00:00,1.21449,1.2149,1.20256,1.20276,31995.0
2022-08-05 13:00:00+00:00,1.20274,1.20842,1.20034,1.20777,49655.0
2022-08-05 17:00:00+00:00,1.20775,1.20942,1.20612,1.2069,20432.0
2022-08-07 21:00:00+00:00,1.20692,1.2071,1.20476,1.20566,10998.0
2022-08-08 01:00:00+00:00,1.20564,1.20805,1.20554,1.20768,14910.0
2022-08-08 05:00:00+00:00,1.20768,1.21231,1.20689,1.20856,25620.0
2022-08-08 09:00:00+00:00,1.20856,1.21222,1.20716,1.2121,25288.0
2022-08-08 13:00:00+00:00,1.21214,1.21379,1.2076,1.20771,26324.0
2022-08-08 17:00:00+00:00,1.20772,1.20936,1.20688,1.2081,17204.0
2022-08-08 21:00:00+00:00,1.20812,1.20892,1.20752,1.20782,15025.0
2022-08-09 01:00:00+00:00,1.20784,1.20858,1.20704,1.20846,15800.0
2022-08-09 05:00:00+00:00,1.20853,1.21225,1.20658,1.21184,21998.0
2022-08-09 09:00:00+00:00,1.21183,1.21306,1.20948,1.21074,25879.0
2022-08-09 13:00:00+00:00,1.2107,1.2129,1.20762,1.20827,32256.0
2022-08-09 17:00:00+00:00,1.20826,1.20868,1.2063,1.20743,13759.0
2022-08-09 21:00:00+00:00,1.20817,1.2091,1.20652,1.20687,9096.0
2022-08-10 01:00:00+00:00,1.20686,1.20849,1.20662,1.20835,14108.0
2022-08-10 05:00:00+00:00,1.20834,1.2106,1.20675,1.20952,24322.0
2022-08-10 09:00:00+00:00,1.20956,1.22512,1.20812,1.22188,36069.0
2022-08-10 13:00:00+00:00,1.22191,1.2277,1.21912,1.2248,50984.0
2022-08-10 17:00:00+00:00,1.22483,1.22614,1.22108,1.22179,25611.0
2022-08-10 21:00:00+00:00,1.22258,1.22271,1.22056,1.22091,16363.0
2022-08-11 01:00:00+00:00,1.22088,1.22098,1.21822,1.21908,19090.0
2022-08-11 05:00:00+00:00,1.2191,1.22456,1.21836,1.22422,31326.0
2022-08-11 09:00:00+00:00,1.22417,1.22448,1.21943,1.22357,38011.0
2022-08-11 13:00:00+00:00,1.22356,1.22494,1.21964,1.22242,44310.0
2022-08-11 17:00:00+00:00,1.22245,1.22269,1.21853,1.22008,21960.0
2022-08-11 21:00:00+00:00,1.22004,1.22042,1.21774,1.21848,10149.0
2022-08-12 01:00:00+00:00,1.21846,1.21972,1.21787,1.21896,16262.0
2022-08-12 05:00:00+00:00,1.21894,1.2217,1.21678,1.21786,26782.0
2022-08-12 09:00:00+00:00,1.21785,1.21787,1.21088,1.21113,34729.0
2022-08-12 13:00:00+00:00,1.21113,1.21444,1.20996,1.21292,43408.0
2022-08-12 17:00:00+00:00,1.21292,1.21468,1.21291,1.21362,12843.0
2022-08-14 21:00:00+00:00,1.21353,1.21484,1.21264,1.21426,8717.0
2022-08-15 01:00:00+00:00,1.21427,1.21456,1.21084,1.21155,16378.0
2022-08-15 05:00:00+00:00,1.21157,1.21216,1.20689,1.20746,23699.0
2022-08-15 09:00:00+00:00,1.20748,1.21152,1.20505,1.20892,31205.0
2022-08-15 13:00:00+00:00,1.20893,1.21094,1.20684,1.20846,27752.0
2022-08-15 17:00:00+00:00,1.2085,1.20866,1.20506,1.20551,12747.0
2022-08-15 21:00:00+00:00,1.20556,1.20597,1.2038,1.20399,15833.0
2022-08-16 01:00:00+00:00,1.204,1.20608,1.20354,1.2052,15794.0
2022-08-16 05:00:00+00:00,1.20519,1.20584,1.20078,1.20372,28583.0
2022-08-16 09:00:00+00:00,1.20376,1.20576,1.20131,1.2055,31830.0
2022-08-16 13:00:00+00:00,1.20551,1.2118,1.20486,1.20816,31779.0
2022-08-16 17:00:00+00:00,1.20816,1.21049,1.20793,1.20986,14341.0
2022-08-16 21:00:00+00:00,1.20932,1.21086,1.20879,1.21076,18232.0
2022-08-17 01:00:00+00:00,1.21076,1.21222,1.2098,1.21194,20349.0
2022-08-17 05:00:00+00:00,1.21192,1.21438,1.20776,1.21037,28411.0
2022-08-17 09:00:00+00:00,1.21037,1.21146,1.20477,1.20624,32931.0
2022-08-17 13:00:00+00:00,1.20625,1.20957,1.20282,1.20402,34068.0
2022-08-17 17:00:00+00:00,1.20404,1.2088,1.20354,1.205,28518.0
2022-08-17 21:00:00+00:00,1.20488,1.20608,1.20422,1.20514,15098.0
2022-08-18 01:00:00+00:00,1.20516,1.20594,1.20307,1.204,18635.0
2022-08-18 05:00:00+00:00,1.20398,1.20582,1.19948,1.20476,32543.0
2022-08-18 09:00:00+00:00,1.20476,1.20797,1.20357,1.20491,31792.0
2022-08-18 13:00:00+00:00,1.2049,1.20536,1.19355,1.1937,35417.0
2022-08-18 17:00:00+00:00,1.1937,1.1944,1.19228,1.1932,18615.0
2022-08-18 21:00:00+00:00,1.193,1.19376,1.19052,1.19062,18389.0
2022-08-19 01:00:00+00:00,1.19062,1.19262,1.18944,1.19024,17990.0
2022-08-19 05:00:00+00:00,1.19023,1.19262,1.18792,1.18956,29408.0
2022-08-19 09:00:00+00:00,1.18956,1.18966,1.18155,1.18478,32072.0
2022-08-19 13:00:00+00:00,1.18475,1.18576,1.1792,1.18253,29492.0
2022-08-19 17:00:00+00:00,1.18254,1.18346,1.1811,1.18291,13031.0
2022-08-21 21:00:00+00:00,1.18365,1.18365,1.18054,1.18074,10948.0
2022-08-22 01:00:00+00:00,1.18075,1.1837,1.18061,1.18306,16355.0
2022-08-22 05:00:00+00:00,1.18306,1.18364,1.1782,1.18126,29041.0
2022-08-22 09:00:00+00:00,1.18127,1.18228,1.17896,1.18184,29110.0
2022-08-22 13:00:00+00:00,1.18186,1.18267,1.1742,1.17752,32717.0
2022-08-22 17:00:00+00:00,1.17753,1.1776,1.17518,1.17654,13006.0
2022-08-22 21:00:00+00:00,1.17648,1.17826,1.17576,1.17744,10990.0
2022-08-23 01:00:00+00:00,1.17744,1.17854,1.17638,1.17638,18122.0
2022-08-23 05:00:00+00:00,1.17634,1.17792,1.17172,1.17776,34500.0
2022-08-23 09:00:00+00:00,1.17775,1.17828,1.17456,1.17649,28225.0
2022-08-23 13:00:00+00:00,1.17648,1.18782,1.1757,1.18486,46081.0
2022-08-23 17:00:00+00:00,1.18486,1.18504,1.18168,1.18308,17263.0
2022-08-23 21:00:00+00:00,1.18363,1.18385,1.1813,1.18134,12801.0
2022-08-24 01:00:00+00:00,1.18135,1.18278,1.1799,1.18248,17874.0
2022-08-24 05:00:00+00:00,1.18248,1.1834,1.18008,1.18226,27198.0
2022-08-24 09:00:00+00:00,1.18224,1.18264,1.17581,1.17724,34329.0
2022-08-24 13:00:00+00:00,1.17724,1.18258,1.17557,1.17852,40935.0
2022-08-24 17:00:00+00:00,1.1785,1.1802,1.17811,1.1794,14796.0
2022-08-24 21:00:00+00:00,1.1799,1.18156,1.17836,1.18122,14995.0
2022-08-25 01:00:00+00:00,1.18122,1.1843,1.18038,1.18348,19136.0
2022-08-25 05:00:00+00:00,1.18349,1.18648,1.18252,1.1844,32411.0
2022-08-25 09:00:00+00:00,1.18438,1.1857,1.1809,1.18201,33289.0
2022-08-25 13:00:00+00:00,1.182,1.18502,1.1793,1.18208,35915.0
2022-08-25 17:00:00+00:00,1.18207,1.18389,1.1818,1.18353,16507.0
2022-08-25 21:00:00+00:00,1.18346,1.18388,1.1806,1.18144,11582.0
2022-08-26 01:00:00+00:00,1.18144,1.18316,1.1808,1.18091,14984.0
2022-08-26 05:00:00+00:00,1.18092,1.18104,1.17753,1.18012,27398.0
2022-08-26 09:00:00+00:00,1.18013,1.18545,1.18009,1.18535,29443.0
2022-08-26 13:00:00+00:00,1.18533,1.19015,1.17458,1.17537,61445.0
2022-08-26 17:00:00+00:00,1.17537,1.1758,1.17338,1.17457,19995.0
2022-08-28 21:00:00+00:00,1.17082,1.17111,1.16754,1.16788,11834.0
2022-08-29 01:00:00+00:00,1.16788,1.16862,1.1652,1.16544,20478.0
2022-08-29 05:00:00+00:00,1.16546,1.16828,1.16486,1.16584,30644.0
2022-08-29 09:00:00+00:00,1.16582,1.17346,1.16568,1.17168,32372.0
2022-08-29 13:00:00+00:00,1.17168,1.17444,1.16862,1.17224,34877.0
2022-08-29 17:00:00+00:00,1.17226,1.17296,1.16988,1.17056,15892.0
2022-08-29 21:00:00+00:00,1.17131,1.17256,1.17024,1.17164,15700.0
2022-08-30 01:00:00+00:00,1.17164,1.1727,1.16873,1.17052,18779.0
2022-08-30 05:00:00+00:00,1.17052,1.17528,1.16982,1.17382,36342.0
2022-08-30 09:00:00+00:00,1.17375,1.17608,1.1688,1.16988,38608.0
2022-08-30 13:00:00+00:00,1.16988,1.17222,1.16214,1.16511,52629.0
2022-08-30 17:00:00+00:00,1.1651,1.16701,1.16466,1.16541,22789.0
2022-08-30 21:00:00+00:00,1.16528,1.16752,1.16512,1.1667,13574.0
2022-08-31 01:00:00+00:00,1.16669,1.16922,1.16595,1.16844,17023.0
2022-08-31 05:00:00+00:00,1.16844,1.16942,1.16358,1.16412,33171.0
2022-08-31 09:00:00+00:00,1.16414,1.1651,1.16018,1.16376,41387.0
2022-08-31 13:00:00+00:00,1.16378,1.16538,1.15991,1.16253,50740.0
2022-08-31 17:00:00+00:00,1.16254,1.16305,1.16066,1.16212,24350.0
2022-08-31 21:00:00+00:00,1.16241,1.16241,1.15742,1.15836,22869.0
2022-09-01 01:00:00+00:00,1.15837,1.1591,1.15684,1.15779,18462.0
2022-09-01 05:00:00+00:00,1.15778,1.16168,1.15724,1.15974,37454.0
2022-09-01 09:00:00+00:00,1.15974,1.16076,1.15498,1.15646,37151.0
2022-09-01 13:00:00+00:00,1.15648,1.15789,1.14986,1.15338,48612.0
2022-09-01 17:00:00+00:00,1.1534,1.15555,1.15324,1.15436,21009.0
2022-09-01 21:00:00+00:00,1.15444,1.15598,1.15376,1.15507,13060.0
2022-09-02 01:00:00+00:00,1.15501,1.15561,1.15398,1.15506,18855.0
2022-09-02 05:00:00+00:00,1.15506,1.15698,1.15322,1.15553,28166.0
2022-09-02 09:00:00+00:00,1.15554,1.15889,1.15316,1.15395,39118.0
2022-09-02 13:00:00+00:00,1.15395,1.15886,1.15156,1.15241,50709.0
2022-09-02 17:00:00+00:00,1.15242,1.15242,1.14962,1.15118,26706.0
2022-09-04 21:00:00+00:00,1.14904,1.14968,1.14664,1.14797,18323.0
2022-09-05 01:00:00+00:00,1.14797,1.14932,1.14567,1.14646,25599.0
2022-09-05 05:00:00+00:00,1.14644,1.14941,1.14436,1.14904,38544.0
2022-09-05 09:00:00+00:00,1.14905,1.15188,1.14804,1.1491,29156.0
2022-09-05 13:00:00+00:00,1.14912,1.15212,1.14912,1.15152,19048.0
2022-09-05 17:00:00+00:00,1.15154,1.15217,1.15132,1.152,4258.0
2022-09-05 21:00:00+00:00,1.15182,1.15917,1.15178,1.15904,15474.0
2022-09-06 01:00:00+00:00,1.15904,1.16004,1.156,1.15627,24823.0
2022-09-06 05:00:00+00:00,1.15629,1.16096,1.1549,1.15742,44446.0
2022-09-06 09:00:00+00:00,1.15741,1.16086,1.15467,1.15472,37979.0
2022-09-06 13:00:00+00:00,1.15472,1.15516,1.14938,1.15305,52504.0
2022-09-06 17:00:00+00:00,1.15304,1.15333,1.15128,1.15192,22369.0
2022-09-06 21:00:00+00:00,1.15204,1.15229,1.14794,1.14806,13041.0
2022-09-07 01:00:00+00:00,1.14802,1.14862,1.14518,1.14786,29045.0
2022-09-07 05:00:00+00:00,1.14788,1.15234,1.14696,1.14966,35265.0
2022-09-07 09:00:00+00:00,1.14963,1.15026,1.14141,1.14317,42136.0
2022-09-07 13:00:00+00:00,1.14314,1.15002,1.14052,1.14952,42226.0
2022-09-07 17:00:00+00:00,1.14951,1.15396,1.1494,1.15374,20501.0
2022-09-07 21:00:00+00:00,1.15276,1.15414,1.1501,1.15064,13817.0
2022-09-08 01:00:00+00:00,1.15066,1.15164,1.14912,1.15051,22800.0
2022-09-08 05:00:00+00:00,1.1505,1.15222,1.14779,1.1496,39191.0
2022-09-08 09:00:00+00:00,1.14956,1.1561,1.14763,1.15029,45536.0
2022-09-08 13:00:00+00:00,1.15026,1.15164,1.14605,1.14817,62928.0
2022-09-08 17:00:00+00:00,1.14819,1.1517,1.14788,1.1502,26063.0
2022-09-08 21:00:00+00:00,1.15037,1.15524,1.14989,1.15432,18668.0
2022-09-09 01:00:00+00:00,1.15436,1.15962,1.15407,1.1588,29140.0
2022-09-09 05:00:00+00:00,1.1588,1.16481,1.15784,1.16296,38236.0
2022-09-09 09:00:00+00:00,1.16289,1.1631,1.1551,1.15756,39435.0
2022-09-09 13:00:00+00:00,1.15756,1.16022,1.15674,1.16016,40157.0
2022-09-09 17:00:00+00:00,1.16016,1.16016,1.15806,1.15911,15104.0
2022-09-11 21:00:00+00:00,1.16352,1.16384,1.16028,1.16118,14135.0
2022-09-12 01:00:00+00:00,1.16118,1.16292,1.16008,1.1605,17629.0
2022-09-12 05:00:00+00:00,1.16052,1.17004,1.16048,1.16916,39351.0
2022-09-12 09:00:00+00:00,1.16916,1.17044,1.16632,1.1692,35987.0
2022-09-12 13:00:00+00:00,1.1692,1.17108,1.16638,1.1709,33260.0
2022-09-12 17:00:00+00:00,1.1709,1.17093,1.16757,1.16826,15166.0
2022-09-12 21:00:00+00:00,1.16851,1.17062,1.16794,1.16951,12676.0
2022-09-13 01:00:00+00:00,1.1695,1.16983,1.16794,1.1682,17054.0
2022-09-13 05:00:00+00:00,1.1682,1.17326,1.168,1.17144,29766.0
2022-09-13 09:00:00+00:00,1.17144,1.17384,1.15534,1.15556,42923.0
2022-09-13 13:00:00+00:00,1.1555,1.15848,1.15154,1.15243,51940.0
2022-09-13 17:00:00+00:00,1.15242,1.15372,1.14926,1.14933,23805.0
2022-09-13 21:00:00+00:00,1.14971,1.15126,1.1482,1.15022,19211.0
2022-09-14 01:00:00+00:00,1.15022,1.15302,1.14878,1.15214,22838.0
2022-09-14 05:00:00+00:00,1.15214,1.15524,1.14802,1.15384,43970.0
2022-09-14 09:00:00+00:00,1.1538,1.15727,1.15328,1.15568,45998.0
2022-09-14 13:00:00+00:00,1.15568,1.159,1.15394,1.15655,45647.0
2022-09-14 17:00:00+00:00,1.15656,1.15706,1.15265,1.15398,20888.0
2022-09-14 21:00:00+00:00,1.15454,1.15496,1.15279,1.15341,10891.0
2022-09-15 01:00:00+00:00,1.1534,1.15482,1.15203,1.15252,18121.0
2022-09-15 05:00:00+00:00,1.15252,1.15384,1.15062,1.15282,29080.0
2022-09-15 09:00:00+00:00,1.15281,1.15282,1.14718,1.15092,35856.0
2022-09-15 13:00:00+00:00,1.15094,1.15176,1.14632,1.14812,40485.0
2022-09-15 17:00:00+00:00,1.1481,1.1499,1.14618,1.1469,20716.0
2022-09-15 21:00:00+00:00,1.14671,1.14786,1.1451,1.14708,13084.0
2022-09-16 01:00:00+00:00,1.14708,1.14808,1.14547,1.14654,17342.0
2022-09-16 05:00:00+00:00,1.14652,1.14652,1.13508,1.1371,38900.0
2022-09-16 09:00:00+00:00,1.13712,1.14136,1.1371,1.13784,35423.0
2022-09-16 13:00:00+00:00,1.13784,1.14468,1.13763,1.13972,49015.0
2022-09-16 17:00:00+00:00,1.13972,1.14267,1.13863,1.14196,21377.0
2022-09-18 21:00:00+00:00,1.14172,1.14426,1.14128,1.14247,12675.0
2022-09-19 01:00:00+00:00,1.14246,1.14284,1.13946,1.14019,15742.0
2022-09-19 05:00:00+00:00,1.14014,1.14048,1.13649,1.13658,22420.0
2022-09-19 09:00:00+00:00,1.13658,1.13912,1.13554,1.13717,29057.0
2022-09-19 13:00:00+00:00,1.1372,1.1421,1.13631,1.14179,26353.0
2022-09-19 17:00:00+00:00,1.14181,1.14408,1.14085,1.14339,12587.0
2022-09-19 21:00:00+00:00,1.14314,1.14608,1.14244,1.14312,16253.0
2022-09-20 01:00:00+00:00,1.1431,1.14368,1.14094,1.14278,18623.0
2022-09-20 05:00:00+00:00,1.14278,1.14608,1.14128,1.14324,33330.0
2022-09-20 09:00:00+00:00,1.14324,1.14556,1.14062,1.1418,37891.0
2022-09-20 13:00:00+00:00,1.14173,1.14258,1.13721,1.13836,37545.0
2022-09-20 17:00:00+00:00,1.13836,1.13878,1.13574,1.13822,22310.0
2022-09-20 21:00:00+00:00,1.13783,1.13851,1.1365,1.13724,17323.0
2022-09-21 01:00:00+00:00,1.13724,1.13829,1.13656,1.13684,20827.0
2022-09-21 05:00:00+00:00,1.13684,1.13829,1.13042,1.13298,45546.0
2022-09-21 09:00:00+00:00,1.13298,1.13498,1.13273,1.1343,30379.0
2022-09-21 13:00:00+00:00,1.13428,1.13506,1.13124,1.13143,34267.0
2022-09-21 17:00:00+00:00,1.13143,1.13574,1.12368,1.12678,64210.0
2022-09-21 21:00:00+00:00,1.12682,1.12807,1.12246,1.1228,20674.0
2022-09-22 01:00:00+00:00,1.12279,1.12549,1.12204,1.1243,35711.0
2022-09-22 05:00:00+00:00,1.1243,1.13547,1.12119,1.13262,57384.0
2022-09-22 09:00:00+00:00,1.13262,1.13647,1.12716,1.13338,61038.0
2022-09-22 13:00:00+00:00,1.13334,1.13356,1.12414,1.12643,51224.0
2022-09-22 17:00:00+00:00,1.12642,1.12718,1.12502,1.12568,22474.0
2022-09-22 21:00:00+00:00,1.12598,1.12741,1.12508,1.12648,19380.0
2022-09-23 01:00:00+00:00,1.12648,1.12696,1.12228,1.12319,20937.0
2022-09-23 05:00:00+00:00,1.12321,1.1245,1.11504,1.11754,40000.0
2022-09-23 09:00:00+00:00,1.11748,1.12099,1.10206,1.1061,68875.0
2022-09-23 13:00:00+00:00,1.1061,1.10968,1.08624,1.08964,65032.0
2022-09-23 17:00:00+00:00,1.08964,1.09045,1.08394,1.08484,39788.0
2022-09-25 21:00:00+00:00,1.0799,1.08464,1.03843,1.04017,36596.0
2022-09-26 01:00:00+00:00,1.04005,1.06034,1.03595,1.05338,79506.0
2022-09-26 05:00:00+00:00,1.05332,1.07894,1.05234,1.07542,88650.0
2022-09-26 09:00:00+00:00,1.07542,1.09306,1.0672,1.08804,81767.0
2022-09-26 13:00:00+00:00,1.08804,1.08912,1.0631,1.06812,99500.0
2022-09-26 17:00:00+00:00,1.0681,1.07205,1.06419,1.06856,53006.0
2022-09-26 21:00:00+00:00,1.06868,1.07886,1.0653,1.07702,31716.0
2022-09-27 01:00:00+00:00,1.07701,1.07932,1.07388,1.07696,37134.0
2022-09-27 05:00:00+00:00,1.07698,1.08384,1.0764,1.08069,56053.0
2022-09-27 09:00:00+00:00,1.08066,1.08261,1.07684,1.07713,56221.0
2022-09-27 13:00:00+00:00,1.07714,1.07956,1.06606,1.06756,78892.0
2022-09-27 17:00:00+00:00,1.06758,1.07364,1.06589,1.07339,38614.0
2022-09-27 21:00:00+00:00,1.07323,1.07397,1.06864,1.06929,25569.0
2022-09-28 01:00:00+00:00,1.06925,1.06997,1.06314,1.06481,57546.0
2022-09-28 05:00:00+00:00,1.06484,1.07126,1.06403,1.06898,65837.0
2022-09-28 09:00:00+00:00,1.06902,1.08399,1.05394,1.06726,99953.0
2022-09-28 13:00:00+00:00,1.06722,1.08761,1.06194,1.08606,84558.0
2022-09-28 17:00:00+00:00,1.0861,1.09164,1.08524,1.08892,36790.0
2022-09-28 21:00:00+00:00,1.0886,1.08884,1.0804,1.0806,30917.0
2022-09-29 01:00:00+00:00,1.0806,1.08273,1.07822,1.08076,42807.0
2022-09-29 05:00:00+00:00,1.08076,1.08173,1.07623,1.07981,67181.0
2022-09-29 09:00:00+00:00,1.07975,1.08978,1.0797,1.08788,70910.0
2022-09-29 13:00:00+00:00,1.08789,1.11088,1.08786,1.10596,81927.0
2022-09-29 17:00:00+00:00,1.10598,1.1119,1.1038,1.1118,36886.0
2022-09-29 21:00:00+00:00,1.11211,1.1203,1.11112,1.11578,36884.0
2022-09-30 01:00:00+00:00,1.11576,1.11752,1.10708,1.11061,45421.0
2022-09-30 05:00:00+00:00,1.1106,1.12348,1.10931,1.12177,68920.0
2022-09-30 09:00:00+00:00,1.12184,1.12215,1.10252,1.10688,69434.0
2022-09-30 13:00:00+00:00,1.10688,1.11772,1.10502,1.11297,82050.0
2022-09-30 17:00:00+00:00,1.11296,1.11806,1.11186,1.11684,39493.0
2022-10-02 21:00:00+00:00,1.117,1.11947,1.11104,1.1128,24744.0
2022-10-03 01:00:00+00:00,1.1128,1.11634,1.1086,1.10937,35947.0
2022-10-03 05:00:00+00:00,1.10938,1.12818,1.1091,1.12103,62746.0
2022-10-03 09:00:00+00:00,1.12104,1.12396,1.11694,1.1217,37296.0
2022-10-03 13:00:00+00:00,1.12168,1.13346,1.12,1.1276,64404.0
2022-10-03 17:00:00+00:00,1.12759,1.13268,1.12651,1.13209,29032.0
2022-10-03 21:00:00+00:00,1.13238,1.13442,1.13152,1.13308,21459.0
2022-10-04 01:00:00+00:00,1.1331,1.13368,1.12808,1.1321,39550.0
2022-10-04 05:00:00+00:00,1.1321,1.14296,1.13187,1.13791,59159.0
2022-10-04 09:00:00+00:00,1.1379,1.1394,1.12992,1.13856,59925.0
2022-10-04 13:00:00+00:00,1.13858,1.14902,1.13514,1.14544,59949.0
2022-10-04 17:00:00+00:00,1.14545,1.14823,1.14272,1.14748,36281.0
2022-10-04 21:00:00+00:00,1.14744,1.14875,1.14202,1.144,22998.0
2022-10-05 01:00:00+00:00,1.14402,1.14648,1.1414,1.1433,46912.0
2022-10-05 05:00:00+00:00,1.14332,1.14958,1.13797,1.14222,53012.0
2022-10-05 09:00:00+00:00,1.14223,1.14291,1.13046,1.13212,47216.0
2022-10-05 13:00:00+00:00,1.13214,1.13282,1.12269,1.1291,60907.0
2022-10-05 17:00:00+00:00,1.1291,1.13568,1.12896,1.13285,31759.0
2022-10-05 21:00:00+00:00,1.13276,1.13833,1.13048,1.13634,32184.0
2022-10-06 01:00:00+00:00,1.13635,1.13796,1.13328,1.13664,40284.0
2022-10-06 05:00:00+00:00,1.13662,1.13673,1.1279,1.12888,57070.0
2022-10-06 09:00:00+00:00,1.12892,1.13158,1.12418,1.1266,54401.0
2022-10-06 13:00:00+00:00,1.12656,1.12696,1.11128,1.11442,74785.0
2022-10-06 17:00:00+00:00,1.11442,1.11932,1.11418,1.11634,40813.0
2022-10-06 21:00:00+00:00,1.11606,1.11728,1.11351,1.1149,23369.0
2022-10-07 01:00:00+00:00,1.11485,1.11901,1.11395,1.1154,33582.0
2022-10-07 05:00:00+00:00,1.1154,1.1219,1.11153,1.1193,49412.0
2022-10-07 09:00:00+00:00,1.1193,1.12252,1.10914,1.11325,53324.0
2022-10-07 13:00:00+00:00,1.11324,1.11698,1.10906,1.1098,71043.0
2022-10-07 17:00:00+00:00,1.10982,1.11042,1.10553,1.10956,35529.0
2022-10-09 21:00:00+00:00,1.10872,1.10963,1.10584,1.1088,28062.0
2022-10-10 01:00:00+00:00,1.10882,1.11118,1.10694,1.10808,33695.0
2022-10-10 05:00:00+00:00,1.10808,1.11112,1.1027,1.10548,45120.0
2022-10-10 09:00:00+00:00,1.10548,1.10999,1.1042,1.1074,43489.0
2022-10-10 13:00:00+00:00,1.10739,1.10814,1.10248,1.10271,52708.0
2022-10-10 17:00:00+00:00,1.10268,1.10816,1.10198,1.10572,30495.0
2022-10-10 21:00:00+00:00,1.10592,1.10954,1.10546,1.10878,19614.0
2022-10-11 01:00:00+00:00,1.10878,1.10944,1.10176,1.1023,41800.0
2022-10-11 05:00:00+00:00,1.10228,1.10564,1.09978,1.10444,56074.0
2022-10-11 09:00:00+00:00,1.10444,1.11143,1.10316,1.1088,53478.0
2022-10-11 13:00:00+00:00,1.10882,1.11803,1.10437,1.1162,64829.0
2022-10-11 17:00:00+00:00,1.11624,1.11662,1.09528,1.09714,52047.0
2022-10-11 21:00:00+00:00,1.09714,1.09928,1.09484,1.09703,29766.0
2022-10-12 01:00:00+00:00,1.09703,1.10596,1.09234,1.0996,49426.0
2022-10-12 05:00:00+00:00,1.0996,1.10649,1.0954,1.10364,64887.0
2022-10-12 09:00:00+00:00,1.10362,1.10994,1.10217,1.1047,54250.0
2022-10-12 13:00:00+00:00,1.10471,1.11,1.10227,1.10629,56593.0
2022-10-12 17:00:00+00:00,1.1063,1.11341,1.10609,1.1099,42307.0
2022-10-12 21:00:00+00:00,1.11069,1.11203,1.10884,1.11124,21298.0
2022-10-13 01:00:00+00:00,1.11126,1.11154,1.10756,1.10892,27311.0
2022-10-13 05:00:00+00:00,1.10892,1.11042,1.10576,1.11032,39834.0
2022-10-13 09:00:00+00:00,1.11031,1.12999,1.11002,1.12162,66166.0
2022-10-13 13:00:00+00:00,1.1216,1.13808,1.11587,1.13284,102078.0
2022-10-13 17:00:00+00:00,1.1328,1.13531,1.1302,1.13338,44143.0
2022-10-13 21:00:00+00:00,1.13282,1.13377,1.129,1.13076,20806.0
2022-10-14 01:00:00+00:00,1.13076,1.13671,1.13059,1.13218,45608.0
2022-10-14 05:00:00+00:00,1.13218,1.13352,1.12546,1.1275,58214.0
2022-10-14 09:00:00+00:00,1.12752,1.13115,1.11666,1.12614,67543.0
2022-10-14 13:00:00+00:00,1.12614,1.12888,1.11517,1.11618,82134.0
2022-10-14 17:00:00+00:00,1.11612,1.11862,1.11558,1.11798,35210.0
2022-10-16 21:00:00+00:00,1.12369,1.12524,1.12,1.1225,27962.0
2022-10-17 01:00:00+00:00,1.1225,1.12425,1.12162,1.12257,36427.0
2022-10-17 05:00:00+00:00,1.12256,1.13056,1.1223,1.12674,54200.0
2022-10-17 09:00:00+00:00,1.12676,1.13522,1.12562,1.13387,49327.0
2022-10-17 13:00:00+00:00,1.13386,1.144,1.13344,1.13903,60093.0
2022-10-17 17:00:00+00:00,1.13903,1.14032,1.1344,1.13634,33186.0
2022-10-17 21:00:00+00:00,1.13576,1.13696,1.13499,1.13534,28644.0
2022-10-18 01:00:00+00:00,1.13532,1.14119,1.13314,1.13892,37097.0
2022-10-18 05:00:00+00:00,1.13896,1.14024,1.12867,1.12947,58192.0
2022-10-18 09:00:00+00:00,1.12937,1.1347,1.12555,1.13273,54323.0
2022-10-18 13:00:00+00:00,1.13276,1.13388,1.12803,1.13124,60096.0
2022-10-18 17:00:00+00:00,1.1313,1.13348,1.12799,1.13182,39957.0
2022-10-18 21:00:00+00:00,1.1319,1.13581,1.13169,1.13412,23175.0
2022-10-19 01:00:00+00:00,1.13412,1.1351,1.13179,1.13258,37350.0
2022-10-19 05:00:00+00:00,1.13256,1.13308,1.12458,1.12628,52939.0
2022-10-19 09:00:00+00:00,1.1263,1.12864,1.12217,1.12461,51455.0
2022-10-19 13:00:00+00:00,1.12462,1.12782,1.1189,1.11941,53087.0
2022-10-19 17:00:00+00:00,1.11938,1.12273,1.11852,1.12174,37693.0
2022-10-19 21:00:00+00:00,1.12163,1.1224,1.11978,1.12094,22611.0
2022-10-20 01:00:00+00:00,1.1209,1.12408,1.1191,1.12217,40567.0
2022-10-20 05:00:00+00:00,1.12214,1.12406,1.11796,1.11849,56751.0
2022-10-20 09:00:00+00:00,1.11856,1.13074,1.11714,1.1255,64077.0
2022-10-20 13:00:00+00:00,1.12554,1.13366,1.12427,1.12552,70136.0
2022-10-20 17:00:00+00:00,1.12552,1.12558,1.12026,1.12322,49952.0
2022-10-20 21:00:00+00:00,1.123,1.12404,1.11987,1.12067,20057.0
2022-10-21 01:00:00+00:00,1.12071,1.12198,1.11902,1.11963,38398.0
2022-10-21 05:00:00+00:00,1.11963,1.12224,1.1123,1.11304,50504.0
2022-10-21 09:00:00+00:00,1.11303,1.11542,1.10606,1.11296,56411.0
2022-10-21 13:00:00+00:00,1.11295,1.13002,1.11171,1.12604,116273.0
2022-10-21 17:00:00+00:00,1.12612,1.13152,1.12425,1.12972,44273.0
2022-10-23 21:00:00+00:00,1.1384,1.14084,1.13073,1.13283,53582.0
2022-10-24 01:00:00+00:00,1.13276,1.13536,1.13003,1.13474,39601.0
2022-10-24 05:00:00+00:00,1.13469,1.13828,1.13032,1.13262,57556.0
2022-10-24 09:00:00+00:00,1.13274,1.1349,1.12736,1.13249,55477.0
2022-10-24 13:00:00+00:00,1.13254,1.13444,1.12577,1.12757,67215.0
2022-10-24 17:00:00+00:00,1.12758,1.12968,1.12722,1.12792,22864.0
2022-10-24 21:00:00+00:00,1.12799,1.13258,1.12772,1.13186,20181.0
2022-10-25 01:00:00+00:00,1.13186,1.13246,1.12928,1.12997,34374.0
2022-10-25 05:00:00+00:00,1.12997,1.13326,1.1271,1.13204,39473.0
2022-10-25 09:00:00+00:00,1.13203,1.13642,1.13054,1.13636,36233.0
2022-10-25 13:00:00+00:00,1.13634,1.14996,1.13631,1.14701,58267.0
2022-10-25 17:00:00+00:00,1.14696,1.14889,1.146,1.14746,29268.0
2022-10-25 21:00:00+00:00,1.14727,1.1478,1.14323,1.14388,23086.0
2022-10-26 01:00:00+00:00,1.14386,1.14687,1.14307,1.14531,33761.0
2022-10-26 05:00:00+00:00,1.14528,1.16066,1.14452,1.16002,50650.0
2022-10-26 09:00:00+00:00,1.16003,1.16202,1.15458,1.15544,53832.0
2022-10-26 13:00:00+00:00,1.15546,1.16391,1.15443,1.1611,64965.0
2022-10-26 17:00:00+00:00,1.16107,1.16341,1.15976,1.16306,30073.0
2022-10-26 21:00:00+00:00,1.16179,1.16457,1.16105,1.16252,33893.0
2022-10-27 01:00:00+00:00,1.16252,1.16402,1.1605,1.16233,39124.0
2022-10-27 05:00:00+00:00,1.16234,1.16367,1.15858,1.15906,49935.0
2022-10-27 09:00:00+00:00,1.15906,1.1596,1.15492,1.15782,60789.0
2022-10-27 13:00:00+00:00,1.15784,1.16346,1.15567,1.15736,78114.0
2022-10-27 17:00:00+00:00,1.15742,1.16018,1.15581,1.15654,32629.0
2022-10-27 21:00:00+00:00,1.15681,1.15745,1.15444,1.15526,22356.0
2022-10-28 01:00:00+00:00,1.15528,1.15951,1.15482,1.15722,42841.0
2022-10-28 05:00:00+00:00,1.15722,1.15736,1.15042,1.15272,50252.0
2022-10-28 09:00:00+00:00,1.15272,1.1575,1.1513,1.15392,50860.0
2022-10-28 13:00:00+00:00,1.15391,1.16,1.15338,1.15889,62805.0
2022-10-28 17:00:00+00:00,1.15886,1.16239,1.15834,1.16135,23836.0
2022-10-30 21:00:00+00:00,1.15901,1.16136,1.15808,1.16074,20249.0
2022-10-31 01:00:00+00:00,1.16073,1.1612,1.15858,1.15978,24932.0
2022-10-31 05:00:00+00:00,1.15974,1.16073,1.15427,1.15469,36095.0
2022-10-31 09:00:00+00:00,1.15469,1.15672,1.15023,1.15066,40790.0
2022-10-31 13:00:00+00:00,1.15065,1.15286,1.1476,1.14864,49618.0
2022-10-31 17:00:00+00:00,1.14865,1.149,1.14603,1.14672,27912.0
2022-10-31 21:00:00+00:00,1.14704,1.14824,1.14644,1.14809,15585.0
2022-11-01 01:00:00+00:00,1.14809,1.1516,1.14742,1.15066,35951.0
2022-11-01 05:00:00+00:00,1.1506,1.155,1.15018,1.15293,47751.0
2022-11-01 09:00:00+00:00,1.15295,1.15662,1.15131,1.15514,41031.0
2022-11-01 13:00:00+00:00,1.15514,1.15604,1.14373,1.145,63458.0
2022-11-01 17:00:00+00:00,1.14494,1.14867,1.14412,1.14814,25336.0
2022-11-01 21:00:00+00:00,1.14884,1.15073,1.14738,1.15066,27732.0
2022-11-02 01:00:00+00:00,1.15064,1.15272,1.1497,1.15052,37901.0
2022-11-02 05:00:00+00:00,1.15054,1.15242,1.14848,1.15114,37943.0
2022-11-02 09:00:00+00:00,1.15113,1.15174,1.14845,1.15087,41837.0
2022-11-02 13:00:00+00:00,1.15086,1.1516,1.14492,1.14614,43873.0
2022-11-02 17:00:00+00:00,1.14615,1.1565,1.13881,1.13896,73463.0
2022-11-02 21:00:00+00:00,1.13924,1.14028,1.13754,1.13939,22223.0
2022-11-03 01:00:00+00:00,1.13936,1.14224,1.13907,1.14174,34515.0
2022-11-03 05:00:00+00:00,1.14172,1.14187,1.12514,1.12584,44399.0
2022-11-03 09:00:00+00:00,1.12584,1.12788,1.11618,1.11634,60828.0
2022-11-03 13:00:00+00:00,1.1163,1.12304,1.11568,1.11834,62733.0
2022-11-03 17:00:00+00:00,1.11838,1.11892,1.11519,1.11578,29411.0
2022-11-03 21:00:00+00:00,1.11608,1.11891,1.11497,1.11844,19015.0
2022-11-04 01:00:00+00:00,1.11844,1.12398,1.11766,1.12342,33001.0
2022-11-04 05:00:00+00:00,1.12342,1.12428,1.11918,1.12226,42775.0
2022-11-04 09:00:00+00:00,1.12228,1.12754,1.11468,1.12675,56920.0
2022-11-04 13:00:00+00:00,1.12676,1.13376,1.12328,1.1296,83864.0
2022-11-04 17:00:00+00:00,1.12964,1.13823,1.12934,1.13749,42469.0
2022-11-06 22:00:00+00:00,1.13134,1.13438,1.1306,1.13261,30029.0
2022-11-07 02:00:00+00:00,1.13259,1.135,1.13183,1.13352,29863.0
2022-11-07 06:00:00+00:00,1.13354,1.14706,1.12904,1.1441,51747.0
2022-11-07 10:00:00+00:00,1.14412,1.14777,1.14264,1.147,46654.0
2022-11-07 14:00:00+00:00,1.14702,1.15186,1.14412,1.15177,49926.0
2022-11-07 18:00:00+00:00,1.15174,1.15416,1.15098,1.15138,20827.0
2022-11-07 22:00:00+00:00,1.15182,1.1537,1.15065,1.15152,20337.0
2022-11-08 02:00:00+00:00,1.15153,1.15192,1.14799,1.14868,22366.0
2022-11-08 06:00:00+00:00,1.14867,1.14979,1.14438,1.14916,40984.0
2022-11-08 10:00:00+00:00,1.14916,1.14937,1.14299,1.14462,38288.0
2022-11-08 14:00:00+00:00,1.14462,1.15996,1.14447,1.15781,48558.0
2022-11-08 18:00:00+00:00,1.15779,1.15857,1.15128,1.15466,31792.0
2022-11-08 22:00:00+00:00,1.15424,1.15586,1.1523,1.15304,26787.0
2022-11-09 02:00:00+00:00,1.15307,1.15602,1.15306,1.15352,40465.0
2022-11-09 06:00:00+00:00,1.15352,1.15675,1.14376,1.1452,52832.0
2022-11-09 10:00:00+00:00,1.14518,1.14764,1.14048,1.14106,55678.0
2022-11-09 14:00:00+00:00,1.14108,1.144,1.13553,1.13795,64568.0
2022-11-09 18:00:00+00:00,1.13798,1.13853,1.1334,1.13562,35842.0
2022-11-09 22:00:00+00:00,1.13628,1.13925,1.13538,1.13874,22450.0
2022-11-10 02:00:00+00:00,1.13875,1.1412,1.13725,1.14075,33004.0
2022-11-10 06:00:00+00:00,1.14076,1.14132,1.13631,1.13662,47936.0
2022-11-10 10:00:00+00:00,1.13663,1.16542,1.1366,1.1608,54839.0
2022-11-10 14:00:00+00:00,1.16089,1.16868,1.15934,1.1644,85948.0
2022-11-10 18:00:00+00:00,1.1645,1.17318,1.16437,1.17108,39062.0
2022-11-10 22:00:00+00:00,1.17072,1.17186,1.16474,1.16507,33636.0
2022-11-11 02:00:00+00:00,1.16506,1.17178,1.16504,1.17088,44098.0
2022-11-11 06:00:00+00:00,1.17088,1.17709,1.16922,1.17559,56644.0
2022-11-11 10:00:00+00:00,1.17558,1.17968,1.17198,1.17809,60767.0
2022-11-11 14:00:00+00:00,1.1781,1.18046,1.17091,1.17986,60160.0
2022-11-11 18:00:00+00:00,1.17992,1.1855,1.1796,1.1835,32674.0
2022-11-13 22:00:00+00:00,1.1813,1.18178,1.17674,1.17888,39019.0
2022-11-14 02:00:00+00:00,1.1789,1.1794,1.17434,1.17472,37485.0
2022-11-14 06:00:00+00:00,1.17472,1.18292,1.17472,1.18004,49970.0
2022-11-14 10:00:00+00:00,1.17997,1.18131,1.17394,1.17582,50038.0
2022-11-14 14:00:00+00:00,1.17585,1.17669,1.17099,1.17578,55931.0
2022-11-14 18:00:00+00:00,1.17584,1.18027,1.17504,1.17585,23825.0
2022-11-14 22:00:00+00:00,1.17564,1.17676,1.17408,1.1749,24038.0
2022-11-15 02:00:00+00:00,1.1749,1.17838,1.17442,1.17762,24631.0
2022-11-15 06:00:00+00:00,1.17762,1.18447,1.17703,1.1824,54799.0
2022-11-15 10:00:00+00:00,1.18252,1.20298,1.18208,1.19674,62511.0
2022-11-15 14:00:00+00:00,1.19682,1.19886,1.18562,1.18926,74914.0
2022-11-15 18:00:00+00:00,1.1893,1.18976,1.1791,1.18676,71280.0
2022-11-15 22:00:00+00:00,1.18638,1.18878,1.18332,1.18444,34384.0
2022-11-16 02:00:00+00:00,1.18444,1.18848,1.18317,1.18707,43102.0
2022-11-16 06:00:00+00:00,1.18706,1.19034,1.18374,1.18958,51427.0
2022-11-16 10:00:00+00:00,1.1896,1.19422,1.18598,1.18725,54427.0
2022-11-16 14:00:00+00:00,1.18726,1.19058,1.18319,1.18952,60156.0
2022-11-16 18:00:00+00:00,1.18952,1.1925,1.18692,1.19151,36330.0
2022-11-16 22:00:00+00:00,1.19168,1.1922,1.18839,1.18875,22731.0
2022-11-17 02:00:00+00:00,1.18874,1.19049,1.18664,1.18975,37006.0
2022-11-17 06:00:00+00:00,1.18973,1.19581,1.187,1.18866,47524.0
2022-11-17 10:00:00+00:00,1.18866,1.18892,1.17628,1.1765,61978.0
2022-11-17 14:00:00+00:00,1.17653,1.18443,1.17638,1.18374,55052.0
2022-11-17 18:00:00+00:00,1.18374,1.18683,1.18348,1.18662,27075.0
2022-11-17 22:00:00+00:00,1.18641,1.19018,1.18577,1.18862,28383.0
2022-11-18 02:00:00+00:00,1.18864,1.19316,1.18864,1.19034,32580.0
2022-11-18 06:00:00+00:00,1.19034,1.1951,1.18816,1.19276,52422.0
2022-11-18 10:00:00+00:00,1.19276,1.19412,1.18906,1.19066,42364.0
2022-11-18 14:00:00+00:00,1.19069,1.1938,1.1873,1.18793,49624.0
2022-11-18 18:00:00+00:00,1.18794,1.19008,1.18754,1.18841,27593.0
2022-11-20 22:00:00+00:00,1.1899,1.19004,1.18462,1.18571,25233.0
2022-11-21 02:00:00+00:00,1.18574,1.18574,1.18212,1.1833,29422.0
2022-11-21 06:00:00+00:00,1.1833,1.18404,1.1793,1.18058,45959.0
2022-11-21 10:00:00+00:00,1.18058,1.18304,1.1785,1.18094,41220.0
2022-11-21 14:00:00+00:00,1.18094,1.18277,1.17788,1.17936,42185.0
2022-11-21 18:00:00+00:00,1.17933,1.18245,1.17912,1.18231,22823.0
2022-11-21 22:00:00+00:00,1.18251,1.186,1.18188,1.18532,26365.0
2022-11-22 02:00:00+00:00,1.18532,1.18642,1.18341,1.18448,30560.0
2022-11-22 06:00:00+00:00,1.18449,1.18841,1.18247,1.186,45058.0
2022-11-22 10:00:00+00:00,1.186,1.1903,1.18468,1.1877,35776.0
2022-11-22 14:00:00+00:00,1.18774,1.18916,1.18556,1.1882,39721.0
2022-11-22 18:00:00+00:00,1.1882,1.18941,1.18747,1.18837,21493.0
2022-11-22 22:00:00+00:00,1.18883,1.19095,1.18764,1.18851,22308.0
2022-11-23 02:00:00+00:00,1.1885,1.18946,1.18729,1.1886,20264.0
2022-11-23 06:00:00+00:00,1.18864,1.19366,1.18747,1.19194,37904.0
2022-11-23 10:00:00+00:00,1.19194,1.1982,1.19051,1.19707,40070.0
2022-11-23 14:00:00+00:00,1.19708,1.20808,1.19661,1.20299,52746.0
2022-11-23 18:00:00+00:00,1.20298,1.20726,1.20197,1.20544,38963.0
2022-11-23 22:00:00+00:00,1.20529,1.20926,1.20496,1.20887,37108.0
2022-11-24 02:00:00+00:00,1.20888,1.2113,1.20797,1.20934,28673.0
2022-11-24 06:00:00+00:00,1.20934,1.20976,1.20598,1.20938,41507.0
2022-11-24 10:00:00+00:00,1.20942,1.21323,1.20873,1.21176,41695.0
2022-11-24 14:00:00+00:00,1.21177,1.21537,1.21162,1.21238,28515.0
2022-11-24 18:00:00+00:00,1.2124,1.21244,1.21112,1.21136,15698.0
2022-11-24 22:00:00+00:00,1.21119,1.21192,1.20969,1.21014,16644.0
2022-11-25 02:00:00+00:00,1.21012,1.21279,1.20958,1.21006,25319.0
2022-11-25 06:00:00+00:00,1.21006,1.21251,1.20726,1.20803,39338.0
2022-11-25 10:00:00+00:00,1.20804,1.21203,1.20582,1.20798,38429.0
2022-11-25 14:00:00+00:00,1.20798,1.21112,1.20634,1.20949,38036.0
2022-11-25 18:00:00+00:00,1.20947,1.21056,1.20721,1.20947,39482.0
2022-11-27 22:00:00+00:00,1.20768,1.20768,1.20307,1.20385,25351.0
2022-11-28 02:00:00+00:00,1.20386,1.20602,1.2026,1.20496,26594.0
2022-11-28 06:00:00+00:00,1.20494,1.21184,1.2047,1.20875,47336.0
2022-11-28 10:00:00+00:00,1.20879,1.21102,1.20595,1.20757,43939.0
2022-11-28 14:00:00+00:00,1.20755,1.2076,1.2001,1.20012,49923.0
2022-11-28 18:00:00+00:00,1.20012,1.20078,1.19405,1.19602,27564.0
2022-11-28 22:00:00+00:00,1.19578,1.19925,1.1952,1.19896,30447.0
2022-11-29 02:00:00+00:00,1.19896,1.20226,1.19831,1.20118,33483.0
2022-11-29 06:00:00+00:00,1.20118,1.20646,1.198,1.19864,55834.0
2022-11-29 10:00:00+00:00,1.19878,1.20354,1.19786,1.19874,49355.0
2022-11-29 14:00:00+00:00,1.19877,1.2018,1.19532,1.19715,54093.0
2022-11-29 18:00:00+00:00,1.19714,1.1977,1.19452,1.19506,24659.0
2022-11-29 22:00:00+00:00,1.196,1.19906,1.19417,1.19817,24129.0
2022-11-30 02:00:00+00:00,1.19816,1.19937,1.19712,1.19793,32455.0
2022-11-30 06:00:00+00:00,1.19794,1.2016,1.195,1.2015,40485.0
2022-11-30 10:00:00+00:00,1.20148,1.20295,1.19858,1.19868,46691.0
2022-11-30 14:00:00+00:00,1.19866,1.20251,1.19005,1.19428,58211.0
2022-11-30 18:00:00+00:00,1.19427,1.20872,1.19223,1.20571,60214.0
2022-11-30 22:00:00+00:00,1.20629,1.21052,1.20529,1.20836,29293.0
2022-12-01 02:00:00+00:00,1.20835,1.2108,1.2074,1.21026,34485.0
2022-12-01 06:00:00+00:00,1.21028,1.21513,1.20698,1.21502,49096.0
2022-12-01 10:00:00+00:00,1.21498,1.22422,1.21352,1.22144,49115.0
2022-12-01 14:00:00+00:00,1.22144,1.2311,1.22092,1.22598,71165.0
2022-12-01 18:00:00+00:00,1.22596,1.22762,1.22345,1.2255,34721.0
2022-12-01 22:00:00+00:00,1.22598,1.22793,1.22314,1.22426,22606.0
2022-12-02 02:00:00+00:00,1.22423,1.22539,1.22248,1.22293,30134.0
2022-12-02 06:00:00+00:00,1.2229,1.22982,1.22274,1.22746,47039.0
2022-12-02 10:00:00+00:00,1.22747,1.22942,1.21346,1.21851,51140.0
2022-12-02 14:00:00+00:00,1.21851,1.23,1.2167,1.22778,66055.0
2022-12-02 18:00:00+00:00,1.2278,1.22994,1.22592,1.2295,28415.0
2022-12-04 22:00:00+00:00,1.22789,1.23351,1.22679,1.2324,22937.0
2022-12-05 02:00:00+00:00,1.2324,1.23446,1.23144,1.23346,28037.0
2022-12-05 06:00:00+00:00,1.23346,1.23346,1.22613,1.2284,42922.0
2022-12-05 10:00:00+00:00,1.22831,1.23205,1.22334,1.22625,44492.0
2022-12-05 14:00:00+00:00,1.22626,1.22754,1.21635,1.2182,48367.0
2022-12-05 18:00:00+00:00,1.2182,1.21986,1.21618,1.21985,26945.0
2022-12-05 22:00:00+00:00,1.21835,1.22242,1.21783,1.22086,21533.0
2022-12-06 02:00:00+00:00,1.22083,1.22194,1.21794,1.21932,32693.0
2022-12-06 06:00:00+00:00,1.21934,1.22232,1.21674,1.21784,42381.0
2022-12-06 10:00:00+00:00,1.21783,1.22414,1.2159,1.22025,40609.0
2022-12-06 14:00:00+00:00,1.22024,1.22696,1.21532,1.21758,49226.0
2022-12-06 18:00:00+00:00,1.21758,1.2182,1.2128,1.21332,19523.0
2022-12-06 22:00:00+00:00,1.21378,1.21468,1.21216,1.2144,22344.0
2022-12-07 02:00:00+00:00,1.2144,1.21506,1.21234,1.21293,33682.0
2022-12-07 06:00:00+00:00,1.21296,1.2157,1.21066,1.21299,45948.0
2022-12-07 10:00:00+00:00,1.21299,1.22256,1.21298,1.22172,46190.0
2022-12-07 14:00:00+00:00,1.22178,1.22304,1.21723,1.22244,58183.0
2022-12-07 18:00:00+00:00,1.22244,1.22347,1.22016,1.221,29194.0
2022-12-07 22:00:00+00:00,1.22032,1.22137,1.21804,1.21846,20316.0
2022-12-08 02:00:00+00:00,1.21844,1.21968,1.2178,1.21884,29328.0
2022-12-08 06:00:00+00:00,1.21884,1.2215,1.21602,1.21722,35541.0
2022-12-08 10:00:00+00:00,1.21723,1.2234,1.21548,1.2213,38533.0
2022-12-08 14:00:00+00:00,1.2213,1.22472,1.21904,1.22334,43834.0
2022-12-08 18:00:00+00:00,1.22334,1.22474,1.22242,1.22367,27004.0
2022-12-08 22:00:00+00:00,1.22332,1.22724,1.2227,1.22686,27356.0
2022-12-09 02:00:00+00:00,1.22693,1.22772,1.22528,1.22594,32026.0
2022-12-09 06:00:00+00:00,1.22596,1.22706,1.22317,1.22476,41457.0
2022-12-09 10:00:00+00:00,1.22478,1.22976,1.22052,1.22698,46382.0
2022-12-09 14:00:00+00:00,1.227,1.23227,1.22499,1.22869,52503.0
2022-12-09 18:00:00+00:00,1.22868,1.22879,1.22524,1.22627,24078.0
2022-12-11 22:00:00+00:00,1.22593,1.22683,1.22123,1.22226,20167.0
2022-12-12 02:00:00+00:00,1.22226,1.22384,1.22124,1.2227,22552.0
2022-12-12 06:00:00+00:00,1.22271,1.22781,1.2207,1.22744,39394.0
2022-12-12 10:00:00+00:00,1.22747,1.22988,1.22686,1.2293,31878.0
2022-12-12 14:00:00+00:00,1.22928,1.2299,1.22424,1.22826,41432.0
2022-12-12 18:00:00+00:00,1.22823,1.2285,1.2241,1.2262,27023.0
2022-12-12 22:00:00+00:00,1.22688,1.22793,1.22588,1.22764,19193.0
2022-12-13 02:00:00+00:00,1.22764,1.22908,1.2252,1.22816,26060.0
2022-12-13 06:00:00+00:00,1.22816,1.23036,1.22487,1.22744,38097.0
2022-12-13 10:00:00+00:00,1.22744,1.2439,1.2261,1.2411,52799.0
2022-12-13 14:00:00+00:00,1.2411,1.2444,1.23518,1.23669,76695.0
2022-12-13 18:00:00+00:00,1.2367,1.23814,1.23455,1.23654,39202.0
2022-12-13 22:00:00+00:00,1.23681,1.23764,1.23421,1.23516,25395.0
2022-12-14 02:00:00+00:00,1.23517,1.23596,1.23435,1.2355,24710.0
2022-12-14 06:00:00+00:00,1.2355,1.24036,1.23425,1.23936,45040.0
2022-12-14 10:00:00+00:00,1.2394,1.24044,1.23552,1.23718,41936.0
2022-12-14 14:00:00+00:00,1.23716,1.24238,1.23589,1.2419,46260.0
2022-12-14 18:00:00+00:00,1.2419,1.24468,1.23445,1.24274,71206.0
2022-12-14 22:00:00+00:00,1.24222,1.24318,1.23986,1.24,18234.0
2022-12-15 02:00:00+00:00,1.24004,1.24038,1.23769,1.2393,22570.0
2022-12-15 06:00:00+00:00,1.23929,1.24028,1.22966,1.23392,42684.0
2022-12-15 10:00:00+00:00,1.23392,1.23558,1.2288,1.23172,53710.0
2022-12-15 14:00:00+00:00,1.2317,1.23572,1.21567,1.2159,73857.0
2022-12-15 18:00:00+00:00,1.21594,1.21962,1.2158,1.21791,28176.0
2022-12-15 22:00:00+00:00,1.21809,1.22072,1.2176,1.22018,22168.0
2022-12-16 02:00:00+00:00,1.2202,1.22236,1.21997,1.22058,29113.0
2022-12-16 06:00:00+00:00,1.22058,1.22232,1.21198,1.21448,50286.0
2022-12-16 10:00:00+00:00,1.21447,1.22159,1.21398,1.21888,44333.0
2022-12-16 14:00:00+00:00,1.21894,1.22228,1.21456,1.218,59135.0
2022-12-16 18:00:00+00:00,1.218,1.21899,1.21339,1.21354,32304.0
2022-12-18 22:00:00+00:00,1.21589,1.2197,1.21541,1.21968,21574.0
2022-12-19 02:00:00+00:00,1.21968,1.22025,1.21674,1.21702,24161.0
2022-12-19 06:00:00+00:00,1.21702,1.2242,1.21696,1.22128,40253.0
2022-12-19 10:00:00+00:00,1.22126,1.22243,1.21559,1.21658,42929.0
2022-12-19 14:00:00+00:00,1.21664,1.21932,1.21208,1.2181,44914.0
2022-12-19 18:00:00+00:00,1.2181,1.21818,1.21391,1.21458,22022.0
2022-12-19 22:00:00+00:00,1.21532,1.21558,1.21385,1.21532,26137.0
2022-12-20 02:00:00+00:00,1.21532,1.2224,1.20856,1.21163,57160.0
2022-12-20 06:00:00+00:00,1.21163,1.21972,1.21145,1.21501,59853.0
2022-12-20 10:00:00+00:00,1.21496,1.2182,1.2098,1.21474,50232.0
2022-12-20 14:00:00+00:00,1.21472,1.21686,1.21223,1.21423,59428.0
2022-12-20 18:00:00+00:00,1.21422,1.21882,1.21336,1.21838,27157.0
2022-12-20 22:00:00+00:00,1.21812,1.21924,1.21635,1.21674,27271.0
2022-12-21 02:00:00+00:00,1.21674,1.2173,1.2161,1.21672,27061.0
2022-12-21 06:00:00+00:00,1.2167,1.21829,1.21283,1.21386,38765.0
2022-12-21 10:00:00+00:00,1.21386,1.21642,1.20859,1.21416,39405.0
2022-12-21 14:00:00+00:00,1.21416,1.21432,1.20554,1.20682,46088.0
2022-12-21 18:00:00+00:00,1.20682,1.20974,1.20596,1.20827,24956.0
2022-12-21 22:00:00+00:00,1.20816,1.21147,1.20745,1.21114,21136.0
2022-12-22 02:00:00+00:00,1.21111,1.21352,1.21085,1.2119,26483.0
2022-12-22 06:00:00+00:00,1.21191,1.21476,1.20876,1.21,38599.0
2022-12-22 10:00:00+00:00,1.20998,1.21092,1.20222,1.20308,46738.0
2022-12-22 14:00:00+00:00,1.2031,1.20442,1.19924,1.20212,47815.0
2022-12-22 18:00:00+00:00,1.20211,1.2047,1.2001,1.20414,30692.0
2022-12-22 22:00:00+00:00,1.20359,1.20462,1.20187,1.20448,28211.0
2022-12-23 02:00:00+00:00,1.20452,1.20581,1.20349,1.20354,23141.0
2022-12-23 06:00:00+00:00,1.20354,1.2075,1.2029,1.20663,35820.0
2022-12-23 10:00:00+00:00,1.20662,1.20902,1.20234,1.20444,38750.0
2022-12-23 14:00:00+00:00,1.20444,1.20864,1.20285,1.20532,50888.0
2022-12-23 18:00:00+00:00,1.20534,1.20549,1.20284,1.20512,18751.0
2022-12-26 22:00:00+00:00,1.20575,1.21004,1.20575,1.20986,19820.0
2022-12-27 02:00:00+00:00,1.20984,1.21032,1.20793,1.20952,21899.0
2022-12-27 06:00:00+00:00,1.20952,1.21126,1.20523,1.20622,30058.0
2022-12-27 10:00:00+00:00,1.2062,1.20738,1.20206,1.20242,34243.0
2022-12-27 14:00:00+00:00,1.20238,1.20481,1.20025,1.20141,38356.0
2022-12-27 18:00:00+00:00,1.20139,1.20366,1.20116,1.2032,18469.0
2022-12-27 22:00:00+00:00,1.20336,1.20336,1.20081,1.20274,18718.0
2022-12-28 02:00:00+00:00,1.20276,1.20296,1.20022,1.20255,25940.0
2022-12-28 06:00:00+00:00,1.20255,1.20552,1.20176,1.20296,30360.0
2022-12-28 10:00:00+00:00,1.20298,1.21002,1.20266,1.20844,34711.0
2022-12-28 14:00:00+00:00,1.20844,1.21258,1.20224,1.20442,42304.0
2022-12-28 18:00:00+00:00,1.20446,1.20544,1.20166,1.20194,22530.0
2022-12-28 22:00:00+00:00,1.20193,1.20514,1.20149,1.20408,23935.0
2022-12-29 02:00:00+00:00,1.20404,1.20461,1.2028,1.20382,23614.0
2022-12-29 06:00:00+00:00,1.20384,1.20636,1.20146,1.20555,30678.0
2022-12-29 10:00:00+00:00,1.20556,1.20596,1.20198,1.20497,33165.0
2022-12-29 14:00:00+00:00,1.20495,1.20788,1.2023,1.20686,43970.0
2022-12-29 18:00:00+00:00,1.20688,1.20742,1.20542,1.20548,20425.0
2022-12-29 22:00:00+00:00,1.20572,1.20671,1.20488,1.20594,16136.0
2022-12-30 02:00:00+00:00,1.20594,1.20594,1.20389,1.2044,20996.0
2022-12-30 06:00:00+00:00,1.2044,1.2075,1.20272,1.2032,30398.0
2022-12-30 10:00:00+00:00,1.2032,1.20656,1.201,1.20522,35365.0
2022-12-30 14:00:00+00:00,1.20522,1.21076,1.20159,1.20996,53069.0
2022-12-30 18:00:00+00:00,1.20998,1.20998,1.20598,1.20978,32139.0
2023-01-01 22:00:00+00:00,1.20763,1.2106,1.20677,1.20882,1310.0
2023-01-02 02:00:00+00:00,1.20868,1.20882,1.20734,1.20757,242.0
2023-01-02 06:00:00+00:00,1.20765,1.20787,1.20434,1.20466,21359.0
2023-01-02 10:00:00+00:00,1.20465,1.20548,1.20459,1.20512,10048.0
2023-01-02 14:00:00+00:00,1.20512,1.20532,1.20346,1.20478,11930.0
2023-01-02 18:00:00+00:00,1.20477,1.2051,1.20445,1.20483,2091.0
2023-01-02 22:00:00+00:00,1.20475,1.20764,1.20352,1.20511,24692.0
2023-01-03 02:00:00+00:00,1.20508,1.2085,1.20498,1.20695,29425.0
2023-01-03 06:00:00+00:00,1.20694,1.20794,1.19002,1.1924,53472.0
2023-01-03 10:00:00+00:00,1.1924,1.20101,1.19052,1.1993,42170.0
2023-01-03 14:00:00+00:00,1.19932,1.20576,1.19528,1.19646,52893.0
2023-01-03 18:00:00+00:00,1.19642,1.19918,1.19624,1.19676,25452.0
2023-01-03 22:00:00+00:00,1.19672,1.19968,1.19583,1.1994,24362.0
2023-01-04 02:00:00+00:00,1.1994,1.20013,1.1979,1.19848,24825.0
2023-01-04 06:00:00+00:00,1.19848,1.20862,1.19715,1.20604,47501.0
2023-01-04 10:00:00+00:00,1.20602,1.20878,1.20293,1.20566,40112.0
2023-01-04 14:00:00+00:00,1.20566,1.20767,1.20141,1.20658,54423.0
2023-01-04 18:00:00+00:00,1.20656,1.2073,1.20417,1.2056,37922.0
2023-01-04 22:00:00+00:00,1.20576,1.20782,1.20504,1.20632,20827.0
2023-01-05 02:00:00+00:00,1.2063,1.20634,1.20312,1.20376,27661.0
2023-01-05 06:00:00+00:00,1.20376,1.20512,1.20002,1.20304,38119.0
2023-01-05 10:00:00+00:00,1.20304,1.20382,1.19174,1.19199,43209.0
2023-01-05 14:00:00+00:00,1.19196,1.19286,1.18736,1.19073,56197.0
2023-01-05 18:00:00+00:00,1.19074,1.19356,1.18973,1.19098,30896.0
2023-01-05 22:00:00+00:00,1.19077,1.19294,1.19013,1.19186,36049.0
2023-01-06 02:00:00+00:00,1.19186,1.19358,1.1899,1.1904,25719.0
2023-01-06 06:00:00+00:00,1.1904,1.19264,1.1854,1.18583,39627.0
2023-01-06 10:00:00+00:00,1.18582,1.19299,1.18413,1.19261,46863.0
2023-01-06 14:00:00+00:00,1.19261,1.2085,1.18786,1.20846,68235.0
2023-01-06 18:00:00+00:00,1.20848,1.20995,1.20708,1.20926,24146.0
2023-01-08 22:00:00+00:00,1.20889,1.21288,1.20859,1.21137,20475.0
2023-01-09 02:00:00+00:00,1.21133,1.21584,1.21121,1.21466,23780.0
2023-01-09 06:00:00+00:00,1.21467,1.21743,1.21256,1.2159,42723.0
2023-01-09 10:00:00+00:00,1.21593,1.21886,1.2112,1.21682,39173.0
2023-01-09 14:00:00+00:00,1.21684,1.221,1.21606,1.21947,43981.0
2023-01-09 18:00:00+00:00,1.21948,1.22048,1.21762,1.21852,29005.0
2023-01-09 22:00:00+00:00,1.21827,1.21983,1.21636,1.218,20156.0
2023-01-10 02:00:00+00:00,1.21801,1.21866,1.2157,1.21753,30614.0
2023-01-10 06:00:00+00:00,1.21754,1.2185,1.21397,1.21836,42352.0
2023-01-10 10:00:00+00:00,1.21836,1.21842,1.211,1.21376,34059.0
2023-01-10 14:00:00+00:00,1.21382,1.21812,1.21354,1.21487,56820.0
2023-01-10 18:00:00+00:00,1.21484,1.21678,1.2142,1.21498,21700.0
2023-01-10 22:00:00+00:00,1.2157,1.21644,1.21416,1.21504,17859.0
2023-01-11 02:00:00+00:00,1.21504,1.21742,1.21462,1.21684,24081.0
2023-01-11 06:00:00+00:00,1.21684,1.21786,1.2126,1.21325,34342.0
2023-01-11 10:00:00+00:00,1.21328,1.21412,1.21034,1.2106,33759.0
2023-01-11 14:00:00+00:00,1.21063,1.21536,1.21004,1.21211,41870.0
2023-01-11 18:00:00+00:00,1.21211,1.21566,1.21138,1.21502,29938.0
2023-01-11 22:00:00+00:00,1.21446,1.21658,1.21431,1.21588,24671.0
2023-01-12 02:00:00+00:00,1.21588,1.21709,1.21528,1.21558,20682.0
2023-01-12 06:00:00+00:00,1.21558,1.21822,1.21336,1.21771,34749.0
2023-01-12 10:00:00+00:00,1.2177,1.22426,1.20913,1.22362,53379.0
2023-01-12 14:00:00+00:00,1.22366,1.224,1.20888,1.22286,79601.0
2023-01-12 18:00:00+00:00,1.22286,1.2247,1.22056,1.22136,37588.0
2023-01-12 22:00:00+00:00,1.22214,1.2233,1.22028,1.22189,23922.0
2023-01-13 02:00:00+00:00,1.22185,1.22193,1.21758,1.21814,24254.0
2023-01-13 06:00:00+00:00,1.21817,1.22488,1.21812,1.22282,44150.0
2023-01-13 10:00:00+00:00,1.22282,1.22412,1.21588,1.21674,40460.0
2023-01-13 14:00:00+00:00,1.21678,1.22222,1.21504,1.22092,54214.0
2023-01-13 18:00:00+00:00,1.22092,1.22398,1.22039,1.22241,25011.0
2023-01-15 22:00:00+00:00,1.222,1.2277,1.2212,1.22714,22771.0
2023-01-16 02:00:00+00:00,1.22714,1.22892,1.22554,1.22634,26754.0
2023-01-16 06:00:00+00:00,1.22634,1.22642,1.21716,1.22007,38372.0
2023-01-16 10:00:00+00:00,1.22006,1.22258,1.21805,1.2193,31981.0
2023-01-16 14:00:00+00:00,1.21936,1.22114,1.21892,1.21908,28002.0
2023-01-16 18:00:00+00:00,1.21907,1.2199,1.2183,1.21968,9490.0
2023-01-16 22:00:00+00:00,1.22008,1.2213,1.21788,1.21878,23323.0
2023-01-17 02:00:00+00:00,1.21878,1.22065,1.21724,1.22013,27215.0
2023-01-17 06:00:00+00:00,1.22016,1.22303,1.21694,1.22084,43731.0
2023-01-17 10:00:00+00:00,1.22086,1.22728,1.2192,1.22522,46506.0
2023-01-17 14:00:00+00:00,1.22524,1.23008,1.22464,1.22624,60036.0
2023-01-17 18:00:00+00:00,1.2262,1.22919,1.22586,1.22883,26701.0
2023-01-17 22:00:00+00:00,1.22845,1.22904,1.22688,1.22848,18186.0
2023-01-18 02:00:00+00:00,1.22846,1.22904,1.22544,1.22824,40392.0
2023-01-18 06:00:00+00:00,1.22824,1.23638,1.22818,1.23588,52225.0
2023-01-18 10:00:00+00:00,1.23588,1.24219,1.23377,1.23952,51544.0
2023-01-18 14:00:00+00:00,1.23951,1.2436,1.23311,1.23458,66339.0
2023-01-18 18:00:00+00:00,1.23458,1.23484,1.23274,1.23444,33295.0
2023-01-18 22:00:00+00:00,1.23496,1.23531,1.23187,1.23366,23784.0
2023-01-19 02:00:00+00:00,1.23366,1.23453,1.23198,1.23312,25014.0
2023-01-19 06:00:00+00:00,1.23312,1.23497,1.23132,1.2337,40485.0
2023-01-19 10:00:00+00:00,1.23376,1.23594,1.23153,1.23488,47299.0
2023-01-19 14:00:00+00:00,1.23487,1.23778,1.23364,1.23726,51028.0
2023-01-19 18:00:00+00:00,1.23726,1.23974,1.2366,1.2394,29215.0
2023-01-19 22:00:00+00:00,1.23906,1.23982,1.2377,1.23851,16083.0
2023-01-20 02:00:00+00:00,1.23852,1.23938,1.2365,1.23791,21971.0
2023-01-20 06:00:00+00:00,1.2379,1.23828,1.23384,1.23413,35633.0
2023-01-20 10:00:00+00:00,1.23413,1.23714,1.23354,1.23414,36164.0
2023-01-20 14:00:00+00:00,1.23414,1.23958,1.23364,1.23868,46703.0
2023-01-20 18:00:00+00:00,1.23868,1.24046,1.23734,1.23981,26805.0
2023-01-22 22:00:00+00:00,1.24022,1.24346,1.23991,1.24263,17865.0
2023-01-23 02:00:00+00:00,1.24262,1.24482,1.24137,1.24138,17085.0
2023-01-23 06:00:00+00:00,1.24136,1.2432,1.23944,1.24067,34185.0
2023-01-23 10:00:00+00:00,1.24068,1.24092,1.23352,1.2346,35856.0
2023-01-23 14:00:00+00:00,1.23458,1.23878,1.23236,1.23688,42475.0
2023-01-23 18:00:00+00:00,1.23688,1.23882,1.2356,1.23783,26532.0
2023-01-23 22:00:00+00:00,1.23764,1.2391,1.23737,1.23884,16521.0
2023-01-24 02:00:00+00:00,1.23884,1.23942,1.23751,1.23868,16107.0
2023-01-24 06:00:00+00:00,1.23867,1.24138,1.23082,1.23311,30830.0
2023-01-24 10:00:00+00:00,1.23308,1.2336,1.22816,1.22925,34637.0
2023-01-24 14:00:00+00:00,1.22924,1.23402,1.22632,1.23263,51929.0
2023-01-24 18:00:00+00:00,1.23263,1.23424,1.23224,1.234,25194.0
2023-01-24 22:00:00+00:00,1.23323,1.2338,1.23118,1.23262,22458.0
2023-01-25 02:00:00+00:00,1.23264,1.23372,1.23162,1.23226,17645.0
2023-01-25 06:00:00+00:00,1.23224,1.23394,1.23042,1.23104,31136.0
2023-01-25 10:00:00+00:00,1.23098,1.23368,1.22832,1.23155,30590.0
2023-01-25 14:00:00+00:00,1.23152,1.23998,1.23104,1.23822,48880.0
2023-01-25 18:00:00+00:00,1.23824,1.24045,1.23808,1.24004,23610.0
2023-01-25 22:00:00+00:00,1.24028,1.24188,1.23944,1.24098,16513.0
2023-01-26 02:00:00+00:00,1.24099,1.24108,1.23896,1.24008,16569.0
2023-01-26 06:00:00+00:00,1.24008,1.24307,1.2374,1.23846,34125.0
2023-01-26 10:00:00+00:00,1.23846,1.24072,1.23606,1.23928,33762.0
2023-01-26 14:00:00+00:00,1.23928,1.24197,1.23449,1.23752,52795.0
2023-01-26 18:00:00+00:00,1.23751,1.2416,1.23744,1.24122,21317.0
2023-01-26 22:00:00+00:00,1.24047,1.24191,1.23981,1.24038,16455.0
2023-01-27 02:00:00+00:00,1.24038,1.24044,1.23771,1.23816,13726.0
2023-01-27 06:00:00+00:00,1.23816,1.23899,1.23596,1.23707,27004.0
2023-01-27 10:00:00+00:00,1.23706,1.23914,1.23556,1.23686,29204.0
2023-01-27 14:00:00+00:00,1.23686,1.23982,1.23452,1.23919,48122.0
2023-01-27 18:00:00+00:00,1.23918,1.23997,1.23814,1.23918,20241.0
2023-01-29 22:00:00+00:00,1.23931,1.24048,1.23773,1.23923,15929.0
2023-01-30 02:00:00+00:00,1.23922,1.24058,1.23834,1.23964,28366.0
2023-01-30 06:00:00+00:00,1.23965,1.24001,1.23684,1.23928,34491.0
2023-01-30 10:00:00+00:00,1.2393,1.24174,1.2373,1.23748,32008.0
2023-01-30 14:00:00+00:00,1.23748,1.23949,1.236,1.2363,40711.0
2023-01-30 18:00:00+00:00,1.23628,1.23639,1.23369,1.2352,21754.0
2023-01-30 22:00:00+00:00,1.23493,1.23714,1.23468,1.23667,16943.0
2023-01-31 02:00:00+00:00,1.23666,1.2367,1.23311,1.23386,20336.0
2023-01-31 06:00:00+00:00,1.23388,1.23628,1.23082,1.23258,32415.0
2023-01-31 10:00:00+00:00,1.23256,1.23304,1.22956,1.23217,36403.0
2023-01-31 14:00:00+00:00,1.23222,1.23284,1.22844,1.2326,46686.0
2023-01-31 18:00:00+00:00,1.23258,1.23377,1.23139,1.23198,17436.0
2023-01-31 22:00:00+00:00,1.23232,1.23271,1.23034,1.23106,14699.0
2023-02-01 02:00:00+00:00,1.23105,1.23196,1.23038,1.2315,14848.0
2023-02-01 06:00:00+00:00,1.23148,1.23285,1.2309,1.23169,27895.0
2023-02-01 10:00:00+00:00,1.23169,1.23446,1.23125,1.23398,28114.0
2023-02-01 14:00:00+00:00,1.23397,1.23472,1.22944,1.23024,41343.0
2023-02-01 18:00:00+00:00,1.23024,1.23944,1.22722,1.23722,62331.0
2023-02-01 22:00:00+00:00,1.23764,1.24018,1.23707,1.23783,22009.0
2023-02-02 02:00:00+00:00,1.23784,1.2396,1.23766,1.23907,18720.0
2023-02-02 06:00:00+00:00,1.23908,1.23972,1.23311,1.23446,33937.0
2023-02-02 10:00:00+00:00,1.23448,1.23922,1.22648,1.23014,53700.0
2023-02-02 14:00:00+00:00,1.23015,1.23263,1.22316,1.22438,60197.0
2023-02-02 18:00:00+00:00,1.22446,1.22551,1.22225,1.22241,39420.0
2023-02-02 22:00:00+00:00,1.22266,1.22308,1.22052,1.22182,16525.0
2023-02-03 02:00:00+00:00,1.22183,1.22201,1.22023,1.22137,19062.0
2023-02-03 06:00:00+00:00,1.2214,1.22523,1.21832,1.22462,36386.0
2023-02-03 10:00:00+00:00,1.2246,1.22656,1.21011,1.21278,44384.0
2023-02-03 14:00:00+00:00,1.21275,1.21482,1.20624,1.20748,65575.0
2023-02-03 18:00:00+00:00,1.20747,1.20758,1.20476,1.20533,25042.0
2023-02-05 22:00:00+00:00,1.2036,1.20574,1.2031,1.20425,20289.0
2023-02-06 02:00:00+00:00,1.20425,1.2068,1.20383,1.2068,20542.0
2023-02-06 06:00:00+00:00,1.2068,1.20702,1.20347,1.20368,30411.0
2023-02-06 10:00:00+00:00,1.20368,1.20776,1.20216,1.20492,33712.0
2023-02-06 14:00:00+00:00,1.20489,1.20754,1.20057,1.20122,40465.0
2023-02-06 18:00:00+00:00,1.20122,1.2039,1.20082,1.20215,22616.0
2023-02-06 22:00:00+00:00,1.20242,1.20556,1.20162,1.20524,13436.0
2023-02-07 02:00:00+00:00,1.20525,1.20554,1.20353,1.2049,19976.0
2023-02-07 06:00:00+00:00,1.20488,1.20576,1.19865,1.20051,36653.0
2023-02-07 10:00:00+00:00,1.20055,1.20116,1.19612,1.19796,36617.0
2023-02-07 14:00:00+00:00,1.19798,1.20954,1.19676,1.20848,50880.0
2023-02-07 18:00:00+00:00,1.20844,1.20905,1.19874,1.20485,50371.0
2023-02-07 22:00:00+00:00,1.20428,1.2062,1.2039,1.20473,17950.0
2023-02-08 02:00:00+00:00,1.20474,1.20572,1.20404,1.20535,17891.0
2023-02-08 06:00:00+00:00,1.20534,1.21098,1.20386,1.21056,33956.0
2023-02-08 10:00:00+00:00,1.21055,1.21086,1.20756,1.20834,28657.0
2023-02-08 14:00:00+00:00,1.20835,1.20976,1.20548,1.20838,43016.0
2023-02-08 18:00:00+00:00,1.20841,1.20952,1.20601,1.20711,24769.0
2023-02-08 22:00:00+00:00,1.20692,1.20769,1.20568,1.20754,20420.0
2023-02-09 02:00:00+00:00,1.20754,1.20942,1.20742,1.20886,20033.0
2023-02-09 06:00:00+00:00,1.20887,1.21436,1.20858,1.21411,30639.0
2023-02-09 10:00:00+00:00,1.2141,1.21926,1.21309,1.21922,32019.0
2023-02-09 14:00:00+00:00,1.21922,1.2194,1.21309,1.21423,41505.0
2023-02-09 18:00:00+00:00,1.21421,1.21421,1.21113,1.21184,29888.0
2023-02-09 22:00:00+00:00,1.212,1.21286,1.21002,1.211,17574.0
2023-02-10 02:00:00+00:00,1.21096,1.21104,1.20896,1.21012,20752.0
2023-02-10 06:00:00+00:00,1.21012,1.21398,1.20896,1.20998,47984.0
2023-02-10 10:00:00+00:00,1.20997,1.21224,1.20799,1.21124,37723.0
2023-02-10 14:00:00+00:00,1.21122,1.21304,1.20488,1.2049,44657.0
2023-02-10 18:00:00+00:00,1.20489,1.20636,1.20472,1.20585,23821.0
2023-02-12 22:00:00+00:00,1.20672,1.20684,1.20336,1.20482,16278.0
2023-02-13 02:00:00+00:00,1.20485,1.2053,1.204,1.20454,21041.0
2023-02-13 06:00:00+00:00,1.20452,1.20672,1.2032,1.20382,28101.0
2023-02-13 10:00:00+00:00,1.20382,1.21155,1.20308,1.2088,28625.0
2023-02-13 14:00:00+00:00,1.2088,1.21452,1.2081,1.21356,38137.0
2023-02-13 18:00:00+00:00,1.21358,1.21519,1.21244,1.21396,20117.0
2023-02-13 22:00:00+00:00,1.2137,1.21526,1.2132,1.21408,17249.0
2023-02-14 02:00:00+00:00,1.21411,1.21518,1.2134,1.21466,22483.0
2023-02-14 06:00:00+00:00,1.21464,1.21884,1.21347,1.21882,34485.0
2023-02-14 10:00:00+00:00,1.21882,1.22703,1.21529,1.22105,46823.0
2023-02-14 14:00:00+00:00,1.22103,1.22214,1.2117,1.21714,75791.0
2023-02-14 18:00:00+00:00,1.21713,1.21904,1.21544,1.21752,31244.0
2023-02-14 22:00:00+00:00,1.21737,1.21818,1.21652,1.21664,19824.0
2023-02-15 02:00:00+00:00,1.21662,1.21675,1.21444,1.21496,18989.0
2023-02-15 06:00:00+00:00,1.21496,1.2156,1.20714,1.20965,40342.0
2023-02-15 10:00:00+00:00,1.20961,1.21012,1.20067,1.2014,42536.0
2023-02-15 14:00:00+00:00,1.20136,1.20346,1.19896,1.20048,51100.0
2023-02-15 18:00:00+00:00,1.20047,1.20385,1.19955,1.20341,22283.0
2023-02-15 22:00:00+00:00,1.20309,1.20446,1.20144,1.20397,19719.0
2023-02-16 02:00:00+00:00,1.20394,1.20534,1.20378,1.2046,22213.0
2023-02-16 06:00:00+00:00,1.2046,1.20742,1.20282,1.2055,36468.0
2023-02-16 10:00:00+00:00,1.20548,1.20692,1.19788,1.19878,38545.0
2023-02-16 14:00:00+00:00,1.19878,1.20272,1.19652,1.20171,52990.0
2023-02-16 18:00:00+00:00,1.20169,1.20274,1.19816,1.19875,33698.0
2023-02-16 22:00:00+00:00,1.19924,1.19944,1.19516,1.19536,22006.0
2023-02-17 02:00:00+00:00,1.19536,1.19586,1.19416,1.19482,16770.0
2023-02-17 06:00:00+00:00,1.19478,1.19588,1.19151,1.19426,35231.0
2023-02-17 10:00:00+00:00,1.19426,1.19742,1.19212,1.19706,36704.0
2023-02-17 14:00:00+00:00,1.19703,1.20372,1.19654,1.20198,51167.0
2023-02-17 18:00:00+00:00,1.202,1.20496,1.20169,1.2042,22035.0
2023-02-19 22:00:00+00:00,1.20296,1.20387,1.20145,1.2019,24408.0
2023-02-20 02:00:00+00:00,1.20188,1.20452,1.20184,1.20422,23486.0
2023-02-20 06:00:00+00:00,1.20421,1.2057,1.20188,1.2022,30756.0
2023-02-20 10:00:00+00:00,1.20219,1.20416,1.20186,1.2038,28526.0
2023-02-20 14:00:00+00:00,1.2038,1.20431,1.20244,1.2036,17980.0
2023-02-20 18:00:00+00:00,1.20364,1.20425,1.20348,1.20404,7721.0
2023-02-20 22:00:00+00:00,1.2039,1.20442,1.20135,1.2026,19001.0
2023-02-21 02:00:00+00:00,1.20261,1.20368,1.20172,1.20306,18030.0
2023-02-21 06:00:00+00:00,1.20304,1.21142,1.19861,1.20916,42970.0
2023-02-21 10:00:00+00:00,1.2092,1.21302,1.20754,1.20996,40843.0
2023-02-21 14:00:00+00:00,1.20993,1.21478,1.20617,1.21278,52761.0
2023-02-21 18:00:00+00:00,1.21281,1.21288,1.20972,1.21115,23439.0
2023-02-21 22:00:00+00:00,1.2112,1.21357,1.21059,1.2121,21825.0
2023-02-22 02:00:00+00:00,1.2121,1.21254,1.20979,1.21065,18533.0
2023-02-22 06:00:00+00:00,1.21066,1.21287,1.20652,1.20777,35174.0
2023-02-22 10:00:00+00:00,1.20779,1.21201,1.20634,1.21048,36201.0
2023-02-22 14:00:00+00:00,1.21046,1.21138,1.20552,1.20738,43071.0
2023-02-22 18:00:00+00:00,1.20738,1.20828,1.20346,1.20438,34885.0
2023-02-22 22:00:00+00:00,1.20463,1.20612,1.20402,1.20574,15645.0
2023-02-23 02:00:00+00:00,1.20574,1.20685,1.20524,1.20607,15715.0
2023-02-23 06:00:00+00:00,1.20608,1.20752,1.20142,1.20308,33721.0
2023-02-23 10:00:00+00:00,1.2031,1.20638,1.2019,1.20348,37047.0
2023-02-23 14:00:00+00:00,1.20348,1.20696,1.19922,1.1999,48636.0
2023-02-23 18:00:00+00:00,1.1999,1.20322,1.19963,1.2015,20788.0
2023-02-23 22:00:00+00:00,1.20128,1.20334,1.20074,1.20166,31528.0
2023-02-24 02:00:00+00:00,1.20166,1.20315,1.20128,1.20232,19781.0
2023-02-24 06:00:00+00:00,1.20232,1.2042,1.20004,1.2024,30764.0
2023-02-24 10:00:00+00:00,1.2024,1.20307,1.19457,1.19648,41472.0
2023-02-24 14:00:00+00:00,1.1965,1.19667,1.19282,1.19458,52135.0
2023-02-24 18:00:00+00:00,1.1946,1.19546,1.19384,1.194,21375.0
2023-02-26 22:00:00+00:00,1.19528,1.19632,1.19425,1.19631,15784.0
2023-02-27 02:00:00+00:00,1.19626,1.19646,1.19348,1.19382,18561.0
2023-02-27 06:00:00+00:00,1.19382,1.19849,1.19225,1.19738,35573.0
2023-02-27 10:00:00+00:00,1.19736,1.20242,1.19644,1.2019,31538.0
2023-02-27 14:00:00+00:00,1.20192,1.20608,1.20135,1.20596,38964.0
2023-02-27 18:00:00+00:00,1.20599,1.20662,1.20481,1.20618,20576.0
2023-02-27 22:00:00+00:00,1.20559,1.20684,1.20524,1.20532,18491.0
2023-02-28 02:00:00+00:00,1.20534,1.20628,1.20382,1.20402,16511.0
2023-02-28 06:00:00+00:00,1.20399,1.20978,1.20272,1.20745,36252.0
2023-02-28 10:00:00+00:00,1.20744,1.21284,1.20732,1.21226,31953.0
2023-02-28 14:00:00+00:00,1.21222,1.21434,1.20802,1.20998,43065.0
2023-02-28 18:00:00+00:00,1.20998,1.21026,1.20179,1.2019,17822.0
2023-02-28 22:00:00+00:00,1.20172,1.20468,1.20128,1.20342,33564.0
2023-03-01 02:00:00+00:00,1.20341,1.20474,1.20166,1.20408,17519.0
2023-03-01 06:00:00+00:00,1.2041,1.20893,1.20395,1.2068,37730.0
2023-03-01 10:00:00+00:00,1.2068,1.20754,1.2008,1.20088,41263.0
2023-03-01 14:00:00+00:00,1.20088,1.20452,1.19651,1.20229,52040.0
2023-03-01 18:00:00+00:00,1.20227,1.20278,1.19931,1.2027,18784.0
2023-03-01 22:00:00+00:00,1.20316,1.20368,1.19982,1.20096,17233.0
2023-03-02 02:00:00+00:00,1.20097,1.20169,1.19844,1.19882,22634.0
2023-03-02 06:00:00+00:00,1.19886,1.20097,1.19555,1.19734,35548.0
2023-03-02 10:00:00+00:00,1.19726,1.19882,1.19244,1.19288,38730.0
2023-03-02 14:00:00+00:00,1.19287,1.1963,1.19256,1.19338,42267.0
2023-03-02 18:00:00+00:00,1.1934,1.19578,1.19252,1.19468,21647.0
2023-03-02 22:00:00+00:00,1.19498,1.19753,1.19436,1.19626,18135.0
2023-03-03 02:00:00+00:00,1.19627,1.19772,1.19578,1.1965,16724.0
2023-03-03 06:00:00+00:00,1.19651,1.19992,1.19651,1.19856,31264.0
2023-03-03 10:00:00+00:00,1.19856,1.20189,1.19744,1.20084,30088.0
2023-03-03 14:00:00+00:00,1.20084,1.20178,1.19622,1.20102,42180.0
2023-03-03 18:00:00+00:00,1.20103,1.20488,1.20086,1.20437,17270.0
2023-03-05 22:00:00+00:00,1.20358,1.20396,1.20244,1.20355,12605.0
2023-03-06 02:00:00+00:00,1.2035,1.20486,1.20253,1.2036,15484.0
2023-03-06 06:00:00+00:00,1.20362,1.2046,1.20222,1.20286,28968.0
2023-03-06 10:00:00+00:00,1.20284,1.20316,1.19928,1.20112,28629.0
2023-03-06 14:00:00+00:00,1.2011,1.20492,1.19992,1.2041,36286.0
2023-03-06 18:00:00+00:00,1.20408,1.20412,1.20136,1.20263,16224.0
2023-03-06 22:00:00+00:00,1.2024,1.20426,1.20173,1.20384,12224.0
2023-03-07 02:00:00+00:00,1.20386,1.20484,1.20329,1.20368,20286.0
2023-03-07 06:00:00+00:00,1.20368,1.20653,1.20054,1.20126,32259.0
2023-03-07 10:00:00+00:00,1.20132,1.20166,1.19758,1.1981,30403.0
2023-03-07 14:00:00+00:00,1.19809,1.19867,1.18455,1.18498,64691.0
2023-03-07 18:00:00+00:00,1.185,1.1859,1.18214,1.18266,20122.0
2023-03-07 22:00:00+00:00,1.18349,1.18374,1.18234,1.18288,14034.0
2023-03-08 02:00:00+00:00,1.18288,1.18322,1.18103,1.18212,18819.0
2023-03-08 06:00:00+00:00,1.18215,1.18422,1.18154,1.1833,29405.0
2023-03-08 10:00:00+00:00,1.18331,1.18488,1.18186,1.18236,25763.0
2023-03-08 14:00:00+00:00,1.18234,1.18598,1.18032,1.18314,44862.0
2023-03-08 18:00:00+00:00,1.18312,1.18502,1.18254,1.18418,15234.0
2023-03-08 22:00:00+00:00,1.18373,1.1855,1.18318,1.18373,16610.0
2023-03-09 02:00:00+00:00,1.18374,1.1866,1.1836,1.18546,14353.0
2023-03-09 06:00:00+00:00,1.18546,1.18894,1.18382,1.18696,25031.0
2023-03-09 10:00:00+00:00,1.18697,1.19116,1.18659,1.19104,28874.0
2023-03-09 14:00:00+00:00,1.19102,1.19366,1.1902,1.1925,35078.0
2023-03-09 18:00:00+00:00,1.19251,1.19391,1.19034,1.1922,28054.0
2023-03-09 22:00:00+00:00,1.19234,1.19336,1.19161,1.1925,15465.0
2023-03-10 02:00:00+00:00,1.19249,1.19322,1.19078,1.1924,26105.0
2023-03-10 06:00:00+00:00,1.1924,1.201,1.19198,1.19882,37612.0
2023-03-10 10:00:00+00:00,1.19883,1.20459,1.19702,1.20188,47123.0
2023-03-10 14:00:00+00:00,1.20187,1.21137,1.20075,1.20598,73571.0
2023-03-10 18:00:00+00:00,1.20599,1.20655,1.2018,1.2033,33762.0
2023-03-12 21:00:00+00:00,1.20776,1.21042,1.20692,1.20736,30123.0
2023-03-13 01:00:00+00:00,1.20739,1.21414,1.20548,1.21164,38488.0
2023-03-13 05:00:00+00:00,1.21164,1.21245,1.20846,1.21002,40483.0
2023-03-13 09:00:00+00:00,1.21,1.21033,1.20465,1.2098,80329.0
2023-03-13 13:00:00+00:00,1.20976,1.21791,1.20818,1.21582,76491.0
2023-03-13 17:00:00+00:00,1.21582,1.22,1.21475,1.21832,39115.0
2023-03-13 21:00:00+00:00,1.21756,1.21888,1.21544,1.21622,19214.0
2023-03-14 01:00:00+00:00,1.21625,1.21662,1.21448,1.2156,31196.0
2023-03-14 05:00:00+00:00,1.21554,1.21835,1.21413,1.21664,48707.0
2023-03-14 09:00:00+00:00,1.21663,1.2204,1.2143,1.21922,52630.0
2023-03-14 13:00:00+00:00,1.2192,1.2202,1.21357,1.21549,56264.0
2023-03-14 17:00:00+00:00,1.21551,1.21848,1.21528,1.21584,35271.0
2023-03-14 21:00:00+00:00,1.21591,1.21608,1.21468,1.21546,21791.0
2023-03-15 01:00:00+00:00,1.21546,1.2182,1.21506,1.2164,25024.0
2023-03-15 05:00:00+00:00,1.2164,1.21648,1.21383,1.21597,32475.0
2023-03-15 09:00:00+00:00,1.21598,1.21617,1.20422,1.20794,69184.0
2023-03-15 13:00:00+00:00,1.20787,1.2093,1.20103,1.20122,72845.0
2023-03-15 17:00:00+00:00,1.20122,1.20856,1.2012,1.20548,52299.0
2023-03-15 21:00:00+00:00,1.20635,1.20816,1.2047,1.20761,21268.0
2023-03-16 01:00:00+00:00,1.2076,1.20824,1.20609,1.2079,31423.0
2023-03-16 05:00:00+00:00,1.2079,1.21133,1.20628,1.20782,37255.0
2023-03-16 09:00:00+00:00,1.20782,1.20832,1.20318,1.20588,43604.0
2023-03-16 13:00:00+00:00,1.2059,1.21206,1.20272,1.21094,74554.0
2023-03-16 17:00:00+00:00,1.21095,1.21281,1.21025,1.2111,31063.0
2023-03-16 21:00:00+00:00,1.2108,1.21157,1.21018,1.21122,13716.0
2023-03-17 01:00:00+00:00,1.21123,1.21488,1.21072,1.21486,21943.0
2023-03-17 05:00:00+00:00,1.21486,1.21768,1.21382,1.21394,31586.0
2023-03-17 09:00:00+00:00,1.21394,1.21475,1.21132,1.2134,35004.0
2023-03-17 13:00:00+00:00,1.21342,1.21798,1.21321,1.21767,47702.0
2023-03-17 17:00:00+00:00,1.21766,1.22008,1.21659,1.21822,26768.0
2023-03-19 21:00:00+00:00,1.22135,1.22138,1.21778,1.21928,18724.0
2023-03-20 01:00:00+00:00,1.2193,1.21962,1.2169,1.21812,31202.0
2023-03-20 05:00:00+00:00,1.21812,1.22147,1.21671,1.22137,41280.0
2023-03-20 09:00:00+00:00,1.22139,1.22417,1.21846,1.22305,37596.0
2023-03-20 13:00:00+00:00,1.22304,1.2276,1.22287,1.22692,36921.0
2023-03-20 17:00:00+00:00,1.22694,1.22851,1.22652,1.22796,19067.0
2023-03-20 21:00:00+00:00,1.22774,1.22828,1.22708,1.22741,13872.0
2023-03-21 01:00:00+00:00,1.22743,1.22773,1.22485,1.22538,15325.0
2023-03-21 05:00:00+00:00,1.22538,1.22629,1.22318,1.22331,25446.0
2023-03-21 09:00:00+00:00,1.22331,1.22593,1.2229,1.2252,25660.0
2023-03-21 13:00:00+00:00,1.22518,1.2255,1.21787,1.21902,30182.0
2023-03-21 17:00:00+00:00,1.21904,1.22211,1.21866,1.22178,14841.0
2023-03-21 21:00:00+00:00,1.22135,1.2228,1.22135,1.22204,10801.0
2023-03-22 01:00:00+00:00,1.22204,1.2237,1.22087,1.22312,19962.0
2023-03-22 05:00:00+00:00,1.22312,1.22856,1.22242,1.22752,26445.0
2023-03-22 09:00:00+00:00,1.22753,1.22976,1.22619,1.22701,23446.0
2023-03-22 13:00:00+00:00,1.22702,1.22721,1.22208,1.22421,22195.0
2023-03-22 17:00:00+00:00,1.22422,1.23354,1.22328,1.22662,54380.0
2023-03-22 21:00:00+00:00,1.22706,1.22928,1.22631,1.22918,16283.0
2023-03-23 01:00:00+00:00,1.22919,1.23249,1.22826,1.23224,19409.0
2023-03-23 05:00:00+00:00,1.23222,1.23438,1.23048,1.23208,31348.0
2023-03-23 09:00:00+00:00,1.23212,1.23378,1.22653,1.22756,32387.0
2023-03-23 13:00:00+00:00,1.22756,1.23306,1.22735,1.23218,33922.0
2023-03-23 17:00:00+00:00,1.23219,1.2322,1.22616,1.22868,33988.0
2023-03-23 21:00:00+00:00,1.22864,1.22928,1.22676,1.22823,13677.0
2023-03-24 01:00:00+00:00,1.22822,1.2287,1.22614,1.22854,20973.0
2023-03-24 05:00:00+00:00,1.22854,1.22888,1.22365,1.22398,28374.0
2023-03-24 09:00:00+00:00,1.22396,1.22555,1.21904,1.22134,42019.0
2023-03-24 13:00:00+00:00,1.22136,1.2232,1.21964,1.22196,40725.0
2023-03-24 17:00:00+00:00,1.22194,1.22345,1.22126,1.22308,16355.0
2023-03-26 21:00:00+00:00,1.22345,1.225,1.22299,1.2231,12427.0
2023-03-27 01:00:00+00:00,1.22308,1.22515,1.22304,1.2238,17807.0
2023-03-27 05:00:00+00:00,1.2238,1.22662,1.2219,1.22628,28330.0
2023-03-27 09:00:00+00:00,1.22628,1.22733,1.22414,1.22436,24356.0
2023-03-27 13:00:00+00:00,1.22438,1.22934,1.22401,1.2283,29145.0
2023-03-27 17:00:00+00:00,1.22831,1.22934,1.22724,1.22885,14352.0
2023-03-27 21:00:00+00:00,1.22839,1.23154,1.22822,1.23101,13383.0
2023-03-28 01:00:00+00:00,1.23102,1.23217,1.2307,1.23155,17212.0
2023-03-28 05:00:00+00:00,1.23156,1.23304,1.22892,1.22959,23670.0
2023-03-28 09:00:00+00:00,1.2296,1.23288,1.22811,1.23138,23487.0
2023-03-28 13:00:00+00:00,1.23136,1.23494,1.22998,1.23444,26179.0
2023-03-28 17:00:00+00:00,1.23445,1.23483,1.23294,1.23406,11783.0
2023-03-28 21:00:00+00:00,1.23432,1.23432,1.23281,1.23366,9399.0
2023-03-29 01:00:00+00:00,1.23366,1.23411,1.23209,1.23292,16113.0
2023-03-29 05:00:00+00:00,1.23294,1.2332,1.23048,1.23252,27443.0
2023-03-29 09:00:00+00:00,1.23253,1.23618,1.23178,1.23318,29036.0
2023-03-29 13:00:00+00:00,1.23322,1.23404,1.23026,1.23089,33101.0
2023-03-29 17:00:00+00:00,1.2309,1.2323,1.23048,1.23172,14703.0
2023-03-29 21:00:00+00:00,1.23108,1.2318,1.23014,1.23048,8666.0
2023-03-30 01:00:00+00:00,1.2305,1.23117,1.22938,1.23116,16771.0
2023-03-30 05:00:00+00:00,1.23116,1.23632,1.23084,1.23548,31539.0
2023-03-30 09:00:00+00:00,1.23558,1.23803,1.23288,1.23782,26218.0
2023-03-30 13:00:00+00:00,1.23783,1.23864,1.23575,1.23861,28586.0
2023-03-30 17:00:00+00:00,1.23863,1.23929,1.23764,1.23892,12424.0
2023-03-30 21:00:00+00:00,1.23862,1.23997,1.23834,1.23994,9049.0
2023-03-31 01:00:00+00:00,1.23994,1.24233,1.23897,1.23952,17217.0
2023-03-31 05:00:00+00:00,1.23951,1.24002,1.23536,1.23662,26887.0
2023-03-31 09:00:00+00:00,1.23662,1.23966,1.236,1.23912,25735.0
2023-03-31 13:00:00+00:00,1.23912,1.23976,1.23411,1.2348,30378.0
2023-03-31 17:00:00+00:00,1.23486,1.23486,1.23245,1.23304,15894.0
2023-04-02 21:00:00+00:00,1.2329,1.23333,1.22818,1.23068,16412.0
2023-04-03 01:00:00+00:00,1.23068,1.2308,1.22759,1.2281,20182.0
2023-04-03 05:00:00+00:00,1.22808,1.23346,1.22746,1.23328,23863.0
2023-04-03 09:00:00+00:00,1.23326,1.23933,1.23316,1.23859,25038.0
2023-04-03 13:00:00+00:00,1.23862,1.24211,1.2378,1.23965,31998.0
2023-04-03 17:00:00+00:00,1.23964,1.24236,1.23876,1.24173,13968.0
2023-04-03 21:00:00+00:00,1.24117,1.24254,1.24048,1.2411,9035.0
2023-04-04 01:00:00+00:00,1.2411,1.24147,1.23986,1.24106,18073.0
2023-04-04 05:00:00+00:00,1.24105,1.24812,1.2395,1.24755,26651.0
2023-04-04 09:00:00+00:00,1.24756,1.25213,1.24658,1.2471,28287.0
2023-04-04 13:00:00+00:00,1.24711,1.25254,1.24706,1.24943,38444.0
2023-04-04 17:00:00+00:00,1.24944,1.25024,1.2489,1.25008,12186.0
2023-04-04 21:00:00+00:00,1.25018,1.25106,1.24834,1.24857,7817.0
2023-04-05 01:00:00+00:00,1.24858,1.2506,1.24838,1.2485,14863.0
2023-04-05 05:00:00+00:00,1.24851,1.25146,1.247,1.2488,22745.0
2023-04-05 09:00:00+00:00,1.2488,1.24944,1.24558,1.24898,23229.0
2023-04-05 13:00:00+00:00,1.249,1.25084,1.24327,1.24524,36370.0
2023-04-05 17:00:00+00:00,1.24524,1.24664,1.24472,1.24612,12079.0
2023-04-05 21:00:00+00:00,1.24592,1.24674,1.24481,1.24486,5516.0
2023-04-06 01:00:00+00:00,1.24488,1.24491,1.24375,1.2446,10999.0
2023-04-06 05:00:00+00:00,1.24461,1.24872,1.24422,1.24685,22205.0
2023-04-06 09:00:00+00:00,1.24684,1.24818,1.24277,1.24318,22275.0
2023-04-06 13:00:00+00:00,1.24314,1.24677,1.24126,1.24626,28147.0
2023-04-06 17:00:00+00:00,1.24625,1.24672,1.24376,1.24394,10027.0
2023-04-06 21:00:00+00:00,1.24426,1.24456,1.24333,1.24374,8382.0
2023-04-07 01:00:00+00:00,1.24374,1.24517,1.24367,1.2448,15780.0
2023-04-07 05:00:00+00:00,1.24479,1.2456,1.2429,1.24404,10470.0
2023-04-07 09:00:00+00:00,1.24406,1.24456,1.23892,1.24166,15087.0
2023-04-07 13:00:00+00:00,1.24164,1.24262,1.24004,1.24192,20101.0
2023-04-07 17:00:00+00:00,1.24194,1.24328,1.24138,1.24205,6811.0
2023-04-09 21:00:00+00:00,1.24248,1.24346,1.24159,1.24171,8800.0
2023-04-10 01:00:00+00:00,1.24172,1.2422,1.24042,1.24058,11009.0
2023-04-10 05:00:00+00:00,1.24056,1.24342,1.23966,1.24289,13378.0
2023-04-10 09:00:00+00:00,1.24288,1.24428,1.23496,1.23517,21347.0
2023-04-10 13:00:00+00:00,1.23517,1.23798,1.23444,1.23752,21725.0
2023-04-10 17:00:00+00:00,1.23756,1.23854,1.23722,1.23836,10542.0
2023-04-10 21:00:00+00:00,1.2383,1.2404,1.23795,1.23988,8586.0
2023-04-11 01:00:00+00:00,1.23988,1.24136,1.23867,1.24036,17407.0
2023-04-11 05:00:00+00:00,1.24039,1.24458,1.24036,1.24353,25088.0
2023-04-11 09:00:00+00:00,1.2435,1.24568,1.2418,1.24317,26288.0
2023-04-11 13:00:00+00:00,1.24318,1.24406,1.24053,1.24088,25713.0
2023-04-11 17:00:00+00:00,1.2409,1.24294,1.24076,1.24256,11018.0
2023-04-11 21:00:00+00:00,1.24252,1.24317,1.24214,1.24298,6696.0
2023-04-12 01:00:00+00:00,1.24296,1.24404,1.24268,1.24377,14227.0
2023-04-12 05:00:00+00:00,1.24376,1.24464,1.24084,1.24186,20092.0
2023-04-12 09:00:00+00:00,1.2418,1.24703,1.23984,1.24466,26350.0
2023-04-12 13:00:00+00:00,1.2447,1.24847,1.24382,1.24842,36653.0
2023-04-12 17:00:00+00:00,1.24841,1.24956,1.2478,1.24825,18102.0
2023-04-12 21:00:00+00:00,1.24835,1.24956,1.248,1.24928,8540.0
2023-04-13 01:00:00+00:00,1.2493,1.24966,1.24849,1.24898,16470.0
2023-04-13 05:00:00+00:00,1.24897,1.2521,1.24782,1.25206,23535.0
2023-04-13 09:00:00+00:00,1.25206,1.25354,1.2501,1.25316,27990.0
2023-04-13 13:00:00+00:00,1.25322,1.25376,1.25004,1.25294,28558.0
2023-04-13 17:00:00+00:00,1.25292,1.25356,1.25209,1.2523,11893.0
2023-04-13 21:00:00+00:00,1.25246,1.25288,1.25174,1.25211,8470.0
2023-04-14 01:00:00+00:00,1.25212,1.25469,1.25202,1.25409,17252.0
2023-04-14 05:00:00+00:00,1.2541,1.25422,1.25022,1.25042,21698.0
2023-04-14 09:00:00+00:00,1.25042,1.25252,1.24638,1.2486,28296.0
2023-04-14 13:00:00+00:00,1.24854,1.24918,1.23994,1.24054,38724.0
2023-04-14 17:00:00+00:00,1.24052,1.2419,1.24028,1.24145,14732.0
2023-04-16 21:00:00+00:00,1.24124,1.24198,1.23911,1.23913,7326.0
2023-04-17 01:00:00+00:00,1.23914,1.24126,1.23834,1.24122,16035.0
2023-04-17 05:00:00+00:00,1.24124,1.24287,1.2374,1.23772,23559.0
2023-04-17 09:00:00+00:00,1.23771,1.24384,1.23744,1.24098,26480.0
2023-04-17 13:00:00+00:00,1.241,1.24162,1.23533,1.23562,34117.0
2023-04-17 17:00:00+00:00,1.23562,1.23788,1.23558,1.2377,11001.0
2023-04-17 21:00:00+00:00,1.23715,1.23808,1.2369,1.23734,6875.0
2023-04-18 01:00:00+00:00,1.23733,1.2388,1.23677,1.23842,18063.0
2023-04-18 05:00:00+00:00,1.23843,1.24435,1.23814,1.24386,23993.0
2023-04-18 09:00:00+00:00,1.24386,1.24502,1.2426,1.24292,22992.0
2023-04-18 13:00:00+00:00,1.24293,1.2443,1.24125,1.2429,27643.0
2023-04-18 17:00:00+00:00,1.2429,1.24322,1.24236,1.24254,10507.0
2023-04-18 21:00:00+00:00,1.24276,1.24322,1.24228,1.24318,7061.0
2023-04-19 01:00:00+00:00,1.24316,1.24348,1.24096,1.2419,12190.0
2023-04-19 05:00:00+00:00,1.24187,1.24728,1.24022,1.2436,29996.0
2023-04-19 09:00:00+00:00,1.24359,1.24494,1.23922,1.24403,26259.0
2023-04-19 13:00:00+00:00,1.24406,1.24746,1.24342,1.24524,24092.0
2023-04-19 17:00:00+00:00,1.24528,1.24546,1.24354,1.24388,12348.0
2023-04-19 21:00:00+00:00,1.24423,1.24435,1.24248,1.24272,8393.0
2023-04-20 01:00:00+00:00,1.24272,1.24356,1.24206,1.24296,13990.0
2023-04-20 05:00:00+00:00,1.24297,1.24524,1.24156,1.24434,24116.0
2023-04-20 09:00:00+00:00,1.24432,1.2461,1.24052,1.24546,24253.0
2023-04-20 13:00:00+00:00,1.24544,1.24681,1.24414,1.2449,25869.0
2023-04-20 17:00:00+00:00,1.24492,1.24526,1.24295,1.24436,12274.0
2023-04-20 21:00:00+00:00,1.24404,1.24437,1.24296,1.24416,7342.0
2023-04-21 01:00:00+00:00,1.24417,1.24466,1.24306,1.24326,12867.0
2023-04-21 05:00:00+00:00,1.24328,1.24342,1.23779,1.24002,25273.0
2023-04-21 09:00:00+00:00,1.24002,1.24137,1.23771,1.24132,21798.0
2023-04-21 13:00:00+00:00,1.24133,1.24318,1.23669,1.24302,34371.0
2023-04-21 17:00:00+00:00,1.24299,1.24483,1.24228,1.24424,12516.0
2023-04-23 21:00:00+00:00,1.24438,1.24524,1.24384,1.24484,6335.0
2023-04-24 01:00:00+00:00,1.24482,1.24504,1.24313,1.24354,17463.0
2023-04-24 05:00:00+00:00,1.24354,1.24534,1.24108,1.2452,24215.0
2023-04-24 09:00:00+00:00,1.24518,1.24593,1.24264,1.24536,21629.0
2023-04-24 13:00:00+00:00,1.24538,1.24698,1.24328,1.24674,24989.0
2023-04-24 17:00:00+00:00,1.24674,1.24862,1.24656,1.2485,9315.0
2023-04-24 21:00:00+00:00,1.24817,1.25074,1.24806,1.24974,6924.0
2023-04-25 01:00:00+00:00,1.24976,1.25072,1.24806,1.24822,13613.0
2023-04-25 05:00:00+00:00,1.24821,1.24916,1.24558,1.24743,27407.0
2023-04-25 09:00:00+00:00,1.24742,1.24796,1.24204,1.24246,23917.0
2023-04-25 13:00:00+00:00,1.24248,1.24276,1.23868,1.23994,28486.0
2023-04-25 17:00:00+00:00,1.23996,1.24142,1.2395,1.24117,16528.0
2023-04-25 21:00:00+00:00,1.24082,1.24182,1.2404,1.24116,10036.0
2023-04-26 01:00:00+00:00,1.24116,1.24254,1.24028,1.2425,18036.0
2023-04-26 05:00:00+00:00,1.2425,1.2479,1.24215,1.2479,26788.0
2023-04-26 09:00:00+00:00,1.2479,1.24912,1.24599,1.24728,31417.0
2023-04-26 13:00:00+00:00,1.24731,1.25156,1.24595,1.24678,35354.0
2023-04-26 17:00:00+00:00,1.24676,1.24752,1.24539,1.24688,14777.0
2023-04-26 21:00:00+00:00,1.2467,1.2474,1.24642,1.24712,9212.0
2023-04-27 01:00:00+00:00,1.24713,1.24778,1.24629,1.2475,18947.0
2023-04-27 05:00:00+00:00,1.24749,1.24884,1.24566,1.24727,26444.0
2023-04-27 09:00:00+00:00,1.2472,1.24996,1.24364,1.24488,29776.0
2023-04-27 13:00:00+00:00,1.2449,1.2494,1.24414,1.24656,32477.0
2023-04-27 17:00:00+00:00,1.24658,1.24999,1.24618,1.2499,13747.0
2023-04-27 21:00:00+00:00,1.24876,1.25002,1.24876,1.24968,11074.0
2023-04-28 01:00:00+00:00,1.24968,1.25044,1.2478,1.24826,23232.0
2023-04-28 05:00:00+00:00,1.24826,1.24938,1.24501,1.24556,32857.0
2023-04-28 09:00:00+00:00,1.24556,1.2491,1.24466,1.24874,28574.0
2023-04-28 13:00:00+00:00,1.24876,1.25842,1.24856,1.25748,39622.0
2023-04-28 17:00:00+00:00,1.25747,1.25758,1.25578,1.25678,14864.0
2023-04-30 21:00:00+00:00,1.25634,1.25706,1.25509,1.25588,10498.0
2023-05-01 01:00:00+00:00,1.25589,1.25694,1.2554,1.25579,12912.0
2023-05-01 05:00:00+00:00,1.2558,1.2558,1.25179,1.25185,18251.0
2023-05-01 09:00:00+00:00,1.25186,1.25577,1.25144,1.25557,19296.0
2023-05-01 13:00:00+00:00,1.25558,1.256,1.24806,1.24932,31171.0
2023-05-01 17:00:00+00:00,1.24934,1.24964,1.2484,1.24961,15116.0
2023-05-01 21:00:00+00:00,1.24972,1.24989,1.24839,1.2493,8282.0
2023-05-02 01:00:00+00:00,1.2493,1.25126,1.24922,1.24964,19077.0
2023-05-02 05:00:00+00:00,1.24963,1.25121,1.24636,1.24708,29014.0
2023-05-02 09:00:00+00:00,1.24711,1.24847,1.24535,1.24587,27340.0
2023-05-02 13:00:00+00:00,1.24584,1.24896,1.24355,1.24785,38743.0
2023-05-02 17:00:00+00:00,1.24784,1.2479,1.24662,1.24681,12400.0
2023-05-02 21:00:00+00:00,1.24663,1.24842,1.24654,1.24823,9462.0
2023-05-03 01:00:00+00:00,1.24824,1.24936,1.2477,1.24877,14536.0
2023-05-03 05:00:00+00:00,1.24879,1.25338,1.24814,1.2521,21012.0
2023-05-03 09:00:00+00:00,1.25208,1.25284,1.24863,1.24972,23826.0
2023-05-03 13:00:00+00:00,1.24976,1.25552,1.24949,1.25512,28258.0
2023-05-03 17:00:00+00:00,1.25512,1.25908,1.25383,1.25639,40493.0
2023-05-03 21:00:00+00:00,1.25562,1.25923,1.25556,1.25772,14810.0
2023-05-04 01:00:00+00:00,1.25772,1.25908,1.25724,1.2583,17318.0
2023-05-04 05:00:00+00:00,1.25826,1.25936,1.2556,1.25587,28214.0
2023-05-04 09:00:00+00:00,1.25586,1.25884,1.2549,1.25518,36269.0
2023-05-04 13:00:00+00:00,1.25517,1.25989,1.25481,1.25956,48501.0
2023-05-04 17:00:00+00:00,1.25955,1.25976,1.25699,1.25736,17865.0
2023-05-04 21:00:00+00:00,1.25753,1.2588,1.25706,1.25847,9140.0
2023-05-05 01:00:00+00:00,1.25848,1.26143,1.25826,1.26069,15455.0
2023-05-05 05:00:00+00:00,1.26068,1.26344,1.25972,1.26078,21670.0
2023-05-05 09:00:00+00:00,1.26077,1.26178,1.25599,1.25694,25422.0
2023-05-05 13:00:00+00:00,1.25698,1.26527,1.25686,1.26477,31361.0
2023-05-05 17:00:00+00:00,1.26478,1.26478,1.2628,1.26317,13650.0
2023-05-07 21:00:00+00:00,1.26356,1.26372,1.26253,1.26346,8999.0
2023-05-08 01:00:00+00:00,1.26348,1.26542,1.26268,1.26519,13905.0
2023-05-08 05:00:00+00:00,1.26521,1.26576,1.26318,1.26376,17145.0
2023-05-08 09:00:00+00:00,1.2638,1.2669,1.26318,1.26466,15738.0
2023-05-08 13:00:00+00:00,1.26468,1.26552,1.26268,1.26394,21251.0
2023-05-08 17:00:00+00:00,1.26395,1.26446,1.2613,1.2619,10461.0
2023-05-08 21:00:00+00:00,1.26201,1.26231,1.26041,1.26096,10391.0
2023-05-09 01:00:00+00:00,1.26096,1.26188,1.26053,1.26131,13826.0
2023-05-09 05:00:00+00:00,1.26128,1.26402,1.25968,1.26089,24063.0
2023-05-09 09:00:00+00:00,1.26088,1.26252,1.25848,1.25864,21732.0
2023-05-09 13:00:00+00:00,1.25864,1.26236,1.25782,1.26112,26130.0
2023-05-09 17:00:00+00:00,1.26112,1.26294,1.26099,1.26209,13335.0
2023-05-09 21:00:00+00:00,1.26206,1.2632,1.26164,1.26286,7072.0
2023-05-10 01:00:00+00:00,1.26288,1.2635,1.26209,1.26216,11304.0
2023-05-10 05:00:00+00:00,1.26212,1.26447,1.26114,1.26227,20747.0
2023-05-10 09:00:00+00:00,1.26224,1.268,1.26024,1.26736,23914.0
2023-05-10 13:00:00+00:00,1.26738,1.26779,1.26074,1.26202,29896.0
2023-05-10 17:00:00+00:00,1.26202,1.26313,1.26066,1.26258,15494.0
2023-05-10 21:00:00+00:00,1.26236,1.26373,1.26236,1.26372,7707.0
2023-05-11 01:00:00+00:00,1.26372,1.2641,1.26136,1.2618,14068.0
2023-05-11 05:00:00+00:00,1.26177,1.26252,1.25654,1.25834,26675.0
2023-05-11 09:00:00+00:00,1.25838,1.26164,1.25682,1.25858,35230.0
2023-05-11 13:00:00+00:00,1.25857,1.25858,1.24968,1.25129,33720.0
2023-05-11 17:00:00+00:00,1.25128,1.25171,1.2505,1.25122,11461.0
2023-05-11 21:00:00+00:00,1.25126,1.25181,1.25072,1.2518,6658.0
2023-05-12 01:00:00+00:00,1.2518,1.2527,1.25084,1.2525,13252.0
2023-05-12 05:00:00+00:00,1.25251,1.25408,1.25065,1.25324,22858.0
2023-05-12 09:00:00+00:00,1.25324,1.2541,1.24918,1.25058,20702.0
2023-05-12 13:00:00+00:00,1.25058,1.252,1.2449,1.24517,28797.0
2023-05-12 17:00:00+00:00,1.24514,1.24592,1.24449,1.24482,11258.0
2023-05-14 21:00:00+00:00,1.24586,1.24602,1.2445,1.24506,8662.0
2023-05-15 01:00:00+00:00,1.2451,1.24666,1.24504,1.24628,13202.0
2023-05-15 05:00:00+00:00,1.24626,1.24913,1.24621,1.24887,18230.0
2023-05-15 09:00:00+00:00,1.24886,1.2521,1.24766,1.25076,19701.0
2023-05-15 13:00:00+00:00,1.25071,1.25334,1.25036,1.25334,21229.0
2023-05-15 17:00:00+00:00,1.25333,1.25348,1.25248,1.25279,9277.0
2023-05-15 21:00:00+00:00,1.25251,1.2532,1.25222,1.25306,5088.0
2023-05-16 01:00:00+00:00,1.25305,1.25324,1.25147,1.2527,11343.0
2023-05-16 05:00:00+00:00,1.25268,1.2533,1.24653,1.2522,23736.0
2023-05-16 09:00:00+00:00,1.2522,1.25467,1.24953,1.25136,20602.0
2023-05-16 13:00:00+00:00,1.25134,1.25365,1.24768,1.24853,29780.0
2023-05-16 17:00:00+00:00,1.24854,1.24906,1.24772,1.24844,11394.0
2023-05-16 21:00:00+00:00,1.24874,1.24905,1.24798,1.24862,6237.0
2023-05-17 01:00:00+00:00,1.24862,1.24938,1.2477,1.24785,14033.0
2023-05-17 05:00:00+00:00,1.24786,1.24798,1.24218,1.24275,22840.0
2023-05-17 09:00:00+00:00,1.24274,1.24778,1.24224,1.24694,21497.0
2023-05-17 13:00:00+00:00,1.24698,1.25078,1.24442,1.25044,28759.0
2023-05-17 17:00:00+00:00,1.25046,1.25106,1.2483,1.24862,13725.0
2023-05-17 21:00:00+00:00,1.24888,1.24917,1.24783,1.24844,8360.0
2023-05-18 01:00:00+00:00,1.24844,1.2493,1.24726,1.24744,14746.0
2023-05-18 05:00:00+00:00,1.24742,1.24769,1.2432,1.24376,21940.0
2023-05-18 09:00:00+00:00,1.24375,1.24493,1.24145,1.24248,22442.0
2023-05-18 13:00:00+00:00,1.24248,1.24378,1.2395,1.23958,28180.0
2023-05-18 17:00:00+00:00,1.2396,1.24124,1.23918,1.24088,12655.0
2023-05-18 21:00:00+00:00,1.24092,1.24166,1.24044,1.24134,8570.0
2023-05-19 01:00:00+00:00,1.24134,1.24144,1.23922,1.23968,16032.0
2023-05-19 05:00:00+00:00,1.23968,1.24277,1.23954,1.2409,22507.0
2023-05-19 09:00:00+00:00,1.24089,1.24681,1.24089,1.24485,24313.0
2023-05-19 13:00:00+00:00,1.2448,1.24844,1.24218,1.24665,37500.0
2023-05-19 17:00:00+00:00,1.24668,1.24708,1.2436,1.24452,14802.0
2023-05-21 21:00:00+00:00,1.24456,1.24682,1.24456,1.24666,6912.0
2023-05-22 01:00:00+00:00,1.2467,1.24725,1.24558,1.24572,17588.0
2023-05-22 05:00:00+00:00,1.24571,1.2458,1.24138,1.24414,21852.0
2023-05-22 09:00:00+00:00,1.24412,1.24712,1.24409,1.246,24264.0
2023-05-22 13:00:00+00:00,1.24598,1.246,1.24144,1.24207,28651.0
2023-05-22 17:00:00+00:00,1.24204,1.24438,1.242,1.2437,12225.0
2023-05-22 21:00:00+00:00,1.2437,1.24468,1.24312,1.24393,8557.0
2023-05-23 01:00:00+00:00,1.24391,1.24396,1.24257,1.24364,15374.0
2023-05-23 05:00:00+00:00,1.24362,1.24373,1.23852,1.24096,26352.0
2023-05-23 09:00:00+00:00,1.24094,1.24136,1.23732,1.23792,23483.0
2023-05-23 13:00:00+00:00,1.23794,1.24344,1.2377,1.24157,31387.0
2023-05-23 17:00:00+00:00,1.24156,1.24244,1.2409,1.24158,14252.0
2023-05-23 21:00:00+00:00,1.24154,1.24296,1.24148,1.24255,6457.0
2023-05-24 01:00:00+00:00,1.24256,1.2437,1.24154,1.24346,14795.0
2023-05-24 05:00:00+00:00,1.2435,1.24699,1.24024,1.24225,29852.0
2023-05-24 09:00:00+00:00,1.24226,1.24284,1.2364,1.24026,27143.0
2023-05-24 13:00:00+00:00,1.24026,1.24154,1.23578,1.23714,32169.0
2023-05-24 17:00:00+00:00,1.23716,1.23778,1.23583,1.23652,19049.0
2023-05-24 21:00:00+00:00,1.23634,1.23713,1.2355,1.23641,9740.0
2023-05-25 01:00:00+00:00,1.23638,1.23676,1.2332,1.23414,14459.0
2023-05-25 05:00:00+00:00,1.23412,1.23804,1.23333,1.23679,22814.0
2023-05-25 09:00:00+00:00,1.23678,1.2387,1.23386,1.23408,25434.0
2023-05-25 13:00:00+00:00,1.23408,1.23616,1.23092,1.23092,33008.0
2023-05-25 17:00:00+00:00,1.23094,1.23334,1.23081,1.23212,14551.0
2023-05-25 21:00:00+00:00,1.23264,1.23268,1.2311,1.23228,9790.0
2023-05-26 01:00:00+00:00,1.23231,1.2337,1.23223,1.2336,13713.0
2023-05-26 05:00:00+00:00,1.23362,1.23693,1.23314,1.23534,23634.0
2023-05-26 09:00:00+00:00,1.23532,1.23954,1.2346,1.23718,26374.0
2023-05-26 13:00:00+00:00,1.23714,1.2382,1.23212,1.23436,33081.0
2023-05-26 17:00:00+00:00,1.23436,1.23568,1.23433,1.23468,12502.0
2023-05-28 21:00:00+00:00,1.23444,1.23527,1.23388,1.23468,7636.0
2023-05-29 01:00:00+00:00,1.23467,1.2358,1.23438,1.23559,11983.0
2023-05-29 05:00:00+00:00,1.2356,1.23722,1.23356,1.23467,14594.0
2023-05-29 09:00:00+00:00,1.23466,1.2353,1.23364,1.23469,11266.0
2023-05-29 13:00:00+00:00,1.23468,1.23625,1.23428,1.23598,7078.0
2023-05-29 17:00:00+00:00,1.23601,1.23619,1.23537,1.23546,4177.0
2023-05-29 21:00:00+00:00,1.2356,1.23638,1.23438,1.23611,8803.0
2023-05-30 01:00:00+00:00,1.23612,1.23794,1.23432,1.23572,15942.0
2023-05-30 05:00:00+00:00,1.23572,1.23786,1.23272,1.23764,24961.0
2023-05-30 09:00:00+00:00,1.23763,1.24468,1.23686,1.24234,23886.0
2023-05-30 13:00:00+00:00,1.24232,1.24399,1.23933,1.23979,25987.0
2023-05-30 17:00:00+00:00,1.23981,1.24132,1.23832,1.24119,12344.0
2023-05-30 21:00:00+00:00,1.24092,1.24262,1.24049,1.24222,6385.0
2023-05-31 01:00:00+00:00,1.24221,1.24229,1.2382,1.23924,15543.0
2023-05-31 05:00:00+00:00,1.23925,1.23999,1.2348,1.23522,25410.0
2023-05-31 09:00:00+00:00,1.2352,1.23752,1.23496,1.2364,17438.0
2023-05-31 13:00:00+00:00,1.23638,1.24142,1.2357,1.23866,36763.0
2023-05-31 17:00:00+00:00,1.23866,1.2444,1.23812,1.24432,19761.0
2023-05-31 21:00:00+00:00,1.24386,1.24498,1.2434,1.2439,9114.0
2023-06-01 01:00:00+00:00,1.24391,1.24433,1.24278,1.24328,17094.0
2023-06-01 05:00:00+00:00,1.24328,1.24414,1.24008,1.24312,21885.0
2023-06-01 09:00:00+00:00,1.24312,1.2487,1.24258,1.24846,26736.0
2023-06-01 13:00:00+00:00,1.24846,1.254,1.24742,1.2533,32627.0
2023-06-01 17:00:00+00:00,1.2533,1.25356,1.25216,1.25262,11430.0
2023-06-01 21:00:00+00:00,1.25314,1.25316,1.252,1.25254,7151.0
2023-06-02 01:00:00+00:00,1.25254,1.25448,1.2523,1.25297,13327.0
2023-06-02 05:00:00+00:00,1.25296,1.25436,1.25218,1.25362,20138.0
2023-06-02 09:00:00+00:00,1.25362,1.25417,1.24935,1.25139,24617.0
2023-06-02 13:00:00+00:00,1.25139,1.25354,1.24494,1.24498,30708.0
2023-06-02 17:00:00+00:00,1.24498,1.24584,1.24416,1.24504,12013.0
2023-06-04 21:00:00+00:00,1.2458,1.2458,1.24262,1.24317,7471.0
2023-06-05 01:00:00+00:00,1.24318,1.24399,1.24273,1.24328,12991.0
2023-06-05 05:00:00+00:00,1.24328,1.2438,1.23881,1.24079,21251.0
2023-06-05 09:00:00+00:00,1.2408,1.24094,1.23684,1.2376,17057.0
2023-06-05 13:00:00+00:00,1.2376,1.24437,1.23736,1.24354,29721.0
2023-06-05 17:00:00+00:00,1.24357,1.24376,1.24272,1.24336,13105.0
2023-06-05 21:00:00+00:00,1.24358,1.24372,1.24292,1.2435,6038.0
2023-06-06 01:00:00+00:00,1.24348,1.24514,1.24326,1.245,13630.0
2023-06-06 05:00:00+00:00,1.245,1.2459,1.24192,1.24212,25738.0
2023-06-06 09:00:00+00:00,1.24213,1.24242,1.23916,1.24011,19530.0
2023-06-06 13:00:00+00:00,1.24009,1.2429,1.23948,1.2427,23500.0
2023-06-06 17:00:00+00:00,1.24272,1.24312,1.24186,1.24229,10708.0
2023-06-06 21:00:00+00:00,1.24288,1.24384,1.24204,1.24316,5549.0
2023-06-07 01:00:00+00:00,1.24316,1.24338,1.24173,1.24234,12820.0
2023-06-07 05:00:00+00:00,1.24234,1.24398,1.23953,1.24394,18689.0
2023-06-07 09:00:00+00:00,1.24396,1.2472,1.24309,1.24642,21652.0
2023-06-07 13:00:00+00:00,1.24642,1.25,1.24322,1.2434,30566.0
2023-06-07 17:00:00+00:00,1.24341,1.24466,1.24272,1.24374,12959.0
2023-06-07 21:00:00+00:00,1.24346,1.2451,1.24343,1.24492,5534.0
2023-06-08 01:00:00+00:00,1.24495,1.24546,1.24426,1.24538,12702.0
2023-06-08 05:00:00+00:00,1.24538,1.24791,1.24416,1.2478,19316.0
2023-06-08 09:00:00+00:00,1.24778,1.24976,1.24536,1.2483,22438.0
2023-06-08 13:00:00+00:00,1.24828,1.2558,1.24809,1.25542,28544.0
2023-06-08 17:00:00+00:00,1.25539,1.25611,1.25478,1.25596,12150.0
2023-06-08 21:00:00+00:00,1.25574,1.25639,1.25545,1.25548,5542.0
2023-06-09 01:00:00+00:00,1.25548,1.25572,1.25451,1.25455,12739.0
2023-06-09 05:00:00+00:00,1.25455,1.25682,1.2534,1.25426,19074.0
2023-06-09 09:00:00+00:00,1.25428,1.2579,1.2536,1.25684,22369.0
2023-06-09 13:00:00+00:00,1.25684,1.25904,1.25628,1.25821,25625.0
2023-06-09 17:00:00+00:00,1.25822,1.25834,1.25722,1.25804,9510.0
2023-06-11 21:00:00+00:00,1.25692,1.25849,1.25684,1.25759,5760.0
2023-06-12 01:00:00+00:00,1.25758,1.25768,1.2565,1.25702,9442.0
2023-06-12 05:00:00+00:00,1.25701,1.25969,1.25692,1.25914,17074.0
2023-06-12 09:00:00+00:00,1.25914,1.25998,1.25512,1.25514,18488.0
2023-06-12 13:00:00+00:00,1.25512,1.25557,1.2487,1.24945,23762.0
2023-06-12 17:00:00+00:00,1.24946,1.25138,1.24926,1.25127,10739.0
2023-06-12 21:00:00+00:00,1.25108,1.2521,1.25102,1.2518,6143.0
2023-06-13 01:00:00+00:00,1.2518,1.25356,1.25145,1.25318,11972.0
2023-06-13 05:00:00+00:00,1.25316,1.2577,1.25282,1.25656,25328.0
2023-06-13 09:00:00+00:00,1.25656,1.2606,1.25562,1.25946,27163.0
2023-06-13 13:00:00+00:00,1.25945,1.2625,1.25724,1.26232,32229.0
2023-06-13 17:00:00+00:00,1.2623,1.26246,1.25932,1.26116,13745.0
2023-06-13 21:00:00+00:00,1.26144,1.26144,1.26014,1.26089,6765.0
2023-06-14 01:00:00+00:00,1.26087,1.26176,1.26054,1.26124,11733.0
2023-06-14 05:00:00+00:00,1.26124,1.26379,1.26008,1.26346,19204.0
2023-06-14 09:00:00+00:00,1.26345,1.26786,1.26323,1.26747,17769.0
2023-06-14 13:00:00+00:00,1.26746,1.26993,1.26714,1.2695,20378.0
2023-06-14 17:00:00+00:00,1.26954,1.26954,1.26269,1.26612,39767.0
2023-06-14 21:00:00+00:00,1.26621,1.26744,1.26563,1.26595,5245.0
2023-06-15 01:00:00+00:00,1.26592,1.26599,1.26296,1.26378,15073.0
2023-06-15 05:00:00+00:00,1.26376,1.26726,1.2632,1.2661,21124.0
2023-06-15 09:00:00+00:00,1.2661,1.267,1.26406,1.2668,24570.0
2023-06-15 13:00:00+00:00,1.26678,1.27765,1.26632,1.27743,27680.0
2023-06-15 17:00:00+00:00,1.27742,1.27858,1.27678,1.2784,12113.0
2023-06-15 21:00:00+00:00,1.27826,1.27934,1.27805,1.27816,6723.0
2023-06-16 01:00:00+00:00,1.27816,1.27888,1.27684,1.27796,12305.0
2023-06-16 05:00:00+00:00,1.27793,1.28183,1.27778,1.27961,21568.0
2023-06-16 09:00:00+00:00,1.2796,1.28486,1.27841,1.28157,18426.0
2023-06-16 13:00:00+00:00,1.28156,1.28476,1.28038,1.28272,30735.0
2023-06-16 17:00:00+00:00,1.2827,1.28357,1.282,1.28232,14262.0
2023-06-18 21:00:00+00:00,1.28224,1.28374,1.28181,1.28211,7217.0
2023-06-19 01:00:00+00:00,1.2821,1.28254,1.28104,1.28135,13513.0
2023-06-19 05:00:00+00:00,1.28134,1.28308,1.2808,1.28182,20612.0
2023-06-19 09:00:00+00:00,1.2818,1.28202,1.28021,1.28088,16399.0
2023-06-19 13:00:00+00:00,1.28087,1.2813,1.27708,1.27738,14697.0
2023-06-19 17:00:00+00:00,1.27738,1.2791,1.27734,1.27908,5606.0
2023-06-19 21:00:00+00:00,1.27867,1.28072,1.27834,1.28018,9702.0
2023-06-20 01:00:00+00:00,1.28018,1.28048,1.27783,1.27787,18816.0
2023-06-20 05:00:00+00:00,1.27786,1.28066,1.27626,1.27838,25730.0
2023-06-20 09:00:00+00:00,1.27838,1.27878,1.2726,1.27398,22730.0
2023-06-20 13:00:00+00:00,1.27396,1.27566,1.27138,1.27552,30123.0
2023-06-20 17:00:00+00:00,1.27552,1.2769,1.27472,1.27642,13193.0
2023-06-20 21:00:00+00:00,1.27566,1.27672,1.27566,1.27594,8331.0
2023-06-21 01:00:00+00:00,1.27591,1.27684,1.27542,1.2765,18024.0
2023-06-21 05:00:00+00:00,1.2765,1.28026,1.27154,1.27202,31441.0
2023-06-21 09:00:00+00:00,1.27206,1.27355,1.26912,1.2731,27050.0
2023-06-21 13:00:00+00:00,1.27308,1.27606,1.27022,1.27564,34536.0
2023-06-21 17:00:00+00:00,1.27562,1.27858,1.27531,1.27676,16242.0
2023-06-21 21:00:00+00:00,1.2771,1.27739,1.27651,1.27686,9157.0
2023-06-22 01:00:00+00:00,1.27686,1.27742,1.27579,1.27588,12807.0
2023-06-22 05:00:00+00:00,1.27589,1.2788,1.2739,1.27758,23756.0
2023-06-22 09:00:00+00:00,1.27757,1.28436,1.27381,1.27492,34161.0
2023-06-22 13:00:00+00:00,1.27488,1.2764,1.27276,1.27328,32302.0
2023-06-22 17:00:00+00:00,1.27328,1.27484,1.27254,1.27482,13089.0
2023-06-22 21:00:00+00:00,1.27446,1.27516,1.2741,1.27468,9279.0
2023-06-23 01:00:00+00:00,1.27468,1.27488,1.26966,1.27078,17371.0
2023-06-23 05:00:00+00:00,1.27079,1.27304,1.26852,1.27013,30731.0
2023-06-23 09:00:00+00:00,1.2701,1.27366,1.26906,1.2712,25108.0
2023-06-23 13:00:00+00:00,1.2712,1.27286,1.26888,1.26986,30686.0
2023-06-23 17:00:00+00:00,1.26988,1.2722,1.26988,1.2716,14529.0
2023-06-25 21:00:00+00:00,1.27116,1.27356,1.27115,1.27336,10881.0
2023-06-26 01:00:00+00:00,1.27336,1.27392,1.27272,1.27326,14592.0
2023-06-26 05:00:00+00:00,1.27326,1.27488,1.27104,1.27372,24124.0
2023-06-26 09:00:00+00:00,1.27372,1.27452,1.26882,1.27117,22749.0
2023-06-26 13:00:00+00:00,1.27116,1.27278,1.26948,1.2722,23419.0
2023-06-26 17:00:00+00:00,1.2722,1.2726,1.271,1.27112,9864.0
2023-06-26 21:00:00+00:00,1.27138,1.2716,1.27034,1.27052,8579.0
2023-06-27 01:00:00+00:00,1.27052,1.27369,1.27047,1.27292,16942.0
2023-06-27 05:00:00+00:00,1.27292,1.27584,1.27262,1.27376,22417.0
2023-06-27 09:00:00+00:00,1.27374,1.27446,1.27119,1.27377,22493.0
2023-06-27 13:00:00+00:00,1.27372,1.27596,1.27333,1.27498,31382.0
2023-06-27 17:00:00+00:00,1.27499,1.27576,1.27433,1.27484,13254.0
2023-06-27 21:00:00+00:00,1.27502,1.27522,1.27422,1.27438,9914.0
2023-06-28 01:00:00+00:00,1.2744,1.27462,1.27243,1.27259,19513.0
2023-06-28 05:00:00+00:00,1.27259,1.27376,1.2702,1.27113,22029.0
2023-06-28 09:00:00+00:00,1.27114,1.27152,1.26324,1.26404,24359.0
2023-06-28 13:00:00+00:00,1.26404,1.26504,1.26066,1.26483,31568.0
2023-06-28 17:00:00+00:00,1.26483,1.26538,1.2635,1.26359,11379.0
2023-06-28 21:00:00+00:00,1.26393,1.2646,1.26256,1.26348,6171.0
2023-06-29 01:00:00+00:00,1.26344,1.2647,1.26173,1.26205,14999.0
2023-06-29 05:00:00+00:00,1.26205,1.26541,1.26148,1.26462,21753.0
2023-06-29 09:00:00+00:00,1.26464,1.26668,1.26004,1.26067,22810.0
2023-06-29 13:00:00+00:00,1.26068,1.26316,1.2591,1.26236,32403.0
2023-06-29 17:00:00+00:00,1.26235,1.26248,1.2609,1.26116,11743.0
2023-06-29 21:00:00+00:00,1.26124,1.26199,1.26092,1.26175,6781.0
2023-06-30 01:00:00+00:00,1.26175,1.2626,1.26106,1.26236,15343.0
2023-06-30 05:00:00+00:00,1.26237,1.2651,1.25994,1.26148,21013.0
2023-06-30 09:00:00+00:00,1.26149,1.2691,1.2611,1.2685,24329.0
2023-06-30 13:00:00+00:00,1.26848,1.2728,1.26818,1.27163,31559.0
2023-06-30 17:00:00+00:00,1.27162,1.27224,1.26923,1.26976,11981.0
2023-07-02 21:00:00+00:00,1.26958,1.27064,1.26878,1.26905,7042.0
2023-07-03 01:00:00+00:00,1.26904,1.27074,1.26883,1.27054,13365.0
2023-07-03 05:00:00+00:00,1.27054,1.27054,1.26586,1.26706,20234.0
2023-07-03 09:00:00+00:00,1.26706,1.26955,1.26617,1.2694,20999.0
2023-07-03 13:00:00+00:00,1.2694,1.27236,1.2674,1.26972,25162.0
2023-07-03 17:00:00+00:00,1.26976,1.27006,1.26808,1.26908,5110.0
2023-07-03 21:00:00+00:00,1.26888,1.27005,1.2687,1.26975,5333.0
2023-07-04 01:00:00+00:00,1.26975,1.27016,1.26848,1.26866,12931.0
2023-07-04 05:00:00+00:00,1.26866,1.2711,1.26836,1.26961,16785.0
2023-07-04 09:00:00+00:00,1.2696,1.27394,1.26934,1.27362,14570.0
2023-07-04 13:00:00+00:00,1.2736,1.27376,1.2717,1.27188,11585.0
2023-07-04 17:00:00+00:00,1.27188,1.27242,1.27124,1.27134,5648.0
2023-07-04 21:00:00+00:00,1.27144,1.27212,1.27108,1.27138,5567.0
2023-07-05 01:00:00+00:00,1.27141,1.27166,1.27002,1.27059,10750.0
2023-07-05 05:00:00+00:00,1.27058,1.27227,1.26954,1.27122,21057.0
2023-07-05 09:00:00+00:00,1.27122,1.27265,1.2688,1.2715,17655.0
2023-07-05 13:00:00+00:00,1.27152,1.27356,1.27014,1.27077,23028.0
2023-07-05 17:00:00+00:00,1.27076,1.27124,1.26918,1.27038,13026.0
2023-07-05 21:00:00+00:00,1.26988,1.27075,1.26926,1.26976,8365.0
2023-07-06 01:00:00+00:00,1.26974,1.27122,1.26897,1.2704,15038.0
2023-07-06 05:00:00+00:00,1.2704,1.2731,1.26988,1.27108,23618.0
2023-07-06 09:00:00+00:00,1.27109,1.27812,1.2706,1.27463,29015.0
2023-07-06 13:00:00+00:00,1.27468,1.276,1.26734,1.27274,32034.0
2023-07-06 17:00:00+00:00,1.27274,1.2744,1.27242,1.27391,10488.0
2023-07-06 21:00:00+00:00,1.27376,1.27451,1.2729,1.27318,5081.0
2023-07-07 01:00:00+00:00,1.2732,1.27446,1.27274,1.27405,9878.0
2023-07-07 05:00:00+00:00,1.27406,1.27498,1.27258,1.27346,20224.0
2023-07-07 09:00:00+00:00,1.27347,1.28082,1.27334,1.27808,25925.0
2023-07-07 13:00:00+00:00,1.27804,1.28496,1.2754,1.28495,32525.0
2023-07-07 17:00:00+00:00,1.28494,1.28494,1.28302,1.28394,11653.0
2023-07-09 21:00:00+00:00,1.28354,1.28418,1.2822,1.28254,7409.0
2023-07-10 01:00:00+00:00,1.28254,1.28346,1.2809,1.28102,12890.0
2023-07-10 05:00:00+00:00,1.28102,1.28254,1.27983,1.28185,17839.0
2023-07-10 09:00:00+00:00,1.28186,1.28244,1.27504,1.27538,18269.0
2023-07-10 13:00:00+00:00,1.27538,1.28468,1.27538,1.28461,22674.0
2023-07-10 17:00:00+00:00,1.2846,1.28684,1.28432,1.28611,8742.0
2023-07-10 21:00:00+00:00,1.28592,1.28698,1.28572,1.28688,4557.0
2023-07-11 01:00:00+00:00,1.28689,1.2884,1.28648,1.28786,12795.0
2023-07-11 05:00:00+00:00,1.28787,1.29135,1.28674,1.28858,21859.0
2023-07-11 09:00:00+00:00,1.2886,1.2935,1.2885,1.28966,20862.0
2023-07-11 13:00:00+00:00,1.28964,1.29227,1.28862,1.29225,21562.0
2023-07-11 17:00:00+00:00,1.29226,1.2934,1.29149,1.29319,9793.0
2023-07-11 21:00:00+00:00,1.29326,1.29536,1.29299,1.2947,6154.0
2023-07-12 01:00:00+00:00,1.2947,1.29697,1.2946,1.29667,13355.0
2023-07-12 05:00:00+00:00,1.29667,1.2967,1.29324,1.29326,18363.0
2023-07-12 09:00:00+00:00,1.29324,1.29763,1.29042,1.29482,24651.0
2023-07-12 13:00:00+00:00,1.29484,1.30006,1.29468,1.29965,33314.0
2023-07-12 17:00:00+00:00,1.2996,1.29968,1.29767,1.2989,12726.0
2023-07-12 21:00:00+00:00,1.29876,1.30006,1.29864,1.29915,6856.0
2023-07-13 01:00:00+00:00,1.29914,1.3019,1.2989,1.30064,12960.0
2023-07-13 05:00:00+00:00,1.30062,1.30617,1.29841,1.30426,25851.0
2023-07-13 09:00:00+00:00,1.30427,1.3084,1.30364,1.30834,24837.0
2023-07-13 13:00:00+00:00,1.30836,1.31162,1.3079,1.3114,26240.0
2023-07-13 17:00:00+00:00,1.31139,1.31412,1.31094,1.31358,11094.0
2023-07-13 21:00:00+00:00,1.31316,1.31404,1.31168,1.31205,8705.0
2023-07-14 01:00:00+00:00,1.31204,1.31424,1.31194,1.31312,14085.0
2023-07-14 05:00:00+00:00,1.31312,1.31327,1.30936,1.31209,19792.0
2023-07-14 09:00:00+00:00,1.3121,1.31424,1.31004,1.31134,20983.0
2023-07-14 13:00:00+00:00,1.3113,1.31304,1.30941,1.3113,30636.0
2023-07-14 17:00:00+00:00,1.31136,1.31152,1.30894,1.30933,11955.0
2023-07-16 21:00:00+00:00,1.31014,1.31024,1.30841,1.30932,6348.0
2023-07-17 01:00:00+00:00,1.30933,1.30968,1.30819,1.30884,13686.0
2023-07-17 05:00:00+00:00,1.30882,1.31091,1.30652,1.3094,20972.0
2023-07-17 09:00:00+00:00,1.30938,1.31069,1.30536,1.30676,22706.0
2023-07-17 13:00:00+00:00,1.30678,1.30927,1.3051,1.30748,22763.0
2023-07-17 17:00:00+00:00,1.3075,1.30872,1.30706,1.30734,8644.0
2023-07-17 21:00:00+00:00,1.30775,1.30825,1.30678,1.30782,6441.0
2023-07-18 01:00:00+00:00,1.30784,1.31001,1.30742,1.30949,17037.0
2023-07-18 05:00:00+00:00,1.30949,1.3107,1.3072,1.3079,26607.0
2023-07-18 09:00:00+00:00,1.3079,1.3126,1.30725,1.30894,28691.0
2023-07-18 13:00:00+00:00,1.30898,1.30986,1.30282,1.30351,34611.0
2023-07-18 17:00:00+00:00,1.3035,1.30494,1.30295,1.30348,10624.0
2023-07-18 21:00:00+00:00,1.30406,1.3042,1.30304,1.30358,7904.0
2023-07-19 01:00:00+00:00,1.30359,1.30388,1.30128,1.3017,16753.0
2023-07-19 05:00:00+00:00,1.3017,1.30361,1.29229,1.29324,32649.0
2023-07-19 09:00:00+00:00,1.29328,1.29569,1.28976,1.29159,26220.0
2023-07-19 13:00:00+00:00,1.2916,1.29206,1.28676,1.29086,32701.0
2023-07-19 17:00:00+00:00,1.29088,1.29406,1.2906,1.29402,11908.0
2023-07-19 21:00:00+00:00,1.29374,1.29478,1.29325,1.29466,6532.0
2023-07-20 01:00:00+00:00,1.2947,1.29648,1.29415,1.29438,17100.0
2023-07-20 05:00:00+00:00,1.29438,1.2945,1.29052,1.2924,23663.0
2023-07-20 09:00:00+00:00,1.29232,1.29238,1.28546,1.28712,23127.0
2023-07-20 13:00:00+00:00,1.28707,1.28832,1.28398,1.2853,28993.0
2023-07-20 17:00:00+00:00,1.2853,1.28692,1.28513,1.28684,10506.0
2023-07-20 21:00:00+00:00,1.28682,1.28777,1.28654,1.28766,6417.0
2023-07-21 01:00:00+00:00,1.28767,1.28864,1.28666,1.28796,13859.0
2023-07-21 05:00:00+00:00,1.28797,1.29046,1.28402,1.28582,28154.0
2023-07-21 09:00:00+00:00,1.28581,1.28698,1.2816,1.28302,25349.0
2023-07-21 13:00:00+00:00,1.28298,1.28615,1.2829,1.28587,24705.0
2023-07-21 17:00:00+00:00,1.28586,1.28662,1.28487,1.28527,9208.0
2023-07-23 21:00:00+00:00,1.28535,1.2867,1.2848,1.28644,5869.0
2023-07-24 01:00:00+00:00,1.28644,1.28702,1.28493,1.28642,15515.0
2023-07-24 05:00:00+00:00,1.28642,1.2884,1.28072,1.28162,28845.0
2023-07-24 09:00:00+00:00,1.28162,1.28594,1.28156,1.28368,23432.0
2023-07-24 13:00:00+00:00,1.28368,1.28449,1.27977,1.28322,29272.0
2023-07-24 17:00:00+00:00,1.2832,1.2841,1.28152,1.28226,11286.0
2023-07-24 21:00:00+00:00,1.2823,1.28296,1.28096,1.28157,8153.0
2023-07-25 01:00:00+00:00,1.28157,1.2843,1.28154,1.28305,13720.0
2023-07-25 05:00:00+00:00,1.28304,1.28648,1.28293,1.2851,26483.0
2023-07-25 09:00:00+00:00,1.28511,1.28542,1.28202,1.2835,19524.0
2023-07-25 13:00:00+00:00,1.28348,1.28798,1.28126,1.28782,22896.0
2023-07-25 17:00:00+00:00,1.28778,1.29048,1.28714,1.2902,12797.0
2023-07-25 21:00:00+00:00,1.28956,1.29043,1.28826,1.28846,6677.0
2023-07-26 01:00:00+00:00,1.28845,1.28928,1.28754,1.2888,15120.0
2023-07-26 05:00:00+00:00,1.28877,1.29126,1.28814,1.29104,24622.0
2023-07-26 09:00:00+00:00,1.29103,1.29246,1.28952,1.29086,20501.0
2023-07-26 13:00:00+00:00,1.29086,1.29368,1.29032,1.29152,24327.0
2023-07-26 17:00:00+00:00,1.29151,1.29608,1.28987,1.29422,37446.0
2023-07-26 21:00:00+00:00,1.29404,1.29488,1.29244,1.29406,6671.0
2023-07-27 01:00:00+00:00,1.29406,1.29772,1.29406,1.29624,17614.0
2023-07-27 05:00:00+00:00,1.29622,1.29959,1.29392,1.29923,26144.0
2023-07-27 09:00:00+00:00,1.29924,1.29954,1.28817,1.28955,31350.0
2023-07-27 13:00:00+00:00,1.28954,1.29032,1.2826,1.28414,39841.0
2023-07-27 17:00:00+00:00,1.28418,1.28528,1.27819,1.27942,26151.0
2023-07-27 21:00:00+00:00,1.27935,1.28009,1.27876,1.2791,7541.0
2023-07-28 01:00:00+00:00,1.2791,1.2808,1.27632,1.27798,29101.0
2023-07-28 05:00:00+00:00,1.27798,1.2816,1.27724,1.28054,39007.0
2023-07-28 09:00:00+00:00,1.28052,1.28885,1.28016,1.28696,26883.0
2023-07-28 13:00:00+00:00,1.28696,1.28846,1.28379,1.28726,30931.0
2023-07-28 17:00:00+00:00,1.28722,1.28726,1.2846,1.28488,13509.0
2023-07-30 21:00:00+00:00,1.28508,1.28602,1.28488,1.28575,10372.0
2023-07-31 01:00:00+00:00,1.28576,1.28595,1.28442,1.28484,17829.0
2023-07-31 05:00:00+00:00,1.28484,1.28676,1.28353,1.28514,24560.0
2023-07-31 09:00:00+00:00,1.28514,1.28729,1.28452,1.28536,19079.0
2023-07-31 13:00:00+00:00,1.28536,1.28703,1.28282,1.28582,28312.0
2023-07-31 17:00:00+00:00,1.28582,1.28673,1.28316,1.2836,10842.0
2023-07-31 21:00:00+00:00,1.2839,1.28417,1.28276,1.28293,6750.0
2023-08-01 01:00:00+00:00,1.28292,1.2836,1.28154,1.28317,16281.0
2023-08-01 05:00:00+00:00,1.28316,1.28388,1.28128,1.28256,23861.0
2023-08-01 09:00:00+00:00,1.2825,1.2833,1.2756,1.2765,22166.0
2023-08-01 13:00:00+00:00,1.27653,1.27954,1.27412,1.2761,28134.0
2023-08-01 17:00:00+00:00,1.27611,1.27808,1.2749,1.27774,8188.0
2023-08-01 21:00:00+00:00,1.27736,1.2806,1.27716,1.27807,14327.0
2023-08-02 01:00:00+00:00,1.27808,1.27952,1.27634,1.2778,18569.0
2023-08-02 05:00:00+00:00,1.27782,1.2799,1.27608,1.27875,28167.0
2023-08-02 09:00:00+00:00,1.27874,1.27924,1.27232,1.27238,27183.0
2023-08-02 13:00:00+00:00,1.27237,1.27305,1.26804,1.27258,30359.0
2023-08-02 17:00:00+00:00,1.27259,1.2739,1.27088,1.27106,11262.0
2023-08-02 21:00:00+00:00,1.27178,1.27222,1.27086,1.27136,6737.0
2023-08-03 01:00:00+00:00,1.27132,1.27284,1.26996,1.27003,15977.0
2023-08-03 05:00:00+00:00,1.27004,1.27094,1.26726,1.26759,29165.0
2023-08-03 09:00:00+00:00,1.26758,1.26932,1.26205,1.26727,37968.0
2023-08-03 13:00:00+00:00,1.26726,1.27245,1.265,1.27193,33702.0
2023-08-03 17:00:00+00:00,1.27192,1.27196,1.2697,1.27094,11422.0
2023-08-03 21:00:00+00:00,1.27122,1.27258,1.27048,1.27256,10880.0
2023-08-04 01:00:00+00:00,1.27256,1.27413,1.27245,1.27278,20474.0
2023-08-04 05:00:00+00:00,1.27277,1.27346,1.26946,1.26994,22060.0
2023-08-04 09:00:00+00:00,1.26992,1.2755,1.26828,1.2745,28012.0
2023-08-04 13:00:00+00:00,1.27446,1.27836,1.27428,1.27817,35649.0
2023-08-04 17:00:00+00:00,1.27816,1.27922,1.2741,1.27524,14978.0
2023-08-06 21:00:00+00:00,1.2753,1.27625,1.27442,1.27587,9003.0
2023-08-07 01:00:00+00:00,1.27583,1.27586,1.2732,1.27349,15216.0
2023-08-07 05:00:00+00:00,1.2735,1.27448,1.27131,1.27282,22692.0
2023-08-07 09:00:00+00:00,1.27281,1.27723,1.2717,1.2772,19235.0
2023-08-07 13:00:00+00:00,1.27724,1.2787,1.27544,1.2775,23492.0
2023-08-07 17:00:00+00:00,1.27748,1.27894,1.2768,1.27839,9131.0
2023-08-07 21:00:00+00:00,1.2785,1.27858,1.27716,1.27736,6292.0
2023-08-08 01:00:00+00:00,1.27735,1.27736,1.27512,1.27622,16814.0
2023-08-08 05:00:00+00:00,1.27624,1.27725,1.2738,1.27532,27718.0
2023-08-08 09:00:00+00:00,1.27532,1.27548,1.26842,1.26976,29266.0
2023-08-08 13:00:00+00:00,1.26974,1.27432,1.2687,1.27332,26797.0
2023-08-08 17:00:00+00:00,1.27331,1.27516,1.2731,1.27482,11928.0
2023-08-08 21:00:00+00:00,1.27394,1.27501,1.27392,1.27408,8314.0
2023-08-09 01:00:00+00:00,1.27409,1.27596,1.27395,1.27572,20956.0
2023-08-09 05:00:00+00:00,1.27572,1.27822,1.27486,1.27541,21257.0
2023-08-09 09:00:00+00:00,1.27538,1.27554,1.27123,1.27294,23026.0
2023-08-09 13:00:00+00:00,1.27298,1.27516,1.27119,1.27232,27234.0
2023-08-09 17:00:00+00:00,1.27232,1.27383,1.27184,1.2719,13233.0
2023-08-09 21:00:00+00:00,1.27208,1.27234,1.27106,1.27133,6027.0
2023-08-10 01:00:00+00:00,1.27134,1.27238,1.27075,1.27124,15479.0
2023-08-10 05:00:00+00:00,1.27124,1.27697,1.2712,1.27565,21833.0
2023-08-10 09:00:00+00:00,1.2757,1.2819,1.2754,1.2781,27122.0
2023-08-10 13:00:00+00:00,1.2781,1.2786,1.27057,1.27158,40159.0
2023-08-10 17:00:00+00:00,1.27152,1.27169,1.26698,1.26754,22698.0
2023-08-10 21:00:00+00:00,1.26789,1.26816,1.2666,1.26815,6664.0
2023-08-11 01:00:00+00:00,1.26816,1.2691,1.26782,1.2682,17793.0
2023-08-11 05:00:00+00:00,1.2682,1.27232,1.26796,1.27058,25241.0
2023-08-11 09:00:00+00:00,1.27056,1.2739,1.2682,1.2686,29021.0
2023-08-11 13:00:00+00:00,1.26858,1.27288,1.2682,1.26909,37037.0
2023-08-11 17:00:00+00:00,1.26908,1.27028,1.26857,1.26946,15468.0
2023-08-13 21:00:00+00:00,1.27005,1.27076,1.26796,1.26823,9505.0
2023-08-14 01:00:00+00:00,1.26822,1.26863,1.26664,1.26716,18950.0
2023-08-14 05:00:00+00:00,1.26716,1.27078,1.26697,1.26978,25981.0
2023-08-14 09:00:00+00:00,1.26979,1.27148,1.2645,1.26568,22779.0
2023-08-14 13:00:00+00:00,1.2657,1.27066,1.26166,1.26973,30273.0
2023-08-14 17:00:00+00:00,1.26974,1.27017,1.26733,1.26872,15779.0
2023-08-14 21:00:00+00:00,1.26952,1.26952,1.26764,1.26835,7866.0
2023-08-15 01:00:00+00:00,1.26836,1.26938,1.2675,1.26853,22910.0
2023-08-15 05:00:00+00:00,1.26852,1.27211,1.26794,1.27118,33088.0
2023-08-15 09:00:00+00:00,1.27118,1.27302,1.26817,1.27159,31280.0
2023-08-15 13:00:00+00:00,1.27162,1.27526,1.2708,1.27236,36524.0
2023-08-15 17:00:00+00:00,1.27234,1.27254,1.26944,1.27036,16162.0
2023-08-15 21:00:00+00:00,1.27014,1.27056,1.26923,1.2696,8688.0
2023-08-16 01:00:00+00:00,1.26958,1.27072,1.26872,1.27072,23917.0
2023-08-16 05:00:00+00:00,1.27072,1.27664,1.26993,1.27582,24782.0
2023-08-16 09:00:00+00:00,1.27579,1.27666,1.2721,1.2721,22112.0
2023-08-16 13:00:00+00:00,1.27208,1.27611,1.2718,1.2733,30152.0
2023-08-16 17:00:00+00:00,1.27329,1.27505,1.27116,1.27319,22959.0
2023-08-16 21:00:00+00:00,1.27305,1.27359,1.27163,1.27207,9537.0
2023-08-17 01:00:00+00:00,1.27208,1.27236,1.27112,1.27234,23310.0
2023-08-17 05:00:00+00:00,1.27234,1.27436,1.27095,1.27127,24056.0
2023-08-17 09:00:00+00:00,1.27124,1.27838,1.2703,1.27706,29607.0
2023-08-17 13:00:00+00:00,1.27704,1.27876,1.27375,1.27598,32058.0
2023-08-17 17:00:00+00:00,1.276,1.27606,1.2727,1.27458,15445.0
2023-08-17 21:00:00+00:00,1.27474,1.2759,1.27436,1.27521,7429.0
2023-08-18 01:00:00+00:00,1.27523,1.2766,1.27428,1.27452,17399.0
2023-08-18 05:00:00+00:00,1.27446,1.2753,1.27076,1.27196,22736.0
2023-08-18 09:00:00+00:00,1.27196,1.27422,1.26892,1.27108,21521.0
2023-08-18 13:00:00+00:00,1.27106,1.27496,1.2708,1.27448,25710.0
2023-08-18 17:00:00+00:00,1.27449,1.27562,1.2728,1.27384,11603.0
2023-08-20 21:00:00+00:00,1.27346,1.27506,1.27314,1.27466,7364.0
2023-08-21 01:00:00+00:00,1.27466,1.27466,1.273,1.27386,12994.0
2023-08-21 05:00:00+00:00,1.27387,1.27456,1.27104,1.27212,19904.0
2023-08-21 09:00:00+00:00,1.27212,1.2765,1.27206,1.27518,18328.0
2023-08-21 13:00:00+00:00,1.27518,1.27574,1.27232,1.27568,24279.0
2023-08-21 17:00:00+00:00,1.27568,1.27668,1.27508,1.27582,10247.0
2023-08-21 21:00:00+00:00,1.27558,1.27656,1.27506,1.2763,6170.0
2023-08-22 01:00:00+00:00,1.2763,1.27782,1.2758,1.27699,15447.0
2023-08-22 05:00:00+00:00,1.277,1.28008,1.27692,1.27817,19376.0
2023-08-22 09:00:00+00:00,1.27818,1.2792,1.27416,1.27424,19558.0
2023-08-22 13:00:00+00:00,1.27424,1.27534,1.27186,1.27352,24500.0
2023-08-22 17:00:00+00:00,1.27352,1.27434,1.27281,1.27332,8613.0
2023-08-22 21:00:00+00:00,1.27351,1.27416,1.27286,1.27345,5154.0
2023-08-23 01:00:00+00:00,1.27344,1.27508,1.27335,1.27508,13143.0
2023-08-23 05:00:00+00:00,1.27514,1.2765,1.26718,1.26788,26184.0
2023-08-23 09:00:00+00:00,1.26789,1.26798,1.26148,1.2631,23628.0
2023-08-23 13:00:00+00:00,1.2631,1.27261,1.26306,1.2721,29305.0
2023-08-23 17:00:00+00:00,1.2721,1.27331,1.27088,1.2723,10283.0
2023-08-23 21:00:00+00:00,1.27238,1.27288,1.27143,1.27194,6827.0
2023-08-24 01:00:00+00:00,1.27192,1.27219,1.27059,1.27203,14643.0
2023-08-24 05:00:00+00:00,1.27205,1.27286,1.26918,1.26988,19030.0
2023-08-24 09:00:00+00:00,1.26988,1.27038,1.26266,1.2636,20990.0
2023-08-24 13:00:00+00:00,1.26362,1.2663,1.2621,1.26236,26885.0
2023-08-24 17:00:00+00:00,1.26236,1.26247,1.25912,1.25994,11177.0
2023-08-24 21:00:00+00:00,1.26043,1.26064,1.25862,1.25904,8015.0
2023-08-25 01:00:00+00:00,1.25903,1.25914,1.25602,1.25652,15541.0
2023-08-25 05:00:00+00:00,1.25651,1.25924,1.2561,1.25867,18714.0
2023-08-25 09:00:00+00:00,1.25863,1.26236,1.25818,1.26198,16646.0
2023-08-25 13:00:00+00:00,1.262,1.26546,1.25479,1.25818,42687.0
2023-08-25 17:00:00+00:00,1.2582,1.26014,1.25752,1.25778,12936.0
2023-08-27 21:00:00+00:00,1.25872,1.25992,1.2578,1.25941,7552.0
2023-08-28 01:00:00+00:00,1.25942,1.26044,1.25923,1.25997,12456.0
2023-08-28 05:00:00+00:00,1.25996,1.26108,1.25689,1.25762,15587.0
2023-08-28 09:00:00+00:00,1.2576,1.25946,1.25658,1.25943,14535.0
2023-08-28 13:00:00+00:00,1.25938,1.25996,1.25728,1.2595,19638.0
2023-08-28 17:00:00+00:00,1.25949,1.26076,1.25924,1.2603,11705.0
2023-08-28 21:00:00+00:00,1.25982,1.26191,1.25964,1.2614,6433.0
2023-08-29 01:00:00+00:00,1.2614,1.26323,1.26136,1.26232,12391.0
2023-08-29 05:00:00+00:00,1.2623,1.26359,1.26054,1.26118,19815.0
2023-08-29 09:00:00+00:00,1.26118,1.26172,1.25628,1.25738,20915.0
2023-08-29 13:00:00+00:00,1.25738,1.26342,1.2563,1.26208,36465.0
2023-08-29 17:00:00+00:00,1.26206,1.2655,1.26204,1.26432,14228.0
2023-08-29 21:00:00+00:00,1.26438,1.26502,1.26324,1.26409,6381.0
2023-08-30 01:00:00+00:00,1.26411,1.26425,1.26226,1.26228,11301.0
2023-08-30 05:00:00+00:00,1.26228,1.26477,1.2619,1.26384,21575.0
2023-08-30 09:00:00+00:00,1.26382,1.27212,1.26356,1.27137,26478.0
2023-08-30 13:00:00+00:00,1.27134,1.27466,1.27022,1.27162,30357.0
2023-08-30 17:00:00+00:00,1.27162,1.27292,1.27068,1.27213,12027.0
2023-08-30 21:00:00+00:00,1.27228,1.2723,1.27109,1.27204,7112.0
2023-08-31 01:00:00+00:00,1.27202,1.27346,1.27192,1.27236,12666.0
2023-08-31 05:00:00+00:00,1.27236,1.27246,1.26944,1.26958,20530.0
2023-08-31 09:00:00+00:00,1.26956,1.26973,1.26635,1.26852,25639.0
2023-08-31 13:00:00+00:00,1.26852,1.26876,1.26526,1.26629,30241.0
2023-08-31 17:00:00+00:00,1.2663,1.26745,1.26608,1.2672,11618.0
2023-08-31 21:00:00+00:00,1.26668,1.2677,1.26584,1.26634,6811.0
2023-09-01 01:00:00+00:00,1.26634,1.26839,1.26592,1.26685,11820.0
2023-09-01 05:00:00+00:00,1.26684,1.26898,1.26402,1.26752,16454.0
2023-09-01 09:00:00+00:00,1.26751,1.27132,1.26675,1.26918,23163.0
2023-09-01 13:00:00+00:00,1.26922,1.27028,1.25774,1.25889,41229.0
2023-09-01 17:00:00+00:00,1.2589,1.25992,1.25848,1.25879,8675.0
2023-09-03 21:00:00+00:00,1.25964,1.25987,1.25866,1.25958,4738.0
2023-09-04 01:00:00+00:00,1.25958,1.26076,1.25888,1.26076,9674.0
2023-09-04 05:00:00+00:00,1.26076,1.26338,1.26056,1.26324,14025.0
2023-09-04 09:00:00+00:00,1.26324,1.26426,1.26214,1.26256,12415.0
2023-09-04 13:00:00+00:00,1.26256,1.26394,1.2615,1.26287,10486.0
2023-09-04 17:00:00+00:00,1.26286,1.26331,1.26274,1.26288,2779.0
2023-09-04 21:00:00+00:00,1.26228,1.26308,1.2622,1.26299,3272.0
2023-09-05 01:00:00+00:00,1.26301,1.26321,1.26126,1.26262,13126.0
2023-09-05 05:00:00+00:00,1.26262,1.26284,1.25282,1.25351,24725.0
2023-09-05 09:00:00+00:00,1.2535,1.25788,1.25334,1.25758,21878.0
2023-09-05 13:00:00+00:00,1.2576,1.2587,1.2547,1.2577,28617.0
2023-09-05 17:00:00+00:00,1.2577,1.25804,1.25586,1.25649,10310.0
2023-09-05 21:00:00+00:00,1.25686,1.25729,1.25536,1.25574,5174.0
2023-09-06 01:00:00+00:00,1.25575,1.25744,1.25496,1.25744,11802.0
2023-09-06 05:00:00+00:00,1.25745,1.25881,1.25468,1.25598,22126.0
2023-09-06 09:00:00+00:00,1.25597,1.25672,1.25412,1.25549,19966.0
2023-09-06 13:00:00+00:00,1.25547,1.25588,1.2482,1.2502,32644.0
2023-09-06 17:00:00+00:00,1.25021,1.25112,1.24998,1.25072,10407.0
2023-09-06 21:00:00+00:00,1.25036,1.25082,1.24926,1.2496,4850.0
2023-09-07 01:00:00+00:00,1.24962,1.25064,1.24912,1.24982,9859.0
2023-09-07 05:00:00+00:00,1.24978,1.25086,1.24574,1.24781,21043.0
2023-09-07 09:00:00+00:00,1.2478,1.24882,1.24458,1.24622,20490.0
2023-09-07 13:00:00+00:00,1.2462,1.24901,1.24472,1.2475,24124.0
2023-09-07 17:00:00+00:00,1.2475,1.24871,1.24679,1.24713,10286.0
2023-09-07 21:00:00+00:00,1.24743,1.2494,1.24686,1.24916,5622.0
2023-09-08 01:00:00+00:00,1.24916,1.25018,1.2474,1.24902,11472.0
2023-09-08 05:00:00+00:00,1.24908,1.25104,1.24784,1.24866,19718.0
2023-09-08 09:00:00+00:00,1.24864,1.24982,1.2467,1.24798,19492.0
2023-09-08 13:00:00+00:00,1.24798,1.25142,1.24592,1.24622,22184.0
2023-09-08 17:00:00+00:00,1.24622,1.24702,1.24513,1.24618,11305.0
2023-09-10 21:00:00+00:00,1.24758,1.24945,1.24683,1.24868,8026.0
2023-09-11 01:00:00+00:00,1.24866,1.25203,1.24826,1.25192,13346.0
2023-09-11 05:00:00+00:00,1.25192,1.25309,1.251,1.25198,16600.0
2023-09-11 09:00:00+00:00,1.25197,1.25374,1.25009,1.25274,16380.0
2023-09-11 13:00:00+00:00,1.25272,1.25484,1.2521,1.2522,21627.0
2023-09-11 17:00:00+00:00,1.25219,1.25222,1.25076,1.25094,9583.0
2023-09-11 21:00:00+00:00,1.25188,1.25205,1.25034,1.2506,4480.0
2023-09-12 01:00:00+00:00,1.25059,1.25236,1.25011,1.2511,12295.0
2023-09-12 05:00:00+00:00,1.25105,1.25306,1.24632,1.24676,19867.0
2023-09-12 09:00:00+00:00,1.24676,1.24839,1.24597,1.24679,17434.0
2023-09-12 13:00:00+00:00,1.24678,1.24918,1.24612,1.24782,19579.0
2023-09-12 17:00:00+00:00,1.24784,1.24988,1.24762,1.24936,10863.0
2023-09-12 21:00:00+00:00,1.24906,1.25008,1.24894,1.24942,5391.0
2023-09-13 01:00:00+00:00,1.24944,1.25026,1.24812,1.24946,13247.0
2023-09-13 05:00:00+00:00,1.2495,1.24981,1.24414,1.24774,22503.0
2023-09-13 09:00:00+00:00,1.24776,1.25002,1.24348,1.2486,28710.0
2023-09-13 13:00:00+00:00,1.24856,1.2512,1.24718,1.24954,30866.0
2023-09-13 17:00:00+00:00,1.24953,1.25063,1.2481,1.24902,11822.0
2023-09-13 21:00:00+00:00,1.24872,1.25036,1.24848,1.25022,5743.0
2023-09-14 01:00:00+00:00,1.25022,1.25044,1.24854,1.25011,12242.0
2023-09-14 05:00:00+00:00,1.25011,1.25064,1.24796,1.24868,16111.0
2023-09-14 09:00:00+00:00,1.24864,1.24867,1.24146,1.244,30123.0
2023-09-14 13:00:00+00:00,1.24398,1.24609,1.24009,1.24143,35485.0
2023-09-14 17:00:00+00:00,1.24144,1.24177,1.23967,1.24094,10926.0
2023-09-14 21:00:00+00:00,1.24096,1.24125,1.23998,1.24114,5738.0
2023-09-15 01:00:00+00:00,1.24112,1.24302,1.24017,1.24288,13128.0
2023-09-15 05:00:00+00:00,1.24288,1.2446,1.2416,1.24402,19938.0
2023-09-15 09:00:00+00:00,1.244,1.24404,1.23902,1.23907,17143.0
2023-09-15 13:00:00+00:00,1.23906,1.24258,1.2385,1.23996,28156.0
2023-09-15 17:00:00+00:00,1.24,1.24,1.23788,1.23835,11392.0
2023-09-17 21:00:00+00:00,1.23878,1.24022,1.2385,1.23998,4274.0
2023-09-18 01:00:00+00:00,1.23998,1.2404,1.23862,1.2396,11461.0
2023-09-18 05:00:00+00:00,1.23965,1.24048,1.23704,1.23806,14447.0
2023-09-18 09:00:00+00:00,1.23807,1.24108,1.23774,1.23808,14108.0
2023-09-18 13:00:00+00:00,1.23808,1.24051,1.2373,1.23952,18489.0
2023-09-18 17:00:00+00:00,1.23952,1.23991,1.23744,1.2385,7444.0
2023-09-18 21:00:00+00:00,1.23845,1.23917,1.23801,1.23822,4779.0
2023-09-19 01:00:00+00:00,1.23822,1.23837,1.23753,1.23786,9392.0
2023-09-19 05:00:00+00:00,1.23784,1.2393,1.23702,1.23762,15908.0
2023-09-19 09:00:00+00:00,1.23761,1.2425,1.23712,1.24055,17576.0
2023-09-19 13:00:00+00:00,1.24054,1.24068,1.23824,1.2387,21950.0
2023-09-19 17:00:00+00:00,1.2387,1.23968,1.23859,1.23921,10113.0
2023-09-19 21:00:00+00:00,1.23886,1.23971,1.2386,1.23898,4133.0
2023-09-20 01:00:00+00:00,1.239,1.23938,1.23824,1.23884,13875.0
2023-09-20 05:00:00+00:00,1.23884,1.23956,1.23332,1.23689,23135.0
2023-09-20 09:00:00+00:00,1.23694,1.23807,1.23578,1.23768,14428.0
2023-09-20 13:00:00+00:00,1.23767,1.24216,1.23756,1.2417,21706.0
2023-09-20 17:00:00+00:00,1.2417,1.2417,1.2332,1.23436,34857.0
2023-09-20 21:00:00+00:00,1.23464,1.23471,1.23109,1.23136,7995.0
2023-09-21 01:00:00+00:00,1.23135,1.23253,1.23045,1.232,11245.0
2023-09-21 05:00:00+00:00,1.23202,1.23317,1.22946,1.23042,20842.0
2023-09-21 09:00:00+00:00,1.2304,1.23082,1.22338,1.2268,28897.0
2023-09-21 13:00:00+00:00,1.22682,1.23066,1.22577,1.22967,25554.0
2023-09-21 17:00:00+00:00,1.2297,1.23075,1.22885,1.22946,10596.0
2023-09-21 21:00:00+00:00,1.23,1.23002,1.22815,1.22862,5262.0
2023-09-22 01:00:00+00:00,1.22862,1.22864,1.2273,1.22845,12715.0
2023-09-22 05:00:00+00:00,1.22844,1.22885,1.22385,1.22531,25846.0
2023-09-22 09:00:00+00:00,1.22532,1.2267,1.2233,1.22571,17738.0
2023-09-22 13:00:00+00:00,1.22572,1.22849,1.22504,1.22516,21973.0
2023-09-22 17:00:00+00:00,1.22514,1.2259,1.22307,1.22394,10154.0
2023-09-24 21:00:00+00:00,1.2257,1.2257,1.22389,1.22488,15456.0
2023-09-25 01:00:00+00:00,1.22487,1.22496,1.2237,1.22417,11887.0
2023-09-25 05:00:00+00:00,1.22418,1.22504,1.22182,1.22203,17464.0
2023-09-25 09:00:00+00:00,1.22203,1.22434,1.22125,1.22172,16987.0
2023-09-25 13:00:00+00:00,1.22168,1.22207,1.21939,1.22116,24058.0
2023-09-25 17:00:00+00:00,1.22116,1.22221,1.22055,1.22114,9725.0
2023-09-25 21:00:00+00:00,1.22134,1.22156,1.22045,1.22058,6744.0
2023-09-26 01:00:00+00:00,1.22058,1.2209,1.21938,1.22056,15298.0
2023-09-26 05:00:00+00:00,1.22056,1.22072,1.21674,1.21846,21292.0
2023-09-26 09:00:00+00:00,1.21846,1.21944,1.21702,1.21911,18919.0
2023-09-26 13:00:00+00:00,1.21912,1.21928,1.21593,1.2171,23740.0
2023-09-26 17:00:00+00:00,1.2171,1.2176,1.21524,1.21568,10142.0
2023-09-26 21:00:00+00:00,1.21625,1.21647,1.2141,1.21423,5572.0
2023-09-27 01:00:00+00:00,1.21424,1.21576,1.21402,1.2147,13061.0
2023-09-27 05:00:00+00:00,1.2147,1.21646,1.21358,1.21496,16587.0
2023-09-27 09:00:00+00:00,1.21494,1.21562,1.21311,1.21448,20482.0
2023-09-27 13:00:00+00:00,1.21448,1.21594,1.2117,1.2125,25536.0
2023-09-27 17:00:00+00:00,1.21251,1.21532,1.21104,1.21344,15936.0
2023-09-27 21:00:00+00:00,1.21324,1.21446,1.21304,1.21441,7202.0
2023-09-28 01:00:00+00:00,1.2144,1.21454,1.21302,1.21406,14342.0
2023-09-28 05:00:00+00:00,1.21408,1.21746,1.212,1.21715,17807.0
2023-09-28 09:00:00+00:00,1.21716,1.22241,1.21709,1.21778,22421.0
2023-09-28 13:00:00+00:00,1.21777,1.22246,1.21754,1.21998,29111.0
2023-09-28 17:00:00+00:00,1.21995,1.22053,1.21879,1.2205,13559.0
2023-09-28 21:00:00+00:00,1.22002,1.2211,1.21947,1.22016,5053.0
2023-09-29 01:00:00+00:00,1.22016,1.22285,1.21995,1.22223,14678.0
2023-09-29 05:00:00+00:00,1.22218,1.22545,1.22198,1.22356,21965.0
2023-09-29 09:00:00+00:00,1.22352,1.22718,1.22319,1.22596,23017.0
2023-09-29 13:00:00+00:00,1.22592,1.22632,1.21803,1.22056,33443.0
2023-09-29 17:00:00+00:00,1.2205,1.22083,1.21862,1.22042,15368.0
2023-10-01 21:00:00+00:00,1.21928,1.22089,1.21803,1.21884,7735.0
2023-10-02 01:00:00+00:00,1.21883,1.21954,1.21862,1.21869,9689.0
2023-10-02 05:00:00+00:00,1.21867,1.22198,1.21755,1.21873,16817.0
2023-10-02 09:00:00+00:00,1.21872,1.2188,1.21484,1.21513,18656.0
2023-10-02 13:00:00+00:00,1.2151,1.21522,1.21078,1.21084,29221.0
2023-10-02 17:00:00+00:00,1.21081,1.21273,1.20864,1.20865,14332.0
2023-10-02 21:00:00+00:00,1.2094,1.2094,1.20778,1.20862,7944.0
2023-10-03 01:00:00+00:00,1.20862,1.20877,1.2061,1.20643,13520.0
2023-10-03 05:00:00+00:00,1.20642,1.2097,1.20612,1.20874,18677.0
2023-10-03 09:00:00+00:00,1.20872,1.2089,1.20524,1.20738,21081.0
2023-10-03 13:00:00+00:00,1.20742,1.21018,1.20532,1.20752,39536.0
2023-10-03 17:00:00+00:00,1.20754,1.20916,1.20694,1.20771,14987.0
2023-10-03 21:00:00+00:00,1.20743,1.20844,1.20723,1.20808,6047.0
2023-10-04 01:00:00+00:00,1.20804,1.2082,1.20604,1.20818,14297.0
2023-10-04 05:00:00+00:00,1.20819,1.21159,1.20372,1.21136,19796.0
2023-10-04 09:00:00+00:00,1.21138,1.21769,1.21128,1.21698,27277.0
2023-10-04 13:00:00+00:00,1.21698,1.21738,1.21064,1.21518,32669.0
2023-10-04 17:00:00+00:00,1.21516,1.21568,1.21308,1.21368,15454.0
2023-10-04 21:00:00+00:00,1.21493,1.21526,1.2131,1.21503,6044.0
2023-10-05 01:00:00+00:00,1.21498,1.21633,1.21494,1.21562,16272.0
2023-10-05 05:00:00+00:00,1.21561,1.2162,1.2116,1.21226,18951.0
2023-10-05 09:00:00+00:00,1.21228,1.2156,1.21078,1.2131,24683.0
2023-10-05 13:00:00+00:00,1.21311,1.2188,1.2126,1.21798,31474.0
2023-10-05 17:00:00+00:00,1.218,1.2196,1.21696,1.21922,13625.0
2023-10-05 21:00:00+00:00,1.21896,1.21936,1.21808,1.2181,6584.0
2023-10-06 01:00:00+00:00,1.21812,1.2189,1.21758,1.2177,14520.0
2023-10-06 05:00:00+00:00,1.21767,1.2207,1.2164,1.21984,17824.0
2023-10-06 09:00:00+00:00,1.21986,1.222,1.2106,1.2123,30072.0
2023-10-06 13:00:00+00:00,1.21232,1.22616,1.21171,1.2234,44843.0
2023-10-06 17:00:00+00:00,1.2234,1.22556,1.22312,1.22378,12836.0
2023-10-08 21:00:00+00:00,1.2204,1.22248,1.22,1.22228,9719.0
2023-10-09 01:00:00+00:00,1.22228,1.2224,1.21922,1.21941,12576.0
2023-10-09 05:00:00+00:00,1.21943,1.22172,1.21639,1.21779,20715.0
2023-10-09 09:00:00+00:00,1.2178,1.21912,1.21632,1.21838,16779.0
2023-10-09 13:00:00+00:00,1.21836,1.22206,1.21836,1.21974,23651.0
2023-10-09 17:00:00+00:00,1.21976,1.22444,1.21976,1.22376,12538.0
2023-10-09 21:00:00+00:00,1.22354,1.22551,1.22348,1.22475,7870.0
2023-10-10 01:00:00+00:00,1.22476,1.2257,1.22245,1.22266,13424.0
2023-10-10 05:00:00+00:00,1.22264,1.22756,1.22118,1.2271,25089.0
2023-10-10 09:00:00+00:00,1.2271,1.22759,1.22353,1.22496,26845.0
2023-10-10 13:00:00+00:00,1.22496,1.22916,1.22384,1.2291,28149.0
2023-10-10 17:00:00+00:00,1.22908,1.22917,1.22639,1.22854,14670.0
2023-10-10 21:00:00+00:00,1.22792,1.2304,1.22782,1.2299,8189.0
2023-10-11 01:00:00+00:00,1.22986,1.23014,1.22874,1.22928,12188.0
2023-10-11 05:00:00+00:00,1.22926,1.23045,1.22698,1.22806,24001.0
2023-10-11 09:00:00+00:00,1.22808,1.2316,1.22692,1.23125,25968.0
2023-10-11 13:00:00+00:00,1.23128,1.23376,1.22886,1.22967,31737.0
2023-10-11 17:00:00+00:00,1.22968,1.23145,1.22752,1.23112,16274.0
2023-10-11 21:00:00+00:00,1.23136,1.23194,1.23003,1.23134,5723.0
2023-10-12 01:00:00+00:00,1.23132,1.2323,1.23112,1.23191,12745.0
2023-10-12 05:00:00+00:00,1.23192,1.23316,1.2293,1.22962,19386.0
2023-10-12 09:00:00+00:00,1.22962,1.2315,1.22518,1.22626,24456.0
2023-10-12 13:00:00+00:00,1.22626,1.22702,1.21989,1.22012,32749.0
2023-10-12 17:00:00+00:00,1.22009,1.22022,1.21718,1.21746,17430.0
2023-10-12 21:00:00+00:00,1.21844,1.21898,1.2175,1.21878,5276.0
2023-10-13 01:00:00+00:00,1.21878,1.22082,1.21864,1.22035,9736.0
2023-10-13 05:00:00+00:00,1.22034,1.22255,1.2185,1.22138,21141.0
2023-10-13 09:00:00+00:00,1.22139,1.22142,1.21602,1.21888,27265.0
2023-10-13 13:00:00+00:00,1.21886,1.2194,1.21314,1.21366,32826.0
2023-10-13 17:00:00+00:00,1.21369,1.2146,1.21226,1.2146,14751.0
2023-10-15 21:00:00+00:00,1.2141,1.21578,1.21385,1.21468,7332.0
2023-10-16 01:00:00+00:00,1.2147,1.2162,1.21469,1.21602,8924.0
2023-10-16 05:00:00+00:00,1.21602,1.21782,1.21518,1.21596,20543.0
2023-10-16 09:00:00+00:00,1.2159,1.21846,1.21428,1.21762,21652.0
2023-10-16 13:00:00+00:00,1.21766,1.22052,1.21534,1.21999,22230.0
2023-10-16 17:00:00+00:00,1.21998,1.22194,1.21986,1.22166,11149.0
2023-10-16 21:00:00+00:00,1.22096,1.22178,1.2204,1.22094,5358.0
2023-10-17 01:00:00+00:00,1.22092,1.22096,1.21932,1.21968,11366.0
2023-10-17 05:00:00+00:00,1.2197,1.22008,1.21496,1.2155,19217.0
2023-10-17 09:00:00+00:00,1.2155,1.21912,1.2133,1.2141,24833.0
2023-10-17 13:00:00+00:00,1.21408,1.22121,1.21368,1.21916,30020.0
2023-10-17 17:00:00+00:00,1.21916,1.21934,1.2171,1.21826,11892.0
2023-10-17 21:00:00+00:00,1.21883,1.21948,1.21584,1.21628,5356.0
2023-10-18 01:00:00+00:00,1.21629,1.21843,1.21591,1.2181,12174.0
2023-10-18 05:00:00+00:00,1.21809,1.22112,1.21776,1.21996,20394.0
2023-10-18 09:00:00+00:00,1.21996,1.22105,1.21716,1.21764,21862.0
2023-10-18 13:00:00+00:00,1.21764,1.21866,1.21378,1.21528,29695.0
2023-10-18 17:00:00+00:00,1.21532,1.21764,1.21372,1.21408,16405.0
2023-10-18 21:00:00+00:00,1.21399,1.21464,1.21365,1.21416,5841.0
2023-10-19 01:00:00+00:00,1.21418,1.2145,1.21238,1.21255,11847.0
2023-10-19 05:00:00+00:00,1.21258,1.2145,1.2102,1.21066,20336.0
2023-10-19 09:00:00+00:00,1.21067,1.21449,1.20899,1.21414,20640.0
2023-10-19 13:00:00+00:00,1.21418,1.2192,1.21258,1.21742,40597.0
2023-10-19 17:00:00+00:00,1.21742,1.21832,1.21382,1.2142,24772.0
2023-10-19 21:00:00+00:00,1.21426,1.21464,1.21224,1.21258,6177.0
2023-10-20 01:00:00+00:00,1.21258,1.21448,1.21181,1.21344,11403.0
2023-10-20 05:00:00+00:00,1.21344,1.21384,1.20933,1.2124,21765.0
2023-10-20 09:00:00+00:00,1.2124,1.21495,1.2114,1.21404,20300.0
2023-10-20 13:00:00+00:00,1.21405,1.21611,1.21312,1.21542,28450.0
2023-10-20 17:00:00+00:00,1.21544,1.21704,1.21494,1.21636,15681.0
2023-10-22 21:00:00+00:00,1.21594,1.21666,1.21552,1.21625,5589.0
2023-10-23 01:00:00+00:00,1.21625,1.21625,1.21443,1.21496,8055.0
2023-10-23 05:00:00+00:00,1.21496,1.21852,1.21456,1.21621,18250.0
2023-10-23 09:00:00+00:00,1.2162,1.21828,1.21433,1.21644,20410.0
2023-10-23 13:00:00+00:00,1.21644,1.2237,1.21503,1.2234,25777.0
2023-10-23 17:00:00+00:00,1.22338,1.22587,1.22279,1.22467,13585.0
2023-10-23 21:00:00+00:00,1.22424,1.22571,1.22419,1.22554,5398.0
2023-10-24 01:00:00+00:00,1.22554,1.22742,1.22487,1.22654,13029.0
2023-10-24 05:00:00+00:00,1.22654,1.22888,1.22434,1.22639,21752.0
2023-10-24 09:00:00+00:00,1.22633,1.22636,1.21978,1.22036,21024.0
2023-10-24 13:00:00+00:00,1.22036,1.22074,1.21535,1.21586,29743.0
2023-10-24 17:00:00+00:00,1.21582,1.21677,1.21558,1.21605,11594.0
2023-10-24 21:00:00+00:00,1.21639,1.2169,1.21564,1.21662,6655.0
2023-10-25 01:00:00+00:00,1.21662,1.21755,1.21638,1.21752,9854.0
2023-10-25 05:00:00+00:00,1.21752,1.21762,1.21334,1.21384,17712.0
2023-10-25 09:00:00+00:00,1.21385,1.21388,1.2114,1.21306,17626.0
2023-10-25 13:00:00+00:00,1.2131,1.21562,1.21224,1.21276,29070.0
2023-10-25 17:00:00+00:00,1.21274,1.21306,1.21066,1.21115,16062.0
2023-10-25 21:00:00+00:00,1.2113,1.21138,1.20877,1.20906,6511.0
2023-10-26 01:00:00+00:00,1.20906,1.20996,1.20768,1.208,11940.0
2023-10-26 05:00:00+00:00,1.20799,1.20962,1.20695,1.20794,17436.0
2023-10-26 09:00:00+00:00,1.20796,1.21248,1.20744,1.21248,21997.0
2023-10-26 13:00:00+00:00,1.21253,1.21338,1.2098,1.21046,29773.0
2023-10-26 17:00:00+00:00,1.21046,1.21396,1.2104,1.21286,15341.0
2023-10-26 21:00:00+00:00,1.21332,1.21392,1.21264,1.21273,6449.0
2023-10-27 01:00:00+00:00,1.21272,1.21394,1.21225,1.21378,9819.0
2023-10-27 05:00:00+00:00,1.21378,1.21417,1.21118,1.21282,17334.0
2023-10-27 09:00:00+00:00,1.2128,1.21476,1.21056,1.21311,19440.0
2023-10-27 13:00:00+00:00,1.2131,1.2163,1.21242,1.2132,29813.0
2023-10-27 17:00:00+00:00,1.21318,1.21322,1.21106,1.21212,19510.0
2023-10-29 21:00:00+00:00,1.21232,1.21292,1.21062,1.21105,6013.0
2023-10-30 01:00:00+00:00,1.21104,1.21218,1.21068,1.21164,8098.0
2023-10-30 05:00:00+00:00,1.21163,1.21334,1.20903,1.21047,13193.0
2023-10-30 09:00:00+00:00,1.21048,1.21448,1.21047,1.2143,18180.0
2023-10-30 13:00:00+00:00,1.2143,1.2165,1.21201,1.21494,26063.0
2023-10-30 17:00:00+00:00,1.21495,1.21746,1.21418,1.21691,10319.0
2023-10-30 21:00:00+00:00,1.21666,1.21695,1.2157,1.216,5214.0
2023-10-31 01:00:00+00:00,1.21601,1.21606,1.2137,1.21406,14308.0
2023-10-31 05:00:00+00:00,1.21403,1.2174,1.2139,1.21722,16897.0
2023-10-31 09:00:00+00:00,1.21722,1.22008,1.21559,1.2159,22118.0
2023-10-31 13:00:00+00:00,1.21588,1.21594,1.21196,1.2134,31328.0
2023-10-31 17:00:00+00:00,1.21339,1.21556,1.2133,1.21477,14185.0
2023-10-31 21:00:00+00:00,1.21464,1.21546,1.21342,1.21392,5485.0
2023-11-01 01:00:00+00:00,1.21392,1.21487,1.21341,1.21378,10426.0
2023-11-01 05:00:00+00:00,1.21376,1.21612,1.21317,1.21442,14796.0
2023-11-01 09:00:00+00:00,1.21444,1.21545,1.21196,1.21222,23668.0
2023-11-01 13:00:00+00:00,1.21216,1.21646,1.20958,1.21218,34634.0
2023-11-01 17:00:00+00:00,1.21216,1.21567,1.20974,1.21511,33233.0
2023-11-01 21:00:00+00:00,1.21458,1.21939,1.21382,1.21939,8199.0
2023-11-02 01:00:00+00:00,1.21942,1.21964,1.21778,1.2178,10308.0
2023-11-02 05:00:00+00:00,1.21781,1.21856,1.21553,1.21639,15502.0
2023-11-02 09:00:00+00:00,1.21639,1.22258,1.21574,1.22156,26346.0
2023-11-02 13:00:00+00:00,1.22154,1.22255,1.21676,1.21793,31178.0
2023-11-02 17:00:00+00:00,1.21794,1.22096,1.21776,1.22042,14250.0
2023-11-02 21:00:00+00:00,1.22027,1.22076,1.21848,1.21893,4991.0
2023-11-03 01:00:00+00:00,1.21895,1.22045,1.21846,1.22006,8908.0
2023-11-03 05:00:00+00:00,1.22006,1.22139,1.2186,1.21939,13560.0
2023-11-03 09:00:00+00:00,1.2194,1.23182,1.21908,1.2313,25034.0
2023-11-03 13:00:00+00:00,1.23128,1.23865,1.22981,1.23824,40796.0
2023-11-03 17:00:00+00:00,1.23824,1.23898,1.23719,1.23795,14037.0
2023-11-05 22:00:00+00:00,1.23737,1.23784,1.23651,1.23694,8455.0
2023-11-06 02:00:00+00:00,1.23694,1.23817,1.2369,1.23782,9733.0
2023-11-06 06:00:00+00:00,1.23782,1.24239,1.23766,1.23983,15896.0
2023-11-06 10:00:00+00:00,1.23984,1.24286,1.23829,1.23849,16976.0
2023-11-06 14:00:00+00:00,1.2385,1.24012,1.237,1.2371,18403.0
2023-11-06 18:00:00+00:00,1.23711,1.23728,1.23384,1.2344,10767.0
2023-11-06 22:00:00+00:00,1.23482,1.23482,1.23342,1.23387,6967.0
2023-11-07 02:00:00+00:00,1.2339,1.23416,1.23267,1.2334,11669.0
2023-11-07 06:00:00+00:00,1.23339,1.23371,1.23018,1.23037,15659.0
2023-11-07 10:00:00+00:00,1.23036,1.23128,1.22754,1.23008,18926.0
2023-11-07 14:00:00+00:00,1.23012,1.2312,1.22624,1.22719,22923.0
2023-11-07 18:00:00+00:00,1.2272,1.2307,1.22696,1.22994,12079.0
2023-11-07 22:00:00+00:00,1.22988,1.23023,1.22782,1.22852,7221.0
2023-11-08 02:00:00+00:00,1.22854,1.22963,1.2274,1.22752,10683.0
2023-11-08 06:00:00+00:00,1.22752,1.22787,1.22418,1.22482,17368.0
2023-11-08 10:00:00+00:00,1.2248,1.22688,1.22431,1.22642,17274.0
2023-11-08 14:00:00+00:00,1.22644,1.23014,1.22621,1.22923,24881.0
2023-11-08 18:00:00+00:00,1.22924,1.23016,1.22814,1.2285,14123.0
2023-11-08 22:00:00+00:00,1.2286,1.22926,1.22748,1.22882,7451.0
2023-11-09 02:00:00+00:00,1.22882,1.22942,1.22778,1.22782,10247.0
2023-11-09 06:00:00+00:00,1.22782,1.23088,1.22696,1.23003,19162.0
2023-11-09 10:00:00+00:00,1.23,1.23049,1.2252,1.2272,18743.0
2023-11-09 14:00:00+00:00,1.22721,1.22954,1.2264,1.22666,23576.0
2023-11-09 18:00:00+00:00,1.22664,1.22686,1.22128,1.2222,28062.0
2023-11-09 22:00:00+00:00,1.22258,1.22283,1.22118,1.22244,8078.0
2023-11-10 02:00:00+00:00,1.22243,1.22292,1.22194,1.22264,9126.0
2023-11-10 06:00:00+00:00,1.22264,1.22379,1.22065,1.22172,17224.0
2023-11-10 10:00:00+00:00,1.22172,1.22303,1.22004,1.22242,19050.0
2023-11-10 14:00:00+00:00,1.22248,1.22248,1.21873,1.22168,27283.0
2023-11-10 18:00:00+00:00,1.22168,1.22315,1.22127,1.22268,11578.0
2023-11-12 22:00:00+00:00,1.22278,1.22369,1.22222,1.22356,6358.0
2023-11-13 02:00:00+00:00,1.22356,1.22362,1.22233,1.22302,7741.0
2023-11-13 06:00:00+00:00,1.22304,1.22534,1.22282,1.22439,14036.0
2023-11-13 10:00:00+00:00,1.22437,1.22557,1.22355,1.22466,14827.0
2023-11-13 14:00:00+00:00,1.22468,1.22772,1.22296,1.22683,21249.0
2023-11-13 18:00:00+00:00,1.22684,1.22804,1.22618,1.22792,9240.0
2023-11-13 22:00:00+00:00,1.22708,1.22808,1.227,1.22732,5869.0
2023-11-14 02:00:00+00:00,1.22727,1.22764,1.22654,1.22692,8258.0
2023-11-14 06:00:00+00:00,1.2269,1.23034,1.22684,1.23021,16479.0
2023-11-14 10:00:00+00:00,1.23024,1.24072,1.22761,1.24012,23915.0
2023-11-14 14:00:00+00:00,1.24013,1.2493,1.24008,1.24927,37437.0
2023-11-14 18:00:00+00:00,1.24926,1.25058,1.24838,1.2498,10710.0
2023-11-14 22:00:00+00:00,1.24982,1.25,1.24792,1.24848,8867.0
2023-11-15 02:00:00+00:00,1.24848,1.24977,1.24804,1.2489,10162.0
2023-11-15 06:00:00+00:00,1.2489,1.2499,1.24535,1.2463,21381.0
2023-11-15 10:00:00+00:00,1.24629,1.24806,1.24255,1.24426,23420.0
2023-11-15 14:00:00+00:00,1.24426,1.24542,1.24039,1.2423,31050.0
2023-11-15 18:00:00+00:00,1.24229,1.24232,1.24069,1.24164,11691.0
2023-11-15 22:00:00+00:00,1.24213,1.24242,1.24004,1.24034,7285.0
2023-11-16 02:00:00+00:00,1.2404,1.24042,1.23802,1.23953,8694.0
2023-11-16 06:00:00+00:00,1.23952,1.24138,1.23763,1.24011,17891.0
2023-11-16 10:00:00+00:00,1.2401,1.24416,1.2382,1.24413,21409.0
2023-11-16 14:00:00+00:00,1.2441,1.2456,1.24108,1.24254,30768.0
2023-11-16 18:00:00+00:00,1.24254,1.24314,1.2406,1.2415,10422.0
2023-11-16 22:00:00+00:00,1.2413,1.24226,1.24087,1.24132,6705.0
2023-11-17 02:00:00+00:00,1.24132,1.24164,1.2404,1.24144,8897.0
2023-11-17 06:00:00+00:00,1.24144,1.24187,1.2374,1.241,21303.0
2023-11-17 10:00:00+00:00,1.241,1.24402,1.24083,1.24214,23052.0
2023-11-17 14:00:00+00:00,1.24217,1.24374,1.24052,1.24358,27952.0
2023-11-17 18:00:00+00:00,1.24357,1.24649,1.24333,1.24622,10863.0
2023-11-19 22:00:00+00:00,1.2451,1.24696,1.24462,1.24686,9930.0
2023-11-20 02:00:00+00:00,1.24685,1.24957,1.24665,1.24803,12477.0
2023-11-20 06:00:00+00:00,1.24806,1.25102,1.24712,1.251,20685.0
2023-11-20 10:00:00+00:00,1.251,1.251,1.24612,1.24732,18186.0
2023-11-20 14:00:00+00:00,1.24734,1.25176,1.24621,1.25005,20190.0
2023-11-20 18:00:00+00:00,1.25006,1.25174,1.24984,1.2504,10860.0
2023-11-20 22:00:00+00:00,1.25058,1.25248,1.25007,1.25174,8803.0
2023-11-21 02:00:00+00:00,1.25165,1.25402,1.25128,1.25264,11464.0
2023-11-21 06:00:00+00:00,1.25264,1.25412,1.25199,1.25312,19675.0
2023-11-21 10:00:00+00:00,1.2531,1.25592,1.2527,1.25396,19045.0
2023-11-21 14:00:00+00:00,1.254,1.25542,1.25268,1.25469,26055.0
2023-11-21 18:00:00+00:00,1.25468,1.25475,1.25176,1.25376,13887.0
2023-11-21 22:00:00+00:00,1.25358,1.25497,1.25308,1.25354,7744.0
2023-11-22 02:00:00+00:00,1.25353,1.25442,1.2524,1.25256,8515.0
2023-11-22 06:00:00+00:00,1.25255,1.25376,1.25068,1.25295,19808.0
2023-11-22 10:00:00+00:00,1.25294,1.25487,1.25091,1.25151,24562.0
2023-11-22 14:00:00+00:00,1.25155,1.25174,1.24492,1.2479,30373.0
2023-11-22 18:00:00+00:00,1.24788,1.24972,1.24783,1.24942,10815.0
2023-11-22 22:00:00+00:00,1.24916,1.2497,1.2489,1.2496,6380.0
2023-11-23 02:00:00+00:00,1.2496,1.2513,1.24951,1.25118,8533.0
2023-11-23 06:00:00+00:00,1.25118,1.25723,1.25014,1.25584,21093.0
2023-11-23 10:00:00+00:00,1.25582,1.25629,1.25328,1.25372,14956.0
2023-11-23 14:00:00+00:00,1.25372,1.25435,1.25252,1.25316,10524.0
2023-11-23 18:00:00+00:00,1.25316,1.2538,1.25308,1.25356,2181.0
2023-11-23 22:00:00+00:00,1.2532,1.2545,1.25303,1.25326,6823.0
2023-11-24 02:00:00+00:00,1.25327,1.2546,1.25246,1.25455,8117.0
2023-11-24 06:00:00+00:00,1.25455,1.25662,1.25262,1.25496,15659.0
2023-11-24 10:00:00+00:00,1.25493,1.25798,1.25461,1.25774,16168.0
2023-11-24 14:00:00+00:00,1.25774,1.26155,1.25756,1.26076,18557.0
2023-11-24 18:00:00+00:00,1.26074,1.26122,1.2598,1.26032,12763.0
2023-11-26 22:00:00+00:00,1.26025,1.26104,1.25912,1.26036,7991.0
2023-11-27 02:00:00+00:00,1.26035,1.2613,1.25908,1.26108,9604.0
2023-11-27 06:00:00+00:00,1.26106,1.26272,1.2604,1.26088,16708.0
2023-11-27 10:00:00+00:00,1.26083,1.26443,1.26022,1.26254,17967.0
2023-11-27 14:00:00+00:00,1.26255,1.2629,1.26008,1.26036,24234.0
2023-11-27 18:00:00+00:00,1.26036,1.26338,1.26018,1.26286,9904.0
2023-11-27 22:00:00+00:00,1.26287,1.26418,1.26256,1.26347,8305.0
2023-11-28 02:00:00+00:00,1.26346,1.26418,1.2622,1.26256,9535.0
2023-11-28 06:00:00+00:00,1.26256,1.26332,1.26068,1.26284,17711.0
2023-11-28 10:00:00+00:00,1.26286,1.26486,1.26081,1.26425,19116.0
2023-11-28 14:00:00+00:00,1.26426,1.27152,1.26357,1.26924,36244.0
2023-11-28 18:00:00+00:00,1.26922,1.27016,1.2673,1.26974,14748.0
2023-11-28 22:00:00+00:00,1.2694,1.27334,1.26927,1.27188,11113.0
2023-11-29 02:00:00+00:00,1.27188,1.27228,1.27061,1.27133,12508.0
2023-11-29 06:00:00+00:00,1.27134,1.27219,1.26738,1.26806,22197.0
2023-11-29 10:00:00+00:00,1.26806,1.2709,1.26742,1.26862,24719.0
2023-11-29 14:00:00+00:00,1.26862,1.27112,1.26648,1.26978,28333.0
2023-11-29 18:00:00+00:00,1.26978,1.27275,1.26904,1.2695,11826.0
2023-11-29 22:00:00+00:00,1.26974,1.27052,1.26905,1.2693,8156.0
2023-11-30 02:00:00+00:00,1.26928,1.2706,1.26908,1.26988,9959.0
2023-11-30 06:00:00+00:00,1.26988,1.27108,1.26484,1.26489,21296.0
2023-11-30 10:00:00+00:00,1.26486,1.26794,1.26226,1.26255,25705.0
2023-11-30 14:00:00+00:00,1.26254,1.2664,1.26034,1.262,40185.0
2023-11-30 18:00:00+00:00,1.26201,1.26374,1.26124,1.26244,14611.0
2023-11-30 22:00:00+00:00,1.26206,1.26554,1.26169,1.26532,9663.0
2023-12-01 02:00:00+00:00,1.26532,1.26565,1.26332,1.26444,10386.0
2023-12-01 06:00:00+00:00,1.2644,1.2675,1.26291,1.2668,19378.0
2023-12-01 10:00:00+00:00,1.26677,1.26682,1.26274,1.26294,19861.0
2023-12-01 14:00:00+00:00,1.26294,1.26964,1.2614,1.26948,42326.0
2023-12-01 18:00:00+00:00,1.26948,1.27162,1.26922,1.27106,15824.0
2023-12-03 22:00:00+00:00,1.26984,1.27246,1.26675,1.26766,15771.0
2023-12-04 02:00:00+00:00,1.26766,1.2687,1.26717,1.26776,11560.0
2023-12-04 06:00:00+00:00,1.26773,1.26856,1.26566,1.26742,22730.0
2023-12-04 10:00:00+00:00,1.26743,1.26876,1.26528,1.26568,21802.0
2023-12-04 14:00:00+00:00,1.26571,1.26575,1.26038,1.26224,35051.0
2023-12-04 18:00:00+00:00,1.26224,1.26346,1.26053,1.26324,11279.0
2023-12-04 22:00:00+00:00,1.26288,1.26446,1.26284,1.26362,9687.0
2023-12-05 02:00:00+00:00,1.26362,1.26416,1.26278,1.26392,11265.0
2023-12-05 06:00:00+00:00,1.26393,1.26396,1.26062,1.26316,23477.0
2023-12-05 10:00:00+00:00,1.26314,1.26456,1.26165,1.26362,23392.0
2023-12-05 14:00:00+00:00,1.26362,1.26522,1.25822,1.25952,41282.0
2023-12-05 18:00:00+00:00,1.25952,1.25968,1.25774,1.25954,12756.0
2023-12-05 22:00:00+00:00,1.25985,1.26082,1.25906,1.26024,8556.0
2023-12-06 02:00:00+00:00,1.26024,1.26138,1.26,1.26113,9705.0
2023-12-06 06:00:00+00:00,1.26112,1.26114,1.25912,1.26,19478.0
2023-12-06 10:00:00+00:00,1.25999,1.26096,1.25817,1.25988,24830.0
2023-12-06 14:00:00+00:00,1.25988,1.26046,1.25764,1.2581,27665.0
2023-12-06 18:00:00+00:00,1.25809,1.25836,1.25518,1.25598,10879.0
2023-12-06 22:00:00+00:00,1.25596,1.25649,1.25534,1.25593,8074.0
2023-12-07 02:00:00+00:00,1.25594,1.2562,1.25444,1.255,11824.0
2023-12-07 06:00:00+00:00,1.25502,1.25894,1.25464,1.25863,23631.0
2023-12-07 10:00:00+00:00,1.25864,1.2594,1.25518,1.25834,27786.0
2023-12-07 14:00:00+00:00,1.25832,1.26128,1.25456,1.2603,36673.0
2023-12-07 18:00:00+00:00,1.26028,1.2603,1.25834,1.25922,14992.0
2023-12-07 22:00:00+00:00,1.25889,1.26016,1.25842,1.25906,13968.0
2023-12-08 02:00:00+00:00,1.25904,1.25984,1.25864,1.25876,15265.0
2023-12-08 06:00:00+00:00,1.25874,1.25899,1.25546,1.25571,22198.0
2023-12-08 10:00:00+00:00,1.2557,1.2587,1.25117,1.25455,29009.0
2023-12-08 14:00:00+00:00,1.25458,1.25626,1.25023,1.25456,39162.0
2023-12-08 18:00:00+00:00,1.25456,1.25558,1.25432,1.25489,13649.0
2023-12-10 22:00:00+00:00,1.2537,1.25587,1.25337,1.25459,10832.0
2023-12-11 02:00:00+00:00,1.25458,1.2547,1.25349,1.2542,9709.0
2023-12-11 06:00:00+00:00,1.2542,1.25608,1.25351,1.2554,18063.0
2023-12-11 10:00:00+00:00,1.2554,1.25908,1.25537,1.25811,18015.0
2023-12-11 14:00:00+00:00,1.25812,1.2582,1.25398,1.25404,22635.0
2023-12-11 18:00:00+00:00,1.25402,1.25678,1.25382,1.25558,10176.0
2023-12-11 22:00:00+00:00,1.25574,1.25696,1.2552,1.25654,6764.0
2023-12-12 02:00:00+00:00,1.25654,1.2584,1.25634,1.2576,9738.0
2023-12-12 06:00:00+00:00,1.25766,1.25842,1.25424,1.25654,17497.0
2023-12-12 10:00:00+00:00,1.25654,1.26161,1.25392,1.25433,27264.0
2023-12-12 14:00:00+00:00,1.25432,1.25716,1.2514,1.25452,31999.0
2023-12-12 18:00:00+00:00,1.25453,1.2572,1.2543,1.25628,13220.0
2023-12-12 22:00:00+00:00,1.25656,1.25713,1.25548,1.25592,8295.0
2023-12-13 02:00:00+00:00,1.25591,1.25605,1.25484,1.25572,11304.0
2023-12-13 06:00:00+00:00,1.25573,1.25586,1.25174,1.25262,18013.0
2023-12-13 10:00:00+00:00,1.25266,1.2549,1.25094,1.25394,18366.0
2023-12-13 14:00:00+00:00,1.25394,1.25476,1.25055,1.2508,22569.0
2023-12-13 18:00:00+00:00,1.2508,1.26348,1.25002,1.26182,43058.0
2023-12-13 22:00:00+00:00,1.26214,1.2642,1.26163,1.26408,14323.0
2023-12-14 02:00:00+00:00,1.26407,1.26528,1.26294,1.26358,21170.0
2023-12-14 06:00:00+00:00,1.26358,1.26712,1.26121,1.26676,29955.0
2023-12-14 10:00:00+00:00,1.2668,1.27332,1.2652,1.27274,37617.0
2023-12-14 14:00:00+00:00,1.27271,1.27944,1.2703,1.27842,41610.0
2023-12-14 18:00:00+00:00,1.27841,1.27842,1.27482,1.27643,15692.0
2023-12-14 22:00:00+00:00,1.27664,1.27722,1.27472,1.2755,10456.0
2023-12-15 02:00:00+00:00,1.2755,1.27742,1.2755,1.27592,16267.0
2023-12-15 06:00:00+00:00,1.27591,1.27764,1.27402,1.27746,25661.0
2023-12-15 10:00:00+00:00,1.27748,1.2791,1.26994,1.27112,26821.0
2023-12-15 14:00:00+00:00,1.27109,1.27301,1.26851,1.27052,34691.0
2023-12-15 18:00:00+00:00,1.27052,1.27054,1.26686,1.26766,16967.0
2023-12-17 22:00:00+00:00,1.26792,1.26847,1.26642,1.26816,9882.0
2023-12-18 02:00:00+00:00,1.26816,1.26998,1.26816,1.26934,12761.0
2023-12-18 06:00:00+00:00,1.26936,1.27041,1.26655,1.26671,17926.0
2023-12-18 10:00:00+00:00,1.26672,1.26788,1.26457,1.2667,20231.0
2023-12-18 14:00:00+00:00,1.2667,1.26706,1.26289,1.26528,22985.0
2023-12-18 18:00:00+00:00,1.2653,1.26531,1.26338,1.26477,11607.0
2023-12-18 22:00:00+00:00,1.26426,1.26632,1.26404,1.26528,8425.0
2023-12-19 02:00:00+00:00,1.26529,1.26647,1.26502,1.26582,14007.0
2023-12-19 06:00:00+00:00,1.2658,1.27015,1.26514,1.26992,21850.0
2023-12-19 10:00:00+00:00,1.26991,1.27466,1.26935,1.27433,20893.0
2023-12-19 14:00:00+00:00,1.27432,1.27619,1.27256,1.27355,25552.0
2023-12-19 18:00:00+00:00,1.27354,1.27388,1.27162,1.2732,11790.0
2023-12-19 22:00:00+00:00,1.27312,1.27357,1.27158,1.27195,9161.0
2023-12-20 02:00:00+00:00,1.27194,1.27258,1.27174,1.2722,9869.0
2023-12-20 06:00:00+00:00,1.27222,1.27222,1.26476,1.26784,23022.0
2023-12-20 10:00:00+00:00,1.26786,1.26795,1.26298,1.26613,20133.0
2023-12-20 14:00:00+00:00,1.26614,1.26828,1.26526,1.26702,24602.0
2023-12-20 18:00:00+00:00,1.26702,1.2674,1.26251,1.26404,19916.0
2023-12-20 22:00:00+00:00,1.26357,1.2652,1.26322,1.26424,9064.0
2023-12-21 02:00:00+00:00,1.26422,1.26514,1.26304,1.26498,13004.0
2023-12-21 06:00:00+00:00,1.26498,1.26498,1.26123,1.26315,18123.0
2023-12-21 10:00:00+00:00,1.26314,1.2696,1.26217,1.26812,25204.0
2023-12-21 14:00:00+00:00,1.26812,1.26907,1.26432,1.26644,36276.0
2023-12-21 18:00:00+00:00,1.26642,1.26926,1.26588,1.2691,17774.0
2023-12-21 22:00:00+00:00,1.26864,1.26924,1.26793,1.26811,10907.0
2023-12-22 02:00:00+00:00,1.2681,1.26917,1.268,1.26858,14439.0
2023-12-22 06:00:00+00:00,1.26858,1.27152,1.26818,1.26866,22262.0
2023-12-22 10:00:00+00:00,1.26864,1.27438,1.26864,1.27354,27279.0
2023-12-22 14:00:00+00:00,1.27353,1.27443,1.26982,1.27093,30003.0
2023-12-22 18:00:00+00:00,1.27092,1.27104,1.26902,1.26974,15817.0
2023-12-25 22:00:00+00:00,1.26935,1.2712,1.26892,1.27062,5535.0
2023-12-26 02:00:00+00:00,1.27065,1.27132,1.27021,1.27058,8406.0
2023-12-26 06:00:00+00:00,1.27059,1.27082,1.26866,1.26911,11113.0
2023-12-26 10:00:00+00:00,1.26912,1.27122,1.26846,1.27042,15858.0
2023-12-26 14:00:00+00:00,1.27043,1.27204,1.27017,1.27066,16083.0
2023-12-26 18:00:00+00:00,1.27069,1.27304,1.27052,1.27244,11755.0
2023-12-26 22:00:00+00:00,1.27221,1.27304,1.27164,1.27251,7081.0
2023-12-27 02:00:00+00:00,1.27252,1.27328,1.272,1.27326,8218.0
2023-12-27 06:00:00+00:00,1.27326,1.27354,1.26988,1.27202,14828.0
2023-12-27 10:00:00+00:00,1.27204,1.27596,1.27104,1.27548,14835.0
2023-12-27 14:00:00+00:00,1.27547,1.28026,1.2744,1.27898,21569.0
2023-12-27 18:00:00+00:00,1.27897,1.28022,1.27836,1.27995,13095.0
2023-12-27 22:00:00+00:00,1.2794,1.2814,1.27936,1.28129,7464.0
2023-12-28 02:00:00+00:00,1.2813,1.28166,1.28015,1.28093,9205.0
2023-12-28 06:00:00+00:00,1.28092,1.2828,1.2791,1.27944,18855.0
2023-12-28 10:00:00+00:00,1.27944,1.28055,1.27384,1.27418,20135.0
2023-12-28 14:00:00+00:00,1.27416,1.27752,1.27286,1.27394,24657.0
2023-12-28 18:00:00+00:00,1.27393,1.27399,1.27126,1.27306,13097.0
2023-12-28 22:00:00+00:00,1.27338,1.27472,1.2727,1.27368,8928.0
2023-12-29 02:00:00+00:00,1.27366,1.2764,1.27328,1.27628,9212.0
2023-12-29 06:00:00+00:00,1.27628,1.27728,1.27004,1.27058,15778.0
2023-12-29 10:00:00+00:00,1.27058,1.27496,1.27042,1.27208,19147.0
2023-12-29 14:00:00+00:00,1.27208,1.27672,1.2701,1.27628,30199.0
2023-12-29 18:00:00+00:00,1.27626,1.27626,1.27294,1.27314,15389.0
2024-01-01 22:00:00+00:00,1.27264,1.27356,1.27204,1.2721,9653.0
2024-01-02 02:00:00+00:00,1.27208,1.27414,1.271,1.2737,10972.0
2024-01-02 06:00:00+00:00,1.2737,1.276,1.27172,1.27175,25175.0
2024-01-02 10:00:00+00:00,1.27176,1.27189,1.26216,1.263,30085.0
2024-01-02 14:00:00+00:00,1.26297,1.26448,1.26108,1.2633,35285.0
2024-01-02 18:00:00+00:00,1.2633,1.2635,1.2616,1.26188,13724.0
2024-01-02 22:00:00+00:00,1.26166,1.2634,1.26163,1.2629,7686.0
2024-01-03 02:00:00+00:00,1.2629,1.26418,1.26264,1.26308,12974.0
2024-01-03 06:00:00+00:00,1.26309,1.26527,1.26244,1.26282,24425.0
2024-01-03 10:00:00+00:00,1.26278,1.26432,1.26183,1.26298,26166.0
2024-01-03 14:00:00+00:00,1.26298,1.26566,1.26157,1.2645,38490.0
2024-01-03 18:00:00+00:00,1.26449,1.26766,1.26306,1.26644,26348.0
2024-01-03 22:00:00+00:00,1.26638,1.26742,1.26602,1.26624,10941.0
2024-01-04 02:00:00+00:00,1.26623,1.26762,1.2657,1.26652,14403.0
2024-01-04 06:00:00+00:00,1.2665,1.27247,1.26649,1.27202,25729.0
2024-01-04 10:00:00+00:00,1.27204,1.27299,1.26705,1.26733,26257.0
2024-01-04 14:00:00+00:00,1.2673,1.2711,1.26647,1.26836,31846.0
2024-01-04 18:00:00+00:00,1.26834,1.26876,1.2674,1.26828,13409.0
2024-01-04 22:00:00+00:00,1.26833,1.26956,1.26798,1.26936,10542.0
2024-01-05 02:00:00+00:00,1.26935,1.26964,1.26741,1.26744,12812.0
2024-01-05 06:00:00+00:00,1.26744,1.26891,1.26572,1.266,22821.0
2024-01-05 10:00:00+00:00,1.266,1.26714,1.26116,1.26578,29971.0
2024-01-05 14:00:00+00:00,1.26578,1.27712,1.2655,1.27236,51478.0
2024-01-05 18:00:00+00:00,1.27234,1.27394,1.27102,1.27193,19737.0
2024-01-07 22:00:00+00:00,1.272,1.27302,1.27089,1.27212,6836.0
2024-01-08 02:00:00+00:00,1.27213,1.27213,1.26984,1.27037,10258.0
2024-01-08 06:00:00+00:00,1.27038,1.27202,1.26734,1.26949,20903.0
2024-01-08 10:00:00+00:00,1.26956,1.27216,1.26932,1.27119,21525.0
2024-01-08 14:00:00+00:00,1.27118,1.2767,1.27092,1.2755,26284.0
2024-01-08 18:00:00+00:00,1.27548,1.27606,1.274,1.27486,12206.0
2024-01-08 22:00:00+00:00,1.27538,1.2761,1.27406,1.27605,9955.0
2024-01-09 02:00:00+00:00,1.27606,1.27652,1.2738,1.27437,12685.0
2024-01-09 06:00:00+00:00,1.27438,1.2751,1.27244,1.27344,18618.0
2024-01-09 10:00:00+00:00,1.27345,1.27385,1.27072,1.27254,21918.0
2024-01-09 14:00:00+00:00,1.27256,1.27316,1.26893,1.27106,28589.0
2024-01-09 18:00:00+00:00,1.27104,1.27176,1.2692,1.27095,14694.0
2024-01-09 22:00:00+00:00,1.27066,1.27181,1.27051,1.2711,8158.0
2024-01-10 02:00:00+00:00,1.27106,1.2713,1.26974,1.2702,9814.0
2024-01-10 06:00:00+00:00,1.27018,1.27288,1.26863,1.27258,19459.0
2024-01-10 10:00:00+00:00,1.27256,1.27364,1.2718,1.27245,18385.0
2024-01-10 14:00:00+00:00,1.27244,1.27412,1.27133,1.27336,23490.0
2024-01-10 18:00:00+00:00,1.27336,1.27442,1.27277,1.2742,14014.0
2024-01-10 22:00:00+00:00,1.27344,1.27616,1.27333,1.27606,8438.0
2024-01-11 02:00:00+00:00,1.27607,1.27713,1.27581,1.27636,12896.0
2024-01-11 06:00:00+00:00,1.27635,1.27744,1.27387,1.27397,18525.0
2024-01-11 10:00:00+00:00,1.27396,1.27812,1.27027,1.27108,31399.0
2024-01-11 14:00:00+00:00,1.27112,1.2754,1.26902,1.27206,56287.0
2024-01-11 18:00:00+00:00,1.27208,1.27668,1.27192,1.27628,25326.0
2024-01-11 22:00:00+00:00,1.27593,1.27817,1.27568,1.27806,12074.0
2024-01-12 02:00:00+00:00,1.27806,1.27848,1.27683,1.27729,15006.0
2024-01-12 06:00:00+00:00,1.27728,1.27794,1.27499,1.27526,19658.0
2024-01-12 10:00:00+00:00,1.27526,1.27683,1.27195,1.27552,27753.0
2024-01-12 14:00:00+00:00,1.27552,1.27858,1.27325,1.27395,41769.0
2024-01-12 18:00:00+00:00,1.27396,1.27566,1.27354,1.27528,18529.0
2024-01-14 22:00:00+00:00,1.27456,1.27522,1.27286,1.2742,10456.0
2024-01-15 02:00:00+00:00,1.27424,1.27652,1.27424,1.27529,10552.0
2024-01-15 06:00:00+00:00,1.2753,1.27604,1.27186,1.27261,18073.0
2024-01-15 10:00:00+00:00,1.27262,1.27394,1.27132,1.2728,18452.0
2024-01-15 14:00:00+00:00,1.27282,1.27386,1.2713,1.27295,14028.0
2024-01-15 18:00:00+00:00,1.27293,1.27319,1.27262,1.27282,2193.0
2024-01-15 22:00:00+00:00,1.27328,1.27328,1.26791,1.26952,12924.0
2024-01-16 02:00:00+00:00,1.26951,1.26952,1.26767,1.26807,13487.0
2024-01-16 06:00:00+00:00,1.26805,1.26872,1.26353,1.26409,26053.0
2024-01-16 10:00:00+00:00,1.26404,1.26728,1.26204,1.26425,28052.0
2024-01-16 14:00:00+00:00,1.26422,1.26793,1.26246,1.2625,43787.0
2024-01-16 18:00:00+00:00,1.26249,1.26406,1.26194,1.26348,16543.0
2024-01-16 22:00:00+00:00,1.26337,1.26434,1.26323,1.26356,10423.0
2024-01-17 02:00:00+00:00,1.26356,1.2644,1.26062,1.26102,13746.0
2024-01-17 06:00:00+00:00,1.26102,1.26839,1.25965,1.26806,31176.0
2024-01-17 10:00:00+00:00,1.2681,1.26962,1.2642,1.26508,27931.0
2024-01-17 14:00:00+00:00,1.26508,1.26824,1.26386,1.26785,34011.0
2024-01-17 18:00:00+00:00,1.26784,1.26868,1.26625,1.268,17313.0
2024-01-17 22:00:00+00:00,1.26786,1.2692,1.26714,1.26894,13156.0
2024-01-18 02:00:00+00:00,1.26894,1.26958,1.2678,1.26873,16350.0
2024-01-18 06:00:00+00:00,1.26874,1.27041,1.26738,1.2674,23990.0
2024-01-18 10:00:00+00:00,1.2674,1.26958,1.26505,1.26524,26514.0
2024-01-18 14:00:00+00:00,1.26524,1.26919,1.26482,1.26813,38074.0
2024-01-18 18:00:00+00:00,1.26814,1.27084,1.26768,1.27066,16886.0
2024-01-18 22:00:00+00:00,1.27073,1.27125,1.27002,1.27074,10068.0
2024-01-19 02:00:00+00:00,1.2707,1.27148,1.26964,1.2699,11056.0
2024-01-19 06:00:00+00:00,1.26988,1.27012,1.26657,1.2684,22664.0
2024-01-19 10:00:00+00:00,1.26842,1.26908,1.26701,1.26742,21333.0
2024-01-19 14:00:00+00:00,1.26742,1.26885,1.26612,1.2688,32609.0
2024-01-19 18:00:00+00:00,1.26884,1.27055,1.26824,1.27037,14430.0
2024-01-21 22:00:00+00:00,1.26885,1.27131,1.26885,1.27092,11760.0
2024-01-22 02:00:00+00:00,1.27092,1.27193,1.27072,1.2719,10438.0
2024-01-22 06:00:00+00:00,1.27189,1.27246,1.26868,1.27048,18814.0
2024-01-22 10:00:00+00:00,1.27044,1.27319,1.26984,1.2727,18429.0
2024-01-22 14:00:00+00:00,1.27266,1.2733,1.27088,1.27212,23412.0
2024-01-22 18:00:00+00:00,1.27212,1.27217,1.2698,1.27082,12850.0
2024-01-22 22:00:00+00:00,1.27114,1.27216,1.27046,1.27208,7873.0
2024-01-23 02:00:00+00:00,1.27208,1.27388,1.27154,1.27374,15284.0
2024-01-23 06:00:00+00:00,1.27378,1.27473,1.27202,1.27285,22967.0
2024-01-23 10:00:00+00:00,1.27284,1.27288,1.27,1.27082,20748.0
2024-01-23 14:00:00+00:00,1.2708,1.2708,1.26492,1.26578,24572.0
2024-01-23 18:00:00+00:00,1.26578,1.26919,1.2657,1.26873,12470.0
2024-01-23 22:00:00+00:00,1.268,1.26984,1.268,1.26928,13418.0
2024-01-24 02:00:00+00:00,1.26927,1.27044,1.26858,1.27024,11061.0
2024-01-24 06:00:00+00:00,1.27022,1.27734,1.26998,1.27647,22537.0
2024-01-24 10:00:00+00:00,1.27648,1.27712,1.27284,1.27668,22427.0
2024-01-24 14:00:00+00:00,1.27668,1.27748,1.27338,1.2748,35123.0
2024-01-24 18:00:00+00:00,1.27481,1.27508,1.27136,1.27242,16578.0
2024-01-24 22:00:00+00:00,1.27234,1.27282,1.27036,1.2712,10060.0
2024-01-25 02:00:00+00:00,1.2712,1.27174,1.27075,1.27105,11770.0
2024-01-25 06:00:00+00:00,1.27106,1.2737,1.27088,1.27264,19830.0
2024-01-25 10:00:00+00:00,1.27264,1.27426,1.26976,1.27364,26691.0
2024-01-25 14:00:00+00:00,1.27364,1.27364,1.26816,1.26906,39371.0
2024-01-25 18:00:00+00:00,1.26905,1.27121,1.2686,1.27087,15930.0
2024-01-25 22:00:00+00:00,1.27076,1.27122,1.27008,1.27088,6991.0
2024-01-26 02:00:00+00:00,1.27089,1.27162,1.27022,1.27061,8909.0
2024-01-26 06:00:00+00:00,1.2706,1.27218,1.26756,1.27144,20283.0
2024-01-26 10:00:00+00:00,1.27149,1.27586,1.27144,1.27488,23677.0
2024-01-26 14:00:00+00:00,1.27485,1.27547,1.27063,1.27134,27138.0
2024-01-26 18:00:00+00:00,1.27131,1.27152,1.26987,1.27022,11391.0
2024-01-28 22:00:00+00:00,1.26981,1.27059,1.2691,1.27004,10416.0
2024-01-29 02:00:00+00:00,1.27003,1.2708,1.26948,1.2702,11200.0
2024-01-29 06:00:00+00:00,1.27021,1.2719,1.26987,1.27037,18456.0
2024-01-29 10:00:00+00:00,1.27037,1.2713,1.26832,1.26934,18359.0
2024-01-29 14:00:00+00:00,1.26936,1.2696,1.26622,1.26832,21160.0
2024-01-29 18:00:00+00:00,1.26834,1.27174,1.26767,1.27096,13357.0
2024-01-29 22:00:00+00:00,1.271,1.27212,1.27053,1.2711,9625.0
2024-01-30 02:00:00+00:00,1.27109,1.27138,1.27038,1.27058,10529.0
2024-01-30 06:00:00+00:00,1.27058,1.27088,1.26714,1.2681,20383.0
2024-01-30 10:00:00+00:00,1.2681,1.26838,1.26626,1.26752,18917.0
2024-01-30 14:00:00+00:00,1.26752,1.26892,1.26402,1.26809,28361.0
2024-01-30 18:00:00+00:00,1.26808,1.27,1.26736,1.26994,12721.0
2024-01-30 22:00:00+00:00,1.26956,1.27008,1.26844,1.26845,9489.0
2024-01-31 02:00:00+00:00,1.26844,1.26844,1.26729,1.26777,11924.0
2024-01-31 06:00:00+00:00,1.26776,1.26974,1.26668,1.267,21056.0
2024-01-31 10:00:00+00:00,1.26699,1.27128,1.26672,1.27054,22088.0
2024-01-31 14:00:00+00:00,1.27055,1.27508,1.27004,1.27182,37177.0
2024-01-31 18:00:00+00:00,1.27182,1.27394,1.26582,1.26875,44860.0
2024-01-31 22:00:00+00:00,1.2678,1.2689,1.26743,1.26794,11678.0
2024-02-01 02:00:00+00:00,1.26796,1.26981,1.26678,1.2668,13882.0
2024-02-01 06:00:00+00:00,1.26678,1.26742,1.26422,1.2656,22569.0
2024-02-01 10:00:00+00:00,1.26561,1.26858,1.26252,1.2659,26238.0
2024-02-01 14:00:00+00:00,1.2659,1.27399,1.2641,1.27365,38957.0
2024-02-01 18:00:00+00:00,1.27364,1.27558,1.27282,1.27428,17816.0
2024-02-01 22:00:00+00:00,1.27434,1.27549,1.27418,1.2746,8079.0
2024-02-02 02:00:00+00:00,1.27459,1.27546,1.27432,1.27496,11908.0
2024-02-02 06:00:00+00:00,1.27496,1.27678,1.27422,1.27574,18782.0
2024-02-02 10:00:00+00:00,1.27575,1.27724,1.26686,1.26716,25493.0
2024-02-02 14:00:00+00:00,1.26714,1.26737,1.26141,1.26186,37989.0
2024-02-02 18:00:00+00:00,1.26186,1.2644,1.26156,1.2634,17182.0
2024-02-04 22:00:00+00:00,1.2635,1.26388,1.25988,1.26112,14604.0
2024-02-05 02:00:00+00:00,1.26111,1.26141,1.25992,1.26117,15758.0
2024-02-05 06:00:00+00:00,1.26116,1.26296,1.26004,1.26012,20018.0
2024-02-05 10:00:00+00:00,1.26012,1.26034,1.25498,1.25526,19029.0
2024-02-05 14:00:00+00:00,1.25528,1.2562,1.25184,1.25358,26559.0
2024-02-05 18:00:00+00:00,1.25358,1.2544,1.25262,1.25356,11825.0
2024-02-05 22:00:00+00:00,1.25368,1.25483,1.25322,1.2547,6917.0
2024-02-06 02:00:00+00:00,1.25471,1.2557,1.25394,1.25526,14208.0
2024-02-06 06:00:00+00:00,1.25526,1.25655,1.25402,1.25424,20612.0
2024-02-06 10:00:00+00:00,1.25423,1.2572,1.25364,1.2564,20986.0
2024-02-06 14:00:00+00:00,1.25638,1.25998,1.25582,1.25951,29477.0
2024-02-06 18:00:00+00:00,1.2595,1.26034,1.25873,1.25978,15441.0
2024-02-06 22:00:00+00:00,1.2598,1.2613,1.25945,1.26106,9111.0
2024-02-07 02:00:00+00:00,1.26106,1.26122,1.25982,1.26057,12998.0
2024-02-07 06:00:00+00:00,1.26056,1.26376,1.25992,1.26331,20131.0
2024-02-07 10:00:00+00:00,1.2633,1.26399,1.26204,1.26253,17621.0
2024-02-07 14:00:00+00:00,1.26254,1.26422,1.26166,1.26233,30273.0
2024-02-07 18:00:00+00:00,1.26231,1.26344,1.26201,1.26284,13790.0
2024-02-07 22:00:00+00:00,1.2626,1.26364,1.2625,1.26336,9503.0
2024-02-08 02:00:00+00:00,1.26332,1.2639,1.26268,1.26306,13447.0
2024-02-08 06:00:00+00:00,1.2631,1.26368,1.26128,1.26306,19545.0
2024-02-08 10:00:00+00:00,1.26306,1.26346,1.25718,1.2581,22555.0
2024-02-08 14:00:00+00:00,1.25798,1.26228,1.25782,1.26174,24017.0
2024-02-08 18:00:00+00:00,1.26174,1.26296,1.26116,1.26184,14709.0
2024-02-08 22:00:00+00:00,1.26214,1.26218,1.26134,1.26188,8179.0
2024-02-09 02:00:00+00:00,1.26186,1.26226,1.26116,1.26146,9526.0
2024-02-09 06:00:00+00:00,1.26148,1.26348,1.26064,1.2611,17830.0
2024-02-09 10:00:00+00:00,1.26107,1.26354,1.2599,1.26205,23674.0
2024-02-09 14:00:00+00:00,1.26202,1.26432,1.26158,1.26301,24957.0
2024-02-09 18:00:00+00:00,1.26301,1.26376,1.26253,1.26302,9744.0
2024-02-11 22:00:00+00:00,1.26269,1.2644,1.26261,1.26362,8237.0
2024-02-12 02:00:00+00:00,1.26362,1.2638,1.26266,1.26294,5447.0
2024-02-12 06:00:00+00:00,1.26295,1.26548,1.26178,1.26213,17256.0
2024-02-12 10:00:00+00:00,1.26214,1.26258,1.26062,1.26096,17155.0
2024-02-12 14:00:00+00:00,1.26096,1.26398,1.26095,1.26396,18592.0
2024-02-12 18:00:00+00:00,1.26396,1.26405,1.26211,1.26282,12866.0
2024-02-12 22:00:00+00:00,1.26282,1.26314,1.26184,1.26208,6267.0
2024-02-13 02:00:00+00:00,1.26208,1.26209,1.26091,1.26151,8328.0
2024-02-13 06:00:00+00:00,1.26152,1.2656,1.26147,1.26546,18572.0
2024-02-13 10:00:00+00:00,1.26548,1.26922,1.25898,1.25928,26856.0
2024-02-13 14:00:00+00:00,1.25928,1.26084,1.25756,1.26,34066.0
2024-02-13 18:00:00+00:00,1.25998,1.26032,1.25733,1.25926,14699.0
2024-02-13 22:00:00+00:00,1.25894,1.25992,1.25846,1.2597,9321.0
2024-02-14 02:00:00+00:00,1.25971,1.26052,1.25925,1.26028,13149.0
2024-02-14 06:00:00+00:00,1.26028,1.26112,1.2536,1.25394,24653.0
2024-02-14 10:00:00+00:00,1.25394,1.25681,1.25354,1.25573,20716.0
2024-02-14 14:00:00+00:00,1.25574,1.25655,1.25397,1.25644,27593.0
2024-02-14 18:00:00+00:00,1.25646,1.25706,1.2557,1.2566,14237.0
2024-02-14 22:00:00+00:00,1.2565,1.25736,1.25616,1.25626,7761.0
2024-02-15 02:00:00+00:00,1.25626,1.25696,1.25587,1.25652,8753.0
2024-02-15 06:00:00+00:00,1.25651,1.25734,1.2542,1.25543,19235.0
2024-02-15 10:00:00+00:00,1.25542,1.25766,1.25422,1.257,22125.0
2024-02-15 14:00:00+00:00,1.257,1.25967,1.2561,1.25864,30234.0
2024-02-15 18:00:00+00:00,1.25864,1.26024,1.25843,1.25999,12816.0
2024-02-15 22:00:00+00:00,1.25959,1.26054,1.258,1.25882,8717.0
2024-02-16 02:00:00+00:00,1.25884,1.25888,1.25772,1.25825,10814.0
2024-02-16 06:00:00+00:00,1.25826,1.26068,1.25746,1.25858,19181.0
2024-02-16 10:00:00+00:00,1.25859,1.26012,1.25508,1.25671,21009.0
2024-02-16 14:00:00+00:00,1.25673,1.26086,1.25534,1.26078,29896.0
2024-02-16 18:00:00+00:00,1.26078,1.26244,1.25976,1.26006,15685.0
2024-02-18 22:00:00+00:00,1.26064,1.26272,1.26002,1.26142,10843.0
2024-02-19 02:00:00+00:00,1.26142,1.26212,1.26115,1.26192,11458.0
2024-02-19 06:00:00+00:00,1.26192,1.26297,1.26074,1.2615,14701.0
2024-02-19 10:00:00+00:00,1.26148,1.26219,1.2598,1.25996,13268.0
2024-02-19 14:00:00+00:00,1.25994,1.26004,1.25835,1.25911,9638.0
2024-02-19 18:00:00+00:00,1.2591,1.26012,1.25899,1.25966,2214.0
2024-02-19 22:00:00+00:00,1.25951,1.25979,1.25814,1.25843,11895.0
2024-02-20 02:00:00+00:00,1.25846,1.25892,1.25792,1.2582,13214.0
2024-02-20 06:00:00+00:00,1.25818,1.26068,1.25806,1.26034,21766.0
2024-02-20 10:00:00+00:00,1.26034,1.2646,1.25872,1.2643,25735.0
2024-02-20 14:00:00+00:00,1.2643,1.26686,1.26294,1.26352,26341.0
2024-02-20 18:00:00+00:00,1.2635,1.26354,1.26168,1.2623,12022.0
2024-02-20 22:00:00+00:00,1.26226,1.26282,1.26192,1.26277,10173.0
2024-02-21 02:00:00+00:00,1.26278,1.26374,1.26276,1.26336,13551.0
2024-02-21 06:00:00+00:00,1.26336,1.2635,1.26026,1.26122,19263.0
2024-02-21 10:00:00+00:00,1.26118,1.26307,1.26082,1.2624,18723.0
2024-02-21 14:00:00+00:00,1.26238,1.26347,1.26052,1.2616,23202.0
2024-02-21 18:00:00+00:00,1.2616,1.2642,1.26058,1.26378,23027.0
2024-02-21 22:00:00+00:00,1.26374,1.26472,1.26349,1.26396,8264.0
2024-02-22 02:00:00+00:00,1.26395,1.26487,1.26313,1.2645,10572.0
2024-02-22 06:00:00+00:00,1.26447,1.27096,1.26446,1.2676,24936.0
2024-02-22 10:00:00+00:00,1.26756,1.26902,1.26262,1.26284,21822.0
2024-02-22 14:00:00+00:00,1.26282,1.26599,1.26116,1.26566,31774.0
2024-02-22 18:00:00+00:00,1.26565,1.26648,1.26446,1.26606,14627.0
2024-02-22 22:00:00+00:00,1.26594,1.26666,1.26482,1.26628,10401.0
2024-02-23 02:00:00+00:00,1.26628,1.26661,1.26575,1.26616,11880.0
2024-02-23 06:00:00+00:00,1.2662,1.2677,1.26488,1.26563,18111.0
2024-02-23 10:00:00+00:00,1.26564,1.27014,1.26564,1.26936,20719.0
2024-02-23 14:00:00+00:00,1.26933,1.27004,1.26654,1.26782,26567.0
2024-02-23 18:00:00+00:00,1.26782,1.26862,1.26664,1.26724,14437.0
2024-02-25 22:00:00+00:00,1.2677,1.26829,1.26609,1.2662,9284.0
2024-02-26 02:00:00+00:00,1.26622,1.26702,1.26567,1.26667,9660.0
2024-02-26 06:00:00+00:00,1.26666,1.26813,1.26629,1.26794,16219.0
2024-02-26 10:00:00+00:00,1.26795,1.26997,1.26734,1.26972,16648.0
2024-02-26 14:00:00+00:00,1.2697,1.26986,1.2672,1.26765,21266.0
2024-02-26 18:00:00+00:00,1.26763,1.26883,1.26708,1.26858,10818.0
2024-02-26 22:00:00+00:00,1.2683,1.26885,1.26748,1.26788,8750.0
2024-02-27 02:00:00+00:00,1.26789,1.26872,1.26742,1.26802,13631.0
2024-02-27 06:00:00+00:00,1.26804,1.26969,1.26782,1.26892,17331.0
2024-02-27 10:00:00+00:00,1.2689,1.2695,1.26712,1.2682,18860.0
2024-02-27 14:00:00+00:00,1.2682,1.26951,1.26604,1.26856,21599.0
2024-02-27 18:00:00+00:00,1.26854,1.26944,1.26781,1.2686,14218.0
2024-02-27 22:00:00+00:00,1.26858,1.26876,1.26726,1.26764,8866.0
2024-02-28 02:00:00+00:00,1.26762,1.2678,1.26574,1.26595,10468.0
2024-02-28 06:00:00+00:00,1.26594,1.26624,1.26234,1.2625,16944.0
2024-02-28 10:00:00+00:00,1.2625,1.2658,1.26216,1.26438,21913.0
2024-02-28 14:00:00+00:00,1.26438,1.26737,1.26364,1.266,25013.0
2024-02-28 18:00:00+00:00,1.26598,1.26638,1.26512,1.26615,10699.0
2024-02-28 22:00:00+00:00,1.26581,1.26669,1.26568,1.26591,11284.0
2024-02-29 02:00:00+00:00,1.26592,1.26714,1.26584,1.26666,13113.0
2024-02-29 06:00:00+00:00,1.26667,1.26746,1.26525,1.26666,22034.0
2024-02-29 10:00:00+00:00,1.26666,1.26746,1.2635,1.26526,26005.0
2024-02-29 14:00:00+00:00,1.26523,1.26818,1.2615,1.26174,30025.0
2024-02-29 18:00:00+00:00,1.26174,1.26278,1.26126,1.26245,14158.0
2024-02-29 22:00:00+00:00,1.26212,1.26346,1.26207,1.26344,11386.0
2024-03-01 02:00:00+00:00,1.26344,1.26356,1.26246,1.26263,11654.0
2024-03-01 06:00:00+00:00,1.26264,1.26416,1.2625,1.26306,17831.0
2024-03-01 10:00:00+00:00,1.26308,1.26472,1.26176,1.26304,22225.0
2024-03-01 14:00:00+00:00,1.26303,1.26598,1.26001,1.2656,31421.0
2024-03-01 18:00:00+00:00,1.2656,1.2664,1.26488,1.26552,14719.0
2024-03-03 22:00:00+00:00,1.26567,1.26666,1.26518,1.26598,9336.0
2024-03-04 02:00:00+00:00,1.26598,1.26668,1.26559,1.26624,7012.0
2024-03-04 06:00:00+00:00,1.26626,1.26798,1.2661,1.26778,18377.0
2024-03-04 10:00:00+00:00,1.26778,1.26837,1.26658,1.26776,17189.0
2024-03-04 14:00:00+00:00,1.26777,1.27066,1.26728,1.26966,19960.0
2024-03-04 18:00:00+00:00,1.26966,1.26978,1.26856,1.26914,10013.0
2024-03-04 22:00:00+00:00,1.2692,1.2695,1.26872,1.26904,7897.0
2024-03-05 02:00:00+00:00,1.26906,1.2691,1.26812,1.26833,9260.0
2024-03-05 06:00:00+00:00,1.26832,1.26886,1.26712,1.26856,16407.0
2024-03-05 10:00:00+00:00,1.26854,1.26927,1.26743,1.26912,17183.0
2024-03-05 14:00:00+00:00,1.26916,1.2735,1.26868,1.27112,29317.0
2024-03-05 18:00:00+00:00,1.27112,1.27114,1.2696,1.27054,15423.0
2024-03-05 22:00:00+00:00,1.2705,1.27084,1.26902,1.26928,12369.0
2024-03-06 02:00:00+00:00,1.26928,1.27068,1.26916,1.27038,10205.0
2024-03-06 06:00:00+00:00,1.27037,1.27316,1.27028,1.27309,19660.0
2024-03-06 10:00:00+00:00,1.27308,1.27309,1.27054,1.27242,21900.0
2024-03-06 14:00:00+00:00,1.2724,1.27616,1.2717,1.27444,30003.0
2024-03-06 18:00:00+00:00,1.27447,1.27537,1.27256,1.2732,21515.0
2024-03-06 22:00:00+00:00,1.27315,1.274,1.27282,1.27303,11777.0
2024-03-07 02:00:00+00:00,1.27302,1.27406,1.27231,1.27337,12984.0
2024-03-07 06:00:00+00:00,1.27334,1.27514,1.27294,1.275,20236.0
2024-03-07 10:00:00+00:00,1.275,1.27626,1.27449,1.2752,23357.0
2024-03-07 14:00:00+00:00,1.2752,1.27984,1.2749,1.27923,32948.0
2024-03-07 18:00:00+00:00,1.27922,1.2811,1.2792,1.28082,13871.0
2024-03-07 22:00:00+00:00,1.28073,1.28201,1.28056,1.28092,9232.0
2024-03-08 02:00:00+00:00,1.28088,1.28126,1.28042,1.28099,10800.0
2024-03-08 06:00:00+00:00,1.28098,1.28296,1.2801,1.28278,18942.0
2024-03-08 10:00:00+00:00,1.28277,1.2894,1.28231,1.2864,28021.0
2024-03-08 14:00:00+00:00,1.2864,1.28864,1.28433,1.2849,38603.0
2024-03-08 18:00:00+00:00,1.2849,1.28598,1.28398,1.2857,16247.0
2024-03-10 21:00:00+00:00,1.28603,1.28645,1.2848,1.28564,8468.0
2024-03-11 01:00:00+00:00,1.28563,1.2862,1.28455,1.28513,12062.0
2024-03-11 05:00:00+00:00,1.28512,1.28581,1.28316,1.28364,18500.0
2024-03-11 09:00:00+00:00,1.28366,1.2854,1.28242,1.28242,18177.0
2024-03-11 13:00:00+00:00,1.28243,1.28302,1.27951,1.28069,23574.0
2024-03-11 17:00:00+00:00,1.28068,1.2814,1.27996,1.28138,14993.0
2024-03-11 21:00:00+00:00,1.28098,1.28222,1.28084,1.28165,6156.0
2024-03-12 01:00:00+00:00,1.28164,1.28228,1.28138,1.28192,10841.0
2024-03-12 05:00:00+00:00,1.28192,1.28236,1.27762,1.27862,17318.0
2024-03-12 09:00:00+00:00,1.27862,1.28082,1.27554,1.27716,26798.0
2024-03-12 13:00:00+00:00,1.27717,1.27894,1.2746,1.27782,32171.0
2024-03-12 17:00:00+00:00,1.27784,1.27952,1.27707,1.27938,12299.0
2024-03-12 21:00:00+00:00,1.27896,1.27982,1.27888,1.27944,6079.0
2024-03-13 01:00:00+00:00,1.27944,1.27993,1.27898,1.27906,10003.0
2024-03-13 05:00:00+00:00,1.27906,1.28008,1.27756,1.2793,15753.0
2024-03-13 09:00:00+00:00,1.2793,1.2809,1.27746,1.28004,19597.0
2024-03-13 13:00:00+00:00,1.28004,1.28063,1.2787,1.27972,21530.0
2024-03-13 17:00:00+00:00,1.27972,1.28115,1.27904,1.27972,13950.0
2024-03-13 21:00:00+00:00,1.28015,1.28046,1.27952,1.28,5417.0
2024-03-14 01:00:00+00:00,1.27998,1.28045,1.27868,1.27918,10607.0
2024-03-14 05:00:00+00:00,1.27918,1.28171,1.27884,1.28074,13769.0
2024-03-14 09:00:00+00:00,1.28075,1.28231,1.27814,1.27952,21432.0
2024-03-14 13:00:00+00:00,1.2795,1.27966,1.27306,1.27486,33883.0
2024-03-14 17:00:00+00:00,1.27484,1.27577,1.27428,1.27529,13631.0
2024-03-14 21:00:00+00:00,1.2752,1.27559,1.27341,1.27366,8166.0
2024-03-15 01:00:00+00:00,1.27364,1.27424,1.273,1.27388,10946.0
2024-03-15 05:00:00+00:00,1.2739,1.27455,1.27331,1.27384,15510.0
2024-03-15 09:00:00+00:00,1.27384,1.27588,1.27366,1.27484,19041.0
2024-03-15 13:00:00+00:00,1.27483,1.27576,1.27296,1.27304,24998.0
2024-03-15 17:00:00+00:00,1.27302,1.2741,1.27252,1.27364,11374.0
2024-03-17 21:00:00+00:00,1.27348,1.27379,1.2727,1.27312,4779.0
2024-03-18 01:00:00+00:00,1.27313,1.27382,1.2726,1.27316,7919.0
2024-03-18 05:00:00+00:00,1.27318,1.27468,1.2729,1.27452,10214.0
2024-03-18 09:00:00+00:00,1.2745,1.27468,1.27274,1.27357,13259.0
2024-03-18 13:00:00+00:00,1.27358,1.27382,1.27191,1.27262,19525.0
2024-03-18 17:00:00+00:00,1.27262,1.27318,1.2718,1.27292,9045.0
2024-03-18 21:00:00+00:00,1.27323,1.27323,1.27192,1.27202,6020.0
2024-03-19 01:00:00+00:00,1.272,1.2729,1.27127,1.27178,17490.0
2024-03-19 05:00:00+00:00,1.27178,1.2719,1.26839,1.26898,21341.0
2024-03-19 09:00:00+00:00,1.26898,1.27089,1.26678,1.26992,19172.0
2024-03-19 13:00:00+00:00,1.26991,1.27262,1.2694,1.27256,17891.0
2024-03-19 17:00:00+00:00,1.27255,1.2733,1.27188,1.27218,10924.0
2024-03-19 21:00:00+00:00,1.27222,1.27236,1.27104,1.27171,6658.0
2024-03-20 01:00:00+00:00,1.27172,1.27249,1.2714,1.2719,10296.0
2024-03-20 05:00:00+00:00,1.27188,1.27299,1.2696,1.27037,14810.0
2024-03-20 09:00:00+00:00,1.27033,1.27046,1.26844,1.26938,14230.0
2024-03-20 13:00:00+00:00,1.26937,1.27194,1.26866,1.27182,15680.0
2024-03-20 17:00:00+00:00,1.27182,1.27872,1.27127,1.27865,40994.0
2024-03-20 21:00:00+00:00,1.27858,1.27984,1.27836,1.27944,9898.0
2024-03-21 01:00:00+00:00,1.27945,1.28026,1.27894,1.27896,15554.0
2024-03-21 05:00:00+00:00,1.27894,1.28035,1.27622,1.27655,20563.0
2024-03-21 09:00:00+00:00,1.27664,1.2785,1.27256,1.27355,23582.0
2024-03-21 13:00:00+00:00,1.27356,1.27364,1.26586,1.26644,27475.0
2024-03-21 17:00:00+00:00,1.26648,1.26707,1.26504,1.26575,12333.0
2024-03-21 21:00:00+00:00,1.26608,1.26748,1.26554,1.26734,4938.0
2024-03-22 01:00:00+00:00,1.26732,1.26753,1.26345,1.2642,14625.0
2024-03-22 05:00:00+00:00,1.26419,1.26455,1.25848,1.25976,17903.0
2024-03-22 09:00:00+00:00,1.25982,1.2621,1.25752,1.26196,17513.0
2024-03-22 13:00:00+00:00,1.26198,1.26241,1.25937,1.2595,21793.0
2024-03-22 17:00:00+00:00,1.25948,1.26014,1.25857,1.26004,9755.0
2024-03-24 21:00:00+00:00,1.25975,1.2607,1.2592,1.25948,7042.0
2024-03-25 01:00:00+00:00,1.25948,1.26172,1.25948,1.26056,12245.0
2024-03-25 05:00:00+00:00,1.26057,1.2617,1.2595,1.26086,12763.0
2024-03-25 09:00:00+00:00,1.26084,1.26468,1.25998,1.26384,14314.0
2024-03-25 13:00:00+00:00,1.26381,1.26524,1.26366,1.26388,14732.0
2024-03-25 17:00:00+00:00,1.26388,1.26423,1.26354,1.26368,6997.0
2024-03-25 21:00:00+00:00,1.26378,1.26432,1.26341,1.26425,4935.0
2024-03-26 01:00:00+00:00,1.26424,1.26475,1.2636,1.2642,10867.0
2024-03-26 05:00:00+00:00,1.26418,1.2659,1.26402,1.26494,12046.0
2024-03-26 09:00:00+00:00,1.26494,1.26681,1.26378,1.26399,16316.0
2024-03-26 13:00:00+00:00,1.26398,1.26494,1.2622,1.26296,17480.0
2024-03-26 17:00:00+00:00,1.26296,1.26358,1.26231,1.26279,7720.0
2024-03-26 21:00:00+00:00,1.26306,1.26318,1.26181,1.26216,4888.0
2024-03-27 01:00:00+00:00,1.26216,1.26229,1.26088,1.26175,12158.0
2024-03-27 05:00:00+00:00,1.26173,1.26321,1.2613,1.26221,12966.0
2024-03-27 09:00:00+00:00,1.26214,1.26386,1.26078,1.26166,17068.0
2024-03-27 13:00:00+00:00,1.26162,1.26334,1.26056,1.26311,16551.0
2024-03-27 17:00:00+00:00,1.2631,1.26414,1.26246,1.26405,9796.0
2024-03-27 21:00:00+00:00,1.2635,1.26408,1.2611,1.26259,6444.0
2024-03-28 01:00:00+00:00,1.2626,1.26349,1.26205,1.2631,10089.0
2024-03-28 05:00:00+00:00,1.26312,1.26372,1.26032,1.26064,11502.0
2024-03-28 09:00:00+00:00,1.26067,1.26428,1.2586,1.26408,15688.0
2024-03-28 13:00:00+00:00,1.26408,1.2655,1.26215,1.26342,22486.0
2024-03-28 17:00:00+00:00,1.26343,1.26372,1.26155,1.26238,10940.0
2024-03-28 21:00:00+00:00,1.26234,1.26354,1.26196,1.2626,10493.0
2024-03-29 01:00:00+00:00,1.26256,1.26312,1.26164,1.26228,8017.0
2024-03-29 05:00:00+00:00,1.26228,1.26266,1.26172,1.26262,6304.0
2024-03-29 09:00:00+00:00,1.26262,1.26369,1.261,1.26334,6941.0
2024-03-29 13:00:00+00:00,1.26334,1.26452,1.26289,1.26292,5727.0
2024-03-29 17:00:00+00:00,1.26292,1.26331,1.26166,1.26229,2614.0
2024-03-31 21:00:00+00:00,1.26229,1.26422,1.26229,1.2635,9503.0
2024-04-01 01:00:00+00:00,1.2635,1.26391,1.26256,1.26299,7830.0
2024-04-01 05:00:00+00:00,1.26296,1.26316,1.26164,1.26224,9335.0
2024-04-01 09:00:00+00:00,1.26226,1.26244,1.26028,1.26122,9596.0
2024-04-01 13:00:00+00:00,1.26122,1.26134,1.25396,1.25454,17578.0
2024-04-01 17:00:00+00:00,1.25456,1.25516,1.2542,1.25514,8190.0
2024-04-01 21:00:00+00:00,1.25538,1.25557,1.25414,1.2547,6716.0
2024-04-02 01:00:00+00:00,1.2547,1.25493,1.25404,1.25446,8861.0
2024-04-02 05:00:00+00:00,1.25446,1.25649,1.25396,1.25622,15296.0
2024-04-02 09:00:00+00:00,1.25622,1.25768,1.25545,1.25568,14828.0
2024-04-02 13:00:00+00:00,1.25568,1.25779,1.25522,1.25716,21627.0
2024-04-02 17:00:00+00:00,1.25716,1.25787,1.25664,1.25781,7042.0
2024-04-02 21:00:00+00:00,1.25772,1.25816,1.25702,1.25728,6237.0
2024-04-03 01:00:00+00:00,1.25729,1.2583,1.2567,1.25786,10629.0
2024-04-03 05:00:00+00:00,1.25788,1.25827,1.25624,1.2577,13800.0
2024-04-03 09:00:00+00:00,1.2577,1.25884,1.25674,1.25728,17643.0
2024-04-03 13:00:00+00:00,1.2573,1.26514,1.25674,1.26458,30055.0
2024-04-03 17:00:00+00:00,1.26459,1.2656,1.26401,1.26524,11373.0
2024-04-03 21:00:00+00:00,1.26495,1.26562,1.26444,1.26524,5283.0
2024-04-04 01:00:00+00:00,1.26524,1.26557,1.26468,1.26524,7937.0
2024-04-04 05:00:00+00:00,1.26528,1.26698,1.2651,1.26634,13246.0
2024-04-04 09:00:00+00:00,1.26633,1.26698,1.26478,1.26688,13639.0
2024-04-04 13:00:00+00:00,1.26686,1.26835,1.26617,1.26658,14074.0
2024-04-04 17:00:00+00:00,1.26658,1.26701,1.26352,1.26426,17937.0
2024-04-04 21:00:00+00:00,1.264,1.26488,1.2636,1.26472,8261.0
2024-04-05 01:00:00+00:00,1.26471,1.26476,1.26214,1.26256,12165.0
2024-04-05 05:00:00+00:00,1.26256,1.26406,1.26143,1.26369,14890.0
2024-04-05 09:00:00+00:00,1.26366,1.26449,1.25826,1.2595,20804.0
2024-04-05 13:00:00+00:00,1.25954,1.26356,1.2574,1.26348,29843.0
2024-04-05 17:00:00+00:00,1.26349,1.26406,1.26314,1.26384,11808.0
2024-04-07 21:00:00+00:00,1.26288,1.26347,1.26149,1.26164,6544.0
2024-04-08 01:00:00+00:00,1.26164,1.26398,1.2616,1.26292,15329.0
2024-04-08 05:00:00+00:00,1.26294,1.26349,1.26188,1.26218,17084.0
2024-04-08 09:00:00+00:00,1.26216,1.26365,1.26135,1.26264,13598.0
2024-04-08 13:00:00+00:00,1.26266,1.26561,1.26266,1.26484,20330.0
2024-04-08 17:00:00+00:00,1.26486,1.26642,1.26472,1.2655,9896.0
2024-04-08 21:00:00+00:00,1.26538,1.26598,1.26498,1.2654,5644.0
2024-04-09 01:00:00+00:00,1.2654,1.26618,1.26523,1.26566,12756.0
2024-04-09 05:00:00+00:00,1.26566,1.26644,1.26489,1.26605,11622.0
2024-04-09 09:00:00+00:00,1.26606,1.2704,1.26569,1.26966,15726.0
2024-04-09 13:00:00+00:00,1.26962,1.27095,1.26668,1.26698,23825.0
2024-04-09 17:00:00+00:00,1.26696,1.268,1.26631,1.26772,11811.0
2024-04-09 21:00:00+00:00,1.26799,1.26799,1.26712,1.2675,5207.0
2024-04-10 01:00:00+00:00,1.2675,1.2679,1.2669,1.26774,10688.0
2024-04-10 05:00:00+00:00,1.26774,1.26946,1.26728,1.26944,11516.0
2024-04-10 09:00:00+00:00,1.26944,1.27085,1.2595,1.26118,22793.0
2024-04-10 13:00:00+00:00,1.26116,1.26124,1.25202,1.25342,35960.0
2024-04-10 17:00:00+00:00,1.25342,1.2554,1.2522,1.25406,21914.0
2024-04-10 21:00:00+00:00,1.25384,1.2542,1.25322,1.25374,8055.0
2024-04-11 01:00:00+00:00,1.25374,1.25496,1.25362,1.25472,13002.0
2024-04-11 05:00:00+00:00,1.25474,1.257,1.25326,1.25506,16919.0
2024-04-11 09:00:00+00:00,1.25506,1.25724,1.25298,1.25672,24380.0
2024-04-11 13:00:00+00:00,1.25672,1.25788,1.25109,1.2537,33446.0
2024-04-11 17:00:00+00:00,1.2537,1.2564,1.25332,1.2553,14448.0
2024-04-11 21:00:00+00:00,1.25555,1.25572,1.25496,1.25554,5567.0
2024-04-12 01:00:00+00:00,1.25554,1.2559,1.25368,1.25378,11419.0
2024-04-12 05:00:00+00:00,1.25378,1.25444,1.25056,1.25082,16459.0
2024-04-12 09:00:00+00:00,1.25081,1.25116,1.24512,1.24545,21654.0
2024-04-12 13:00:00+00:00,1.24547,1.24664,1.24268,1.2449,37056.0
2024-04-12 17:00:00+00:00,1.2449,1.24624,1.24428,1.24492,18695.0
2024-04-14 21:00:00+00:00,1.24497,1.24632,1.24418,1.24522,9991.0
2024-04-15 01:00:00+00:00,1.24524,1.24648,1.24408,1.24607,17201.0
2024-04-15 05:00:00+00:00,1.24608,1.24876,1.24581,1.24818,18738.0
2024-04-15 09:00:00+00:00,1.24818,1.24988,1.2451,1.24796,20161.0
2024-04-15 13:00:00+00:00,1.248,1.24965,1.24452,1.24576,28924.0
2024-04-15 17:00:00+00:00,1.24575,1.24624,1.24358,1.24462,18890.0
2024-04-15 21:00:00+00:00,1.24463,1.24496,1.24373,1.24376,8213.0
2024-04-16 01:00:00+00:00,1.24375,1.2439,1.24205,1.24332,17353.0
2024-04-16 05:00:00+00:00,1.24333,1.2449,1.24086,1.24368,19910.0
2024-04-16 09:00:00+00:00,1.24368,1.2472,1.24366,1.24606,19287.0
2024-04-16 13:00:00+00:00,1.24606,1.24676,1.24273,1.24356,31952.0
2024-04-16 17:00:00+00:00,1.2436,1.24512,1.24053,1.24268,26429.0
2024-04-16 21:00:00+00:00,1.24327,1.24332,1.24232,1.24293,8077.0
2024-04-17 01:00:00+00:00,1.24294,1.244,1.24252,1.24294,13749.0
2024-04-17 05:00:00+00:00,1.24294,1.24822,1.2417,1.24714,21286.0
2024-04-17 09:00:00+00:00,1.24714,1.24769,1.2446,1.24506,16584.0
2024-04-17 13:00:00+00:00,1.24504,1.247,1.24242,1.24289,28922.0
2024-04-17 17:00:00+00:00,1.24288,1.24655,1.24266,1.24552,20453.0
2024-04-17 21:00:00+00:00,1.2456,1.2459,1.24475,1.24529,7142.0
2024-04-18 01:00:00+00:00,1.2453,1.24714,1.24493,1.24706,12760.0
2024-04-18 05:00:00+00:00,1.24708,1.24846,1.24625,1.24742,15580.0
2024-04-18 09:00:00+00:00,1.24742,1.24822,1.24474,1.24588,17002.0
2024-04-18 13:00:00+00:00,1.2459,1.24684,1.24364,1.24486,26177.0
2024-04-18 17:00:00+00:00,1.24486,1.24501,1.24336,1.24366,16526.0
2024-04-18 21:00:00+00:00,1.24389,1.244,1.24262,1.24274,7008.0
2024-04-19 01:00:00+00:00,1.24273,1.24298,1.23887,1.24196,36393.0
2024-04-19 05:00:00+00:00,1.24196,1.24518,1.24034,1.24405,25314.0
2024-04-19 09:00:00+00:00,1.24404,1.24638,1.24295,1.24488,18577.0
2024-04-19 13:00:00+00:00,1.24485,1.24684,1.23727,1.23901,28102.0
2024-04-19 17:00:00+00:00,1.23902,1.23935,1.23668,1.23704,15381.0
2024-04-21 21:00:00+00:00,1.23794,1.2385,1.23661,1.23725,7054.0
2024-04-22 01:00:00+00:00,1.23724,1.23925,1.23724,1.23862,9601.0
2024-04-22 05:00:00+00:00,1.23864,1.23875,1.2351,1.2366,13866.0
2024-04-22 09:00:00+00:00,1.23659,1.23674,1.23092,1.23113,16391.0
2024-04-22 13:00:00+00:00,1.23112,1.23472,1.22994,1.23472,16974.0
2024-04-22 17:00:00+00:00,1.2347,1.23618,1.23453,1.23497,9208.0
2024-04-22 21:00:00+00:00,1.23499,1.23559,1.23474,1.23547,3839.0
2024-04-23 01:00:00+00:00,1.23546,1.2359,1.23476,1.23516,10806.0
2024-04-23 05:00:00+00:00,1.23516,1.23888,1.23317,1.23701,18911.0
2024-04-23 09:00:00+00:00,1.237,1.24066,1.23456,1.23914,16580.0
2024-04-23 13:00:00+00:00,1.23914,1.24585,1.23812,1.24448,28379.0
2024-04-23 17:00:00+00:00,1.2445,1.24586,1.24446,1.24506,10981.0
2024-04-23 21:00:00+00:00,1.24502,1.24604,1.24477,1.24584,5346.0
2024-04-24 01:00:00+00:00,1.24583,1.24648,1.2453,1.2455,9511.0
2024-04-24 05:00:00+00:00,1.2455,1.24571,1.24226,1.24264,13461.0
2024-04-24 09:00:00+00:00,1.24264,1.24478,1.24252,1.24418,14724.0
2024-04-24 13:00:00+00:00,1.24419,1.24555,1.24266,1.24466,22786.0
2024-04-24 17:00:00+00:00,1.24466,1.247,1.24458,1.2464,11735.0
2024-04-24 21:00:00+00:00,1.24588,1.24648,1.24572,1.2462,5257.0
2024-04-25 01:00:00+00:00,1.24619,1.24688,1.24544,1.24674,11364.0
2024-04-25 05:00:00+00:00,1.24674,1.25231,1.24666,1.25212,15267.0
2024-04-25 09:00:00+00:00,1.25207,1.25268,1.24668,1.24783,19700.0
2024-04-25 13:00:00+00:00,1.24786,1.25172,1.24568,1.25148,32158.0
2024-04-25 17:00:00+00:00,1.25147,1.2523,1.2504,1.25132,17291.0
2024-04-25 21:00:00+00:00,1.25148,1.25156,1.25,1.25049,6083.0
2024-04-26 01:00:00+00:00,1.2505,1.25088,1.2494,1.2501,11638.0
2024-04-26 05:00:00+00:00,1.2501,1.2541,1.2497,1.25272,19975.0
2024-04-26 09:00:00+00:00,1.25268,1.25412,1.24967,1.25082,22723.0
2024-04-26 13:00:00+00:00,1.25084,1.25182,1.2449,1.24874,27054.0
2024-04-26 17:00:00+00:00,1.24874,1.25041,1.24854,1.24942,9633.0
2024-04-28 21:00:00+00:00,1.25018,1.2517,1.24797,1.25156,5727.0
2024-04-29 01:00:00+00:00,1.25154,1.25484,1.25124,1.25424,19181.0
2024-04-29 05:00:00+00:00,1.25423,1.25478,1.25124,1.25186,26033.0
2024-04-29 09:00:00+00:00,1.25186,1.25438,1.25074,1.253,15650.0
2024-04-29 13:00:00+00:00,1.25298,1.25696,1.25146,1.25633,20574.0
2024-04-29 17:00:00+00:00,1.25634,1.25694,1.2552,1.25618,11404.0
2024-04-29 21:00:00+00:00,1.25624,1.25642,1.2553,1.2555,5624.0
2024-04-30 01:00:00+00:00,1.25551,1.25584,1.25422,1.25456,9256.0
2024-04-30 05:00:00+00:00,1.25455,1.25464,1.25242,1.25395,15160.0
2024-04-30 09:00:00+00:00,1.25398,1.25548,1.25024,1.25186,21080.0
2024-04-30 13:00:00+00:00,1.25188,1.25402,1.25014,1.25072,30270.0
2024-04-30 17:00:00+00:00,1.25072,1.25122,1.24901,1.24918,14140.0
2024-04-30 21:00:00+00:00,1.24919,1.2498,1.24813,1.24859,5978.0
2024-05-01 01:00:00+00:00,1.24856,1.24893,1.24721,1.24774,5983.0
2024-05-01 05:00:00+00:00,1.24773,1.24982,1.24664,1.2498,10558.0
2024-05-01 09:00:00+00:00,1.2498,1.24982,1.24762,1.24876,13147.0
2024-05-01 13:00:00+00:00,1.24876,1.25,1.24773,1.2481,21310.0
2024-05-01 17:00:00+00:00,1.24809,1.25503,1.24787,1.2529,44376.0
2024-05-01 21:00:00+00:00,1.25232,1.25404,1.25188,1.25274,9576.0
2024-05-02 01:00:00+00:00,1.25274,1.25396,1.25204,1.25341,13509.0
2024-05-02 05:00:00+00:00,1.2534,1.25447,1.2512,1.25209,21737.0
2024-05-02 09:00:00+00:00,1.25204,1.25326,1.25052,1.25151,20241.0
2024-05-02 13:00:00+00:00,1.2515,1.25218,1.24719,1.25162,31656.0
2024-05-02 17:00:00+00:00,1.25161,1.2539,1.25142,1.25352,15393.0
2024-05-02 21:00:00+00:00,1.25316,1.25454,1.25291,1.2544,6349.0
2024-05-03 01:00:00+00:00,1.2544,1.2557,1.25424,1.25476,11015.0
2024-05-03 05:00:00+00:00,1.25476,1.2563,1.25394,1.25596,15849.0
2024-05-03 09:00:00+00:00,1.25596,1.26348,1.25514,1.2606,23670.0
2024-05-03 13:00:00+00:00,1.26056,1.26104,1.25294,1.25428,41710.0
2024-05-03 17:00:00+00:00,1.2543,1.25548,1.25396,1.25472,11355.0
2024-05-05 21:00:00+00:00,1.25467,1.2554,1.25384,1.25508,6237.0
2024-05-06 01:00:00+00:00,1.25508,1.2557,1.25435,1.25436,12612.0
2024-05-06 05:00:00+00:00,1.25435,1.25818,1.25422,1.25812,14340.0
2024-05-06 09:00:00+00:00,1.25811,1.25944,1.25722,1.25912,14292.0
2024-05-06 13:00:00+00:00,1.2591,1.2592,1.25584,1.25636,15749.0
2024-05-06 17:00:00+00:00,1.25638,1.25695,1.2558,1.25622,9438.0
2024-05-06 21:00:00+00:00,1.25663,1.25693,1.2557,1.25686,6249.0
2024-05-07 01:00:00+00:00,1.25686,1.25709,1.25492,1.2553,11574.0
2024-05-07 05:00:00+00:00,1.25531,1.25562,1.25321,1.25396,14698.0
2024-05-07 09:00:00+00:00,1.25396,1.25548,1.25296,1.25536,12763.0
2024-05-07 13:00:00+00:00,1.25537,1.25649,1.25256,1.25266,15614.0
2024-05-07 17:00:00+00:00,1.25266,1.25272,1.25008,1.25082,10697.0
2024-05-07 21:00:00+00:00,1.25089,1.25145,1.24948,1.24956,5622.0
2024-05-08 01:00:00+00:00,1.24958,1.24972,1.2484,1.2487,12381.0
2024-05-08 05:00:00+00:00,1.24871,1.2493,1.24678,1.24753,14590.0
2024-05-08 09:00:00+00:00,1.24752,1.2501,1.2474,1.248,14469.0
2024-05-08 13:00:00+00:00,1.248,1.2505,1.24732,1.24978,17178.0
2024-05-08 17:00:00+00:00,1.24978,1.25018,1.24927,1.24978,5263.0
2024-05-08 21:00:00+00:00,1.24947,1.25008,1.24872,1.249,4775.0
2024-05-09 01:00:00+00:00,1.249,1.2502,1.2488,1.24918,10275.0
2024-05-09 05:00:00+00:00,1.24919,1.24932,1.24702,1.24732,11169.0
2024-05-09 09:00:00+00:00,1.24733,1.25116,1.24457,1.25026,24896.0
2024-05-09 13:00:00+00:00,1.25024,1.25224,1.24882,1.25142,19253.0
2024-05-09 17:00:00+00:00,1.25143,1.25268,1.25116,1.25238,8578.0
2024-05-09 21:00:00+00:00,1.25214,1.25299,1.25168,1.25202,4755.0
2024-05-10 01:00:00+00:00,1.25202,1.25248,1.25122,1.25154,9606.0
2024-05-10 05:00:00+00:00,1.25152,1.25414,1.25145,1.25322,17900.0
2024-05-10 09:00:00+00:00,1.25326,1.25361,1.25161,1.25224,16839.0
2024-05-10 13:00:00+00:00,1.25223,1.25374,1.25026,1.25346,20279.0
2024-05-10 17:00:00+00:00,1.25346,1.25358,1.2523,1.25246,7386.0
2024-05-12 21:00:00+00:00,1.25192,1.25278,1.25168,1.25214,6321.0
2024-05-13 01:00:00+00:00,1.25216,1.25287,1.25175,1.25245,12331.0
2024-05-13 05:00:00+00:00,1.25244,1.25355,1.25178,1.2533,14231.0
2024-05-13 09:00:00+00:00,1.25333,1.25576,1.2526,1.25558,13582.0
2024-05-13 13:00:00+00:00,1.25558,1.25688,1.25469,1.25612,18090.0
2024-05-13 17:00:00+00:00,1.25611,1.25638,1.2553,1.25592,8763.0
2024-05-13 21:00:00+00:00,1.25591,1.25624,1.25535,1.25574,4958.0
2024-05-14 01:00:00+00:00,1.25574,1.25597,1.2553,1.25542,14317.0
2024-05-14 05:00:00+00:00,1.25541,1.25636,1.25094,1.25288,18121.0
2024-05-14 09:00:00+00:00,1.25285,1.25651,1.25198,1.25531,21772.0
2024-05-14 13:00:00+00:00,1.25535,1.2593,1.25486,1.25852,23035.0
2024-05-14 17:00:00+00:00,1.25852,1.25926,1.25814,1.25918,8026.0
2024-05-14 21:00:00+00:00,1.2589,1.25923,1.25835,1.25884,4879.0
2024-05-15 01:00:00+00:00,1.25884,1.25997,1.25875,1.25932,9293.0
2024-05-15 05:00:00+00:00,1.25934,1.2614,1.2587,1.26124,13110.0
2024-05-15 09:00:00+00:00,1.26124,1.26708,1.26031,1.26451,22528.0
2024-05-15 13:00:00+00:00,1.26452,1.26772,1.2614,1.26742,26950.0
2024-05-15 17:00:00+00:00,1.26743,1.26864,1.26718,1.26862,9179.0
2024-05-15 21:00:00+00:00,1.26856,1.27009,1.26788,1.26994,6224.0
2024-05-16 01:00:00+00:00,1.26995,1.26995,1.26831,1.26877,13622.0
2024-05-16 05:00:00+00:00,1.26876,1.26888,1.26692,1.26746,15637.0
2024-05-16 09:00:00+00:00,1.26748,1.26757,1.26522,1.26546,16327.0
2024-05-16 13:00:00+00:00,1.26545,1.26802,1.26433,1.26731,18703.0
2024-05-16 17:00:00+00:00,1.2673,1.2677,1.26673,1.26707,7535.0
2024-05-16 21:00:00+00:00,1.26706,1.26728,1.26614,1.26648,5331.0
2024-05-17 01:00:00+00:00,1.26646,1.26652,1.26522,1.26552,11850.0
2024-05-17 05:00:00+00:00,1.26552,1.26698,1.26449,1.26492,14177.0
2024-05-17 09:00:00+00:00,1.26494,1.26616,1.26456,1.26597,11609.0
2024-05-17 13:00:00+00:00,1.26598,1.27087,1.26598,1.2701,19466.0
2024-05-17 17:00:00+00:00,1.27009,1.27118,1.27003,1.27012,8130.0
2024-05-19 21:00:00+00:00,1.26967,1.27085,1.26934,1.2705,5594.0
2024-05-20 01:00:00+00:00,1.2705,1.27112,1.27004,1.27081,11064.0
2024-05-20 05:00:00+00:00,1.2708,1.27094,1.26892,1.27051,14133.0
2024-05-20 09:00:00+00:00,1.2705,1.27059,1.26924,1.2696,13636.0
2024-05-20 13:00:00+00:00,1.26961,1.27097,1.26958,1.27012,6814.0
2024-05-20 17:00:00+00:00,1.27188,1.2719,1.27042,1.27056,6730.0
2024-05-20 21:00:00+00:00,1.27064,1.27118,1.27029,1.27092,4095.0
2024-05-21 01:00:00+00:00,1.27093,1.2712,1.26972,1.271,11819.0
2024-05-21 05:00:00+00:00,1.27101,1.27208,1.2704,1.27109,14081.0
2024-05-21 09:00:00+00:00,1.27108,1.2724,1.2706,1.27078,14421.0
2024-05-21 13:00:00+00:00,1.27076,1.27266,1.26864,1.27076,22168.0
2024-05-21 17:00:00+00:00,1.27075,1.27158,1.27017,1.27091,9860.0
2024-05-21 21:00:00+00:00,1.27106,1.27166,1.2707,1.27136,4365.0
2024-05-22 01:00:00+00:00,1.27135,1.27232,1.2709,1.27098,11976.0
2024-05-22 05:00:00+00:00,1.27096,1.27614,1.2708,1.27286,18383.0
2024-05-22 09:00:00+00:00,1.27282,1.27344,1.27002,1.27266,17686.0
2024-05-22 13:00:00+00:00,1.27265,1.27478,1.27211,1.2744,19148.0
2024-05-22 17:00:00+00:00,1.27439,1.27504,1.27104,1.27173,16272.0
2024-05-22 21:00:00+00:00,1.27172,1.27244,1.27163,1.27202,6113.0
2024-05-23 01:00:00+00:00,1.27201,1.2732,1.2717,1.27258,11985.0
2024-05-23 05:00:00+00:00,1.27258,1.27388,1.27162,1.27208,17371.0
2024-05-23 09:00:00+00:00,1.27208,1.27446,1.2705,1.27321,17844.0
2024-05-23 13:00:00+00:00,1.2732,1.27466,1.27062,1.27126,30076.0
2024-05-23 17:00:00+00:00,1.27125,1.27126,1.26854,1.26988,15764.0
2024-05-23 21:00:00+00:00,1.26974,1.27004,1.26895,1.26944,5814.0
2024-05-24 01:00:00+00:00,1.26944,1.26982,1.26872,1.26918,10625.0
2024-05-24 05:00:00+00:00,1.26918,1.27074,1.26756,1.27047,15106.0
2024-05-24 09:00:00+00:00,1.27046,1.27252,1.27032,1.27206,14947.0
2024-05-24 13:00:00+00:00,1.27206,1.27509,1.27175,1.2734,19115.0
2024-05-24 17:00:00+00:00,1.27337,1.27462,1.27324,1.27378,7671.0
2024-05-26 21:00:00+00:00,1.27378,1.27434,1.27336,1.27384,4493.0
2024-05-27 01:00:00+00:00,1.27382,1.27435,1.2738,1.27425,6541.0
2024-05-27 05:00:00+00:00,1.27425,1.27474,1.2734,1.27419,10677.0
2024-05-27 09:00:00+00:00,1.27421,1.27584,1.2742,1.27567,11085.0
2024-05-27 13:00:00+00:00,1.27569,1.27778,1.27547,1.27696,9525.0
2024-05-27 17:00:00+00:00,1.27697,1.2772,1.27676,1.27694,3995.0
2024-05-27 21:00:00+00:00,1.27702,1.27762,1.2768,1.27713,5436.0
2024-05-28 01:00:00+00:00,1.2771,1.27835,1.27704,1.27748,10886.0
2024-05-28 05:00:00+00:00,1.27747,1.27812,1.27626,1.2769,13138.0
2024-05-28 09:00:00+00:00,1.27689,1.27948,1.27638,1.27924,14400.0
2024-05-28 13:00:00+00:00,1.27922,1.28008,1.27708,1.27766,17628.0
2024-05-28 17:00:00+00:00,1.27766,1.27782,1.27541,1.27619,12899.0
2024-05-28 21:00:00+00:00,1.27602,1.2766,1.27522,1.27542,7012.0
2024-05-29 01:00:00+00:00,1.2754,1.27597,1.27466,1.27522,13035.0
2024-05-29 05:00:00+00:00,1.27523,1.27718,1.27486,1.27558,17699.0
2024-05-29 09:00:00+00:00,1.27558,1.27648,1.27356,1.27446,17651.0
2024-05-29 13:00:00+00:00,1.27449,1.27462,1.2705,1.27171,22902.0
2024-05-29 17:00:00+00:00,1.27169,1.27174,1.26992,1.27009,12336.0
2024-05-29 21:00:00+00:00,1.27034,1.2708,1.26904,1.26937,7000.0
2024-05-30 01:00:00+00:00,1.26938,1.27032,1.269,1.26953,13871.0
2024-05-30 05:00:00+00:00,1.26954,1.27154,1.26808,1.27125,18270.0
2024-05-30 09:00:00+00:00,1.27124,1.2728,1.27034,1.27246,19561.0
2024-05-30 13:00:00+00:00,1.27246,1.27474,1.27178,1.27412,20691.0
2024-05-30 17:00:00+00:00,1.27412,1.27439,1.27262,1.27324,10767.0
2024-05-30 21:00:00+00:00,1.2732,1.27352,1.2727,1.27304,6176.0
2024-05-31 01:00:00+00:00,1.27304,1.27324,1.27153,1.27213,13542.0
2024-05-31 05:00:00+00:00,1.27212,1.27236,1.27004,1.27098,16282.0
2024-05-31 09:00:00+00:00,1.27098,1.27507,1.27074,1.27466,19276.0
2024-05-31 13:00:00+00:00,1.27465,1.27663,1.27177,1.27296,26108.0
2024-05-31 17:00:00+00:00,1.27297,1.27468,1.27244,1.27422,12162.0
2024-06-02 21:00:00+00:00,1.274,1.2756,1.27354,1.27538,5979.0
2024-06-03 01:00:00+00:00,1.27538,1.2756,1.27379,1.27432,11690.0
2024-06-03 05:00:00+00:00,1.2743,1.27436,1.2704,1.27046,17277.0
2024-06-03 09:00:00+00:00,1.27046,1.27359,1.26942,1.2731,18298.0
2024-06-03 13:00:00+00:00,1.27311,1.27944,1.273,1.27792,26065.0
2024-06-03 17:00:00+00:00,1.27791,1.28091,1.27753,1.28076,12152.0
2024-06-03 21:00:00+00:00,1.28057,1.28176,1.28016,1.2812,6598.0
2024-06-04 01:00:00+00:00,1.28121,1.28128,1.28039,1.28096,9430.0
2024-06-04 05:00:00+00:00,1.28096,1.28127,1.27736,1.27766,20356.0
2024-06-04 09:00:00+00:00,1.27766,1.27788,1.27428,1.2765,22651.0
2024-06-04 13:00:00+00:00,1.27654,1.27918,1.27588,1.27866,29749.0
2024-06-04 17:00:00+00:00,1.27865,1.27972,1.27672,1.27696,16054.0
2024-06-04 21:00:00+00:00,1.27707,1.27776,1.2768,1.27755,5952.0
2024-06-05 01:00:00+00:00,1.27754,1.2781,1.27698,1.2774,11775.0
2024-06-05 05:00:00+00:00,1.27741,1.2783,1.27646,1.2775,14960.0
2024-06-05 09:00:00+00:00,1.27749,1.27946,1.27668,1.27924,16265.0
2024-06-05 13:00:00+00:00,1.27927,1.27954,1.27554,1.27778,30981.0
2024-06-05 17:00:00+00:00,1.27778,1.27946,1.27746,1.27873,11577.0
2024-06-05 21:00:00+00:00,1.27892,1.28036,1.2785,1.28022,5123.0
2024-06-06 01:00:00+00:00,1.28022,1.28092,1.27944,1.27953,11552.0
2024-06-06 05:00:00+00:00,1.27953,1.28005,1.27756,1.27872,15817.0
2024-06-06 09:00:00+00:00,1.2787,1.27919,1.27661,1.27789,18833.0
2024-06-06 13:00:00+00:00,1.27784,1.27894,1.27624,1.27785,23579.0
2024-06-06 17:00:00+00:00,1.27784,1.2796,1.27781,1.27912,10307.0
2024-06-06 21:00:00+00:00,1.27906,1.27946,1.27855,1.27884,4608.0
2024-06-07 01:00:00+00:00,1.27884,1.2792,1.27835,1.27908,11974.0
2024-06-07 05:00:00+00:00,1.27908,1.28023,1.27819,1.27886,17613.0
2024-06-07 09:00:00+00:00,1.27886,1.28218,1.27252,1.27378,24060.0
2024-06-07 13:00:00+00:00,1.27376,1.2741,1.2716,1.27241,31923.0
2024-06-07 17:00:00+00:00,1.27242,1.27274,1.2718,1.27191,13744.0
2024-06-09 21:00:00+00:00,1.27284,1.27322,1.27164,1.27242,7086.0
2024-06-10 01:00:00+00:00,1.27244,1.27266,1.27106,1.27164,8675.0
2024-06-10 05:00:00+00:00,1.27168,1.2725,1.27058,1.27078,20143.0
2024-06-10 09:00:00+00:00,1.27075,1.27297,1.2688,1.27128,18779.0
2024-06-10 13:00:00+00:00,1.27126,1.27372,1.2704,1.27289,18612.0
2024-06-10 17:00:00+00:00,1.27288,1.27375,1.27244,1.27309,13659.0
2024-06-10 21:00:00+00:00,1.27306,1.27338,1.27242,1.27281,6442.0
2024-06-11 01:00:00+00:00,1.27278,1.27392,1.27248,1.27348,10233.0
2024-06-11 05:00:00+00:00,1.27346,1.27406,1.27138,1.2725,16448.0
2024-06-11 09:00:00+00:00,1.27248,1.27496,1.2723,1.27442,21184.0
2024-06-11 13:00:00+00:00,1.27442,1.27478,1.27058,1.27292,23376.0
2024-06-11 17:00:00+00:00,1.27292,1.27516,1.2727,1.27395,11287.0
2024-06-11 21:00:00+00:00,1.27385,1.27428,1.27328,1.27336,3852.0
2024-06-12 01:00:00+00:00,1.27338,1.27454,1.2733,1.27394,9062.0
2024-06-12 05:00:00+00:00,1.27394,1.276,1.2737,1.27576,14426.0
2024-06-12 09:00:00+00:00,1.27576,1.2858,1.27488,1.2853,22892.0
2024-06-12 13:00:00+00:00,1.2853,1.28606,1.2826,1.28458,27501.0
2024-06-12 17:00:00+00:00,1.2846,1.28488,1.27912,1.27982,38471.0
2024-06-12 21:00:00+00:00,1.27985,1.28018,1.2792,1.27952,6466.0
2024-06-13 01:00:00+00:00,1.27952,1.27994,1.278,1.27801,11538.0
2024-06-13 05:00:00+00:00,1.27802,1.27992,1.27726,1.27986,16132.0
2024-06-13 09:00:00+00:00,1.27986,1.28077,1.27618,1.27845,20078.0
2024-06-13 13:00:00+00:00,1.27846,1.27932,1.27384,1.27456,28754.0
2024-06-13 17:00:00+00:00,1.27455,1.27674,1.27454,1.27632,13274.0
2024-06-13 21:00:00+00:00,1.27601,1.27632,1.27506,1.27509,5682.0
2024-06-14 01:00:00+00:00,1.27512,1.27638,1.2749,1.27492,11892.0
2024-06-14 05:00:00+00:00,1.27492,1.27532,1.272,1.2722,25200.0
2024-06-14 09:00:00+00:00,1.2722,1.2723,1.26702,1.26904,30439.0
2024-06-14 13:00:00+00:00,1.26908,1.26961,1.2657,1.26864,24329.0
2024-06-14 17:00:00+00:00,1.26866,1.26928,1.26787,1.26866,11054.0
2024-06-16 21:00:00+00:00,1.26884,1.26886,1.2678,1.26842,7429.0
2024-06-17 01:00:00+00:00,1.26842,1.26868,1.26768,1.26834,11073.0
2024-06-17 05:00:00+00:00,1.26834,1.26844,1.26612,1.26744,16150.0
2024-06-17 09:00:00+00:00,1.26746,1.26778,1.2659,1.26669,12057.0
2024-06-17 13:00:00+00:00,1.26672,1.26982,1.26642,1.26964,14222.0
2024-06-17 17:00:00+00:00,1.26964,1.27097,1.26954,1.27042,9341.0
2024-06-17 21:00:00+00:00,1.27052,1.27152,1.27009,1.27099,5597.0
2024-06-18 01:00:00+00:00,1.271,1.27112,1.2693,1.26942,11146.0
2024-06-18 05:00:00+00:00,1.2694,1.27021,1.2673,1.26802,20682.0
2024-06-18 09:00:00+00:00,1.26799,1.26946,1.26692,1.26913,22000.0
2024-06-18 13:00:00+00:00,1.26914,1.27208,1.26855,1.27024,22434.0
2024-06-18 17:00:00+00:00,1.27026,1.27104,1.26982,1.27081,14293.0
2024-06-18 21:00:00+00:00,1.27052,1.27123,1.27028,1.27039,6232.0
2024-06-19 01:00:00+00:00,1.27038,1.27137,1.27033,1.2706,10467.0
2024-06-19 05:00:00+00:00,1.27061,1.27329,1.27004,1.27326,17656.0
2024-06-19 09:00:00+00:00,1.27324,1.274,1.27156,1.27199,14923.0
2024-06-19 13:00:00+00:00,1.272,1.27338,1.2717,1.27208,9210.0
2024-06-19 17:00:00+00:00,1.27208,1.2722,1.27141,1.27202,2455.0
2024-06-19 21:00:00+00:00,1.272,1.27244,1.27139,1.27156,6120.0
2024-06-20 01:00:00+00:00,1.27157,1.27194,1.27102,1.27136,9507.0
2024-06-20 05:00:00+00:00,1.27136,1.27151,1.26956,1.2697,16437.0
2024-06-20 09:00:00+00:00,1.2697,1.27078,1.26751,1.26782,22043.0
2024-06-20 13:00:00+00:00,1.26778,1.26878,1.26594,1.26638,19013.0
2024-06-20 17:00:00+00:00,1.2664,1.26825,1.2655,1.26572,14236.0
2024-06-20 21:00:00+00:00,1.2659,1.26617,1.2655,1.26564,6415.0
2024-06-21 01:00:00+00:00,1.26563,1.26653,1.2655,1.26622,10107.0
2024-06-21 05:00:00+00:00,1.26622,1.26754,1.26314,1.26544,17036.0
2024-06-21 09:00:00+00:00,1.26546,1.2661,1.26314,1.26489,15220.0
2024-06-21 13:00:00+00:00,1.26488,1.2651,1.26222,1.2639,18675.0
2024-06-21 17:00:00+00:00,1.26389,1.26515,1.26356,1.26426,9446.0
2024-06-23 21:00:00+00:00,1.26418,1.26454,1.26364,1.26404,6170.0
2024-06-24 01:00:00+00:00,1.26404,1.26454,1.26328,1.26452,12657.0
2024-06-24 05:00:00+00:00,1.26455,1.26661,1.26446,1.26577,16836.0
2024-06-24 09:00:00+00:00,1.26574,1.2672,1.2657,1.26655,19366.0
2024-06-24 13:00:00+00:00,1.26656,1.26982,1.26656,1.26796,19846.0
2024-06-24 17:00:00+00:00,1.26798,1.26939,1.26732,1.2686,13555.0
2024-06-24 21:00:00+00:00,1.2685,1.26898,1.26801,1.26866,7306.0
2024-06-25 01:00:00+00:00,1.26865,1.26968,1.26834,1.26944,13041.0
2024-06-25 05:00:00+00:00,1.26946,1.27021,1.26829,1.27012,16028.0
2024-06-25 09:00:00+00:00,1.27008,1.27026,1.26752,1.26801,15085.0
2024-06-25 13:00:00+00:00,1.26802,1.26879,1.26704,1.26787,20229.0
2024-06-25 17:00:00+00:00,1.26786,1.26962,1.2677,1.26862,10794.0
2024-06-25 21:00:00+00:00,1.26873,1.2689,1.26792,1.2685,5649.0
2024-06-26 01:00:00+00:00,1.26849,1.26936,1.2684,1.26857,13025.0
2024-06-26 05:00:00+00:00,1.26857,1.26882,1.26618,1.26658,18438.0
2024-06-26 09:00:00+00:00,1.26658,1.26741,1.26396,1.26452,20702.0
2024-06-26 13:00:00+00:00,1.2645,1.26514,1.26182,1.2626,26418.0
2024-06-26 17:00:00+00:00,1.2626,1.26383,1.26156,1.26218,13471.0
2024-06-26 21:00:00+00:00,1.26241,1.2625,1.26128,1.26146,6647.0
2024-06-27 01:00:00+00:00,1.26145,1.26365,1.26144,1.26362,11017.0
2024-06-27 05:00:00+00:00,1.26364,1.26476,1.26264,1.26352,17191.0
2024-06-27 09:00:00+00:00,1.26354,1.26614,1.26344,1.26554,19867.0
2024-06-27 13:00:00+00:00,1.26551,1.26708,1.26438,1.26512,25919.0
2024-06-27 17:00:00+00:00,1.26512,1.26536,1.26378,1.264,11911.0
2024-06-27 21:00:00+00:00,1.2643,1.26468,1.26286,1.2629,7135.0
2024-06-28 01:00:00+00:00,1.2629,1.26381,1.26218,1.26233,13732.0
2024-06-28 05:00:00+00:00,1.26232,1.265,1.26228,1.26354,17011.0
2024-06-28 09:00:00+00:00,1.26352,1.2666,1.2631,1.26502,21860.0
2024-06-28 13:00:00+00:00,1.26504,1.26514,1.26197,1.26421,33808.0
2024-06-28 17:00:00+00:00,1.2642,1.26544,1.2631,1.26454,15675.0
2024-06-30 21:00:00+00:00,1.26582,1.26582,1.264,1.2653,7704.0
2024-07-01 01:00:00+00:00,1.26529,1.26659,1.26504,1.26572,11684.0
2024-07-01 05:00:00+00:00,1.26572,1.26894,1.26568,1.26741,22238.0
2024-07-01 09:00:00+00:00,1.2674,1.26804,1.26581,1.26656,19436.0
2024-07-01 13:00:00+00:00,1.26658,1.27112,1.26363,1.26484,31712.0
2024-07-01 17:00:00+00:00,1.26483,1.2652,1.26334,1.26501,12990.0
2024-07-01 21:00:00+00:00,1.2649,1.26556,1.26386,1.26412,5027.0
2024-07-02 01:00:00+00:00,1.26412,1.26424,1.26321,1.2633,9241.0
2024-07-02 05:00:00+00:00,1.26329,1.26398,1.26156,1.26292,19367.0
2024-07-02 09:00:00+00:00,1.26287,1.26692,1.26272,1.26646,19120.0
2024-07-02 13:00:00+00:00,1.26645,1.26856,1.26616,1.26686,29613.0
2024-07-02 17:00:00+00:00,1.26685,1.2688,1.26671,1.26852,10479.0
2024-07-02 21:00:00+00:00,1.26818,1.26934,1.26802,1.26886,5527.0
2024-07-03 01:00:00+00:00,1.26885,1.26887,1.26814,1.26869,10099.0
2024-07-03 05:00:00+00:00,1.26866,1.27019,1.26782,1.26957,17447.0
2024-07-03 09:00:00+00:00,1.26958,1.27224,1.26919,1.27188,17079.0
2024-07-03 13:00:00+00:00,1.27188,1.27774,1.27184,1.2754,28359.0
2024-07-03 17:00:00+00:00,1.27541,1.27542,1.27338,1.27428,8755.0
2024-07-03 21:00:00+00:00,1.27488,1.27523,1.2739,1.27508,4850.0
2024-07-04 01:00:00+00:00,1.27508,1.27539,1.27412,1.27436,7843.0
2024-07-04 05:00:00+00:00,1.27434,1.27629,1.2741,1.27558,16585.0
2024-07-04 09:00:00+00:00,1.27557,1.27637,1.27472,1.27496,12740.0
2024-07-04 13:00:00+00:00,1.27494,1.27677,1.27472,1.27611,9544.0
2024-07-04 17:00:00+00:00,1.27612,1.27628,1.27584,1.27588,1230.0
2024-07-04 21:00:00+00:00,1.27618,1.27675,1.27542,1.27643,6151.0
2024-07-05 01:00:00+00:00,1.27642,1.27728,1.27617,1.27705,11839.0
2024-07-05 05:00:00+00:00,1.27704,1.27816,1.27634,1.27796,15368.0
2024-07-05 09:00:00+00:00,1.27795,1.28114,1.27627,1.28031,23378.0
2024-07-05 13:00:00+00:00,1.2803,1.28144,1.27871,1.27986,32661.0
2024-07-05 17:00:00+00:00,1.27986,1.28172,1.27982,1.2815,8805.0
2024-07-07 21:00:00+00:00,1.2797,1.28156,1.27926,1.28052,7364.0
2024-07-08 01:00:00+00:00,1.28051,1.28191,1.28028,1.28146,11074.0
2024-07-08 05:00:00+00:00,1.28146,1.28216,1.27998,1.28192,21581.0
2024-07-08 09:00:00+00:00,1.2819,1.28402,1.28133,1.28382,20603.0
2024-07-08 13:00:00+00:00,1.28384,1.28459,1.28199,1.28214,21495.0
2024-07-08 17:00:00+00:00,1.28212,1.28228,1.28062,1.28063,9571.0
2024-07-08 21:00:00+00:00,1.28084,1.28166,1.28061,1.28083,5588.0
2024-07-09 01:00:00+00:00,1.28084,1.28093,1.27988,1.28083,10148.0
2024-07-09 05:00:00+00:00,1.28082,1.28126,1.27963,1.28058,16192.0
2024-07-09 09:00:00+00:00,1.28054,1.28251,1.27936,1.28066,18652.0
2024-07-09 13:00:00+00:00,1.28065,1.28217,1.27776,1.27835,28837.0
2024-07-09 17:00:00+00:00,1.27834,1.27906,1.27818,1.27866,12049.0
2024-07-09 21:00:00+00:00,1.27866,1.27918,1.27836,1.2786,5755.0
2024-07-10 01:00:00+00:00,1.27859,1.27948,1.27842,1.27944,11231.0
2024-07-10 05:00:00+00:00,1.27945,1.28022,1.27886,1.2797,18049.0
2024-07-10 09:00:00+00:00,1.2797,1.28128,1.27968,1.28084,18514.0
2024-07-10 13:00:00+00:00,1.28085,1.2847,1.28064,1.28462,23144.0
2024-07-10 17:00:00+00:00,1.28462,1.2849,1.28347,1.28482,11831.0
2024-07-10 21:00:00+00:00,1.2849,1.28592,1.28484,1.28549,5422.0
2024-07-11 01:00:00+00:00,1.28548,1.28642,1.28494,1.28576,11433.0
2024-07-11 05:00:00+00:00,1.28578,1.28756,1.28552,1.28754,20252.0
2024-07-11 09:00:00+00:00,1.28754,1.29496,1.2869,1.2932,29648.0
2024-07-11 13:00:00+00:00,1.29318,1.29487,1.2904,1.29109,42527.0
2024-07-11 17:00:00+00:00,1.29108,1.2915,1.2899,1.29141,19204.0
2024-07-11 21:00:00+00:00,1.29091,1.29242,1.29081,1.29093,13381.0
2024-07-12 01:00:00+00:00,1.29092,1.29126,1.29021,1.29112,16167.0
2024-07-12 05:00:00+00:00,1.29115,1.29461,1.29027,1.2946,22840.0
2024-07-12 09:00:00+00:00,1.29464,1.29689,1.29316,1.29654,28756.0
2024-07-12 13:00:00+00:00,1.29654,1.2991,1.2958,1.29872,37026.0
2024-07-12 17:00:00+00:00,1.29872,1.29906,1.29808,1.29884,13892.0
2024-07-14 21:00:00+00:00,1.29693,1.2984,1.2962,1.29662,10841.0
2024-07-15 01:00:00+00:00,1.29662,1.29752,1.2962,1.2975,12950.0
2024-07-15 05:00:00+00:00,1.29752,1.29896,1.29636,1.2989,22774.0
2024-07-15 09:00:00+00:00,1.2989,1.29914,1.29674,1.29772,25226.0
2024-07-15 13:00:00+00:00,1.29772,1.2995,1.29676,1.29776,32847.0
2024-07-15 17:00:00+00:00,1.29774,1.29776,1.2962,1.29682,20156.0
2024-07-15 21:00:00+00:00,1.29691,1.29765,1.29638,1.29651,7559.0
2024-07-16 01:00:00+00:00,1.29652,1.2967,1.29615,1.29632,11887.0
2024-07-16 05:00:00+00:00,1.29632,1.29729,1.29515,1.29636,22311.0
2024-07-16 09:00:00+00:00,1.29635,1.29801,1.29382,1.2947,29919.0
2024-07-16 13:00:00+00:00,1.2947,1.29586,1.29411,1.29544,32061.0
2024-07-16 17:00:00+00:00,1.29546,1.2977,1.2953,1.29737,18676.0
2024-07-16 21:00:00+00:00,1.29698,1.29782,1.29674,1.29694,9844.0
2024-07-17 01:00:00+00:00,1.29695,1.29786,1.29667,1.29684,13677.0
2024-07-17 05:00:00+00:00,1.29685,1.30306,1.29662,1.30288,30635.0
2024-07-17 09:00:00+00:00,1.30288,1.30448,1.3022,1.30324,27189.0
2024-07-17 13:00:00+00:00,1.30322,1.30364,1.29991,1.30042,38562.0
2024-07-17 17:00:00+00:00,1.3004,1.30122,1.30008,1.30084,21752.0
2024-07-17 21:00:00+00:00,1.30086,1.30112,1.30023,1.30037,10792.0
2024-07-18 01:00:00+00:00,1.30037,1.30074,1.29992,1.30018,16208.0
2024-07-18 05:00:00+00:00,1.30018,1.3013,1.2983,1.29859,28579.0
2024-07-18 09:00:00+00:00,1.2986,1.29967,1.29746,1.29815,24861.0
2024-07-18 13:00:00+00:00,1.29812,1.29852,1.29685,1.29718,37858.0
2024-07-18 17:00:00+00:00,1.29719,1.29723,1.29402,1.29434,24045.0
2024-07-18 21:00:00+00:00,1.2956,1.29576,1.29414,1.29447,10207.0
2024-07-19 01:00:00+00:00,1.29449,1.29468,1.29342,1.29388,16262.0
2024-07-19 05:00:00+00:00,1.2939,1.29419,1.29144,1.29174,27133.0
2024-07-19 09:00:00+00:00,1.29172,1.2929,1.2901,1.29203,25039.0
2024-07-19 13:00:00+00:00,1.29206,1.29268,1.29117,1.29144,36710.0
2024-07-19 17:00:00+00:00,1.2914,1.29184,1.29068,1.29149,18619.0
2024-07-21 21:00:00+00:00,1.29186,1.29396,1.29112,1.29286,12251.0
2024-07-22 01:00:00+00:00,1.29287,1.29303,1.29122,1.29179,16395.0
2024-07-22 05:00:00+00:00,1.29176,1.29323,1.29101,1.29278,27387.0
2024-07-22 09:00:00+00:00,1.29278,1.29425,1.29138,1.29166,22610.0
2024-07-22 13:00:00+00:00,1.29166,1.292,1.29054,1.2918,30258.0
2024-07-22 17:00:00+00:00,1.29184,1.29338,1.29182,1.29336,15797.0
2024-07-22 21:00:00+00:00,1.29345,1.2935,1.29252,1.29285,9287.0
2024-07-23 01:00:00+00:00,1.29284,1.2934,1.29248,1.29282,15528.0
2024-07-23 05:00:00+00:00,1.29281,1.29289,1.29092,1.29235,23923.0
2024-07-23 09:00:00+00:00,1.29236,1.29258,1.28878,1.29058,25265.0
2024-07-23 13:00:00+00:00,1.29058,1.29178,1.29045,1.29102,28970.0
2024-07-23 17:00:00+00:00,1.29102,1.29134,1.29005,1.29072,15841.0
2024-07-23 21:00:00+00:00,1.29086,1.29104,1.28956,1.28972,8621.0
2024-07-24 01:00:00+00:00,1.28971,1.29002,1.2884,1.28876,16468.0
2024-07-24 05:00:00+00:00,1.28877,1.29018,1.28774,1.28968,25283.0
2024-07-24 09:00:00+00:00,1.28968,1.293,1.28885,1.29285,24768.0
2024-07-24 13:00:00+00:00,1.29286,1.29378,1.29147,1.29263,34258.0
2024-07-24 17:00:00+00:00,1.29262,1.29276,1.28996,1.29068,20303.0
2024-07-24 21:00:00+00:00,1.29079,1.29115,1.28922,1.2896,13770.0
2024-07-25 01:00:00+00:00,1.28962,1.28987,1.28863,1.28889,20616.0
2024-07-25 05:00:00+00:00,1.28891,1.29136,1.28742,1.28861,33618.0
2024-07-25 09:00:00+00:00,1.2886,1.28943,1.28599,1.2875,32388.0
2024-07-25 13:00:00+00:00,1.2875,1.28921,1.28633,1.28832,42893.0
2024-07-25 17:00:00+00:00,1.28836,1.28901,1.28498,1.28506,22066.0
2024-07-25 21:00:00+00:00,1.28557,1.28608,1.28502,1.2857,9989.0
2024-07-26 01:00:00+00:00,1.28567,1.2866,1.2854,1.28638,15860.0
2024-07-26 05:00:00+00:00,1.28638,1.2873,1.2857,1.28656,24013.0
2024-07-26 09:00:00+00:00,1.28652,1.2874,1.28552,1.28668,24479.0
2024-07-26 13:00:00+00:00,1.28666,1.28754,1.28499,1.28744,31876.0
2024-07-26 17:00:00+00:00,1.28744,1.28782,1.28649,1.28666,17121.0
2024-07-28 21:00:00+00:00,1.28639,1.28882,1.28628,1.28849,13113.0
2024-07-29 01:00:00+00:00,1.2885,1.28882,1.28738,1.28751,18424.0
2024-07-29 05:00:00+00:00,1.28752,1.28782,1.28083,1.28132,25154.0
2024-07-29 09:00:00+00:00,1.28126,1.28466,1.28068,1.28384,23435.0
2024-07-29 13:00:00+00:00,1.28384,1.286,1.28232,1.28544,30043.0
2024-07-29 17:00:00+00:00,1.28546,1.28681,1.28539,1.28616,17458.0
2024-07-29 21:00:00+00:00,1.28621,1.28664,1.28513,1.28538,9477.0
2024-07-30 01:00:00+00:00,1.28537,1.28596,1.28452,1.28578,15296.0
2024-07-30 05:00:00+00:00,1.28578,1.28642,1.28436,1.28595,23208.0
2024-07-30 09:00:00+00:00,1.28594,1.28647,1.28288,1.2829,21286.0
2024-07-30 13:00:00+00:00,1.2829,1.28442,1.28202,1.28338,36192.0
2024-07-30 17:00:00+00:00,1.28338,1.28392,1.2827,1.28358,21455.0
2024-07-30 21:00:00+00:00,1.2834,1.28428,1.28308,1.28408,12438.0
2024-07-31 01:00:00+00:00,1.28408,1.2853,1.28354,1.28458,24527.0
2024-07-31 05:00:00+00:00,1.2846,1.28474,1.28212,1.28296,32479.0
2024-07-31 09:00:00+00:00,1.28296,1.28552,1.2821,1.28479,29034.0
2024-07-31 13:00:00+00:00,1.2848,1.28544,1.28224,1.28366,37560.0
2024-07-31 17:00:00+00:00,1.28366,1.28644,1.28214,1.28562,32653.0
2024-07-31 21:00:00+00:00,1.28566,1.28632,1.2849,1.28537,13309.0
2024-08-01 01:00:00+00:00,1.28537,1.28608,1.2848,1.28505,20203.0
2024-08-01 05:00:00+00:00,1.28506,1.28534,1.27764,1.27793,32667.0
2024-08-01 09:00:00+00:00,1.27792,1.28237,1.27511,1.28104,34039.0
2024-08-01 13:00:00+00:00,1.28104,1.28398,1.27517,1.27543,39065.0
2024-08-01 17:00:00+00:00,1.27541,1.27582,1.27269,1.2739,25022.0
2024-08-01 21:00:00+00:00,1.27413,1.27511,1.27208,1.27237,15637.0
2024-08-02 01:00:00+00:00,1.27238,1.27298,1.27128,1.27248,20386.0
2024-08-02 05:00:00+00:00,1.27248,1.27398,1.27073,1.27354,35198.0
2024-08-02 09:00:00+00:00,1.27355,1.28087,1.27332,1.28022,36275.0
2024-08-02 13:00:00+00:00,1.28021,1.28406,1.27837,1.27888,57406.0
2024-08-02 17:00:00+00:00,1.2789,1.28128,1.27884,1.28054,21465.0
2024-08-04 21:00:00+00:00,1.28076,1.28137,1.27801,1.27841,21427.0
2024-08-05 01:00:00+00:00,1.27842,1.28052,1.27782,1.28006,36111.0
2024-08-05 05:00:00+00:00,1.28007,1.28172,1.27102,1.27625,69333.0
2024-08-05 09:00:00+00:00,1.27627,1.2778,1.27274,1.27524,48859.0
2024-08-05 13:00:00+00:00,1.27524,1.27964,1.27484,1.27666,80872.0
2024-08-05 17:00:00+00:00,1.27665,1.2779,1.27444,1.27766,32271.0
2024-08-05 21:00:00+00:00,1.2771,1.28028,1.27678,1.28028,24177.0
2024-08-06 01:00:00+00:00,1.28029,1.2803,1.27721,1.27731,31020.0
2024-08-06 05:00:00+00:00,1.2773,1.27787,1.27299,1.27323,50076.0
2024-08-06 09:00:00+00:00,1.27322,1.27322,1.26728,1.26794,42415.0
2024-08-06 13:00:00+00:00,1.26796,1.27266,1.26789,1.27052,48744.0
2024-08-06 17:00:00+00:00,1.2705,1.27097,1.26848,1.26916,28569.0
2024-08-06 21:00:00+00:00,1.26914,1.27036,1.26808,1.27026,15459.0
2024-08-07 01:00:00+00:00,1.27027,1.27184,1.26934,1.27044,30973.0
2024-08-07 05:00:00+00:00,1.27046,1.27164,1.26874,1.2702,37771.0
2024-08-07 09:00:00+00:00,1.2702,1.27361,1.26974,1.27225,27683.0
2024-08-07 13:00:00+00:00,1.27223,1.2726,1.27046,1.27076,36246.0
2024-08-07 17:00:00+00:00,1.27074,1.27098,1.26832,1.2693,26898.0
2024-08-07 21:00:00+00:00,1.26896,1.2697,1.26782,1.26812,12211.0
2024-08-08 01:00:00+00:00,1.26813,1.27026,1.2681,1.26956,22672.0
2024-08-08 05:00:00+00:00,1.26956,1.27138,1.26896,1.27004,34271.0
2024-08-08 09:00:00+00:00,1.27006,1.27045,1.2665,1.26756,37497.0
2024-08-08 13:00:00+00:00,1.2676,1.27437,1.26758,1.27424,44515.0
2024-08-08 17:00:00+00:00,1.27425,1.27526,1.27344,1.27491,21859.0
2024-08-08 21:00:00+00:00,1.27462,1.275,1.2738,1.27407,11687.0
2024-08-09 01:00:00+00:00,1.2741,1.27606,1.2741,1.27499,17882.0
2024-08-09 05:00:00+00:00,1.27498,1.27722,1.27478,1.27652,28214.0
2024-08-09 09:00:00+00:00,1.27653,1.27686,1.27262,1.27372,27459.0
2024-08-09 13:00:00+00:00,1.27373,1.2774,1.27312,1.27581,33818.0
2024-08-09 17:00:00+00:00,1.2758,1.277,1.27541,1.2758,20330.0
2024-08-11 21:00:00+00:00,1.27662,1.27675,1.27468,1.2757,6396.0
2024-08-12 01:00:00+00:00,1.27566,1.27636,1.27564,1.27632,11570.0
2024-08-12 05:00:00+00:00,1.27634,1.27822,1.276,1.2764,23091.0
2024-08-12 09:00:00+00:00,1.27639,1.27756,1.27529,1.2764,22826.0
2024-08-12 13:00:00+00:00,1.27641,1.2794,1.27571,1.27582,35477.0
2024-08-12 17:00:00+00:00,1.27582,1.27712,1.27555,1.27656,22166.0
2024-08-12 21:00:00+00:00,1.2774,1.2774,1.27624,1.27667,8205.0
2024-08-13 01:00:00+00:00,1.27666,1.27793,1.27644,1.2779,12231.0
2024-08-13 05:00:00+00:00,1.2779,1.28131,1.27764,1.2798,26309.0
2024-08-13 09:00:00+00:00,1.2798,1.2813,1.27794,1.28074,29787.0
2024-08-13 13:00:00+00:00,1.28073,1.28472,1.28,1.28452,33395.0
2024-08-13 17:00:00+00:00,1.28454,1.28733,1.28438,1.28628,23376.0
2024-08-13 21:00:00+00:00,1.28588,1.28678,1.28584,1.28635,8242.0
2024-08-14 01:00:00+00:00,1.28636,1.28686,1.2854,1.28589,16820.0
2024-08-14 05:00:00+00:00,1.28588,1.28635,1.28168,1.28414,29603.0
2024-08-14 09:00:00+00:00,1.28414,1.28625,1.28268,1.28398,29176.0
2024-08-14 13:00:00+00:00,1.28393,1.28641,1.28333,1.2838,34774.0
2024-08-14 17:00:00+00:00,1.2838,1.2838,1.28212,1.28262,21909.0
2024-08-14 21:00:00+00:00,1.28298,1.2832,1.28227,1.28272,7812.0
2024-08-15 01:00:00+00:00,1.28272,1.28408,1.28198,1.28402,12861.0
2024-08-15 05:00:00+00:00,1.28402,1.28583,1.28382,1.28438,22128.0
2024-08-15 09:00:00+00:00,1.28436,1.28698,1.28102,1.2818,27345.0
2024-08-15 13:00:00+00:00,1.2818,1.28718,1.27987,1.28518,37717.0
2024-08-15 17:00:00+00:00,1.28517,1.28646,1.28482,1.2854,20323.0
2024-08-15 21:00:00+00:00,1.28572,1.2864,1.28522,1.28625,7740.0
2024-08-16 01:00:00+00:00,1.28628,1.28754,1.28604,1.28732,12228.0
2024-08-16 05:00:00+00:00,1.28732,1.28914,1.28705,1.28856,18959.0
2024-08-16 09:00:00+00:00,1.28854,1.29144,1.2885,1.28973,15656.0
2024-08-16 13:00:00+00:00,1.28972,1.29218,1.28817,1.29208,23229.0
2024-08-16 17:00:00+00:00,1.29206,1.29461,1.29206,1.29452,14427.0
2024-08-18 21:00:00+00:00,1.29398,1.2953,1.2936,1.29454,7988.0
2024-08-19 01:00:00+00:00,1.29454,1.29606,1.2944,1.29533,14227.0
2024-08-19 05:00:00+00:00,1.29534,1.29758,1.29528,1.2972,26754.0
2024-08-19 09:00:00+00:00,1.29722,1.29726,1.29426,1.29508,24512.0
2024-08-19 13:00:00+00:00,1.29508,1.29974,1.294,1.2982,30590.0
2024-08-19 17:00:00+00:00,1.29819,1.29962,1.29792,1.29906,18278.0
2024-08-19 21:00:00+00:00,1.29896,1.2994,1.29834,1.29859,8054.0
2024-08-20 01:00:00+00:00,1.2986,1.29932,1.2977,1.29798,15382.0
2024-08-20 05:00:00+00:00,1.29797,1.30132,1.29744,1.30007,26873.0
2024-08-20 09:00:00+00:00,1.30009,1.303,1.29916,1.30271,25865.0
2024-08-20 13:00:00+00:00,1.3027,1.30524,1.30128,1.30252,36464.0
2024-08-20 17:00:00+00:00,1.30251,1.3036,1.30176,1.30334,18200.0
2024-08-20 21:00:00+00:00,1.30358,1.30385,1.30291,1.30346,9864.0
2024-08-21 01:00:00+00:00,1.30346,1.30364,1.3023,1.30266,15290.0
2024-08-21 05:00:00+00:00,1.30266,1.30316,1.3011,1.30129,23815.0
2024-08-21 09:00:00+00:00,1.30128,1.30484,1.30128,1.3045,22650.0
2024-08-21 13:00:00+00:00,1.30452,1.30914,1.30352,1.30893,47334.0
2024-08-21 17:00:00+00:00,1.30895,1.31196,1.30848,1.309,23627.0
2024-08-21 21:00:00+00:00,1.30932,1.30971,1.30878,1.30902,7809.0
2024-08-22 01:00:00+00:00,1.30903,1.30914,1.30815,1.30838,12771.0
2024-08-22 05:00:00+00:00,1.30835,1.3129,1.30814,1.31139,27171.0
2024-08-22 09:00:00+00:00,1.3114,1.31279,1.30956,1.31189,28565.0
2024-08-22 13:00:00+00:00,1.31192,1.313,1.30816,1.30864,36547.0
2024-08-22 17:00:00+00:00,1.3086,1.3095,1.30766,1.30916,21712.0
2024-08-22 21:00:00+00:00,1.3091,1.31016,1.30888,1.30986,8852.0
2024-08-23 01:00:00+00:00,1.30985,1.311,1.30967,1.31096,13692.0
2024-08-23 05:00:00+00:00,1.31095,1.31314,1.31072,1.31314,22089.0
2024-08-23 09:00:00+00:00,1.31313,1.3137,1.31108,1.31196,24708.0
2024-08-23 13:00:00+00:00,1.3119,1.32304,1.31084,1.31908,54141.0
2024-08-23 17:00:00+00:00,1.31908,1.32211,1.31894,1.32174,24335.0
2024-08-25 21:00:00+00:00,1.32181,1.32226,1.32043,1.32146,11137.0
2024-08-26 01:00:00+00:00,1.32146,1.32224,1.3199,1.3201,12093.0
2024-08-26 05:00:00+00:00,1.32009,1.321,1.319,1.3198,21332.0
2024-08-26 09:00:00+00:00,1.31978,1.32058,1.318,1.32017,26363.0
2024-08-26 13:00:00+00:00,1.32015,1.32096,1.31806,1.31987,35543.0
2024-08-26 17:00:00+00:00,1.31986,1.32073,1.31819,1.31875,17339.0
2024-08-26 21:00:00+00:00,1.3188,1.31942,1.31802,1.31816,8205.0
2024-08-27 01:00:00+00:00,1.31816,1.31952,1.31812,1.31929,12357.0
2024-08-27 05:00:00+00:00,1.31932,1.32234,1.31916,1.32177,25719.0
2024-08-27 09:00:00+00:00,1.32176,1.3247,1.3204,1.32131,29352.0
2024-08-27 13:00:00+00:00,1.3213,1.32425,1.32128,1.32329,35279.0
2024-08-27 17:00:00+00:00,1.32328,1.32666,1.32319,1.32612,17938.0
2024-08-27 21:00:00+00:00,1.32582,1.32638,1.32536,1.32599,7772.0
2024-08-28 01:00:00+00:00,1.32597,1.32608,1.32404,1.32416,14709.0
2024-08-28 05:00:00+00:00,1.32418,1.32444,1.32172,1.32302,27015.0
2024-08-28 09:00:00+00:00,1.32302,1.32396,1.3199,1.32101,29691.0
2024-08-28 13:00:00+00:00,1.32103,1.32309,1.31741,1.31859,38808.0
2024-08-28 17:00:00+00:00,1.31858,1.31914,1.31676,1.3191,22760.0
2024-08-28 21:00:00+00:00,1.31954,1.32082,1.319,1.32065,7777.0
2024-08-29 01:00:00+00:00,1.32067,1.32125,1.3197,1.32122,12138.0
2024-08-29 05:00:00+00:00,1.32124,1.32271,1.31682,1.31884,30826.0
2024-08-29 09:00:00+00:00,1.31884,1.32025,1.31538,1.3161,32602.0
2024-08-29 13:00:00+00:00,1.3161,1.31906,1.31455,1.31827,41563.0
2024-08-29 17:00:00+00:00,1.31828,1.31896,1.31634,1.31684,24293.0
2024-08-29 21:00:00+00:00,1.3167,1.31714,1.31636,1.31681,6604.0
2024-08-30 01:00:00+00:00,1.3168,1.31714,1.31604,1.31642,11104.0
2024-08-30 05:00:00+00:00,1.31646,1.32,1.31641,1.3183,22930.0
2024-08-30 09:00:00+00:00,1.31832,1.31896,1.31436,1.31554,26569.0
2024-08-30 13:00:00+00:00,1.31554,1.31644,1.31098,1.31192,47179.0
2024-08-30 17:00:00+00:00,1.31192,1.31363,1.31124,1.31264,21641.0
2024-09-01 21:00:00+00:00,1.31356,1.3138,1.31258,1.31339,6051.0
2024-09-02 01:00:00+00:00,1.3134,1.31374,1.31201,1.31259,11207.0
2024-09-02 05:00:00+00:00,1.3126,1.31462,1.31228,1.3135,20412.0
2024-09-02 09:00:00+00:00,1.3135,1.31479,1.31274,1.31428,19511.0
2024-09-02 13:00:00+00:00,1.31428,1.31552,1.31358,1.31421,16146.0
2024-09-02 17:00:00+00:00,1.31422,1.31481,1.3142,1.31472,2243.0
2024-09-02 21:00:00+00:00,1.31446,1.31502,1.31342,1.31374,7770.0
2024-09-03 01:00:00+00:00,1.31374,1.31472,1.31231,1.31248,15807.0
2024-09-03 05:00:00+00:00,1.31246,1.31399,1.31089,1.31224,27466.0
2024-09-03 09:00:00+00:00,1.31225,1.31394,1.31098,1.31307,29065.0
2024-09-03 13:00:00+00:00,1.3131,1.31466,1.30885,1.31034,43867.0
2024-09-03 17:00:00+00:00,1.31034,1.3117,1.30877,1.31145,20367.0
2024-09-03 21:00:00+00:00,1.31134,1.31153,1.31027,1.31044,9826.0
2024-09-04 01:00:00+00:00,1.31044,1.31188,1.31014,1.31178,14938.0
2024-09-04 05:00:00+00:00,1.31176,1.31279,1.3101,1.31209,26142.0
2024-09-04 09:00:00+00:00,1.3121,1.31272,1.31068,1.31236,23793.0
2024-09-04 13:00:00+00:00,1.31236,1.31755,1.31211,1.31504,39312.0
2024-09-04 17:00:00+00:00,1.31502,1.31528,1.31274,1.31484,22018.0
2024-09-04 21:00:00+00:00,1.3147,1.31514,1.3141,1.31439,11407.0
2024-09-05 01:00:00+00:00,1.3144,1.31566,1.31439,1.31475,13687.0
2024-09-05 05:00:00+00:00,1.31476,1.31715,1.31373,1.31696,23030.0
2024-09-05 09:00:00+00:00,1.31695,1.31801,1.31537,1.31611,27429.0
2024-09-05 13:00:00+00:00,1.31617,1.31788,1.31512,1.31732,38338.0
2024-09-05 17:00:00+00:00,1.31732,1.31856,1.31644,1.31808,23459.0
2024-09-05 21:00:00+00:00,1.31798,1.31824,1.31746,1.31782,6324.0
2024-09-06 01:00:00+00:00,1.31784,1.318,1.3173,1.31786,11656.0
2024-09-06 05:00:00+00:00,1.31789,1.31932,1.31664,1.31676,26800.0
2024-09-06 09:00:00+00:00,1.31674,1.3239,1.3151,1.321,37790.0
2024-09-06 13:00:00+00:00,1.32102,1.3217,1.31102,1.31203,74512.0
2024-09-06 17:00:00+00:00,1.31205,1.31395,1.31132,1.31296,29041.0
2024-09-08 21:00:00+00:00,1.3124,1.31414,1.3124,1.31303,9235.0
2024-09-09 01:00:00+00:00,1.31304,1.31434,1.31196,1.31198,14507.0
2024-09-09 05:00:00+00:00,1.31196,1.31197,1.30829,1.30882,25846.0
2024-09-09 09:00:00+00:00,1.30883,1.31001,1.30727,1.30833,25951.0
2024-09-09 13:00:00+00:00,1.30832,1.31008,1.30678,1.30974,33611.0
2024-09-09 17:00:00+00:00,1.30977,1.31023,1.30706,1.30732,22640.0
2024-09-09 21:00:00+00:00,1.30736,1.30772,1.3058,1.30628,8059.0
2024-09-10 01:00:00+00:00,1.30628,1.30775,1.30616,1.30769,10526.0
2024-09-10 05:00:00+00:00,1.3077,1.31079,1.30734,1.30854,26350.0
2024-09-10 09:00:00+00:00,1.30854,1.31048,1.30684,1.30704,27274.0
2024-09-10 13:00:00+00:00,1.307,1.30758,1.30496,1.30686,37828.0
2024-09-10 17:00:00+00:00,1.30683,1.30869,1.3066,1.30796,25506.0
2024-09-10 21:00:00+00:00,1.30781,1.30851,1.30715,1.30722,7418.0
2024-09-11 01:00:00+00:00,1.30724,1.31024,1.30704,1.31022,18050.0
2024-09-11 05:00:00+00:00,1.3102,1.31116,1.30776,1.3083,29274.0
2024-09-11 09:00:00+00:00,1.3083,1.30982,1.3047,1.30616,35813.0
2024-09-11 13:00:00+00:00,1.30615,1.30732,1.3002,1.30368,48010.0
2024-09-11 17:00:00+00:00,1.30368,1.30502,1.30354,1.30431,28162.0
2024-09-11 21:00:00+00:00,1.30455,1.30477,1.3034,1.30341,6770.0
2024-09-12 01:00:00+00:00,1.30342,1.3049,1.30322,1.30488,14341.0
2024-09-12 05:00:00+00:00,1.30485,1.30568,1.30328,1.30473,25438.0
2024-09-12 09:00:00+00:00,1.30472,1.30624,1.30374,1.3054,31358.0
2024-09-12 13:00:00+00:00,1.30542,1.3095,1.30504,1.30922,41091.0
2024-09-12 17:00:00+00:00,1.30924,1.31272,1.30856,1.31258,33811.0
2024-09-12 21:00:00+00:00,1.31249,1.3146,1.31235,1.31454,7654.0
2024-09-13 01:00:00+00:00,1.31454,1.3151,1.31377,1.31473,19053.0
2024-09-13 05:00:00+00:00,1.31472,1.315,1.31244,1.31438,27052.0
2024-09-13 09:00:00+00:00,1.3144,1.31523,1.31148,1.31376,30825.0
2024-09-13 13:00:00+00:00,1.31377,1.3158,1.31233,1.31311,35949.0
2024-09-13 17:00:00+00:00,1.31311,1.31346,1.31178,1.31243,22278.0
2024-09-15 21:00:00+00:00,1.31248,1.31436,1.31217,1.31414,7200.0
2024-09-16 01:00:00+00:00,1.31412,1.31632,1.31384,1.31534,12427.0
2024-09-16 05:00:00+00:00,1.31533,1.3193,1.31528,1.31883,24428.0
2024-09-16 09:00:00+00:00,1.31882,1.32093,1.31825,1.31984,27277.0
2024-09-16 13:00:00+00:00,1.31984,1.32144,1.31915,1.32071,32645.0
2024-09-16 17:00:00+00:00,1.3207,1.32184,1.31974,1.32166,20860.0
2024-09-16 21:00:00+00:00,1.32158,1.32182,1.32004,1.3202,8235.0
2024-09-17 01:00:00+00:00,1.3202,1.32117,1.32003,1.32032,13313.0
2024-09-17 05:00:00+00:00,1.32033,1.323,1.31985,1.32284,23315.0
2024-09-17 09:00:00+00:00,1.32284,1.32293,1.31992,1.32104,30388.0
2024-09-17 13:00:00+00:00,1.32107,1.32127,1.31524,1.31582,39830.0
2024-09-17 17:00:00+00:00,1.31582,1.31694,1.3146,1.31598,29177.0
2024-09-17 21:00:00+00:00,1.31606,1.31714,1.3156,1.31688,7453.0
2024-09-18 01:00:00+00:00,1.31688,1.31725,1.3158,1.31591,14265.0
2024-09-18 05:00:00+00:00,1.3159,1.3212,1.31564,1.32058,26145.0
2024-09-18 09:00:00+00:00,1.32058,1.32276,1.32047,1.32184,26480.0
2024-09-18 13:00:00+00:00,1.32185,1.32541,1.31952,1.32106,32136.0
2024-09-18 17:00:00+00:00,1.32106,1.3298,1.31756,1.32127,87856.0
2024-09-18 21:00:00+00:00,1.32085,1.32183,1.31684,1.31712,16184.0
2024-09-19 01:00:00+00:00,1.31712,1.3214,1.31536,1.3209,26096.0
2024-09-19 05:00:00+00:00,1.32092,1.32652,1.32088,1.32636,35991.0
2024-09-19 09:00:00+00:00,1.32638,1.33144,1.324,1.32402,44696.0
2024-09-19 13:00:00+00:00,1.32401,1.32895,1.32197,1.32816,49278.0
2024-09-19 17:00:00+00:00,1.32814,1.32894,1.32738,1.32837,31264.0
2024-09-19 21:00:00+00:00,1.3283,1.32859,1.3272,1.32776,9560.0
2024-09-20 01:00:00+00:00,1.32776,1.33017,1.32745,1.32928,18619.0
2024-09-20 05:00:00+00:00,1.32928,1.33406,1.3287,1.33009,37716.0
2024-09-20 09:00:00+00:00,1.33011,1.33234,1.3281,1.33207,29395.0
2024-09-20 13:00:00+00:00,1.33208,1.33317,1.3268,1.33264,49615.0
2024-09-20 17:00:00+00:00,1.3326,1.33275,1.33066,1.33223,34324.0
2024-09-22 21:00:00+00:00,1.33161,1.33232,1.33088,1.33111,7666.0
2024-09-23 01:00:00+00:00,1.3311,1.332,1.3307,1.33164,12565.0
2024-09-23 05:00:00+00:00,1.33164,1.33204,1.32486,1.32717,35184.0
2024-09-23 09:00:00+00:00,1.32716,1.33296,1.32714,1.33274,30303.0
2024-09-23 13:00:00+00:00,1.33273,1.33596,1.33129,1.33434,44020.0
2024-09-23 17:00:00+00:00,1.33436,1.33544,1.33372,1.33483,27853.0
2024-09-23 21:00:00+00:00,1.33468,1.33544,1.33428,1.33446,9462.0
2024-09-24 01:00:00+00:00,1.33445,1.33583,1.33402,1.33582,21271.0
2024-09-24 05:00:00+00:00,1.33582,1.33814,1.33318,1.33772,36508.0
2024-09-24 09:00:00+00:00,1.33771,1.33901,1.33588,1.3387,30292.0
2024-09-24 13:00:00+00:00,1.33871,1.3399,1.3368,1.33906,41126.0
2024-09-24 17:00:00+00:00,1.33904,1.34158,1.33877,1.34133,24958.0
2024-09-24 21:00:00+00:00,1.34121,1.343,1.34114,1.34236,10189.0
2024-09-25 01:00:00+00:00,1.34238,1.3425,1.34108,1.34176,18888.0
2024-09-25 05:00:00+00:00,1.34176,1.34188,1.33757,1.33794,32921.0
2024-09-25 09:00:00+00:00,1.33794,1.33964,1.33639,1.33956,32554.0
2024-09-25 13:00:00+00:00,1.33956,1.34126,1.33276,1.33328,44706.0
2024-09-25 17:00:00+00:00,1.33328,1.33329,1.33124,1.3323,35659.0
2024-09-25 21:00:00+00:00,1.33227,1.33288,1.33127,1.3328,8692.0
2024-09-26 01:00:00+00:00,1.33284,1.3343,1.33211,1.33397,16871.0
2024-09-26 05:00:00+00:00,1.33395,1.33584,1.33343,1.33512,33685.0
2024-09-26 09:00:00+00:00,1.33512,1.33893,1.33492,1.33724,37457.0
2024-09-26 13:00:00+00:00,1.33724,1.34343,1.3351,1.34097,54949.0
2024-09-26 17:00:00+00:00,1.34096,1.34256,1.34086,1.34154,33390.0
2024-09-26 21:00:00+00:00,1.34155,1.3418,1.33975,1.33986,9484.0
2024-09-27 01:00:00+00:00,1.33984,1.34016,1.33805,1.33856,20802.0
2024-09-27 05:00:00+00:00,1.33856,1.3397,1.33599,1.33742,41899.0
2024-09-27 09:00:00+00:00,1.33742,1.34265,1.33708,1.34248,34404.0
2024-09-27 13:00:00+00:00,1.34244,1.34278,1.33798,1.33836,48104.0
2024-09-27 17:00:00+00:00,1.33834,1.33886,1.33688,1.33725,33009.0
2024-09-29 21:00:00+00:00,1.33736,1.33848,1.33732,1.33828,8786.0
2024-09-30 01:00:00+00:00,1.33829,1.33897,1.33738,1.33882,19214.0
2024-09-30 05:00:00+00:00,1.33886,1.34232,1.33744,1.34184,34726.0
2024-09-30 09:00:00+00:00,1.34182,1.34182,1.33814,1.33864,25662.0
2024-09-30 13:00:00+00:00,1.33866,1.34172,1.336,1.34021,45638.0
2024-09-30 17:00:00+00:00,1.34024,1.34084,1.33502,1.33764,34851.0
2024-09-30 21:00:00+00:00,1.3373,1.33825,1.33693,1.33754,12945.0
2024-10-01 01:00:00+00:00,1.33754,1.33898,1.33685,1.33806,22838.0
2024-10-01 05:00:00+00:00,1.33806,1.33854,1.33262,1.33318,37587.0
2024-10-01 09:00:00+00:00,1.33319,1.3339,1.3311,1.33186,38281.0
2024-10-01 13:00:00+00:00,1.33185,1.33277,1.32458,1.3255,62443.0
2024-10-01 17:00:00+00:00,1.32545,1.32903,1.32374,1.32858,50723.0
2024-10-01 21:00:00+00:00,1.32858,1.32885,1.32722,1.3277,8970.0
2024-10-02 01:00:00+00:00,1.3277,1.3296,1.32679,1.32698,20685.0
2024-10-02 05:00:00+00:00,1.32696,1.33057,1.32606,1.3297,35157.0
2024-10-02 09:00:00+00:00,1.32968,1.32977,1.32734,1.32742,34998.0
2024-10-02 13:00:00+00:00,1.32743,1.32834,1.32458,1.32713,45235.0
2024-10-02 17:00:00+00:00,1.32714,1.32753,1.32584,1.32672,30174.0
2024-10-02 21:00:00+00:00,1.32646,1.32752,1.32538,1.32618,13657.0
2024-10-03 01:00:00+00:00,1.32618,1.32633,1.32435,1.3244,24151.0
2024-10-03 05:00:00+00:00,1.32442,1.32464,1.31055,1.31164,47498.0
2024-10-03 09:00:00+00:00,1.31163,1.31288,1.30928,1.31136,42488.0
2024-10-03 13:00:00+00:00,1.3113,1.31318,1.3092,1.31253,56249.0
2024-10-03 17:00:00+00:00,1.31255,1.3132,1.31124,1.31235,32069.0
2024-10-03 21:00:00+00:00,1.31221,1.31341,1.31206,1.3131,8695.0
2024-10-04 01:00:00+00:00,1.31311,1.3136,1.31236,1.31276,19676.0
2024-10-04 05:00:00+00:00,1.31277,1.31678,1.31269,1.31568,34037.0
2024-10-04 09:00:00+00:00,1.31567,1.3175,1.30756,1.30793,39899.0
2024-10-04 13:00:00+00:00,1.30794,1.31195,1.30698,1.31152,54098.0
2024-10-04 17:00:00+00:00,1.31151,1.31297,1.31145,1.31266,30138.0
2024-10-06 21:00:00+00:00,1.31173,1.31283,1.31069,1.31224,11982.0
2024-10-07 01:00:00+00:00,1.31224,1.31346,1.31169,1.31169,21059.0
2024-10-07 05:00:00+00:00,1.31169,1.31226,1.30862,1.30888,34799.0
2024-10-07 09:00:00+00:00,1.30885,1.30898,1.30593,1.30788,35855.0
2024-10-07 13:00:00+00:00,1.30786,1.30943,1.30684,1.30898,45180.0
2024-10-07 17:00:00+00:00,1.309,1.30968,1.3069,1.30828,28514.0
2024-10-07 21:00:00+00:00,1.30819,1.31004,1.30797,1.31004,9828.0
2024-10-08 01:00:00+00:00,1.31004,1.31039,1.30849,1.30902,28032.0
2024-10-08 05:00:00+00:00,1.30902,1.31042,1.30642,1.30997,35762.0
2024-10-08 09:00:00+00:00,1.30995,1.31136,1.30902,1.31011,30936.0
2024-10-08 13:00:00+00:00,1.31008,1.31124,1.30812,1.30882,40783.0
2024-10-08 17:00:00+00:00,1.30882,1.31058,1.3076,1.31045,36260.0
2024-10-08 21:00:00+00:00,1.31039,1.31058,1.30925,1.31001,6515.0
2024-10-09 01:00:00+00:00,1.31,1.31022,1.30816,1.30842,25445.0
2024-10-09 05:00:00+00:00,1.30846,1.3102,1.30556,1.30776,36331.0
2024-10-09 09:00:00+00:00,1.30776,1.30956,1.30762,1.30828,27888.0
2024-10-09 13:00:00+00:00,1.30828,1.30892,1.30656,1.30686,36172.0
2024-10-09 17:00:00+00:00,1.30686,1.30762,1.30598,1.30725,21571.0
2024-10-09 21:00:00+00:00,1.30705,1.30738,1.30627,1.3069,9675.0
2024-10-10 01:00:00+00:00,1.30688,1.30782,1.30672,1.30724,25206.0
2024-10-10 05:00:00+00:00,1.30724,1.3089,1.30677,1.3074,30188.0
2024-10-10 09:00:00+00:00,1.30745,1.30939,1.30205,1.30758,36319.0
2024-10-10 13:00:00+00:00,1.3076,1.3085,1.30255,1.30353,48570.0
2024-10-10 17:00:00+00:00,1.30352,1.30644,1.3022,1.30596,26033.0
2024-10-10 21:00:00+00:00,1.30598,1.30642,1.30535,1.30642,11319.0
2024-10-11 01:00:00+00:00,1.30642,1.30669,1.30484,1.30496,15187.0
2024-10-11 05:00:00+00:00,1.30495,1.3082,1.30418,1.30735,24065.0
2024-10-11 09:00:00+00:00,1.3073,1.30821,1.30517,1.30652,28296.0
2024-10-11 13:00:00+00:00,1.3065,1.30832,1.30568,1.30725,35697.0
2024-10-11 17:00:00+00:00,1.30724,1.30784,1.3063,1.30671,16527.0
2024-10-13 21:00:00+00:00,1.30689,1.30702,1.3041,1.30513,9450.0
2024-10-14 01:00:00+00:00,1.30512,1.30628,1.30426,1.30592,20875.0
2024-10-14 05:00:00+00:00,1.30592,1.3072,1.3056,1.30662,25889.0
2024-10-14 09:00:00+00:00,1.30662,1.30678,1.3031,1.30343,25388.0
2024-10-14 13:00:00+00:00,1.3034,1.30604,1.30303,1.30518,31324.0
2024-10-14 17:00:00+00:00,1.30519,1.30616,1.30417,1.30605,20282.0
2024-10-14 21:00:00+00:00,1.30598,1.30677,1.3057,1.30658,7901.0
2024-10-15 01:00:00+00:00,1.30656,1.30689,1.30476,1.305,19285.0
2024-10-15 05:00:00+00:00,1.30498,1.30866,1.30358,1.30763,32506.0
2024-10-15 09:00:00+00:00,1.30766,1.3097,1.30685,1.30885,24934.0
2024-10-15 13:00:00+00:00,1.30883,1.3103,1.30686,1.30698,41973.0
2024-10-15 17:00:00+00:00,1.30698,1.30753,1.30607,1.30741,24842.0
2024-10-15 21:00:00+00:00,1.30744,1.30766,1.306,1.30648,10315.0
2024-10-16 01:00:00+00:00,1.3065,1.30776,1.30636,1.30739,20807.0
2024-10-16 05:00:00+00:00,1.30738,1.30768,1.29824,1.30037,39356.0
2024-10-16 09:00:00+00:00,1.30038,1.30379,1.30008,1.30152,30642.0
2024-10-16 13:00:00+00:00,1.30152,1.30314,1.29949,1.30044,33018.0
2024-10-16 17:00:00+00:00,1.30045,1.30058,1.29768,1.29897,17922.0
2024-10-16 21:00:00+00:00,1.29866,1.29973,1.29852,1.29874,9686.0
2024-10-17 01:00:00+00:00,1.29871,1.30015,1.29806,1.29839,23328.0
2024-10-17 05:00:00+00:00,1.29838,1.29965,1.29738,1.29778,30091.0
2024-10-17 09:00:00+00:00,1.2978,1.30234,1.29759,1.30087,34277.0
2024-10-17 13:00:00+00:00,1.3009,1.3019,1.29797,1.30106,64180.0
2024-10-17 17:00:00+00:00,1.30105,1.30156,1.30048,1.30114,30530.0
2024-10-17 21:00:00+00:00,1.30082,1.30196,1.30074,1.30141,12032.0
2024-10-18 01:00:00+00:00,1.3014,1.30267,1.3014,1.30218,30617.0
2024-10-18 05:00:00+00:00,1.30218,1.30713,1.302,1.30416,45212.0
2024-10-18 09:00:00+00:00,1.30415,1.3055,1.30342,1.3049,39363.0
2024-10-18 13:00:00+00:00,1.3049,1.3067,1.302,1.30443,46276.0
2024-10-18 17:00:00+00:00,1.30444,1.30514,1.30383,1.3051,41931.0
2024-10-20 21:00:00+00:00,1.30474,1.3058,1.30431,1.30432,15741.0
2024-10-21 01:00:00+00:00,1.3043,1.30532,1.30386,1.30404,34998.0
2024-10-21 05:00:00+00:00,1.30404,1.3045,1.30122,1.30265,39274.0
2024-10-21 09:00:00+00:00,1.30266,1.30338,1.30132,1.30293,37669.0
2024-10-21 13:00:00+00:00,1.30294,1.3032,1.29786,1.2987,45749.0
2024-10-21 17:00:00+00:00,1.29872,1.29918,1.29771,1.29844,33293.0
2024-10-21 21:00:00+00:00,1.29842,1.29882,1.29798,1.29808,13372.0
2024-10-22 01:00:00+00:00,1.29807,1.30002,1.29804,1.3,42193.0
2024-10-22 05:00:00+00:00,1.29997,1.30153,1.29862,1.29894,41655.0
2024-10-22 09:00:00+00:00,1.29892,1.29924,1.29558,1.29561,41002.0
2024-10-22 13:00:00+00:00,1.29561,1.29831,1.29445,1.29748,50891.0
2024-10-22 17:00:00+00:00,1.29749,1.29861,1.29728,1.29852,29609.0
2024-10-22 21:00:00+00:00,1.29788,1.29886,1.2972,1.2977,13336.0
2024-10-23 01:00:00+00:00,1.29769,1.29918,1.29714,1.29888,44118.0
2024-10-23 05:00:00+00:00,1.29888,1.29952,1.29622,1.29842,43746.0
2024-10-23 09:00:00+00:00,1.29843,1.29874,1.2945,1.2953,40343.0
2024-10-23 13:00:00+00:00,1.29531,1.29618,1.29225,1.29285,49500.0
2024-10-23 17:00:00+00:00,1.29285,1.2934,1.29074,1.29207,33738.0
2024-10-23 21:00:00+00:00,1.29222,1.29272,1.2909,1.2926,19813.0
2024-10-24 01:00:00+00:00,1.29259,1.29306,1.2918,1.29304,43137.0
2024-10-24 05:00:00+00:00,1.29304,1.29729,1.2926,1.29614,54178.0
2024-10-24 09:00:00+00:00,1.29614,1.29828,1.29548,1.29744,45563.0
2024-10-24 13:00:00+00:00,1.29744,1.29882,1.29481,1.29595,53813.0
2024-10-24 17:00:00+00:00,1.29592,1.2978,1.29588,1.29771,34831.0
2024-10-24 21:00:00+00:00,1.29738,1.29766,1.29653,1.29687,16953.0
2024-10-25 01:00:00+00:00,1.29688,1.29732,1.296,1.29647,39205.0
2024-10-25 05:00:00+00:00,1.29648,1.298,1.29558,1.29758,40497.0
2024-10-25 09:00:00+00:00,1.29757,1.29968,1.29742,1.29924,31998.0
2024-10-25 13:00:00+00:00,1.2992,1.29987,1.29718,1.29766,43137.0
2024-10-25 17:00:00+00:00,1.29766,1.29776,1.29582,1.2962,44506.0
2024-10-27 21:00:00+00:00,1.29658,1.29691,1.29529,1.29533,15545.0
2024-10-28 01:00:00+00:00,1.29534,1.29594,1.29418,1.29468,36134.0
2024-10-28 05:00:00+00:00,1.29468,1.29782,1.29397,1.29758,36227.0
2024-10-28 09:00:00+00:00,1.29758,1.29975,1.29662,1.2988,37247.0
2024-10-28 13:00:00+00:00,1.2988,1.30016,1.29784,1.29798,45666.0
2024-10-28 17:00:00+00:00,1.29799,1.29828,1.29678,1.29705,31175.0
2024-10-28 21:00:00+00:00,1.29744,1.29774,1.29651,1.29726,10446.0
2024-10-29 01:00:00+00:00,1.29725,1.2975,1.29582,1.29617,51307.0
2024-10-29 05:00:00+00:00,1.29618,1.299,1.29608,1.29842,45535.0
2024-10-29 09:00:00+00:00,1.29842,1.29928,1.29696,1.29777,40728.0
2024-10-29 13:00:00+00:00,1.29777,1.30119,1.29671,1.29992,67574.0
2024-10-29 17:00:00+00:00,1.29994,1.30171,1.29927,1.3017,36781.0
2024-10-29 21:00:00+00:00,1.30164,1.30172,1.30078,1.30134,14318.0
2024-10-30 01:00:00+00:00,1.30134,1.30204,1.29963,1.29987,35189.0
2024-10-30 05:00:00+00:00,1.29986,1.30248,1.29958,1.3018,42350.0
2024-10-30 09:00:00+00:00,1.3018,1.30272,1.29369,1.29496,58113.0
2024-10-30 13:00:00+00:00,1.29495,1.30435,1.29468,1.29989,73731.0
2024-10-30 17:00:00+00:00,1.29986,1.30002,1.296,1.29624,41504.0
2024-10-30 21:00:00+00:00,1.29652,1.29707,1.29489,1.29496,12898.0
2024-10-31 01:00:00+00:00,1.29494,1.29593,1.29427,1.29502,41050.0
2024-10-31 05:00:00+00:00,1.29502,1.29994,1.2948,1.29802,43905.0
2024-10-31 09:00:00+00:00,1.29804,1.29998,1.2958,1.29782,54618.0
2024-10-31 13:00:00+00:00,1.29782,1.29982,1.28438,1.28639,92284.0
2024-10-31 17:00:00+00:00,1.2864,1.29,1.28554,1.28988,41517.0
2024-10-31 21:00:00+00:00,1.29013,1.29029,1.2889,1.28951,11665.0
2024-11-01 01:00:00+00:00,1.28951,1.29025,1.28887,1.28978,29298.0
2024-11-01 05:00:00+00:00,1.2898,1.29185,1.28846,1.29046,36129.0
2024-11-01 09:00:00+00:00,1.29047,1.29674,1.29044,1.29535,51763.0
2024-11-01 13:00:00+00:00,1.29538,1.29804,1.29438,1.29564,70672.0
2024-11-01 17:00:00+00:00,1.29565,1.29576,1.2916,1.2919,42458.0
2024-11-03 22:00:00+00:00,1.29716,1.29796,1.295,1.29754,27005.0
2024-11-04 02:00:00+00:00,1.29754,1.2999,1.29719,1.29926,39708.0
2024-11-04 06:00:00+00:00,1.2993,1.29966,1.29454,1.29716,48130.0
2024-11-04 10:00:00+00:00,1.29717,1.2983,1.29515,1.29698,45019.0
2024-11-04 14:00:00+00:00,1.297,1.29935,1.29344,1.29564,60501.0
2024-11-04 18:00:00+00:00,1.29565,1.29618,1.29419,1.29568,33307.0
2024-11-04 22:00:00+00:00,1.29558,1.29594,1.29482,1.29556,16359.0
2024-11-05 02:00:00+00:00,1.29555,1.29639,1.29529,1.29602,37936.0
2024-11-05 06:00:00+00:00,1.29601,1.29848,1.2958,1.29822,35943.0
2024-11-05 10:00:00+00:00,1.29822,1.29947,1.2979,1.29828,32367.0
2024-11-05 14:00:00+00:00,1.29829,1.30348,1.29813,1.30334,58517.0
2024-11-05 18:00:00+00:00,1.30335,1.30428,1.30162,1.30418,28852.0
2024-11-05 22:00:00+00:00,1.30367,1.3048,1.29489,1.2967,73032.0
2024-11-06 02:00:00+00:00,1.29669,1.29698,1.28634,1.28888,135159.0
2024-11-06 06:00:00+00:00,1.28887,1.2924,1.28465,1.29012,121356.0
2024-11-06 10:00:00+00:00,1.29008,1.29096,1.2841,1.28644,97558.0
2024-11-06 14:00:00+00:00,1.28644,1.29088,1.2834,1.28897,98031.0
2024-11-06 18:00:00+00:00,1.28897,1.29196,1.28794,1.28794,47519.0
2024-11-06 22:00:00+00:00,1.28784,1.28922,1.28752,1.28896,19575.0
2024-11-07 02:00:00+00:00,1.28898,1.29349,1.28891,1.29307,28210.0
2024-11-07 06:00:00+00:00,1.29308,1.29474,1.29073,1.29074,57239.0
2024-11-07 10:00:00+00:00,1.29074,1.29752,1.2899,1.2972,71898.0
2024-11-07 14:00:00+00:00,1.29722,1.30094,1.29644,1.29898,71147.0
2024-11-07 18:00:00+00:00,1.29901,1.29918,1.29483,1.29872,71073.0
2024-11-07 22:00:00+00:00,1.29868,1.29902,1.29647,1.29732,19157.0
2024-11-08 02:00:00+00:00,1.2973,1.29765,1.29617,1.29702,31768.0
2024-11-08 06:00:00+00:00,1.29702,1.29744,1.29353,1.29602,57582.0
2024-11-08 10:00:00+00:00,1.29603,1.29766,1.29279,1.29417,50261.0
2024-11-08 14:00:00+00:00,1.29416,1.29486,1.28836,1.28972,66572.0
2024-11-08 18:00:00+00:00,1.28972,1.29255,1.28962,1.29195,28235.0
2024-11-10 22:00:00+00:00,1.28998,1.2926,1.28998,1.29183,20387.0
2024-11-11 02:00:00+00:00,1.29184,1.29235,1.29013,1.29155,23882.0
2024-11-11 06:00:00+00:00,1.29156,1.29224,1.2883,1.29004,46268.0
2024-11-11 10:00:00+00:00,1.29002,1.29068,1.28559,1.2867,43418.0
2024-11-11 14:00:00+00:00,1.2867,1.28781,1.28578,1.28642,43538.0
2024-11-11 18:00:00+00:00,1.28641,1.28702,1.28572,1.28688,20273.0
2024-11-11 22:00:00+00:00,1.287,1.28738,1.28578,1.28612,21204.0
2024-11-12 02:00:00+00:00,1.28614,1.28614,1.283,1.28334,38775.0
2024-11-12 06:00:00+00:00,1.28334,1.28334,1.27924,1.2824,57028.0
2024-11-12 10:00:00+00:00,1.28239,1.28318,1.28046,1.281,55305.0
2024-11-12 14:00:00+00:00,1.281,1.2811,1.27192,1.27334,69500.0
2024-11-12 18:00:00+00:00,1.27336,1.27512,1.27326,1.2748,33731.0
2024-11-12 22:00:00+00:00,1.27502,1.27536,1.2731,1.27502,23194.0
2024-11-13 02:00:00+00:00,1.27503,1.2755,1.27376,1.27434,32930.0
2024-11-13 06:00:00+00:00,1.27434,1.27561,1.27298,1.27514,46299.0
2024-11-13 10:00:00+00:00,1.27513,1.277,1.27364,1.27546,59558.0
2024-11-13 14:00:00+00:00,1.27544,1.27568,1.26866,1.27101,93209.0
2024-11-13 18:00:00+00:00,1.27102,1.27205,1.27,1.2708,36142.0
2024-11-13 22:00:00+00:00,1.27136,1.27157,1.2692,1.26942,19906.0
2024-11-14 02:00:00+00:00,1.26942,1.26943,1.26732,1.26875,33931.0
2024-11-14 06:00:00+00:00,1.26874,1.26956,1.26552,1.26569,45766.0
2024-11-14 10:00:00+00:00,1.26568,1.26798,1.26297,1.26573,60876.0
2024-11-14 14:00:00+00:00,1.2657,1.27204,1.26559,1.27036,69733.0
2024-11-14 18:00:00+00:00,1.27036,1.2705,1.26473,1.26664,53230.0
2024-11-14 22:00:00+00:00,1.26663,1.26724,1.26565,1.26654,24368.0
2024-11-15 02:00:00+00:00,1.26652,1.26828,1.26652,1.26752,38981.0
2024-11-15 06:00:00+00:00,1.26749,1.26906,1.2649,1.26525,51588.0
2024-11-15 10:00:00+00:00,1.26524,1.26972,1.26402,1.26502,55865.0
2024-11-15 14:00:00+00:00,1.265,1.26545,1.26142,1.26271,85313.0
2024-11-15 18:00:00+00:00,1.26272,1.26322,1.25973,1.26201,48768.0
2024-11-17 22:00:00+00:00,1.26201,1.26425,1.26085,1.26355,30593.0
2024-11-18 02:00:00+00:00,1.26354,1.26403,1.26207,1.26302,36050.0
2024-11-18 06:00:00+00:00,1.26302,1.26409,1.26132,1.26298,45245.0
2024-11-18 10:00:00+00:00,1.26298,1.26324,1.26136,1.26251,45866.0
2024-11-18 14:00:00+00:00,1.26252,1.26688,1.26189,1.26657,53361.0
2024-11-18 18:00:00+00:00,1.26658,1.26868,1.26645,1.26778,28364.0
2024-11-18 22:00:00+00:00,1.26768,1.26811,1.2666,1.26772,18622.0
2024-11-19 02:00:00+00:00,1.26772,1.26895,1.26674,1.26693,30100.0
2024-11-19 06:00:00+00:00,1.26694,1.26799,1.26133,1.26274,64553.0
2024-11-19 10:00:00+00:00,1.26273,1.26538,1.26252,1.26356,58391.0
2024-11-19 14:00:00+00:00,1.26354,1.26825,1.26275,1.26712,68747.0
2024-11-19 18:00:00+00:00,1.26711,1.26856,1.26616,1.26825,27788.0
2024-11-19 22:00:00+00:00,1.268,1.26956,1.26778,1.26898,21456.0
2024-11-20 02:00:00+00:00,1.26898,1.2694,1.268,1.2684,21479.0
2024-11-20 06:00:00+00:00,1.26839,1.27149,1.2664,1.26692,50767.0
2024-11-20 10:00:00+00:00,1.26692,1.26756,1.2649,1.26741,47722.0
2024-11-20 14:00:00+00:00,1.2674,1.26752,1.26309,1.26543,60205.0
2024-11-20 18:00:00+00:00,1.26542,1.2655,1.26416,1.26535,30327.0
2024-11-20 22:00:00+00:00,1.26551,1.26592,1.26496,1.2655,16638.0
2024-11-21 02:00:00+00:00,1.26552,1.26604,1.26496,1.26502,22576.0
2024-11-21 06:00:00+00:00,1.26502,1.2658,1.2623,1.26324,57550.0
2024-11-21 10:00:00+00:00,1.26326,1.26578,1.26255,1.26476,49495.0
2024-11-21 14:00:00+00:00,1.26477,1.26529,1.25763,1.26003,75855.0
2024-11-21 18:00:00+00:00,1.26002,1.26056,1.25868,1.25896,27988.0
2024-11-21 22:00:00+00:00,1.25938,1.25944,1.25835,1.25882,25449.0
2024-11-22 02:00:00+00:00,1.25882,1.25944,1.25664,1.25688,34016.0
2024-11-22 06:00:00+00:00,1.25686,1.2582,1.24924,1.2512,82535.0
2024-11-22 10:00:00+00:00,1.25119,1.25406,1.24872,1.25204,56473.0
2024-11-22 14:00:00+00:00,1.25204,1.25378,1.25072,1.25302,65641.0
2024-11-22 18:00:00+00:00,1.25303,1.25352,1.25221,1.25321,33942.0
2024-11-24 22:00:00+00:00,1.25908,1.26052,1.25723,1.25942,28446.0
2024-11-25 02:00:00+00:00,1.2594,1.26072,1.25887,1.25944,30565.0
2024-11-25 06:00:00+00:00,1.25944,1.26054,1.25485,1.25741,53267.0
2024-11-25 10:00:00+00:00,1.2574,1.26134,1.25516,1.26113,51996.0
2024-11-25 14:00:00+00:00,1.26114,1.26134,1.25416,1.25545,65351.0
2024-11-25 18:00:00+00:00,1.25544,1.25786,1.2554,1.25684,33441.0
2024-11-25 22:00:00+00:00,1.257,1.25736,1.25072,1.25268,52103.0
2024-11-26 02:00:00+00:00,1.2527,1.25628,1.25244,1.25484,40099.0
2024-11-26 06:00:00+00:00,1.25484,1.25786,1.25379,1.25716,59507.0
2024-11-26 10:00:00+00:00,1.25717,1.26165,1.2571,1.25826,51082.0
2024-11-26 14:00:00+00:00,1.25823,1.25884,1.25312,1.25373,68878.0
2024-11-26 18:00:00+00:00,1.25371,1.25696,1.25248,1.2569,36513.0
2024-11-26 22:00:00+00:00,1.25722,1.25802,1.25676,1.25749,29884.0
2024-11-27 02:00:00+00:00,1.25746,1.2576,1.25668,1.25681,28672.0
2024-11-27 06:00:00+00:00,1.2568,1.26168,1.25672,1.26042,52649.0
2024-11-27 10:00:00+00:00,1.26039,1.26629,1.25977,1.26628,48120.0
2024-11-27 14:00:00+00:00,1.26626,1.26949,1.26331,1.26748,71448.0
2024-11-27 18:00:00+00:00,1.26748,1.26826,1.26698,1.268,27294.0
2024-11-27 22:00:00+00:00,1.26781,1.26833,1.26652,1.26728,21358.0
2024-11-28 02:00:00+00:00,1.2673,1.26754,1.26588,1.26644,31839.0
2024-11-28 06:00:00+00:00,1.26641,1.26686,1.26452,1.2651,50529.0
2024-11-28 10:00:00+00:00,1.26512,1.26744,1.26475,1.2664,36951.0
2024-11-28 14:00:00+00:00,1.2664,1.26902,1.26611,1.26877,31996.0
2024-11-28 18:00:00+00:00,1.26878,1.2691,1.26845,1.2687,3732.0
2024-11-28 22:00:00+00:00,1.26866,1.2712,1.26842,1.2702,21963.0
2024-11-29 02:00:00+00:00,1.27023,1.2717,1.27016,1.27068,30075.0
2024-11-29 06:00:00+00:00,1.27067,1.27503,1.26903,1.2693,48363.0
2024-11-29 10:00:00+00:00,1.26929,1.27034,1.26774,1.26855,48750.0
2024-11-29 14:00:00+00:00,1.26854,1.27246,1.26718,1.27243,58818.0
2024-11-29 18:00:00+00:00,1.27246,1.27461,1.27238,1.27372,54099.0
2024-12-01 22:00:00+00:00,1.27306,1.2736,1.26864,1.26908,31687.0
2024-12-02 02:00:00+00:00,1.26906,1.26946,1.26802,1.26866,31355.0
2024-12-02 06:00:00+00:00,1.26862,1.27088,1.2679,1.27034,61604.0
2024-12-02 10:00:00+00:00,1.27036,1.27229,1.26622,1.26849,58325.0
2024-12-02 14:00:00+00:00,1.26852,1.26923,1.26172,1.26444,75830.0
2024-12-02 18:00:00+00:00,1.26443,1.26708,1.26408,1.26546,35533.0
2024-12-02 22:00:00+00:00,1.26545,1.26604,1.26428,1.26464,19041.0
2024-12-03 02:00:00+00:00,1.26464,1.26502,1.26384,1.26474,28026.0
2024-12-03 06:00:00+00:00,1.26474,1.26972,1.26431,1.26776,49999.0
2024-12-03 10:00:00+00:00,1.26776,1.26834,1.26433,1.26698,45259.0
2024-12-03 14:00:00+00:00,1.26702,1.26928,1.26366,1.26916,65585.0
2024-12-03 18:00:00+00:00,1.26917,1.26998,1.26656,1.2673,33285.0
2024-12-03 22:00:00+00:00,1.26731,1.26782,1.266,1.26674,17239.0
2024-12-04 02:00:00+00:00,1.26675,1.26952,1.26519,1.2691,29856.0
2024-12-04 06:00:00+00:00,1.26911,1.27019,1.263,1.26764,55619.0
2024-12-04 10:00:00+00:00,1.26765,1.2686,1.26608,1.26704,54919.0
2024-12-04 14:00:00+00:00,1.26705,1.27218,1.26625,1.27166,68580.0
2024-12-04 18:00:00+00:00,1.27166,1.27194,1.2687,1.27,31255.0
2024-12-04 22:00:00+00:00,1.27042,1.2708,1.2693,1.26967,13268.0
2024-12-05 02:00:00+00:00,1.26966,1.2717,1.26946,1.27146,22062.0
2024-12-05 06:00:00+00:00,1.27145,1.27407,1.27123,1.27217,35826.0
2024-12-05 10:00:00+00:00,1.27216,1.2752,1.27138,1.27514,46275.0
2024-12-05 14:00:00+00:00,1.27513,1.2771,1.27334,1.27464,57361.0
2024-12-05 18:00:00+00:00,1.27465,1.27614,1.27319,1.27608,25066.0
2024-12-05 22:00:00+00:00,1.27592,1.27625,1.27399,1.27443,14886.0
2024-12-06 02:00:00+00:00,1.27445,1.27541,1.27424,1.27449,17943.0
2024-12-06 06:00:00+00:00,1.27447,1.27745,1.2741,1.27596,32654.0
2024-12-06 10:00:00+00:00,1.27595,1.28116,1.27496,1.27948,49529.0
2024-12-06 14:00:00+00:00,1.27948,1.27989,1.27214,1.27276,74075.0
2024-12-06 18:00:00+00:00,1.27276,1.27436,1.27236,1.27418,21272.0
2024-12-08 22:00:00+00:00,1.27358,1.2752,1.27358,1.27388,14836.0
2024-12-09 02:00:00+00:00,1.2739,1.27439,1.27172,1.27201,19641.0
2024-12-09 06:00:00+00:00,1.272,1.27789,1.272,1.27687,39948.0
2024-12-09 10:00:00+00:00,1.27686,1.27846,1.27513,1.27786,38322.0
2024-12-09 14:00:00+00:00,1.27785,1.2799,1.27638,1.27706,40820.0
2024-12-09 18:00:00+00:00,1.27703,1.27717,1.27432,1.2751,17597.0
2024-12-09 22:00:00+00:00,1.275,1.27543,1.27394,1.27474,15282.0
2024-12-10 02:00:00+00:00,1.27475,1.2755,1.27356,1.27543,23515.0
2024-12-10 06:00:00+00:00,1.27544,1.27636,1.2737,1.27547,34942.0
2024-12-10 10:00:00+00:00,1.27546,1.27661,1.27438,1.27506,37226.0
2024-12-10 14:00:00+00:00,1.27507,1.27629,1.27239,1.27458,46232.0
2024-12-10 18:00:00+00:00,1.27458,1.27782,1.27446,1.27718,24211.0
2024-12-10 22:00:00+00:00,1.27708,1.27801,1.27682,1.27782,14755.0
2024-12-11 02:00:00+00:00,1.27783,1.27818,1.27629,1.2766,19723.0
2024-12-11 06:00:00+00:00,1.27658,1.27718,1.27273,1.273,47251.0
2024-12-11 10:00:00+00:00,1.27298,1.27816,1.27134,1.27703,54213.0
2024-12-11 14:00:00+00:00,1.27698,1.27762,1.27339,1.27434,63355.0
2024-12-11 18:00:00+00:00,1.27434,1.27574,1.2733,1.27508,27909.0
2024-12-11 22:00:00+00:00,1.27522,1.27718,1.27486,1.27683,14694.0
2024-12-12 02:00:00+00:00,1.27684,1.27707,1.2761,1.27644,16482.0
2024-12-12 06:00:00+00:00,1.27644,1.27882,1.27546,1.27591,37375.0
2024-12-12 10:00:00+00:00,1.27592,1.27646,1.27194,1.27292,49004.0
2024-12-12 14:00:00+00:00,1.27294,1.27369,1.2671,1.27032,72417.0
2024-12-12 18:00:00+00:00,1.27034,1.2704,1.26668,1.26736,28993.0
2024-12-12 22:00:00+00:00,1.26761,1.26794,1.26639,1.26663,19149.0
2024-12-13 02:00:00+00:00,1.26662,1.26697,1.26572,1.26642,18975.0
2024-12-13 06:00:00+00:00,1.26645,1.26654,1.26187,1.264,39402.0
2024-12-13 10:00:00+00:00,1.26402,1.26686,1.26336,1.26649,39314.0
2024-12-13 14:00:00+00:00,1.2665,1.26658,1.26082,1.26208,46253.0
2024-12-13 18:00:00+00:00,1.26208,1.26284,1.26134,1.262,22179.0
2024-12-15 22:00:00+00:00,1.26147,1.26362,1.26112,1.26356,14284.0
2024-12-16 02:00:00+00:00,1.26356,1.26397,1.26288,1.26369,15070.0
2024-12-16 06:00:00+00:00,1.26368,1.26719,1.26296,1.26538,33794.0
2024-12-16 10:00:00+00:00,1.26538,1.26646,1.26419,1.2664,30905.0
2024-12-16 14:00:00+00:00,1.2664,1.26986,1.26354,1.26824,49144.0
2024-12-16 18:00:00+00:00,1.26823,1.2699,1.26776,1.26836,18220.0
2024-12-16 22:00:00+00:00,1.26812,1.26986,1.26793,1.26896,12738.0
2024-12-17 02:00:00+00:00,1.26895,1.2698,1.26726,1.26746,15286.0
2024-12-17 06:00:00+00:00,1.26746,1.2707,1.26661,1.26869,39514.0
2024-12-17 10:00:00+00:00,1.2687,1.27089,1.26707,1.27022,41782.0
2024-12-17 14:00:00+00:00,1.27024,1.27289,1.2684,1.27199,49542.0
2024-12-17 18:00:00+00:00,1.27198,1.27284,1.27029,1.27129,20446.0
2024-12-17 22:00:00+00:00,1.27074,1.27156,1.27048,1.27106,13325.0
2024-12-18 02:00:00+00:00,1.2711,1.27122,1.2695,1.27023,18732.0
2024-12-18 06:00:00+00:00,1.27022,1.27276,1.26797,1.26878,38073.0
2024-12-18 10:00:00+00:00,1.26879,1.27224,1.26869,1.26912,40155.0
2024-12-18 14:00:00+00:00,1.2691,1.27096,1.26836,1.27052,41994.0
2024-12-18 18:00:00+00:00,1.27052,1.27186,1.25622,1.25724,92915.0
2024-12-18 22:00:00+00:00,1.2573,1.25904,1.25634,1.25898,27467.0
2024-12-19 02:00:00+00:00,1.25898,1.25968,1.25815,1.25854,24970.0
2024-12-19 06:00:00+00:00,1.25854,1.2667,1.25831,1.2661,56571.0
2024-12-19 10:00:00+00:00,1.26609,1.26612,1.25838,1.25921,59107.0
2024-12-19 14:00:00+00:00,1.2592,1.26027,1.25076,1.25105,65600.0
2024-12-19 18:00:00+00:00,1.25104,1.25313,1.24953,1.25021,31369.0
2024-12-19 22:00:00+00:00,1.25033,1.25095,1.24864,1.249,15089.0
2024-12-20 02:00:00+00:00,1.249,1.24908,1.24748,1.2487,20884.0
2024-12-20 06:00:00+00:00,1.2487,1.25178,1.24776,1.25034,45959.0
2024-12-20 10:00:00+00:00,1.25034,1.25596,1.24956,1.25542,38531.0
2024-12-20 14:00:00+00:00,1.2554,1.26142,1.25376,1.26035,63753.0
2024-12-20 18:00:00+00:00,1.26034,1.26086,1.2565,1.25679,23271.0
2024-12-22 22:00:00+00:00,1.25669,1.25833,1.25613,1.25812,15397.0
2024-12-23 02:00:00+00:00,1.25812,1.25884,1.2576,1.25779,16559.0
2024-12-23 06:00:00+00:00,1.2578,1.25833,1.25556,1.25694,26591.0
2024-12-23 10:00:00+00:00,1.25692,1.25723,1.25126,1.25257,28924.0
2024-12-23 14:00:00+00:00,1.2526,1.25387,1.25098,1.25208,39789.0
2024-12-23 18:00:00+00:00,1.2521,1.25392,1.25208,1.2536,21388.0
2024-12-23 22:00:00+00:00,1.25384,1.25396,1.25248,1.2532,9929.0
2024-12-24 02:00:00+00:00,1.2532,1.25422,1.25276,1.2538,13041.0
2024-12-24 06:00:00+00:00,1.2538,1.25452,1.25283,1.25339,19919.0
2024-12-24 10:00:00+00:00,1.2534,1.25684,1.25266,1.25657,26873.0
2024-12-24 14:00:00+00:00,1.25658,1.25751,1.25188,1.25196,32116.0
2024-12-24 18:00:00+00:00,1.25195,1.2553,1.25192,1.25432,6128.0
2024-12-25 22:00:00+00:00,1.25438,1.2552,1.25378,1.25416,10314.0
2024-12-26 02:00:00+00:00,1.25412,1.25486,1.25381,1.25448,12307.0
2024-12-26 06:00:00+00:00,1.25448,1.25454,1.2522,1.2531,16170.0
2024-12-26 10:00:00+00:00,1.2531,1.2535,1.25146,1.25238,20999.0
2024-12-26 14:00:00+00:00,1.25238,1.25252,1.25012,1.25157,31788.0
2024-12-26 18:00:00+00:00,1.25158,1.25366,1.25157,1.25269,23258.0
2024-12-26 22:00:00+00:00,1.25258,1.25322,1.25225,1.25232,14392.0
2024-12-27 02:00:00+00:00,1.25229,1.25292,1.25183,1.25205,22349.0
2024-12-27 06:00:00+00:00,1.25206,1.25347,1.25052,1.25087,26765.0
2024-12-27 10:00:00+00:00,1.25088,1.25744,1.25087,1.25742,34602.0
2024-12-27 14:00:00+00:00,1.25743,1.25928,1.25537,1.25602,48292.0
2024-12-27 18:00:00+00:00,1.25602,1.25836,1.256,1.2577,25049.0
2024-12-29 22:00:00+00:00,1.25799,1.25887,1.25656,1.25806,8925.0
2024-12-30 02:00:00+00:00,1.25805,1.25854,1.25754,1.25819,18002.0
2024-12-30 06:00:00+00:00,1.2582,1.25893,1.25616,1.25774,25257.0
2024-12-30 10:00:00+00:00,1.25773,1.26074,1.25532,1.25546,35240.0
2024-12-30 14:00:00+00:00,1.25546,1.25684,1.25066,1.25446,57842.0
2024-12-30 18:00:00+00:00,1.25448,1.25589,1.25412,1.2552,24005.0
2024-12-30 22:00:00+00:00,1.25486,1.25601,1.2538,1.25584,10469.0
2024-12-31 02:00:00+00:00,1.25584,1.25602,1.25448,1.25512,9932.0
2024-12-31 06:00:00+00:00,1.25513,1.25694,1.2542,1.25546,28350.0
2024-12-31 10:00:00+00:00,1.25548,1.2555,1.252,1.25294,38499.0
2024-12-31 14:00:00+00:00,1.25297,1.25547,1.25052,1.25184,56716.0
2024-12-31 18:00:00+00:00,1.25184,1.25276,1.25056,1.25134,21144.0
2025-01-01 22:00:00+00:00,1.25154,1.25226,1.25077,1.25202,14323.0
2025-01-02 02:00:00+00:00,1.25202,1.25408,1.25202,1.25328,11814.0
2025-01-02 06:00:00+00:00,1.25326,1.25344,1.24802,1.24826,31526.0
2025-01-02 10:00:00+00:00,1.24826,1.24922,1.23974,1.24043,48927.0
2025-01-02 14:00:00+00:00,1.24042,1.24115,1.23521,1.23723,71553.0
2025-01-02 18:00:00+00:00,1.23724,1.23856,1.2364,1.2381,26254.0
2025-01-02 22:00:00+00:00,1.23766,1.23904,1.23742,1.23852,10823.0
2025-01-03 02:00:00+00:00,1.23852,1.23976,1.23841,1.23955,12048.0
2025-01-03 06:00:00+00:00,1.23954,1.24168,1.23872,1.24058,31691.0
2025-01-03 10:00:00+00:00,1.2406,1.24169,1.23863,1.24014,30003.0
2025-01-03 14:00:00+00:00,1.24014,1.24294,1.23878,1.24186,47191.0
2025-01-03 18:00:00+00:00,1.24185,1.24343,1.24157,1.24232,19513.0
2025-01-05 22:00:00+00:00,1.24266,1.24388,1.24157,1.2435,15840.0
2025-01-06 02:00:00+00:00,1.2435,1.24442,1.24318,1.24366,14531.0
2025-01-06 06:00:00+00:00,1.24364,1.2492,1.24358,1.24756,36001.0
2025-01-06 10:00:00+00:00,1.24758,1.2551,1.24553,1.25342,72121.0
2025-01-06 14:00:00+00:00,1.25343,1.25374,1.24683,1.25182,75019.0
2025-01-06 18:00:00+00:00,1.25184,1.25238,1.25026,1.25204,20571.0
2025-01-06 22:00:00+00:00,1.25198,1.25236,1.25041,1.25196,14621.0
2025-01-07 02:00:00+00:00,1.25194,1.25428,1.25166,1.2538,16068.0
2025-01-07 06:00:00+00:00,1.25379,1.2576,1.25317,1.25636,36960.0
2025-01-07 10:00:00+00:00,1.25636,1.25689,1.2524,1.25424,39845.0
2025-01-07 14:00:00+00:00,1.25426,1.25442,1.248,1.25001,70880.0
2025-01-07 18:00:00+00:00,1.25002,1.25039,1.24771,1.24778,23482.0
2025-01-07 22:00:00+00:00,1.24764,1.24856,1.2473,1.24854,12697.0
2025-01-08 02:00:00+00:00,1.24854,1.24894,1.24782,1.24882,13753.0
2025-01-08 06:00:00+00:00,1.24882,1.24943,1.24404,1.24506,39675.0
2025-01-08 10:00:00+00:00,1.24504,1.24523,1.23209,1.23564,74722.0
2025-01-08 14:00:00+00:00,1.23566,1.23688,1.23242,1.23458,54401.0
2025-01-08 18:00:00+00:00,1.23456,1.23772,1.23456,1.23634,27399.0
2025-01-08 22:00:00+00:00,1.23632,1.23666,1.23478,1.23592,12181.0
2025-01-09 02:00:00+00:00,1.23591,1.23653,1.2329,1.23318,17502.0
2025-01-09 06:00:00+00:00,1.23318,1.23322,1.22384,1.2282,57882.0
2025-01-09 10:00:00+00:00,1.22818,1.23235,1.22516,1.23008,49645.0
2025-01-09 14:00:00+00:00,1.23008,1.2317,1.22872,1.23014,39910.0
2025-01-09 18:00:00+00:00,1.23011,1.23154,1.22968,1.23073,12534.0
2025-01-09 22:00:00+00:00,1.23075,1.2311,1.22944,1.23036,12378.0
2025-01-10 02:00:00+00:00,1.23037,1.2308,1.22744,1.22758,16063.0
2025-01-10 06:00:00+00:00,1.22757,1.23084,1.22666,1.23024,35054.0
2025-01-10 10:00:00+00:00,1.23023,1.2322,1.21914,1.22318,62954.0
2025-01-10 14:00:00+00:00,1.22318,1.22628,1.21952,1.22222,101489.0
2025-01-10 18:00:00+00:00,1.22221,1.22232,1.22022,1.22086,31680.0
2025-01-12 22:00:00+00:00,1.22014,1.22112,1.21889,1.21914,17300.0
2025-01-13 02:00:00+00:00,1.21914,1.21932,1.2126,1.21472,22925.0
2025-01-13 06:00:00+00:00,1.21473,1.21716,1.21015,1.21067,54691.0
2025-01-13 10:00:00+00:00,1.21066,1.21536,1.20997,1.21418,54320.0
2025-01-13 14:00:00+00:00,1.21416,1.21748,1.21324,1.21739,58695.0
2025-01-13 18:00:00+00:00,1.2174,1.22046,1.21635,1.22034,28027.0
2025-01-13 22:00:00+00:00,1.22012,1.22506,1.21998,1.22114,24027.0
2025-01-14 02:00:00+00:00,1.22113,1.22179,1.21922,1.22026,21785.0
2025-01-14 06:00:00+00:00,1.22028,1.22462,1.21764,1.21784,53150.0
2025-01-14 10:00:00+00:00,1.21784,1.21932,1.21384,1.21534,53205.0
2025-01-14 14:00:00+00:00,1.21534,1.22128,1.21409,1.21854,63029.0
2025-01-14 18:00:00+00:00,1.21856,1.22172,1.21838,1.22156,25613.0
2025-01-14 22:00:00+00:00,1.22148,1.22155,1.21994,1.22,11985.0
2025-01-15 02:00:00+00:00,1.21998,1.22081,1.21924,1.21998,15446.0
2025-01-15 06:00:00+00:00,1.21997,1.22412,1.2162,1.22184,50532.0
2025-01-15 10:00:00+00:00,1.22184,1.23067,1.22014,1.22978,48084.0
2025-01-15 14:00:00+00:00,1.2298,1.23059,1.21934,1.22151,72648.0
2025-01-15 18:00:00+00:00,1.22152,1.2245,1.2213,1.22437,20694.0
2025-01-15 22:00:00+00:00,1.224,1.22483,1.22268,1.22291,18668.0
2025-01-16 02:00:00+00:00,1.22292,1.22338,1.2207,1.22092,18749.0
2025-01-16 06:00:00+00:00,1.22091,1.22266,1.21898,1.21976,40397.0
2025-01-16 10:00:00+00:00,1.21976,1.22129,1.2175,1.21973,49309.0
2025-01-16 14:00:00+00:00,1.21974,1.22605,1.21766,1.22366,80179.0
2025-01-16 18:00:00+00:00,1.22366,1.22466,1.22272,1.22384,24826.0
2025-01-16 22:00:00+00:00,1.22412,1.22442,1.22294,1.22326,9450.0
2025-01-17 02:00:00+00:00,1.22326,1.22445,1.22126,1.22172,14927.0
2025-01-17 06:00:00+00:00,1.22173,1.2218,1.21604,1.21962,42636.0
2025-01-17 10:00:00+00:00,1.21962,1.22169,1.21756,1.2182,40776.0
2025-01-17 14:00:00+00:00,1.21822,1.22282,1.21606,1.21732,67978.0
2025-01-17 18:00:00+00:00,1.21732,1.21869,1.21648,1.21685,22510.0
2025-01-19 22:00:00+00:00,1.21788,1.2195,1.216,1.21922,15428.0
2025-01-20 02:00:00+00:00,1.21922,1.22152,1.21857,1.22106,16707.0
2025-01-20 06:00:00+00:00,1.22106,1.2222,1.21656,1.2178,40331.0
2025-01-20 10:00:00+00:00,1.21781,1.22994,1.21781,1.22989,60720.0
2025-01-20 14:00:00+00:00,1.2299,1.23266,1.22549,1.22821,82231.0
2025-01-20 18:00:00+00:00,1.22824,1.2345,1.22789,1.23296,28919.0
2025-01-20 22:00:00+00:00,1.23276,1.23452,1.22479,1.22754,63367.0
2025-01-21 02:00:00+00:00,1.22752,1.23118,1.22726,1.22763,33477.0
2025-01-21 06:00:00+00:00,1.22762,1.22868,1.22348,1.22486,44780.0
2025-01-21 10:00:00+00:00,1.22486,1.22814,1.22292,1.22786,52681.0
2025-01-21 14:00:00+00:00,1.22788,1.23354,1.22702,1.23262,64730.0
2025-01-21 18:00:00+00:00,1.2326,1.23606,1.23231,1.23556,22958.0
2025-01-21 22:00:00+00:00,1.235,1.23551,1.23225,1.23325,25971.0
2025-01-22 02:00:00+00:00,1.23321,1.23482,1.23286,1.23437,17344.0
2025-01-22 06:00:00+00:00,1.23436,1.23654,1.23117,1.23644,46411.0
2025-01-22 10:00:00+00:00,1.23643,1.23768,1.2336,1.23454,43153.0
2025-01-22 14:00:00+00:00,1.23453,1.23486,1.23074,1.23218,54879.0
2025-01-22 18:00:00+00:00,1.23218,1.23312,1.23137,1.23166,21436.0
2025-01-22 22:00:00+00:00,1.23198,1.23238,1.23072,1.23107,17312.0
2025-01-23 02:00:00+00:00,1.23106,1.23216,1.23021,1.2312,20496.0
2025-01-23 06:00:00+00:00,1.23118,1.23216,1.22934,1.2317,39703.0
2025-01-23 10:00:00+00:00,1.2317,1.2331,1.23002,1.2323,46793.0
2025-01-23 14:00:00+00:00,1.23232,1.23759,1.23003,1.23724,77229.0
2025-01-23 18:00:00+00:00,1.23724,1.23728,1.23469,1.2352,26226.0
2025-01-23 22:00:00+00:00,1.23556,1.23586,1.23486,1.23548,12893.0
2025-01-24 02:00:00+00:00,1.23548,1.24043,1.23547,1.23997,38646.0
2025-01-24 06:00:00+00:00,1.24,1.2448,1.23764,1.24278,58275.0
2025-01-24 10:00:00+00:00,1.24278,1.24362,1.24006,1.24146,35881.0
2025-01-24 14:00:00+00:00,1.24145,1.25022,1.24096,1.24877,58002.0
2025-01-24 18:00:00+00:00,1.24876,1.24958,1.24778,1.24827,24366.0
2025-01-26 22:00:00+00:00,1.2471,1.24746,1.24477,1.2449,21148.0
2025-01-27 02:00:00+00:00,1.24489,1.24634,1.24422,1.24469,24818.0
2025-01-27 06:00:00+00:00,1.24471,1.24866,1.2426,1.24863,51582.0
2025-01-27 10:00:00+00:00,1.24864,1.25236,1.24857,1.25027,57353.0
2025-01-27 14:00:00+00:00,1.25028,1.2512,1.24674,1.24748,59611.0
2025-01-27 18:00:00+00:00,1.24746,1.25004,1.24696,1.24999,31780.0
2025-01-27 22:00:00+00:00,1.24946,1.24997,1.24362,1.24506,38656.0
2025-01-28 02:00:00+00:00,1.24505,1.24548,1.24344,1.24452,29625.0
2025-01-28 06:00:00+00:00,1.24454,1.24558,1.24262,1.24484,42791.0
2025-01-28 10:00:00+00:00,1.24486,1.24522,1.24146,1.2424,38024.0
2025-01-28 14:00:00+00:00,1.2424,1.24474,1.24221,1.24288,47548.0
2025-01-28 18:00:00+00:00,1.2429,1.24456,1.24222,1.24434,24425.0
2025-01-28 22:00:00+00:00,1.24426,1.24476,1.24357,1.2436,14717.0
2025-01-29 02:00:00+00:00,1.24361,1.24555,1.24345,1.2454,21064.0
2025-01-29 06:00:00+00:00,1.24541,1.24636,1.2416,1.24208,41458.0
2025-01-29 10:00:00+00:00,1.24207,1.24286,1.23932,1.23977,44400.0
2025-01-29 14:00:00+00:00,1.23978,1.24494,1.23966,1.24422,61929.0
2025-01-29 18:00:00+00:00,1.24424,1.24583,1.24123,1.2451,75314.0
2025-01-29 22:00:00+00:00,1.24386,1.24603,1.24352,1.24498,15698.0
2025-01-30 02:00:00+00:00,1.24498,1.24559,1.24422,1.24482,22528.0
2025-01-30 06:00:00+00:00,1.24481,1.24628,1.24318,1.24434,36002.0
2025-01-30 10:00:00+00:00,1.24432,1.24714,1.24247,1.24673,48418.0
2025-01-30 14:00:00+00:00,1.24674,1.2477,1.24355,1.24447,62958.0
2025-01-30 18:00:00+00:00,1.24448,1.24644,1.24079,1.24172,46437.0
2025-01-30 22:00:00+00:00,1.24204,1.24316,1.2407,1.24192,19429.0
2025-01-31 02:00:00+00:00,1.24191,1.24279,1.24142,1.24207,22954.0
2025-01-31 06:00:00+00:00,1.24208,1.24398,1.2401,1.24216,40737.0
2025-01-31 10:00:00+00:00,1.24214,1.2432,1.24059,1.24138,41700.0
2025-01-31 14:00:00+00:00,1.24136,1.24721,1.23875,1.24538,72722.0
2025-01-31 18:00:00+00:00,1.24538,1.24616,1.23861,1.23926,77149.0
2025-02-02 22:00:00+00:00,1.23122,1.23246,1.2265,1.22882,75837.0
2025-02-03 02:00:00+00:00,1.22882,1.22884,1.22494,1.22774,56363.0
2025-02-03 06:00:00+00:00,1.22776,1.23232,1.2273,1.22928,65239.0
2025-02-03 10:00:00+00:00,1.22928,1.2375,1.22922,1.23649,59430.0
2025-02-03 14:00:00+00:00,1.2365,1.24365,1.23358,1.23941,142782.0
2025-02-03 18:00:00+00:00,1.2394,1.24557,1.23818,1.24501,57545.0
2025-02-03 22:00:00+00:00,1.24391,1.24541,1.24094,1.24214,21414.0
2025-02-04 02:00:00+00:00,1.24216,1.24276,1.23793,1.23978,40755.0
2025-02-04 06:00:00+00:00,1.2398,1.2437,1.23934,1.24251,49443.0
2025-02-04 10:00:00+00:00,1.24252,1.24347,1.23958,1.24286,42826.0
2025-02-04 14:00:00+00:00,1.24287,1.24933,1.24283,1.24827,70055.0
2025-02-04 18:00:00+00:00,1.24826,1.24908,1.24748,1.24817,29006.0
2025-02-04 22:00:00+00:00,1.24778,1.24902,1.24702,1.24704,19748.0
2025-02-05 02:00:00+00:00,1.24704,1.24827,1.24635,1.2468,22348.0
2025-02-05 06:00:00+00:00,1.2468,1.2529,1.2466,1.25176,42645.0
2025-02-05 10:00:00+00:00,1.2517,1.25502,1.2512,1.2515,44625.0
2025-02-05 14:00:00+00:00,1.25153,1.25376,1.25018,1.2509,57572.0
2025-02-05 18:00:00+00:00,1.25088,1.25144,1.24979,1.25047,22638.0
2025-02-05 22:00:00+00:00,1.25061,1.25098,1.24985,1.25076,13100.0
2025-02-06 02:00:00+00:00,1.25076,1.25092,1.24832,1.24838,18662.0
2025-02-06 06:00:00+00:00,1.2484,1.24912,1.24176,1.24255,33922.0
2025-02-06 10:00:00+00:00,1.24258,1.2432,1.23604,1.23836,61206.0
2025-02-06 14:00:00+00:00,1.23838,1.24454,1.23818,1.24419,52722.0
2025-02-06 18:00:00+00:00,1.24418,1.2456,1.24329,1.24348,25800.0
2025-02-06 22:00:00+00:00,1.2434,1.24434,1.24228,1.24316,13297.0
2025-02-07 02:00:00+00:00,1.24316,1.24401,1.24198,1.24218,18793.0
2025-02-07 06:00:00+00:00,1.24217,1.24687,1.24194,1.24594,28644.0
2025-02-07 10:00:00+00:00,1.24594,1.2494,1.24203,1.24303,49300.0
2025-02-07 14:00:00+00:00,1.24304,1.24668,1.23761,1.24028,108050.0
2025-02-07 18:00:00+00:00,1.24027,1.24224,1.23982,1.24006,30805.0
2025-02-09 22:00:00+00:00,1.23751,1.24008,1.2374,1.2383,24652.0
2025-02-10 02:00:00+00:00,1.23831,1.24088,1.23801,1.2401,20764.0
2025-02-10 06:00:00+00:00,1.24012,1.2421,1.2391,1.24086,37479.0
2025-02-10 10:00:00+00:00,1.24083,1.24224,1.23795,1.23909,34341.0
2025-02-10 14:00:00+00:00,1.2391,1.23944,1.23713,1.23804,38116.0
2025-02-10 18:00:00+00:00,1.23805,1.23814,1.2363,1.23668,15756.0
2025-02-10 22:00:00+00:00,1.23683,1.23713,1.2354,1.23594,16622.0
2025-02-11 02:00:00+00:00,1.23597,1.23632,1.23452,1.23617,19908.0
2025-02-11 06:00:00+00:00,1.23614,1.23782,1.23324,1.23656,31765.0
2025-02-11 10:00:00+00:00,1.23658,1.23992,1.2356,1.23982,35446.0
2025-02-11 14:00:00+00:00,1.23984,1.24263,1.23968,1.24236,39871.0
2025-02-11 18:00:00+00:00,1.24237,1.2455,1.2421,1.24468,26958.0
2025-02-11 22:00:00+00:00,1.24418,1.24539,1.24382,1.24503,16762.0
2025-02-12 02:00:00+00:00,1.24502,1.24589,1.2441,1.24454,21129.0
2025-02-12 06:00:00+00:00,1.24454,1.24657,1.24352,1.24464,33939.0
2025-02-12 10:00:00+00:00,1.24465,1.2462,1.23776,1.23892,52721.0
2025-02-12 14:00:00+00:00,1.23891,1.24838,1.2378,1.24778,84812.0
2025-02-12 18:00:00+00:00,1.24776,1.2483,1.24354,1.24434,31969.0
2025-02-12 22:00:00+00:00,1.24396,1.2458,1.24396,1.24568,19070.0
2025-02-13 02:00:00+00:00,1.24568,1.24965,1.24522,1.24912,29025.0
2025-02-13 06:00:00+00:00,1.24912,1.25176,1.2472,1.24912,47368.0
2025-02-13 10:00:00+00:00,1.24914,1.25056,1.24526,1.2471,52881.0
2025-02-13 14:00:00+00:00,1.24712,1.25432,1.24614,1.25221,66021.0
2025-02-13 18:00:00+00:00,1.25222,1.25686,1.2477,1.25661,58401.0
2025-02-13 22:00:00+00:00,1.25569,1.25723,1.25508,1.25638,18686.0
2025-02-14 02:00:00+00:00,1.25636,1.25658,1.25498,1.2554,17480.0
2025-02-14 06:00:00+00:00,1.25539,1.25962,1.2552,1.25878,41816.0
2025-02-14 10:00:00+00:00,1.25878,1.26095,1.2572,1.26033,44599.0
2025-02-14 14:00:00+00:00,1.26034,1.26306,1.26009,1.26093,47830.0
2025-02-14 18:00:00+00:00,1.26094,1.26106,1.25838,1.25864,19265.0
2025-02-16 22:00:00+00:00,1.25889,1.26009,1.25784,1.25997,19982.0
2025-02-17 02:00:00+00:00,1.25997,1.25998,1.25832,1.25884,31182.0
2025-02-17 06:00:00+00:00,1.25884,1.26047,1.25836,1.25916,35000.0
2025-02-17 10:00:00+00:00,1.25915,1.26082,1.2588,1.25932,27981.0
2025-02-17 14:00:00+00:00,1.25932,1.26266,1.25854,1.26228,21578.0
2025-02-17 18:00:00+00:00,1.26227,1.2635,1.26187,1.26258,8796.0
2025-02-17 22:00:00+00:00,1.26247,1.26264,1.26,1.26058,13608.0
2025-02-18 02:00:00+00:00,1.26059,1.26128,1.25932,1.25981,24104.0
2025-02-18 06:00:00+00:00,1.25982,1.26234,1.25929,1.26074,35932.0
2025-02-18 10:00:00+00:00,1.26073,1.261,1.25824,1.25924,33491.0
2025-02-18 14:00:00+00:00,1.25926,1.26212,1.2589,1.26006,38477.0
2025-02-18 18:00:00+00:00,1.26006,1.26148,1.25927,1.26138,19861.0
2025-02-18 22:00:00+00:00,1.26179,1.26404,1.26075,1.26136,19791.0
2025-02-19 02:00:00+00:00,1.26134,1.26248,1.26086,1.26244,24504.0
2025-02-19 06:00:00+00:00,1.26244,1.26377,1.26036,1.26048,30994.0
2025-02-19 10:00:00+00:00,1.26048,1.26058,1.25753,1.2591,33996.0
2025-02-19 14:00:00+00:00,1.25912,1.26068,1.25632,1.25728,45415.0
2025-02-19 18:00:00+00:00,1.25727,1.25908,1.25665,1.25856,27547.0
2025-02-19 22:00:00+00:00,1.25834,1.25944,1.25788,1.25834,16958.0
2025-02-20 02:00:00+00:00,1.25834,1.25996,1.25812,1.25941,28133.0
2025-02-20 06:00:00+00:00,1.25942,1.2616,1.25892,1.2614,33850.0
2025-02-20 10:00:00+00:00,1.2614,1.26232,1.25972,1.26131,36633.0
2025-02-20 14:00:00+00:00,1.2613,1.26606,1.26056,1.26524,51874.0
2025-02-20 18:00:00+00:00,1.26524,1.26716,1.2649,1.26696,22176.0
2025-02-20 22:00:00+00:00,1.26692,1.26744,1.26538,1.26562,18676.0
2025-02-21 02:00:00+00:00,1.2656,1.26744,1.26558,1.266,28012.0
2025-02-21 06:00:00+00:00,1.266,1.2679,1.26422,1.26502,39667.0
2025-02-21 10:00:00+00:00,1.26501,1.26566,1.26366,1.26458,27630.0
2025-02-21 14:00:00+00:00,1.26458,1.26686,1.26301,1.2645,50832.0
2025-02-21 18:00:00+00:00,1.26449,1.26454,1.26248,1.26356,32319.0
2025-02-23 22:00:00+00:00,1.26377,1.268,1.26354,1.26785,26135.0
2025-02-24 02:00:00+00:00,1.26784,1.26908,1.26709,1.26744,28666.0
2025-02-24 06:00:00+00:00,1.26744,1.26748,1.26256,1.26383,45200.0
2025-02-24 10:00:00+00:00,1.2638,1.26508,1.26266,1.26451,33344.0
2025-02-24 14:00:00+00:00,1.2645,1.26498,1.26121,1.26404,55171.0
2025-02-24 18:00:00+00:00,1.26401,1.2651,1.26182,1.26253,29897.0
2025-02-24 22:00:00+00:00,1.26295,1.26312,1.26159,1.26232,17003.0
2025-02-25 02:00:00+00:00,1.26233,1.26388,1.26212,1.2637,28427.0
2025-02-25 06:00:00+00:00,1.2637,1.2639,1.26058,1.2624,41924.0
2025-02-25 10:00:00+00:00,1.26242,1.26778,1.26154,1.26709,39592.0
2025-02-25 14:00:00+00:00,1.26707,1.26776,1.26405,1.26634,59804.0
2025-02-25 18:00:00+00:00,1.26633,1.26774,1.26598,1.26669,32694.0
2025-02-25 22:00:00+00:00,1.26636,1.26779,1.26618,1.26648,18271.0
2025-02-26 02:00:00+00:00,1.26648,1.26668,1.26354,1.26386,23309.0
2025-02-26 06:00:00+00:00,1.26386,1.26645,1.2636,1.26534,38758.0
2025-02-26 10:00:00+00:00,1.26536,1.26649,1.26401,1.26539,34858.0
2025-02-26 14:00:00+00:00,1.26538,1.27161,1.26517,1.26846,66655.0
2025-02-26 18:00:00+00:00,1.26846,1.26964,1.267,1.26768,39732.0
2025-02-26 22:00:00+00:00,1.26782,1.26842,1.26608,1.26646,17259.0
2025-02-27 02:00:00+00:00,1.26647,1.26668,1.26503,1.26548,30982.0
2025-02-27 06:00:00+00:00,1.26549,1.2679,1.2654,1.26788,38524.0
2025-02-27 10:00:00+00:00,1.26786,1.26892,1.26286,1.26326,49796.0
2025-02-27 14:00:00+00:00,1.26326,1.26452,1.26091,1.26128,63690.0
2025-02-27 18:00:00+00:00,1.26128,1.26298,1.25982,1.26014,33087.0
2025-02-27 22:00:00+00:00,1.26009,1.26106,1.25943,1.25946,19252.0
2025-02-28 02:00:00+00:00,1.25946,1.26009,1.25807,1.25859,26395.0
2025-02-28 06:00:00+00:00,1.25858,1.26073,1.2573,1.25952,38916.0
2025-02-28 10:00:00+00:00,1.2595,1.26106,1.25837,1.26025,35005.0
2025-02-28 14:00:00+00:00,1.26026,1.26221,1.25807,1.25899,59538.0
2025-02-28 18:00:00+00:00,1.259,1.2591,1.25594,1.25794,46285.0
2025-03-02 22:00:00+00:00,1.25864,1.2614,1.25822,1.26088,28052.0
2025-03-03 02:00:00+00:00,1.26086,1.26139,1.25967,1.26052,26011.0
2025-03-03 06:00:00+00:00,1.26052,1.26302,1.25824,1.26289,42519.0
2025-03-03 10:00:00+00:00,1.2629,1.26892,1.26288,1.26797,54901.0
2025-03-03 14:00:00+00:00,1.26797,1.2718,1.26726,1.27165,65906.0
2025-03-03 18:00:00+00:00,1.27165,1.27246,1.26799,1.27015,57285.0
2025-03-03 22:00:00+00:00,1.27008,1.27098,1.26878,1.26976,27144.0
2025-03-04 02:00:00+00:00,1.26976,1.26999,1.26788,1.26957,33626.0
2025-03-04 06:00:00+00:00,1.26956,1.27412,1.26886,1.27248,55216.0
2025-03-04 10:00:00+00:00,1.27248,1.2754,1.27045,1.27224,50872.0
2025-03-04 14:00:00+00:00,1.27226,1.2746,1.26997,1.27438,80402.0
2025-03-04 18:00:00+00:00,1.27438,1.27999,1.27414,1.27952,63641.0
2025-03-04 22:00:00+00:00,1.27925,1.2797,1.27764,1.27774,33498.0
2025-03-05 02:00:00+00:00,1.27776,1.27974,1.27678,1.27958,44550.0
2025-03-05 06:00:00+00:00,1.27954,1.28546,1.27874,1.28361,62724.0
2025-03-05 10:00:00+00:00,1.2836,1.28438,1.28038,1.28226,57640.0
2025-03-05 14:00:00+00:00,1.28222,1.28815,1.28198,1.28794,95554.0
2025-03-05 18:00:00+00:00,1.28796,1.29011,1.28648,1.28952,52132.0
2025-03-05 22:00:00+00:00,1.28941,1.29079,1.28871,1.2905,24530.0
2025-03-06 02:00:00+00:00,1.2905,1.29088,1.28834,1.29024,33887.0
2025-03-06 06:00:00+00:00,1.29025,1.2924,1.2869,1.28766,67606.0
2025-03-06 10:00:00+00:00,1.28766,1.28978,1.2866,1.28971,65079.0
2025-03-06 14:00:00+00:00,1.28972,1.29189,1.28803,1.28878,99624.0
2025-03-06 18:00:00+00:00,1.28876,1.29036,1.28708,1.28826,41417.0
2025-03-06 22:00:00+00:00,1.28784,1.28895,1.28762,1.28838,17845.0
2025-03-07 02:00:00+00:00,1.28838,1.2893,1.28773,1.2885,29544.0
2025-03-07 06:00:00+00:00,1.28848,1.29448,1.288,1.29385,47600.0
2025-03-07 10:00:00+00:00,1.29386,1.29425,1.29024,1.29028,60331.0
2025-03-07 14:00:00+00:00,1.29028,1.29372,1.28948,1.29074,91000.0
2025-03-07 18:00:00+00:00,1.29074,1.29298,1.28967,1.29217,38359.0
2025-03-09 21:00:00+00:00,1.29014,1.29438,1.29014,1.29382,22469.0
2025-03-10 01:00:00+00:00,1.2938,1.2946,1.29075,1.29077,29384.0
2025-03-10 05:00:00+00:00,1.29076,1.2923,1.28742,1.28779,45789.0
2025-03-10 09:00:00+00:00,1.28782,1.29458,1.28744,1.29337,64428.0
2025-03-10 13:00:00+00:00,1.29338,1.29468,1.28854,1.2895,66265.0
2025-03-10 17:00:00+00:00,1.28948,1.2895,1.28614,1.28784,39352.0
2025-03-10 21:00:00+00:00,1.28782,1.28889,1.28726,1.28858,17443.0
2025-03-11 01:00:00+00:00,1.28857,1.28982,1.28764,1.28948,41267.0
2025-03-11 05:00:00+00:00,1.28948,1.29374,1.28732,1.29299,55950.0
2025-03-11 09:00:00+00:00,1.29298,1.29521,1.29192,1.29447,49377.0
2025-03-11 13:00:00+00:00,1.29448,1.29567,1.29181,1.2937,79277.0
2025-03-11 17:00:00+00:00,1.29372,1.29661,1.29339,1.29505,45538.0
2025-03-11 21:00:00+00:00,1.29508,1.29556,1.29314,1.29359,12331.0
2025-03-12 01:00:00+00:00,1.2936,1.29436,1.29195,1.2924,32401.0
2025-03-12 05:00:00+00:00,1.2924,1.29424,1.29134,1.29423,46154.0
2025-03-12 09:00:00+00:00,1.29424,1.29917,1.29297,1.29431,59726.0
2025-03-12 13:00:00+00:00,1.29432,1.29828,1.29245,1.29729,65636.0
2025-03-12 17:00:00+00:00,1.2973,1.29806,1.29602,1.29634,30506.0
2025-03-12 21:00:00+00:00,1.29616,1.29684,1.29608,1.29674,7823.0
2025-03-13 01:00:00+00:00,1.29672,1.29736,1.29546,1.29624,27095.0
2025-03-13 05:00:00+00:00,1.29623,1.29662,1.29414,1.29481,42219.0
2025-03-13 09:00:00+00:00,1.29478,1.2968,1.29271,1.29328,54943.0
2025-03-13 13:00:00+00:00,1.29328,1.29602,1.29209,1.29468,62408.0
2025-03-13 17:00:00+00:00,1.29468,1.29564,1.29364,1.29515,30407.0
2025-03-13 21:00:00+00:00,1.29522,1.29592,1.2945,1.29452,11321.0
2025-03-14 01:00:00+00:00,1.2945,1.29492,1.29359,1.29414,34015.0
2025-03-14 05:00:00+00:00,1.29412,1.29498,1.29176,1.2933,40240.0
2025-03-14 09:00:00+00:00,1.2933,1.29542,1.29202,1.29422,56456.0
2025-03-14 13:00:00+00:00,1.29422,1.29458,1.29112,1.29251,56622.0
2025-03-14 17:00:00+00:00,1.29252,1.29392,1.29246,1.29366,22412.0
2025-03-16 21:00:00+00:00,1.29347,1.2936,1.29256,1.29296,13813.0
2025-03-17 01:00:00+00:00,1.29296,1.29452,1.29286,1.29352,23652.0
2025-03-17 05:00:00+00:00,1.29352,1.29464,1.29282,1.29422,30413.0
2025-03-17 09:00:00+00:00,1.29422,1.29776,1.29407,1.29718,36000.0
2025-03-17 13:00:00+00:00,1.2972,1.29954,1.29676,1.29909,37081.0
2025-03-17 17:00:00+00:00,1.2991,1.2999,1.29856,1.29918,20329.0
2025-03-17 21:00:00+00:00,1.29937,1.29938,1.29822,1.29836,8473.0
2025-03-18 01:00:00+00:00,1.29834,1.29872,1.29708,1.29774,22471.0
2025-03-18 05:00:00+00:00,1.29774,1.3005,1.29678,1.29968,25754.0
2025-03-18 09:00:00+00:00,1.2997,1.30038,1.29514,1.29697,33637.0
2025-03-18 13:00:00+00:00,1.29698,1.29992,1.29538,1.29991,50463.0
2025-03-18 17:00:00+00:00,1.2999,1.301,1.2997,1.30016,23719.0
2025-03-18 21:00:00+00:00,1.30014,1.3005,1.29942,1.29964,7550.0
2025-03-19 01:00:00+00:00,1.29963,1.3003,1.29861,1.29876,17063.0
2025-03-19 05:00:00+00:00,1.29877,1.2991,1.29576,1.29738,36902.0
2025-03-19 09:00:00+00:00,1.2974,1.29826,1.29572,1.29663,33010.0
2025-03-19 13:00:00+00:00,1.29666,1.29762,1.29551,1.29741,34388.0
2025-03-19 17:00:00+00:00,1.29742,1.30114,1.29558,1.30038,54626.0
2025-03-19 21:00:00+00:00,1.29982,1.30149,1.29969,1.30092,10689.0
2025-03-20 01:00:00+00:00,1.30094,1.30132,1.30004,1.3002,21349.0
2025-03-20 05:00:00+00:00,1.3002,1.30022,1.29626,1.2972,28893.0
2025-03-20 09:00:00+00:00,1.29716,1.29798,1.29362,1.29514,47273.0
2025-03-20 13:00:00+00:00,1.29514,1.2974,1.2936,1.29652,46410.0
2025-03-20 17:00:00+00:00,1.29652,1.29704,1.29564,1.2967,16017.0
2025-03-20 21:00:00+00:00,1.29662,1.29716,1.29606,1.29642,9530.0
2025-03-21 01:00:00+00:00,1.29642,1.29682,1.29378,1.294,17403.0
2025-03-21 05:00:00+00:00,1.294,1.29454,1.29224,1.29406,29344.0
2025-03-21 09:00:00+00:00,1.29407,1.29558,1.29326,1.29368,29124.0
2025-03-21 13:00:00+00:00,1.29366,1.29396,1.28879,1.29208,45275.0
2025-03-21 17:00:00+00:00,1.29208,1.29298,1.29092,1.29168,18278.0
2025-03-23 21:00:00+00:00,1.28984,1.29346,1.28978,1.29337,13393.0
2025-03-24 01:00:00+00:00,1.29338,1.29351,1.29113,1.29167,24939.0
2025-03-24 05:00:00+00:00,1.29168,1.29575,1.29127,1.29531,33395.0
2025-03-24 09:00:00+00:00,1.29534,1.29743,1.29398,1.29436,36713.0
2025-03-24 13:00:00+00:00,1.29436,1.29502,1.28956,1.29036,52728.0
2025-03-24 17:00:00+00:00,1.29035,1.29302,1.29006,1.29234,22086.0
2025-03-24 21:00:00+00:00,1.29235,1.29246,1.29162,1.29174,6341.0
2025-03-25 01:00:00+00:00,1.29174,1.29288,1.29118,1.29236,16613.0
2025-03-25 05:00:00+00:00,1.29237,1.29283,1.29021,1.29128,27906.0
2025-03-25 09:00:00+00:00,1.29126,1.2961,1.29112,1.29551,37129.0
2025-03-25 13:00:00+00:00,1.29552,1.29609,1.29332,1.29572,40265.0
2025-03-25 17:00:00+00:00,1.29572,1.2967,1.29396,1.2945,20221.0
2025-03-25 21:00:00+00:00,1.2942,1.29492,1.29334,1.29336,8890.0
2025-03-26 01:00:00+00:00,1.29334,1.29464,1.29271,1.2935,19385.0
2025-03-26 05:00:00+00:00,1.29348,1.29436,1.28864,1.29072,33553.0
2025-03-26 09:00:00+00:00,1.29072,1.29134,1.28828,1.28933,37225.0
2025-03-26 13:00:00+00:00,1.28934,1.29096,1.28744,1.28959,44099.0
2025-03-26 17:00:00+00:00,1.28958,1.28976,1.28792,1.28875,23643.0
2025-03-26 21:00:00+00:00,1.28885,1.2891,1.2871,1.28894,13795.0
2025-03-27 01:00:00+00:00,1.28895,1.29258,1.28893,1.29212,19222.0
2025-03-27 05:00:00+00:00,1.29213,1.29294,1.29016,1.29234,35843.0
2025-03-27 09:00:00+00:00,1.29235,1.29692,1.29113,1.29451,38435.0
2025-03-27 13:00:00+00:00,1.29452,1.29922,1.29227,1.29571,52296.0
2025-03-27 17:00:00+00:00,1.29571,1.2967,1.29458,1.29492,18821.0
2025-03-27 21:00:00+00:00,1.29468,1.29594,1.2941,1.29484,8341.0
2025-03-28 01:00:00+00:00,1.29484,1.29532,1.29409,1.29414,14955.0
2025-03-28 05:00:00+00:00,1.29416,1.29684,1.29376,1.29468,25931.0
2025-03-28 09:00:00+00:00,1.29469,1.2957,1.29224,1.2944,30646.0
2025-03-28 13:00:00+00:00,1.29438,1.29682,1.29341,1.29438,51137.0
2025-03-28 17:00:00+00:00,1.29438,1.2948,1.29294,1.29407,18455.0
2025-03-30 21:00:00+00:00,1.29366,1.29596,1.29222,1.29596,18750.0
2025-03-31 01:00:00+00:00,1.29596,1.29721,1.2955,1.29569,28444.0
2025-03-31 05:00:00+00:00,1.29568,1.29728,1.29354,1.29444,38850.0
2025-03-31 09:00:00+00:00,1.29445,1.29594,1.29182,1.29324,32438.0
2025-03-31 13:00:00+00:00,1.29324,1.29414,1.28863,1.29067,55868.0
2025-03-31 17:00:00+00:00,1.29066,1.29247,1.29048,1.29169,21771.0
2025-03-31 21:00:00+00:00,1.2918,1.29272,1.29156,1.29264,10715.0
2025-04-01 01:00:00+00:00,1.29264,1.29409,1.2918,1.29376,21593.0
2025-04-01 05:00:00+00:00,1.29379,1.2938,1.29026,1.2926,34136.0
2025-04-01 09:00:00+00:00,1.2926,1.29384,1.28852,1.289,41155.0
2025-04-01 13:00:00+00:00,1.28901,1.29298,1.28795,1.29267,52496.0
2025-04-01 17:00:00+00:00,1.29266,1.2933,1.29084,1.29228,19669.0
2025-04-01 21:00:00+00:00,1.29228,1.29332,1.29101,1.29108,11266.0
2025-04-02 01:00:00+00:00,1.29106,1.29306,1.29062,1.29187,15556.0
2025-04-02 05:00:00+00:00,1.29188,1.29248,1.29004,1.29206,24635.0
2025-04-02 09:00:00+00:00,1.29207,1.29504,1.29198,1.29432,29535.0
2025-04-02 13:00:00+00:00,1.29432,1.29792,1.2934,1.29708,45709.0
2025-04-02 17:00:00+00:00,1.29708,1.30253,1.29544,1.30064,62268.0
2025-04-02 21:00:00+00:00,1.29853,1.30577,1.29732,1.30404,56344.0
2025-04-03 01:00:00+00:00,1.30404,1.30773,1.30372,1.30588,45644.0
2025-04-03 05:00:00+00:00,1.3059,1.31688,1.3058,1.31625,72496.0
2025-04-03 09:00:00+00:00,1.31627,1.32077,1.3138,1.3158,93479.0
2025-04-03 13:00:00+00:00,1.31578,1.31965,1.31042,1.31047,90962.0
2025-04-03 17:00:00+00:00,1.31048,1.31088,1.308,1.31012,34575.0
2025-04-03 21:00:00+00:00,1.31013,1.31084,1.30834,1.31014,25089.0
2025-04-04 01:00:00+00:00,1.31016,1.31099,1.30806,1.30976,42693.0
2025-04-04 05:00:00+00:00,1.30976,1.31139,1.29753,1.29828,74355.0
2025-04-04 09:00:00+00:00,1.2983,1.30514,1.29625,1.30011,153004.0
2025-04-04 13:00:00+00:00,1.30014,1.30179,1.2888,1.28948,159345.0
2025-04-04 17:00:00+00:00,1.28948,1.29146,1.2853,1.28985,68716.0
2025-04-06 21:00:00+00:00,1.28454,1.29336,1.28286,1.29095,80360.0
2025-04-07 01:00:00+00:00,1.29094,1.29164,1.28498,1.29024,73916.0
2025-04-07 05:00:00+00:00,1.29024,1.2934,1.28654,1.28712,118914.0
2025-04-07 09:00:00+00:00,1.28714,1.28768,1.28034,1.28374,120265.0
2025-04-07 13:00:00+00:00,1.28373,1.28468,1.27104,1.27303,154317.0
2025-04-07 17:00:00+00:00,1.27304,1.27786,1.27081,1.27238,77639.0
2025-04-07 21:00:00+00:00,1.27214,1.2766,1.27212,1.27518,26753.0
2025-04-08 01:00:00+00:00,1.27519,1.27922,1.27514,1.2786,43700.0
2025-04-08 05:00:00+00:00,1.2786,1.2797,1.27458,1.27529,68257.0
2025-04-08 09:00:00+00:00,1.27528,1.27964,1.27245,1.27759,75530.0
2025-04-08 13:00:00+00:00,1.27759,1.27939,1.27439,1.27727,104112.0
2025-04-08 17:00:00+00:00,1.27728,1.28148,1.27552,1.27656,71317.0
2025-04-08 21:00:00+00:00,1.27652,1.28158,1.27622,1.28146,33958.0
2025-04-09 01:00:00+00:00,1.28151,1.2857,1.28134,1.28552,74991.0
2025-04-09 05:00:00+00:00,1.28552,1.28642,1.27866,1.28253,114711.0
2025-04-09 09:00:00+00:00,1.28252,1.28372,1.27705,1.28036,100727.0
2025-04-09 13:00:00+00:00,1.28038,1.28151,1.27516,1.27654,87578.0
2025-04-09 17:00:00+00:00,1.27654,1.28376,1.27432,1.28236,163497.0
2025-04-09 21:00:00+00:00,1.28232,1.2847,1.28104,1.28442,44733.0
2025-04-10 01:00:00+00:00,1.28444,1.28611,1.2822,1.28594,50237.0
2025-04-10 05:00:00+00:00,1.28596,1.28818,1.28451,1.28698,79969.0
2025-04-10 09:00:00+00:00,1.28698,1.29571,1.2861,1.2925,88045.0
2025-04-10 13:00:00+00:00,1.29252,1.2979,1.28924,1.29544,121784.0
2025-04-10 17:00:00+00:00,1.29544,1.2996,1.29312,1.29707,76522.0
2025-04-10 21:00:00+00:00,1.29723,1.30478,1.29674,1.3017,70839.0
2025-04-11 01:00:00+00:00,1.3017,1.30472,1.29944,1.30213,101868.0
2025-04-11 05:00:00+00:00,1.30216,1.31338,1.2985,1.31091,124125.0
2025-04-11 09:00:00+00:00,1.31089,1.31452,1.30564,1.3123,118161.0
2025-04-11 13:00:00+00:00,1.3123,1.31344,1.30304,1.30514,139264.0
2025-04-11 17:00:00+00:00,1.30516,1.31032,1.30442,1.30887,60629.0
2025-04-13 21:00:00+00:00,1.30932,1.31066,1.30636,1.30974,40692.0
2025-04-14 01:00:00+00:00,1.30976,1.31287,1.30955,1.31045,55349.0
2025-04-14 05:00:00+00:00,1.31044,1.31878,1.30964,1.31712,65476.0
2025-04-14 09:00:00+00:00,1.31713,1.32014,1.31413,1.31458,54406.0
2025-04-14 13:00:00+00:00,1.3146,1.31926,1.3123,1.31666,84075.0
2025-04-14 17:00:00+00:00,1.31665,1.32,1.31664,1.3189,36847.0
2025-04-14 21:00:00+00:00,1.3189,1.31976,1.31642,1.31736,17084.0
2025-04-15 01:00:00+00:00,1.31734,1.3218,1.31695,1.32118,24146.0
2025-04-15 05:00:00+00:00,1.32118,1.3239,1.31842,1.32302,54112.0
2025-04-15 09:00:00+00:00,1.323,1.32522,1.32188,1.32238,49836.0
2025-04-15 13:00:00+00:00,1.32238,1.32466,1.32053,1.32126,74979.0
2025-04-15 17:00:00+00:00,1.32126,1.32348,1.32064,1.32319,24015.0
2025-04-15 21:00:00+00:00,1.32276,1.32543,1.32216,1.32468,20371.0
2025-04-16 01:00:00+00:00,1.32469,1.32672,1.32431,1.32644,28278.0
2025-04-16 05:00:00+00:00,1.32646,1.32913,1.32572,1.32892,60956.0
2025-04-16 09:00:00+00:00,1.32892,1.32924,1.32506,1.326,59273.0
2025-04-16 13:00:00+00:00,1.32599,1.3272,1.32266,1.32339,56041.0
2025-04-16 17:00:00+00:00,1.32338,1.32498,1.32121,1.32408,47394.0
2025-04-16 21:00:00+00:00,1.32322,1.325,1.32113,1.32122,23951.0
2025-04-17 01:00:00+00:00,1.32124,1.323,1.32028,1.32098,26739.0
2025-04-17 05:00:00+00:00,1.32095,1.32479,1.32036,1.32396,45615.0
2025-04-17 09:00:00+00:00,1.32394,1.32508,1.32194,1.32496,51791.0
2025-04-17 13:00:00+00:00,1.32498,1.32734,1.32275,1.32584,69543.0
2025-04-17 17:00:00+00:00,1.32584,1.32728,1.3247,1.32671,22269.0
2025-04-17 21:00:00+00:00,1.3257,1.32854,1.32555,1.32814,54968.0
2025-04-18 01:00:00+00:00,1.32814,1.3284,1.32641,1.32692,368153.0
2025-04-18 05:00:00+00:00,1.3269,1.32807,1.32593,1.32729,300276.0
2025-04-18 09:00:00+00:00,1.32728,1.32818,1.32664,1.3277,268049.0
2025-04-18 13:00:00+00:00,1.32768,1.32864,1.3272,1.32845,233061.0
2025-04-18 17:00:00+00:00,1.32844,1.3299,1.32799,1.32958,126275.0
2025-04-20 21:00:00+00:00,1.32767,1.33562,1.32758,1.33466,26282.0
2025-04-21 01:00:00+00:00,1.33468,1.3387,1.33426,1.3383,33491.0
2025-04-21 05:00:00+00:00,1.3383,1.34166,1.33724,1.34148,42093.0
2025-04-21 09:00:00+00:00,1.34148,1.34222,1.33795,1.34044,38369.0
2025-04-21 13:00:00+00:00,1.34042,1.34092,1.33754,1.3379,45079.0
2025-04-21 17:00:00+00:00,1.3379,1.33848,1.33631,1.33801,21224.0
2025-04-21 21:00:00+00:00,1.33754,1.33887,1.3362,1.33707,17379.0
2025-04-22 01:00:00+00:00,1.33708,1.34104,1.33708,1.34028,26066.0
2025-04-22 05:00:00+00:00,1.3403,1.34242,1.33686,1.33874,56385.0
2025-04-22 09:00:00+00:00,1.33874,1.33907,1.33551,1.33722,48219.0
2025-04-22 13:00:00+00:00,1.33722,1.33905,1.3343,1.33462,59327.0
2025-04-22 17:00:00+00:00,1.33462,1.33547,1.3326,1.33319,29923.0
2025-04-22 21:00:00+00:00,1.33318,1.33365,1.3234,1.33058,45840.0
2025-04-23 01:00:00+00:00,1.33058,1.33178,1.32871,1.33053,32773.0
2025-04-23 05:00:00+00:00,1.33054,1.33286,1.32804,1.33198,59838.0
2025-04-23 09:00:00+00:00,1.33198,1.33396,1.32906,1.33044,53187.0
2025-04-23 13:00:00+00:00,1.33042,1.33198,1.32501,1.32608,100060.0
2025-04-23 17:00:00+00:00,1.32608,1.32775,1.32506,1.32538,29343.0
2025-04-23 21:00:00+00:00,1.32564,1.32795,1.32539,1.3277,16208.0
2025-04-24 01:00:00+00:00,1.3277,1.3287,1.32654,1.32701,22472.0
2025-04-24 05:00:00+00:00,1.327,1.331,1.32646,1.33016,42291.0
2025-04-24 09:00:00+00:00,1.33014,1.33212,1.32978,1.33014,37294.0
2025-04-24 13:00:00+00:00,1.33016,1.33328,1.32902,1.33288,48567.0
2025-04-24 17:00:00+00:00,1.33286,1.33489,1.33152,1.33372,19412.0
2025-04-24 21:00:00+00:00,1.3341,1.33423,1.33062,1.33072,13339.0
2025-04-25 01:00:00+00:00,1.33073,1.33181,1.32792,1.32872,27628.0
2025-04-25 05:00:00+00:00,1.3287,1.33145,1.3274,1.33024,39180.0
2025-04-25 09:00:00+00:00,1.33028,1.33263,1.32867,1.33231,26833.0
2025-04-25 13:00:00+00:00,1.33234,1.33325,1.3298,1.33195,37403.0
2025-04-25 17:00:00+00:00,1.33194,1.33325,1.33064,1.33112,17772.0
2025-04-27 21:00:00+00:00,1.33068,1.3312,1.32884,1.33004,14387.0
2025-04-28 01:00:00+00:00,1.33003,1.33158,1.32802,1.33158,18500.0
2025-04-28 05:00:00+00:00,1.33156,1.33339,1.32882,1.33292,35137.0
2025-04-28 09:00:00+00:00,1.33293,1.33548,1.33293,1.33427,33555.0
2025-04-28 13:00:00+00:00,1.33428,1.34206,1.3341,1.34132,51331.0
2025-04-28 17:00:00+00:00,1.34132,1.34442,1.34112,1.3443,20850.0
2025-04-28 21:00:00+00:00,1.34376,1.3444,1.34252,1.34262,12122.0
2025-04-29 01:00:00+00:00,1.34262,1.34426,1.3394,1.33963,22792.0
2025-04-29 05:00:00+00:00,1.33968,1.34262,1.33967,1.34111,34781.0
2025-04-29 09:00:00+00:00,1.34112,1.34144,1.33803,1.34094,30137.0
2025-04-29 13:00:00+00:00,1.34092,1.34213,1.33884,1.34074,45228.0
2025-04-29 17:00:00+00:00,1.34074,1.34111,1.33934,1.34076,17824.0
2025-04-29 21:00:00+00:00,1.34048,1.34148,1.33987,1.34026,11896.0
2025-04-30 01:00:00+00:00,1.34023,1.34118,1.33824,1.33909,19223.0
2025-04-30 05:00:00+00:00,1.3391,1.34066,1.3363,1.33674,30680.0
2025-04-30 09:00:00+00:00,1.33678,1.33744,1.3343,1.3352,42006.0
2025-04-30 13:00:00+00:00,1.33521,1.33592,1.3309,1.33467,64632.0
2025-04-30 17:00:00+00:00,1.33466,1.33582,1.3319,1.33319,24370.0
2025-04-30 21:00:00+00:00,1.33285,1.33326,1.33176,1.33192,11457.0
2025-05-01 01:00:00+00:00,1.33192,1.33194,1.32932,1.32938,17247.0
2025-05-01 05:00:00+00:00,1.32938,1.33333,1.32748,1.33248,31484.0
2025-05-01 09:00:00+00:00,1.33248,1.33457,1.3312,1.33159,36048.0
2025-05-01 13:00:00+00:00,1.33158,1.33274,1.3262,1.32808,54208.0
2025-05-01 17:00:00+00:00,1.32809,1.32868,1.32604,1.32786,19139.0
2025-05-01 21:00:00+00:00,1.32784,1.32903,1.3274,1.32791,12659.0
2025-05-02 01:00:00+00:00,1.32792,1.33138,1.32756,1.33082,25345.0
2025-05-02 05:00:00+00:00,1.33082,1.33221,1.32825,1.3292,35084.0
2025-05-02 09:00:00+00:00,1.3292,1.33159,1.32624,1.32908,50901.0
2025-05-02 13:00:00+00:00,1.32908,1.33309,1.32765,1.32836,70447.0
2025-05-02 17:00:00+00:00,1.32836,1.32942,1.32634,1.327,21250.0
2025-05-04 21:00:00+00:00,1.32638,1.32765,1.32601,1.32712,11530.0
2025-05-05 01:00:00+00:00,1.32714,1.33011,1.32714,1.32954,20676.0
2025-05-05 05:00:00+00:00,1.32956,1.33071,1.32755,1.32821,34113.0
2025-05-05 09:00:00+00:00,1.32823,1.33358,1.32822,1.3331,36272.0
2025-05-05 13:00:00+00:00,1.33312,1.33367,1.32704,1.32739,46844.0
2025-05-05 17:00:00+00:00,1.32738,1.32994,1.32721,1.32968,15902.0
2025-05-05 21:00:00+00:00,1.3292,1.32993,1.32676,1.32696,10134.0
2025-05-06 01:00:00+00:00,1.32692,1.33058,1.32605,1.33026,25153.0
2025-05-06 05:00:00+00:00,1.33026,1.33342,1.32856,1.33155,38129.0
2025-05-06 09:00:00+00:00,1.33153,1.34028,1.33079,1.33966,37666.0
2025-05-06 13:00:00+00:00,1.33962,1.33974,1.33519,1.33581,47071.0
2025-05-06 17:00:00+00:00,1.33582,1.3387,1.33566,1.33689,22989.0
2025-05-06 21:00:00+00:00,1.33718,1.33824,1.33334,1.33522,26701.0
2025-05-07 01:00:00+00:00,1.33521,1.33621,1.33358,1.33427,28932.0
2025-05-07 05:00:00+00:00,1.33426,1.33674,1.33356,1.33362,36312.0
2025-05-07 09:00:00+00:00,1.3336,1.33684,1.3323,1.3367,27070.0
2025-05-07 13:00:00+00:00,1.33669,1.33773,1.33326,1.33482,33767.0
2025-05-07 17:00:00+00:00,1.33482,1.33533,1.32802,1.32912,52346.0
2025-05-07 21:00:00+00:00,1.32933,1.33071,1.32862,1.3296,11964.0
2025-05-08 01:00:00+00:00,1.32958,1.33566,1.32938,1.33322,27601.0
2025-05-08 05:00:00+00:00,1.33322,1.33332,1.32612,1.32663,47221.0
2025-05-08 09:00:00+00:00,1.32664,1.33424,1.32416,1.33238,48273.0
2025-05-08 13:00:00+00:00,1.3324,1.33455,1.32616,1.32658,59391.0
2025-05-08 17:00:00+00:00,1.32658,1.32675,1.32366,1.32464,23443.0
2025-05-08 21:00:00+00:00,1.32468,1.3253,1.32196,1.324,11451.0
2025-05-09 01:00:00+00:00,1.32397,1.32426,1.32121,1.32365,27235.0
2025-05-09 05:00:00+00:00,1.32364,1.32714,1.32238,1.32702,31885.0
2025-05-09 09:00:00+00:00,1.32702,1.32871,1.32621,1.32854,30876.0
2025-05-09 13:00:00+00:00,1.32854,1.33228,1.32839,1.33072,37927.0
2025-05-09 17:00:00+00:00,1.3307,1.33192,1.3297,1.33034,14499.0
2025-05-11 21:00:00+00:00,1.32674,1.32954,1.32621,1.32892,21113.0
2025-05-12 01:00:00+00:00,1.32892,1.32942,1.3275,1.32862,29732.0
2025-05-12 05:00:00+00:00,1.32862,1.32996,1.31591,1.31944,75759.0
2025-05-12 09:00:00+00:00,1.31942,1.32044,1.314,1.31963,58378.0
2025-05-12 13:00:00+00:00,1.31962,1.32154,1.31768,1.31779,54615.0
2025-05-12 17:00:00+00:00,1.3178,1.3185,1.31622,1.3177,23648.0
2025-05-12 21:00:00+00:00,1.31748,1.31856,1.31692,1.31788,16452.0
2025-05-13 01:00:00+00:00,1.31786,1.32012,1.31752,1.32012,27221.0
2025-05-13 05:00:00+00:00,1.32012,1.32173,1.31895,1.32115,39418.0
2025-05-13 09:00:00+00:00,1.32116,1.32444,1.32024,1.32434,37063.0
2025-05-13 13:00:00+00:00,1.32434,1.32948,1.32213,1.32926,52681.0
2025-05-13 17:00:00+00:00,1.32926,1.33164,1.32875,1.33049,18621.0
2025-05-13 21:00:00+00:00,1.33083,1.33165,1.32996,1.33138,14079.0
2025-05-14 01:00:00+00:00,1.33138,1.33202,1.32984,1.33044,27136.0
2025-05-14 05:00:00+00:00,1.33042,1.3359,1.32909,1.33472,52275.0
2025-05-14 09:00:00+00:00,1.33473,1.33606,1.33163,1.33252,50986.0
2025-05-14 13:00:00+00:00,1.33253,1.33295,1.32707,1.32824,63037.0
2025-05-14 17:00:00+00:00,1.32824,1.32886,1.32534,1.32612,25088.0
2025-05-14 21:00:00+00:00,1.32633,1.32748,1.32584,1.32728,13753.0
2025-05-15 01:00:00+00:00,1.32726,1.3287,1.32725,1.32744,27080.0
2025-05-15 05:00:00+00:00,1.32746,1.33052,1.32625,1.32898,41133.0
2025-05-15 09:00:00+00:00,1.32898,1.33094,1.32673,1.33056,45139.0
2025-05-15 13:00:00+00:00,1.33054,1.332,1.32636,1.32889,58105.0
2025-05-15 17:00:00+00:00,1.32888,1.33088,1.32867,1.33058,19779.0
2025-05-15 21:00:00+00:00,1.33008,1.33181,1.32996,1.33144,15392.0
2025-05-16 01:00:00+00:00,1.33144,1.33197,1.33066,1.33184,24327.0
2025-05-16 05:00:00+00:00,1.33185,1.3333,1.33016,1.33048,33531.0
2025-05-16 09:00:00+00:00,1.33048,1.33091,1.32735,1.32836,35114.0
2025-05-16 13:00:00+00:00,1.32835,1.32994,1.32506,1.32687,53170.0
2025-05-16 17:00:00+00:00,1.3269,1.32878,1.3268,1.32816,21033.0
2025-05-18 21:00:00+00:00,1.32772,1.33138,1.32763,1.33128,20227.0
2025-05-19 01:00:00+00:00,1.33128,1.3314,1.32904,1.3299,28785.0
2025-05-19 05:00:00+00:00,1.3299,1.3373,1.32928,1.33676,48395.0
2025-05-19 09:00:00+00:00,1.33677,1.34041,1.3363,1.33716,46804.0
2025-05-19 13:00:00+00:00,1.33714,1.33762,1.33459,1.33548,49480.0
2025-05-19 17:00:00+00:00,1.33548,1.33646,1.3345,1.33614,20424.0
2025-05-19 21:00:00+00:00,1.33564,1.33644,1.3345,1.33564,13989.0
2025-05-20 01:00:00+00:00,1.33564,1.3374,1.33471,1.33637,29066.0
2025-05-20 05:00:00+00:00,1.33636,1.33949,1.33636,1.33738,43819.0
2025-05-20 09:00:00+00:00,1.33736,1.33843,1.33354,1.33401,33912.0
2025-05-20 13:00:00+00:00,1.334,1.33744,1.3335,1.33716,46673.0
2025-05-20 17:00:00+00:00,1.33715,1.3394,1.337,1.33934,21593.0
2025-05-20 21:00:00+00:00,1.33858,1.34121,1.33832,1.34089,11179.0
2025-05-21 01:00:00+00:00,1.3409,1.3436,1.33989,1.34304,28610.0
2025-05-21 05:00:00+00:00,1.34303,1.34692,1.33906,1.33991,52224.0
2025-05-21 09:00:00+00:00,1.33992,1.34383,1.33886,1.34228,47647.0
2025-05-21 13:00:00+00:00,1.34228,1.3452,1.34145,1.3447,52517.0
2025-05-21 17:00:00+00:00,1.34472,1.34529,1.34131,1.34198,36265.0
2025-05-21 21:00:00+00:00,1.34192,1.34317,1.34048,1.34249,19326.0
2025-05-22 01:00:00+00:00,1.3425,1.3441,1.34164,1.3429,29253.0
2025-05-22 05:00:00+00:00,1.34292,1.34406,1.34015,1.34026,45574.0
2025-05-22 09:00:00+00:00,1.34023,1.34266,1.3391,1.34134,42831.0
2025-05-22 13:00:00+00:00,1.34134,1.34368,1.34056,1.3418,51515.0
2025-05-22 17:00:00+00:00,1.3418,1.343,1.34036,1.34193,19315.0
2025-05-22 21:00:00+00:00,1.34158,1.3436,1.34145,1.34322,12560.0
2025-05-23 01:00:00+00:00,1.34322,1.34558,1.34299,1.34522,19189.0
2025-05-23 05:00:00+00:00,1.34523,1.34914,1.34438,1.34883,32348.0
2025-05-23 09:00:00+00:00,1.34881,1.35338,1.34738,1.3518,66701.0
2025-05-23 13:00:00+00:00,1.35181,1.35236,1.34807,1.3522,51568.0
2025-05-23 17:00:00+00:00,1.35221,1.35432,1.35214,1.35393,18749.0
2025-05-25 21:00:00+00:00,1.35262,1.35616,1.35234,1.35612,21555.0
2025-05-26 01:00:00+00:00,1.35611,1.35934,1.35535,1.35823,34268.0
2025-05-26 05:00:00+00:00,1.35822,1.3593,1.3558,1.35644,37758.0
2025-05-26 09:00:00+00:00,1.35645,1.35682,1.35512,1.35558,22794.0
2025-05-26 13:00:00+00:00,1.35558,1.35684,1.35523,1.35643,18548.0
2025-05-26 17:00:00+00:00,1.35642,1.35652,1.35578,1.35636,4896.0
2025-05-26 21:00:00+00:00,1.35646,1.35856,1.35568,1.35824,11621.0
2025-05-27 01:00:00+00:00,1.35828,1.35871,1.35538,1.35552,22766.0
2025-05-27 05:00:00+00:00,1.35554,1.35736,1.35219,1.35368,48258.0
2025-05-27 09:00:00+00:00,1.35366,1.35626,1.35336,1.3562,37864.0
2025-05-27 13:00:00+00:00,1.3562,1.35652,1.35003,1.35074,46341.0
2025-05-27 17:00:00+00:00,1.35075,1.35154,1.35022,1.35076,16718.0
2025-05-27 21:00:00+00:00,1.35085,1.35224,1.35076,1.35154,10321.0
2025-05-28 01:00:00+00:00,1.35154,1.35168,1.34708,1.34723,33167.0
2025-05-28 05:00:00+00:00,1.34722,1.35112,1.34613,1.35094,37355.0
2025-05-28 09:00:00+00:00,1.35094,1.35198,1.34657,1.34692,32492.0
2025-05-28 13:00:00+00:00,1.34692,1.34895,1.34494,1.3475,52446.0
2025-05-28 17:00:00+00:00,1.34749,1.34799,1.34621,1.34702,20321.0
2025-05-28 21:00:00+00:00,1.34706,1.34718,1.34156,1.34284,41705.0
2025-05-29 01:00:00+00:00,1.34284,1.3447,1.34187,1.344,32437.0
2025-05-29 05:00:00+00:00,1.34401,1.34752,1.34264,1.34606,43203.0
2025-05-29 09:00:00+00:00,1.34605,1.35056,1.34581,1.35016,45861.0
2025-05-29 13:00:00+00:00,1.35017,1.35075,1.34764,1.34932,54876.0
2025-05-29 17:00:00+00:00,1.3493,1.35048,1.34872,1.34922,21451.0
2025-05-29 21:00:00+00:00,1.34916,1.35101,1.34892,1.34968,17256.0
2025-05-30 01:00:00+00:00,1.34968,1.35112,1.34683,1.34716,29415.0
2025-05-30 05:00:00+00:00,1.34715,1.34855,1.34552,1.3466,38557.0
2025-05-30 09:00:00+00:00,1.3466,1.34996,1.34626,1.34926,43232.0
2025-05-30 13:00:00+00:00,1.34927,1.34946,1.3448,1.34608,61687.0
2025-05-30 17:00:00+00:00,1.3461,1.34768,1.34525,1.34532,22390.0
2025-06-01 21:00:00+00:00,1.34645,1.34924,1.34526,1.34886,16118.0
2025-06-02 01:00:00+00:00,1.34884,1.35058,1.34732,1.34886,29938.0
2025-06-02 05:00:00+00:00,1.34886,1.35575,1.34879,1.35432,43543.0
2025-06-02 09:00:00+00:00,1.35434,1.35555,1.3527,1.35426,41569.0
2025-06-02 13:00:00+00:00,1.35428,1.35598,1.35186,1.35224,53186.0
2025-06-02 17:00:00+00:00,1.35224,1.35499,1.35172,1.35446,18810.0
2025-06-02 21:00:00+00:00,1.35442,1.35596,1.35388,1.35476,14571.0
2025-06-03 01:00:00+00:00,1.35476,1.35479,1.35146,1.35242,30402.0
2025-06-03 05:00:00+00:00,1.35242,1.35378,1.35052,1.35156,37293.0
2025-06-03 09:00:00+00:00,1.35155,1.35264,1.34917,1.35038,35155.0
2025-06-03 13:00:00+00:00,1.3504,1.35335,1.34964,1.35184,51292.0
2025-06-03 17:00:00+00:00,1.35187,1.35292,1.35138,1.35174,17215.0
2025-06-03 21:00:00+00:00,1.35176,1.35338,1.35164,1.35269,13902.0
2025-06-04 01:00:00+00:00,1.35267,1.35448,1.35106,1.35123,29036.0
2025-06-04 05:00:00+00:00,1.35124,1.35458,1.3501,1.35401,38210.0
2025-06-04 09:00:00+00:00,1.35402,1.35442,1.35118,1.35434,38745.0
2025-06-04 13:00:00+00:00,1.35432,1.35804,1.35314,1.35714,52680.0
2025-06-04 17:00:00+00:00,1.35715,1.35741,1.35453,1.3553,18076.0
2025-06-04 21:00:00+00:00,1.3557,1.356,1.35467,1.35598,12896.0
2025-06-05 01:00:00+00:00,1.35598,1.35659,1.35406,1.35474,26719.0
2025-06-05 05:00:00+00:00,1.35476,1.35744,1.35427,1.35676,30385.0
2025-06-05 09:00:00+00:00,1.35673,1.35946,1.35606,1.3579,45590.0
2025-06-05 13:00:00+00:00,1.3579,1.36168,1.35712,1.35866,73850.0
2025-06-05 17:00:00+00:00,1.35865,1.35896,1.35667,1.35704,25648.0
2025-06-05 21:00:00+00:00,1.35718,1.35848,1.35698,1.35792,12550.0
2025-06-06 01:00:00+00:00,1.35792,1.3584,1.35654,1.3575,24002.0
2025-06-06 05:00:00+00:00,1.35749,1.35752,1.35346,1.35383,30747.0
2025-06-06 09:00:00+00:00,1.35382,1.35644,1.35193,1.35362,42706.0
2025-06-06 13:00:00+00:00,1.3536,1.35487,1.35074,1.35195,64516.0
2025-06-06 17:00:00+00:00,1.35194,1.35345,1.3516,1.35257,21654.0
2025-06-08 21:00:00+00:00,1.35278,1.35398,1.35262,1.35313,10311.0
2025-06-09 01:00:00+00:00,1.35315,1.35657,1.35315,1.35543,23887.0
2025-06-09 05:00:00+00:00,1.35542,1.35782,1.3549,1.35733,27385.0
2025-06-09 09:00:00+00:00,1.35734,1.35816,1.35338,1.35364,30443.0
2025-06-09 13:00:00+00:00,1.35362,1.35644,1.35246,1.35586,37302.0
2025-06-09 17:00:00+00:00,1.35588,1.3566,1.35488,1.35513,15632.0
2025-06-09 21:00:00+00:00,1.3551,1.35644,1.3547,1.35548,15150.0
2025-06-10 01:00:00+00:00,1.35548,1.35606,1.35195,1.35382,32462.0
2025-06-10 05:00:00+00:00,1.35384,1.35462,1.34564,1.34877,49232.0
2025-06-10 09:00:00+00:00,1.34876,1.35128,1.34798,1.35072,33984.0
2025-06-10 13:00:00+00:00,1.3507,1.3537,1.34978,1.34987,39911.0
2025-06-10 17:00:00+00:00,1.34988,1.35084,1.34902,1.34981,20725.0
2025-06-10 21:00:00+00:00,1.3502,1.35104,1.34912,1.34923,22641.0
2025-06-11 01:00:00+00:00,1.34923,1.34958,1.34746,1.34828,24716.0
2025-06-11 05:00:00+00:00,1.34828,1.34965,1.34644,1.34946,31879.0
2025-06-11 09:00:00+00:00,1.34945,1.35499,1.34848,1.3519,45512.0
2025-06-11 13:00:00+00:00,1.35191,1.35581,1.35018,1.35497,50086.0
2025-06-11 17:00:00+00:00,1.35499,1.35676,1.35361,1.35464,25607.0
2025-06-11 21:00:00+00:00,1.35462,1.35887,1.35458,1.35832,18324.0
2025-06-12 01:00:00+00:00,1.35832,1.35934,1.3567,1.35826,28622.0
2025-06-12 05:00:00+00:00,1.35823,1.35901,1.35229,1.35664,47794.0
2025-06-12 09:00:00+00:00,1.35662,1.36196,1.356,1.36106,58045.0
2025-06-12 13:00:00+00:00,1.36106,1.36237,1.35822,1.35918,54847.0
2025-06-12 17:00:00+00:00,1.35914,1.36159,1.3584,1.36128,18478.0
2025-06-12 21:00:00+00:00,1.36102,1.36326,1.3559,1.35702,38158.0
2025-06-13 01:00:00+00:00,1.35702,1.35718,1.35301,1.35344,47356.0
2025-06-13 05:00:00+00:00,1.35343,1.35706,1.35216,1.35593,53342.0
2025-06-13 09:00:00+00:00,1.35594,1.3563,1.35231,1.35343,50914.0
2025-06-13 13:00:00+00:00,1.35344,1.36032,1.35165,1.35946,47943.0
2025-06-13 17:00:00+00:00,1.35947,1.35947,1.35586,1.35748,28352.0
2025-06-15 21:00:00+00:00,1.35651,1.35672,1.35403,1.355,27448.0
2025-06-16 01:00:00+00:00,1.35498,1.35586,1.35348,1.35474,32540.0
2025-06-16 05:00:00+00:00,1.35474,1.35928,1.35474,1.35796,47019.0
2025-06-16 09:00:00+00:00,1.35796,1.35912,1.35741,1.35826,34096.0
2025-06-16 13:00:00+00:00,1.35826,1.36226,1.35825,1.36085,52531.0
2025-06-16 17:00:00+00:00,1.36086,1.36111,1.35728,1.35768,21296.0
2025-06-16 21:00:00+00:00,1.35749,1.35803,1.3558,1.3567,21961.0
2025-06-17 01:00:00+00:00,1.3567,1.35796,1.35589,1.35734,28851.0
2025-06-17 05:00:00+00:00,1.35733,1.35789,1.3548,1.35482,37346.0
2025-06-17 09:00:00+00:00,1.35483,1.35738,1.35416,1.35478,38975.0
2025-06-17 13:00:00+00:00,1.35479,1.3565,1.34664,1.34718,53606.0
2025-06-17 17:00:00+00:00,1.34719,1.34746,1.34154,1.3429,42239.0
2025-06-17 21:00:00+00:00,1.34278,1.34386,1.34214,1.34316,19829.0
2025-06-18 01:00:00+00:00,1.34316,1.34475,1.34269,1.3444,26537.0
2025-06-18 05:00:00+00:00,1.34441,1.34766,1.34382,1.3453,37857.0
2025-06-18 09:00:00+00:00,1.34531,1.34688,1.34382,1.34474,34786.0
2025-06-18 13:00:00+00:00,1.34472,1.34758,1.34353,1.3457,56769.0
2025-06-18 17:00:00+00:00,1.3457,1.34769,1.34003,1.3421,66045.0
2025-06-18 21:00:00+00:00,1.34236,1.34288,1.3408,1.34154,19168.0
2025-06-19 01:00:00+00:00,1.34154,1.34158,1.33872,1.3411,32085.0
2025-06-19 05:00:00+00:00,1.3411,1.34286,1.33828,1.34273,43389.0
2025-06-19 09:00:00+00:00,1.34274,1.34496,1.34042,1.34413,44320.0
2025-06-19 13:00:00+00:00,1.34412,1.34457,1.34172,1.34252,34441.0
2025-06-19 17:00:00+00:00,1.34251,1.34702,1.34246,1.34684,14952.0
2025-06-19 21:00:00+00:00,1.3458,1.34904,1.34532,1.34882,17701.0
2025-06-20 01:00:00+00:00,1.34882,1.35,1.3477,1.34956,29569.0
2025-06-20 05:00:00+00:00,1.34955,1.35012,1.34626,1.34912,37202.0
2025-06-20 09:00:00+00:00,1.34911,1.35114,1.34855,1.35018,36975.0
2025-06-20 13:00:00+00:00,1.35017,1.35062,1.34538,1.34708,53454.0
2025-06-20 17:00:00+00:00,1.34708,1.34767,1.34412,1.34494,22097.0
2025-06-22 21:00:00+00:00,1.34037,1.34419,1.33994,1.34219,29332.0
2025-06-23 01:00:00+00:00,1.34222,1.34382,1.34034,1.34094,35146.0
2025-06-23 05:00:00+00:00,1.34092,1.34493,1.34092,1.34147,55647.0
2025-06-23 09:00:00+00:00,1.34146,1.34174,1.33704,1.33921,55260.0
2025-06-23 13:00:00+00:00,1.33919,1.35062,1.33872,1.34926,76982.0
2025-06-23 17:00:00+00:00,1.34925,1.35314,1.349,1.35256,39300.0
2025-06-23 21:00:00+00:00,1.35198,1.3555,1.35151,1.35486,30395.0
2025-06-24 01:00:00+00:00,1.35486,1.35729,1.35355,1.35653,33146.0
2025-06-24 05:00:00+00:00,1.35652,1.36036,1.35596,1.36006,57815.0
2025-06-24 09:00:00+00:00,1.36006,1.36267,1.35949,1.36012,39769.0
2025-06-24 13:00:00+00:00,1.3601,1.36487,1.35907,1.36255,60752.0
2025-06-24 17:00:00+00:00,1.36254,1.36393,1.36129,1.3615,21589.0
2025-06-24 21:00:00+00:00,1.36214,1.36286,1.3611,1.36174,13022.0
2025-06-25 01:00:00+00:00,1.36174,1.36294,1.36114,1.36164,32261.0
2025-06-25 05:00:00+00:00,1.36166,1.36338,1.36063,1.36216,41630.0
2025-06-25 09:00:00+00:00,1.36216,1.36222,1.35907,1.35968,41513.0
2025-06-25 13:00:00+00:00,1.35968,1.36436,1.35941,1.36406,47727.0
2025-06-25 17:00:00+00:00,1.36406,1.36718,1.36366,1.36641,26795.0
2025-06-25 21:00:00+00:00,1.36602,1.36958,1.36584,1.36898,18510.0
2025-06-26 01:00:00+00:00,1.36898,1.37251,1.3677,1.37008,34653.0
2025-06-26 05:00:00+00:00,1.37008,1.3765,1.36968,1.37498,52436.0
2025-06-26 09:00:00+00:00,1.37497,1.3754,1.36996,1.37183,50518.0
2025-06-26 13:00:00+00:00,1.37184,1.3771,1.37072,1.3755,61816.0
2025-06-26 17:00:00+00:00,1.3755,1.37632,1.3723,1.3728,27064.0
2025-06-26 21:00:00+00:00,1.37307,1.3736,1.37168,1.37308,17328.0
2025-06-27 01:00:00+00:00,1.37308,1.375,1.37228,1.37231,29416.0
2025-06-27 05:00:00+00:00,1.37232,1.37504,1.37204,1.37434,37272.0
2025-06-27 09:00:00+00:00,1.37436,1.37528,1.37202,1.37406,42563.0
2025-06-27 13:00:00+00:00,1.37407,1.3747,1.37034,1.37076,52308.0
2025-06-27 17:00:00+00:00,1.37076,1.37224,1.36829,1.37206,39397.0
2025-06-29 21:00:00+00:00,1.37115,1.37287,1.37078,1.37142,17625.0
2025-06-30 01:00:00+00:00,1.37141,1.37308,1.37115,1.37294,26384.0
2025-06-30 05:00:00+00:00,1.37294,1.37408,1.36932,1.36997,40166.0
2025-06-30 09:00:00+00:00,1.36996,1.3712,1.36849,1.36934,30874.0
2025-06-30 13:00:00+00:00,1.36935,1.37231,1.36742,1.37143,55947.0
2025-06-30 17:00:00+00:00,1.37142,1.37364,1.37039,1.37346,26444.0
2025-06-30 21:00:00+00:00,1.3729,1.37414,1.37236,1.37408,15007.0
2025-07-01 01:00:00+00:00,1.37409,1.3749,1.37242,1.3741,26503.0
2025-07-01 05:00:00+00:00,1.37412,1.37837,1.37324,1.37742,40546.0
2025-07-01 09:00:00+00:00,1.37741,1.37888,1.37406,1.37415,44355.0
2025-07-01 13:00:00+00:00,1.37414,1.37437,1.37036,1.37247,61540.0
2025-07-01 17:00:00+00:00,1.37248,1.37505,1.37212,1.37464,25675.0
2025-07-01 21:00:00+00:00,1.37472,1.37498,1.37416,1.37484,11887.0
2025-07-02 01:00:00+00:00,1.37484,1.37528,1.37324,1.3744,21381.0
2025-07-02 05:00:00+00:00,1.37439,1.37458,1.36942,1.3698,34146.0
2025-07-02 09:00:00+00:00,1.36978,1.3713,1.35886,1.3608,63062.0
2025-07-02 13:00:00+00:00,1.36078,1.36324,1.3563,1.36308,59994.0
2025-07-02 17:00:00+00:00,1.36308,1.36448,1.3627,1.36348,24099.0
2025-07-02 21:00:00+00:00,1.36364,1.36674,1.36338,1.36474,12217.0
2025-07-03 01:00:00+00:00,1.36475,1.36539,1.36238,1.36292,20564.0
2025-07-03 05:00:00+00:00,1.36293,1.3676,1.3625,1.36644,34307.0
2025-07-03 09:00:00+00:00,1.36642,1.36682,1.35858,1.36152,53407.0
2025-07-03 13:00:00+00:00,1.36149,1.36742,1.36115,1.36504,64515.0
2025-07-03 17:00:00+00:00,1.36504,1.36545,1.36392,1.36545,11735.0
2025-07-03 21:00:00+00:00,1.3657,1.36688,1.36477,1.36634,11038.0
2025-07-04 01:00:00+00:00,1.36634,1.36746,1.36454,1.36738,24694.0
2025-07-04 05:00:00+00:00,1.3674,1.36816,1.36569,1.36642,35339.0
2025-07-04 09:00:00+00:00,1.3664,1.3665,1.36346,1.36352,31758.0
2025-07-04 13:00:00+00:00,1.36352,1.36536,1.3635,1.3647,29055.0
2025-07-04 17:00:00+00:00,1.36472,1.36588,1.36418,1.36475,87010.0
2025-07-06 21:00:00+00:00,1.36435,1.36616,1.36435,1.36474,14402.0
2025-07-07 01:00:00+00:00,1.36474,1.36474,1.3616,1.36172,27663.0
2025-07-07 05:00:00+00:00,1.36174,1.36264,1.35794,1.35806,39567.0
2025-07-07 09:00:00+00:00,1.35804,1.36218,1.35754,1.36175,32746.0
2025-07-07 13:00:00+00:00,1.36176,1.36479,1.35941,1.35952,47340.0
2025-07-07 17:00:00+00:00,1.35954,1.36169,1.35892,1.3601,36508.0
2025-07-07 21:00:00+00:00,1.36061,1.3637,1.36008,1.36286,14139.0
2025-07-08 01:00:00+00:00,1.36286,1.36428,1.36179,1.36316,27664.0
2025-07-08 05:00:00+00:00,1.36316,1.36466,1.36097,1.36123,37836.0
2025-07-08 09:00:00+00:00,1.36123,1.36148,1.35634,1.35781,33436.0
2025-07-08 13:00:00+00:00,1.35782,1.35824,1.35254,1.35788,57753.0
2025-07-08 17:00:00+00:00,1.35788,1.35976,1.35773,1.35928,32679.0
2025-07-08 21:00:00+00:00,1.35908,1.3595,1.35762,1.35862,12109.0
2025-07-09 01:00:00+00:00,1.35864,1.35932,1.35645,1.35858,29270.0
2025-07-09 05:00:00+00:00,1.35858,1.36066,1.35794,1.36014,36739.0
2025-07-09 09:00:00+00:00,1.36012,1.36132,1.3574,1.36084,33500.0
2025-07-09 13:00:00+00:00,1.36083,1.362,1.35792,1.35842,38409.0
2025-07-09 17:00:00+00:00,1.35841,1.3601,1.35808,1.3586,23320.0
2025-07-09 21:00:00+00:00,1.35864,1.36136,1.3586,1.36097,14461.0
2025-07-10 01:00:00+00:00,1.36096,1.36126,1.36,1.36053,22266.0
2025-07-10 05:00:00+00:00,1.36052,1.36196,1.36023,1.3606,27291.0
2025-07-10 09:00:00+00:00,1.36059,1.36166,1.35572,1.35604,28524.0
2025-07-10 13:00:00+00:00,1.35604,1.3573,1.3533,1.35639,48398.0
2025-07-10 17:00:00+00:00,1.35637,1.3584,1.35611,1.35798,22357.0
2025-07-10 21:00:00+00:00,1.35772,1.35856,1.3545,1.3555,19140.0
2025-07-11 01:00:00+00:00,1.3555,1.35698,1.3549,1.35563,31548.0
2025-07-11 05:00:00+00:00,1.35562,1.35644,1.35286,1.35358,33918.0
2025-07-11 09:00:00+00:00,1.35357,1.3553,1.34964,1.35044,37540.0
2025-07-11 13:00:00+00:00,1.35044,1.35202,1.34811,1.35066,49765.0
2025-07-11 17:00:00+00:00,1.35067,1.35176,1.34844,1.34905,24812.0
2025-07-13 21:00:00+00:00,1.34914,1.35044,1.34821,1.3499,14704.0
2025-07-14 01:00:00+00:00,1.3499,1.35024,1.34721,1.34762,25205.0
2025-07-14 05:00:00+00:00,1.34762,1.34894,1.34516,1.34758,28949.0
2025-07-14 09:00:00+00:00,1.34756,1.34937,1.34706,1.34778,26640.0
2025-07-14 13:00:00+00:00,1.3478,1.34848,1.34272,1.34356,41928.0
2025-07-14 17:00:00+00:00,1.34356,1.34411,1.34244,1.34268,18453.0
2025-07-14 21:00:00+00:00,1.34333,1.34408,1.34216,1.34356,15172.0
2025-07-15 01:00:00+00:00,1.34358,1.34396,1.3427,1.34316,21229.0
2025-07-15 05:00:00+00:00,1.34317,1.34536,1.34278,1.34468,26119.0
2025-07-15 09:00:00+00:00,1.34465,1.34676,1.34318,1.34484,33894.0
2025-07-15 13:00:00+00:00,1.34483,1.34508,1.33802,1.3387,59880.0
2025-07-15 17:00:00+00:00,1.33872,1.33934,1.33788,1.33846,19944.0
2025-07-15 21:00:00+00:00,1.33852,1.33992,1.3382,1.33936,11513.0
2025-07-16 01:00:00+00:00,1.33934,1.34006,1.33827,1.33966,22634.0
2025-07-16 05:00:00+00:00,1.33966,1.34168,1.33891,1.33914,31071.0
2025-07-16 09:00:00+00:00,1.33915,1.34126,1.33833,1.33927,35250.0
2025-07-16 13:00:00+00:00,1.33926,1.34862,1.3365,1.34218,116552.0
2025-07-16 17:00:00+00:00,1.34216,1.34409,1.34049,1.342,31626.0
2025-07-16 21:00:00+00:00,1.34206,1.34281,1.33958,1.33998,13324.0
2025-07-17 01:00:00+00:00,1.33998,1.34054,1.33842,1.33954,22434.0
2025-07-17 05:00:00+00:00,1.33956,1.34109,1.33742,1.34108,40026.0
2025-07-17 09:00:00+00:00,1.34109,1.3414,1.33803,1.3401,31864.0
2025-07-17 13:00:00+00:00,1.34009,1.3421,1.3393,1.34006,39985.0
2025-07-17 17:00:00+00:00,1.34006,1.34205,1.33994,1.34184,20336.0
2025-07-17 21:00:00+00:00,1.34164,1.34382,1.34148,1.34318,9561.0
2025-07-18 01:00:00+00:00,1.3432,1.3441,1.3424,1.3424,16297.0
2025-07-18 05:00:00+00:00,1.34239,1.34429,1.34105,1.3437,23565.0
2025-07-18 09:00:00+00:00,1.3437,1.34726,1.34352,1.3458,22543.0
2025-07-18 13:00:00+00:00,1.34582,1.34755,1.34172,1.34191,41440.0
2025-07-18 17:00:00+00:00,1.3419,1.34216,1.34062,1.34085,17983.0
2025-07-20 21:00:00+00:00,1.34179,1.34319,1.3403,1.3404,12215.0
2025-07-21 01:00:00+00:00,1.3404,1.34194,1.34023,1.34188,18252.0
2025-07-21 05:00:00+00:00,1.3419,1.34664,1.3417,1.34522,27019.0
2025-07-21 09:00:00+00:00,1.34522,1.34839,1.34452,1.34802,27351.0
2025-07-21 13:00:00+00:00,1.348,1.35108,1.3467,1.34946,39978.0
2025-07-21 17:00:00+00:00,1.34946,1.3496,1.34832,1.34918,18232.0
2025-07-21 21:00:00+00:00,1.34884,1.34937,1.34792,1.34834,9476.0
2025-07-22 01:00:00+00:00,1.34834,1.34877,1.3474,1.34769,17184.0
2025-07-22 05:00:00+00:00,1.34768,1.34926,1.34621,1.349,25446.0
2025-07-22 09:00:00+00:00,1.349,1.34998,1.34751,1.34814,25925.0
2025-07-22 13:00:00+00:00,1.34813,1.35329,1.34714,1.35298,50183.0
2025-07-22 17:00:00+00:00,1.35299,1.35342,1.35192,1.35338,21728.0
2025-07-22 21:00:00+00:00,1.35308,1.3535,1.35174,1.3527,16709.0
2025-07-23 01:00:00+00:00,1.3527,1.35352,1.35164,1.35277,31567.0
2025-07-23 05:00:00+00:00,1.35276,1.3549,1.35153,1.3542,32572.0
2025-07-23 09:00:00+00:00,1.35418,1.3549,1.353,1.35454,29767.0
2025-07-23 13:00:00+00:00,1.35454,1.35768,1.35236,1.35616,51874.0
2025-07-23 17:00:00+00:00,1.35616,1.35844,1.35574,1.35806,27881.0
2025-07-23 21:00:00+00:00,1.35794,1.35874,1.35712,1.3574,13508.0
2025-07-24 01:00:00+00:00,1.3574,1.35887,1.35736,1.35796,29220.0
2025-07-24 05:00:00+00:00,1.35798,1.3582,1.35428,1.35441,35086.0
2025-07-24 09:00:00+00:00,1.3544,1.35543,1.35316,1.35356,32279.0
2025-07-24 13:00:00+00:00,1.35355,1.3563,1.35046,1.35113,62275.0
2025-07-24 17:00:00+00:00,1.35114,1.35281,1.3503,1.3508,27771.0
2025-07-24 21:00:00+00:00,1.35114,1.35153,1.35029,1.35074,14729.0
2025-07-25 01:00:00+00:00,1.35075,1.35125,1.34863,1.34916,28921.0
2025-07-25 05:00:00+00:00,1.34915,1.35048,1.34596,1.34632,40694.0
2025-07-25 09:00:00+00:00,1.34631,1.34646,1.34234,1.34336,31821.0
2025-07-25 13:00:00+00:00,1.34336,1.34438,1.34162,1.3421,58174.0
2025-07-25 17:00:00+00:00,1.3421,1.34416,1.34196,1.34363,23447.0
2025-07-27 21:00:00+00:00,1.34312,1.34492,1.34298,1.34432,17040.0
2025-07-28 01:00:00+00:00,1.34433,1.3453,1.343,1.34364,26302.0
2025-07-28 05:00:00+00:00,1.34362,1.34368,1.34061,1.34212,41229.0
2025-07-28 09:00:00+00:00,1.34211,1.34386,1.34026,1.34381,44131.0
2025-07-28 13:00:00+00:00,1.3438,1.34402,1.33762,1.33788,44396.0
2025-07-28 17:00:00+00:00,1.33788,1.33805,1.33512,1.33548,17412.0
2025-07-28 21:00:00+00:00,1.33562,1.33616,1.3345,1.33456,13245.0
2025-07-29 01:00:00+00:00,1.33454,1.33585,1.33368,1.33498,27911.0
2025-07-29 05:00:00+00:00,1.33498,1.33538,1.33155,1.33417,45402.0
2025-07-29 09:00:00+00:00,1.33418,1.33618,1.33154,1.33154,37619.0
2025-07-29 13:00:00+00:00,1.33154,1.33476,1.33078,1.33388,57607.0
2025-07-29 17:00:00+00:00,1.33388,1.33642,1.33358,1.33504,27018.0
2025-07-29 21:00:00+00:00,1.33497,1.33668,1.33468,1.33658,12207.0
2025-07-30 01:00:00+00:00,1.3366,1.33695,1.33497,1.3351,31265.0
2025-07-30 05:00:00+00:00,1.33509,1.3369,1.33418,1.33676,34996.0
2025-07-30 09:00:00+00:00,1.33676,1.33859,1.33074,1.33092,46549.0
2025-07-30 13:00:00+00:00,1.33092,1.3314,1.32698,1.32818,54070.0
2025-07-30 17:00:00+00:00,1.32818,1.33132,1.32281,1.32392,68403.0
2025-07-30 21:00:00+00:00,1.32422,1.32592,1.3233,1.32515,15398.0
2025-07-31 01:00:00+00:00,1.32516,1.32702,1.3242,1.32693,31609.0
2025-07-31 05:00:00+00:00,1.32692,1.32823,1.32394,1.32498,35870.0
2025-07-31 09:00:00+00:00,1.32498,1.32502,1.32087,1.32166,39802.0
2025-07-31 13:00:00+00:00,1.32166,1.32394,1.31857,1.32229,57310.0
2025-07-31 17:00:00+00:00,1.32228,1.32272,1.31992,1.32046,28637.0
2025-07-31 21:00:00+00:00,1.32045,1.32135,1.31998,1.32102,17208.0
2025-08-01 01:00:00+00:00,1.32104,1.32132,1.31901,1.3199,29806.0
2025-08-01 05:00:00+00:00,1.31988,1.32134,1.316,1.31608,29519.0
2025-08-01 09:00:00+00:00,1.31608,1.33033,1.31415,1.32846,57359.0
2025-08-01 13:00:00+00:00,1.32846,1.33106,1.32424,1.32454,102478.0
2025-08-01 17:00:00+00:00,1.32452,1.32922,1.32159,1.32788,36668.0
2025-08-03 21:00:00+00:00,1.3279,1.32934,1.32585,1.32616,18701.0
2025-08-04 01:00:00+00:00,1.32616,1.329,1.32539,1.32781,30683.0
2025-08-04 05:00:00+00:00,1.3278,1.32914,1.32648,1.3278,38923.0
2025-08-04 09:00:00+00:00,1.3278,1.33142,1.32708,1.3298,41153.0
2025-08-04 13:00:00+00:00,1.32978,1.33311,1.32777,1.32854,54105.0
2025-08-04 17:00:00+00:00,1.32855,1.32886,1.32724,1.32856,26480.0
2025-08-04 21:00:00+00:00,1.32882,1.33031,1.3281,1.32991,12492.0
2025-08-05 01:00:00+00:00,1.3299,1.32998,1.32758,1.3286,27884.0
2025-08-05 05:00:00+00:00,1.32857,1.32955,1.32596,1.328,33826.0
2025-08-05 09:00:00+00:00,1.32801,1.32952,1.32664,1.3282,38847.0
2025-08-05 13:00:00+00:00,1.3282,1.33163,1.32684,1.33096,58869.0
2025-08-05 17:00:00+00:00,1.33098,1.33157,1.3289,1.32999,23523.0
2025-08-05 21:00:00+00:00,1.32968,1.33062,1.3292,1.3301,10892.0
2025-08-06 01:00:00+00:00,1.3301,1.33142,1.32948,1.33118,19295.0
2025-08-06 05:00:00+00:00,1.33116,1.33122,1.32814,1.3284,27499.0
2025-08-06 09:00:00+00:00,1.3284,1.33302,1.32837,1.33172,32629.0
2025-08-06 13:00:00+00:00,1.33172,1.33624,1.3313,1.33472,52748.0
2025-08-06 17:00:00+00:00,1.33471,1.33684,1.33453,1.33578,23275.0
2025-08-06 21:00:00+00:00,1.33507,1.33611,1.33464,1.33481,13316.0
2025-08-07 01:00:00+00:00,1.33481,1.3369,1.33458,1.33685,19652.0
2025-08-07 05:00:00+00:00,1.33686,1.33802,1.33633,1.33692,29553.0
2025-08-07 09:00:00+00:00,1.33694,1.34368,1.33648,1.3421,46004.0
2025-08-07 13:00:00+00:00,1.3421,1.34345,1.33906,1.34299,54012.0
2025-08-07 17:00:00+00:00,1.34301,1.34483,1.34036,1.34435,30886.0
2025-08-07 21:00:00+00:00,1.34422,1.34535,1.3438,1.3448,14367.0
2025-08-08 01:00:00+00:00,1.34482,1.34508,1.34344,1.34354,16600.0
2025-08-08 05:00:00+00:00,1.34354,1.34511,1.34244,1.34346,25731.0
2025-08-08 09:00:00+00:00,1.34346,1.34534,1.3418,1.34231,32347.0
2025-08-08 13:00:00+00:00,1.34233,1.34544,1.34232,1.34476,38447.0
2025-08-08 17:00:00+00:00,1.34474,1.34592,1.3443,1.34512,20999.0
2025-08-10 21:00:00+00:00,1.34503,1.34532,1.34368,1.34429,7885.0
2025-08-11 01:00:00+00:00,1.3443,1.34684,1.34409,1.34666,16586.0
2025-08-11 05:00:00+00:00,1.34666,1.3477,1.34482,1.34644,23750.0
2025-08-11 09:00:00+00:00,1.34644,1.34694,1.34124,1.34232,29035.0
2025-08-11 13:00:00+00:00,1.34232,1.34268,1.33992,1.34246,34064.0
2025-08-11 17:00:00+00:00,1.34248,1.34374,1.34176,1.34318,19487.0
2025-08-11 21:00:00+00:00,1.34339,1.34376,1.3427,1.34304,10134.0
2025-08-12 01:00:00+00:00,1.34304,1.34399,1.34244,1.34383,19859.0
2025-08-12 05:00:00+00:00,1.34384,1.34714,1.34206,1.34691,35715.0
2025-08-12 09:00:00+00:00,1.3469,1.35098,1.34465,1.34856,47657.0
2025-08-12 13:00:00+00:00,1.34858,1.35238,1.34632,1.35156,73051.0
2025-08-12 17:00:00+00:00,1.35158,1.3516,1.34882,1.35006,23321.0
2025-08-12 21:00:00+00:00,1.35046,1.35064,1.34973,1.35026,11054.0
2025-08-13 01:00:00+00:00,1.35026,1.3508,1.34929,1.35048,16792.0
2025-08-13 05:00:00+00:00,1.35049,1.35632,1.34997,1.35573,27623.0
2025-08-13 09:00:00+00:00,1.35575,1.35796,1.35564,1.35606,30302.0
2025-08-13 13:00:00+00:00,1.35604,1.35852,1.35538,1.35734,37986.0
2025-08-13 17:00:00+00:00,1.35734,1.3581,1.35637,1.35777,16521.0
2025-08-13 21:00:00+00:00,1.35701,1.35876,1.35701,1.3586,10491.0
2025-08-14 01:00:00+00:00,1.3586,1.35921,1.3571,1.35758,23419.0
2025-08-14 05:00:00+00:00,1.35758,1.35916,1.35632,1.35722,34914.0
2025-08-14 09:00:00+00:00,1.35722,1.3595,1.35464,1.3553,40453.0
2025-08-14 13:00:00+00:00,1.35529,1.35572,1.3521,1.35233,46500.0
2025-08-14 17:00:00+00:00,1.35234,1.35394,1.35232,1.353,18273.0
2025-08-14 21:00:00+00:00,1.35334,1.35358,1.35262,1.35347,10597.0
2025-08-15 01:00:00+00:00,1.35348,1.35512,1.35312,1.35477,21361.0
2025-08-15 05:00:00+00:00,1.35478,1.35604,1.35426,1.35466,22088.0
2025-08-15 09:00:00+00:00,1.35463,1.35697,1.35458,1.35611,28933.0
2025-08-15 13:00:00+00:00,1.35612,1.35753,1.35541,1.35576,40823.0
2025-08-15 17:00:00+00:00,1.35576,1.35592,1.35484,1.35524,17614.0
2025-08-17 21:00:00+00:00,1.35552,1.35673,1.35522,1.35532,7858.0
2025-08-18 01:00:00+00:00,1.3553,1.35652,1.35492,1.35632,15334.0
2025-08-18 05:00:00+00:00,1.35632,1.35643,1.3531,1.35464,25775.0
2025-08-18 09:00:00+00:00,1.35464,1.35506,1.35354,1.3544,23931.0
2025-08-18 13:00:00+00:00,1.3544,1.35466,1.35072,1.35091,33279.0
2025-08-18 17:00:00+00:00,1.35092,1.35158,1.35016,1.35033,15327.0
2025-08-18 21:00:00+00:00,1.35111,1.35158,1.3501,1.35026,15247.0
2025-08-19 01:00:00+00:00,1.35026,1.35066,1.3487,1.35053,22754.0
2025-08-19 05:00:00+00:00,1.35052,1.35229,1.34965,1.35199,27576.0
2025-08-19 09:00:00+00:00,1.352,1.35314,1.35035,1.35096,25538.0
2025-08-19 13:00:00+00:00,1.35092,1.3516,1.34855,1.34894,33683.0
2025-08-19 17:00:00+00:00,1.34895,1.34958,1.34779,1.34927,16045.0
2025-08-19 21:00:00+00:00,1.34915,1.3493,1.3475,1.34803,15796.0
2025-08-20 01:00:00+00:00,1.34804,1.34836,1.3462,1.34746,23976.0
2025-08-20 05:00:00+00:00,1.34746,1.35094,1.3472,1.3501,31470.0
2025-08-20 09:00:00+00:00,1.35008,1.35054,1.3472,1.34891,25160.0
2025-08-20 13:00:00+00:00,1.3489,1.34918,1.34473,1.34607,36386.0
2025-08-20 17:00:00+00:00,1.34608,1.34707,1.34484,1.34552,19036.0
2025-08-20 21:00:00+00:00,1.34614,1.34669,1.34508,1.34569,14170.0
2025-08-21 01:00:00+00:00,1.34568,1.34649,1.3448,1.34524,16555.0
2025-08-21 05:00:00+00:00,1.34523,1.34732,1.34354,1.34662,27180.0
2025-08-21 09:00:00+00:00,1.34661,1.34829,1.3442,1.34463,29831.0
2025-08-21 13:00:00+00:00,1.34462,1.34596,1.34056,1.34192,51205.0
2025-08-21 17:00:00+00:00,1.34195,1.3427,1.34116,1.34134,16944.0
2025-08-21 21:00:00+00:00,1.34104,1.34204,1.34102,1.34202,8675.0
2025-08-22 01:00:00+00:00,1.34202,1.34236,1.33933,1.33941,23058.0
2025-08-22 05:00:00+00:00,1.3394,1.34148,1.33906,1.34136,27039.0
2025-08-22 09:00:00+00:00,1.34136,1.34207,1.34074,1.34133,25991.0
2025-08-22 13:00:00+00:00,1.34134,1.35444,1.34124,1.35256,80703.0
2025-08-22 17:00:00+00:00,1.35256,1.35444,1.35174,1.35275,26966.0
2025-08-24 21:00:00+00:00,1.35193,1.3529,1.3495,1.34976,12408.0
2025-08-25 01:00:00+00:00,1.34976,1.35152,1.34899,1.35118,15568.0
2025-08-25 05:00:00+00:00,1.35116,1.35275,1.35024,1.35034,21657.0
2025-08-25 09:00:00+00:00,1.35032,1.35208,1.34841,1.35048,20457.0
2025-08-25 13:00:00+00:00,1.35048,1.35132,1.34847,1.34882,40070.0
2025-08-25 17:00:00+00:00,1.3488,1.349,1.34462,1.34542,26528.0
2025-08-25 21:00:00+00:00,1.34588,1.34906,1.34482,1.34811,25877.0
2025-08-26 01:00:00+00:00,1.34808,1.3483,1.34504,1.34571,29103.0
2025-08-26 05:00:00+00:00,1.3457,1.34698,1.34346,1.34637,43080.0
2025-08-26 09:00:00+00:00,1.34634,1.34934,1.34614,1.34788,33657.0
2025-08-26 13:00:00+00:00,1.34791,1.3493,1.34704,1.34776,45201.0
2025-08-26 17:00:00+00:00,1.34778,1.34858,1.34684,1.34776,20218.0
2025-08-26 21:00:00+00:00,1.34802,1.34828,1.3469,1.34716,21082.0
2025-08-27 01:00:00+00:00,1.34717,1.3475,1.34471,1.34486,22494.0
2025-08-27 05:00:00+00:00,1.34486,1.34659,1.34307,1.34452,28267.0
2025-08-27 09:00:00+00:00,1.34453,1.345,1.34166,1.34416,28246.0
2025-08-27 13:00:00+00:00,1.34416,1.34975,1.3436,1.34963,39842.0
2025-08-27 17:00:00+00:00,1.34964,1.35022,1.34906,1.34985,21227.0
2025-08-27 21:00:00+00:00,1.34952,1.35064,1.34934,1.3505,10204.0
2025-08-28 01:00:00+00:00,1.35051,1.35186,1.3501,1.35044,16632.0
2025-08-28 05:00:00+00:00,1.35044,1.35134,1.34834,1.34992,28617.0
2025-08-28 09:00:00+00:00,1.34992,1.35265,1.34976,1.35033,37013.0
2025-08-28 13:00:00+00:00,1.35035,1.35272,1.34892,1.35224,45191.0
2025-08-28 17:00:00+00:00,1.35222,1.35308,1.35072,1.35124,19688.0
2025-08-28 21:00:00+00:00,1.35108,1.35123,1.35032,1.35087,12337.0
2025-08-29 01:00:00+00:00,1.3509,1.35116,1.34944,1.35032,24460.0
2025-08-29 05:00:00+00:00,1.35032,1.35033,1.347,1.34775,28634.0
2025-08-29 09:00:00+00:00,1.34776,1.3479,1.34465,1.34606,33030.0
2025-08-29 13:00:00+00:00,1.34605,1.35164,1.34468,1.35081,48844.0
2025-08-29 17:00:00+00:00,1.3508,1.35171,1.34997,1.35047,17901.0
2025-08-31 21:00:00+00:00,1.34974,1.35195,1.34972,1.35184,9454.0
2025-09-01 01:00:00+00:00,1.35185,1.35295,1.35054,1.35184,25422.0
2025-09-01 05:00:00+00:00,1.35183,1.35408,1.35151,1.35354,28182.0
2025-09-01 09:00:00+00:00,1.35354,1.35374,1.35226,1.35334,24552.0
2025-09-01 13:00:00+00:00,1.35335,1.35498,1.3531,1.35422,25177.0
2025-09-01 17:00:00+00:00,1.35422,1.355,1.35404,1.35449,5442.0
2025-09-01 21:00:00+00:00,1.35464,1.35494,1.35352,1.35378,10925.0
2025-09-02 01:00:00+00:00,1.35378,1.35415,1.35232,1.35276,21481.0
2025-09-02 05:00:00+00:00,1.35276,1.35336,1.33756,1.34134,55240.0
2025-09-02 09:00:00+00:00,1.34136,1.34179,1.33403,1.33518,57975.0
2025-09-02 13:00:00+00:00,1.33518,1.34188,1.33426,1.33926,52656.0
2025-09-02 17:00:00+00:00,1.33928,1.33976,1.3375,1.33958,19273.0
2025-09-02 21:00:00+00:00,1.33894,1.33958,1.33724,1.3376,9343.0
2025-09-03 01:00:00+00:00,1.33758,1.3378,1.33608,1.33696,19270.0
2025-09-03 05:00:00+00:00,1.33694,1.34096,1.33332,1.34073,38299.0
2025-09-03 09:00:00+00:00,1.34076,1.343,1.33951,1.3425,37278.0
2025-09-03 13:00:00+00:00,1.3425,1.34543,1.34106,1.345,49271.0
2025-09-03 17:00:00+00:00,1.34501,1.34586,1.34346,1.3446,20577.0
2025-09-03 21:00:00+00:00,1.34404,1.34458,1.34361,1.34422,14678.0
2025-09-04 01:00:00+00:00,1.34423,1.34504,1.34258,1.34272,19317.0
2025-09-04 05:00:00+00:00,1.34271,1.3457,1.34166,1.34542,25777.0
2025-09-04 09:00:00+00:00,1.34542,1.34595,1.34222,1.34412,36447.0
2025-09-04 13:00:00+00:00,1.34412,1.3447,1.34173,1.34216,40622.0
2025-09-04 17:00:00+00:00,1.34214,1.34376,1.34191,1.34366,14965.0
2025-09-04 21:00:00+00:00,1.34312,1.34504,1.34306,1.34492,11250.0
2025-09-05 01:00:00+00:00,1.34492,1.34572,1.34469,1.34504,21856.0
2025-09-05 05:00:00+00:00,1.34505,1.34722,1.34499,1.34702,26312.0
2025-09-05 09:00:00+00:00,1.34702,1.35352,1.34578,1.35212,48210.0
2025-09-05 13:00:00+00:00,1.35214,1.35549,1.35048,1.3526,67420.0
2025-09-05 17:00:00+00:00,1.35262,1.35262,1.3501,1.35082,27278.0
2025-09-07 21:00:00+00:00,1.35036,1.3505,1.34827,1.3496,17079.0
2025-09-08 01:00:00+00:00,1.34962,1.35056,1.3487,1.34964,29116.0
2025-09-08 05:00:00+00:00,1.34963,1.35263,1.34956,1.35124,33360.0
2025-09-08 09:00:00+00:00,1.35124,1.35494,1.35021,1.35431,29275.0
2025-09-08 13:00:00+00:00,1.35432,1.35568,1.3528,1.35376,38750.0
2025-09-08 17:00:00+00:00,1.35376,1.35551,1.35274,1.35454,17578.0
2025-09-08 21:00:00+00:00,1.3548,1.35625,1.3544,1.35586,12175.0
2025-09-09 01:00:00+00:00,1.35582,1.35756,1.35531,1.3574,18746.0
2025-09-09 05:00:00+00:00,1.35737,1.35827,1.35579,1.35733,37392.0
2025-09-09 09:00:00+00:00,1.35732,1.35906,1.35458,1.35543,31877.0
2025-09-09 13:00:00+00:00,1.35544,1.35745,1.35227,1.35347,53610.0
2025-09-09 17:00:00+00:00,1.35346,1.35388,1.35183,1.35275,21037.0
2025-09-09 21:00:00+00:00,1.35253,1.3531,1.35164,1.35224,15196.0
2025-09-10 01:00:00+00:00,1.35224,1.35427,1.35148,1.35423,26188.0
2025-09-10 05:00:00+00:00,1.35422,1.35436,1.3513,1.35274,34589.0
2025-09-10 09:00:00+00:00,1.35274,1.3565,1.35236,1.35304,40577.0
2025-09-10 13:00:00+00:00,1.35304,1.35616,1.35256,1.35361,45192.0
2025-09-10 17:00:00+00:00,1.35362,1.3542,1.35216,1.35305,19729.0
2025-09-10 21:00:00+00:00,1.35344,1.35401,1.35262,1.35274,10953.0
2025-09-11 01:00:00+00:00,1.35275,1.3534,1.35226,1.3527,19676.0
2025-09-11 05:00:00+00:00,1.35269,1.3527,1.35035,1.35146,31004.0
2025-09-11 09:00:00+00:00,1.35147,1.35492,1.34939,1.3545,54305.0
2025-09-11 13:00:00+00:00,1.35452,1.35792,1.35398,1.35777,56386.0
2025-09-11 17:00:00+00:00,1.35779,1.3583,1.35687,1.35742,21914.0
2025-09-11 21:00:00+00:00,1.35738,1.35806,1.35686,1.35728,17830.0
2025-09-12 01:00:00+00:00,1.35728,1.35738,1.35522,1.35564,24881.0
2025-09-12 05:00:00+00:00,1.35564,1.35751,1.35311,1.35339,34112.0
2025-09-12 09:00:00+00:00,1.3534,1.35628,1.35242,1.35434,34981.0
2025-09-12 13:00:00+00:00,1.35432,1.35698,1.35379,1.35602,37573.0
2025-09-12 17:00:00+00:00,1.35604,1.35709,1.35552,1.35598,17397.0
2025-09-14 21:00:00+00:00,1.35566,1.35753,1.35482,1.3556,8241.0
2025-09-15 01:00:00+00:00,1.35558,1.3571,1.35529,1.35674,16328.0
2025-09-15 05:00:00+00:00,1.35676,1.35994,1.35534,1.35819,28893.0
2025-09-15 09:00:00+00:00,1.35821,1.36202,1.35788,1.36148,31965.0
2025-09-15 13:00:00+00:00,1.36148,1.36177,1.35848,1.35988,40661.0
2025-09-15 17:00:00+00:00,1.3599,1.36114,1.35948,1.35984,21113.0
2025-09-15 21:00:00+00:00,1.35978,1.3606,1.35978,1.36018,9689.0
2025-09-16 01:00:00+00:00,1.36018,1.36252,1.3598,1.36158,22826.0
2025-09-16 05:00:00+00:00,1.36158,1.3643,1.36145,1.36268,32861.0
2025-09-16 09:00:00+00:00,1.36268,1.36498,1.36241,1.36409,39411.0
2025-09-16 13:00:00+00:00,1.36409,1.3672,1.3639,1.36582,47803.0
2025-09-16 17:00:00+00:00,1.36581,1.3668,1.36422,1.36456,20508.0
2025-09-16 21:00:00+00:00,1.36522,1.36595,1.36446,1.36452,12537.0
2025-09-17 01:00:00+00:00,1.36451,1.36484,1.36394,1.36419,19243.0
2025-09-17 05:00:00+00:00,1.36421,1.36548,1.363,1.36404,27772.0
2025-09-17 09:00:00+00:00,1.36404,1.36566,1.36386,1.36544,27827.0
2025-09-17 13:00:00+00:00,1.36544,1.36696,1.36482,1.36651,29850.0
2025-09-17 17:00:00+00:00,1.3665,1.37266,1.36197,1.36244,97129.0
2025-09-17 21:00:00+00:00,1.36256,1.36356,1.36205,1.36271,17553.0
2025-09-18 01:00:00+00:00,1.36272,1.36308,1.36048,1.36066,29851.0
2025-09-18 05:00:00+00:00,1.36067,1.36486,1.35864,1.36396,39417.0
2025-09-18 09:00:00+00:00,1.36396,1.36612,1.35947,1.35948,42412.0
2025-09-18 13:00:00+00:00,1.35946,1.3596,1.35342,1.35529,60747.0
2025-09-18 17:00:00+00:00,1.3553,1.35633,1.35444,1.35541,20702.0
2025-09-18 21:00:00+00:00,1.35536,1.35568,1.35404,1.3549,16956.0
2025-09-19 01:00:00+00:00,1.35489,1.35596,1.35312,1.35442,32431.0
2025-09-19 05:00:00+00:00,1.35444,1.35514,1.34824,1.34996,48008.0
2025-09-19 09:00:00+00:00,1.34996,1.35106,1.3463,1.34685,36508.0
2025-09-19 13:00:00+00:00,1.34686,1.34982,1.34684,1.34828,51073.0
2025-09-19 17:00:00+00:00,1.34828,1.34854,1.34668,1.34708,19326.0
2025-09-21 21:00:00+00:00,1.34773,1.34773,1.34574,1.34679,34259.0
2025-09-22 01:00:00+00:00,1.34678,1.34746,1.34534,1.34608,21603.0
2025-09-22 05:00:00+00:00,1.34608,1.35036,1.34594,1.34961,32803.0
2025-09-22 09:00:00+00:00,1.34962,1.35163,1.34902,1.35084,29088.0
2025-09-22 13:00:00+00:00,1.35084,1.35206,1.34923,1.35082,36778.0
2025-09-22 17:00:00+00:00,1.35082,1.35196,1.35071,1.35126,13930.0
2025-09-22 21:00:00+00:00,1.351,1.35208,1.35078,1.35207,14890.0
2025-09-23 01:00:00+00:00,1.35206,1.35274,1.35032,1.35077,21408.0
2025-09-23 05:00:00+00:00,1.35078,1.3528,1.3487,1.35038,40753.0
2025-09-23 09:00:00+00:00,1.35038,1.35298,1.34972,1.35247,34124.0
2025-09-23 13:00:00+00:00,1.35246,1.35366,1.3506,1.35208,47118.0
2025-09-23 17:00:00+00:00,1.35208,1.35272,1.35135,1.35257,27196.0
2025-09-23 21:00:00+00:00,1.35258,1.35284,1.35142,1.3515,17607.0
2025-09-24 01:00:00+00:00,1.3515,1.35162,1.35055,1.3509,20264.0
2025-09-24 05:00:00+00:00,1.3509,1.35123,1.34734,1.34838,30443.0
2025-09-24 09:00:00+00:00,1.34838,1.34878,1.34364,1.34458,31216.0
2025-09-24 13:00:00+00:00,1.34458,1.34576,1.34266,1.34428,44615.0
2025-09-24 17:00:00+00:00,1.34428,1.3456,1.34422,1.34476,18507.0
2025-09-24 21:00:00+00:00,1.34497,1.34578,1.3444,1.34568,18764.0
2025-09-25 01:00:00+00:00,1.3457,1.34647,1.34492,1.3463,24132.0
2025-09-25 05:00:00+00:00,1.34631,1.34671,1.34344,1.34528,33099.0
2025-09-25 09:00:00+00:00,1.3453,1.34594,1.33723,1.33838,40611.0
2025-09-25 13:00:00+00:00,1.33836,1.33946,1.33362,1.33394,59828.0
2025-09-25 17:00:00+00:00,1.33393,1.33474,1.33238,1.33438,27571.0
2025-09-25 21:00:00+00:00,1.33451,1.33484,1.33296,1.33454,17186.0
2025-09-26 01:00:00+00:00,1.33454,1.33556,1.33396,1.33545,17984.0
2025-09-26 05:00:00+00:00,1.33544,1.33708,1.33447,1.33652,31275.0
2025-09-26 09:00:00+00:00,1.33651,1.33772,1.33434,1.3377,36153.0
2025-09-26 13:00:00+00:00,1.33772,1.34132,1.33754,1.33985,49716.0
2025-09-26 17:00:00+00:00,1.33984,1.34117,1.33976,1.34016,15697.0
2025-09-28 21:00:00+00:00,1.34049,1.3425,1.33958,1.3424,10368.0
2025-09-29 01:00:00+00:00,1.3424,1.34418,1.34164,1.34375,21080.0
2025-09-29 05:00:00+00:00,1.34376,1.34504,1.34316,1.34356,31270.0
2025-09-29 09:00:00+00:00,1.34355,1.34571,1.34245,1.34516,32356.0
2025-09-29 13:00:00+00:00,1.34516,1.34522,1.34158,1.3431,42747.0
2025-09-29 17:00:00+00:00,1.3431,1.3439,1.34231,1.34309,16990.0
2025-09-29 21:00:00+00:00,1.34294,1.34379,1.34206,1.34251,11032.0
2025-09-30 01:00:00+00:00,1.34252,1.34388,1.34206,1.34384,20979.0
2025-09-30 05:00:00+00:00,1.34384,1.34522,1.34284,1.34458,38017.0
2025-09-30 09:00:00+00:00,1.34458,1.34522,1.34248,1.34424,29685.0
2025-09-30 13:00:00+00:00,1.34426,1.34672,1.34136,1.3459,52349.0
2025-09-30 17:00:00+00:00,1.3459,1.34639,1.34398,1.34446,21738.0
2025-09-30 21:00:00+00:00,1.3444,1.3452,1.3436,1.34409,14752.0
2025-10-01 01:00:00+00:00,1.34408,1.34642,1.34348,1.34631,19644.0
2025-10-01 05:00:00+00:00,1.34632,1.34805,1.34538,1.34674,43571.0
2025-10-01 09:00:00+00:00,1.34674,1.3522,1.3458,1.35127,55385.0
2025-10-01 13:00:00+00:00,1.35128,1.35276,1.34653,1.34742,65257.0
2025-10-01 17:00:00+00:00,1.34742,1.34896,1.34687,1.34773,20301.0
2025-10-01 21:00:00+00:00,1.34774,1.34834,1.34692,1.34694,10281.0
2025-10-02 01:00:00+00:00,1.34695,1.34879,1.34675,1.34756,21493.0
2025-10-02 05:00:00+00:00,1.34755,1.35104,1.34692,1.35046,32691.0
2025-10-02 09:00:00+00:00,1.35044,1.35081,1.34638,1.3466,35529.0
2025-10-02 13:00:00+00:00,1.34658,1.34686,1.34011,1.34392,53505.0
2025-10-02 17:00:00+00:00,1.34392,1.34522,1.34359,1.34392,19738.0
2025-10-02 21:00:00+00:00,1.34401,1.3455,1.34354,1.34448,9058.0
2025-10-03 01:00:00+00:00,1.34448,1.34508,1.34333,1.34356,20622.0
2025-10-03 05:00:00+00:00,1.34354,1.34676,1.34289,1.34581,28479.0
2025-10-03 09:00:00+00:00,1.34579,1.34599,1.3437,1.34583,27579.0
2025-10-03 13:00:00+00:00,1.34584,1.34853,1.34506,1.34776,48047.0
2025-10-03 17:00:00+00:00,1.34777,1.34868,1.34632,1.34796,18763.0
2025-10-05 21:00:00+00:00,1.34409,1.34557,1.34229,1.34404,28394.0
2025-10-06 01:00:00+00:00,1.34403,1.34586,1.34355,1.3447,28140.0
2025-10-06 05:00:00+00:00,1.3447,1.34646,1.34184,1.3436,52578.0
2025-10-06 09:00:00+00:00,1.3436,1.34406,1.34165,1.34377,41949.0
2025-10-06 13:00:00+00:00,1.34376,1.34846,1.34375,1.34754,41889.0
2025-10-06 17:00:00+00:00,1.34755,1.34902,1.34754,1.34855,16306.0
2025-10-06 21:00:00+00:00,1.34856,1.34874,1.34778,1.34824,12071.0
2025-10-07 01:00:00+00:00,1.34823,1.34823,1.34679,1.34698,18530.0
2025-10-07 05:00:00+00:00,1.34698,1.3471,1.34294,1.34371,32882.0
2025-10-07 09:00:00+00:00,1.3437,1.34442,1.33924,1.34144,33353.0
2025-10-07 13:00:00+00:00,1.34144,1.34548,1.34097,1.34428,44547.0
2025-10-07 17:00:00+00:00,1.34427,1.34522,1.3416,1.3425,23453.0
2025-10-07 21:00:00+00:00,1.3431,1.34317,1.3412,1.34158,13010.0
2025-10-08 01:00:00+00:00,1.34158,1.34158,1.33902,1.33938,28617.0
2025-10-08 05:00:00+00:00,1.33937,1.34262,1.33841,1.34086,35317.0
2025-10-08 09:00:00+00:00,1.34087,1.34274,1.34002,1.34194,37111.0
2025-10-08 13:00:00+00:00,1.34194,1.34386,1.33722,1.33874,39370.0
2025-10-08 17:00:00+00:00,1.33874,1.34064,1.3371,1.34036,25074.0
2025-10-08 21:00:00+00:00,1.34068,1.34132,1.33994,1.341,14373.0
2025-10-09 01:00:00+00:00,1.341,1.34192,1.34066,1.34126,17550.0
2025-10-09 05:00:00+00:00,1.34127,1.34168,1.33426,1.3362,40697.0
2025-10-09 09:00:00+00:00,1.33618,1.33902,1.33587,1.33846,38862.0
2025-10-09 13:00:00+00:00,1.33848,1.33954,1.32912,1.3294,65964.0
2025-10-09 17:00:00+00:00,1.3294,1.33062,1.32794,1.33044,26503.0
2025-10-09 21:00:00+00:00,1.32998,1.3308,1.32928,1.33046,13246.0
2025-10-10 01:00:00+00:00,1.33047,1.33141,1.32999,1.3309,17697.0
2025-10-10 05:00:00+00:00,1.3309,1.33145,1.3279,1.33082,38928.0
2025-10-10 09:00:00+00:00,1.33082,1.33093,1.32618,1.32796,40916.0
2025-10-10 13:00:00+00:00,1.32796,1.33708,1.32687,1.33454,87017.0
2025-10-10 17:00:00+00:00,1.33453,1.33602,1.33319,1.33601,32736.0
2025-10-12 21:00:00+00:00,1.335,1.33546,1.33316,1.33508,21146.0
2025-10-13 01:00:00+00:00,1.33509,1.33634,1.33452,1.33566,25612.0
2025-10-13 05:00:00+00:00,1.33566,1.33665,1.3315,1.33263,43373.0
2025-10-13 09:00:00+00:00,1.33264,1.33528,1.33246,1.33336,39895.0
2025-10-13 13:00:00+00:00,1.33336,1.33386,1.33193,1.33304,43995.0
2025-10-13 17:00:00+00:00,1.33304,1.33406,1.33264,1.33334,17563.0
2025-10-13 21:00:00+00:00,1.33295,1.33405,1.33256,1.33364,14020.0
2025-10-14 01:00:00+00:00,1.33363,1.33528,1.33352,1.33522,25379.0
2025-10-14 05:00:00+00:00,1.33522,1.33523,1.32525,1.32841,56281.0
2025-10-14 09:00:00+00:00,1.3284,1.32841,1.32486,1.32616,45039.0
2025-10-14 13:00:00+00:00,1.32613,1.33296,1.32608,1.33178,68427.0
2025-10-14 17:00:00+00:00,1.33178,1.33323,1.33122,1.33204,28700.0
2025-10-14 21:00:00+00:00,1.33201,1.33309,1.33166,1.33286,13439.0
2025-10-15 01:00:00+00:00,1.33286,1.33542,1.33257,1.33487,25928.0
2025-10-15 05:00:00+00:00,1.3349,1.33736,1.33414,1.33458,40629.0
2025-10-15 09:00:00+00:00,1.33458,1.33667,1.3336,1.33458,38306.0
2025-10-15 13:00:00+00:00,1.33459,1.34034,1.3335,1.33908,52364.0
2025-10-15 17:00:00+00:00,1.33907,1.3408,1.33704,1.34024,27930.0
2025-10-15 21:00:00+00:00,1.34013,1.34286,1.33924,1.34222,19351.0
2025-10-16 01:00:00+00:00,1.34222,1.34422,1.34126,1.34143,24487.0
2025-10-16 05:00:00+00:00,1.34142,1.34432,1.3404,1.34382,43353.0
2025-10-16 09:00:00+00:00,1.34382,1.3449,1.34217,1.34478,41319.0
2025-10-16 13:00:00+00:00,1.34478,1.34546,1.34118,1.34267,66426.0
2025-10-16 17:00:00+00:00,1.34268,1.3448,1.34199,1.34354,36189.0
2025-10-16 21:00:00+00:00,1.34346,1.34522,1.34308,1.34472,16418.0
2025-10-17 01:00:00+00:00,1.34472,1.34538,1.34314,1.34525,30615.0
2025-10-17 05:00:00+00:00,1.34523,1.34716,1.34113,1.3424,50898.0
2025-10-17 09:00:00+00:00,1.34239,1.34434,1.34084,1.34122,48867.0
2025-10-17 13:00:00+00:00,1.34123,1.3431,1.33908,1.34172,63452.0
2025-10-17 17:00:00+00:00,1.34169,1.3439,1.34108,1.34258,31180.0
2025-10-19 21:00:00+00:00,1.34314,1.34349,1.34218,1.34341,12276.0
2025-10-20 01:00:00+00:00,1.34342,1.34431,1.34272,1.3436,18537.0
2025-10-20 05:00:00+00:00,1.34358,1.34411,1.34056,1.34276,35132.0
2025-10-20 09:00:00+00:00,1.34276,1.34391,1.34,1.34258,41405.0
2025-10-20 13:00:00+00:00,1.3426,1.34277,1.3402,1.34158,39742.0
2025-10-20 17:00:00+00:00,1.34156,1.34163,1.34002,1.34049,17256.0
2025-10-20 21:00:00+00:00,1.3408,1.34162,1.3403,1.34145,9870.0
2025-10-21 01:00:00+00:00,1.34143,1.34143,1.33877,1.33923,21917.0
2025-10-21 05:00:00+00:00,1.33924,1.33976,1.33722,1.338,48921.0
2025-10-21 09:00:00+00:00,1.338,1.33948,1.33661,1.33868,46198.0
2025-10-21 13:00:00+00:00,1.33866,1.33982,1.33612,1.33734,63193.0
2025-10-21 17:00:00+00:00,1.33733,1.33771,1.33655,1.3369,24548.0
2025-10-21 21:00:00+00:00,1.33709,1.33746,1.3364,1.33714,14363.0
2025-10-22 01:00:00+00:00,1.33716,1.33803,1.33679,1.33792,18573.0
2025-10-22 05:00:00+00:00,1.33793,1.33872,1.33128,1.33208,55873.0
2025-10-22 09:00:00+00:00,1.33206,1.33406,1.33058,1.33238,43650.0
2025-10-22 13:00:00+00:00,1.33238,1.33766,1.3316,1.33713,59581.0
2025-10-22 17:00:00+00:00,1.33713,1.33726,1.33526,1.3356,25915.0
2025-10-22 21:00:00+00:00,1.3353,1.336,1.33395,1.33458,11266.0
2025-10-23 01:00:00+00:00,1.33458,1.33474,1.33298,1.3339,17158.0
2025-10-23 05:00:00+00:00,1.3339,1.33574,1.33383,1.33498,28213.0
2025-10-23 09:00:00+00:00,1.33497,1.33548,1.33268,1.33435,28623.0
2025-10-23 13:00:00+00:00,1.33434,1.3348,1.33109,1.33126,46543.0
2025-10-23 17:00:00+00:00,1.33124,1.33283,1.33082,1.3326,17828.0
2025-10-23 21:00:00+00:00,1.33248,1.33324,1.33242,1.33302,21262.0
2025-10-24 01:00:00+00:00,1.33301,1.33314,1.33174,1.33211,22122.0
2025-10-24 05:00:00+00:00,1.3321,1.33336,1.33006,1.33208,41329.0
2025-10-24 09:00:00+00:00,1.33208,1.33708,1.33002,1.33457,49225.0
2025-10-24 13:00:00+00:00,1.33458,1.33592,1.32874,1.32956,62867.0
2025-10-24 17:00:00+00:00,1.32956,1.33177,1.32956,1.33108,21061.0
2025-10-26 21:00:00+00:00,1.3326,1.33284,1.33176,1.33242,13480.0
2025-10-27 01:00:00+00:00,1.33242,1.3336,1.3313,1.33162,19990.0
2025-10-27 05:00:00+00:00,1.33162,1.33347,1.33104,1.33267,31673.0
2025-10-27 09:00:00+00:00,1.33268,1.33532,1.33232,1.33479,33214.0
2025-10-27 13:00:00+00:00,1.3348,1.33518,1.33176,1.33352,41795.0
2025-10-27 17:00:00+00:00,1.33352,1.33392,1.33246,1.3335,21295.0
2025-10-27 21:00:00+00:00,1.33366,1.33541,1.33357,1.335,17473.0
2025-10-28 01:00:00+00:00,1.335,1.33671,1.33477,1.33664,28970.0
2025-10-28 05:00:00+00:00,1.33665,1.33696,1.33013,1.33078,38634.0
2025-10-28 09:00:00+00:00,1.33077,1.33288,1.3279,1.32844,42138.0
2025-10-28 13:00:00+00:00,1.32843,1.32911,1.32476,1.32898,52142.0
2025-10-28 17:00:00+00:00,1.32899,1.32902,1.32694,1.32718,23275.0
2025-10-28 21:00:00+00:00,1.32736,1.32808,1.32684,1.32724,14797.0
2025-10-29 01:00:00+00:00,1.32724,1.32744,1.32494,1.32512,22913.0
2025-10-29 05:00:00+00:00,1.32512,1.32514,1.32086,1.32088,33389.0
2025-10-29 09:00:00+00:00,1.32088,1.32286,1.31969,1.32037,36859.0
2025-10-29 13:00:00+00:00,1.32036,1.32476,1.31946,1.32279,53947.0
2025-10-29 17:00:00+00:00,1.32274,1.32319,1.31403,1.31944,79342.0
2025-10-29 21:00:00+00:00,1.31934,1.32074,1.31858,1.32037,15536.0
2025-10-30 01:00:00+00:00,1.32036,1.32182,1.31966,1.32166,38530.0
2025-10-30 05:00:00+00:00,1.32167,1.3219,1.31851,1.32074,44172.0
2025-10-30 09:00:00+00:00,1.32074,1.32092,1.31356,1.31376,40602.0
2025-10-30 13:00:00+00:00,1.31376,1.31806,1.31166,1.31556,53312.0
2025-10-30 17:00:00+00:00,1.31558,1.31594,1.31394,1.3151,23547.0
2025-10-30 21:00:00+00:00,1.31505,1.31614,1.31497,1.31592,12364.0
2025-10-31 01:00:00+00:00,1.31594,1.31649,1.31501,1.31569,17674.0
2025-10-31 05:00:00+00:00,1.3157,1.31572,1.3125,1.31408,27492.0
2025-10-31 09:00:00+00:00,1.31409,1.31484,1.31047,1.31066,33655.0
2025-10-31 13:00:00+00:00,1.31066,1.3143,1.30973,1.31282,50665.0
2025-10-31 17:00:00+00:00,1.31282,1.31506,1.31231,1.31506,20892.0
2025-11-02 22:00:00+00:00,1.31311,1.31426,1.313,1.31348,17367.0
2025-11-03 02:00:00+00:00,1.31348,1.3146,1.3133,1.31421,15259.0
2025-11-03 06:00:00+00:00,1.31422,1.31492,1.31174,1.31254,27708.0
2025-11-03 10:00:00+00:00,1.31254,1.3147,1.31206,1.31268,28230.0
2025-11-03 14:00:00+00:00,1.31268,1.31624,1.31084,1.31448,43242.0
2025-11-03 18:00:00+00:00,1.31447,1.31481,1.31348,1.31388,16755.0
2025-11-03 22:00:00+00:00,1.31416,1.31454,1.31186,1.31246,16805.0
2025-11-04 02:00:00+00:00,1.31245,1.31339,1.3118,1.31215,21828.0
2025-11-04 06:00:00+00:00,1.31216,1.31394,1.30593,1.30629,43460.0
2025-11-04 10:00:00+00:00,1.3063,1.30791,1.3053,1.30577,34528.0
2025-11-04 14:00:00+00:00,1.30576,1.30652,1.3026,1.30287,44817.0
2025-11-04 18:00:00+00:00,1.30286,1.30286,1.30102,1.30202,18650.0
2025-11-04 22:00:00+00:00,1.302,1.30288,1.30103,1.30156,17246.0
2025-11-05 02:00:00+00:00,1.30156,1.30302,1.30139,1.30219,17698.0
2025-11-05 06:00:00+00:00,1.3022,1.30534,1.30194,1.304,29154.0
2025-11-05 10:00:00+00:00,1.30399,1.3047,1.30116,1.30255,33479.0
2025-11-05 14:00:00+00:00,1.30253,1.30494,1.30136,1.3039,47043.0
2025-11-05 18:00:00+00:00,1.3039,1.30544,1.30378,1.30523,15252.0
2025-11-05 22:00:00+00:00,1.30489,1.30654,1.3046,1.30632,11258.0
2025-11-06 02:00:00+00:00,1.30632,1.30658,1.30574,1.30604,15037.0
2025-11-06 06:00:00+00:00,1.30604,1.30896,1.30531,1.30804,30345.0
2025-11-06 10:00:00+00:00,1.30803,1.31254,1.30594,1.31082,43749.0
2025-11-06 14:00:00+00:00,1.3108,1.31249,1.30808,1.31226,52269.0
2025-11-06 18:00:00+00:00,1.3123,1.31428,1.31203,1.31388,23848.0
2025-11-06 22:00:00+00:00,1.31298,1.31422,1.31238,1.31254,15911.0
2025-11-07 02:00:00+00:00,1.31256,1.31308,1.31155,1.31194,16749.0
2025-11-07 06:00:00+00:00,1.31194,1.31276,1.30949,1.30978,26092.0
2025-11-07 10:00:00+00:00,1.30977,1.31378,1.30959,1.31306,39073.0
2025-11-07 14:00:00+00:00,1.31308,1.31746,1.31275,1.31706,51756.0
2025-11-07 18:00:00+00:00,1.31708,1.31751,1.3153,1.31633,27581.0
2025-11-09 22:00:00+00:00,1.31588,1.3163,1.31368,1.31513,29382.0
2025-11-10 02:00:00+00:00,1.31512,1.31602,1.31426,1.31554,31061.0
2025-11-10 06:00:00+00:00,1.31554,1.31848,1.31392,1.31733,46012.0
2025-11-10 10:00:00+00:00,1.31732,1.31912,1.31521,1.31749,35984.0
2025-11-10 14:00:00+00:00,1.3175,1.318,1.31458,1.31786,46096.0
2025-11-10 18:00:00+00:00,1.31786,1.3185,1.31738,1.31752,24154.0
2025-11-10 22:00:00+00:00,1.31744,1.31778,1.31576,1.31651,18361.0
2025-11-11 02:00:00+00:00,1.31649,1.3172,1.31612,1.31662,33091.0
2025-11-11 06:00:00+00:00,1.31661,1.31715,1.31166,1.31294,41131.0
2025-11-11 10:00:00+00:00,1.31294,1.31783,1.31214,1.31716,36978.0
2025-11-11 14:00:00+00:00,1.31715,1.31846,1.31586,1.31742,46373.0
2025-11-11 18:00:00+00:00,1.31741,1.31783,1.31481,1.31496,23892.0
2025-11-11 22:00:00+00:00,1.3157,1.31576,1.31372,1.31386,12843.0
2025-11-12 02:00:00+00:00,1.31388,1.3144,1.31286,1.31337,16304.0
2025-11-12 06:00:00+00:00,1.31336,1.31555,1.31152,1.31162,37190.0
2025-11-12 10:00:00+00:00,1.3116,1.314,1.30958,1.3105,37659.0
2025-11-12 14:00:00+00:00,1.3105,1.31398,1.30844,1.31394,43071.0
2025-11-12 18:00:00+00:00,1.31392,1.3144,1.31244,1.31334,19907.0
2025-11-12 22:00:00+00:00,1.31326,1.3134,1.31107,1.31238,22628.0
2025-11-13 02:00:00+00:00,1.31239,1.31288,1.31152,1.31176,31616.0
2025-11-13 06:00:00+00:00,1.31175,1.31712,1.31006,1.3156,46542.0
2025-11-13 10:00:00+00:00,1.3156,1.31842,1.31435,1.31692,43033.0
2025-11-13 14:00:00+00:00,1.3169,1.32158,1.31656,1.32116,58022.0
2025-11-13 18:00:00+00:00,1.32116,1.32142,1.31844,1.31916,31338.0
2025-11-13 22:00:00+00:00,1.31959,1.31988,1.31356,1.31469,21632.0
2025-11-14 02:00:00+00:00,1.31467,1.31594,1.3139,1.3148,23834.0
2025-11-14 06:00:00+00:00,1.3148,1.32012,1.3108,1.31551,55339.0
2025-11-14 10:00:00+00:00,1.31548,1.31812,1.31224,1.31674,41307.0
2025-11-14 14:00:00+00:00,1.31674,1.31786,1.31251,1.31614,56495.0
2025-11-14 18:00:00+00:00,1.31611,1.3176,1.31499,1.31738,24877.0
2025-11-16 22:00:00+00:00,1.3164,1.3172,1.31498,1.31558,17668.0
2025-11-17 02:00:00+00:00,1.31558,1.3156,1.31416,1.31432,21828.0
2025-11-17 06:00:00+00:00,1.31432,1.31808,1.3136,1.31646,34955.0
2025-11-17 10:00:00+00:00,1.31646,1.31934,1.31492,1.3173,38762.0
2025-11-17 14:00:00+00:00,1.3173,1.31793,1.31614,1.317,40461.0
2025-11-17 18:00:00+00:00,1.317,1.31712,1.31446,1.31546,23286.0
2025-11-17 22:00:00+00:00,1.31576,1.31586,1.31454,1.31513,18840.0
2025-11-18 02:00:00+00:00,1.31514,1.31642,1.31451,1.3161,31624.0
2025-11-18 06:00:00+00:00,1.31609,1.31772,1.31482,1.31529,45847.0
2025-11-18 10:00:00+00:00,1.31528,1.3161,1.3134,1.31543,42028.0
2025-11-18 14:00:00+00:00,1.31544,1.31714,1.31356,1.31412,56517.0
2025-11-18 18:00:00+00:00,1.31412,1.31572,1.314,1.31454,26944.0
2025-11-18 22:00:00+00:00,1.31508,1.31514,1.31316,1.3133,15680.0
2025-11-19 02:00:00+00:00,1.31332,1.31473,1.31292,1.31465,28296.0
2025-11-19 06:00:00+00:00,1.31464,1.3156,1.31178,1.3127,40682.0
2025-11-19 10:00:00+00:00,1.3127,1.31298,1.30923,1.31189,41217.0
2025-11-19 14:00:00+00:00,1.31188,1.31224,1.3057,1.30685,51865.0
2025-11-19 18:00:00+00:00,1.30683,1.30767,1.30436,1.30594,29638.0
2025-11-19 22:00:00+00:00,1.30592,1.30624,1.30453,1.30464,15939.0
2025-11-20 02:00:00+00:00,1.30463,1.30622,1.3038,1.3053,21443.0
2025-11-20 06:00:00+00:00,1.3053,1.30802,1.30499,1.30792,34300.0
2025-11-20 10:00:00+00:00,1.30792,1.30997,1.30492,1.30959,42692.0
2025-11-20 14:00:00+00:00,1.30958,1.3124,1.30661,1.3068,65538.0
2025-11-20 18:00:00+00:00,1.30678,1.30878,1.30671,1.3073,28208.0
2025-11-20 22:00:00+00:00,1.30747,1.30876,1.30691,1.30821,23359.0
2025-11-21 02:00:00+00:00,1.3082,1.30963,1.30752,1.30894,31493.0
2025-11-21 06:00:00+00:00,1.30896,1.31031,1.30592,1.30616,56059.0
2025-11-21 10:00:00+00:00,1.30614,1.30952,1.30386,1.30842,62775.0
2025-11-21 14:00:00+00:00,1.3084,1.31074,1.30696,1.31006,64892.0
2025-11-21 18:00:00+00:00,1.31005,1.31096,1.30916,1.30982,24581.0
2025-11-23 22:00:00+00:00,1.31024,1.31034,1.30857,1.30888,20745.0
2025-11-24 02:00:00+00:00,1.3089,1.31074,1.30888,1.31025,41855.0
2025-11-24 06:00:00+00:00,1.31024,1.3112,1.30881,1.309,47946.0
2025-11-24 10:00:00+00:00,1.30898,1.31181,1.3088,1.31054,42279.0
2025-11-24 14:00:00+00:00,1.31054,1.31076,1.30806,1.31007,49507.0
2025-11-24 18:00:00+00:00,1.31006,1.31168,1.31,1.31042,23321.0
2025-11-24 22:00:00+00:00,1.31078,1.3116,1.31022,1.3108,21760.0
2025-11-25 02:00:00+00:00,1.3108,1.3116,1.30958,1.31019,30456.0
2025-11-25 06:00:00+00:00,1.31017,1.31384,1.30982,1.31352,40713.0
2025-11-25 10:00:00+00:00,1.31352,1.31608,1.3109,1.3154,49290.0
2025-11-25 14:00:00+00:00,1.3154,1.32044,1.31532,1.3201,63873.0
2025-11-25 18:00:00+00:00,1.3201,1.32142,1.31537,1.3166,33767.0
2025-11-25 22:00:00+00:00,1.31702,1.31879,1.31578,1.31788,31433.0
2025-11-26 02:00:00+00:00,1.31788,1.31974,1.3177,1.31914,34551.0
2025-11-26 06:00:00+00:00,1.31914,1.31982,1.31652,1.31742,47771.0
2025-11-26 10:00:00+00:00,1.31744,1.32284,1.3124,1.31931,78418.0
2025-11-26 14:00:00+00:00,1.31928,1.32382,1.31849,1.32262,58191.0
2025-11-26 18:00:00+00:00,1.32263,1.32446,1.32238,1.32428,21261.0
2025-11-26 22:00:00+00:00,1.32406,1.32606,1.32396,1.3257,17799.0
2025-11-27 02:00:00+00:00,1.32571,1.3269,1.32481,1.32588,30014.0
2025-11-27 06:00:00+00:00,1.32588,1.3264,1.32102,1.32138,28813.0
2025-11-27 10:00:00+00:00,1.32138,1.32493,1.3212,1.32432,26697.0
2025-11-27 14:00:00+00:00,1.32433,1.32552,1.32291,1.3238,20761.0
2025-11-27 18:00:00+00:00,1.3238,1.32404,1.3234,1.32393,9373.0
2025-11-27 22:00:00+00:00,1.32393,1.32446,1.32286,1.32331,25470.0
2025-11-28 02:00:00+00:00,1.3233,1.32453,1.32278,1.32332,65452.0
2025-11-28 06:00:00+00:00,1.32333,1.32341,1.32014,1.32084,104410.0
2025-11-28 10:00:00+00:00,1.32082,1.32286,1.32013,1.32254,135009.0
2025-11-28 14:00:00+00:00,1.32254,1.32548,1.32064,1.32372,68116.0
2025-11-28 18:00:00+00:00,1.32372,1.32468,1.32288,1.32318,29678.0
2025-11-30 22:00:00+00:00,1.32234,1.3249,1.32234,1.32376,35892.0
2025-12-01 02:00:00+00:00,1.32376,1.32402,1.32186,1.32212,42443.0
2025-12-01 06:00:00+00:00,1.32209,1.32366,1.32056,1.3233,52787.0
2025-12-01 10:00:00+00:00,1.3233,1.32758,1.32176,1.3266,52591.0
2025-12-01 14:00:00+00:00,1.3266,1.32664,1.32215,1.3225,63035.0
2025-12-01 18:00:00+00:00,1.3225,1.32282,1.32083,1.32127,27434.0
2025-12-01 22:00:00+00:00,1.3218,1.3218,1.32032,1.3212,12469.0
2025-12-02 02:00:00+00:00,1.3212,1.32218,1.32108,1.32146,15411.0
2025-12-02 06:00:00+00:00,1.32144,1.3221,1.32012,1.32108,36157.0
2025-12-02 10:00:00+00:00,1.32108,1.32125,1.31807,1.32067,37495.0
2025-12-02 14:00:00+00:00,1.32068,1.32136,1.31797,1.31942,52557.0
2025-12-02 18:00:00+00:00,1.31942,1.3216,1.31907,1.32136,20456.0
2025-12-02 22:00:00+00:00,1.3207,1.32274,1.32058,1.32266,16519.0
2025-12-03 02:00:00+00:00,1.32266,1.32382,1.32244,1.3237,23419.0
2025-12-03 06:00:00+00:00,1.32369,1.3285,1.32356,1.32786,42719.0
2025-12-03 10:00:00+00:00,1.32786,1.3316,1.3274,1.32995,38898.0
2025-12-03 14:00:00+00:00,1.32996,1.33478,1.32922,1.33427,53589.0
2025-12-03 18:00:00+00:00,1.33428,1.33545,1.33387,1.33531,21710.0
2025-12-03 22:00:00+00:00,1.33527,1.33532,1.33349,1.33404,16701.0
2025-12-04 02:00:00+00:00,1.33405,1.33405,1.33276,1.33383,21977.0
2025-12-04 06:00:00+00:00,1.33384,1.33593,1.33316,1.3346,37443.0
2025-12-04 10:00:00+00:00,1.33458,1.33641,1.33221,1.33423,42072.0
2025-12-04 14:00:00+00:00,1.33424,1.33858,1.33406,1.33433,47435.0
2025-12-04 18:00:00+00:00,1.33432,1.33514,1.33248,1.33278,22498.0
2025-12-04 22:00:00+00:00,1.33272,1.33336,1.33205,1.33334,19804.0
2025-12-05 02:00:00+00:00,1.33335,1.33457,1.33252,1.33452,17161.0
2025-12-05 06:00:00+00:00,1.33451,1.33624,1.33422,1.3346,31159.0
2025-12-05 10:00:00+00:00,1.3346,1.33558,1.3328,1.3351,30192.0
2025-12-05 14:00:00+00:00,1.33509,1.3362,1.33162,1.33312,47880.0
2025-12-05 18:00:00+00:00,1.33311,1.33408,1.33261,1.33316,19123.0
2025-12-07 22:00:00+00:00,1.33268,1.33382,1.3322,1.33367,16449.0
2025-12-08 02:00:00+00:00,1.33368,1.33426,1.33348,1.33372,19101.0
2025-12-08 06:00:00+00:00,1.33372,1.33466,1.33137,1.33172,33329.0
2025-12-08 10:00:00+00:00,1.33172,1.33294,1.3314,1.33198,30594.0
2025-12-08 14:00:00+00:00,1.332,1.33384,1.33058,1.33236,47475.0
2025-12-08 18:00:00+00:00,1.33238,1.33308,1.33193,1.33213,17211.0
2025-12-08 22:00:00+00:00,1.33217,1.3333,1.33185,1.3333,13647.0
2025-12-09 02:00:00+00:00,1.3333,1.3337,1.33261,1.33334,23681.0
2025-12-09 06:00:00+00:00,1.33336,1.33564,1.33236,1.33469,38839.0
2025-12-09 10:00:00+00:00,1.33468,1.3349,1.33101,1.33146,37950.0
2025-12-09 14:00:00+00:00,1.33144,1.33204,1.32874,1.32976,50855.0
2025-12-09 18:00:00+00:00,1.32976,1.3307,1.32912,1.32985,22155.0
2025-12-09 22:00:00+00:00,1.32976,1.3305,1.32961,1.32988,13635.0
2025-12-10 02:00:00+00:00,1.32985,1.331,1.32978,1.33074,20229.0
2025-12-10 06:00:00+00:00,1.33074,1.33272,1.33058,1.33132,34376.0
2025-12-10 10:00:00+00:00,1.33131,1.33318,1.33014,1.33304,34597.0
2025-12-10 14:00:00+00:00,1.33306,1.33478,1.3315,1.33457,40641.0
2025-12-10 18:00:00+00:00,1.33458,1.3389,1.33269,1.33814,72413.0
2025-12-10 22:00:00+00:00,1.33796,1.33922,1.33764,1.33822,18322.0
2025-12-11 02:00:00+00:00,1.33822,1.33874,1.33614,1.33618,21853.0
2025-12-11 06:00:00+00:00,1.3362,1.33793,1.33549,1.3372,36643.0
2025-12-11 10:00:00+00:00,1.3372,1.34154,1.3368,1.34078,36826.0
2025-12-11 14:00:00+00:00,1.34076,1.34384,1.3407,1.34212,49134.0
2025-12-11 18:00:00+00:00,1.34212,1.34247,1.33822,1.33866,22710.0
2025-12-11 22:00:00+00:00,1.3391,1.34,1.33884,1.33922,20148.0
2025-12-12 02:00:00+00:00,1.33922,1.33969,1.33884,1.33955,15953.0
2025-12-12 06:00:00+00:00,1.33956,1.33992,1.33736,1.33828,32929.0
2025-12-12 10:00:00+00:00,1.33829,1.33836,1.33645,1.33698,28715.0
2025-12-12 14:00:00+00:00,1.33696,1.33784,1.33424,1.33731,50530.0
2025-12-12 18:00:00+00:00,1.33732,1.33771,1.33566,1.33718,21330.0
2025-12-14 22:00:00+00:00,1.33778,1.33782,1.33559,1.33734,16510.0
2025-12-15 02:00:00+00:00,1.3373,1.33742,1.3355,1.33642,19076.0
2025-12-15 06:00:00+00:00,1.33641,1.33886,1.33575,1.33878,31744.0
2025-12-15 10:00:00+00:00,1.33876,1.33966,1.33746,1.33874,25850.0
2025-12-15 14:00:00+00:00,1.33872,1.34016,1.33657,1.33679,45455.0
2025-12-15 18:00:00+00:00,1.33678,1.33788,1.33598,1.33774,20837.0
2025-12-15 22:00:00+00:00,1.33723,1.33836,1.33617,1.33681,21146.0
2025-12-16 02:00:00+00:00,1.33682,1.3374,1.33611,1.33624,30500.0
2025-12-16 06:00:00+00:00,1.33624,1.34158,1.33554,1.34104,36148.0
2025-12-16 10:00:00+00:00,1.34104,1.34562,1.34068,1.34256,50934.0
2025-12-16 14:00:00+00:00,1.34256,1.34476,1.34042,1.34238,64393.0
2025-12-16 18:00:00+00:00,1.34238,1.34362,1.33998,1.34214,35508.0
2025-12-16 22:00:00+00:00,1.34234,1.3427,1.34196,1.34248,14489.0
2025-12-17 02:00:00+00:00,1.34246,1.34246,1.33795,1.33836,19331.0
2025-12-17 06:00:00+00:00,1.33836,1.33901,1.33116,1.33257,41435.0
2025-12-17 10:00:00+00:00,1.33258,1.33592,1.33204,1.33563,33580.0
2025-12-17 14:00:00+00:00,1.33564,1.34068,1.33487,1.33872,48473.0
2025-12-17 18:00:00+00:00,1.3387,1.33948,1.33727,1.33746,21231.0
2025-12-17 22:00:00+00:00,1.3376,1.33815,1.33617,1.33647,14341.0
2025-12-18 02:00:00+00:00,1.33648,1.33741,1.33617,1.337,16839.0
2025-12-18 06:00:00+00:00,1.33698,1.33754,1.33411,1.33488,30947.0
2025-12-18 10:00:00+00:00,1.33484,1.34426,1.33434,1.34278,53854.0
2025-12-18 14:00:00+00:00,1.34278,1.34466,1.33704,1.33814,66308.0
2025-12-18 18:00:00+00:00,1.33814,1.33907,1.33753,1.33823,23471.0
2025-12-18 22:00:00+00:00,1.33811,1.3391,1.3378,1.33826,16501.0
2025-12-19 02:00:00+00:00,1.33824,1.33862,1.33696,1.33757,23866.0
2025-12-19 06:00:00+00:00,1.33758,1.33877,1.33631,1.33818,37057.0
2025-12-19 10:00:00+00:00,1.33817,1.33867,1.33576,1.33722,31001.0
2025-12-19 14:00:00+00:00,1.33724,1.33868,1.33571,1.33774,45057.0
2025-12-19 18:00:00+00:00,1.33774,1.33942,1.33727,1.33768,23256.0
2025-12-21 22:00:00+00:00,1.33784,1.33983,1.33748,1.33958,46850.0
2025-12-22 02:00:00+00:00,1.33963,1.34018,1.33916,1.33972,13789.0
2025-12-22 06:00:00+00:00,1.33972,1.34247,1.33919,1.34244,27689.0
2025-12-22 10:00:00+00:00,1.34244,1.34444,1.34244,1.34378,35493.0
2025-12-22 14:00:00+00:00,1.34378,1.34778,1.34316,1.34709,37213.0
2025-12-22 18:00:00+00:00,1.34709,1.3471,1.3454,1.34626,20604.0
2025-12-22 22:00:00+00:00,1.34562,1.34836,1.34562,1.3477,19098.0
2025-12-23 02:00:00+00:00,1.34769,1.34937,1.34769,1.3489,20739.0
2025-12-23 06:00:00+00:00,1.3489,1.35186,1.34798,1.35056,35638.0
2025-12-23 10:00:00+00:00,1.35056,1.35188,1.34943,1.34946,41544.0
2025-12-23 14:00:00+00:00,1.34948,1.35007,1.34711,1.34734,50452.0
2025-12-23 18:00:00+00:00,1.34733,1.35242,1.34718,1.3518,16907.0
2025-12-23 22:00:00+00:00,1.35116,1.3532,1.35034,1.35292,15980.0
2025-12-24 02:00:00+00:00,1.35293,1.35343,1.35096,1.35191,21070.0
2025-12-24 06:00:00+00:00,1.3519,1.3528,1.35027,1.3522,31560.0
2025-12-24 10:00:00+00:00,1.35218,1.35239,1.35013,1.35049,35249.0
2025-12-24 14:00:00+00:00,1.35045,1.35108,1.3492,1.34978,46525.0
2025-12-24 18:00:00+00:00,1.34978,1.35088,1.34946,1.3507,28142.0
2025-12-25 22:00:00+00:00,1.35201,1.35228,1.35015,1.35128,34765.0
2025-12-26 02:00:00+00:00,1.35127,1.35192,1.34868,1.34946,27106.0
2025-12-26 06:00:00+00:00,1.34947,1.35004,1.34774,1.34854,45740.0
2025-12-26 10:00:00+00:00,1.34854,1.35274,1.34837,1.35168,49571.0
2025-12-26 14:00:00+00:00,1.35168,1.35258,1.34816,1.3495,60158.0
2025-12-26 18:00:00+00:00,1.34952,1.35066,1.34902,1.3499,38282.0
2025-12-28 22:00:00+00:00,1.3493,1.35119,1.3489,1.35092,20167.0
2025-12-29 02:00:00+00:00,1.35091,1.351,1.34837,1.3491,21650.0
2025-12-29 06:00:00+00:00,1.34914,1.3508,1.34737,1.34906,39837.0
2025-12-29 10:00:00+00:00,1.34904,1.35112,1.34692,1.34936,42166.0
2025-12-29 14:00:00+00:00,1.34936,1.35128,1.34816,1.34856,67021.0
2025-12-29 18:00:00+00:00,1.34856,1.35159,1.34844,1.35129,26067.0
2025-12-29 22:00:00+00:00,1.35076,1.35113,1.34977,1.3509,14695.0
2025-12-30 02:00:00+00:00,1.3509,1.35172,1.34999,1.35148,16830.0
2025-12-30 06:00:00+00:00,1.35148,1.35216,1.35008,1.35145,28890.0
2025-12-30 10:00:00+00:00,1.35144,1.3531,1.34869,1.34877,32645.0
2025-12-30 14:00:00+00:00,1.34878,1.34882,1.34496,1.34698,39541.0
2025-12-30 18:00:00+00:00,1.34697,1.34748,1.34612,1.34687,16176.0
2025-12-30 22:00:00+00:00,1.34686,1.34706,1.34586,1.34614,15227.0
2025-12-31 02:00:00+00:00,1.34613,1.34658,1.34574,1.34608,26287.0
2025-12-31 06:00:00+00:00,1.34609,1.34655,1.34258,1.34377,35032.0
2025-12-31 10:00:00+00:00,1.34382,1.34766,1.34328,1.34544,42346.0
2025-12-31 14:00:00+00:00,1.34544,1.34608,1.34016,1.34522,61272.0
2025-12-31 18:00:00+00:00,1.34521,1.34838,1.34469,1.34738,22381.0
2026-01-01 22:00:00+00:00,1.34688,1.34881,1.34632,1.34878,10328.0
2026-01-02 02:00:00+00:00,1.34878,1.34914,1.34696,1.34712,11594.0
2026-01-02 06:00:00+00:00,1.3471,1.34714,1.34492,1.3455,31936.0
2026-01-02 10:00:00+00:00,1.34551,1.34598,1.34342,1.34576,34138.0
2026-01-02 14:00:00+00:00,1.34576,1.3502,1.34534,1.34628,44635.0
2026-01-02 18:00:00+00:00,1.34628,1.3467,1.34464,1.34602,24292.0
2026-01-04 22:00:00+00:00,1.34545,1.34599,1.34371,1.34402,24804.0
2026-01-05 02:00:00+00:00,1.34402,1.34429,1.3414,1.34283,27504.0
2026-01-05 06:00:00+00:00,1.34282,1.34436,1.34176,1.34429,36548.0
2026-01-05 10:00:00+00:00,1.34428,1.34742,1.3425,1.34528,40708.0
2026-01-05 14:00:00+00:00,1.34529,1.35396,1.34508,1.35328,56140.0
2026-01-05 18:00:00+00:00,1.35328,1.35484,1.3529,1.35427,21669.0
2026-01-05 22:00:00+00:00,1.35415,1.35463,1.35281,1.35462,15829.0
2026-01-06 02:00:00+00:00,1.35464,1.35624,1.35418,1.35495,20627.0
2026-01-06 06:00:00+00:00,1.35494,1.3568,1.35357,1.35357,37001.0
2026-01-06 10:00:00+00:00,1.35358,1.35399,1.35066,1.35241,40787.0
2026-01-06 14:00:00+00:00,1.3524,1.35347,1.34916,1.35102,50261.0
2026-01-06 18:00:00+00:00,1.35102,1.35122,1.34926,1.3502,22142.0
2026-01-06 22:00:00+00:00,1.35044,1.35103,1.34954,1.3506,16571.0
2026-01-07 02:00:00+00:00,1.35056,1.35169,1.3503,1.35084,23352.0
2026-01-07 06:00:00+00:00,1.35084,1.35169,1.34852,1.34946,29629.0
2026-01-07 10:00:00+00:00,1.34945,1.35058,1.34822,1.34946,38268.0
2026-01-07 14:00:00+00:00,1.34947,1.35024,1.34684,1.34732,54241.0
2026-01-07 18:00:00+00:00,1.34732,1.34737,1.34564,1.3458,22004.0
2026-01-07 22:00:00+00:00,1.34596,1.34627,1.34532,1.34558,12757.0
2026-01-08 02:00:00+00:00,1.34558,1.34657,1.34508,1.34583,22014.0
2026-01-08 06:00:00+00:00,1.34584,1.34618,1.34322,1.34382,34535.0
2026-01-08 10:00:00+00:00,1.34382,1.34508,1.34158,1.34234,34385.0
2026-01-08 14:00:00+00:00,1.34232,1.34471,1.34175,1.3436,48777.0
2026-01-08 18:00:00+00:00,1.3436,1.34456,1.34196,1.34402,21946.0
2026-01-08 22:00:00+00:00,1.34363,1.34424,1.34269,1.34282,16137.0
2026-01-09 02:00:00+00:00,1.34281,1.34382,1.34246,1.34302,22603.0
2026-01-09 06:00:00+00:00,1.34302,1.34346,1.34048,1.34103,32074.0
2026-01-09 10:00:00+00:00,1.34102,1.34511,1.33977,1.34357,47927.0
2026-01-09 14:00:00+00:00,1.34357,1.34434,1.33926,1.3403,73874.0
2026-01-09 18:00:00+00:00,1.34029,1.34146,1.33972,1.34021,20567.0
2026-01-11 22:00:00+00:00,1.33999,1.3441,1.33908,1.34276,21518.0
2026-01-12 02:00:00+00:00,1.34275,1.34366,1.34165,1.34341,21029.0
2026-01-12 06:00:00+00:00,1.3434,1.34694,1.34296,1.34538,35390.0
2026-01-12 10:00:00+00:00,1.34538,1.3486,1.3448,1.34818,34012.0
2026-01-12 14:00:00+00:00,1.34818,1.34834,1.34553,1.34643,44892.0
2026-01-12 18:00:00+00:00,1.34642,1.34702,1.34572,1.34646,15698.0
2026-01-12 22:00:00+00:00,1.34662,1.34771,1.34622,1.34703,15408.0
2026-01-13 02:00:00+00:00,1.34704,1.34788,1.34696,1.34724,21924.0
2026-01-13 06:00:00+00:00,1.34724,1.34854,1.34624,1.34811,31033.0
2026-01-13 10:00:00+00:00,1.3481,1.34949,1.34544,1.34753,41783.0
2026-01-13 14:00:00+00:00,1.34754,1.34774,1.34251,1.34336,58482.0
2026-01-13 18:00:00+00:00,1.34336,1.3441,1.34216,1.34222,21593.0
2026-01-13 22:00:00+00:00,1.34255,1.34284,1.34198,1.34227,13531.0
2026-01-14 02:00:00+00:00,1.34228,1.34478,1.34212,1.34357,18807.0
2026-01-14 06:00:00+00:00,1.34358,1.3459,1.34345,1.3457,31178.0
2026-01-14 10:00:00+00:00,1.34569,1.34588,1.34387,1.34449,36141.0
2026-01-14 14:00:00+00:00,1.34446,1.34643,1.34303,1.3432,52033.0
2026-01-14 18:00:00+00:00,1.34319,1.34473,1.34248,1.3447,22190.0
2026-01-14 22:00:00+00:00,1.3443,1.34464,1.34274,1.34354,20591.0
2026-01-15 02:00:00+00:00,1.34348,1.34348,1.34232,1.34274,21353.0
2026-01-15 06:00:00+00:00,1.34274,1.34453,1.34237,1.34368,35222.0
2026-01-15 10:00:00+00:00,1.34369,1.34388,1.33689,1.33731,35182.0
2026-01-15 14:00:00+00:00,1.33732,1.3394,1.33628,1.33876,45103.0
2026-01-15 18:00:00+00:00,1.33875,1.3394,1.33745,1.33823,20446.0
2026-01-15 22:00:00+00:00,1.33777,1.33838,1.33706,1.33797,15921.0
2026-01-16 02:00:00+00:00,1.33798,1.33914,1.33788,1.33831,21377.0
2026-01-16 06:00:00+00:00,1.33832,1.34053,1.33771,1.3397,26760.0
2026-01-16 10:00:00+00:00,1.3397,1.34132,1.33886,1.34036,32640.0
2026-01-16 14:00:00+00:00,1.34034,1.34053,1.33662,1.33787,57121.0
2026-01-16 18:00:00+00:00,1.33786,1.33873,1.33738,1.33796,22379.0
2026-01-18 22:00:00+00:00,1.3354,1.3409,1.33436,1.33917,40971.0
2026-01-19 02:00:00+00:00,1.33918,1.34062,1.33814,1.3395,46609.0
2026-01-19 06:00:00+00:00,1.33949,1.34157,1.33843,1.34062,43054.0
2026-01-19 10:00:00+00:00,1.34061,1.34169,1.3402,1.34136,31471.0
2026-01-19 14:00:00+00:00,1.34136,1.34353,1.34104,1.34314,27263.0
2026-01-19 18:00:00+00:00,1.34314,1.34338,1.34225,1.34258,8017.0
2026-01-19 22:00:00+00:00,1.34264,1.34282,1.34102,1.34239,15886.0
2026-01-20 02:00:00+00:00,1.3424,1.34498,1.34199,1.34416,20720.0
2026-01-20 06:00:00+00:00,1.34416,1.34918,1.34258,1.34748,60276.0
2026-01-20 10:00:00+00:00,1.34747,1.34852,1.34396,1.34524,60513.0
2026-01-20 14:00:00+00:00,1.34528,1.34772,1.34406,1.34564,61757.0
2026-01-20 18:00:00+00:00,1.34563,1.34576,1.34253,1.34438,25878.0
2026-01-20 22:00:00+00:00,1.34449,1.34568,1.34334,1.34522,19139.0
2026-01-21 02:00:00+00:00,1.34522,1.34547,1.34331,1.34376,22550.0
2026-01-21 06:00:00+00:00,1.34376,1.34492,1.34088,1.34104,35932.0
2026-01-21 10:00:00+00:00,1.34104,1.34442,1.34015,1.34419,47378.0
2026-01-21 14:00:00+00:00,1.34418,1.34594,1.34164,1.3428,72553.0
2026-01-21 18:00:00+00:00,1.3428,1.34328,1.34096,1.34326,36955.0
2026-01-21 22:00:00+00:00,1.34325,1.34351,1.34169,1.34304,20268.0
2026-01-22 02:00:00+00:00,1.34304,1.34394,1.34226,1.34292,21429.0
2026-01-22 06:00:00+00:00,1.34292,1.34466,1.34096,1.34442,38231.0
2026-01-22 10:00:00+00:00,1.34442,1.34529,1.34014,1.3423,56602.0
2026-01-22 14:00:00+00:00,1.3423,1.3499,1.34223,1.34924,55749.0
2026-01-22 18:00:00+00:00,1.34922,1.35072,1.34863,1.35028,20602.0
2026-01-22 22:00:00+00:00,1.3495,1.3509,1.34918,1.3498,21238.0
2026-01-23 02:00:00+00:00,1.3498,1.35007,1.34888,1.34984,24564.0
2026-01-23 06:00:00+00:00,1.34984,1.3535,1.34826,1.35302,55821.0
2026-01-23 10:00:00+00:00,1.35303,1.35365,1.35146,1.35251,41524.0
2026-01-23 14:00:00+00:00,1.3525,1.36232,1.35207,1.36084,61478.0
2026-01-23 18:00:00+00:00,1.36084,1.36466,1.3592,1.36454,45979.0
2026-01-25 22:00:00+00:00,1.36671,1.36844,1.36434,1.3661,38828.0
2026-01-26 02:00:00+00:00,1.3661,1.36798,1.36534,1.36668,34386.0
2026-01-26 06:00:00+00:00,1.36668,1.3677,1.36432,1.36722,54111.0
2026-01-26 10:00:00+00:00,1.36724,1.36758,1.36432,1.36616,42951.0
2026-01-26 14:00:00+00:00,1.36617,1.37134,1.36582,1.36882,55638.0
2026-01-26 18:00:00+00:00,1.36884,1.37015,1.36746,1.36791,30063.0
2026-01-26 22:00:00+00:00,1.36777,1.36828,1.367,1.36798,20937.0
2026-01-27 02:00:00+00:00,1.36798,1.37007,1.36716,1.36784,28305.0
2026-01-27 06:00:00+00:00,1.36783,1.37001,1.36638,1.36994,44914.0
2026-01-27 10:00:00+00:00,1.36993,1.37488,1.36832,1.37352,66312.0
2026-01-27 14:00:00+00:00,1.37354,1.3791,1.37314,1.37876,77080.0
2026-01-27 18:00:00+00:00,1.37875,1.387,1.37747,1.38482,68728.0
2026-01-27 22:00:00+00:00,1.38436,1.38494,1.37992,1.38001,30350.0
2026-01-28 02:00:00+00:00,1.38002,1.38106,1.37892,1.3805,34942.0
2026-01-28 06:00:00+00:00,1.38051,1.38314,1.37752,1.37872,59972.0
2026-01-28 10:00:00+00:00,1.37872,1.38,1.3765,1.37702,55492.0
2026-01-28 14:00:00+00:00,1.37702,1.38016,1.37494,1.37894,89972.0
2026-01-28 18:00:00+00:00,1.37894,1.38114,1.37522,1.38082,65574.0
2026-01-28 22:00:00+00:00,1.38054,1.38352,1.37982,1.3803,47856.0
2026-01-29 02:00:00+00:00,1.3803,1.3844,1.37934,1.3838,43291.0
2026-01-29 06:00:00+00:00,1.3838,1.38481,1.38006,1.38036,58091.0
2026-01-29 10:00:00+00:00,1.38036,1.38186,1.37805,1.38062,52847.0
2026-01-29 14:00:00+00:00,1.38064,1.38341,1.37424,1.3798,125325.0
2026-01-29 18:00:00+00:00,1.37978,1.38139,1.37882,1.38106,48255.0
2026-01-29 22:00:00+00:00,1.38066,1.38149,1.37585,1.37612,39381.0
2026-01-30 02:00:00+00:00,1.37614,1.37676,1.37318,1.37558,64735.0
2026-01-30 06:00:00+00:00,1.37559,1.37832,1.37251,1.3734,77138.0
2026-01-30 10:00:00+00:00,1.3734,1.37878,1.37325,1.37448,71997.0
2026-01-30 14:00:00+00:00,1.37446,1.37578,1.36998,1.3709,112771.0
2026-01-30 18:00:00+00:00,1.37089,1.37187,1.36793,1.36882,71376.0
2026-02-01 22:00:00+00:00,1.36965,1.3706,1.36623,1.36938,58773.0
2026-02-02 02:00:00+00:00,1.36937,1.37001,1.36606,1.36724,66850.0
2026-02-02 06:00:00+00:00,1.36724,1.37108,1.36618,1.37091,73058.0
2026-02-02 10:00:00+00:00,1.37088,1.37154,1.36494,1.36516,67402.0
2026-02-02 14:00:00+00:00,1.36516,1.3677,1.36232,1.36603,82596.0
2026-02-02 18:00:00+00:00,1.36602,1.36689,1.36436,1.36676,35400.0
2026-02-02 22:00:00+00:00,1.36646,1.36864,1.36604,1.36863,24519.0
2026-02-03 02:00:00+00:00,1.36861,1.36944,1.36714,1.36899,34849.0
2026-02-03 06:00:00+00:00,1.369,1.37066,1.36666,1.36668,54839.0
2026-02-03 10:00:00+00:00,1.36669,1.36897,1.36506,1.36702,49782.0
2026-02-03 14:00:00+00:00,1.36702,1.37072,1.36564,1.36958,72214.0
2026-02-03 18:00:00+00:00,1.36958,1.37024,1.36733,1.36974,37893.0
2026-02-03 22:00:00+00:00,1.36962,1.37104,1.3691,1.37064,22230.0
2026-02-04 02:00:00+00:00,1.37066,1.37199,1.36969,1.37152,26696.0
2026-02-04 06:00:00+00:00,1.37152,1.37334,1.37012,1.3709,44133.0
2026-02-04 10:00:00+00:00,1.3709,1.37292,1.36948,1.37134,45896.0
2026-02-04 14:00:00+00:00,1.37136,1.3718,1.36432,1.36464,79472.0
2026-02-04 18:00:00+00:00,1.36463,1.36636,1.36424,1.3653,35643.0
2026-02-04 22:00:00+00:00,1.36603,1.36603,1.36433,1.36481,20333.0
2026-02-05 02:00:00+00:00,1.36482,1.36484,1.36163,1.362,32318.0
2026-02-05 06:00:00+00:00,1.362,1.36329,1.35567,1.35658,45908.0
2026-02-05 10:00:00+00:00,1.35659,1.36158,1.35402,1.35852,76289.0
2026-02-05 14:00:00+00:00,1.35851,1.35894,1.35178,1.35511,87144.0
2026-02-05 18:00:00+00:00,1.35512,1.35572,1.3525,1.35312,31452.0
2026-02-05 22:00:00+00:00,1.35349,1.3543,1.35087,1.35404,26652.0
2026-02-06 02:00:00+00:00,1.35402,1.35702,1.35401,1.35696,25722.0
2026-02-06 06:00:00+00:00,1.35694,1.35825,1.35582,1.35772,40822.0
2026-02-06 10:00:00+00:00,1.35771,1.35964,1.3572,1.35889,32789.0
2026-02-06 14:00:00+00:00,1.35888,1.36238,1.35876,1.36182,47078.0
2026-02-06 18:00:00+00:00,1.36182,1.36232,1.36088,1.3612,20602.0
2026-02-08 22:00:00+00:00,1.3598,1.36208,1.3588,1.36014,26959.0
2026-02-09 02:00:00+00:00,1.36014,1.36173,1.3591,1.36144,12965.0
2026-02-09 06:00:00+00:00,1.36141,1.36292,1.35865,1.36008,44420.0
2026-02-09 10:00:00+00:00,1.36007,1.36702,1.35934,1.36511,51235.0
2026-02-09 14:00:00+00:00,1.36512,1.36913,1.36216,1.36718,59685.0
2026-02-09 18:00:00+00:00,1.36716,1.37005,1.36646,1.36962,30038.0
2026-02-09 22:00:00+00:00,1.36956,1.36996,1.36723,1.36845,18118.0
2026-02-10 02:00:00+00:00,1.36846,1.36964,1.36745,1.36783,20209.0
2026-02-10 06:00:00+00:00,1.3678,1.36844,1.36637,1.36682,33026.0
2026-02-10 10:00:00+00:00,1.36681,1.36928,1.3658,1.36813,42104.0
2026-02-10 14:00:00+00:00,1.36814,1.36967,1.36438,1.36536,56533.0
2026-02-10 18:00:00+00:00,1.36537,1.36576,1.36389,1.36432,23256.0
2026-02-10 22:00:00+00:00,1.36459,1.36531,1.36317,1.36443,22104.0
2026-02-11 02:00:00+00:00,1.36442,1.36702,1.36442,1.36699,19222.0
2026-02-11 06:00:00+00:00,1.367,1.36992,1.36644,1.36956,31584.0
2026-02-11 10:00:00+00:00,1.36956,1.37124,1.36096,1.36418,56992.0
2026-02-11 14:00:00+00:00,1.36416,1.36703,1.36266,1.36578,83879.0
2026-02-11 18:00:00+00:00,1.36578,1.36592,1.36191,1.36288,29168.0
2026-02-11 22:00:00+00:00,1.3624,1.36402,1.36158,1.364,16495.0
2026-02-12 02:00:00+00:00,1.364,1.36423,1.36176,1.36219,23903.0
2026-02-12 06:00:00+00:00,1.3622,1.3654,1.36046,1.36492,37885.0
2026-02-12 10:00:00+00:00,1.36494,1.3652,1.36219,1.365,34797.0
2026-02-12 14:00:00+00:00,1.36502,1.36716,1.36162,1.36192,78275.0
2026-02-12 18:00:00+00:00,1.36192,1.36267,1.36049,1.36224,34459.0
2026-02-12 22:00:00+00:00,1.36219,1.36268,1.36121,1.3617,15988.0
2026-02-13 02:00:00+00:00,1.3617,1.36242,1.35998,1.3604,18393.0
2026-02-13 06:00:00+00:00,1.36039,1.36296,1.35906,1.36226,33821.0
2026-02-13 10:00:00+00:00,1.36228,1.3646,1.35989,1.36336,44548.0
2026-02-13 14:00:00+00:00,1.36334,1.36596,1.3607,1.36486,64928.0
2026-02-13 18:00:00+00:00,1.36486,1.36582,1.36414,1.36553,28379.0
2026-02-15 22:00:00+00:00,1.36461,1.36495,1.36371,1.36435,22081.0
2026-02-16 02:00:00+00:00,1.36435,1.36456,1.36355,1.36392,14919.0
2026-02-16 06:00:00+00:00,1.36391,1.36621,1.36358,1.36448,24056.0
2026-02-16 10:00:00+00:00,1.36446,1.36521,1.36289,1.36334,19565.0
2026-02-16 14:00:00+00:00,1.36332,1.36405,1.36258,1.36272,15954.0
2026-02-16 18:00:00+00:00,1.36272,1.36332,1.36254,1.36306,5095.0
2026-02-16 22:00:00+00:00,1.36326,1.36348,1.3614,1.36167,15022.0
2026-02-17 02:00:00+00:00,1.36166,1.36204,1.36036,1.36074,16617.0
2026-02-17 06:00:00+00:00,1.36074,1.36149,1.35524,1.35914,30556.0
2026-02-17 10:00:00+00:00,1.35914,1.36064,1.35246,1.35249,34618.0
2026-02-17 14:00:00+00:00,1.35248,1.35502,1.34959,1.35466,51673.0
2026-02-17 18:00:00+00:00,1.35467,1.35692,1.35412,1.35675,18380.0
2026-02-17 22:00:00+00:00,1.35645,1.35726,1.35542,1.35585,13795.0
2026-02-18 02:00:00+00:00,1.35588,1.35596,1.35498,1.3559,11791.0
2026-02-18 06:00:00+00:00,1.3559,1.35794,1.35537,1.35746,26640.0
2026-02-18 10:00:00+00:00,1.35746,1.35822,1.3552,1.35521,22953.0
2026-02-18 14:00:00+00:00,1.35522,1.35586,1.35127,1.35221,41448.0
2026-02-18 18:00:00+00:00,1.35222,1.35256,1.3492,1.34934,25099.0
2026-02-18 22:00:00+00:00,1.34934,1.35018,1.34883,1.34964,13840.0
2026-02-19 02:00:00+00:00,1.34964,1.3498,1.34806,1.34874,12851.0
2026-02-19 06:00:00+00:00,1.34875,1.3517,1.34851,1.35046,21932.0
2026-02-19 10:00:00+00:00,1.35046,1.35074,1.34491,1.34672,32574.0
2026-02-19 14:00:00+00:00,1.3467,1.34742,1.34341,1.34525,55965.0
2026-02-19 18:00:00+00:00,1.34526,1.34734,1.34472,1.3464,23154.0
2026-02-19 22:00:00+00:00,1.34652,1.34716,1.34416,1.3447,16271.0
2026-02-20 02:00:00+00:00,1.3447,1.3449,1.34352,1.34456,18973.0
2026-02-20 06:00:00+00:00,1.34458,1.34792,1.34362,1.3467,32519.0
2026-02-20 10:00:00+00:00,1.34672,1.3498,1.34618,1.34866,34404.0
2026-02-20 14:00:00+00:00,1.34864,1.35153,1.3461,1.34896,94445.0
2026-02-20 18:00:00+00:00,1.34896,1.35072,1.34776,1.34785,40979.0
2026-02-22 22:00:00+00:00,1.34915,1.35336,1.34828,1.35193,26531.0
2026-02-23 02:00:00+00:00,1.35192,1.35288,1.35105,1.35204,22231.0
2026-02-23 06:00:00+00:00,1.35204,1.35354,1.35058,1.35085,31092.0
2026-02-23 10:00:00+00:00,1.35084,1.3513,1.34756,1.35062,33260.0
2026-02-23 14:00:00+00:00,1.35062,1.3525,1.34848,1.34958,55363.0
2026-02-23 18:00:00+00:00,1.34958,1.35016,1.34856,1.34922,24157.0
2026-02-23 22:00:00+00:00,1.34929,1.34998,1.34779,1.34908,34704.0
2026-02-24 02:00:00+00:00,1.34907,1.35015,1.34792,1.34888,19077.0
2026-02-24 06:00:00+00:00,1.34888,1.35028,1.347,1.34998,35280.0
2026-02-24 10:00:00+00:00,1.34999,1.35062,1.34766,1.34862,31891.0
2026-02-24 14:00:00+00:00,1.34861,1.35366,1.348,1.35184,47903.0
2026-02-24 18:00:00+00:00,1.35183,1.35201,1.34881,1.34892,20154.0
2026-02-24 22:00:00+00:00,1.3492,1.35068,1.34878,1.35028,15988.0
2026-02-25 02:00:00+00:00,1.35028,1.35252,1.35025,1.35218,30158.0
2026-02-25 06:00:00+00:00,1.35218,1.3534,1.35098,1.3518,34072.0
2026-02-25 10:00:00+00:00,1.3518,1.35356,1.34912,1.35083,30463.0
2026-02-25 14:00:00+00:00,1.35082,1.3566,1.35066,1.35559,43077.0
2026-02-25 18:00:00+00:00,1.3556,1.3561,1.3548,1.35594,15702.0
2026-02-25 22:00:00+00:00,1.3557,1.3574,1.35518,1.35735,19348.0
2026-02-26 02:00:00+00:00,1.35736,1.35752,1.35497,1.35607,18727.0
2026-02-26 06:00:00+00:00,1.35608,1.35626,1.35193,1.35276,30905.0
2026-02-26 10:00:00+00:00,1.35276,1.35568,1.35238,1.35368,29003.0
2026-02-26 14:00:00+00:00,1.35366,1.35542,1.34492,1.3451,57021.0
2026-02-26 18:00:00+00:00,1.3451,1.34933,1.34454,1.34836,22278.0
2026-02-26 22:00:00+00:00,1.34837,1.34936,1.34764,1.34768,17569.0
2026-02-27 02:00:00+00:00,1.34772,1.35014,1.34772,1.34899,19268.0
2026-02-27 06:00:00+00:00,1.34896,1.35082,1.34616,1.34846,33076.0
2026-02-27 10:00:00+00:00,1.34848,1.34867,1.34396,1.34448,35411.0
2026-02-27 14:00:00+00:00,1.3445,1.34769,1.34412,1.34601,53754.0
2026-02-27 18:00:00+00:00,1.34602,1.34906,1.34599,1.34868,22754.0
2026-03-01 22:00:00+00:00,1.34086,1.34541,1.34006,1.34506,43019.0
2026-03-02 02:00:00+00:00,1.34506,1.34561,1.34146,1.34151,30761.0
2026-03-02 06:00:00+00:00,1.3415,1.34158,1.33144,1.33728,65504.0
2026-03-02 10:00:00+00:00,1.33727,1.34264,1.33726,1.33828,52402.0
2026-03-02 14:00:00+00:00,1.33824,1.34256,1.33599,1.34156,74529.0
2026-03-02 18:00:00+00:00,1.34156,1.34319,1.33862,1.34054,36885.0
2026-03-02 22:00:00+00:00,1.34075,1.34254,1.33979,1.34092,21854.0
2026-03-03 02:00:00+00:00,1.34093,1.34127,1.33611,1.33634,37257.0
2026-03-03 06:00:00+00:00,1.33634,1.33666,1.3281,1.32979,58719.0
2026-03-03 10:00:00+00:00,1.32978,1.33276,1.32626,1.33012,73293.0
2026-03-03 14:00:00+00:00,1.33012,1.33376,1.32532,1.33233,111121.0
2026-03-03 18:00:00+00:00,1.33232,1.33702,1.33226,1.33565,51332.0
2026-03-03 22:00:00+00:00,1.33571,1.33638,1.33034,1.33258,34013.0
2026-03-04 02:00:00+00:00,1.33256,1.33416,1.33112,1.33178,41231.0
2026-03-04 06:00:00+00:00,1.33178,1.33763,1.33056,1.33608,60676.0
2026-03-04 10:00:00+00:00,1.3361,1.34036,1.33486,1.33628,69767.0
2026-03-04 14:00:00+00:00,1.33625,1.33849,1.33466,1.33611,78074.0
2026-03-04 18:00:00+00:00,1.33612,1.33809,1.33468,1.33726,26611.0
2026-03-04 22:00:00+00:00,1.33728,1.33872,1.33648,1.33673,28306.0
2026-03-05 02:00:00+00:00,1.33672,1.33716,1.33136,1.33142,36630.0
2026-03-05 06:00:00+00:00,1.33142,1.33771,1.3306,1.3355,75172.0
2026-03-05 10:00:00+00:00,1.33549,1.33739,1.33328,1.33458,57520.0
2026-03-05 14:00:00+00:00,1.33456,1.336,1.32975,1.33298,81551.0
2026-03-05 18:00:00+00:00,1.333,1.33655,1.3318,1.33589,54202.0
2026-03-05 22:00:00+00:00,1.33517,1.33718,1.3337,1.33652,26439.0
2026-03-06 02:00:00+00:00,1.33652,1.33734,1.33553,1.33564,27896.0
2026-03-06 06:00:00+00:00,1.33564,1.33796,1.33182,1.3324,45421.0
2026-03-06 10:00:00+00:00,1.3324,1.33928,1.33114,1.33386,81506.0
2026-03-06 14:00:00+00:00,1.33387,1.34098,1.33254,1.33872,112253.0
2026-03-06 18:00:00+00:00,1.33872,1.34124,1.33782,1.34105,58412.0
2026-03-08 21:00:00+00:00,1.33384,1.33553,1.32965,1.33004,36069.0
2026-03-09 01:00:00+00:00,1.33004,1.33105,1.32832,1.32978,54484.0
2026-03-09 05:00:00+00:00,1.32979,1.33513,1.32962,1.33191,79428.0
2026-03-09 09:00:00+00:00,1.33192,1.33638,1.3314,1.33524,82860.0
2026-03-09 13:00:00+00:00,1.33526,1.34088,1.33463,1.3391,87898.0
2026-03-09 17:00:00+00:00,1.33909,1.3447,1.33821,1.34434,67358.0
2026-03-09 21:00:00+00:00,1.34441,1.34488,1.34181,1.34352,27021.0
2026-03-10 01:00:00+00:00,1.34352,1.34394,1.34136,1.34248,38819.0
2026-03-10 05:00:00+00:00,1.34246,1.34835,1.34245,1.34594,46435.0
2026-03-10 09:00:00+00:00,1.34598,1.34688,1.34306,1.34416,61317.0
2026-03-10 13:00:00+00:00,1.34415,1.3473,1.34378,1.34629,65399.0
2026-03-10 17:00:00+00:00,1.3463,1.34811,1.34122,1.34168,68894.0
2026-03-10 21:00:00+00:00,1.3418,1.34374,1.34102,1.34308,23798.0
2026-03-11 01:00:00+00:00,1.34308,1.34577,1.34264,1.34543,34689.0
2026-03-11 05:00:00+00:00,1.34544,1.34567,1.34101,1.34268,46788.0
2026-03-11 09:00:00+00:00,1.34268,1.34497,1.33946,1.33994,63839.0
2026-03-11 13:00:00+00:00,1.33994,1.3444,1.33935,1.34101,75494.0
2026-03-11 17:00:00+00:00,1.34103,1.34224,1.33987,1.34127,31782.0
2026-03-11 21:00:00+00:00,1.34109,1.3415,1.337,1.33828,17598.0
2026-03-12 01:00:00+00:00,1.33828,1.33972,1.33614,1.33629,30996.0
2026-03-12 05:00:00+00:00,1.33628,1.33978,1.33617,1.33788,37858.0
2026-03-12 09:00:00+00:00,1.33788,1.34098,1.3368,1.33782,39936.0
2026-03-12 13:00:00+00:00,1.33782,1.33919,1.33382,1.33483,84215.0
2026-03-12 17:00:00+00:00,1.33481,1.33616,1.33401,1.33436,37374.0
2026-03-12 21:00:00+00:00,1.33388,1.33652,1.33387,1.33634,22609.0
2026-03-13 01:00:00+00:00,1.33633,1.33698,1.33296,1.33316,27456.0
2026-03-13 05:00:00+00:00,1.33316,1.33377,1.32557,1.32606,45541.0
2026-03-13 09:00:00+00:00,1.32611,1.3286,1.32456,1.32714,57730.0
2026-03-13 13:00:00+00:00,1.32714,1.32898,1.32304,1.32442,77601.0
2026-03-13 17:00:00+00:00,1.32444,1.32532,1.32186,1.32243,33094.0
2026-03-15 21:00:00+00:00,1.32432,1.32645,1.32254,1.32634,21881.0
2026-03-16 01:00:00+00:00,1.32636,1.32661,1.32473,1.32514,23945.0
2026-03-16 05:00:00+00:00,1.32513,1.32566,1.32303,1.32521,31691.0
2026-03-16 09:00:00+00:00,1.3252,1.32901,1.32413,1.3278,42611.0
2026-03-16 13:00:00+00:00,1.3278,1.33176,1.3278,1.33034,49938.0
2026-03-16 17:00:00+00:00,1.33036,1.334,1.33001,1.33194,39818.0
2026-03-16 21:00:00+00:00,1.33199,1.33215,1.32997,1.33027,13320.0
2026-03-17 01:00:00+00:00,1.33028,1.33156,1.32956,1.33118,23100.0
2026-03-17 05:00:00+00:00,1.33118,1.33314,1.32733,1.33291,38497.0
2026-03-17 09:00:00+00:00,1.3329,1.33398,1.33115,1.33325,40391.0
2026-03-17 13:00:00+00:00,1.3333,1.33604,1.33328,1.33474,57923.0
2026-03-17 17:00:00+00:00,1.33475,1.33647,1.33444,1.33558,22758.0
2026-03-17 21:00:00+00:00,1.33562,1.33635,1.33512,1.33519,25852.0
2026-03-18 01:00:00+00:00,1.3352,1.33654,1.33504,1.33638,20250.0
2026-03-18 05:00:00+00:00,1.33638,1.33746,1.33414,1.33502,24568.0
2026-03-18 09:00:00+00:00,1.33502,1.33714,1.33126,1.33147,44663.0
2026-03-18 13:00:00+00:00,1.33147,1.33373,1.33028,1.33354,64426.0
2026-03-18 17:00:00+00:00,1.33354,1.33508,1.32525,1.32576,56610.0
2026-03-18 21:00:00+00:00,1.32591,1.32856,1.32513,1.32855,16697.0
2026-03-19 01:00:00+00:00,1.32856,1.3298,1.32686,1.32728,24257.0
2026-03-19 05:00:00+00:00,1.32725,1.32771,1.3246,1.32535,45112.0
2026-03-19 09:00:00+00:00,1.32534,1.33102,1.32534,1.32991,70510.0
2026-03-19 13:00:00+00:00,1.3299,1.339,1.32812,1.33694,119794.0
2026-03-19 17:00:00+00:00,1.33694,1.34674,1.33689,1.34312,66480.0
2026-03-19 21:00:00+00:00,1.34318,1.34425,1.34182,1.3424,13221.0
2026-03-20 01:00:00+00:00,1.34241,1.34294,1.3402,1.3403,21993.0
2026-03-20 05:00:00+00:00,1.34031,1.34366,1.33983,1.34174,30535.0
2026-03-20 09:00:00+00:00,1.34174,1.34182,1.33634,1.33814,48712.0
2026-03-20 13:00:00+00:00,1.33814,1.33829,1.32988,1.33232,90319.0
2026-03-20 17:00:00+00:00,1.33232,1.33536,1.33162,1.33406,56384.0
2026-03-22 21:00:00+00:00,1.33136,1.33394,1.3304,1.332,22690.0
2026-03-23 01:00:00+00:00,1.33198,1.33434,1.3313,1.3324,39291.0
2026-03-23 05:00:00+00:00,1.33239,1.33312,1.32814,1.33089,60068.0
2026-03-23 09:00:00+00:00,1.33091,1.34346,1.32571,1.34294,187890.0
2026-03-23 13:00:00+00:00,1.34296,1.34795,1.33778,1.34008,179985.0
2026-03-23 17:00:00+00:00,1.34008,1.34584,1.33944,1.34268,68178.0
2026-03-23 21:00:00+00:00,1.34352,1.34376,1.33934,1.3401,25575.0
2026-03-24 01:00:00+00:00,1.34008,1.34088,1.33864,1.33944,39157.0
2026-03-24 05:00:00+00:00,1.33944,1.34456,1.33856,1.33902,67186.0
2026-03-24 09:00:00+00:00,1.33904,1.34153,1.338,1.3393,58210.0
2026-03-24 13:00:00+00:00,1.33927,1.34256,1.33652,1.33832,93773.0
2026-03-24 17:00:00+00:00,1.33832,1.34322,1.33522,1.34116,79546.0
2026-03-24 21:00:00+00:00,1.34066,1.34361,1.34036,1.3429,31435.0
2026-03-25 01:00:00+00:00,1.34289,1.3433,1.33914,1.3392,32879.0
2026-03-25 05:00:00+00:00,1.3392,1.34244,1.337,1.34077,49128.0
2026-03-25 09:00:00+00:00,1.34076,1.34271,1.33895,1.33938,51915.0
2026-03-25 13:00:00+00:00,1.33938,1.3401,1.3359,1.33788,71020.0
2026-03-25 17:00:00+00:00,1.33789,1.33927,1.33584,1.33652,36154.0
2026-03-25 21:00:00+00:00,1.33657,1.33716,1.33544,1.3359,14521.0
2026-03-26 01:00:00+00:00,1.3359,1.33682,1.33484,1.33655,22180.0
2026-03-26 05:00:00+00:00,1.33656,1.33673,1.33367,1.3353,35365.0
2026-03-26 09:00:00+00:00,1.3353,1.33616,1.33218,1.33304,37059.0
2026-03-26 13:00:00+00:00,1.33304,1.33784,1.33302,1.33374,67148.0
2026-03-26 17:00:00+00:00,1.33374,1.3369,1.33102,1.33308,47187.0
2026-03-26 21:00:00+00:00,1.33316,1.33406,1.33222,1.33338,19877.0
2026-03-27 01:00:00+00:00,1.33338,1.3347,1.3332,1.33431,25807.0
2026-03-27 05:00:00+00:00,1.3343,1.33474,1.33094,1.3314,38122.0
2026-03-27 09:00:00+00:00,1.33136,1.33181,1.3272,1.3282,38813.0
2026-03-27 13:00:00+00:00,1.3282,1.33328,1.3274,1.32767,71103.0
2026-03-27 17:00:00+00:00,1.32766,1.32886,1.32602,1.32617,36682.0
2026-03-29 21:00:00+00:00,1.32613,1.3272,1.32326,1.32524,31257.0
2026-03-30 01:00:00+00:00,1.32524,1.32774,1.32454,1.32681,36423.0
2026-03-30 05:00:00+00:00,1.32682,1.32828,1.32328,1.3235,36335.0
2026-03-30 09:00:00+00:00,1.3235,1.3254,1.32205,1.3228,41618.0
2026-03-30 13:00:00+00:00,1.3228,1.32342,1.31738,1.31906,67528.0
2026-03-30 17:00:00+00:00,1.31907,1.31972,1.31742,1.3184,31971.0
2026-03-30 21:00:00+00:00,1.31845,1.3203,1.31596,1.32006,24223.0
2026-03-31 01:00:00+00:00,1.32006,1.32246,1.31962,1.31972,35755.0
2026-03-31 05:00:00+00:00,1.31972,1.32197,1.31912,1.3212,37651.0
2026-03-31 09:00:00+00:00,1.3212,1.32488,1.3192,1.3237,50422.0
2026-03-31 13:00:00+00:00,1.32372,1.32644,1.31722,1.3216,104914.0
2026-03-31 17:00:00+00:00,1.3216,1.32484,1.32158,1.32288,68339.0
2026-03-31 21:00:00+00:00,1.32281,1.32547,1.32212,1.32466,16333.0
