timestamp,open,high,low,close,volume
2025-01-01 22:00:00+00:00,1.80054,1.80062,1.79992,1.80018,1422.0
2025-01-01 23:00:00+00:00,1.79998,1.8,1.7986,1.79959,3111.0
2025-01-02 00:00:00+00:00,1.7996,1.80002,1.79922,1.79956,2278.0
2025-01-02 01:00:00+00:00,1.79952,1.79963,1.79842,1.7994,4358.0
2025-01-02 02:00:00+00:00,1.79938,1.80126,1.79937,1.8012,2376.0
2025-01-02 03:00:00+00:00,1.80121,1.80218,1.80118,1.80214,2517.0
2025-01-02 04:00:00+00:00,1.80212,1.80244,1.8014,1.80186,2564.0
2025-01-02 05:00:00+00:00,1.80186,1.80205,1.80085,1.80088,3248.0
2025-01-02 06:00:00+00:00,1.80086,1.8017,1.80068,1.80132,4088.0
2025-01-02 07:00:00+00:00,1.80132,1.80403,1.80102,1.80354,5810.0
2025-01-02 08:00:00+00:00,1.80353,1.80356,1.80032,1.8009,8224.0
2025-01-02 09:00:00+00:00,1.80086,1.80138,1.79878,1.79916,6771.0
2025-01-02 10:00:00+00:00,1.79918,1.8004,1.79528,1.79534,7484.0
2025-01-02 11:00:00+00:00,1.79533,1.7959,1.79362,1.79544,6780.0
2025-01-02 12:00:00+00:00,1.79543,1.796,1.79024,1.79114,7596.0
2025-01-02 13:00:00+00:00,1.79115,1.7913,1.78772,1.78868,9802.0
2025-01-02 14:00:00+00:00,1.78868,1.78994,1.78707,1.78904,9569.0
2025-01-02 15:00:00+00:00,1.78908,1.7892,1.78445,1.78455,13855.0
2025-01-02 16:00:00+00:00,1.78455,1.78702,1.7834,1.78462,15184.0
2025-01-02 17:00:00+00:00,1.78462,1.78489,1.78062,1.7818,10443.0
2025-01-02 18:00:00+00:00,1.78182,1.78368,1.78149,1.78203,6608.0
2025-01-02 19:00:00+00:00,1.78204,1.78316,1.78156,1.78316,4675.0
2025-01-02 20:00:00+00:00,1.78316,1.78332,1.78216,1.78241,4504.0
2025-01-02 21:00:00+00:00,1.78246,1.78333,1.78224,1.78308,2032.0
2025-01-02 22:00:00+00:00,1.78302,1.78446,1.78244,1.78404,3823.0
2025-01-02 23:00:00+00:00,1.78424,1.7844,1.78277,1.78322,1174.0
2025-01-03 00:00:00+00:00,1.7832,1.78326,1.78246,1.7828,2070.0
2025-01-03 01:00:00+00:00,1.78276,1.78302,1.7821,1.78232,3735.0
2025-01-03 02:00:00+00:00,1.7823,1.78296,1.78196,1.7826,3530.0
2025-01-03 03:00:00+00:00,1.78254,1.78308,1.78251,1.78276,2017.0
2025-01-03 04:00:00+00:00,1.78272,1.78346,1.78246,1.78336,1731.0
2025-01-03 05:00:00+00:00,1.78336,1.78432,1.78266,1.78397,3080.0
2025-01-03 06:00:00+00:00,1.78398,1.78445,1.78374,1.78434,2178.0
2025-01-03 07:00:00+00:00,1.78433,1.78539,1.78376,1.78529,6362.0
2025-01-03 08:00:00+00:00,1.7853,1.78569,1.78344,1.78462,5277.0
2025-01-03 09:00:00+00:00,1.78458,1.78732,1.78434,1.78519,4823.0
2025-01-03 10:00:00+00:00,1.7852,1.78543,1.78358,1.78472,4420.0
2025-01-03 11:00:00+00:00,1.78478,1.7876,1.78478,1.78572,5258.0
2025-01-03 12:00:00+00:00,1.7857,1.78744,1.78558,1.78692,5196.0
2025-01-03 13:00:00+00:00,1.78695,1.78894,1.78692,1.78748,8015.0
2025-01-03 14:00:00+00:00,1.7875,1.7903,1.7861,1.78966,8220.0
2025-01-03 15:00:00+00:00,1.78954,1.79176,1.78931,1.79072,12392.0
2025-01-03 16:00:00+00:00,1.7907,1.7952,1.7903,1.79512,8795.0
2025-01-03 17:00:00+00:00,1.79516,1.79632,1.79392,1.79532,6364.0
2025-01-03 18:00:00+00:00,1.7953,1.79636,1.79528,1.79582,5097.0
2025-01-03 19:00:00+00:00,1.79582,1.79654,1.79526,1.79555,4003.0
2025-01-03 20:00:00+00:00,1.79552,1.79577,1.79479,1.79519,3881.0
2025-01-03 21:00:00+00:00,1.79518,1.79552,1.79422,1.7947,1813.0
2025-01-05 22:00:00+00:00,1.79468,1.79576,1.79395,1.79457,2543.0
2025-01-05 23:00:00+00:00,1.79473,1.79516,1.79384,1.79391,2042.0
2025-01-06 00:00:00+00:00,1.79392,1.7942,1.79336,1.79387,4558.0
2025-01-06 01:00:00+00:00,1.79385,1.79442,1.79036,1.79064,5537.0
2025-01-06 02:00:00+00:00,1.79061,1.79178,1.79002,1.79079,4325.0
2025-01-06 03:00:00+00:00,1.7908,1.79128,1.78986,1.7912,2657.0
2025-01-06 04:00:00+00:00,1.79118,1.79167,1.79088,1.79145,1475.0
2025-01-06 05:00:00+00:00,1.79143,1.79174,1.78935,1.7895,2155.0
2025-01-06 06:00:00+00:00,1.78949,1.79171,1.78946,1.79145,3670.0
2025-01-06 07:00:00+00:00,1.79144,1.79271,1.79054,1.7919,4815.0
2025-01-06 08:00:00+00:00,1.79192,1.79454,1.79186,1.79238,8443.0
2025-01-06 09:00:00+00:00,1.79234,1.79608,1.792,1.79323,8765.0
2025-01-06 10:00:00+00:00,1.79326,1.7937,1.79125,1.79132,5993.0
2025-01-06 11:00:00+00:00,1.79128,1.79655,1.79084,1.79385,17420.0
2025-01-06 12:00:00+00:00,1.79385,1.7959,1.7938,1.79467,10808.0
2025-01-06 13:00:00+00:00,1.79469,1.79547,1.79168,1.79304,10659.0
2025-01-06 14:00:00+00:00,1.793,1.7937,1.78705,1.79302,18074.0
2025-01-06 15:00:00+00:00,1.79297,1.79691,1.79184,1.79623,15437.0
2025-01-06 16:00:00+00:00,1.79625,1.80011,1.79602,1.79884,9672.0
2025-01-06 17:00:00+00:00,1.79882,1.7995,1.79662,1.79807,6480.0
2025-01-06 18:00:00+00:00,1.7981,1.79834,1.79678,1.79726,6159.0
2025-01-06 19:00:00+00:00,1.79724,1.79743,1.79368,1.7939,5175.0
2025-01-06 20:00:00+00:00,1.79391,1.7953,1.79376,1.7944,4075.0
2025-01-06 21:00:00+00:00,1.79438,1.7947,1.79384,1.79445,2239.0
2025-01-06 22:00:00+00:00,1.79435,1.79458,1.79349,1.79428,1352.0
2025-01-06 23:00:00+00:00,1.79454,1.79454,1.79334,1.79406,1642.0
2025-01-07 00:00:00+00:00,1.79409,1.79465,1.79364,1.79416,3551.0
2025-01-07 01:00:00+00:00,1.79416,1.79548,1.79338,1.79474,4181.0
2025-01-07 02:00:00+00:00,1.79474,1.79525,1.7941,1.79446,3127.0
2025-01-07 03:00:00+00:00,1.79447,1.7951,1.79408,1.79508,2810.0
2025-01-07 04:00:00+00:00,1.79509,1.79521,1.79444,1.79485,1790.0
2025-01-07 05:00:00+00:00,1.79484,1.79528,1.7944,1.79473,3630.0
2025-01-07 06:00:00+00:00,1.79474,1.79574,1.79474,1.79534,3890.0
2025-01-07 07:00:00+00:00,1.79535,1.79771,1.7952,1.7959,6907.0
2025-01-07 08:00:00+00:00,1.79588,1.79742,1.79376,1.7974,7693.0
2025-01-07 09:00:00+00:00,1.79746,1.79912,1.79668,1.79686,6382.0
2025-01-07 10:00:00+00:00,1.79686,1.79754,1.79606,1.79658,6142.0
2025-01-07 11:00:00+00:00,1.79657,1.79668,1.79434,1.79512,6115.0
2025-01-07 12:00:00+00:00,1.79513,1.79586,1.79314,1.79349,7190.0
2025-01-07 13:00:00+00:00,1.79348,1.79623,1.79288,1.79616,7588.0
2025-01-07 14:00:00+00:00,1.7962,1.79796,1.79472,1.79532,8712.0
2025-01-07 15:00:00+00:00,1.79614,1.79644,1.79158,1.79269,18037.0
2025-01-07 16:00:00+00:00,1.79268,1.79359,1.7906,1.79205,12857.0
2025-01-07 17:00:00+00:00,1.79206,1.79344,1.79003,1.7931,8899.0
2025-01-07 18:00:00+00:00,1.79306,1.79327,1.7915,1.79204,6812.0
2025-01-07 19:00:00+00:00,1.79204,1.79316,1.79129,1.79198,5356.0
2025-01-07 20:00:00+00:00,1.79198,1.79278,1.79143,1.79213,4497.0
2025-01-07 21:00:00+00:00,1.79212,1.79316,1.79142,1.79314,2029.0
2025-01-07 22:00:00+00:00,1.79256,1.79278,1.79222,1.79271,2150.0
2025-01-07 23:00:00+00:00,1.79258,1.7927,1.79164,1.79223,1707.0
2025-01-08 00:00:00+00:00,1.79222,1.79248,1.79077,1.79082,3708.0
2025-01-08 01:00:00+00:00,1.7908,1.79158,1.79016,1.79149,4247.0
2025-01-08 02:00:00+00:00,1.79148,1.7917,1.79095,1.79125,3465.0
2025-01-08 03:00:00+00:00,1.79124,1.79154,1.79056,1.79066,2943.0
2025-01-08 04:00:00+00:00,1.79065,1.79134,1.79054,1.79123,2013.0
2025-01-08 05:00:00+00:00,1.79124,1.79152,1.79084,1.79112,2832.0
2025-01-08 06:00:00+00:00,1.79114,1.79229,1.7907,1.79214,3809.0
2025-01-08 07:00:00+00:00,1.79208,1.79208,1.79004,1.7905,7271.0
2025-01-08 08:00:00+00:00,1.79049,1.79049,1.78662,1.78736,8901.0
2025-01-08 09:00:00+00:00,1.78732,1.78869,1.78724,1.78834,7397.0
2025-01-08 10:00:00+00:00,1.78837,1.78916,1.7877,1.78877,6084.0
2025-01-08 11:00:00+00:00,1.78878,1.78882,1.77558,1.78034,13935.0
2025-01-08 12:00:00+00:00,1.7803,1.78061,1.77441,1.7751,8375.0
2025-01-08 13:00:00+00:00,1.77508,1.77914,1.77438,1.77868,13349.0
2025-01-08 14:00:00+00:00,1.77869,1.77974,1.77441,1.77559,12642.0
2025-01-08 15:00:00+00:00,1.77557,1.77794,1.77469,1.77578,12149.0
2025-01-08 16:00:00+00:00,1.77578,1.77816,1.77526,1.77775,9034.0
2025-01-08 17:00:00+00:00,1.77778,1.77798,1.77546,1.77665,8197.0
2025-01-08 18:00:00+00:00,1.77662,1.7791,1.77638,1.77828,7475.0
2025-01-08 19:00:00+00:00,1.77832,1.77949,1.77749,1.778,7389.0
2025-01-08 20:00:00+00:00,1.778,1.7784,1.77722,1.77804,4951.0
2025-01-08 21:00:00+00:00,1.77804,1.77808,1.77672,1.77717,2777.0
2025-01-08 22:00:00+00:00,1.77764,1.77782,1.77698,1.7773,1807.0
2025-01-08 23:00:00+00:00,1.77733,1.77733,1.77658,1.77664,1630.0
2025-01-09 00:00:00+00:00,1.77663,1.77698,1.77596,1.7768,3813.0
2025-01-09 01:00:00+00:00,1.7768,1.77701,1.77629,1.77681,4411.0
2025-01-09 02:00:00+00:00,1.7768,1.77706,1.77613,1.7763,3696.0
2025-01-09 03:00:00+00:00,1.77627,1.77642,1.77434,1.77452,3402.0
2025-01-09 04:00:00+00:00,1.77453,1.77464,1.77308,1.77324,2670.0
2025-01-09 05:00:00+00:00,1.77324,1.7736,1.77212,1.77244,3479.0
2025-01-09 06:00:00+00:00,1.77242,1.77257,1.76727,1.7675,6565.0
2025-01-09 07:00:00+00:00,1.76754,1.77005,1.76416,1.76519,9982.0
2025-01-09 08:00:00+00:00,1.76518,1.76835,1.7626,1.76742,11596.0
2025-01-09 09:00:00+00:00,1.76741,1.76946,1.76606,1.76656,8778.0
2025-01-09 10:00:00+00:00,1.76656,1.76784,1.76274,1.76712,8303.0
2025-01-09 11:00:00+00:00,1.76711,1.77039,1.76558,1.76902,8352.0
2025-01-09 12:00:00+00:00,1.76902,1.76931,1.76627,1.76912,6866.0
2025-01-09 13:00:00+00:00,1.76912,1.77328,1.76872,1.77054,9200.0
2025-01-09 14:00:00+00:00,1.77055,1.77328,1.76942,1.7731,7050.0
2025-01-09 15:00:00+00:00,1.77309,1.77346,1.7697,1.77124,8205.0
2025-01-09 16:00:00+00:00,1.77122,1.77141,1.76959,1.77066,6799.0
2025-01-09 17:00:00+00:00,1.77066,1.7727,1.77006,1.77074,5365.0
2025-01-09 18:00:00+00:00,1.77071,1.77128,1.77022,1.7709,4019.0
2025-01-09 19:00:00+00:00,1.77091,1.77194,1.77058,1.77138,2989.0
2025-01-09 20:00:00+00:00,1.77137,1.77218,1.77105,1.77112,1980.0
2025-01-09 21:00:00+00:00,1.77112,1.772,1.7709,1.77141,1494.0
2025-01-09 22:00:00+00:00,1.77172,1.77252,1.77148,1.77238,881.0
2025-01-09 23:00:00+00:00,1.7724,1.7724,1.7711,1.77122,736.0
2025-01-10 00:00:00+00:00,1.77123,1.7717,1.77014,1.77066,3410.0
2025-01-10 01:00:00+00:00,1.77067,1.77215,1.7704,1.77178,4328.0
2025-01-10 02:00:00+00:00,1.77177,1.77294,1.7716,1.77262,3197.0
2025-01-10 03:00:00+00:00,1.77262,1.77317,1.77234,1.77268,3263.0
2025-01-10 04:00:00+00:00,1.7727,1.7729,1.77152,1.77173,2557.0
2025-01-10 05:00:00+00:00,1.77172,1.77184,1.76959,1.76974,3785.0
2025-01-10 06:00:00+00:00,1.76976,1.77098,1.76884,1.76902,4591.0
2025-01-10 07:00:00+00:00,1.76904,1.77124,1.76892,1.7705,5994.0
2025-01-10 08:00:00+00:00,1.77051,1.77165,1.7692,1.77086,8531.0
2025-01-10 09:00:00+00:00,1.77084,1.77408,1.77047,1.77282,6071.0
2025-01-10 10:00:00+00:00,1.77282,1.77304,1.77063,1.77141,5422.0
2025-01-10 11:00:00+00:00,1.77138,1.7731,1.76972,1.77264,6169.0
2025-01-10 12:00:00+00:00,1.77263,1.77508,1.77229,1.77387,7019.0
2025-01-10 13:00:00+00:00,1.7739,1.77543,1.75976,1.76171,19115.0
2025-01-10 14:00:00+00:00,1.76169,1.76357,1.75971,1.76219,20211.0
2025-01-10 15:00:00+00:00,1.76216,1.76585,1.761,1.76391,18966.0
2025-01-10 16:00:00+00:00,1.76398,1.76416,1.76051,1.76304,14260.0
2025-01-10 17:00:00+00:00,1.76306,1.76378,1.76169,1.76178,10278.0
2025-01-10 18:00:00+00:00,1.76175,1.7622,1.76076,1.76169,7519.0
2025-01-10 19:00:00+00:00,1.76172,1.76261,1.76096,1.76152,7995.0
2025-01-10 20:00:00+00:00,1.76152,1.76222,1.76126,1.76156,6651.0
2025-01-10 21:00:00+00:00,1.76157,1.76225,1.76007,1.76031,2847.0
2025-01-12 22:00:00+00:00,1.75994,1.76134,1.7594,1.76078,2002.0
2025-01-12 23:00:00+00:00,1.76084,1.76084,1.75902,1.7592,3244.0
2025-01-13 00:00:00+00:00,1.75912,1.76023,1.75912,1.75961,3072.0
2025-01-13 01:00:00+00:00,1.75962,1.76048,1.758,1.75829,4872.0
2025-01-13 02:00:00+00:00,1.7583,1.75842,1.75718,1.7573,4072.0
2025-01-13 03:00:00+00:00,1.75729,1.75744,1.75282,1.75384,4579.0
2025-01-13 04:00:00+00:00,1.75394,1.7553,1.75174,1.75306,3917.0
2025-01-13 05:00:00+00:00,1.75306,1.75385,1.75178,1.75338,3605.0
2025-01-13 06:00:00+00:00,1.75335,1.75482,1.75258,1.75258,3309.0
2025-01-13 07:00:00+00:00,1.7525,1.75458,1.75057,1.7517,7955.0
2025-01-13 08:00:00+00:00,1.7517,1.75531,1.75015,1.75015,11156.0
2025-01-13 09:00:00+00:00,1.75014,1.75086,1.74656,1.74766,11798.0
2025-01-13 10:00:00+00:00,1.74762,1.75192,1.7476,1.7516,8282.0
2025-01-13 11:00:00+00:00,1.7516,1.75216,1.74746,1.74755,8027.0
2025-01-13 12:00:00+00:00,1.74752,1.7492,1.74596,1.7476,10504.0
2025-01-13 13:00:00+00:00,1.74763,1.75045,1.74582,1.74938,10768.0
2025-01-13 14:00:00+00:00,1.74928,1.75084,1.74858,1.75006,13377.0
2025-01-13 15:00:00+00:00,1.75008,1.75291,1.74879,1.7523,13025.0
2025-01-13 16:00:00+00:00,1.75228,1.75346,1.75116,1.75182,10215.0
2025-01-13 17:00:00+00:00,1.75182,1.75478,1.75182,1.75404,8189.0
2025-01-13 18:00:00+00:00,1.75408,1.75574,1.75316,1.7547,6892.0
2025-01-13 19:00:00+00:00,1.75468,1.75468,1.75283,1.75351,6092.0
2025-01-13 20:00:00+00:00,1.75349,1.75453,1.75298,1.75309,4810.0
2025-01-13 21:00:00+00:00,1.75312,1.75493,1.75294,1.75445,3450.0
2025-01-13 22:00:00+00:00,1.75382,1.75968,1.75356,1.75676,2223.0
2025-01-13 23:00:00+00:00,1.7571,1.75764,1.75526,1.75706,4377.0
2025-01-14 00:00:00+00:00,1.75706,1.7571,1.75523,1.75588,3908.0
2025-01-14 01:00:00+00:00,1.7559,1.75635,1.75492,1.7555,6204.0
2025-01-14 02:00:00+00:00,1.7555,1.75556,1.75407,1.75478,5220.0
2025-01-14 03:00:00+00:00,1.7548,1.75632,1.75458,1.75531,4294.0
2025-01-14 04:00:00+00:00,1.7553,1.75576,1.75427,1.75544,2953.0
2025-01-14 05:00:00+00:00,1.75543,1.75584,1.75466,1.75506,4384.0
2025-01-14 06:00:00+00:00,1.75516,1.75633,1.75486,1.756,4267.0
2025-01-14 07:00:00+00:00,1.75601,1.75744,1.75477,1.75527,8145.0
2025-01-14 08:00:00+00:00,1.75522,1.75868,1.75454,1.75483,10925.0
2025-01-14 09:00:00+00:00,1.75482,1.75482,1.75036,1.75072,8039.0
2025-01-14 10:00:00+00:00,1.75073,1.75266,1.75024,1.75263,5220.0
2025-01-14 11:00:00+00:00,1.75262,1.7532,1.75014,1.75103,5039.0
2025-01-14 12:00:00+00:00,1.75104,1.75152,1.74916,1.75058,7532.0
2025-01-14 13:00:00+00:00,1.75057,1.7512,1.74666,1.74959,15746.0
2025-01-14 14:00:00+00:00,1.74959,1.75203,1.7484,1.74918,12765.0
2025-01-14 15:00:00+00:00,1.7492,1.75154,1.74882,1.75118,12620.0
2025-01-14 16:00:00+00:00,1.75116,1.75332,1.75008,1.75106,12506.0
2025-01-14 17:00:00+00:00,1.75107,1.75132,1.74942,1.75068,6420.0
2025-01-14 18:00:00+00:00,1.75069,1.75319,1.75052,1.75223,5644.0
2025-01-14 19:00:00+00:00,1.75222,1.75293,1.75167,1.75242,5202.0
2025-01-14 20:00:00+00:00,1.75242,1.75302,1.75196,1.75246,6059.0
2025-01-14 21:00:00+00:00,1.75247,1.75319,1.75199,1.75282,2419.0
2025-01-14 22:00:00+00:00,1.75254,1.75298,1.75184,1.75261,1654.0
2025-01-14 23:00:00+00:00,1.75256,1.75292,1.75187,1.75244,1375.0
2025-01-15 00:00:00+00:00,1.75245,1.75245,1.75132,1.75177,2823.0
2025-01-15 01:00:00+00:00,1.7518,1.75214,1.75112,1.75132,3022.0
2025-01-15 02:00:00+00:00,1.75134,1.75135,1.75073,1.75098,3050.0
2025-01-15 03:00:00+00:00,1.75098,1.75196,1.7509,1.75152,2023.0
2025-01-15 04:00:00+00:00,1.75154,1.75156,1.75078,1.75152,1851.0
2025-01-15 05:00:00+00:00,1.75149,1.75304,1.75116,1.75214,3478.0
2025-01-15 06:00:00+00:00,1.75216,1.75258,1.7511,1.75162,2698.0
2025-01-15 07:00:00+00:00,1.75168,1.75586,1.74657,1.75461,10133.0
2025-01-15 08:00:00+00:00,1.75462,1.75464,1.75098,1.75191,8208.0
2025-01-15 09:00:00+00:00,1.7519,1.7537,1.7503,1.75293,6433.0
2025-01-15 10:00:00+00:00,1.75292,1.7545,1.75277,1.7538,4871.0
2025-01-15 11:00:00+00:00,1.75379,1.75432,1.75286,1.75354,5553.0
2025-01-15 12:00:00+00:00,1.75356,1.75387,1.7519,1.75346,5155.0
2025-01-15 13:00:00+00:00,1.75349,1.76062,1.75322,1.75956,15561.0
2025-01-15 14:00:00+00:00,1.7596,1.76088,1.7574,1.75787,16792.0
2025-01-15 15:00:00+00:00,1.75782,1.75887,1.75654,1.75786,13719.0
2025-01-15 16:00:00+00:00,1.75785,1.75802,1.75056,1.75126,12045.0
2025-01-15 17:00:00+00:00,1.75128,1.75294,1.7507,1.75122,8108.0
2025-01-15 18:00:00+00:00,1.75126,1.75296,1.7511,1.75246,5499.0
2025-01-15 19:00:00+00:00,1.75245,1.75288,1.7518,1.75242,4254.0
2025-01-15 20:00:00+00:00,1.75242,1.75469,1.75236,1.7542,3408.0
2025-01-15 21:00:00+00:00,1.75419,1.75577,1.75359,1.75564,1810.0
2025-01-15 22:00:00+00:00,1.75423,1.75574,1.75359,1.75471,3116.0
2025-01-15 23:00:00+00:00,1.75474,1.75512,1.75338,1.7536,1736.0
2025-01-16 00:00:00+00:00,1.7536,1.75446,1.75318,1.75396,4861.0
2025-01-16 01:00:00+00:00,1.75401,1.75434,1.75332,1.75364,5166.0
2025-01-16 02:00:00+00:00,1.75368,1.75438,1.75334,1.75402,4794.0
2025-01-16 03:00:00+00:00,1.754,1.75462,1.75373,1.75456,3202.0
2025-01-16 04:00:00+00:00,1.7545,1.75484,1.75359,1.75369,2252.0
2025-01-16 05:00:00+00:00,1.75371,1.75402,1.75351,1.75387,3888.0
2025-01-16 06:00:00+00:00,1.75384,1.75502,1.7538,1.75476,4420.0
2025-01-16 07:00:00+00:00,1.75456,1.75468,1.75171,1.75395,7543.0
2025-01-16 08:00:00+00:00,1.75398,1.75502,1.75296,1.75407,8470.0
2025-01-16 09:00:00+00:00,1.75404,1.75445,1.75174,1.75278,7743.0
2025-01-16 10:00:00+00:00,1.7528,1.75476,1.75264,1.75356,5776.0
2025-01-16 11:00:00+00:00,1.75357,1.75546,1.75343,1.75472,5883.0
2025-01-16 12:00:00+00:00,1.75468,1.75526,1.75322,1.75379,8783.0
2025-01-16 13:00:00+00:00,1.7538,1.75464,1.75173,1.75371,14400.0
2025-01-16 14:00:00+00:00,1.7537,1.75562,1.75166,1.75464,12823.0
2025-01-16 15:00:00+00:00,1.75464,1.76096,1.75364,1.75999,17724.0
2025-01-16 16:00:00+00:00,1.76,1.76162,1.75878,1.76028,14865.0
2025-01-16 17:00:00+00:00,1.7603,1.76224,1.7594,1.76018,10077.0
2025-01-16 18:00:00+00:00,1.76018,1.76157,1.7592,1.7602,7020.0
2025-01-16 19:00:00+00:00,1.7602,1.76164,1.75996,1.76115,7316.0
2025-01-16 20:00:00+00:00,1.76107,1.7616,1.76015,1.76074,5110.0
2025-01-16 21:00:00+00:00,1.76073,1.76144,1.76022,1.7612,2127.0
2025-01-16 22:00:00+00:00,1.76134,1.76266,1.76134,1.76194,1857.0
2025-01-16 23:00:00+00:00,1.76196,1.762,1.76108,1.7611,836.0
2025-01-17 00:00:00+00:00,1.76112,1.7622,1.76099,1.76166,2551.0
2025-01-17 01:00:00+00:00,1.76169,1.76208,1.76104,1.76149,2450.0
2025-01-17 02:00:00+00:00,1.76158,1.76284,1.76146,1.76164,3066.0
2025-01-17 03:00:00+00:00,1.76164,1.76174,1.76055,1.76094,2034.0
2025-01-17 04:00:00+00:00,1.76094,1.76112,1.75966,1.75994,2187.0
2025-01-17 05:00:00+00:00,1.7599,1.76023,1.7591,1.75964,2944.0
2025-01-17 06:00:00+00:00,1.75964,1.76008,1.75882,1.76,3126.0
2025-01-17 07:00:00+00:00,1.75961,1.75972,1.75252,1.75398,8595.0
2025-01-17 08:00:00+00:00,1.75407,1.75716,1.75406,1.75628,6772.0
2025-01-17 09:00:00+00:00,1.75621,1.75819,1.75598,1.7579,7133.0
2025-01-17 10:00:00+00:00,1.7579,1.75898,1.75776,1.75795,5163.0
2025-01-17 11:00:00+00:00,1.75794,1.76044,1.75744,1.75773,6758.0
2025-01-17 12:00:00+00:00,1.7577,1.75975,1.7567,1.75888,7590.0
2025-01-17 13:00:00+00:00,1.75892,1.76012,1.75682,1.75866,10395.0
2025-01-17 14:00:00+00:00,1.75867,1.75922,1.75636,1.75776,15289.0
2025-01-17 15:00:00+00:00,1.7578,1.75992,1.7557,1.75662,15221.0
2025-01-17 16:00:00+00:00,1.75656,1.75746,1.7555,1.75637,10773.0
2025-01-17 17:00:00+00:00,1.75634,1.7579,1.75516,1.75766,7212.0
2025-01-17 18:00:00+00:00,1.75764,1.76019,1.75718,1.75948,5633.0
2025-01-17 19:00:00+00:00,1.75946,1.7605,1.75903,1.75963,5259.0
2025-01-17 20:00:00+00:00,1.75962,1.76147,1.75955,1.76062,5417.0
2025-01-17 21:00:00+00:00,1.76065,1.7626,1.7605,1.76226,2712.0
2025-01-19 22:00:00+00:00,1.76155,1.76279,1.76136,1.76244,2664.0
2025-01-19 23:00:00+00:00,1.76244,1.76252,1.76116,1.7618,2322.0
2025-01-20 00:00:00+00:00,1.76188,1.76282,1.76146,1.76212,2493.0
2025-01-20 01:00:00+00:00,1.76211,1.76276,1.76162,1.76244,3728.0
2025-01-20 02:00:00+00:00,1.76244,1.76244,1.76158,1.76216,2818.0
2025-01-20 03:00:00+00:00,1.76216,1.76316,1.76208,1.76302,3386.0
2025-01-20 04:00:00+00:00,1.76301,1.76387,1.76227,1.7638,2410.0
2025-01-20 05:00:00+00:00,1.76381,1.76458,1.76378,1.76438,1902.0
2025-01-20 06:00:00+00:00,1.7644,1.76536,1.76394,1.76499,3322.0
2025-01-20 07:00:00+00:00,1.76498,1.76563,1.76394,1.7646,4464.0
2025-01-20 08:00:00+00:00,1.7646,1.76544,1.76288,1.7635,7607.0
2025-01-20 09:00:00+00:00,1.76352,1.76398,1.76046,1.76306,7696.0
2025-01-20 10:00:00+00:00,1.76306,1.76437,1.76238,1.76384,5870.0
2025-01-20 11:00:00+00:00,1.76382,1.76528,1.76373,1.76522,4612.0
2025-01-20 12:00:00+00:00,1.76524,1.76526,1.76226,1.76328,5713.0
2025-01-20 13:00:00+00:00,1.76323,1.76509,1.7585,1.76018,19401.0
2025-01-20 14:00:00+00:00,1.76023,1.76181,1.75689,1.75927,16342.0
2025-01-20 15:00:00+00:00,1.75926,1.76375,1.75774,1.76266,12707.0
2025-01-20 16:00:00+00:00,1.76267,1.76301,1.76072,1.76092,7106.0
2025-01-20 17:00:00+00:00,1.76092,1.76334,1.75986,1.76096,12089.0
2025-01-20 18:00:00+00:00,1.76095,1.76386,1.76038,1.76288,4260.0
2025-01-20 19:00:00+00:00,1.76292,1.76463,1.76206,1.76452,4452.0
2025-01-20 20:00:00+00:00,1.76446,1.7651,1.76266,1.76414,7039.0
2025-01-20 21:00:00+00:00,1.76413,1.76488,1.76356,1.7643,4343.0
2025-01-20 22:00:00+00:00,1.7644,1.76458,1.7633,1.76396,1432.0
2025-01-20 23:00:00+00:00,1.76392,1.76483,1.76336,1.76373,4957.0
2025-01-21 00:00:00+00:00,1.76383,1.7801,1.76316,1.77242,13623.0
2025-01-21 01:00:00+00:00,1.7724,1.7776,1.7683,1.77264,19975.0
2025-01-21 02:00:00+00:00,1.77257,1.77362,1.77118,1.77196,8847.0
2025-01-21 03:00:00+00:00,1.772,1.7731,1.771,1.7724,6653.0
2025-01-21 04:00:00+00:00,1.77243,1.7736,1.77224,1.7733,3498.0
2025-01-21 05:00:00+00:00,1.7733,1.77336,1.77104,1.7718,3032.0
2025-01-21 06:00:00+00:00,1.77184,1.77244,1.77032,1.77074,4298.0
2025-01-21 07:00:00+00:00,1.77072,1.77368,1.76957,1.7729,7919.0
2025-01-21 08:00:00+00:00,1.77288,1.77294,1.7674,1.76868,8407.0
2025-01-21 09:00:00+00:00,1.76868,1.7688,1.76592,1.76669,8363.0
2025-01-21 10:00:00+00:00,1.76668,1.76866,1.76614,1.76825,7535.0
2025-01-21 11:00:00+00:00,1.76826,1.76841,1.76658,1.76761,6715.0
2025-01-21 12:00:00+00:00,1.7676,1.7693,1.76736,1.7684,9093.0
2025-01-21 13:00:00+00:00,1.7684,1.774,1.76638,1.77394,11143.0
2025-01-21 14:00:00+00:00,1.77396,1.7742,1.76976,1.77025,13040.0
2025-01-21 15:00:00+00:00,1.77024,1.77067,1.76675,1.76845,15525.0
2025-01-21 16:00:00+00:00,1.76844,1.7688,1.76622,1.76678,11094.0
2025-01-21 17:00:00+00:00,1.76681,1.76795,1.76588,1.76685,7084.0
2025-01-21 18:00:00+00:00,1.76684,1.76798,1.76672,1.76793,5655.0
2025-01-21 19:00:00+00:00,1.76788,1.76798,1.7667,1.76713,4915.0
2025-01-21 20:00:00+00:00,1.76714,1.76923,1.76681,1.76921,5110.0
2025-01-21 21:00:00+00:00,1.76917,1.76988,1.76637,1.76949,3125.0
2025-01-21 22:00:00+00:00,1.76891,1.76974,1.76818,1.76949,1744.0
2025-01-21 23:00:00+00:00,1.76934,1.7704,1.7673,1.76945,5321.0
2025-01-22 00:00:00+00:00,1.76944,1.76944,1.76816,1.76904,4419.0
2025-01-22 01:00:00+00:00,1.76904,1.76964,1.76778,1.7681,4711.0
2025-01-22 02:00:00+00:00,1.76801,1.76858,1.76765,1.76784,3874.0
2025-01-22 03:00:00+00:00,1.76784,1.76834,1.76749,1.7682,2793.0
2025-01-22 04:00:00+00:00,1.7682,1.76964,1.7682,1.76964,2144.0
2025-01-22 05:00:00+00:00,1.7696,1.77028,1.76883,1.76968,2916.0
2025-01-22 06:00:00+00:00,1.76967,1.76974,1.76745,1.76804,4503.0
2025-01-22 07:00:00+00:00,1.76804,1.76814,1.76522,1.76593,6670.0
2025-01-22 08:00:00+00:00,1.76594,1.76803,1.76444,1.76796,9214.0
2025-01-22 09:00:00+00:00,1.76803,1.77163,1.76777,1.77146,9317.0
2025-01-22 10:00:00+00:00,1.77147,1.77171,1.76974,1.77105,7155.0
2025-01-22 11:00:00+00:00,1.77104,1.77149,1.76882,1.77109,5715.0
2025-01-22 12:00:00+00:00,1.7711,1.77236,1.77062,1.77188,7090.0
2025-01-22 13:00:00+00:00,1.77188,1.7735,1.77146,1.77198,9567.0
2025-01-22 14:00:00+00:00,1.77195,1.77487,1.7713,1.77338,11797.0
2025-01-22 15:00:00+00:00,1.77339,1.77478,1.77061,1.77086,11307.0
2025-01-22 16:00:00+00:00,1.77083,1.77156,1.76926,1.76949,9520.0
2025-01-22 17:00:00+00:00,1.76948,1.77038,1.76893,1.7701,6497.0
2025-01-22 18:00:00+00:00,1.7701,1.77051,1.76942,1.77032,5340.0
2025-01-22 19:00:00+00:00,1.77033,1.77176,1.77008,1.77123,3934.0
2025-01-22 20:00:00+00:00,1.77124,1.7724,1.77067,1.77208,4297.0
2025-01-22 21:00:00+00:00,1.77208,1.77232,1.77064,1.77082,2423.0
2025-01-22 22:00:00+00:00,1.77082,1.7718,1.77046,1.77111,1303.0
2025-01-22 23:00:00+00:00,1.77114,1.77291,1.77073,1.77248,2386.0
2025-01-23 00:00:00+00:00,1.77253,1.77292,1.77168,1.77176,3223.0
2025-01-23 01:00:00+00:00,1.77176,1.77242,1.77161,1.77188,4343.0
2025-01-23 02:00:00+00:00,1.77196,1.7722,1.77048,1.77104,3839.0
2025-01-23 03:00:00+00:00,1.77106,1.77228,1.77023,1.7722,3748.0
2025-01-23 04:00:00+00:00,1.7722,1.77258,1.77201,1.77254,2490.0
2025-01-23 05:00:00+00:00,1.77251,1.77272,1.77182,1.7719,3315.0
2025-01-23 06:00:00+00:00,1.77189,1.77244,1.77146,1.7717,3741.0
2025-01-23 07:00:00+00:00,1.77168,1.77214,1.76987,1.77046,8284.0
2025-01-23 08:00:00+00:00,1.7704,1.771,1.76942,1.76992,7519.0
2025-01-23 09:00:00+00:00,1.7699,1.77258,1.76942,1.77221,7380.0
2025-01-23 10:00:00+00:00,1.7722,1.77428,1.77186,1.77312,5882.0
2025-01-23 11:00:00+00:00,1.77312,1.77411,1.7716,1.77176,6338.0
2025-01-23 12:00:00+00:00,1.77175,1.77332,1.77133,1.7732,7006.0
2025-01-23 13:00:00+00:00,1.77321,1.7764,1.77288,1.7748,10762.0
2025-01-23 14:00:00+00:00,1.77484,1.77508,1.77098,1.77292,11875.0
2025-01-23 15:00:00+00:00,1.77292,1.77306,1.77028,1.77191,12425.0
2025-01-23 16:00:00+00:00,1.7719,1.77448,1.77078,1.77292,17220.0
2025-01-23 17:00:00+00:00,1.77292,1.77439,1.7723,1.77392,10245.0
2025-01-23 18:00:00+00:00,1.77393,1.77452,1.77344,1.77408,6584.0
2025-01-23 19:00:00+00:00,1.77411,1.77526,1.77358,1.77488,5589.0
2025-01-23 20:00:00+00:00,1.77488,1.77702,1.77456,1.7758,5536.0
2025-01-23 21:00:00+00:00,1.77577,1.77686,1.77526,1.77665,2318.0
2025-01-23 22:00:00+00:00,1.77666,1.7769,1.77632,1.77649,780.0
2025-01-23 23:00:00+00:00,1.7765,1.7765,1.77574,1.7762,1646.0
2025-01-24 00:00:00+00:00,1.7762,1.77636,1.77562,1.77625,2761.0
2025-01-24 01:00:00+00:00,1.77627,1.77676,1.77585,1.77601,3414.0
2025-01-24 02:00:00+00:00,1.77594,1.77728,1.77532,1.77658,6544.0
2025-01-24 03:00:00+00:00,1.77658,1.77718,1.77574,1.77646,5511.0
2025-01-24 04:00:00+00:00,1.77647,1.77738,1.77634,1.77722,4112.0
2025-01-24 05:00:00+00:00,1.77724,1.77731,1.7761,1.777,3639.0
2025-01-24 06:00:00+00:00,1.77702,1.77868,1.77674,1.77682,6771.0
2025-01-24 07:00:00+00:00,1.77677,1.77742,1.77556,1.77676,9003.0
2025-01-24 08:00:00+00:00,1.77674,1.77892,1.7762,1.77734,11571.0
2025-01-24 09:00:00+00:00,1.77733,1.78305,1.77726,1.78026,10887.0
2025-01-24 10:00:00+00:00,1.78027,1.78128,1.77954,1.78088,7183.0
2025-01-24 11:00:00+00:00,1.7809,1.78097,1.77894,1.77965,6262.0
2025-01-24 12:00:00+00:00,1.77966,1.78162,1.77915,1.77978,6366.0
2025-01-24 13:00:00+00:00,1.7798,1.78023,1.77764,1.77824,7986.0
2025-01-24 14:00:00+00:00,1.77825,1.78352,1.77802,1.78332,11653.0
2025-01-24 15:00:00+00:00,1.78325,1.7888,1.78286,1.7886,13941.0
2025-01-24 16:00:00+00:00,1.78859,1.79164,1.78831,1.79074,8735.0
2025-01-24 17:00:00+00:00,1.79068,1.79152,1.79038,1.7904,6120.0
2025-01-24 18:00:00+00:00,1.79038,1.79147,1.78978,1.78998,5375.0
2025-01-24 19:00:00+00:00,1.78998,1.79082,1.78987,1.79038,3955.0
2025-01-24 20:00:00+00:00,1.7903,1.79148,1.79014,1.7912,4503.0
2025-01-24 21:00:00+00:00,1.7912,1.79164,1.7896,1.79064,2839.0
2025-01-26 22:00:00+00:00,1.79183,1.79291,1.79167,1.79264,1891.0
2025-01-26 23:00:00+00:00,1.79256,1.79274,1.79144,1.7922,3333.0
2025-01-27 00:00:00+00:00,1.79226,1.79238,1.79042,1.79053,3990.0
2025-01-27 01:00:00+00:00,1.79052,1.79106,1.78996,1.79056,5090.0
2025-01-27 02:00:00+00:00,1.79062,1.79221,1.79062,1.79134,4570.0
2025-01-27 03:00:00+00:00,1.79134,1.79172,1.7902,1.7908,4281.0
2025-01-27 04:00:00+00:00,1.79078,1.79138,1.79056,1.79064,3227.0
2025-01-27 05:00:00+00:00,1.79067,1.79124,1.79033,1.79036,4651.0
2025-01-27 06:00:00+00:00,1.79039,1.79286,1.79032,1.79058,4753.0
2025-01-27 07:00:00+00:00,1.79059,1.79169,1.78959,1.78976,7596.0
2025-01-27 08:00:00+00:00,1.78976,1.79216,1.78883,1.79121,10022.0
2025-01-27 09:00:00+00:00,1.79123,1.79408,1.79038,1.79405,11483.0
2025-01-27 10:00:00+00:00,1.79404,1.79547,1.79304,1.79396,8394.0
2025-01-27 11:00:00+00:00,1.79396,1.79679,1.7937,1.79466,9305.0
2025-01-27 12:00:00+00:00,1.79463,1.79608,1.7935,1.79456,9002.0
2025-01-27 13:00:00+00:00,1.7945,1.79581,1.79414,1.79508,9711.0
2025-01-27 14:00:00+00:00,1.7951,1.79918,1.79476,1.79749,9105.0
2025-01-27 15:00:00+00:00,1.79747,1.79762,1.79338,1.79413,11131.0
2025-01-27 16:00:00+00:00,1.79415,1.79644,1.79383,1.79535,11729.0
2025-01-27 17:00:00+00:00,1.79536,1.7962,1.7946,1.79609,10130.0
2025-01-27 18:00:00+00:00,1.79605,1.79674,1.79424,1.79496,9419.0
2025-01-27 19:00:00+00:00,1.79496,1.79574,1.7943,1.79568,8123.0
2025-01-27 20:00:00+00:00,1.79568,1.79619,1.7952,1.79522,6959.0
2025-01-27 21:00:00+00:00,1.79522,1.79682,1.795,1.79668,2851.0
2025-01-27 22:00:00+00:00,1.79612,1.79657,1.79524,1.7958,2032.0
2025-01-27 23:00:00+00:00,1.7958,1.79628,1.7926,1.79358,10682.0
2025-01-28 00:00:00+00:00,1.79359,1.79436,1.79238,1.7927,5679.0
2025-01-28 01:00:00+00:00,1.79276,1.79363,1.79188,1.79247,6446.0
2025-01-28 02:00:00+00:00,1.7925,1.79278,1.79083,1.7913,6491.0
2025-01-28 03:00:00+00:00,1.79133,1.79198,1.791,1.79135,5160.0
2025-01-28 04:00:00+00:00,1.79136,1.7917,1.79092,1.79144,3776.0
2025-01-28 05:00:00+00:00,1.79143,1.79232,1.79124,1.79186,3506.0
2025-01-28 06:00:00+00:00,1.79188,1.79264,1.79115,1.79152,4592.0
2025-01-28 07:00:00+00:00,1.79136,1.79187,1.78968,1.79141,6911.0
2025-01-28 08:00:00+00:00,1.79138,1.79252,1.79083,1.7909,8954.0
2025-01-28 09:00:00+00:00,1.79084,1.79274,1.79015,1.79221,8269.0
2025-01-28 10:00:00+00:00,1.79222,1.79302,1.79174,1.79218,5900.0
2025-01-28 11:00:00+00:00,1.79218,1.79297,1.79104,1.79128,5898.0
2025-01-28 12:00:00+00:00,1.79126,1.79236,1.79057,1.79147,7825.0
2025-01-28 13:00:00+00:00,1.79146,1.79178,1.78792,1.7893,8583.0
2025-01-28 14:00:00+00:00,1.78929,1.78975,1.78708,1.78746,8412.0
2025-01-28 15:00:00+00:00,1.78752,1.79017,1.78705,1.78924,9414.0
2025-01-28 16:00:00+00:00,1.78926,1.7905,1.78816,1.7889,9563.0
2025-01-28 17:00:00+00:00,1.78892,1.79006,1.78862,1.78936,6687.0
2025-01-28 18:00:00+00:00,1.78932,1.7905,1.78848,1.7899,7356.0
2025-01-28 19:00:00+00:00,1.78991,1.79208,1.78974,1.79126,5412.0
2025-01-28 20:00:00+00:00,1.79126,1.7918,1.79082,1.79113,5247.0
2025-01-28 21:00:00+00:00,1.79116,1.79226,1.79078,1.79198,1998.0
2025-01-28 22:00:00+00:00,1.79162,1.79204,1.79062,1.79143,5777.0
2025-01-28 23:00:00+00:00,1.79146,1.79188,1.79098,1.79179,2519.0
2025-01-29 00:00:00+00:00,1.7918,1.79256,1.79129,1.79154,3611.0
2025-01-29 01:00:00+00:00,1.79149,1.79196,1.79106,1.79111,2549.0
2025-01-29 02:00:00+00:00,1.7911,1.79216,1.79078,1.7919,3467.0
2025-01-29 03:00:00+00:00,1.7919,1.79242,1.79174,1.792,3338.0
2025-01-29 04:00:00+00:00,1.792,1.79284,1.792,1.79284,2355.0
2025-01-29 05:00:00+00:00,1.79284,1.79314,1.7924,1.79309,2785.0
2025-01-29 06:00:00+00:00,1.7931,1.7938,1.79292,1.79365,5036.0
2025-01-29 07:00:00+00:00,1.79358,1.79496,1.7931,1.79426,8247.0
2025-01-29 08:00:00+00:00,1.79429,1.7954,1.79276,1.79358,7890.0
2025-01-29 09:00:00+00:00,1.79352,1.79433,1.79186,1.79222,6883.0
2025-01-29 10:00:00+00:00,1.79223,1.7926,1.79052,1.79143,6474.0
2025-01-29 11:00:00+00:00,1.79146,1.79226,1.79079,1.79176,5123.0
2025-01-29 12:00:00+00:00,1.79183,1.79382,1.79128,1.7934,6051.0
2025-01-29 13:00:00+00:00,1.79339,1.79388,1.79072,1.79322,9865.0
2025-01-29 14:00:00+00:00,1.79322,1.79464,1.7893,1.79168,10983.0
2025-01-29 15:00:00+00:00,1.79164,1.79772,1.79088,1.79582,11918.0
2025-01-29 16:00:00+00:00,1.79579,1.79776,1.79396,1.79418,10354.0
2025-01-29 17:00:00+00:00,1.79414,1.7951,1.79223,1.79432,7514.0
2025-01-29 18:00:00+00:00,1.79432,1.79574,1.79406,1.79548,5194.0
2025-01-29 19:00:00+00:00,1.79532,1.79572,1.7923,1.79452,21139.0
2025-01-29 20:00:00+00:00,1.79447,1.7952,1.79358,1.7945,10898.0
2025-01-29 21:00:00+00:00,1.79449,1.7955,1.7942,1.7953,3576.0
2025-01-29 22:00:00+00:00,1.79342,1.79576,1.79342,1.79549,2342.0
2025-01-29 23:00:00+00:00,1.79554,1.7956,1.79286,1.79293,4054.0
2025-01-30 00:00:00+00:00,1.79295,1.79472,1.79295,1.794,4302.0
2025-01-30 01:00:00+00:00,1.79396,1.79457,1.79368,1.79428,3493.0
2025-01-30 02:00:00+00:00,1.7943,1.79496,1.79426,1.79466,4486.0
2025-01-30 03:00:00+00:00,1.79464,1.7951,1.7945,1.79508,3884.0
2025-01-30 04:00:00+00:00,1.79506,1.7952,1.79444,1.79458,3253.0
2025-01-30 05:00:00+00:00,1.79459,1.79538,1.79447,1.79532,3303.0
2025-01-30 06:00:00+00:00,1.79535,1.79538,1.79396,1.79494,3777.0
2025-01-30 07:00:00+00:00,1.79496,1.79538,1.79408,1.79508,5238.0
2025-01-30 08:00:00+00:00,1.79506,1.79628,1.79368,1.79431,7102.0
2025-01-30 09:00:00+00:00,1.7944,1.79468,1.79161,1.7929,7375.0
2025-01-30 10:00:00+00:00,1.79287,1.79344,1.79083,1.79134,6594.0
2025-01-30 11:00:00+00:00,1.79129,1.79227,1.7904,1.79108,5603.0
2025-01-30 12:00:00+00:00,1.79108,1.7928,1.79057,1.79251,7560.0
2025-01-30 13:00:00+00:00,1.79253,1.79685,1.79175,1.79628,14443.0
2025-01-30 14:00:00+00:00,1.79626,1.79774,1.79459,1.79652,13987.0
2025-01-30 15:00:00+00:00,1.7966,1.79759,1.79506,1.79618,10775.0
2025-01-30 16:00:00+00:00,1.79618,1.7967,1.7942,1.79432,9078.0
2025-01-30 17:00:00+00:00,1.79434,1.7947,1.79291,1.79372,8483.0
2025-01-30 18:00:00+00:00,1.79374,1.79398,1.79305,1.79351,5789.0
2025-01-30 19:00:00+00:00,1.79352,1.7958,1.79344,1.79563,4694.0
2025-01-30 20:00:00+00:00,1.79563,1.81292,1.7951,1.80122,17460.0
2025-01-30 21:00:00+00:00,1.80124,1.80312,1.79888,1.79956,11174.0
2025-01-30 22:00:00+00:00,1.79957,1.80066,1.79852,1.79908,2678.0
2025-01-30 23:00:00+00:00,1.79884,1.80147,1.79808,1.8004,3851.0
2025-01-31 00:00:00+00:00,1.80041,1.80121,1.79948,1.8001,3607.0
2025-01-31 01:00:00+00:00,1.80006,1.80029,1.7984,1.79867,5126.0
2025-01-31 02:00:00+00:00,1.79866,1.79952,1.7984,1.79842,3082.0
2025-01-31 03:00:00+00:00,1.79847,1.79892,1.79827,1.79848,2813.0
2025-01-31 04:00:00+00:00,1.7985,1.79897,1.79815,1.79852,2389.0
2025-01-31 05:00:00+00:00,1.79852,1.79888,1.79796,1.79816,2991.0
2025-01-31 06:00:00+00:00,1.79816,1.79862,1.7976,1.7978,3435.0
2025-01-31 07:00:00+00:00,1.79782,1.79785,1.7939,1.79538,7504.0
2025-01-31 08:00:00+00:00,1.79538,1.79762,1.79507,1.79616,7683.0
2025-01-31 09:00:00+00:00,1.79614,1.79848,1.79486,1.79841,9860.0
2025-01-31 10:00:00+00:00,1.7984,1.8,1.79805,1.79869,6313.0
2025-01-31 11:00:00+00:00,1.79868,1.80018,1.79761,1.79765,5750.0
2025-01-31 12:00:00+00:00,1.79768,1.79916,1.79671,1.79865,5924.0
2025-01-31 13:00:00+00:00,1.79868,1.79952,1.79601,1.79848,11534.0
2025-01-31 14:00:00+00:00,1.7985,1.80354,1.79832,1.79944,11582.0
2025-01-31 15:00:00+00:00,1.79945,1.80084,1.79658,1.7994,14145.0
2025-01-31 16:00:00+00:00,1.79938,1.80046,1.7963,1.7998,8533.0
2025-01-31 17:00:00+00:00,1.79978,1.80087,1.79138,1.79342,17574.0
2025-01-31 18:00:00+00:00,1.79336,1.80072,1.79279,1.79824,19485.0
2025-01-31 19:00:00+00:00,1.79823,1.80076,1.79782,1.79929,10282.0
2025-01-31 20:00:00+00:00,1.7993,1.80416,1.79828,1.80251,12812.0
2025-01-31 21:00:00+00:00,1.80252,1.80374,1.79966,1.80016,12254.0
2025-02-02 22:00:00+00:00,1.81312,1.81618,1.81164,1.8135,4066.0
2025-02-02 23:00:00+00:00,1.81344,1.81452,1.80785,1.8082,16826.0
2025-02-03 00:00:00+00:00,1.80819,1.80976,1.80203,1.80955,21395.0
2025-02-03 01:00:00+00:00,1.80949,1.81404,1.80724,1.81227,12739.0
2025-02-03 02:00:00+00:00,1.81226,1.81456,1.81045,1.81256,11666.0
2025-02-03 03:00:00+00:00,1.8125,1.81298,1.8114,1.81185,7462.0
2025-02-03 04:00:00+00:00,1.81185,1.81189,1.80709,1.8077,9660.0
2025-02-03 05:00:00+00:00,1.80774,1.80954,1.80752,1.80822,7198.0
2025-02-03 06:00:00+00:00,1.80823,1.81154,1.80714,1.80796,8730.0
2025-02-03 07:00:00+00:00,1.80794,1.8095,1.80506,1.80778,13683.0
2025-02-03 08:00:00+00:00,1.80779,1.81042,1.80593,1.80839,12696.0
2025-02-03 09:00:00+00:00,1.8084,1.80999,1.80578,1.80614,8482.0
2025-02-03 10:00:00+00:00,1.80616,1.80716,1.80562,1.80648,8237.0
2025-02-03 11:00:00+00:00,1.80646,1.8097,1.80628,1.80776,7782.0
2025-02-03 12:00:00+00:00,1.80775,1.81218,1.80691,1.81104,11284.0
2025-02-03 13:00:00+00:00,1.81109,1.81421,1.8045,1.81364,12855.0
2025-02-03 14:00:00+00:00,1.81365,1.81427,1.80974,1.8132,15974.0
2025-02-03 15:00:00+00:00,1.81278,1.81408,1.80426,1.8085,28576.0
2025-02-03 16:00:00+00:00,1.80848,1.81631,1.80812,1.80843,20245.0
2025-02-03 17:00:00+00:00,1.80844,1.8114,1.80232,1.80686,14047.0
2025-02-03 18:00:00+00:00,1.80684,1.8087,1.80514,1.80605,12401.0
2025-02-03 19:00:00+00:00,1.80607,1.80644,1.80458,1.80644,5584.0
2025-02-03 20:00:00+00:00,1.80644,1.80768,1.80541,1.807,5400.0
2025-02-03 21:00:00+00:00,1.80698,1.80739,1.79118,1.7966,13698.0
2025-02-03 22:00:00+00:00,1.79405,1.79553,1.79182,1.79288,2954.0
2025-02-03 23:00:00+00:00,1.7928,1.79412,1.79124,1.79302,4996.0
2025-02-04 00:00:00+00:00,1.79301,1.79542,1.79268,1.79444,4989.0
2025-02-04 01:00:00+00:00,1.79443,1.79546,1.79332,1.79468,6705.0
2025-02-04 02:00:00+00:00,1.79468,1.79702,1.79452,1.7966,4798.0
2025-02-04 03:00:00+00:00,1.79656,1.7967,1.79576,1.79614,3999.0
2025-02-04 04:00:00+00:00,1.79614,1.79686,1.79544,1.79678,3542.0
2025-02-04 05:00:00+00:00,1.79677,1.79708,1.79447,1.796,11801.0
2025-02-04 06:00:00+00:00,1.79594,1.7962,1.79448,1.79474,5491.0
2025-02-04 07:00:00+00:00,1.79471,1.79491,1.79216,1.79256,7702.0
2025-02-04 08:00:00+00:00,1.79255,1.79569,1.79158,1.79478,11825.0
2025-02-04 09:00:00+00:00,1.79475,1.79642,1.79218,1.79226,9007.0
2025-02-04 10:00:00+00:00,1.7923,1.7937,1.79088,1.79156,6299.0
2025-02-04 11:00:00+00:00,1.79156,1.79177,1.79003,1.79045,6591.0
2025-02-04 12:00:00+00:00,1.79044,1.79092,1.78939,1.78968,7110.0
2025-02-04 13:00:00+00:00,1.78962,1.7907,1.78706,1.78756,10752.0
2025-02-04 14:00:00+00:00,1.78756,1.78945,1.78724,1.78912,10043.0
2025-02-04 15:00:00+00:00,1.78916,1.79182,1.78756,1.7876,14059.0
2025-02-04 16:00:00+00:00,1.78756,1.78922,1.78522,1.78769,10821.0
2025-02-04 17:00:00+00:00,1.78769,1.79037,1.78734,1.79004,10140.0
2025-02-04 18:00:00+00:00,1.79004,1.79089,1.7892,1.7892,6055.0
2025-02-04 19:00:00+00:00,1.78922,1.78936,1.78526,1.78558,5978.0
2025-02-04 20:00:00+00:00,1.78562,1.78807,1.78546,1.78796,4990.0
2025-02-04 21:00:00+00:00,1.78793,1.78864,1.7873,1.78786,3356.0
2025-02-04 22:00:00+00:00,1.7876,1.78856,1.78734,1.78816,1000.0
2025-02-04 23:00:00+00:00,1.78804,1.78893,1.78742,1.78882,2211.0
2025-02-05 00:00:00+00:00,1.7888,1.78898,1.78732,1.788,4052.0
2025-02-05 01:00:00+00:00,1.788,1.78818,1.78746,1.78752,6041.0
2025-02-05 02:00:00+00:00,1.78753,1.78802,1.7871,1.78768,4036.0
2025-02-05 03:00:00+00:00,1.78768,1.78795,1.7868,1.7878,3343.0
2025-02-05 04:00:00+00:00,1.7878,1.78834,1.78752,1.78826,2345.0
2025-02-05 05:00:00+00:00,1.78826,1.7883,1.78729,1.78767,3243.0
2025-02-05 06:00:00+00:00,1.78766,1.78876,1.78766,1.78793,4353.0
2025-02-05 07:00:00+00:00,1.7879,1.79009,1.78769,1.78882,7825.0
2025-02-05 08:00:00+00:00,1.78877,1.78898,1.78527,1.78628,9107.0
2025-02-05 09:00:00+00:00,1.78627,1.78931,1.78614,1.78818,7405.0
2025-02-05 10:00:00+00:00,1.7882,1.79126,1.78768,1.79025,7987.0
2025-02-05 11:00:00+00:00,1.7902,1.79233,1.79009,1.79047,5914.0
2025-02-05 12:00:00+00:00,1.79047,1.79129,1.79008,1.79098,5438.0
2025-02-05 13:00:00+00:00,1.79103,1.79126,1.78808,1.78864,10555.0
2025-02-05 14:00:00+00:00,1.78871,1.78942,1.78572,1.78862,10990.0
2025-02-05 15:00:00+00:00,1.7885,1.78996,1.78536,1.78826,15179.0
2025-02-05 16:00:00+00:00,1.78829,1.78912,1.78641,1.78699,7757.0
2025-02-05 17:00:00+00:00,1.78698,1.78838,1.78676,1.78776,6823.0
2025-02-05 18:00:00+00:00,1.7877,1.79046,1.78728,1.79022,5167.0
2025-02-05 19:00:00+00:00,1.79016,1.79058,1.78932,1.79015,5068.0
2025-02-05 20:00:00+00:00,1.79014,1.7914,1.78925,1.78943,5174.0
2025-02-05 21:00:00+00:00,1.78944,1.79038,1.7887,1.79026,2718.0
2025-02-05 22:00:00+00:00,1.7903,1.7905,1.7894,1.79012,941.0
2025-02-05 23:00:00+00:00,1.79007,1.7901,1.78906,1.7895,1922.0
2025-02-06 00:00:00+00:00,1.78949,1.79077,1.78944,1.79046,3050.0
2025-02-06 01:00:00+00:00,1.79046,1.7908,1.79,1.79024,4399.0
2025-02-06 02:00:00+00:00,1.79022,1.79087,1.78958,1.79016,4048.0
2025-02-06 03:00:00+00:00,1.79017,1.79092,1.79,1.79086,3041.0
2025-02-06 04:00:00+00:00,1.79085,1.79211,1.79061,1.79179,2308.0
2025-02-06 05:00:00+00:00,1.79178,1.79212,1.7907,1.79101,2555.0
2025-02-06 06:00:00+00:00,1.79102,1.79134,1.79039,1.79106,3176.0
2025-02-06 07:00:00+00:00,1.79095,1.79178,1.79002,1.79107,4977.0
2025-02-06 08:00:00+00:00,1.79107,1.79128,1.78641,1.78694,7581.0
2025-02-06 09:00:00+00:00,1.78694,1.78813,1.78309,1.7841,6374.0
2025-02-06 10:00:00+00:00,1.78408,1.78434,1.7817,1.78272,6530.0
2025-02-06 11:00:00+00:00,1.78275,1.7842,1.78204,1.7839,5988.0
2025-02-06 12:00:00+00:00,1.78393,1.78478,1.77424,1.77522,13978.0
2025-02-06 13:00:00+00:00,1.77526,1.77826,1.77456,1.77585,8285.0
2025-02-06 14:00:00+00:00,1.7758,1.77976,1.77539,1.77768,10074.0
2025-02-06 15:00:00+00:00,1.77774,1.77993,1.77749,1.7777,12201.0
2025-02-06 16:00:00+00:00,1.77768,1.78042,1.77761,1.77968,8744.0
2025-02-06 17:00:00+00:00,1.77967,1.78038,1.77916,1.78038,6872.0
2025-02-06 18:00:00+00:00,1.78038,1.78156,1.77984,1.78075,6938.0
2025-02-06 19:00:00+00:00,1.7808,1.78092,1.77961,1.78046,4993.0
2025-02-06 20:00:00+00:00,1.78048,1.78061,1.77918,1.77944,4402.0
2025-02-06 21:00:00+00:00,1.77938,1.7797,1.77844,1.77898,2569.0
2025-02-06 22:00:00+00:00,1.77908,1.77978,1.77856,1.77911,1250.0
2025-02-06 23:00:00+00:00,1.77904,1.77959,1.77861,1.7791,1713.0
2025-02-07 00:00:00+00:00,1.77908,1.7797,1.77844,1.7787,2872.0
2025-02-07 01:00:00+00:00,1.77867,1.77904,1.77793,1.77836,3121.0
2025-02-07 02:00:00+00:00,1.77834,1.77955,1.77824,1.7795,2793.0
2025-02-07 03:00:00+00:00,1.7795,1.77972,1.77864,1.7793,2340.0
2025-02-07 04:00:00+00:00,1.77932,1.77998,1.77922,1.77975,1938.0
2025-02-07 05:00:00+00:00,1.77974,1.77992,1.77902,1.77937,1846.0
2025-02-07 06:00:00+00:00,1.77934,1.78004,1.77908,1.77941,2438.0
2025-02-07 07:00:00+00:00,1.77936,1.78114,1.77878,1.78085,4258.0
2025-02-07 08:00:00+00:00,1.78084,1.78381,1.7801,1.78343,5134.0
2025-02-07 09:00:00+00:00,1.78337,1.78432,1.78288,1.7831,4436.0
2025-02-07 10:00:00+00:00,1.78309,1.78504,1.78254,1.78328,4687.0
2025-02-07 11:00:00+00:00,1.78328,1.7852,1.78303,1.78486,4370.0
2025-02-07 12:00:00+00:00,1.78488,1.78556,1.78383,1.78454,4993.0
2025-02-07 13:00:00+00:00,1.7846,1.78722,1.77722,1.77812,16608.0
2025-02-07 14:00:00+00:00,1.77811,1.7813,1.77798,1.78028,11162.0
2025-02-07 15:00:00+00:00,1.78019,1.78086,1.77526,1.77685,15673.0
2025-02-07 16:00:00+00:00,1.77689,1.77699,1.77338,1.7736,17619.0
2025-02-07 17:00:00+00:00,1.77362,1.7746,1.77141,1.77266,14506.0
2025-02-07 18:00:00+00:00,1.77266,1.7738,1.77212,1.77367,6209.0
2025-02-07 19:00:00+00:00,1.77365,1.77407,1.77156,1.7731,5499.0
2025-02-07 20:00:00+00:00,1.77312,1.7739,1.7717,1.77188,6134.0
2025-02-07 21:00:00+00:00,1.77187,1.7735,1.77106,1.77234,3786.0
2025-02-09 22:00:00+00:00,1.77642,1.78166,1.77587,1.77783,4082.0
2025-02-09 23:00:00+00:00,1.77765,1.77792,1.7757,1.77571,4600.0
2025-02-10 00:00:00+00:00,1.77571,1.77692,1.77532,1.77605,5005.0
2025-02-10 01:00:00+00:00,1.77606,1.77759,1.77544,1.7768,5669.0
2025-02-10 02:00:00+00:00,1.77678,1.77798,1.77664,1.77742,3170.0
2025-02-10 03:00:00+00:00,1.77744,1.7787,1.77738,1.77805,3373.0
2025-02-10 04:00:00+00:00,1.77804,1.77854,1.77785,1.77813,2676.0
2025-02-10 05:00:00+00:00,1.77814,1.77899,1.7781,1.77878,2719.0
2025-02-10 06:00:00+00:00,1.77881,1.77984,1.77853,1.779,2931.0
2025-02-10 07:00:00+00:00,1.77892,1.78146,1.77883,1.77967,4576.0
2025-02-10 08:00:00+00:00,1.77965,1.7798,1.77658,1.77744,4617.0
2025-02-10 09:00:00+00:00,1.77744,1.77882,1.77636,1.77767,4418.0
2025-02-10 10:00:00+00:00,1.77762,1.77945,1.7774,1.77914,3061.0
2025-02-10 11:00:00+00:00,1.77914,1.78021,1.77787,1.77842,4083.0
2025-02-10 12:00:00+00:00,1.77844,1.7787,1.77552,1.77619,6110.0
2025-02-10 13:00:00+00:00,1.7762,1.77828,1.7761,1.77641,6433.0
2025-02-10 14:00:00+00:00,1.7764,1.77656,1.77278,1.77475,8336.0
2025-02-10 15:00:00+00:00,1.7747,1.77598,1.77335,1.77418,7693.0
2025-02-10 16:00:00+00:00,1.77416,1.77444,1.77204,1.77278,8149.0
2025-02-10 17:00:00+00:00,1.77276,1.77374,1.77159,1.7728,5388.0
2025-02-10 18:00:00+00:00,1.77282,1.77311,1.7699,1.7701,5570.0
2025-02-10 19:00:00+00:00,1.7701,1.77059,1.76916,1.7694,3993.0
2025-02-10 20:00:00+00:00,1.76944,1.76998,1.76917,1.76954,3712.0
2025-02-10 21:00:00+00:00,1.76954,1.7706,1.76927,1.77039,1790.0
2025-02-10 22:00:00+00:00,1.77074,1.77358,1.77068,1.77248,2308.0
2025-02-10 23:00:00+00:00,1.77228,1.7729,1.77072,1.77224,3965.0
2025-02-11 00:00:00+00:00,1.77221,1.77242,1.77113,1.77166,2441.0
2025-02-11 01:00:00+00:00,1.77168,1.77222,1.77072,1.77169,3676.0
2025-02-11 02:00:00+00:00,1.77168,1.7717,1.77026,1.7705,3162.0
2025-02-11 03:00:00+00:00,1.77054,1.7713,1.77037,1.77082,2872.0
2025-02-11 04:00:00+00:00,1.7708,1.77176,1.7707,1.77174,2408.0
2025-02-11 05:00:00+00:00,1.77178,1.77196,1.77116,1.77174,2444.0
2025-02-11 06:00:00+00:00,1.77174,1.77191,1.77092,1.77092,3181.0
2025-02-11 07:00:00+00:00,1.77095,1.77118,1.7685,1.76863,5422.0
2025-02-11 08:00:00+00:00,1.76864,1.77152,1.7677,1.77148,7197.0
2025-02-11 09:00:00+00:00,1.77146,1.77448,1.77138,1.77242,5692.0
2025-02-11 10:00:00+00:00,1.77246,1.77356,1.77116,1.7729,5379.0
2025-02-11 11:00:00+00:00,1.77288,1.77378,1.77172,1.77179,4011.0
2025-02-11 12:00:00+00:00,1.7718,1.77371,1.77156,1.7733,7213.0
2025-02-11 13:00:00+00:00,1.77332,1.77494,1.77295,1.77418,8233.0
2025-02-11 14:00:00+00:00,1.77422,1.77692,1.77414,1.77666,8432.0
2025-02-11 15:00:00+00:00,1.77666,1.7775,1.77514,1.77565,8897.0
2025-02-11 16:00:00+00:00,1.77567,1.77792,1.77548,1.77722,6720.0
2025-02-11 17:00:00+00:00,1.77728,1.77818,1.77642,1.77742,5755.0
2025-02-11 18:00:00+00:00,1.7774,1.77797,1.77666,1.77702,4802.0
2025-02-11 19:00:00+00:00,1.777,1.77846,1.77592,1.77792,6387.0
2025-02-11 20:00:00+00:00,1.77787,1.77826,1.77698,1.77808,5510.0
2025-02-11 21:00:00+00:00,1.77808,1.77919,1.77771,1.7779,2503.0
2025-02-11 22:00:00+00:00,1.77728,1.77828,1.77714,1.77806,1740.0
2025-02-11 23:00:00+00:00,1.778,1.77892,1.77776,1.77891,1744.0
2025-02-12 00:00:00+00:00,1.77893,1.77924,1.77802,1.77858,2692.0
2025-02-12 01:00:00+00:00,1.7786,1.77945,1.77812,1.7789,4778.0
2025-02-12 02:00:00+00:00,1.77888,1.77943,1.77839,1.7785,3712.0
2025-02-12 03:00:00+00:00,1.7785,1.77924,1.77824,1.77882,3247.0
2025-02-12 04:00:00+00:00,1.77882,1.77946,1.77832,1.77878,2272.0
2025-02-12 05:00:00+00:00,1.77878,1.7793,1.77868,1.77918,2181.0
2025-02-12 06:00:00+00:00,1.7792,1.77953,1.77857,1.77882,2910.0
2025-02-12 07:00:00+00:00,1.77887,1.78035,1.77862,1.78027,6993.0
2025-02-12 08:00:00+00:00,1.78024,1.78147,1.77903,1.77942,8623.0
2025-02-12 09:00:00+00:00,1.77944,1.78128,1.77922,1.78084,6143.0
2025-02-12 10:00:00+00:00,1.78084,1.78128,1.77976,1.78004,6650.0
2025-02-12 11:00:00+00:00,1.78004,1.78142,1.77981,1.78066,7338.0
2025-02-12 12:00:00+00:00,1.78064,1.7817,1.78022,1.78069,6242.0
2025-02-12 13:00:00+00:00,1.78068,1.78084,1.77356,1.77517,18454.0
2025-02-12 14:00:00+00:00,1.77521,1.7773,1.7748,1.7762,15393.0
2025-02-12 15:00:00+00:00,1.7762,1.77934,1.77546,1.77747,20588.0
2025-02-12 16:00:00+00:00,1.77746,1.77802,1.77489,1.778,10635.0
2025-02-12 17:00:00+00:00,1.77801,1.781,1.7778,1.77954,11048.0
2025-02-12 18:00:00+00:00,1.77954,1.78018,1.77732,1.77756,8915.0
2025-02-12 19:00:00+00:00,1.77757,1.77862,1.777,1.77785,5769.0
2025-02-12 20:00:00+00:00,1.77786,1.77844,1.77749,1.77768,5311.0
2025-02-12 21:00:00+00:00,1.77767,1.78072,1.77716,1.78056,4312.0
2025-02-12 22:00:00+00:00,1.77976,1.78112,1.77925,1.77979,1900.0
2025-02-12 23:00:00+00:00,1.77988,1.78027,1.7791,1.78022,2675.0
2025-02-13 00:00:00+00:00,1.7802,1.78038,1.77922,1.77924,5782.0
2025-02-13 01:00:00+00:00,1.77925,1.77982,1.77894,1.77964,8673.0
2025-02-13 02:00:00+00:00,1.77964,1.78004,1.77915,1.78,7450.0
2025-02-13 03:00:00+00:00,1.78,1.7808,1.7797,1.78006,7000.0
2025-02-13 04:00:00+00:00,1.78006,1.78174,1.77996,1.78094,7061.0
2025-02-13 05:00:00+00:00,1.78098,1.78164,1.78056,1.78085,6292.0
2025-02-13 06:00:00+00:00,1.78084,1.78172,1.78068,1.7809,6029.0
2025-02-13 07:00:00+00:00,1.78091,1.78567,1.78091,1.7849,11123.0
2025-02-13 08:00:00+00:00,1.78491,1.78519,1.78254,1.78302,12655.0
2025-02-13 09:00:00+00:00,1.78301,1.78569,1.78272,1.78496,9232.0
2025-02-13 10:00:00+00:00,1.78492,1.78657,1.78409,1.78512,7550.0
2025-02-13 11:00:00+00:00,1.7851,1.78658,1.78206,1.783,9726.0
2025-02-13 12:00:00+00:00,1.78298,1.78314,1.78053,1.78064,9949.0
2025-02-13 13:00:00+00:00,1.78066,1.7816,1.77865,1.78123,14845.0
2025-02-13 14:00:00+00:00,1.78129,1.7815,1.77921,1.78088,13151.0
2025-02-13 15:00:00+00:00,1.78088,1.78181,1.7781,1.78084,20515.0
2025-02-13 16:00:00+00:00,1.78083,1.78267,1.78018,1.78238,12790.0
2025-02-13 17:00:00+00:00,1.78239,1.78466,1.78237,1.7834,8308.0
2025-02-13 18:00:00+00:00,1.78339,1.78375,1.77918,1.78099,17855.0
2025-02-13 19:00:00+00:00,1.78102,1.78496,1.78072,1.78398,12913.0
2025-02-13 20:00:00+00:00,1.784,1.78404,1.7816,1.7818,9719.0
2025-02-13 21:00:00+00:00,1.7818,1.78368,1.78158,1.78338,3542.0
2025-02-13 22:00:00+00:00,1.78338,1.78412,1.7813,1.78359,1250.0
2025-02-13 23:00:00+00:00,1.78354,1.78407,1.78282,1.78331,3272.0
2025-02-14 00:00:00+00:00,1.78332,1.78366,1.78248,1.78299,3648.0
2025-02-14 01:00:00+00:00,1.78293,1.78322,1.78242,1.78277,4953.0
2025-02-14 02:00:00+00:00,1.78276,1.7828,1.78174,1.7819,3831.0
2025-02-14 03:00:00+00:00,1.78188,1.78198,1.78108,1.7812,3514.0
2025-02-14 04:00:00+00:00,1.78119,1.78146,1.78086,1.78092,2316.0
2025-02-14 05:00:00+00:00,1.7809,1.78132,1.7807,1.78114,3384.0
2025-02-14 06:00:00+00:00,1.78108,1.78155,1.78088,1.78123,5288.0
2025-02-14 07:00:00+00:00,1.78129,1.78186,1.77968,1.77981,7470.0
2025-02-14 08:00:00+00:00,1.7798,1.78421,1.77958,1.78314,9021.0
2025-02-14 09:00:00+00:00,1.78309,1.78398,1.78268,1.7834,6448.0
2025-02-14 10:00:00+00:00,1.78341,1.78414,1.78272,1.78406,4993.0
2025-02-14 11:00:00+00:00,1.78406,1.78536,1.78379,1.78446,5003.0
2025-02-14 12:00:00+00:00,1.78444,1.7848,1.78364,1.7838,6340.0
2025-02-14 13:00:00+00:00,1.7838,1.78667,1.7834,1.78524,11252.0
2025-02-14 14:00:00+00:00,1.78525,1.78758,1.78456,1.78714,10231.0
2025-02-14 15:00:00+00:00,1.78712,1.78784,1.78513,1.78756,10639.0
2025-02-14 16:00:00+00:00,1.78756,1.78814,1.78617,1.7866,6923.0
2025-02-14 17:00:00+00:00,1.78658,1.78757,1.78602,1.78611,5817.0
2025-02-14 18:00:00+00:00,1.78612,1.78622,1.78448,1.7851,4167.0
2025-02-14 19:00:00+00:00,1.78514,1.78528,1.7834,1.78355,4871.0
2025-02-14 20:00:00+00:00,1.78356,1.78409,1.78324,1.78382,4361.0
2025-02-14 21:00:00+00:00,1.7838,1.78553,1.78308,1.78494,2443.0
2025-02-16 22:00:00+00:00,1.78421,1.78482,1.78397,1.78441,2397.0
2025-02-16 23:00:00+00:00,1.78438,1.78544,1.78411,1.78456,3761.0
2025-02-17 00:00:00+00:00,1.7846,1.78492,1.78344,1.78369,3829.0
2025-02-17 01:00:00+00:00,1.78372,1.78433,1.78308,1.78417,7604.0
2025-02-17 02:00:00+00:00,1.78418,1.78518,1.78406,1.78418,6575.0
2025-02-17 03:00:00+00:00,1.78416,1.78442,1.78348,1.78432,4836.0
2025-02-17 04:00:00+00:00,1.78433,1.7847,1.78412,1.78433,3039.0
2025-02-17 05:00:00+00:00,1.78432,1.78451,1.78347,1.78424,5148.0
2025-02-17 06:00:00+00:00,1.78424,1.78582,1.78396,1.78562,4744.0
2025-02-17 07:00:00+00:00,1.78566,1.78676,1.78446,1.78653,6302.0
2025-02-17 08:00:00+00:00,1.78654,1.78722,1.78554,1.78698,8180.0
2025-02-17 09:00:00+00:00,1.78696,1.78814,1.78612,1.78676,5808.0
2025-02-17 10:00:00+00:00,1.78678,1.78866,1.7862,1.78843,5620.0
2025-02-17 11:00:00+00:00,1.78844,1.78897,1.78682,1.78768,5191.0
2025-02-17 12:00:00+00:00,1.78766,1.78826,1.7863,1.78684,5068.0
2025-02-17 13:00:00+00:00,1.78686,1.78808,1.78596,1.7868,4048.0
2025-02-17 14:00:00+00:00,1.7868,1.78735,1.78607,1.7867,4965.0
2025-02-17 15:00:00+00:00,1.78671,1.78864,1.7865,1.78849,5529.0
2025-02-17 16:00:00+00:00,1.78848,1.78894,1.78792,1.78874,4006.0
2025-02-17 17:00:00+00:00,1.78874,1.79095,1.78854,1.79024,2335.0
2025-02-17 18:00:00+00:00,1.79025,1.79092,1.7897,1.79082,2072.0
2025-02-17 19:00:00+00:00,1.79082,1.79262,1.79073,1.79111,2192.0
2025-02-17 20:00:00+00:00,1.79114,1.79136,1.79077,1.79084,1250.0
2025-02-17 21:00:00+00:00,1.79089,1.79146,1.79058,1.79084,1374.0
2025-02-17 22:00:00+00:00,1.79018,1.79156,1.78985,1.7908,1787.0
2025-02-17 23:00:00+00:00,1.79105,1.7914,1.79,1.79026,1107.0
2025-02-18 00:00:00+00:00,1.79028,1.79083,1.78984,1.79,3031.0
2025-02-18 01:00:00+00:00,1.79,1.79014,1.78934,1.78994,5364.0
2025-02-18 02:00:00+00:00,1.78996,1.79006,1.78886,1.78918,4539.0
2025-02-18 03:00:00+00:00,1.7892,1.78998,1.78901,1.78948,5962.0
2025-02-18 04:00:00+00:00,1.78948,1.78971,1.78884,1.78962,3222.0
2025-02-18 05:00:00+00:00,1.7896,1.78964,1.78899,1.78942,2635.0
2025-02-18 06:00:00+00:00,1.78941,1.78976,1.78866,1.7892,4575.0
2025-02-18 07:00:00+00:00,1.78933,1.79062,1.78904,1.79049,8536.0
2025-02-18 08:00:00+00:00,1.79058,1.79089,1.78948,1.78966,9577.0
2025-02-18 09:00:00+00:00,1.78962,1.78998,1.78828,1.78912,8017.0
2025-02-18 10:00:00+00:00,1.78912,1.78937,1.78695,1.78776,7698.0
2025-02-18 11:00:00+00:00,1.78782,1.7889,1.78688,1.78748,5707.0
2025-02-18 12:00:00+00:00,1.78746,1.78883,1.78701,1.78728,7917.0
2025-02-18 13:00:00+00:00,1.78726,1.78986,1.78723,1.78868,8671.0
2025-02-18 14:00:00+00:00,1.7887,1.79017,1.78819,1.78973,9260.0
2025-02-18 15:00:00+00:00,1.78974,1.79068,1.78888,1.78986,9107.0
2025-02-18 16:00:00+00:00,1.78985,1.79088,1.78888,1.78953,7742.0
2025-02-18 17:00:00+00:00,1.78952,1.78963,1.7882,1.78838,6239.0
2025-02-18 18:00:00+00:00,1.78838,1.7887,1.7867,1.78753,4739.0
2025-02-18 19:00:00+00:00,1.78754,1.78846,1.78715,1.78736,3653.0
2025-02-18 20:00:00+00:00,1.78736,1.78882,1.78702,1.7886,3108.0
2025-02-18 21:00:00+00:00,1.78854,1.7908,1.78816,1.7906,2291.0
2025-02-18 22:00:00+00:00,1.79118,1.79414,1.79084,1.79323,2605.0
2025-02-18 23:00:00+00:00,1.79331,1.79338,1.7911,1.79138,1924.0
2025-02-19 00:00:00+00:00,1.79136,1.79186,1.79072,1.79116,3557.0
2025-02-19 01:00:00+00:00,1.79121,1.79121,1.78908,1.78914,6954.0
2025-02-19 02:00:00+00:00,1.78914,1.79002,1.7886,1.78912,5364.0
2025-02-19 03:00:00+00:00,1.78915,1.78935,1.7884,1.78898,3817.0
2025-02-19 04:00:00+00:00,1.789,1.78918,1.78874,1.78906,2456.0
2025-02-19 05:00:00+00:00,1.78906,1.79014,1.78892,1.79012,3048.0
2025-02-19 06:00:00+00:00,1.79014,1.7902,1.7889,1.78918,3581.0
2025-02-19 07:00:00+00:00,1.78926,1.792,1.78846,1.78994,6712.0
2025-02-19 08:00:00+00:00,1.78992,1.7918,1.789,1.7901,8539.0
2025-02-19 09:00:00+00:00,1.79006,1.79115,1.78925,1.78976,7644.0
2025-02-19 10:00:00+00:00,1.78976,1.79,1.78771,1.78862,7541.0
2025-02-19 11:00:00+00:00,1.78864,1.78912,1.78686,1.78818,9589.0
2025-02-19 12:00:00+00:00,1.78818,1.7891,1.78756,1.78848,7510.0
2025-02-19 13:00:00+00:00,1.7885,1.78945,1.78708,1.78769,9907.0
2025-02-19 14:00:00+00:00,1.7877,1.78894,1.7865,1.78878,11636.0
2025-02-19 15:00:00+00:00,1.7888,1.79099,1.7886,1.79032,12306.0
2025-02-19 16:00:00+00:00,1.7903,1.79037,1.78822,1.78966,9428.0
2025-02-19 17:00:00+00:00,1.78966,1.79042,1.78852,1.78994,7949.0
2025-02-19 18:00:00+00:00,1.78993,1.79106,1.78985,1.79062,6715.0
2025-02-19 19:00:00+00:00,1.79064,1.79116,1.79006,1.79084,9123.0
2025-02-19 20:00:00+00:00,1.79076,1.79144,1.7904,1.79063,6772.0
2025-02-19 21:00:00+00:00,1.79064,1.79221,1.79038,1.79211,3101.0
2025-02-19 22:00:00+00:00,1.7908,1.79218,1.7908,1.79157,754.0
2025-02-19 23:00:00+00:00,1.79164,1.79198,1.7912,1.79174,1378.0
2025-02-20 00:00:00+00:00,1.79174,1.79202,1.79096,1.7913,4579.0
2025-02-20 01:00:00+00:00,1.79132,1.79201,1.79086,1.7919,6456.0
2025-02-20 02:00:00+00:00,1.79191,1.79236,1.79054,1.79108,6903.0
2025-02-20 03:00:00+00:00,1.7911,1.79133,1.79075,1.79078,5031.0
2025-02-20 04:00:00+00:00,1.79076,1.79163,1.79051,1.79138,3567.0
2025-02-20 05:00:00+00:00,1.79136,1.79172,1.791,1.7915,3815.0
2025-02-20 06:00:00+00:00,1.79149,1.79176,1.7906,1.79083,5505.0
2025-02-20 07:00:00+00:00,1.79084,1.7923,1.79074,1.79176,5018.0
2025-02-20 08:00:00+00:00,1.79176,1.79312,1.79154,1.79218,6809.0
2025-02-20 09:00:00+00:00,1.79216,1.79276,1.79152,1.79241,5264.0
2025-02-20 10:00:00+00:00,1.79242,1.79298,1.79175,1.79219,5087.0
2025-02-20 11:00:00+00:00,1.7922,1.79244,1.79132,1.79211,5280.0
2025-02-20 12:00:00+00:00,1.79217,1.79348,1.79139,1.79176,7203.0
2025-02-20 13:00:00+00:00,1.79178,1.79228,1.79118,1.79168,6926.0
2025-02-20 14:00:00+00:00,1.79168,1.79198,1.78976,1.79096,9847.0
2025-02-20 15:00:00+00:00,1.79094,1.79374,1.7903,1.7935,12787.0
2025-02-20 16:00:00+00:00,1.79348,1.79486,1.79322,1.7945,7720.0
2025-02-20 17:00:00+00:00,1.7945,1.79536,1.79382,1.79464,7191.0
2025-02-20 18:00:00+00:00,1.79464,1.79488,1.79385,1.79481,5859.0
2025-02-20 19:00:00+00:00,1.79483,1.79574,1.79426,1.7957,5962.0
2025-02-20 20:00:00+00:00,1.79572,1.79577,1.79473,1.79554,3985.0
2025-02-20 21:00:00+00:00,1.79552,1.7962,1.79495,1.79586,2175.0
2025-02-20 22:00:00+00:00,1.79598,1.7964,1.79508,1.79624,1746.0
2025-02-20 23:00:00+00:00,1.796,1.7963,1.79547,1.79586,2745.0
2025-02-21 00:00:00+00:00,1.79587,1.79596,1.795,1.79509,4065.0
2025-02-21 01:00:00+00:00,1.7951,1.79552,1.79482,1.79535,5306.0
2025-02-21 02:00:00+00:00,1.79536,1.79589,1.79514,1.79588,5130.0
2025-02-21 03:00:00+00:00,1.7959,1.79598,1.79533,1.79551,3731.0
2025-02-21 04:00:00+00:00,1.7955,1.7955,1.7949,1.795,1222.0
2025-02-21 05:00:00+00:00,1.79498,1.79522,1.79453,1.79502,3856.0
2025-02-21 06:00:00+00:00,1.79501,1.79585,1.79483,1.79553,5708.0
2025-02-21 07:00:00+00:00,1.79556,1.79878,1.79556,1.79718,9304.0
2025-02-21 08:00:00+00:00,1.79718,1.79732,1.79486,1.79682,11270.0
2025-02-21 09:00:00+00:00,1.79684,1.79697,1.79451,1.79586,8234.0
2025-02-21 10:00:00+00:00,1.79588,1.7963,1.79469,1.79538,6838.0
2025-02-21 11:00:00+00:00,1.7954,1.79588,1.7946,1.79508,5452.0
2025-02-21 12:00:00+00:00,1.79506,1.79524,1.79399,1.79448,5969.0
2025-02-21 13:00:00+00:00,1.79446,1.79511,1.79238,1.79272,9161.0
2025-02-21 14:00:00+00:00,1.79276,1.79634,1.79276,1.79484,10860.0
2025-02-21 15:00:00+00:00,1.7948,1.79602,1.79377,1.795,16683.0
2025-02-21 16:00:00+00:00,1.79498,1.79646,1.79461,1.7951,11014.0
2025-02-21 17:00:00+00:00,1.79512,1.7979,1.79482,1.79778,10354.0
2025-02-21 18:00:00+00:00,1.79776,1.79871,1.79627,1.7973,11945.0
2025-02-21 19:00:00+00:00,1.79728,1.798,1.79661,1.79732,9905.0
2025-02-21 20:00:00+00:00,1.79736,1.798,1.79708,1.79714,5889.0
2025-02-21 21:00:00+00:00,1.79716,1.79786,1.79673,1.79729,2453.0
2025-02-23 22:00:00+00:00,1.79781,1.79854,1.797,1.798,1811.0
2025-02-23 23:00:00+00:00,1.7979,1.7985,1.79733,1.79745,3595.0
2025-02-24 00:00:00+00:00,1.79745,1.7994,1.79696,1.79869,5813.0
2025-02-24 01:00:00+00:00,1.79864,1.80005,1.7982,1.79982,9257.0
2025-02-24 02:00:00+00:00,1.79983,1.8002,1.79943,1.79954,9742.0
2025-02-24 03:00:00+00:00,1.79954,1.79962,1.79846,1.79884,8648.0
2025-02-24 04:00:00+00:00,1.79884,1.7992,1.79862,1.79917,3799.0
2025-02-24 05:00:00+00:00,1.79916,1.79916,1.79847,1.79898,4875.0
2025-02-24 06:00:00+00:00,1.79895,1.79908,1.79718,1.79755,5170.0
2025-02-24 07:00:00+00:00,1.79759,1.79762,1.79406,1.79464,10226.0
2025-02-24 08:00:00+00:00,1.79466,1.79663,1.7939,1.79618,12121.0
2025-02-24 09:00:00+00:00,1.79616,1.79706,1.79478,1.79602,10926.0
2025-02-24 10:00:00+00:00,1.79602,1.79722,1.79464,1.79706,8487.0
2025-02-24 11:00:00+00:00,1.79707,1.79726,1.79611,1.79659,7015.0
2025-02-24 12:00:00+00:00,1.79658,1.79667,1.79576,1.79608,6612.0
2025-02-24 13:00:00+00:00,1.79606,1.79845,1.79555,1.79758,9348.0
2025-02-24 14:00:00+00:00,1.79759,1.7981,1.79556,1.79734,13008.0
2025-02-24 15:00:00+00:00,1.79736,1.7974,1.79504,1.7965,15161.0
2025-02-24 16:00:00+00:00,1.79648,1.79812,1.79596,1.79782,11076.0
2025-02-24 17:00:00+00:00,1.79782,1.79824,1.79722,1.79798,10528.0
2025-02-24 18:00:00+00:00,1.79796,1.79818,1.797,1.79745,8730.0
2025-02-24 19:00:00+00:00,1.79743,1.79772,1.79675,1.79737,7388.0
2025-02-24 20:00:00+00:00,1.79734,1.80114,1.79722,1.80032,10469.0
2025-02-24 21:00:00+00:00,1.80034,1.80087,1.79953,1.80024,2758.0
2025-02-24 22:00:00+00:00,1.80068,1.80138,1.80017,1.80126,1181.0
2025-02-24 23:00:00+00:00,1.80126,1.80154,1.8002,1.80144,2746.0
2025-02-25 00:00:00+00:00,1.80142,1.80162,1.8006,1.80081,4048.0
2025-02-25 01:00:00+00:00,1.80082,1.80096,1.80006,1.80042,5264.0
2025-02-25 02:00:00+00:00,1.80043,1.80068,1.7998,1.79987,5525.0
2025-02-25 03:00:00+00:00,1.79988,1.8003,1.79934,1.80002,4178.0
2025-02-25 04:00:00+00:00,1.80006,1.8006,1.79972,1.80052,3433.0
2025-02-25 05:00:00+00:00,1.80057,1.80084,1.80008,1.8001,2802.0
2025-02-25 06:00:00+00:00,1.80012,1.80106,1.80004,1.80038,4461.0
2025-02-25 07:00:00+00:00,1.80038,1.80121,1.79955,1.79976,7444.0
2025-02-25 08:00:00+00:00,1.79978,1.80086,1.79929,1.79956,9268.0
2025-02-25 09:00:00+00:00,1.79958,1.80128,1.7993,1.80106,6029.0
2025-02-25 10:00:00+00:00,1.80105,1.80155,1.80002,1.8014,5812.0
2025-02-25 11:00:00+00:00,1.80144,1.80278,1.80048,1.80274,5326.0
2025-02-25 12:00:00+00:00,1.80268,1.8057,1.80248,1.80566,7565.0
2025-02-25 13:00:00+00:00,1.80566,1.80754,1.80494,1.80702,7867.0
2025-02-25 14:00:00+00:00,1.80708,1.80738,1.80494,1.80636,10605.0
2025-02-25 15:00:00+00:00,1.80626,1.81051,1.8062,1.80881,16321.0
2025-02-25 16:00:00+00:00,1.8088,1.81088,1.80838,1.80906,12274.0
2025-02-25 17:00:00+00:00,1.80906,1.8103,1.80891,1.80988,8512.0
2025-02-25 18:00:00+00:00,1.80986,1.81046,1.80904,1.81016,7720.0
2025-02-25 19:00:00+00:00,1.81017,1.81202,1.81013,1.81202,7415.0
2025-02-25 20:00:00+00:00,1.812,1.8135,1.8115,1.81347,6890.0
2025-02-25 21:00:00+00:00,1.81344,1.81384,1.8123,1.81339,2442.0
2025-02-25 22:00:00+00:00,1.81268,1.81332,1.81228,1.81324,515.0
2025-02-25 23:00:00+00:00,1.81292,1.81337,1.81216,1.81226,2054.0
2025-02-26 00:00:00+00:00,1.81227,1.81311,1.81203,1.81304,3343.0
2025-02-26 01:00:00+00:00,1.81298,1.81323,1.81114,1.81155,5373.0
2025-02-26 02:00:00+00:00,1.81157,1.81208,1.8114,1.81192,4826.0
2025-02-26 03:00:00+00:00,1.81192,1.8123,1.81172,1.81203,3831.0
2025-02-26 04:00:00+00:00,1.81202,1.81204,1.8113,1.81134,2923.0
2025-02-26 05:00:00+00:00,1.81132,1.81146,1.81062,1.81118,4382.0
2025-02-26 06:00:00+00:00,1.81116,1.81254,1.81072,1.81234,3829.0
2025-02-26 07:00:00+00:00,1.81234,1.81274,1.81144,1.81234,7145.0
2025-02-26 08:00:00+00:00,1.81232,1.81352,1.81152,1.81214,8053.0
2025-02-26 09:00:00+00:00,1.81216,1.81352,1.81208,1.81344,5849.0
2025-02-26 10:00:00+00:00,1.81342,1.81468,1.81274,1.81376,4249.0
2025-02-26 11:00:00+00:00,1.81378,1.81431,1.81232,1.81406,5422.0
2025-02-26 12:00:00+00:00,1.81408,1.81515,1.81392,1.81422,5183.0
2025-02-26 13:00:00+00:00,1.8142,1.81692,1.81402,1.81602,7967.0
2025-02-26 14:00:00+00:00,1.816,1.8174,1.81511,1.81586,8726.0
2025-02-26 15:00:00+00:00,1.81586,1.8217,1.81492,1.82158,11872.0
2025-02-26 16:00:00+00:00,1.82154,1.82254,1.82036,1.82128,8723.0
2025-02-26 17:00:00+00:00,1.8213,1.8231,1.81522,1.8161,13756.0
2025-02-26 18:00:00+00:00,1.81616,1.81875,1.81547,1.81778,9403.0
2025-02-26 19:00:00+00:00,1.8178,1.8181,1.8165,1.81806,7103.0
2025-02-26 20:00:00+00:00,1.81802,1.81841,1.81716,1.81796,4763.0
2025-02-26 21:00:00+00:00,1.81794,1.82045,1.81717,1.81747,3418.0
2025-02-26 22:00:00+00:00,1.81758,1.81814,1.81726,1.81774,520.0
2025-02-26 23:00:00+00:00,1.81783,1.8183,1.81752,1.81804,1895.0
2025-02-27 00:00:00+00:00,1.81797,1.81831,1.81683,1.81739,4788.0
2025-02-27 01:00:00+00:00,1.81739,1.81759,1.81688,1.81691,6935.0
2025-02-27 02:00:00+00:00,1.8169,1.81726,1.81644,1.81701,7031.0
2025-02-27 03:00:00+00:00,1.81693,1.81755,1.81688,1.81714,3410.0
2025-02-27 04:00:00+00:00,1.81712,1.81733,1.81654,1.81684,3554.0
2025-02-27 05:00:00+00:00,1.81684,1.8171,1.81614,1.8163,4395.0
2025-02-27 06:00:00+00:00,1.81637,1.81744,1.81603,1.81717,5995.0
2025-02-27 07:00:00+00:00,1.81716,1.81718,1.81558,1.81602,8672.0
2025-02-27 08:00:00+00:00,1.81608,1.81664,1.81472,1.81546,11466.0
2025-02-27 09:00:00+00:00,1.81544,1.81635,1.81494,1.81634,10243.0
2025-02-27 10:00:00+00:00,1.81632,1.81782,1.81588,1.81769,8874.0
2025-02-27 11:00:00+00:00,1.81769,1.8184,1.8164,1.81712,7591.0
2025-02-27 12:00:00+00:00,1.81708,1.81938,1.81696,1.81874,10220.0
2025-02-27 13:00:00+00:00,1.81876,1.82334,1.81836,1.82216,18974.0
2025-02-27 14:00:00+00:00,1.82218,1.82294,1.81992,1.82176,18821.0
2025-02-27 15:00:00+00:00,1.82184,1.82248,1.81983,1.82159,17040.0
2025-02-27 16:00:00+00:00,1.8216,1.82204,1.82011,1.8206,9988.0
2025-02-27 17:00:00+00:00,1.82058,1.82115,1.81968,1.8197,10712.0
2025-02-27 18:00:00+00:00,1.81971,1.82122,1.81962,1.82091,8294.0
2025-02-27 19:00:00+00:00,1.82094,1.82124,1.81988,1.82056,10721.0
2025-02-27 20:00:00+00:00,1.82056,1.8214,1.82034,1.82126,9545.0
2025-02-27 21:00:00+00:00,1.82128,1.82131,1.81888,1.819,3238.0
2025-02-27 22:00:00+00:00,1.81936,1.82019,1.81928,1.81968,859.0
2025-02-27 23:00:00+00:00,1.81948,1.81986,1.8188,1.81972,2063.0
2025-02-28 00:00:00+00:00,1.81968,1.82054,1.81922,1.81998,3641.0
2025-02-28 01:00:00+00:00,1.82,1.82003,1.81904,1.81906,7416.0
2025-02-28 02:00:00+00:00,1.81908,1.81952,1.81822,1.81848,6791.0
2025-02-28 03:00:00+00:00,1.8185,1.81859,1.81786,1.818,3508.0
2025-02-28 04:00:00+00:00,1.818,1.81816,1.81761,1.8179,3346.0
2025-02-28 05:00:00+00:00,1.81789,1.81796,1.8166,1.8174,3330.0
2025-02-28 06:00:00+00:00,1.81738,1.8174,1.81612,1.81702,4926.0
2025-02-28 07:00:00+00:00,1.817,1.81906,1.81682,1.81796,7500.0
2025-02-28 08:00:00+00:00,1.81796,1.81982,1.81791,1.8192,7969.0
2025-02-28 09:00:00+00:00,1.81924,1.81964,1.81822,1.81834,6033.0
2025-02-28 10:00:00+00:00,1.81832,1.8192,1.81779,1.81826,4684.0
2025-02-28 11:00:00+00:00,1.81828,1.81872,1.81651,1.8175,4815.0
2025-02-28 12:00:00+00:00,1.81748,1.81944,1.81724,1.81926,5161.0
2025-02-28 13:00:00+00:00,1.81928,1.81934,1.8155,1.81668,8752.0
2025-02-28 14:00:00+00:00,1.81668,1.82068,1.81656,1.82036,8284.0
2025-02-28 15:00:00+00:00,1.82036,1.82126,1.81302,1.81362,12630.0
2025-02-28 16:00:00+00:00,1.81362,1.81714,1.81336,1.81705,9837.0
2025-02-28 17:00:00+00:00,1.81706,1.81906,1.81673,1.81784,8634.0
2025-02-28 18:00:00+00:00,1.81784,1.81812,1.815,1.81627,10225.0
2025-02-28 19:00:00+00:00,1.81626,1.81818,1.81572,1.81768,6586.0
2025-02-28 20:00:00+00:00,1.8177,1.81998,1.81741,1.81972,7183.0
2025-02-28 21:00:00+00:00,1.81978,1.8202,1.81894,1.81972,3236.0
2025-03-02 22:00:00+00:00,1.81846,1.81937,1.81764,1.81878,1806.0
2025-03-02 23:00:00+00:00,1.81871,1.82058,1.81846,1.82023,5304.0
2025-03-03 00:00:00+00:00,1.82021,1.82068,1.81936,1.81986,5395.0
2025-03-03 01:00:00+00:00,1.8199,1.82075,1.81964,1.81994,5674.0
2025-03-03 02:00:00+00:00,1.82,1.82072,1.81984,1.82034,4172.0
2025-03-03 03:00:00+00:00,1.82035,1.82082,1.82016,1.82026,5244.0
2025-03-03 04:00:00+00:00,1.82026,1.8204,1.81962,1.81999,3267.0
2025-03-03 05:00:00+00:00,1.82001,1.82078,1.81998,1.82068,3889.0
2025-03-03 06:00:00+00:00,1.8207,1.82085,1.81972,1.82012,4549.0
2025-03-03 07:00:00+00:00,1.8201,1.82056,1.8183,1.81968,6198.0
2025-03-03 08:00:00+00:00,1.81967,1.82014,1.81688,1.81741,8851.0
2025-03-03 09:00:00+00:00,1.81748,1.82195,1.81742,1.82192,6175.0
2025-03-03 10:00:00+00:00,1.82192,1.82515,1.82186,1.8247,7320.0
2025-03-03 11:00:00+00:00,1.82477,1.82756,1.82408,1.8275,7000.0
2025-03-03 12:00:00+00:00,1.82749,1.83095,1.82694,1.83049,10695.0
2025-03-03 13:00:00+00:00,1.83048,1.83054,1.82626,1.82728,10739.0
2025-03-03 14:00:00+00:00,1.82728,1.82972,1.82552,1.82839,9068.0
2025-03-03 15:00:00+00:00,1.82841,1.83041,1.82653,1.82878,15279.0
2025-03-03 16:00:00+00:00,1.82878,1.8308,1.82838,1.83012,10495.0
2025-03-03 17:00:00+00:00,1.83005,1.83324,1.82963,1.83276,6491.0
2025-03-03 18:00:00+00:00,1.83286,1.83702,1.83246,1.83528,6872.0
2025-03-03 19:00:00+00:00,1.8353,1.84028,1.8333,1.84012,9398.0
2025-03-03 20:00:00+00:00,1.84012,1.84474,1.83984,1.84216,14235.0
2025-03-03 21:00:00+00:00,1.84216,1.84259,1.83906,1.83917,4568.0
2025-03-03 22:00:00+00:00,1.83924,1.84113,1.83876,1.8406,868.0
2025-03-03 23:00:00+00:00,1.84074,1.84132,1.8397,1.84097,2994.0
2025-03-04 00:00:00+00:00,1.84101,1.84112,1.83972,1.8399,6114.0
2025-03-04 01:00:00+00:00,1.83989,1.84103,1.83948,1.84024,10261.0
2025-03-04 02:00:00+00:00,1.84024,1.84052,1.83956,1.83968,8256.0
2025-03-04 03:00:00+00:00,1.83967,1.84066,1.83948,1.84004,5775.0
2025-03-04 04:00:00+00:00,1.84004,1.842,1.83944,1.84192,5224.0
2025-03-04 05:00:00+00:00,1.84188,1.84266,1.8392,1.83986,10082.0
2025-03-04 06:00:00+00:00,1.83984,1.83996,1.83853,1.83874,7008.0
2025-03-04 07:00:00+00:00,1.83876,1.84044,1.83812,1.84029,11920.0
2025-03-04 08:00:00+00:00,1.84024,1.84139,1.83722,1.83803,14250.0
2025-03-04 09:00:00+00:00,1.83802,1.83805,1.83456,1.83554,11388.0
2025-03-04 10:00:00+00:00,1.83554,1.83644,1.83423,1.83569,9181.0
2025-03-04 11:00:00+00:00,1.8357,1.83607,1.833,1.83568,9122.0
2025-03-04 12:00:00+00:00,1.8357,1.83893,1.83569,1.83888,12014.0
2025-03-04 13:00:00+00:00,1.8389,1.84022,1.83742,1.8381,15077.0
2025-03-04 14:00:00+00:00,1.83812,1.84151,1.83711,1.84107,11766.0
2025-03-04 15:00:00+00:00,1.84106,1.84469,1.83916,1.84356,19969.0
2025-03-04 16:00:00+00:00,1.84353,1.84716,1.84282,1.84716,15428.0
2025-03-04 17:00:00+00:00,1.84718,1.85214,1.84702,1.85136,14359.0
2025-03-04 18:00:00+00:00,1.85134,1.85514,1.85087,1.85429,16731.0
2025-03-04 19:00:00+00:00,1.85428,1.85538,1.85196,1.85263,12674.0
2025-03-04 20:00:00+00:00,1.85264,1.85288,1.84982,1.85046,13772.0
2025-03-04 21:00:00+00:00,1.85042,1.85164,1.83911,1.84196,14216.0
2025-03-04 22:00:00+00:00,1.84156,1.84195,1.8408,1.84092,529.0
2025-03-04 23:00:00+00:00,1.84076,1.84308,1.83997,1.84234,3409.0
2025-03-05 00:00:00+00:00,1.84236,1.84429,1.84184,1.84318,5755.0
2025-03-05 01:00:00+00:00,1.8432,1.8454,1.84173,1.84356,12027.0
2025-03-05 02:00:00+00:00,1.8436,1.84482,1.84316,1.844,10935.0
2025-03-05 03:00:00+00:00,1.84402,1.84539,1.84398,1.84441,9028.0
2025-03-05 04:00:00+00:00,1.84442,1.84553,1.84427,1.84518,5072.0
2025-03-05 05:00:00+00:00,1.84518,1.84605,1.84472,1.84538,4330.0
2025-03-05 06:00:00+00:00,1.84535,1.84588,1.84392,1.8451,7353.0
2025-03-05 07:00:00+00:00,1.84516,1.84686,1.84258,1.84644,10171.0
2025-03-05 08:00:00+00:00,1.84644,1.84948,1.84625,1.84797,11585.0
2025-03-05 09:00:00+00:00,1.84796,1.84904,1.84602,1.84605,11763.0
2025-03-05 10:00:00+00:00,1.84602,1.84738,1.84466,1.8461,8808.0
2025-03-05 11:00:00+00:00,1.84612,1.84645,1.84396,1.84576,6783.0
2025-03-05 12:00:00+00:00,1.84577,1.84889,1.8454,1.84742,9470.0
2025-03-05 13:00:00+00:00,1.84748,1.84841,1.84336,1.84392,16696.0
2025-03-05 14:00:00+00:00,1.84388,1.84805,1.84366,1.84805,17819.0
2025-03-05 15:00:00+00:00,1.84816,1.85255,1.8451,1.85222,21926.0
2025-03-05 16:00:00+00:00,1.85218,1.85569,1.84687,1.84908,18603.0
2025-03-05 17:00:00+00:00,1.84909,1.85159,1.84809,1.84908,14707.0
2025-03-05 18:00:00+00:00,1.84902,1.85071,1.84698,1.85006,16220.0
2025-03-05 19:00:00+00:00,1.85006,1.85037,1.84827,1.84886,8975.0
2025-03-05 20:00:00+00:00,1.84885,1.85007,1.8484,1.85006,5538.0
2025-03-05 21:00:00+00:00,1.85004,1.85024,1.84812,1.84938,3052.0
2025-03-05 22:00:00+00:00,1.84864,1.84882,1.84756,1.84787,3861.0
2025-03-05 23:00:00+00:00,1.84798,1.84841,1.84724,1.84822,4441.0
2025-03-06 00:00:00+00:00,1.84819,1.85058,1.84815,1.85028,5726.0
2025-03-06 01:00:00+00:00,1.8503,1.85032,1.84704,1.84708,7517.0
2025-03-06 02:00:00+00:00,1.84709,1.84736,1.84628,1.84671,7527.0
2025-03-06 03:00:00+00:00,1.84673,1.84688,1.8458,1.84623,5261.0
2025-03-06 04:00:00+00:00,1.8462,1.84798,1.84608,1.84792,4280.0
2025-03-06 05:00:00+00:00,1.84794,1.8498,1.84784,1.84966,5580.0
2025-03-06 06:00:00+00:00,1.84964,1.85028,1.84879,1.84926,6994.0
2025-03-06 07:00:00+00:00,1.8493,1.8526,1.84844,1.85152,11027.0
2025-03-06 08:00:00+00:00,1.85152,1.85226,1.85015,1.85018,14672.0
2025-03-06 09:00:00+00:00,1.85019,1.85082,1.8467,1.8471,12378.0
2025-03-06 10:00:00+00:00,1.8471,1.84843,1.84615,1.84795,10033.0
2025-03-06 11:00:00+00:00,1.84796,1.8506,1.84792,1.84985,9214.0
2025-03-06 12:00:00+00:00,1.84982,1.85281,1.8491,1.85198,10318.0
2025-03-06 13:00:00+00:00,1.85196,1.85248,1.84978,1.85227,14690.0
2025-03-06 14:00:00+00:00,1.8523,1.85254,1.84754,1.85061,15981.0
2025-03-06 15:00:00+00:00,1.85056,1.85076,1.83796,1.83924,18171.0
2025-03-06 16:00:00+00:00,1.83923,1.84137,1.83784,1.84125,15789.0
2025-03-06 17:00:00+00:00,1.84122,1.84566,1.83992,1.84332,11895.0
2025-03-06 18:00:00+00:00,1.84326,1.84521,1.8421,1.84278,9617.0
2025-03-06 19:00:00+00:00,1.8428,1.84512,1.84246,1.84408,9049.0
2025-03-06 20:00:00+00:00,1.84405,1.84461,1.84222,1.84246,7343.0
2025-03-06 21:00:00+00:00,1.84244,1.8433,1.8407,1.84156,4738.0
2025-03-06 22:00:00+00:00,1.84102,1.84226,1.84086,1.84166,537.0
2025-03-06 23:00:00+00:00,1.84168,1.84199,1.84125,1.84139,2068.0
2025-03-07 00:00:00+00:00,1.8414,1.84214,1.84107,1.84162,4187.0
2025-03-07 01:00:00+00:00,1.84161,1.84247,1.84146,1.84246,5336.0
2025-03-07 02:00:00+00:00,1.84247,1.84268,1.84182,1.84268,6267.0
2025-03-07 03:00:00+00:00,1.84264,1.84419,1.8425,1.84413,5701.0
2025-03-07 04:00:00+00:00,1.84412,1.84416,1.84302,1.84311,3190.0
2025-03-07 05:00:00+00:00,1.8431,1.84436,1.84303,1.84413,4520.0
2025-03-07 06:00:00+00:00,1.84412,1.84548,1.84396,1.84489,6755.0
2025-03-07 07:00:00+00:00,1.84486,1.84622,1.84476,1.84572,9796.0
2025-03-07 08:00:00+00:00,1.84568,1.84745,1.84514,1.84709,11356.0
2025-03-07 09:00:00+00:00,1.84708,1.85102,1.84608,1.85017,10124.0
2025-03-07 10:00:00+00:00,1.85016,1.85094,1.8488,1.84942,8549.0
2025-03-07 11:00:00+00:00,1.84944,1.85023,1.84836,1.84985,6309.0
2025-03-07 12:00:00+00:00,1.84983,1.85178,1.84805,1.85089,8323.0
2025-03-07 13:00:00+00:00,1.8509,1.85592,1.85022,1.85423,16635.0
2025-03-07 14:00:00+00:00,1.85422,1.85656,1.85341,1.85389,18873.0
2025-03-07 15:00:00+00:00,1.8539,1.85716,1.85238,1.85598,18858.0
2025-03-07 16:00:00+00:00,1.85598,1.85948,1.85597,1.85811,17314.0
2025-03-07 17:00:00+00:00,1.85808,1.8621,1.85631,1.85756,15833.0
2025-03-07 18:00:00+00:00,1.85756,1.85843,1.85644,1.85696,14190.0
2025-03-07 19:00:00+00:00,1.85697,1.85704,1.85491,1.85608,11676.0
2025-03-07 20:00:00+00:00,1.85609,1.85774,1.85548,1.85724,8813.0
2025-03-07 21:00:00+00:00,1.85722,1.85866,1.85638,1.85716,4001.0
2025-03-09 21:00:00+00:00,1.85726,1.85907,1.8559,1.85781,2539.0
2025-03-09 22:00:00+00:00,1.85782,1.85921,1.85752,1.85887,3653.0
2025-03-09 23:00:00+00:00,1.85884,1.85964,1.85826,1.85874,4379.0
2025-03-10 00:00:00+00:00,1.85874,1.85942,1.85807,1.85835,7173.0
2025-03-10 01:00:00+00:00,1.85832,1.85856,1.85662,1.85685,6357.0
2025-03-10 02:00:00+00:00,1.85686,1.85691,1.85493,1.85502,5557.0
2025-03-10 03:00:00+00:00,1.85497,1.85544,1.8547,1.85498,4770.0
2025-03-10 04:00:00+00:00,1.85497,1.85501,1.85433,1.85434,3699.0
2025-03-10 05:00:00+00:00,1.8544,1.85506,1.85409,1.85496,4937.0
2025-03-10 06:00:00+00:00,1.85501,1.85567,1.85468,1.85516,5927.0
2025-03-10 07:00:00+00:00,1.85512,1.85576,1.85092,1.8517,8244.0
2025-03-10 08:00:00+00:00,1.85169,1.85358,1.85085,1.85184,12306.0
2025-03-10 09:00:00+00:00,1.85183,1.85399,1.8506,1.85345,10832.0
2025-03-10 10:00:00+00:00,1.8535,1.85969,1.85324,1.85886,11191.0
2025-03-10 11:00:00+00:00,1.85884,1.86035,1.85638,1.86011,11986.0
2025-03-10 12:00:00+00:00,1.86012,1.86594,1.85961,1.86471,12813.0
2025-03-10 13:00:00+00:00,1.8647,1.86682,1.86276,1.86399,12870.0
2025-03-10 14:00:00+00:00,1.8639,1.86402,1.86089,1.86224,15520.0
2025-03-10 15:00:00+00:00,1.86228,1.86274,1.85992,1.86224,13686.0
2025-03-10 16:00:00+00:00,1.86223,1.86287,1.85986,1.86113,9815.0
2025-03-10 17:00:00+00:00,1.86111,1.86185,1.85992,1.86034,9305.0
2025-03-10 18:00:00+00:00,1.86032,1.86184,1.85898,1.86138,8527.0
2025-03-10 19:00:00+00:00,1.86132,1.86184,1.85878,1.8594,9845.0
2025-03-10 20:00:00+00:00,1.85944,1.86,1.85826,1.85966,4038.0
2025-03-10 21:00:00+00:00,1.85942,1.85989,1.859,1.85902,584.0
2025-03-10 22:00:00+00:00,1.85894,1.85933,1.85829,1.85925,1554.0
2025-03-10 23:00:00+00:00,1.8592,1.85937,1.85741,1.85745,3497.0
2025-03-11 00:00:00+00:00,1.85748,1.86046,1.85725,1.85934,5945.0
2025-03-11 01:00:00+00:00,1.85935,1.86038,1.85883,1.85944,8286.0
2025-03-11 02:00:00+00:00,1.85944,1.85976,1.85822,1.85856,6008.0
2025-03-11 03:00:00+00:00,1.85855,1.86187,1.85846,1.85994,4134.0
2025-03-11 04:00:00+00:00,1.85988,1.86098,1.85967,1.8603,2246.0
2025-03-11 05:00:00+00:00,1.86029,1.861,1.8591,1.8592,3702.0
2025-03-11 06:00:00+00:00,1.85921,1.86205,1.85916,1.8614,6541.0
2025-03-11 07:00:00+00:00,1.86143,1.86338,1.86036,1.86066,11611.0
2025-03-11 08:00:00+00:00,1.86067,1.86522,1.86066,1.86396,10020.0
2025-03-11 09:00:00+00:00,1.86395,1.86517,1.86324,1.86372,8653.0
2025-03-11 10:00:00+00:00,1.86371,1.8644,1.86186,1.86223,8008.0
2025-03-11 11:00:00+00:00,1.86222,1.86353,1.86088,1.86098,7495.0
2025-03-11 12:00:00+00:00,1.86096,1.86603,1.86071,1.8657,10055.0
2025-03-11 13:00:00+00:00,1.8657,1.86579,1.86304,1.86432,11207.0
2025-03-11 14:00:00+00:00,1.8644,1.87731,1.86274,1.87706,22785.0
2025-03-11 15:00:00+00:00,1.87707,1.8779,1.8706,1.87234,17867.0
2025-03-11 16:00:00+00:00,1.8723,1.87493,1.87192,1.87366,8120.0
2025-03-11 17:00:00+00:00,1.87364,1.87686,1.87359,1.87557,9881.0
2025-03-11 18:00:00+00:00,1.8756,1.87603,1.86568,1.8665,11621.0
2025-03-11 19:00:00+00:00,1.86651,1.86798,1.86338,1.86664,11656.0
2025-03-11 20:00:00+00:00,1.86663,1.86943,1.86569,1.86932,3600.0
2025-03-11 21:00:00+00:00,1.8695,1.87004,1.86853,1.8686,702.0
2025-03-11 22:00:00+00:00,1.86867,1.86885,1.86752,1.86808,1137.0
2025-03-11 23:00:00+00:00,1.86808,1.8688,1.86786,1.86838,2312.0
2025-03-12 00:00:00+00:00,1.86846,1.86848,1.8664,1.86646,4303.0
2025-03-12 01:00:00+00:00,1.86646,1.86788,1.86634,1.86768,4772.0
2025-03-12 02:00:00+00:00,1.86766,1.86828,1.86752,1.86782,3538.0
2025-03-12 03:00:00+00:00,1.86782,1.86791,1.86704,1.8671,2470.0
2025-03-12 04:00:00+00:00,1.86712,1.86749,1.8667,1.86738,2687.0
2025-03-12 05:00:00+00:00,1.8674,1.86758,1.8664,1.86756,3461.0
2025-03-12 06:00:00+00:00,1.86755,1.86872,1.86741,1.8681,4170.0
2025-03-12 07:00:00+00:00,1.86816,1.87188,1.8678,1.86834,8478.0
2025-03-12 08:00:00+00:00,1.86835,1.86974,1.8674,1.86803,12315.0
2025-03-12 09:00:00+00:00,1.86804,1.86911,1.86694,1.86753,8030.0
2025-03-12 10:00:00+00:00,1.86756,1.86823,1.8647,1.86526,5873.0
2025-03-12 11:00:00+00:00,1.86524,1.8683,1.86474,1.86548,6601.0
2025-03-12 12:00:00+00:00,1.86549,1.86923,1.86264,1.8633,13834.0
2025-03-12 13:00:00+00:00,1.8633,1.86708,1.86203,1.86474,15845.0
2025-03-12 14:00:00+00:00,1.86474,1.86508,1.86277,1.8649,11316.0
2025-03-12 15:00:00+00:00,1.86489,1.86762,1.8643,1.86704,8859.0
2025-03-12 16:00:00+00:00,1.86702,1.8673,1.86538,1.86656,7113.0
2025-03-12 17:00:00+00:00,1.86656,1.8669,1.86316,1.86536,7649.0
2025-03-12 18:00:00+00:00,1.86536,1.86545,1.86103,1.86252,7484.0
2025-03-12 19:00:00+00:00,1.86258,1.8649,1.86231,1.86418,5867.0
2025-03-12 20:00:00+00:00,1.8642,1.86478,1.8617,1.863,2627.0
2025-03-12 21:00:00+00:00,1.8623,1.86314,1.86226,1.86271,482.0
2025-03-12 22:00:00+00:00,1.86245,1.8628,1.8621,1.86237,1848.0
2025-03-12 23:00:00+00:00,1.86234,1.86243,1.86124,1.86141,2401.0
2025-03-13 00:00:00+00:00,1.86142,1.86244,1.86138,1.86225,4251.0
2025-03-13 01:00:00+00:00,1.86223,1.86378,1.86208,1.86316,7055.0
2025-03-13 02:00:00+00:00,1.86311,1.86432,1.86304,1.86428,6240.0
2025-03-13 03:00:00+00:00,1.86426,1.86434,1.8634,1.86412,5000.0
2025-03-13 04:00:00+00:00,1.8641,1.8651,1.86364,1.86478,4563.0
2025-03-13 05:00:00+00:00,1.8648,1.86513,1.86402,1.86511,7063.0
2025-03-13 06:00:00+00:00,1.86512,1.86566,1.86414,1.86436,8921.0
2025-03-13 07:00:00+00:00,1.86434,1.86527,1.86334,1.86466,11389.0
2025-03-13 08:00:00+00:00,1.8647,1.86541,1.8627,1.86274,14188.0
2025-03-13 09:00:00+00:00,1.86276,1.8635,1.86054,1.86199,11492.0
2025-03-13 10:00:00+00:00,1.86208,1.8629,1.86068,1.86216,8099.0
2025-03-13 11:00:00+00:00,1.86214,1.86299,1.85886,1.8592,11187.0
2025-03-13 12:00:00+00:00,1.85922,1.86396,1.85918,1.8618,16869.0
2025-03-13 13:00:00+00:00,1.86181,1.86318,1.85935,1.86229,15845.0
2025-03-13 14:00:00+00:00,1.86231,1.86494,1.86168,1.86394,18186.0
2025-03-13 15:00:00+00:00,1.86393,1.86464,1.86254,1.86352,16930.0
2025-03-13 16:00:00+00:00,1.86353,1.86764,1.86263,1.8669,13393.0
2025-03-13 17:00:00+00:00,1.86688,1.86998,1.86616,1.86966,12094.0
2025-03-13 18:00:00+00:00,1.86966,1.86972,1.86708,1.86795,8589.0
2025-03-13 19:00:00+00:00,1.8679,1.86863,1.86632,1.8683,9189.0
2025-03-13 20:00:00+00:00,1.86828,1.87052,1.86766,1.87022,4320.0
2025-03-13 21:00:00+00:00,1.87068,1.87109,1.87002,1.87038,602.0
2025-03-13 22:00:00+00:00,1.87019,1.87114,1.86826,1.86836,1256.0
2025-03-13 23:00:00+00:00,1.86836,1.8694,1.86834,1.86925,2644.0
2025-03-14 00:00:00+00:00,1.86925,1.86994,1.86819,1.8682,4945.0
2025-03-14 01:00:00+00:00,1.86819,1.8691,1.86803,1.86818,5064.0
2025-03-14 02:00:00+00:00,1.86816,1.86836,1.86777,1.86802,3998.0
2025-03-14 03:00:00+00:00,1.86802,1.86834,1.86727,1.86745,4605.0
2025-03-14 04:00:00+00:00,1.86746,1.86772,1.8671,1.86728,4104.0
2025-03-14 05:00:00+00:00,1.86724,1.86872,1.86719,1.86843,4400.0
2025-03-14 06:00:00+00:00,1.86844,1.8685,1.86621,1.86664,5092.0
2025-03-14 07:00:00+00:00,1.86662,1.86662,1.86298,1.86406,8846.0
2025-03-14 08:00:00+00:00,1.86404,1.86591,1.86382,1.86409,8633.0
2025-03-14 09:00:00+00:00,1.86416,1.86496,1.86267,1.86421,8237.0
2025-03-14 10:00:00+00:00,1.86414,1.86764,1.86394,1.86603,11749.0
2025-03-14 11:00:00+00:00,1.86602,1.86845,1.86494,1.86562,11010.0
2025-03-14 12:00:00+00:00,1.86564,1.86764,1.86408,1.8647,8468.0
2025-03-14 13:00:00+00:00,1.8648,1.86485,1.86101,1.86172,9157.0
2025-03-14 14:00:00+00:00,1.86171,1.86279,1.85996,1.85998,10994.0
2025-03-14 15:00:00+00:00,1.85995,1.86119,1.85655,1.85694,8809.0
2025-03-14 16:00:00+00:00,1.85696,1.85928,1.85683,1.85782,6426.0
2025-03-14 17:00:00+00:00,1.85785,1.85948,1.85744,1.85866,5837.0
2025-03-14 18:00:00+00:00,1.85861,1.85946,1.85766,1.85883,4473.0
2025-03-14 19:00:00+00:00,1.85879,1.85925,1.85728,1.85793,4319.0
2025-03-14 20:00:00+00:00,1.85793,1.85958,1.8569,1.85882,4424.0
2025-03-16 21:00:00+00:00,1.85833,1.86029,1.85684,1.85817,1523.0
2025-03-16 22:00:00+00:00,1.85819,1.85839,1.85698,1.85735,2699.0
2025-03-16 23:00:00+00:00,1.85732,1.85814,1.8571,1.85806,3152.0
2025-03-17 00:00:00+00:00,1.85806,1.85893,1.85758,1.85795,4507.0
2025-03-17 01:00:00+00:00,1.85796,1.85992,1.85774,1.85973,5554.0
2025-03-17 02:00:00+00:00,1.85972,1.86006,1.8594,1.85944,3913.0
2025-03-17 03:00:00+00:00,1.8594,1.85978,1.85887,1.85939,4003.0
2025-03-17 04:00:00+00:00,1.8594,1.85966,1.85878,1.85918,4461.0
2025-03-17 05:00:00+00:00,1.8592,1.85962,1.85884,1.8595,4072.0
2025-03-17 06:00:00+00:00,1.85948,1.85998,1.85715,1.85724,5287.0
2025-03-17 07:00:00+00:00,1.85723,1.85872,1.85716,1.85796,7415.0
2025-03-17 08:00:00+00:00,1.85796,1.85976,1.85723,1.8588,6990.0
2025-03-17 09:00:00+00:00,1.85878,1.86063,1.85806,1.85967,7272.0
2025-03-17 10:00:00+00:00,1.85968,1.86215,1.85934,1.86174,5789.0
2025-03-17 11:00:00+00:00,1.86176,1.86281,1.86078,1.86106,5198.0
2025-03-17 12:00:00+00:00,1.86106,1.86179,1.85894,1.86006,8631.0
2025-03-17 13:00:00+00:00,1.86007,1.86087,1.85586,1.858,8204.0
2025-03-17 14:00:00+00:00,1.85803,1.85908,1.85722,1.85828,7682.0
2025-03-17 15:00:00+00:00,1.85828,1.85902,1.8554,1.8567,7544.0
2025-03-17 16:00:00+00:00,1.85666,1.85738,1.85439,1.8568,5833.0
2025-03-17 17:00:00+00:00,1.8568,1.85688,1.85515,1.85578,4430.0
2025-03-17 18:00:00+00:00,1.85578,1.85638,1.85493,1.85624,4592.0
2025-03-17 19:00:00+00:00,1.85626,1.85652,1.85522,1.85556,3800.0
2025-03-17 20:00:00+00:00,1.85555,1.85688,1.85495,1.8562,3870.0
2025-03-17 21:00:00+00:00,1.85644,1.85688,1.85568,1.85626,351.0
2025-03-17 22:00:00+00:00,1.85634,1.8566,1.85598,1.8563,788.0
2025-03-17 23:00:00+00:00,1.85629,1.85667,1.8558,1.85649,1309.0
2025-03-18 00:00:00+00:00,1.8565,1.8566,1.85562,1.85582,3785.0
2025-03-18 01:00:00+00:00,1.85582,1.85632,1.85549,1.85601,4080.0
2025-03-18 02:00:00+00:00,1.85602,1.85618,1.8555,1.85574,3193.0
2025-03-18 03:00:00+00:00,1.85574,1.85606,1.85556,1.85589,2650.0
2025-03-18 04:00:00+00:00,1.85592,1.85625,1.85576,1.85606,2414.0
2025-03-18 05:00:00+00:00,1.85606,1.8564,1.85591,1.85594,2284.0
2025-03-18 06:00:00+00:00,1.85596,1.85608,1.85458,1.8553,3248.0
2025-03-18 07:00:00+00:00,1.85533,1.85664,1.85499,1.85624,4846.0
2025-03-18 08:00:00+00:00,1.85622,1.8568,1.8553,1.85561,7943.0
2025-03-18 09:00:00+00:00,1.8556,1.85711,1.85418,1.8569,6036.0
2025-03-18 10:00:00+00:00,1.85688,1.85738,1.85618,1.85684,6519.0
2025-03-18 11:00:00+00:00,1.85681,1.8569,1.85216,1.85234,5797.0
2025-03-18 12:00:00+00:00,1.85236,1.85442,1.8495,1.85334,8749.0
2025-03-18 13:00:00+00:00,1.85334,1.85415,1.85036,1.85288,9375.0
2025-03-18 14:00:00+00:00,1.85291,1.8557,1.85266,1.85554,9372.0
2025-03-18 15:00:00+00:00,1.85552,1.85944,1.85448,1.8583,11037.0
2025-03-18 16:00:00+00:00,1.8583,1.86081,1.85752,1.86002,6698.0
2025-03-18 17:00:00+00:00,1.86002,1.86166,1.85896,1.86008,5549.0
2025-03-18 18:00:00+00:00,1.86012,1.86126,1.85988,1.86002,4294.0
2025-03-18 19:00:00+00:00,1.86004,1.86088,1.85875,1.85912,3439.0
2025-03-18 20:00:00+00:00,1.8591,1.8599,1.85848,1.85887,2072.0
2025-03-18 21:00:00+00:00,1.8587,1.8599,1.8587,1.85988,390.0
2025-03-18 22:00:00+00:00,1.86008,1.86012,1.85862,1.85879,1001.0
2025-03-18 23:00:00+00:00,1.85877,1.85918,1.85864,1.85902,1716.0
2025-03-19 00:00:00+00:00,1.85894,1.859,1.85794,1.85819,3799.0
2025-03-19 01:00:00+00:00,1.85822,1.85894,1.85806,1.85888,2559.0
2025-03-19 02:00:00+00:00,1.85888,1.85984,1.85885,1.85959,2266.0
2025-03-19 03:00:00+00:00,1.85958,1.85977,1.85897,1.85941,2167.0
2025-03-19 04:00:00+00:00,1.85935,1.85944,1.85832,1.85854,1731.0
2025-03-19 05:00:00+00:00,1.85856,1.85878,1.85784,1.85802,2637.0
2025-03-19 06:00:00+00:00,1.85799,1.85834,1.85731,1.85772,4818.0
2025-03-19 07:00:00+00:00,1.85772,1.85836,1.85624,1.8583,12425.0
2025-03-19 08:00:00+00:00,1.85834,1.85836,1.85576,1.85809,9272.0
2025-03-19 09:00:00+00:00,1.85811,1.85898,1.85718,1.85795,7280.0
2025-03-19 10:00:00+00:00,1.85796,1.85878,1.85724,1.85758,8028.0
2025-03-19 11:00:00+00:00,1.8576,1.85929,1.8568,1.85813,5953.0
2025-03-19 12:00:00+00:00,1.85814,1.85896,1.85689,1.85718,6736.0
2025-03-19 13:00:00+00:00,1.85716,1.85743,1.85493,1.85634,9419.0
2025-03-19 14:00:00+00:00,1.85634,1.85834,1.85566,1.85755,7957.0
2025-03-19 15:00:00+00:00,1.85752,1.8591,1.857,1.85806,6503.0
2025-03-19 16:00:00+00:00,1.85806,1.85951,1.85764,1.85932,4905.0
2025-03-19 17:00:00+00:00,1.85934,1.85979,1.85807,1.85904,5310.0
2025-03-19 18:00:00+00:00,1.85894,1.86187,1.85832,1.86138,17558.0
2025-03-19 19:00:00+00:00,1.86135,1.86183,1.86003,1.86178,12089.0
2025-03-19 20:00:00+00:00,1.86175,1.86346,1.86076,1.86284,3291.0
2025-03-19 21:00:00+00:00,1.86226,1.86312,1.86196,1.86243,749.0
2025-03-19 22:00:00+00:00,1.8623,1.86276,1.8618,1.86252,1795.0
2025-03-19 23:00:00+00:00,1.86253,1.86332,1.86222,1.8633,2921.0
2025-03-20 00:00:00+00:00,1.8633,1.86363,1.86232,1.86304,6236.0
2025-03-20 01:00:00+00:00,1.86306,1.86389,1.86304,1.86362,7577.0
2025-03-20 02:00:00+00:00,1.86362,1.86418,1.86338,1.86339,6695.0
2025-03-20 03:00:00+00:00,1.86338,1.86352,1.86291,1.86299,4588.0
2025-03-20 04:00:00+00:00,1.86304,1.86306,1.86228,1.86299,3942.0
2025-03-20 05:00:00+00:00,1.863,1.863,1.86222,1.86238,3951.0
2025-03-20 06:00:00+00:00,1.86238,1.86262,1.86159,1.8622,6186.0
2025-03-20 07:00:00+00:00,1.86219,1.86279,1.85898,1.86003,8877.0
2025-03-20 08:00:00+00:00,1.86002,1.86211,1.85996,1.86181,9352.0
2025-03-20 09:00:00+00:00,1.86182,1.86195,1.85994,1.86194,10232.0
2025-03-20 10:00:00+00:00,1.86198,1.86258,1.86102,1.86206,13532.0
2025-03-20 11:00:00+00:00,1.86205,1.86452,1.86174,1.86246,7951.0
2025-03-20 12:00:00+00:00,1.86245,1.86623,1.86208,1.86288,11576.0
2025-03-20 13:00:00+00:00,1.86288,1.86399,1.86104,1.86141,14533.0
2025-03-20 14:00:00+00:00,1.86138,1.86252,1.85978,1.86101,13413.0
2025-03-20 15:00:00+00:00,1.86102,1.86118,1.85827,1.85852,10912.0
2025-03-20 16:00:00+00:00,1.8585,1.85886,1.85701,1.85808,10735.0
2025-03-20 17:00:00+00:00,1.85806,1.85842,1.85592,1.8568,7271.0
2025-03-20 18:00:00+00:00,1.8568,1.85724,1.85535,1.85682,5989.0
2025-03-20 19:00:00+00:00,1.85684,1.85702,1.85505,1.85596,5372.0
2025-03-20 20:00:00+00:00,1.85596,1.85775,1.85563,1.8571,2760.0
2025-03-20 21:00:00+00:00,1.85736,1.85836,1.85676,1.85796,826.0
2025-03-20 22:00:00+00:00,1.85802,1.85802,1.85646,1.85728,1186.0
2025-03-20 23:00:00+00:00,1.85724,1.85754,1.85711,1.8572,1417.0
2025-03-21 00:00:00+00:00,1.85718,1.85745,1.85618,1.85652,3487.0
2025-03-21 01:00:00+00:00,1.85652,1.85732,1.85572,1.85582,4508.0
2025-03-21 02:00:00+00:00,1.85584,1.8563,1.85528,1.85585,3705.0
2025-03-21 03:00:00+00:00,1.85584,1.85613,1.85467,1.85476,3129.0
2025-03-21 04:00:00+00:00,1.85478,1.85482,1.8543,1.85456,2758.0
2025-03-21 05:00:00+00:00,1.85456,1.85457,1.85318,1.85323,3839.0
2025-03-21 06:00:00+00:00,1.85322,1.85334,1.85198,1.85252,4518.0
2025-03-21 07:00:00+00:00,1.85258,1.85367,1.8521,1.85261,5657.0
2025-03-21 08:00:00+00:00,1.85258,1.85448,1.85136,1.8543,7936.0
2025-03-21 09:00:00+00:00,1.85426,1.85492,1.85396,1.85441,5943.0
2025-03-21 10:00:00+00:00,1.85442,1.85527,1.85413,1.85457,6604.0
2025-03-21 11:00:00+00:00,1.85458,1.85617,1.85458,1.85605,6581.0
2025-03-21 12:00:00+00:00,1.85607,1.85776,1.85596,1.85736,7476.0
2025-03-21 13:00:00+00:00,1.8574,1.85786,1.85558,1.85682,8988.0
2025-03-21 14:00:00+00:00,1.85684,1.8574,1.85395,1.85504,9443.0
2025-03-21 15:00:00+00:00,1.85503,1.85638,1.85115,1.85116,8291.0
2025-03-21 16:00:00+00:00,1.85117,1.85318,1.85028,1.8528,6411.0
2025-03-21 17:00:00+00:00,1.85281,1.85334,1.85168,1.85298,5071.0
2025-03-21 18:00:00+00:00,1.85297,1.85474,1.85278,1.8545,3770.0
2025-03-21 19:00:00+00:00,1.85452,1.85478,1.85247,1.85284,3404.0
2025-03-21 20:00:00+00:00,1.85285,1.85459,1.85168,1.85432,2248.0
2025-03-23 21:00:00+00:00,1.85144,1.8527,1.85111,1.85184,737.0
2025-03-23 22:00:00+00:00,1.85168,1.85288,1.85048,1.8518,2208.0
2025-03-23 23:00:00+00:00,1.85181,1.85265,1.8513,1.85264,1927.0
2025-03-24 00:00:00+00:00,1.8526,1.85371,1.852,1.8536,3139.0
2025-03-24 01:00:00+00:00,1.85361,1.85397,1.85274,1.85318,3609.0
2025-03-24 02:00:00+00:00,1.85318,1.85445,1.85314,1.85401,2780.0
2025-03-24 03:00:00+00:00,1.85402,1.85432,1.85257,1.85268,2642.0
2025-03-24 04:00:00+00:00,1.85272,1.85317,1.85252,1.85274,2866.0
2025-03-24 05:00:00+00:00,1.85274,1.85378,1.85252,1.85372,3874.0
2025-03-24 06:00:00+00:00,1.85369,1.85655,1.85332,1.85563,5219.0
2025-03-24 07:00:00+00:00,1.85564,1.85618,1.85463,1.85554,6769.0
2025-03-24 08:00:00+00:00,1.8556,1.85712,1.85538,1.8567,8452.0
2025-03-24 09:00:00+00:00,1.85674,1.85748,1.85509,1.85712,7490.0
2025-03-24 10:00:00+00:00,1.85716,1.85802,1.85634,1.85685,5643.0
2025-03-24 11:00:00+00:00,1.85684,1.85712,1.8538,1.85438,5631.0
2025-03-24 12:00:00+00:00,1.85436,1.85726,1.85436,1.85552,9009.0
2025-03-24 13:00:00+00:00,1.85552,1.85588,1.85073,1.85108,8345.0
2025-03-24 14:00:00+00:00,1.85106,1.85358,1.84875,1.84942,9721.0
2025-03-24 15:00:00+00:00,1.84948,1.84994,1.84464,1.84546,8163.0
2025-03-24 16:00:00+00:00,1.84546,1.84801,1.84529,1.84738,7154.0
2025-03-24 17:00:00+00:00,1.84734,1.84896,1.84709,1.84802,3695.0
2025-03-24 18:00:00+00:00,1.84794,1.85078,1.84752,1.85031,5478.0
2025-03-24 19:00:00+00:00,1.85035,1.85076,1.84925,1.84999,2879.0
2025-03-24 20:00:00+00:00,1.84998,1.85068,1.84907,1.85048,1565.0
2025-03-24 21:00:00+00:00,1.8505,1.85058,1.84972,1.8504,299.0
2025-03-24 22:00:00+00:00,1.85069,1.85072,1.84956,1.85003,923.0
2025-03-24 23:00:00+00:00,1.85004,1.85028,1.84977,1.8501,1032.0
2025-03-25 00:00:00+00:00,1.85013,1.85066,1.84979,1.8498,3252.0
2025-03-25 01:00:00+00:00,1.8498,1.85004,1.84931,1.84985,4025.0
2025-03-25 02:00:00+00:00,1.84983,1.8503,1.8491,1.84928,3112.0
2025-03-25 03:00:00+00:00,1.84926,1.85048,1.84914,1.85045,2231.0
2025-03-25 04:00:00+00:00,1.85045,1.85126,1.8501,1.85114,2475.0
2025-03-25 05:00:00+00:00,1.85114,1.85114,1.85004,1.85022,1979.0
2025-03-25 06:00:00+00:00,1.85022,1.85096,1.85016,1.85036,3255.0
2025-03-25 07:00:00+00:00,1.85033,1.85106,1.84837,1.8486,7457.0
2025-03-25 08:00:00+00:00,1.8486,1.84994,1.84846,1.84964,10626.0
2025-03-25 09:00:00+00:00,1.8496,1.85142,1.84951,1.85137,8499.0
2025-03-25 10:00:00+00:00,1.85139,1.85198,1.85014,1.85052,8788.0
2025-03-25 11:00:00+00:00,1.85052,1.85076,1.84883,1.84893,7900.0
2025-03-25 12:00:00+00:00,1.84894,1.85114,1.84885,1.85002,6632.0
2025-03-25 13:00:00+00:00,1.85004,1.8509,1.8486,1.85032,7977.0
2025-03-25 14:00:00+00:00,1.85016,1.85253,1.84998,1.85164,10817.0
2025-03-25 15:00:00+00:00,1.85168,1.85292,1.85132,1.85258,6339.0
2025-03-25 16:00:00+00:00,1.85258,1.8534,1.85192,1.85283,5335.0
2025-03-25 17:00:00+00:00,1.85284,1.85423,1.85256,1.85278,4114.0
2025-03-25 18:00:00+00:00,1.85278,1.8528,1.85006,1.85084,4968.0
2025-03-25 19:00:00+00:00,1.85086,1.85086,1.84852,1.84868,3830.0
2025-03-25 20:00:00+00:00,1.84871,1.84886,1.84724,1.84824,2130.0
2025-03-25 21:00:00+00:00,1.84814,1.84944,1.84759,1.84906,585.0
2025-03-25 22:00:00+00:00,1.84919,1.8493,1.84744,1.84744,1057.0
2025-03-25 23:00:00+00:00,1.84742,1.84781,1.8473,1.84766,1194.0
2025-03-26 00:00:00+00:00,1.84765,1.84832,1.84738,1.84778,2881.0
2025-03-26 01:00:00+00:00,1.84778,1.8484,1.84757,1.84768,4335.0
2025-03-26 02:00:00+00:00,1.8477,1.84795,1.84736,1.84744,2629.0
2025-03-26 03:00:00+00:00,1.84746,1.84748,1.84619,1.84648,2284.0
2025-03-26 04:00:00+00:00,1.84646,1.8466,1.84608,1.84638,2097.0
2025-03-26 05:00:00+00:00,1.84638,1.84653,1.84572,1.84588,2142.0
2025-03-26 06:00:00+00:00,1.84586,1.8467,1.84538,1.84574,3263.0
2025-03-26 07:00:00+00:00,1.84562,1.84574,1.83857,1.83982,7585.0
2025-03-26 08:00:00+00:00,1.83977,1.83991,1.8368,1.83936,8642.0
2025-03-26 09:00:00+00:00,1.83938,1.83992,1.83792,1.83992,5404.0
2025-03-26 10:00:00+00:00,1.83997,1.84046,1.83796,1.8387,4759.0
2025-03-26 11:00:00+00:00,1.8387,1.84012,1.8382,1.83833,5272.0
2025-03-26 12:00:00+00:00,1.83832,1.84098,1.83702,1.83952,8091.0
2025-03-26 13:00:00+00:00,1.83951,1.84161,1.83464,1.83598,8760.0
2025-03-26 14:00:00+00:00,1.83595,1.83922,1.83562,1.83808,8477.0
2025-03-26 15:00:00+00:00,1.83809,1.8382,1.83538,1.83697,7081.0
2025-03-26 16:00:00+00:00,1.83697,1.84027,1.8369,1.83962,5856.0
2025-03-26 17:00:00+00:00,1.83965,1.8418,1.8394,1.84048,7928.0
2025-03-26 18:00:00+00:00,1.84048,1.84192,1.83954,1.84098,3835.0
2025-03-26 19:00:00+00:00,1.84092,1.8417,1.8404,1.84064,3728.0
2025-03-26 20:00:00+00:00,1.84066,1.84114,1.83864,1.83879,2160.0
2025-03-26 21:00:00+00:00,1.83871,1.8418,1.83806,1.84179,1330.0
2025-03-26 22:00:00+00:00,1.84196,1.84284,1.83875,1.84144,4943.0
2025-03-26 23:00:00+00:00,1.84143,1.84192,1.84058,1.84077,4896.0
2025-03-27 00:00:00+00:00,1.84088,1.84144,1.84027,1.8413,6400.0
2025-03-27 01:00:00+00:00,1.8413,1.84208,1.84088,1.84206,6143.0
2025-03-27 02:00:00+00:00,1.84204,1.84234,1.8415,1.84209,6244.0
2025-03-27 03:00:00+00:00,1.84209,1.84218,1.84102,1.8418,4168.0
2025-03-27 04:00:00+00:00,1.84179,1.8432,1.84176,1.84301,5069.0
2025-03-27 05:00:00+00:00,1.843,1.84356,1.84272,1.84304,5664.0
2025-03-27 06:00:00+00:00,1.84302,1.8447,1.84284,1.84406,7305.0
2025-03-27 07:00:00+00:00,1.844,1.84603,1.8434,1.84598,10635.0
2025-03-27 08:00:00+00:00,1.84598,1.84644,1.84421,1.84572,13509.0
2025-03-27 09:00:00+00:00,1.84568,1.84638,1.84474,1.84562,9417.0
2025-03-27 10:00:00+00:00,1.8456,1.84836,1.84522,1.84816,9161.0
2025-03-27 11:00:00+00:00,1.84816,1.84853,1.84578,1.84588,9288.0
2025-03-27 12:00:00+00:00,1.84586,1.85256,1.84584,1.85052,11848.0
2025-03-27 13:00:00+00:00,1.85052,1.85391,1.84962,1.85023,15076.0
2025-03-27 14:00:00+00:00,1.85026,1.85289,1.84991,1.85271,13388.0
2025-03-27 15:00:00+00:00,1.85272,1.85803,1.85203,1.85586,16678.0
2025-03-27 16:00:00+00:00,1.85583,1.85648,1.85398,1.8546,10548.0
2025-03-27 17:00:00+00:00,1.85462,1.85508,1.85304,1.85352,8971.0
2025-03-27 18:00:00+00:00,1.85353,1.85467,1.85258,1.85416,7352.0
2025-03-27 19:00:00+00:00,1.85416,1.85416,1.8526,1.85293,6360.0
2025-03-27 20:00:00+00:00,1.85292,1.853,1.85169,1.8522,2114.0
2025-03-27 21:00:00+00:00,1.85204,1.85418,1.85132,1.85328,717.0
2025-03-27 22:00:00+00:00,1.85332,1.85332,1.85232,1.85248,521.0
2025-03-27 23:00:00+00:00,1.85245,1.85314,1.85239,1.85292,1248.0
2025-03-28 00:00:00+00:00,1.85288,1.85318,1.85228,1.85294,3559.0
2025-03-28 01:00:00+00:00,1.85293,1.85365,1.85284,1.85314,2669.0
2025-03-28 02:00:00+00:00,1.85313,1.85372,1.85242,1.85296,3199.0
2025-03-28 03:00:00+00:00,1.85298,1.85309,1.85253,1.85278,2443.0
2025-03-28 04:00:00+00:00,1.85279,1.85283,1.85216,1.85226,1540.0
2025-03-28 05:00:00+00:00,1.85224,1.85246,1.85189,1.852,2017.0
2025-03-28 06:00:00+00:00,1.85198,1.85366,1.85169,1.85348,2378.0
2025-03-28 07:00:00+00:00,1.85354,1.85706,1.85348,1.8556,5946.0
2025-03-28 08:00:00+00:00,1.8556,1.85647,1.8538,1.85405,7354.0
2025-03-28 09:00:00+00:00,1.85404,1.85608,1.85322,1.85531,5381.0
2025-03-28 10:00:00+00:00,1.8553,1.85546,1.85338,1.85383,4300.0
2025-03-28 11:00:00+00:00,1.85382,1.85394,1.85094,1.85146,5205.0
2025-03-28 12:00:00+00:00,1.85144,1.85359,1.85053,1.85238,8136.0
2025-03-28 13:00:00+00:00,1.85242,1.85491,1.85182,1.8538,7432.0
2025-03-28 14:00:00+00:00,1.85382,1.856,1.85276,1.85456,11236.0
2025-03-28 15:00:00+00:00,1.85456,1.8552,1.84781,1.8485,9106.0
2025-03-28 16:00:00+00:00,1.84852,1.85029,1.84825,1.84999,5673.0
2025-03-28 17:00:00+00:00,1.85002,1.85167,1.84946,1.8511,5267.0
2025-03-28 18:00:00+00:00,1.85108,1.85292,1.85091,1.85248,3407.0
2025-03-28 19:00:00+00:00,1.85244,1.85424,1.85226,1.85315,3204.0
2025-03-28 20:00:00+00:00,1.85313,1.85399,1.8527,1.85298,2451.0
2025-03-30 21:00:00+00:00,1.85008,1.85278,1.85008,1.8507,3144.0
2025-03-30 22:00:00+00:00,1.8507,1.85202,1.85046,1.85164,2620.0
2025-03-30 23:00:00+00:00,1.85169,1.85254,1.85121,1.85134,3221.0
2025-03-31 00:00:00+00:00,1.85132,1.85429,1.85132,1.85428,6853.0
2025-03-31 01:00:00+00:00,1.85428,1.85506,1.85364,1.85458,6660.0
2025-03-31 02:00:00+00:00,1.85458,1.85586,1.85432,1.85538,5556.0
2025-03-31 03:00:00+00:00,1.8554,1.85548,1.85486,1.85516,3519.0
2025-03-31 04:00:00+00:00,1.85518,1.85587,1.85476,1.85482,3228.0
2025-03-31 05:00:00+00:00,1.85482,1.85514,1.85426,1.85432,4432.0
2025-03-31 06:00:00+00:00,1.8543,1.85743,1.8538,1.85732,5918.0
2025-03-31 07:00:00+00:00,1.85732,1.85938,1.85628,1.85771,13107.0
2025-03-31 08:00:00+00:00,1.85769,1.8584,1.85561,1.85722,7806.0
2025-03-31 09:00:00+00:00,1.85726,1.85726,1.85434,1.85544,6637.0
2025-03-31 10:00:00+00:00,1.85542,1.85856,1.85481,1.85766,7314.0
2025-03-31 11:00:00+00:00,1.85766,1.85928,1.85692,1.85894,6348.0
2025-03-31 12:00:00+00:00,1.8589,1.8605,1.85856,1.85942,6858.0
2025-03-31 13:00:00+00:00,1.85944,1.8612,1.8577,1.85906,9207.0
2025-03-31 14:00:00+00:00,1.85904,1.85922,1.855,1.85808,12684.0
2025-03-31 15:00:00+00:00,1.85802,1.85864,1.85328,1.85368,11814.0
2025-03-31 16:00:00+00:00,1.85372,1.85608,1.85272,1.8554,9174.0
2025-03-31 17:00:00+00:00,1.85538,1.85726,1.85528,1.85708,6505.0
2025-03-31 18:00:00+00:00,1.85708,1.85733,1.85547,1.85597,5598.0
2025-03-31 19:00:00+00:00,1.85595,1.85902,1.85572,1.85868,7495.0
2025-03-31 20:00:00+00:00,1.85864,1.85936,1.85817,1.85854,3177.0
2025-03-31 21:00:00+00:00,1.85836,1.85902,1.8579,1.8582,513.0
2025-03-31 22:00:00+00:00,1.85853,1.85934,1.85816,1.85913,819.0
2025-03-31 23:00:00+00:00,1.85918,1.85972,1.85904,1.85911,1853.0
2025-04-01 00:00:00+00:00,1.85912,1.86046,1.85886,1.8602,3182.0
2025-04-01 01:00:00+00:00,1.86022,1.86097,1.85947,1.85966,2862.0
2025-04-01 02:00:00+00:00,1.85966,1.86024,1.85935,1.85966,4370.0
2025-04-01 03:00:00+00:00,1.85967,1.86006,1.85948,1.85994,3298.0
2025-04-01 04:00:00+00:00,1.85996,1.86046,1.8595,1.85958,2522.0
2025-04-01 05:00:00+00:00,1.85957,1.85958,1.85864,1.85914,3917.0
2025-04-01 06:00:00+00:00,1.85909,1.85983,1.85864,1.85924,6035.0
2025-04-01 07:00:00+00:00,1.85922,1.86016,1.85802,1.85898,7410.0
2025-04-01 08:00:00+00:00,1.85896,1.86056,1.8586,1.85894,5358.0
2025-04-01 09:00:00+00:00,1.85892,1.85998,1.85816,1.85836,5654.0
2025-04-01 10:00:00+00:00,1.85842,1.85888,1.85634,1.85636,7195.0
2025-04-01 11:00:00+00:00,1.85634,1.85897,1.85542,1.85542,7915.0
2025-04-01 12:00:00+00:00,1.85542,1.8566,1.8551,1.85543,5754.0
2025-04-01 13:00:00+00:00,1.85546,1.8588,1.85458,1.85539,8725.0
2025-04-01 14:00:00+00:00,1.85546,1.85798,1.84793,1.85164,12831.0
2025-04-01 15:00:00+00:00,1.85162,1.85198,1.84897,1.84988,8974.0
2025-04-01 16:00:00+00:00,1.8499,1.85196,1.84924,1.85104,7046.0
2025-04-01 17:00:00+00:00,1.85103,1.8521,1.85076,1.85138,5671.0
2025-04-01 18:00:00+00:00,1.85137,1.85274,1.85056,1.8506,6147.0
2025-04-01 19:00:00+00:00,1.85063,1.85073,1.8483,1.84866,4938.0
2025-04-01 20:00:00+00:00,1.84864,1.84946,1.84798,1.84844,2827.0
2025-04-01 21:00:00+00:00,1.84818,1.84864,1.8481,1.8484,314.0
2025-04-01 22:00:00+00:00,1.84842,1.84862,1.8474,1.84744,1540.0
2025-04-01 23:00:00+00:00,1.84739,1.84785,1.84678,1.84698,1119.0
2025-04-02 00:00:00+00:00,1.847,1.84761,1.84664,1.84676,3312.0
2025-04-02 01:00:00+00:00,1.84678,1.84754,1.84648,1.84732,4171.0
2025-04-02 02:00:00+00:00,1.84736,1.84838,1.84726,1.84815,3022.0
2025-04-02 03:00:00+00:00,1.84814,1.84832,1.84778,1.84794,1703.0
2025-04-02 04:00:00+00:00,1.84792,1.8483,1.84772,1.84813,1157.0
2025-04-02 05:00:00+00:00,1.84812,1.8488,1.84809,1.84841,3017.0
2025-04-02 06:00:00+00:00,1.84848,1.84861,1.84624,1.84728,4792.0
2025-04-02 07:00:00+00:00,1.84722,1.84742,1.84606,1.84712,6226.0
2025-04-02 08:00:00+00:00,1.84708,1.849,1.84702,1.84801,5547.0
2025-04-02 09:00:00+00:00,1.84802,1.8529,1.84784,1.8527,4791.0
2025-04-02 10:00:00+00:00,1.85271,1.85362,1.85146,1.85338,6183.0
2025-04-02 11:00:00+00:00,1.85337,1.8543,1.85282,1.854,4724.0
2025-04-02 12:00:00+00:00,1.85402,1.85568,1.85276,1.85354,6952.0
2025-04-02 13:00:00+00:00,1.85352,1.85498,1.85307,1.85376,7526.0
2025-04-02 14:00:00+00:00,1.85379,1.85512,1.85166,1.8545,8926.0
2025-04-02 15:00:00+00:00,1.85447,1.85728,1.85444,1.85654,8261.0
2025-04-02 16:00:00+00:00,1.85655,1.85758,1.85594,1.85741,4148.0
2025-04-02 17:00:00+00:00,1.85738,1.85862,1.85716,1.85749,4879.0
2025-04-02 18:00:00+00:00,1.8575,1.8594,1.85705,1.85922,4475.0
2025-04-02 19:00:00+00:00,1.8592,1.85925,1.85786,1.85879,3471.0
2025-04-02 20:00:00+00:00,1.85871,1.86548,1.8505,1.85373,26166.0
2025-04-02 21:00:00+00:00,1.84824,1.8543,1.847,1.85317,1932.0
2025-04-02 22:00:00+00:00,1.8534,1.85925,1.85246,1.85552,13577.0
2025-04-02 23:00:00+00:00,1.85553,1.85815,1.85412,1.85444,19221.0
2025-04-03 00:00:00+00:00,1.85446,1.8594,1.85425,1.8586,24300.0
2025-04-03 01:00:00+00:00,1.8586,1.86103,1.85792,1.8602,20010.0
2025-04-03 02:00:00+00:00,1.86021,1.8607,1.85944,1.85993,14512.0
2025-04-03 03:00:00+00:00,1.85992,1.86222,1.85978,1.8618,11750.0
2025-04-03 04:00:00+00:00,1.8618,1.86196,1.86074,1.86134,9939.0
2025-04-03 05:00:00+00:00,1.86135,1.86252,1.86057,1.86076,16178.0
2025-04-03 06:00:00+00:00,1.86077,1.86273,1.85822,1.85896,18895.0
2025-04-03 07:00:00+00:00,1.85897,1.86202,1.8572,1.8606,21135.0
2025-04-03 08:00:00+00:00,1.86061,1.86129,1.8571,1.85978,18581.0
2025-04-03 09:00:00+00:00,1.8598,1.86514,1.85946,1.86322,18351.0
2025-04-03 10:00:00+00:00,1.86322,1.8653,1.8574,1.8575,23838.0
2025-04-03 11:00:00+00:00,1.8575,1.86118,1.8557,1.85642,18157.0
2025-04-03 12:00:00+00:00,1.85648,1.85776,1.85178,1.85266,22531.0
2025-04-03 13:00:00+00:00,1.8527,1.85526,1.84682,1.84682,26925.0
2025-04-03 14:00:00+00:00,1.84679,1.85027,1.84527,1.84938,23547.0
2025-04-03 15:00:00+00:00,1.84937,1.84959,1.8414,1.84366,22562.0
2025-04-03 16:00:00+00:00,1.84366,1.84376,1.84059,1.84246,20614.0
2025-04-03 17:00:00+00:00,1.84244,1.84544,1.84187,1.84528,14095.0
2025-04-03 18:00:00+00:00,1.84528,1.84663,1.84387,1.84406,12688.0
2025-04-03 19:00:00+00:00,1.84411,1.84432,1.84186,1.84238,10332.0
2025-04-03 20:00:00+00:00,1.84234,1.8468,1.84202,1.84668,5148.0
2025-04-03 21:00:00+00:00,1.84602,1.8469,1.84568,1.84664,1468.0
2025-04-03 22:00:00+00:00,1.84656,1.84666,1.84476,1.84506,2746.0
2025-04-03 23:00:00+00:00,1.84502,1.84517,1.84316,1.84336,2839.0
2025-04-04 00:00:00+00:00,1.84332,1.84338,1.8418,1.84253,6284.0
2025-04-04 01:00:00+00:00,1.84248,1.84304,1.84117,1.84232,5759.0
2025-04-04 02:00:00+00:00,1.84226,1.84398,1.84208,1.8435,6135.0
2025-04-04 03:00:00+00:00,1.84352,1.84668,1.8431,1.84522,7011.0
2025-04-04 04:00:00+00:00,1.84522,1.84708,1.84438,1.84686,5934.0
2025-04-04 05:00:00+00:00,1.84686,1.8474,1.84433,1.84528,6073.0
2025-04-04 06:00:00+00:00,1.8452,1.84628,1.8427,1.8429,8444.0
2025-04-04 07:00:00+00:00,1.84288,1.84427,1.83994,1.84019,14724.0
2025-04-04 08:00:00+00:00,1.84016,1.84076,1.83463,1.83465,14910.0
2025-04-04 09:00:00+00:00,1.83464,1.83908,1.83394,1.83828,14419.0
2025-04-04 10:00:00+00:00,1.83834,1.84406,1.83718,1.8418,19929.0
2025-04-04 11:00:00+00:00,1.84181,1.84873,1.84092,1.84679,22829.0
2025-04-04 12:00:00+00:00,1.84687,1.8526,1.84616,1.84722,25113.0
2025-04-04 13:00:00+00:00,1.84722,1.84929,1.84472,1.84618,20160.0
2025-04-04 14:00:00+00:00,1.84623,1.84688,1.83802,1.84024,20584.0
2025-04-04 15:00:00+00:00,1.84025,1.84033,1.83348,1.8349,22428.0
2025-04-04 16:00:00+00:00,1.83479,1.8354,1.83044,1.8324,10256.0
2025-04-04 17:00:00+00:00,1.83243,1.83496,1.83095,1.83418,17356.0
2025-04-04 18:00:00+00:00,1.83419,1.83746,1.83373,1.83389,10345.0
2025-04-04 19:00:00+00:00,1.83387,1.8344,1.83113,1.83179,10804.0
2025-04-04 20:00:00+00:00,1.83182,1.83659,1.83099,1.8354,9984.0
2025-04-06 21:00:00+00:00,1.83306,1.83372,1.82936,1.83032,313.0
2025-04-06 22:00:00+00:00,1.83048,1.83514,1.82714,1.83514,17958.0
2025-04-06 23:00:00+00:00,1.83514,1.8418,1.83332,1.83848,21288.0
2025-04-07 00:00:00+00:00,1.83854,1.84078,1.8358,1.83706,17812.0
2025-04-07 01:00:00+00:00,1.83707,1.8373,1.83346,1.83382,18459.0
2025-04-07 02:00:00+00:00,1.83378,1.83415,1.83122,1.83206,15046.0
2025-04-07 03:00:00+00:00,1.83203,1.83608,1.83173,1.83472,9899.0
2025-04-07 04:00:00+00:00,1.8347,1.83518,1.8335,1.83406,9786.0
2025-04-07 05:00:00+00:00,1.83406,1.8375,1.83304,1.8374,13670.0
2025-04-07 06:00:00+00:00,1.83731,1.83905,1.83489,1.83884,20589.0
2025-04-07 07:00:00+00:00,1.83884,1.84142,1.83386,1.8341,21478.0
2025-04-07 08:00:00+00:00,1.83409,1.83751,1.83401,1.83404,21613.0
2025-04-07 09:00:00+00:00,1.83406,1.83474,1.82992,1.8309,17449.0
2025-04-07 10:00:00+00:00,1.83091,1.83207,1.82819,1.82842,18678.0
2025-04-07 11:00:00+00:00,1.82848,1.82892,1.82377,1.82844,19658.0
2025-04-07 12:00:00+00:00,1.82844,1.83304,1.82656,1.82887,24312.0
2025-04-07 13:00:00+00:00,1.82888,1.82972,1.82069,1.82162,18577.0
2025-04-07 14:00:00+00:00,1.82159,1.82362,1.81276,1.81438,30790.0
2025-04-07 15:00:00+00:00,1.81441,1.81634,1.8099,1.8103,22670.0
2025-04-07 16:00:00+00:00,1.8103,1.8115,1.80822,1.81124,13636.0
2025-04-07 17:00:00+00:00,1.81126,1.81407,1.80885,1.81144,17878.0
2025-04-07 18:00:00+00:00,1.81145,1.81292,1.80989,1.80993,15087.0
2025-04-07 19:00:00+00:00,1.80996,1.81266,1.80996,1.8111,13892.0
2025-04-07 20:00:00+00:00,1.81109,1.81344,1.80964,1.8129,7419.0
2025-04-07 21:00:00+00:00,1.81238,1.81281,1.81192,1.8124,352.0
2025-04-07 22:00:00+00:00,1.81236,1.81402,1.81222,1.81343,3258.0
2025-04-07 23:00:00+00:00,1.81344,1.81391,1.81229,1.813,3950.0
2025-04-08 00:00:00+00:00,1.81307,1.81437,1.81196,1.81276,9720.0
2025-04-08 01:00:00+00:00,1.81276,1.81408,1.81156,1.81188,10458.0
2025-04-08 02:00:00+00:00,1.81184,1.81249,1.81102,1.81154,3244.0
2025-04-08 03:00:00+00:00,1.81152,1.81166,1.8102,1.81052,2421.0
2025-04-08 04:00:00+00:00,1.81049,1.81114,1.81008,1.81097,1910.0
2025-04-08 05:00:00+00:00,1.81098,1.8112,1.80877,1.81041,3010.0
2025-04-08 06:00:00+00:00,1.81034,1.8128,1.80958,1.81044,8757.0
2025-04-08 07:00:00+00:00,1.81052,1.81198,1.8087,1.80946,10141.0
2025-04-08 08:00:00+00:00,1.80944,1.81023,1.80708,1.80805,8649.0
2025-04-08 09:00:00+00:00,1.8081,1.80962,1.80648,1.80908,11352.0
2025-04-08 10:00:00+00:00,1.80906,1.8123,1.80804,1.81046,8217.0
2025-04-08 11:00:00+00:00,1.81043,1.81355,1.81026,1.81161,7998.0
2025-04-08 12:00:00+00:00,1.81158,1.81221,1.80888,1.80954,9008.0
2025-04-08 13:00:00+00:00,1.80954,1.81258,1.8084,1.8113,15820.0
2025-04-08 14:00:00+00:00,1.8113,1.81146,1.80756,1.81111,14464.0
2025-04-08 15:00:00+00:00,1.8111,1.81559,1.80956,1.81285,8083.0
2025-04-08 16:00:00+00:00,1.81284,1.81435,1.81054,1.814,8260.0
2025-04-08 17:00:00+00:00,1.814,1.81743,1.8135,1.81684,12387.0
2025-04-08 18:00:00+00:00,1.8169,1.82104,1.81658,1.8209,10220.0
2025-04-08 19:00:00+00:00,1.82084,1.82279,1.81936,1.82013,12985.0
2025-04-08 20:00:00+00:00,1.82013,1.8218,1.81948,1.82066,5514.0
2025-04-08 21:00:00+00:00,1.82078,1.82131,1.82026,1.82064,699.0
2025-04-08 22:00:00+00:00,1.82078,1.82345,1.82022,1.82264,5141.0
2025-04-08 23:00:00+00:00,1.82264,1.82344,1.82201,1.82282,7869.0
2025-04-09 00:00:00+00:00,1.82284,1.82552,1.82238,1.82512,20480.0
2025-04-09 01:00:00+00:00,1.8251,1.8268,1.82364,1.82391,20831.0
2025-04-09 02:00:00+00:00,1.82392,1.82516,1.82316,1.8251,15699.0
2025-04-09 03:00:00+00:00,1.82509,1.8263,1.8236,1.8256,10549.0
2025-04-09 04:00:00+00:00,1.82566,1.82867,1.82498,1.82806,21733.0
2025-04-09 05:00:00+00:00,1.828,1.82848,1.8261,1.82697,21303.0
2025-04-09 06:00:00+00:00,1.82695,1.8271,1.8223,1.8238,23931.0
2025-04-09 07:00:00+00:00,1.82376,1.82494,1.81722,1.81768,21605.0
2025-04-09 08:00:00+00:00,1.81766,1.82283,1.81625,1.82158,16489.0
2025-04-09 09:00:00+00:00,1.82152,1.82313,1.82016,1.82118,14177.0
2025-04-09 10:00:00+00:00,1.82118,1.8229,1.81686,1.81836,13249.0
2025-04-09 11:00:00+00:00,1.81829,1.8221,1.81352,1.8141,19988.0
2025-04-09 12:00:00+00:00,1.81406,1.81505,1.81164,1.81468,14299.0
2025-04-09 13:00:00+00:00,1.81463,1.81644,1.80682,1.80691,21865.0
2025-04-09 14:00:00+00:00,1.80685,1.81218,1.80305,1.81158,22001.0
2025-04-09 15:00:00+00:00,1.81158,1.81366,1.8099,1.81173,13442.0
2025-04-09 16:00:00+00:00,1.8117,1.81207,1.8086,1.80966,11581.0
2025-04-09 17:00:00+00:00,1.80968,1.8101,1.79829,1.8005,34696.0
2025-04-09 18:00:00+00:00,1.80048,1.80929,1.79852,1.80722,37278.0
2025-04-09 19:00:00+00:00,1.80724,1.81012,1.80553,1.80674,22215.0
2025-04-09 20:00:00+00:00,1.80666,1.80842,1.80272,1.80575,12735.0
2025-04-09 21:00:00+00:00,1.80558,1.80702,1.80516,1.8066,1033.0
2025-04-09 22:00:00+00:00,1.80648,1.80762,1.80374,1.80756,9843.0
2025-04-09 23:00:00+00:00,1.80758,1.8088,1.807,1.80848,10782.0
2025-04-10 00:00:00+00:00,1.80848,1.81108,1.80816,1.81088,15145.0
2025-04-10 01:00:00+00:00,1.81089,1.81099,1.80865,1.80926,13957.0
2025-04-10 02:00:00+00:00,1.80925,1.81016,1.80808,1.80882,10927.0
2025-04-10 03:00:00+00:00,1.80883,1.8102,1.80831,1.80848,9952.0
2025-04-10 04:00:00+00:00,1.80844,1.80961,1.8082,1.8094,8047.0
2025-04-10 05:00:00+00:00,1.80939,1.80966,1.80758,1.80855,8525.0
2025-04-10 06:00:00+00:00,1.80852,1.81148,1.8072,1.80925,15556.0
2025-04-10 07:00:00+00:00,1.80926,1.8117,1.8055,1.81064,19994.0
2025-04-10 08:00:00+00:00,1.81063,1.81384,1.80976,1.81133,17839.0
2025-04-10 09:00:00+00:00,1.81138,1.81469,1.80922,1.81432,14789.0
2025-04-10 10:00:00+00:00,1.81432,1.81704,1.81152,1.81482,17303.0
2025-04-10 11:00:00+00:00,1.81484,1.82162,1.8143,1.82114,15743.0
2025-04-10 12:00:00+00:00,1.82111,1.82134,1.81622,1.81873,25132.0
2025-04-10 13:00:00+00:00,1.81872,1.81882,1.8128,1.81412,24132.0
2025-04-10 14:00:00+00:00,1.81424,1.81544,1.81134,1.81392,24254.0
2025-04-10 15:00:00+00:00,1.81396,1.81717,1.81224,1.81258,25278.0
2025-04-10 16:00:00+00:00,1.81256,1.81396,1.81034,1.8133,24225.0
2025-04-10 17:00:00+00:00,1.81338,1.81346,1.81032,1.8109,21634.0
2025-04-10 18:00:00+00:00,1.81098,1.81604,1.80959,1.81536,18216.0
2025-04-10 19:00:00+00:00,1.81535,1.81554,1.81144,1.8127,21162.0
2025-04-10 20:00:00+00:00,1.81268,1.81451,1.8102,1.81362,10422.0
2025-04-10 21:00:00+00:00,1.81358,1.81476,1.81339,1.81346,292.0
2025-04-10 22:00:00+00:00,1.8136,1.81447,1.81206,1.81264,6171.0
2025-04-10 23:00:00+00:00,1.81264,1.81394,1.81131,1.81254,10844.0
2025-04-11 00:00:00+00:00,1.81258,1.81629,1.8108,1.81558,29765.0
2025-04-11 01:00:00+00:00,1.81557,1.8168,1.81169,1.81229,29580.0
2025-04-11 02:00:00+00:00,1.81234,1.81413,1.8122,1.81275,17629.0
2025-04-11 03:00:00+00:00,1.81269,1.8188,1.81188,1.8184,17608.0
2025-04-11 04:00:00+00:00,1.81849,1.81869,1.81714,1.81824,16600.0
2025-04-11 05:00:00+00:00,1.81824,1.81904,1.81561,1.81738,19073.0
2025-04-11 06:00:00+00:00,1.81726,1.81883,1.81425,1.81754,25246.0
2025-04-11 07:00:00+00:00,1.8176,1.82012,1.815,1.81604,24357.0
2025-04-11 08:00:00+00:00,1.81602,1.82426,1.81412,1.82264,30820.0
2025-04-11 09:00:00+00:00,1.82263,1.8245,1.81761,1.82193,21704.0
2025-04-11 10:00:00+00:00,1.82195,1.82195,1.81749,1.81935,23047.0
2025-04-11 11:00:00+00:00,1.81936,1.82114,1.81558,1.81632,17604.0
2025-04-11 12:00:00+00:00,1.81633,1.81904,1.81396,1.81828,25840.0
2025-04-11 13:00:00+00:00,1.81828,1.8208,1.81084,1.8164,29410.0
2025-04-11 14:00:00+00:00,1.81704,1.82068,1.81288,1.81374,31377.0
2025-04-11 15:00:00+00:00,1.81374,1.81766,1.81306,1.81316,25045.0
2025-04-11 16:00:00+00:00,1.81318,1.8164,1.81284,1.81456,15596.0
2025-04-11 17:00:00+00:00,1.81453,1.81767,1.81378,1.81434,15202.0
2025-04-11 18:00:00+00:00,1.8143,1.81478,1.8118,1.8137,10733.0
2025-04-11 19:00:00+00:00,1.81373,1.81707,1.81339,1.81602,9256.0
2025-04-11 20:00:00+00:00,1.81603,1.81616,1.8127,1.8143,5662.0
2025-04-13 21:00:00+00:00,1.81502,1.81706,1.81328,1.81706,699.0
2025-04-13 22:00:00+00:00,1.81502,1.81553,1.81237,1.81553,6157.0
2025-04-13 23:00:00+00:00,1.81552,1.81609,1.81424,1.81538,7519.0
2025-04-14 00:00:00+00:00,1.81537,1.8172,1.815,1.81688,8376.0
2025-04-14 01:00:00+00:00,1.8169,1.8193,1.81628,1.8169,10081.0
2025-04-14 02:00:00+00:00,1.8169,1.81726,1.81525,1.81549,5293.0
2025-04-14 03:00:00+00:00,1.8155,1.81642,1.81538,1.81624,5352.0
2025-04-14 04:00:00+00:00,1.81628,1.81835,1.81576,1.81689,3978.0
2025-04-14 05:00:00+00:00,1.81688,1.81956,1.81684,1.81944,5387.0
2025-04-14 06:00:00+00:00,1.8194,1.8237,1.81897,1.82178,11935.0
2025-04-14 07:00:00+00:00,1.82185,1.82284,1.81959,1.8214,9063.0
2025-04-14 08:00:00+00:00,1.82141,1.8247,1.82128,1.82276,9438.0
2025-04-14 09:00:00+00:00,1.82276,1.82532,1.8226,1.82508,8040.0
2025-04-14 10:00:00+00:00,1.82508,1.82966,1.82299,1.8295,8009.0
2025-04-14 11:00:00+00:00,1.82948,1.82948,1.82704,1.82714,5174.0
2025-04-14 12:00:00+00:00,1.82718,1.82786,1.82452,1.82482,5585.0
2025-04-14 13:00:00+00:00,1.82489,1.8276,1.82294,1.82746,12836.0
2025-04-14 14:00:00+00:00,1.82742,1.8301,1.82523,1.82841,8063.0
2025-04-14 15:00:00+00:00,1.82848,1.83103,1.82721,1.83033,7079.0
2025-04-14 16:00:00+00:00,1.83026,1.83302,1.82989,1.83061,7426.0
2025-04-14 17:00:00+00:00,1.83058,1.83237,1.82934,1.82976,5474.0
2025-04-14 18:00:00+00:00,1.82977,1.83047,1.82887,1.82948,2710.0
2025-04-14 19:00:00+00:00,1.82956,1.83038,1.8291,1.82968,2139.0
2025-04-14 20:00:00+00:00,1.82976,1.83074,1.82892,1.82999,3632.0
2025-04-14 21:00:00+00:00,1.82977,1.83154,1.82959,1.8304,852.0
2025-04-14 22:00:00+00:00,1.83081,1.83199,1.83044,1.83148,1959.0
2025-04-14 23:00:00+00:00,1.8315,1.83216,1.83054,1.83105,3564.0
2025-04-15 00:00:00+00:00,1.83104,1.83136,1.82956,1.83035,3414.0
2025-04-15 01:00:00+00:00,1.83038,1.83153,1.82918,1.83002,4585.0
2025-04-15 02:00:00+00:00,1.83004,1.83186,1.83002,1.8314,4090.0
2025-04-15 03:00:00+00:00,1.83138,1.83142,1.83002,1.83081,1671.0
2025-04-15 04:00:00+00:00,1.83082,1.83166,1.83003,1.83041,2242.0
2025-04-15 05:00:00+00:00,1.8304,1.83152,1.83022,1.83147,3278.0
2025-04-15 06:00:00+00:00,1.83142,1.83272,1.8295,1.83076,7455.0
2025-04-15 07:00:00+00:00,1.83068,1.83302,1.82928,1.83263,7124.0
2025-04-15 08:00:00+00:00,1.83262,1.83421,1.83152,1.8331,7213.0
2025-04-15 09:00:00+00:00,1.83308,1.83607,1.83269,1.83502,6409.0
2025-04-15 10:00:00+00:00,1.83504,1.83634,1.83348,1.83569,6839.0
2025-04-15 11:00:00+00:00,1.83568,1.83583,1.83407,1.83546,6395.0
2025-04-15 12:00:00+00:00,1.83552,1.84212,1.83548,1.83809,12391.0
2025-04-15 13:00:00+00:00,1.8381,1.83814,1.83423,1.8357,8770.0
2025-04-15 14:00:00+00:00,1.83567,1.84216,1.83459,1.84186,9802.0
2025-04-15 15:00:00+00:00,1.84186,1.84612,1.84165,1.84354,6882.0
2025-04-15 16:00:00+00:00,1.84354,1.84577,1.84306,1.84566,5720.0
2025-04-15 17:00:00+00:00,1.84565,1.84724,1.84484,1.84606,5167.0
2025-04-15 18:00:00+00:00,1.84608,1.84657,1.84502,1.84586,2960.0
2025-04-15 19:00:00+00:00,1.8459,1.84736,1.84582,1.84716,5112.0
2025-04-15 20:00:00+00:00,1.84722,1.8476,1.8465,1.84718,2859.0
2025-04-15 21:00:00+00:00,1.84557,1.84748,1.84518,1.84716,1938.0
2025-04-15 22:00:00+00:00,1.84736,1.8476,1.84624,1.84634,1952.0
2025-04-15 23:00:00+00:00,1.84638,1.8469,1.84579,1.84649,5373.0
2025-04-16 00:00:00+00:00,1.8465,1.84868,1.84629,1.84778,9030.0
2025-04-16 01:00:00+00:00,1.84778,1.84844,1.84696,1.84794,7439.0
2025-04-16 02:00:00+00:00,1.84795,1.84822,1.84708,1.84745,7022.0
2025-04-16 03:00:00+00:00,1.84748,1.84864,1.84726,1.84862,5405.0
2025-04-16 04:00:00+00:00,1.84863,1.84872,1.84784,1.8483,4431.0
2025-04-16 05:00:00+00:00,1.84832,1.85012,1.84767,1.8496,8628.0
2025-04-16 06:00:00+00:00,1.84968,1.85006,1.84682,1.84784,5450.0
2025-04-16 07:00:00+00:00,1.84778,1.84892,1.8469,1.8478,6080.0
2025-04-16 08:00:00+00:00,1.84786,1.84896,1.8456,1.8486,12333.0
2025-04-16 09:00:00+00:00,1.84866,1.8489,1.84474,1.84558,7910.0
2025-04-16 10:00:00+00:00,1.84558,1.8462,1.84462,1.8452,7159.0
2025-04-16 11:00:00+00:00,1.84522,1.8478,1.84436,1.84748,3555.0
2025-04-16 12:00:00+00:00,1.84742,1.84752,1.8444,1.84508,5900.0
2025-04-16 13:00:00+00:00,1.84514,1.84752,1.84034,1.84172,11850.0
2025-04-16 14:00:00+00:00,1.84178,1.84216,1.83754,1.84096,11502.0
2025-04-16 15:00:00+00:00,1.84091,1.84109,1.8357,1.83852,7685.0
2025-04-16 16:00:00+00:00,1.83844,1.83848,1.8348,1.83614,4168.0
2025-04-16 17:00:00+00:00,1.83608,1.83782,1.83423,1.83668,8219.0
2025-04-16 18:00:00+00:00,1.83672,1.83738,1.83444,1.83564,10196.0
2025-04-16 19:00:00+00:00,1.83562,1.83776,1.83468,1.8348,6811.0
2025-04-16 20:00:00+00:00,1.83482,1.83624,1.8339,1.8346,4786.0
2025-04-16 21:00:00+00:00,1.83356,1.8372,1.83356,1.83593,1769.0
2025-04-16 22:00:00+00:00,1.83583,1.83616,1.83372,1.8339,2435.0
2025-04-16 23:00:00+00:00,1.83392,1.83484,1.83362,1.83378,4141.0
2025-04-17 00:00:00+00:00,1.83382,1.83403,1.83157,1.83211,8040.0
2025-04-17 01:00:00+00:00,1.8321,1.83401,1.83206,1.83382,6791.0
2025-04-17 02:00:00+00:00,1.83382,1.83492,1.83358,1.83448,4700.0
2025-04-17 03:00:00+00:00,1.83452,1.83552,1.83432,1.8348,3684.0
2025-04-17 04:00:00+00:00,1.83478,1.83518,1.83412,1.8347,2296.0
2025-04-17 05:00:00+00:00,1.83472,1.83579,1.83464,1.83464,3769.0
2025-04-17 06:00:00+00:00,1.83462,1.83798,1.83413,1.83698,10151.0
2025-04-17 07:00:00+00:00,1.83698,1.83732,1.8356,1.83678,8524.0
2025-04-17 08:00:00+00:00,1.83677,1.83771,1.8363,1.83714,8284.0
2025-04-17 09:00:00+00:00,1.83716,1.83938,1.8371,1.83925,7491.0
2025-04-17 10:00:00+00:00,1.83926,1.8399,1.83694,1.83711,8852.0
2025-04-17 11:00:00+00:00,1.83714,1.8397,1.83648,1.83855,5918.0
2025-04-17 12:00:00+00:00,1.83847,1.83851,1.83405,1.83787,9160.0
2025-04-17 13:00:00+00:00,1.838,1.83896,1.8365,1.83654,8594.0
2025-04-17 14:00:00+00:00,1.83656,1.83952,1.83552,1.8362,8364.0
2025-04-17 15:00:00+00:00,1.8362,1.83762,1.83577,1.83691,4179.0
2025-04-17 16:00:00+00:00,1.8369,1.83782,1.83536,1.8355,6372.0
2025-04-17 17:00:00+00:00,1.83545,1.8355,1.83332,1.83404,1420.0
2025-04-17 18:00:00+00:00,1.8341,1.83686,1.83355,1.8364,6201.0
2025-04-17 19:00:00+00:00,1.8364,1.83711,1.83536,1.83593,5506.0
2025-04-17 20:00:00+00:00,1.83594,1.83622,1.83513,1.83519,3247.0
2025-04-17 21:00:00+00:00,1.83512,1.83732,1.83512,1.83586,743.0
2025-04-17 22:00:00+00:00,1.83578,1.83722,1.83482,1.83532,5603.0
2025-04-17 23:00:00+00:00,1.83528,1.8371,1.83479,1.83702,3962.0
2025-04-18 00:00:00+00:00,1.83698,1.83938,1.83697,1.8388,16551.0
2025-04-18 01:00:00+00:00,1.83877,1.83922,1.83816,1.83832,40485.0
2025-04-18 02:00:00+00:00,1.83829,1.8394,1.83782,1.83924,40586.0
2025-04-18 03:00:00+00:00,1.83926,1.83984,1.83737,1.83904,37380.0
2025-04-18 04:00:00+00:00,1.83906,1.83958,1.83888,1.83933,33079.0
2025-04-18 05:00:00+00:00,1.83936,1.8401,1.83915,1.83938,41560.0
2025-04-18 06:00:00+00:00,1.8394,1.8401,1.83825,1.83852,36133.0
2025-04-18 07:00:00+00:00,1.83824,1.84,1.83756,1.83913,39157.0
2025-04-18 08:00:00+00:00,1.83916,1.84002,1.83793,1.83978,36715.0
2025-04-18 09:00:00+00:00,1.83993,1.84043,1.83838,1.83908,43613.0
2025-04-18 10:00:00+00:00,1.83907,1.83941,1.83732,1.83924,37361.0
2025-04-18 11:00:00+00:00,1.83934,1.84101,1.83864,1.8402,37625.0
2025-04-18 12:00:00+00:00,1.84009,1.84052,1.83806,1.83986,34476.0
2025-04-18 13:00:00+00:00,1.83986,1.84112,1.83896,1.84072,23214.0
2025-04-18 14:00:00+00:00,1.84074,1.84184,1.83802,1.8414,31841.0
2025-04-18 15:00:00+00:00,1.8414,1.84142,1.8385,1.83868,41776.0
2025-04-18 16:00:00+00:00,1.83858,1.84032,1.838,1.84,29683.0
2025-04-18 17:00:00+00:00,1.84002,1.84012,1.83828,1.83928,18834.0
2025-04-18 18:00:00+00:00,1.83932,1.83992,1.83912,1.83966,24123.0
2025-04-18 19:00:00+00:00,1.83964,1.84068,1.83947,1.8401,22007.0
2025-04-18 20:00:00+00:00,1.84012,1.84146,1.83946,1.84138,18274.0
2025-04-20 21:00:00+00:00,1.84142,1.84142,1.83921,1.8403,108.0
2025-04-20 22:00:00+00:00,1.83724,1.84022,1.83696,1.83977,4754.0
2025-04-20 23:00:00+00:00,1.8397,1.8411,1.83947,1.84077,2343.0
2025-04-21 00:00:00+00:00,1.84073,1.8446,1.84073,1.84433,3088.0
2025-04-21 01:00:00+00:00,1.84426,1.84552,1.84398,1.84498,2259.0
2025-04-21 02:00:00+00:00,1.8449,1.84671,1.84434,1.84596,3526.0
2025-04-21 03:00:00+00:00,1.84596,1.84665,1.84577,1.84612,2723.0
2025-04-21 04:00:00+00:00,1.84608,1.8469,1.84488,1.84644,2273.0
2025-04-21 05:00:00+00:00,1.84641,1.84785,1.84627,1.84718,1591.0
2025-04-21 06:00:00+00:00,1.8471,1.8477,1.84513,1.84626,3889.0
2025-04-21 07:00:00+00:00,1.84625,1.85058,1.84561,1.85056,5505.0
2025-04-21 08:00:00+00:00,1.85056,1.85111,1.84825,1.85025,7104.0
2025-04-21 09:00:00+00:00,1.85024,1.85084,1.84855,1.84885,3965.0
2025-04-21 10:00:00+00:00,1.84893,1.85023,1.84818,1.84916,4622.0
2025-04-21 11:00:00+00:00,1.8491,1.84998,1.84788,1.84972,7303.0
2025-04-21 12:00:00+00:00,1.84971,1.85024,1.84698,1.84882,4589.0
2025-04-21 13:00:00+00:00,1.84879,1.84959,1.84772,1.84824,5991.0
2025-04-21 14:00:00+00:00,1.84826,1.85011,1.84782,1.84882,6925.0
2025-04-21 15:00:00+00:00,1.84879,1.84935,1.8477,1.8489,4658.0
2025-04-21 16:00:00+00:00,1.84892,1.85171,1.84852,1.85135,5901.0
2025-04-21 17:00:00+00:00,1.85134,1.85219,1.84935,1.85143,5899.0
2025-04-21 18:00:00+00:00,1.85144,1.85234,1.85086,1.85126,3048.0
2025-04-21 19:00:00+00:00,1.85135,1.85161,1.84936,1.8504,2011.0
2025-04-21 20:00:00+00:00,1.85046,1.85189,1.85042,1.85182,1898.0
2025-04-21 21:00:00+00:00,1.85138,1.85214,1.85138,1.85198,375.0
2025-04-21 22:00:00+00:00,1.85191,1.852,1.8508,1.85172,1449.0
2025-04-21 23:00:00+00:00,1.85184,1.85199,1.85056,1.85082,1975.0
2025-04-22 00:00:00+00:00,1.85083,1.85108,1.8493,1.85021,6530.0
2025-04-22 01:00:00+00:00,1.85022,1.85077,1.84959,1.85043,5049.0
2025-04-22 02:00:00+00:00,1.85044,1.85166,1.85038,1.85138,3712.0
2025-04-22 03:00:00+00:00,1.85136,1.8523,1.8503,1.85056,5747.0
2025-04-22 04:00:00+00:00,1.85054,1.85118,1.85004,1.85016,3489.0
2025-04-22 05:00:00+00:00,1.85012,1.85192,1.84956,1.85117,8749.0
2025-04-22 06:00:00+00:00,1.85122,1.85254,1.84946,1.84984,11328.0
2025-04-22 07:00:00+00:00,1.84984,1.8507,1.84661,1.84758,10984.0
2025-04-22 08:00:00+00:00,1.84756,1.85008,1.84688,1.84982,11434.0
2025-04-22 09:00:00+00:00,1.84983,1.85053,1.84846,1.84989,9821.0
2025-04-22 10:00:00+00:00,1.8499,1.85088,1.84876,1.84995,8347.0
2025-04-22 11:00:00+00:00,1.84994,1.85244,1.8499,1.85176,7154.0
2025-04-22 12:00:00+00:00,1.85178,1.8533,1.84976,1.85149,10652.0
2025-04-22 13:00:00+00:00,1.8515,1.85314,1.84979,1.85056,10613.0
2025-04-22 14:00:00+00:00,1.85056,1.85324,1.84932,1.84996,9649.0
2025-04-22 15:00:00+00:00,1.85,1.85058,1.84567,1.8457,7923.0
2025-04-22 16:00:00+00:00,1.84568,1.84702,1.84208,1.84272,11274.0
2025-04-22 17:00:00+00:00,1.84268,1.84515,1.84152,1.84399,8221.0
2025-04-22 18:00:00+00:00,1.844,1.84406,1.84204,1.84233,3160.0
2025-04-22 19:00:00+00:00,1.84236,1.84428,1.84124,1.84296,4013.0
2025-04-22 20:00:00+00:00,1.843,1.84319,1.84068,1.84132,1617.0
2025-04-22 21:00:00+00:00,1.84157,1.8426,1.83816,1.83935,1448.0
2025-04-22 22:00:00+00:00,1.8399,1.84059,1.83372,1.83495,9894.0
2025-04-22 23:00:00+00:00,1.83493,1.83825,1.83492,1.83801,5451.0
2025-04-23 00:00:00+00:00,1.83794,1.83999,1.83754,1.83995,5355.0
2025-04-23 01:00:00+00:00,1.83994,1.84101,1.83894,1.84054,2986.0
2025-04-23 02:00:00+00:00,1.84054,1.84118,1.83938,1.84118,2294.0
2025-04-23 03:00:00+00:00,1.84118,1.84152,1.83927,1.83976,1964.0
2025-04-23 04:00:00+00:00,1.8397,1.84075,1.8397,1.84048,957.0
2025-04-23 05:00:00+00:00,1.84049,1.84168,1.8398,1.84002,1924.0
2025-04-23 06:00:00+00:00,1.83998,1.84048,1.83862,1.84012,10187.0
2025-04-23 07:00:00+00:00,1.84018,1.84141,1.83785,1.83851,11754.0
2025-04-23 08:00:00+00:00,1.83856,1.83993,1.83536,1.8396,5934.0
2025-04-23 09:00:00+00:00,1.8396,1.84128,1.83894,1.83912,5257.0
2025-04-23 10:00:00+00:00,1.83908,1.8392,1.83722,1.83772,4942.0
2025-04-23 11:00:00+00:00,1.83768,1.8406,1.83744,1.83838,4321.0
2025-04-23 12:00:00+00:00,1.83835,1.84118,1.83827,1.8405,5443.0
2025-04-23 13:00:00+00:00,1.84049,1.84356,1.83921,1.83984,12458.0
2025-04-23 14:00:00+00:00,1.83984,1.8426,1.8376,1.83802,10412.0
2025-04-23 15:00:00+00:00,1.83808,1.84337,1.8379,1.84171,7799.0
2025-04-23 16:00:00+00:00,1.84174,1.84348,1.8403,1.8424,4804.0
2025-04-23 17:00:00+00:00,1.84242,1.84501,1.8424,1.84358,8238.0
2025-04-23 18:00:00+00:00,1.84359,1.8436,1.84164,1.8421,2849.0
2025-04-23 19:00:00+00:00,1.84203,1.84276,1.8413,1.84218,2716.0
2025-04-23 20:00:00+00:00,1.84215,1.8424,1.83928,1.83983,2573.0
2025-04-23 21:00:00+00:00,1.84008,1.8418,1.83973,1.841,425.0
2025-04-23 22:00:00+00:00,1.84119,1.84164,1.83976,1.84112,3504.0
2025-04-23 23:00:00+00:00,1.84112,1.84132,1.8401,1.84029,4157.0
2025-04-24 00:00:00+00:00,1.8403,1.8417,1.84006,1.84129,6718.0
2025-04-24 01:00:00+00:00,1.8413,1.84232,1.84124,1.84216,7476.0
2025-04-24 02:00:00+00:00,1.84216,1.84244,1.84122,1.84152,5515.0
2025-04-24 03:00:00+00:00,1.84148,1.84176,1.8401,1.84051,4174.0
2025-04-24 04:00:00+00:00,1.84055,1.8409,1.83969,1.84003,4106.0
2025-04-24 05:00:00+00:00,1.84002,1.84072,1.83964,1.84036,6731.0
2025-04-24 06:00:00+00:00,1.84036,1.84134,1.839,1.8391,9066.0
2025-04-24 07:00:00+00:00,1.8391,1.84059,1.83869,1.83986,10799.0
2025-04-24 08:00:00+00:00,1.83986,1.84354,1.83986,1.84204,10966.0
2025-04-24 09:00:00+00:00,1.84205,1.84318,1.84133,1.84159,6954.0
2025-04-24 10:00:00+00:00,1.84162,1.84423,1.84146,1.84172,7756.0
2025-04-24 11:00:00+00:00,1.84168,1.84598,1.84167,1.84492,9451.0
2025-04-24 12:00:00+00:00,1.84492,1.84524,1.84306,1.84343,10264.0
2025-04-24 13:00:00+00:00,1.84352,1.84626,1.84249,1.84506,9749.0
2025-04-24 14:00:00+00:00,1.84501,1.8492,1.84424,1.84774,14195.0
2025-04-24 15:00:00+00:00,1.84773,1.84824,1.8463,1.84782,11167.0
2025-04-24 16:00:00+00:00,1.8478,1.85031,1.84772,1.84968,8259.0
2025-04-24 17:00:00+00:00,1.84962,1.85028,1.84764,1.8477,6001.0
2025-04-24 18:00:00+00:00,1.84768,1.84798,1.84694,1.84699,4310.0
2025-04-24 19:00:00+00:00,1.84704,1.84861,1.84676,1.84796,5696.0
2025-04-24 20:00:00+00:00,1.84796,1.84816,1.84722,1.8478,3225.0
2025-04-24 21:00:00+00:00,1.84816,1.84826,1.84679,1.84726,717.0
2025-04-24 22:00:00+00:00,1.84703,1.84808,1.84648,1.84792,1140.0
2025-04-24 23:00:00+00:00,1.84798,1.84834,1.84639,1.84652,1059.0
2025-04-25 00:00:00+00:00,1.84653,1.84656,1.84444,1.84488,3694.0
2025-04-25 01:00:00+00:00,1.8449,1.84506,1.84429,1.84454,4178.0
2025-04-25 02:00:00+00:00,1.84456,1.84535,1.84449,1.84502,2877.0
2025-04-25 03:00:00+00:00,1.84508,1.84586,1.84283,1.843,5054.0
2025-04-25 04:00:00+00:00,1.843,1.84381,1.8426,1.84364,3730.0
2025-04-25 05:00:00+00:00,1.84362,1.84425,1.8428,1.84313,5042.0
2025-04-25 06:00:00+00:00,1.84324,1.84588,1.84321,1.84505,7938.0
2025-04-25 07:00:00+00:00,1.84504,1.84643,1.84419,1.84544,7917.0
2025-04-25 08:00:00+00:00,1.84542,1.84742,1.84528,1.8473,5448.0
2025-04-25 09:00:00+00:00,1.8473,1.8481,1.84642,1.84738,5375.0
2025-04-25 10:00:00+00:00,1.84744,1.84928,1.84528,1.84926,6294.0
2025-04-25 11:00:00+00:00,1.84924,1.8493,1.84591,1.84604,4476.0
2025-04-25 12:00:00+00:00,1.84603,1.84818,1.84602,1.84818,4909.0
2025-04-25 13:00:00+00:00,1.8482,1.8487,1.84283,1.84333,6905.0
2025-04-25 14:00:00+00:00,1.84344,1.84572,1.84331,1.8448,6824.0
2025-04-25 15:00:00+00:00,1.84486,1.84736,1.8428,1.84718,4433.0
2025-04-25 16:00:00+00:00,1.84719,1.84813,1.84593,1.84608,3363.0
2025-04-25 17:00:00+00:00,1.84606,1.84897,1.84523,1.84831,3306.0
2025-04-25 18:00:00+00:00,1.84832,1.84876,1.84652,1.84722,2607.0
2025-04-25 19:00:00+00:00,1.84722,1.84784,1.84611,1.84611,2751.0
2025-04-25 20:00:00+00:00,1.84612,1.84648,1.84336,1.84402,3385.0
2025-04-27 21:00:00+00:00,1.84506,1.84538,1.84415,1.84426,527.0
2025-04-27 22:00:00+00:00,1.84422,1.8444,1.84274,1.84434,2045.0
2025-04-27 23:00:00+00:00,1.84435,1.84494,1.8433,1.8434,792.0
2025-04-28 00:00:00+00:00,1.84338,1.84584,1.8433,1.84525,1761.0
2025-04-28 01:00:00+00:00,1.84529,1.84578,1.84442,1.8445,1256.0
2025-04-28 02:00:00+00:00,1.8445,1.84466,1.84362,1.8445,1413.0
2025-04-28 03:00:00+00:00,1.84449,1.84509,1.8444,1.84464,1345.0
2025-04-28 04:00:00+00:00,1.84462,1.84619,1.84428,1.84618,1047.0
2025-04-28 05:00:00+00:00,1.8462,1.84798,1.84601,1.84611,1535.0
2025-04-28 06:00:00+00:00,1.84608,1.84722,1.84506,1.84589,6314.0
2025-04-28 07:00:00+00:00,1.8459,1.84721,1.84466,1.84689,4437.0
2025-04-28 08:00:00+00:00,1.84686,1.85144,1.84679,1.85072,4401.0
2025-04-28 09:00:00+00:00,1.85074,1.85207,1.8503,1.85032,5582.0
2025-04-28 10:00:00+00:00,1.85038,1.85186,1.85016,1.8512,2307.0
2025-04-28 11:00:00+00:00,1.85113,1.85124,1.84901,1.84952,3999.0
2025-04-28 12:00:00+00:00,1.84958,1.85067,1.84892,1.85046,4398.0
2025-04-28 13:00:00+00:00,1.85048,1.85172,1.84976,1.85104,4509.0
2025-04-28 14:00:00+00:00,1.85104,1.85598,1.85098,1.85264,6054.0
2025-04-28 15:00:00+00:00,1.85269,1.85646,1.85202,1.85603,3467.0
2025-04-28 16:00:00+00:00,1.85603,1.85794,1.85574,1.85734,3872.0
2025-04-28 17:00:00+00:00,1.85734,1.8596,1.85722,1.85778,3447.0
2025-04-28 18:00:00+00:00,1.85776,1.85888,1.8577,1.8586,2202.0
2025-04-28 19:00:00+00:00,1.85853,1.85874,1.85695,1.85695,1646.0
2025-04-28 20:00:00+00:00,1.85696,1.85929,1.8567,1.85906,1329.0
2025-04-28 21:00:00+00:00,1.8586,1.85947,1.8583,1.8588,925.0
2025-04-28 22:00:00+00:00,1.85858,1.85957,1.85801,1.85851,1146.0
2025-04-28 23:00:00+00:00,1.85854,1.85881,1.85757,1.85831,1626.0
2025-04-29 00:00:00+00:00,1.8583,1.85856,1.85745,1.85768,3125.0
2025-04-29 01:00:00+00:00,1.85768,1.85817,1.85683,1.85718,3515.0
2025-04-29 02:00:00+00:00,1.8572,1.85792,1.85526,1.85741,6069.0
2025-04-29 03:00:00+00:00,1.85742,1.86016,1.85737,1.8586,5200.0
2025-04-29 04:00:00+00:00,1.85858,1.8588,1.85685,1.857,2740.0
2025-04-29 05:00:00+00:00,1.857,1.85982,1.857,1.85966,4162.0
2025-04-29 06:00:00+00:00,1.85968,1.8599,1.85596,1.85656,6853.0
2025-04-29 07:00:00+00:00,1.85664,1.85676,1.85354,1.85478,8563.0
2025-04-29 08:00:00+00:00,1.85484,1.85659,1.85422,1.85465,7697.0
2025-04-29 09:00:00+00:00,1.85464,1.8557,1.85456,1.85472,6468.0
2025-04-29 10:00:00+00:00,1.8547,1.85538,1.85276,1.85317,5909.0
2025-04-29 11:00:00+00:00,1.8532,1.8544,1.85294,1.85346,4756.0
2025-04-29 12:00:00+00:00,1.85346,1.85541,1.8523,1.85483,6150.0
2025-04-29 13:00:00+00:00,1.85481,1.85738,1.85439,1.85615,7147.0
2025-04-29 14:00:00+00:00,1.85622,1.85862,1.8561,1.85624,11919.0
2025-04-29 15:00:00+00:00,1.85624,1.85778,1.8554,1.85586,5999.0
2025-04-29 16:00:00+00:00,1.85585,1.85798,1.85555,1.85734,4816.0
2025-04-29 17:00:00+00:00,1.85742,1.85768,1.85418,1.8543,3112.0
2025-04-29 18:00:00+00:00,1.85433,1.85586,1.85432,1.85544,4182.0
2025-04-29 19:00:00+00:00,1.85542,1.85602,1.85431,1.8546,2849.0
2025-04-29 20:00:00+00:00,1.8546,1.85534,1.85358,1.85476,1763.0
2025-04-29 21:00:00+00:00,1.85476,1.85533,1.8534,1.85406,1927.0
2025-04-29 22:00:00+00:00,1.85362,1.85462,1.85358,1.85447,1128.0
2025-04-29 23:00:00+00:00,1.8545,1.8547,1.85406,1.85428,1090.0
2025-04-30 00:00:00+00:00,1.85431,1.85477,1.85356,1.8536,2204.0
2025-04-30 01:00:00+00:00,1.85362,1.85396,1.85284,1.8535,2715.0
2025-04-30 02:00:00+00:00,1.85348,1.85404,1.85246,1.85376,3078.0
2025-04-30 03:00:00+00:00,1.85377,1.85386,1.85237,1.85254,1668.0
2025-04-30 04:00:00+00:00,1.85255,1.8531,1.85206,1.85234,1879.0
2025-04-30 05:00:00+00:00,1.85235,1.85284,1.85174,1.85262,2556.0
2025-04-30 06:00:00+00:00,1.85252,1.85312,1.8505,1.85221,4027.0
2025-04-30 07:00:00+00:00,1.85212,1.85346,1.85128,1.85142,5086.0
2025-04-30 08:00:00+00:00,1.85148,1.85165,1.84955,1.85034,6004.0
2025-04-30 09:00:00+00:00,1.8504,1.85053,1.84791,1.84834,3270.0
2025-04-30 10:00:00+00:00,1.84837,1.84883,1.84749,1.84776,3664.0
2025-04-30 11:00:00+00:00,1.84772,1.8488,1.84712,1.84745,3363.0
2025-04-30 12:00:00+00:00,1.84744,1.84978,1.84629,1.84918,5804.0
2025-04-30 13:00:00+00:00,1.84918,1.8493,1.842,1.8439,2977.0
2025-04-30 14:00:00+00:00,1.8439,1.84524,1.8418,1.84499,6091.0
2025-04-30 15:00:00+00:00,1.84494,1.84515,1.84092,1.84226,5887.0
2025-04-30 16:00:00+00:00,1.84224,1.84389,1.84202,1.84314,2330.0
2025-04-30 17:00:00+00:00,1.8431,1.84353,1.8405,1.84057,2515.0
2025-04-30 18:00:00+00:00,1.84056,1.84078,1.8385,1.8387,2771.0
2025-04-30 19:00:00+00:00,1.83874,1.83928,1.83691,1.8373,3674.0
2025-04-30 20:00:00+00:00,1.83721,1.83958,1.83619,1.83954,2350.0
2025-04-30 21:00:00+00:00,1.83868,1.83926,1.83776,1.83817,1763.0
2025-04-30 22:00:00+00:00,1.83814,1.83854,1.83678,1.8369,1905.0
2025-04-30 23:00:00+00:00,1.8369,1.83814,1.83674,1.83726,2838.0
2025-05-01 00:00:00+00:00,1.83724,1.83753,1.8361,1.83622,4877.0
2025-05-01 01:00:00+00:00,1.8362,1.83632,1.83495,1.83519,3678.0
2025-05-01 02:00:00+00:00,1.83518,1.83572,1.8349,1.83507,2696.0
2025-05-01 03:00:00+00:00,1.8351,1.8355,1.83404,1.83484,5122.0
2025-05-01 04:00:00+00:00,1.83485,1.83487,1.83346,1.83353,4393.0
2025-05-01 05:00:00+00:00,1.83352,1.8342,1.83242,1.83372,5569.0
2025-05-01 06:00:00+00:00,1.83362,1.83484,1.83336,1.83376,6425.0
2025-05-01 07:00:00+00:00,1.83382,1.83772,1.83264,1.83762,7463.0
2025-05-01 08:00:00+00:00,1.83762,1.84148,1.83753,1.8406,6381.0
2025-05-01 09:00:00+00:00,1.84059,1.84171,1.84,1.84036,5437.0
2025-05-01 10:00:00+00:00,1.84037,1.84256,1.83971,1.84227,5705.0
2025-05-01 11:00:00+00:00,1.84226,1.84297,1.84084,1.84087,6531.0
2025-05-01 12:00:00+00:00,1.84086,1.84236,1.8394,1.83993,10713.0
2025-05-01 13:00:00+00:00,1.83996,1.84074,1.83741,1.8383,9952.0
2025-05-01 14:00:00+00:00,1.83828,1.84017,1.83588,1.83969,15525.0
2025-05-01 15:00:00+00:00,1.8397,1.83982,1.83752,1.83778,10249.0
2025-05-01 16:00:00+00:00,1.83778,1.83968,1.83721,1.83955,7284.0
2025-05-01 17:00:00+00:00,1.83955,1.83955,1.83777,1.83815,5571.0
2025-05-01 18:00:00+00:00,1.83814,1.83918,1.83729,1.83838,6863.0
2025-05-01 19:00:00+00:00,1.83845,1.83859,1.83742,1.83806,4924.0
2025-05-01 20:00:00+00:00,1.83807,1.83958,1.8376,1.83936,2803.0
2025-05-01 21:00:00+00:00,1.83948,1.84022,1.83908,1.83908,291.0
2025-05-01 22:00:00+00:00,1.83906,1.84,1.83904,1.83966,1300.0
2025-05-01 23:00:00+00:00,1.83968,1.83994,1.83938,1.8398,1086.0
2025-05-02 00:00:00+00:00,1.83974,1.83988,1.83754,1.8378,5130.0
2025-05-02 01:00:00+00:00,1.83783,1.83853,1.83756,1.83843,4217.0
2025-05-02 02:00:00+00:00,1.83842,1.83899,1.8382,1.83841,2841.0
2025-05-02 03:00:00+00:00,1.83842,1.83904,1.83815,1.83884,2521.0
2025-05-02 04:00:00+00:00,1.83884,1.8397,1.83872,1.83928,3526.0
2025-05-02 05:00:00+00:00,1.83926,1.8408,1.8391,1.83982,3214.0
2025-05-02 06:00:00+00:00,1.8398,1.84048,1.83732,1.8381,6707.0
2025-05-02 07:00:00+00:00,1.83806,1.83958,1.83714,1.8374,8009.0
2025-05-02 08:00:00+00:00,1.83744,1.83889,1.83624,1.83819,8667.0
2025-05-02 09:00:00+00:00,1.83817,1.83838,1.83693,1.83812,7226.0
2025-05-02 10:00:00+00:00,1.83812,1.83914,1.837,1.83756,5724.0
2025-05-02 11:00:00+00:00,1.83757,1.83908,1.8364,1.83724,5169.0
2025-05-02 12:00:00+00:00,1.83729,1.83817,1.83495,1.8372,12179.0
2025-05-02 13:00:00+00:00,1.83721,1.83786,1.83466,1.83718,11836.0
2025-05-02 14:00:00+00:00,1.8372,1.83766,1.83313,1.83396,7491.0
2025-05-02 15:00:00+00:00,1.83394,1.83574,1.83142,1.8315,6705.0
2025-05-02 16:00:00+00:00,1.83156,1.83286,1.83092,1.83188,5743.0
2025-05-02 17:00:00+00:00,1.83187,1.83375,1.83168,1.83284,4578.0
2025-05-02 18:00:00+00:00,1.83283,1.83366,1.8324,1.83328,3730.0
2025-05-02 19:00:00+00:00,1.83334,1.8346,1.83311,1.83325,2580.0
2025-05-02 20:00:00+00:00,1.83326,1.83402,1.83192,1.83364,2025.0
2025-05-04 21:00:00+00:00,1.82973,1.83302,1.82972,1.83248,396.0
2025-05-04 22:00:00+00:00,1.832,1.83386,1.832,1.83363,2142.0
2025-05-04 23:00:00+00:00,1.83372,1.83464,1.833,1.83446,1443.0
2025-05-05 00:00:00+00:00,1.83446,1.83468,1.83369,1.83397,2381.0
2025-05-05 01:00:00+00:00,1.83398,1.83474,1.83357,1.83448,4693.0
2025-05-05 02:00:00+00:00,1.83448,1.83526,1.83388,1.83498,2987.0
2025-05-05 03:00:00+00:00,1.83498,1.83546,1.83424,1.83454,2242.0
2025-05-05 04:00:00+00:00,1.83454,1.83496,1.83428,1.83444,1692.0
2025-05-05 05:00:00+00:00,1.83443,1.83525,1.83414,1.83498,3919.0
2025-05-05 06:00:00+00:00,1.83494,1.83526,1.83399,1.8343,6945.0
2025-05-05 07:00:00+00:00,1.83428,1.83542,1.83427,1.83478,4545.0
2025-05-05 08:00:00+00:00,1.83479,1.83528,1.83379,1.83418,5406.0
2025-05-05 09:00:00+00:00,1.83418,1.83541,1.83399,1.83424,4527.0
2025-05-05 10:00:00+00:00,1.83432,1.8363,1.83405,1.83604,4129.0
2025-05-05 11:00:00+00:00,1.83604,1.83864,1.83602,1.83746,4024.0
2025-05-05 12:00:00+00:00,1.8374,1.84162,1.8374,1.84122,5377.0
2025-05-05 13:00:00+00:00,1.8412,1.84138,1.83918,1.83958,6763.0
2025-05-05 14:00:00+00:00,1.83961,1.8409,1.83705,1.8375,7365.0
2025-05-05 15:00:00+00:00,1.83756,1.8387,1.83432,1.8344,3587.0
2025-05-05 16:00:00+00:00,1.83441,1.83479,1.83322,1.83342,2492.0
2025-05-05 17:00:00+00:00,1.83334,1.83478,1.8332,1.83413,1703.0
2025-05-05 18:00:00+00:00,1.83412,1.83614,1.83404,1.8357,1853.0
2025-05-05 19:00:00+00:00,1.83564,1.83669,1.83558,1.83602,1698.0
2025-05-05 20:00:00+00:00,1.83602,1.83818,1.83591,1.83816,1101.0
2025-05-05 21:00:00+00:00,1.83752,1.83895,1.83684,1.83762,720.0
2025-05-05 22:00:00+00:00,1.83776,1.838,1.83692,1.83702,568.0
2025-05-05 23:00:00+00:00,1.83711,1.83756,1.83692,1.83708,878.0
2025-05-06 00:00:00+00:00,1.83708,1.83735,1.83592,1.8363,2261.0
2025-05-06 01:00:00+00:00,1.83622,1.83666,1.83549,1.83666,4074.0
2025-05-06 02:00:00+00:00,1.83662,1.83823,1.83648,1.83725,2547.0
2025-05-06 03:00:00+00:00,1.8373,1.83796,1.83714,1.83773,2242.0
2025-05-06 04:00:00+00:00,1.83769,1.8383,1.83746,1.83768,2556.0
2025-05-06 05:00:00+00:00,1.83768,1.83794,1.8368,1.83713,1511.0
2025-05-06 06:00:00+00:00,1.83713,1.83917,1.83684,1.83874,3838.0
2025-05-06 07:00:00+00:00,1.83875,1.84082,1.83841,1.84004,6109.0
2025-05-06 08:00:00+00:00,1.84008,1.84139,1.83976,1.8401,5184.0
2025-05-06 09:00:00+00:00,1.84008,1.84158,1.83968,1.84142,2942.0
2025-05-06 10:00:00+00:00,1.84134,1.84554,1.8409,1.84496,4531.0
2025-05-06 11:00:00+00:00,1.84493,1.84718,1.84451,1.84551,3298.0
2025-05-06 12:00:00+00:00,1.84558,1.84947,1.8448,1.84888,4317.0
2025-05-06 13:00:00+00:00,1.84889,1.84889,1.84478,1.84498,5834.0
2025-05-06 14:00:00+00:00,1.84506,1.84685,1.84332,1.8441,7024.0
2025-05-06 15:00:00+00:00,1.84411,1.84419,1.84054,1.84134,3861.0
2025-05-06 16:00:00+00:00,1.84134,1.84188,1.8381,1.83961,5487.0
2025-05-06 17:00:00+00:00,1.83966,1.84256,1.83932,1.84143,3045.0
2025-05-06 18:00:00+00:00,1.84142,1.8426,1.8408,1.8422,2639.0
2025-05-06 19:00:00+00:00,1.84218,1.8429,1.84183,1.84218,2262.0
2025-05-06 20:00:00+00:00,1.84216,1.84262,1.84068,1.84159,2036.0
2025-05-06 21:00:00+00:00,1.84162,1.84312,1.84088,1.84206,1718.0
2025-05-06 22:00:00+00:00,1.84184,1.84239,1.8379,1.83832,4867.0
2025-05-06 23:00:00+00:00,1.83831,1.83902,1.8376,1.83877,2498.0
2025-05-07 00:00:00+00:00,1.83874,1.83978,1.83736,1.83877,3591.0
2025-05-07 01:00:00+00:00,1.83875,1.84035,1.83852,1.84022,5152.0
2025-05-07 02:00:00+00:00,1.8402,1.84166,1.83994,1.84088,3679.0
2025-05-07 03:00:00+00:00,1.84092,1.8414,1.84019,1.84057,2365.0
2025-05-07 04:00:00+00:00,1.84056,1.84114,1.84048,1.84065,1848.0
2025-05-07 05:00:00+00:00,1.84066,1.84236,1.84054,1.8421,3527.0
2025-05-07 06:00:00+00:00,1.84213,1.84288,1.84134,1.84271,4792.0
2025-05-07 07:00:00+00:00,1.84266,1.84266,1.83994,1.84042,5149.0
2025-05-07 08:00:00+00:00,1.84045,1.84118,1.83904,1.83942,4322.0
2025-05-07 09:00:00+00:00,1.8394,1.8406,1.83856,1.84026,3009.0
2025-05-07 10:00:00+00:00,1.84025,1.84166,1.83989,1.84032,2005.0
2025-05-07 11:00:00+00:00,1.84028,1.84176,1.83999,1.84112,2787.0
2025-05-07 12:00:00+00:00,1.84112,1.84498,1.84081,1.84483,2129.0
2025-05-07 13:00:00+00:00,1.8448,1.84509,1.84105,1.84134,4140.0
2025-05-07 14:00:00+00:00,1.84142,1.84473,1.84106,1.84176,4456.0
2025-05-07 15:00:00+00:00,1.84176,1.84182,1.83766,1.83782,3227.0
2025-05-07 16:00:00+00:00,1.83788,1.84103,1.83741,1.84006,1872.0
2025-05-07 17:00:00+00:00,1.84007,1.84106,1.83854,1.8409,2070.0
2025-05-07 18:00:00+00:00,1.84064,1.8413,1.83739,1.83914,9830.0
2025-05-07 19:00:00+00:00,1.83918,1.83988,1.83776,1.83898,6282.0
2025-05-07 20:00:00+00:00,1.83898,1.83946,1.83724,1.83928,2462.0
2025-05-07 21:00:00+00:00,1.83936,1.8399,1.83864,1.83982,644.0
2025-05-07 22:00:00+00:00,1.83981,1.83992,1.83805,1.8384,1824.0
2025-05-07 23:00:00+00:00,1.83842,1.83915,1.83826,1.83869,1752.0
2025-05-08 00:00:00+00:00,1.8387,1.83942,1.83797,1.83802,5650.0
2025-05-08 01:00:00+00:00,1.83801,1.84364,1.83784,1.84325,8999.0
2025-05-08 02:00:00+00:00,1.84329,1.84498,1.84226,1.84442,7122.0
2025-05-08 03:00:00+00:00,1.84442,1.84576,1.84425,1.84497,5168.0
2025-05-08 04:00:00+00:00,1.84498,1.84529,1.84336,1.84359,3638.0
2025-05-08 05:00:00+00:00,1.8436,1.84408,1.84092,1.84372,8520.0
2025-05-08 06:00:00+00:00,1.84374,1.84386,1.84114,1.84264,12073.0
2025-05-08 07:00:00+00:00,1.84266,1.84295,1.8408,1.84232,10939.0
2025-05-08 08:00:00+00:00,1.84232,1.84254,1.83876,1.83924,9544.0
2025-05-08 09:00:00+00:00,1.83925,1.84294,1.83923,1.84285,7517.0
2025-05-08 10:00:00+00:00,1.84286,1.8441,1.83994,1.83994,7809.0
2025-05-08 11:00:00+00:00,1.83992,1.85156,1.83764,1.85065,11793.0
2025-05-08 12:00:00+00:00,1.85064,1.85274,1.84942,1.85034,10641.0
2025-05-08 13:00:00+00:00,1.85027,1.85175,1.84912,1.84956,8814.0
2025-05-08 14:00:00+00:00,1.84953,1.8512,1.84836,1.84948,9991.0
2025-05-08 15:00:00+00:00,1.84952,1.84977,1.84723,1.84823,13265.0
2025-05-08 16:00:00+00:00,1.84824,1.84857,1.84612,1.8465,9348.0
2025-05-08 17:00:00+00:00,1.8464,1.8468,1.845,1.84614,6195.0
2025-05-08 18:00:00+00:00,1.84614,1.84688,1.84514,1.84538,3893.0
2025-05-08 19:00:00+00:00,1.84542,1.84588,1.8432,1.8434,5158.0
2025-05-08 20:00:00+00:00,1.84336,1.84426,1.8423,1.84412,2683.0
2025-05-08 21:00:00+00:00,1.84431,1.84551,1.84418,1.84498,546.0
2025-05-08 22:00:00+00:00,1.84529,1.84529,1.8439,1.84438,874.0
2025-05-08 23:00:00+00:00,1.84433,1.84437,1.84278,1.84333,1308.0
2025-05-09 00:00:00+00:00,1.84334,1.84386,1.84142,1.84379,3063.0
2025-05-09 01:00:00+00:00,1.84374,1.84426,1.84261,1.84262,3972.0
2025-05-09 02:00:00+00:00,1.84259,1.84296,1.84182,1.84275,3785.0
2025-05-09 03:00:00+00:00,1.84276,1.84319,1.84203,1.84209,2677.0
2025-05-09 04:00:00+00:00,1.84208,1.84234,1.8415,1.84204,2030.0
2025-05-09 05:00:00+00:00,1.8421,1.84252,1.84102,1.84247,2052.0
2025-05-09 06:00:00+00:00,1.84247,1.84442,1.84196,1.84398,3762.0
2025-05-09 07:00:00+00:00,1.84401,1.8461,1.8439,1.84536,3732.0
2025-05-09 08:00:00+00:00,1.84533,1.8466,1.84448,1.84606,2883.0
2025-05-09 09:00:00+00:00,1.84608,1.84751,1.84546,1.84649,3524.0
2025-05-09 10:00:00+00:00,1.8465,1.84754,1.84572,1.84644,4259.0
2025-05-09 11:00:00+00:00,1.84642,1.8481,1.84616,1.84688,4625.0
2025-05-09 12:00:00+00:00,1.847,1.84878,1.84646,1.84866,3566.0
2025-05-09 13:00:00+00:00,1.84868,1.85133,1.8478,1.8501,7203.0
2025-05-09 14:00:00+00:00,1.85011,1.85428,1.84957,1.85289,10533.0
2025-05-09 15:00:00+00:00,1.85286,1.85453,1.85241,1.85436,8149.0
2025-05-09 16:00:00+00:00,1.85436,1.85593,1.85394,1.8543,5263.0
2025-05-09 17:00:00+00:00,1.85424,1.8545,1.85348,1.85407,4185.0
2025-05-09 18:00:00+00:00,1.85408,1.85502,1.85376,1.85467,3921.0
2025-05-09 19:00:00+00:00,1.85466,1.85472,1.85344,1.85439,4179.0
2025-05-09 20:00:00+00:00,1.85438,1.85496,1.85286,1.8543,2933.0
2025-05-11 21:00:00+00:00,1.84447,1.84874,1.84362,1.84736,618.0
2025-05-11 22:00:00+00:00,1.84716,1.85164,1.846,1.8505,2677.0
2025-05-11 23:00:00+00:00,1.85048,1.85115,1.8498,1.8503,3728.0
2025-05-12 00:00:00+00:00,1.85032,1.85204,1.8498,1.85198,5960.0
2025-05-12 01:00:00+00:00,1.85196,1.85227,1.85024,1.85049,7865.0
2025-05-12 02:00:00+00:00,1.85051,1.85199,1.85042,1.85084,5361.0
2025-05-12 03:00:00+00:00,1.85082,1.85098,1.84965,1.85042,4314.0
2025-05-12 04:00:00+00:00,1.85037,1.85062,1.84982,1.85008,3077.0
2025-05-12 05:00:00+00:00,1.8501,1.85034,1.84911,1.84977,4868.0
2025-05-12 06:00:00+00:00,1.84986,1.85088,1.84949,1.85058,6824.0
2025-05-12 07:00:00+00:00,1.85058,1.85087,1.83924,1.83964,18583.0
2025-05-12 08:00:00+00:00,1.83961,1.84225,1.8395,1.84154,11993.0
2025-05-12 09:00:00+00:00,1.84151,1.84412,1.84118,1.84361,8633.0
2025-05-12 10:00:00+00:00,1.84357,1.84375,1.8375,1.83793,9825.0
2025-05-12 11:00:00+00:00,1.83791,1.84276,1.83762,1.84162,7396.0
2025-05-12 12:00:00+00:00,1.84169,1.84722,1.8413,1.84708,6853.0
2025-05-12 13:00:00+00:00,1.8471,1.84794,1.84602,1.84644,11102.0
2025-05-12 14:00:00+00:00,1.84643,1.8488,1.84602,1.84762,10935.0
2025-05-12 15:00:00+00:00,1.84764,1.84978,1.84704,1.84728,9398.0
2025-05-12 16:00:00+00:00,1.84728,1.8482,1.84531,1.84546,6339.0
2025-05-12 17:00:00+00:00,1.84547,1.8461,1.84456,1.84554,5942.0
2025-05-12 18:00:00+00:00,1.84553,1.84564,1.84398,1.84444,6538.0
2025-05-12 19:00:00+00:00,1.84442,1.84462,1.84274,1.84329,6377.0
2025-05-12 20:00:00+00:00,1.84332,1.84351,1.841,1.8414,2542.0
2025-05-12 21:00:00+00:00,1.84122,1.8422,1.8407,1.84138,1398.0
2025-05-12 22:00:00+00:00,1.84143,1.84188,1.84051,1.84108,1076.0
2025-05-12 23:00:00+00:00,1.84104,1.84156,1.84072,1.84138,2901.0
2025-05-13 00:00:00+00:00,1.8414,1.84306,1.84126,1.84268,5794.0
2025-05-13 01:00:00+00:00,1.84268,1.84365,1.84234,1.84318,6523.0
2025-05-13 02:00:00+00:00,1.8432,1.84342,1.8419,1.84207,5093.0
2025-05-13 03:00:00+00:00,1.84206,1.84322,1.84148,1.84298,4049.0
2025-05-13 04:00:00+00:00,1.843,1.84302,1.84162,1.84278,3589.0
2025-05-13 05:00:00+00:00,1.8428,1.84401,1.84256,1.8436,5060.0
2025-05-13 06:00:00+00:00,1.84336,1.84386,1.8421,1.8428,7309.0
2025-05-13 07:00:00+00:00,1.8428,1.84788,1.84261,1.84783,8357.0
2025-05-13 08:00:00+00:00,1.8478,1.84842,1.84671,1.84805,6165.0
2025-05-13 09:00:00+00:00,1.84806,1.84928,1.84748,1.84755,5343.0
2025-05-13 10:00:00+00:00,1.84754,1.84816,1.84622,1.84635,5828.0
2025-05-13 11:00:00+00:00,1.84636,1.84907,1.84614,1.849,5236.0
2025-05-13 12:00:00+00:00,1.84901,1.85179,1.84884,1.85126,8941.0
2025-05-13 13:00:00+00:00,1.85126,1.85425,1.85114,1.85318,13340.0
2025-05-13 14:00:00+00:00,1.85318,1.85372,1.85054,1.85346,12693.0
2025-05-13 15:00:00+00:00,1.85345,1.85566,1.85294,1.85334,10095.0
2025-05-13 16:00:00+00:00,1.85334,1.85552,1.85315,1.85494,6677.0
2025-05-13 17:00:00+00:00,1.85494,1.85554,1.85403,1.8549,5320.0
2025-05-13 18:00:00+00:00,1.85484,1.8559,1.85385,1.85405,5184.0
2025-05-13 19:00:00+00:00,1.85404,1.85499,1.85333,1.8539,4614.0
2025-05-13 20:00:00+00:00,1.85392,1.85556,1.85357,1.85412,2731.0
2025-05-13 21:00:00+00:00,1.85492,1.85502,1.85433,1.85476,829.0
2025-05-13 22:00:00+00:00,1.8547,1.85471,1.85372,1.85438,867.0
2025-05-13 23:00:00+00:00,1.85441,1.85446,1.85326,1.85366,2443.0
2025-05-14 00:00:00+00:00,1.85364,1.85528,1.85345,1.85491,5689.0
2025-05-14 01:00:00+00:00,1.8549,1.85546,1.8542,1.85432,6674.0
2025-05-14 02:00:00+00:00,1.85438,1.85454,1.85238,1.85251,5115.0
2025-05-14 03:00:00+00:00,1.85252,1.85264,1.8517,1.85257,3380.0
2025-05-14 04:00:00+00:00,1.85262,1.85311,1.85222,1.8528,2859.0
2025-05-14 05:00:00+00:00,1.85279,1.85334,1.85206,1.85278,4692.0
2025-05-14 06:00:00+00:00,1.85284,1.85398,1.85174,1.85294,6831.0
2025-05-14 07:00:00+00:00,1.85292,1.85612,1.85256,1.85586,7868.0
2025-05-14 08:00:00+00:00,1.85586,1.85822,1.85545,1.85694,12805.0
2025-05-14 09:00:00+00:00,1.85697,1.85768,1.85582,1.85702,11095.0
2025-05-14 10:00:00+00:00,1.857,1.85968,1.85624,1.85936,7035.0
2025-05-14 11:00:00+00:00,1.85938,1.85992,1.85757,1.85844,5740.0
2025-05-14 12:00:00+00:00,1.85848,1.85901,1.85624,1.85808,7729.0
2025-05-14 13:00:00+00:00,1.85807,1.85979,1.85587,1.85842,10298.0
2025-05-14 14:00:00+00:00,1.85843,1.85898,1.85639,1.85697,11409.0
2025-05-14 15:00:00+00:00,1.857,1.85878,1.85637,1.85726,10031.0
2025-05-14 16:00:00+00:00,1.85726,1.85848,1.85571,1.85592,9900.0
2025-05-14 17:00:00+00:00,1.85592,1.8564,1.85488,1.85532,6325.0
2025-05-14 18:00:00+00:00,1.85532,1.85544,1.8529,1.85382,6284.0
2025-05-14 19:00:00+00:00,1.85381,1.85381,1.85261,1.85316,5370.0
2025-05-14 20:00:00+00:00,1.85318,1.85498,1.85304,1.8542,2580.0
2025-05-14 21:00:00+00:00,1.85401,1.85401,1.8526,1.85317,1261.0
2025-05-14 22:00:00+00:00,1.85322,1.85443,1.85322,1.85369,1197.0
2025-05-14 23:00:00+00:00,1.85371,1.85426,1.85356,1.85376,2893.0
2025-05-15 00:00:00+00:00,1.85378,1.85431,1.85308,1.85406,5981.0
2025-05-15 01:00:00+00:00,1.85404,1.85513,1.85365,1.85416,7506.0
2025-05-15 02:00:00+00:00,1.85416,1.8548,1.85399,1.85474,6407.0
2025-05-15 03:00:00+00:00,1.85474,1.85515,1.85442,1.85444,5798.0
2025-05-15 04:00:00+00:00,1.85444,1.85496,1.85416,1.85424,4210.0
2025-05-15 05:00:00+00:00,1.85424,1.85534,1.85409,1.85456,5717.0
2025-05-15 06:00:00+00:00,1.85493,1.8585,1.85466,1.85822,8920.0
2025-05-15 07:00:00+00:00,1.85813,1.85862,1.85504,1.85506,10559.0
2025-05-15 08:00:00+00:00,1.85506,1.85833,1.8546,1.85802,8546.0
2025-05-15 09:00:00+00:00,1.85804,1.85842,1.85664,1.85742,7780.0
2025-05-15 10:00:00+00:00,1.85742,1.85949,1.85703,1.85862,7120.0
2025-05-15 11:00:00+00:00,1.85862,1.85911,1.85515,1.85556,8477.0
2025-05-15 12:00:00+00:00,1.85558,1.86038,1.8555,1.86014,13078.0
2025-05-15 13:00:00+00:00,1.86014,1.86254,1.85974,1.85981,15977.0
2025-05-15 14:00:00+00:00,1.85979,1.86038,1.85674,1.85816,15216.0
2025-05-15 15:00:00+00:00,1.85814,1.8603,1.8581,1.85904,10428.0
2025-05-15 16:00:00+00:00,1.85904,1.86112,1.85794,1.85847,7843.0
2025-05-15 17:00:00+00:00,1.85846,1.85968,1.85626,1.85651,7988.0
2025-05-15 18:00:00+00:00,1.8565,1.85787,1.8563,1.85704,6210.0
2025-05-15 19:00:00+00:00,1.85704,1.85798,1.85624,1.85724,4979.0
2025-05-15 20:00:00+00:00,1.85722,1.8579,1.8568,1.85702,3223.0
2025-05-15 21:00:00+00:00,1.85742,1.85794,1.85654,1.85754,1057.0
2025-05-15 22:00:00+00:00,1.85762,1.85763,1.85702,1.85735,1310.0
2025-05-15 23:00:00+00:00,1.85737,1.85744,1.85657,1.85664,2279.0
2025-05-16 00:00:00+00:00,1.85665,1.85808,1.85652,1.85784,6089.0
2025-05-16 01:00:00+00:00,1.85783,1.85841,1.85719,1.85779,4524.0
2025-05-16 02:00:00+00:00,1.8578,1.85806,1.85632,1.8565,3881.0
2025-05-16 03:00:00+00:00,1.85649,1.85714,1.8563,1.85652,3549.0
2025-05-16 04:00:00+00:00,1.85652,1.85712,1.85598,1.85707,2885.0
2025-05-16 05:00:00+00:00,1.85706,1.85796,1.85686,1.85752,4144.0
2025-05-16 06:00:00+00:00,1.85757,1.85898,1.85626,1.85817,5299.0
2025-05-16 07:00:00+00:00,1.85816,1.85928,1.85686,1.85688,5956.0
2025-05-16 08:00:00+00:00,1.85692,1.85851,1.85614,1.85651,5454.0
2025-05-16 09:00:00+00:00,1.85652,1.8572,1.85567,1.85589,5889.0
2025-05-16 10:00:00+00:00,1.85588,1.8561,1.85442,1.8552,4919.0
2025-05-16 11:00:00+00:00,1.8552,1.85686,1.85487,1.85503,4163.0
2025-05-16 12:00:00+00:00,1.855,1.8563,1.85342,1.8542,6099.0
2025-05-16 13:00:00+00:00,1.8542,1.8558,1.85365,1.85498,8409.0
2025-05-16 14:00:00+00:00,1.855,1.85624,1.85248,1.85473,12506.0
2025-05-16 15:00:00+00:00,1.8547,1.85563,1.85374,1.85467,8277.0
2025-05-16 16:00:00+00:00,1.85466,1.85576,1.8544,1.85576,6048.0
2025-05-16 17:00:00+00:00,1.85583,1.85666,1.85582,1.85656,4445.0
2025-05-16 18:00:00+00:00,1.85659,1.85725,1.8564,1.85692,4427.0
2025-05-16 19:00:00+00:00,1.85688,1.8578,1.85602,1.85614,4233.0
2025-05-16 20:00:00+00:00,1.85615,1.85644,1.85426,1.85516,3667.0
2025-05-18 21:00:00+00:00,1.85494,1.85591,1.85446,1.85487,824.0
2025-05-18 22:00:00+00:00,1.85463,1.8566,1.85416,1.85632,2040.0
2025-05-18 23:00:00+00:00,1.85625,1.85641,1.85524,1.85638,2718.0
2025-05-19 00:00:00+00:00,1.85638,1.85818,1.85624,1.85818,6067.0
2025-05-19 01:00:00+00:00,1.8582,1.85836,1.85697,1.85728,5224.0
2025-05-19 02:00:00+00:00,1.85728,1.85783,1.85662,1.85746,4679.0
2025-05-19 03:00:00+00:00,1.85743,1.85774,1.85718,1.85751,3454.0
2025-05-19 04:00:00+00:00,1.85751,1.85798,1.85702,1.85793,2839.0
2025-05-19 05:00:00+00:00,1.85795,1.85836,1.85712,1.85763,4748.0
2025-05-19 06:00:00+00:00,1.85762,1.86056,1.85714,1.86002,6269.0
2025-05-19 07:00:00+00:00,1.85998,1.86546,1.8599,1.86524,9734.0
2025-05-19 08:00:00+00:00,1.86524,1.86545,1.8633,1.86519,7692.0
2025-05-19 09:00:00+00:00,1.86518,1.86824,1.86453,1.86822,8523.0
2025-05-19 10:00:00+00:00,1.86825,1.86934,1.86773,1.86773,7026.0
2025-05-19 11:00:00+00:00,1.86772,1.86776,1.86493,1.86536,5888.0
2025-05-19 12:00:00+00:00,1.86532,1.86576,1.864,1.86418,6574.0
2025-05-19 13:00:00+00:00,1.86418,1.86526,1.86266,1.86404,10423.0
2025-05-19 14:00:00+00:00,1.864,1.86442,1.86084,1.86203,9787.0
2025-05-19 15:00:00+00:00,1.86206,1.86303,1.86014,1.86255,8434.0
2025-05-19 16:00:00+00:00,1.86252,1.86325,1.8615,1.86293,5977.0
2025-05-19 17:00:00+00:00,1.86294,1.8644,1.86246,1.86412,5580.0
2025-05-19 18:00:00+00:00,1.86415,1.86434,1.86334,1.86418,5067.0
2025-05-19 19:00:00+00:00,1.86417,1.8646,1.86346,1.86408,3347.0
2025-05-19 20:00:00+00:00,1.86408,1.8647,1.86366,1.86393,2128.0
2025-05-19 21:00:00+00:00,1.86228,1.86423,1.86217,1.86322,1200.0
2025-05-19 22:00:00+00:00,1.86291,1.86466,1.86276,1.86441,971.0
2025-05-19 23:00:00+00:00,1.86441,1.86508,1.86414,1.86458,1831.0
2025-05-20 00:00:00+00:00,1.86465,1.86488,1.86338,1.86478,5807.0
2025-05-20 01:00:00+00:00,1.86486,1.86668,1.86482,1.86546,5712.0
2025-05-20 02:00:00+00:00,1.86546,1.86644,1.86432,1.86477,3566.0
2025-05-20 03:00:00+00:00,1.86473,1.86614,1.8645,1.86566,3632.0
2025-05-20 04:00:00+00:00,1.86566,1.86639,1.86557,1.86606,3980.0
2025-05-20 05:00:00+00:00,1.86608,1.86728,1.86602,1.86684,6969.0
2025-05-20 06:00:00+00:00,1.86684,1.8669,1.86417,1.86464,8143.0
2025-05-20 07:00:00+00:00,1.86465,1.86652,1.86423,1.86619,7112.0
2025-05-20 08:00:00+00:00,1.86616,1.8663,1.8637,1.86449,6291.0
2025-05-20 09:00:00+00:00,1.86444,1.86501,1.86312,1.86353,5200.0
2025-05-20 10:00:00+00:00,1.8635,1.86424,1.86199,1.86384,5949.0
2025-05-20 11:00:00+00:00,1.86389,1.86486,1.86273,1.86338,4670.0
2025-05-20 12:00:00+00:00,1.86344,1.86392,1.85693,1.85776,8404.0
2025-05-20 13:00:00+00:00,1.85774,1.86038,1.85748,1.85961,10630.0
2025-05-20 14:00:00+00:00,1.8596,1.86462,1.85944,1.86408,12667.0
2025-05-20 15:00:00+00:00,1.86414,1.86504,1.86324,1.86399,8024.0
2025-05-20 16:00:00+00:00,1.86399,1.86481,1.86216,1.86254,7349.0
2025-05-20 17:00:00+00:00,1.86254,1.86358,1.86172,1.86246,6169.0
2025-05-20 18:00:00+00:00,1.86246,1.86442,1.86232,1.86356,7125.0
2025-05-20 19:00:00+00:00,1.86362,1.86409,1.86274,1.86281,3447.0
2025-05-20 20:00:00+00:00,1.86284,1.86383,1.8623,1.86368,1480.0
2025-05-20 21:00:00+00:00,1.86302,1.86388,1.86258,1.86302,769.0
2025-05-20 22:00:00+00:00,1.86284,1.86317,1.86248,1.86262,1403.0
2025-05-20 23:00:00+00:00,1.86262,1.86352,1.86256,1.86332,1744.0
2025-05-21 00:00:00+00:00,1.86332,1.86428,1.86276,1.86413,4570.0
2025-05-21 01:00:00+00:00,1.86415,1.8648,1.86368,1.86468,4601.0
2025-05-21 02:00:00+00:00,1.86468,1.86591,1.86426,1.8653,6244.0
2025-05-21 03:00:00+00:00,1.8653,1.86592,1.86486,1.86538,4126.0
2025-05-21 04:00:00+00:00,1.86535,1.86584,1.86518,1.86546,2851.0
2025-05-21 05:00:00+00:00,1.86545,1.86599,1.86493,1.86583,4757.0
2025-05-21 06:00:00+00:00,1.8659,1.86946,1.8645,1.8667,13853.0
2025-05-21 07:00:00+00:00,1.86669,1.86682,1.8622,1.86228,13336.0
2025-05-21 08:00:00+00:00,1.8623,1.86333,1.86106,1.86161,9108.0
2025-05-21 09:00:00+00:00,1.86166,1.86271,1.8597,1.86236,8583.0
2025-05-21 10:00:00+00:00,1.86233,1.864,1.86118,1.86152,11423.0
2025-05-21 11:00:00+00:00,1.86152,1.86328,1.86037,1.86324,10534.0
2025-05-21 12:00:00+00:00,1.86322,1.86345,1.86077,1.86172,13059.0
2025-05-21 13:00:00+00:00,1.86174,1.86326,1.86042,1.86303,13255.0
2025-05-21 14:00:00+00:00,1.863,1.8639,1.85945,1.86027,16050.0
2025-05-21 15:00:00+00:00,1.86029,1.86157,1.85804,1.85846,11888.0
2025-05-21 16:00:00+00:00,1.85844,1.85912,1.85758,1.85806,8420.0
2025-05-21 17:00:00+00:00,1.85804,1.86032,1.85758,1.85912,13699.0
2025-05-21 18:00:00+00:00,1.85912,1.85958,1.8581,1.8584,8103.0
2025-05-21 19:00:00+00:00,1.8584,1.86022,1.85832,1.85978,8409.0
2025-05-21 20:00:00+00:00,1.85977,1.86056,1.85929,1.85982,2720.0
2025-05-21 21:00:00+00:00,1.85918,1.86012,1.85918,1.85978,606.0
2025-05-21 22:00:00+00:00,1.86,1.86015,1.85871,1.859,2838.0
2025-05-21 23:00:00+00:00,1.85898,1.86011,1.85888,1.8601,3881.0
2025-05-22 00:00:00+00:00,1.86011,1.86076,1.85974,1.86021,9515.0
2025-05-22 01:00:00+00:00,1.8602,1.86083,1.85933,1.86,10181.0
2025-05-22 02:00:00+00:00,1.85999,1.86081,1.85939,1.86027,7718.0
2025-05-22 03:00:00+00:00,1.86026,1.86036,1.85944,1.8595,5793.0
2025-05-22 04:00:00+00:00,1.85951,1.8598,1.85899,1.85924,4678.0
2025-05-22 05:00:00+00:00,1.8593,1.85986,1.8591,1.85971,6532.0
2025-05-22 06:00:00+00:00,1.85969,1.86048,1.85884,1.85944,8854.0
2025-05-22 07:00:00+00:00,1.85945,1.86132,1.85904,1.861,12623.0
2025-05-22 08:00:00+00:00,1.86104,1.86116,1.85908,1.85936,12075.0
2025-05-22 09:00:00+00:00,1.85937,1.86026,1.85867,1.85998,10543.0
2025-05-22 10:00:00+00:00,1.85998,1.86022,1.85842,1.85926,7854.0
2025-05-22 11:00:00+00:00,1.85928,1.8613,1.85925,1.86053,9580.0
2025-05-22 12:00:00+00:00,1.86054,1.86218,1.85998,1.86124,12251.0
2025-05-22 13:00:00+00:00,1.86124,1.86328,1.86048,1.863,14317.0
2025-05-22 14:00:00+00:00,1.86301,1.86489,1.86094,1.86199,15985.0
2025-05-22 15:00:00+00:00,1.86198,1.86276,1.85996,1.8601,12866.0
2025-05-22 16:00:00+00:00,1.8601,1.86184,1.85988,1.86034,8900.0
2025-05-22 17:00:00+00:00,1.86035,1.86046,1.85884,1.85927,8676.0
2025-05-22 18:00:00+00:00,1.85929,1.8616,1.85928,1.86107,6150.0
2025-05-22 19:00:00+00:00,1.86115,1.86185,1.8601,1.86026,5206.0
2025-05-22 20:00:00+00:00,1.86025,1.86028,1.85872,1.85925,2897.0
2025-05-22 21:00:00+00:00,1.85862,1.8606,1.85862,1.86058,613.0
2025-05-22 22:00:00+00:00,1.86113,1.86113,1.85976,1.86041,880.0
2025-05-22 23:00:00+00:00,1.86047,1.8605,1.85962,1.85975,2214.0
2025-05-23 00:00:00+00:00,1.85974,1.86085,1.85922,1.86036,5969.0
2025-05-23 01:00:00+00:00,1.86034,1.86044,1.85946,1.85957,5530.0
2025-05-23 02:00:00+00:00,1.85958,1.86019,1.85918,1.85993,3550.0
2025-05-23 03:00:00+00:00,1.85994,1.86018,1.8593,1.8599,3200.0
2025-05-23 04:00:00+00:00,1.85988,1.86032,1.85966,1.86003,2585.0
2025-05-23 05:00:00+00:00,1.86,1.86067,1.85941,1.8603,3887.0
2025-05-23 06:00:00+00:00,1.8603,1.86116,1.85913,1.85973,5741.0
2025-05-23 07:00:00+00:00,1.85974,1.86228,1.85915,1.8621,6833.0
2025-05-23 08:00:00+00:00,1.8621,1.8643,1.86206,1.86358,5931.0
2025-05-23 09:00:00+00:00,1.86354,1.86448,1.86328,1.86344,5814.0
2025-05-23 10:00:00+00:00,1.86342,1.86404,1.86295,1.86386,4590.0
2025-05-23 11:00:00+00:00,1.86384,1.86613,1.86159,1.86399,12366.0
2025-05-23 12:00:00+00:00,1.864,1.86718,1.86316,1.8651,15151.0
2025-05-23 13:00:00+00:00,1.86512,1.86522,1.85802,1.85842,12035.0
2025-05-23 14:00:00+00:00,1.85842,1.8591,1.8562,1.85634,10759.0
2025-05-23 15:00:00+00:00,1.85634,1.85914,1.85564,1.8584,7828.0
2025-05-23 16:00:00+00:00,1.8584,1.85904,1.85638,1.85717,4265.0
2025-05-23 17:00:00+00:00,1.85712,1.85805,1.85641,1.85688,5053.0
2025-05-23 18:00:00+00:00,1.85688,1.85766,1.85572,1.85662,4943.0
2025-05-23 19:00:00+00:00,1.85661,1.85774,1.85535,1.85754,5054.0
2025-05-23 20:00:00+00:00,1.8575,1.85968,1.8575,1.85912,2225.0
2025-05-25 21:00:00+00:00,1.85721,1.85877,1.85665,1.85687,827.0
2025-05-25 22:00:00+00:00,1.85685,1.85862,1.85636,1.85847,3739.0
2025-05-25 23:00:00+00:00,1.85852,1.85964,1.85806,1.85959,2519.0
2025-05-26 00:00:00+00:00,1.85956,1.86076,1.859,1.86038,4476.0
2025-05-26 01:00:00+00:00,1.86038,1.86104,1.85948,1.86046,4667.0
2025-05-26 02:00:00+00:00,1.8604,1.86139,1.8599,1.86045,4505.0
2025-05-26 03:00:00+00:00,1.86046,1.86058,1.85986,1.86038,3084.0
2025-05-26 04:00:00+00:00,1.86038,1.86148,1.85994,1.86147,3484.0
2025-05-26 05:00:00+00:00,1.86148,1.8621,1.86034,1.86206,4369.0
2025-05-26 06:00:00+00:00,1.86206,1.86238,1.85819,1.85848,6331.0
2025-05-26 07:00:00+00:00,1.8585,1.86084,1.8583,1.85906,7742.0
2025-05-26 08:00:00+00:00,1.85908,1.8603,1.85864,1.86016,5420.0
2025-05-26 09:00:00+00:00,1.86019,1.86072,1.85966,1.86066,4416.0
2025-05-26 10:00:00+00:00,1.86064,1.8609,1.85966,1.86045,3473.0
2025-05-26 11:00:00+00:00,1.86044,1.86078,1.85931,1.85996,2698.0
2025-05-26 12:00:00+00:00,1.85996,1.86064,1.85906,1.86057,2773.0
2025-05-26 13:00:00+00:00,1.86057,1.86318,1.85996,1.86318,3172.0
2025-05-26 14:00:00+00:00,1.86316,1.86339,1.86087,1.8617,3749.0
2025-05-26 15:00:00+00:00,1.8617,1.8623,1.86127,1.86208,2653.0
2025-05-26 16:00:00+00:00,1.86208,1.86296,1.86198,1.86286,1669.0
2025-05-26 17:00:00+00:00,1.86284,1.86314,1.8624,1.86296,1358.0
2025-05-26 18:00:00+00:00,1.86292,1.86346,1.8627,1.8628,1247.0
2025-05-26 19:00:00+00:00,1.8628,1.86328,1.86256,1.86312,720.0
2025-05-26 20:00:00+00:00,1.86314,1.8633,1.86245,1.8631,1051.0
2025-05-26 21:00:00+00:00,1.86302,1.86334,1.8621,1.86312,1355.0
2025-05-26 22:00:00+00:00,1.86284,1.86348,1.86276,1.86314,862.0
2025-05-26 23:00:00+00:00,1.86314,1.86362,1.86308,1.86331,856.0
2025-05-27 00:00:00+00:00,1.8633,1.86432,1.86294,1.86398,3750.0
2025-05-27 01:00:00+00:00,1.86398,1.8649,1.86355,1.86395,3105.0
2025-05-27 02:00:00+00:00,1.86396,1.86484,1.86368,1.86378,3724.0
2025-05-27 03:00:00+00:00,1.86376,1.86443,1.86358,1.8639,2546.0
2025-05-27 04:00:00+00:00,1.86389,1.86421,1.8628,1.86301,3042.0
2025-05-27 05:00:00+00:00,1.863,1.8631,1.86135,1.86222,6889.0
2025-05-27 06:00:00+00:00,1.86218,1.86416,1.86175,1.8622,8624.0
2025-05-27 07:00:00+00:00,1.86216,1.86296,1.86136,1.86182,12139.0
2025-05-27 08:00:00+00:00,1.86178,1.86444,1.86122,1.863,7690.0
2025-05-27 09:00:00+00:00,1.863,1.8645,1.86269,1.86391,7148.0
2025-05-27 10:00:00+00:00,1.86392,1.8642,1.86247,1.86378,6355.0
2025-05-27 11:00:00+00:00,1.8638,1.8658,1.86376,1.86508,5123.0
2025-05-27 12:00:00+00:00,1.86508,1.867,1.86505,1.8665,7299.0
2025-05-27 13:00:00+00:00,1.86649,1.86684,1.86389,1.86391,8323.0
2025-05-27 14:00:00+00:00,1.8639,1.86508,1.85973,1.8599,11766.0
2025-05-27 15:00:00+00:00,1.8599,1.8608,1.8592,1.86015,9841.0
2025-05-27 16:00:00+00:00,1.86016,1.86134,1.85981,1.86089,7016.0
2025-05-27 17:00:00+00:00,1.86088,1.86177,1.86032,1.86158,4954.0
2025-05-27 18:00:00+00:00,1.86157,1.86429,1.86154,1.86384,4738.0
2025-05-27 19:00:00+00:00,1.86384,1.86724,1.86328,1.8666,5434.0
2025-05-27 20:00:00+00:00,1.86657,1.8684,1.8645,1.86575,3276.0
2025-05-27 21:00:00+00:00,1.86507,1.86568,1.86507,1.86552,1054.0
2025-05-27 22:00:00+00:00,1.86556,1.86674,1.86492,1.86663,855.0
2025-05-27 23:00:00+00:00,1.86664,1.86704,1.86604,1.86625,1266.0
2025-05-28 00:00:00+00:00,1.86625,1.86671,1.86561,1.86583,4485.0
2025-05-28 01:00:00+00:00,1.86584,1.86662,1.86498,1.86536,7403.0
2025-05-28 02:00:00+00:00,1.86533,1.86554,1.86356,1.86386,5667.0
2025-05-28 03:00:00+00:00,1.86388,1.86432,1.86329,1.86388,5611.0
2025-05-28 04:00:00+00:00,1.86384,1.86424,1.86344,1.86372,3901.0
2025-05-28 05:00:00+00:00,1.8637,1.86413,1.86278,1.86404,4322.0
2025-05-28 06:00:00+00:00,1.86396,1.86526,1.8637,1.86449,4865.0
2025-05-28 07:00:00+00:00,1.86444,1.86598,1.86398,1.86558,7363.0
2025-05-28 08:00:00+00:00,1.86559,1.86696,1.8653,1.8666,6564.0
2025-05-28 09:00:00+00:00,1.8666,1.86806,1.86636,1.86756,6042.0
2025-05-28 10:00:00+00:00,1.86756,1.86762,1.86406,1.86463,5469.0
2025-05-28 11:00:00+00:00,1.86464,1.86576,1.86344,1.86396,5330.0
2025-05-28 12:00:00+00:00,1.86398,1.86438,1.86218,1.8639,6963.0
2025-05-28 13:00:00+00:00,1.8639,1.86446,1.8608,1.86228,11233.0
2025-05-28 14:00:00+00:00,1.8623,1.86458,1.85978,1.86054,12390.0
2025-05-28 15:00:00+00:00,1.86054,1.86178,1.85974,1.86012,8250.0
2025-05-28 16:00:00+00:00,1.86012,1.86252,1.85983,1.86248,5718.0
2025-05-28 17:00:00+00:00,1.86248,1.86298,1.86192,1.8624,4392.0
2025-05-28 18:00:00+00:00,1.86238,1.86317,1.86162,1.86276,6019.0
2025-05-28 19:00:00+00:00,1.86282,1.86305,1.8618,1.86298,3983.0
2025-05-28 20:00:00+00:00,1.86301,1.864,1.8626,1.86386,2384.0
2025-05-28 21:00:00+00:00,1.86346,1.86384,1.86336,1.86352,491.0
2025-05-28 22:00:00+00:00,1.86325,1.8636,1.86253,1.86264,2609.0
2025-05-28 23:00:00+00:00,1.86266,1.86282,1.85856,1.8601,13181.0
2025-05-29 00:00:00+00:00,1.8601,1.86138,1.85918,1.86022,15042.0
2025-05-29 01:00:00+00:00,1.86019,1.86159,1.85948,1.86146,11949.0
2025-05-29 02:00:00+00:00,1.86144,1.8619,1.86016,1.86022,8053.0
2025-05-29 03:00:00+00:00,1.86026,1.86092,1.85963,1.86044,5177.0
2025-05-29 04:00:00+00:00,1.86042,1.86122,1.86006,1.86027,4684.0
2025-05-29 05:00:00+00:00,1.86026,1.86073,1.85982,1.86058,6889.0
2025-05-29 06:00:00+00:00,1.86057,1.86158,1.85974,1.86124,10613.0
2025-05-29 07:00:00+00:00,1.86126,1.8622,1.86031,1.86044,11082.0
2025-05-29 08:00:00+00:00,1.8604,1.86198,1.86016,1.8617,8810.0
2025-05-29 09:00:00+00:00,1.86175,1.86297,1.86103,1.86134,6662.0
2025-05-29 10:00:00+00:00,1.86134,1.86308,1.86112,1.86252,6667.0
2025-05-29 11:00:00+00:00,1.86252,1.86294,1.86098,1.86118,8677.0
2025-05-29 12:00:00+00:00,1.86116,1.86322,1.86096,1.86246,14647.0
2025-05-29 13:00:00+00:00,1.86246,1.86485,1.86114,1.86436,14847.0
2025-05-29 14:00:00+00:00,1.86437,1.86441,1.8615,1.86158,14302.0
2025-05-29 15:00:00+00:00,1.86155,1.86297,1.8607,1.86249,11165.0
2025-05-29 16:00:00+00:00,1.86244,1.86402,1.8621,1.86245,9020.0
2025-05-29 17:00:00+00:00,1.86246,1.86334,1.86212,1.86299,6967.0
2025-05-29 18:00:00+00:00,1.86298,1.86376,1.86244,1.86267,6587.0
2025-05-29 19:00:00+00:00,1.86264,1.86342,1.86234,1.86326,5945.0
2025-05-29 20:00:00+00:00,1.86329,1.86369,1.8624,1.86273,2909.0
2025-05-29 21:00:00+00:00,1.8626,1.86374,1.8625,1.8634,3197.0
2025-05-29 22:00:00+00:00,1.8632,1.86338,1.86246,1.86296,936.0
2025-05-29 23:00:00+00:00,1.86298,1.86386,1.86298,1.86378,2136.0
2025-05-30 00:00:00+00:00,1.86375,1.86454,1.86348,1.86396,8426.0
2025-05-30 01:00:00+00:00,1.8639,1.86504,1.86284,1.86308,10223.0
2025-05-30 02:00:00+00:00,1.86307,1.86342,1.8622,1.86248,7338.0
2025-05-30 03:00:00+00:00,1.8625,1.8628,1.8618,1.86202,6521.0
2025-05-30 04:00:00+00:00,1.86199,1.86222,1.86148,1.86182,5320.0
2025-05-30 05:00:00+00:00,1.86178,1.86256,1.86142,1.86188,6220.0
2025-05-30 06:00:00+00:00,1.86188,1.86334,1.8609,1.86268,5858.0
2025-05-30 07:00:00+00:00,1.86266,1.86274,1.86019,1.8623,8340.0
2025-05-30 08:00:00+00:00,1.8623,1.86306,1.86057,1.86064,6767.0
2025-05-30 09:00:00+00:00,1.86061,1.86154,1.86034,1.8614,4093.0
2025-05-30 10:00:00+00:00,1.86142,1.8623,1.86093,1.861,3515.0
2025-05-30 11:00:00+00:00,1.86096,1.86202,1.85978,1.86068,3545.0
2025-05-30 12:00:00+00:00,1.86068,1.86254,1.86,1.86108,7399.0
2025-05-30 13:00:00+00:00,1.86112,1.8612,1.85516,1.85587,5355.0
2025-05-30 14:00:00+00:00,1.85586,1.8569,1.85301,1.85374,9324.0
2025-05-30 15:00:00+00:00,1.85375,1.85407,1.85121,1.85147,5618.0
2025-05-30 16:00:00+00:00,1.85141,1.85298,1.85066,1.85169,5528.0
2025-05-30 17:00:00+00:00,1.85172,1.85296,1.84978,1.8499,4130.0
2025-05-30 18:00:00+00:00,1.84996,1.8501,1.84738,1.84752,5125.0
2025-05-30 19:00:00+00:00,1.84748,1.84917,1.84718,1.84915,3870.0
2025-05-30 20:00:00+00:00,1.84911,1.84968,1.84796,1.84842,3363.0
2025-06-01 21:00:00+00:00,1.84982,1.85008,1.84854,1.84884,873.0
2025-06-01 22:00:00+00:00,1.84879,1.84891,1.8473,1.84809,1616.0
2025-06-01 23:00:00+00:00,1.84812,1.8489,1.84798,1.84855,1874.0
2025-06-02 00:00:00+00:00,1.84857,1.85066,1.84852,1.85026,4757.0
2025-06-02 01:00:00+00:00,1.85033,1.85134,1.85012,1.85048,5033.0
2025-06-02 02:00:00+00:00,1.85052,1.85082,1.84968,1.84984,4458.0
2025-06-02 03:00:00+00:00,1.8498,1.85029,1.84942,1.85018,3858.0
2025-06-02 04:00:00+00:00,1.8502,1.85107,1.85015,1.85091,3281.0
2025-06-02 05:00:00+00:00,1.85096,1.85226,1.8508,1.85218,4605.0
2025-06-02 06:00:00+00:00,1.8522,1.85426,1.85203,1.85384,5271.0
2025-06-02 07:00:00+00:00,1.85381,1.85443,1.85266,1.85352,7493.0
2025-06-02 08:00:00+00:00,1.85353,1.85492,1.85274,1.85468,6865.0
2025-06-02 09:00:00+00:00,1.85468,1.85608,1.85425,1.85444,7175.0
2025-06-02 10:00:00+00:00,1.85442,1.85446,1.8526,1.85305,6854.0
2025-06-02 11:00:00+00:00,1.85307,1.8559,1.85276,1.85519,6784.0
2025-06-02 12:00:00+00:00,1.8552,1.8559,1.85375,1.85472,8839.0
2025-06-02 13:00:00+00:00,1.85472,1.85491,1.85214,1.854,8563.0
2025-06-02 14:00:00+00:00,1.85498,1.85749,1.85373,1.8567,12108.0
2025-06-02 15:00:00+00:00,1.85668,1.85717,1.85526,1.85592,10105.0
2025-06-02 16:00:00+00:00,1.8559,1.85606,1.85372,1.85398,6723.0
2025-06-02 17:00:00+00:00,1.85396,1.8557,1.85386,1.8548,4973.0
2025-06-02 18:00:00+00:00,1.85474,1.85678,1.8544,1.85663,5117.0
2025-06-02 19:00:00+00:00,1.85662,1.85708,1.85596,1.85609,3849.0
2025-06-02 20:00:00+00:00,1.8561,1.85812,1.85582,1.8573,1885.0
2025-06-02 21:00:00+00:00,1.85706,1.8577,1.85694,1.85754,1143.0
2025-06-02 22:00:00+00:00,1.8575,1.85821,1.85714,1.85812,941.0
2025-06-02 23:00:00+00:00,1.85816,1.85884,1.8579,1.8587,2285.0
2025-06-03 00:00:00+00:00,1.85873,1.85934,1.85832,1.85867,4666.0
2025-06-03 01:00:00+00:00,1.85866,1.85878,1.85701,1.85738,5889.0
2025-06-03 02:00:00+00:00,1.85738,1.85738,1.85638,1.85648,5110.0
2025-06-03 03:00:00+00:00,1.85648,1.85714,1.85614,1.85668,4934.0
2025-06-03 04:00:00+00:00,1.85665,1.85748,1.85628,1.85714,3156.0
2025-06-03 05:00:00+00:00,1.85714,1.85755,1.85606,1.85717,3652.0
2025-06-03 06:00:00+00:00,1.85722,1.85878,1.85671,1.85715,5506.0
2025-06-03 07:00:00+00:00,1.85714,1.85796,1.85588,1.85646,8165.0
2025-06-03 08:00:00+00:00,1.8564,1.85646,1.855,1.85562,6613.0
2025-06-03 09:00:00+00:00,1.85562,1.8564,1.85496,1.85519,6102.0
2025-06-03 10:00:00+00:00,1.85515,1.8556,1.85452,1.85473,5681.0
2025-06-03 11:00:00+00:00,1.85476,1.85538,1.85379,1.85518,5515.0
2025-06-03 12:00:00+00:00,1.8552,1.85528,1.85291,1.85397,5309.0
2025-06-03 13:00:00+00:00,1.85399,1.85555,1.85336,1.85528,7278.0
2025-06-03 14:00:00+00:00,1.85528,1.85556,1.85323,1.85436,10947.0
2025-06-03 15:00:00+00:00,1.8544,1.85661,1.85408,1.85516,8395.0
2025-06-03 16:00:00+00:00,1.85514,1.8564,1.85486,1.8554,5448.0
2025-06-03 17:00:00+00:00,1.85543,1.85615,1.85512,1.8558,4735.0
2025-06-03 18:00:00+00:00,1.8558,1.85614,1.85467,1.85492,4655.0
2025-06-03 19:00:00+00:00,1.85493,1.85512,1.85394,1.85424,4069.0
2025-06-03 20:00:00+00:00,1.85424,1.85526,1.85408,1.85464,1709.0
2025-06-03 21:00:00+00:00,1.85464,1.8549,1.85434,1.85467,268.0
2025-06-03 22:00:00+00:00,1.85474,1.85548,1.85446,1.85546,817.0
2025-06-03 23:00:00+00:00,1.85548,1.85596,1.85507,1.85572,1984.0
2025-06-04 00:00:00+00:00,1.8557,1.85602,1.85489,1.85497,5205.0
2025-06-04 01:00:00+00:00,1.85497,1.8564,1.85431,1.85566,6583.0
2025-06-04 02:00:00+00:00,1.85566,1.85578,1.85458,1.85504,4191.0
2025-06-04 03:00:00+00:00,1.85502,1.85574,1.85424,1.85434,3637.0
2025-06-04 04:00:00+00:00,1.85436,1.8554,1.85402,1.85412,3903.0
2025-06-04 05:00:00+00:00,1.85416,1.85448,1.85331,1.8543,5201.0
2025-06-04 06:00:00+00:00,1.85426,1.85609,1.85394,1.856,6704.0
2025-06-04 07:00:00+00:00,1.856,1.85697,1.85534,1.85571,6909.0
2025-06-04 08:00:00+00:00,1.85572,1.85702,1.85519,1.85608,6254.0
2025-06-04 09:00:00+00:00,1.85609,1.85655,1.85541,1.85624,6537.0
2025-06-04 10:00:00+00:00,1.85624,1.85654,1.85426,1.85438,4731.0
2025-06-04 11:00:00+00:00,1.85438,1.85464,1.85193,1.85222,4881.0
2025-06-04 12:00:00+00:00,1.85222,1.85587,1.85187,1.85534,9103.0
2025-06-04 13:00:00+00:00,1.85535,1.85604,1.85378,1.85573,6958.0
2025-06-04 14:00:00+00:00,1.85574,1.85722,1.85368,1.85541,11203.0
2025-06-04 15:00:00+00:00,1.85546,1.85696,1.85446,1.85475,9531.0
2025-06-04 16:00:00+00:00,1.85476,1.85479,1.85214,1.85316,6358.0
2025-06-04 17:00:00+00:00,1.85316,1.85357,1.85212,1.85236,4621.0
2025-06-04 18:00:00+00:00,1.8524,1.8535,1.85208,1.85266,4805.0
2025-06-04 19:00:00+00:00,1.85268,1.85334,1.85176,1.85326,4784.0
2025-06-04 20:00:00+00:00,1.85326,1.85433,1.85266,1.85394,2102.0
2025-06-04 21:00:00+00:00,1.85382,1.85404,1.85288,1.85296,760.0
2025-06-04 22:00:00+00:00,1.85265,1.8535,1.85265,1.85346,1835.0
2025-06-04 23:00:00+00:00,1.85348,1.85398,1.85284,1.85378,2908.0
2025-06-05 00:00:00+00:00,1.85378,1.85388,1.85286,1.85372,6949.0
2025-06-05 01:00:00+00:00,1.85358,1.85455,1.85232,1.8528,8204.0
2025-06-05 02:00:00+00:00,1.8528,1.85317,1.8525,1.85272,5214.0
2025-06-05 03:00:00+00:00,1.85272,1.854,1.85266,1.85316,5388.0
2025-06-05 04:00:00+00:00,1.85316,1.85329,1.85244,1.85286,4455.0
2025-06-05 05:00:00+00:00,1.85284,1.85316,1.85242,1.8528,4850.0
2025-06-05 06:00:00+00:00,1.85288,1.85366,1.852,1.852,7403.0
2025-06-05 07:00:00+00:00,1.85198,1.85446,1.85154,1.85372,7562.0
2025-06-05 08:00:00+00:00,1.85373,1.85471,1.85331,1.85367,6968.0
2025-06-05 09:00:00+00:00,1.85368,1.85402,1.8524,1.85247,7155.0
2025-06-05 10:00:00+00:00,1.85242,1.85464,1.8522,1.85366,7107.0
2025-06-05 11:00:00+00:00,1.85366,1.85466,1.85324,1.85352,7897.0
2025-06-05 12:00:00+00:00,1.85356,1.8556,1.85306,1.85396,15685.0
2025-06-05 13:00:00+00:00,1.854,1.8577,1.85316,1.85596,19181.0
2025-06-05 14:00:00+00:00,1.85603,1.85659,1.85444,1.85552,16428.0
2025-06-05 15:00:00+00:00,1.85549,1.85698,1.85417,1.85616,12413.0
2025-06-05 16:00:00+00:00,1.85612,1.8568,1.85544,1.8566,9489.0
2025-06-05 17:00:00+00:00,1.85661,1.85679,1.85479,1.85562,6122.0
2025-06-05 18:00:00+00:00,1.8556,1.85566,1.85456,1.85494,6993.0
2025-06-05 19:00:00+00:00,1.85492,1.85536,1.85417,1.8547,8396.0
2025-06-05 20:00:00+00:00,1.85468,1.85583,1.85425,1.85548,2920.0
2025-06-05 21:00:00+00:00,1.85594,1.85664,1.85563,1.85644,946.0
2025-06-05 22:00:00+00:00,1.85652,1.85656,1.8557,1.85622,690.0
2025-06-05 23:00:00+00:00,1.8562,1.85636,1.8558,1.85585,1648.0
2025-06-06 00:00:00+00:00,1.85585,1.85606,1.85508,1.85552,4592.0
2025-06-06 01:00:00+00:00,1.8555,1.8557,1.85464,1.85494,5052.0
2025-06-06 02:00:00+00:00,1.85496,1.85516,1.85426,1.85464,5194.0
2025-06-06 03:00:00+00:00,1.85464,1.85478,1.85432,1.85438,3775.0
2025-06-06 04:00:00+00:00,1.85436,1.85468,1.85404,1.85448,2769.0
2025-06-06 05:00:00+00:00,1.8545,1.85457,1.85334,1.85363,3758.0
2025-06-06 06:00:00+00:00,1.85358,1.85372,1.8511,1.85178,5034.0
2025-06-06 07:00:00+00:00,1.85178,1.85182,1.85009,1.8514,6577.0
2025-06-06 08:00:00+00:00,1.8514,1.85223,1.85096,1.85212,5217.0
2025-06-06 09:00:00+00:00,1.85209,1.85246,1.85112,1.85118,4524.0
2025-06-06 10:00:00+00:00,1.85118,1.8533,1.85112,1.8533,4261.0
2025-06-06 11:00:00+00:00,1.8533,1.85494,1.85276,1.8549,5056.0
2025-06-06 12:00:00+00:00,1.8549,1.85524,1.85,1.85187,13852.0
2025-06-06 13:00:00+00:00,1.85185,1.85268,1.84986,1.85038,14400.0
2025-06-06 14:00:00+00:00,1.85044,1.85244,1.8499,1.85148,11255.0
2025-06-06 15:00:00+00:00,1.85148,1.8526,1.85001,1.85178,9097.0
2025-06-06 16:00:00+00:00,1.85182,1.85267,1.85092,1.85198,6708.0
2025-06-06 17:00:00+00:00,1.85198,1.85247,1.85114,1.8518,5948.0
2025-06-06 18:00:00+00:00,1.85182,1.85322,1.85178,1.85292,4947.0
2025-06-06 19:00:00+00:00,1.85292,1.85386,1.85291,1.85328,4536.0
2025-06-06 20:00:00+00:00,1.8533,1.85339,1.85228,1.85252,1771.0
2025-06-08 21:00:00+00:00,1.85252,1.85314,1.85241,1.85295,516.0
2025-06-08 22:00:00+00:00,1.85292,1.85377,1.85274,1.85332,959.0
2025-06-08 23:00:00+00:00,1.8534,1.85407,1.85336,1.85346,1710.0
2025-06-09 00:00:00+00:00,1.85349,1.85368,1.85257,1.85266,3519.0
2025-06-09 01:00:00+00:00,1.85266,1.85428,1.85266,1.85412,4457.0
2025-06-09 02:00:00+00:00,1.85416,1.85577,1.85396,1.85512,3398.0
2025-06-09 03:00:00+00:00,1.85512,1.85568,1.8546,1.85467,2636.0
2025-06-09 04:00:00+00:00,1.8546,1.85498,1.85448,1.85471,2079.0
2025-06-09 05:00:00+00:00,1.8547,1.85539,1.85436,1.85524,1997.0
2025-06-09 06:00:00+00:00,1.85525,1.85662,1.85488,1.85638,3112.0
2025-06-09 07:00:00+00:00,1.85622,1.85628,1.85487,1.85584,4613.0
2025-06-09 08:00:00+00:00,1.85588,1.85654,1.8556,1.85647,5495.0
2025-06-09 09:00:00+00:00,1.85648,1.85708,1.85552,1.8558,4462.0
2025-06-09 10:00:00+00:00,1.85581,1.85607,1.85436,1.85446,3484.0
2025-06-09 11:00:00+00:00,1.85444,1.85596,1.85368,1.85546,5523.0
2025-06-09 12:00:00+00:00,1.85541,1.85545,1.85248,1.85282,7058.0
2025-06-09 13:00:00+00:00,1.85281,1.85508,1.85136,1.855,8616.0
2025-06-09 14:00:00+00:00,1.85498,1.85634,1.85266,1.85332,8273.0
2025-06-09 15:00:00+00:00,1.85332,1.85518,1.85321,1.8548,6218.0
2025-06-09 16:00:00+00:00,1.8548,1.85488,1.85334,1.85398,4754.0
2025-06-09 17:00:00+00:00,1.85397,1.85577,1.85312,1.8554,3842.0
2025-06-09 18:00:00+00:00,1.85542,1.85574,1.8547,1.85485,3875.0
2025-06-09 19:00:00+00:00,1.85486,1.85583,1.85481,1.85542,3593.0
2025-06-09 20:00:00+00:00,1.85539,1.85649,1.8553,1.85628,1762.0
2025-06-09 21:00:00+00:00,1.85658,1.85731,1.85569,1.85616,2840.0
2025-06-09 22:00:00+00:00,1.85613,1.85667,1.85598,1.8563,509.0
2025-06-09 23:00:00+00:00,1.85627,1.85712,1.85627,1.85701,1800.0
2025-06-10 00:00:00+00:00,1.85698,1.85777,1.8566,1.85676,4058.0
2025-06-10 01:00:00+00:00,1.85674,1.85708,1.8548,1.85524,5907.0
2025-06-10 02:00:00+00:00,1.85522,1.8557,1.85405,1.85542,5860.0
2025-06-10 03:00:00+00:00,1.8554,1.85618,1.85486,1.85556,3765.0
2025-06-10 04:00:00+00:00,1.85554,1.85588,1.85487,1.85554,2803.0
2025-06-10 05:00:00+00:00,1.85556,1.8569,1.8554,1.8564,6301.0
2025-06-10 06:00:00+00:00,1.85639,1.85639,1.84934,1.84934,7835.0
2025-06-10 07:00:00+00:00,1.84935,1.8494,1.84696,1.84843,9707.0
2025-06-10 08:00:00+00:00,1.84842,1.85046,1.84817,1.84868,6622.0
2025-06-10 09:00:00+00:00,1.84867,1.84912,1.84744,1.84845,5810.0
2025-06-10 10:00:00+00:00,1.84844,1.8505,1.84772,1.85037,5373.0
2025-06-10 11:00:00+00:00,1.85039,1.85058,1.8473,1.8492,6784.0
2025-06-10 12:00:00+00:00,1.84923,1.84994,1.84773,1.84922,7075.0
2025-06-10 13:00:00+00:00,1.84921,1.85204,1.84896,1.85022,9195.0
2025-06-10 14:00:00+00:00,1.85014,1.85098,1.84801,1.84815,8291.0
2025-06-10 15:00:00+00:00,1.84816,1.84914,1.84732,1.84828,8152.0
2025-06-10 16:00:00+00:00,1.84829,1.84832,1.8465,1.84698,5452.0
2025-06-10 17:00:00+00:00,1.84704,1.8481,1.84659,1.84772,5148.0
2025-06-10 18:00:00+00:00,1.84772,1.84796,1.8467,1.84722,4220.0
2025-06-10 19:00:00+00:00,1.84725,1.8483,1.84585,1.84622,4074.0
2025-06-10 20:00:00+00:00,1.84626,1.84667,1.84518,1.84534,2123.0
2025-06-10 21:00:00+00:00,1.84569,1.84622,1.84462,1.84602,1525.0
2025-06-10 22:00:00+00:00,1.84611,1.84632,1.84516,1.84554,979.0
2025-06-10 23:00:00+00:00,1.84554,1.84642,1.84487,1.84622,3099.0
2025-06-11 00:00:00+00:00,1.84616,1.84647,1.84462,1.84466,5662.0
2025-06-11 01:00:00+00:00,1.84462,1.84496,1.84316,1.84336,5069.0
2025-06-11 02:00:00+00:00,1.84333,1.84455,1.8431,1.84421,4424.0
2025-06-11 03:00:00+00:00,1.8442,1.84458,1.84371,1.84394,3127.0
2025-06-11 04:00:00+00:00,1.84395,1.84474,1.84366,1.84456,2129.0
2025-06-11 05:00:00+00:00,1.84455,1.84513,1.84404,1.84503,2905.0
2025-06-11 06:00:00+00:00,1.84494,1.84507,1.84226,1.84228,4448.0
2025-06-11 07:00:00+00:00,1.84228,1.84461,1.84151,1.84386,6838.0
2025-06-11 08:00:00+00:00,1.84386,1.84642,1.84359,1.8463,5762.0
2025-06-11 09:00:00+00:00,1.84629,1.8481,1.84563,1.84667,6340.0
2025-06-11 10:00:00+00:00,1.84672,1.84776,1.84599,1.84682,5245.0
2025-06-11 11:00:00+00:00,1.84684,1.84704,1.8454,1.84611,6366.0
2025-06-11 12:00:00+00:00,1.84612,1.84952,1.84572,1.84708,12337.0
2025-06-11 13:00:00+00:00,1.84708,1.84872,1.84627,1.84729,12347.0
2025-06-11 14:00:00+00:00,1.84723,1.85076,1.84708,1.8505,8931.0
2025-06-11 15:00:00+00:00,1.85046,1.85261,1.84984,1.85207,7332.0
2025-06-11 16:00:00+00:00,1.85206,1.85258,1.85004,1.85037,5809.0
2025-06-11 17:00:00+00:00,1.85038,1.8525,1.85006,1.85246,4751.0
2025-06-11 18:00:00+00:00,1.85246,1.85283,1.85052,1.85086,7106.0
2025-06-11 19:00:00+00:00,1.85083,1.8513,1.84982,1.85009,5593.0
2025-06-11 20:00:00+00:00,1.85015,1.8524,1.85004,1.85193,2579.0
2025-06-11 21:00:00+00:00,1.85206,1.85256,1.8517,1.85244,899.0
2025-06-11 22:00:00+00:00,1.85236,1.85366,1.8519,1.85342,1667.0
2025-06-11 23:00:00+00:00,1.85344,1.8543,1.85324,1.85404,4360.0
2025-06-12 00:00:00+00:00,1.85404,1.8564,1.85337,1.85582,8298.0
2025-06-12 01:00:00+00:00,1.85584,1.85706,1.8556,1.8561,8975.0
2025-06-12 02:00:00+00:00,1.85613,1.85626,1.85482,1.85528,6197.0
2025-06-12 03:00:00+00:00,1.85527,1.85622,1.85486,1.85508,6249.0
2025-06-12 04:00:00+00:00,1.85507,1.85518,1.8545,1.85466,4830.0
2025-06-12 05:00:00+00:00,1.85466,1.85513,1.85422,1.85454,4998.0
2025-06-12 06:00:00+00:00,1.85453,1.85454,1.85014,1.85148,8781.0
2025-06-12 07:00:00+00:00,1.8515,1.8515,1.84903,1.85066,10654.0
2025-06-12 08:00:00+00:00,1.85066,1.85322,1.85018,1.85243,11003.0
2025-06-12 09:00:00+00:00,1.85242,1.85377,1.8514,1.85295,9766.0
2025-06-12 10:00:00+00:00,1.85294,1.85317,1.8505,1.85277,11909.0
2025-06-12 11:00:00+00:00,1.85278,1.85368,1.85142,1.85327,9346.0
2025-06-12 12:00:00+00:00,1.85328,1.85478,1.85078,1.85332,13539.0
2025-06-12 13:00:00+00:00,1.85331,1.85479,1.85096,1.8518,13119.0
2025-06-12 14:00:00+00:00,1.85181,1.85263,1.84992,1.85008,12051.0
2025-06-12 15:00:00+00:00,1.85006,1.85054,1.84854,1.8498,9971.0
2025-06-12 16:00:00+00:00,1.8498,1.84983,1.84812,1.84922,6767.0
2025-06-12 17:00:00+00:00,1.8492,1.84985,1.84815,1.84827,5426.0
2025-06-12 18:00:00+00:00,1.84828,1.84942,1.84785,1.84932,3917.0
2025-06-12 19:00:00+00:00,1.84932,1.85074,1.84914,1.85056,3969.0
2025-06-12 20:00:00+00:00,1.85052,1.85235,1.85033,1.85139,3395.0
2025-06-12 21:00:00+00:00,1.85124,1.85298,1.85122,1.85286,495.0
2025-06-12 22:00:00+00:00,1.853,1.853,1.85147,1.85236,855.0
2025-06-12 23:00:00+00:00,1.85242,1.85308,1.85166,1.85289,2466.0
2025-06-13 00:00:00+00:00,1.8529,1.8533,1.8483,1.84911,14871.0
2025-06-13 01:00:00+00:00,1.8491,1.8505,1.84834,1.84874,9398.0
2025-06-13 02:00:00+00:00,1.84873,1.84887,1.84664,1.84683,6974.0
2025-06-13 03:00:00+00:00,1.84682,1.84756,1.84643,1.84744,5464.0
2025-06-13 04:00:00+00:00,1.84746,1.84756,1.84575,1.84728,5165.0
2025-06-13 05:00:00+00:00,1.84728,1.84759,1.84643,1.8471,6200.0
2025-06-13 06:00:00+00:00,1.84719,1.84799,1.84408,1.84584,8538.0
2025-06-13 07:00:00+00:00,1.84584,1.84812,1.84502,1.84671,9379.0
2025-06-13 08:00:00+00:00,1.84668,1.84718,1.84531,1.84616,7565.0
2025-06-13 09:00:00+00:00,1.84616,1.84708,1.84544,1.84564,7756.0
2025-06-13 10:00:00+00:00,1.84562,1.84624,1.845,1.84586,8970.0
2025-06-13 11:00:00+00:00,1.84585,1.847,1.84495,1.84578,8210.0
2025-06-13 12:00:00+00:00,1.84579,1.84594,1.84208,1.84274,8146.0
2025-06-13 13:00:00+00:00,1.84273,1.8445,1.84136,1.84418,8435.0
2025-06-13 14:00:00+00:00,1.84422,1.84554,1.84214,1.84524,8860.0
2025-06-13 15:00:00+00:00,1.84524,1.8471,1.84491,1.84524,8630.0
2025-06-13 16:00:00+00:00,1.84526,1.84704,1.84466,1.84686,5835.0
2025-06-13 17:00:00+00:00,1.84687,1.84698,1.84536,1.84588,5849.0
2025-06-13 18:00:00+00:00,1.84587,1.84657,1.84348,1.84353,7396.0
2025-06-13 19:00:00+00:00,1.84354,1.84436,1.84302,1.84346,5443.0
2025-06-13 20:00:00+00:00,1.84348,1.84418,1.84236,1.8435,5047.0
2025-06-15 21:00:00+00:00,1.84356,1.84421,1.84158,1.84186,832.0
2025-06-15 22:00:00+00:00,1.84182,1.84226,1.84,1.8413,7696.0
2025-06-15 23:00:00+00:00,1.84133,1.8415,1.84016,1.84026,4494.0
2025-06-16 00:00:00+00:00,1.84028,1.84143,1.84012,1.84142,7242.0
2025-06-16 01:00:00+00:00,1.84142,1.84272,1.84084,1.84174,7284.0
2025-06-16 02:00:00+00:00,1.84176,1.84218,1.84142,1.8418,4585.0
2025-06-16 03:00:00+00:00,1.84182,1.84208,1.84134,1.84172,3742.0
2025-06-16 04:00:00+00:00,1.84173,1.84266,1.84156,1.8426,2714.0
2025-06-16 05:00:00+00:00,1.84258,1.84388,1.8425,1.84308,5561.0
2025-06-16 06:00:00+00:00,1.84308,1.84542,1.84266,1.84506,7541.0
2025-06-16 07:00:00+00:00,1.84502,1.84545,1.84362,1.84389,7897.0
2025-06-16 08:00:00+00:00,1.84391,1.84432,1.84267,1.84298,6787.0
2025-06-16 09:00:00+00:00,1.84294,1.84422,1.84273,1.84368,5254.0
2025-06-16 10:00:00+00:00,1.84366,1.84377,1.84238,1.84296,5387.0
2025-06-16 11:00:00+00:00,1.84294,1.84429,1.84168,1.84188,5308.0
2025-06-16 12:00:00+00:00,1.84189,1.84264,1.84118,1.8417,6381.0
2025-06-16 13:00:00+00:00,1.8417,1.84475,1.84136,1.84439,9521.0
2025-06-16 14:00:00+00:00,1.84438,1.84552,1.84306,1.84354,11948.0
2025-06-16 15:00:00+00:00,1.84355,1.84413,1.84221,1.84336,8612.0
2025-06-16 16:00:00+00:00,1.84336,1.84459,1.84272,1.84457,4392.0
2025-06-16 17:00:00+00:00,1.84456,1.84494,1.8427,1.84318,4463.0
2025-06-16 18:00:00+00:00,1.84318,1.84404,1.84293,1.84356,4211.0
2025-06-16 19:00:00+00:00,1.84356,1.84383,1.84268,1.84308,5077.0
2025-06-16 20:00:00+00:00,1.84312,1.84358,1.8422,1.8425,2299.0
2025-06-16 21:00:00+00:00,1.8421,1.84308,1.8418,1.84266,735.0
2025-06-16 22:00:00+00:00,1.84266,1.84302,1.84165,1.84198,3562.0
2025-06-16 23:00:00+00:00,1.84197,1.8425,1.84119,1.84154,3756.0
2025-06-17 00:00:00+00:00,1.84152,1.84185,1.84108,1.84172,7265.0
2025-06-17 01:00:00+00:00,1.84175,1.84262,1.84174,1.84202,5510.0
2025-06-17 02:00:00+00:00,1.84202,1.84206,1.84116,1.8417,4922.0
2025-06-17 03:00:00+00:00,1.84168,1.84242,1.84149,1.84233,5117.0
2025-06-17 04:00:00+00:00,1.84232,1.84274,1.84193,1.8421,2936.0
2025-06-17 05:00:00+00:00,1.84209,1.84298,1.84187,1.84218,4606.0
2025-06-17 06:00:00+00:00,1.84212,1.84314,1.84138,1.84184,7031.0
2025-06-17 07:00:00+00:00,1.84182,1.84192,1.8402,1.84062,8223.0
2025-06-17 08:00:00+00:00,1.84054,1.84071,1.83828,1.83828,6130.0
2025-06-17 09:00:00+00:00,1.83827,1.83958,1.83672,1.83698,6984.0
2025-06-17 10:00:00+00:00,1.83697,1.83912,1.83685,1.83904,5310.0
2025-06-17 11:00:00+00:00,1.83904,1.84026,1.8388,1.83908,5507.0
2025-06-17 12:00:00+00:00,1.83909,1.84078,1.83856,1.84,8536.0
2025-06-17 13:00:00+00:00,1.84004,1.84204,1.83934,1.83942,10034.0
2025-06-17 14:00:00+00:00,1.8394,1.83981,1.8351,1.8365,10989.0
2025-06-17 15:00:00+00:00,1.8365,1.83726,1.83454,1.83611,8328.0
2025-06-17 16:00:00+00:00,1.83614,1.83638,1.83232,1.83377,7472.0
2025-06-17 17:00:00+00:00,1.83376,1.83413,1.83122,1.83244,10181.0
2025-06-17 18:00:00+00:00,1.83242,1.83444,1.83172,1.83206,8500.0
2025-06-17 19:00:00+00:00,1.83206,1.8327,1.83074,1.832,6531.0
2025-06-17 20:00:00+00:00,1.83201,1.838,1.83175,1.83684,6321.0
2025-06-17 21:00:00+00:00,1.83635,1.83816,1.83464,1.83626,774.0
2025-06-17 22:00:00+00:00,1.83612,1.83808,1.83552,1.83742,1618.0
2025-06-17 23:00:00+00:00,1.83746,1.83834,1.8373,1.83764,3075.0
2025-06-18 00:00:00+00:00,1.83756,1.83782,1.83648,1.83693,7511.0
2025-06-18 01:00:00+00:00,1.83688,1.83724,1.83634,1.83713,7080.0
2025-06-18 02:00:00+00:00,1.83714,1.83716,1.83618,1.83646,6966.0
2025-06-18 03:00:00+00:00,1.8365,1.83734,1.83591,1.83624,6156.0
2025-06-18 04:00:00+00:00,1.83626,1.83734,1.83594,1.8362,6252.0
2025-06-18 05:00:00+00:00,1.83621,1.83678,1.83554,1.83637,4652.0
2025-06-18 06:00:00+00:00,1.8364,1.83914,1.83566,1.83901,8648.0
2025-06-18 07:00:00+00:00,1.83902,1.83993,1.83849,1.83864,7006.0
2025-06-18 08:00:00+00:00,1.83864,1.8396,1.83838,1.83853,6786.0
2025-06-18 09:00:00+00:00,1.83852,1.84042,1.83818,1.83979,4747.0
2025-06-18 10:00:00+00:00,1.83978,1.84038,1.83696,1.83724,6554.0
2025-06-18 11:00:00+00:00,1.83724,1.83784,1.83621,1.83734,6525.0
2025-06-18 12:00:00+00:00,1.83732,1.83808,1.83412,1.83524,7356.0
2025-06-18 13:00:00+00:00,1.83523,1.83754,1.83497,1.83665,9802.0
2025-06-18 14:00:00+00:00,1.83664,1.84264,1.83576,1.8415,15972.0
2025-06-18 15:00:00+00:00,1.84151,1.84358,1.84105,1.84328,8768.0
2025-06-18 16:00:00+00:00,1.84329,1.84329,1.84033,1.84049,6598.0
2025-06-18 17:00:00+00:00,1.84054,1.84082,1.8383,1.83954,5028.0
2025-06-18 18:00:00+00:00,1.84004,1.8406,1.83636,1.83718,19874.0
2025-06-18 19:00:00+00:00,1.83722,1.83762,1.83536,1.83724,14413.0
2025-06-18 20:00:00+00:00,1.83716,1.83796,1.83662,1.83792,4474.0
2025-06-18 21:00:00+00:00,1.83824,1.83826,1.83648,1.83774,1284.0
2025-06-18 22:00:00+00:00,1.83784,1.83843,1.8373,1.83756,2178.0
2025-06-18 23:00:00+00:00,1.83756,1.8378,1.83679,1.83707,4178.0
2025-06-19 00:00:00+00:00,1.83704,1.8378,1.83665,1.83776,7015.0
2025-06-19 01:00:00+00:00,1.83778,1.83794,1.83648,1.83664,9298.0
2025-06-19 02:00:00+00:00,1.83664,1.8374,1.83646,1.83729,6415.0
2025-06-19 03:00:00+00:00,1.83728,1.83819,1.83702,1.83804,5900.0
2025-06-19 04:00:00+00:00,1.83804,1.83818,1.83756,1.83806,4891.0
2025-06-19 05:00:00+00:00,1.8381,1.83812,1.83704,1.83743,6528.0
2025-06-19 06:00:00+00:00,1.8374,1.83922,1.83708,1.8391,7847.0
2025-06-19 07:00:00+00:00,1.8391,1.84025,1.83884,1.83911,9096.0
2025-06-19 08:00:00+00:00,1.83911,1.84056,1.83848,1.84046,9305.0
2025-06-19 09:00:00+00:00,1.84044,1.84114,1.83969,1.84024,7094.0
2025-06-19 10:00:00+00:00,1.84022,1.84217,1.8402,1.84102,7353.0
2025-06-19 11:00:00+00:00,1.84082,1.84313,1.83809,1.84302,8394.0
2025-06-19 12:00:00+00:00,1.84299,1.84408,1.8407,1.84364,7243.0
2025-06-19 13:00:00+00:00,1.8437,1.84414,1.84118,1.844,8944.0
2025-06-19 14:00:00+00:00,1.84398,1.84643,1.84356,1.84443,9324.0
2025-06-19 15:00:00+00:00,1.84439,1.84543,1.84352,1.84461,5505.0
2025-06-19 16:00:00+00:00,1.84454,1.84484,1.84287,1.84324,3470.0
2025-06-19 17:00:00+00:00,1.8432,1.84578,1.84313,1.84532,4488.0
2025-06-19 18:00:00+00:00,1.8453,1.84623,1.84488,1.84528,4106.0
2025-06-19 19:00:00+00:00,1.84528,1.84608,1.84458,1.84478,4507.0
2025-06-19 20:00:00+00:00,1.84472,1.84554,1.84456,1.84516,3135.0
2025-06-19 21:00:00+00:00,1.84515,1.8459,1.84419,1.84488,485.0
2025-06-19 22:00:00+00:00,1.84494,1.84586,1.8446,1.84493,1809.0
2025-06-19 23:00:00+00:00,1.84494,1.84611,1.84482,1.8456,3021.0
2025-06-20 00:00:00+00:00,1.84558,1.84671,1.84536,1.8466,5309.0
2025-06-20 01:00:00+00:00,1.84662,1.84704,1.84626,1.84654,6931.0
2025-06-20 02:00:00+00:00,1.84657,1.84738,1.84641,1.84721,5281.0
2025-06-20 03:00:00+00:00,1.84721,1.84813,1.84699,1.8479,4204.0
2025-06-20 04:00:00+00:00,1.84789,1.84798,1.84736,1.84754,2769.0
2025-06-20 05:00:00+00:00,1.84754,1.84872,1.84748,1.84828,3728.0
2025-06-20 06:00:00+00:00,1.84816,1.84818,1.84561,1.84587,6669.0
2025-06-20 07:00:00+00:00,1.84586,1.8475,1.84552,1.84684,6553.0
2025-06-20 08:00:00+00:00,1.84686,1.84842,1.84569,1.8478,5815.0
2025-06-20 09:00:00+00:00,1.84788,1.84836,1.84721,1.848,4448.0
2025-06-20 10:00:00+00:00,1.84797,1.84944,1.84744,1.84924,3738.0
2025-06-20 11:00:00+00:00,1.84926,1.85015,1.84872,1.84988,5393.0
2025-06-20 12:00:00+00:00,1.84986,1.85267,1.84959,1.85218,8857.0
2025-06-20 13:00:00+00:00,1.85215,1.85317,1.85013,1.85202,8155.0
2025-06-20 14:00:00+00:00,1.852,1.85246,1.84816,1.8485,10024.0
2025-06-20 15:00:00+00:00,1.84849,1.85133,1.84772,1.84984,9259.0
2025-06-20 16:00:00+00:00,1.84983,1.85076,1.8491,1.84951,6657.0
2025-06-20 17:00:00+00:00,1.8495,1.85034,1.8486,1.84861,5817.0
2025-06-20 18:00:00+00:00,1.8486,1.84914,1.84799,1.84847,4797.0
2025-06-20 19:00:00+00:00,1.84848,1.84853,1.8471,1.84747,5305.0
2025-06-20 20:00:00+00:00,1.84748,1.84824,1.84664,1.84698,3399.0
2025-06-22 21:00:00+00:00,1.84417,1.84534,1.8429,1.84405,896.0
2025-06-22 22:00:00+00:00,1.8445,1.84608,1.84308,1.84554,5014.0
2025-06-22 23:00:00+00:00,1.84555,1.84693,1.84541,1.84608,5358.0
2025-06-23 00:00:00+00:00,1.84606,1.84646,1.8453,1.84576,6768.0
2025-06-23 01:00:00+00:00,1.84584,1.84692,1.845,1.8468,6039.0
2025-06-23 02:00:00+00:00,1.84684,1.84848,1.84682,1.84732,4916.0
2025-06-23 03:00:00+00:00,1.84736,1.84786,1.8467,1.84682,5193.0
2025-06-23 04:00:00+00:00,1.84681,1.84726,1.8448,1.84494,4219.0
2025-06-23 05:00:00+00:00,1.84497,1.84777,1.84492,1.84692,5765.0
2025-06-23 06:00:00+00:00,1.84698,1.84954,1.84688,1.84897,5889.0
2025-06-23 07:00:00+00:00,1.84898,1.84982,1.84819,1.8485,8644.0
2025-06-23 08:00:00+00:00,1.84852,1.85082,1.84819,1.84833,7261.0
2025-06-23 09:00:00+00:00,1.8483,1.84868,1.84457,1.84616,9280.0
2025-06-23 10:00:00+00:00,1.84616,1.8471,1.84436,1.845,6716.0
2025-06-23 11:00:00+00:00,1.845,1.84596,1.84377,1.84592,6999.0
2025-06-23 12:00:00+00:00,1.84592,1.84646,1.8439,1.84564,7761.0
2025-06-23 13:00:00+00:00,1.84564,1.8477,1.8449,1.84752,9433.0
2025-06-23 14:00:00+00:00,1.84758,1.85354,1.84758,1.85309,10633.0
2025-06-23 15:00:00+00:00,1.85308,1.85805,1.85254,1.85796,10023.0
2025-06-23 16:00:00+00:00,1.85798,1.85859,1.85578,1.85796,12315.0
2025-06-23 17:00:00+00:00,1.85796,1.85943,1.85738,1.85858,9679.0
2025-06-23 18:00:00+00:00,1.85856,1.85886,1.85744,1.85752,7547.0
2025-06-23 19:00:00+00:00,1.85752,1.85803,1.85692,1.85788,4272.0
2025-06-23 20:00:00+00:00,1.8579,1.8583,1.85714,1.85765,2691.0
2025-06-23 21:00:00+00:00,1.85719,1.85766,1.8565,1.85712,1291.0
2025-06-23 22:00:00+00:00,1.85708,1.85986,1.8568,1.85874,2500.0
2025-06-23 23:00:00+00:00,1.85879,1.86015,1.85838,1.8598,5276.0
2025-06-24 00:00:00+00:00,1.85979,1.86028,1.85908,1.85994,7214.0
2025-06-24 01:00:00+00:00,1.85995,1.86021,1.85878,1.8589,6255.0
2025-06-24 02:00:00+00:00,1.85887,1.86022,1.85844,1.85994,5294.0
2025-06-24 03:00:00+00:00,1.85999,1.86102,1.85973,1.86084,3780.0
2025-06-24 04:00:00+00:00,1.86084,1.86182,1.86039,1.86083,3236.0
2025-06-24 05:00:00+00:00,1.86082,1.86168,1.86037,1.86142,4048.0
2025-06-24 06:00:00+00:00,1.86146,1.86416,1.86144,1.86204,8295.0
2025-06-24 07:00:00+00:00,1.86205,1.86368,1.86121,1.86338,12533.0
2025-06-24 08:00:00+00:00,1.86336,1.8657,1.86318,1.86549,8258.0
2025-06-24 09:00:00+00:00,1.86548,1.86702,1.8644,1.86616,7012.0
2025-06-24 10:00:00+00:00,1.86618,1.86728,1.86592,1.86702,5549.0
2025-06-24 11:00:00+00:00,1.86703,1.86837,1.8666,1.86694,6006.0
2025-06-24 12:00:00+00:00,1.86693,1.86697,1.86382,1.86416,7728.0
2025-06-24 13:00:00+00:00,1.86414,1.86544,1.86284,1.86538,10513.0
2025-06-24 14:00:00+00:00,1.86532,1.86746,1.86475,1.86598,13136.0
2025-06-24 15:00:00+00:00,1.86596,1.8675,1.86571,1.86676,7890.0
2025-06-24 16:00:00+00:00,1.86678,1.8682,1.86662,1.8677,6065.0
2025-06-24 17:00:00+00:00,1.86771,1.86984,1.86754,1.86928,4959.0
2025-06-24 18:00:00+00:00,1.86928,1.87061,1.86892,1.8706,6195.0
2025-06-24 19:00:00+00:00,1.87059,1.87063,1.86924,1.86937,4302.0
2025-06-24 20:00:00+00:00,1.86938,1.86956,1.86782,1.86854,2691.0
2025-06-24 21:00:00+00:00,1.8685,1.86917,1.86738,1.86774,1922.0
2025-06-24 22:00:00+00:00,1.86744,1.86895,1.86744,1.86866,852.0
2025-06-24 23:00:00+00:00,1.86868,1.86901,1.86849,1.86866,1733.0
2025-06-25 00:00:00+00:00,1.86871,1.86906,1.8684,1.8687,2730.0
2025-06-25 01:00:00+00:00,1.86872,1.8703,1.86863,1.8702,3771.0
2025-06-25 02:00:00+00:00,1.87022,1.87028,1.86945,1.86951,2245.0
2025-06-25 03:00:00+00:00,1.86952,1.86963,1.86868,1.8689,2572.0
2025-06-25 04:00:00+00:00,1.86892,1.86994,1.86881,1.86984,2110.0
2025-06-25 05:00:00+00:00,1.86984,1.87054,1.86974,1.87017,2370.0
2025-06-25 06:00:00+00:00,1.87016,1.8713,1.86966,1.87119,4969.0
2025-06-25 07:00:00+00:00,1.87124,1.87129,1.86802,1.86882,7573.0
2025-06-25 08:00:00+00:00,1.86883,1.86974,1.86805,1.86928,6512.0
2025-06-25 09:00:00+00:00,1.86924,1.86942,1.86788,1.86902,5769.0
2025-06-25 10:00:00+00:00,1.86902,1.86938,1.86772,1.86846,4110.0
2025-06-25 11:00:00+00:00,1.86846,1.86974,1.86798,1.86844,5367.0
2025-06-25 12:00:00+00:00,1.86836,1.86947,1.86695,1.86806,6988.0
2025-06-25 13:00:00+00:00,1.86804,1.87182,1.86768,1.86938,7744.0
2025-06-25 14:00:00+00:00,1.86932,1.87169,1.8693,1.87096,9048.0
2025-06-25 15:00:00+00:00,1.8709,1.87348,1.8707,1.87345,7839.0
2025-06-25 16:00:00+00:00,1.87346,1.87436,1.87267,1.87387,6511.0
2025-06-25 17:00:00+00:00,1.87386,1.87473,1.8732,1.87415,6057.0
2025-06-25 18:00:00+00:00,1.87416,1.87555,1.87375,1.87553,5616.0
2025-06-25 19:00:00+00:00,1.87554,1.87624,1.8743,1.87482,5620.0
2025-06-25 20:00:00+00:00,1.87484,1.8759,1.87426,1.8754,3068.0
2025-06-25 21:00:00+00:00,1.87489,1.87548,1.8741,1.87421,932.0
2025-06-25 22:00:00+00:00,1.8743,1.87541,1.87412,1.87516,1428.0
2025-06-25 23:00:00+00:00,1.87516,1.87729,1.87506,1.87699,4849.0
2025-06-26 00:00:00+00:00,1.87697,1.8775,1.87676,1.87722,5473.0
2025-06-26 01:00:00+00:00,1.87724,1.87758,1.87652,1.87702,6647.0
2025-06-26 02:00:00+00:00,1.87702,1.87888,1.87671,1.87856,6045.0
2025-06-26 03:00:00+00:00,1.87858,1.88032,1.87851,1.87979,7629.0
2025-06-26 04:00:00+00:00,1.87978,1.8799,1.87892,1.8793,4696.0
2025-06-26 05:00:00+00:00,1.87928,1.8807,1.87914,1.88033,3202.0
2025-06-26 06:00:00+00:00,1.88038,1.88062,1.87875,1.8801,9197.0
2025-06-26 07:00:00+00:00,1.88011,1.88239,1.88011,1.8821,12134.0
2025-06-26 08:00:00+00:00,1.88208,1.88321,1.88144,1.88149,11444.0
2025-06-26 09:00:00+00:00,1.88148,1.88203,1.88044,1.88106,9907.0
2025-06-26 10:00:00+00:00,1.88108,1.8815,1.87801,1.87803,7331.0
2025-06-26 11:00:00+00:00,1.87803,1.87833,1.87505,1.87578,9077.0
2025-06-26 12:00:00+00:00,1.8757,1.8775,1.8741,1.87524,13077.0
2025-06-26 13:00:00+00:00,1.87525,1.87578,1.8728,1.87406,15489.0
2025-06-26 14:00:00+00:00,1.8741,1.87528,1.87191,1.87244,16571.0
2025-06-26 15:00:00+00:00,1.87244,1.87479,1.87124,1.87428,11332.0
2025-06-26 16:00:00+00:00,1.87426,1.87523,1.87274,1.8742,9130.0
2025-06-26 17:00:00+00:00,1.87418,1.87462,1.87334,1.8742,8352.0
2025-06-26 18:00:00+00:00,1.87421,1.87452,1.87321,1.87321,6694.0
2025-06-26 19:00:00+00:00,1.8732,1.87335,1.87199,1.87219,6750.0
2025-06-26 20:00:00+00:00,1.87218,1.87262,1.87176,1.87229,3868.0
2025-06-26 21:00:00+00:00,1.8737,1.87452,1.87256,1.87333,487.0
2025-06-26 22:00:00+00:00,1.87382,1.87396,1.87154,1.87154,1343.0
2025-06-26 23:00:00+00:00,1.87154,1.87278,1.87154,1.8723,2936.0
2025-06-27 00:00:00+00:00,1.87232,1.87406,1.87217,1.87283,1081.0
2025-06-27 01:00:00+00:00,1.87278,1.87382,1.87241,1.87338,1308.0
2025-06-27 02:00:00+00:00,1.8734,1.8742,1.87318,1.87396,491.0
2025-06-27 03:00:00+00:00,1.87394,1.87462,1.8734,1.87344,335.0
2025-06-27 04:00:00+00:00,1.87349,1.87382,1.8728,1.87299,349.0
2025-06-27 05:00:00+00:00,1.873,1.87334,1.87239,1.8727,1110.0
2025-06-27 06:00:00+00:00,1.87271,1.87379,1.87216,1.87366,5072.0
2025-06-27 07:00:00+00:00,1.8737,1.87466,1.87265,1.87396,4790.0
2025-06-27 08:00:00+00:00,1.87396,1.87513,1.87328,1.87468,3318.0
2025-06-27 09:00:00+00:00,1.87472,1.8757,1.87414,1.87564,2144.0
2025-06-27 10:00:00+00:00,1.8757,1.87658,1.87438,1.87474,3296.0
2025-06-27 11:00:00+00:00,1.87474,1.87568,1.874,1.87457,3968.0
2025-06-27 12:00:00+00:00,1.87454,1.8766,1.87288,1.87441,11417.0
2025-06-27 13:00:00+00:00,1.87441,1.87522,1.87141,1.87226,12185.0
2025-06-27 14:00:00+00:00,1.87207,1.87399,1.87114,1.87316,10547.0
2025-06-27 15:00:00+00:00,1.87316,1.87523,1.87221,1.87454,10720.0
2025-06-27 16:00:00+00:00,1.8746,1.87544,1.87326,1.87406,6186.0
2025-06-27 17:00:00+00:00,1.87405,1.88306,1.87334,1.88038,10073.0
2025-06-27 18:00:00+00:00,1.88029,1.88231,1.87808,1.87824,8474.0
2025-06-27 19:00:00+00:00,1.8783,1.87982,1.87739,1.87764,3143.0
2025-06-27 20:00:00+00:00,1.87771,1.87925,1.87634,1.87682,2214.0
2025-06-29 21:00:00+00:00,1.87662,1.87904,1.87593,1.87902,471.0
2025-06-29 22:00:00+00:00,1.87892,1.8791,1.87753,1.87806,3643.0
2025-06-29 23:00:00+00:00,1.87807,1.87843,1.87698,1.87704,2718.0
2025-06-30 00:00:00+00:00,1.87704,1.87842,1.87698,1.87805,1451.0
2025-06-30 01:00:00+00:00,1.87806,1.87914,1.87746,1.87882,2085.0
2025-06-30 02:00:00+00:00,1.87884,1.879,1.87462,1.87555,5229.0
2025-06-30 03:00:00+00:00,1.87549,1.87602,1.87503,1.87592,2403.0
2025-06-30 04:00:00+00:00,1.87591,1.8773,1.87578,1.87715,1329.0
2025-06-30 05:00:00+00:00,1.87714,1.87726,1.87506,1.87508,2157.0
2025-06-30 06:00:00+00:00,1.8751,1.87616,1.87476,1.87556,7438.0
2025-06-30 07:00:00+00:00,1.87556,1.87558,1.87288,1.87368,7277.0
2025-06-30 08:00:00+00:00,1.87368,1.87402,1.87288,1.87352,5110.0
2025-06-30 09:00:00+00:00,1.87346,1.87372,1.87244,1.87334,4720.0
2025-06-30 10:00:00+00:00,1.87336,1.87342,1.87238,1.87323,3982.0
2025-06-30 11:00:00+00:00,1.87329,1.87454,1.87232,1.8733,4951.0
2025-06-30 12:00:00+00:00,1.87334,1.87389,1.8701,1.87136,6184.0
2025-06-30 13:00:00+00:00,1.87136,1.87192,1.86962,1.87086,7613.0
2025-06-30 14:00:00+00:00,1.87084,1.87138,1.86782,1.86996,14174.0
2025-06-30 15:00:00+00:00,1.86995,1.87021,1.86708,1.86866,12323.0
2025-06-30 16:00:00+00:00,1.86866,1.87001,1.86766,1.86878,7757.0
2025-06-30 17:00:00+00:00,1.86877,1.87028,1.86852,1.87008,5254.0
2025-06-30 18:00:00+00:00,1.87007,1.87051,1.86859,1.86909,5166.0
2025-06-30 19:00:00+00:00,1.86911,1.87024,1.86873,1.86964,4705.0
2025-06-30 20:00:00+00:00,1.86966,1.87078,1.8675,1.86894,4101.0
2025-06-30 21:00:00+00:00,1.86824,1.869,1.86728,1.86866,1487.0
2025-06-30 22:00:00+00:00,1.86864,1.86907,1.86797,1.86854,1336.0
2025-06-30 23:00:00+00:00,1.86854,1.8687,1.86788,1.86828,1350.0
2025-07-01 00:00:00+00:00,1.86826,1.86929,1.86826,1.86918,1525.0
2025-07-01 01:00:00+00:00,1.86916,1.87062,1.86888,1.86904,1903.0
2025-07-01 02:00:00+00:00,1.869,1.86978,1.86873,1.86974,2655.0
2025-07-01 03:00:00+00:00,1.86974,1.87066,1.86971,1.86977,907.0
2025-07-01 04:00:00+00:00,1.86978,1.87021,1.8693,1.86968,961.0
2025-07-01 05:00:00+00:00,1.86962,1.8705,1.86934,1.87048,1086.0
2025-07-01 06:00:00+00:00,1.87044,1.87076,1.86912,1.86918,2202.0
2025-07-01 07:00:00+00:00,1.86917,1.8724,1.86894,1.87218,7509.0
2025-07-01 08:00:00+00:00,1.87212,1.87368,1.87094,1.87297,5818.0
2025-07-01 09:00:00+00:00,1.87294,1.87375,1.87107,1.87304,7361.0
2025-07-01 10:00:00+00:00,1.873,1.87466,1.87282,1.87393,4183.0
2025-07-01 11:00:00+00:00,1.87388,1.87458,1.87146,1.87152,3922.0
2025-07-01 12:00:00+00:00,1.87155,1.87334,1.87132,1.87246,7476.0
2025-07-01 13:00:00+00:00,1.87246,1.87294,1.87116,1.8726,7950.0
2025-07-01 14:00:00+00:00,1.87262,1.87371,1.87087,1.87326,10789.0
2025-07-01 15:00:00+00:00,1.87324,1.87468,1.87232,1.87458,7317.0
2025-07-01 16:00:00+00:00,1.87458,1.87501,1.87324,1.87478,5758.0
2025-07-01 17:00:00+00:00,1.87476,1.8757,1.87451,1.87495,5565.0
2025-07-01 18:00:00+00:00,1.87494,1.87562,1.87447,1.87538,4755.0
2025-07-01 19:00:00+00:00,1.87537,1.876,1.87467,1.8749,4146.0
2025-07-01 20:00:00+00:00,1.87489,1.87606,1.87449,1.87584,2783.0
2025-07-01 21:00:00+00:00,1.87565,1.87601,1.87548,1.87564,450.0
2025-07-01 22:00:00+00:00,1.87566,1.87586,1.8749,1.8751,2066.0
2025-07-01 23:00:00+00:00,1.87512,1.8755,1.87491,1.8753,2924.0
2025-07-02 00:00:00+00:00,1.87527,1.87528,1.8746,1.87502,6207.0
2025-07-02 01:00:00+00:00,1.87502,1.87548,1.87464,1.8748,6016.0
2025-07-02 02:00:00+00:00,1.87479,1.87595,1.8745,1.87558,4934.0
2025-07-02 03:00:00+00:00,1.87556,1.87634,1.87494,1.87559,3955.0
2025-07-02 04:00:00+00:00,1.8756,1.87587,1.87524,1.87552,2671.0
2025-07-02 05:00:00+00:00,1.87552,1.8757,1.87472,1.87504,4618.0
2025-07-02 06:00:00+00:00,1.8751,1.87537,1.87348,1.87402,7287.0
2025-07-02 07:00:00+00:00,1.87401,1.87401,1.87052,1.87056,9356.0
2025-07-02 08:00:00+00:00,1.87054,1.87112,1.8692,1.86952,7522.0
2025-07-02 09:00:00+00:00,1.86951,1.87002,1.8684,1.86856,7485.0
2025-07-02 10:00:00+00:00,1.8686,1.87052,1.8686,1.86964,6000.0
2025-07-02 11:00:00+00:00,1.86964,1.87035,1.86318,1.86418,9350.0
2025-07-02 12:00:00+00:00,1.8642,1.86456,1.85548,1.85722,22846.0
2025-07-02 13:00:00+00:00,1.85722,1.85792,1.85265,1.85412,16822.0
2025-07-02 14:00:00+00:00,1.85411,1.85485,1.85067,1.85351,13093.0
2025-07-02 15:00:00+00:00,1.85354,1.85617,1.85279,1.85508,9697.0
2025-07-02 16:00:00+00:00,1.85508,1.85548,1.85396,1.85439,8666.0
2025-07-02 17:00:00+00:00,1.8544,1.85544,1.85344,1.85347,7910.0
2025-07-02 18:00:00+00:00,1.85346,1.85388,1.85308,1.8536,6682.0
2025-07-02 19:00:00+00:00,1.8536,1.85382,1.85226,1.85258,4454.0
2025-07-02 20:00:00+00:00,1.85251,1.85312,1.85084,1.85304,2395.0
2025-07-02 21:00:00+00:00,1.85342,1.85722,1.85284,1.85576,785.0
2025-07-02 22:00:00+00:00,1.85564,1.85564,1.85456,1.85518,986.0
2025-07-02 23:00:00+00:00,1.85519,1.85519,1.85434,1.85473,1163.0
2025-07-03 00:00:00+00:00,1.85472,1.8549,1.85352,1.85358,1718.0
2025-07-03 01:00:00+00:00,1.85362,1.85456,1.85322,1.85392,2266.0
2025-07-03 02:00:00+00:00,1.85388,1.85403,1.8524,1.85298,2946.0
2025-07-03 03:00:00+00:00,1.85293,1.85333,1.85234,1.85266,1889.0
2025-07-03 04:00:00+00:00,1.8526,1.85332,1.85218,1.85323,625.0
2025-07-03 05:00:00+00:00,1.85322,1.85528,1.8531,1.855,1518.0
2025-07-03 06:00:00+00:00,1.85494,1.85579,1.85448,1.85572,4118.0
2025-07-03 07:00:00+00:00,1.85571,1.8585,1.85563,1.85613,5891.0
2025-07-03 08:00:00+00:00,1.85611,1.8585,1.85598,1.85674,3878.0
2025-07-03 09:00:00+00:00,1.85668,1.8572,1.85551,1.85595,3878.0
2025-07-03 10:00:00+00:00,1.85596,1.85713,1.85486,1.85612,3552.0
2025-07-03 11:00:00+00:00,1.85612,1.8568,1.85434,1.85604,4067.0
2025-07-03 12:00:00+00:00,1.85608,1.85626,1.8496,1.85397,15989.0
2025-07-03 13:00:00+00:00,1.854,1.85516,1.85266,1.85473,14202.0
2025-07-03 14:00:00+00:00,1.85462,1.85602,1.85092,1.85356,11989.0
2025-07-03 15:00:00+00:00,1.85356,1.8541,1.85096,1.85136,9226.0
2025-07-03 16:00:00+00:00,1.85136,1.85214,1.85012,1.85119,5158.0
2025-07-03 17:00:00+00:00,1.85117,1.85131,1.85032,1.85126,2403.0
2025-07-03 18:00:00+00:00,1.85128,1.8515,1.84999,1.85044,2109.0
2025-07-03 19:00:00+00:00,1.85043,1.85414,1.8504,1.85342,2682.0
2025-07-03 20:00:00+00:00,1.8534,1.85498,1.85314,1.85479,2312.0
2025-07-03 21:00:00+00:00,1.8548,1.85508,1.85379,1.8549,7583.0
2025-07-03 22:00:00+00:00,1.85479,1.85502,1.85444,1.85458,641.0
2025-07-03 23:00:00+00:00,1.85459,1.85532,1.8544,1.85508,1517.0
2025-07-04 00:00:00+00:00,1.85509,1.85537,1.85401,1.85445,4167.0
2025-07-04 01:00:00+00:00,1.85446,1.85526,1.85291,1.8532,2551.0
2025-07-04 02:00:00+00:00,1.8532,1.85414,1.85287,1.85398,2304.0
2025-07-04 03:00:00+00:00,1.85398,1.85484,1.8539,1.85448,1240.0
2025-07-04 04:00:00+00:00,1.85446,1.85622,1.8542,1.85612,902.0
2025-07-04 05:00:00+00:00,1.8561,1.85687,1.85569,1.8559,1375.0
2025-07-04 06:00:00+00:00,1.85597,1.85646,1.85494,1.8555,3736.0
2025-07-04 07:00:00+00:00,1.85548,1.85712,1.85484,1.85656,6568.0
2025-07-04 08:00:00+00:00,1.85651,1.85762,1.8562,1.85706,3586.0
2025-07-04 09:00:00+00:00,1.85706,1.85715,1.85495,1.8561,3281.0
2025-07-04 10:00:00+00:00,1.85606,1.85666,1.85512,1.85524,2872.0
2025-07-04 11:00:00+00:00,1.85526,1.85636,1.85378,1.85471,2603.0
2025-07-04 12:00:00+00:00,1.85471,1.85508,1.85382,1.85492,3033.0
2025-07-04 13:00:00+00:00,1.85492,1.85708,1.85464,1.85668,4148.0
2025-07-04 14:00:00+00:00,1.8567,1.85716,1.85598,1.85672,3903.0
2025-07-04 15:00:00+00:00,1.85668,1.85734,1.85596,1.85623,2264.0
2025-07-04 16:00:00+00:00,1.85624,1.85716,1.85592,1.85702,1998.0
2025-07-04 17:00:00+00:00,1.85704,1.8589,1.85702,1.85799,3404.0
2025-07-04 18:00:00+00:00,1.85798,1.85816,1.85675,1.85726,2408.0
2025-07-04 19:00:00+00:00,1.85727,1.85757,1.85686,1.85747,6288.0
2025-07-04 20:00:00+00:00,1.85738,1.85812,1.8561,1.85664,18025.0
2025-07-06 21:00:00+00:00,1.85658,1.85818,1.85658,1.85692,976.0
2025-07-06 22:00:00+00:00,1.85694,1.85788,1.85648,1.85742,1268.0
2025-07-06 23:00:00+00:00,1.85744,1.85752,1.85667,1.85695,2275.0
2025-07-07 00:00:00+00:00,1.85697,1.85734,1.85657,1.85712,2220.0
2025-07-07 01:00:00+00:00,1.85711,1.8575,1.85588,1.8561,2686.0
2025-07-07 02:00:00+00:00,1.85616,1.85692,1.8559,1.85634,2879.0
2025-07-07 03:00:00+00:00,1.85636,1.85722,1.85628,1.85688,2334.0
2025-07-07 04:00:00+00:00,1.85688,1.85716,1.85646,1.85656,908.0
2025-07-07 05:00:00+00:00,1.85652,1.85756,1.8564,1.85748,2786.0
2025-07-07 06:00:00+00:00,1.8574,1.85758,1.8562,1.85744,4727.0
2025-07-07 07:00:00+00:00,1.85744,1.85976,1.85744,1.85918,6545.0
2025-07-07 08:00:00+00:00,1.8592,1.8594,1.85757,1.85813,5680.0
2025-07-07 09:00:00+00:00,1.85814,1.86134,1.85728,1.86096,4859.0
2025-07-07 10:00:00+00:00,1.86096,1.86097,1.85795,1.85865,4291.0
2025-07-07 11:00:00+00:00,1.85864,1.86061,1.85814,1.85917,3216.0
2025-07-07 12:00:00+00:00,1.85923,1.86022,1.85839,1.85841,4482.0
2025-07-07 13:00:00+00:00,1.85838,1.85967,1.85692,1.85884,5828.0
2025-07-07 14:00:00+00:00,1.8588,1.8609,1.85844,1.8603,6472.0
2025-07-07 15:00:00+00:00,1.8603,1.86202,1.86026,1.86074,6904.0
2025-07-07 16:00:00+00:00,1.86078,1.86139,1.85852,1.85858,9181.0
2025-07-07 17:00:00+00:00,1.85866,1.8602,1.85842,1.86019,7535.0
2025-07-07 18:00:00+00:00,1.86018,1.86092,1.85936,1.85957,5806.0
2025-07-07 19:00:00+00:00,1.85948,1.861,1.85922,1.85986,3561.0
2025-07-07 20:00:00+00:00,1.85983,1.86088,1.85904,1.86087,2116.0
2025-07-07 21:00:00+00:00,1.86096,1.86173,1.86027,1.86116,878.0
2025-07-07 22:00:00+00:00,1.86136,1.86166,1.86078,1.86162,1088.0
2025-07-07 23:00:00+00:00,1.86158,1.86206,1.86116,1.86165,1929.0
2025-07-08 00:00:00+00:00,1.8617,1.8632,1.86066,1.86104,2503.0
2025-07-08 01:00:00+00:00,1.86102,1.86216,1.8606,1.86128,3973.0
2025-07-08 02:00:00+00:00,1.86128,1.86188,1.86096,1.86107,2341.0
2025-07-08 03:00:00+00:00,1.86106,1.8614,1.86078,1.86093,1714.0
2025-07-08 04:00:00+00:00,1.86083,1.86136,1.86058,1.86105,2303.0
2025-07-08 05:00:00+00:00,1.86104,1.86164,1.86068,1.86095,3117.0
2025-07-08 06:00:00+00:00,1.86094,1.86162,1.86017,1.86078,4110.0
2025-07-08 07:00:00+00:00,1.86078,1.86245,1.86031,1.86044,5524.0
2025-07-08 08:00:00+00:00,1.86046,1.8606,1.85708,1.85746,6052.0
2025-07-08 09:00:00+00:00,1.85744,1.85785,1.85553,1.85575,3976.0
2025-07-08 10:00:00+00:00,1.85576,1.8558,1.8537,1.854,3843.0
2025-07-08 11:00:00+00:00,1.85398,1.85425,1.8528,1.8537,3871.0
2025-07-08 12:00:00+00:00,1.85367,1.85463,1.85287,1.85429,5855.0
2025-07-08 13:00:00+00:00,1.8543,1.85449,1.85177,1.85292,9224.0
2025-07-08 14:00:00+00:00,1.85291,1.8557,1.85089,1.85354,10956.0
2025-07-08 15:00:00+00:00,1.85355,1.85678,1.85314,1.85572,8087.0
2025-07-08 16:00:00+00:00,1.85572,1.85792,1.85538,1.85761,7558.0
2025-07-08 17:00:00+00:00,1.85761,1.86034,1.85742,1.85997,5760.0
2025-07-08 18:00:00+00:00,1.8599,1.86,1.85886,1.85922,4863.0
2025-07-08 19:00:00+00:00,1.85924,1.85966,1.85873,1.85944,4181.0
2025-07-08 20:00:00+00:00,1.85943,1.85948,1.85659,1.85704,2167.0
2025-07-08 21:00:00+00:00,1.85678,1.85785,1.85612,1.85694,1177.0
2025-07-08 22:00:00+00:00,1.85664,1.8576,1.8565,1.85752,688.0
2025-07-08 23:00:00+00:00,1.85752,1.85753,1.8566,1.85684,1520.0
2025-07-09 00:00:00+00:00,1.85687,1.85776,1.85656,1.85774,1576.0
2025-07-09 01:00:00+00:00,1.85769,1.85798,1.8567,1.85768,2153.0
2025-07-09 02:00:00+00:00,1.85771,1.85816,1.85623,1.85706,3910.0
2025-07-09 03:00:00+00:00,1.85708,1.85743,1.85656,1.8572,2432.0
2025-07-09 04:00:00+00:00,1.8572,1.8585,1.85711,1.85836,1863.0
2025-07-09 05:00:00+00:00,1.85834,1.85872,1.85782,1.85786,2314.0
2025-07-09 06:00:00+00:00,1.85786,1.85962,1.85766,1.85917,5025.0
2025-07-09 07:00:00+00:00,1.85907,1.8604,1.85844,1.85971,5249.0
2025-07-09 08:00:00+00:00,1.8597,1.86138,1.85956,1.86126,5592.0
2025-07-09 09:00:00+00:00,1.86128,1.86211,1.86026,1.86065,3143.0
2025-07-09 10:00:00+00:00,1.86064,1.86123,1.85924,1.86026,3169.0
2025-07-09 11:00:00+00:00,1.86026,1.86129,1.8596,1.86117,2001.0
2025-07-09 12:00:00+00:00,1.8612,1.86379,1.86046,1.86278,5672.0
2025-07-09 13:00:00+00:00,1.86278,1.86366,1.85857,1.85903,6617.0
2025-07-09 14:00:00+00:00,1.85904,1.86298,1.85904,1.86099,7277.0
2025-07-09 15:00:00+00:00,1.861,1.86206,1.86007,1.86016,5443.0
2025-07-09 16:00:00+00:00,1.86014,1.86094,1.85972,1.86034,3709.0
2025-07-09 17:00:00+00:00,1.86032,1.86103,1.85988,1.86068,3246.0
2025-07-09 18:00:00+00:00,1.86066,1.86142,1.86014,1.8607,1964.0
2025-07-09 19:00:00+00:00,1.86076,1.86157,1.86048,1.86068,1815.0
2025-07-09 20:00:00+00:00,1.8607,1.86098,1.8593,1.85931,1566.0
2025-07-09 21:00:00+00:00,1.85939,1.86036,1.85887,1.85938,748.0
2025-07-09 22:00:00+00:00,1.85944,1.86,1.8594,1.85952,1028.0
2025-07-09 23:00:00+00:00,1.85956,1.8609,1.85956,1.86084,2254.0
2025-07-10 00:00:00+00:00,1.86081,1.86154,1.86066,1.86126,6432.0
2025-07-10 01:00:00+00:00,1.86126,1.86169,1.86071,1.86132,5404.0
2025-07-10 02:00:00+00:00,1.8613,1.86166,1.86098,1.86122,4945.0
2025-07-10 03:00:00+00:00,1.86128,1.86145,1.86083,1.86105,4008.0
2025-07-10 04:00:00+00:00,1.86104,1.86142,1.86094,1.86124,3579.0
2025-07-10 05:00:00+00:00,1.86124,1.86236,1.86119,1.86228,5554.0
2025-07-10 06:00:00+00:00,1.86236,1.86236,1.86,1.86006,7347.0
2025-07-10 07:00:00+00:00,1.86004,1.86134,1.85887,1.86079,5988.0
2025-07-10 08:00:00+00:00,1.86078,1.8612,1.85952,1.86068,4691.0
2025-07-10 09:00:00+00:00,1.86068,1.86174,1.86048,1.86132,4281.0
2025-07-10 10:00:00+00:00,1.86134,1.86176,1.859,1.8592,4175.0
2025-07-10 11:00:00+00:00,1.85917,1.85926,1.85694,1.8586,3988.0
2025-07-10 12:00:00+00:00,1.85859,1.85938,1.85589,1.85639,4261.0
2025-07-10 13:00:00+00:00,1.85636,1.85746,1.85556,1.85613,4433.0
2025-07-10 14:00:00+00:00,1.85608,1.85624,1.85405,1.85556,9151.0
2025-07-10 15:00:00+00:00,1.85558,1.85678,1.85508,1.85623,6026.0
2025-07-10 16:00:00+00:00,1.85622,1.85649,1.85495,1.85578,4487.0
2025-07-10 17:00:00+00:00,1.85576,1.8567,1.85476,1.85594,2060.0
2025-07-10 18:00:00+00:00,1.85597,1.85619,1.85508,1.85568,2471.0
2025-07-10 19:00:00+00:00,1.85569,1.85618,1.85479,1.85481,3524.0
2025-07-10 20:00:00+00:00,1.8548,1.85508,1.85404,1.85418,2889.0
2025-07-10 21:00:00+00:00,1.85485,1.85583,1.85424,1.85462,697.0
2025-07-10 22:00:00+00:00,1.85431,1.85494,1.85408,1.85473,413.0
2025-07-10 23:00:00+00:00,1.85478,1.85513,1.8541,1.85439,569.0
2025-07-11 00:00:00+00:00,1.85442,1.86038,1.85397,1.85584,11268.0
2025-07-11 01:00:00+00:00,1.85579,1.85714,1.85538,1.8565,4729.0
2025-07-11 02:00:00+00:00,1.8565,1.85756,1.85638,1.85718,2455.0
2025-07-11 03:00:00+00:00,1.85718,1.85764,1.85678,1.85714,1456.0
2025-07-11 04:00:00+00:00,1.85712,1.85742,1.85608,1.85663,2080.0
2025-07-11 05:00:00+00:00,1.85664,1.85774,1.85653,1.85748,1567.0
2025-07-11 06:00:00+00:00,1.85742,1.85742,1.85363,1.85404,4941.0
2025-07-11 07:00:00+00:00,1.85404,1.85556,1.85386,1.85404,4776.0
2025-07-11 08:00:00+00:00,1.8541,1.85534,1.85358,1.85442,4400.0
2025-07-11 09:00:00+00:00,1.85442,1.85618,1.85436,1.85537,3675.0
2025-07-11 10:00:00+00:00,1.85538,1.85611,1.85231,1.85231,4268.0
2025-07-11 11:00:00+00:00,1.8523,1.85317,1.84865,1.84932,3487.0
2025-07-11 12:00:00+00:00,1.84936,1.85018,1.84394,1.84712,7291.0
2025-07-11 13:00:00+00:00,1.84714,1.84982,1.84677,1.84858,6644.0
2025-07-11 14:00:00+00:00,1.84858,1.8498,1.84698,1.84968,5265.0
2025-07-11 15:00:00+00:00,1.84968,1.85012,1.84694,1.84696,5384.0
2025-07-11 16:00:00+00:00,1.84696,1.84888,1.84676,1.84775,3858.0
2025-07-11 17:00:00+00:00,1.84775,1.84906,1.84775,1.84803,2013.0
2025-07-11 18:00:00+00:00,1.84804,1.84844,1.84725,1.84736,2750.0
2025-07-11 19:00:00+00:00,1.84736,1.84736,1.84616,1.84696,2992.0
2025-07-11 20:00:00+00:00,1.84696,1.84762,1.84579,1.8469,2866.0
2025-07-13 21:00:00+00:00,1.84842,1.8487,1.84678,1.84854,1137.0
2025-07-13 22:00:00+00:00,1.84856,1.8486,1.8464,1.8469,1973.0
2025-07-13 23:00:00+00:00,1.84693,1.8471,1.84638,1.8471,1644.0
2025-07-14 00:00:00+00:00,1.84712,1.8475,1.84652,1.84708,2099.0
2025-07-14 01:00:00+00:00,1.84706,1.84776,1.8467,1.8468,2918.0
2025-07-14 02:00:00+00:00,1.84681,1.84766,1.84562,1.84576,1633.0
2025-07-14 03:00:00+00:00,1.84573,1.84646,1.8456,1.84604,1468.0
2025-07-14 04:00:00+00:00,1.846,1.84614,1.84565,1.84596,1934.0
2025-07-14 05:00:00+00:00,1.84597,1.8461,1.8444,1.84444,2485.0
2025-07-14 06:00:00+00:00,1.84444,1.84444,1.84214,1.84274,1988.0
2025-07-14 07:00:00+00:00,1.84274,1.84568,1.84251,1.84426,3414.0
2025-07-14 08:00:00+00:00,1.84434,1.8452,1.84379,1.84379,1955.0
2025-07-14 09:00:00+00:00,1.84376,1.84513,1.84336,1.84451,1529.0
2025-07-14 10:00:00+00:00,1.8445,1.84521,1.84388,1.8442,1848.0
2025-07-14 11:00:00+00:00,1.84417,1.84459,1.84278,1.84384,1680.0
2025-07-14 12:00:00+00:00,1.84382,1.84503,1.84371,1.84498,3088.0
2025-07-14 13:00:00+00:00,1.84504,1.84616,1.84441,1.84582,2473.0
2025-07-14 14:00:00+00:00,1.84582,1.84609,1.83956,1.83993,4508.0
2025-07-14 15:00:00+00:00,1.84002,1.84054,1.83852,1.8397,4265.0
2025-07-14 16:00:00+00:00,1.83975,1.84068,1.83879,1.83969,2089.0
2025-07-14 17:00:00+00:00,1.83961,1.84153,1.83961,1.84123,1427.0
2025-07-14 18:00:00+00:00,1.84124,1.84135,1.83956,1.83963,1132.0
2025-07-14 19:00:00+00:00,1.83962,1.84012,1.83881,1.8391,1715.0
2025-07-14 20:00:00+00:00,1.83906,1.84048,1.83894,1.84004,1366.0
2025-07-14 21:00:00+00:00,1.84044,1.84112,1.83911,1.8406,1975.0
2025-07-14 22:00:00+00:00,1.84046,1.84063,1.83978,1.83996,1628.0
2025-07-14 23:00:00+00:00,1.83995,1.84044,1.83972,1.8404,743.0
2025-07-15 00:00:00+00:00,1.8404,1.84104,1.84024,1.84064,2546.0
2025-07-15 01:00:00+00:00,1.84066,1.84066,1.83954,1.84012,3407.0
2025-07-15 02:00:00+00:00,1.8401,1.84042,1.83962,1.84009,2529.0
2025-07-15 03:00:00+00:00,1.84012,1.84034,1.8394,1.83948,1654.0
2025-07-15 04:00:00+00:00,1.83948,1.84004,1.83947,1.84,1403.0
2025-07-15 05:00:00+00:00,1.84,1.84055,1.83996,1.84015,1572.0
2025-07-15 06:00:00+00:00,1.8401,1.8411,1.83956,1.8406,2645.0
2025-07-15 07:00:00+00:00,1.84064,1.84178,1.83978,1.84142,4618.0
2025-07-15 08:00:00+00:00,1.84143,1.84143,1.83942,1.8401,2802.0
2025-07-15 09:00:00+00:00,1.84013,1.84247,1.84007,1.8419,2388.0
2025-07-15 10:00:00+00:00,1.8419,1.8423,1.84056,1.841,3657.0
2025-07-15 11:00:00+00:00,1.84101,1.84102,1.8399,1.84013,2709.0
2025-07-15 12:00:00+00:00,1.84012,1.84232,1.83766,1.83891,4725.0
2025-07-15 13:00:00+00:00,1.83887,1.83916,1.8355,1.8361,5599.0
2025-07-15 14:00:00+00:00,1.83609,1.83791,1.83538,1.83772,5970.0
2025-07-15 15:00:00+00:00,1.83781,1.83878,1.83626,1.837,5073.0
2025-07-15 16:00:00+00:00,1.8371,1.83791,1.83634,1.83726,3884.0
2025-07-15 17:00:00+00:00,1.83728,1.8376,1.83556,1.83596,3140.0
2025-07-15 18:00:00+00:00,1.83601,1.83716,1.83558,1.83644,2498.0
2025-07-15 19:00:00+00:00,1.83644,1.83688,1.83572,1.83678,1550.0
2025-07-15 20:00:00+00:00,1.83681,1.83705,1.83604,1.83665,1559.0
2025-07-15 21:00:00+00:00,1.83687,1.83687,1.83554,1.83621,1522.0
2025-07-15 22:00:00+00:00,1.83609,1.83666,1.83596,1.83625,509.0
2025-07-15 23:00:00+00:00,1.8362,1.83706,1.83618,1.83701,737.0
2025-07-16 00:00:00+00:00,1.837,1.83708,1.83632,1.83653,3394.0
2025-07-16 01:00:00+00:00,1.83652,1.83728,1.83628,1.83704,2943.0
2025-07-16 02:00:00+00:00,1.83704,1.8372,1.83623,1.83656,2118.0
2025-07-16 03:00:00+00:00,1.83662,1.83702,1.83624,1.83687,1772.0
2025-07-16 04:00:00+00:00,1.83688,1.8374,1.83666,1.83731,1675.0
2025-07-16 05:00:00+00:00,1.83732,1.83732,1.83639,1.83702,1871.0
2025-07-16 06:00:00+00:00,1.83707,1.83962,1.83674,1.8382,3792.0
2025-07-16 07:00:00+00:00,1.83819,1.83867,1.83649,1.8369,2931.0
2025-07-16 08:00:00+00:00,1.8369,1.8382,1.83679,1.83723,4389.0
2025-07-16 09:00:00+00:00,1.8372,1.83851,1.83694,1.83829,2270.0
2025-07-16 10:00:00+00:00,1.83826,1.83944,1.83744,1.8394,3019.0
2025-07-16 11:00:00+00:00,1.83938,1.8401,1.83876,1.83966,2581.0
2025-07-16 12:00:00+00:00,1.8396,1.83986,1.83666,1.83809,5380.0
2025-07-16 13:00:00+00:00,1.83808,1.83881,1.83702,1.83864,5389.0
2025-07-16 14:00:00+00:00,1.8387,1.84124,1.83818,1.84022,6055.0
2025-07-16 15:00:00+00:00,1.8402,1.84614,1.838,1.84008,19839.0
2025-07-16 16:00:00+00:00,1.84007,1.84077,1.83722,1.83731,11307.0
2025-07-16 17:00:00+00:00,1.83732,1.83988,1.83718,1.83826,2194.0
2025-07-16 18:00:00+00:00,1.83827,1.83853,1.83668,1.83722,1417.0
2025-07-16 19:00:00+00:00,1.83726,1.83758,1.83576,1.83606,1054.0
2025-07-16 20:00:00+00:00,1.8361,1.83671,1.83576,1.83605,1982.0
2025-07-16 21:00:00+00:00,1.83685,1.83787,1.83623,1.83665,2279.0
2025-07-16 22:00:00+00:00,1.83664,1.83666,1.83579,1.836,1323.0
2025-07-16 23:00:00+00:00,1.83604,1.8361,1.83538,1.83563,1869.0
2025-07-17 00:00:00+00:00,1.83564,1.83602,1.83536,1.83566,5720.0
2025-07-17 01:00:00+00:00,1.83566,1.83686,1.83559,1.83677,6788.0
2025-07-17 02:00:00+00:00,1.83676,1.83683,1.83623,1.83641,5360.0
2025-07-17 03:00:00+00:00,1.8364,1.83688,1.83604,1.83666,4426.0
2025-07-17 04:00:00+00:00,1.83662,1.83696,1.83644,1.83687,3252.0
2025-07-17 05:00:00+00:00,1.83688,1.83706,1.8362,1.83668,5355.0
2025-07-17 06:00:00+00:00,1.8367,1.83834,1.835,1.83655,10333.0
2025-07-17 07:00:00+00:00,1.83658,1.8404,1.83656,1.83914,6992.0
2025-07-17 08:00:00+00:00,1.83914,1.84284,1.83892,1.8428,5651.0
2025-07-17 09:00:00+00:00,1.84286,1.84322,1.84097,1.84188,3972.0
2025-07-17 10:00:00+00:00,1.84192,1.84461,1.84138,1.84448,4054.0
2025-07-17 11:00:00+00:00,1.84448,1.84495,1.84236,1.84296,4704.0
2025-07-17 12:00:00+00:00,1.84302,1.8451,1.84254,1.84361,6504.0
2025-07-17 13:00:00+00:00,1.8436,1.84423,1.84111,1.84225,6347.0
2025-07-17 14:00:00+00:00,1.84219,1.8444,1.8415,1.84428,4550.0
2025-07-17 15:00:00+00:00,1.8443,1.84491,1.84302,1.84404,5152.0
2025-07-17 16:00:00+00:00,1.84404,1.84511,1.84234,1.84266,3586.0
2025-07-17 17:00:00+00:00,1.84265,1.8438,1.84238,1.8432,3370.0
2025-07-17 18:00:00+00:00,1.84322,1.84426,1.84303,1.84355,3406.0
2025-07-17 19:00:00+00:00,1.84354,1.84474,1.84346,1.84416,2611.0
2025-07-17 20:00:00+00:00,1.84418,1.84541,1.8436,1.84518,1817.0
2025-07-17 21:00:00+00:00,1.84507,1.84548,1.84472,1.84513,723.0
2025-07-17 22:00:00+00:00,1.84508,1.84564,1.8448,1.84536,725.0
2025-07-17 23:00:00+00:00,1.84538,1.84554,1.8449,1.84492,693.0
2025-07-18 00:00:00+00:00,1.8449,1.8454,1.8445,1.84483,1579.0
2025-07-18 01:00:00+00:00,1.84478,1.84602,1.84444,1.84558,1314.0
2025-07-18 02:00:00+00:00,1.8455,1.84604,1.84501,1.84591,885.0
2025-07-18 03:00:00+00:00,1.84592,1.8461,1.84498,1.8452,1295.0
2025-07-18 04:00:00+00:00,1.8452,1.84532,1.84443,1.84445,1544.0
2025-07-18 05:00:00+00:00,1.84444,1.84448,1.84284,1.84296,2220.0
2025-07-18 06:00:00+00:00,1.84298,1.84532,1.84255,1.84522,2087.0
2025-07-18 07:00:00+00:00,1.84528,1.84599,1.84414,1.84426,2531.0
2025-07-18 08:00:00+00:00,1.84426,1.8453,1.84421,1.84436,1784.0
2025-07-18 09:00:00+00:00,1.84429,1.8452,1.84399,1.84487,2267.0
2025-07-18 10:00:00+00:00,1.84488,1.84568,1.84446,1.84537,1451.0
2025-07-18 11:00:00+00:00,1.84538,1.84662,1.84518,1.84652,1309.0
2025-07-18 12:00:00+00:00,1.84656,1.8472,1.84338,1.84413,1641.0
2025-07-18 13:00:00+00:00,1.84416,1.84586,1.84382,1.84527,3915.0
2025-07-18 14:00:00+00:00,1.84546,1.84615,1.84382,1.84385,5447.0
2025-07-18 15:00:00+00:00,1.8439,1.84516,1.84251,1.84256,4722.0
2025-07-18 16:00:00+00:00,1.84252,1.84298,1.84154,1.84178,3663.0
2025-07-18 17:00:00+00:00,1.84176,1.84276,1.84138,1.84183,4333.0
2025-07-18 18:00:00+00:00,1.84184,1.84204,1.84118,1.84158,3404.0
2025-07-18 19:00:00+00:00,1.84155,1.84168,1.84084,1.84102,2914.0
2025-07-18 20:00:00+00:00,1.84098,1.84188,1.84028,1.84036,2304.0
2025-07-20 21:00:00+00:00,1.84106,1.84256,1.83918,1.84038,1290.0
2025-07-20 22:00:00+00:00,1.84066,1.84147,1.83984,1.84088,2550.0
2025-07-20 23:00:00+00:00,1.84089,1.84162,1.84082,1.84098,930.0
2025-07-21 00:00:00+00:00,1.84097,1.84154,1.84021,1.84028,1576.0
2025-07-21 01:00:00+00:00,1.84022,1.8415,1.84016,1.8414,2205.0
2025-07-21 02:00:00+00:00,1.84136,1.84192,1.84117,1.84131,1856.0
2025-07-21 03:00:00+00:00,1.84128,1.84152,1.8409,1.841,1124.0
2025-07-21 04:00:00+00:00,1.84098,1.84161,1.84086,1.84146,1482.0
2025-07-21 05:00:00+00:00,1.84148,1.84162,1.84101,1.84132,857.0
2025-07-21 06:00:00+00:00,1.84131,1.84422,1.84108,1.8442,2820.0
2025-07-21 07:00:00+00:00,1.8442,1.84574,1.8441,1.84546,2773.0
2025-07-21 08:00:00+00:00,1.84548,1.84724,1.84482,1.84575,3009.0
2025-07-21 09:00:00+00:00,1.84574,1.84739,1.84551,1.84706,3146.0
2025-07-21 10:00:00+00:00,1.84707,1.84716,1.8452,1.84632,2782.0
2025-07-21 11:00:00+00:00,1.8463,1.8474,1.84554,1.84726,2749.0
2025-07-21 12:00:00+00:00,1.84726,1.84758,1.84582,1.84663,3146.0
2025-07-21 13:00:00+00:00,1.84662,1.84822,1.84596,1.84714,4092.0
2025-07-21 14:00:00+00:00,1.84718,1.84856,1.84684,1.84816,3742.0
2025-07-21 15:00:00+00:00,1.84816,1.84862,1.84692,1.84746,4128.0
2025-07-21 16:00:00+00:00,1.84741,1.84798,1.84659,1.84681,2346.0
2025-07-21 17:00:00+00:00,1.8468,1.84714,1.84602,1.84644,2304.0
2025-07-21 18:00:00+00:00,1.84638,1.84668,1.84524,1.84601,1562.0
2025-07-21 19:00:00+00:00,1.84596,1.84636,1.8451,1.84514,3276.0
2025-07-21 20:00:00+00:00,1.84514,1.84622,1.84464,1.84596,2009.0
2025-07-21 21:00:00+00:00,1.84563,1.84626,1.84557,1.84618,873.0
2025-07-21 22:00:00+00:00,1.8462,1.84634,1.84505,1.84512,467.0
2025-07-21 23:00:00+00:00,1.84512,1.8453,1.84462,1.84477,642.0
2025-07-22 00:00:00+00:00,1.84475,1.84559,1.84406,1.84545,2174.0
2025-07-22 01:00:00+00:00,1.84544,1.84552,1.84481,1.84536,2567.0
2025-07-22 02:00:00+00:00,1.84536,1.84564,1.84484,1.84512,2266.0
2025-07-22 03:00:00+00:00,1.84512,1.84536,1.84465,1.84494,1369.0
2025-07-22 04:00:00+00:00,1.84494,1.84513,1.84448,1.84469,809.0
2025-07-22 05:00:00+00:00,1.8447,1.84492,1.84406,1.84466,946.0
2025-07-22 06:00:00+00:00,1.8447,1.84495,1.84363,1.84476,1629.0
2025-07-22 07:00:00+00:00,1.8448,1.84482,1.84285,1.84368,2792.0
2025-07-22 08:00:00+00:00,1.84364,1.84584,1.84347,1.84561,2543.0
2025-07-22 09:00:00+00:00,1.84562,1.84631,1.84494,1.84586,2365.0
2025-07-22 10:00:00+00:00,1.84588,1.84605,1.84374,1.84386,1832.0
2025-07-22 11:00:00+00:00,1.8438,1.84444,1.8431,1.84405,2185.0
2025-07-22 12:00:00+00:00,1.84404,1.84422,1.84278,1.8441,1555.0
2025-07-22 13:00:00+00:00,1.84416,1.84494,1.842,1.84298,3454.0
2025-07-22 14:00:00+00:00,1.84298,1.84302,1.84003,1.84132,6426.0
2025-07-22 15:00:00+00:00,1.84133,1.8419,1.8397,1.84083,5614.0
2025-07-22 16:00:00+00:00,1.84084,1.84188,1.84062,1.84187,3562.0
2025-07-22 17:00:00+00:00,1.8419,1.84232,1.84066,1.84142,3532.0
2025-07-22 18:00:00+00:00,1.84142,1.84144,1.84,1.84092,2775.0
2025-07-22 19:00:00+00:00,1.84094,1.84174,1.84062,1.84075,2132.0
2025-07-22 20:00:00+00:00,1.84074,1.84134,1.84019,1.84128,1574.0
2025-07-22 21:00:00+00:00,1.84115,1.84157,1.84046,1.84097,667.0
2025-07-22 22:00:00+00:00,1.84095,1.84107,1.83996,1.83998,401.0
2025-07-22 23:00:00+00:00,1.83994,1.84036,1.83936,1.8395,2054.0
2025-07-23 00:00:00+00:00,1.8395,1.8396,1.83854,1.83888,5446.0
2025-07-23 01:00:00+00:00,1.83888,1.8391,1.83824,1.83884,4502.0
2025-07-23 02:00:00+00:00,1.83885,1.83957,1.8384,1.83893,4439.0
2025-07-23 03:00:00+00:00,1.83892,1.83998,1.83883,1.83976,3272.0
2025-07-23 04:00:00+00:00,1.83976,1.84004,1.83927,1.83967,2919.0
2025-07-23 05:00:00+00:00,1.83966,1.8405,1.83953,1.84036,3203.0
2025-07-23 06:00:00+00:00,1.84038,1.84074,1.83864,1.84046,5989.0
2025-07-23 07:00:00+00:00,1.84045,1.84177,1.83997,1.84045,8014.0
2025-07-23 08:00:00+00:00,1.84047,1.84062,1.83894,1.8394,6666.0
2025-07-23 09:00:00+00:00,1.83941,1.84006,1.83887,1.83972,5417.0
2025-07-23 10:00:00+00:00,1.83973,1.8398,1.83872,1.83876,5869.0
2025-07-23 11:00:00+00:00,1.83879,1.83918,1.83804,1.83842,6067.0
2025-07-23 12:00:00+00:00,1.83842,1.84257,1.83825,1.84252,6589.0
2025-07-23 13:00:00+00:00,1.8425,1.8442,1.84014,1.84416,9522.0
2025-07-23 14:00:00+00:00,1.84414,1.84693,1.84403,1.84624,9692.0
2025-07-23 15:00:00+00:00,1.84625,1.84798,1.84566,1.8462,7942.0
2025-07-23 16:00:00+00:00,1.84619,1.84723,1.84586,1.84662,7985.0
2025-07-23 17:00:00+00:00,1.8466,1.84796,1.84632,1.84704,6293.0
2025-07-23 18:00:00+00:00,1.84705,1.84742,1.84656,1.84656,4990.0
2025-07-23 19:00:00+00:00,1.8466,1.84722,1.84627,1.84644,4339.0
2025-07-23 20:00:00+00:00,1.84644,1.84732,1.84636,1.8465,3430.0
2025-07-23 21:00:00+00:00,1.84608,1.84778,1.84596,1.8472,497.0
2025-07-23 22:00:00+00:00,1.84726,1.8481,1.84685,1.848,1587.0
2025-07-23 23:00:00+00:00,1.84797,1.8481,1.84668,1.84679,1751.0
2025-07-24 00:00:00+00:00,1.84678,1.8472,1.84642,1.84663,4536.0
2025-07-24 01:00:00+00:00,1.84664,1.84777,1.84658,1.84738,6096.0
2025-07-24 02:00:00+00:00,1.84738,1.8477,1.84692,1.84734,3226.0
2025-07-24 03:00:00+00:00,1.84732,1.8476,1.8468,1.84698,3349.0
2025-07-24 04:00:00+00:00,1.84695,1.84744,1.84678,1.84699,2740.0
2025-07-24 05:00:00+00:00,1.847,1.84707,1.84636,1.84658,3319.0
2025-07-24 06:00:00+00:00,1.8466,1.8466,1.84515,1.84608,5876.0
2025-07-24 07:00:00+00:00,1.84604,1.8464,1.84472,1.84493,7652.0
2025-07-24 08:00:00+00:00,1.84494,1.8455,1.84238,1.84248,7838.0
2025-07-24 09:00:00+00:00,1.84248,1.84378,1.84242,1.84373,5984.0
2025-07-24 10:00:00+00:00,1.84374,1.84413,1.84318,1.8434,4983.0
2025-07-24 11:00:00+00:00,1.84339,1.84418,1.84254,1.84412,5521.0
2025-07-24 12:00:00+00:00,1.8442,1.84525,1.84266,1.84302,9043.0
2025-07-24 13:00:00+00:00,1.84302,1.8466,1.84277,1.84592,13374.0
2025-07-24 14:00:00+00:00,1.84591,1.84654,1.84376,1.84384,11980.0
2025-07-24 15:00:00+00:00,1.84384,1.84578,1.84306,1.84506,9931.0
2025-07-24 16:00:00+00:00,1.84506,1.84529,1.84172,1.84227,7035.0
2025-07-24 17:00:00+00:00,1.8423,1.84374,1.84218,1.84293,4559.0
2025-07-24 18:00:00+00:00,1.84294,1.84377,1.84293,1.84339,3890.0
2025-07-24 19:00:00+00:00,1.8434,1.84359,1.84233,1.8427,3837.0
2025-07-24 20:00:00+00:00,1.84272,1.84403,1.84204,1.8421,4650.0
2025-07-24 21:00:00+00:00,1.8433,1.84455,1.84293,1.84361,2979.0
2025-07-24 22:00:00+00:00,1.84359,1.8437,1.84254,1.84274,720.0
2025-07-24 23:00:00+00:00,1.84276,1.84304,1.8425,1.84254,1195.0
2025-07-25 00:00:00+00:00,1.84256,1.84296,1.84246,1.84256,4538.0
2025-07-25 01:00:00+00:00,1.84257,1.84302,1.84234,1.84244,4270.0
2025-07-25 02:00:00+00:00,1.84244,1.84306,1.84196,1.84244,3610.0
2025-07-25 03:00:00+00:00,1.84244,1.84244,1.8417,1.8422,3567.0
2025-07-25 04:00:00+00:00,1.8422,1.8432,1.8419,1.84276,3768.0
2025-07-25 05:00:00+00:00,1.84275,1.8435,1.84248,1.8434,3289.0
2025-07-25 06:00:00+00:00,1.84334,1.84346,1.84106,1.84264,6412.0
2025-07-25 07:00:00+00:00,1.84266,1.8433,1.84124,1.84156,7711.0
2025-07-25 08:00:00+00:00,1.84154,1.84228,1.84066,1.84119,7851.0
2025-07-25 09:00:00+00:00,1.8412,1.8414,1.83972,1.84132,5450.0
2025-07-25 10:00:00+00:00,1.84132,1.84156,1.83994,1.84014,5358.0
2025-07-25 11:00:00+00:00,1.84012,1.84032,1.83802,1.83894,5990.0
2025-07-25 12:00:00+00:00,1.83894,1.8401,1.83686,1.83835,6127.0
2025-07-25 13:00:00+00:00,1.83838,1.84213,1.83734,1.84136,10202.0
2025-07-25 14:00:00+00:00,1.84132,1.84178,1.83976,1.8404,10224.0
2025-07-25 15:00:00+00:00,1.8404,1.84182,1.8393,1.84141,7606.0
2025-07-25 16:00:00+00:00,1.84141,1.84214,1.84066,1.84078,6488.0
2025-07-25 17:00:00+00:00,1.84078,1.8414,1.84038,1.84116,4015.0
2025-07-25 18:00:00+00:00,1.84116,1.8421,1.84002,1.84192,3806.0
2025-07-25 19:00:00+00:00,1.84192,1.84204,1.84122,1.84153,3381.0
2025-07-25 20:00:00+00:00,1.84156,1.84182,1.84003,1.84108,2242.0
2025-07-27 21:00:00+00:00,1.84113,1.84242,1.84048,1.84214,1326.0
2025-07-27 22:00:00+00:00,1.84213,1.84221,1.83995,1.8402,1545.0
2025-07-27 23:00:00+00:00,1.84018,1.8415,1.83986,1.8413,1342.0
2025-07-28 00:00:00+00:00,1.8413,1.84175,1.8404,1.84082,4440.0
2025-07-28 01:00:00+00:00,1.8408,1.84196,1.84039,1.84085,4964.0
2025-07-28 02:00:00+00:00,1.84083,1.84108,1.84014,1.84058,3787.0
2025-07-28 03:00:00+00:00,1.84059,1.84078,1.84025,1.8407,3264.0
2025-07-28 04:00:00+00:00,1.84071,1.84084,1.83978,1.8402,3113.0
2025-07-28 05:00:00+00:00,1.8402,1.8402,1.83922,1.83924,3341.0
2025-07-28 06:00:00+00:00,1.83922,1.84034,1.83876,1.84022,7536.0
2025-07-28 07:00:00+00:00,1.84019,1.84284,1.83934,1.84211,8160.0
2025-07-28 08:00:00+00:00,1.8421,1.84344,1.84197,1.84257,7432.0
2025-07-28 09:00:00+00:00,1.84256,1.84323,1.84128,1.84145,6197.0
2025-07-28 10:00:00+00:00,1.84139,1.84252,1.84092,1.84156,6254.0
2025-07-28 11:00:00+00:00,1.84156,1.84282,1.84068,1.84192,7101.0
2025-07-28 12:00:00+00:00,1.84192,1.84346,1.84168,1.84332,6843.0
2025-07-28 13:00:00+00:00,1.84332,1.8434,1.8397,1.84034,7367.0
2025-07-28 14:00:00+00:00,1.84035,1.84122,1.83908,1.83976,8035.0
2025-07-28 15:00:00+00:00,1.83976,1.83998,1.83706,1.83711,6841.0
2025-07-28 16:00:00+00:00,1.8371,1.83745,1.83535,1.83539,6524.0
2025-07-28 17:00:00+00:00,1.83538,1.83565,1.83391,1.83412,4584.0
2025-07-28 18:00:00+00:00,1.83412,1.8342,1.83316,1.83394,4247.0
2025-07-28 19:00:00+00:00,1.83392,1.8347,1.8337,1.83438,3295.0
2025-07-28 20:00:00+00:00,1.83438,1.83498,1.83369,1.83476,3070.0
2025-07-28 21:00:00+00:00,1.83476,1.83535,1.83445,1.83524,1053.0
2025-07-28 22:00:00+00:00,1.83527,1.83538,1.83444,1.83519,696.0
2025-07-28 23:00:00+00:00,1.83526,1.83542,1.8345,1.83484,981.0
2025-07-29 00:00:00+00:00,1.83486,1.83506,1.83386,1.83387,3825.0
2025-07-29 01:00:00+00:00,1.83388,1.83494,1.83362,1.83388,3989.0
2025-07-29 02:00:00+00:00,1.8339,1.83426,1.83378,1.83394,3281.0
2025-07-29 03:00:00+00:00,1.83397,1.83408,1.83274,1.83278,2997.0
2025-07-29 04:00:00+00:00,1.83272,1.83324,1.8322,1.83309,2957.0
2025-07-29 05:00:00+00:00,1.83308,1.83391,1.83283,1.83326,2896.0
2025-07-29 06:00:00+00:00,1.83321,1.83392,1.8316,1.83248,9089.0
2025-07-29 07:00:00+00:00,1.8325,1.83401,1.83191,1.83399,8763.0
2025-07-29 08:00:00+00:00,1.834,1.8354,1.83364,1.83368,7210.0
2025-07-29 09:00:00+00:00,1.83366,1.83624,1.83364,1.83621,6435.0
2025-07-29 10:00:00+00:00,1.83622,1.83764,1.83608,1.83636,5947.0
2025-07-29 11:00:00+00:00,1.83636,1.83686,1.83433,1.83682,7688.0
2025-07-29 12:00:00+00:00,1.83682,1.83786,1.83452,1.83455,8371.0
2025-07-29 13:00:00+00:00,1.83457,1.83494,1.83177,1.83379,10548.0
2025-07-29 14:00:00+00:00,1.83378,1.83772,1.83243,1.83714,14234.0
2025-07-29 15:00:00+00:00,1.83715,1.83794,1.83634,1.83782,9058.0
2025-07-29 16:00:00+00:00,1.83782,1.83831,1.83752,1.83772,6996.0
2025-07-29 17:00:00+00:00,1.8377,1.8384,1.83703,1.83714,6391.0
2025-07-29 18:00:00+00:00,1.83714,1.83864,1.83657,1.83858,4640.0
2025-07-29 19:00:00+00:00,1.83858,1.84037,1.83805,1.84002,4217.0
2025-07-29 20:00:00+00:00,1.84002,1.8407,1.83832,1.83846,3033.0
2025-07-29 21:00:00+00:00,1.83806,1.83916,1.83786,1.83826,574.0
2025-07-29 22:00:00+00:00,1.83825,1.8392,1.83824,1.83907,603.0
2025-07-29 23:00:00+00:00,1.83904,1.8394,1.8386,1.83938,785.0
2025-07-30 00:00:00+00:00,1.83932,1.83956,1.83882,1.83948,2562.0
2025-07-30 01:00:00+00:00,1.83948,1.83974,1.83848,1.83852,3452.0
2025-07-30 02:00:00+00:00,1.83851,1.83933,1.83846,1.83888,1872.0
2025-07-30 03:00:00+00:00,1.83891,1.83966,1.83833,1.83856,2133.0
2025-07-30 04:00:00+00:00,1.83854,1.83854,1.83796,1.83824,2211.0
2025-07-30 05:00:00+00:00,1.83826,1.83836,1.83756,1.83789,2345.0
2025-07-30 06:00:00+00:00,1.8379,1.83994,1.83764,1.83987,3121.0
2025-07-30 07:00:00+00:00,1.83988,1.84039,1.83918,1.83954,3507.0
2025-07-30 08:00:00+00:00,1.83954,1.8412,1.83944,1.84107,2769.0
2025-07-30 09:00:00+00:00,1.84104,1.84401,1.84074,1.84386,2993.0
2025-07-30 10:00:00+00:00,1.84384,1.84452,1.84217,1.84252,2736.0
2025-07-30 11:00:00+00:00,1.84248,1.84377,1.84186,1.84374,2748.0
2025-07-30 12:00:00+00:00,1.84369,1.84506,1.83695,1.83724,4686.0
2025-07-30 13:00:00+00:00,1.83714,1.83816,1.83233,1.83319,5823.0
2025-07-30 14:00:00+00:00,1.83324,1.83592,1.83268,1.83544,3862.0
2025-07-30 15:00:00+00:00,1.83539,1.83596,1.83337,1.83359,2010.0
2025-07-30 16:00:00+00:00,1.83362,1.83422,1.83315,1.83402,1721.0
2025-07-30 17:00:00+00:00,1.83408,1.8351,1.83364,1.83502,1635.0
2025-07-30 18:00:00+00:00,1.83494,1.83725,1.82883,1.82905,12304.0
2025-07-30 19:00:00+00:00,1.82904,1.8329,1.8285,1.83272,11052.0
2025-07-30 20:00:00+00:00,1.83271,1.83394,1.83051,1.83096,5328.0
2025-07-30 21:00:00+00:00,1.8305,1.83136,1.8301,1.8305,1724.0
2025-07-30 22:00:00+00:00,1.8306,1.83254,1.83026,1.83248,1867.0
2025-07-30 23:00:00+00:00,1.8325,1.83286,1.83219,1.83258,4052.0
2025-07-31 00:00:00+00:00,1.8326,1.83292,1.83136,1.83244,8285.0
2025-07-31 01:00:00+00:00,1.83242,1.83316,1.83178,1.8331,8976.0
2025-07-31 02:00:00+00:00,1.83314,1.83322,1.83239,1.83305,6947.0
2025-07-31 03:00:00+00:00,1.83306,1.83322,1.83178,1.83282,6982.0
2025-07-31 04:00:00+00:00,1.83282,1.83516,1.83261,1.833,6684.0
2025-07-31 05:00:00+00:00,1.83302,1.83352,1.8326,1.83264,5430.0
2025-07-31 06:00:00+00:00,1.83258,1.83508,1.83236,1.83448,7079.0
2025-07-31 07:00:00+00:00,1.83448,1.83486,1.83236,1.83391,8735.0
2025-07-31 08:00:00+00:00,1.83389,1.83494,1.83242,1.83351,7619.0
2025-07-31 09:00:00+00:00,1.83352,1.83378,1.83154,1.83173,6156.0
2025-07-31 10:00:00+00:00,1.83174,1.83236,1.82959,1.83153,6642.0
2025-07-31 11:00:00+00:00,1.83153,1.83187,1.83006,1.83164,7221.0
2025-07-31 12:00:00+00:00,1.83162,1.83193,1.82777,1.828,10693.0
2025-07-31 13:00:00+00:00,1.82801,1.82809,1.8254,1.82656,10931.0
2025-07-31 14:00:00+00:00,1.82654,1.83038,1.82549,1.82912,13897.0
2025-07-31 15:00:00+00:00,1.8291,1.83151,1.82876,1.83018,10621.0
2025-07-31 16:00:00+00:00,1.83016,1.8327,1.82993,1.83084,7200.0
2025-07-31 17:00:00+00:00,1.83084,1.83091,1.82864,1.82873,7130.0
2025-07-31 18:00:00+00:00,1.82872,1.83158,1.82838,1.82996,6446.0
2025-07-31 19:00:00+00:00,1.82995,1.831,1.8295,1.82952,6117.0
2025-07-31 20:00:00+00:00,1.82956,1.8301,1.82847,1.82959,6092.0
2025-07-31 21:00:00+00:00,1.82885,1.83024,1.82882,1.82904,1711.0
2025-07-31 22:00:00+00:00,1.82878,1.83168,1.82878,1.83152,1003.0
2025-07-31 23:00:00+00:00,1.8315,1.83174,1.82931,1.83037,2587.0
2025-08-01 00:00:00+00:00,1.83042,1.8305,1.82882,1.82922,3870.0
2025-08-01 01:00:00+00:00,1.82932,1.82971,1.82837,1.8287,3984.0
2025-08-01 02:00:00+00:00,1.82877,1.82882,1.82816,1.82878,3009.0
2025-08-01 03:00:00+00:00,1.82878,1.82907,1.82842,1.82885,2619.0
2025-08-01 04:00:00+00:00,1.82885,1.82894,1.82777,1.82866,1623.0
2025-08-01 05:00:00+00:00,1.82864,1.82962,1.8283,1.82898,1982.0
2025-08-01 06:00:00+00:00,1.82896,1.83128,1.82863,1.83034,2246.0
2025-08-01 07:00:00+00:00,1.83026,1.83145,1.82921,1.83032,2182.0
2025-08-01 08:00:00+00:00,1.83028,1.83028,1.82608,1.82622,1646.0
2025-08-01 09:00:00+00:00,1.82616,1.8264,1.82384,1.82468,1352.0
2025-08-01 10:00:00+00:00,1.82466,1.82663,1.82454,1.82656,1812.0
2025-08-01 11:00:00+00:00,1.82654,1.82714,1.82491,1.82522,1290.0
2025-08-01 12:00:00+00:00,1.82519,1.83612,1.8234,1.83283,11602.0
2025-08-01 13:00:00+00:00,1.83284,1.83346,1.8278,1.82856,9146.0
2025-08-01 14:00:00+00:00,1.82856,1.83056,1.8271,1.82893,8570.0
2025-08-01 15:00:00+00:00,1.82892,1.82972,1.82698,1.82702,2209.0
2025-08-01 16:00:00+00:00,1.82697,1.82804,1.82672,1.82728,2074.0
2025-08-01 17:00:00+00:00,1.82726,1.82736,1.82439,1.82597,3530.0
2025-08-01 18:00:00+00:00,1.82596,1.82811,1.82536,1.82752,3492.0
2025-08-01 19:00:00+00:00,1.8276,1.83088,1.82694,1.82957,6194.0
2025-08-01 20:00:00+00:00,1.82962,1.83207,1.82926,1.83088,5004.0
2025-08-03 21:00:00+00:00,1.82993,1.83176,1.82986,1.83149,1325.0
2025-08-03 22:00:00+00:00,1.83135,1.83177,1.82944,1.82966,2160.0
2025-08-03 23:00:00+00:00,1.82966,1.83132,1.82954,1.8312,2108.0
2025-08-04 00:00:00+00:00,1.83121,1.83143,1.8285,1.82886,2807.0
2025-08-04 01:00:00+00:00,1.82882,1.82954,1.82812,1.82934,2764.0
2025-08-04 02:00:00+00:00,1.82936,1.83015,1.82915,1.82966,1470.0
2025-08-04 03:00:00+00:00,1.82966,1.83026,1.8296,1.82974,1034.0
2025-08-04 04:00:00+00:00,1.82971,1.83005,1.8289,1.82892,1121.0
2025-08-04 05:00:00+00:00,1.82888,1.82918,1.82809,1.82909,2159.0
2025-08-04 06:00:00+00:00,1.82908,1.83016,1.82878,1.8294,1849.0
2025-08-04 07:00:00+00:00,1.82942,1.83042,1.82754,1.83003,2375.0
2025-08-04 08:00:00+00:00,1.82998,1.83042,1.82866,1.83012,1341.0
2025-08-04 09:00:00+00:00,1.83012,1.83325,1.83,1.83217,1588.0
2025-08-04 10:00:00+00:00,1.83225,1.83238,1.82942,1.83236,1308.0
2025-08-04 11:00:00+00:00,1.83236,1.83384,1.83149,1.8315,1576.0
2025-08-04 12:00:00+00:00,1.83146,1.83254,1.83042,1.83144,2495.0
2025-08-04 13:00:00+00:00,1.83148,1.83202,1.83042,1.83057,2789.0
2025-08-04 14:00:00+00:00,1.83057,1.83438,1.83008,1.8307,2825.0
2025-08-04 15:00:00+00:00,1.83074,1.83183,1.82968,1.8305,2602.0
2025-08-04 16:00:00+00:00,1.83044,1.8309,1.8296,1.82996,1974.0
2025-08-04 17:00:00+00:00,1.83,1.83026,1.82936,1.82944,1389.0
2025-08-04 18:00:00+00:00,1.82948,1.83016,1.82932,1.82986,1819.0
2025-08-04 19:00:00+00:00,1.82988,1.83016,1.8288,1.82924,523.0
2025-08-04 20:00:00+00:00,1.82929,1.83086,1.82919,1.83062,1632.0
2025-08-04 21:00:00+00:00,1.83056,1.83131,1.8301,1.83044,1378.0
2025-08-04 22:00:00+00:00,1.8304,1.83101,1.83016,1.83072,733.0
2025-08-04 23:00:00+00:00,1.83078,1.8313,1.83064,1.83097,1036.0
2025-08-05 00:00:00+00:00,1.83097,1.83108,1.83002,1.83099,1045.0
2025-08-05 01:00:00+00:00,1.8309,1.83136,1.83036,1.83078,1338.0
2025-08-05 02:00:00+00:00,1.83081,1.8312,1.83027,1.83115,811.0
2025-08-05 03:00:00+00:00,1.83115,1.83133,1.83082,1.8309,601.0
2025-08-05 04:00:00+00:00,1.83083,1.83176,1.83074,1.83159,1756.0
2025-08-05 05:00:00+00:00,1.83156,1.8316,1.83051,1.83051,982.0
2025-08-05 06:00:00+00:00,1.83048,1.83124,1.83012,1.8303,1172.0
2025-08-05 07:00:00+00:00,1.8303,1.83156,1.8284,1.82914,1988.0
2025-08-05 08:00:00+00:00,1.82922,1.83346,1.8288,1.83346,2171.0
2025-08-05 09:00:00+00:00,1.83353,1.83496,1.83308,1.83492,1164.0
2025-08-05 10:00:00+00:00,1.83487,1.83556,1.834,1.834,1636.0
2025-08-05 11:00:00+00:00,1.83396,1.83396,1.83124,1.83237,2005.0
2025-08-05 12:00:00+00:00,1.8323,1.83314,1.83116,1.83252,2000.0
2025-08-05 13:00:00+00:00,1.83254,1.83358,1.82948,1.83044,3552.0
2025-08-05 14:00:00+00:00,1.83053,1.83214,1.82974,1.83214,7348.0
2025-08-05 15:00:00+00:00,1.8322,1.83402,1.83197,1.83376,4129.0
2025-08-05 16:00:00+00:00,1.8338,1.83465,1.83339,1.83373,2596.0
2025-08-05 17:00:00+00:00,1.83378,1.83446,1.83267,1.83311,1340.0
2025-08-05 18:00:00+00:00,1.83316,1.83322,1.83215,1.83252,844.0
2025-08-05 19:00:00+00:00,1.83251,1.83266,1.83108,1.83122,1021.0
2025-08-05 20:00:00+00:00,1.8312,1.83254,1.83106,1.83157,1527.0
2025-08-05 21:00:00+00:00,1.83199,1.83214,1.83092,1.83174,811.0
2025-08-05 22:00:00+00:00,1.83138,1.83188,1.83126,1.83136,424.0
2025-08-05 23:00:00+00:00,1.83138,1.83172,1.83112,1.83138,672.0
2025-08-06 00:00:00+00:00,1.83145,1.8322,1.83124,1.83208,1925.0
2025-08-06 01:00:00+00:00,1.83206,1.83216,1.83166,1.83169,868.0
2025-08-06 02:00:00+00:00,1.83171,1.83224,1.8316,1.83184,1243.0
2025-08-06 03:00:00+00:00,1.8319,1.83271,1.83182,1.83264,864.0
2025-08-06 04:00:00+00:00,1.83258,1.83323,1.83228,1.83308,853.0
2025-08-06 05:00:00+00:00,1.83306,1.83308,1.83222,1.83252,852.0
2025-08-06 06:00:00+00:00,1.83254,1.83258,1.83101,1.83113,1038.0
2025-08-06 07:00:00+00:00,1.83118,1.83144,1.82998,1.831,1547.0
2025-08-06 08:00:00+00:00,1.831,1.8311,1.82896,1.82896,1566.0
2025-08-06 09:00:00+00:00,1.82894,1.8312,1.82893,1.8308,2224.0
2025-08-06 10:00:00+00:00,1.8308,1.83276,1.8306,1.83182,1596.0
2025-08-06 11:00:00+00:00,1.83183,1.83268,1.83126,1.83215,1269.0
2025-08-06 12:00:00+00:00,1.83214,1.83214,1.83018,1.83068,3448.0
2025-08-06 13:00:00+00:00,1.83072,1.83229,1.83022,1.83209,1537.0
2025-08-06 14:00:00+00:00,1.83203,1.8338,1.8306,1.83322,1624.0
2025-08-06 15:00:00+00:00,1.83322,1.83568,1.8328,1.83545,1822.0
2025-08-06 16:00:00+00:00,1.8354,1.83632,1.83436,1.83438,938.0
2025-08-06 17:00:00+00:00,1.83434,1.83584,1.83426,1.83484,1272.0
2025-08-06 18:00:00+00:00,1.83489,1.83658,1.8348,1.83628,877.0
2025-08-06 19:00:00+00:00,1.83626,1.83708,1.83524,1.83548,1291.0
2025-08-06 20:00:00+00:00,1.83548,1.83568,1.83472,1.83545,2579.0
2025-08-06 21:00:00+00:00,1.83494,1.83579,1.83488,1.83518,2883.0
2025-08-06 22:00:00+00:00,1.83512,1.8358,1.83498,1.8354,2078.0
2025-08-06 23:00:00+00:00,1.83542,1.8356,1.83494,1.83508,1590.0
2025-08-07 00:00:00+00:00,1.83509,1.83513,1.83412,1.83431,3633.0
2025-08-07 01:00:00+00:00,1.8343,1.83494,1.83407,1.83464,3931.0
2025-08-07 02:00:00+00:00,1.83464,1.8349,1.8339,1.83418,2602.0
2025-08-07 03:00:00+00:00,1.83418,1.83486,1.83394,1.83478,2611.0
2025-08-07 04:00:00+00:00,1.83479,1.83539,1.83462,1.83534,3979.0
2025-08-07 05:00:00+00:00,1.83538,1.83606,1.83532,1.83605,3236.0
2025-08-07 06:00:00+00:00,1.83611,1.83611,1.83514,1.83585,2465.0
2025-08-07 07:00:00+00:00,1.83584,1.83627,1.83478,1.83521,3468.0
2025-08-07 08:00:00+00:00,1.83513,1.83653,1.83496,1.83568,4095.0
2025-08-07 09:00:00+00:00,1.83566,1.836,1.83498,1.83566,2515.0
2025-08-07 10:00:00+00:00,1.8357,1.83645,1.835,1.83637,4399.0
2025-08-07 11:00:00+00:00,1.83636,1.8444,1.83584,1.84292,6702.0
2025-08-07 12:00:00+00:00,1.84294,1.84594,1.84277,1.84352,6395.0
2025-08-07 13:00:00+00:00,1.84354,1.84558,1.84254,1.84544,4424.0
2025-08-07 14:00:00+00:00,1.84539,1.8469,1.84418,1.84448,6805.0
2025-08-07 15:00:00+00:00,1.84446,1.84708,1.84312,1.8466,3381.0
2025-08-07 16:00:00+00:00,1.84665,1.84714,1.84552,1.84669,2207.0
2025-08-07 17:00:00+00:00,1.84667,1.84705,1.84541,1.84556,2353.0
2025-08-07 18:00:00+00:00,1.84564,1.84602,1.84485,1.84585,1193.0
2025-08-07 19:00:00+00:00,1.84586,1.84776,1.8455,1.84748,2572.0
2025-08-07 20:00:00+00:00,1.8475,1.84816,1.84674,1.84798,3852.0
2025-08-07 21:00:00+00:00,1.84845,1.8492,1.84706,1.84766,3023.0
2025-08-07 22:00:00+00:00,1.84761,1.84781,1.84681,1.84719,664.0
2025-08-07 23:00:00+00:00,1.84721,1.84757,1.84704,1.84718,555.0
2025-08-08 00:00:00+00:00,1.84727,1.84798,1.8468,1.84749,1077.0
2025-08-08 01:00:00+00:00,1.84748,1.84762,1.84668,1.84698,688.0
2025-08-08 02:00:00+00:00,1.84704,1.84734,1.84694,1.84704,326.0
2025-08-08 03:00:00+00:00,1.84698,1.8471,1.8462,1.84636,495.0
2025-08-08 04:00:00+00:00,1.84638,1.84644,1.84594,1.84612,456.0
2025-08-08 05:00:00+00:00,1.84612,1.84639,1.8457,1.84583,492.0
2025-08-08 06:00:00+00:00,1.84587,1.84588,1.84494,1.84543,886.0
2025-08-08 07:00:00+00:00,1.84541,1.84704,1.84532,1.84588,1134.0
2025-08-08 08:00:00+00:00,1.8459,1.84647,1.8447,1.84534,1398.0
2025-08-08 09:00:00+00:00,1.84539,1.84682,1.84496,1.84604,1121.0
2025-08-08 10:00:00+00:00,1.84598,1.84598,1.84443,1.84533,1172.0
2025-08-08 11:00:00+00:00,1.84534,1.84674,1.845,1.84641,1901.0
2025-08-08 12:00:00+00:00,1.8464,1.84866,1.84457,1.84674,2925.0
2025-08-08 13:00:00+00:00,1.84671,1.84799,1.84624,1.84654,1972.0
2025-08-08 14:00:00+00:00,1.84648,1.84952,1.84624,1.84837,1521.0
2025-08-08 15:00:00+00:00,1.84838,1.84988,1.8479,1.84868,1342.0
2025-08-08 16:00:00+00:00,1.84867,1.84938,1.84838,1.84925,747.0
2025-08-08 17:00:00+00:00,1.84922,1.85012,1.84876,1.84989,525.0
2025-08-08 18:00:00+00:00,1.84988,1.84997,1.84901,1.84986,1040.0
2025-08-08 19:00:00+00:00,1.84987,1.85038,1.84934,1.85026,1299.0
2025-08-08 20:00:00+00:00,1.8503,1.8514,1.84948,1.85038,2431.0
2025-08-10 21:00:00+00:00,1.84973,1.85032,1.84854,1.84902,440.0
2025-08-10 22:00:00+00:00,1.84902,1.84972,1.8486,1.8487,526.0
2025-08-10 23:00:00+00:00,1.84875,1.84928,1.84855,1.84889,474.0
2025-08-11 00:00:00+00:00,1.84892,1.84952,1.84857,1.84951,1063.0
2025-08-11 01:00:00+00:00,1.84948,1.85,1.84928,1.84995,1003.0
2025-08-11 02:00:00+00:00,1.84996,1.85058,1.8499,1.84992,710.0
2025-08-11 03:00:00+00:00,1.8499,1.85094,1.84986,1.85091,749.0
2025-08-11 04:00:00+00:00,1.85088,1.85174,1.85076,1.85174,889.0
2025-08-11 05:00:00+00:00,1.85173,1.85213,1.85146,1.85204,956.0
2025-08-11 06:00:00+00:00,1.85209,1.85318,1.852,1.85284,974.0
2025-08-11 07:00:00+00:00,1.85284,1.85349,1.85172,1.85242,804.0
2025-08-11 08:00:00+00:00,1.85244,1.85378,1.8523,1.85328,1369.0
2025-08-11 09:00:00+00:00,1.85324,1.85381,1.85234,1.85308,1026.0
2025-08-11 10:00:00+00:00,1.85309,1.85309,1.85118,1.85123,1001.0
2025-08-11 11:00:00+00:00,1.8512,1.85186,1.85022,1.85064,1148.0
2025-08-11 12:00:00+00:00,1.8507,1.8515,1.84991,1.85088,1162.0
2025-08-11 13:00:00+00:00,1.85082,1.85092,1.84888,1.84936,1256.0
2025-08-11 14:00:00+00:00,1.84928,1.84959,1.84802,1.84896,1201.0
2025-08-11 15:00:00+00:00,1.84896,1.84964,1.84828,1.84906,1217.0
2025-08-11 16:00:00+00:00,1.84908,1.8506,1.84898,1.85036,972.0
2025-08-11 17:00:00+00:00,1.85036,1.85064,1.84966,1.8506,866.0
2025-08-11 18:00:00+00:00,1.85062,1.85136,1.85015,1.85108,1007.0
2025-08-11 19:00:00+00:00,1.85106,1.85111,1.85039,1.85054,1112.0
2025-08-11 20:00:00+00:00,1.85053,1.85132,1.85046,1.85064,931.0
2025-08-11 21:00:00+00:00,1.85088,1.85158,1.85052,1.85111,1096.0
2025-08-11 22:00:00+00:00,1.85118,1.8512,1.85037,1.85064,360.0
2025-08-11 23:00:00+00:00,1.85076,1.85077,1.85017,1.85041,614.0
2025-08-12 00:00:00+00:00,1.85044,1.85081,1.85004,1.8505,1302.0
2025-08-12 01:00:00+00:00,1.85053,1.85099,1.85022,1.85024,1444.0
2025-08-12 02:00:00+00:00,1.8503,1.85072,1.8499,1.85072,1435.0
2025-08-12 03:00:00+00:00,1.85074,1.85092,1.85031,1.85071,897.0
2025-08-12 04:00:00+00:00,1.85072,1.85105,1.85017,1.851,1269.0
2025-08-12 05:00:00+00:00,1.85102,1.85136,1.84924,1.84951,2368.0
2025-08-12 06:00:00+00:00,1.8495,1.8528,1.84934,1.85168,1971.0
2025-08-12 07:00:00+00:00,1.85164,1.85465,1.85124,1.8545,2663.0
2025-08-12 08:00:00+00:00,1.8545,1.85748,1.85398,1.85718,1167.0
2025-08-12 09:00:00+00:00,1.85718,1.85762,1.8553,1.85623,785.0
2025-08-12 10:00:00+00:00,1.85618,1.85637,1.85524,1.85602,1009.0
2025-08-12 11:00:00+00:00,1.85602,1.85757,1.85558,1.85675,1077.0
2025-08-12 12:00:00+00:00,1.8568,1.86112,1.85647,1.85821,6218.0
2025-08-12 13:00:00+00:00,1.85827,1.85994,1.85666,1.85927,4960.0
2025-08-12 14:00:00+00:00,1.85934,1.85976,1.85694,1.85752,2648.0
2025-08-12 15:00:00+00:00,1.85752,1.86008,1.85692,1.8589,1886.0
2025-08-12 16:00:00+00:00,1.85885,1.86016,1.85846,1.85998,993.0
2025-08-12 17:00:00+00:00,1.86003,1.86076,1.85944,1.85968,841.0
2025-08-12 18:00:00+00:00,1.85942,1.85982,1.85882,1.8593,917.0
2025-08-12 19:00:00+00:00,1.85923,1.85986,1.85874,1.85928,1142.0
2025-08-12 20:00:00+00:00,1.85922,1.8599,1.85884,1.8593,1282.0
2025-08-12 21:00:00+00:00,1.85962,1.85962,1.85902,1.85944,837.0
2025-08-12 22:00:00+00:00,1.85936,1.85976,1.85864,1.8587,912.0
2025-08-12 23:00:00+00:00,1.85864,1.85968,1.85854,1.85954,344.0
2025-08-13 00:00:00+00:00,1.85957,1.86056,1.85924,1.86043,1142.0
2025-08-13 01:00:00+00:00,1.86042,1.8608,1.85991,1.86002,1781.0
2025-08-13 02:00:00+00:00,1.86,1.86014,1.85944,1.86011,1064.0
2025-08-13 03:00:00+00:00,1.86009,1.86042,1.86,1.8603,1562.0
2025-08-13 04:00:00+00:00,1.86026,1.8605,1.86006,1.8604,791.0
2025-08-13 05:00:00+00:00,1.86036,1.86126,1.86006,1.86126,962.0
2025-08-13 06:00:00+00:00,1.86127,1.8615,1.8602,1.86092,984.0
2025-08-13 07:00:00+00:00,1.86084,1.86418,1.86081,1.86399,1297.0
2025-08-13 08:00:00+00:00,1.86398,1.86634,1.86334,1.86588,988.0
2025-08-13 09:00:00+00:00,1.86594,1.86737,1.86576,1.86702,1082.0
2025-08-13 10:00:00+00:00,1.86691,1.86768,1.8665,1.86658,829.0
2025-08-13 11:00:00+00:00,1.86664,1.8678,1.86645,1.8676,869.0
2025-08-13 12:00:00+00:00,1.86764,1.86808,1.8668,1.86727,1358.0
2025-08-13 13:00:00+00:00,1.8673,1.86856,1.86699,1.86797,1306.0
2025-08-13 14:00:00+00:00,1.86805,1.86918,1.86758,1.86758,2081.0
2025-08-13 15:00:00+00:00,1.86757,1.86864,1.86708,1.86812,1427.0
2025-08-13 16:00:00+00:00,1.86813,1.86926,1.86798,1.86904,813.0
2025-08-13 17:00:00+00:00,1.86905,1.86912,1.86808,1.86858,1258.0
2025-08-13 18:00:00+00:00,1.8686,1.86868,1.86786,1.8682,685.0
2025-08-13 19:00:00+00:00,1.86814,1.86868,1.86762,1.86807,417.0
2025-08-13 20:00:00+00:00,1.86808,1.86924,1.86785,1.868,1279.0
2025-08-13 21:00:00+00:00,1.86713,1.86808,1.86712,1.86776,1272.0
2025-08-13 22:00:00+00:00,1.86788,1.86851,1.86754,1.86756,794.0
2025-08-13 23:00:00+00:00,1.86765,1.86816,1.86736,1.86816,850.0
2025-08-14 00:00:00+00:00,1.86816,1.8683,1.86769,1.86802,571.0
2025-08-14 01:00:00+00:00,1.86806,1.86862,1.86707,1.86718,1356.0
2025-08-14 02:00:00+00:00,1.86712,1.86788,1.86674,1.86786,1960.0
2025-08-14 03:00:00+00:00,1.86782,1.868,1.86714,1.86786,1153.0
2025-08-14 04:00:00+00:00,1.86791,1.8681,1.86752,1.86755,946.0
2025-08-14 05:00:00+00:00,1.8675,1.86794,1.86717,1.86774,812.0
2025-08-14 06:00:00+00:00,1.86796,1.87012,1.8677,1.8696,2439.0
2025-08-14 07:00:00+00:00,1.86962,1.87085,1.86919,1.86936,1898.0
2025-08-14 08:00:00+00:00,1.86935,1.87062,1.86853,1.87022,986.0
2025-08-14 09:00:00+00:00,1.87029,1.87166,1.86976,1.87035,1128.0
2025-08-14 10:00:00+00:00,1.87034,1.87195,1.8699,1.87059,856.0
2025-08-14 11:00:00+00:00,1.87054,1.87156,1.86996,1.87081,862.0
2025-08-14 12:00:00+00:00,1.87082,1.87199,1.86897,1.86956,3722.0
2025-08-14 13:00:00+00:00,1.86958,1.87045,1.86838,1.86928,1653.0
2025-08-14 14:00:00+00:00,1.86918,1.86976,1.86853,1.86924,1962.0
2025-08-14 15:00:00+00:00,1.86922,1.86938,1.86771,1.86784,1239.0
2025-08-14 16:00:00+00:00,1.86781,1.8688,1.86757,1.86798,1968.0
2025-08-14 17:00:00+00:00,1.86795,1.86888,1.86792,1.86875,1179.0
2025-08-14 18:00:00+00:00,1.86878,1.8694,1.8685,1.86909,757.0
2025-08-14 19:00:00+00:00,1.8691,1.86963,1.86875,1.86959,659.0
2025-08-14 20:00:00+00:00,1.86954,1.8699,1.86894,1.86909,1674.0
2025-08-14 21:00:00+00:00,1.86958,1.86998,1.86904,1.86924,708.0
2025-08-14 22:00:00+00:00,1.8691,1.86947,1.86874,1.86876,233.0
2025-08-14 23:00:00+00:00,1.8688,1.869,1.8685,1.8689,571.0
2025-08-15 00:00:00+00:00,1.86889,1.8693,1.86852,1.86923,931.0
2025-08-15 01:00:00+00:00,1.86931,1.86975,1.86914,1.86936,815.0
2025-08-15 02:00:00+00:00,1.86932,1.8701,1.86924,1.86994,837.0
2025-08-15 03:00:00+00:00,1.86996,1.87036,1.86988,1.86998,950.0
2025-08-15 04:00:00+00:00,1.87001,1.87024,1.86971,1.86985,706.0
2025-08-15 05:00:00+00:00,1.86978,1.87042,1.8695,1.87014,600.0
2025-08-15 06:00:00+00:00,1.87016,1.87049,1.86954,1.86978,763.0
2025-08-15 07:00:00+00:00,1.86987,1.87016,1.86902,1.86968,698.0
2025-08-15 08:00:00+00:00,1.86965,1.87036,1.869,1.869,468.0
2025-08-15 09:00:00+00:00,1.86896,1.87012,1.86871,1.86998,558.0
2025-08-15 10:00:00+00:00,1.87002,1.87029,1.86934,1.86947,797.0
2025-08-15 11:00:00+00:00,1.86953,1.8706,1.86953,1.86989,501.0
2025-08-15 12:00:00+00:00,1.86983,1.871,1.8694,1.87046,1742.0
2025-08-15 13:00:00+00:00,1.87049,1.87314,1.87046,1.87222,1381.0
2025-08-15 14:00:00+00:00,1.87219,1.8731,1.87091,1.87198,1840.0
2025-08-15 15:00:00+00:00,1.8719,1.8737,1.87122,1.87278,1083.0
2025-08-15 16:00:00+00:00,1.87275,1.87296,1.87202,1.87219,934.0
2025-08-15 17:00:00+00:00,1.87218,1.87293,1.87176,1.87237,804.0
2025-08-15 18:00:00+00:00,1.8723,1.87272,1.87198,1.87224,617.0
2025-08-15 19:00:00+00:00,1.87218,1.87254,1.87135,1.87248,1295.0
2025-08-15 20:00:00+00:00,1.87251,1.87358,1.87194,1.87294,2496.0
2025-08-17 21:00:00+00:00,1.8727,1.87423,1.87208,1.87395,699.0
2025-08-17 22:00:00+00:00,1.87383,1.8742,1.87272,1.87297,707.0
2025-08-17 23:00:00+00:00,1.873,1.87326,1.87238,1.87278,837.0
2025-08-18 00:00:00+00:00,1.87278,1.87289,1.87128,1.87132,1376.0
2025-08-18 01:00:00+00:00,1.8713,1.87188,1.87089,1.87166,1203.0
2025-08-18 02:00:00+00:00,1.87166,1.8718,1.87086,1.87105,1033.0
2025-08-18 03:00:00+00:00,1.87104,1.8713,1.87072,1.87118,548.0
2025-08-18 04:00:00+00:00,1.87112,1.872,1.87106,1.87182,1133.0
2025-08-18 05:00:00+00:00,1.87182,1.87207,1.87151,1.87172,1303.0
2025-08-18 06:00:00+00:00,1.87168,1.87202,1.8695,1.8697,904.0
2025-08-18 07:00:00+00:00,1.86973,1.87012,1.86848,1.86856,1126.0
2025-08-18 08:00:00+00:00,1.86852,1.86966,1.868,1.86853,818.0
2025-08-18 09:00:00+00:00,1.86846,1.86897,1.86805,1.86822,760.0
2025-08-18 10:00:00+00:00,1.86816,1.86868,1.86739,1.86756,615.0
2025-08-18 11:00:00+00:00,1.86756,1.86878,1.8673,1.86736,964.0
2025-08-18 12:00:00+00:00,1.86741,1.8678,1.86598,1.8678,1569.0
2025-08-18 13:00:00+00:00,1.86781,1.86965,1.86742,1.86939,1208.0
2025-08-18 14:00:00+00:00,1.86941,1.871,1.86807,1.86842,1360.0
2025-08-18 15:00:00+00:00,1.86837,1.86944,1.86738,1.86775,1448.0
2025-08-18 16:00:00+00:00,1.86772,1.86786,1.86576,1.86586,1736.0
2025-08-18 17:00:00+00:00,1.86588,1.86642,1.86545,1.86576,1054.0
2025-08-18 18:00:00+00:00,1.86574,1.86576,1.8647,1.86531,661.0
2025-08-18 19:00:00+00:00,1.8653,1.86572,1.86422,1.86453,783.0
2025-08-18 20:00:00+00:00,1.86455,1.86482,1.86318,1.86376,999.0
2025-08-18 21:00:00+00:00,1.86474,1.86478,1.86378,1.86445,834.0
2025-08-18 22:00:00+00:00,1.86464,1.86482,1.86364,1.86424,645.0
2025-08-18 23:00:00+00:00,1.8643,1.86444,1.86382,1.86442,845.0
2025-08-19 00:00:00+00:00,1.8644,1.86467,1.86418,1.86454,986.0
2025-08-19 01:00:00+00:00,1.86454,1.86488,1.86318,1.86416,2037.0
2025-08-19 02:00:00+00:00,1.86412,1.86472,1.86395,1.8641,737.0
2025-08-19 03:00:00+00:00,1.86416,1.86476,1.86389,1.86458,781.0
2025-08-19 04:00:00+00:00,1.86458,1.86496,1.86419,1.8649,1002.0
2025-08-19 05:00:00+00:00,1.86494,1.86523,1.86426,1.86452,712.0
2025-08-19 06:00:00+00:00,1.86461,1.86561,1.86388,1.8654,826.0
2025-08-19 07:00:00+00:00,1.86546,1.86806,1.86542,1.868,890.0
2025-08-19 08:00:00+00:00,1.86792,1.86848,1.86737,1.86822,1268.0
2025-08-19 09:00:00+00:00,1.86825,1.86853,1.86734,1.86802,821.0
2025-08-19 10:00:00+00:00,1.86804,1.86893,1.86726,1.8676,516.0
2025-08-19 11:00:00+00:00,1.86759,1.86783,1.86626,1.86712,842.0
2025-08-19 12:00:00+00:00,1.86714,1.86921,1.86654,1.8688,1870.0
2025-08-19 13:00:00+00:00,1.86876,1.87028,1.8678,1.87009,1218.0
2025-08-19 14:00:00+00:00,1.87009,1.87126,1.86963,1.87073,1223.0
2025-08-19 15:00:00+00:00,1.8708,1.87102,1.86974,1.87008,1156.0
2025-08-19 16:00:00+00:00,1.87003,1.87003,1.86906,1.86994,848.0
2025-08-19 17:00:00+00:00,1.86997,1.86997,1.86914,1.8692,1197.0
2025-08-19 18:00:00+00:00,1.86928,1.86962,1.86832,1.86961,698.0
2025-08-19 19:00:00+00:00,1.86958,1.87046,1.86914,1.8704,974.0
2025-08-19 20:00:00+00:00,1.8704,1.87128,1.86979,1.87118,1158.0
2025-08-19 21:00:00+00:00,1.87088,1.87108,1.87002,1.87032,7599.0
2025-08-19 22:00:00+00:00,1.87026,1.87104,1.87012,1.87031,425.0
2025-08-19 23:00:00+00:00,1.8704,1.8706,1.86983,1.86985,1329.0
2025-08-20 00:00:00+00:00,1.86984,1.86999,1.8689,1.8696,1742.0
2025-08-20 01:00:00+00:00,1.86956,1.86998,1.86906,1.86952,1704.0
2025-08-20 02:00:00+00:00,1.86949,1.86986,1.86879,1.86911,2305.0
2025-08-20 03:00:00+00:00,1.86912,1.86974,1.86888,1.86917,1807.0
2025-08-20 04:00:00+00:00,1.86918,1.8696,1.86883,1.86883,935.0
2025-08-20 05:00:00+00:00,1.86884,1.87108,1.86864,1.87082,1237.0
2025-08-20 06:00:00+00:00,1.87048,1.87372,1.87048,1.8711,2226.0
2025-08-20 07:00:00+00:00,1.87102,1.8739,1.87086,1.87384,1119.0
2025-08-20 08:00:00+00:00,1.87382,1.87405,1.87256,1.87385,1172.0
2025-08-20 09:00:00+00:00,1.8738,1.87398,1.87288,1.8734,692.0
2025-08-20 10:00:00+00:00,1.87336,1.87337,1.87161,1.87241,585.0
2025-08-20 11:00:00+00:00,1.87244,1.8726,1.86882,1.86884,843.0
2025-08-20 12:00:00+00:00,1.86886,1.86995,1.86828,1.8692,1302.0
2025-08-20 13:00:00+00:00,1.86926,1.86996,1.86824,1.86911,1280.0
2025-08-20 14:00:00+00:00,1.86918,1.86942,1.86666,1.86714,1439.0
2025-08-20 15:00:00+00:00,1.86722,1.86757,1.86538,1.86602,1044.0
2025-08-20 16:00:00+00:00,1.86603,1.86707,1.86584,1.8668,744.0
2025-08-20 17:00:00+00:00,1.8668,1.86766,1.86646,1.86744,1179.0
2025-08-20 18:00:00+00:00,1.8674,1.86744,1.86537,1.86601,871.0
2025-08-20 19:00:00+00:00,1.86591,1.86692,1.86498,1.86683,633.0
2025-08-20 20:00:00+00:00,1.86684,1.86747,1.86622,1.86687,1383.0
2025-08-20 21:00:00+00:00,1.86744,1.86746,1.8661,1.86672,1630.0
2025-08-20 22:00:00+00:00,1.86667,1.86676,1.86605,1.86636,2366.0
2025-08-20 23:00:00+00:00,1.86636,1.86806,1.86584,1.86806,1940.0
2025-08-21 00:00:00+00:00,1.86798,1.86805,1.86652,1.86736,4440.0
2025-08-21 01:00:00+00:00,1.86728,1.86774,1.86695,1.86734,4928.0
2025-08-21 02:00:00+00:00,1.86734,1.86734,1.86646,1.86676,4216.0
2025-08-21 03:00:00+00:00,1.86676,1.86728,1.86646,1.86712,3709.0
2025-08-21 04:00:00+00:00,1.86712,1.8673,1.86664,1.86671,2610.0
2025-08-21 05:00:00+00:00,1.8667,1.8669,1.86608,1.86646,3498.0
2025-08-21 06:00:00+00:00,1.8664,1.86708,1.86524,1.86576,2932.0
2025-08-21 07:00:00+00:00,1.86577,1.86736,1.86506,1.8673,2861.0
2025-08-21 08:00:00+00:00,1.86724,1.86976,1.86697,1.86856,1728.0
2025-08-21 09:00:00+00:00,1.86852,1.87056,1.86844,1.86994,1546.0
2025-08-21 10:00:00+00:00,1.86992,1.87015,1.8686,1.87006,1540.0
2025-08-21 11:00:00+00:00,1.87004,1.87009,1.86782,1.86799,1317.0
2025-08-21 12:00:00+00:00,1.86798,1.87038,1.8672,1.86802,1620.0
2025-08-21 13:00:00+00:00,1.86798,1.86948,1.86564,1.86591,1835.0
2025-08-21 14:00:00+00:00,1.86592,1.86767,1.86496,1.86556,1575.0
2025-08-21 15:00:00+00:00,1.86555,1.8662,1.86414,1.86448,1744.0
2025-08-21 16:00:00+00:00,1.86442,1.86504,1.86378,1.86454,934.0
2025-08-21 17:00:00+00:00,1.86456,1.8654,1.86442,1.8647,1654.0
2025-08-21 18:00:00+00:00,1.86478,1.86495,1.86423,1.86475,864.0
2025-08-21 19:00:00+00:00,1.8647,1.86532,1.86444,1.86461,640.0
2025-08-21 20:00:00+00:00,1.86453,1.86594,1.86444,1.86556,985.0
2025-08-21 21:00:00+00:00,1.8654,1.86586,1.86534,1.86542,688.0
2025-08-21 22:00:00+00:00,1.86535,1.866,1.86524,1.86554,608.0
2025-08-21 23:00:00+00:00,1.86566,1.86572,1.86508,1.8652,519.0
2025-08-22 00:00:00+00:00,1.8651,1.8663,1.86498,1.86626,2041.0
2025-08-22 01:00:00+00:00,1.86622,1.86663,1.86524,1.86561,1934.0
2025-08-22 02:00:00+00:00,1.86562,1.86592,1.86532,1.86556,1277.0
2025-08-22 03:00:00+00:00,1.86554,1.86582,1.86437,1.86448,1015.0
2025-08-22 04:00:00+00:00,1.86456,1.86478,1.86354,1.86362,479.0
2025-08-22 05:00:00+00:00,1.8636,1.86402,1.86333,1.86354,1218.0
2025-08-22 06:00:00+00:00,1.86348,1.86502,1.86333,1.86476,1258.0
2025-08-22 07:00:00+00:00,1.86474,1.86576,1.86474,1.86492,870.0
2025-08-22 08:00:00+00:00,1.86492,1.86584,1.8648,1.86545,807.0
2025-08-22 09:00:00+00:00,1.86554,1.86668,1.86532,1.86584,606.0
2025-08-22 10:00:00+00:00,1.86585,1.86678,1.86576,1.86616,868.0
2025-08-22 11:00:00+00:00,1.86616,1.86688,1.86568,1.8661,1505.0
2025-08-22 12:00:00+00:00,1.86617,1.86757,1.86598,1.86654,1153.0
2025-08-22 13:00:00+00:00,1.86653,1.86918,1.86648,1.8686,1158.0
2025-08-22 14:00:00+00:00,1.86858,1.8724,1.86857,1.8709,8987.0
2025-08-22 15:00:00+00:00,1.87095,1.87341,1.87066,1.87252,2279.0
2025-08-22 16:00:00+00:00,1.87254,1.87284,1.87046,1.87075,1503.0
2025-08-22 17:00:00+00:00,1.8708,1.87124,1.87038,1.87048,1242.0
2025-08-22 18:00:00+00:00,1.87042,1.87068,1.86916,1.86972,742.0
2025-08-22 19:00:00+00:00,1.86972,1.86998,1.86912,1.8693,1243.0
2025-08-22 20:00:00+00:00,1.8693,1.87072,1.86894,1.87054,2130.0
2025-08-24 21:00:00+00:00,1.8689,1.8701,1.86883,1.86894,1056.0
2025-08-24 22:00:00+00:00,1.86887,1.86964,1.86859,1.86885,803.0
2025-08-24 23:00:00+00:00,1.86881,1.86922,1.86815,1.86815,874.0
2025-08-25 00:00:00+00:00,1.86826,1.86875,1.86726,1.86741,1800.0
2025-08-25 01:00:00+00:00,1.86741,1.8678,1.867,1.8678,1197.0
2025-08-25 02:00:00+00:00,1.86783,1.8684,1.86738,1.86821,1052.0
2025-08-25 03:00:00+00:00,1.86828,1.86912,1.86828,1.86901,961.0
2025-08-25 04:00:00+00:00,1.86904,1.86944,1.86881,1.8693,712.0
2025-08-25 05:00:00+00:00,1.86924,1.86944,1.86871,1.86944,549.0
2025-08-25 06:00:00+00:00,1.86943,1.86981,1.86889,1.86903,679.0
2025-08-25 07:00:00+00:00,1.869,1.86932,1.86813,1.86831,986.0
2025-08-25 08:00:00+00:00,1.8683,1.86853,1.86704,1.86708,657.0
2025-08-25 09:00:00+00:00,1.86704,1.86719,1.86612,1.8665,544.0
2025-08-25 10:00:00+00:00,1.86652,1.86664,1.86522,1.86637,499.0
2025-08-25 11:00:00+00:00,1.86636,1.86898,1.86578,1.8688,724.0
2025-08-25 12:00:00+00:00,1.86886,1.86891,1.86571,1.86665,836.0
2025-08-25 13:00:00+00:00,1.86668,1.86756,1.86624,1.86716,970.0
2025-08-25 14:00:00+00:00,1.86715,1.86803,1.86588,1.86656,1017.0
2025-08-25 15:00:00+00:00,1.86656,1.86679,1.86538,1.86562,1030.0
2025-08-25 16:00:00+00:00,1.86563,1.86661,1.86548,1.86588,745.0
2025-08-25 17:00:00+00:00,1.86592,1.86606,1.86494,1.8658,467.0
2025-08-25 18:00:00+00:00,1.86582,1.86589,1.86442,1.86459,794.0
2025-08-25 19:00:00+00:00,1.86468,1.86498,1.86392,1.86498,811.0
2025-08-25 20:00:00+00:00,1.865,1.86522,1.8642,1.86478,1426.0
2025-08-25 21:00:00+00:00,1.86522,1.866,1.86424,1.86506,1179.0
2025-08-25 22:00:00+00:00,1.86502,1.86534,1.86412,1.86438,365.0
2025-08-25 23:00:00+00:00,1.8644,1.86471,1.86411,1.86464,515.0
2025-08-26 00:00:00+00:00,1.86462,1.86736,1.8642,1.86638,4318.0
2025-08-26 01:00:00+00:00,1.86634,1.86699,1.86568,1.86663,1653.0
2025-08-26 02:00:00+00:00,1.86658,1.86664,1.8644,1.86476,2048.0
2025-08-26 03:00:00+00:00,1.86476,1.86494,1.864,1.86412,1109.0
2025-08-26 04:00:00+00:00,1.86404,1.86478,1.86398,1.8643,549.0
2025-08-26 05:00:00+00:00,1.86432,1.8655,1.86396,1.86514,832.0
2025-08-26 06:00:00+00:00,1.86511,1.86563,1.86415,1.86513,1180.0
2025-08-26 07:00:00+00:00,1.86498,1.86498,1.86275,1.8643,1406.0
2025-08-26 08:00:00+00:00,1.8643,1.86684,1.8643,1.86569,908.0
2025-08-26 09:00:00+00:00,1.86562,1.86688,1.865,1.86662,1097.0
2025-08-26 10:00:00+00:00,1.86659,1.86698,1.86593,1.8669,997.0
2025-08-26 11:00:00+00:00,1.8669,1.8677,1.86633,1.86724,1101.0
2025-08-26 12:00:00+00:00,1.86724,1.8677,1.86607,1.86622,1550.0
2025-08-26 13:00:00+00:00,1.86618,1.86733,1.86553,1.86678,1214.0
2025-08-26 14:00:00+00:00,1.8668,1.8669,1.86355,1.86355,1921.0
2025-08-26 15:00:00+00:00,1.86361,1.86496,1.86306,1.86376,1408.0
2025-08-26 16:00:00+00:00,1.86378,1.86562,1.8637,1.86386,1410.0
2025-08-26 17:00:00+00:00,1.8638,1.86515,1.86357,1.86438,1523.0
2025-08-26 18:00:00+00:00,1.86435,1.865,1.86371,1.8648,457.0
2025-08-26 19:00:00+00:00,1.86474,1.86524,1.86456,1.86462,766.0
2025-08-26 20:00:00+00:00,1.86463,1.86521,1.86362,1.86511,1281.0
2025-08-26 21:00:00+00:00,1.86528,1.86576,1.86482,1.86556,3062.0
2025-08-26 22:00:00+00:00,1.86539,1.86549,1.86474,1.86486,606.0
2025-08-26 23:00:00+00:00,1.86484,1.86485,1.86426,1.86446,765.0
2025-08-27 00:00:00+00:00,1.86445,1.86448,1.86339,1.86351,847.0
2025-08-27 01:00:00+00:00,1.8635,1.86365,1.86293,1.863,872.0
2025-08-27 02:00:00+00:00,1.86302,1.86316,1.86252,1.86296,543.0
2025-08-27 03:00:00+00:00,1.86288,1.86345,1.8623,1.8625,565.0
2025-08-27 04:00:00+00:00,1.86254,1.86255,1.86148,1.8616,1291.0
2025-08-27 05:00:00+00:00,1.86161,1.86234,1.86155,1.86232,911.0
2025-08-27 06:00:00+00:00,1.86236,1.8632,1.86156,1.86309,671.0
2025-08-27 07:00:00+00:00,1.8631,1.86362,1.86212,1.86276,1286.0
2025-08-27 08:00:00+00:00,1.86276,1.86278,1.86076,1.8619,1169.0
2025-08-27 09:00:00+00:00,1.86192,1.86262,1.86161,1.86209,806.0
2025-08-27 10:00:00+00:00,1.86212,1.86212,1.85918,1.8593,750.0
2025-08-27 11:00:00+00:00,1.85929,1.8605,1.8589,1.86042,1540.0
2025-08-27 12:00:00+00:00,1.86045,1.86211,1.8603,1.8617,1156.0
2025-08-27 13:00:00+00:00,1.86162,1.86344,1.86072,1.86264,1209.0
2025-08-27 14:00:00+00:00,1.86267,1.86406,1.86108,1.86177,1603.0
2025-08-27 15:00:00+00:00,1.86176,1.86318,1.86144,1.86174,1208.0
2025-08-27 16:00:00+00:00,1.86182,1.86268,1.86114,1.86212,873.0
2025-08-27 17:00:00+00:00,1.86209,1.86256,1.86066,1.8611,1029.0
2025-08-27 18:00:00+00:00,1.86116,1.86206,1.86056,1.86204,1055.0
2025-08-27 19:00:00+00:00,1.86205,1.8621,1.86086,1.86101,1310.0
2025-08-27 20:00:00+00:00,1.86102,1.86174,1.86021,1.86165,1484.0
2025-08-27 21:00:00+00:00,1.86056,1.8613,1.8605,1.86106,1140.0
2025-08-27 22:00:00+00:00,1.86094,1.86115,1.86022,1.86046,1417.0
2025-08-27 23:00:00+00:00,1.86041,1.86122,1.8603,1.8607,1559.0
2025-08-28 00:00:00+00:00,1.86069,1.86098,1.85964,1.86094,3713.0
2025-08-28 01:00:00+00:00,1.86094,1.86141,1.86014,1.86066,4595.0
2025-08-28 02:00:00+00:00,1.86066,1.8617,1.86062,1.86128,4045.0
2025-08-28 03:00:00+00:00,1.86128,1.86132,1.86066,1.86071,2815.0
2025-08-28 04:00:00+00:00,1.86073,1.8611,1.86067,1.86078,2536.0
2025-08-28 05:00:00+00:00,1.86078,1.86137,1.86066,1.86097,3055.0
2025-08-28 06:00:00+00:00,1.86094,1.86152,1.8607,1.86096,2645.0
2025-08-28 07:00:00+00:00,1.86094,1.86106,1.8585,1.85966,3413.0
2025-08-28 08:00:00+00:00,1.85967,1.85972,1.85815,1.85932,1493.0
2025-08-28 09:00:00+00:00,1.85938,1.85968,1.85874,1.85898,2111.0
2025-08-28 10:00:00+00:00,1.85905,1.86116,1.85884,1.86046,3382.0
2025-08-28 11:00:00+00:00,1.86046,1.86096,1.85954,1.85988,1727.0
2025-08-28 12:00:00+00:00,1.8599,1.85998,1.85734,1.85778,2727.0
2025-08-28 13:00:00+00:00,1.85778,1.8605,1.8571,1.85886,3089.0
2025-08-28 14:00:00+00:00,1.85892,1.86148,1.85861,1.85966,2281.0
2025-08-28 15:00:00+00:00,1.85968,1.85996,1.85793,1.8582,1453.0
2025-08-28 16:00:00+00:00,1.85813,1.85905,1.85803,1.85866,1854.0
2025-08-28 17:00:00+00:00,1.85874,1.85937,1.85808,1.8583,945.0
2025-08-28 18:00:00+00:00,1.85836,1.85847,1.85672,1.85764,1346.0
2025-08-28 19:00:00+00:00,1.85762,1.85816,1.85742,1.85812,1518.0
2025-08-28 20:00:00+00:00,1.85814,1.85816,1.8568,1.85738,2248.0
2025-08-28 21:00:00+00:00,1.85774,1.85808,1.85746,1.85806,857.0
2025-08-28 22:00:00+00:00,1.85804,1.85817,1.85739,1.85742,1024.0
2025-08-28 23:00:00+00:00,1.8575,1.85804,1.85746,1.85771,368.0
2025-08-29 00:00:00+00:00,1.85772,1.85776,1.85674,1.85697,594.0
2025-08-29 01:00:00+00:00,1.85694,1.85724,1.85597,1.85616,1316.0
2025-08-29 02:00:00+00:00,1.85614,1.85718,1.85612,1.85708,1448.0
2025-08-29 03:00:00+00:00,1.85714,1.8572,1.85654,1.85666,412.0
2025-08-29 04:00:00+00:00,1.85667,1.8571,1.85628,1.8571,231.0
2025-08-29 05:00:00+00:00,1.85711,1.85714,1.85602,1.85672,365.0
2025-08-29 06:00:00+00:00,1.85674,1.85694,1.85556,1.85571,726.0
2025-08-29 07:00:00+00:00,1.8557,1.856,1.85356,1.85383,802.0
2025-08-29 08:00:00+00:00,1.85384,1.85416,1.85133,1.8519,1140.0
2025-08-29 09:00:00+00:00,1.85194,1.85322,1.85154,1.85158,856.0
2025-08-29 10:00:00+00:00,1.85154,1.85234,1.85044,1.85108,637.0
2025-08-29 11:00:00+00:00,1.85104,1.85109,1.84958,1.85007,793.0
2025-08-29 12:00:00+00:00,1.85011,1.85404,1.84922,1.85352,1919.0
2025-08-29 13:00:00+00:00,1.8535,1.85415,1.85198,1.85372,1462.0
2025-08-29 14:00:00+00:00,1.85373,1.85533,1.85141,1.85488,2277.0
2025-08-29 15:00:00+00:00,1.85493,1.85598,1.85442,1.85442,1423.0
2025-08-29 16:00:00+00:00,1.85436,1.85524,1.85416,1.8549,899.0
2025-08-29 17:00:00+00:00,1.85488,1.85524,1.85434,1.85446,625.0
2025-08-29 18:00:00+00:00,1.85436,1.8549,1.85422,1.8547,779.0
2025-08-29 19:00:00+00:00,1.85469,1.85618,1.85459,1.85614,1623.0
2025-08-29 20:00:00+00:00,1.85614,1.85702,1.8548,1.85602,2302.0
2025-08-31 21:00:00+00:00,1.85396,1.85612,1.85388,1.8553,610.0
2025-08-31 22:00:00+00:00,1.8557,1.8561,1.85528,1.85536,596.0
2025-08-31 23:00:00+00:00,1.85532,1.85542,1.85502,1.85521,271.0
2025-09-01 00:00:00+00:00,1.85518,1.85699,1.8549,1.85682,900.0
2025-09-01 01:00:00+00:00,1.85683,1.857,1.85612,1.85649,796.0
2025-09-01 02:00:00+00:00,1.85656,1.85789,1.85644,1.85766,939.0
2025-09-01 03:00:00+00:00,1.85766,1.85793,1.85722,1.85747,1355.0
2025-09-01 04:00:00+00:00,1.85746,1.8575,1.85702,1.85714,879.0
2025-09-01 05:00:00+00:00,1.85712,1.85794,1.85702,1.85792,304.0
2025-09-01 06:00:00+00:00,1.8579,1.86089,1.85782,1.8603,860.0
2025-09-01 07:00:00+00:00,1.86036,1.86087,1.8585,1.86006,891.0
2025-09-01 08:00:00+00:00,1.86004,1.8605,1.85928,1.85966,797.0
2025-09-01 09:00:00+00:00,1.8596,1.85978,1.85802,1.8589,692.0
2025-09-01 10:00:00+00:00,1.85892,1.85904,1.85776,1.85805,484.0
2025-09-01 11:00:00+00:00,1.85813,1.85932,1.85808,1.85837,1046.0
2025-09-01 12:00:00+00:00,1.85839,1.86102,1.85836,1.86101,1076.0
2025-09-01 13:00:00+00:00,1.86108,1.8621,1.8606,1.8611,906.0
2025-09-01 14:00:00+00:00,1.86104,1.86273,1.86081,1.86246,908.0
2025-09-01 15:00:00+00:00,1.8624,1.86392,1.8623,1.86281,822.0
2025-09-01 16:00:00+00:00,1.86278,1.86358,1.86252,1.8626,316.0
2025-09-01 17:00:00+00:00,1.86261,1.8628,1.8625,1.86271,270.0
2025-09-01 18:00:00+00:00,1.86273,1.86274,1.86237,1.86255,155.0
2025-09-01 19:00:00+00:00,1.86254,1.863,1.8625,1.8629,510.0
2025-09-01 20:00:00+00:00,1.86286,1.86317,1.86238,1.86244,417.0
2025-09-01 21:00:00+00:00,1.86248,1.8627,1.86194,1.86232,909.0
2025-09-01 22:00:00+00:00,1.86206,1.86314,1.862,1.86252,464.0
2025-09-01 23:00:00+00:00,1.86254,1.86274,1.86236,1.86236,552.0
2025-09-02 00:00:00+00:00,1.86232,1.86258,1.86076,1.86104,1435.0
2025-09-02 01:00:00+00:00,1.86108,1.86145,1.86086,1.86118,1400.0
2025-09-02 02:00:00+00:00,1.86119,1.86119,1.86023,1.8607,921.0
2025-09-02 03:00:00+00:00,1.8607,1.86082,1.86029,1.8603,1034.0
2025-09-02 04:00:00+00:00,1.86036,1.86129,1.86012,1.86097,1261.0
2025-09-02 05:00:00+00:00,1.86095,1.86127,1.8598,1.8598,1066.0
2025-09-02 06:00:00+00:00,1.85982,1.86059,1.85905,1.85998,1353.0
2025-09-02 07:00:00+00:00,1.86004,1.86022,1.84546,1.84652,5569.0
2025-09-02 08:00:00+00:00,1.8465,1.84958,1.8436,1.8469,3410.0
2025-09-02 09:00:00+00:00,1.84691,1.84724,1.84349,1.84574,2357.0
2025-09-02 10:00:00+00:00,1.84579,1.84585,1.84207,1.84274,1724.0
2025-09-02 11:00:00+00:00,1.84274,1.84576,1.84154,1.84531,2478.0
2025-09-02 12:00:00+00:00,1.84534,1.84684,1.84188,1.8436,3061.0
2025-09-02 13:00:00+00:00,1.84364,1.84745,1.84236,1.8463,2858.0
2025-09-02 14:00:00+00:00,1.84638,1.84942,1.84638,1.84797,3828.0
2025-09-02 15:00:00+00:00,1.84797,1.84819,1.8445,1.84571,1676.0
2025-09-02 16:00:00+00:00,1.84579,1.84607,1.84411,1.84458,1164.0
2025-09-02 17:00:00+00:00,1.8445,1.84494,1.84388,1.84421,779.0
2025-09-02 18:00:00+00:00,1.84418,1.8452,1.84418,1.84444,825.0
2025-09-02 19:00:00+00:00,1.8445,1.84586,1.84442,1.84582,1405.0
2025-09-02 20:00:00+00:00,1.84588,1.84644,1.84491,1.8461,1936.0
2025-09-02 21:00:00+00:00,1.84517,1.84598,1.8449,1.84581,757.0
2025-09-02 22:00:00+00:00,1.84582,1.84618,1.84509,1.84518,622.0
2025-09-02 23:00:00+00:00,1.84519,1.8453,1.84457,1.84457,1045.0
2025-09-03 00:00:00+00:00,1.84462,1.84477,1.84412,1.84452,1124.0
2025-09-03 01:00:00+00:00,1.84447,1.84476,1.84318,1.84318,1061.0
2025-09-03 02:00:00+00:00,1.84314,1.84366,1.84302,1.84316,1119.0
2025-09-03 03:00:00+00:00,1.84322,1.84388,1.84321,1.84328,527.0
2025-09-03 04:00:00+00:00,1.84328,1.84414,1.84321,1.84381,416.0
2025-09-03 05:00:00+00:00,1.84387,1.84454,1.84354,1.84364,745.0
2025-09-03 06:00:00+00:00,1.8436,1.84678,1.84358,1.84548,1070.0
2025-09-03 07:00:00+00:00,1.84548,1.84584,1.84049,1.84419,2397.0
2025-09-03 08:00:00+00:00,1.84424,1.85056,1.84404,1.85026,1723.0
2025-09-03 09:00:00+00:00,1.8503,1.8513,1.84919,1.8499,1468.0
2025-09-03 10:00:00+00:00,1.84992,1.85016,1.84887,1.84962,1072.0
2025-09-03 11:00:00+00:00,1.84962,1.85064,1.84871,1.8505,1102.0
2025-09-03 12:00:00+00:00,1.8505,1.85284,1.85026,1.85246,1439.0
2025-09-03 13:00:00+00:00,1.85253,1.85329,1.85118,1.85206,1870.0
2025-09-03 14:00:00+00:00,1.85206,1.85391,1.85176,1.85245,2574.0
2025-09-03 15:00:00+00:00,1.85242,1.85476,1.85217,1.85412,1346.0
2025-09-03 16:00:00+00:00,1.85405,1.85468,1.85362,1.8542,929.0
2025-09-03 17:00:00+00:00,1.85426,1.85573,1.85417,1.85444,896.0
2025-09-03 18:00:00+00:00,1.85437,1.85484,1.85346,1.85454,912.0
2025-09-03 19:00:00+00:00,1.85454,1.85482,1.85397,1.8543,847.0
2025-09-03 20:00:00+00:00,1.85426,1.85469,1.85352,1.85442,1277.0
2025-09-03 21:00:00+00:00,1.85368,1.85456,1.85356,1.85402,1344.0
2025-09-03 22:00:00+00:00,1.85402,1.85446,1.85362,1.85365,720.0
2025-09-03 23:00:00+00:00,1.85364,1.85396,1.85341,1.85368,1077.0
2025-09-04 00:00:00+00:00,1.85369,1.85463,1.85348,1.85454,1937.0
2025-09-04 01:00:00+00:00,1.85453,1.85518,1.85378,1.85419,1596.0
2025-09-04 02:00:00+00:00,1.8541,1.85447,1.85374,1.85406,1949.0
2025-09-04 03:00:00+00:00,1.8541,1.85428,1.85339,1.85366,2023.0
2025-09-04 04:00:00+00:00,1.85365,1.85396,1.85338,1.8537,1234.0
2025-09-04 05:00:00+00:00,1.8537,1.85427,1.85365,1.85404,2135.0
2025-09-04 06:00:00+00:00,1.85406,1.8564,1.85402,1.85571,1291.0
2025-09-04 07:00:00+00:00,1.85568,1.85598,1.8532,1.85434,1594.0
2025-09-04 08:00:00+00:00,1.85436,1.85818,1.85426,1.85778,1681.0
2025-09-04 09:00:00+00:00,1.8578,1.85837,1.85597,1.85717,946.0
2025-09-04 10:00:00+00:00,1.85718,1.85894,1.85668,1.85844,878.0
2025-09-04 11:00:00+00:00,1.8585,1.8585,1.85562,1.8564,1235.0
2025-09-04 12:00:00+00:00,1.85644,1.85814,1.85562,1.85678,2337.0
2025-09-04 13:00:00+00:00,1.85675,1.85694,1.85525,1.8566,2320.0
2025-09-04 14:00:00+00:00,1.85638,1.85828,1.85536,1.85827,2043.0
2025-09-04 15:00:00+00:00,1.85822,1.85937,1.85802,1.85818,1024.0
2025-09-04 16:00:00+00:00,1.85822,1.85826,1.8561,1.85629,1068.0
2025-09-04 17:00:00+00:00,1.85626,1.85706,1.85586,1.85628,1667.0
2025-09-04 18:00:00+00:00,1.8563,1.85718,1.8562,1.85642,974.0
2025-09-04 19:00:00+00:00,1.85644,1.85743,1.85624,1.85737,1094.0
2025-09-04 20:00:00+00:00,1.85736,1.85755,1.85605,1.85654,1593.0
2025-09-04 21:00:00+00:00,1.85606,1.85648,1.85586,1.85636,2767.0
2025-09-04 22:00:00+00:00,1.85636,1.85658,1.85593,1.8565,722.0
2025-09-04 23:00:00+00:00,1.8565,1.85746,1.8564,1.8573,860.0
2025-09-05 00:00:00+00:00,1.85726,1.85746,1.85708,1.85728,1070.0
2025-09-05 01:00:00+00:00,1.85729,1.85782,1.85705,1.8573,905.0
2025-09-05 02:00:00+00:00,1.85734,1.85768,1.85707,1.85752,943.0
2025-09-05 03:00:00+00:00,1.8575,1.8577,1.85731,1.85756,905.0
2025-09-05 04:00:00+00:00,1.85756,1.85774,1.85724,1.85745,1708.0
2025-09-05 05:00:00+00:00,1.85746,1.85806,1.85696,1.85794,1838.0
2025-09-05 06:00:00+00:00,1.85796,1.85978,1.85758,1.85763,2034.0
2025-09-05 07:00:00+00:00,1.85765,1.8577,1.856,1.85722,963.0
2025-09-05 08:00:00+00:00,1.85722,1.8582,1.85686,1.85776,582.0
2025-09-05 09:00:00+00:00,1.85774,1.85968,1.85725,1.85968,717.0
2025-09-05 10:00:00+00:00,1.85969,1.86006,1.85894,1.85917,647.0
2025-09-05 11:00:00+00:00,1.85914,1.85968,1.85808,1.85808,1046.0
2025-09-05 12:00:00+00:00,1.858,1.86746,1.85731,1.86648,6894.0
2025-09-05 13:00:00+00:00,1.86645,1.86965,1.86609,1.86952,2592.0
2025-09-05 14:00:00+00:00,1.8696,1.87199,1.86826,1.86986,2524.0
2025-09-05 15:00:00+00:00,1.86975,1.87233,1.86975,1.87202,3642.0
2025-09-05 16:00:00+00:00,1.872,1.87214,1.8706,1.8711,3312.0
2025-09-05 17:00:00+00:00,1.87115,1.87234,1.87062,1.87076,1014.0
2025-09-05 18:00:00+00:00,1.87074,1.8713,1.86974,1.87018,887.0
2025-09-05 19:00:00+00:00,1.87012,1.871,1.87004,1.87026,667.0
2025-09-05 20:00:00+00:00,1.87025,1.8704,1.86695,1.86794,2228.0
2025-09-07 21:00:00+00:00,1.86814,1.8696,1.86791,1.86832,1080.0
2025-09-07 22:00:00+00:00,1.86852,1.86912,1.86616,1.86693,1212.0
2025-09-07 23:00:00+00:00,1.8669,1.8675,1.8663,1.8667,1337.0
2025-09-08 00:00:00+00:00,1.86678,1.86758,1.8662,1.86753,1634.0
2025-09-08 01:00:00+00:00,1.86758,1.86798,1.8667,1.86748,1300.0
2025-09-08 02:00:00+00:00,1.8675,1.86821,1.86736,1.86784,1434.0
2025-09-08 03:00:00+00:00,1.86781,1.86795,1.86668,1.8668,487.0
2025-09-08 04:00:00+00:00,1.8668,1.8672,1.866,1.86698,867.0
2025-09-08 05:00:00+00:00,1.86694,1.86738,1.8663,1.86638,976.0
2025-09-08 06:00:00+00:00,1.86642,1.86912,1.86642,1.86904,1198.0
2025-09-08 07:00:00+00:00,1.86898,1.869,1.86701,1.86726,1410.0
2025-09-08 08:00:00+00:00,1.86728,1.86836,1.8661,1.86687,1258.0
2025-09-08 09:00:00+00:00,1.86684,1.86752,1.86636,1.8666,851.0
2025-09-08 10:00:00+00:00,1.86652,1.86818,1.86552,1.86794,784.0
2025-09-08 11:00:00+00:00,1.86791,1.86836,1.86663,1.86718,826.0
2025-09-08 12:00:00+00:00,1.86716,1.86864,1.86701,1.86798,1098.0
2025-09-08 13:00:00+00:00,1.868,1.87172,1.86762,1.87104,1315.0
2025-09-08 14:00:00+00:00,1.87094,1.87184,1.87004,1.87085,1366.0
2025-09-08 15:00:00+00:00,1.87079,1.87244,1.87064,1.8722,1108.0
2025-09-08 16:00:00+00:00,1.87232,1.87275,1.87134,1.87157,748.0
2025-09-08 17:00:00+00:00,1.87151,1.87212,1.87058,1.8707,715.0
2025-09-08 18:00:00+00:00,1.87072,1.87214,1.87051,1.8721,893.0
2025-09-08 19:00:00+00:00,1.87198,1.8721,1.87078,1.87078,1188.0
2025-09-08 20:00:00+00:00,1.87073,1.87094,1.86941,1.86952,1110.0
2025-09-08 21:00:00+00:00,1.86978,1.87006,1.86929,1.86956,1518.0
2025-09-08 22:00:00+00:00,1.86948,1.86989,1.86916,1.86976,695.0
2025-09-08 23:00:00+00:00,1.86978,1.87048,1.86964,1.86965,512.0
2025-09-09 00:00:00+00:00,1.86968,1.87187,1.86956,1.87162,1866.0
2025-09-09 01:00:00+00:00,1.87161,1.87318,1.87126,1.87268,877.0
2025-09-09 02:00:00+00:00,1.87264,1.87276,1.87208,1.87226,881.0
2025-09-09 03:00:00+00:00,1.87232,1.8726,1.87213,1.8725,412.0
2025-09-09 04:00:00+00:00,1.87246,1.87383,1.87246,1.87372,828.0
2025-09-09 05:00:00+00:00,1.87368,1.87422,1.87266,1.8733,1127.0
2025-09-09 06:00:00+00:00,1.8734,1.87382,1.87096,1.87237,1517.0
2025-09-09 07:00:00+00:00,1.87231,1.87372,1.87212,1.87306,1187.0
2025-09-09 08:00:00+00:00,1.87301,1.87422,1.87206,1.87272,1904.0
2025-09-09 09:00:00+00:00,1.8728,1.87578,1.87272,1.87522,944.0
2025-09-09 10:00:00+00:00,1.87524,1.87524,1.87414,1.87496,1338.0
2025-09-09 11:00:00+00:00,1.87502,1.87506,1.87282,1.87298,676.0
2025-09-09 12:00:00+00:00,1.87304,1.87368,1.87188,1.87348,1133.0
2025-09-09 13:00:00+00:00,1.87353,1.8746,1.87234,1.8726,1486.0
2025-09-09 14:00:00+00:00,1.87264,1.87402,1.87077,1.8712,2836.0
2025-09-09 15:00:00+00:00,1.87126,1.87249,1.87058,1.872,1011.0
2025-09-09 16:00:00+00:00,1.872,1.87416,1.87165,1.8721,786.0
2025-09-09 17:00:00+00:00,1.87219,1.87346,1.872,1.87245,851.0
2025-09-09 18:00:00+00:00,1.87237,1.87282,1.87208,1.87238,652.0
2025-09-09 19:00:00+00:00,1.87237,1.87373,1.87196,1.87346,548.0
2025-09-09 20:00:00+00:00,1.87346,1.87367,1.87212,1.87266,1118.0
2025-09-09 21:00:00+00:00,1.87261,1.8728,1.87186,1.87246,1702.0
2025-09-09 22:00:00+00:00,1.87219,1.87333,1.87214,1.87324,311.0
2025-09-09 23:00:00+00:00,1.87326,1.87326,1.87196,1.87206,567.0
2025-09-10 00:00:00+00:00,1.87213,1.87384,1.87207,1.87356,1024.0
2025-09-10 01:00:00+00:00,1.87362,1.87397,1.87317,1.87358,2253.0
2025-09-10 02:00:00+00:00,1.87358,1.87508,1.87346,1.87482,846.0
2025-09-10 03:00:00+00:00,1.87484,1.87511,1.87451,1.8746,582.0
2025-09-10 04:00:00+00:00,1.87466,1.87478,1.87422,1.87436,607.0
2025-09-10 05:00:00+00:00,1.87436,1.8748,1.87348,1.87348,1305.0
2025-09-10 06:00:00+00:00,1.87351,1.8748,1.87324,1.8737,1147.0
2025-09-10 07:00:00+00:00,1.8737,1.87544,1.87288,1.87493,1566.0
2025-09-10 08:00:00+00:00,1.87494,1.87498,1.87349,1.8738,987.0
2025-09-10 09:00:00+00:00,1.87386,1.87576,1.87358,1.87534,959.0
2025-09-10 10:00:00+00:00,1.87539,1.8766,1.87502,1.8762,1034.0
2025-09-10 11:00:00+00:00,1.87614,1.87623,1.87472,1.87553,1591.0
2025-09-10 12:00:00+00:00,1.8756,1.87834,1.87416,1.87436,3224.0
2025-09-10 13:00:00+00:00,1.87436,1.8766,1.87394,1.87572,1705.0
2025-09-10 14:00:00+00:00,1.8757,1.87714,1.87475,1.87558,1879.0
2025-09-10 15:00:00+00:00,1.87552,1.87698,1.8754,1.87544,950.0
2025-09-10 16:00:00+00:00,1.87544,1.87686,1.8753,1.87568,954.0
2025-09-10 17:00:00+00:00,1.87564,1.87672,1.87525,1.87638,854.0
2025-09-10 18:00:00+00:00,1.87642,1.87661,1.87568,1.87614,970.0
2025-09-10 19:00:00+00:00,1.87616,1.87663,1.87502,1.8759,1491.0
2025-09-10 20:00:00+00:00,1.87588,1.87605,1.87479,1.8756,1562.0
2025-09-10 21:00:00+00:00,1.87599,1.87622,1.87502,1.87575,1372.0
2025-09-10 22:00:00+00:00,1.8754,1.87608,1.8754,1.876,512.0
2025-09-10 23:00:00+00:00,1.87592,1.87622,1.87555,1.87558,943.0
2025-09-11 00:00:00+00:00,1.8756,1.87644,1.87544,1.876,2637.0
2025-09-11 01:00:00+00:00,1.876,1.8764,1.87578,1.8759,935.0
2025-09-11 02:00:00+00:00,1.87594,1.87634,1.87567,1.87606,1801.0
2025-09-11 03:00:00+00:00,1.876,1.87626,1.87586,1.87609,1302.0
2025-09-11 04:00:00+00:00,1.8761,1.87623,1.87576,1.87613,1134.0
2025-09-11 05:00:00+00:00,1.87616,1.87624,1.87538,1.87553,577.0
2025-09-11 06:00:00+00:00,1.87554,1.87618,1.87493,1.87493,1325.0
2025-09-11 07:00:00+00:00,1.87494,1.8758,1.87428,1.87565,1262.0
2025-09-11 08:00:00+00:00,1.8757,1.87654,1.87552,1.87572,986.0
2025-09-11 09:00:00+00:00,1.87582,1.87586,1.87398,1.87435,1490.0
2025-09-11 10:00:00+00:00,1.87434,1.87627,1.87395,1.87614,1445.0
2025-09-11 11:00:00+00:00,1.8761,1.8772,1.87524,1.87575,1595.0
2025-09-11 12:00:00+00:00,1.87574,1.87868,1.87419,1.87674,5840.0
2025-09-11 13:00:00+00:00,1.87684,1.8794,1.87662,1.87669,3411.0
2025-09-11 14:00:00+00:00,1.87666,1.87782,1.87598,1.87626,2203.0
2025-09-11 15:00:00+00:00,1.87634,1.87836,1.8759,1.87609,1468.0
2025-09-11 16:00:00+00:00,1.8761,1.87807,1.87605,1.87801,1391.0
2025-09-11 17:00:00+00:00,1.87798,1.8787,1.87718,1.87791,1041.0
2025-09-11 18:00:00+00:00,1.87782,1.87888,1.87738,1.87872,1041.0
2025-09-11 19:00:00+00:00,1.87874,1.87949,1.87768,1.87784,2036.0
2025-09-11 20:00:00+00:00,1.87786,1.87868,1.87722,1.87748,3359.0
2025-09-11 21:00:00+00:00,1.87774,1.8787,1.87736,1.87856,880.0
2025-09-11 22:00:00+00:00,1.8785,1.87866,1.87784,1.87821,626.0
2025-09-11 23:00:00+00:00,1.87826,1.87866,1.87786,1.8779,926.0
2025-09-12 00:00:00+00:00,1.87789,1.87868,1.87775,1.87823,2761.0
2025-09-12 01:00:00+00:00,1.87821,1.87822,1.87706,1.87724,2986.0
2025-09-12 02:00:00+00:00,1.87722,1.8774,1.87642,1.87674,1777.0
2025-09-12 03:00:00+00:00,1.8767,1.8771,1.87626,1.87638,1107.0
2025-09-12 04:00:00+00:00,1.87635,1.87658,1.87588,1.87646,957.0
2025-09-12 05:00:00+00:00,1.87646,1.8766,1.87568,1.87635,894.0
2025-09-12 06:00:00+00:00,1.8764,1.87703,1.87466,1.87568,1311.0
2025-09-12 07:00:00+00:00,1.87579,1.87819,1.87572,1.87657,1334.0
2025-09-12 08:00:00+00:00,1.8765,1.8765,1.87373,1.87408,1626.0
2025-09-12 09:00:00+00:00,1.87413,1.87479,1.87287,1.8747,1778.0
2025-09-12 10:00:00+00:00,1.8747,1.87624,1.87468,1.87562,1532.0
2025-09-12 11:00:00+00:00,1.87566,1.87657,1.87518,1.87556,1086.0
2025-09-12 12:00:00+00:00,1.8755,1.87602,1.87394,1.87477,1919.0
2025-09-12 13:00:00+00:00,1.8747,1.87624,1.87434,1.87538,1611.0
2025-09-12 14:00:00+00:00,1.87542,1.8779,1.8753,1.87776,1722.0
2025-09-12 15:00:00+00:00,1.87773,1.8786,1.87692,1.87716,929.0
2025-09-12 16:00:00+00:00,1.87714,1.87904,1.87693,1.87802,898.0
2025-09-12 17:00:00+00:00,1.87801,1.8787,1.87758,1.87762,569.0
2025-09-12 18:00:00+00:00,1.87764,1.87812,1.87745,1.87782,488.0
2025-09-12 19:00:00+00:00,1.87782,1.87828,1.8773,1.8776,755.0
2025-09-12 20:00:00+00:00,1.87754,1.8783,1.87663,1.87722,1737.0
2025-09-14 21:00:00+00:00,1.87705,1.87813,1.8752,1.87762,1887.0
2025-09-14 22:00:00+00:00,1.87766,1.87766,1.87578,1.87578,803.0
2025-09-14 23:00:00+00:00,1.8758,1.87631,1.87554,1.8756,431.0
2025-09-15 00:00:00+00:00,1.87564,1.87641,1.87564,1.87638,1101.0
2025-09-15 01:00:00+00:00,1.87636,1.87702,1.87596,1.87696,1596.0
2025-09-15 02:00:00+00:00,1.87691,1.87712,1.87667,1.87689,1251.0
2025-09-15 03:00:00+00:00,1.8769,1.87732,1.87668,1.8767,1831.0
2025-09-15 04:00:00+00:00,1.87672,1.87747,1.87666,1.87695,1256.0
2025-09-15 05:00:00+00:00,1.877,1.8772,1.87644,1.87648,720.0
2025-09-15 06:00:00+00:00,1.87648,1.87723,1.87552,1.87657,1077.0
2025-09-15 07:00:00+00:00,1.8765,1.8804,1.8765,1.87924,1185.0
2025-09-15 08:00:00+00:00,1.87925,1.88118,1.87863,1.87896,972.0
2025-09-15 09:00:00+00:00,1.8789,1.88114,1.8781,1.88011,1200.0
2025-09-15 10:00:00+00:00,1.88008,1.88163,1.8799,1.8811,949.0
2025-09-15 11:00:00+00:00,1.8811,1.88222,1.88076,1.88214,1167.0
2025-09-15 12:00:00+00:00,1.8822,1.8826,1.88073,1.88215,965.0
2025-09-15 13:00:00+00:00,1.88216,1.88218,1.88072,1.88094,1110.0
2025-09-15 14:00:00+00:00,1.88095,1.88112,1.8761,1.87643,1789.0
2025-09-15 15:00:00+00:00,1.87645,1.8776,1.87634,1.87756,1168.0
2025-09-15 16:00:00+00:00,1.87756,1.87764,1.87628,1.87658,1299.0
2025-09-15 17:00:00+00:00,1.87666,1.87685,1.87521,1.87549,1636.0
2025-09-15 18:00:00+00:00,1.87548,1.8756,1.87352,1.87436,1769.0
2025-09-15 19:00:00+00:00,1.87432,1.87447,1.8736,1.8739,1243.0
2025-09-15 20:00:00+00:00,1.87396,1.8746,1.87303,1.87344,2139.0
2025-09-15 21:00:00+00:00,1.87331,1.8748,1.8733,1.87422,730.0
2025-09-15 22:00:00+00:00,1.87446,1.87472,1.8739,1.8741,717.0
2025-09-15 23:00:00+00:00,1.87412,1.87428,1.87352,1.87354,680.0
2025-09-16 00:00:00+00:00,1.87353,1.87398,1.87325,1.87349,955.0
2025-09-16 01:00:00+00:00,1.87348,1.87387,1.87315,1.87341,1259.0
2025-09-16 02:00:00+00:00,1.87343,1.87474,1.87343,1.87458,675.0
2025-09-16 03:00:00+00:00,1.8746,1.87538,1.87446,1.87475,612.0
2025-09-16 04:00:00+00:00,1.87476,1.87519,1.87453,1.87504,1252.0
2025-09-16 05:00:00+00:00,1.87507,1.87548,1.87476,1.87548,1232.0
2025-09-16 06:00:00+00:00,1.87556,1.87664,1.87534,1.87603,1000.0
2025-09-16 07:00:00+00:00,1.87602,1.87756,1.876,1.87642,1349.0
2025-09-16 08:00:00+00:00,1.8764,1.87798,1.87631,1.87705,988.0
2025-09-16 09:00:00+00:00,1.87711,1.87826,1.87676,1.87786,1020.0
2025-09-16 10:00:00+00:00,1.8778,1.8778,1.87526,1.87536,762.0
2025-09-16 11:00:00+00:00,1.87548,1.87658,1.8751,1.87604,1110.0
2025-09-16 12:00:00+00:00,1.87603,1.87763,1.87418,1.87656,2007.0
2025-09-16 13:00:00+00:00,1.87653,1.87764,1.8756,1.87734,2080.0
2025-09-16 14:00:00+00:00,1.87727,1.8794,1.8769,1.87738,2205.0
2025-09-16 15:00:00+00:00,1.87736,1.8777,1.87618,1.87668,1444.0
2025-09-16 16:00:00+00:00,1.87669,1.87728,1.87602,1.87674,1027.0
2025-09-16 17:00:00+00:00,1.87677,1.87774,1.87604,1.87712,763.0
2025-09-16 18:00:00+00:00,1.87706,1.87813,1.8764,1.87802,605.0
2025-09-16 19:00:00+00:00,1.87808,1.87814,1.8768,1.8769,1556.0
2025-09-16 20:00:00+00:00,1.87688,1.87707,1.87385,1.87464,2327.0
2025-09-16 21:00:00+00:00,1.87552,1.8761,1.87474,1.87525,2470.0
2025-09-16 22:00:00+00:00,1.8752,1.8764,1.87478,1.87548,378.0
2025-09-16 23:00:00+00:00,1.87556,1.8761,1.87545,1.87569,457.0
2025-09-17 00:00:00+00:00,1.87574,1.87646,1.87512,1.87519,1333.0
2025-09-17 01:00:00+00:00,1.87518,1.8759,1.87518,1.87558,1330.0
2025-09-17 02:00:00+00:00,1.87554,1.87605,1.8754,1.87591,1062.0
2025-09-17 03:00:00+00:00,1.8759,1.87658,1.87569,1.87636,814.0
2025-09-17 04:00:00+00:00,1.87634,1.87642,1.87576,1.87576,562.0
2025-09-17 05:00:00+00:00,1.87582,1.87674,1.87581,1.8767,596.0
2025-09-17 06:00:00+00:00,1.87672,1.87762,1.87505,1.87554,1466.0
2025-09-17 07:00:00+00:00,1.87548,1.8766,1.87483,1.87617,924.0
2025-09-17 08:00:00+00:00,1.87614,1.87768,1.8758,1.87629,807.0
2025-09-17 09:00:00+00:00,1.87635,1.87801,1.87635,1.8771,609.0
2025-09-17 10:00:00+00:00,1.8771,1.87768,1.8762,1.87682,937.0
2025-09-17 11:00:00+00:00,1.8769,1.87732,1.87572,1.87708,643.0
2025-09-17 12:00:00+00:00,1.877,1.8782,1.87642,1.87788,714.0
2025-09-17 13:00:00+00:00,1.87784,1.88076,1.87734,1.87978,2324.0
2025-09-17 14:00:00+00:00,1.87978,1.88118,1.87866,1.87992,1378.0
2025-09-17 15:00:00+00:00,1.87991,1.88036,1.87908,1.87976,946.0
2025-09-17 16:00:00+00:00,1.87977,1.88104,1.87966,1.88028,784.0
2025-09-17 17:00:00+00:00,1.88025,1.88102,1.87976,1.88094,984.0
2025-09-17 18:00:00+00:00,1.88108,1.88433,1.87805,1.87827,14385.0
2025-09-17 19:00:00+00:00,1.87828,1.88025,1.87748,1.8781,6384.0
2025-09-17 20:00:00+00:00,1.87809,1.87809,1.87568,1.87658,2496.0
2025-09-17 21:00:00+00:00,1.87678,1.87794,1.87672,1.87698,1095.0
2025-09-17 22:00:00+00:00,1.87704,1.87748,1.87612,1.87636,1236.0
2025-09-17 23:00:00+00:00,1.87639,1.87745,1.87635,1.87667,2033.0
2025-09-18 00:00:00+00:00,1.87664,1.87693,1.87584,1.87592,3370.0
2025-09-18 01:00:00+00:00,1.87589,1.8765,1.87536,1.87647,3698.0
2025-09-18 02:00:00+00:00,1.87652,1.87708,1.87639,1.87682,2850.0
2025-09-18 03:00:00+00:00,1.87683,1.87713,1.87626,1.87664,2225.0
2025-09-18 04:00:00+00:00,1.87665,1.87678,1.87542,1.87553,2571.0
2025-09-18 05:00:00+00:00,1.87551,1.87643,1.87448,1.87486,2310.0
2025-09-18 06:00:00+00:00,1.87487,1.87634,1.87412,1.87523,3154.0
2025-09-18 07:00:00+00:00,1.8753,1.87907,1.8753,1.87855,2442.0
2025-09-18 08:00:00+00:00,1.8786,1.8802,1.87826,1.87944,1910.0
2025-09-18 09:00:00+00:00,1.87938,1.88016,1.87898,1.87954,1721.0
2025-09-18 10:00:00+00:00,1.87951,1.8801,1.87833,1.87978,1626.0
2025-09-18 11:00:00+00:00,1.87975,1.8809,1.87522,1.87646,2427.0
2025-09-18 12:00:00+00:00,1.8764,1.8774,1.87386,1.8739,2419.0
2025-09-18 13:00:00+00:00,1.87398,1.87449,1.86774,1.86949,2306.0
2025-09-18 14:00:00+00:00,1.86951,1.87186,1.86894,1.87036,2753.0
2025-09-18 15:00:00+00:00,1.87034,1.87108,1.86814,1.86896,2426.0
2025-09-18 16:00:00+00:00,1.86888,1.8709,1.86888,1.87034,1355.0
2025-09-18 17:00:00+00:00,1.87034,1.87108,1.86983,1.86986,1648.0
2025-09-18 18:00:00+00:00,1.86982,1.8701,1.869,1.86955,1021.0
2025-09-18 19:00:00+00:00,1.86951,1.86998,1.868,1.8689,1411.0
2025-09-18 20:00:00+00:00,1.86888,1.87005,1.8684,1.86958,2618.0
2025-09-18 21:00:00+00:00,1.86992,1.87072,1.86944,1.87048,3009.0
2025-09-18 22:00:00+00:00,1.87048,1.87054,1.86928,1.8694,2418.0
2025-09-18 23:00:00+00:00,1.86932,1.86972,1.86928,1.86944,768.0
2025-09-19 00:00:00+00:00,1.86945,1.86947,1.86816,1.86913,1960.0
2025-09-19 01:00:00+00:00,1.86912,1.86927,1.86832,1.86876,1217.0
2025-09-19 02:00:00+00:00,1.86877,1.86891,1.86762,1.8687,1842.0
2025-09-19 03:00:00+00:00,1.86872,1.87006,1.86859,1.86924,1351.0
2025-09-19 04:00:00+00:00,1.86921,1.8698,1.86867,1.86872,1685.0
2025-09-19 05:00:00+00:00,1.86864,1.8703,1.86858,1.86998,1223.0
2025-09-19 06:00:00+00:00,1.86982,1.87008,1.86462,1.8657,2442.0
2025-09-19 07:00:00+00:00,1.86574,1.86586,1.8627,1.86342,2072.0
2025-09-19 08:00:00+00:00,1.86344,1.86446,1.8627,1.86404,1192.0
2025-09-19 09:00:00+00:00,1.86402,1.86582,1.8635,1.86528,2416.0
2025-09-19 10:00:00+00:00,1.86534,1.86545,1.86336,1.86349,739.0
2025-09-19 11:00:00+00:00,1.8635,1.86384,1.86154,1.86204,1176.0
2025-09-19 12:00:00+00:00,1.86203,1.8625,1.86094,1.86112,1255.0
2025-09-19 13:00:00+00:00,1.86117,1.86393,1.86115,1.86248,1331.0
2025-09-19 14:00:00+00:00,1.86242,1.86258,1.8566,1.85704,1796.0
2025-09-19 15:00:00+00:00,1.85698,1.85786,1.85563,1.85689,1477.0
2025-09-19 16:00:00+00:00,1.85684,1.85754,1.85538,1.85742,831.0
2025-09-19 17:00:00+00:00,1.85736,1.85791,1.856,1.856,583.0
2025-09-19 18:00:00+00:00,1.85602,1.85602,1.85506,1.85545,507.0
2025-09-19 19:00:00+00:00,1.85534,1.85744,1.8549,1.85744,1410.0
2025-09-19 20:00:00+00:00,1.85746,1.85812,1.85558,1.85612,2372.0
2025-09-21 21:00:00+00:00,1.85668,1.85719,1.8562,1.85638,7019.0
2025-09-21 22:00:00+00:00,1.8566,1.85702,1.85612,1.8565,797.0
2025-09-21 23:00:00+00:00,1.85654,1.8567,1.8554,1.85544,715.0
2025-09-22 00:00:00+00:00,1.85545,1.8572,1.85544,1.8568,1384.0
2025-09-22 01:00:00+00:00,1.8568,1.85835,1.85664,1.85772,1555.0
2025-09-22 02:00:00+00:00,1.85772,1.85792,1.85654,1.85658,1367.0
2025-09-22 03:00:00+00:00,1.85657,1.85766,1.85636,1.85716,1739.0
2025-09-22 04:00:00+00:00,1.85711,1.85734,1.8562,1.85732,1724.0
2025-09-22 05:00:00+00:00,1.85733,1.85874,1.85716,1.85871,986.0
2025-09-22 06:00:00+00:00,1.85864,1.86022,1.85838,1.85922,1497.0
2025-09-22 07:00:00+00:00,1.85928,1.86148,1.85928,1.86114,2046.0
2025-09-22 08:00:00+00:00,1.86107,1.86396,1.86088,1.86316,1373.0
2025-09-22 09:00:00+00:00,1.86317,1.86472,1.86282,1.86448,1036.0
2025-09-22 10:00:00+00:00,1.86449,1.86456,1.86304,1.86372,1500.0
2025-09-22 11:00:00+00:00,1.86372,1.86412,1.86282,1.8636,931.0
2025-09-22 12:00:00+00:00,1.8637,1.86518,1.86302,1.86381,1818.0
2025-09-22 13:00:00+00:00,1.86373,1.86503,1.86282,1.86494,2206.0
2025-09-22 14:00:00+00:00,1.86492,1.86522,1.86336,1.86348,1633.0
2025-09-22 15:00:00+00:00,1.86356,1.86568,1.86344,1.86532,1749.0
2025-09-22 16:00:00+00:00,1.86532,1.86827,1.86514,1.86782,1080.0
2025-09-22 17:00:00+00:00,1.86788,1.86841,1.86705,1.86823,875.0
2025-09-22 18:00:00+00:00,1.86824,1.86839,1.86771,1.86812,402.0
2025-09-22 19:00:00+00:00,1.86815,1.86846,1.86794,1.86812,788.0
2025-09-22 20:00:00+00:00,1.86814,1.86938,1.86702,1.86704,1831.0
2025-09-22 21:00:00+00:00,1.86682,1.86794,1.86672,1.86782,1011.0
2025-09-22 22:00:00+00:00,1.86794,1.8684,1.86762,1.86812,555.0
2025-09-22 23:00:00+00:00,1.86821,1.86844,1.86814,1.86832,724.0
2025-09-23 00:00:00+00:00,1.86824,1.86955,1.86784,1.86946,1836.0
2025-09-23 01:00:00+00:00,1.86948,1.87026,1.86882,1.86944,1209.0
2025-09-23 02:00:00+00:00,1.86944,1.86958,1.86785,1.868,1857.0
2025-09-23 03:00:00+00:00,1.86804,1.86866,1.86759,1.86866,837.0
2025-09-23 04:00:00+00:00,1.86874,1.86878,1.86738,1.86804,812.0
2025-09-23 05:00:00+00:00,1.86798,1.86825,1.86742,1.86748,1755.0
2025-09-23 06:00:00+00:00,1.86748,1.86962,1.86728,1.8693,1435.0
2025-09-23 07:00:00+00:00,1.86934,1.87164,1.86892,1.87158,2191.0
2025-09-23 08:00:00+00:00,1.87156,1.87192,1.86644,1.86776,3184.0
2025-09-23 09:00:00+00:00,1.86774,1.86836,1.8666,1.86762,1668.0
2025-09-23 10:00:00+00:00,1.86764,1.8687,1.86664,1.86794,1387.0
2025-09-23 11:00:00+00:00,1.86792,1.86968,1.86771,1.86856,1314.0
2025-09-23 12:00:00+00:00,1.86859,1.8698,1.86736,1.86872,1727.0
2025-09-23 13:00:00+00:00,1.86876,1.86976,1.86754,1.8686,2556.0
2025-09-23 14:00:00+00:00,1.8686,1.87042,1.86817,1.87002,2314.0
2025-09-23 15:00:00+00:00,1.86998,1.87032,1.86856,1.87002,1391.0
2025-09-23 16:00:00+00:00,1.87003,1.87048,1.86921,1.86973,1709.0
2025-09-23 17:00:00+00:00,1.86981,1.87155,1.86934,1.8707,1239.0
2025-09-23 18:00:00+00:00,1.87062,1.87194,1.8703,1.87194,904.0
2025-09-23 19:00:00+00:00,1.87203,1.87221,1.87126,1.87178,1120.0
2025-09-23 20:00:00+00:00,1.87185,1.87227,1.87084,1.8713,1851.0
2025-09-23 21:00:00+00:00,1.87105,1.87148,1.8702,1.87064,1750.0
2025-09-23 22:00:00+00:00,1.87074,1.87156,1.8707,1.87152,1357.0
2025-09-23 23:00:00+00:00,1.87154,1.87172,1.87118,1.87156,642.0
2025-09-24 00:00:00+00:00,1.87155,1.87184,1.87073,1.87084,2229.0
2025-09-24 01:00:00+00:00,1.87088,1.87114,1.87018,1.87028,1765.0
2025-09-24 02:00:00+00:00,1.87026,1.87065,1.87005,1.87034,2899.0
2025-09-24 03:00:00+00:00,1.87033,1.87064,1.87,1.87011,2319.0
2025-09-24 04:00:00+00:00,1.8701,1.87038,1.86992,1.87023,1895.0
2025-09-24 05:00:00+00:00,1.87022,1.87071,1.86954,1.87006,1986.0
2025-09-24 06:00:00+00:00,1.87006,1.87048,1.86904,1.87005,1013.0
2025-09-24 07:00:00+00:00,1.87006,1.8703,1.86784,1.86802,1285.0
2025-09-24 08:00:00+00:00,1.86804,1.86901,1.86744,1.86888,1241.0
2025-09-24 09:00:00+00:00,1.8689,1.86986,1.86864,1.86944,1240.0
2025-09-24 10:00:00+00:00,1.86942,1.86977,1.86786,1.86786,1025.0
2025-09-24 11:00:00+00:00,1.86788,1.86906,1.86661,1.86668,874.0
2025-09-24 12:00:00+00:00,1.8666,1.86808,1.8647,1.8657,1398.0
2025-09-24 13:00:00+00:00,1.86572,1.86626,1.8638,1.86463,1691.0
2025-09-24 14:00:00+00:00,1.86463,1.86908,1.86378,1.8682,2023.0
2025-09-24 15:00:00+00:00,1.86814,1.86887,1.8671,1.86849,1420.0
2025-09-24 16:00:00+00:00,1.8685,1.86962,1.86826,1.86934,1710.0
2025-09-24 17:00:00+00:00,1.86931,1.87042,1.86928,1.8701,1266.0
2025-09-24 18:00:00+00:00,1.87006,1.87043,1.86917,1.86982,935.0
2025-09-24 19:00:00+00:00,1.86982,1.87008,1.86861,1.86932,1581.0
2025-09-24 20:00:00+00:00,1.86934,1.86958,1.8682,1.86868,1826.0
2025-09-24 21:00:00+00:00,1.86879,1.8697,1.86848,1.86914,1089.0
2025-09-24 22:00:00+00:00,1.8692,1.8692,1.86818,1.86899,1621.0
2025-09-24 23:00:00+00:00,1.86892,1.86933,1.8687,1.86874,632.0
2025-09-25 00:00:00+00:00,1.86872,1.86932,1.8685,1.86921,2606.0
2025-09-25 01:00:00+00:00,1.86924,1.86958,1.86835,1.8687,2090.0
2025-09-25 02:00:00+00:00,1.86874,1.8694,1.86867,1.86895,2137.0
2025-09-25 03:00:00+00:00,1.8689,1.86913,1.8684,1.869,1194.0
2025-09-25 04:00:00+00:00,1.86898,1.86974,1.86895,1.86939,1081.0
2025-09-25 05:00:00+00:00,1.86931,1.86962,1.86902,1.86932,1926.0
2025-09-25 06:00:00+00:00,1.86928,1.87138,1.86892,1.87099,2392.0
2025-09-25 07:00:00+00:00,1.87104,1.87108,1.86752,1.86761,1832.0
2025-09-25 08:00:00+00:00,1.86756,1.86908,1.86738,1.86878,1121.0
2025-09-25 09:00:00+00:00,1.86887,1.86954,1.86813,1.8684,727.0
2025-09-25 10:00:00+00:00,1.86836,1.86948,1.8678,1.86816,998.0
2025-09-25 11:00:00+00:00,1.86817,1.86863,1.86392,1.86456,1484.0
2025-09-25 12:00:00+00:00,1.86458,1.86488,1.86006,1.86096,2993.0
2025-09-25 13:00:00+00:00,1.86099,1.86322,1.86025,1.86062,3158.0
2025-09-25 14:00:00+00:00,1.86062,1.86219,1.85792,1.858,3612.0
2025-09-25 15:00:00+00:00,1.85803,1.85918,1.85773,1.85843,3846.0
2025-09-25 16:00:00+00:00,1.85844,1.85976,1.8579,1.85864,1456.0
2025-09-25 17:00:00+00:00,1.85867,1.85983,1.8578,1.85888,1863.0
2025-09-25 18:00:00+00:00,1.85892,1.85922,1.85828,1.85886,1477.0
2025-09-25 19:00:00+00:00,1.85886,1.85976,1.85874,1.85928,1919.0
2025-09-25 20:00:00+00:00,1.85926,1.8606,1.85905,1.86006,1694.0
2025-09-25 21:00:00+00:00,1.85909,1.8604,1.85774,1.85934,3293.0
2025-09-25 22:00:00+00:00,1.8594,1.86016,1.8592,1.86016,402.0
2025-09-25 23:00:00+00:00,1.86008,1.86024,1.85893,1.85902,1045.0
2025-09-26 00:00:00+00:00,1.859,1.86012,1.85861,1.86008,2925.0
2025-09-26 01:00:00+00:00,1.86006,1.86044,1.85988,1.86015,2938.0
2025-09-26 02:00:00+00:00,1.86016,1.86133,1.8601,1.86068,1392.0
2025-09-26 03:00:00+00:00,1.86068,1.86111,1.86064,1.86092,1468.0
2025-09-26 04:00:00+00:00,1.86092,1.86108,1.86046,1.8608,1683.0
2025-09-26 05:00:00+00:00,1.86086,1.86148,1.86068,1.86142,1942.0
2025-09-26 06:00:00+00:00,1.86133,1.86338,1.8613,1.86307,3000.0
2025-09-26 07:00:00+00:00,1.86301,1.8636,1.86114,1.86196,2651.0
2025-09-26 08:00:00+00:00,1.86194,1.86401,1.86188,1.86384,2241.0
2025-09-26 09:00:00+00:00,1.8639,1.86404,1.8624,1.86258,2435.0
2025-09-26 10:00:00+00:00,1.86251,1.86379,1.8621,1.86255,1330.0
2025-09-26 11:00:00+00:00,1.86261,1.86304,1.86196,1.86208,2359.0
2025-09-26 12:00:00+00:00,1.86216,1.8643,1.86199,1.86399,3827.0
2025-09-26 13:00:00+00:00,1.86402,1.86602,1.864,1.8658,3550.0
2025-09-26 14:00:00+00:00,1.86581,1.86854,1.86544,1.86832,2610.0
2025-09-26 15:00:00+00:00,1.86833,1.86991,1.86789,1.86888,2582.0
2025-09-26 16:00:00+00:00,1.86889,1.86982,1.86702,1.86713,4050.0
2025-09-26 17:00:00+00:00,1.86712,1.8687,1.86704,1.8681,3851.0
2025-09-26 18:00:00+00:00,1.86812,1.86888,1.86792,1.86871,3827.0
2025-09-26 19:00:00+00:00,1.86872,1.86896,1.86822,1.86829,3821.0
2025-09-26 20:00:00+00:00,1.86828,1.86906,1.86802,1.86844,2822.0
2025-09-28 21:00:00+00:00,1.8682,1.86841,1.86706,1.86797,500.0
2025-09-28 22:00:00+00:00,1.86806,1.86942,1.86806,1.86887,630.0
2025-09-28 23:00:00+00:00,1.86872,1.86936,1.86872,1.8688,676.0
2025-09-29 00:00:00+00:00,1.8688,1.86976,1.86872,1.86958,884.0
2025-09-29 01:00:00+00:00,1.86956,1.87025,1.86927,1.86984,1046.0
2025-09-29 02:00:00+00:00,1.8699,1.87035,1.86944,1.86958,735.0
2025-09-29 03:00:00+00:00,1.86962,1.87036,1.86944,1.86994,750.0
2025-09-29 04:00:00+00:00,1.86995,1.87113,1.86974,1.87076,681.0
2025-09-29 05:00:00+00:00,1.87074,1.87135,1.87025,1.87135,947.0
2025-09-29 06:00:00+00:00,1.87132,1.87184,1.87094,1.87144,923.0
2025-09-29 07:00:00+00:00,1.87151,1.87222,1.87136,1.87154,1382.0
2025-09-29 08:00:00+00:00,1.87157,1.87194,1.86986,1.86992,1063.0
2025-09-29 09:00:00+00:00,1.86993,1.8712,1.86962,1.86985,711.0
2025-09-29 10:00:00+00:00,1.86988,1.87036,1.869,1.87001,884.0
2025-09-29 11:00:00+00:00,1.87003,1.87318,1.86988,1.87312,1813.0
2025-09-29 12:00:00+00:00,1.87318,1.87477,1.87198,1.87366,1806.0
2025-09-29 13:00:00+00:00,1.87362,1.87416,1.87227,1.87228,4599.0
2025-09-29 14:00:00+00:00,1.87227,1.87258,1.86788,1.86836,5394.0
2025-09-29 15:00:00+00:00,1.86828,1.86948,1.86746,1.8678,2553.0
2025-09-29 16:00:00+00:00,1.86785,1.869,1.86785,1.86868,2481.0
2025-09-29 17:00:00+00:00,1.86868,1.86898,1.86779,1.86829,1557.0
2025-09-29 18:00:00+00:00,1.8683,1.8698,1.86798,1.86974,2365.0
2025-09-29 19:00:00+00:00,1.86974,1.87064,1.86964,1.87039,1482.0
2025-09-29 20:00:00+00:00,1.87038,1.87046,1.86878,1.86896,1408.0
2025-09-29 21:00:00+00:00,1.86826,1.8692,1.86826,1.86916,1074.0
2025-09-29 22:00:00+00:00,1.86919,1.86951,1.86866,1.8691,404.0
2025-09-29 23:00:00+00:00,1.86903,1.86982,1.86901,1.86972,402.0
2025-09-30 00:00:00+00:00,1.8697,1.86982,1.86846,1.8688,1806.0
2025-09-30 01:00:00+00:00,1.86888,1.86976,1.86832,1.8685,858.0
2025-09-30 02:00:00+00:00,1.8685,1.86914,1.86818,1.86856,568.0
2025-09-30 03:00:00+00:00,1.86857,1.86984,1.86842,1.86952,800.0
2025-09-30 04:00:00+00:00,1.86952,1.8698,1.86878,1.86973,899.0
2025-09-30 05:00:00+00:00,1.86976,1.87084,1.86952,1.86961,1070.0
2025-09-30 06:00:00+00:00,1.86966,1.87088,1.86872,1.86978,1534.0
2025-09-30 07:00:00+00:00,1.86984,1.87128,1.86914,1.87106,2028.0
2025-09-30 08:00:00+00:00,1.8711,1.87145,1.86948,1.87032,2460.0
2025-09-30 09:00:00+00:00,1.87032,1.8712,1.86982,1.87077,1378.0
2025-09-30 10:00:00+00:00,1.87084,1.8714,1.8699,1.87049,1351.0
2025-09-30 11:00:00+00:00,1.87048,1.87142,1.8692,1.87044,1468.0
2025-09-30 12:00:00+00:00,1.87042,1.87216,1.87011,1.87096,2056.0
2025-09-30 13:00:00+00:00,1.87096,1.87122,1.86826,1.87048,2115.0
2025-09-30 14:00:00+00:00,1.87048,1.87355,1.86792,1.87304,2932.0
2025-09-30 15:00:00+00:00,1.87307,1.87372,1.87194,1.87242,1668.0
2025-09-30 16:00:00+00:00,1.8725,1.87388,1.8725,1.87356,1287.0
2025-09-30 17:00:00+00:00,1.87363,1.8741,1.87166,1.87209,806.0
2025-09-30 18:00:00+00:00,1.87206,1.87224,1.87086,1.87168,854.0
2025-09-30 19:00:00+00:00,1.87176,1.87194,1.87123,1.87138,947.0
2025-09-30 20:00:00+00:00,1.87138,1.87186,1.87094,1.87134,1981.0
2025-09-30 21:00:00+00:00,1.87141,1.87202,1.87066,1.87182,4574.0
2025-09-30 22:00:00+00:00,1.87178,1.8721,1.87134,1.87137,1083.0
2025-09-30 23:00:00+00:00,1.87138,1.87214,1.87134,1.8717,1084.0
2025-10-01 00:00:00+00:00,1.87168,1.87221,1.87096,1.8718,2122.0
2025-10-01 01:00:00+00:00,1.87181,1.8721,1.87124,1.87152,1943.0
2025-10-01 02:00:00+00:00,1.87155,1.87226,1.87134,1.87202,1627.0
2025-10-01 03:00:00+00:00,1.87202,1.8727,1.87187,1.8725,1504.0
2025-10-01 04:00:00+00:00,1.87254,1.8734,1.87195,1.8732,1555.0
2025-10-01 05:00:00+00:00,1.87326,1.8743,1.87217,1.8722,2380.0
2025-10-01 06:00:00+00:00,1.87218,1.87482,1.87216,1.87324,1710.0
2025-10-01 07:00:00+00:00,1.8733,1.87524,1.87324,1.87468,2585.0
2025-10-01 08:00:00+00:00,1.87476,1.87568,1.87384,1.87436,1597.0
2025-10-01 09:00:00+00:00,1.87436,1.87644,1.87434,1.87517,1392.0
2025-10-01 10:00:00+00:00,1.87516,1.87712,1.87488,1.87708,1852.0
2025-10-01 11:00:00+00:00,1.87705,1.87841,1.8769,1.87784,1719.0
2025-10-01 12:00:00+00:00,1.87785,1.88272,1.87684,1.88209,4136.0
2025-10-01 13:00:00+00:00,1.88219,1.8838,1.88128,1.88267,2115.0
2025-10-01 14:00:00+00:00,1.8829,1.8841,1.87975,1.88326,3550.0
2025-10-01 15:00:00+00:00,1.88322,1.88328,1.87944,1.87984,2492.0
2025-10-01 16:00:00+00:00,1.87983,1.8804,1.87859,1.87929,1248.0
2025-10-01 17:00:00+00:00,1.87933,1.87994,1.87868,1.87882,821.0
2025-10-01 18:00:00+00:00,1.87879,1.88028,1.87804,1.87985,1166.0
2025-10-01 19:00:00+00:00,1.88,1.88036,1.87902,1.87924,1286.0
2025-10-01 20:00:00+00:00,1.87928,1.8795,1.87788,1.87818,2167.0
2025-10-01 21:00:00+00:00,1.87788,1.87884,1.87782,1.87875,790.0
2025-10-01 22:00:00+00:00,1.87905,1.87908,1.87788,1.87824,731.0
2025-10-01 23:00:00+00:00,1.87825,1.87924,1.87819,1.8787,824.0
2025-10-02 00:00:00+00:00,1.87868,1.87878,1.87794,1.87797,3045.0
2025-10-02 01:00:00+00:00,1.87796,1.87902,1.87788,1.8789,2204.0
2025-10-02 02:00:00+00:00,1.87894,1.8793,1.87856,1.87872,1798.0
2025-10-02 03:00:00+00:00,1.87871,1.87893,1.87849,1.87882,1562.0
2025-10-02 04:00:00+00:00,1.87883,1.87919,1.8787,1.87891,1461.0
2025-10-02 05:00:00+00:00,1.8789,1.87932,1.87836,1.87856,1873.0
2025-10-02 06:00:00+00:00,1.87856,1.87978,1.87796,1.87976,3012.0
2025-10-02 07:00:00+00:00,1.87975,1.88104,1.87956,1.88067,1959.0
2025-10-02 08:00:00+00:00,1.88068,1.8824,1.88019,1.88186,1637.0
2025-10-02 09:00:00+00:00,1.88184,1.88214,1.88091,1.88104,1147.0
2025-10-02 10:00:00+00:00,1.88102,1.88102,1.87836,1.87837,2656.0
2025-10-02 11:00:00+00:00,1.8783,1.87917,1.878,1.87902,1704.0
2025-10-02 12:00:00+00:00,1.87908,1.8802,1.87746,1.87776,1427.0
2025-10-02 13:00:00+00:00,1.87776,1.87778,1.87387,1.87405,1882.0
2025-10-02 14:00:00+00:00,1.874,1.87534,1.87292,1.8751,2935.0
2025-10-02 15:00:00+00:00,1.87507,1.87597,1.87379,1.8755,2325.0
2025-10-02 16:00:00+00:00,1.87551,1.87706,1.87545,1.87678,1609.0
2025-10-02 17:00:00+00:00,1.87674,1.87732,1.87635,1.87681,1621.0
2025-10-02 18:00:00+00:00,1.87674,1.87765,1.87662,1.87734,756.0
2025-10-02 19:00:00+00:00,1.87734,1.87792,1.87655,1.87667,1846.0
2025-10-02 20:00:00+00:00,1.87666,1.87774,1.8764,1.87673,2255.0
2025-10-02 21:00:00+00:00,1.87693,1.87786,1.87666,1.8771,1777.0
2025-10-02 22:00:00+00:00,1.87718,1.87896,1.87664,1.87676,591.0
2025-10-02 23:00:00+00:00,1.87672,1.87732,1.8766,1.87718,525.0
2025-10-03 00:00:00+00:00,1.87717,1.87751,1.87652,1.87746,1798.0
2025-10-03 01:00:00+00:00,1.87744,1.87791,1.8761,1.87731,1925.0
2025-10-03 02:00:00+00:00,1.8773,1.8774,1.87658,1.87706,1578.0
2025-10-03 03:00:00+00:00,1.87708,1.87773,1.87656,1.87765,1641.0
2025-10-03 04:00:00+00:00,1.87766,1.87774,1.8766,1.87662,1151.0
2025-10-03 05:00:00+00:00,1.87658,1.87667,1.87586,1.87602,1384.0
2025-10-03 06:00:00+00:00,1.876,1.87666,1.87556,1.87612,1764.0
2025-10-03 07:00:00+00:00,1.87618,1.87925,1.87609,1.87925,1365.0
2025-10-03 08:00:00+00:00,1.87928,1.87982,1.8784,1.8788,1781.0
2025-10-03 09:00:00+00:00,1.87872,1.87894,1.87754,1.87856,946.0
2025-10-03 10:00:00+00:00,1.87866,1.87954,1.87817,1.87892,647.0
2025-10-03 11:00:00+00:00,1.87892,1.87905,1.87743,1.8778,1380.0
2025-10-03 12:00:00+00:00,1.87788,1.8782,1.87589,1.87748,1256.0
2025-10-03 13:00:00+00:00,1.87745,1.88018,1.87712,1.87922,2012.0
2025-10-03 14:00:00+00:00,1.8791,1.88022,1.87782,1.87938,2654.0
2025-10-03 15:00:00+00:00,1.87942,1.88076,1.87882,1.87994,1202.0
2025-10-03 16:00:00+00:00,1.87988,1.88067,1.87886,1.87968,955.0
2025-10-03 17:00:00+00:00,1.87969,1.88072,1.8794,1.88008,852.0
2025-10-03 18:00:00+00:00,1.88012,1.8808,1.8794,1.8808,830.0
2025-10-03 19:00:00+00:00,1.88072,1.88126,1.8803,1.88119,447.0
2025-10-03 20:00:00+00:00,1.88117,1.88193,1.87978,1.88032,2556.0
2025-10-05 21:00:00+00:00,1.87624,1.87841,1.87584,1.87692,650.0
2025-10-05 22:00:00+00:00,1.87708,1.87762,1.87467,1.87614,2170.0
2025-10-05 23:00:00+00:00,1.8761,1.87616,1.87484,1.87564,4765.0
2025-10-06 00:00:00+00:00,1.8757,1.87639,1.87521,1.8757,2303.0
2025-10-06 01:00:00+00:00,1.8758,1.8765,1.87546,1.8763,1627.0
2025-10-06 02:00:00+00:00,1.87625,1.87715,1.87624,1.8767,1008.0
2025-10-06 03:00:00+00:00,1.87664,1.87693,1.8764,1.87646,766.0
2025-10-06 04:00:00+00:00,1.8764,1.87662,1.87583,1.87608,1012.0
2025-10-06 05:00:00+00:00,1.87609,1.87678,1.87554,1.87574,1960.0
2025-10-06 06:00:00+00:00,1.87584,1.87627,1.87409,1.87462,2528.0
2025-10-06 07:00:00+00:00,1.87456,1.8772,1.8744,1.87572,3214.0
2025-10-06 08:00:00+00:00,1.87572,1.8758,1.87276,1.8743,2221.0
2025-10-06 09:00:00+00:00,1.8742,1.8754,1.87347,1.8751,1389.0
2025-10-06 10:00:00+00:00,1.87505,1.8756,1.87306,1.87309,1345.0
2025-10-06 11:00:00+00:00,1.87312,1.87497,1.87278,1.8743,2476.0
2025-10-06 12:00:00+00:00,1.87428,1.8762,1.87418,1.87602,2004.0
2025-10-06 13:00:00+00:00,1.87608,1.87985,1.87608,1.87967,2038.0
2025-10-06 14:00:00+00:00,1.87961,1.88162,1.87936,1.8809,2658.0
2025-10-06 15:00:00+00:00,1.88087,1.88112,1.8787,1.87919,1996.0
2025-10-06 16:00:00+00:00,1.8792,1.87976,1.87876,1.87968,1311.0
2025-10-06 17:00:00+00:00,1.87965,1.88123,1.87963,1.88118,1598.0
2025-10-06 18:00:00+00:00,1.88115,1.88144,1.88064,1.88095,820.0
2025-10-06 19:00:00+00:00,1.88094,1.88154,1.8804,1.88057,1280.0
2025-10-06 20:00:00+00:00,1.88056,1.88083,1.87982,1.88016,1717.0
2025-10-06 21:00:00+00:00,1.88031,1.88032,1.87946,1.87956,500.0
2025-10-06 22:00:00+00:00,1.87926,1.88038,1.87925,1.87986,1217.0
2025-10-06 23:00:00+00:00,1.87988,1.88064,1.8797,1.88034,839.0
2025-10-07 00:00:00+00:00,1.88036,1.88066,1.87984,1.88062,966.0
2025-10-07 01:00:00+00:00,1.88054,1.88061,1.87968,1.87987,2008.0
2025-10-07 02:00:00+00:00,1.87986,1.87996,1.87951,1.8798,1037.0
2025-10-07 03:00:00+00:00,1.87979,1.88012,1.87932,1.87942,879.0
2025-10-07 04:00:00+00:00,1.87934,1.8798,1.87864,1.87876,1216.0
2025-10-07 05:00:00+00:00,1.87873,1.8788,1.87746,1.87797,1761.0
2025-10-07 06:00:00+00:00,1.878,1.87801,1.87668,1.87715,1413.0
2025-10-07 07:00:00+00:00,1.87722,1.87732,1.87482,1.87508,1244.0
2025-10-07 08:00:00+00:00,1.87503,1.87568,1.8744,1.87524,1505.0
2025-10-07 09:00:00+00:00,1.87514,1.87594,1.87484,1.87594,1304.0
2025-10-07 10:00:00+00:00,1.87602,1.87602,1.87291,1.8731,1197.0
2025-10-07 11:00:00+00:00,1.87315,1.87342,1.8698,1.87055,2310.0
2025-10-07 12:00:00+00:00,1.87054,1.87195,1.86921,1.87172,1826.0
2025-10-07 13:00:00+00:00,1.87179,1.87328,1.87093,1.87146,2638.0
2025-10-07 14:00:00+00:00,1.87145,1.87343,1.87096,1.87322,1802.0
2025-10-07 15:00:00+00:00,1.87324,1.87638,1.87314,1.87482,1359.0
2025-10-07 16:00:00+00:00,1.87482,1.87618,1.87478,1.87544,926.0
2025-10-07 17:00:00+00:00,1.87548,1.87667,1.87484,1.87493,750.0
2025-10-07 18:00:00+00:00,1.87499,1.87499,1.87315,1.87342,888.0
2025-10-07 19:00:00+00:00,1.87346,1.87348,1.87226,1.87282,1154.0
2025-10-07 20:00:00+00:00,1.87284,1.87342,1.87239,1.8727,1578.0
2025-10-07 21:00:00+00:00,1.87368,1.87388,1.87302,1.87352,1328.0
2025-10-07 22:00:00+00:00,1.87362,1.87362,1.8727,1.87296,487.0
2025-10-07 23:00:00+00:00,1.87298,1.8732,1.87242,1.87252,625.0
2025-10-08 00:00:00+00:00,1.87252,1.8729,1.87186,1.87223,1070.0
2025-10-08 01:00:00+00:00,1.87224,1.87236,1.87066,1.87086,1940.0
2025-10-08 02:00:00+00:00,1.87088,1.87137,1.87048,1.87078,1257.0
2025-10-08 03:00:00+00:00,1.87076,1.87087,1.86976,1.87076,966.0
2025-10-08 04:00:00+00:00,1.87073,1.87091,1.8699,1.87024,1256.0
2025-10-08 05:00:00+00:00,1.87024,1.87059,1.86958,1.87046,718.0
2025-10-08 06:00:00+00:00,1.87052,1.87127,1.8696,1.8707,1449.0
2025-10-08 07:00:00+00:00,1.87077,1.87242,1.87042,1.87238,1049.0
2025-10-08 08:00:00+00:00,1.87238,1.8732,1.87068,1.871,944.0
2025-10-08 09:00:00+00:00,1.87094,1.87163,1.8703,1.87046,1090.0
2025-10-08 10:00:00+00:00,1.87052,1.87256,1.8703,1.87051,915.0
2025-10-08 11:00:00+00:00,1.87052,1.87093,1.86918,1.86948,1231.0
2025-10-08 12:00:00+00:00,1.8695,1.87086,1.8693,1.87034,1086.0
2025-10-08 13:00:00+00:00,1.87034,1.87278,1.86972,1.87225,1874.0
2025-10-08 14:00:00+00:00,1.87226,1.87434,1.87186,1.87226,1934.0
2025-10-08 15:00:00+00:00,1.87214,1.8723,1.86816,1.86829,1870.0
2025-10-08 16:00:00+00:00,1.86835,1.86878,1.86664,1.86863,1296.0
2025-10-08 17:00:00+00:00,1.86856,1.86868,1.86732,1.86764,638.0
2025-10-08 18:00:00+00:00,1.86772,1.86862,1.86665,1.86862,1332.0
2025-10-08 19:00:00+00:00,1.8687,1.87012,1.86852,1.87006,779.0
2025-10-08 20:00:00+00:00,1.87013,1.87052,1.86944,1.87006,2020.0
2025-10-08 21:00:00+00:00,1.87043,1.87043,1.86964,1.87016,854.0
2025-10-08 22:00:00+00:00,1.87024,1.87024,1.86955,1.86985,1370.0
2025-10-08 23:00:00+00:00,1.86986,1.87014,1.86944,1.86974,2483.0
2025-10-09 00:00:00+00:00,1.86972,1.87066,1.8694,1.87024,2708.0
2025-10-09 01:00:00+00:00,1.87022,1.87094,1.86914,1.86946,5623.0
2025-10-09 02:00:00+00:00,1.86946,1.87016,1.86897,1.86992,2756.0
2025-10-09 03:00:00+00:00,1.86991,1.87002,1.86882,1.86954,2883.0
2025-10-09 04:00:00+00:00,1.86954,1.86962,1.86831,1.86882,1656.0
2025-10-09 05:00:00+00:00,1.8688,1.86938,1.86849,1.86862,2659.0
2025-10-09 06:00:00+00:00,1.8687,1.86884,1.86484,1.86556,3438.0
2025-10-09 07:00:00+00:00,1.86564,1.8659,1.86308,1.86322,2302.0
2025-10-09 08:00:00+00:00,1.86322,1.86468,1.86249,1.86413,1342.0
2025-10-09 09:00:00+00:00,1.86406,1.86707,1.86358,1.86704,1464.0
2025-10-09 10:00:00+00:00,1.86705,1.86722,1.86453,1.86461,2822.0
2025-10-09 11:00:00+00:00,1.86462,1.86616,1.86358,1.86596,2556.0
2025-10-09 12:00:00+00:00,1.86602,1.86652,1.86445,1.86614,2119.0
2025-10-09 13:00:00+00:00,1.86618,1.86746,1.86414,1.86738,3716.0
2025-10-09 14:00:00+00:00,1.86744,1.86774,1.86514,1.86626,4763.0
2025-10-09 15:00:00+00:00,1.86626,1.86677,1.86302,1.86442,3296.0
2025-10-09 16:00:00+00:00,1.86441,1.86514,1.86336,1.86383,3161.0
2025-10-09 17:00:00+00:00,1.86388,1.86464,1.86317,1.86358,2083.0
2025-10-09 18:00:00+00:00,1.86362,1.86395,1.86308,1.86333,1858.0
2025-10-09 19:00:00+00:00,1.86338,1.86512,1.86302,1.86452,2617.0
2025-10-09 20:00:00+00:00,1.86452,1.86544,1.86398,1.86544,2503.0
2025-10-09 21:00:00+00:00,1.86473,1.8656,1.86418,1.86538,823.0
2025-10-09 22:00:00+00:00,1.86538,1.86554,1.8645,1.86469,612.0
2025-10-09 23:00:00+00:00,1.8647,1.86518,1.8643,1.8651,514.0
2025-10-10 00:00:00+00:00,1.86502,1.86525,1.86468,1.86497,901.0
2025-10-10 01:00:00+00:00,1.86503,1.86524,1.86433,1.86448,549.0
2025-10-10 02:00:00+00:00,1.86446,1.86562,1.8644,1.86551,861.0
2025-10-10 03:00:00+00:00,1.86564,1.86608,1.86538,1.86583,876.0
2025-10-10 04:00:00+00:00,1.8658,1.866,1.86524,1.86534,377.0
2025-10-10 05:00:00+00:00,1.86536,1.86615,1.86476,1.86476,964.0
2025-10-10 06:00:00+00:00,1.86472,1.86676,1.86458,1.86509,1501.0
2025-10-10 07:00:00+00:00,1.86506,1.86608,1.86276,1.86586,1502.0
2025-10-10 08:00:00+00:00,1.86576,1.86606,1.86416,1.8654,979.0
2025-10-10 09:00:00+00:00,1.86536,1.86563,1.86252,1.8632,807.0
2025-10-10 10:00:00+00:00,1.86322,1.86392,1.8593,1.85932,1098.0
2025-10-10 11:00:00+00:00,1.85925,1.86095,1.85924,1.86049,1230.0
2025-10-10 12:00:00+00:00,1.86043,1.86272,1.85626,1.85698,2185.0
2025-10-10 13:00:00+00:00,1.85688,1.85816,1.8561,1.85758,1494.0
2025-10-10 14:00:00+00:00,1.8576,1.86216,1.85726,1.86156,1965.0
2025-10-10 15:00:00+00:00,1.86153,1.87088,1.86153,1.86782,9933.0
2025-10-10 16:00:00+00:00,1.86781,1.87064,1.86774,1.86954,2502.0
2025-10-10 17:00:00+00:00,1.86964,1.8701,1.86864,1.86906,1666.0
2025-10-10 18:00:00+00:00,1.869,1.86964,1.86804,1.8685,989.0
2025-10-10 19:00:00+00:00,1.86851,1.8694,1.86818,1.86916,835.0
2025-10-10 20:00:00+00:00,1.86916,1.87084,1.8674,1.87067,5626.0
2025-10-12 21:00:00+00:00,1.86818,1.86884,1.86597,1.86678,808.0
2025-10-12 22:00:00+00:00,1.86725,1.8691,1.86683,1.86733,2086.0
2025-10-12 23:00:00+00:00,1.86739,1.86831,1.86657,1.86682,761.0
2025-10-13 00:00:00+00:00,1.86679,1.8682,1.86679,1.86811,1057.0
2025-10-13 01:00:00+00:00,1.86816,1.86842,1.8674,1.8679,916.0
2025-10-13 02:00:00+00:00,1.86786,1.86858,1.86762,1.86804,1285.0
2025-10-13 03:00:00+00:00,1.86806,1.86886,1.86764,1.86874,1789.0
2025-10-13 04:00:00+00:00,1.86874,1.86919,1.86852,1.8689,1065.0
2025-10-13 05:00:00+00:00,1.86892,1.86905,1.86818,1.86847,2222.0
2025-10-13 06:00:00+00:00,1.86848,1.87006,1.86824,1.86924,1894.0
2025-10-13 07:00:00+00:00,1.8692,1.86932,1.86642,1.86739,2089.0
2025-10-13 08:00:00+00:00,1.86742,1.86783,1.86503,1.8658,1535.0
2025-10-13 09:00:00+00:00,1.86576,1.8679,1.86563,1.86715,1308.0
2025-10-13 10:00:00+00:00,1.86723,1.86846,1.86676,1.86743,583.0
2025-10-13 11:00:00+00:00,1.86743,1.86905,1.86692,1.86741,1713.0
2025-10-13 12:00:00+00:00,1.86748,1.86874,1.86732,1.86833,1202.0
2025-10-13 13:00:00+00:00,1.86842,1.8695,1.86795,1.86862,2479.0
2025-10-13 14:00:00+00:00,1.86864,1.86974,1.86801,1.86964,2002.0
2025-10-13 15:00:00+00:00,1.86972,1.87034,1.86908,1.86974,839.0
2025-10-13 16:00:00+00:00,1.86982,1.87087,1.86982,1.87028,745.0
2025-10-13 17:00:00+00:00,1.87036,1.8709,1.86993,1.8707,559.0
2025-10-13 18:00:00+00:00,1.87064,1.87199,1.87052,1.87162,520.0
2025-10-13 19:00:00+00:00,1.87169,1.87235,1.87114,1.87122,1445.0
2025-10-13 20:00:00+00:00,1.87119,1.87186,1.87088,1.87162,2001.0
2025-10-13 21:00:00+00:00,1.87088,1.87182,1.87056,1.87162,1385.0
2025-10-13 22:00:00+00:00,1.87164,1.87178,1.87088,1.87116,613.0
2025-10-13 23:00:00+00:00,1.87115,1.87189,1.87094,1.87176,1024.0
2025-10-14 00:00:00+00:00,1.87172,1.8723,1.87116,1.872,1305.0
2025-10-14 01:00:00+00:00,1.872,1.8731,1.87186,1.8729,1260.0
2025-10-14 02:00:00+00:00,1.8729,1.87384,1.87274,1.87372,1111.0
2025-10-14 03:00:00+00:00,1.87371,1.87436,1.87322,1.8737,1110.0
2025-10-14 04:00:00+00:00,1.87373,1.87508,1.87344,1.87494,1360.0
2025-10-14 05:00:00+00:00,1.87502,1.87502,1.87367,1.87379,1599.0
2025-10-14 06:00:00+00:00,1.87382,1.87384,1.86593,1.86656,2617.0
2025-10-14 07:00:00+00:00,1.8666,1.86673,1.86368,1.86436,2134.0
2025-10-14 08:00:00+00:00,1.8643,1.86752,1.8641,1.86752,1354.0
2025-10-14 09:00:00+00:00,1.86748,1.86815,1.8661,1.86654,1166.0
2025-10-14 10:00:00+00:00,1.86648,1.86762,1.86574,1.8671,1656.0
2025-10-14 11:00:00+00:00,1.86706,1.86784,1.86552,1.86606,1720.0
2025-10-14 12:00:00+00:00,1.86606,1.86652,1.86378,1.86602,1566.0
2025-10-14 13:00:00+00:00,1.8661,1.86885,1.86518,1.86527,2594.0
2025-10-14 14:00:00+00:00,1.86532,1.86714,1.8642,1.86683,2906.0
2025-10-14 15:00:00+00:00,1.86688,1.87048,1.86594,1.87024,1948.0
2025-10-14 16:00:00+00:00,1.87016,1.87093,1.86888,1.87012,1635.0
2025-10-14 17:00:00+00:00,1.87011,1.87144,1.86962,1.87047,989.0
2025-10-14 18:00:00+00:00,1.8704,1.87142,1.86984,1.8706,1107.0
2025-10-14 19:00:00+00:00,1.87056,1.87149,1.8704,1.8712,1733.0
2025-10-14 20:00:00+00:00,1.8712,1.87145,1.87019,1.87063,1660.0
2025-10-14 21:00:00+00:00,1.8709,1.8714,1.87034,1.87044,1764.0
2025-10-14 22:00:00+00:00,1.8704,1.8704,1.86962,1.87031,718.0
2025-10-14 23:00:00+00:00,1.87023,1.87114,1.87002,1.87107,1558.0
2025-10-15 00:00:00+00:00,1.8711,1.87218,1.87089,1.87186,2168.0
2025-10-15 01:00:00+00:00,1.87193,1.8727,1.8716,1.87258,2120.0
2025-10-15 02:00:00+00:00,1.87264,1.8736,1.87258,1.87342,1796.0
2025-10-15 03:00:00+00:00,1.87334,1.87422,1.8733,1.87398,1521.0
2025-10-15 04:00:00+00:00,1.87404,1.87428,1.87318,1.87362,1120.0
2025-10-15 05:00:00+00:00,1.8736,1.87486,1.87316,1.87423,1168.0
2025-10-15 06:00:00+00:00,1.87416,1.87592,1.87406,1.8746,1386.0
2025-10-15 07:00:00+00:00,1.87476,1.87532,1.87288,1.87458,2187.0
2025-10-15 08:00:00+00:00,1.8746,1.87541,1.87368,1.8741,2596.0
2025-10-15 09:00:00+00:00,1.87413,1.87578,1.87286,1.87414,1205.0
2025-10-15 10:00:00+00:00,1.87412,1.8762,1.87356,1.87608,676.0
2025-10-15 11:00:00+00:00,1.87602,1.87622,1.87404,1.87502,1014.0
2025-10-15 12:00:00+00:00,1.87506,1.87561,1.87433,1.87517,1310.0
2025-10-15 13:00:00+00:00,1.8751,1.87542,1.87307,1.87466,2198.0
2025-10-15 14:00:00+00:00,1.87475,1.87736,1.87398,1.87616,2386.0
2025-10-15 15:00:00+00:00,1.87611,1.8805,1.87578,1.87972,1606.0
2025-10-15 16:00:00+00:00,1.87975,1.8798,1.87876,1.87917,1309.0
2025-10-15 17:00:00+00:00,1.8791,1.88109,1.8788,1.87958,1179.0
2025-10-15 18:00:00+00:00,1.87962,1.88161,1.87934,1.88049,1423.0
2025-10-15 19:00:00+00:00,1.88042,1.88129,1.88022,1.88126,1060.0
2025-10-15 20:00:00+00:00,1.88126,1.88316,1.88106,1.88156,2647.0
2025-10-15 21:00:00+00:00,1.8816,1.88206,1.8808,1.88094,1511.0
2025-10-15 22:00:00+00:00,1.88104,1.88266,1.88102,1.88258,1083.0
2025-10-15 23:00:00+00:00,1.88257,1.88266,1.88185,1.88245,1253.0
2025-10-16 00:00:00+00:00,1.88243,1.88481,1.882,1.8841,3748.0
2025-10-16 01:00:00+00:00,1.88409,1.8848,1.88352,1.88422,2022.0
2025-10-16 02:00:00+00:00,1.88418,1.88466,1.88366,1.8837,2027.0
2025-10-16 03:00:00+00:00,1.88368,1.88388,1.88276,1.88286,1882.0
2025-10-16 04:00:00+00:00,1.88286,1.88318,1.88224,1.88234,1572.0
2025-10-16 05:00:00+00:00,1.88232,1.88302,1.88202,1.88257,3219.0
2025-10-16 06:00:00+00:00,1.8826,1.88326,1.88089,1.88144,2640.0
2025-10-16 07:00:00+00:00,1.88141,1.88418,1.88128,1.88399,2621.0
2025-10-16 08:00:00+00:00,1.88406,1.8863,1.88367,1.88622,1659.0
2025-10-16 09:00:00+00:00,1.88616,1.88698,1.88582,1.88608,1852.0
2025-10-16 10:00:00+00:00,1.88608,1.88786,1.8854,1.886,1502.0
2025-10-16 11:00:00+00:00,1.88603,1.88858,1.88498,1.88788,3200.0
2025-10-16 12:00:00+00:00,1.88788,1.88956,1.88632,1.88938,2257.0
2025-10-16 13:00:00+00:00,1.88934,1.88934,1.88496,1.8852,2398.0
2025-10-16 14:00:00+00:00,1.88511,1.88592,1.88397,1.8856,2621.0
2025-10-16 15:00:00+00:00,1.8857,1.88634,1.88453,1.88526,3473.0
2025-10-16 16:00:00+00:00,1.88525,1.88648,1.88512,1.88544,5344.0
2025-10-16 17:00:00+00:00,1.8855,1.88772,1.88542,1.88676,3556.0
2025-10-16 18:00:00+00:00,1.88669,1.88759,1.88622,1.88744,3569.0
2025-10-16 19:00:00+00:00,1.88738,1.8884,1.88698,1.88748,2450.0
2025-10-16 20:00:00+00:00,1.88747,1.8883,1.88732,1.88802,2597.0
2025-10-16 21:00:00+00:00,1.88808,1.8886,1.88738,1.88788,1558.0
2025-10-16 22:00:00+00:00,1.88791,1.88884,1.88748,1.8875,1437.0
2025-10-16 23:00:00+00:00,1.88754,1.8886,1.88736,1.88828,1623.0
2025-10-17 00:00:00+00:00,1.8883,1.8888,1.88774,1.88794,2700.0
2025-10-17 01:00:00+00:00,1.88792,1.88854,1.88728,1.88794,2780.0
2025-10-17 02:00:00+00:00,1.88786,1.88886,1.88718,1.88823,2839.0
2025-10-17 03:00:00+00:00,1.88821,1.88914,1.88808,1.8888,2729.0
2025-10-17 04:00:00+00:00,1.88882,1.88911,1.88846,1.88868,1962.0
2025-10-17 05:00:00+00:00,1.88861,1.89084,1.88857,1.89066,2475.0
2025-10-17 06:00:00+00:00,1.89068,1.89152,1.88962,1.8904,2438.0
2025-10-17 07:00:00+00:00,1.89038,1.89144,1.88746,1.88758,3919.0
2025-10-17 08:00:00+00:00,1.88758,1.88807,1.88498,1.88606,2238.0
2025-10-17 09:00:00+00:00,1.88608,1.88769,1.88529,1.88612,2102.0
2025-10-17 10:00:00+00:00,1.88603,1.88647,1.88486,1.88524,2912.0
2025-10-17 11:00:00+00:00,1.8852,1.88679,1.88454,1.88536,2402.0
2025-10-17 12:00:00+00:00,1.88534,1.88562,1.88228,1.88294,2585.0
2025-10-17 13:00:00+00:00,1.88288,1.88469,1.88222,1.88251,2296.0
2025-10-17 14:00:00+00:00,1.88246,1.88328,1.88104,1.88164,3463.0
2025-10-17 15:00:00+00:00,1.88168,1.8856,1.88138,1.88522,2891.0
2025-10-17 16:00:00+00:00,1.88524,1.88524,1.88356,1.8836,1467.0
2025-10-17 17:00:00+00:00,1.88356,1.88392,1.88227,1.8823,1169.0
2025-10-17 18:00:00+00:00,1.88226,1.88392,1.88147,1.8829,1247.0
2025-10-17 19:00:00+00:00,1.88282,1.8832,1.8813,1.88296,1485.0
2025-10-17 20:00:00+00:00,1.88296,1.88324,1.88104,1.88255,2446.0
2025-10-19 21:00:00+00:00,1.88279,1.8832,1.88187,1.8824,1159.0
2025-10-19 22:00:00+00:00,1.88235,1.88278,1.88111,1.88131,533.0
2025-10-19 23:00:00+00:00,1.88137,1.88196,1.881,1.88163,1209.0
2025-10-20 00:00:00+00:00,1.88164,1.8826,1.8812,1.88245,2592.0
2025-10-20 01:00:00+00:00,1.88242,1.88258,1.88162,1.88244,2445.0
2025-10-20 02:00:00+00:00,1.88242,1.88279,1.8819,1.88225,1338.0
2025-10-20 03:00:00+00:00,1.88228,1.88297,1.88208,1.8829,1979.0
2025-10-20 04:00:00+00:00,1.88287,1.88348,1.88246,1.88247,2421.0
2025-10-20 05:00:00+00:00,1.88242,1.88364,1.88212,1.88356,2004.0
2025-10-20 06:00:00+00:00,1.88358,1.88369,1.88176,1.88185,1360.0
2025-10-20 07:00:00+00:00,1.8818,1.8832,1.8806,1.88226,2721.0
2025-10-20 08:00:00+00:00,1.88226,1.88425,1.88165,1.88418,1651.0
2025-10-20 09:00:00+00:00,1.88415,1.88529,1.88382,1.88422,3005.0
2025-10-20 10:00:00+00:00,1.88426,1.88464,1.88174,1.88176,2306.0
2025-10-20 11:00:00+00:00,1.88174,1.88287,1.88063,1.88274,2370.0
2025-10-20 12:00:00+00:00,1.88284,1.88614,1.88278,1.88562,2248.0
2025-10-20 13:00:00+00:00,1.8856,1.88648,1.8817,1.88173,2674.0
2025-10-20 14:00:00+00:00,1.88174,1.88456,1.88139,1.8827,1548.0
2025-10-20 15:00:00+00:00,1.88268,1.88384,1.88178,1.88276,2120.0
2025-10-20 16:00:00+00:00,1.88277,1.88304,1.88172,1.88209,2265.0
2025-10-20 17:00:00+00:00,1.88202,1.88228,1.88108,1.88112,1080.0
2025-10-20 18:00:00+00:00,1.88106,1.88234,1.8809,1.88208,998.0
2025-10-20 19:00:00+00:00,1.88208,1.88249,1.88099,1.88128,1657.0
2025-10-20 20:00:00+00:00,1.88121,1.88206,1.88108,1.88182,1886.0
2025-10-20 21:00:00+00:00,1.88196,1.88254,1.88094,1.88188,1285.0
2025-10-20 22:00:00+00:00,1.88186,1.88199,1.88067,1.88079,532.0
2025-10-20 23:00:00+00:00,1.8808,1.88119,1.88071,1.88109,1112.0
2025-10-21 00:00:00+00:00,1.88102,1.88233,1.88091,1.88225,3117.0
2025-10-21 01:00:00+00:00,1.88224,1.88238,1.88114,1.88146,3650.0
2025-10-21 02:00:00+00:00,1.88147,1.88197,1.88118,1.88154,2509.0
2025-10-21 03:00:00+00:00,1.88155,1.88174,1.8811,1.88162,2529.0
2025-10-21 04:00:00+00:00,1.88161,1.88203,1.88122,1.88147,2829.0
2025-10-21 05:00:00+00:00,1.88148,1.88165,1.87978,1.88006,2863.0
2025-10-21 06:00:00+00:00,1.88006,1.88222,1.88006,1.88174,2932.0
2025-10-21 07:00:00+00:00,1.88178,1.88316,1.88124,1.88273,2405.0
2025-10-21 08:00:00+00:00,1.88274,1.88278,1.88076,1.88132,3982.0
2025-10-21 09:00:00+00:00,1.88132,1.88228,1.88045,1.8811,1897.0
2025-10-21 10:00:00+00:00,1.88111,1.8814,1.87896,1.88052,1089.0
2025-10-21 11:00:00+00:00,1.88053,1.8813,1.87844,1.88006,1870.0
2025-10-21 12:00:00+00:00,1.88008,1.88044,1.87366,1.87778,2529.0
2025-10-21 13:00:00+00:00,1.87779,1.87829,1.87525,1.87782,3017.0
2025-10-21 14:00:00+00:00,1.8779,1.8787,1.87438,1.87488,2886.0
2025-10-21 15:00:00+00:00,1.87487,1.87706,1.87487,1.87586,2315.0
2025-10-21 16:00:00+00:00,1.8759,1.87666,1.8743,1.87446,1448.0
2025-10-21 17:00:00+00:00,1.87444,1.87474,1.87374,1.87416,3693.0
2025-10-21 18:00:00+00:00,1.87421,1.87495,1.87399,1.87448,2219.0
2025-10-21 19:00:00+00:00,1.8746,1.87487,1.87384,1.87412,2419.0
2025-10-21 20:00:00+00:00,1.87414,1.87492,1.87366,1.87466,1227.0
2025-10-21 21:00:00+00:00,1.87487,1.87529,1.87428,1.87476,439.0
2025-10-21 22:00:00+00:00,1.87468,1.87494,1.87406,1.87438,317.0
2025-10-21 23:00:00+00:00,1.87437,1.8745,1.87358,1.87373,1686.0
2025-10-22 00:00:00+00:00,1.87372,1.87424,1.87334,1.87376,4118.0
2025-10-22 01:00:00+00:00,1.87377,1.87399,1.87294,1.873,3589.0
2025-10-22 02:00:00+00:00,1.87298,1.87379,1.87292,1.8732,2914.0
2025-10-22 03:00:00+00:00,1.87318,1.87332,1.87243,1.87292,2634.0
2025-10-22 04:00:00+00:00,1.87292,1.87332,1.8726,1.87324,2214.0
2025-10-22 05:00:00+00:00,1.87324,1.87413,1.87288,1.87338,2457.0
2025-10-22 06:00:00+00:00,1.87328,1.87346,1.86531,1.86673,5788.0
2025-10-22 07:00:00+00:00,1.86674,1.8678,1.86534,1.86576,4183.0
2025-10-22 08:00:00+00:00,1.86576,1.8666,1.86473,1.86586,2844.0
2025-10-22 09:00:00+00:00,1.86579,1.86717,1.86571,1.86618,2003.0
2025-10-22 10:00:00+00:00,1.86621,1.86677,1.86506,1.86658,1960.0
2025-10-22 11:00:00+00:00,1.8665,1.87042,1.86625,1.86962,2450.0
2025-10-22 12:00:00+00:00,1.86958,1.87117,1.86717,1.86832,3545.0
2025-10-22 13:00:00+00:00,1.86842,1.8697,1.86716,1.8686,2768.0
2025-10-22 14:00:00+00:00,1.86851,1.87014,1.86661,1.8687,2932.0
2025-10-22 15:00:00+00:00,1.86868,1.87044,1.86866,1.86896,1935.0
2025-10-22 16:00:00+00:00,1.869,1.87085,1.86872,1.86909,2538.0
2025-10-22 17:00:00+00:00,1.86906,1.87002,1.86868,1.86948,1572.0
2025-10-22 18:00:00+00:00,1.86946,1.86966,1.86816,1.86819,1254.0
2025-10-22 19:00:00+00:00,1.86824,1.86867,1.86751,1.86788,1606.0
2025-10-22 20:00:00+00:00,1.86788,1.87005,1.86778,1.86914,1669.0
2025-10-22 21:00:00+00:00,1.86848,1.86948,1.86836,1.86888,941.0
2025-10-22 22:00:00+00:00,1.86882,1.86924,1.86817,1.86817,435.0
2025-10-22 23:00:00+00:00,1.86818,1.86835,1.86724,1.8675,1211.0
2025-10-23 00:00:00+00:00,1.86754,1.86754,1.86639,1.86682,3747.0
2025-10-23 01:00:00+00:00,1.86681,1.86722,1.86651,1.867,4030.0
2025-10-23 02:00:00+00:00,1.86701,1.8677,1.86684,1.8673,3071.0
2025-10-23 03:00:00+00:00,1.86733,1.86754,1.8664,1.86646,2856.0
2025-10-23 04:00:00+00:00,1.86646,1.86702,1.8662,1.86696,2477.0
2025-10-23 05:00:00+00:00,1.86698,1.86807,1.86676,1.86777,2695.0
2025-10-23 06:00:00+00:00,1.86772,1.8684,1.86698,1.86772,3715.0
2025-10-23 07:00:00+00:00,1.86774,1.86826,1.8668,1.86823,3445.0
2025-10-23 08:00:00+00:00,1.86824,1.86879,1.86728,1.86801,3833.0
2025-10-23 09:00:00+00:00,1.86798,1.86861,1.86774,1.8681,3439.0
2025-10-23 10:00:00+00:00,1.8681,1.86858,1.86628,1.86649,1782.0
2025-10-23 11:00:00+00:00,1.86646,1.86722,1.86604,1.86613,2093.0
2025-10-23 12:00:00+00:00,1.86616,1.86744,1.86482,1.86695,2329.0
2025-10-23 13:00:00+00:00,1.86702,1.86723,1.86325,1.86361,2787.0
2025-10-23 14:00:00+00:00,1.86362,1.86506,1.86314,1.86352,2575.0
2025-10-23 15:00:00+00:00,1.86351,1.86478,1.86322,1.86369,2137.0
2025-10-23 16:00:00+00:00,1.86372,1.8645,1.86312,1.86326,1406.0
2025-10-23 17:00:00+00:00,1.86321,1.86398,1.86288,1.86324,1308.0
2025-10-23 18:00:00+00:00,1.86316,1.86386,1.86314,1.86344,936.0
2025-10-23 19:00:00+00:00,1.86344,1.86412,1.86316,1.86332,906.0
2025-10-23 20:00:00+00:00,1.86335,1.86462,1.86307,1.86429,1582.0
2025-10-23 21:00:00+00:00,1.864,1.86454,1.864,1.8645,2026.0
2025-10-23 22:00:00+00:00,1.8644,1.86465,1.86247,1.86416,775.0
2025-10-23 23:00:00+00:00,1.86415,1.86443,1.86376,1.86396,1499.0
2025-10-24 00:00:00+00:00,1.864,1.86463,1.86392,1.86458,2675.0
2025-10-24 01:00:00+00:00,1.86458,1.86468,1.86388,1.86393,3220.0
2025-10-24 02:00:00+00:00,1.86392,1.86861,1.86387,1.86674,3615.0
2025-10-24 03:00:00+00:00,1.86674,1.86696,1.86613,1.86625,2212.0
2025-10-24 04:00:00+00:00,1.86624,1.8666,1.8661,1.86642,2207.0
2025-10-24 05:00:00+00:00,1.86644,1.8667,1.86564,1.86648,2278.0
2025-10-24 06:00:00+00:00,1.86644,1.86862,1.86611,1.86794,1963.0
2025-10-24 07:00:00+00:00,1.86791,1.86833,1.86459,1.86514,2386.0
2025-10-24 08:00:00+00:00,1.86513,1.86809,1.86436,1.8675,2007.0
2025-10-24 09:00:00+00:00,1.86752,1.86854,1.8669,1.86762,902.0
2025-10-24 10:00:00+00:00,1.8676,1.86794,1.86704,1.86749,1076.0
2025-10-24 11:00:00+00:00,1.86744,1.86842,1.86562,1.86634,1804.0
2025-10-24 12:00:00+00:00,1.86638,1.87293,1.86612,1.87096,6188.0
2025-10-24 13:00:00+00:00,1.871,1.87208,1.87016,1.87064,2773.0
2025-10-24 14:00:00+00:00,1.87056,1.87112,1.86497,1.86548,2836.0
2025-10-24 15:00:00+00:00,1.86548,1.86609,1.86254,1.8631,2722.0
2025-10-24 16:00:00+00:00,1.86312,1.86363,1.8619,1.86228,1640.0
2025-10-24 17:00:00+00:00,1.86229,1.86374,1.86226,1.86337,1662.0
2025-10-24 18:00:00+00:00,1.86338,1.86364,1.86229,1.86266,828.0
2025-10-24 19:00:00+00:00,1.8627,1.86338,1.86232,1.86332,818.0
2025-10-24 20:00:00+00:00,1.8633,1.86424,1.86266,1.863,3288.0
2025-10-26 21:00:00+00:00,1.86687,1.86698,1.86596,1.86636,1735.0
2025-10-26 22:00:00+00:00,1.86626,1.86642,1.86367,1.86389,1717.0
2025-10-26 23:00:00+00:00,1.86383,1.86425,1.8634,1.8642,1929.0
2025-10-27 00:00:00+00:00,1.86415,1.86438,1.86308,1.86336,4083.0
2025-10-27 01:00:00+00:00,1.86335,1.86438,1.86321,1.86366,2921.0
2025-10-27 02:00:00+00:00,1.86364,1.86388,1.86292,1.86306,2838.0
2025-10-27 03:00:00+00:00,1.86307,1.86366,1.863,1.86363,2559.0
2025-10-27 04:00:00+00:00,1.86362,1.8637,1.86258,1.86284,2839.0
2025-10-27 05:00:00+00:00,1.86284,1.86329,1.86258,1.8628,2808.0
2025-10-27 06:00:00+00:00,1.86283,1.8632,1.86216,1.86252,3054.0
2025-10-27 07:00:00+00:00,1.8626,1.86274,1.86029,1.86124,1998.0
2025-10-27 08:00:00+00:00,1.86118,1.86313,1.86051,1.86271,1350.0
2025-10-27 09:00:00+00:00,1.86278,1.86479,1.86226,1.86479,1344.0
2025-10-27 10:00:00+00:00,1.86466,1.86582,1.8644,1.86539,1166.0
2025-10-27 11:00:00+00:00,1.86537,1.86619,1.86404,1.86572,1623.0
2025-10-27 12:00:00+00:00,1.86572,1.86636,1.86496,1.86623,1991.0
2025-10-27 13:00:00+00:00,1.86617,1.86663,1.86479,1.86617,3090.0
2025-10-27 14:00:00+00:00,1.86616,1.86727,1.86565,1.8665,2520.0
2025-10-27 15:00:00+00:00,1.86648,1.86671,1.8645,1.86552,2624.0
2025-10-27 16:00:00+00:00,1.86552,1.86642,1.8651,1.86638,2065.0
2025-10-27 17:00:00+00:00,1.86638,1.86704,1.86589,1.86634,1928.0
2025-10-27 18:00:00+00:00,1.86638,1.86684,1.86526,1.86631,1633.0
2025-10-27 19:00:00+00:00,1.86636,1.86641,1.86506,1.86611,2282.0
2025-10-27 20:00:00+00:00,1.8661,1.86644,1.8654,1.86558,1354.0
2025-10-27 21:00:00+00:00,1.86592,1.8663,1.86584,1.86606,3357.0
2025-10-27 22:00:00+00:00,1.86606,1.86618,1.86533,1.86538,1383.0
2025-10-27 23:00:00+00:00,1.8654,1.86662,1.86525,1.86652,1119.0
2025-10-28 00:00:00+00:00,1.86654,1.86724,1.86624,1.86698,1963.0
2025-10-28 01:00:00+00:00,1.86698,1.86779,1.86686,1.86766,3551.0
2025-10-28 02:00:00+00:00,1.86766,1.86801,1.86739,1.86747,3051.0
2025-10-28 03:00:00+00:00,1.86751,1.86816,1.86741,1.86787,2268.0
2025-10-28 04:00:00+00:00,1.86794,1.86907,1.86774,1.86891,2876.0
2025-10-28 05:00:00+00:00,1.8689,1.86986,1.8688,1.8693,3020.0
2025-10-28 06:00:00+00:00,1.86932,1.87051,1.86925,1.86943,2369.0
2025-10-28 07:00:00+00:00,1.86943,1.86953,1.86688,1.8671,1766.0
2025-10-28 08:00:00+00:00,1.86698,1.86714,1.86226,1.86352,3092.0
2025-10-28 09:00:00+00:00,1.86354,1.86466,1.86254,1.86402,1767.0
2025-10-28 10:00:00+00:00,1.86398,1.8652,1.86322,1.86475,1871.0
2025-10-28 11:00:00+00:00,1.86476,1.86478,1.86226,1.86282,1802.0
2025-10-28 12:00:00+00:00,1.86292,1.86336,1.85902,1.85982,3447.0
2025-10-28 13:00:00+00:00,1.85982,1.8599,1.8534,1.85404,3456.0
2025-10-28 14:00:00+00:00,1.85402,1.85444,1.85184,1.8532,2790.0
2025-10-28 15:00:00+00:00,1.85328,1.85328,1.85007,1.8504,2191.0
2025-10-28 16:00:00+00:00,1.85039,1.85312,1.85026,1.85276,3617.0
2025-10-28 17:00:00+00:00,1.85277,1.85277,1.85107,1.85123,1371.0
2025-10-28 18:00:00+00:00,1.85126,1.85184,1.85048,1.8514,885.0
2025-10-28 19:00:00+00:00,1.85142,1.85192,1.8497,1.84978,1496.0
2025-10-28 20:00:00+00:00,1.84976,1.85206,1.84926,1.85073,1705.0
2025-10-28 21:00:00+00:00,1.85117,1.85127,1.85082,1.85114,633.0
2025-10-28 22:00:00+00:00,1.85115,1.8513,1.8505,1.85088,945.0
2025-10-28 23:00:00+00:00,1.85084,1.85088,1.85042,1.85087,1615.0
2025-10-29 00:00:00+00:00,1.85083,1.85101,1.84934,1.84992,4208.0
2025-10-29 01:00:00+00:00,1.84994,1.8501,1.84793,1.84831,3226.0
2025-10-29 02:00:00+00:00,1.84832,1.84927,1.84783,1.8481,3127.0
2025-10-29 03:00:00+00:00,1.84809,1.84814,1.84674,1.84704,2694.0
2025-10-29 04:00:00+00:00,1.84706,1.8477,1.84702,1.8475,2917.0
2025-10-29 05:00:00+00:00,1.84748,1.8475,1.84496,1.84498,3001.0
2025-10-29 06:00:00+00:00,1.84498,1.84538,1.84298,1.84304,3420.0
2025-10-29 07:00:00+00:00,1.84304,1.84385,1.84131,1.84246,2008.0
2025-10-29 08:00:00+00:00,1.84244,1.84273,1.84134,1.84203,2036.0
2025-10-29 09:00:00+00:00,1.84204,1.844,1.84076,1.84325,1577.0
2025-10-29 10:00:00+00:00,1.84324,1.8434,1.84138,1.84214,1622.0
2025-10-29 11:00:00+00:00,1.84216,1.84378,1.84216,1.84258,2253.0
2025-10-29 12:00:00+00:00,1.84266,1.84288,1.83882,1.83934,2568.0
2025-10-29 13:00:00+00:00,1.83934,1.84148,1.8366,1.83831,2691.0
2025-10-29 14:00:00+00:00,1.83826,1.83929,1.83759,1.83911,3122.0
2025-10-29 15:00:00+00:00,1.83916,1.84071,1.83798,1.83978,3161.0
2025-10-29 16:00:00+00:00,1.83975,1.84012,1.83813,1.83828,2402.0
2025-10-29 17:00:00+00:00,1.8382,1.8387,1.8368,1.8386,1766.0
2025-10-29 18:00:00+00:00,1.83844,1.83891,1.83253,1.83362,11595.0
2025-10-29 19:00:00+00:00,1.83367,1.84048,1.83318,1.84016,7954.0
2025-10-29 20:00:00+00:00,1.84016,1.841,1.83882,1.8397,4048.0
2025-10-29 21:00:00+00:00,1.8394,1.8407,1.83864,1.83979,1879.0
2025-10-29 22:00:00+00:00,1.8399,1.84004,1.83915,1.83962,905.0
2025-10-29 23:00:00+00:00,1.83966,1.84015,1.83914,1.83923,1564.0
2025-10-30 00:00:00+00:00,1.83926,1.84033,1.83858,1.83986,3858.0
2025-10-30 01:00:00+00:00,1.83986,1.84052,1.83922,1.8403,4072.0
2025-10-30 02:00:00+00:00,1.84032,1.84059,1.83975,1.84012,3368.0
2025-10-30 03:00:00+00:00,1.84014,1.84042,1.83964,1.84012,4633.0
2025-10-30 04:00:00+00:00,1.84012,1.8419,1.83998,1.84056,4371.0
2025-10-30 05:00:00+00:00,1.84064,1.84122,1.8402,1.84055,4273.0
2025-10-30 06:00:00+00:00,1.84053,1.84096,1.83887,1.84,2666.0
2025-10-30 07:00:00+00:00,1.83997,1.8412,1.83862,1.83942,3686.0
2025-10-30 08:00:00+00:00,1.83948,1.8419,1.83836,1.84156,4094.0
2025-10-30 09:00:00+00:00,1.84158,1.84164,1.83878,1.83966,2613.0
2025-10-30 10:00:00+00:00,1.83964,1.83984,1.83831,1.83856,2216.0
2025-10-30 11:00:00+00:00,1.83856,1.84278,1.83844,1.84235,2757.0
2025-10-30 12:00:00+00:00,1.84239,1.84324,1.83864,1.83912,5629.0
2025-10-30 13:00:00+00:00,1.83912,1.84251,1.83742,1.84144,5006.0
2025-10-30 14:00:00+00:00,1.84148,1.84236,1.83922,1.83996,2867.0
2025-10-30 15:00:00+00:00,1.84002,1.84086,1.83738,1.83798,2020.0
2025-10-30 16:00:00+00:00,1.83794,1.83987,1.837,1.83924,2900.0
2025-10-30 17:00:00+00:00,1.83924,1.83999,1.83838,1.83887,2369.0
2025-10-30 18:00:00+00:00,1.83886,1.83936,1.83798,1.83816,1157.0
2025-10-30 19:00:00+00:00,1.83823,1.8388,1.83767,1.8385,1509.0
2025-10-30 20:00:00+00:00,1.83844,1.83962,1.83821,1.83906,1610.0
2025-10-30 21:00:00+00:00,1.83912,1.8398,1.83898,1.83946,3057.0
2025-10-30 22:00:00+00:00,1.83958,1.83974,1.83894,1.83922,929.0
2025-10-30 23:00:00+00:00,1.83926,1.8399,1.83912,1.83972,1181.0
2025-10-31 00:00:00+00:00,1.83971,1.84014,1.83952,1.83972,2271.0
2025-10-31 01:00:00+00:00,1.83974,1.84046,1.83941,1.83941,2594.0
2025-10-31 02:00:00+00:00,1.83944,1.83984,1.83917,1.83958,2635.0
2025-10-31 03:00:00+00:00,1.83958,1.83998,1.83946,1.83962,2377.0
2025-10-31 04:00:00+00:00,1.8396,1.84025,1.83952,1.84009,2347.0
2025-10-31 05:00:00+00:00,1.8401,1.84023,1.83948,1.83974,2658.0
2025-10-31 06:00:00+00:00,1.83975,1.84123,1.8395,1.8401,2979.0
2025-10-31 07:00:00+00:00,1.84003,1.84128,1.83879,1.84046,2419.0
2025-10-31 08:00:00+00:00,1.84044,1.84046,1.83914,1.83992,3204.0
2025-10-31 09:00:00+00:00,1.83992,1.84118,1.8396,1.84066,1590.0
2025-10-31 10:00:00+00:00,1.8407,1.84119,1.83971,1.83976,1953.0
2025-10-31 11:00:00+00:00,1.83978,1.84089,1.83832,1.83978,2147.0
2025-10-31 12:00:00+00:00,1.83977,1.84083,1.83762,1.83854,5277.0
2025-10-31 13:00:00+00:00,1.83855,1.83946,1.83782,1.83902,3229.0
2025-10-31 14:00:00+00:00,1.83902,1.83902,1.83672,1.8385,3075.0
2025-10-31 15:00:00+00:00,1.83858,1.84097,1.83744,1.84074,3386.0
2025-10-31 16:00:00+00:00,1.84078,1.84175,1.83998,1.84032,2575.0
2025-10-31 17:00:00+00:00,1.84037,1.84142,1.8401,1.84092,1780.0
2025-10-31 18:00:00+00:00,1.84084,1.84162,1.84051,1.84136,2417.0
2025-10-31 19:00:00+00:00,1.8413,1.8424,1.84124,1.84237,1904.0
2025-10-31 20:00:00+00:00,1.84236,1.8429,1.84091,1.84229,3432.0
2025-11-02 22:00:00+00:00,1.83956,1.84172,1.83956,1.84151,1903.0
2025-11-02 23:00:00+00:00,1.8415,1.84186,1.84044,1.84074,3419.0
2025-11-03 00:00:00+00:00,1.84072,1.84184,1.8406,1.84182,1692.0
2025-11-03 01:00:00+00:00,1.84184,1.84184,1.84105,1.84153,3035.0
2025-11-03 02:00:00+00:00,1.84152,1.8419,1.84106,1.84116,2369.0
2025-11-03 03:00:00+00:00,1.8412,1.84166,1.84102,1.84106,1297.0
2025-11-03 04:00:00+00:00,1.84106,1.84158,1.84095,1.8411,799.0
2025-11-03 05:00:00+00:00,1.84106,1.84166,1.84097,1.84116,2165.0
2025-11-03 06:00:00+00:00,1.84116,1.84222,1.84112,1.84185,2637.0
2025-11-03 07:00:00+00:00,1.84182,1.84234,1.84122,1.84174,2231.0
2025-11-03 08:00:00+00:00,1.84174,1.84185,1.8401,1.841,1730.0
2025-11-03 09:00:00+00:00,1.84099,1.84328,1.84051,1.84264,1411.0
2025-11-03 10:00:00+00:00,1.84262,1.84435,1.84204,1.84419,1725.0
2025-11-03 11:00:00+00:00,1.84413,1.8455,1.84316,1.84373,1548.0
2025-11-03 12:00:00+00:00,1.8438,1.84564,1.84342,1.84444,2054.0
2025-11-03 13:00:00+00:00,1.84442,1.84579,1.84366,1.84577,2237.0
2025-11-03 14:00:00+00:00,1.84576,1.84613,1.84344,1.84401,3437.0
2025-11-03 15:00:00+00:00,1.84424,1.84942,1.84424,1.84942,3672.0
2025-11-03 16:00:00+00:00,1.84947,1.84951,1.84706,1.84728,2573.0
2025-11-03 17:00:00+00:00,1.84728,1.84893,1.84658,1.84695,2179.0
2025-11-03 18:00:00+00:00,1.84701,1.84774,1.84646,1.84686,1278.0
2025-11-03 19:00:00+00:00,1.84684,1.84708,1.84602,1.84602,1528.0
2025-11-03 20:00:00+00:00,1.84604,1.84688,1.84602,1.84634,1865.0
2025-11-03 21:00:00+00:00,1.84631,1.84731,1.84582,1.84673,1864.0
2025-11-03 22:00:00+00:00,1.84733,1.8478,1.84652,1.84674,1354.0
2025-11-03 23:00:00+00:00,1.84678,1.84688,1.84602,1.84609,842.0
2025-11-04 00:00:00+00:00,1.84614,1.84619,1.84519,1.84574,2174.0
2025-11-04 01:00:00+00:00,1.84572,1.84637,1.84542,1.846,2334.0
2025-11-04 02:00:00+00:00,1.84602,1.84632,1.84558,1.84604,2642.0
2025-11-04 03:00:00+00:00,1.84603,1.847,1.84574,1.84599,2140.0
2025-11-04 04:00:00+00:00,1.846,1.84654,1.84576,1.84586,2587.0
2025-11-04 05:00:00+00:00,1.84587,1.84626,1.84551,1.84587,2586.0
2025-11-04 06:00:00+00:00,1.84586,1.84665,1.84568,1.84599,3203.0
2025-11-04 07:00:00+00:00,1.846,1.84756,1.84398,1.84439,2335.0
2025-11-04 08:00:00+00:00,1.84432,1.84433,1.84058,1.84148,4112.0
2025-11-04 09:00:00+00:00,1.84148,1.84179,1.83726,1.83798,4507.0
2025-11-04 10:00:00+00:00,1.83795,1.8398,1.83795,1.83951,2158.0
2025-11-04 11:00:00+00:00,1.83956,1.83973,1.83822,1.8386,2107.0
2025-11-04 12:00:00+00:00,1.83866,1.84002,1.83794,1.83956,3038.0
2025-11-04 13:00:00+00:00,1.8395,1.83973,1.83841,1.8385,2125.0
2025-11-04 14:00:00+00:00,1.83848,1.83943,1.83664,1.83791,2628.0
2025-11-04 15:00:00+00:00,1.83795,1.83918,1.8367,1.83724,3769.0
2025-11-04 16:00:00+00:00,1.83726,1.83762,1.8364,1.83671,2547.0
2025-11-04 17:00:00+00:00,1.8367,1.83708,1.83568,1.83602,2676.0
2025-11-04 18:00:00+00:00,1.83601,1.83615,1.8348,1.83565,3136.0
2025-11-04 19:00:00+00:00,1.83564,1.83606,1.83482,1.8352,2700.0
2025-11-04 20:00:00+00:00,1.83527,1.83598,1.83478,1.83496,2541.0
2025-11-04 21:00:00+00:00,1.83488,1.83696,1.83482,1.83614,2140.0
2025-11-04 22:00:00+00:00,1.83634,1.83722,1.8357,1.83693,1349.0
2025-11-04 23:00:00+00:00,1.83689,1.83708,1.83596,1.83613,866.0
2025-11-05 00:00:00+00:00,1.83616,1.8366,1.8358,1.83614,2892.0
2025-11-05 01:00:00+00:00,1.83615,1.83779,1.8361,1.83692,3289.0
2025-11-05 02:00:00+00:00,1.83704,1.83808,1.83683,1.83688,3268.0
2025-11-05 03:00:00+00:00,1.83689,1.83755,1.83673,1.83726,2198.0
2025-11-05 04:00:00+00:00,1.83725,1.83812,1.83723,1.83789,2615.0
2025-11-05 05:00:00+00:00,1.8379,1.83854,1.83736,1.83736,2648.0
2025-11-05 06:00:00+00:00,1.83736,1.83906,1.83724,1.8387,1813.0
2025-11-05 07:00:00+00:00,1.83869,1.83912,1.83814,1.83878,4018.0
2025-11-05 08:00:00+00:00,1.8388,1.84208,1.83852,1.84174,4629.0
2025-11-05 09:00:00+00:00,1.84173,1.8429,1.84104,1.842,1610.0
2025-11-05 10:00:00+00:00,1.84196,1.84203,1.84066,1.84073,1627.0
2025-11-05 11:00:00+00:00,1.84078,1.84268,1.83901,1.84241,2072.0
2025-11-05 12:00:00+00:00,1.84237,1.8437,1.84226,1.84298,1999.0
2025-11-05 13:00:00+00:00,1.84298,1.84336,1.84094,1.84096,2510.0
2025-11-05 14:00:00+00:00,1.84099,1.84209,1.83968,1.84032,2535.0
2025-11-05 15:00:00+00:00,1.84034,1.84284,1.83883,1.84194,3965.0
2025-11-05 16:00:00+00:00,1.84192,1.84217,1.8402,1.84092,2949.0
2025-11-05 17:00:00+00:00,1.84099,1.84174,1.84012,1.84062,1935.0
2025-11-05 18:00:00+00:00,1.84062,1.84172,1.84026,1.8416,1622.0
2025-11-05 19:00:00+00:00,1.8416,1.8416,1.84036,1.84094,1389.0
2025-11-05 20:00:00+00:00,1.84106,1.84132,1.84057,1.84116,1909.0
2025-11-05 21:00:00+00:00,1.84115,1.84174,1.84088,1.84139,2280.0
2025-11-05 22:00:00+00:00,1.84074,1.84159,1.84067,1.84091,1803.0
2025-11-05 23:00:00+00:00,1.8407,1.84091,1.8403,1.84042,1347.0
2025-11-06 00:00:00+00:00,1.84046,1.84126,1.84046,1.84112,2406.0
2025-11-06 01:00:00+00:00,1.84118,1.84262,1.84112,1.84218,3549.0
2025-11-06 02:00:00+00:00,1.8422,1.8422,1.84119,1.84155,2959.0
2025-11-06 03:00:00+00:00,1.84157,1.8423,1.84144,1.84221,2516.0
2025-11-06 04:00:00+00:00,1.84219,1.84242,1.84151,1.8419,2383.0
2025-11-06 05:00:00+00:00,1.8419,1.84224,1.84134,1.84162,2721.0
2025-11-06 06:00:00+00:00,1.84159,1.8423,1.84073,1.84086,2533.0
2025-11-06 07:00:00+00:00,1.84088,1.84257,1.84056,1.84172,2470.0
2025-11-06 08:00:00+00:00,1.84172,1.84436,1.84152,1.84376,2445.0
2025-11-06 09:00:00+00:00,1.84371,1.84474,1.84316,1.84394,2373.0
2025-11-06 10:00:00+00:00,1.84393,1.84468,1.8434,1.84356,1519.0
2025-11-06 11:00:00+00:00,1.84354,1.84588,1.84346,1.84539,3718.0
2025-11-06 12:00:00+00:00,1.84535,1.84688,1.84094,1.84634,5518.0
2025-11-06 13:00:00+00:00,1.84642,1.84945,1.84491,1.84772,3174.0
2025-11-06 14:00:00+00:00,1.84762,1.84834,1.84636,1.84792,3642.0
2025-11-06 15:00:00+00:00,1.84787,1.85112,1.84787,1.85108,4704.0
2025-11-06 16:00:00+00:00,1.8511,1.85294,1.85092,1.8512,3945.0
2025-11-06 17:00:00+00:00,1.8512,1.85281,1.85092,1.85227,3600.0
2025-11-06 18:00:00+00:00,1.85226,1.85433,1.85207,1.85388,2116.0
2025-11-06 19:00:00+00:00,1.85391,1.85422,1.85278,1.85308,3402.0
2025-11-06 20:00:00+00:00,1.85308,1.85431,1.85306,1.85416,3744.0
2025-11-06 21:00:00+00:00,1.85418,1.85478,1.85331,1.85464,1978.0
2025-11-06 22:00:00+00:00,1.85326,1.85464,1.85326,1.85396,3198.0
2025-11-06 23:00:00+00:00,1.85385,1.8546,1.8537,1.85421,960.0
2025-11-07 00:00:00+00:00,1.85424,1.85465,1.85372,1.85378,2953.0
2025-11-07 01:00:00+00:00,1.85372,1.85422,1.85328,1.85365,3198.0
2025-11-07 02:00:00+00:00,1.85366,1.85409,1.8529,1.85304,2464.0
2025-11-07 03:00:00+00:00,1.85304,1.85322,1.85246,1.85286,2253.0
2025-11-07 04:00:00+00:00,1.85287,1.85288,1.85227,1.85254,2402.0
2025-11-07 05:00:00+00:00,1.85254,1.85324,1.85228,1.85277,2691.0
2025-11-07 06:00:00+00:00,1.8528,1.85288,1.85141,1.85148,3248.0
2025-11-07 07:00:00+00:00,1.85152,1.85266,1.85134,1.85266,2577.0
2025-11-07 08:00:00+00:00,1.85266,1.8527,1.84915,1.84934,2492.0
2025-11-07 09:00:00+00:00,1.84932,1.84985,1.84878,1.84882,2110.0
2025-11-07 10:00:00+00:00,1.8488,1.85014,1.84868,1.84996,2711.0
2025-11-07 11:00:00+00:00,1.84988,1.85172,1.84949,1.85108,1992.0
2025-11-07 12:00:00+00:00,1.85106,1.8522,1.85011,1.85069,2505.0
2025-11-07 13:00:00+00:00,1.85066,1.85146,1.84548,1.8467,5227.0
2025-11-07 14:00:00+00:00,1.84673,1.85104,1.84612,1.85036,5168.0
2025-11-07 15:00:00+00:00,1.85036,1.85344,1.85022,1.85076,3441.0
2025-11-07 16:00:00+00:00,1.8508,1.85315,1.85075,1.8526,2959.0
2025-11-07 17:00:00+00:00,1.85259,1.85269,1.85046,1.85094,2940.0
2025-11-07 18:00:00+00:00,1.85096,1.8513,1.84944,1.84956,3330.0
2025-11-07 19:00:00+00:00,1.84955,1.8499,1.84679,1.84721,3174.0
2025-11-07 20:00:00+00:00,1.84727,1.84816,1.84664,1.84672,1745.0
2025-11-07 21:00:00+00:00,1.8467,1.84947,1.846,1.84902,3150.0
2025-11-09 22:00:00+00:00,1.85003,1.85032,1.84566,1.84787,739.0
2025-11-09 23:00:00+00:00,1.84771,1.84796,1.84538,1.84562,3343.0
2025-11-10 00:00:00+00:00,1.84565,1.84722,1.84516,1.84572,2599.0
2025-11-10 01:00:00+00:00,1.84574,1.84576,1.84434,1.84518,2537.0
2025-11-10 02:00:00+00:00,1.84516,1.84543,1.84463,1.84466,1938.0
2025-11-10 03:00:00+00:00,1.8446,1.84502,1.84444,1.845,3183.0
2025-11-10 04:00:00+00:00,1.84502,1.84526,1.84438,1.84509,2529.0
2025-11-10 05:00:00+00:00,1.84505,1.84537,1.84456,1.84511,2249.0
2025-11-10 06:00:00+00:00,1.84508,1.84555,1.84371,1.84396,3050.0
2025-11-10 07:00:00+00:00,1.84396,1.84499,1.84352,1.84395,2386.0
2025-11-10 08:00:00+00:00,1.84394,1.84646,1.84342,1.84595,1806.0
2025-11-10 09:00:00+00:00,1.84594,1.84646,1.84511,1.84582,1312.0
2025-11-10 10:00:00+00:00,1.84574,1.84626,1.84426,1.84482,1994.0
2025-11-10 11:00:00+00:00,1.8448,1.84677,1.84339,1.8466,1593.0
2025-11-10 12:00:00+00:00,1.84661,1.84798,1.84636,1.8471,1464.0
2025-11-10 13:00:00+00:00,1.84708,1.8475,1.84544,1.84604,1461.0
2025-11-10 14:00:00+00:00,1.84605,1.84706,1.84424,1.846,2306.0
2025-11-10 15:00:00+00:00,1.84595,1.84654,1.84413,1.84434,3590.0
2025-11-10 16:00:00+00:00,1.84438,1.84676,1.84438,1.84576,2085.0
2025-11-10 17:00:00+00:00,1.84581,1.84769,1.84581,1.84724,1855.0
2025-11-10 18:00:00+00:00,1.84726,1.84824,1.84701,1.84764,1817.0
2025-11-10 19:00:00+00:00,1.84761,1.84813,1.84725,1.84758,2082.0
2025-11-10 20:00:00+00:00,1.84758,1.84816,1.84724,1.8475,1747.0
2025-11-10 21:00:00+00:00,1.84751,1.8478,1.84689,1.84719,1838.0
2025-11-10 22:00:00+00:00,1.84682,1.84743,1.84676,1.847,2408.0
2025-11-10 23:00:00+00:00,1.84691,1.84766,1.84682,1.8475,1023.0
2025-11-11 00:00:00+00:00,1.84752,1.84768,1.84644,1.84656,2727.0
2025-11-11 01:00:00+00:00,1.84652,1.84714,1.84611,1.84712,2346.0
2025-11-11 02:00:00+00:00,1.8471,1.84748,1.84704,1.84741,1787.0
2025-11-11 03:00:00+00:00,1.84736,1.84824,1.84732,1.84797,4013.0
2025-11-11 04:00:00+00:00,1.84796,1.84836,1.84763,1.84799,2711.0
2025-11-11 05:00:00+00:00,1.84798,1.84832,1.84756,1.84776,1965.0
2025-11-11 06:00:00+00:00,1.84778,1.8483,1.84648,1.84675,2142.0
2025-11-11 07:00:00+00:00,1.84688,1.84718,1.84122,1.84171,4233.0
2025-11-11 08:00:00+00:00,1.84186,1.8424,1.84076,1.84153,1234.0
2025-11-11 09:00:00+00:00,1.8414,1.84274,1.84072,1.84246,985.0
2025-11-11 10:00:00+00:00,1.84239,1.8438,1.84142,1.84332,857.0
2025-11-11 11:00:00+00:00,1.84338,1.84476,1.84268,1.84434,1536.0
2025-11-11 12:00:00+00:00,1.84432,1.84518,1.84323,1.8436,847.0
2025-11-11 13:00:00+00:00,1.84366,1.8462,1.84354,1.84472,1909.0
2025-11-11 14:00:00+00:00,1.84475,1.84657,1.84385,1.84576,1555.0
2025-11-11 15:00:00+00:00,1.84566,1.84615,1.8432,1.8456,1816.0
2025-11-11 16:00:00+00:00,1.84553,1.84616,1.84448,1.84527,1219.0
2025-11-11 17:00:00+00:00,1.84534,1.84566,1.84447,1.84462,1254.0
2025-11-11 18:00:00+00:00,1.84456,1.84545,1.84435,1.84543,878.0
2025-11-11 19:00:00+00:00,1.84532,1.84549,1.84437,1.84458,703.0
2025-11-11 20:00:00+00:00,1.8446,1.84516,1.8436,1.84368,798.0
2025-11-11 21:00:00+00:00,1.84368,1.84412,1.84276,1.84344,1625.0
2025-11-11 22:00:00+00:00,1.84407,1.84422,1.84348,1.84378,963.0
2025-11-11 23:00:00+00:00,1.84382,1.84484,1.84232,1.84339,1086.0
2025-11-12 00:00:00+00:00,1.8434,1.84361,1.842,1.84216,2553.0
2025-11-12 01:00:00+00:00,1.84218,1.84238,1.84162,1.84176,3527.0
2025-11-12 02:00:00+00:00,1.84178,1.84206,1.84142,1.84165,2806.0
2025-11-12 03:00:00+00:00,1.84163,1.84203,1.84136,1.84162,2722.0
2025-11-12 04:00:00+00:00,1.84159,1.84164,1.84026,1.84045,2702.0
2025-11-12 05:00:00+00:00,1.84046,1.84102,1.83997,1.83998,3429.0
2025-11-12 06:00:00+00:00,1.83998,1.84074,1.83943,1.84048,3158.0
2025-11-12 07:00:00+00:00,1.84051,1.84136,1.84032,1.84112,2368.0
2025-11-12 08:00:00+00:00,1.84118,1.8428,1.83746,1.8378,2507.0
2025-11-12 09:00:00+00:00,1.83781,1.83969,1.8376,1.8386,2322.0
2025-11-12 10:00:00+00:00,1.83864,1.84038,1.83803,1.83977,853.0
2025-11-12 11:00:00+00:00,1.83976,1.84158,1.83848,1.8414,668.0
2025-11-12 12:00:00+00:00,1.84138,1.84149,1.8367,1.8375,2175.0
2025-11-12 13:00:00+00:00,1.83752,1.83798,1.83593,1.83672,2333.0
2025-11-12 14:00:00+00:00,1.83666,1.83722,1.83436,1.8358,3513.0
2025-11-12 15:00:00+00:00,1.83582,1.83964,1.83578,1.83772,3243.0
2025-11-12 16:00:00+00:00,1.83776,1.83942,1.83776,1.83832,2852.0
2025-11-12 17:00:00+00:00,1.83831,1.83951,1.83824,1.83905,2013.0
2025-11-12 18:00:00+00:00,1.83904,1.83943,1.8386,1.83872,1889.0
2025-11-12 19:00:00+00:00,1.8387,1.83873,1.83768,1.83782,2373.0
2025-11-12 20:00:00+00:00,1.83776,1.83862,1.83768,1.8385,1633.0
2025-11-12 21:00:00+00:00,1.83847,1.83966,1.83792,1.83938,1521.0
2025-11-12 22:00:00+00:00,1.83892,1.83958,1.83891,1.83955,2808.0
2025-11-12 23:00:00+00:00,1.83959,1.8396,1.83878,1.83896,940.0
2025-11-13 00:00:00+00:00,1.83895,1.83898,1.83711,1.83774,3736.0
2025-11-13 01:00:00+00:00,1.83775,1.8386,1.83728,1.83828,2703.0
2025-11-13 02:00:00+00:00,1.83835,1.83854,1.83736,1.83786,1635.0
2025-11-13 03:00:00+00:00,1.83788,1.8384,1.8375,1.83824,2987.0
2025-11-13 04:00:00+00:00,1.83825,1.83838,1.83776,1.83804,3937.0
2025-11-13 05:00:00+00:00,1.83804,1.83819,1.83736,1.83766,4076.0
2025-11-13 06:00:00+00:00,1.83766,1.83834,1.83742,1.83814,2592.0
2025-11-13 07:00:00+00:00,1.83816,1.83944,1.83554,1.83881,2256.0
2025-11-13 08:00:00+00:00,1.83882,1.84196,1.83712,1.84186,2221.0
2025-11-13 09:00:00+00:00,1.84184,1.84195,1.83928,1.84036,2401.0
2025-11-13 10:00:00+00:00,1.84042,1.84156,1.84023,1.84104,1167.0
2025-11-13 11:00:00+00:00,1.84108,1.84119,1.83937,1.84004,1433.0
2025-11-13 12:00:00+00:00,1.8401,1.84508,1.84,1.84492,3378.0
2025-11-13 13:00:00+00:00,1.845,1.84526,1.84279,1.84443,2723.0
2025-11-13 14:00:00+00:00,1.84444,1.84648,1.84318,1.8464,2480.0
2025-11-13 15:00:00+00:00,1.84636,1.84899,1.84566,1.84899,2572.0
2025-11-13 16:00:00+00:00,1.84898,1.85088,1.84771,1.85082,2448.0
2025-11-13 17:00:00+00:00,1.8509,1.85264,1.8502,1.8524,2542.0
2025-11-13 18:00:00+00:00,1.85244,1.85284,1.85134,1.8517,1824.0
2025-11-13 19:00:00+00:00,1.85171,1.85202,1.85063,1.85068,3265.0
2025-11-13 20:00:00+00:00,1.85071,1.8511,1.84934,1.84943,3296.0
2025-11-13 21:00:00+00:00,1.84942,1.8516,1.84928,1.85119,1901.0
2025-11-13 22:00:00+00:00,1.85152,1.85232,1.84744,1.84769,2997.0
2025-11-13 23:00:00+00:00,1.84758,1.84956,1.84394,1.84616,2068.0
2025-11-14 00:00:00+00:00,1.84623,1.84778,1.84356,1.84518,1698.0
2025-11-14 01:00:00+00:00,1.8451,1.84528,1.84334,1.84346,1557.0
2025-11-14 02:00:00+00:00,1.84352,1.84406,1.84296,1.84398,2008.0
2025-11-14 03:00:00+00:00,1.8439,1.84468,1.84298,1.84354,1494.0
2025-11-14 04:00:00+00:00,1.84354,1.84427,1.84315,1.84386,1053.0
2025-11-14 05:00:00+00:00,1.84384,1.84438,1.84326,1.84389,1552.0
2025-11-14 06:00:00+00:00,1.8439,1.84573,1.84366,1.84406,1973.0
2025-11-14 07:00:00+00:00,1.8441,1.8465,1.8421,1.84552,2329.0
2025-11-14 08:00:00+00:00,1.84547,1.8523,1.8409,1.84742,6372.0
2025-11-14 09:00:00+00:00,1.8474,1.84966,1.84522,1.84631,1898.0
2025-11-14 10:00:00+00:00,1.84628,1.84674,1.84488,1.84522,1365.0
2025-11-14 11:00:00+00:00,1.84524,1.84554,1.84272,1.845,1499.0
2025-11-14 12:00:00+00:00,1.845,1.84808,1.84402,1.8476,2951.0
2025-11-14 13:00:00+00:00,1.84756,1.84756,1.84518,1.84671,2402.0
2025-11-14 14:00:00+00:00,1.84664,1.8473,1.84386,1.8455,3145.0
2025-11-14 15:00:00+00:00,1.84548,1.84548,1.84168,1.843,2834.0
2025-11-14 16:00:00+00:00,1.84302,1.84552,1.8428,1.8448,2490.0
2025-11-14 17:00:00+00:00,1.84476,1.84606,1.84448,1.84592,2141.0
2025-11-14 18:00:00+00:00,1.84589,1.84656,1.8452,1.84592,1384.0
2025-11-14 19:00:00+00:00,1.84599,1.84682,1.84557,1.84641,1628.0
2025-11-14 20:00:00+00:00,1.8464,1.84723,1.84598,1.8469,1621.0
2025-11-14 21:00:00+00:00,1.84692,1.84789,1.84538,1.84758,2425.0
2025-11-16 22:00:00+00:00,1.84371,1.84747,1.84371,1.8467,1881.0
2025-11-16 23:00:00+00:00,1.84677,1.84717,1.84448,1.84464,1391.0
2025-11-17 00:00:00+00:00,1.8447,1.8457,1.84448,1.84544,3335.0
2025-11-17 01:00:00+00:00,1.84542,1.8467,1.84528,1.84589,3876.0
2025-11-17 02:00:00+00:00,1.84595,1.8461,1.84552,1.84574,2536.0
2025-11-17 03:00:00+00:00,1.84569,1.84576,1.84456,1.84522,2305.0
2025-11-17 04:00:00+00:00,1.84521,1.84556,1.84508,1.84518,2632.0
2025-11-17 05:00:00+00:00,1.84519,1.84548,1.84382,1.8439,3298.0
2025-11-17 06:00:00+00:00,1.84389,1.84448,1.84306,1.84408,2623.0
2025-11-17 07:00:00+00:00,1.84412,1.84761,1.8441,1.84714,1614.0
2025-11-17 08:00:00+00:00,1.84717,1.84771,1.84546,1.84621,1368.0
2025-11-17 09:00:00+00:00,1.84612,1.84778,1.8455,1.84665,2141.0
2025-11-17 10:00:00+00:00,1.84664,1.84696,1.84516,1.84563,1926.0
2025-11-17 11:00:00+00:00,1.84554,1.84874,1.84503,1.84874,1591.0
2025-11-17 12:00:00+00:00,1.84873,1.85034,1.84821,1.849,1859.0
2025-11-17 13:00:00+00:00,1.84901,1.85038,1.84884,1.8491,2258.0
2025-11-17 14:00:00+00:00,1.84903,1.84968,1.84726,1.84736,2385.0
2025-11-17 15:00:00+00:00,1.84737,1.84848,1.84616,1.84844,2363.0
2025-11-17 16:00:00+00:00,1.84844,1.84882,1.84766,1.84868,1750.0
2025-11-17 17:00:00+00:00,1.84862,1.84866,1.84702,1.84718,1253.0
2025-11-17 18:00:00+00:00,1.84725,1.84754,1.84655,1.84726,1871.0
2025-11-17 19:00:00+00:00,1.84728,1.8484,1.847,1.84766,2904.0
2025-11-17 20:00:00+00:00,1.84758,1.8491,1.84752,1.84821,2634.0
2025-11-17 21:00:00+00:00,1.8482,1.84932,1.84809,1.84887,2150.0
2025-11-17 22:00:00+00:00,1.84886,1.84918,1.84826,1.8491,1652.0
2025-11-17 23:00:00+00:00,1.84886,1.84891,1.84806,1.84838,1380.0
2025-11-18 00:00:00+00:00,1.84843,1.84847,1.8474,1.84745,2423.0
2025-11-18 01:00:00+00:00,1.84744,1.84836,1.84708,1.84771,1583.0
2025-11-18 02:00:00+00:00,1.84772,1.84808,1.84734,1.84798,1832.0
2025-11-18 03:00:00+00:00,1.84799,1.84825,1.84767,1.84799,1729.0
2025-11-18 04:00:00+00:00,1.848,1.8498,1.84789,1.84948,2539.0
2025-11-18 05:00:00+00:00,1.84948,1.84959,1.84894,1.84895,2374.0
2025-11-18 06:00:00+00:00,1.84892,1.84964,1.84765,1.84773,2269.0
2025-11-18 07:00:00+00:00,1.84776,1.84959,1.84762,1.84772,1312.0
2025-11-18 08:00:00+00:00,1.84771,1.84982,1.84714,1.84732,2186.0
2025-11-18 09:00:00+00:00,1.84736,1.84786,1.84573,1.84607,1626.0
2025-11-18 10:00:00+00:00,1.84608,1.84656,1.84472,1.84528,1105.0
2025-11-18 11:00:00+00:00,1.84524,1.8454,1.84318,1.84368,2392.0
2025-11-18 12:00:00+00:00,1.84363,1.84508,1.8433,1.84477,2552.0
2025-11-18 13:00:00+00:00,1.8448,1.84488,1.84191,1.84299,2989.0
2025-11-18 14:00:00+00:00,1.843,1.84413,1.84256,1.84407,2971.0
2025-11-18 15:00:00+00:00,1.84404,1.84532,1.84166,1.84202,3260.0
2025-11-18 16:00:00+00:00,1.842,1.84243,1.83919,1.84059,3792.0
2025-11-18 17:00:00+00:00,1.84062,1.8407,1.83658,1.8369,2910.0
2025-11-18 18:00:00+00:00,1.8369,1.83876,1.83639,1.83864,1964.0
2025-11-18 19:00:00+00:00,1.83864,1.8397,1.83824,1.83894,2097.0
2025-11-18 20:00:00+00:00,1.83891,1.83923,1.83737,1.83776,2754.0
2025-11-18 21:00:00+00:00,1.83776,1.8393,1.83772,1.8388,2187.0
2025-11-18 22:00:00+00:00,1.83916,1.83936,1.83872,1.83912,1338.0
2025-11-18 23:00:00+00:00,1.83902,1.83902,1.8381,1.83864,990.0
2025-11-19 00:00:00+00:00,1.83868,1.83922,1.83805,1.83808,1746.0
2025-11-19 01:00:00+00:00,1.83806,1.8389,1.83776,1.83822,2355.0
2025-11-19 02:00:00+00:00,1.83822,1.8389,1.83745,1.83852,2074.0
2025-11-19 03:00:00+00:00,1.83858,1.83952,1.83858,1.8393,2695.0
2025-11-19 04:00:00+00:00,1.83927,1.83958,1.83858,1.8394,2941.0
2025-11-19 05:00:00+00:00,1.83938,1.83982,1.83906,1.83978,4254.0
2025-11-19 06:00:00+00:00,1.83976,1.84104,1.83895,1.84064,2881.0
2025-11-19 07:00:00+00:00,1.84066,1.84104,1.83776,1.83905,2670.0
2025-11-19 08:00:00+00:00,1.83911,1.83964,1.8377,1.83794,2406.0
2025-11-19 09:00:00+00:00,1.83788,1.83933,1.83671,1.83763,1835.0
2025-11-19 10:00:00+00:00,1.83768,1.83785,1.83324,1.83492,2356.0
2025-11-19 11:00:00+00:00,1.835,1.83834,1.83494,1.83822,1696.0
2025-11-19 12:00:00+00:00,1.83826,1.83864,1.8368,1.83748,1646.0
2025-11-19 13:00:00+00:00,1.8374,1.83934,1.83712,1.83883,1639.0
2025-11-19 14:00:00+00:00,1.83878,1.83942,1.83598,1.83624,2181.0
2025-11-19 15:00:00+00:00,1.8363,1.83916,1.83432,1.83584,3123.0
2025-11-19 16:00:00+00:00,1.83587,1.83795,1.83538,1.83699,4238.0
2025-11-19 17:00:00+00:00,1.83698,1.83762,1.83598,1.83684,1681.0
2025-11-19 18:00:00+00:00,1.83691,1.83712,1.83548,1.83566,1598.0
2025-11-19 19:00:00+00:00,1.83568,1.83601,1.83338,1.83386,3166.0
2025-11-19 20:00:00+00:00,1.83386,1.83508,1.83368,1.83454,1959.0
2025-11-19 21:00:00+00:00,1.83454,1.83478,1.83336,1.83463,2649.0
2025-11-19 22:00:00+00:00,1.83458,1.83483,1.834,1.83412,594.0
2025-11-19 23:00:00+00:00,1.83393,1.83418,1.83298,1.83392,1810.0
2025-11-20 00:00:00+00:00,1.83386,1.83388,1.83308,1.8338,1128.0
2025-11-20 01:00:00+00:00,1.83375,1.83416,1.83329,1.83334,1291.0
2025-11-20 02:00:00+00:00,1.83334,1.83451,1.83277,1.83448,1740.0
2025-11-20 03:00:00+00:00,1.83448,1.83454,1.83308,1.83393,1523.0
2025-11-20 04:00:00+00:00,1.83395,1.83551,1.83361,1.83518,1302.0
2025-11-20 05:00:00+00:00,1.83518,1.83552,1.83464,1.83494,1331.0
2025-11-20 06:00:00+00:00,1.83496,1.83629,1.83468,1.83596,2144.0
2025-11-20 07:00:00+00:00,1.83596,1.83716,1.83556,1.837,1013.0
2025-11-20 08:00:00+00:00,1.83696,1.83798,1.83616,1.83667,1488.0
2025-11-20 09:00:00+00:00,1.83664,1.83768,1.83614,1.83744,1277.0
2025-11-20 10:00:00+00:00,1.83757,1.83811,1.83654,1.83663,1336.0
2025-11-20 11:00:00+00:00,1.83654,1.83755,1.83628,1.83699,887.0
2025-11-20 12:00:00+00:00,1.837,1.83744,1.83624,1.83628,1682.0
2025-11-20 13:00:00+00:00,1.83636,1.83975,1.8356,1.83968,5302.0
2025-11-20 14:00:00+00:00,1.83972,1.84314,1.83878,1.84216,3107.0
2025-11-20 15:00:00+00:00,1.84212,1.8431,1.84014,1.8413,2709.0
2025-11-20 16:00:00+00:00,1.84136,1.84372,1.8411,1.8426,2899.0
2025-11-20 17:00:00+00:00,1.84256,1.84394,1.84227,1.84254,2577.0
2025-11-20 18:00:00+00:00,1.84255,1.84371,1.8424,1.84352,1788.0
2025-11-20 19:00:00+00:00,1.84357,1.84416,1.84324,1.84385,1960.0
2025-11-20 20:00:00+00:00,1.84386,1.84392,1.84236,1.84278,2633.0
2025-11-20 21:00:00+00:00,1.84276,1.84308,1.84213,1.8426,1405.0
2025-11-20 22:00:00+00:00,1.84273,1.84351,1.84258,1.84286,2537.0
2025-11-20 23:00:00+00:00,1.84279,1.84376,1.84226,1.84355,1728.0
2025-11-21 00:00:00+00:00,1.84358,1.84358,1.84222,1.84298,2685.0
2025-11-21 01:00:00+00:00,1.843,1.84354,1.84248,1.84304,2608.0
2025-11-21 02:00:00+00:00,1.8431,1.84352,1.84258,1.84321,2388.0
2025-11-21 03:00:00+00:00,1.84322,1.8442,1.84282,1.8442,1316.0
2025-11-21 04:00:00+00:00,1.84419,1.84454,1.84397,1.8444,2216.0
2025-11-21 05:00:00+00:00,1.84443,1.84496,1.84419,1.84444,2233.0
2025-11-21 06:00:00+00:00,1.84444,1.84518,1.84392,1.84416,2435.0
2025-11-21 07:00:00+00:00,1.84416,1.84519,1.84092,1.84474,2207.0
2025-11-21 08:00:00+00:00,1.8448,1.84552,1.84366,1.84488,3111.0
2025-11-21 09:00:00+00:00,1.84494,1.84502,1.84012,1.84064,2053.0
2025-11-21 10:00:00+00:00,1.84056,1.84134,1.83994,1.84128,1510.0
2025-11-21 11:00:00+00:00,1.84122,1.84148,1.83944,1.83974,886.0
2025-11-21 12:00:00+00:00,1.83966,1.84403,1.83951,1.84394,3138.0
2025-11-21 13:00:00+00:00,1.84404,1.84454,1.84275,1.84342,1927.0
2025-11-21 14:00:00+00:00,1.84336,1.84635,1.84262,1.84596,2528.0
2025-11-21 15:00:00+00:00,1.84592,1.84846,1.84572,1.84832,3721.0
2025-11-21 16:00:00+00:00,1.84832,1.84843,1.84589,1.84635,2015.0
2025-11-21 17:00:00+00:00,1.84642,1.8472,1.84554,1.84622,1222.0
2025-11-21 18:00:00+00:00,1.84614,1.84692,1.84568,1.84623,1228.0
2025-11-21 19:00:00+00:00,1.84616,1.84763,1.846,1.84654,1744.0
2025-11-21 20:00:00+00:00,1.84662,1.84692,1.84612,1.84664,2099.0
2025-11-21 21:00:00+00:00,1.84662,1.84818,1.8465,1.84722,3856.0
2025-11-23 22:00:00+00:00,1.8474,1.84774,1.84674,1.84684,2048.0
2025-11-23 23:00:00+00:00,1.84688,1.84702,1.84568,1.8459,1840.0
2025-11-24 00:00:00+00:00,1.84592,1.8461,1.84514,1.84531,2530.0
2025-11-24 01:00:00+00:00,1.84534,1.84613,1.84508,1.8454,4411.0
2025-11-24 02:00:00+00:00,1.84546,1.84632,1.84534,1.84604,5208.0
2025-11-24 03:00:00+00:00,1.84611,1.84648,1.84576,1.84617,2014.0
2025-11-24 04:00:00+00:00,1.84618,1.84674,1.84604,1.84659,1301.0
2025-11-24 05:00:00+00:00,1.84652,1.84713,1.84643,1.8466,2020.0
2025-11-24 06:00:00+00:00,1.8466,1.84764,1.84658,1.84693,2524.0
2025-11-24 07:00:00+00:00,1.84694,1.84702,1.84589,1.84619,1734.0
2025-11-24 08:00:00+00:00,1.8462,1.84796,1.84581,1.84672,1966.0
2025-11-24 09:00:00+00:00,1.84672,1.84788,1.84628,1.84742,1507.0
2025-11-24 10:00:00+00:00,1.84745,1.84819,1.84694,1.84752,1915.0
2025-11-24 11:00:00+00:00,1.84758,1.8477,1.84663,1.84714,965.0
2025-11-24 12:00:00+00:00,1.84712,1.84982,1.8468,1.84901,1567.0
2025-11-24 13:00:00+00:00,1.84904,1.8501,1.8475,1.84811,2058.0
2025-11-24 14:00:00+00:00,1.84808,1.84812,1.84551,1.84648,2469.0
2025-11-24 15:00:00+00:00,1.84642,1.84853,1.84552,1.84838,2709.0
2025-11-24 16:00:00+00:00,1.84832,1.84941,1.84787,1.84802,1885.0
2025-11-24 17:00:00+00:00,1.84802,1.84932,1.84726,1.84876,1757.0
2025-11-24 18:00:00+00:00,1.84877,1.84998,1.8485,1.84996,1321.0
2025-11-24 19:00:00+00:00,1.84986,1.85004,1.84894,1.84928,2188.0
2025-11-24 20:00:00+00:00,1.84927,1.84968,1.84885,1.84962,1681.0
2025-11-24 21:00:00+00:00,1.84963,1.84992,1.84832,1.84864,1535.0
2025-11-24 22:00:00+00:00,1.84902,1.84956,1.84842,1.84914,1328.0
2025-11-24 23:00:00+00:00,1.84902,1.84924,1.84868,1.8491,1412.0
2025-11-25 00:00:00+00:00,1.8491,1.84958,1.84904,1.84922,2347.0
2025-11-25 01:00:00+00:00,1.84923,1.85028,1.84906,1.84914,3161.0
2025-11-25 02:00:00+00:00,1.84912,1.84978,1.84904,1.84972,2186.0
2025-11-25 03:00:00+00:00,1.84973,1.85006,1.84904,1.84914,4225.0
2025-11-25 04:00:00+00:00,1.84914,1.84928,1.8489,1.84919,1911.0
2025-11-25 05:00:00+00:00,1.84917,1.84967,1.84894,1.84944,2724.0
2025-11-25 06:00:00+00:00,1.8495,1.85063,1.84941,1.85032,2234.0
2025-11-25 07:00:00+00:00,1.85036,1.85318,1.85036,1.85226,1955.0
2025-11-25 08:00:00+00:00,1.85228,1.85316,1.8509,1.85094,2124.0
2025-11-25 09:00:00+00:00,1.85098,1.8541,1.85076,1.85386,1329.0
2025-11-25 10:00:00+00:00,1.85392,1.85414,1.85218,1.85286,1046.0
2025-11-25 11:00:00+00:00,1.85279,1.85296,1.85127,1.85144,959.0
2025-11-25 12:00:00+00:00,1.85138,1.85446,1.85104,1.85408,2245.0
2025-11-25 13:00:00+00:00,1.85412,1.85652,1.8536,1.85542,3667.0
2025-11-25 14:00:00+00:00,1.85548,1.86027,1.85543,1.85934,3065.0
2025-11-25 15:00:00+00:00,1.85934,1.86056,1.8579,1.85846,2508.0
2025-11-25 16:00:00+00:00,1.85846,1.86017,1.85832,1.85926,2430.0
2025-11-25 17:00:00+00:00,1.85927,1.8612,1.85921,1.86043,3632.0
2025-11-25 18:00:00+00:00,1.86038,1.8618,1.85989,1.8612,2357.0
2025-11-25 19:00:00+00:00,1.86126,1.86214,1.86098,1.86162,2487.0
2025-11-25 20:00:00+00:00,1.86162,1.86196,1.8549,1.85592,5087.0
2025-11-25 21:00:00+00:00,1.85595,1.85643,1.85516,1.85618,2932.0
2025-11-25 22:00:00+00:00,1.85635,1.85796,1.85626,1.85636,1592.0
2025-11-25 23:00:00+00:00,1.85638,1.85738,1.85548,1.85579,1409.0
2025-11-26 00:00:00+00:00,1.8557,1.85742,1.8557,1.85656,3982.0
2025-11-26 01:00:00+00:00,1.85658,1.85698,1.85538,1.85626,4212.0
2025-11-26 02:00:00+00:00,1.85628,1.8577,1.8561,1.8572,3056.0
2025-11-26 03:00:00+00:00,1.85722,1.85736,1.85642,1.85697,2067.0
2025-11-26 04:00:00+00:00,1.857,1.85703,1.85617,1.85642,1544.0
2025-11-26 05:00:00+00:00,1.85642,1.85678,1.8563,1.85654,1683.0
2025-11-26 06:00:00+00:00,1.85654,1.8569,1.85542,1.85628,2328.0
2025-11-26 07:00:00+00:00,1.85633,1.8569,1.85291,1.85419,2785.0
2025-11-26 08:00:00+00:00,1.85426,1.8562,1.85342,1.85476,4942.0
2025-11-26 09:00:00+00:00,1.85478,1.85576,1.8544,1.85526,2105.0
2025-11-26 10:00:00+00:00,1.85526,1.85558,1.85331,1.85395,1610.0
2025-11-26 11:00:00+00:00,1.85388,1.8593,1.8525,1.85579,5539.0
2025-11-26 12:00:00+00:00,1.8556,1.85869,1.84938,1.85785,9084.0
2025-11-26 13:00:00+00:00,1.85786,1.86259,1.8566,1.85968,7886.0
2025-11-26 14:00:00+00:00,1.8597,1.86132,1.85814,1.85885,5193.0
2025-11-26 15:00:00+00:00,1.85874,1.86196,1.85822,1.85917,3424.0
2025-11-26 16:00:00+00:00,1.85925,1.86061,1.85786,1.85845,2414.0
2025-11-26 17:00:00+00:00,1.85846,1.85904,1.8569,1.85757,1239.0
2025-11-26 18:00:00+00:00,1.85759,1.85834,1.8569,1.85798,1024.0
2025-11-26 19:00:00+00:00,1.85796,1.8585,1.85725,1.85811,1023.0
2025-11-26 20:00:00+00:00,1.85808,1.85878,1.85788,1.85855,1729.0
2025-11-26 21:00:00+00:00,1.8585,1.86,1.85804,1.85976,1826.0
2025-11-26 22:00:00+00:00,1.85952,1.86022,1.85908,1.8591,968.0
2025-11-26 23:00:00+00:00,1.85909,1.85957,1.85869,1.85918,2812.0
2025-11-27 00:00:00+00:00,1.85918,1.85974,1.85888,1.8595,5041.0
2025-11-27 01:00:00+00:00,1.85949,1.86078,1.85936,1.86022,7422.0
2025-11-27 02:00:00+00:00,1.86026,1.86044,1.85903,1.85916,6268.0
2025-11-27 03:00:00+00:00,1.85917,1.86041,1.85898,1.86014,6163.0
2025-11-27 04:00:00+00:00,1.86016,1.86127,1.85962,1.85986,5694.0
2025-11-27 05:00:00+00:00,1.85987,1.86132,1.85979,1.86029,6329.0
2025-11-27 06:00:00+00:00,1.8603,1.86076,1.85776,1.85837,6741.0
2025-11-27 07:00:00+00:00,1.85836,1.8588,1.85667,1.85764,3068.0
2025-11-27 08:00:00+00:00,1.85765,1.85796,1.85504,1.85557,1868.0
2025-11-27 09:00:00+00:00,1.85556,1.85616,1.85465,1.85592,1776.0
2025-11-27 10:00:00+00:00,1.85588,1.85742,1.85582,1.85702,1787.0
2025-11-27 11:00:00+00:00,1.85697,1.85817,1.85685,1.85784,1563.0
2025-11-27 12:00:00+00:00,1.85788,1.85814,1.85698,1.85799,1038.0
2025-11-27 13:00:00+00:00,1.8581,1.86039,1.85796,1.85964,1390.0
2025-11-27 14:00:00+00:00,1.85964,1.85982,1.85749,1.85756,1175.0
2025-11-27 15:00:00+00:00,1.85749,1.85924,1.85688,1.85923,830.0
2025-11-27 16:00:00+00:00,1.85922,1.85999,1.85763,1.85788,790.0
2025-11-27 17:00:00+00:00,1.85789,1.85828,1.85626,1.85698,1355.0
2025-11-27 18:00:00+00:00,1.85701,1.85716,1.85626,1.85678,520.0
2025-11-27 19:00:00+00:00,1.8567,1.85714,1.85657,1.85687,685.0
2025-11-27 20:00:00+00:00,1.8568,1.85706,1.85653,1.85702,2796.0
2025-11-27 21:00:00+00:00,1.85698,1.85744,1.85676,1.85734,1023.0
2025-11-27 22:00:00+00:00,1.8576,1.85788,1.85684,1.85716,1777.0
2025-11-27 23:00:00+00:00,1.85742,1.85767,1.85664,1.85704,461.0
2025-11-28 00:00:00+00:00,1.85704,1.85764,1.85677,1.85728,4203.0
2025-11-28 01:00:00+00:00,1.8573,1.85775,1.8565,1.85704,3483.0
2025-11-28 02:00:00+00:00,1.85702,1.85738,1.85609,1.85719,10431.0
2025-11-28 03:00:00+00:00,1.85728,1.85837,1.85654,1.85772,19937.0
2025-11-28 04:00:00+00:00,1.85772,1.85886,1.85698,1.85806,12229.0
2025-11-28 05:00:00+00:00,1.85806,1.85838,1.85675,1.85722,11113.0
2025-11-28 06:00:00+00:00,1.85721,1.85731,1.8553,1.85535,11493.0
2025-11-28 07:00:00+00:00,1.85535,1.85592,1.8548,1.85524,18794.0
2025-11-28 08:00:00+00:00,1.85526,1.85539,1.85318,1.85325,11841.0
2025-11-28 09:00:00+00:00,1.85326,1.85658,1.8527,1.85434,21430.0
2025-11-28 10:00:00+00:00,1.85436,1.85601,1.85355,1.85544,19024.0
2025-11-28 11:00:00+00:00,1.85546,1.8561,1.853,1.85302,19815.0
2025-11-28 12:00:00+00:00,1.853,1.85444,1.85278,1.85301,15375.0
2025-11-28 13:00:00+00:00,1.85302,1.8531,1.84897,1.85107,20508.0
2025-11-28 14:00:00+00:00,1.85108,1.85154,1.84836,1.84962,5239.0
2025-11-28 15:00:00+00:00,1.84957,1.84963,1.84368,1.84728,7593.0
2025-11-28 16:00:00+00:00,1.84725,1.85048,1.8463,1.84976,3431.0
2025-11-28 17:00:00+00:00,1.84976,1.85081,1.84928,1.8498,1702.0
2025-11-28 18:00:00+00:00,1.84976,1.85037,1.84923,1.84972,1390.0
2025-11-28 19:00:00+00:00,1.84977,1.85084,1.84966,1.85073,3220.0
2025-11-28 20:00:00+00:00,1.85072,1.85102,1.85017,1.85023,3362.0
2025-11-28 21:00:00+00:00,1.85022,1.85042,1.8482,1.8493,8005.0
2025-11-30 22:00:00+00:00,1.84905,1.85026,1.84816,1.84949,1906.0
2025-11-30 23:00:00+00:00,1.84912,1.8504,1.84902,1.84951,2156.0
2025-12-01 00:00:00+00:00,1.8495,1.85081,1.84949,1.8499,3877.0
2025-12-01 01:00:00+00:00,1.84983,1.85036,1.84882,1.84947,6269.0
2025-12-01 02:00:00+00:00,1.84946,1.84983,1.84863,1.8493,4208.0
2025-12-01 03:00:00+00:00,1.84932,1.84977,1.8489,1.84962,5148.0
2025-12-01 04:00:00+00:00,1.84964,1.84992,1.84914,1.84932,4689.0
2025-12-01 05:00:00+00:00,1.84934,1.85057,1.84879,1.84912,2461.0
2025-12-01 06:00:00+00:00,1.84908,1.84938,1.84794,1.8484,2299.0
2025-12-01 07:00:00+00:00,1.84842,1.84962,1.84775,1.84787,3118.0
2025-12-01 08:00:00+00:00,1.84786,1.84914,1.84702,1.84739,2508.0
2025-12-01 09:00:00+00:00,1.84738,1.85068,1.84738,1.85057,2005.0
2025-12-01 10:00:00+00:00,1.85051,1.85051,1.84863,1.84974,1718.0
2025-12-01 11:00:00+00:00,1.84976,1.85054,1.84876,1.84934,2731.0
2025-12-01 12:00:00+00:00,1.8494,1.85202,1.8493,1.85187,2651.0
2025-12-01 13:00:00+00:00,1.85185,1.85277,1.85116,1.85233,2973.0
2025-12-01 14:00:00+00:00,1.8523,1.8523,1.84928,1.85016,2357.0
2025-12-01 15:00:00+00:00,1.8507,1.85146,1.84838,1.85061,2864.0
2025-12-01 16:00:00+00:00,1.85061,1.85082,1.84873,1.84928,2740.0
2025-12-01 17:00:00+00:00,1.84934,1.84992,1.8486,1.849,1746.0
2025-12-01 18:00:00+00:00,1.84906,1.84966,1.84854,1.84899,2141.0
2025-12-01 19:00:00+00:00,1.84896,1.8497,1.84846,1.84933,2532.0
2025-12-01 20:00:00+00:00,1.84932,1.84998,1.84892,1.84988,1265.0
2025-12-01 21:00:00+00:00,1.84984,1.85009,1.84914,1.84936,823.0
2025-12-01 22:00:00+00:00,1.8501,1.85024,1.84918,1.84934,871.0
2025-12-01 23:00:00+00:00,1.84932,1.84946,1.84891,1.84943,724.0
2025-12-02 00:00:00+00:00,1.8494,1.84967,1.84897,1.8491,1883.0
2025-12-02 01:00:00+00:00,1.84908,1.85026,1.84888,1.84973,3897.0
2025-12-02 02:00:00+00:00,1.84972,1.85043,1.84966,1.85022,2263.0
2025-12-02 03:00:00+00:00,1.85026,1.85034,1.84982,1.85014,3915.0
2025-12-02 04:00:00+00:00,1.85013,1.85058,1.84998,1.85004,2662.0
2025-12-02 05:00:00+00:00,1.85002,1.8501,1.84938,1.84964,2205.0
2025-12-02 06:00:00+00:00,1.84965,1.84984,1.84918,1.8495,2924.0
2025-12-02 07:00:00+00:00,1.84946,1.8502,1.84868,1.84976,2122.0
2025-12-02 08:00:00+00:00,1.84979,1.85,1.84832,1.84932,2454.0
2025-12-02 09:00:00+00:00,1.84934,1.85135,1.8492,1.85051,2020.0
2025-12-02 10:00:00+00:00,1.85051,1.85062,1.84672,1.84821,1618.0
2025-12-02 11:00:00+00:00,1.84822,1.84971,1.84778,1.84942,1319.0
2025-12-02 12:00:00+00:00,1.84933,1.85032,1.84889,1.8494,1975.0
2025-12-02 13:00:00+00:00,1.8494,1.84944,1.84793,1.84854,5298.0
2025-12-02 14:00:00+00:00,1.84853,1.84932,1.84736,1.84756,3256.0
2025-12-02 15:00:00+00:00,1.84758,1.84768,1.84448,1.84557,2163.0
2025-12-02 16:00:00+00:00,1.84562,1.84632,1.84399,1.84424,2187.0
2025-12-02 17:00:00+00:00,1.84422,1.84534,1.84357,1.84523,1819.0
2025-12-02 18:00:00+00:00,1.84528,1.84622,1.84469,1.84512,1801.0
2025-12-02 19:00:00+00:00,1.84514,1.84582,1.84488,1.84563,2215.0
2025-12-02 20:00:00+00:00,1.84566,1.84678,1.84548,1.84672,2530.0
2025-12-02 21:00:00+00:00,1.84672,1.84706,1.84546,1.84556,1779.0
2025-12-02 22:00:00+00:00,1.8449,1.84666,1.84477,1.84537,1186.0
2025-12-02 23:00:00+00:00,1.84558,1.84702,1.84554,1.84672,1058.0
2025-12-03 00:00:00+00:00,1.8468,1.8474,1.84668,1.84684,3267.0
2025-12-03 01:00:00+00:00,1.84686,1.84727,1.84666,1.84716,2715.0
2025-12-03 02:00:00+00:00,1.84718,1.84786,1.84701,1.84778,1804.0
2025-12-03 03:00:00+00:00,1.84776,1.84816,1.84772,1.84789,2705.0
2025-12-03 04:00:00+00:00,1.84786,1.84833,1.84771,1.84828,2484.0
2025-12-03 05:00:00+00:00,1.84829,1.84972,1.8482,1.84938,2244.0
2025-12-03 06:00:00+00:00,1.84936,1.84984,1.84911,1.84972,2848.0
2025-12-03 07:00:00+00:00,1.84974,1.85078,1.84952,1.85006,3631.0
2025-12-03 08:00:00+00:00,1.85012,1.8516,1.84836,1.85105,2981.0
2025-12-03 09:00:00+00:00,1.85108,1.85419,1.85067,1.85298,2686.0
2025-12-03 10:00:00+00:00,1.853,1.853,1.85163,1.85262,1973.0
2025-12-03 11:00:00+00:00,1.85263,1.85418,1.8519,1.85416,1454.0
2025-12-03 12:00:00+00:00,1.85422,1.85498,1.85352,1.8547,1667.0
2025-12-03 13:00:00+00:00,1.8547,1.85634,1.85444,1.85464,2753.0
2025-12-03 14:00:00+00:00,1.85464,1.85892,1.8542,1.85867,6322.0
2025-12-03 15:00:00+00:00,1.85867,1.8596,1.85753,1.85956,6508.0
2025-12-03 16:00:00+00:00,1.85955,1.86152,1.8593,1.85996,5737.0
2025-12-03 17:00:00+00:00,1.86003,1.86118,1.85948,1.86046,3912.0
2025-12-03 18:00:00+00:00,1.86047,1.862,1.86034,1.8617,4847.0
2025-12-03 19:00:00+00:00,1.86172,1.86226,1.86137,1.86205,3033.0
2025-12-03 20:00:00+00:00,1.86202,1.86272,1.86182,1.86216,1221.0
2025-12-03 21:00:00+00:00,1.86218,1.86296,1.862,1.86268,1457.0
2025-12-03 22:00:00+00:00,1.86223,1.86267,1.86216,1.86247,1115.0
2025-12-03 23:00:00+00:00,1.8625,1.86254,1.86172,1.8623,1441.0
2025-12-04 00:00:00+00:00,1.86222,1.86258,1.86114,1.86147,4364.0
2025-12-04 01:00:00+00:00,1.86145,1.86236,1.86144,1.86226,5880.0
2025-12-04 02:00:00+00:00,1.86222,1.86222,1.8615,1.862,4746.0
2025-12-04 03:00:00+00:00,1.86199,1.86218,1.861,1.86124,4787.0
2025-12-04 04:00:00+00:00,1.86122,1.86148,1.8607,1.86084,3730.0
2025-12-04 05:00:00+00:00,1.86086,1.86228,1.8608,1.86186,3746.0
2025-12-04 06:00:00+00:00,1.86186,1.86258,1.86156,1.86245,4455.0
2025-12-04 07:00:00+00:00,1.86248,1.86278,1.86146,1.86198,4755.0
2025-12-04 08:00:00+00:00,1.86199,1.86497,1.86144,1.86318,8657.0
2025-12-04 09:00:00+00:00,1.86317,1.86347,1.86207,1.86283,6544.0
2025-12-04 10:00:00+00:00,1.86282,1.86397,1.86227,1.86362,3055.0
2025-12-04 11:00:00+00:00,1.86364,1.86678,1.8631,1.8662,3535.0
2025-12-04 12:00:00+00:00,1.86621,1.86631,1.864,1.86494,5768.0
2025-12-04 13:00:00+00:00,1.86494,1.86502,1.86125,1.86336,6280.0
2025-12-04 14:00:00+00:00,1.86338,1.86591,1.86321,1.86521,7549.0
2025-12-04 15:00:00+00:00,1.8652,1.86521,1.86224,1.86296,8234.0
2025-12-04 16:00:00+00:00,1.86295,1.86332,1.86102,1.86107,7794.0
2025-12-04 17:00:00+00:00,1.86107,1.8613,1.86034,1.86052,5207.0
2025-12-04 18:00:00+00:00,1.8605,1.86197,1.86004,1.86107,3903.0
2025-12-04 19:00:00+00:00,1.86108,1.86154,1.86051,1.86092,5108.0
2025-12-04 20:00:00+00:00,1.86098,1.86098,1.85992,1.8601,4103.0
2025-12-04 21:00:00+00:00,1.86013,1.86044,1.85952,1.85994,2084.0
2025-12-04 22:00:00+00:00,1.86004,1.86004,1.85917,1.85956,4097.0
2025-12-04 23:00:00+00:00,1.85978,1.85996,1.8594,1.85973,812.0
2025-12-05 00:00:00+00:00,1.85972,1.86016,1.85941,1.86016,2806.0
2025-12-05 01:00:00+00:00,1.86016,1.86018,1.85968,1.86005,3672.0
2025-12-05 02:00:00+00:00,1.86004,1.86033,1.85985,1.85998,3378.0
2025-12-05 03:00:00+00:00,1.85998,1.86016,1.85976,1.8598,2479.0
2025-12-05 04:00:00+00:00,1.8598,1.86095,1.85978,1.86086,3146.0
2025-12-05 05:00:00+00:00,1.86086,1.86166,1.86062,1.86149,2721.0
2025-12-05 06:00:00+00:00,1.86146,1.86211,1.86122,1.8618,2105.0
2025-12-05 07:00:00+00:00,1.8618,1.86298,1.86162,1.8623,3447.0
2025-12-05 08:00:00+00:00,1.86228,1.86297,1.86077,1.86156,4456.0
2025-12-05 09:00:00+00:00,1.86156,1.86208,1.86068,1.86084,2475.0
2025-12-05 10:00:00+00:00,1.86084,1.861,1.85962,1.85992,2003.0
2025-12-05 11:00:00+00:00,1.85993,1.86004,1.8592,1.85974,1383.0
2025-12-05 12:00:00+00:00,1.85972,1.86107,1.85931,1.8595,2605.0
2025-12-05 13:00:00+00:00,1.85949,1.86048,1.85386,1.85402,4263.0
2025-12-05 14:00:00+00:00,1.85405,1.85506,1.85134,1.85189,3578.0
2025-12-05 15:00:00+00:00,1.85189,1.85237,1.8479,1.8485,3637.0
2025-12-05 16:00:00+00:00,1.8485,1.84876,1.84577,1.84639,4524.0
2025-12-05 17:00:00+00:00,1.8464,1.8464,1.84386,1.84426,2779.0
2025-12-05 18:00:00+00:00,1.8443,1.84608,1.84412,1.84485,1910.0
2025-12-05 19:00:00+00:00,1.84486,1.8455,1.84424,1.84491,1871.0
2025-12-05 20:00:00+00:00,1.845,1.84512,1.84304,1.84348,1270.0
2025-12-05 21:00:00+00:00,1.84349,1.84453,1.84194,1.84222,2797.0
2025-12-07 22:00:00+00:00,1.84335,1.84386,1.84282,1.84356,1718.0
2025-12-07 23:00:00+00:00,1.84332,1.84376,1.84232,1.84355,4536.0
2025-12-08 00:00:00+00:00,1.84352,1.84358,1.8427,1.8434,2692.0
2025-12-08 01:00:00+00:00,1.84338,1.84375,1.84313,1.84361,3696.0
2025-12-08 02:00:00+00:00,1.84362,1.84384,1.84328,1.84372,3876.0
2025-12-08 03:00:00+00:00,1.84374,1.8441,1.84346,1.84394,3052.0
2025-12-08 04:00:00+00:00,1.84395,1.8444,1.84376,1.8442,2333.0
2025-12-08 05:00:00+00:00,1.84416,1.84423,1.84307,1.84316,3263.0
2025-12-08 06:00:00+00:00,1.84319,1.84392,1.84176,1.84246,4354.0
2025-12-08 07:00:00+00:00,1.84247,1.84286,1.8415,1.84212,2784.0
2025-12-08 08:00:00+00:00,1.84217,1.84248,1.84073,1.84168,2996.0
2025-12-08 09:00:00+00:00,1.84165,1.84204,1.84006,1.84094,2837.0
2025-12-08 10:00:00+00:00,1.84092,1.84214,1.8406,1.84114,2133.0
2025-12-08 11:00:00+00:00,1.84118,1.84188,1.83958,1.83981,2314.0
2025-12-08 12:00:00+00:00,1.8398,1.83994,1.83795,1.83901,2999.0
2025-12-08 13:00:00+00:00,1.83902,1.84,1.83837,1.83934,2944.0
2025-12-08 14:00:00+00:00,1.83941,1.84191,1.83941,1.8418,5137.0
2025-12-08 15:00:00+00:00,1.84182,1.84296,1.83968,1.84294,5947.0
2025-12-08 16:00:00+00:00,1.84294,1.84512,1.84272,1.84414,3507.0
2025-12-08 17:00:00+00:00,1.84416,1.84458,1.84336,1.84416,3836.0
2025-12-08 18:00:00+00:00,1.84416,1.84652,1.84398,1.8465,2710.0
2025-12-08 19:00:00+00:00,1.8465,1.8465,1.84524,1.8457,3358.0
2025-12-08 20:00:00+00:00,1.84571,1.84636,1.84531,1.84628,1083.0
2025-12-08 21:00:00+00:00,1.84628,1.84665,1.8454,1.84596,1388.0
2025-12-08 22:00:00+00:00,1.84574,1.84604,1.84525,1.84554,1547.0
2025-12-08 23:00:00+00:00,1.84544,1.84558,1.84473,1.84556,1023.0
2025-12-09 00:00:00+00:00,1.84558,1.84586,1.84494,1.8453,1905.0
2025-12-09 01:00:00+00:00,1.84528,1.84642,1.84512,1.84638,3843.0
2025-12-09 02:00:00+00:00,1.84638,1.84668,1.84586,1.84598,3270.0
2025-12-09 03:00:00+00:00,1.846,1.84642,1.84548,1.8455,3228.0
2025-12-09 04:00:00+00:00,1.84548,1.84592,1.84518,1.84554,3620.0
2025-12-09 05:00:00+00:00,1.84558,1.84681,1.84515,1.8466,3621.0
2025-12-09 06:00:00+00:00,1.84657,1.84712,1.84604,1.84696,4594.0
2025-12-09 07:00:00+00:00,1.84695,1.8471,1.84582,1.8467,4556.0
2025-12-09 08:00:00+00:00,1.84671,1.84976,1.84652,1.8487,3788.0
2025-12-09 09:00:00+00:00,1.84868,1.84884,1.84686,1.84707,3604.0
2025-12-09 10:00:00+00:00,1.84706,1.84726,1.8451,1.84622,3322.0
2025-12-09 11:00:00+00:00,1.84617,1.84622,1.84438,1.84516,4335.0
2025-12-09 12:00:00+00:00,1.84509,1.84542,1.84382,1.84442,3046.0
2025-12-09 13:00:00+00:00,1.84448,1.84478,1.84224,1.84271,3734.0
2025-12-09 14:00:00+00:00,1.84272,1.84316,1.83982,1.8414,2816.0
2025-12-09 15:00:00+00:00,1.84134,1.84164,1.83966,1.84033,4863.0
2025-12-09 16:00:00+00:00,1.84034,1.8425,1.84032,1.84228,3710.0
2025-12-09 17:00:00+00:00,1.84228,1.84298,1.8416,1.84232,4760.0
2025-12-09 18:00:00+00:00,1.84232,1.84304,1.8419,1.8425,2081.0
2025-12-09 19:00:00+00:00,1.84251,1.8427,1.84153,1.84198,3040.0
2025-12-09 20:00:00+00:00,1.84203,1.8425,1.84144,1.84208,1810.0
2025-12-09 21:00:00+00:00,1.84208,1.84244,1.84098,1.8411,1998.0
2025-12-09 22:00:00+00:00,1.84138,1.84194,1.84122,1.84148,1409.0
2025-12-09 23:00:00+00:00,1.84138,1.84214,1.84102,1.84186,1557.0
2025-12-10 00:00:00+00:00,1.84192,1.84218,1.84156,1.84216,2682.0
2025-12-10 01:00:00+00:00,1.84214,1.84253,1.84185,1.84234,3109.0
2025-12-10 02:00:00+00:00,1.84242,1.84334,1.84234,1.84272,3948.0
2025-12-10 03:00:00+00:00,1.84272,1.84342,1.8426,1.84304,3164.0
2025-12-10 04:00:00+00:00,1.84302,1.84364,1.84294,1.84336,3047.0
2025-12-10 05:00:00+00:00,1.84334,1.8437,1.8432,1.84345,3775.0
2025-12-10 06:00:00+00:00,1.84343,1.84379,1.84314,1.8437,3908.0
2025-12-10 07:00:00+00:00,1.84372,1.84621,1.84358,1.84587,3679.0
2025-12-10 08:00:00+00:00,1.84586,1.84612,1.8441,1.84434,4895.0
2025-12-10 09:00:00+00:00,1.84435,1.84476,1.8436,1.84456,3380.0
2025-12-10 10:00:00+00:00,1.84455,1.84455,1.84335,1.84432,4379.0
2025-12-10 11:00:00+00:00,1.84433,1.84456,1.84201,1.84302,4015.0
2025-12-10 12:00:00+00:00,1.84304,1.84353,1.84224,1.84283,2343.0
2025-12-10 13:00:00+00:00,1.8428,1.84555,1.84274,1.84545,4090.0
2025-12-10 14:00:00+00:00,1.84548,1.84822,1.84485,1.84778,6019.0
2025-12-10 15:00:00+00:00,1.84778,1.84822,1.84494,1.84506,4385.0
2025-12-10 16:00:00+00:00,1.84511,1.84632,1.8445,1.84531,2795.0
2025-12-10 17:00:00+00:00,1.84531,1.84616,1.8444,1.8457,2827.0
2025-12-10 18:00:00+00:00,1.84564,1.84586,1.84412,1.8445,2203.0
2025-12-10 19:00:00+00:00,1.84458,1.84612,1.84371,1.84566,15340.0
2025-12-10 20:00:00+00:00,1.84558,1.84678,1.84418,1.84638,7006.0
2025-12-10 21:00:00+00:00,1.84639,1.84665,1.84534,1.84573,2489.0
2025-12-10 22:00:00+00:00,1.84528,1.84608,1.84524,1.8459,984.0
2025-12-10 23:00:00+00:00,1.84578,1.84652,1.84541,1.846,1980.0
2025-12-11 00:00:00+00:00,1.84603,1.8462,1.84542,1.84569,4647.0
2025-12-11 01:00:00+00:00,1.84576,1.84662,1.84556,1.84576,5828.0
2025-12-11 02:00:00+00:00,1.84575,1.84614,1.84554,1.84582,5124.0
2025-12-11 03:00:00+00:00,1.84582,1.84693,1.84574,1.84628,4305.0
2025-12-11 04:00:00+00:00,1.84628,1.84682,1.84592,1.8468,3378.0
2025-12-11 05:00:00+00:00,1.8468,1.84686,1.84533,1.84538,3948.0
2025-12-11 06:00:00+00:00,1.84537,1.84722,1.84534,1.84706,4492.0
2025-12-11 07:00:00+00:00,1.84706,1.84847,1.84662,1.8477,6491.0
2025-12-11 08:00:00+00:00,1.84769,1.84774,1.84528,1.84543,6897.0
2025-12-11 09:00:00+00:00,1.84544,1.84639,1.84395,1.84606,4350.0
2025-12-11 10:00:00+00:00,1.84606,1.8473,1.84562,1.84658,3508.0
2025-12-11 11:00:00+00:00,1.84659,1.84675,1.84532,1.84644,3204.0
2025-12-11 12:00:00+00:00,1.84642,1.84793,1.84564,1.84687,4262.0
2025-12-11 13:00:00+00:00,1.84687,1.84878,1.84609,1.84824,6831.0
2025-12-11 14:00:00+00:00,1.84826,1.84878,1.84709,1.84802,7563.0
2025-12-11 15:00:00+00:00,1.84804,1.84874,1.84682,1.84828,7098.0
2025-12-11 16:00:00+00:00,1.84827,1.84947,1.84747,1.84835,6999.0
2025-12-11 17:00:00+00:00,1.84838,1.84882,1.84752,1.84822,6148.0
2025-12-11 18:00:00+00:00,1.84822,1.84828,1.84672,1.84682,2733.0
2025-12-11 19:00:00+00:00,1.84683,1.84687,1.8448,1.84484,4196.0
2025-12-11 20:00:00+00:00,1.84476,1.84476,1.84372,1.8441,4131.0
2025-12-11 21:00:00+00:00,1.84409,1.84454,1.84307,1.84318,2258.0
2025-12-11 22:00:00+00:00,1.84393,1.84533,1.84372,1.84471,2753.0
2025-12-11 23:00:00+00:00,1.84488,1.84504,1.84403,1.84502,1136.0
2025-12-12 00:00:00+00:00,1.845,1.84506,1.84428,1.84453,2812.0
2025-12-12 01:00:00+00:00,1.84454,1.84489,1.84413,1.84447,3000.0
2025-12-12 02:00:00+00:00,1.84448,1.84464,1.84422,1.84452,2328.0
2025-12-12 03:00:00+00:00,1.84454,1.84482,1.84414,1.8446,1545.0
2025-12-12 04:00:00+00:00,1.84452,1.84532,1.8444,1.8444,1280.0
2025-12-12 05:00:00+00:00,1.84448,1.84498,1.8444,1.84479,1936.0
2025-12-12 06:00:00+00:00,1.84482,1.84498,1.84437,1.84476,2172.0
2025-12-12 07:00:00+00:00,1.84474,1.84474,1.84223,1.84242,2812.0
2025-12-12 08:00:00+00:00,1.84238,1.84238,1.84054,1.8407,3291.0
2025-12-12 09:00:00+00:00,1.8407,1.84192,1.8404,1.84157,1283.0
2025-12-12 10:00:00+00:00,1.8415,1.84153,1.83984,1.84029,1311.0
2025-12-12 11:00:00+00:00,1.84026,1.84065,1.8395,1.83988,2500.0
2025-12-12 12:00:00+00:00,1.83989,1.84104,1.8392,1.84044,2480.0
2025-12-12 13:00:00+00:00,1.84046,1.84141,1.83962,1.83976,2098.0
2025-12-12 14:00:00+00:00,1.83969,1.84096,1.83874,1.83952,3712.0
2025-12-12 15:00:00+00:00,1.8395,1.84121,1.83942,1.84044,3605.0
2025-12-12 16:00:00+00:00,1.8405,1.84234,1.83985,1.83996,4473.0
2025-12-12 17:00:00+00:00,1.83996,1.84118,1.83924,1.84094,2141.0
2025-12-12 18:00:00+00:00,1.84092,1.84118,1.83962,1.83966,1737.0
2025-12-12 19:00:00+00:00,1.83959,1.84016,1.83924,1.83995,2322.0
2025-12-12 20:00:00+00:00,1.83989,1.841,1.83989,1.83996,1716.0
2025-12-12 21:00:00+00:00,1.83995,1.84141,1.83974,1.8414,2552.0
2025-12-14 22:00:00+00:00,1.84218,1.8423,1.83994,1.84186,3165.0
2025-12-14 23:00:00+00:00,1.84188,1.84203,1.84036,1.8404,1554.0
2025-12-15 00:00:00+00:00,1.8404,1.8405,1.83924,1.83968,2841.0
2025-12-15 01:00:00+00:00,1.83972,1.84032,1.83914,1.84021,3973.0
2025-12-15 02:00:00+00:00,1.8402,1.84046,1.83972,1.83998,4588.0
2025-12-15 03:00:00+00:00,1.83997,1.84006,1.83881,1.83883,4073.0
2025-12-15 04:00:00+00:00,1.83884,1.8393,1.83876,1.83888,2663.0
2025-12-15 05:00:00+00:00,1.83882,1.83964,1.8385,1.83952,2704.0
2025-12-15 06:00:00+00:00,1.83952,1.83999,1.83901,1.83961,3664.0
2025-12-15 07:00:00+00:00,1.83962,1.83991,1.83836,1.83913,2840.0
2025-12-15 08:00:00+00:00,1.83914,1.84018,1.83912,1.83952,2756.0
2025-12-15 09:00:00+00:00,1.83948,1.84288,1.83946,1.84278,2602.0
2025-12-15 10:00:00+00:00,1.8428,1.84308,1.84207,1.84291,1147.0
2025-12-15 11:00:00+00:00,1.84292,1.84394,1.84224,1.84224,1141.0
2025-12-15 12:00:00+00:00,1.84228,1.8432,1.84122,1.8413,1386.0
2025-12-15 13:00:00+00:00,1.84128,1.8436,1.84074,1.84319,2019.0
2025-12-15 14:00:00+00:00,1.84324,1.84459,1.8427,1.84297,2609.0
2025-12-15 15:00:00+00:00,1.84299,1.84419,1.84176,1.84327,3754.0
2025-12-15 16:00:00+00:00,1.84328,1.8434,1.84173,1.84182,2568.0
2025-12-15 17:00:00+00:00,1.84182,1.84224,1.84094,1.84136,2141.0
2025-12-15 18:00:00+00:00,1.84134,1.8429,1.84116,1.8418,1553.0
2025-12-15 19:00:00+00:00,1.84188,1.8419,1.84105,1.84169,1511.0
2025-12-15 20:00:00+00:00,1.84168,1.84222,1.8413,1.8416,1261.0
2025-12-15 21:00:00+00:00,1.84153,1.84217,1.84108,1.84164,2055.0
2025-12-15 22:00:00+00:00,1.8413,1.84206,1.84087,1.84164,1791.0
2025-12-15 23:00:00+00:00,1.84168,1.84252,1.8414,1.84216,721.0
2025-12-16 00:00:00+00:00,1.84219,1.8427,1.84131,1.84154,3435.0
2025-12-16 01:00:00+00:00,1.84156,1.84219,1.84094,1.84174,4730.0
2025-12-16 02:00:00+00:00,1.84178,1.8418,1.841,1.84108,2791.0
2025-12-16 03:00:00+00:00,1.8411,1.84131,1.84028,1.84034,2914.0
2025-12-16 04:00:00+00:00,1.84034,1.8406,1.84014,1.84034,2932.0
2025-12-16 05:00:00+00:00,1.84036,1.84046,1.83976,1.83988,2479.0
2025-12-16 06:00:00+00:00,1.83986,1.84002,1.83921,1.83976,2010.0
2025-12-16 07:00:00+00:00,1.83976,1.84218,1.83976,1.84174,1289.0
2025-12-16 08:00:00+00:00,1.84173,1.84494,1.84145,1.84482,2637.0
2025-12-16 09:00:00+00:00,1.84481,1.84769,1.84445,1.84728,3468.0
2025-12-16 10:00:00+00:00,1.84723,1.84956,1.84658,1.8492,3386.0
2025-12-16 11:00:00+00:00,1.84914,1.85,1.84792,1.8499,2098.0
2025-12-16 12:00:00+00:00,1.8499,1.84991,1.84815,1.84886,2058.0
2025-12-16 13:00:00+00:00,1.84878,1.84946,1.84516,1.84646,4866.0
2025-12-16 14:00:00+00:00,1.84639,1.84676,1.84377,1.84656,3503.0
2025-12-16 15:00:00+00:00,1.84656,1.84725,1.84348,1.84436,3703.0
2025-12-16 16:00:00+00:00,1.84442,1.84639,1.84416,1.84614,2865.0
2025-12-16 17:00:00+00:00,1.84616,1.84671,1.84458,1.84516,3431.0
2025-12-16 18:00:00+00:00,1.84517,1.84537,1.84423,1.84475,2091.0
2025-12-16 19:00:00+00:00,1.84481,1.84598,1.84383,1.84538,1371.0
2025-12-16 20:00:00+00:00,1.84544,1.84718,1.84542,1.8466,3130.0
2025-12-16 21:00:00+00:00,1.8466,1.84698,1.84539,1.84568,2131.0
2025-12-16 22:00:00+00:00,1.84646,1.84676,1.84604,1.8463,989.0
2025-12-16 23:00:00+00:00,1.84652,1.84673,1.84578,1.84668,1172.0
2025-12-17 00:00:00+00:00,1.84668,1.84764,1.84648,1.84714,1421.0
2025-12-17 01:00:00+00:00,1.84716,1.84741,1.84692,1.84708,2163.0
2025-12-17 02:00:00+00:00,1.84709,1.84711,1.84594,1.84614,3913.0
2025-12-17 03:00:00+00:00,1.84612,1.8464,1.84574,1.84602,2451.0
2025-12-17 04:00:00+00:00,1.84603,1.84605,1.84483,1.84516,2388.0
2025-12-17 05:00:00+00:00,1.84514,1.84518,1.84323,1.84356,2776.0
2025-12-17 06:00:00+00:00,1.84355,1.84428,1.84274,1.84328,3194.0
2025-12-17 07:00:00+00:00,1.84328,1.84344,1.83502,1.8359,5080.0
2025-12-17 08:00:00+00:00,1.83592,1.83664,1.83472,1.83578,3052.0
2025-12-17 09:00:00+00:00,1.83573,1.83672,1.83513,1.83583,2255.0
2025-12-17 10:00:00+00:00,1.8359,1.838,1.83526,1.83786,2672.0
2025-12-17 11:00:00+00:00,1.83788,1.83838,1.83699,1.83787,2163.0
2025-12-17 12:00:00+00:00,1.83782,1.83983,1.8375,1.83946,1760.0
2025-12-17 13:00:00+00:00,1.83944,1.84068,1.83902,1.84005,2261.0
2025-12-17 14:00:00+00:00,1.8401,1.84093,1.83901,1.8403,3780.0
2025-12-17 15:00:00+00:00,1.8403,1.84656,1.839,1.84638,3525.0
2025-12-17 16:00:00+00:00,1.84636,1.84714,1.84523,1.84696,3436.0
2025-12-17 17:00:00+00:00,1.84692,1.84702,1.84484,1.84506,3644.0
2025-12-17 18:00:00+00:00,1.84505,1.84584,1.84427,1.8445,2624.0
2025-12-17 19:00:00+00:00,1.84449,1.84494,1.84386,1.84451,2643.0
2025-12-17 20:00:00+00:00,1.84453,1.84468,1.84348,1.84385,1774.0
2025-12-17 21:00:00+00:00,1.84384,1.84478,1.84338,1.84391,1870.0
2025-12-17 22:00:00+00:00,1.84374,1.8447,1.84374,1.84421,1501.0
2025-12-17 23:00:00+00:00,1.84418,1.84425,1.84312,1.84315,1187.0
2025-12-18 00:00:00+00:00,1.84318,1.8436,1.84284,1.84342,2464.0
2025-12-18 01:00:00+00:00,1.84341,1.84342,1.84209,1.84222,4783.0
2025-12-18 02:00:00+00:00,1.84222,1.84284,1.84203,1.8428,4015.0
2025-12-18 03:00:00+00:00,1.84282,1.84288,1.84194,1.84231,2868.0
2025-12-18 04:00:00+00:00,1.8423,1.84231,1.84173,1.8419,2724.0
2025-12-18 05:00:00+00:00,1.84189,1.84243,1.84164,1.84175,2924.0
2025-12-18 06:00:00+00:00,1.84174,1.84198,1.84074,1.84079,3802.0
2025-12-18 07:00:00+00:00,1.84076,1.84156,1.84038,1.84064,4986.0
2025-12-18 08:00:00+00:00,1.84061,1.84256,1.8399,1.84005,4769.0
2025-12-18 09:00:00+00:00,1.84004,1.84007,1.83852,1.83948,6344.0
2025-12-18 10:00:00+00:00,1.83948,1.83976,1.8384,1.83964,4004.0
2025-12-18 11:00:00+00:00,1.83962,1.84108,1.8394,1.84024,3743.0
2025-12-18 12:00:00+00:00,1.84028,1.84754,1.83978,1.8473,8584.0
2025-12-18 13:00:00+00:00,1.84728,1.85118,1.84696,1.84963,13070.0
2025-12-18 14:00:00+00:00,1.84968,1.85138,1.84744,1.84798,14255.0
2025-12-18 15:00:00+00:00,1.84796,1.84802,1.84352,1.84373,10670.0
2025-12-18 16:00:00+00:00,1.84375,1.84426,1.84176,1.84214,9796.0
2025-12-18 17:00:00+00:00,1.84214,1.84292,1.84124,1.84265,7614.0
2025-12-18 18:00:00+00:00,1.84269,1.84359,1.84184,1.84317,5189.0
2025-12-18 19:00:00+00:00,1.84318,1.84452,1.84308,1.84446,4947.0
2025-12-18 20:00:00+00:00,1.84448,1.84466,1.84326,1.84326,5262.0
2025-12-18 21:00:00+00:00,1.84328,1.84422,1.84312,1.84353,2450.0
2025-12-18 22:00:00+00:00,1.84316,1.8441,1.84304,1.84368,1181.0
2025-12-18 23:00:00+00:00,1.8437,1.84428,1.84278,1.84388,2261.0
2025-12-19 00:00:00+00:00,1.84386,1.84406,1.84306,1.8433,2188.0
2025-12-19 01:00:00+00:00,1.84332,1.844,1.84297,1.84387,2380.0
2025-12-19 02:00:00+00:00,1.84388,1.84426,1.84372,1.8441,2273.0
2025-12-19 03:00:00+00:00,1.84409,1.84434,1.84342,1.84384,1857.0
2025-12-19 04:00:00+00:00,1.84384,1.84412,1.84334,1.84358,3727.0
2025-12-19 05:00:00+00:00,1.84354,1.84447,1.84354,1.8443,2018.0
2025-12-19 06:00:00+00:00,1.84428,1.84614,1.84422,1.84562,4666.0
2025-12-19 07:00:00+00:00,1.84558,1.84597,1.84338,1.8437,2955.0
2025-12-19 08:00:00+00:00,1.84368,1.84494,1.84344,1.84401,2484.0
2025-12-19 09:00:00+00:00,1.84402,1.84672,1.84385,1.84585,1897.0
2025-12-19 10:00:00+00:00,1.84584,1.84635,1.84509,1.8456,2471.0
2025-12-19 11:00:00+00:00,1.84563,1.84576,1.84478,1.84488,2826.0
2025-12-19 12:00:00+00:00,1.84482,1.84539,1.84371,1.84446,2444.0
2025-12-19 13:00:00+00:00,1.84444,1.8445,1.84222,1.84293,3325.0
2025-12-19 14:00:00+00:00,1.84292,1.84409,1.83934,1.83978,3966.0
2025-12-19 15:00:00+00:00,1.83976,1.84208,1.83932,1.84184,3292.0
2025-12-19 16:00:00+00:00,1.84183,1.84354,1.84148,1.84347,1531.0
2025-12-19 17:00:00+00:00,1.84339,1.84418,1.84276,1.84324,1149.0
2025-12-19 18:00:00+00:00,1.84328,1.845,1.84312,1.84473,1033.0
2025-12-19 19:00:00+00:00,1.8447,1.84609,1.84447,1.84606,2100.0
2025-12-19 20:00:00+00:00,1.84604,1.84659,1.84528,1.8455,2511.0
2025-12-19 21:00:00+00:00,1.84548,1.84694,1.84497,1.84622,1858.0
2025-12-21 22:00:00+00:00,1.84686,1.84849,1.84612,1.84613,1701.0
2025-12-21 23:00:00+00:00,1.8461,1.84657,1.84478,1.84516,4766.0
2025-12-22 00:00:00+00:00,1.84516,1.84699,1.84498,1.84692,7215.0
2025-12-22 01:00:00+00:00,1.84693,1.84844,1.84664,1.84836,6759.0
2025-12-22 02:00:00+00:00,1.84843,1.84868,1.84758,1.84761,850.0
2025-12-22 03:00:00+00:00,1.84764,1.84848,1.84758,1.84798,2614.0
2025-12-22 04:00:00+00:00,1.84794,1.84864,1.84768,1.8482,1607.0
2025-12-22 05:00:00+00:00,1.84816,1.84844,1.84754,1.84772,1283.0
2025-12-22 06:00:00+00:00,1.84772,1.84803,1.84743,1.84756,2650.0
2025-12-22 07:00:00+00:00,1.84758,1.84986,1.84678,1.84858,2074.0
2025-12-22 08:00:00+00:00,1.84856,1.84969,1.84776,1.84883,2308.0
2025-12-22 09:00:00+00:00,1.84884,1.84912,1.84704,1.84864,3500.0
2025-12-22 10:00:00+00:00,1.84864,1.85037,1.84864,1.84972,3828.0
2025-12-22 11:00:00+00:00,1.84973,1.85052,1.84936,1.85003,3661.0
2025-12-22 12:00:00+00:00,1.85002,1.85048,1.84877,1.84942,3971.0
2025-12-22 13:00:00+00:00,1.84949,1.85008,1.84828,1.84832,2730.0
2025-12-22 14:00:00+00:00,1.84836,1.8507,1.84812,1.84868,3011.0
2025-12-22 15:00:00+00:00,1.84874,1.84966,1.84796,1.84882,2189.0
2025-12-22 16:00:00+00:00,1.84876,1.84962,1.84775,1.84954,2428.0
2025-12-22 17:00:00+00:00,1.84959,1.85162,1.84959,1.85058,1416.0
2025-12-22 18:00:00+00:00,1.85048,1.85048,1.8484,1.85002,1610.0
2025-12-22 19:00:00+00:00,1.84999,1.85038,1.84962,1.85007,1055.0
2025-12-22 20:00:00+00:00,1.85009,1.85102,1.84968,1.85076,2038.0
2025-12-22 21:00:00+00:00,1.85078,1.85078,1.84965,1.85062,1503.0
2025-12-22 22:00:00+00:00,1.85024,1.85179,1.85024,1.85132,2006.0
2025-12-22 23:00:00+00:00,1.85144,1.85166,1.85076,1.85146,2075.0
2025-12-23 00:00:00+00:00,1.85144,1.85217,1.8512,1.85132,3601.0
2025-12-23 01:00:00+00:00,1.85132,1.85228,1.85098,1.85146,6819.0
2025-12-23 02:00:00+00:00,1.85146,1.8519,1.85118,1.85154,6062.0
2025-12-23 03:00:00+00:00,1.85156,1.85254,1.85146,1.85223,6457.0
2025-12-23 04:00:00+00:00,1.85222,1.8527,1.85201,1.85248,5899.0
2025-12-23 05:00:00+00:00,1.85247,1.85336,1.85246,1.85294,5553.0
2025-12-23 06:00:00+00:00,1.85294,1.85306,1.8518,1.85209,7280.0
2025-12-23 07:00:00+00:00,1.85208,1.85418,1.852,1.85407,7372.0
2025-12-23 08:00:00+00:00,1.85408,1.85472,1.85305,1.85326,8476.0
2025-12-23 09:00:00+00:00,1.85324,1.85337,1.85016,1.85056,10232.0
2025-12-23 10:00:00+00:00,1.85054,1.85142,1.85002,1.85106,9342.0
2025-12-23 11:00:00+00:00,1.85105,1.85167,1.85044,1.85076,6640.0
2025-12-23 12:00:00+00:00,1.85077,1.85158,1.84934,1.84948,7221.0
2025-12-23 13:00:00+00:00,1.84947,1.84997,1.84814,1.84822,11718.0
2025-12-23 14:00:00+00:00,1.84822,1.85066,1.84754,1.84967,13597.0
2025-12-23 15:00:00+00:00,1.84968,1.85057,1.84723,1.84828,13747.0
2025-12-23 16:00:00+00:00,1.84826,1.84895,1.84772,1.84874,9603.0
2025-12-23 17:00:00+00:00,1.84873,1.84876,1.84647,1.84667,6905.0
2025-12-23 18:00:00+00:00,1.84666,1.84732,1.8465,1.84695,7119.0
2025-12-23 19:00:00+00:00,1.84697,1.84799,1.8468,1.84788,6113.0
2025-12-23 20:00:00+00:00,1.84786,1.84834,1.84766,1.84802,4867.0
2025-12-23 21:00:00+00:00,1.84798,1.8507,1.84797,1.84988,2919.0
2025-12-23 22:00:00+00:00,1.84979,1.85119,1.84868,1.85058,1550.0
2025-12-23 23:00:00+00:00,1.85036,1.85062,1.84925,1.8493,1445.0
2025-12-24 00:00:00+00:00,1.8493,1.84995,1.84882,1.84958,2186.0
2025-12-24 01:00:00+00:00,1.84955,1.85082,1.84929,1.85038,2291.0
2025-12-24 02:00:00+00:00,1.85038,1.8509,1.85012,1.85027,1713.0
2025-12-24 03:00:00+00:00,1.85028,1.8503,1.84888,1.84908,2424.0
2025-12-24 04:00:00+00:00,1.84908,1.84928,1.84836,1.84913,1677.0
2025-12-24 05:00:00+00:00,1.84912,1.84974,1.84866,1.84935,916.0
2025-12-24 06:00:00+00:00,1.84932,1.84962,1.84876,1.84946,1508.0
2025-12-24 07:00:00+00:00,1.84945,1.84945,1.84823,1.84866,724.0
2025-12-24 08:00:00+00:00,1.84872,1.84973,1.84795,1.84958,1391.0
2025-12-24 09:00:00+00:00,1.84958,1.84966,1.84886,1.849,1569.0
2025-12-24 10:00:00+00:00,1.849,1.84927,1.8477,1.84802,2218.0
2025-12-24 11:00:00+00:00,1.84804,1.8483,1.84712,1.8472,1868.0
2025-12-24 12:00:00+00:00,1.8473,1.84816,1.84624,1.8473,2491.0
2025-12-24 13:00:00+00:00,1.84729,1.84803,1.84662,1.84672,1530.0
2025-12-24 14:00:00+00:00,1.84669,1.84728,1.8452,1.84542,1384.0
2025-12-24 15:00:00+00:00,1.84534,1.8467,1.84494,1.84606,1895.0
2025-12-24 16:00:00+00:00,1.8461,1.84758,1.84542,1.84608,1012.0
2025-12-24 17:00:00+00:00,1.8461,1.84696,1.845,1.8452,619.0
2025-12-24 18:00:00+00:00,1.84516,1.84622,1.845,1.84572,2456.0
2025-12-24 19:00:00+00:00,1.84572,1.84644,1.84535,1.84642,2735.0
2025-12-24 20:00:00+00:00,1.84654,1.84674,1.84595,1.84607,4351.0
2025-12-24 21:00:00+00:00,1.8461,1.84782,1.84598,1.84759,2716.0
2025-12-25 22:00:00+00:00,1.85006,1.85006,1.8481,1.84855,2581.0
2025-12-25 23:00:00+00:00,1.84852,1.84995,1.84617,1.84706,6219.0
2025-12-26 00:00:00+00:00,1.84705,1.84803,1.84682,1.84706,3611.0
2025-12-26 01:00:00+00:00,1.847,1.84854,1.84678,1.84789,1931.0
2025-12-26 02:00:00+00:00,1.84786,1.84811,1.84744,1.84792,1527.0
2025-12-26 03:00:00+00:00,1.84794,1.84798,1.84718,1.84741,2089.0
2025-12-26 04:00:00+00:00,1.84742,1.84772,1.84666,1.84666,1335.0
2025-12-26 05:00:00+00:00,1.84662,1.84664,1.845,1.84537,709.0
2025-12-26 06:00:00+00:00,1.84538,1.84586,1.84414,1.84428,840.0
2025-12-26 07:00:00+00:00,1.8443,1.84444,1.84296,1.84388,1954.0
2025-12-26 08:00:00+00:00,1.84392,1.84556,1.84332,1.84523,1566.0
2025-12-26 09:00:00+00:00,1.84522,1.84562,1.84446,1.84504,1509.0
2025-12-26 10:00:00+00:00,1.84503,1.84604,1.84477,1.84555,1947.0
2025-12-26 11:00:00+00:00,1.84556,1.8463,1.84539,1.84596,922.0
2025-12-26 12:00:00+00:00,1.84599,1.84667,1.84552,1.84661,441.0
2025-12-26 13:00:00+00:00,1.84667,1.84736,1.8452,1.8456,1635.0
2025-12-26 14:00:00+00:00,1.84554,1.84576,1.84383,1.84521,1001.0
2025-12-26 15:00:00+00:00,1.84522,1.84573,1.84393,1.84462,2676.0
2025-12-26 16:00:00+00:00,1.84462,1.84484,1.8428,1.84302,3397.0
2025-12-26 17:00:00+00:00,1.84294,1.84484,1.84282,1.8445,1852.0
2025-12-26 18:00:00+00:00,1.84457,1.84528,1.84432,1.84488,951.0
2025-12-26 19:00:00+00:00,1.84485,1.84568,1.84458,1.84561,834.0
2025-12-26 20:00:00+00:00,1.84559,1.84602,1.84528,1.8458,897.0
2025-12-26 21:00:00+00:00,1.8458,1.84617,1.84482,1.84564,2132.0
2025-12-28 22:00:00+00:00,1.84545,1.84622,1.84341,1.84598,970.0
2025-12-28 23:00:00+00:00,1.84592,1.84592,1.84312,1.84484,2634.0
2025-12-29 00:00:00+00:00,1.84486,1.84634,1.84484,1.84612,4085.0
2025-12-29 01:00:00+00:00,1.84612,1.84639,1.84544,1.84554,4720.0
2025-12-29 02:00:00+00:00,1.84554,1.84568,1.84512,1.84546,3561.0
2025-12-29 03:00:00+00:00,1.84546,1.84556,1.84468,1.84498,3089.0
2025-12-29 04:00:00+00:00,1.84499,1.84516,1.84406,1.84413,2863.0
2025-12-29 05:00:00+00:00,1.84414,1.84484,1.84343,1.84469,3225.0
2025-12-29 06:00:00+00:00,1.84474,1.8464,1.84426,1.84628,4533.0
2025-12-29 07:00:00+00:00,1.84623,1.84626,1.84448,1.8457,3123.0
2025-12-29 08:00:00+00:00,1.84566,1.84716,1.84464,1.84534,2945.0
2025-12-29 09:00:00+00:00,1.84532,1.84751,1.84434,1.84646,2344.0
2025-12-29 10:00:00+00:00,1.8464,1.84859,1.84606,1.8478,2233.0
2025-12-29 11:00:00+00:00,1.84778,1.84964,1.84714,1.84722,2403.0
2025-12-29 12:00:00+00:00,1.84728,1.84737,1.84504,1.84637,1677.0
2025-12-29 13:00:00+00:00,1.84638,1.84703,1.8448,1.8468,1458.0
2025-12-29 14:00:00+00:00,1.84687,1.8479,1.84404,1.84656,2056.0
2025-12-29 15:00:00+00:00,1.84654,1.84823,1.84506,1.8454,2508.0
2025-12-29 16:00:00+00:00,1.84534,1.84684,1.84407,1.84612,1827.0
2025-12-29 17:00:00+00:00,1.84615,1.84692,1.84564,1.8462,1866.0
2025-12-29 18:00:00+00:00,1.8462,1.84771,1.8461,1.84692,1383.0
2025-12-29 19:00:00+00:00,1.8469,1.84846,1.84656,1.84812,745.0
2025-12-29 20:00:00+00:00,1.84818,1.84966,1.84814,1.8496,3044.0
2025-12-29 21:00:00+00:00,1.84959,1.85039,1.84912,1.84966,1757.0
2025-12-29 22:00:00+00:00,1.84916,1.84962,1.84826,1.84846,1532.0
2025-12-29 23:00:00+00:00,1.8485,1.84928,1.84848,1.84881,1282.0
2025-12-30 00:00:00+00:00,1.8488,1.8494,1.8485,1.8485,1045.0
2025-12-30 01:00:00+00:00,1.84847,1.84848,1.84767,1.8484,889.0
2025-12-30 02:00:00+00:00,1.84845,1.84878,1.84786,1.84798,940.0
2025-12-30 03:00:00+00:00,1.848,1.8485,1.84782,1.84832,1035.0
2025-12-30 04:00:00+00:00,1.84834,1.84884,1.8482,1.8488,1055.0
2025-12-30 05:00:00+00:00,1.84881,1.84953,1.8488,1.84946,1591.0
2025-12-30 06:00:00+00:00,1.84942,1.85006,1.8487,1.84928,1796.0
2025-12-30 07:00:00+00:00,1.84926,1.84926,1.84735,1.84782,2024.0
2025-12-30 08:00:00+00:00,1.8478,1.85028,1.8478,1.84877,5001.0
2025-12-30 09:00:00+00:00,1.84877,1.8495,1.84824,1.84918,4550.0
2025-12-30 10:00:00+00:00,1.8492,1.85126,1.8492,1.85048,3826.0
2025-12-30 11:00:00+00:00,1.85046,1.85117,1.84946,1.84977,4289.0
2025-12-30 12:00:00+00:00,1.84978,1.85089,1.84901,1.84946,3322.0
2025-12-30 13:00:00+00:00,1.84944,1.84944,1.8468,1.84817,2081.0
2025-12-30 14:00:00+00:00,1.84818,1.84822,1.84524,1.84622,2132.0
2025-12-30 15:00:00+00:00,1.84624,1.84636,1.84286,1.84342,2332.0
2025-12-30 16:00:00+00:00,1.84337,1.84465,1.84234,1.84346,1762.0
2025-12-30 17:00:00+00:00,1.84342,1.84398,1.84268,1.84326,1025.0
2025-12-30 18:00:00+00:00,1.84316,1.844,1.84298,1.84374,671.0
2025-12-30 19:00:00+00:00,1.84368,1.84424,1.8432,1.84401,1233.0
2025-12-30 20:00:00+00:00,1.84409,1.84418,1.84347,1.84409,1404.0
2025-12-30 21:00:00+00:00,1.8441,1.84466,1.84392,1.84444,1246.0
2025-12-30 22:00:00+00:00,1.8446,1.8448,1.84406,1.84442,336.0
2025-12-30 23:00:00+00:00,1.84434,1.84446,1.84378,1.84408,1669.0
2025-12-31 00:00:00+00:00,1.8441,1.84422,1.84338,1.84374,900.0
2025-12-31 01:00:00+00:00,1.8437,1.84388,1.84324,1.8434,2099.0
2025-12-31 02:00:00+00:00,1.84342,1.84415,1.84329,1.84364,2782.0
2025-12-31 03:00:00+00:00,1.84364,1.84409,1.8435,1.84386,3407.0
2025-12-31 04:00:00+00:00,1.84386,1.84391,1.84302,1.84332,2398.0
2025-12-31 05:00:00+00:00,1.84332,1.8444,1.84324,1.84408,3585.0
2025-12-31 06:00:00+00:00,1.84408,1.8442,1.84342,1.84353,1498.0
2025-12-31 07:00:00+00:00,1.84352,1.84465,1.84338,1.84382,2758.0
2025-12-31 08:00:00+00:00,1.84382,1.84524,1.8405,1.84072,4635.0
2025-12-31 09:00:00+00:00,1.84073,1.8419,1.83969,1.8411,4345.0
2025-12-31 10:00:00+00:00,1.84116,1.8425,1.84022,1.84216,3870.0
2025-12-31 11:00:00+00:00,1.84214,1.84418,1.84168,1.8438,3514.0
2025-12-31 12:00:00+00:00,1.84382,1.84436,1.84208,1.8439,4637.0
2025-12-31 13:00:00+00:00,1.84388,1.84523,1.84136,1.84272,4713.0
2025-12-31 14:00:00+00:00,1.84274,1.84296,1.83978,1.83986,4713.0
2025-12-31 15:00:00+00:00,1.83984,1.84398,1.83858,1.84352,9479.0
2025-12-31 16:00:00+00:00,1.84352,1.84556,1.84301,1.84378,6195.0
2025-12-31 17:00:00+00:00,1.84378,1.84613,1.84314,1.84544,4540.0
2025-12-31 18:00:00+00:00,1.84542,1.84648,1.84529,1.84614,3824.0
2025-12-31 19:00:00+00:00,1.84614,1.84675,1.84542,1.84648,2952.0
2025-12-31 20:00:00+00:00,1.8465,1.85035,1.84627,1.85004,3221.0
2025-12-31 21:00:00+00:00,1.85002,1.85056,1.84852,1.8491,2015.0
2026-01-01 22:00:00+00:00,1.84796,1.8485,1.84722,1.84837,1173.0
2026-01-01 23:00:00+00:00,1.84829,1.8493,1.84797,1.84823,665.0
2026-01-02 00:00:00+00:00,1.8483,1.84868,1.8479,1.84854,634.0
2026-01-02 01:00:00+00:00,1.84856,1.84899,1.84814,1.84889,1212.0
2026-01-02 02:00:00+00:00,1.8489,1.84911,1.84858,1.84904,1088.0
2026-01-02 03:00:00+00:00,1.849,1.84912,1.84852,1.84882,986.0
2026-01-02 04:00:00+00:00,1.84878,1.84902,1.84846,1.84856,856.0
2026-01-02 05:00:00+00:00,1.84864,1.84872,1.84766,1.84766,643.0
2026-01-02 06:00:00+00:00,1.84772,1.84777,1.84651,1.84709,1029.0
2026-01-02 07:00:00+00:00,1.84704,1.84708,1.84402,1.8448,1121.0
2026-01-02 08:00:00+00:00,1.8448,1.8457,1.84414,1.84507,2725.0
2026-01-02 09:00:00+00:00,1.84512,1.84678,1.84508,1.84613,1577.0
2026-01-02 10:00:00+00:00,1.84608,1.84646,1.84499,1.84544,1346.0
2026-01-02 11:00:00+00:00,1.84538,1.84558,1.84336,1.8449,1349.0
2026-01-02 12:00:00+00:00,1.84488,1.84684,1.8448,1.84664,1991.0
2026-01-02 13:00:00+00:00,1.84665,1.84921,1.84594,1.84898,1971.0
2026-01-02 14:00:00+00:00,1.84901,1.85054,1.84872,1.85034,2348.0
2026-01-02 15:00:00+00:00,1.85035,1.85288,1.8502,1.85224,3175.0
2026-01-02 16:00:00+00:00,1.85226,1.85286,1.85093,1.85162,2492.0
2026-01-02 17:00:00+00:00,1.85161,1.85165,1.84936,1.84972,2140.0
2026-01-02 18:00:00+00:00,1.84973,1.84987,1.84831,1.84877,1138.0
2026-01-02 19:00:00+00:00,1.84868,1.84868,1.84755,1.84773,1866.0
2026-01-02 20:00:00+00:00,1.84776,1.8482,1.84737,1.84796,2211.0
2026-01-02 21:00:00+00:00,1.84792,1.84884,1.84772,1.84834,1727.0
2026-01-04 22:00:00+00:00,1.84905,1.84908,1.84753,1.84867,2854.0
2026-01-04 23:00:00+00:00,1.84834,1.84916,1.84674,1.84729,2155.0
2026-01-05 00:00:00+00:00,1.8473,1.8486,1.84727,1.84794,2201.0
2026-01-05 01:00:00+00:00,1.84796,1.84824,1.84732,1.84756,817.0
2026-01-05 02:00:00+00:00,1.84762,1.8481,1.8462,1.84672,671.0
2026-01-05 03:00:00+00:00,1.84678,1.84752,1.84646,1.84704,1195.0
2026-01-05 04:00:00+00:00,1.84698,1.84914,1.84687,1.84872,888.0
2026-01-05 05:00:00+00:00,1.84866,1.84924,1.84832,1.84883,594.0
2026-01-05 06:00:00+00:00,1.84882,1.84983,1.84822,1.84955,1610.0
2026-01-05 07:00:00+00:00,1.84958,1.85026,1.84894,1.84936,1350.0
2026-01-05 08:00:00+00:00,1.8493,1.85096,1.84824,1.85042,1979.0
2026-01-05 09:00:00+00:00,1.85042,1.8522,1.85016,1.85206,2901.0
2026-01-05 10:00:00+00:00,1.85205,1.85369,1.85124,1.85348,2283.0
2026-01-05 11:00:00+00:00,1.85348,1.85419,1.85272,1.85294,1912.0
2026-01-05 12:00:00+00:00,1.85292,1.85508,1.85242,1.85453,1653.0
2026-01-05 13:00:00+00:00,1.85453,1.85681,1.8538,1.85626,2552.0
2026-01-05 14:00:00+00:00,1.85626,1.85812,1.85464,1.85739,3479.0
2026-01-05 15:00:00+00:00,1.85734,1.85806,1.85504,1.85637,4049.0
2026-01-05 16:00:00+00:00,1.85638,1.8607,1.85624,1.8607,2283.0
2026-01-05 17:00:00+00:00,1.86072,1.86271,1.86065,1.86225,2192.0
2026-01-05 18:00:00+00:00,1.86224,1.86309,1.86134,1.86306,1829.0
2026-01-05 19:00:00+00:00,1.86312,1.86352,1.8626,1.86301,1539.0
2026-01-05 20:00:00+00:00,1.86299,1.8645,1.86298,1.86384,2757.0
2026-01-05 21:00:00+00:00,1.86378,1.86531,1.8633,1.86516,1736.0
2026-01-05 22:00:00+00:00,1.86484,1.8652,1.86474,1.8649,534.0
2026-01-05 23:00:00+00:00,1.8647,1.86498,1.86374,1.86378,636.0
2026-01-06 00:00:00+00:00,1.86377,1.86426,1.86334,1.86406,1774.0
2026-01-06 01:00:00+00:00,1.8641,1.8647,1.86378,1.86445,1992.0
2026-01-06 02:00:00+00:00,1.86446,1.86578,1.86437,1.86556,1056.0
2026-01-06 03:00:00+00:00,1.86556,1.86652,1.86502,1.8665,2074.0
2026-01-06 04:00:00+00:00,1.86649,1.86671,1.8654,1.86575,1811.0
2026-01-06 05:00:00+00:00,1.8658,1.86596,1.86458,1.8649,2218.0
2026-01-06 06:00:00+00:00,1.86492,1.86582,1.86462,1.86468,2349.0
2026-01-06 07:00:00+00:00,1.86474,1.86582,1.86432,1.86496,1434.0
2026-01-06 08:00:00+00:00,1.8649,1.86612,1.86448,1.86528,2228.0
2026-01-06 09:00:00+00:00,1.86526,1.86549,1.86349,1.86358,1793.0
2026-01-06 10:00:00+00:00,1.86356,1.86377,1.86192,1.86242,1438.0
2026-01-06 11:00:00+00:00,1.86236,1.86305,1.86138,1.86178,1087.0
2026-01-06 12:00:00+00:00,1.86186,1.86278,1.86155,1.862,1319.0
2026-01-06 13:00:00+00:00,1.86198,1.86286,1.8611,1.86236,1669.0
2026-01-06 14:00:00+00:00,1.86232,1.86287,1.86078,1.86184,2356.0
2026-01-06 15:00:00+00:00,1.86178,1.86212,1.86002,1.86208,2538.0
2026-01-06 16:00:00+00:00,1.86204,1.86206,1.86076,1.86098,2715.0
2026-01-06 17:00:00+00:00,1.86093,1.8632,1.86079,1.86301,1957.0
2026-01-06 18:00:00+00:00,1.86296,1.86346,1.8623,1.86238,1779.0
2026-01-06 19:00:00+00:00,1.86236,1.86386,1.8623,1.86366,1701.0
2026-01-06 20:00:00+00:00,1.86367,1.86422,1.86366,1.86406,2062.0
2026-01-06 21:00:00+00:00,1.86406,1.86543,1.86372,1.8652,1324.0
2026-01-06 22:00:00+00:00,1.86516,1.8653,1.864,1.86497,1014.0
2026-01-06 23:00:00+00:00,1.8649,1.86534,1.86478,1.86508,841.0
2026-01-07 00:00:00+00:00,1.8651,1.86637,1.86502,1.8658,2313.0
2026-01-07 01:00:00+00:00,1.86575,1.86682,1.86573,1.86641,2000.0
2026-01-07 02:00:00+00:00,1.86643,1.86699,1.86581,1.86628,2066.0
2026-01-07 03:00:00+00:00,1.86629,1.86735,1.86622,1.8671,1466.0
2026-01-07 04:00:00+00:00,1.86707,1.86707,1.86523,1.86529,3998.0
2026-01-07 05:00:00+00:00,1.86528,1.86599,1.86511,1.8659,2173.0
2026-01-07 06:00:00+00:00,1.86588,1.86692,1.86559,1.8666,2967.0
2026-01-07 07:00:00+00:00,1.8666,1.8672,1.86508,1.86527,1696.0
2026-01-07 08:00:00+00:00,1.86524,1.86526,1.86369,1.86474,2904.0
2026-01-07 09:00:00+00:00,1.86476,1.86496,1.8631,1.864,2465.0
2026-01-07 10:00:00+00:00,1.864,1.86474,1.86326,1.86337,2444.0
2026-01-07 11:00:00+00:00,1.86336,1.86422,1.86284,1.86382,1489.0
2026-01-07 12:00:00+00:00,1.86384,1.86406,1.86244,1.86284,1813.0
2026-01-07 13:00:00+00:00,1.86276,1.86287,1.86142,1.86165,2414.0
2026-01-07 14:00:00+00:00,1.86164,1.86382,1.86002,1.86382,3090.0
2026-01-07 15:00:00+00:00,1.8637,1.86385,1.86069,1.86194,3435.0
2026-01-07 16:00:00+00:00,1.86192,1.86326,1.86174,1.863,2901.0
2026-01-07 17:00:00+00:00,1.86303,1.86353,1.86218,1.86342,1512.0
2026-01-07 18:00:00+00:00,1.86347,1.86442,1.86278,1.86392,1706.0
2026-01-07 19:00:00+00:00,1.86392,1.86444,1.8633,1.86416,1728.0
2026-01-07 20:00:00+00:00,1.86423,1.86535,1.864,1.86514,2132.0
2026-01-07 21:00:00+00:00,1.86507,1.86581,1.86489,1.86533,1355.0
2026-01-07 22:00:00+00:00,1.86518,1.86567,1.86506,1.86506,672.0
2026-01-07 23:00:00+00:00,1.86493,1.8652,1.86462,1.86488,1315.0
2026-01-08 00:00:00+00:00,1.86487,1.86528,1.86478,1.86514,2225.0
2026-01-08 01:00:00+00:00,1.86514,1.86566,1.86499,1.86521,3169.0
2026-01-08 02:00:00+00:00,1.8652,1.86569,1.86476,1.86567,2961.0
2026-01-08 03:00:00+00:00,1.86568,1.86604,1.8654,1.86588,3105.0
2026-01-08 04:00:00+00:00,1.86592,1.86614,1.86562,1.86613,2986.0
2026-01-08 05:00:00+00:00,1.86612,1.8663,1.86552,1.86602,3966.0
2026-01-08 06:00:00+00:00,1.86606,1.8673,1.86606,1.86638,4735.0
2026-01-08 07:00:00+00:00,1.86638,1.86694,1.86572,1.86591,4402.0
2026-01-08 08:00:00+00:00,1.86592,1.86619,1.86421,1.86582,4685.0
2026-01-08 09:00:00+00:00,1.8658,1.86651,1.86468,1.86482,4825.0
2026-01-08 10:00:00+00:00,1.86484,1.86577,1.86456,1.86495,5270.0
2026-01-08 11:00:00+00:00,1.86496,1.8657,1.86398,1.86406,4715.0
2026-01-08 12:00:00+00:00,1.86402,1.86465,1.86226,1.86234,3282.0
2026-01-08 13:00:00+00:00,1.86234,1.86304,1.85994,1.86074,3372.0
2026-01-08 14:00:00+00:00,1.86068,1.86197,1.85964,1.86194,4462.0
2026-01-08 15:00:00+00:00,1.86198,1.86332,1.8606,1.86256,4317.0
2026-01-08 16:00:00+00:00,1.86255,1.86325,1.86173,1.86173,3607.0
2026-01-08 17:00:00+00:00,1.86172,1.86378,1.86172,1.86321,3846.0
2026-01-08 18:00:00+00:00,1.86311,1.86366,1.86226,1.8623,3151.0
2026-01-08 19:00:00+00:00,1.86232,1.86242,1.86154,1.86242,2900.0
2026-01-08 20:00:00+00:00,1.8624,1.86275,1.86198,1.86229,3475.0
2026-01-08 21:00:00+00:00,1.86228,1.8637,1.86226,1.86345,2838.0
2026-01-08 22:00:00+00:00,1.86252,1.86352,1.86236,1.8631,982.0
2026-01-08 23:00:00+00:00,1.86309,1.86348,1.86262,1.86276,459.0
2026-01-09 00:00:00+00:00,1.86276,1.86314,1.86256,1.86286,2252.0
2026-01-09 01:00:00+00:00,1.86288,1.8632,1.86232,1.86271,3561.0
2026-01-09 02:00:00+00:00,1.86268,1.86336,1.86244,1.86322,1194.0
2026-01-09 03:00:00+00:00,1.86322,1.86398,1.86316,1.86364,775.0
2026-01-09 04:00:00+00:00,1.86364,1.86365,1.86294,1.86326,1227.0
2026-01-09 05:00:00+00:00,1.86326,1.86374,1.86246,1.86275,2045.0
2026-01-09 06:00:00+00:00,1.86274,1.8629,1.86176,1.86233,1505.0
2026-01-09 07:00:00+00:00,1.86237,1.86296,1.8612,1.86242,1823.0
2026-01-09 08:00:00+00:00,1.86244,1.86358,1.86062,1.8607,2039.0
2026-01-09 09:00:00+00:00,1.86068,1.8612,1.8601,1.86058,1282.0
2026-01-09 10:00:00+00:00,1.86051,1.86061,1.85914,1.85996,1369.0
2026-01-09 11:00:00+00:00,1.86,1.86056,1.85924,1.86054,1886.0
2026-01-09 12:00:00+00:00,1.86052,1.86284,1.86025,1.86284,1324.0
2026-01-09 13:00:00+00:00,1.86289,1.86541,1.86085,1.86447,4926.0
2026-01-09 14:00:00+00:00,1.86454,1.86516,1.86132,1.86184,4561.0
2026-01-09 15:00:00+00:00,1.86192,1.8638,1.86122,1.8638,4322.0
2026-01-09 16:00:00+00:00,1.86378,1.86388,1.86244,1.86324,2761.0
2026-01-09 17:00:00+00:00,1.86319,1.86332,1.8623,1.86311,1702.0
2026-01-09 18:00:00+00:00,1.86318,1.86506,1.86314,1.86433,1899.0
2026-01-09 19:00:00+00:00,1.86439,1.86528,1.86402,1.86477,1632.0
2026-01-09 20:00:00+00:00,1.86476,1.86551,1.86467,1.86516,2210.0
2026-01-09 21:00:00+00:00,1.86518,1.86548,1.86426,1.86485,2400.0
2026-01-11 22:00:00+00:00,1.8646,1.86527,1.86387,1.86387,862.0
2026-01-11 23:00:00+00:00,1.86384,1.86412,1.86308,1.86336,1201.0
2026-01-12 00:00:00+00:00,1.86342,1.86656,1.86316,1.86591,1316.0
2026-01-12 01:00:00+00:00,1.86597,1.86626,1.86525,1.8655,1399.0
2026-01-12 02:00:00+00:00,1.86544,1.86577,1.8648,1.86494,982.0
2026-01-12 03:00:00+00:00,1.86496,1.86542,1.86484,1.86484,1683.0
2026-01-12 04:00:00+00:00,1.86481,1.86536,1.86457,1.8652,1274.0
2026-01-12 05:00:00+00:00,1.86518,1.86624,1.865,1.86602,1707.0
2026-01-12 06:00:00+00:00,1.86606,1.8668,1.86572,1.86675,1164.0
2026-01-12 07:00:00+00:00,1.86666,1.86698,1.86493,1.86562,1822.0
2026-01-12 08:00:00+00:00,1.86562,1.86717,1.86514,1.86676,2309.0
2026-01-12 09:00:00+00:00,1.86678,1.86872,1.86672,1.86736,1260.0
2026-01-12 10:00:00+00:00,1.86745,1.86936,1.86684,1.86926,1760.0
2026-01-12 11:00:00+00:00,1.86922,1.86961,1.8674,1.86804,1140.0
2026-01-12 12:00:00+00:00,1.868,1.86996,1.86798,1.8686,1608.0
2026-01-12 13:00:00+00:00,1.86862,1.87052,1.8682,1.86992,1796.0
2026-01-12 14:00:00+00:00,1.86999,1.87124,1.86912,1.87041,2293.0
2026-01-12 15:00:00+00:00,1.87034,1.87072,1.869,1.86946,2962.0
2026-01-12 16:00:00+00:00,1.86944,1.86972,1.86772,1.86836,1540.0
2026-01-12 17:00:00+00:00,1.8683,1.8693,1.86721,1.86775,2493.0
2026-01-12 18:00:00+00:00,1.86774,1.86807,1.86734,1.86786,972.0
2026-01-12 19:00:00+00:00,1.8678,1.86796,1.86713,1.86778,955.0
2026-01-12 20:00:00+00:00,1.86776,1.86866,1.86753,1.86842,762.0
2026-01-12 21:00:00+00:00,1.86844,1.86932,1.86778,1.8689,1855.0
2026-01-12 22:00:00+00:00,1.8688,1.86896,1.86818,1.8686,1056.0
2026-01-12 23:00:00+00:00,1.86864,1.869,1.86819,1.86859,1446.0
2026-01-13 00:00:00+00:00,1.8686,1.87048,1.86823,1.87041,1534.0
2026-01-13 01:00:00+00:00,1.87042,1.87046,1.86924,1.86966,3459.0
2026-01-13 02:00:00+00:00,1.86965,1.86972,1.86903,1.86914,3381.0
2026-01-13 03:00:00+00:00,1.86912,1.86946,1.8685,1.86864,2349.0
2026-01-13 04:00:00+00:00,1.86863,1.86914,1.8685,1.86877,1518.0
2026-01-13 05:00:00+00:00,1.86874,1.86904,1.86854,1.86876,2466.0
2026-01-13 06:00:00+00:00,1.86877,1.86916,1.86772,1.86914,2996.0
2026-01-13 07:00:00+00:00,1.86912,1.8695,1.86842,1.86886,1315.0
2026-01-13 08:00:00+00:00,1.86889,1.87072,1.86874,1.87043,2126.0
2026-01-13 09:00:00+00:00,1.87044,1.87098,1.86986,1.87056,2549.0
2026-01-13 10:00:00+00:00,1.87062,1.87078,1.86952,1.87012,1502.0
2026-01-13 11:00:00+00:00,1.87014,1.87021,1.86906,1.86938,2384.0
2026-01-13 12:00:00+00:00,1.86936,1.86974,1.86792,1.8684,1544.0
2026-01-13 13:00:00+00:00,1.8684,1.87032,1.86744,1.86908,6203.0
2026-01-13 14:00:00+00:00,1.86905,1.8694,1.8665,1.86772,4611.0
2026-01-13 15:00:00+00:00,1.86771,1.86804,1.86455,1.86559,4153.0
2026-01-13 16:00:00+00:00,1.8656,1.86597,1.86484,1.86548,3269.0
2026-01-13 17:00:00+00:00,1.86551,1.8666,1.86538,1.86654,1739.0
2026-01-13 18:00:00+00:00,1.86656,1.86674,1.86538,1.86642,1941.0
2026-01-13 19:00:00+00:00,1.86639,1.86639,1.86548,1.86566,2079.0
2026-01-13 20:00:00+00:00,1.86565,1.8657,1.86434,1.86438,2477.0
2026-01-13 21:00:00+00:00,1.86439,1.86462,1.86358,1.86442,1972.0
2026-01-13 22:00:00+00:00,1.86456,1.86483,1.86352,1.86396,836.0
2026-01-13 23:00:00+00:00,1.8638,1.86468,1.8638,1.86444,753.0
2026-01-14 00:00:00+00:00,1.86444,1.86552,1.8642,1.8655,1382.0
2026-01-14 01:00:00+00:00,1.86542,1.86542,1.86464,1.86508,938.0
2026-01-14 02:00:00+00:00,1.86508,1.86632,1.86508,1.86613,2277.0
2026-01-14 03:00:00+00:00,1.86616,1.86708,1.86606,1.86676,1747.0
2026-01-14 04:00:00+00:00,1.86675,1.86686,1.86617,1.86627,1895.0
2026-01-14 05:00:00+00:00,1.86629,1.86654,1.86572,1.86574,2765.0
2026-01-14 06:00:00+00:00,1.86572,1.86672,1.86546,1.86654,2229.0
2026-01-14 07:00:00+00:00,1.86652,1.86711,1.86604,1.86614,1326.0
2026-01-14 08:00:00+00:00,1.86616,1.86834,1.866,1.86826,1388.0
2026-01-14 09:00:00+00:00,1.86825,1.86962,1.86741,1.86934,1305.0
2026-01-14 10:00:00+00:00,1.86923,1.86942,1.8679,1.86833,3409.0
2026-01-14 11:00:00+00:00,1.86831,1.86831,1.86667,1.86696,3841.0
2026-01-14 12:00:00+00:00,1.86698,1.86768,1.86566,1.86603,2502.0
2026-01-14 13:00:00+00:00,1.86604,1.86649,1.8645,1.86591,3251.0
2026-01-14 14:00:00+00:00,1.8659,1.86856,1.86546,1.86715,4012.0
2026-01-14 15:00:00+00:00,1.86715,1.86785,1.86614,1.86769,6638.0
2026-01-14 16:00:00+00:00,1.86764,1.86782,1.8647,1.86486,2368.0
2026-01-14 17:00:00+00:00,1.86483,1.86512,1.86384,1.86409,2905.0
2026-01-14 18:00:00+00:00,1.86408,1.8643,1.86311,1.86316,2436.0
2026-01-14 19:00:00+00:00,1.86314,1.8634,1.86239,1.8633,2737.0
2026-01-14 20:00:00+00:00,1.86332,1.86508,1.86327,1.86493,4185.0
2026-01-14 21:00:00+00:00,1.86494,1.8669,1.86484,1.86686,1848.0
2026-01-14 22:00:00+00:00,1.86588,1.86638,1.8653,1.86556,1866.0
2026-01-14 23:00:00+00:00,1.86555,1.8662,1.8652,1.86614,2493.0
2026-01-15 00:00:00+00:00,1.86612,1.86612,1.86527,1.86586,2577.0
2026-01-15 01:00:00+00:00,1.8658,1.86616,1.8651,1.8658,4273.0
2026-01-15 02:00:00+00:00,1.86568,1.86604,1.8654,1.86596,3627.0
2026-01-15 03:00:00+00:00,1.86597,1.86612,1.86556,1.86574,3289.0
2026-01-15 04:00:00+00:00,1.86574,1.86627,1.86558,1.86592,2162.0
2026-01-15 05:00:00+00:00,1.86596,1.86652,1.8658,1.86612,4444.0
2026-01-15 06:00:00+00:00,1.86612,1.86655,1.86568,1.86628,4113.0
2026-01-15 07:00:00+00:00,1.8663,1.86846,1.86604,1.8672,5258.0
2026-01-15 08:00:00+00:00,1.8671,1.86935,1.86684,1.86851,4924.0
2026-01-15 09:00:00+00:00,1.86851,1.86946,1.86802,1.8681,4877.0
2026-01-15 10:00:00+00:00,1.86808,1.86827,1.86476,1.86544,4502.0
2026-01-15 11:00:00+00:00,1.8654,1.86638,1.86463,1.86497,4524.0
2026-01-15 12:00:00+00:00,1.86493,1.865,1.86304,1.86318,3813.0
2026-01-15 13:00:00+00:00,1.86319,1.86334,1.85976,1.86004,6681.0
2026-01-15 14:00:00+00:00,1.85994,1.86158,1.85944,1.85968,5420.0
2026-01-15 15:00:00+00:00,1.85968,1.86053,1.85888,1.85924,6526.0
2026-01-15 16:00:00+00:00,1.85924,1.8607,1.85898,1.8599,5470.0
2026-01-15 17:00:00+00:00,1.85992,1.86076,1.85914,1.86016,3731.0
2026-01-15 18:00:00+00:00,1.86017,1.86111,1.85951,1.85998,2895.0
2026-01-15 19:00:00+00:00,1.85997,1.86028,1.85909,1.85936,3289.0
2026-01-15 20:00:00+00:00,1.85932,1.85936,1.85834,1.85866,2909.0
2026-01-15 21:00:00+00:00,1.85864,1.85944,1.85757,1.85908,2218.0
2026-01-15 22:00:00+00:00,1.85858,1.8593,1.8583,1.85858,1021.0
2026-01-15 23:00:00+00:00,1.85876,1.85901,1.85809,1.85876,1122.0
2026-01-16 00:00:00+00:00,1.85872,1.85914,1.85807,1.85902,2166.0
2026-01-16 01:00:00+00:00,1.85894,1.85967,1.85884,1.85922,1445.0
2026-01-16 02:00:00+00:00,1.85924,1.85952,1.85888,1.85892,2151.0
2026-01-16 03:00:00+00:00,1.859,1.85948,1.85865,1.85948,544.0
2026-01-16 04:00:00+00:00,1.85945,1.85956,1.8592,1.85946,1332.0
2026-01-16 05:00:00+00:00,1.85944,1.85954,1.85884,1.8591,1830.0
2026-01-16 06:00:00+00:00,1.8591,1.85926,1.85856,1.85874,1139.0
2026-01-16 07:00:00+00:00,1.85866,1.86058,1.85866,1.86058,2071.0
2026-01-16 08:00:00+00:00,1.86058,1.86163,1.86056,1.86111,1732.0
2026-01-16 09:00:00+00:00,1.86112,1.86238,1.86059,1.86154,1173.0
2026-01-16 10:00:00+00:00,1.86158,1.86319,1.86157,1.86252,1711.0
2026-01-16 11:00:00+00:00,1.86253,1.86268,1.86134,1.86209,1869.0
2026-01-16 12:00:00+00:00,1.86208,1.86238,1.86042,1.86122,2272.0
2026-01-16 13:00:00+00:00,1.86132,1.86344,1.8599,1.86304,2833.0
2026-01-16 14:00:00+00:00,1.86306,1.86386,1.8623,1.86298,3671.0
2026-01-16 15:00:00+00:00,1.8629,1.86302,1.86036,1.86154,4655.0
2026-01-16 16:00:00+00:00,1.86145,1.86338,1.86096,1.86292,4517.0
2026-01-16 17:00:00+00:00,1.86293,1.86391,1.86243,1.86296,1706.0
2026-01-16 18:00:00+00:00,1.86292,1.86406,1.86231,1.86306,2772.0
2026-01-16 19:00:00+00:00,1.86306,1.86344,1.86218,1.86229,1049.0
2026-01-16 20:00:00+00:00,1.86234,1.86268,1.86176,1.86194,1490.0
2026-01-16 21:00:00+00:00,1.86189,1.86258,1.86112,1.8617,2000.0
2026-01-18 22:00:00+00:00,1.85763,1.85882,1.85664,1.85822,2374.0
2026-01-18 23:00:00+00:00,1.85812,1.8637,1.85812,1.86284,5486.0
2026-01-19 00:00:00+00:00,1.86283,1.86307,1.86098,1.86187,5672.0
2026-01-19 01:00:00+00:00,1.86188,1.862,1.86088,1.86098,6254.0
2026-01-19 02:00:00+00:00,1.86098,1.86104,1.86017,1.86077,5624.0
2026-01-19 03:00:00+00:00,1.86078,1.86132,1.86066,1.86078,4926.0
2026-01-19 04:00:00+00:00,1.86078,1.8613,1.86066,1.86088,4172.0
2026-01-19 05:00:00+00:00,1.86086,1.86202,1.86076,1.86085,5936.0
2026-01-19 06:00:00+00:00,1.86084,1.86168,1.8607,1.86114,3959.0
2026-01-19 07:00:00+00:00,1.86114,1.86198,1.85994,1.86076,3275.0
2026-01-19 08:00:00+00:00,1.86074,1.86255,1.85968,1.86249,2303.0
2026-01-19 09:00:00+00:00,1.8625,1.86286,1.8604,1.86158,2479.0
2026-01-19 10:00:00+00:00,1.8616,1.86266,1.86147,1.86222,2368.0
2026-01-19 11:00:00+00:00,1.86224,1.86246,1.8615,1.8624,1166.0
2026-01-19 12:00:00+00:00,1.86247,1.86288,1.86145,1.86156,1074.0
2026-01-19 13:00:00+00:00,1.86158,1.8628,1.86155,1.86227,2007.0
2026-01-19 14:00:00+00:00,1.86226,1.8624,1.86108,1.86108,2314.0
2026-01-19 15:00:00+00:00,1.86105,1.862,1.8605,1.86088,1930.0
2026-01-19 16:00:00+00:00,1.86095,1.86231,1.8608,1.86108,1010.0
2026-01-19 17:00:00+00:00,1.86108,1.86265,1.86102,1.86239,578.0
2026-01-19 18:00:00+00:00,1.8623,1.86268,1.86208,1.86216,256.0
2026-01-19 19:00:00+00:00,1.86219,1.86224,1.8618,1.86198,199.0
2026-01-19 20:00:00+00:00,1.86194,1.8623,1.86193,1.86218,412.0
2026-01-19 21:00:00+00:00,1.8621,1.86246,1.8619,1.862,806.0
2026-01-19 22:00:00+00:00,1.86216,1.86236,1.86131,1.86176,1026.0
2026-01-19 23:00:00+00:00,1.86189,1.8622,1.86151,1.86176,671.0
2026-01-20 00:00:00+00:00,1.8618,1.86204,1.86104,1.86182,2944.0
2026-01-20 01:00:00+00:00,1.86182,1.86212,1.86102,1.86166,4572.0
2026-01-20 02:00:00+00:00,1.86166,1.86252,1.86144,1.86146,3460.0
2026-01-20 03:00:00+00:00,1.86147,1.86231,1.86118,1.86138,3122.0
2026-01-20 04:00:00+00:00,1.86136,1.86206,1.86124,1.86164,2827.0
2026-01-20 05:00:00+00:00,1.86164,1.86226,1.8615,1.86192,3137.0
2026-01-20 06:00:00+00:00,1.86196,1.86276,1.86146,1.86172,3932.0
2026-01-20 07:00:00+00:00,1.86168,1.86644,1.86035,1.8646,4097.0
2026-01-20 08:00:00+00:00,1.86464,1.86628,1.8641,1.86427,7081.0
2026-01-20 09:00:00+00:00,1.86426,1.86562,1.86301,1.86322,4880.0
2026-01-20 10:00:00+00:00,1.8632,1.86442,1.86208,1.86368,6552.0
2026-01-20 11:00:00+00:00,1.8637,1.86377,1.86026,1.86046,5376.0
2026-01-20 12:00:00+00:00,1.86046,1.8608,1.85842,1.85904,5611.0
2026-01-20 13:00:00+00:00,1.8591,1.86294,1.8582,1.86014,8239.0
2026-01-20 14:00:00+00:00,1.86012,1.86221,1.85856,1.8621,5446.0
2026-01-20 15:00:00+00:00,1.86216,1.86298,1.86102,1.86104,6973.0
2026-01-20 16:00:00+00:00,1.86101,1.8619,1.86012,1.86176,8375.0
2026-01-20 17:00:00+00:00,1.8617,1.86234,1.8603,1.86114,7209.0
2026-01-20 18:00:00+00:00,1.86114,1.86138,1.85914,1.85918,4022.0
2026-01-20 19:00:00+00:00,1.8592,1.85945,1.85717,1.85761,3698.0
2026-01-20 20:00:00+00:00,1.8576,1.85834,1.85737,1.85815,2848.0
2026-01-20 21:00:00+00:00,1.8581,1.86026,1.85785,1.86019,2549.0
2026-01-20 22:00:00+00:00,1.86027,1.86094,1.85954,1.86026,2271.0
2026-01-20 23:00:00+00:00,1.86023,1.86054,1.85916,1.85929,1388.0
2026-01-21 00:00:00+00:00,1.85928,1.85985,1.8588,1.8598,3301.0
2026-01-21 01:00:00+00:00,1.85976,1.8604,1.85924,1.85992,4653.0
2026-01-21 02:00:00+00:00,1.85992,1.86019,1.8593,1.85952,3787.0
2026-01-21 03:00:00+00:00,1.85951,1.8598,1.85874,1.85958,4112.0
2026-01-21 04:00:00+00:00,1.85956,1.8596,1.859,1.85948,3425.0
2026-01-21 05:00:00+00:00,1.85948,1.85952,1.85879,1.85926,3149.0
2026-01-21 06:00:00+00:00,1.85928,1.85937,1.85816,1.85844,3413.0
2026-01-21 07:00:00+00:00,1.85839,1.85987,1.85744,1.85944,5346.0
2026-01-21 08:00:00+00:00,1.85941,1.8604,1.85853,1.85946,5563.0
2026-01-21 09:00:00+00:00,1.85944,1.8595,1.85572,1.85606,3242.0
2026-01-21 10:00:00+00:00,1.85602,1.8563,1.85447,1.85511,2422.0
2026-01-21 11:00:00+00:00,1.85512,1.856,1.85374,1.85454,2952.0
2026-01-21 12:00:00+00:00,1.85452,1.85458,1.85176,1.85202,4367.0
2026-01-21 13:00:00+00:00,1.85206,1.85415,1.85134,1.85408,6443.0
2026-01-21 14:00:00+00:00,1.8541,1.85672,1.85198,1.85594,9985.0
2026-01-21 15:00:00+00:00,1.85594,1.85656,1.85248,1.85262,5354.0
2026-01-21 16:00:00+00:00,1.85264,1.85618,1.85256,1.85512,5732.0
2026-01-21 17:00:00+00:00,1.85518,1.85692,1.85483,1.8552,3727.0
2026-01-21 18:00:00+00:00,1.85518,1.85613,1.855,1.85503,2861.0
2026-01-21 19:00:00+00:00,1.85506,1.85702,1.85426,1.8567,3173.0
2026-01-21 20:00:00+00:00,1.85669,1.85693,1.85583,1.85676,1435.0
2026-01-21 21:00:00+00:00,1.85676,1.85822,1.85676,1.85796,2183.0
2026-01-21 22:00:00+00:00,1.85796,1.85826,1.85704,1.85792,2350.0
2026-01-21 23:00:00+00:00,1.85779,1.85785,1.85726,1.85736,1805.0
2026-01-22 00:00:00+00:00,1.85735,1.8576,1.85618,1.85698,4829.0
2026-01-22 01:00:00+00:00,1.85698,1.85704,1.85632,1.8568,5426.0
2026-01-22 02:00:00+00:00,1.8568,1.85707,1.85604,1.85614,4015.0
2026-01-22 03:00:00+00:00,1.85615,1.85684,1.85603,1.85664,4575.0
2026-01-22 04:00:00+00:00,1.85664,1.85688,1.85616,1.85616,3840.0
2026-01-22 05:00:00+00:00,1.85614,1.85622,1.85566,1.85584,4210.0
2026-01-22 06:00:00+00:00,1.85582,1.85598,1.855,1.8555,4379.0
2026-01-22 07:00:00+00:00,1.8555,1.85692,1.85521,1.85604,6925.0
2026-01-22 08:00:00+00:00,1.85604,1.85656,1.8539,1.85444,8589.0
2026-01-22 09:00:00+00:00,1.85452,1.85892,1.85416,1.8585,8307.0
2026-01-22 10:00:00+00:00,1.85852,1.85933,1.8583,1.85871,6035.0
2026-01-22 11:00:00+00:00,1.8587,1.8595,1.85318,1.85566,8886.0
2026-01-22 12:00:00+00:00,1.85561,1.85688,1.85332,1.85459,9087.0
2026-01-22 13:00:00+00:00,1.85456,1.8549,1.85162,1.85327,7839.0
2026-01-22 14:00:00+00:00,1.85326,1.85725,1.85288,1.85696,5576.0
2026-01-22 15:00:00+00:00,1.85696,1.86145,1.85676,1.85998,5318.0
2026-01-22 16:00:00+00:00,1.86006,1.86254,1.86002,1.86126,3405.0
2026-01-22 17:00:00+00:00,1.86122,1.86146,1.85936,1.85976,3315.0
2026-01-22 18:00:00+00:00,1.85976,1.86134,1.85972,1.86064,3740.0
2026-01-22 19:00:00+00:00,1.86068,1.86068,1.85942,1.86038,3216.0
2026-01-22 20:00:00+00:00,1.86037,1.86146,1.8601,1.86074,2710.0
2026-01-22 21:00:00+00:00,1.86074,1.8619,1.86058,1.86144,2273.0
2026-01-22 22:00:00+00:00,1.86076,1.86174,1.86024,1.8614,2590.0
2026-01-22 23:00:00+00:00,1.86157,1.86194,1.86079,1.86086,1277.0
2026-01-23 00:00:00+00:00,1.86086,1.86178,1.86072,1.86094,2701.0
2026-01-23 01:00:00+00:00,1.86096,1.86158,1.8607,1.86102,4577.0
2026-01-23 02:00:00+00:00,1.86102,1.86166,1.8609,1.86094,3149.0
2026-01-23 03:00:00+00:00,1.86094,1.86114,1.8603,1.86094,3439.0
2026-01-23 04:00:00+00:00,1.86091,1.86138,1.86079,1.86116,2330.0
2026-01-23 05:00:00+00:00,1.86114,1.86136,1.86046,1.86118,3047.0
2026-01-23 06:00:00+00:00,1.86121,1.8614,1.85936,1.8595,5135.0
2026-01-23 07:00:00+00:00,1.8595,1.86324,1.8595,1.86112,5402.0
2026-01-23 08:00:00+00:00,1.86106,1.8615,1.85986,1.8613,5761.0
2026-01-23 09:00:00+00:00,1.86132,1.86647,1.86096,1.86603,5051.0
2026-01-23 10:00:00+00:00,1.86604,1.86702,1.86416,1.86421,2919.0
2026-01-23 11:00:00+00:00,1.86424,1.86504,1.86227,1.86267,3313.0
2026-01-23 12:00:00+00:00,1.86266,1.86326,1.86228,1.86258,2839.0
2026-01-23 13:00:00+00:00,1.86252,1.86294,1.86162,1.8618,3341.0
2026-01-23 14:00:00+00:00,1.86186,1.86265,1.86099,1.86158,4034.0
2026-01-23 15:00:00+00:00,1.8615,1.86405,1.86126,1.86301,4347.0
2026-01-23 16:00:00+00:00,1.86299,1.86622,1.86284,1.86512,5899.0
2026-01-23 17:00:00+00:00,1.86512,1.86683,1.86456,1.86612,6928.0
2026-01-23 18:00:00+00:00,1.8661,1.86663,1.86531,1.86573,4407.0
2026-01-23 19:00:00+00:00,1.86573,1.86776,1.86508,1.86731,2670.0
2026-01-23 20:00:00+00:00,1.86731,1.86871,1.86646,1.86774,3595.0
2026-01-23 21:00:00+00:00,1.8678,1.8699,1.86744,1.86961,3333.0
2026-01-25 22:00:00+00:00,1.87218,1.87477,1.87199,1.87435,2626.0
2026-01-25 23:00:00+00:00,1.87432,1.87434,1.87144,1.87214,3365.0
2026-01-26 00:00:00+00:00,1.8721,1.87214,1.86897,1.87094,5454.0
2026-01-26 01:00:00+00:00,1.87095,1.87172,1.86926,1.86932,5694.0
2026-01-26 02:00:00+00:00,1.86935,1.87104,1.86922,1.87026,5172.0
2026-01-26 03:00:00+00:00,1.87027,1.87027,1.86884,1.86946,3007.0
2026-01-26 04:00:00+00:00,1.8695,1.86978,1.86839,1.86874,3511.0
2026-01-26 05:00:00+00:00,1.86872,1.86982,1.86847,1.86972,4052.0
2026-01-26 06:00:00+00:00,1.86971,1.86981,1.86822,1.86842,4702.0
2026-01-26 07:00:00+00:00,1.8685,1.87102,1.86828,1.86904,3480.0
2026-01-26 08:00:00+00:00,1.86903,1.87012,1.86785,1.86954,5733.0
2026-01-26 09:00:00+00:00,1.86958,1.87077,1.86906,1.8698,3633.0
2026-01-26 10:00:00+00:00,1.86978,1.87014,1.86894,1.87007,4310.0
2026-01-26 11:00:00+00:00,1.87006,1.87131,1.8698,1.87014,5535.0
2026-01-26 12:00:00+00:00,1.87015,1.87108,1.86856,1.8702,5003.0
2026-01-26 13:00:00+00:00,1.87017,1.87204,1.8699,1.87201,3590.0
2026-01-26 14:00:00+00:00,1.87207,1.87419,1.87156,1.87416,5226.0
2026-01-26 15:00:00+00:00,1.87417,1.87661,1.87398,1.87515,6075.0
2026-01-26 16:00:00+00:00,1.87514,1.87698,1.87456,1.87558,5323.0
2026-01-26 17:00:00+00:00,1.87558,1.87818,1.87553,1.87567,3977.0
2026-01-26 18:00:00+00:00,1.8757,1.87738,1.87541,1.87596,2537.0
2026-01-26 19:00:00+00:00,1.8759,1.87681,1.8753,1.87665,5078.0
2026-01-26 20:00:00+00:00,1.87666,1.87695,1.8756,1.87591,2686.0
2026-01-26 21:00:00+00:00,1.87592,1.87654,1.87488,1.87518,2205.0
2026-01-26 22:00:00+00:00,1.87506,1.87554,1.87447,1.87548,2844.0
2026-01-26 23:00:00+00:00,1.87532,1.87564,1.87501,1.87542,1552.0
2026-01-27 00:00:00+00:00,1.87542,1.87628,1.87522,1.87527,3870.0
2026-01-27 01:00:00+00:00,1.87526,1.87676,1.87516,1.8766,5214.0
2026-01-27 02:00:00+00:00,1.8766,1.87866,1.87636,1.87842,5364.0
2026-01-27 03:00:00+00:00,1.87834,1.8791,1.87768,1.87782,4610.0
2026-01-27 04:00:00+00:00,1.8778,1.8786,1.8777,1.87782,3212.0
2026-01-27 05:00:00+00:00,1.87778,1.8791,1.87762,1.87866,2057.0
2026-01-27 06:00:00+00:00,1.87872,1.88042,1.87861,1.87938,3352.0
2026-01-27 07:00:00+00:00,1.87936,1.87999,1.87725,1.87772,6057.0
2026-01-27 08:00:00+00:00,1.87768,1.87834,1.87652,1.87698,6712.0
2026-01-27 09:00:00+00:00,1.87698,1.87788,1.87562,1.87782,3426.0
2026-01-27 10:00:00+00:00,1.87776,1.87836,1.8762,1.87834,4619.0
2026-01-27 11:00:00+00:00,1.87836,1.87942,1.87794,1.87921,3764.0
2026-01-27 12:00:00+00:00,1.8792,1.88123,1.87882,1.87984,5105.0
2026-01-27 13:00:00+00:00,1.87984,1.88028,1.87673,1.87775,4854.0
2026-01-27 14:00:00+00:00,1.87772,1.87858,1.87566,1.87824,6298.0
2026-01-27 15:00:00+00:00,1.87832,1.87914,1.87078,1.87158,8079.0
2026-01-27 16:00:00+00:00,1.87155,1.87536,1.87086,1.87401,7017.0
2026-01-27 17:00:00+00:00,1.87402,1.87498,1.8725,1.8748,5118.0
2026-01-27 18:00:00+00:00,1.87478,1.8762,1.87444,1.87504,4559.0
2026-01-27 19:00:00+00:00,1.87501,1.87696,1.87487,1.87652,2007.0
2026-01-27 20:00:00+00:00,1.87658,1.88182,1.87606,1.87914,7867.0
2026-01-27 21:00:00+00:00,1.8791,1.88131,1.8785,1.88009,7486.0
2026-01-27 22:00:00+00:00,1.88032,1.88032,1.87756,1.87976,2771.0
2026-01-27 23:00:00+00:00,1.87961,1.87992,1.87808,1.87941,2695.0
2026-01-28 00:00:00+00:00,1.87935,1.88018,1.87894,1.87951,5682.0
2026-01-28 01:00:00+00:00,1.8795,1.88032,1.87839,1.87846,4153.0
2026-01-28 02:00:00+00:00,1.87849,1.87876,1.8774,1.87812,2916.0
2026-01-28 03:00:00+00:00,1.87816,1.8782,1.87666,1.87684,3563.0
2026-01-28 04:00:00+00:00,1.87682,1.87715,1.87554,1.8762,3372.0
2026-01-28 05:00:00+00:00,1.8762,1.87634,1.87459,1.87535,5025.0
2026-01-28 06:00:00+00:00,1.87532,1.87592,1.87491,1.87558,5663.0
2026-01-28 07:00:00+00:00,1.87556,1.87698,1.8731,1.8747,5817.0
2026-01-28 08:00:00+00:00,1.87466,1.87466,1.87022,1.87182,8211.0
2026-01-28 09:00:00+00:00,1.87178,1.87201,1.86954,1.87011,3624.0
2026-01-28 10:00:00+00:00,1.87014,1.8708,1.86858,1.87006,2110.0
2026-01-28 11:00:00+00:00,1.87004,1.87073,1.86864,1.86904,3453.0
2026-01-28 12:00:00+00:00,1.86906,1.87025,1.86788,1.87015,5243.0
2026-01-28 13:00:00+00:00,1.87016,1.87039,1.86626,1.86688,5262.0
2026-01-28 14:00:00+00:00,1.86689,1.86986,1.86631,1.86861,6749.0
2026-01-28 15:00:00+00:00,1.86868,1.87013,1.86473,1.8698,10594.0
2026-01-28 16:00:00+00:00,1.86986,1.87164,1.8696,1.8715,6838.0
2026-01-28 17:00:00+00:00,1.87149,1.87222,1.86982,1.87164,4070.0
2026-01-28 18:00:00+00:00,1.87166,1.8733,1.8714,1.87216,2918.0
2026-01-28 19:00:00+00:00,1.87237,1.87318,1.8702,1.87156,10665.0
2026-01-28 20:00:00+00:00,1.87155,1.87231,1.86966,1.87079,5390.0
2026-01-28 21:00:00+00:00,1.87078,1.8723,1.86992,1.8722,3668.0
2026-01-28 22:00:00+00:00,1.87166,1.87354,1.87112,1.872,9838.0
2026-01-28 23:00:00+00:00,1.87202,1.87253,1.87107,1.87164,4750.0
2026-01-29 00:00:00+00:00,1.87164,1.87192,1.87043,1.87108,6679.0
2026-01-29 01:00:00+00:00,1.87106,1.87127,1.86966,1.8703,6663.0
2026-01-29 02:00:00+00:00,1.87026,1.87044,1.86964,1.86988,5842.0
2026-01-29 03:00:00+00:00,1.86988,1.8704,1.86926,1.87012,5130.0
2026-01-29 04:00:00+00:00,1.8701,1.87114,1.8697,1.87108,5590.0
2026-01-29 05:00:00+00:00,1.87104,1.87165,1.87077,1.87154,5849.0
2026-01-29 06:00:00+00:00,1.87154,1.87163,1.87,1.87038,6120.0
2026-01-29 07:00:00+00:00,1.8704,1.87132,1.86904,1.87078,8095.0
2026-01-29 08:00:00+00:00,1.8708,1.87222,1.86886,1.86982,4596.0
2026-01-29 09:00:00+00:00,1.86978,1.87004,1.86802,1.86809,4764.0
2026-01-29 10:00:00+00:00,1.86808,1.86938,1.86776,1.86874,4453.0
2026-01-29 11:00:00+00:00,1.86875,1.87003,1.86824,1.86878,5081.0
2026-01-29 12:00:00+00:00,1.86884,1.86908,1.86694,1.86793,2822.0
2026-01-29 13:00:00+00:00,1.8679,1.86836,1.86545,1.86636,5413.0
2026-01-29 14:00:00+00:00,1.86634,1.86779,1.86548,1.867,9417.0
2026-01-29 15:00:00+00:00,1.867,1.8674,1.86389,1.8654,17696.0
2026-01-29 16:00:00+00:00,1.86544,1.86637,1.86346,1.8646,9820.0
2026-01-29 17:00:00+00:00,1.8646,1.86552,1.86362,1.86456,6700.0
2026-01-29 18:00:00+00:00,1.86456,1.86491,1.86206,1.86249,4179.0
2026-01-29 19:00:00+00:00,1.86256,1.86305,1.86116,1.86162,4067.0
2026-01-29 20:00:00+00:00,1.86166,1.86298,1.86161,1.86202,2338.0
2026-01-29 21:00:00+00:00,1.8621,1.86365,1.86183,1.86276,4453.0
2026-01-29 22:00:00+00:00,1.86294,1.86328,1.86188,1.86258,976.0
2026-01-29 23:00:00+00:00,1.8625,1.86541,1.862,1.86288,2679.0
2026-01-30 00:00:00+00:00,1.8629,1.86306,1.86092,1.86206,5008.0
2026-01-30 01:00:00+00:00,1.86202,1.86254,1.86078,1.86159,4314.0
2026-01-30 02:00:00+00:00,1.86166,1.86254,1.85978,1.86085,6835.0
2026-01-30 03:00:00+00:00,1.86087,1.86094,1.85906,1.85938,5127.0
2026-01-30 04:00:00+00:00,1.85935,1.86014,1.8589,1.8591,5829.0
2026-01-30 05:00:00+00:00,1.85914,1.85969,1.85864,1.85934,4373.0
2026-01-30 06:00:00+00:00,1.85936,1.86017,1.85863,1.86016,4635.0
2026-01-30 07:00:00+00:00,1.86011,1.86184,1.8591,1.86074,3658.0
2026-01-30 08:00:00+00:00,1.86074,1.86249,1.86018,1.86091,4708.0
2026-01-30 09:00:00+00:00,1.86094,1.8614,1.85929,1.86026,3151.0
2026-01-30 10:00:00+00:00,1.86022,1.86162,1.85952,1.86108,3357.0
2026-01-30 11:00:00+00:00,1.86102,1.86149,1.86018,1.8609,3842.0
2026-01-30 12:00:00+00:00,1.86079,1.86184,1.85952,1.86182,3947.0
2026-01-30 13:00:00+00:00,1.86181,1.86275,1.85916,1.86176,4406.0
2026-01-30 14:00:00+00:00,1.86181,1.86203,1.85806,1.85814,3296.0
2026-01-30 15:00:00+00:00,1.85814,1.85908,1.85558,1.85791,4943.0
2026-01-30 16:00:00+00:00,1.85793,1.86112,1.85792,1.86089,7296.0
2026-01-30 17:00:00+00:00,1.86088,1.86238,1.85924,1.86205,6160.0
2026-01-30 18:00:00+00:00,1.86203,1.86334,1.86103,1.86178,6882.0
2026-01-30 19:00:00+00:00,1.86178,1.86228,1.86051,1.86124,4118.0
2026-01-30 20:00:00+00:00,1.86128,1.86352,1.8611,1.86314,2373.0
2026-01-30 21:00:00+00:00,1.86316,1.86464,1.86228,1.86426,4580.0
2026-02-01 22:00:00+00:00,1.86491,1.86491,1.86124,1.86328,3619.0
2026-02-01 23:00:00+00:00,1.86308,1.86684,1.86278,1.86524,7192.0
2026-02-02 00:00:00+00:00,1.86516,1.86651,1.86456,1.86562,5283.0
2026-02-02 01:00:00+00:00,1.86564,1.86732,1.86526,1.86574,4957.0
2026-02-02 02:00:00+00:00,1.86582,1.86746,1.86528,1.86682,5242.0
2026-02-02 03:00:00+00:00,1.86683,1.86774,1.86654,1.86759,3781.0
2026-02-02 04:00:00+00:00,1.86762,1.86783,1.86634,1.86682,2413.0
2026-02-02 05:00:00+00:00,1.8668,1.86806,1.8667,1.86782,2025.0
2026-02-02 06:00:00+00:00,1.86792,1.86861,1.86716,1.86794,6574.0
2026-02-02 07:00:00+00:00,1.86796,1.8688,1.8675,1.86753,3256.0
2026-02-02 08:00:00+00:00,1.86755,1.86824,1.86616,1.86808,7445.0
2026-02-02 09:00:00+00:00,1.86807,1.86989,1.86765,1.8687,3927.0
2026-02-02 10:00:00+00:00,1.86876,1.86949,1.86737,1.868,2498.0
2026-02-02 11:00:00+00:00,1.86806,1.86855,1.86674,1.86769,1960.0
2026-02-02 12:00:00+00:00,1.86768,1.86828,1.86636,1.86659,2798.0
2026-02-02 13:00:00+00:00,1.86658,1.86679,1.86515,1.86515,7367.0
2026-02-02 14:00:00+00:00,1.86524,1.86722,1.86146,1.86638,6628.0
2026-02-02 15:00:00+00:00,1.86572,1.86672,1.86376,1.86587,5886.0
2026-02-02 16:00:00+00:00,1.86592,1.86808,1.86517,1.86725,8204.0
2026-02-02 17:00:00+00:00,1.86734,1.86936,1.86732,1.86936,4743.0
2026-02-02 18:00:00+00:00,1.86934,1.87106,1.86865,1.86914,5701.0
2026-02-02 19:00:00+00:00,1.86914,1.86924,1.86808,1.86915,4164.0
2026-02-02 20:00:00+00:00,1.86912,1.86956,1.86813,1.8684,2122.0
2026-02-02 21:00:00+00:00,1.86846,1.87008,1.86803,1.86992,3288.0
2026-02-02 22:00:00+00:00,1.86904,1.86988,1.86904,1.86968,1545.0
2026-02-02 23:00:00+00:00,1.86966,1.86999,1.86921,1.8695,1948.0
2026-02-03 00:00:00+00:00,1.86949,1.86965,1.86886,1.86917,3129.0
2026-02-03 01:00:00+00:00,1.86914,1.86992,1.86851,1.86962,4329.0
2026-02-03 02:00:00+00:00,1.86963,1.87068,1.8693,1.87002,5055.0
2026-02-03 03:00:00+00:00,1.87002,1.87053,1.8689,1.86896,4873.0
2026-02-03 04:00:00+00:00,1.86897,1.87079,1.86888,1.87006,4116.0
2026-02-03 05:00:00+00:00,1.8701,1.8707,1.87,1.87069,2687.0
2026-02-03 06:00:00+00:00,1.8707,1.87108,1.87033,1.87072,2900.0
2026-02-03 07:00:00+00:00,1.87061,1.87138,1.8694,1.8704,3603.0
2026-02-03 08:00:00+00:00,1.87039,1.87119,1.86833,1.87115,5907.0
2026-02-03 09:00:00+00:00,1.87115,1.87256,1.87008,1.87016,5373.0
2026-02-03 10:00:00+00:00,1.87016,1.87041,1.86822,1.86822,6269.0
2026-02-03 11:00:00+00:00,1.86824,1.86878,1.86705,1.86708,5050.0
2026-02-03 12:00:00+00:00,1.8671,1.86901,1.86706,1.86841,2813.0
2026-02-03 13:00:00+00:00,1.86842,1.86932,1.8674,1.8681,3659.0
2026-02-03 14:00:00+00:00,1.86809,1.86974,1.86776,1.86843,5433.0
2026-02-03 15:00:00+00:00,1.86843,1.87103,1.8683,1.87066,4150.0
2026-02-03 16:00:00+00:00,1.87068,1.87104,1.86828,1.86928,4357.0
2026-02-03 17:00:00+00:00,1.86931,1.86994,1.8686,1.86932,3310.0
2026-02-03 18:00:00+00:00,1.8693,1.86939,1.86682,1.86743,3710.0
2026-02-03 19:00:00+00:00,1.86742,1.86895,1.86692,1.86854,1384.0
2026-02-03 20:00:00+00:00,1.86856,1.86856,1.86678,1.86776,2586.0
2026-02-03 21:00:00+00:00,1.86775,1.86921,1.86714,1.86856,3114.0
2026-02-03 22:00:00+00:00,1.86815,1.86903,1.86779,1.86809,1159.0
2026-02-03 23:00:00+00:00,1.86784,1.86896,1.86774,1.8683,1296.0
2026-02-04 00:00:00+00:00,1.86828,1.86866,1.868,1.86852,3158.0
2026-02-04 01:00:00+00:00,1.8685,1.8695,1.86816,1.86918,2178.0
2026-02-04 02:00:00+00:00,1.8692,1.86986,1.86906,1.86967,2466.0
2026-02-04 03:00:00+00:00,1.8696,1.8703,1.86942,1.86984,4089.0
2026-02-04 04:00:00+00:00,1.86984,1.87054,1.86974,1.87047,2813.0
2026-02-04 05:00:00+00:00,1.8705,1.87057,1.86992,1.86992,3667.0
2026-02-04 06:00:00+00:00,1.86994,1.87062,1.86973,1.86983,3798.0
2026-02-04 07:00:00+00:00,1.86984,1.87036,1.86898,1.87014,3907.0
2026-02-04 08:00:00+00:00,1.87012,1.87228,1.86944,1.87195,6352.0
2026-02-04 09:00:00+00:00,1.87198,1.87228,1.86961,1.87084,3767.0
2026-02-04 10:00:00+00:00,1.8708,1.874,1.87064,1.87397,3308.0
2026-02-04 11:00:00+00:00,1.87398,1.87438,1.87285,1.87329,3931.0
2026-02-04 12:00:00+00:00,1.87326,1.87354,1.87264,1.87316,2073.0
2026-02-04 13:00:00+00:00,1.87319,1.87344,1.87076,1.87171,2915.0
2026-02-04 14:00:00+00:00,1.87166,1.87236,1.86972,1.87036,4812.0
2026-02-04 15:00:00+00:00,1.87055,1.8716,1.86792,1.8681,5512.0
2026-02-04 16:00:00+00:00,1.8681,1.86818,1.86588,1.86657,5008.0
2026-02-04 17:00:00+00:00,1.86651,1.86834,1.86564,1.86568,3899.0
2026-02-04 18:00:00+00:00,1.8657,1.86726,1.86533,1.86699,2195.0
2026-02-04 19:00:00+00:00,1.86698,1.86738,1.86578,1.86735,1698.0
2026-02-04 20:00:00+00:00,1.86729,1.86758,1.86528,1.86549,1422.0
2026-02-04 21:00:00+00:00,1.86548,1.86664,1.86472,1.86543,2404.0
2026-02-04 22:00:00+00:00,1.86612,1.86638,1.86447,1.86558,2369.0
2026-02-04 23:00:00+00:00,1.86557,1.86578,1.8645,1.86531,2384.0
2026-02-05 00:00:00+00:00,1.86526,1.86548,1.86438,1.86509,2837.0
2026-02-05 01:00:00+00:00,1.86508,1.86545,1.86438,1.86518,3659.0
2026-02-05 02:00:00+00:00,1.86518,1.86535,1.86412,1.86464,4069.0
2026-02-05 03:00:00+00:00,1.86466,1.86506,1.8642,1.86456,3036.0
2026-02-05 04:00:00+00:00,1.86454,1.8647,1.8641,1.86413,3870.0
2026-02-05 05:00:00+00:00,1.86414,1.86466,1.86318,1.86358,4635.0
2026-02-05 06:00:00+00:00,1.8636,1.8637,1.86224,1.86332,4475.0
2026-02-05 07:00:00+00:00,1.86334,1.86497,1.86322,1.86402,5760.0
2026-02-05 08:00:00+00:00,1.86406,1.86484,1.86158,1.86166,6025.0
2026-02-05 09:00:00+00:00,1.86162,1.86194,1.85669,1.85828,3693.0
2026-02-05 10:00:00+00:00,1.85824,1.86124,1.8577,1.86024,3483.0
2026-02-05 11:00:00+00:00,1.86026,1.86293,1.8592,1.86266,4807.0
2026-02-05 12:00:00+00:00,1.86268,1.86268,1.85364,1.85822,9964.0
2026-02-05 13:00:00+00:00,1.85821,1.85898,1.85529,1.85665,7081.0
2026-02-05 14:00:00+00:00,1.85656,1.85656,1.84854,1.84886,6614.0
2026-02-05 15:00:00+00:00,1.84882,1.8524,1.84874,1.85106,8600.0
2026-02-05 16:00:00+00:00,1.85104,1.85378,1.85056,1.85224,6153.0
2026-02-05 17:00:00+00:00,1.85227,1.8534,1.85158,1.85276,3820.0
2026-02-05 18:00:00+00:00,1.85278,1.85333,1.85192,1.85228,1938.0
2026-02-05 19:00:00+00:00,1.85234,1.85373,1.85215,1.85354,1584.0
2026-02-05 20:00:00+00:00,1.85346,1.85428,1.85294,1.8541,2157.0
2026-02-05 21:00:00+00:00,1.85408,1.8553,1.85324,1.85504,2805.0
2026-02-05 22:00:00+00:00,1.85521,1.85575,1.854,1.85516,1685.0
2026-02-05 23:00:00+00:00,1.8551,1.85539,1.85386,1.85396,1060.0
2026-02-06 00:00:00+00:00,1.85398,1.85447,1.85367,1.85427,3130.0
2026-02-06 01:00:00+00:00,1.85424,1.85564,1.85424,1.85554,2880.0
2026-02-06 02:00:00+00:00,1.85554,1.85589,1.85484,1.85585,1295.0
2026-02-06 03:00:00+00:00,1.8558,1.85638,1.85544,1.85607,2582.0
2026-02-06 04:00:00+00:00,1.85606,1.85725,1.85594,1.85694,2448.0
2026-02-06 05:00:00+00:00,1.8569,1.85784,1.85686,1.85772,3856.0
2026-02-06 06:00:00+00:00,1.85772,1.85822,1.85738,1.8576,2477.0
2026-02-06 07:00:00+00:00,1.8576,1.85846,1.85672,1.857,3342.0
2026-02-06 08:00:00+00:00,1.85702,1.85729,1.85518,1.85616,3207.0
2026-02-06 09:00:00+00:00,1.8562,1.85827,1.8562,1.85772,2464.0
2026-02-06 10:00:00+00:00,1.85773,1.85874,1.85748,1.85816,1974.0
2026-02-06 11:00:00+00:00,1.8582,1.85992,1.85788,1.8579,1893.0
2026-02-06 12:00:00+00:00,1.85788,1.85952,1.8576,1.8576,1881.0
2026-02-06 13:00:00+00:00,1.85764,1.85784,1.85476,1.85578,2672.0
2026-02-06 14:00:00+00:00,1.85574,1.85655,1.85398,1.85479,3786.0
2026-02-06 15:00:00+00:00,1.85476,1.85642,1.85422,1.85634,3089.0
2026-02-06 16:00:00+00:00,1.8563,1.85726,1.8551,1.8563,1759.0
2026-02-06 17:00:00+00:00,1.85623,1.8584,1.85592,1.85809,1571.0
2026-02-06 18:00:00+00:00,1.85817,1.8587,1.85728,1.85842,1419.0
2026-02-06 19:00:00+00:00,1.85836,1.8601,1.85831,1.85964,696.0
2026-02-06 20:00:00+00:00,1.85963,1.85994,1.85918,1.85956,784.0
2026-02-06 21:00:00+00:00,1.85962,1.8617,1.8583,1.86156,2648.0
2026-02-08 22:00:00+00:00,1.85946,1.85992,1.85819,1.85866,2304.0
2026-02-08 23:00:00+00:00,1.85866,1.86041,1.85748,1.85888,3656.0
2026-02-09 00:00:00+00:00,1.85883,1.8598,1.85806,1.85884,3114.0
2026-02-09 01:00:00+00:00,1.85887,1.8589,1.85725,1.85794,2368.0
2026-02-09 02:00:00+00:00,1.85792,1.85877,1.85729,1.85841,1085.0
2026-02-09 03:00:00+00:00,1.8584,1.8586,1.858,1.85802,1496.0
2026-02-09 04:00:00+00:00,1.85802,1.85872,1.85762,1.85789,1170.0
2026-02-09 05:00:00+00:00,1.8579,1.85918,1.8578,1.85904,1554.0
2026-02-09 06:00:00+00:00,1.85896,1.85996,1.8576,1.85768,2812.0
2026-02-09 07:00:00+00:00,1.85767,1.85767,1.85432,1.85597,3866.0
2026-02-09 08:00:00+00:00,1.85604,1.85672,1.85408,1.85523,4435.0
2026-02-09 09:00:00+00:00,1.85523,1.85592,1.85446,1.85562,2085.0
2026-02-09 10:00:00+00:00,1.85562,1.85793,1.8555,1.8573,1993.0
2026-02-09 11:00:00+00:00,1.85728,1.86016,1.85564,1.8593,3579.0
2026-02-09 12:00:00+00:00,1.85932,1.85949,1.85762,1.85895,1685.0
2026-02-09 13:00:00+00:00,1.85894,1.8599,1.8567,1.85697,5009.0
2026-02-09 14:00:00+00:00,1.85694,1.85714,1.85158,1.85296,7092.0
2026-02-09 15:00:00+00:00,1.85293,1.85827,1.85293,1.85632,5800.0
2026-02-09 16:00:00+00:00,1.85637,1.85759,1.85447,1.85456,3712.0
2026-02-09 17:00:00+00:00,1.85458,1.85598,1.8542,1.85528,1599.0
2026-02-09 18:00:00+00:00,1.85524,1.85678,1.85386,1.85676,2931.0
2026-02-09 19:00:00+00:00,1.85688,1.85738,1.8562,1.85734,1588.0
2026-02-09 20:00:00+00:00,1.85734,1.85746,1.85646,1.85685,1111.0
2026-02-09 21:00:00+00:00,1.85684,1.85746,1.85577,1.8567,2058.0
2026-02-09 22:00:00+00:00,1.85689,1.85823,1.85666,1.8575,2616.0
2026-02-09 23:00:00+00:00,1.85732,1.85774,1.85533,1.85544,1227.0
2026-02-10 00:00:00+00:00,1.85544,1.85568,1.85488,1.85557,2244.0
2026-02-10 01:00:00+00:00,1.85559,1.85591,1.85516,1.85541,4132.0
2026-02-10 02:00:00+00:00,1.85545,1.85568,1.85467,1.85544,2212.0
2026-02-10 03:00:00+00:00,1.85542,1.85574,1.85454,1.85456,2241.0
2026-02-10 04:00:00+00:00,1.85456,1.85476,1.8542,1.85466,2280.0
2026-02-10 05:00:00+00:00,1.85475,1.85479,1.85398,1.85432,2171.0
2026-02-10 06:00:00+00:00,1.85425,1.8545,1.85322,1.85362,2851.0
2026-02-10 07:00:00+00:00,1.85366,1.85461,1.85342,1.85396,2974.0
2026-02-10 08:00:00+00:00,1.85396,1.85508,1.85364,1.8544,2863.0
2026-02-10 09:00:00+00:00,1.85436,1.85552,1.85332,1.85396,1804.0
2026-02-10 10:00:00+00:00,1.85395,1.85466,1.85288,1.85305,1358.0
2026-02-10 11:00:00+00:00,1.85306,1.8535,1.8526,1.8531,1452.0
2026-02-10 12:00:00+00:00,1.85308,1.85824,1.85288,1.85732,2806.0
2026-02-10 13:00:00+00:00,1.85726,1.85788,1.85318,1.8536,3274.0
2026-02-10 14:00:00+00:00,1.85362,1.8546,1.8505,1.85066,3589.0
2026-02-10 15:00:00+00:00,1.85066,1.85084,1.8481,1.84935,3334.0
2026-02-10 16:00:00+00:00,1.84937,1.85028,1.84831,1.8491,2292.0
2026-02-10 17:00:00+00:00,1.84908,1.84954,1.84773,1.84898,2141.0
2026-02-10 18:00:00+00:00,1.84902,1.84962,1.84875,1.84902,1711.0
2026-02-10 19:00:00+00:00,1.84902,1.84986,1.8488,1.84951,1516.0
2026-02-10 20:00:00+00:00,1.84948,1.85008,1.8491,1.84934,976.0
2026-02-10 21:00:00+00:00,1.84932,1.84958,1.84772,1.84904,1821.0
2026-02-10 22:00:00+00:00,1.84946,1.8503,1.84779,1.84838,1943.0
2026-02-10 23:00:00+00:00,1.84824,1.84848,1.84702,1.84768,1201.0
2026-02-11 00:00:00+00:00,1.84772,1.84811,1.84751,1.84768,3492.0
2026-02-11 01:00:00+00:00,1.8477,1.84836,1.847,1.84731,4957.0
2026-02-11 02:00:00+00:00,1.84736,1.84802,1.84698,1.84729,4846.0
2026-02-11 03:00:00+00:00,1.84731,1.84785,1.84674,1.84745,2314.0
2026-02-11 04:00:00+00:00,1.84742,1.84786,1.84726,1.84756,1195.0
2026-02-11 05:00:00+00:00,1.84753,1.8485,1.84726,1.84826,2144.0
2026-02-11 06:00:00+00:00,1.84823,1.849,1.84802,1.84887,2495.0
2026-02-11 07:00:00+00:00,1.84875,1.84958,1.84828,1.84894,3365.0
2026-02-11 08:00:00+00:00,1.84896,1.85098,1.84878,1.8505,3932.0
2026-02-11 09:00:00+00:00,1.85054,1.85125,1.84974,1.85041,1542.0
2026-02-11 10:00:00+00:00,1.85045,1.85196,1.84922,1.85142,1369.0
2026-02-11 11:00:00+00:00,1.85143,1.85556,1.85074,1.85326,2391.0
2026-02-11 12:00:00+00:00,1.85328,1.85514,1.85298,1.85408,2288.0
2026-02-11 13:00:00+00:00,1.85412,1.85684,1.85054,1.85299,8823.0
2026-02-11 14:00:00+00:00,1.85294,1.85528,1.85272,1.85464,5269.0
2026-02-11 15:00:00+00:00,1.8546,1.8585,1.85454,1.855,5806.0
2026-02-11 16:00:00+00:00,1.85502,1.85598,1.85226,1.85254,2955.0
2026-02-11 17:00:00+00:00,1.85256,1.85332,1.8513,1.8513,2852.0
2026-02-11 18:00:00+00:00,1.85124,1.8514,1.84889,1.84889,2025.0
2026-02-11 19:00:00+00:00,1.8489,1.84982,1.84867,1.84934,1306.0
2026-02-11 20:00:00+00:00,1.84938,1.8499,1.84871,1.84886,941.0
2026-02-11 21:00:00+00:00,1.84886,1.85078,1.8488,1.85015,2171.0
2026-02-11 22:00:00+00:00,1.84948,1.85008,1.84912,1.84966,958.0
2026-02-11 23:00:00+00:00,1.84961,1.84998,1.84855,1.8492,1958.0
2026-02-12 00:00:00+00:00,1.84914,1.85034,1.84911,1.8502,4123.0
2026-02-12 01:00:00+00:00,1.85014,1.85066,1.84988,1.85058,4645.0
2026-02-12 02:00:00+00:00,1.85058,1.85064,1.84982,1.85008,3734.0
2026-02-12 03:00:00+00:00,1.85007,1.85023,1.84912,1.84988,4539.0
2026-02-12 04:00:00+00:00,1.84987,1.85056,1.84931,1.8505,4036.0
2026-02-12 05:00:00+00:00,1.85048,1.8506,1.84936,1.84958,3802.0
2026-02-12 06:00:00+00:00,1.84956,1.85044,1.84898,1.85034,5778.0
2026-02-12 07:00:00+00:00,1.85024,1.85138,1.84915,1.85081,3844.0
2026-02-12 08:00:00+00:00,1.85087,1.85216,1.85022,1.8504,2899.0
2026-02-12 09:00:00+00:00,1.85038,1.85257,1.85038,1.8511,1978.0
2026-02-12 10:00:00+00:00,1.85112,1.8514,1.84986,1.85001,1626.0
2026-02-12 11:00:00+00:00,1.84993,1.85052,1.84925,1.85021,1595.0
2026-02-12 12:00:00+00:00,1.85018,1.85089,1.8496,1.84978,1351.0
2026-02-12 13:00:00+00:00,1.84986,1.85238,1.84976,1.85158,3011.0
2026-02-12 14:00:00+00:00,1.85158,1.85646,1.8512,1.85588,3283.0
2026-02-12 15:00:00+00:00,1.85588,1.85754,1.85528,1.85636,2771.0
2026-02-12 16:00:00+00:00,1.85638,1.85736,1.8543,1.85682,4922.0
2026-02-12 17:00:00+00:00,1.85683,1.85726,1.85542,1.85546,3507.0
2026-02-12 18:00:00+00:00,1.85549,1.85588,1.85396,1.85444,2863.0
2026-02-12 19:00:00+00:00,1.85442,1.85474,1.85354,1.85405,2870.0
2026-02-12 20:00:00+00:00,1.85406,1.85462,1.85334,1.8541,2306.0
2026-02-12 21:00:00+00:00,1.85407,1.85424,1.85308,1.85372,1753.0
2026-02-12 22:00:00+00:00,1.85423,1.85518,1.85378,1.85398,1172.0
2026-02-12 23:00:00+00:00,1.85394,1.85418,1.85332,1.85378,883.0
2026-02-13 00:00:00+00:00,1.8537,1.85422,1.8536,1.8542,1373.0
2026-02-13 01:00:00+00:00,1.85413,1.85423,1.8534,1.8539,1404.0
2026-02-13 02:00:00+00:00,1.8539,1.85472,1.85357,1.85408,1207.0
2026-02-13 03:00:00+00:00,1.85407,1.85435,1.85369,1.85402,1277.0
2026-02-13 04:00:00+00:00,1.85404,1.85421,1.85362,1.8538,1418.0
2026-02-13 05:00:00+00:00,1.85378,1.85389,1.85282,1.8536,2902.0
2026-02-13 06:00:00+00:00,1.85353,1.85396,1.85264,1.85392,1450.0
2026-02-13 07:00:00+00:00,1.85385,1.85579,1.85304,1.85516,1894.0
2026-02-13 08:00:00+00:00,1.85506,1.85534,1.853,1.85309,2403.0
2026-02-13 09:00:00+00:00,1.85313,1.85382,1.8527,1.85334,1256.0
2026-02-13 10:00:00+00:00,1.85328,1.85492,1.85318,1.85444,2269.0
2026-02-13 11:00:00+00:00,1.85451,1.85454,1.85274,1.85277,1341.0
2026-02-13 12:00:00+00:00,1.85276,1.85456,1.85268,1.85399,1176.0
2026-02-13 13:00:00+00:00,1.85402,1.85786,1.85342,1.85448,4297.0
2026-02-13 14:00:00+00:00,1.85456,1.85644,1.8543,1.85622,3281.0
2026-02-13 15:00:00+00:00,1.85619,1.85774,1.8551,1.85586,2543.0
2026-02-13 16:00:00+00:00,1.85583,1.8581,1.85504,1.85807,2437.0
2026-02-13 17:00:00+00:00,1.85806,1.85816,1.85598,1.85681,1649.0
2026-02-13 18:00:00+00:00,1.85676,1.85766,1.85622,1.85743,1087.0
2026-02-13 19:00:00+00:00,1.8574,1.85847,1.85718,1.85836,1049.0
2026-02-13 20:00:00+00:00,1.85844,1.85978,1.85826,1.85978,1491.0
2026-02-13 21:00:00+00:00,1.85978,1.86032,1.8583,1.85956,2173.0
2026-02-15 22:00:00+00:00,1.85723,1.85902,1.85711,1.85795,4946.0
2026-02-15 23:00:00+00:00,1.858,1.85943,1.85792,1.85838,2216.0
2026-02-16 00:00:00+00:00,1.85836,1.85856,1.8571,1.85715,2288.0
2026-02-16 01:00:00+00:00,1.85712,1.85758,1.85698,1.85746,1387.0
2026-02-16 02:00:00+00:00,1.85744,1.8577,1.85704,1.85708,1356.0
2026-02-16 03:00:00+00:00,1.85708,1.85736,1.85672,1.85685,688.0
2026-02-16 04:00:00+00:00,1.85692,1.85725,1.85662,1.85724,1446.0
2026-02-16 05:00:00+00:00,1.85724,1.85731,1.85688,1.8572,932.0
2026-02-16 06:00:00+00:00,1.85719,1.85725,1.85672,1.85698,1332.0
2026-02-16 07:00:00+00:00,1.85697,1.8575,1.85616,1.85668,1334.0
2026-02-16 08:00:00+00:00,1.85668,1.85828,1.85647,1.85775,1723.0
2026-02-16 09:00:00+00:00,1.85778,1.85932,1.85757,1.85816,2039.0
2026-02-16 10:00:00+00:00,1.85813,1.85876,1.85748,1.85868,1192.0
2026-02-16 11:00:00+00:00,1.85866,1.85946,1.85838,1.85878,952.0
2026-02-16 12:00:00+00:00,1.85871,1.85924,1.85842,1.85912,1004.0
2026-02-16 13:00:00+00:00,1.85918,1.85958,1.85734,1.85767,1123.0
2026-02-16 14:00:00+00:00,1.85764,1.85852,1.8569,1.85836,601.0
2026-02-16 15:00:00+00:00,1.85842,1.85924,1.85752,1.85791,623.0
2026-02-16 16:00:00+00:00,1.85793,1.85828,1.85758,1.85813,605.0
2026-02-16 17:00:00+00:00,1.85815,1.85872,1.858,1.85846,298.0
2026-02-16 18:00:00+00:00,1.85848,1.85876,1.85827,1.8584,699.0
2026-02-16 19:00:00+00:00,1.85844,1.8588,1.85838,1.85868,235.0
2026-02-16 20:00:00+00:00,1.8586,1.85867,1.85838,1.85838,93.0
2026-02-16 21:00:00+00:00,1.85838,1.8587,1.85806,1.8587,361.0
2026-02-16 22:00:00+00:00,1.8584,1.85866,1.8579,1.85832,1629.0
2026-02-16 23:00:00+00:00,1.85832,1.85846,1.8578,1.85824,557.0
2026-02-17 00:00:00+00:00,1.85829,1.85836,1.85771,1.85787,1040.0
2026-02-17 01:00:00+00:00,1.85784,1.85789,1.85726,1.85762,1687.0
2026-02-17 02:00:00+00:00,1.85767,1.85775,1.857,1.85722,1403.0
2026-02-17 03:00:00+00:00,1.85715,1.8573,1.8566,1.85726,1846.0
2026-02-17 04:00:00+00:00,1.85725,1.85732,1.85606,1.85634,1240.0
2026-02-17 05:00:00+00:00,1.85633,1.85701,1.85604,1.85607,1154.0
2026-02-17 06:00:00+00:00,1.8561,1.85696,1.85604,1.85652,555.0
2026-02-17 07:00:00+00:00,1.8565,1.85665,1.84946,1.85098,4027.0
2026-02-17 08:00:00+00:00,1.85099,1.85453,1.85053,1.85393,1548.0
2026-02-17 09:00:00+00:00,1.85393,1.85536,1.8539,1.85432,822.0
2026-02-17 10:00:00+00:00,1.85429,1.85604,1.85387,1.85473,1079.0
2026-02-17 11:00:00+00:00,1.85476,1.8549,1.85053,1.85104,1333.0
2026-02-17 12:00:00+00:00,1.85104,1.85164,1.84926,1.84962,2352.0
2026-02-17 13:00:00+00:00,1.84954,1.85056,1.84818,1.84894,3043.0
2026-02-17 14:00:00+00:00,1.84882,1.84994,1.84772,1.84927,3136.0
2026-02-17 15:00:00+00:00,1.84924,1.84945,1.84732,1.84773,3060.0
2026-02-17 16:00:00+00:00,1.84767,1.84888,1.84666,1.84828,2908.0
2026-02-17 17:00:00+00:00,1.84832,1.84986,1.84797,1.84885,2615.0
2026-02-17 18:00:00+00:00,1.84882,1.84958,1.84818,1.84923,5399.0
2026-02-17 19:00:00+00:00,1.84924,1.84984,1.84912,1.8495,4836.0
2026-02-17 20:00:00+00:00,1.84952,1.84986,1.84904,1.84958,2620.0
2026-02-17 21:00:00+00:00,1.84958,1.85056,1.84898,1.8501,823.0
2026-02-17 22:00:00+00:00,1.84974,1.85049,1.84922,1.8499,1418.0
2026-02-17 23:00:00+00:00,1.84986,1.85055,1.8496,1.84975,763.0
2026-02-18 00:00:00+00:00,1.84984,1.8504,1.8498,1.85006,865.0
2026-02-18 01:00:00+00:00,1.84994,1.85012,1.84965,1.85005,1549.0
2026-02-18 02:00:00+00:00,1.85012,1.85016,1.84961,1.84976,916.0
2026-02-18 03:00:00+00:00,1.84978,1.85028,1.84974,1.8502,921.0
2026-02-18 04:00:00+00:00,1.85019,1.85047,1.84992,1.85034,858.0
2026-02-18 05:00:00+00:00,1.85034,1.8511,1.85033,1.85108,991.0
2026-02-18 06:00:00+00:00,1.85106,1.85188,1.85064,1.85148,1063.0
2026-02-18 07:00:00+00:00,1.85154,1.85353,1.85104,1.853,2299.0
2026-02-18 08:00:00+00:00,1.85297,1.85414,1.85228,1.85394,1178.0
2026-02-18 09:00:00+00:00,1.85394,1.85464,1.85274,1.85366,1425.0
2026-02-18 10:00:00+00:00,1.85369,1.85427,1.85242,1.85256,1094.0
2026-02-18 11:00:00+00:00,1.8525,1.85284,1.85136,1.85164,840.0
2026-02-18 12:00:00+00:00,1.8517,1.85264,1.85155,1.85248,1241.0
2026-02-18 13:00:00+00:00,1.85252,1.853,1.85186,1.85232,1759.0
2026-02-18 14:00:00+00:00,1.85224,1.85278,1.85,1.85003,2308.0
2026-02-18 15:00:00+00:00,1.85012,1.85202,1.84978,1.8511,2329.0
2026-02-18 16:00:00+00:00,1.85108,1.85256,1.85076,1.85081,1346.0
2026-02-18 17:00:00+00:00,1.85084,1.85114,1.84924,1.84975,1474.0
2026-02-18 18:00:00+00:00,1.84976,1.85043,1.84954,1.84996,1341.0
2026-02-18 19:00:00+00:00,1.8499,1.84998,1.84884,1.84914,1797.0
2026-02-18 20:00:00+00:00,1.84906,1.84917,1.84829,1.84914,763.0
2026-02-18 21:00:00+00:00,1.84918,1.84961,1.84774,1.84793,936.0
2026-02-18 22:00:00+00:00,1.84784,1.84883,1.84774,1.84869,2123.0
2026-02-18 23:00:00+00:00,1.84866,1.84866,1.84784,1.8482,689.0
2026-02-19 00:00:00+00:00,1.8482,1.84846,1.84759,1.8477,1736.0
2026-02-19 01:00:00+00:00,1.84772,1.84822,1.84732,1.84738,2242.0
2026-02-19 02:00:00+00:00,1.84737,1.84745,1.84692,1.84731,1810.0
2026-02-19 03:00:00+00:00,1.8473,1.84782,1.84724,1.84772,1534.0
2026-02-19 04:00:00+00:00,1.84772,1.84792,1.84732,1.84746,1330.0
2026-02-19 05:00:00+00:00,1.84745,1.84796,1.84721,1.84783,1387.0
2026-02-19 06:00:00+00:00,1.84782,1.84836,1.84756,1.84763,1832.0
2026-02-19 07:00:00+00:00,1.84767,1.8483,1.84676,1.84814,2181.0
2026-02-19 08:00:00+00:00,1.84816,1.84908,1.8468,1.84688,1699.0
2026-02-19 09:00:00+00:00,1.84688,1.84786,1.84532,1.84634,1429.0
2026-02-19 10:00:00+00:00,1.84639,1.84824,1.84463,1.84522,2338.0
2026-02-19 11:00:00+00:00,1.84512,1.84566,1.84304,1.84348,1567.0
2026-02-19 12:00:00+00:00,1.84346,1.8437,1.84234,1.84338,1956.0
2026-02-19 13:00:00+00:00,1.84339,1.84409,1.84246,1.84284,2915.0
2026-02-19 14:00:00+00:00,1.8428,1.84352,1.84138,1.84268,3194.0
2026-02-19 15:00:00+00:00,1.84269,1.84493,1.84074,1.84074,3410.0
2026-02-19 16:00:00+00:00,1.84072,1.84206,1.8397,1.84202,2729.0
2026-02-19 17:00:00+00:00,1.84197,1.84298,1.84061,1.84227,3022.0
2026-02-19 18:00:00+00:00,1.8423,1.84337,1.84206,1.84278,2207.0
2026-02-19 19:00:00+00:00,1.84289,1.84379,1.84267,1.84292,1585.0
2026-02-19 20:00:00+00:00,1.84293,1.84329,1.84246,1.84304,1924.0
2026-02-19 21:00:00+00:00,1.84302,1.84374,1.8416,1.84185,2558.0
2026-02-19 22:00:00+00:00,1.8421,1.84298,1.84189,1.84273,1115.0
2026-02-19 23:00:00+00:00,1.84272,1.843,1.84219,1.84237,1119.0
2026-02-20 00:00:00+00:00,1.84243,1.84268,1.84208,1.84248,1136.0
2026-02-20 01:00:00+00:00,1.84246,1.84278,1.84142,1.84188,1998.0
2026-02-20 02:00:00+00:00,1.84186,1.84194,1.84072,1.84128,3145.0
2026-02-20 03:00:00+00:00,1.84126,1.84152,1.84044,1.84056,1703.0
2026-02-20 04:00:00+00:00,1.84056,1.84082,1.84014,1.8403,1709.0
2026-02-20 05:00:00+00:00,1.84032,1.84044,1.83996,1.8401,2326.0
2026-02-20 06:00:00+00:00,1.84009,1.84057,1.83978,1.84049,2578.0
2026-02-20 07:00:00+00:00,1.84044,1.84306,1.84044,1.84175,2242.0
2026-02-20 08:00:00+00:00,1.84177,1.8421,1.84108,1.84179,3129.0
2026-02-20 09:00:00+00:00,1.84179,1.84456,1.84144,1.84346,1897.0
2026-02-20 10:00:00+00:00,1.8435,1.84514,1.84328,1.84454,1298.0
2026-02-20 11:00:00+00:00,1.84459,1.8446,1.84329,1.84348,1050.0
2026-02-20 12:00:00+00:00,1.8435,1.84574,1.8435,1.84463,2425.0
2026-02-20 13:00:00+00:00,1.84474,1.84743,1.84436,1.84614,3276.0
2026-02-20 14:00:00+00:00,1.84604,1.84696,1.84534,1.84636,3561.0
2026-02-20 15:00:00+00:00,1.84634,1.84884,1.8443,1.84632,17257.0
2026-02-20 16:00:00+00:00,1.84634,1.84858,1.84634,1.84778,4517.0
2026-02-20 17:00:00+00:00,1.8478,1.84856,1.84552,1.84621,3923.0
2026-02-20 18:00:00+00:00,1.84614,1.8468,1.84542,1.84584,7533.0
2026-02-20 19:00:00+00:00,1.84583,1.84648,1.84552,1.84586,3128.0
2026-02-20 20:00:00+00:00,1.84588,1.84606,1.84518,1.84582,2739.0
2026-02-20 21:00:00+00:00,1.84582,1.84633,1.84398,1.84403,2704.0
2026-02-22 22:00:00+00:00,1.84525,1.84665,1.84385,1.84552,1783.0
2026-02-22 23:00:00+00:00,1.84562,1.84739,1.84494,1.84706,3518.0
2026-02-23 00:00:00+00:00,1.84712,1.84746,1.84623,1.84734,2279.0
2026-02-23 01:00:00+00:00,1.84734,1.84752,1.8467,1.84728,1899.0
2026-02-23 02:00:00+00:00,1.84728,1.84852,1.84698,1.84779,1538.0
2026-02-23 03:00:00+00:00,1.84782,1.84795,1.8472,1.84772,1579.0
2026-02-23 04:00:00+00:00,1.84776,1.84828,1.84738,1.84822,1277.0
2026-02-23 05:00:00+00:00,1.8482,1.84822,1.84757,1.84808,1703.0
2026-02-23 06:00:00+00:00,1.8481,1.8495,1.84798,1.849,2421.0
2026-02-23 07:00:00+00:00,1.84897,1.84941,1.84836,1.84876,2633.0
2026-02-23 08:00:00+00:00,1.84878,1.8489,1.84646,1.84672,1996.0
2026-02-23 09:00:00+00:00,1.84671,1.84704,1.84581,1.84662,1799.0
2026-02-23 10:00:00+00:00,1.8466,1.84746,1.8464,1.84714,1107.0
2026-02-23 11:00:00+00:00,1.84711,1.84763,1.84576,1.84624,1022.0
2026-02-23 12:00:00+00:00,1.8463,1.84694,1.84586,1.84642,1325.0
2026-02-23 13:00:00+00:00,1.84649,1.84948,1.8463,1.84737,2049.0
2026-02-23 14:00:00+00:00,1.8473,1.84929,1.84678,1.84896,2177.0
2026-02-23 15:00:00+00:00,1.84897,1.84962,1.84656,1.84708,2224.0
2026-02-23 16:00:00+00:00,1.8471,1.84914,1.84659,1.84846,2357.0
2026-02-23 17:00:00+00:00,1.84847,1.84856,1.84655,1.84754,2633.0
2026-02-23 18:00:00+00:00,1.84754,1.84866,1.84736,1.848,1089.0
2026-02-23 19:00:00+00:00,1.848,1.84812,1.84718,1.8475,908.0
2026-02-23 20:00:00+00:00,1.84745,1.84858,1.84737,1.84856,883.0
2026-02-23 21:00:00+00:00,1.84858,1.84929,1.84775,1.84797,1609.0
2026-02-23 22:00:00+00:00,1.84776,1.84838,1.84739,1.84762,10606.0
2026-02-23 23:00:00+00:00,1.84772,1.84856,1.84745,1.8481,725.0
2026-02-24 00:00:00+00:00,1.8481,1.8488,1.84787,1.84864,1580.0
2026-02-24 01:00:00+00:00,1.8486,1.84946,1.84828,1.84904,3708.0
2026-02-24 02:00:00+00:00,1.84904,1.8495,1.84862,1.84923,2647.0
2026-02-24 03:00:00+00:00,1.84922,1.8494,1.84854,1.84859,2372.0
2026-02-24 04:00:00+00:00,1.84856,1.84864,1.84773,1.84806,2918.0
2026-02-24 05:00:00+00:00,1.84806,1.84814,1.84734,1.84772,2887.0
2026-02-24 06:00:00+00:00,1.84775,1.84799,1.84732,1.8475,2877.0
2026-02-24 07:00:00+00:00,1.8475,1.84772,1.84646,1.847,3079.0
2026-02-24 08:00:00+00:00,1.84698,1.8483,1.84608,1.84788,1957.0
2026-02-24 09:00:00+00:00,1.8479,1.84952,1.84764,1.84913,881.0
2026-02-24 10:00:00+00:00,1.84912,1.84999,1.84871,1.84908,1448.0
2026-02-24 11:00:00+00:00,1.84908,1.84946,1.8483,1.84912,1136.0
2026-02-24 12:00:00+00:00,1.84912,1.84989,1.84864,1.84959,1222.0
2026-02-24 13:00:00+00:00,1.84968,1.84974,1.84838,1.84944,1921.0
2026-02-24 14:00:00+00:00,1.84944,1.85167,1.84934,1.85156,2439.0
2026-02-24 15:00:00+00:00,1.85161,1.85484,1.85104,1.85351,3264.0
2026-02-24 16:00:00+00:00,1.85344,1.85471,1.85326,1.85405,1740.0
2026-02-24 17:00:00+00:00,1.85403,1.85409,1.8523,1.85266,1260.0
2026-02-24 18:00:00+00:00,1.85268,1.85283,1.8508,1.851,1115.0
2026-02-24 19:00:00+00:00,1.85104,1.85136,1.8501,1.85018,1176.0
2026-02-24 20:00:00+00:00,1.85016,1.85036,1.84912,1.8495,1070.0
2026-02-24 21:00:00+00:00,1.84957,1.84992,1.84768,1.84795,1507.0
2026-02-24 22:00:00+00:00,1.8485,1.84969,1.84782,1.84866,2304.0
2026-02-24 23:00:00+00:00,1.84878,1.84942,1.8484,1.84926,425.0
2026-02-25 00:00:00+00:00,1.84926,1.84964,1.84885,1.84946,2177.0
2026-02-25 01:00:00+00:00,1.84944,1.84975,1.84904,1.84972,3493.0
2026-02-25 02:00:00+00:00,1.84971,1.85079,1.84954,1.84988,3612.0
2026-02-25 03:00:00+00:00,1.84988,1.85005,1.84933,1.84959,4467.0
2026-02-25 04:00:00+00:00,1.84958,1.8501,1.84953,1.84967,1953.0
2026-02-25 05:00:00+00:00,1.84968,1.8499,1.84924,1.84934,1833.0
2026-02-25 06:00:00+00:00,1.8494,1.85013,1.8493,1.84964,2089.0
2026-02-25 07:00:00+00:00,1.84964,1.85114,1.84884,1.85085,1744.0
2026-02-25 08:00:00+00:00,1.8508,1.8517,1.84928,1.8505,2506.0
2026-02-25 09:00:00+00:00,1.8505,1.8512,1.85006,1.85083,1825.0
2026-02-25 10:00:00+00:00,1.8508,1.85114,1.84954,1.85051,1447.0
2026-02-25 11:00:00+00:00,1.85054,1.8508,1.84885,1.85054,1384.0
2026-02-25 12:00:00+00:00,1.85054,1.85137,1.84956,1.85121,1868.0
2026-02-25 13:00:00+00:00,1.85128,1.85254,1.8506,1.85062,1914.0
2026-02-25 14:00:00+00:00,1.85058,1.85248,1.85048,1.8522,2299.0
2026-02-25 15:00:00+00:00,1.85213,1.85213,1.8504,1.8515,2427.0
2026-02-25 16:00:00+00:00,1.85152,1.85446,1.85104,1.85446,2606.0
2026-02-25 17:00:00+00:00,1.8544,1.85606,1.8542,1.85488,1406.0
2026-02-25 18:00:00+00:00,1.85494,1.85556,1.85329,1.85408,969.0
2026-02-25 19:00:00+00:00,1.85396,1.85412,1.85309,1.85338,483.0
2026-02-25 20:00:00+00:00,1.85336,1.85468,1.85319,1.85399,603.0
2026-02-25 21:00:00+00:00,1.85402,1.85468,1.85378,1.8542,966.0
2026-02-25 22:00:00+00:00,1.85426,1.8546,1.85288,1.85382,2559.0
2026-02-25 23:00:00+00:00,1.85386,1.85432,1.85368,1.85396,3189.0
2026-02-26 00:00:00+00:00,1.85395,1.85428,1.85316,1.85422,2890.0
2026-02-26 01:00:00+00:00,1.8542,1.8546,1.85382,1.85422,3222.0
2026-02-26 02:00:00+00:00,1.85417,1.85422,1.85314,1.85406,2285.0
2026-02-26 03:00:00+00:00,1.85402,1.85403,1.85321,1.85326,2394.0
2026-02-26 04:00:00+00:00,1.85324,1.85332,1.8526,1.85322,2490.0
2026-02-26 05:00:00+00:00,1.85325,1.85333,1.85258,1.85292,2758.0
2026-02-26 06:00:00+00:00,1.8529,1.85306,1.85172,1.85186,2788.0
2026-02-26 07:00:00+00:00,1.85188,1.85232,1.85034,1.85036,3466.0
2026-02-26 08:00:00+00:00,1.85039,1.8507,1.84894,1.84936,4424.0
2026-02-26 09:00:00+00:00,1.84934,1.85048,1.84887,1.84998,1460.0
2026-02-26 10:00:00+00:00,1.85008,1.85158,1.84951,1.85157,1017.0
2026-02-26 11:00:00+00:00,1.85156,1.85246,1.85116,1.8513,1594.0
2026-02-26 12:00:00+00:00,1.85124,1.8532,1.85108,1.85293,2227.0
2026-02-26 13:00:00+00:00,1.85292,1.85408,1.85232,1.85258,2782.0
2026-02-26 14:00:00+00:00,1.85252,1.85488,1.85236,1.85394,3813.0
2026-02-26 15:00:00+00:00,1.85393,1.85432,1.84868,1.84917,5443.0
2026-02-26 16:00:00+00:00,1.84914,1.84934,1.8471,1.84749,3382.0
2026-02-26 17:00:00+00:00,1.84754,1.8478,1.84234,1.84248,3132.0
2026-02-26 18:00:00+00:00,1.84252,1.84336,1.8414,1.84304,3607.0
2026-02-26 19:00:00+00:00,1.84304,1.84524,1.8428,1.8451,1878.0
2026-02-26 20:00:00+00:00,1.84508,1.84556,1.8449,1.84544,1310.0
2026-02-26 21:00:00+00:00,1.84547,1.84588,1.84438,1.84447,1750.0
2026-02-26 22:00:00+00:00,1.84416,1.84509,1.844,1.8444,1426.0
2026-02-26 23:00:00+00:00,1.8444,1.84532,1.8441,1.84508,628.0
2026-02-27 00:00:00+00:00,1.84508,1.84526,1.84447,1.8447,1436.0
2026-02-27 01:00:00+00:00,1.84468,1.84515,1.84352,1.84354,3331.0
2026-02-27 02:00:00+00:00,1.84358,1.84413,1.8434,1.84406,2565.0
2026-02-27 03:00:00+00:00,1.84406,1.84487,1.844,1.84439,2323.0
2026-02-27 04:00:00+00:00,1.84442,1.84484,1.84413,1.8443,1446.0
2026-02-27 05:00:00+00:00,1.84425,1.84434,1.84308,1.84314,3071.0
2026-02-27 06:00:00+00:00,1.84307,1.84325,1.84066,1.84107,3370.0
2026-02-27 07:00:00+00:00,1.841,1.84463,1.84043,1.84386,2838.0
2026-02-27 08:00:00+00:00,1.84392,1.84622,1.84378,1.84512,2819.0
2026-02-27 09:00:00+00:00,1.84512,1.84558,1.843,1.84318,1738.0
2026-02-27 10:00:00+00:00,1.84316,1.84378,1.842,1.84255,1459.0
2026-02-27 11:00:00+00:00,1.84256,1.84334,1.84104,1.84116,1747.0
2026-02-27 12:00:00+00:00,1.84116,1.84262,1.84094,1.84178,1792.0
2026-02-27 13:00:00+00:00,1.8418,1.84193,1.83822,1.8384,2990.0
2026-02-27 14:00:00+00:00,1.83844,1.84006,1.83748,1.83752,2477.0
2026-02-27 15:00:00+00:00,1.83753,1.83803,1.83339,1.83339,3704.0
2026-02-27 16:00:00+00:00,1.83341,1.83636,1.83318,1.8343,4451.0
2026-02-27 17:00:00+00:00,1.83431,1.83549,1.83332,1.83459,3040.0
2026-02-27 18:00:00+00:00,1.83458,1.83634,1.83454,1.83624,2510.0
2026-02-27 19:00:00+00:00,1.8362,1.83788,1.8359,1.83768,2780.0
2026-02-27 20:00:00+00:00,1.83766,1.83911,1.8376,1.83824,1430.0
2026-02-27 21:00:00+00:00,1.83824,1.84031,1.83816,1.83977,2337.0
2026-03-01 22:00:00+00:00,1.8307,1.83227,1.82964,1.8307,4235.0
2026-03-01 23:00:00+00:00,1.8309,1.83394,1.83074,1.83232,7176.0
2026-03-02 00:00:00+00:00,1.83224,1.83412,1.83176,1.83399,4543.0
2026-03-02 01:00:00+00:00,1.83393,1.8357,1.83365,1.83548,4226.0
2026-03-02 02:00:00+00:00,1.83546,1.83553,1.8344,1.83486,2104.0
2026-03-02 03:00:00+00:00,1.83489,1.83551,1.83468,1.83493,2223.0
2026-03-02 04:00:00+00:00,1.83494,1.83538,1.83399,1.83424,3020.0
2026-03-02 05:00:00+00:00,1.83414,1.83418,1.83224,1.83232,2256.0
2026-03-02 06:00:00+00:00,1.83228,1.83232,1.82734,1.82792,3674.0
2026-03-02 07:00:00+00:00,1.82789,1.8283,1.82361,1.82493,8664.0
2026-03-02 08:00:00+00:00,1.82492,1.82605,1.82184,1.82466,6272.0
2026-03-02 09:00:00+00:00,1.82464,1.82597,1.82369,1.82566,2322.0
2026-03-02 10:00:00+00:00,1.82572,1.8305,1.82572,1.83004,2046.0
2026-03-02 11:00:00+00:00,1.82998,1.83308,1.82945,1.83178,1913.0
2026-03-02 12:00:00+00:00,1.83174,1.83247,1.82896,1.83055,2111.0
2026-03-02 13:00:00+00:00,1.8305,1.83218,1.82958,1.83124,2727.0
2026-03-02 14:00:00+00:00,1.83114,1.83542,1.8304,1.8342,4481.0
2026-03-02 15:00:00+00:00,1.83414,1.83462,1.83114,1.83198,3696.0
2026-03-02 16:00:00+00:00,1.83196,1.83566,1.83168,1.83544,2355.0
2026-03-02 17:00:00+00:00,1.83545,1.83856,1.83538,1.83816,2027.0
2026-03-02 18:00:00+00:00,1.83812,1.83824,1.8355,1.83614,1414.0
2026-03-02 19:00:00+00:00,1.83606,1.83632,1.83436,1.83452,1580.0
2026-03-02 20:00:00+00:00,1.83455,1.8348,1.83168,1.8324,3951.0
2026-03-02 21:00:00+00:00,1.83245,1.83401,1.83219,1.83352,2048.0
2026-03-02 22:00:00+00:00,1.8337,1.8337,1.83284,1.83307,2117.0
2026-03-02 23:00:00+00:00,1.83308,1.83378,1.83302,1.83315,1168.0
2026-03-03 00:00:00+00:00,1.83314,1.83338,1.83212,1.8333,2486.0
2026-03-03 01:00:00+00:00,1.83335,1.83408,1.8324,1.83288,4187.0
2026-03-03 02:00:00+00:00,1.83287,1.83294,1.83105,1.83156,4430.0
2026-03-03 03:00:00+00:00,1.83162,1.83222,1.83106,1.8313,2962.0
2026-03-03 04:00:00+00:00,1.83138,1.83156,1.82965,1.82976,3527.0
2026-03-03 05:00:00+00:00,1.82976,1.83,1.8275,1.82755,4818.0
2026-03-03 06:00:00+00:00,1.82758,1.82792,1.82649,1.82674,2873.0
2026-03-03 07:00:00+00:00,1.82674,1.82679,1.8234,1.82416,5535.0
2026-03-03 08:00:00+00:00,1.82411,1.82446,1.82139,1.82196,4909.0
2026-03-03 09:00:00+00:00,1.82196,1.82316,1.82049,1.82183,3118.0
2026-03-03 10:00:00+00:00,1.82182,1.82293,1.82126,1.82155,3292.0
2026-03-03 11:00:00+00:00,1.82144,1.82292,1.81952,1.82146,3971.0
2026-03-03 12:00:00+00:00,1.8215,1.82404,1.82054,1.82323,3381.0
2026-03-03 13:00:00+00:00,1.82318,1.82406,1.82171,1.82325,3982.0
2026-03-03 14:00:00+00:00,1.82328,1.82572,1.82279,1.82432,4658.0
2026-03-03 15:00:00+00:00,1.82426,1.82518,1.82104,1.8228,6440.0
2026-03-03 16:00:00+00:00,1.82274,1.82292,1.81964,1.82106,5165.0
2026-03-03 17:00:00+00:00,1.82106,1.82302,1.81994,1.82206,3490.0
2026-03-03 18:00:00+00:00,1.82203,1.8253,1.82156,1.82528,2100.0
2026-03-03 19:00:00+00:00,1.82534,1.82632,1.82298,1.82574,2933.0
2026-03-03 20:00:00+00:00,1.82574,1.82662,1.82536,1.82646,4078.0
2026-03-03 21:00:00+00:00,1.82645,1.82812,1.8261,1.82683,2755.0
2026-03-03 22:00:00+00:00,1.8265,1.82746,1.82522,1.82684,3288.0
2026-03-03 23:00:00+00:00,1.82679,1.82754,1.82538,1.82576,2412.0
2026-03-04 00:00:00+00:00,1.8258,1.82602,1.82355,1.82392,3184.0
2026-03-04 01:00:00+00:00,1.82395,1.82444,1.82228,1.82414,3679.0
2026-03-04 02:00:00+00:00,1.82419,1.82498,1.82382,1.8243,2628.0
2026-03-04 03:00:00+00:00,1.82431,1.82504,1.82394,1.8248,2536.0
2026-03-04 04:00:00+00:00,1.82482,1.82498,1.8226,1.82262,1844.0
2026-03-04 05:00:00+00:00,1.82262,1.82378,1.82252,1.82309,2888.0
2026-03-04 06:00:00+00:00,1.82312,1.82433,1.8221,1.82318,4969.0
2026-03-04 07:00:00+00:00,1.82318,1.82634,1.82239,1.82478,3532.0
2026-03-04 08:00:00+00:00,1.8249,1.82558,1.82259,1.82453,5145.0
2026-03-04 09:00:00+00:00,1.82446,1.82797,1.824,1.8271,2825.0
2026-03-04 10:00:00+00:00,1.82705,1.83004,1.82705,1.82883,6179.0
2026-03-04 11:00:00+00:00,1.82882,1.83082,1.82744,1.82798,2342.0
2026-03-04 12:00:00+00:00,1.82797,1.82798,1.825,1.82561,3155.0
2026-03-04 13:00:00+00:00,1.8256,1.82795,1.82525,1.82678,3574.0
2026-03-04 14:00:00+00:00,1.82676,1.83141,1.82674,1.82816,6103.0
2026-03-04 15:00:00+00:00,1.8281,1.8283,1.82529,1.82546,8224.0
2026-03-04 16:00:00+00:00,1.82542,1.8277,1.82508,1.8263,5610.0
2026-03-04 17:00:00+00:00,1.82628,1.82646,1.82456,1.82556,2342.0
2026-03-04 18:00:00+00:00,1.82558,1.82582,1.8243,1.8248,2112.0
2026-03-04 19:00:00+00:00,1.8248,1.82536,1.82315,1.82352,1832.0
2026-03-04 20:00:00+00:00,1.82357,1.82532,1.8226,1.82492,2328.0
2026-03-04 21:00:00+00:00,1.8249,1.82501,1.82302,1.82454,2476.0
2026-03-04 22:00:00+00:00,1.82388,1.82521,1.8236,1.8246,5344.0
2026-03-04 23:00:00+00:00,1.82452,1.82458,1.8232,1.82388,2125.0
2026-03-05 00:00:00+00:00,1.82384,1.82484,1.8235,1.82468,4611.0
2026-03-05 01:00:00+00:00,1.82468,1.82474,1.82352,1.82375,8515.0
2026-03-05 02:00:00+00:00,1.82376,1.82392,1.82278,1.82313,6254.0
2026-03-05 03:00:00+00:00,1.82314,1.82322,1.82096,1.8213,7288.0
2026-03-05 04:00:00+00:00,1.82131,1.82135,1.81952,1.8202,5832.0
2026-03-05 05:00:00+00:00,1.8202,1.82068,1.81882,1.81898,6819.0
2026-03-05 06:00:00+00:00,1.81896,1.82052,1.81832,1.82024,8380.0
2026-03-05 07:00:00+00:00,1.82026,1.82188,1.81949,1.82026,10537.0
2026-03-05 08:00:00+00:00,1.82025,1.82147,1.8192,1.82002,5813.0
2026-03-05 09:00:00+00:00,1.82001,1.82336,1.81966,1.82222,10509.0
2026-03-05 10:00:00+00:00,1.82228,1.82284,1.81946,1.82111,4424.0
2026-03-05 11:00:00+00:00,1.82114,1.82184,1.82007,1.82091,2694.0
2026-03-05 12:00:00+00:00,1.82095,1.82247,1.81991,1.82057,5501.0
2026-03-05 13:00:00+00:00,1.82053,1.82137,1.81854,1.8212,7891.0
2026-03-05 14:00:00+00:00,1.82112,1.82305,1.81922,1.82004,9105.0
2026-03-05 15:00:00+00:00,1.82008,1.82342,1.81988,1.82256,9280.0
2026-03-05 16:00:00+00:00,1.82261,1.82454,1.82179,1.82364,5359.0
2026-03-05 17:00:00+00:00,1.82363,1.82715,1.82356,1.8261,5614.0
2026-03-05 18:00:00+00:00,1.82613,1.82634,1.82438,1.82459,5813.0
2026-03-05 19:00:00+00:00,1.82462,1.82522,1.82326,1.82347,7156.0
2026-03-05 20:00:00+00:00,1.82348,1.82705,1.82344,1.82554,5387.0
2026-03-05 21:00:00+00:00,1.82552,1.82684,1.82508,1.82662,3201.0
2026-03-05 22:00:00+00:00,1.82624,1.82721,1.82426,1.82659,3425.0
2026-03-05 23:00:00+00:00,1.82658,1.82658,1.82465,1.82595,1394.0
2026-03-06 00:00:00+00:00,1.82596,1.82596,1.8251,1.82549,2481.0
2026-03-06 01:00:00+00:00,1.82547,1.8262,1.82476,1.82533,3740.0
2026-03-06 02:00:00+00:00,1.82532,1.82602,1.82498,1.82595,2636.0
2026-03-06 03:00:00+00:00,1.82596,1.82637,1.82571,1.82622,2990.0
2026-03-06 04:00:00+00:00,1.82622,1.82632,1.82538,1.82538,2958.0
2026-03-06 05:00:00+00:00,1.82534,1.8256,1.82476,1.82496,5301.0
2026-03-06 06:00:00+00:00,1.82497,1.82613,1.82454,1.82608,6166.0
2026-03-06 07:00:00+00:00,1.82603,1.8263,1.82437,1.82502,3523.0
2026-03-06 08:00:00+00:00,1.82499,1.82557,1.82374,1.8247,2204.0
2026-03-06 09:00:00+00:00,1.82467,1.82467,1.82046,1.82124,2347.0
2026-03-06 10:00:00+00:00,1.82125,1.82286,1.82082,1.8224,2063.0
2026-03-06 11:00:00+00:00,1.82246,1.82256,1.82024,1.82034,3749.0
2026-03-06 12:00:00+00:00,1.82044,1.8219,1.81862,1.82012,4151.0
2026-03-06 13:00:00+00:00,1.82008,1.82596,1.82,1.82048,13953.0
2026-03-06 14:00:00+00:00,1.82047,1.82482,1.82029,1.82084,10131.0
2026-03-06 15:00:00+00:00,1.82088,1.82336,1.81887,1.82022,10267.0
2026-03-06 16:00:00+00:00,1.82022,1.82395,1.8202,1.82186,6572.0
2026-03-06 17:00:00+00:00,1.82177,1.82356,1.82028,1.82042,5894.0
2026-03-06 18:00:00+00:00,1.82046,1.8219,1.81826,1.81899,4736.0
2026-03-06 19:00:00+00:00,1.819,1.81951,1.81831,1.8186,3211.0
2026-03-06 20:00:00+00:00,1.81861,1.81948,1.81764,1.81926,3415.0
2026-03-06 21:00:00+00:00,1.81932,1.81976,1.81718,1.81908,6418.0
2026-03-08 21:00:00+00:00,1.81424,1.8164,1.81424,1.81546,1282.0
2026-03-08 22:00:00+00:00,1.81542,1.81542,1.80514,1.81005,4255.0
2026-03-08 23:00:00+00:00,1.80999,1.81099,1.80912,1.80962,3810.0
2026-03-09 00:00:00+00:00,1.80962,1.81065,1.8085,1.80866,3819.0
2026-03-09 01:00:00+00:00,1.80858,1.80882,1.8055,1.80562,3613.0
2026-03-09 02:00:00+00:00,1.80567,1.80662,1.80426,1.80516,4557.0
2026-03-09 03:00:00+00:00,1.80514,1.80553,1.8023,1.80264,2580.0
2026-03-09 04:00:00+00:00,1.80266,1.80381,1.80213,1.80214,1285.0
2026-03-09 05:00:00+00:00,1.80216,1.80718,1.80214,1.80698,5555.0
2026-03-09 06:00:00+00:00,1.807,1.80804,1.80466,1.80466,4327.0
2026-03-09 07:00:00+00:00,1.8047,1.8092,1.80318,1.80837,4711.0
2026-03-09 08:00:00+00:00,1.80838,1.80939,1.80482,1.80786,7171.0
2026-03-09 09:00:00+00:00,1.80788,1.81116,1.8073,1.80736,6496.0
2026-03-09 10:00:00+00:00,1.80736,1.80864,1.80424,1.80666,4967.0
2026-03-09 11:00:00+00:00,1.80662,1.80818,1.80521,1.80685,3524.0
2026-03-09 12:00:00+00:00,1.80697,1.81208,1.80682,1.81165,3164.0
2026-03-09 13:00:00+00:00,1.81167,1.8156,1.81132,1.81508,5505.0
2026-03-09 14:00:00+00:00,1.8151,1.81672,1.81206,1.8164,8512.0
2026-03-09 15:00:00+00:00,1.81646,1.82063,1.81636,1.81794,3866.0
2026-03-09 16:00:00+00:00,1.81806,1.81926,1.81689,1.81718,2610.0
2026-03-09 17:00:00+00:00,1.81713,1.81863,1.8171,1.81826,1496.0
2026-03-09 18:00:00+00:00,1.8182,1.82034,1.81741,1.81762,2065.0
2026-03-09 19:00:00+00:00,1.81756,1.8257,1.81752,1.82392,10172.0
2026-03-09 20:00:00+00:00,1.82393,1.82708,1.82362,1.82639,4191.0
2026-03-09 21:00:00+00:00,1.82661,1.82674,1.82438,1.82488,2186.0
2026-03-09 22:00:00+00:00,1.82522,1.826,1.82338,1.82406,2162.0
2026-03-09 23:00:00+00:00,1.82408,1.82474,1.8236,1.82394,2342.0
2026-03-10 00:00:00+00:00,1.82385,1.82688,1.82383,1.826,5892.0
2026-03-10 01:00:00+00:00,1.82597,1.82684,1.8251,1.82602,4412.0
2026-03-10 02:00:00+00:00,1.82602,1.82666,1.82473,1.82484,3457.0
2026-03-10 03:00:00+00:00,1.82491,1.82534,1.82394,1.82418,2530.0
2026-03-10 04:00:00+00:00,1.82422,1.82518,1.82404,1.82428,2326.0
2026-03-10 05:00:00+00:00,1.82424,1.82566,1.82424,1.82514,2764.0
2026-03-10 06:00:00+00:00,1.82512,1.82665,1.82504,1.82582,2267.0
2026-03-10 07:00:00+00:00,1.8259,1.82888,1.82562,1.8288,4819.0
2026-03-10 08:00:00+00:00,1.8288,1.83068,1.82754,1.82826,5760.0
2026-03-10 09:00:00+00:00,1.82827,1.82836,1.82665,1.82782,2800.0
2026-03-10 10:00:00+00:00,1.82779,1.82779,1.82482,1.82556,4526.0
2026-03-10 11:00:00+00:00,1.82558,1.8271,1.8231,1.82356,5031.0
2026-03-10 12:00:00+00:00,1.82362,1.82402,1.82009,1.82122,6671.0
2026-03-10 13:00:00+00:00,1.82125,1.82728,1.82112,1.82574,6016.0
2026-03-10 14:00:00+00:00,1.82572,1.82578,1.8233,1.82502,5820.0
2026-03-10 15:00:00+00:00,1.82498,1.82718,1.8245,1.82524,3677.0
2026-03-10 16:00:00+00:00,1.82526,1.8274,1.82476,1.8269,3611.0
2026-03-10 17:00:00+00:00,1.82696,1.8297,1.82621,1.82671,4470.0
2026-03-10 18:00:00+00:00,1.82674,1.82678,1.82278,1.82324,8290.0
2026-03-10 19:00:00+00:00,1.82324,1.82387,1.82128,1.82225,4729.0
2026-03-10 20:00:00+00:00,1.82224,1.8229,1.82167,1.82189,3068.0
2026-03-10 21:00:00+00:00,1.82222,1.82286,1.82142,1.82197,6158.0
2026-03-10 22:00:00+00:00,1.82192,1.8225,1.82139,1.82185,718.0
2026-03-10 23:00:00+00:00,1.82184,1.82294,1.8218,1.82276,1106.0
2026-03-11 00:00:00+00:00,1.82278,1.82438,1.82231,1.82367,3479.0
2026-03-11 01:00:00+00:00,1.82372,1.82516,1.8233,1.82469,3218.0
2026-03-11 02:00:00+00:00,1.82476,1.82495,1.82294,1.82325,2233.0
2026-03-11 03:00:00+00:00,1.82324,1.82388,1.8226,1.82372,2826.0
2026-03-11 04:00:00+00:00,1.8238,1.8244,1.82354,1.8242,2485.0
2026-03-11 05:00:00+00:00,1.82422,1.82434,1.82331,1.82362,2305.0
2026-03-11 06:00:00+00:00,1.82357,1.82474,1.82316,1.82432,2361.0
2026-03-11 07:00:00+00:00,1.82427,1.82454,1.82182,1.82218,4867.0
2026-03-11 08:00:00+00:00,1.82223,1.82272,1.81946,1.82112,5674.0
2026-03-11 09:00:00+00:00,1.82114,1.82168,1.81828,1.82084,4798.0
2026-03-11 10:00:00+00:00,1.82086,1.82484,1.82044,1.82444,2147.0
2026-03-11 11:00:00+00:00,1.82443,1.82512,1.82094,1.82171,2458.0
2026-03-11 12:00:00+00:00,1.82176,1.82323,1.82004,1.8212,3321.0
2026-03-11 13:00:00+00:00,1.82118,1.82391,1.82085,1.82314,2535.0
2026-03-11 14:00:00+00:00,1.82304,1.8256,1.8221,1.82285,3901.0
2026-03-11 15:00:00+00:00,1.82282,1.8242,1.8215,1.82242,1944.0
2026-03-11 16:00:00+00:00,1.8224,1.8234,1.82135,1.82157,2283.0
2026-03-11 17:00:00+00:00,1.82156,1.82214,1.82004,1.82162,2323.0
2026-03-11 18:00:00+00:00,1.82165,1.82381,1.82116,1.8232,1440.0
2026-03-11 19:00:00+00:00,1.82325,1.82376,1.82264,1.82282,779.0
2026-03-11 20:00:00+00:00,1.82282,1.82378,1.82256,1.82296,1541.0
2026-03-11 21:00:00+00:00,1.82296,1.82345,1.82256,1.82312,932.0
2026-03-11 22:00:00+00:00,1.82312,1.8232,1.82018,1.82064,2951.0
2026-03-11 23:00:00+00:00,1.82066,1.82101,1.8193,1.82013,1693.0
2026-03-12 00:00:00+00:00,1.82013,1.82023,1.8181,1.81814,2902.0
2026-03-12 01:00:00+00:00,1.8182,1.81908,1.81807,1.81826,3451.0
2026-03-12 02:00:00+00:00,1.81825,1.8185,1.81597,1.81669,2138.0
2026-03-12 03:00:00+00:00,1.81666,1.81734,1.8161,1.81691,2526.0
2026-03-12 04:00:00+00:00,1.8169,1.81701,1.81587,1.81608,2338.0
2026-03-12 05:00:00+00:00,1.81608,1.8174,1.81606,1.81705,2419.0
2026-03-12 06:00:00+00:00,1.81704,1.8179,1.81569,1.81786,1636.0
2026-03-12 07:00:00+00:00,1.81786,1.81938,1.81769,1.81938,2607.0
2026-03-12 08:00:00+00:00,1.81943,1.81984,1.81664,1.81763,4793.0
2026-03-12 09:00:00+00:00,1.81763,1.81972,1.81694,1.81944,5621.0
2026-03-12 10:00:00+00:00,1.81942,1.82018,1.81866,1.82008,4251.0
2026-03-12 11:00:00+00:00,1.82006,1.82217,1.8196,1.8208,2680.0
2026-03-12 12:00:00+00:00,1.8209,1.82098,1.81801,1.81932,2041.0
2026-03-12 13:00:00+00:00,1.81926,1.82111,1.81818,1.81901,4821.0
2026-03-12 14:00:00+00:00,1.81902,1.81956,1.81648,1.81799,6106.0
2026-03-12 15:00:00+00:00,1.81796,1.81912,1.81722,1.81772,5842.0
2026-03-12 16:00:00+00:00,1.81774,1.81904,1.81752,1.8189,4840.0
2026-03-12 17:00:00+00:00,1.81892,1.8205,1.8187,1.81968,3568.0
2026-03-12 18:00:00+00:00,1.81967,1.82006,1.81726,1.81739,2200.0
2026-03-12 19:00:00+00:00,1.81732,1.81908,1.81709,1.81901,2150.0
2026-03-12 20:00:00+00:00,1.81902,1.82016,1.8184,1.81951,3272.0
2026-03-12 21:00:00+00:00,1.81947,1.8208,1.81946,1.8201,4584.0
2026-03-12 22:00:00+00:00,1.8204,1.82108,1.81978,1.8203,1352.0
2026-03-12 23:00:00+00:00,1.82026,1.82051,1.81978,1.82012,1256.0
2026-03-13 00:00:00+00:00,1.82014,1.82094,1.81973,1.82083,1871.0
2026-03-13 01:00:00+00:00,1.82085,1.82127,1.82057,1.82062,1316.0
2026-03-13 02:00:00+00:00,1.82058,1.82078,1.82029,1.82078,1465.0
2026-03-13 03:00:00+00:00,1.82078,1.82085,1.81958,1.82016,2037.0
2026-03-13 04:00:00+00:00,1.82016,1.82033,1.81886,1.81901,1462.0
2026-03-13 05:00:00+00:00,1.81901,1.81972,1.81868,1.8193,1997.0
2026-03-13 06:00:00+00:00,1.81933,1.81945,1.81785,1.81793,2060.0
2026-03-13 07:00:00+00:00,1.81792,1.81793,1.81389,1.81402,2663.0
2026-03-13 08:00:00+00:00,1.81409,1.81421,1.81144,1.8118,3371.0
2026-03-13 09:00:00+00:00,1.8118,1.81441,1.8118,1.81291,2700.0
2026-03-13 10:00:00+00:00,1.81286,1.81497,1.81262,1.81365,2179.0
2026-03-13 11:00:00+00:00,1.81364,1.8141,1.81142,1.81142,2852.0
2026-03-13 12:00:00+00:00,1.81135,1.81925,1.81042,1.8184,4900.0
2026-03-13 13:00:00+00:00,1.81844,1.8209,1.81726,1.8175,3534.0
2026-03-13 14:00:00+00:00,1.8175,1.81858,1.8158,1.81766,2719.0
2026-03-13 15:00:00+00:00,1.81766,1.81928,1.81704,1.81846,2575.0
2026-03-13 16:00:00+00:00,1.81846,1.8193,1.81776,1.8188,3360.0
2026-03-13 17:00:00+00:00,1.81879,1.8198,1.81831,1.81897,2333.0
2026-03-13 18:00:00+00:00,1.81898,1.81918,1.8168,1.81726,2111.0
2026-03-13 19:00:00+00:00,1.81734,1.81762,1.81578,1.81587,2265.0
2026-03-13 20:00:00+00:00,1.81588,1.8161,1.81426,1.81429,3259.0
2026-03-15 21:00:00+00:00,1.81763,1.81809,1.81529,1.81751,2096.0
2026-03-15 22:00:00+00:00,1.8175,1.81752,1.81424,1.8155,3485.0
2026-03-15 23:00:00+00:00,1.81542,1.81658,1.81499,1.81642,1438.0
2026-03-16 00:00:00+00:00,1.81642,1.81814,1.81632,1.81798,1234.0
2026-03-16 01:00:00+00:00,1.818,1.81828,1.81663,1.81718,1602.0
2026-03-16 02:00:00+00:00,1.81725,1.81755,1.81646,1.81732,986.0
2026-03-16 03:00:00+00:00,1.81736,1.81852,1.81725,1.81837,839.0
2026-03-16 04:00:00+00:00,1.81838,1.81839,1.81712,1.81758,718.0
2026-03-16 05:00:00+00:00,1.81758,1.81792,1.81736,1.81752,1492.0
2026-03-16 06:00:00+00:00,1.81754,1.81776,1.81662,1.81774,2013.0
2026-03-16 07:00:00+00:00,1.81777,1.81788,1.81433,1.81526,1938.0
2026-03-16 08:00:00+00:00,1.81528,1.81592,1.8142,1.81524,2371.0
2026-03-16 09:00:00+00:00,1.81529,1.8161,1.81457,1.81476,1046.0
2026-03-16 10:00:00+00:00,1.81482,1.81754,1.81478,1.81732,1684.0
2026-03-16 11:00:00+00:00,1.81732,1.81734,1.81544,1.81698,1382.0
2026-03-16 12:00:00+00:00,1.81698,1.81951,1.8161,1.81796,1973.0
2026-03-16 13:00:00+00:00,1.81798,1.81816,1.81578,1.818,2686.0
2026-03-16 14:00:00+00:00,1.81795,1.81865,1.81664,1.8173,2596.0
2026-03-16 15:00:00+00:00,1.81736,1.82088,1.81716,1.8202,1451.0
2026-03-16 16:00:00+00:00,1.82024,1.82096,1.81856,1.81972,2040.0
2026-03-16 17:00:00+00:00,1.81973,1.82092,1.81958,1.81968,2195.0
2026-03-16 18:00:00+00:00,1.81978,1.8232,1.8197,1.82311,2120.0
2026-03-16 19:00:00+00:00,1.82318,1.82438,1.82236,1.823,1833.0
2026-03-16 20:00:00+00:00,1.82302,1.82376,1.82203,1.8227,1822.0
2026-03-16 21:00:00+00:00,1.82288,1.82312,1.8223,1.82293,1020.0
2026-03-16 22:00:00+00:00,1.82287,1.82287,1.82202,1.82218,881.0
2026-03-16 23:00:00+00:00,1.82228,1.82233,1.82155,1.82206,1111.0
2026-03-17 00:00:00+00:00,1.82213,1.82218,1.82054,1.82061,2133.0
2026-03-17 01:00:00+00:00,1.82054,1.8209,1.81967,1.82068,1784.0
2026-03-17 02:00:00+00:00,1.82068,1.82136,1.82062,1.8211,768.0
2026-03-17 03:00:00+00:00,1.82106,1.82154,1.82057,1.82062,1198.0
2026-03-17 04:00:00+00:00,1.8206,1.82186,1.82055,1.8216,1076.0
2026-03-17 05:00:00+00:00,1.82158,1.82188,1.81994,1.82001,1475.0
2026-03-17 06:00:00+00:00,1.82008,1.8201,1.81799,1.82003,1817.0
2026-03-17 07:00:00+00:00,1.82006,1.82209,1.81956,1.82136,1973.0
2026-03-17 08:00:00+00:00,1.82141,1.82476,1.82101,1.82456,3344.0
2026-03-17 09:00:00+00:00,1.82451,1.8264,1.82446,1.82634,2566.0
2026-03-17 10:00:00+00:00,1.82619,1.82654,1.82462,1.82556,1941.0
2026-03-17 11:00:00+00:00,1.82562,1.82722,1.82478,1.82528,1728.0
2026-03-17 12:00:00+00:00,1.8252,1.82762,1.8245,1.82679,1480.0
2026-03-17 13:00:00+00:00,1.82691,1.82902,1.82691,1.82706,3048.0
2026-03-17 14:00:00+00:00,1.82707,1.829,1.82602,1.8288,1790.0
2026-03-17 15:00:00+00:00,1.82881,1.83101,1.8287,1.8289,2560.0
2026-03-17 16:00:00+00:00,1.82892,1.82942,1.82812,1.8286,3166.0
2026-03-17 17:00:00+00:00,1.82868,1.82914,1.82788,1.829,2199.0
2026-03-17 18:00:00+00:00,1.829,1.83036,1.829,1.82926,2645.0
2026-03-17 19:00:00+00:00,1.82926,1.83016,1.82876,1.82908,989.0
2026-03-17 20:00:00+00:00,1.82915,1.82915,1.82816,1.82844,1394.0
2026-03-17 21:00:00+00:00,1.82866,1.82936,1.82829,1.82908,1609.0
2026-03-17 22:00:00+00:00,1.8291,1.82955,1.82889,1.82928,3162.0
2026-03-17 23:00:00+00:00,1.82927,1.82936,1.82858,1.82866,2242.0
2026-03-18 00:00:00+00:00,1.82866,1.82946,1.82793,1.82815,5981.0
2026-03-18 01:00:00+00:00,1.82816,1.82884,1.82806,1.82845,2195.0
2026-03-18 02:00:00+00:00,1.82842,1.82902,1.82824,1.82896,3158.0
2026-03-18 03:00:00+00:00,1.82897,1.83008,1.82868,1.82998,2574.0
2026-03-18 04:00:00+00:00,1.83,1.83092,1.82997,1.83078,2016.0
2026-03-18 05:00:00+00:00,1.83076,1.83178,1.83073,1.83177,2495.0
2026-03-18 06:00:00+00:00,1.83178,1.83284,1.83138,1.83174,1945.0
2026-03-18 07:00:00+00:00,1.83172,1.83241,1.83026,1.83092,2696.0
2026-03-18 08:00:00+00:00,1.8309,1.83153,1.82786,1.82852,3481.0
2026-03-18 09:00:00+00:00,1.82847,1.82923,1.82787,1.82921,1458.0
2026-03-18 10:00:00+00:00,1.8292,1.82958,1.82818,1.8294,1169.0
2026-03-18 11:00:00+00:00,1.82933,1.8305,1.82812,1.82874,2082.0
2026-03-18 12:00:00+00:00,1.82871,1.8292,1.82458,1.82516,2924.0
2026-03-18 13:00:00+00:00,1.82524,1.82811,1.82495,1.82707,2990.0
2026-03-18 14:00:00+00:00,1.8271,1.82773,1.82391,1.82526,3649.0
2026-03-18 15:00:00+00:00,1.8252,1.82679,1.82412,1.82472,2443.0
2026-03-18 16:00:00+00:00,1.82478,1.82664,1.82472,1.82662,1786.0
2026-03-18 17:00:00+00:00,1.82655,1.8281,1.82575,1.82733,2347.0
2026-03-18 18:00:00+00:00,1.8271,1.82851,1.82282,1.82288,6259.0
2026-03-18 19:00:00+00:00,1.82294,1.8236,1.82144,1.8223,2636.0
2026-03-18 20:00:00+00:00,1.82228,1.82278,1.82002,1.82046,3140.0
2026-03-18 21:00:00+00:00,1.82092,1.82198,1.82019,1.82094,1426.0
2026-03-18 22:00:00+00:00,1.82108,1.82172,1.82008,1.82091,1342.0
2026-03-18 23:00:00+00:00,1.8209,1.82134,1.82074,1.82104,1118.0
2026-03-19 00:00:00+00:00,1.82114,1.82254,1.82058,1.82254,2255.0
2026-03-19 01:00:00+00:00,1.82256,1.82294,1.82208,1.82247,2796.0
2026-03-19 02:00:00+00:00,1.82248,1.82394,1.82218,1.82325,3672.0
2026-03-19 03:00:00+00:00,1.82324,1.82346,1.82283,1.82294,2573.0
2026-03-19 04:00:00+00:00,1.82294,1.82294,1.82136,1.82178,2936.0
2026-03-19 05:00:00+00:00,1.82178,1.82186,1.82079,1.82086,2881.0
2026-03-19 06:00:00+00:00,1.82102,1.82183,1.82006,1.82041,4541.0
2026-03-19 07:00:00+00:00,1.82037,1.82292,1.8187,1.8217,6638.0
2026-03-19 08:00:00+00:00,1.82172,1.82247,1.82012,1.8214,7341.0
2026-03-19 09:00:00+00:00,1.82139,1.82528,1.82136,1.82436,4757.0
2026-03-19 10:00:00+00:00,1.82432,1.82509,1.82328,1.82367,2898.0
2026-03-19 11:00:00+00:00,1.82366,1.82578,1.82306,1.82563,1828.0
2026-03-19 12:00:00+00:00,1.82558,1.82807,1.82491,1.82525,5529.0
2026-03-19 13:00:00+00:00,1.82516,1.83212,1.82404,1.83134,9901.0
2026-03-19 14:00:00+00:00,1.83135,1.83514,1.8303,1.83458,8849.0
2026-03-19 15:00:00+00:00,1.83454,1.83742,1.83173,1.83302,5873.0
2026-03-19 16:00:00+00:00,1.83301,1.83528,1.83266,1.83518,5824.0
2026-03-19 17:00:00+00:00,1.83516,1.84032,1.83508,1.8397,3373.0
2026-03-19 18:00:00+00:00,1.83962,1.84212,1.83921,1.84158,3656.0
2026-03-19 19:00:00+00:00,1.84162,1.84676,1.84156,1.84491,9867.0
2026-03-19 20:00:00+00:00,1.84492,1.84634,1.84458,1.84515,3435.0
2026-03-19 21:00:00+00:00,1.84504,1.8462,1.8439,1.84446,2316.0
2026-03-19 22:00:00+00:00,1.84444,1.84699,1.84424,1.8443,1419.0
2026-03-19 23:00:00+00:00,1.84435,1.8447,1.84335,1.84413,863.0
2026-03-20 00:00:00+00:00,1.84416,1.84454,1.84396,1.8441,1508.0
2026-03-20 01:00:00+00:00,1.84404,1.84443,1.8421,1.84234,1635.0
2026-03-20 02:00:00+00:00,1.8424,1.8424,1.84076,1.84077,1835.0
2026-03-20 03:00:00+00:00,1.8408,1.84094,1.84042,1.84042,1244.0
2026-03-20 04:00:00+00:00,1.84045,1.84088,1.8403,1.84048,1307.0
2026-03-20 05:00:00+00:00,1.84046,1.84117,1.84042,1.84106,1398.0
2026-03-20 06:00:00+00:00,1.84106,1.84203,1.84095,1.8412,1415.0
2026-03-20 07:00:00+00:00,1.84122,1.84315,1.84092,1.84225,4330.0
2026-03-20 08:00:00+00:00,1.84229,1.84344,1.84029,1.8403,3587.0
2026-03-20 09:00:00+00:00,1.8403,1.84032,1.8358,1.83592,3015.0
2026-03-20 10:00:00+00:00,1.83598,1.8369,1.83411,1.83626,3691.0
2026-03-20 11:00:00+00:00,1.83626,1.83778,1.83556,1.83628,3418.0
2026-03-20 12:00:00+00:00,1.83636,1.83755,1.83444,1.83508,4427.0
2026-03-20 13:00:00+00:00,1.83509,1.83566,1.83114,1.83234,3825.0
2026-03-20 14:00:00+00:00,1.83232,1.8324,1.82631,1.82718,4788.0
2026-03-20 15:00:00+00:00,1.82718,1.83186,1.82654,1.82658,4774.0
2026-03-20 16:00:00+00:00,1.82659,1.82923,1.82659,1.82714,3742.0
2026-03-20 17:00:00+00:00,1.82718,1.82972,1.82646,1.82814,5362.0
2026-03-20 18:00:00+00:00,1.82818,1.8307,1.82807,1.82911,3153.0
2026-03-20 19:00:00+00:00,1.82908,1.82948,1.82698,1.8292,3527.0
2026-03-20 20:00:00+00:00,1.8292,1.83172,1.82904,1.8309,6597.0
2026-03-22 21:00:00+00:00,1.8264,1.82778,1.8246,1.8246,1849.0
2026-03-22 22:00:00+00:00,1.82463,1.82912,1.82463,1.82875,1429.0
2026-03-22 23:00:00+00:00,1.82878,1.82952,1.82737,1.82803,1391.0
2026-03-23 00:00:00+00:00,1.82808,1.82904,1.82654,1.82744,2974.0
2026-03-23 01:00:00+00:00,1.82743,1.82872,1.82706,1.82778,2943.0
2026-03-23 02:00:00+00:00,1.82772,1.82796,1.82574,1.82672,1634.0
2026-03-23 03:00:00+00:00,1.8267,1.82712,1.82607,1.82626,2812.0
2026-03-23 04:00:00+00:00,1.82632,1.82753,1.82632,1.82746,1328.0
2026-03-23 05:00:00+00:00,1.82749,1.82786,1.82633,1.82644,1626.0
2026-03-23 06:00:00+00:00,1.82644,1.8265,1.8243,1.82491,2397.0
2026-03-23 07:00:00+00:00,1.8249,1.82717,1.82401,1.8246,3949.0
2026-03-23 08:00:00+00:00,1.82463,1.83,1.82463,1.82779,5617.0
2026-03-23 09:00:00+00:00,1.82787,1.82853,1.82368,1.82444,3069.0
2026-03-23 10:00:00+00:00,1.82446,1.82588,1.82324,1.82392,4239.0
2026-03-23 11:00:00+00:00,1.82392,1.83979,1.8235,1.83412,33182.0
2026-03-23 12:00:00+00:00,1.8341,1.84066,1.83328,1.83938,23008.0
2026-03-23 13:00:00+00:00,1.83939,1.84056,1.83666,1.83904,21357.0
2026-03-23 14:00:00+00:00,1.83917,1.8432,1.83695,1.84151,16226.0
2026-03-23 15:00:00+00:00,1.84146,1.84367,1.83579,1.83616,13822.0
2026-03-23 16:00:00+00:00,1.83611,1.84075,1.835,1.83915,9536.0
2026-03-23 17:00:00+00:00,1.83909,1.84316,1.83878,1.8428,6773.0
2026-03-23 18:00:00+00:00,1.84284,1.84619,1.8418,1.84548,5320.0
2026-03-23 19:00:00+00:00,1.84542,1.84552,1.84299,1.84301,2931.0
2026-03-23 20:00:00+00:00,1.84302,1.84387,1.84234,1.84296,2175.0
2026-03-23 21:00:00+00:00,1.84369,1.84433,1.84211,1.84346,1760.0
2026-03-23 22:00:00+00:00,1.84301,1.84394,1.84288,1.84342,1424.0
2026-03-23 23:00:00+00:00,1.84346,1.84372,1.84298,1.84338,1803.0
2026-03-24 00:00:00+00:00,1.8434,1.84342,1.84037,1.84155,4093.0
2026-03-24 01:00:00+00:00,1.84156,1.84171,1.84037,1.84162,3119.0
2026-03-24 02:00:00+00:00,1.84163,1.84355,1.84124,1.84286,3497.0
2026-03-24 03:00:00+00:00,1.84286,1.84352,1.84256,1.84282,2161.0
2026-03-24 04:00:00+00:00,1.84286,1.84289,1.84178,1.84259,2547.0
2026-03-24 05:00:00+00:00,1.84258,1.84328,1.84184,1.8431,4224.0
2026-03-24 06:00:00+00:00,1.84314,1.8447,1.8428,1.84425,3076.0
2026-03-24 07:00:00+00:00,1.84421,1.84568,1.84382,1.84542,6499.0
2026-03-24 08:00:00+00:00,1.8454,1.84542,1.84058,1.84074,7336.0
2026-03-24 09:00:00+00:00,1.84076,1.84182,1.83941,1.8416,3649.0
2026-03-24 10:00:00+00:00,1.8416,1.84186,1.83942,1.84097,3246.0
2026-03-24 11:00:00+00:00,1.84092,1.84338,1.8399,1.84158,2871.0
2026-03-24 12:00:00+00:00,1.84166,1.84354,1.84011,1.84064,3359.0
2026-03-24 13:00:00+00:00,1.84055,1.84083,1.83744,1.83838,3681.0
2026-03-24 14:00:00+00:00,1.83838,1.84397,1.83807,1.84226,4879.0
2026-03-24 15:00:00+00:00,1.84223,1.84354,1.84061,1.84182,3901.0
2026-03-24 16:00:00+00:00,1.84192,1.84398,1.84114,1.84312,2746.0
2026-03-24 17:00:00+00:00,1.84316,1.84358,1.84049,1.84328,4779.0
2026-03-24 18:00:00+00:00,1.84322,1.8436,1.84136,1.84288,3140.0
2026-03-24 19:00:00+00:00,1.84288,1.8433,1.84145,1.84198,1854.0
2026-03-24 20:00:00+00:00,1.84196,1.84646,1.84122,1.84607,6929.0
2026-03-24 21:00:00+00:00,1.84526,1.84644,1.84459,1.84598,5223.0
2026-03-24 22:00:00+00:00,1.84604,1.84674,1.8452,1.84657,1779.0
2026-03-24 23:00:00+00:00,1.84659,1.84674,1.8454,1.84562,976.0
2026-03-25 00:00:00+00:00,1.84565,1.84757,1.8454,1.84722,2389.0
2026-03-25 01:00:00+00:00,1.8472,1.84787,1.84658,1.84672,1932.0
2026-03-25 02:00:00+00:00,1.84679,1.847,1.84536,1.84588,1338.0
2026-03-25 03:00:00+00:00,1.84582,1.84621,1.84475,1.8449,1256.0
2026-03-25 04:00:00+00:00,1.84491,1.84515,1.84432,1.8444,1273.0
2026-03-25 05:00:00+00:00,1.84442,1.84459,1.84238,1.84278,2183.0
2026-03-25 06:00:00+00:00,1.84277,1.84446,1.84268,1.84374,3473.0
2026-03-25 07:00:00+00:00,1.84374,1.84633,1.84288,1.8456,4498.0
2026-03-25 08:00:00+00:00,1.84566,1.84989,1.84543,1.84841,10984.0
2026-03-25 09:00:00+00:00,1.84846,1.84892,1.8467,1.84782,4886.0
2026-03-25 10:00:00+00:00,1.84782,1.85,1.84768,1.84969,4437.0
2026-03-25 11:00:00+00:00,1.84968,1.85137,1.8494,1.85066,2623.0
2026-03-25 12:00:00+00:00,1.85067,1.85152,1.84624,1.84642,4012.0
2026-03-25 13:00:00+00:00,1.84634,1.8468,1.84346,1.84389,3132.0
2026-03-25 14:00:00+00:00,1.84396,1.84702,1.8416,1.8463,4535.0
2026-03-25 15:00:00+00:00,1.84624,1.84734,1.84438,1.845,3655.0
2026-03-25 16:00:00+00:00,1.84505,1.84774,1.84442,1.84738,2550.0
2026-03-25 17:00:00+00:00,1.84747,1.8487,1.84647,1.8483,2731.0
2026-03-25 18:00:00+00:00,1.8483,1.84833,1.84559,1.846,2952.0
2026-03-25 19:00:00+00:00,1.84598,1.84681,1.8455,1.8467,1904.0
2026-03-25 20:00:00+00:00,1.84671,1.84675,1.84455,1.84586,1649.0
2026-03-25 21:00:00+00:00,1.84548,1.8464,1.84527,1.84576,3531.0
2026-03-25 22:00:00+00:00,1.84564,1.84584,1.84522,1.84542,1076.0
2026-03-25 23:00:00+00:00,1.84542,1.84592,1.84542,1.84592,685.0
2026-03-26 00:00:00+00:00,1.84586,1.84656,1.84562,1.84638,2320.0
2026-03-26 01:00:00+00:00,1.84638,1.84728,1.84565,1.84689,4052.0
2026-03-26 02:00:00+00:00,1.84687,1.84716,1.84596,1.84602,3735.0
2026-03-26 03:00:00+00:00,1.84602,1.84698,1.84564,1.84684,4535.0
2026-03-26 04:00:00+00:00,1.84686,1.84716,1.84671,1.84694,4221.0
2026-03-26 05:00:00+00:00,1.84696,1.8471,1.846,1.84618,4592.0
2026-03-26 06:00:00+00:00,1.84622,1.84684,1.84565,1.84654,5189.0
2026-03-26 07:00:00+00:00,1.84656,1.84691,1.8456,1.84611,6563.0
2026-03-26 08:00:00+00:00,1.84614,1.84695,1.84458,1.84674,7602.0
2026-03-26 09:00:00+00:00,1.84674,1.8475,1.8453,1.8465,5367.0
2026-03-26 10:00:00+00:00,1.84652,1.84742,1.84562,1.84678,4527.0
2026-03-26 11:00:00+00:00,1.84681,1.8478,1.84502,1.84502,3270.0
2026-03-26 12:00:00+00:00,1.84509,1.84603,1.84298,1.84412,4970.0
2026-03-26 13:00:00+00:00,1.84416,1.84717,1.84402,1.84659,6457.0
2026-03-26 14:00:00+00:00,1.84657,1.85023,1.84553,1.8485,8133.0
2026-03-26 15:00:00+00:00,1.84852,1.84958,1.84783,1.849,4847.0
2026-03-26 16:00:00+00:00,1.849,1.84942,1.84602,1.8461,3566.0
2026-03-26 17:00:00+00:00,1.84604,1.84798,1.84507,1.84508,4174.0
2026-03-26 18:00:00+00:00,1.84502,1.84588,1.84468,1.84536,3712.0
2026-03-26 19:00:00+00:00,1.84528,1.84568,1.84426,1.84465,5754.0
2026-03-26 20:00:00+00:00,1.84465,1.84972,1.8442,1.8475,8531.0
2026-03-26 21:00:00+00:00,1.8478,1.84882,1.84744,1.84788,4238.0
2026-03-26 22:00:00+00:00,1.84789,1.84798,1.84698,1.84748,746.0
2026-03-26 23:00:00+00:00,1.84748,1.84748,1.84674,1.8473,509.0
2026-03-27 00:00:00+00:00,1.84718,1.84782,1.84656,1.8478,1406.0
2026-03-27 01:00:00+00:00,1.84788,1.84822,1.84726,1.8476,2280.0
2026-03-27 02:00:00+00:00,1.84764,1.84827,1.84729,1.84821,2273.0
2026-03-27 03:00:00+00:00,1.84818,1.84844,1.84744,1.84833,3392.0
2026-03-27 04:00:00+00:00,1.84832,1.8486,1.84792,1.84818,2243.0
2026-03-27 05:00:00+00:00,1.8482,1.84892,1.84756,1.84818,3780.0
2026-03-27 06:00:00+00:00,1.84824,1.84846,1.84704,1.84726,2788.0
2026-03-27 07:00:00+00:00,1.84723,1.84726,1.84388,1.844,3495.0
2026-03-27 08:00:00+00:00,1.84396,1.84476,1.84297,1.84412,5980.0
2026-03-27 09:00:00+00:00,1.84406,1.8444,1.8424,1.84331,3501.0
2026-03-27 10:00:00+00:00,1.84333,1.84423,1.84222,1.84236,2301.0
2026-03-27 11:00:00+00:00,1.84234,1.84286,1.84145,1.84161,3335.0
2026-03-27 12:00:00+00:00,1.8416,1.84234,1.84015,1.84194,2740.0
2026-03-27 13:00:00+00:00,1.84192,1.84418,1.8408,1.84336,3453.0
2026-03-27 14:00:00+00:00,1.84338,1.84624,1.84307,1.84557,4780.0
2026-03-27 15:00:00+00:00,1.84558,1.84888,1.84402,1.84483,3935.0
2026-03-27 16:00:00+00:00,1.84487,1.84559,1.84172,1.84278,2756.0
2026-03-27 17:00:00+00:00,1.84278,1.84389,1.84142,1.8423,2573.0
2026-03-27 18:00:00+00:00,1.84237,1.84294,1.84207,1.84265,2235.0
2026-03-27 19:00:00+00:00,1.84262,1.84288,1.84194,1.84234,2591.0
2026-03-27 20:00:00+00:00,1.8423,1.84398,1.84224,1.84245,3510.0
2026-03-29 21:00:00+00:00,1.8411,1.84317,1.84102,1.84223,1786.0
2026-03-29 22:00:00+00:00,1.8418,1.84344,1.83968,1.84007,3118.0
2026-03-29 23:00:00+00:00,1.84009,1.84085,1.83964,1.84,1629.0
2026-03-30 00:00:00+00:00,1.84,1.8416,1.8395,1.84027,3038.0
2026-03-30 01:00:00+00:00,1.84028,1.84118,1.84,1.84035,1499.0
2026-03-30 02:00:00+00:00,1.8403,1.84232,1.83992,1.84186,3405.0
2026-03-30 03:00:00+00:00,1.84186,1.84369,1.84184,1.84362,2405.0
2026-03-30 04:00:00+00:00,1.84364,1.84405,1.8433,1.8433,2068.0
2026-03-30 05:00:00+00:00,1.84332,1.8441,1.8433,1.84337,3172.0
2026-03-30 06:00:00+00:00,1.84336,1.84554,1.84276,1.8429,2689.0
2026-03-30 07:00:00+00:00,1.8429,1.84309,1.84096,1.84234,3070.0
2026-03-30 08:00:00+00:00,1.84232,1.84265,1.8412,1.84199,2723.0
2026-03-30 09:00:00+00:00,1.84202,1.84262,1.84038,1.8416,2426.0
2026-03-30 10:00:00+00:00,1.8416,1.84244,1.84005,1.84026,2494.0
2026-03-30 11:00:00+00:00,1.84032,1.84426,1.84026,1.84196,4021.0
2026-03-30 12:00:00+00:00,1.84197,1.8428,1.84082,1.842,2309.0
2026-03-30 13:00:00+00:00,1.84204,1.84304,1.8355,1.83658,6591.0
2026-03-30 14:00:00+00:00,1.83658,1.83852,1.83614,1.83716,9447.0
2026-03-30 15:00:00+00:00,1.8372,1.83776,1.83461,1.83631,5256.0
2026-03-30 16:00:00+00:00,1.83626,1.83672,1.83542,1.83657,4817.0
2026-03-30 17:00:00+00:00,1.83658,1.83718,1.83528,1.83566,5586.0
2026-03-30 18:00:00+00:00,1.83572,1.83698,1.8356,1.83616,5186.0
2026-03-30 19:00:00+00:00,1.8362,1.83668,1.83506,1.83665,3961.0
2026-03-30 20:00:00+00:00,1.83664,1.83672,1.83514,1.83572,4012.0
2026-03-30 21:00:00+00:00,1.83576,1.83632,1.83478,1.83592,4185.0
2026-03-30 22:00:00+00:00,1.83591,1.83626,1.83552,1.83559,546.0
2026-03-30 23:00:00+00:00,1.83558,1.83559,1.83417,1.83465,1062.0
2026-03-31 00:00:00+00:00,1.83464,1.83806,1.8338,1.83771,2580.0
2026-03-31 01:00:00+00:00,1.83778,1.84048,1.83762,1.83898,3589.0
2026-03-31 02:00:00+00:00,1.83899,1.83971,1.83861,1.83936,3225.0
2026-03-31 03:00:00+00:00,1.83936,1.83999,1.83868,1.83887,2579.0
2026-03-31 04:00:00+00:00,1.83886,1.83904,1.83844,1.83844,2973.0
2026-03-31 05:00:00+00:00,1.83844,1.83984,1.83799,1.8388,2535.0
2026-03-31 06:00:00+00:00,1.83876,1.84044,1.83837,1.83999,2204.0
2026-03-31 07:00:00+00:00,1.84004,1.84066,1.83833,1.83985,3582.0
2026-03-31 08:00:00+00:00,1.83988,1.8422,1.83932,1.8417,2565.0
2026-03-31 09:00:00+00:00,1.84171,1.84293,1.84092,1.84234,1760.0
2026-03-31 10:00:00+00:00,1.84232,1.84278,1.84014,1.8404,807.0
2026-03-31 11:00:00+00:00,1.84048,1.84429,1.8395,1.84428,3063.0
2026-03-31 12:00:00+00:00,1.84427,1.84646,1.84333,1.84514,4458.0
2026-03-31 13:00:00+00:00,1.84514,1.84748,1.84431,1.84716,4204.0
2026-03-31 14:00:00+00:00,1.84714,1.8487,1.83845,1.84033,5118.0
2026-03-31 15:00:00+00:00,1.84032,1.8449,1.83932,1.8397,9725.0
2026-03-31 16:00:00+00:00,1.8397,1.84358,1.83858,1.84151,15607.0
2026-03-31 17:00:00+00:00,1.84148,1.84527,1.84145,1.84385,7591.0
2026-03-31 18:00:00+00:00,1.84386,1.84556,1.84309,1.84324,2265.0
2026-03-31 19:00:00+00:00,1.84326,1.84384,1.84106,1.84152,7026.0
2026-03-31 20:00:00+00:00,1.84148,1.84198,1.83968,1.84064,5441.0
2026-03-31 21:00:00+00:00,1.84032,1.84104,1.83922,1.8397,1427.0
2026-03-31 22:00:00+00:00,1.83963,1.841,1.83928,1.8404,2870.0
2026-03-31 23:00:00+00:00,1.84038,1.84119,1.84006,1.84096,3922.0
