timestamp,open,high,low,close,volume
2025-01-02 07:00:00+00:00,7368.3,7403.8,7361.3,7365.0,1500.0
2025-01-02 08:00:00+00:00,7365.8,7398.8,7332.5,7337.5,6481.0
2025-01-02 09:00:00+00:00,7337.2,7347.8,7302.5,7311.5,4789.0
2025-01-02 10:00:00+00:00,7311.8,7313.8,7286.8,7291.0,3660.0
2025-01-02 11:00:00+00:00,7291.2,7320.5,7279.0,7319.8,2768.0
2025-01-02 12:00:00+00:00,7320.0,7341.5,7319.2,7330.2,3027.0
2025-01-02 13:00:00+00:00,7330.5,7351.8,7330.5,7337.8,2616.0
2025-01-02 14:00:00+00:00,7338.8,7371.8,7327.0,7364.5,5785.0
2025-01-02 15:00:00+00:00,7363.5,7395.8,7359.0,7393.5,7881.0
2025-01-02 16:00:00+00:00,7393.8,7403.3,7378.2,7386.6,5032.0
2025-01-02 17:00:00+00:00,7386.3,7392.6,7336.8,7351.6,4455.0
2025-01-02 18:00:00+00:00,7351.8,7351.8,7331.3,7340.6,3617.0
2025-01-02 19:00:00+00:00,7341.3,7356.3,7337.6,7344.6,2560.0
2025-01-02 20:00:00+00:00,7345.3,7362.8,7345.0,7357.6,2307.0
2025-01-03 07:00:00+00:00,7372.8,7386.6,7365.3,7380.6,1022.0
2025-01-03 08:00:00+00:00,7380.3,7387.5,7319.8,7322.0,5990.0
2025-01-03 09:00:00+00:00,7321.8,7349.8,7319.0,7344.3,3098.0
2025-01-03 10:00:00+00:00,7344.6,7345.3,7316.6,7320.0,2053.0
2025-01-03 11:00:00+00:00,7320.8,7344.0,7320.8,7339.6,1688.0
2025-01-03 12:00:00+00:00,7339.3,7342.6,7325.3,7332.3,1660.0
2025-01-03 13:00:00+00:00,7332.0,7335.8,7300.3,7308.3,2251.0
2025-01-03 14:00:00+00:00,7308.6,7320.8,7283.3,7293.0,4226.0
2025-01-03 15:00:00+00:00,7293.3,7297.8,7268.6,7286.8,5066.0
2025-01-03 16:00:00+00:00,7287.0,7289.3,7269.6,7273.1,2505.0
2025-01-03 17:00:00+00:00,7273.4,7279.6,7270.4,7275.8,941.0
2025-01-03 18:00:00+00:00,7276.1,7286.1,7271.6,7280.4,653.0
2025-01-03 19:00:00+00:00,7280.1,7285.6,7278.4,7280.1,674.0
2025-01-03 20:00:00+00:00,7279.4,7282.6,7275.6,7282.6,708.0
2025-01-06 07:00:00+00:00,7314.4,7336.1,7301.4,7323.1,1605.0
2025-01-06 08:00:00+00:00,7323.0,7338.8,7303.6,7324.8,4146.0
2025-01-06 09:00:00+00:00,7325.0,7345.0,7323.8,7327.4,3787.0
2025-01-06 10:00:00+00:00,7327.7,7328.0,7304.7,7319.2,2770.0
2025-01-06 11:00:00+00:00,7319.4,7432.0,7314.4,7431.7,6215.0
2025-01-06 12:00:00+00:00,7431.0,7457.4,7424.0,7427.2,4154.0
2025-01-06 13:00:00+00:00,7426.4,7426.4,7392.2,7417.4,3469.0
2025-01-06 14:00:00+00:00,7417.2,7423.4,7343.2,7397.7,7271.0
2025-01-06 15:00:00+00:00,7398.0,7441.4,7390.2,7439.2,5553.0
2025-01-06 16:00:00+00:00,7440.2,7457.8,7433.4,7447.8,3451.0
2025-01-06 17:00:00+00:00,7447.5,7447.5,7435.0,7437.8,1817.0
2025-01-06 18:00:00+00:00,7438.0,7438.2,7421.8,7422.8,1568.0
2025-01-06 19:00:00+00:00,7423.5,7423.5,7409.0,7409.8,1320.0
2025-01-06 20:00:00+00:00,7409.5,7413.8,7403.5,7413.8,1475.0
2025-01-07 07:00:00+00:00,7412.2,7445.2,7408.5,7443.0,993.0
2025-01-07 08:00:00+00:00,7443.0,7477.0,7418.0,7471.7,6305.0
2025-01-07 09:00:00+00:00,7472.7,7478.0,7450.0,7458.2,3630.0
2025-01-07 10:00:00+00:00,7458.4,7490.4,7458.4,7487.4,2789.0
2025-01-07 11:00:00+00:00,7487.2,7504.2,7485.7,7494.7,2673.0
2025-01-07 12:00:00+00:00,7494.4,7512.7,7493.4,7505.4,2140.0
2025-01-07 13:00:00+00:00,7505.7,7508.0,7489.4,7505.7,2426.0
2025-01-07 14:00:00+00:00,7505.4,7520.0,7497.0,7499.0,4051.0
2025-01-07 15:00:00+00:00,7499.2,7501.2,7477.0,7495.7,8456.0
2025-01-07 16:00:00+00:00,7495.4,7504.4,7482.5,7483.8,5396.0
2025-01-07 17:00:00+00:00,7483.5,7493.5,7474.8,7484.0,2297.0
2025-01-07 18:00:00+00:00,7484.2,7496.8,7484.0,7485.8,1184.0
2025-01-07 19:00:00+00:00,7486.8,7490.2,7477.2,7479.5,910.0
2025-01-07 20:00:00+00:00,7479.8,7480.2,7458.2,7475.2,1287.0
2025-01-08 07:00:00+00:00,7467.2,7482.5,7464.8,7482.5,632.0
2025-01-08 08:00:00+00:00,7479.2,7493.4,7470.2,7472.4,5874.0
2025-01-08 09:00:00+00:00,7472.2,7495.2,7469.2,7486.2,3604.0
2025-01-08 10:00:00+00:00,7486.0,7498.0,7485.2,7491.2,2667.0
2025-01-08 11:00:00+00:00,7490.4,7498.0,7405.7,7439.2,7429.0
2025-01-08 12:00:00+00:00,7438.2,7442.2,7403.2,7404.2,6201.0
2025-01-08 13:00:00+00:00,7404.4,7425.0,7399.7,7414.7,5496.0
2025-01-08 14:00:00+00:00,7414.4,7430.7,7396.0,7405.2,6209.0
2025-01-08 15:00:00+00:00,7404.4,7443.0,7402.2,7442.7,6327.0
2025-01-08 16:00:00+00:00,7442.4,7460.8,7431.4,7448.0,3765.0
2025-01-08 17:00:00+00:00,7448.2,7451.5,7412.8,7430.2,2707.0
2025-01-08 18:00:00+00:00,7430.0,7451.0,7427.5,7434.0,2398.0
2025-01-08 19:00:00+00:00,7433.8,7456.0,7429.0,7442.2,2823.0
2025-01-08 20:00:00+00:00,7442.0,7450.8,7438.2,7446.2,1468.0
2025-01-09 07:00:00+00:00,7426.2,7435.5,7403.2,7409.5,988.0
2025-01-09 08:00:00+00:00,7410.2,7456.7,7406.7,7454.2,6115.0
2025-01-09 09:00:00+00:00,7454.4,7458.7,7438.0,7453.7,3265.0
2025-01-09 10:00:00+00:00,7454.0,7472.4,7454.0,7469.0,2669.0
2025-01-09 11:00:00+00:00,7468.7,7482.4,7467.7,7473.7,2440.0
2025-01-09 12:00:00+00:00,7474.7,7489.7,7474.0,7489.2,2139.0
2025-01-09 13:00:00+00:00,7489.0,7500.7,7485.0,7496.2,2290.0
2025-01-09 14:00:00+00:00,7496.4,7504.0,7492.7,7499.0,1961.0
2025-01-09 15:00:00+00:00,7498.0,7503.7,7486.4,7497.0,1437.0
2025-01-09 16:00:00+00:00,7497.2,7499.0,7486.5,7494.0,1301.0
2025-01-09 17:00:00+00:00,7493.0,7494.2,7490.2,7491.5,206.0
2025-01-09 18:00:00+00:00,7491.8,7493.0,7490.2,7491.8,80.0
2025-01-09 19:00:00+00:00,7492.5,7494.0,7491.5,7493.8,43.0
2025-01-09 20:00:00+00:00,7493.5,7495.8,7491.8,7495.0,76.0
2025-01-10 07:00:00+00:00,7480.0,7487.0,7468.8,7479.2,1032.0
2025-01-10 08:00:00+00:00,7480.0,7512.4,7476.2,7508.7,5078.0
2025-01-10 09:00:00+00:00,7509.0,7511.7,7471.7,7494.4,2895.0
2025-01-10 10:00:00+00:00,7494.7,7515.2,7493.7,7501.0,2422.0
2025-01-10 11:00:00+00:00,7500.7,7520.7,7500.7,7509.7,2150.0
2025-01-10 12:00:00+00:00,7510.7,7512.2,7496.0,7501.4,2493.0
2025-01-10 13:00:00+00:00,7501.2,7503.7,7458.2,7469.2,7111.0
2025-01-10 14:00:00+00:00,7469.0,7499.7,7466.7,7472.2,6849.0
2025-01-10 15:00:00+00:00,7472.0,7472.0,7432.4,7435.7,8957.0
2025-01-10 16:00:00+00:00,7435.4,7444.2,7414.7,7433.0,5930.0
2025-01-10 17:00:00+00:00,7433.5,7454.5,7426.0,7452.5,2566.0
2025-01-10 18:00:00+00:00,7452.2,7475.2,7446.8,7473.5,2094.0
2025-01-10 19:00:00+00:00,7473.8,7473.8,7455.0,7459.8,1914.0
2025-01-10 20:00:00+00:00,7459.5,7459.5,7440.2,7450.5,2217.0
2025-01-13 07:00:00+00:00,7415.8,7415.8,7389.8,7402.2,1493.0
2025-01-13 08:00:00+00:00,7401.5,7412.7,7378.7,7385.7,5994.0
2025-01-13 09:00:00+00:00,7386.0,7387.2,7359.4,7361.7,4109.0
2025-01-13 10:00:00+00:00,7361.4,7381.5,7359.4,7373.0,2653.0
2025-01-13 11:00:00+00:00,7372.8,7376.2,7353.5,7373.0,2632.0
2025-01-13 12:00:00+00:00,7373.8,7400.5,7365.0,7394.0,3346.0
2025-01-13 13:00:00+00:00,7394.8,7403.5,7385.0,7390.0,2788.0
2025-01-13 14:00:00+00:00,7390.8,7416.8,7383.5,7414.2,5362.0
2025-01-13 15:00:00+00:00,7414.0,7426.5,7405.0,7416.0,5199.0
2025-01-13 16:00:00+00:00,7416.8,7416.8,7402.8,7403.6,3489.0
2025-01-13 17:00:00+00:00,7403.8,7435.0,7401.6,7434.6,2044.0
2025-01-13 18:00:00+00:00,7434.3,7446.8,7430.6,7446.3,1633.0
2025-01-13 19:00:00+00:00,7446.0,7451.0,7438.3,7449.0,1416.0
2025-01-13 20:00:00+00:00,7448.0,7459.3,7445.6,7458.8,1117.0
2025-01-14 07:00:00+00:00,7470.4,7500.6,7466.1,7479.6,1303.0
2025-01-14 08:00:00+00:00,7479.8,7495.3,7470.8,7473.3,5860.0
2025-01-14 09:00:00+00:00,7472.6,7485.7,7467.7,7479.4,3135.0
2025-01-14 10:00:00+00:00,7479.7,7497.4,7476.2,7496.7,2063.0
2025-01-14 11:00:00+00:00,7497.0,7502.0,7480.4,7487.2,1780.0
2025-01-14 12:00:00+00:00,7487.4,7487.7,7464.2,7478.7,2114.0
2025-01-14 13:00:00+00:00,7479.0,7498.4,7466.0,7471.7,3480.0
2025-01-14 14:00:00+00:00,7472.7,7473.7,7433.7,7436.4,5034.0
2025-01-14 15:00:00+00:00,7436.7,7451.0,7432.4,7436.7,4857.0
2025-01-14 16:00:00+00:00,7437.7,7438.7,7413.0,7413.2,4216.0
2025-01-14 17:00:00+00:00,7413.0,7431.5,7411.5,7429.8,1876.0
2025-01-14 18:00:00+00:00,7429.5,7453.0,7429.5,7449.0,1323.0
2025-01-14 19:00:00+00:00,7448.8,7450.8,7426.0,7427.8,1437.0
2025-01-14 20:00:00+00:00,7427.5,7440.0,7419.8,7436.2,2540.0
2025-01-15 07:00:00+00:00,7444.2,7455.8,7441.8,7448.0,831.0
2025-01-15 08:00:00+00:00,7448.0,7451.0,7415.0,7424.7,4875.0
2025-01-15 09:00:00+00:00,7424.0,7437.2,7420.4,7427.2,2357.0
2025-01-15 10:00:00+00:00,7427.0,7453.7,7420.4,7447.2,2193.0
2025-01-15 11:00:00+00:00,7448.2,7476.4,7447.0,7470.7,1953.0
2025-01-15 12:00:00+00:00,7471.7,7479.2,7464.4,7466.7,1992.0
2025-01-15 13:00:00+00:00,7465.7,7516.2,7455.7,7510.4,5774.0
2025-01-15 14:00:00+00:00,7510.7,7515.2,7481.0,7500.2,5238.0
2025-01-15 15:00:00+00:00,7499.4,7506.2,7489.7,7494.4,4254.0
2025-01-15 16:00:00+00:00,7494.7,7501.2,7475.0,7482.0,3165.0
2025-01-15 17:00:00+00:00,7481.8,7485.2,7477.2,7478.0,1464.0
2025-01-15 18:00:00+00:00,7477.8,7486.0,7477.8,7484.5,673.0
2025-01-15 19:00:00+00:00,7484.2,7489.5,7480.5,7488.5,598.0
2025-01-15 20:00:00+00:00,7488.8,7492.8,7481.5,7481.5,605.0
2025-01-16 07:00:00+00:00,7515.8,7585.2,7515.5,7585.2,1867.0
2025-01-16 08:00:00+00:00,7584.5,7595.0,7566.0,7574.2,8838.0
2025-01-16 09:00:00+00:00,7574.4,7617.4,7573.2,7606.2,4912.0
2025-01-16 10:00:00+00:00,7606.4,7633.2,7601.0,7620.2,3904.0
2025-01-16 11:00:00+00:00,7620.4,7628.2,7616.2,7623.7,3073.0
2025-01-16 12:00:00+00:00,7623.4,7632.2,7619.0,7626.0,1940.0
2025-01-16 13:00:00+00:00,7626.2,7633.2,7615.4,7621.0,2044.0
2025-01-16 14:00:00+00:00,7620.4,7635.0,7608.0,7609.7,2850.0
2025-01-16 15:00:00+00:00,7610.0,7619.2,7601.7,7619.2,3631.0
2025-01-16 16:00:00+00:00,7619.0,7645.0,7616.0,7644.8,2548.0
2025-01-16 17:00:00+00:00,7644.5,7652.0,7642.2,7650.2,800.0
2025-01-16 18:00:00+00:00,7649.5,7651.5,7638.0,7643.5,734.0
2025-01-16 19:00:00+00:00,7643.2,7655.0,7640.5,7652.8,949.0
2025-01-16 20:00:00+00:00,7652.5,7655.0,7638.8,7639.8,781.0
2025-01-17 07:00:00+00:00,7644.0,7677.2,7641.2,7673.2,1250.0
2025-01-17 08:00:00+00:00,7674.0,7702.7,7668.7,7700.7,5149.0
2025-01-17 09:00:00+00:00,7701.0,7726.7,7701.0,7710.2,3515.0
2025-01-17 10:00:00+00:00,7710.0,7724.4,7694.2,7709.7,3097.0
2025-01-17 11:00:00+00:00,7710.0,7724.4,7709.0,7721.4,2022.0
2025-01-17 12:00:00+00:00,7721.2,7723.2,7708.0,7716.4,2051.0
2025-01-17 13:00:00+00:00,7716.2,7731.4,7711.2,7717.7,2137.0
2025-01-17 14:00:00+00:00,7718.0,7735.0,7708.2,7731.4,4009.0
2025-01-17 15:00:00+00:00,7731.2,7734.7,7711.0,7713.2,3756.0
2025-01-17 16:00:00+00:00,7713.4,7719.4,7710.7,7716.2,2022.0
2025-01-17 17:00:00+00:00,7716.0,7719.5,7710.5,7715.8,896.0
2025-01-17 18:00:00+00:00,7715.5,7716.0,7707.5,7711.5,963.0
2025-01-17 19:00:00+00:00,7712.2,7717.2,7710.5,7714.2,720.0
2025-01-17 20:00:00+00:00,7714.0,7725.8,7710.0,7720.8,799.0
2025-01-20 07:00:00+00:00,7725.5,7734.5,7719.5,7720.2,754.0
2025-01-20 08:00:00+00:00,7720.2,7741.7,7718.2,7729.7,3717.0
2025-01-20 09:00:00+00:00,7730.0,7741.0,7723.2,7726.4,2370.0
2025-01-20 10:00:00+00:00,7726.2,7730.9,7718.6,7723.9,2019.0
2025-01-20 11:00:00+00:00,7724.2,7727.9,7711.6,7712.4,1351.0
2025-01-20 12:00:00+00:00,7712.2,7724.2,7711.2,7719.9,1544.0
2025-01-20 13:00:00+00:00,7720.2,7760.4,7709.6,7756.9,4960.0
2025-01-20 14:00:00+00:00,7756.6,7770.6,7745.4,7760.2,3921.0
2025-01-20 15:00:00+00:00,7759.9,7761.9,7734.2,7737.4,2999.0
2025-01-20 16:00:00+00:00,7737.6,7741.6,7729.2,7734.2,1899.0
2025-01-20 17:00:00+00:00,7734.0,7739.0,7684.2,7724.0,1919.0
2025-01-20 18:00:00+00:00,7724.2,7729.4,7716.2,7727.7,143.0
2025-01-20 19:00:00+00:00,7728.0,7738.0,7727.7,7737.4,86.0
2025-01-20 20:00:00+00:00,7736.7,7743.4,7736.7,7743.4,78.0
2025-01-21 07:00:00+00:00,7722.4,7740.4,7717.7,7726.7,1064.0
2025-01-21 08:00:00+00:00,7727.0,7749.9,7714.6,7739.9,5041.0
2025-01-21 09:00:00+00:00,7740.2,7754.0,7731.4,7753.0,3165.0
2025-01-21 10:00:00+00:00,7753.2,7762.5,7738.5,7738.5,2740.0
2025-01-21 11:00:00+00:00,7739.2,7749.5,7735.2,7743.0,2346.0
2025-01-21 12:00:00+00:00,7742.8,7753.0,7741.2,7746.0,1975.0
2025-01-21 13:00:00+00:00,7746.2,7763.0,7738.5,7757.8,2148.0
2025-01-21 14:00:00+00:00,7757.5,7770.5,7756.2,7770.2,4085.0
2025-01-21 15:00:00+00:00,7771.0,7773.8,7759.2,7766.2,3934.0
2025-01-21 16:00:00+00:00,7766.0,7779.8,7764.2,7776.6,2063.0
2025-01-21 17:00:00+00:00,7776.3,7781.3,7771.0,7779.8,940.0
2025-01-21 18:00:00+00:00,7779.0,7780.8,7776.3,7779.6,687.0
2025-01-21 19:00:00+00:00,7779.3,7782.3,7774.8,7781.6,630.0
2025-01-21 20:00:00+00:00,7781.3,7793.0,7780.8,7791.0,613.0
2025-01-22 07:00:00+00:00,7781.8,7787.3,7769.3,7777.3,768.0
2025-01-22 08:00:00+00:00,7776.6,7826.8,7774.5,7825.0,5418.0
2025-01-22 09:00:00+00:00,7825.2,7841.2,7825.0,7829.2,3223.0
2025-01-22 10:00:00+00:00,7828.5,7836.8,7825.0,7831.0,2054.0
2025-01-22 11:00:00+00:00,7830.8,7849.8,7829.8,7847.2,2012.0
2025-01-22 12:00:00+00:00,7847.5,7879.5,7843.8,7853.8,2673.0
2025-01-22 13:00:00+00:00,7853.0,7864.8,7843.2,7849.0,2196.0
2025-01-22 14:00:00+00:00,7849.2,7851.5,7827.8,7833.5,3571.0
2025-01-22 15:00:00+00:00,7833.2,7841.8,7820.8,7822.5,3767.0
2025-01-22 16:00:00+00:00,7822.8,7849.3,7821.8,7843.6,2129.0
2025-01-22 17:00:00+00:00,7843.3,7844.3,7833.0,7834.0,744.0
2025-01-22 18:00:00+00:00,7833.8,7838.3,7827.8,7830.6,637.0
2025-01-22 19:00:00+00:00,7830.8,7831.6,7826.6,7830.3,585.0
2025-01-22 20:00:00+00:00,7830.0,7832.6,7824.3,7827.3,709.0
2025-01-23 07:00:00+00:00,7835.0,7852.3,7833.0,7849.0,719.0
2025-01-23 08:00:00+00:00,7850.3,7859.5,7830.5,7831.0,4537.0
2025-01-23 09:00:00+00:00,7830.8,7853.0,7830.2,7851.0,2716.0
2025-01-23 10:00:00+00:00,7851.2,7864.8,7851.0,7863.0,1882.0
2025-01-23 11:00:00+00:00,7862.2,7877.8,7860.8,7868.5,1688.0
2025-01-23 12:00:00+00:00,7868.2,7874.8,7864.8,7871.0,1538.0
2025-01-23 13:00:00+00:00,7870.8,7886.0,7863.2,7877.5,1902.0
2025-01-23 14:00:00+00:00,7877.8,7887.2,7870.5,7874.8,2799.0
2025-01-23 15:00:00+00:00,7876.2,7895.2,7872.2,7891.5,2375.0
2025-01-23 16:00:00+00:00,7891.2,7910.0,7880.2,7904.6,3616.0
2025-01-23 17:00:00+00:00,7904.8,7919.6,7902.0,7915.0,969.0
2025-01-23 18:00:00+00:00,7915.3,7917.0,7909.0,7912.6,673.0
2025-01-23 19:00:00+00:00,7911.8,7913.3,7902.3,7909.0,777.0
2025-01-23 20:00:00+00:00,7908.8,7922.6,7908.0,7921.6,668.0
2025-01-24 07:00:00+00:00,7924.6,7957.6,7924.6,7954.8,1047.0
2025-01-24 08:00:00+00:00,7955.0,7989.8,7949.0,7989.2,4708.0
2025-01-24 09:00:00+00:00,7989.5,7992.5,7964.4,7975.9,3290.0
2025-01-24 10:00:00+00:00,7975.6,7982.6,7957.9,7973.4,2364.0
2025-01-24 11:00:00+00:00,7973.6,7977.6,7959.4,7961.4,2073.0
2025-01-24 12:00:00+00:00,7961.2,7961.6,7946.2,7951.9,2091.0
2025-01-24 13:00:00+00:00,7951.2,7956.2,7933.9,7935.2,2199.0
2025-01-24 14:00:00+00:00,7934.9,7941.9,7916.4,7919.4,3309.0
2025-01-24 15:00:00+00:00,7919.6,7930.9,7905.9,7918.9,3903.0
2025-01-24 16:00:00+00:00,7919.2,7937.2,7917.6,7928.4,2165.0
2025-01-24 17:00:00+00:00,7928.2,7931.2,7922.4,7923.7,1020.0
2025-01-24 18:00:00+00:00,7923.4,7929.4,7918.0,7920.0,862.0
2025-01-24 19:00:00+00:00,7919.2,7933.4,7918.7,7926.0,738.0
2025-01-24 20:00:00+00:00,7925.7,7929.0,7916.7,7921.7,686.0
2025-01-27 07:00:00+00:00,7869.2,7893.7,7838.7,7844.0,2653.0
2025-01-27 08:00:00+00:00,7844.2,7898.4,7844.0,7860.4,10254.0
2025-01-27 09:00:00+00:00,7861.2,7880.2,7852.9,7874.9,5227.0
2025-01-27 10:00:00+00:00,7875.2,7876.6,7848.4,7854.9,5107.0
2025-01-27 11:00:00+00:00,7854.2,7870.9,7848.2,7865.6,4625.0
2025-01-27 12:00:00+00:00,7865.9,7887.6,7865.4,7876.9,3330.0
2025-01-27 13:00:00+00:00,7877.2,7893.2,7873.6,7891.6,3363.0
2025-01-27 14:00:00+00:00,7891.9,7917.6,7878.9,7917.4,5458.0
2025-01-27 15:00:00+00:00,7918.2,7931.4,7908.9,7915.9,5705.0
2025-01-27 16:00:00+00:00,7916.2,7921.2,7904.7,7912.0,3643.0
2025-01-27 17:00:00+00:00,7912.2,7927.2,7908.4,7916.7,2397.0
2025-01-27 18:00:00+00:00,7917.0,7927.7,7914.7,7920.0,1677.0
2025-01-27 19:00:00+00:00,7919.2,7939.0,7919.0,7924.7,1670.0
2025-01-27 20:00:00+00:00,7924.4,7941.2,7924.2,7938.2,1451.0
2025-01-28 07:00:00+00:00,7900.7,7914.2,7885.7,7904.7,1676.0
2025-01-28 08:00:00+00:00,7904.0,7913.6,7879.9,7910.6,7564.0
2025-01-28 09:00:00+00:00,7911.4,7939.6,7908.4,7937.9,3543.0
2025-01-28 10:00:00+00:00,7938.2,7951.9,7935.6,7939.4,2722.0
2025-01-28 11:00:00+00:00,7939.6,7946.2,7932.4,7932.9,2292.0
2025-01-28 12:00:00+00:00,7933.2,7944.4,7922.2,7943.2,2159.0
2025-01-28 13:00:00+00:00,7943.4,7956.6,7938.2,7954.6,1831.0
2025-01-28 14:00:00+00:00,7954.9,7957.6,7912.6,7924.9,4590.0
2025-01-28 15:00:00+00:00,7926.4,7938.0,7915.9,7928.8,3894.0
2025-01-28 16:00:00+00:00,7929.0,7932.8,7831.3,7849.0,5009.0
2025-01-28 17:00:00+00:00,7848.8,7891.0,7847.6,7880.6,2275.0
2025-01-28 18:00:00+00:00,7880.8,7890.6,7878.3,7878.3,1273.0
2025-01-28 19:00:00+00:00,7878.6,7898.0,7872.8,7895.8,1017.0
2025-01-28 20:00:00+00:00,7895.6,7902.8,7890.3,7899.0,860.0
2025-01-29 07:00:00+00:00,7920.3,7920.8,7877.8,7896.0,1464.0
2025-01-29 08:00:00+00:00,7895.8,7909.0,7856.8,7859.0,6298.0
2025-01-29 09:00:00+00:00,7858.2,7882.5,7850.5,7871.2,4427.0
2025-01-29 10:00:00+00:00,7871.5,7895.2,7871.2,7885.0,2739.0
2025-01-29 11:00:00+00:00,7885.2,7888.0,7877.5,7882.5,1827.0
2025-01-29 12:00:00+00:00,7881.8,7888.0,7874.8,7882.0,2024.0
2025-01-29 13:00:00+00:00,7882.2,7882.8,7850.8,7863.0,2435.0
2025-01-29 14:00:00+00:00,7862.8,7875.2,7862.5,7874.0,3168.0
2025-01-29 15:00:00+00:00,7874.2,7884.0,7866.8,7869.8,3201.0
2025-01-29 16:00:00+00:00,7870.0,7885.6,7864.2,7883.0,2370.0
2025-01-29 17:00:00+00:00,7882.8,7890.3,7878.8,7879.6,1093.0
2025-01-29 18:00:00+00:00,7879.3,7882.6,7865.3,7879.0,1698.0
2025-01-29 19:00:00+00:00,7869.8,7885.0,7852.8,7879.3,4491.0
2025-01-29 20:00:00+00:00,7877.8,7888.0,7868.3,7881.0,2283.0
2025-01-30 07:00:00+00:00,7879.6,7904.8,7877.3,7899.0,1025.0
2025-01-30 08:00:00+00:00,7899.3,7914.0,7887.8,7904.5,4666.0
2025-01-30 09:00:00+00:00,7904.8,7913.8,7889.2,7901.0,3121.0
2025-01-30 10:00:00+00:00,7899.8,7922.0,7893.5,7919.8,2517.0
2025-01-30 11:00:00+00:00,7920.0,7921.8,7912.0,7917.8,1762.0
2025-01-30 12:00:00+00:00,7918.8,7922.2,7908.8,7916.2,1706.0
2025-01-30 13:00:00+00:00,7916.0,7928.8,7913.5,7925.8,2138.0
2025-01-30 14:00:00+00:00,7925.5,7939.2,7923.5,7926.8,3365.0
2025-01-30 15:00:00+00:00,7927.0,7954.2,7918.0,7938.2,3406.0
2025-01-30 16:00:00+00:00,7938.0,7964.8,7937.5,7960.3,2532.0
2025-01-30 17:00:00+00:00,7960.0,7966.3,7951.8,7966.3,1429.0
2025-01-30 18:00:00+00:00,7966.6,7979.3,7966.6,7977.3,853.0
2025-01-30 19:00:00+00:00,7977.0,7982.6,7975.8,7980.3,661.0
2025-01-30 20:00:00+00:00,7980.0,7983.0,7931.3,7953.8,1985.0
2025-01-31 07:00:00+00:00,7951.6,7969.8,7947.0,7958.8,914.0
2025-01-31 08:00:00+00:00,7958.0,7976.2,7947.8,7968.0,4249.0
2025-01-31 09:00:00+00:00,7968.2,7988.5,7961.2,7963.5,2863.0
2025-01-31 10:00:00+00:00,7963.8,7975.0,7956.0,7972.5,2246.0
2025-01-31 11:00:00+00:00,7972.8,7987.2,7971.8,7982.0,1450.0
2025-01-31 12:00:00+00:00,7982.8,7998.0,7976.0,7978.0,1730.0
2025-01-31 13:00:00+00:00,7978.2,7981.8,7970.5,7974.5,2008.0
2025-01-31 14:00:00+00:00,7974.8,7974.8,7942.5,7947.2,3288.0
2025-01-31 15:00:00+00:00,7947.0,7957.5,7944.8,7949.5,2446.0
2025-01-31 16:00:00+00:00,7949.2,7954.6,7929.0,7945.6,2603.0
2025-01-31 17:00:00+00:00,7945.8,7970.8,7938.0,7966.3,1775.0
2025-01-31 18:00:00+00:00,7966.0,7975.0,7914.6,7925.3,4528.0
2025-01-31 19:00:00+00:00,7925.6,7929.6,7906.8,7917.6,3164.0
2025-01-31 20:00:00+00:00,7916.6,7925.0,7902.6,7918.8,3269.0
2025-02-03 07:00:00+00:00,7766.8,7802.0,7758.0,7770.8,3650.0
2025-02-03 08:00:00+00:00,7772.6,7840.0,7772.5,7834.5,9108.0
2025-02-03 09:00:00+00:00,7834.8,7837.0,7796.5,7797.5,4384.0
2025-02-03 10:00:00+00:00,7797.8,7819.0,7795.0,7816.5,3488.0
2025-02-03 11:00:00+00:00,7816.8,7829.0,7812.8,7814.0,2289.0
2025-02-03 12:00:00+00:00,7813.8,7826.2,7798.5,7803.8,2616.0
2025-02-03 13:00:00+00:00,7804.0,7842.2,7804.0,7834.5,3870.0
2025-02-03 14:00:00+00:00,7834.2,7835.5,7801.8,7806.2,6303.0
2025-02-03 15:00:00+00:00,7806.0,7877.5,7799.2,7852.0,14153.0
2025-02-03 16:00:00+00:00,7851.8,7862.3,7834.5,7844.0,7434.0
2025-02-03 17:00:00+00:00,7844.3,7845.3,7814.3,7829.3,4404.0
2025-02-03 18:00:00+00:00,7829.0,7842.0,7817.3,7840.6,2679.0
2025-02-03 19:00:00+00:00,7840.3,7861.0,7837.6,7856.6,1525.0
2025-02-03 20:00:00+00:00,7857.6,7858.6,7835.3,7836.8,1467.0
2025-02-04 07:00:00+00:00,7839.0,7863.8,7833.0,7860.3,1702.0
2025-02-04 08:00:00+00:00,7859.3,7875.0,7806.2,7832.2,7810.0
2025-02-04 09:00:00+00:00,7832.5,7862.2,7832.5,7859.5,3872.0
2025-02-04 10:00:00+00:00,7860.5,7879.0,7859.2,7869.5,2713.0
2025-02-04 11:00:00+00:00,7869.8,7876.8,7858.5,7875.0,2731.0
2025-02-04 12:00:00+00:00,7876.0,7883.5,7868.8,7876.8,1953.0
2025-02-04 13:00:00+00:00,7876.5,7887.5,7870.0,7884.2,2182.0
2025-02-04 14:00:00+00:00,7884.0,7916.5,7881.2,7915.2,3605.0
2025-02-04 15:00:00+00:00,7915.5,7921.2,7897.8,7901.8,4572.0
2025-02-04 16:00:00+00:00,7901.5,7916.3,7900.0,7912.0,2773.0
2025-02-04 17:00:00+00:00,7912.3,7915.8,7896.6,7911.0,1423.0
2025-02-04 18:00:00+00:00,7910.8,7911.0,7892.8,7893.0,652.0
2025-02-04 19:00:00+00:00,7893.3,7910.0,7893.3,7903.0,914.0
2025-02-04 20:00:00+00:00,7903.3,7905.8,7895.8,7905.8,750.0
2025-02-05 07:00:00+00:00,7872.3,7892.8,7869.8,7879.6,1055.0
2025-02-05 08:00:00+00:00,7877.6,7904.0,7872.0,7883.0,5260.0
2025-02-05 09:00:00+00:00,7882.8,7893.5,7871.8,7877.5,3222.0
2025-02-05 10:00:00+00:00,7876.8,7891.5,7875.0,7889.0,2238.0
2025-02-05 11:00:00+00:00,7890.5,7900.8,7888.8,7896.8,1485.0
2025-02-05 12:00:00+00:00,7897.0,7899.0,7891.0,7893.2,1491.0
2025-02-05 13:00:00+00:00,7893.5,7894.5,7885.0,7891.2,1602.0
2025-02-05 14:00:00+00:00,7891.5,7896.5,7874.5,7875.0,2591.0
2025-02-05 15:00:00+00:00,7877.8,7887.5,7859.0,7885.2,4370.0
2025-02-05 16:00:00+00:00,7884.5,7900.0,7875.2,7898.6,2851.0
2025-02-05 17:00:00+00:00,7898.3,7899.3,7894.0,7898.6,1095.0
2025-02-05 18:00:00+00:00,7898.8,7906.6,7894.8,7903.6,993.0
2025-02-05 19:00:00+00:00,7902.8,7909.3,7901.0,7901.8,643.0
2025-02-05 20:00:00+00:00,7902.0,7913.8,7901.8,7906.6,601.0
2025-02-06 07:00:00+00:00,7915.8,7926.3,7904.6,7914.0,1067.0
2025-02-06 08:00:00+00:00,7914.0,7947.8,7904.5,7941.5,5089.0
2025-02-06 09:00:00+00:00,7941.8,7951.8,7934.5,7947.2,2313.0
2025-02-06 10:00:00+00:00,7947.5,7959.8,7939.8,7941.0,2308.0
2025-02-06 11:00:00+00:00,7940.8,7955.8,7933.0,7951.5,2513.0
2025-02-06 12:00:00+00:00,7951.2,7973.5,7951.2,7970.8,2061.0
2025-02-06 13:00:00+00:00,7971.0,7977.8,7961.8,7970.5,1673.0
2025-02-06 14:00:00+00:00,7971.2,7996.8,7970.8,7995.2,3427.0
2025-02-06 15:00:00+00:00,7995.5,8010.2,7988.2,7991.5,4313.0
2025-02-06 16:00:00+00:00,7991.2,8026.2,7989.8,8009.0,3130.0
2025-02-06 17:00:00+00:00,8008.8,8009.0,7988.8,8001.6,1295.0
2025-02-06 18:00:00+00:00,8001.3,8004.8,7993.0,7995.6,785.0
2025-02-06 19:00:00+00:00,7995.3,7999.3,7979.6,7986.0,1173.0
2025-02-06 20:00:00+00:00,7986.3,7999.6,7985.3,7993.6,774.0
2025-02-07 07:00:00+00:00,8005.6,8006.3,7991.8,7992.6,757.0
2025-02-07 08:00:00+00:00,7993.3,8029.0,7993.0,8015.0,5125.0
2025-02-07 09:00:00+00:00,8015.2,8018.2,7994.0,8004.5,2671.0
2025-02-07 10:00:00+00:00,8004.8,8007.2,7991.2,7998.8,2226.0
2025-02-07 11:00:00+00:00,7997.2,8007.0,7995.8,8003.5,1393.0
2025-02-07 12:00:00+00:00,8002.8,8007.0,7992.8,7997.0,1574.0
2025-02-07 13:00:00+00:00,7997.2,8002.2,7984.2,7996.0,2934.0
2025-02-07 14:00:00+00:00,7995.8,8001.2,7983.8,7998.5,3030.0
2025-02-07 15:00:00+00:00,7998.2,7998.2,7952.0,7977.8,6289.0
2025-02-07 16:00:00+00:00,7978.0,7981.8,7958.3,7964.3,5066.0
2025-02-07 17:00:00+00:00,7964.0,7983.0,7956.8,7974.0,2207.0
2025-02-07 18:00:00+00:00,7973.3,7983.0,7964.3,7964.8,599.0
2025-02-07 19:00:00+00:00,7965.0,7970.3,7961.3,7962.8,506.0
2025-02-07 20:00:00+00:00,7962.6,7962.6,7950.3,7950.3,529.0
2025-02-10 07:00:00+00:00,7978.3,7990.8,7975.0,7976.3,634.0
2025-02-10 08:00:00+00:00,7978.6,8005.5,7976.2,7985.0,3552.0
2025-02-10 09:00:00+00:00,7985.2,7993.2,7971.5,7972.0,2220.0
2025-02-10 10:00:00+00:00,7971.8,7995.2,7970.5,7991.0,2033.0
2025-02-10 11:00:00+00:00,7990.8,8002.8,7988.5,7990.5,1609.0
2025-02-10 12:00:00+00:00,7990.8,8000.5,7989.2,7991.8,1546.0
2025-02-10 13:00:00+00:00,7992.0,8003.2,7988.8,7999.5,1521.0
2025-02-10 14:00:00+00:00,7999.8,8000.8,7978.8,7995.5,2662.0
2025-02-10 15:00:00+00:00,7995.8,8006.8,7991.2,8000.2,2472.0
2025-02-10 16:00:00+00:00,7999.5,8015.2,7999.5,8005.3,2568.0
2025-02-10 17:00:00+00:00,8005.6,8015.0,8005.6,8014.6,681.0
2025-02-10 18:00:00+00:00,8013.8,8016.6,8009.8,8012.6,358.0
2025-02-10 19:00:00+00:00,8012.3,8015.8,8009.3,8012.0,426.0
2025-02-10 20:00:00+00:00,8011.8,8015.8,8008.6,8013.6,456.0
2025-02-11 07:00:00+00:00,8008.3,8010.8,7998.8,8001.0,506.0
2025-02-11 08:00:00+00:00,8002.0,8038.5,8001.8,8013.5,4631.0
2025-02-11 09:00:00+00:00,8014.2,8021.8,7999.5,8005.0,2314.0
2025-02-11 10:00:00+00:00,8004.8,8013.0,8003.8,8005.5,1504.0
2025-02-11 11:00:00+00:00,8005.8,8009.5,7999.2,8007.5,1137.0
2025-02-11 12:00:00+00:00,8007.2,8010.0,7993.8,8009.5,1479.0
2025-02-11 13:00:00+00:00,8010.2,8027.8,8009.0,8021.2,1870.0
2025-02-11 14:00:00+00:00,8021.0,8027.8,8015.8,8024.5,2498.0
2025-02-11 15:00:00+00:00,8024.8,8035.0,8023.0,8029.0,2799.0
2025-02-11 16:00:00+00:00,8029.2,8034.5,8024.0,8027.6,1855.0
2025-02-11 17:00:00+00:00,8027.8,8027.8,8022.3,8025.3,828.0
2025-02-11 18:00:00+00:00,8025.0,8035.3,8023.3,8030.6,673.0
2025-02-11 19:00:00+00:00,8030.3,8050.6,8028.6,8044.3,715.0
2025-02-11 20:00:00+00:00,8044.0,8051.8,8043.8,8046.3,755.0
2025-02-12 07:00:00+00:00,8042.8,8047.8,8037.3,8041.3,582.0
2025-02-12 08:00:00+00:00,8042.0,8065.8,8037.8,8058.0,4415.0
2025-02-12 09:00:00+00:00,8058.2,8059.5,8039.8,8050.2,2560.0
2025-02-12 10:00:00+00:00,8049.5,8052.5,8032.8,8040.2,2304.0
2025-02-12 11:00:00+00:00,8040.0,8042.2,8020.8,8022.5,2527.0
2025-02-12 12:00:00+00:00,8022.8,8036.8,8020.2,8028.0,1706.0
2025-02-12 13:00:00+00:00,8028.2,8030.0,7978.2,8003.0,5117.0
2025-02-12 14:00:00+00:00,8004.0,8023.0,7988.0,8022.5,4022.0
2025-02-12 15:00:00+00:00,8022.8,8061.8,8020.2,8055.0,4618.0
2025-02-12 16:00:00+00:00,8055.2,8063.0,8035.8,8062.6,3012.0
2025-02-12 17:00:00+00:00,8062.3,8099.3,8059.0,8096.8,3013.0
2025-02-12 18:00:00+00:00,8096.6,8099.6,8082.0,8090.8,1413.0
2025-02-12 19:00:00+00:00,8090.3,8104.8,8085.6,8103.0,957.0
2025-02-12 20:00:00+00:00,8103.3,8108.6,8099.8,8102.3,1023.0
2025-02-13 07:00:00+00:00,8114.6,8133.6,8098.3,8117.0,1574.0
2025-02-13 08:00:00+00:00,8117.3,8128.2,8088.0,8097.0,7557.0
2025-02-13 09:00:00+00:00,8096.8,8129.0,8092.5,8123.2,3811.0
2025-02-13 10:00:00+00:00,8123.5,8149.5,8120.0,8149.2,3137.0
2025-02-13 11:00:00+00:00,8149.0,8169.0,8126.0,8144.5,4495.0
2025-02-13 12:00:00+00:00,8144.2,8152.0,8134.0,8150.0,2639.0
2025-02-13 13:00:00+00:00,8149.8,8161.0,8142.5,8150.5,2901.0
2025-02-13 14:00:00+00:00,8151.5,8167.2,8144.8,8165.5,3243.0
2025-02-13 15:00:00+00:00,8166.2,8176.8,8142.0,8155.0,4202.0
2025-02-13 16:00:00+00:00,8154.8,8162.8,8142.8,8145.8,2725.0
2025-02-13 17:00:00+00:00,8145.6,8151.6,8135.3,8138.6,1087.0
2025-02-13 18:00:00+00:00,8138.8,8143.6,8090.8,8129.0,4163.0
2025-02-13 19:00:00+00:00,8128.8,8149.8,8123.8,8124.6,1119.0
2025-02-13 20:00:00+00:00,8124.8,8127.3,8107.0,8114.0,890.0
2025-02-14 07:00:00+00:00,8129.6,8162.0,8129.6,8154.3,885.0
2025-02-14 08:00:00+00:00,8154.0,8185.0,8145.8,8184.5,5836.0
2025-02-14 09:00:00+00:00,8184.2,8214.0,8182.5,8200.0,2915.0
2025-02-14 10:00:00+00:00,8199.8,8202.0,8174.2,8186.5,3102.0
2025-02-14 11:00:00+00:00,8186.8,8201.5,8182.5,8200.5,1926.0
2025-02-14 12:00:00+00:00,8200.2,8205.5,8183.0,8193.0,1885.0
2025-02-14 13:00:00+00:00,8192.8,8202.5,8190.5,8193.0,2155.0
2025-02-14 14:00:00+00:00,8194.0,8210.5,8190.5,8200.0,2856.0
2025-02-14 15:00:00+00:00,8200.2,8200.2,8174.0,8186.5,3035.0
2025-02-14 16:00:00+00:00,8186.8,8192.2,8168.0,8183.6,2655.0
2025-02-14 17:00:00+00:00,8183.3,8183.3,8168.0,8181.0,1034.0
2025-02-14 18:00:00+00:00,8181.3,8182.8,8174.8,8182.0,803.0
2025-02-14 19:00:00+00:00,8182.8,8184.3,8174.3,8176.8,562.0
2025-02-14 20:00:00+00:00,8177.0,8182.6,8171.3,8177.3,611.0
2025-02-17 07:00:00+00:00,8184.3,8186.8,8173.8,8175.8,607.0
2025-02-17 08:00:00+00:00,8176.0,8183.5,8166.2,8169.8,3878.0
2025-02-17 09:00:00+00:00,8170.0,8187.8,8168.8,8186.8,2283.0
2025-02-17 10:00:00+00:00,8186.5,8191.0,8178.0,8188.0,1977.0
2025-02-17 11:00:00+00:00,8188.2,8191.5,8175.0,8177.8,1491.0
2025-02-17 12:00:00+00:00,8177.5,8186.5,8175.8,8184.8,1111.0
2025-02-17 13:00:00+00:00,8185.0,8190.8,8180.5,8183.8,1156.0
2025-02-17 14:00:00+00:00,8183.5,8197.0,8178.0,8195.8,1469.0
2025-02-17 15:00:00+00:00,8196.0,8197.8,8185.0,8191.5,1753.0
2025-02-17 16:00:00+00:00,8191.2,8198.5,8184.8,8187.6,1441.0
2025-02-17 17:00:00+00:00,8187.3,8192.6,8184.6,8191.6,184.0
2025-02-17 18:00:00+00:00,8191.8,8193.0,8183.3,8188.8,78.0
2025-02-17 19:00:00+00:00,8188.6,8192.8,8188.6,8191.0,64.0
2025-02-17 20:00:00+00:00,8190.8,8200.3,8190.8,8198.3,96.0
2025-02-18 07:00:00+00:00,8187.6,8202.6,8179.6,8202.3,1026.0
2025-02-18 08:00:00+00:00,8202.2,8206.2,8159.0,8163.0,4389.0
2025-02-18 09:00:00+00:00,8162.8,8179.0,8159.5,8176.5,2578.0
2025-02-18 10:00:00+00:00,8176.8,8190.0,8176.5,8185.5,1998.0
2025-02-18 11:00:00+00:00,8185.8,8195.8,8185.8,8192.0,1589.0
2025-02-18 12:00:00+00:00,8193.2,8212.0,8188.8,8209.0,1546.0
2025-02-18 13:00:00+00:00,8208.8,8220.5,8208.5,8215.8,1841.0
2025-02-18 14:00:00+00:00,8216.0,8225.5,8198.0,8212.5,2968.0
2025-02-18 15:00:00+00:00,8213.5,8227.2,8213.2,8225.5,2979.0
2025-02-18 16:00:00+00:00,8225.2,8227.2,8205.0,8211.6,2269.0
2025-02-18 17:00:00+00:00,8211.3,8219.3,8210.6,8212.6,645.0
2025-02-18 18:00:00+00:00,8212.3,8215.0,8210.6,8210.8,548.0
2025-02-18 19:00:00+00:00,8211.0,8212.3,8203.6,8208.8,655.0
2025-02-18 20:00:00+00:00,8209.0,8213.6,8202.6,8213.0,537.0
2025-02-19 07:00:00+00:00,8211.0,8216.0,8203.6,8203.8,584.0
2025-02-19 08:00:00+00:00,8204.6,8212.2,8188.5,8195.5,3370.0
2025-02-19 09:00:00+00:00,8196.5,8200.2,8185.2,8196.0,2010.0
2025-02-19 10:00:00+00:00,8196.8,8197.8,8151.0,8157.0,2839.0
2025-02-19 11:00:00+00:00,8157.2,8158.5,8131.2,8141.0,3253.0
2025-02-19 12:00:00+00:00,8140.8,8153.5,8138.8,8140.5,2418.0
2025-02-19 13:00:00+00:00,8140.8,8150.2,8126.2,8126.2,2456.0
2025-02-19 14:00:00+00:00,8126.0,8132.0,8097.0,8109.0,3634.0
2025-02-19 15:00:00+00:00,8108.8,8129.0,8100.5,8104.5,3705.0
2025-02-19 16:00:00+00:00,8104.2,8117.3,8098.6,8106.6,2839.0
2025-02-19 17:00:00+00:00,8106.8,8112.6,8097.6,8107.0,978.0
2025-02-19 18:00:00+00:00,8106.8,8107.0,8093.8,8095.6,1031.0
2025-02-19 19:00:00+00:00,8096.0,8114.3,8094.6,8107.6,1398.0
2025-02-19 20:00:00+00:00,8106.8,8113.0,8103.8,8110.3,1137.0
2025-02-20 07:00:00+00:00,8123.6,8147.0,8122.3,8146.0,1592.0
2025-02-20 08:00:00+00:00,8146.0,8152.2,8128.8,8148.0,6801.0
2025-02-20 09:00:00+00:00,8149.0,8171.5,8145.0,8167.5,3060.0
2025-02-20 10:00:00+00:00,8168.5,8169.5,8157.5,8158.0,2255.0
2025-02-20 11:00:00+00:00,8157.2,8166.0,8143.2,8145.5,1766.0
2025-02-20 12:00:00+00:00,8145.8,8155.0,8144.2,8149.0,1291.0
2025-02-20 13:00:00+00:00,8148.8,8150.8,8131.0,8137.0,1547.0
2025-02-20 14:00:00+00:00,8136.2,8149.2,8130.0,8131.5,2678.0
2025-02-20 15:00:00+00:00,8133.0,8141.2,8114.2,8115.8,5211.0
2025-02-20 16:00:00+00:00,8115.5,8127.5,8110.0,8119.0,3300.0
2025-02-20 17:00:00+00:00,8119.3,8136.0,8117.8,8129.3,746.0
2025-02-20 18:00:00+00:00,8129.0,8132.3,8125.0,8130.6,472.0
2025-02-20 19:00:00+00:00,8130.8,8139.6,8128.3,8138.0,555.0
2025-02-20 20:00:00+00:00,8137.8,8141.3,8129.3,8129.6,393.0
2025-02-21 07:00:00+00:00,8136.6,8145.8,8130.6,8134.0,719.0
2025-02-21 08:00:00+00:00,8134.0,8161.2,8127.8,8142.0,4079.0
2025-02-21 09:00:00+00:00,8142.8,8155.8,8132.5,8149.5,2948.0
2025-02-21 10:00:00+00:00,8150.2,8180.8,8146.5,8176.2,2913.0
2025-02-21 11:00:00+00:00,8176.0,8179.5,8159.0,8160.8,1529.0
2025-02-21 12:00:00+00:00,8161.5,8164.5,8152.0,8156.0,1526.0
2025-02-21 13:00:00+00:00,8156.2,8172.5,8153.8,8154.2,1540.0
2025-02-21 14:00:00+00:00,8154.5,8169.0,8134.0,8143.5,3954.0
2025-02-21 15:00:00+00:00,8137.5,8151.0,8127.5,8147.5,4476.0
2025-02-21 16:00:00+00:00,8147.8,8160.8,8142.5,8158.8,2932.0
2025-02-21 17:00:00+00:00,8158.6,8161.6,8134.6,8135.6,1760.0
2025-02-21 18:00:00+00:00,8135.8,8135.8,8111.3,8113.8,2463.0
2025-02-21 19:00:00+00:00,8114.6,8121.6,8093.6,8103.3,2010.0
2025-02-21 20:00:00+00:00,8103.6,8118.6,8100.0,8118.3,1440.0
2025-02-24 07:00:00+00:00,8174.6,8176.3,8147.6,8154.3,2106.0
2025-02-24 08:00:00+00:00,8154.2,8160.0,8091.5,8127.5,7162.0
2025-02-24 09:00:00+00:00,8127.2,8149.5,8125.2,8140.5,3827.0
2025-02-24 10:00:00+00:00,8140.8,8150.8,8128.8,8130.0,2276.0
2025-02-24 11:00:00+00:00,8130.2,8150.8,8126.8,8138.8,2111.0
2025-02-24 12:00:00+00:00,8137.8,8137.8,8114.5,8136.5,2147.0
2025-02-24 13:00:00+00:00,8136.8,8140.0,8121.0,8125.0,1719.0
2025-02-24 14:00:00+00:00,8124.8,8128.0,8069.2,8073.2,4502.0
2025-02-24 15:00:00+00:00,8074.2,8090.2,8063.8,8076.0,7641.0
2025-02-24 16:00:00+00:00,8076.2,8094.3,8071.5,8081.6,4361.0
2025-02-24 17:00:00+00:00,8081.8,8094.3,8081.0,8081.8,2063.0
2025-02-24 18:00:00+00:00,8081.6,8091.6,8077.3,8080.0,1638.0
2025-02-24 19:00:00+00:00,8080.8,8086.3,8065.8,8069.6,1643.0
2025-02-24 20:00:00+00:00,8069.8,8073.3,8053.6,8054.6,1732.0
2025-02-25 07:00:00+00:00,8067.0,8087.6,8055.0,8070.8,1548.0
2025-02-25 08:00:00+00:00,8071.0,8092.0,8054.8,8065.2,6044.0
2025-02-25 09:00:00+00:00,8065.5,8105.5,8063.2,8084.5,3482.0
2025-02-25 10:00:00+00:00,8084.8,8104.8,8080.0,8085.5,2532.0
2025-02-25 11:00:00+00:00,8085.8,8102.0,8084.5,8094.5,2155.0
2025-02-25 12:00:00+00:00,8094.8,8099.8,8085.5,8093.5,2022.0
2025-02-25 13:00:00+00:00,8093.2,8109.5,8085.8,8107.2,2283.0
2025-02-25 14:00:00+00:00,8107.5,8111.5,8084.8,8088.5,3889.0
2025-02-25 15:00:00+00:00,8088.8,8088.8,8044.0,8059.5,7618.0
2025-02-25 16:00:00+00:00,8060.2,8072.6,8044.8,8068.3,5197.0
2025-02-25 17:00:00+00:00,8068.0,8079.3,8056.0,8078.8,2362.0
2025-02-25 18:00:00+00:00,8079.6,8103.0,8069.8,8084.6,2584.0
2025-02-25 19:00:00+00:00,8083.6,8092.3,8070.8,8089.0,2407.0
2025-02-25 20:00:00+00:00,8088.3,8098.8,8074.3,8076.6,2411.0
2025-02-26 07:00:00+00:00,8094.0,8099.6,8079.0,8099.3,1347.0
2025-02-26 08:00:00+00:00,8100.8,8123.2,8085.2,8118.8,6130.0
2025-02-26 09:00:00+00:00,8118.5,8139.0,8116.0,8138.0,3193.0
2025-02-26 10:00:00+00:00,8138.2,8145.0,8132.2,8140.2,2306.0
2025-02-26 11:00:00+00:00,8140.5,8159.5,8137.0,8141.5,2100.0
2025-02-26 12:00:00+00:00,8141.8,8169.8,8139.5,8163.8,2356.0
2025-02-26 13:00:00+00:00,8163.5,8172.2,8144.5,8148.5,2756.0
2025-02-26 14:00:00+00:00,8148.2,8149.0,8120.5,8135.0,5734.0
2025-02-26 15:00:00+00:00,8135.2,8145.2,8125.5,8137.2,4668.0
2025-02-26 16:00:00+00:00,8137.0,8148.5,8134.2,8138.6,3471.0
2025-02-26 17:00:00+00:00,8138.3,8149.6,8102.0,8108.0,3604.0
2025-02-26 18:00:00+00:00,8107.3,8109.0,8077.0,8080.0,2690.0
2025-02-26 19:00:00+00:00,8080.3,8095.3,8075.6,8081.6,2231.0
2025-02-26 20:00:00+00:00,8081.8,8101.6,8080.0,8093.8,1617.0
2025-02-27 07:00:00+00:00,8120.3,8120.6,8101.0,8103.8,1552.0
2025-02-27 08:00:00+00:00,8104.6,8108.2,8074.2,8101.0,6848.0
2025-02-27 09:00:00+00:00,8101.8,8128.2,8100.0,8126.0,3391.0
2025-02-27 10:00:00+00:00,8125.8,8132.8,8116.5,8121.0,2163.0
2025-02-27 11:00:00+00:00,8121.2,8138.2,8113.0,8122.7,2086.0
2025-02-27 12:00:00+00:00,8123.0,8129.4,8113.2,8114.2,2324.0
2025-02-27 13:00:00+00:00,8114.0,8126.0,8066.0,8084.7,4821.0
2025-02-27 14:00:00+00:00,8084.4,8093.7,8056.2,8062.0,6221.0
2025-02-27 15:00:00+00:00,8061.7,8098.4,8048.4,8091.4,8173.0
2025-02-27 16:00:00+00:00,8091.7,8103.2,8084.8,8086.2,4670.0
2025-02-27 17:00:00+00:00,8087.2,8097.2,8079.2,8093.2,2772.0
2025-02-27 18:00:00+00:00,8094.0,8118.0,8094.0,8111.2,1782.0
2025-02-27 19:00:00+00:00,8111.0,8111.2,8063.5,8073.8,3489.0
2025-02-27 20:00:00+00:00,8074.0,8074.2,8051.8,8062.0,3439.0
2025-02-28 07:00:00+00:00,8018.0,8045.2,8008.0,8042.8,2515.0
2025-02-28 08:00:00+00:00,8043.0,8070.7,8031.2,8066.0,6251.0
2025-02-28 09:00:00+00:00,8066.2,8083.0,8058.0,8073.5,3596.0
2025-02-28 10:00:00+00:00,8074.2,8087.2,8065.0,8077.5,2826.0
2025-02-28 11:00:00+00:00,8077.8,8085.8,8073.5,8082.5,1774.0
2025-02-28 12:00:00+00:00,8082.2,8083.5,8056.0,8069.5,2851.0
2025-02-28 13:00:00+00:00,8069.2,8073.2,8055.0,8068.5,2884.0
2025-02-28 14:00:00+00:00,8068.8,8093.0,8056.2,8092.0,5722.0
2025-02-28 15:00:00+00:00,8091.8,8100.2,8080.8,8096.0,5587.0
2025-02-28 16:00:00+00:00,8096.2,8115.8,8088.3,8113.0,4722.0
2025-02-28 17:00:00+00:00,8112.8,8122.0,8070.6,8071.8,3331.0
2025-02-28 18:00:00+00:00,8072.0,8081.8,8029.3,8029.3,5043.0
2025-02-28 19:00:00+00:00,8030.6,8072.8,8029.6,8070.0,3067.0
2025-02-28 20:00:00+00:00,8069.3,8112.0,8068.8,8108.6,3292.0
2025-03-03 07:00:00+00:00,8137.3,8141.0,8117.3,8136.3,1568.0
2025-03-03 08:00:00+00:00,8137.0,8170.0,8086.2,8120.0,8241.0
2025-03-03 09:00:00+00:00,8119.2,8161.0,8110.5,8160.5,4589.0
2025-03-03 10:00:00+00:00,8160.8,8177.0,8135.5,8175.5,3274.0
2025-03-03 11:00:00+00:00,8176.2,8202.0,8165.0,8200.5,2395.0
2025-03-03 12:00:00+00:00,8200.2,8246.8,8198.0,8245.5,5692.0
2025-03-03 13:00:00+00:00,8245.8,8246.2,8223.2,8238.8,2913.0
2025-03-03 14:00:00+00:00,8239.0,8259.2,8231.5,8241.8,5471.0
2025-03-03 15:00:00+00:00,8240.5,8242.8,8197.0,8234.0,9814.0
2025-03-03 16:00:00+00:00,8234.2,8241.2,8196.0,8215.0,7451.0
2025-03-03 17:00:00+00:00,8214.8,8233.0,8211.0,8215.8,3265.0
2025-03-03 18:00:00+00:00,8214.6,8216.8,8172.6,8188.3,4485.0
2025-03-03 19:00:00+00:00,8188.0,8203.6,8158.3,8160.8,4476.0
2025-03-03 20:00:00+00:00,8161.0,8172.6,8119.8,8172.6,5871.0
2025-03-04 07:00:00+00:00,8163.3,8165.8,8124.8,8137.6,2347.0
2025-03-04 08:00:00+00:00,8137.5,8144.8,8088.2,8100.0,11094.0
2025-03-04 09:00:00+00:00,8099.8,8122.5,8088.0,8102.0,6319.0
2025-03-04 10:00:00+00:00,8101.2,8110.5,8081.2,8106.2,6362.0
2025-03-04 11:00:00+00:00,8106.0,8110.2,8085.5,8089.0,4235.0
2025-03-04 12:00:00+00:00,8090.0,8093.2,8066.5,8069.5,5032.0
2025-03-04 13:00:00+00:00,8069.8,8072.5,8032.0,8033.0,5451.0
2025-03-04 14:00:00+00:00,8032.8,8064.5,8027.0,8032.5,10192.0
2025-03-04 15:00:00+00:00,8032.2,8059.5,8000.8,8041.5,12369.0
2025-03-04 16:00:00+00:00,8041.8,8093.8,8026.2,8090.6,9239.0
2025-03-04 17:00:00+00:00,8090.3,8116.3,8081.8,8096.3,5556.0
2025-03-04 18:00:00+00:00,8096.6,8187.0,8094.6,8180.3,6706.0
2025-03-04 19:00:00+00:00,8179.6,8212.3,8179.0,8205.0,4491.0
2025-03-04 20:00:00+00:00,8204.0,8227.0,8156.0,8159.3,4911.0
2025-03-05 07:00:00+00:00,8212.3,8223.3,8183.8,8184.0,2553.0
2025-03-05 08:00:00+00:00,8184.3,8215.5,8150.0,8179.8,8665.0
2025-03-05 09:00:00+00:00,8179.5,8243.2,8174.0,8243.0,5692.0
2025-03-05 10:00:00+00:00,8243.8,8247.0,8199.8,8206.0,4597.0
2025-03-05 11:00:00+00:00,8206.3,8212.0,8194.3,8200.8,3896.0
2025-03-05 12:00:00+00:00,8201.6,8229.8,8194.3,8211.8,4142.0
2025-03-05 13:00:00+00:00,8212.8,8237.8,8205.3,8209.3,4799.0
2025-03-05 14:00:00+00:00,8210.3,8213.8,8176.6,8185.3,6592.0
2025-03-05 15:00:00+00:00,8185.6,8223.6,8185.6,8213.8,9199.0
2025-03-05 16:00:00+00:00,8213.6,8225.2,8171.6,8210.0,7043.0
2025-03-05 17:00:00+00:00,8209.2,8230.8,8205.0,8229.5,4260.0
2025-03-05 18:00:00+00:00,8229.8,8236.8,8202.5,8228.8,5336.0
2025-03-05 19:00:00+00:00,8227.8,8259.8,8226.5,8252.5,4136.0
2025-03-05 20:00:00+00:00,8252.2,8267.0,8246.2,8253.0,3544.0
2025-03-06 07:00:00+00:00,8272.0,8302.5,8249.8,8251.0,1939.0
2025-03-06 08:00:00+00:00,8250.2,8258.0,8166.0,8169.5,9783.0
2025-03-06 09:00:00+00:00,8170.5,8196.0,8146.0,8148.5,7614.0
2025-03-06 10:00:00+00:00,8148.2,8148.5,8114.2,8114.5,5567.0
2025-03-06 11:00:00+00:00,8114.2,8148.0,8106.0,8132.5,4157.0
2025-03-06 12:00:00+00:00,8132.8,8141.5,8123.5,8132.8,3402.0
2025-03-06 13:00:00+00:00,8132.5,8157.2,8103.2,8139.0,4948.0
2025-03-06 14:00:00+00:00,8139.2,8186.0,8133.5,8168.8,8687.0
2025-03-06 15:00:00+00:00,8167.5,8214.5,8161.5,8207.2,8466.0
2025-03-06 16:00:00+00:00,8208.0,8231.0,8160.0,8162.6,9456.0
2025-03-06 17:00:00+00:00,8161.6,8183.6,8146.3,8167.8,5939.0
2025-03-06 18:00:00+00:00,8167.6,8179.8,8150.0,8168.6,3818.0
2025-03-06 19:00:00+00:00,8169.3,8195.8,8146.8,8159.8,4033.0
2025-03-06 20:00:00+00:00,8160.0,8186.3,8154.6,8156.3,3115.0
2025-03-07 07:00:00+00:00,8145.0,8182.3,8145.0,8172.6,1927.0
2025-03-07 08:00:00+00:00,8172.5,8180.0,8093.5,8109.5,6445.0
2025-03-07 09:00:00+00:00,8109.2,8152.5,8097.8,8140.5,4494.0
2025-03-07 10:00:00+00:00,8140.8,8141.5,8105.5,8110.2,4086.0
2025-03-07 11:00:00+00:00,8110.5,8130.5,8103.8,8119.8,3258.0
2025-03-07 12:00:00+00:00,8119.0,8128.8,8094.8,8107.8,3582.0
2025-03-07 13:00:00+00:00,8108.0,8133.8,8076.3,8081.6,7251.0
2025-03-07 14:00:00+00:00,8081.3,8114.8,8065.8,8109.8,9674.0
2025-03-07 15:00:00+00:00,8109.6,8170.3,8088.3,8144.8,11499.0
2025-03-07 16:00:00+00:00,8143.8,8149.3,8098.4,8115.6,10236.0
2025-03-07 17:00:00+00:00,8116.4,8175.4,8104.8,8150.6,5385.0
2025-03-07 18:00:00+00:00,8151.8,8191.4,8151.6,8191.1,3965.0
2025-03-07 19:00:00+00:00,8190.4,8209.2,8179.1,8188.8,4007.0
2025-03-07 20:00:00+00:00,8188.1,8206.0,8171.8,8203.2,3288.0
2025-03-10 07:00:00+00:00,8175.1,8180.1,8146.1,8156.6,1392.0
2025-03-10 08:00:00+00:00,8156.4,8176.0,8068.3,8071.3,11259.0
2025-03-10 09:00:00+00:00,8070.6,8113.8,8061.3,8090.3,8805.0
2025-03-10 10:00:00+00:00,8090.6,8104.8,8069.0,8082.3,5779.0
2025-03-10 11:00:00+00:00,8082.6,8104.6,8061.3,8104.3,7002.0
2025-03-10 12:00:00+00:00,8104.6,8106.3,8063.5,8101.0,4134.0
2025-03-10 13:00:00+00:00,8100.8,8125.5,8081.2,8111.0,9327.0
2025-03-10 14:00:00+00:00,8110.8,8110.8,8056.0,8070.5,10182.0
2025-03-10 15:00:00+00:00,8071.5,8101.5,8058.5,8060.5,8666.0
2025-03-10 16:00:00+00:00,8059.8,8069.0,8038.6,8044.8,4319.0
2025-03-10 17:00:00+00:00,8045.3,8049.6,8011.3,8011.3,1174.0
2025-03-10 18:00:00+00:00,8011.3,8033.6,7996.8,7998.8,1034.0
2025-03-10 19:00:00+00:00,7999.3,8047.8,7978.0,8041.0,1726.0
2025-03-10 20:00:00+00:00,8041.3,8047.0,8037.0,8041.8,288.0
2025-03-11 07:00:00+00:00,8063.6,8105.3,8061.3,8101.8,2856.0
2025-03-11 08:00:00+00:00,8101.0,8110.8,8062.5,8105.0,11922.0
2025-03-11 09:00:00+00:00,8104.8,8114.5,8068.8,8077.0,6559.0
2025-03-11 10:00:00+00:00,8077.2,8080.5,8056.8,8069.0,5092.0
2025-03-11 11:00:00+00:00,8068.0,8068.0,8037.0,8043.2,4587.0
2025-03-11 12:00:00+00:00,8043.0,8045.0,8009.2,8025.8,4301.0
2025-03-11 13:00:00+00:00,8026.0,8042.8,7987.5,7995.8,9231.0
2025-03-11 14:00:00+00:00,7996.0,8017.5,7923.0,7926.5,20151.0
2025-03-11 15:00:00+00:00,7925.5,7971.5,7920.2,7944.5,14179.0
2025-03-11 16:00:00+00:00,7944.2,7950.0,7920.8,7930.8,10418.0
2025-03-11 17:00:00+00:00,7931.0,7941.3,7911.3,7931.8,5729.0
2025-03-11 18:00:00+00:00,7931.0,8025.8,7930.0,8016.8,7883.0
2025-03-11 19:00:00+00:00,8017.0,8027.6,7989.0,7992.0,4354.0
2025-03-11 20:00:00+00:00,7991.8,7998.8,7979.6,7984.3,306.0
2025-03-12 07:00:00+00:00,7999.3,8020.3,7981.3,8017.0,2417.0
2025-03-12 08:00:00+00:00,8017.3,8027.2,7992.8,8024.0,9846.0
2025-03-12 09:00:00+00:00,8025.0,8047.5,8010.0,8032.2,5566.0
2025-03-12 10:00:00+00:00,8032.5,8043.2,8023.5,8040.0,3544.0
2025-03-12 11:00:00+00:00,8040.2,8071.5,8039.0,8050.5,3255.0
2025-03-12 12:00:00+00:00,8050.2,8076.5,8031.5,8054.5,5775.0
2025-03-12 13:00:00+00:00,8054.8,8056.2,7980.0,7997.0,9568.0
2025-03-12 14:00:00+00:00,7996.0,8002.0,7950.0,7956.5,10776.0
2025-03-12 15:00:00+00:00,7956.8,7983.8,7938.2,7982.0,7713.0
2025-03-12 16:00:00+00:00,7982.2,7995.0,7970.6,7976.6,6921.0
2025-03-12 17:00:00+00:00,7977.3,8003.0,7963.0,7963.3,5540.0
2025-03-12 18:00:00+00:00,7964.0,8005.3,7961.3,7997.3,3395.0
2025-03-12 19:00:00+00:00,7997.0,7997.3,7978.8,7989.3,2969.0
2025-03-12 20:00:00+00:00,7989.0,7992.0,7982.6,7985.3,196.0
2025-03-13 07:00:00+00:00,7979.8,7992.8,7962.0,7976.8,2542.0
2025-03-13 08:00:00+00:00,7977.0,7985.2,7922.5,7984.2,12359.0
2025-03-13 09:00:00+00:00,7984.0,8009.7,7962.0,8009.2,5108.0
2025-03-13 10:00:00+00:00,8009.4,8034.0,7997.2,8005.7,4020.0
2025-03-13 11:00:00+00:00,8005.4,8012.7,7950.2,7961.7,5725.0
2025-03-13 12:00:00+00:00,7962.0,7973.7,7939.7,7957.2,7430.0
2025-03-13 13:00:00+00:00,7958.0,7982.7,7929.0,7933.2,9982.0
2025-03-13 14:00:00+00:00,7932.4,7965.2,7928.2,7959.0,9529.0
2025-03-13 15:00:00+00:00,7959.2,7971.7,7928.0,7944.4,10181.0
2025-03-13 16:00:00+00:00,7944.7,7959.7,7916.8,7930.8,8280.0
2025-03-13 17:00:00+00:00,7931.5,7939.8,7900.0,7904.2,4575.0
2025-03-13 18:00:00+00:00,7904.0,7939.8,7902.2,7936.8,3711.0
2025-03-13 19:00:00+00:00,7935.8,7943.5,7912.5,7920.8,1865.0
2025-03-13 20:00:00+00:00,7920.5,7928.5,7920.5,7921.8,150.0
2025-03-14 07:00:00+00:00,7954.0,7958.5,7929.8,7937.0,1759.0
2025-03-14 08:00:00+00:00,7937.0,7997.2,7914.7,7992.2,8686.0
2025-03-14 09:00:00+00:00,7993.0,8004.2,7976.0,7988.7,4516.0
2025-03-14 10:00:00+00:00,7989.7,8025.7,7978.7,8020.2,6393.0
2025-03-14 11:00:00+00:00,8020.0,8041.2,8004.0,8032.0,6427.0
2025-03-14 12:00:00+00:00,8032.2,8045.4,8024.4,8028.4,3926.0
2025-03-14 13:00:00+00:00,8028.2,8035.7,8007.2,8023.4,7038.0
2025-03-14 14:00:00+00:00,8022.2,8037.0,8004.7,8031.7,9712.0
2025-03-14 15:00:00+00:00,8032.7,8040.7,8023.2,8029.2,5430.0
2025-03-14 16:00:00+00:00,8030.2,8052.2,8018.5,8050.2,5121.0
2025-03-14 17:00:00+00:00,8048.2,8055.0,8032.2,8033.0,3851.0
2025-03-14 18:00:00+00:00,8033.2,8057.2,8033.2,8051.0,2369.0
2025-03-14 19:00:00+00:00,8050.2,8068.2,8049.0,8061.5,1485.0
2025-03-14 20:00:00+00:00,8060.8,8060.8,8042.8,8050.8,328.0
2025-03-17 07:00:00+00:00,8024.2,8040.5,8011.5,8036.2,1763.0
2025-03-17 08:00:00+00:00,8036.2,8058.2,8008.7,8044.2,6692.0
2025-03-17 09:00:00+00:00,8044.0,8046.2,8010.4,8042.2,4709.0
2025-03-17 10:00:00+00:00,8041.4,8062.7,8039.7,8054.2,2770.0
2025-03-17 11:00:00+00:00,8053.2,8061.0,8042.2,8049.7,2318.0
2025-03-17 12:00:00+00:00,8049.4,8066.2,8046.7,8059.7,3045.0
2025-03-17 13:00:00+00:00,8059.4,8087.2,8048.2,8078.7,5743.0
2025-03-17 14:00:00+00:00,8078.4,8081.0,8053.7,8058.2,6707.0
2025-03-17 15:00:00+00:00,8058.4,8071.2,8054.2,8067.2,4177.0
2025-03-17 16:00:00+00:00,8066.4,8077.0,8063.7,8074.5,4154.0
2025-03-17 17:00:00+00:00,8074.8,8103.2,8070.0,8101.2,2236.0
2025-03-17 18:00:00+00:00,8101.5,8117.8,8100.2,8112.2,2067.0
2025-03-17 19:00:00+00:00,8112.0,8114.2,8100.2,8103.0,2046.0
2025-03-17 20:00:00+00:00,8103.8,8103.8,8094.2,8102.0,220.0
2025-03-18 07:00:00+00:00,8099.0,8109.2,8086.5,8102.2,1032.0
2025-03-18 08:00:00+00:00,8101.0,8127.2,8087.4,8119.7,6555.0
2025-03-18 09:00:00+00:00,8120.4,8139.7,8112.7,8119.0,3531.0
2025-03-18 10:00:00+00:00,8120.2,8121.2,8089.4,8109.2,3904.0
2025-03-18 11:00:00+00:00,8109.4,8124.7,8105.2,8123.7,2798.0
2025-03-18 12:00:00+00:00,8124.0,8134.2,8117.2,8126.2,2359.0
2025-03-18 13:00:00+00:00,8126.4,8126.4,8101.7,8108.0,6838.0
2025-03-18 14:00:00+00:00,8108.2,8124.7,8102.7,8116.2,7736.0
2025-03-18 15:00:00+00:00,8116.0,8117.2,8094.7,8098.7,6111.0
2025-03-18 16:00:00+00:00,8099.0,8116.7,8096.2,8109.5,4903.0
2025-03-18 17:00:00+00:00,8109.2,8119.8,8090.0,8114.2,4467.0
2025-03-18 18:00:00+00:00,8114.5,8124.8,8105.0,8119.0,2814.0
2025-03-18 19:00:00+00:00,8118.8,8124.2,8106.8,8113.2,2061.0
2025-03-18 20:00:00+00:00,8113.5,8119.2,8112.0,8114.2,201.0
2025-03-19 07:00:00+00:00,8110.5,8112.5,8079.0,8094.2,1859.0
2025-03-19 08:00:00+00:00,8094.2,8122.0,8086.0,8120.2,5942.0
2025-03-19 09:00:00+00:00,8120.0,8142.4,8110.2,8140.4,3160.0
2025-03-19 10:00:00+00:00,8141.0,8157.0,8140.7,8147.7,2757.0
2025-03-19 11:00:00+00:00,8147.4,8155.2,8121.0,8135.7,2402.0
2025-03-19 12:00:00+00:00,8136.0,8144.4,8120.7,8141.7,2490.0
2025-03-19 13:00:00+00:00,8141.4,8143.7,8123.4,8130.7,4860.0
2025-03-19 14:00:00+00:00,8131.0,8161.5,8130.7,8157.5,4310.0
2025-03-19 15:00:00+00:00,8158.5,8185.2,8158.0,8181.0,3131.0
2025-03-19 16:00:00+00:00,8180.2,8183.0,8165.6,8170.0,3033.0
2025-03-19 17:00:00+00:00,8169.0,8171.6,8154.8,8162.0,2153.0
2025-03-19 18:00:00+00:00,8162.3,8188.6,8158.0,8185.8,4267.0
2025-03-19 19:00:00+00:00,8185.6,8199.6,8175.8,8187.6,3720.0
2025-03-19 20:00:00+00:00,8187.8,8192.3,8184.0,8186.3,173.0
2025-03-20 07:00:00+00:00,8168.6,8174.8,8159.3,8161.3,1509.0
2025-03-20 08:00:00+00:00,8164.0,8168.0,8134.0,8136.2,6252.0
2025-03-20 09:00:00+00:00,8136.0,8146.2,8092.5,8102.0,5744.0
2025-03-20 10:00:00+00:00,8102.8,8105.5,8060.0,8092.2,7258.0
2025-03-20 11:00:00+00:00,8092.5,8099.5,8081.2,8091.5,3415.0
2025-03-20 12:00:00+00:00,8091.2,8101.0,8081.8,8094.0,2559.0
2025-03-20 13:00:00+00:00,8094.2,8105.2,8075.5,8103.0,4739.0
2025-03-20 14:00:00+00:00,8101.8,8118.2,8101.5,8113.5,5870.0
2025-03-20 15:00:00+00:00,8114.5,8116.5,8085.5,8102.5,4151.0
2025-03-20 16:00:00+00:00,8101.5,8113.2,8085.0,8085.6,5147.0
2025-03-20 17:00:00+00:00,8085.3,8101.0,8073.8,8086.8,2714.0
2025-03-20 18:00:00+00:00,8086.6,8092.0,8073.8,8081.3,2481.0
2025-03-20 19:00:00+00:00,8081.0,8100.6,8080.8,8093.6,3329.0
2025-03-20 20:00:00+00:00,8093.8,8098.3,8088.0,8092.0,299.0
2025-03-21 07:00:00+00:00,8090.0,8091.3,8053.6,8065.3,1511.0
2025-03-21 08:00:00+00:00,8063.8,8079.0,8030.8,8053.5,7988.0
2025-03-21 09:00:00+00:00,8053.2,8058.2,8026.2,8038.5,5145.0
2025-03-21 10:00:00+00:00,8039.5,8068.0,8037.5,8058.0,4678.0
2025-03-21 11:00:00+00:00,8057.8,8061.0,8029.8,8035.5,3572.0
2025-03-21 12:00:00+00:00,8035.2,8052.0,8026.0,8027.5,4034.0
2025-03-21 13:00:00+00:00,8026.8,8043.0,8012.8,8030.0,6798.0
2025-03-21 14:00:00+00:00,8031.0,8048.2,8012.0,8047.2,6211.0
2025-03-21 15:00:00+00:00,8048.8,8053.8,8024.0,8035.5,5156.0
2025-03-21 16:00:00+00:00,8034.5,8053.8,8023.6,8042.6,5514.0
2025-03-21 17:00:00+00:00,8042.3,8051.6,8032.6,8039.6,3276.0
2025-03-21 18:00:00+00:00,8039.8,8044.0,8030.3,8033.6,2151.0
2025-03-21 19:00:00+00:00,8033.3,8041.3,8027.6,8040.8,1641.0
2025-03-21 20:00:00+00:00,8040.3,8047.8,8038.3,8047.8,332.0
2025-03-24 07:00:00+00:00,8096.4,8116.6,8096.1,8107.4,1040.0
2025-03-24 08:00:00+00:00,8106.3,8119.0,8075.3,8086.6,4654.0
2025-03-24 09:00:00+00:00,8086.3,8091.6,8039.3,8039.6,4559.0
2025-03-24 10:00:00+00:00,8039.3,8073.3,8033.6,8070.3,3140.0
2025-03-24 11:00:00+00:00,8070.6,8072.0,8043.6,8044.8,2673.0
2025-03-24 12:00:00+00:00,8043.6,8047.6,8015.6,8016.8,2881.0
2025-03-24 13:00:00+00:00,8018.0,8040.8,8003.8,8035.3,5377.0
2025-03-24 14:00:00+00:00,8035.6,8058.8,8030.3,8037.8,5363.0
2025-03-24 15:00:00+00:00,8039.8,8043.3,8016.0,8029.3,3818.0
2025-03-24 16:00:00+00:00,8029.6,8034.6,8020.8,8027.4,3281.0
2025-03-24 17:00:00+00:00,8027.6,8029.6,8017.8,8026.1,1922.0
2025-03-24 18:00:00+00:00,8026.4,8037.4,8014.8,8034.8,2071.0
2025-03-24 19:00:00+00:00,8034.6,8052.6,8033.4,8048.1,852.0
2025-03-24 20:00:00+00:00,8048.4,8049.4,8036.4,8039.1,143.0
2025-03-25 07:00:00+00:00,8031.1,8054.6,8028.6,8040.1,1326.0
2025-03-25 08:00:00+00:00,8040.0,8100.6,8040.0,8087.0,6746.0
2025-03-25 09:00:00+00:00,8087.3,8094.8,8070.3,8092.3,3619.0
2025-03-25 10:00:00+00:00,8091.6,8123.0,8084.6,8118.6,3071.0
2025-03-25 11:00:00+00:00,8118.8,8141.8,8115.3,8140.0,2977.0
2025-03-25 12:00:00+00:00,8140.3,8146.0,8122.6,8128.0,2345.0
2025-03-25 13:00:00+00:00,8128.3,8129.0,8105.3,8107.3,3794.0
2025-03-25 14:00:00+00:00,8107.0,8110.6,8091.8,8102.0,4099.0
2025-03-25 15:00:00+00:00,8102.3,8107.6,8086.0,8095.8,3152.0
2025-03-25 16:00:00+00:00,8095.0,8118.1,8094.8,8116.8,2624.0
2025-03-25 17:00:00+00:00,8117.1,8125.6,8111.1,8111.4,1522.0
2025-03-25 18:00:00+00:00,8111.6,8115.6,8106.1,8113.4,1187.0
2025-03-25 19:00:00+00:00,8113.1,8128.1,8112.6,8124.6,1328.0
2025-03-25 20:00:00+00:00,8124.4,8125.8,8122.4,8124.8,116.0
2025-03-26 07:00:00+00:00,8113.4,8136.6,8112.8,8120.6,1169.0
2025-03-26 08:00:00+00:00,8122.6,8130.8,8055.0,8056.8,6519.0
2025-03-26 09:00:00+00:00,8057.0,8062.8,8035.0,8036.8,4919.0
2025-03-26 10:00:00+00:00,8036.6,8066.8,8032.6,8065.8,3200.0
2025-03-26 11:00:00+00:00,8066.0,8072.8,8051.6,8059.0,2524.0
2025-03-26 12:00:00+00:00,8059.3,8070.8,8048.3,8061.0,2375.0
2025-03-26 13:00:00+00:00,8060.8,8065.0,8025.3,8031.8,5203.0
2025-03-26 14:00:00+00:00,8030.8,8078.3,8030.0,8077.6,5636.0
2025-03-26 15:00:00+00:00,8077.8,8081.0,8043.8,8047.8,4472.0
2025-03-26 16:00:00+00:00,8047.6,8049.0,8017.8,8021.4,4517.0
2025-03-26 17:00:00+00:00,8021.6,8029.4,7986.1,7993.4,4255.0
2025-03-26 18:00:00+00:00,7994.1,8004.1,7979.6,7981.4,2705.0
2025-03-26 19:00:00+00:00,7982.1,8004.8,7980.4,7998.8,2159.0
2025-03-26 20:00:00+00:00,7998.6,8001.4,7994.1,7995.1,223.0
2025-03-27 07:00:00+00:00,7988.8,7988.8,7951.1,7960.6,1801.0
2025-03-27 08:00:00+00:00,7963.4,7987.0,7923.3,7985.6,8689.0
2025-03-27 09:00:00+00:00,7985.3,8005.3,7968.8,8003.8,4268.0
2025-03-27 10:00:00+00:00,8004.0,8015.3,7991.3,7997.8,3275.0
2025-03-27 11:00:00+00:00,7998.8,8004.8,7981.3,7982.8,3111.0
2025-03-27 12:00:00+00:00,7983.8,7993.3,7970.3,7972.3,2902.0
2025-03-27 13:00:00+00:00,7972.6,8003.8,7967.0,7998.6,5884.0
2025-03-27 14:00:00+00:00,7999.8,8006.3,7987.6,8001.6,4973.0
2025-03-27 15:00:00+00:00,8002.3,8013.6,7979.3,7980.8,3926.0
2025-03-27 16:00:00+00:00,7980.6,7988.8,7968.4,7969.4,3786.0
2025-03-27 17:00:00+00:00,7969.1,7982.8,7966.1,7978.6,2460.0
2025-03-27 18:00:00+00:00,7978.4,7991.8,7976.1,7980.6,865.0
2025-03-27 19:00:00+00:00,7980.8,7998.8,7980.4,7980.8,1672.0
2025-03-27 20:00:00+00:00,7980.6,7990.4,7980.1,7984.8,150.0
2025-03-28 07:00:00+00:00,7949.6,7960.6,7937.1,7938.1,1254.0
2025-03-28 08:00:00+00:00,7938.4,7972.8,7938.4,7967.8,6646.0
2025-03-28 09:00:00+00:00,7968.0,7975.0,7918.8,7927.3,4145.0
2025-03-28 10:00:00+00:00,7927.6,7961.3,7923.8,7937.8,3485.0
2025-03-28 11:00:00+00:00,7938.0,7959.6,7933.0,7954.3,2454.0
2025-03-28 12:00:00+00:00,7954.6,7959.8,7920.3,7925.8,3457.0
2025-03-28 13:00:00+00:00,7926.0,7951.3,7913.8,7920.0,9247.0
2025-03-28 14:00:00+00:00,7919.3,7925.3,7894.8,7901.8,9052.0
2025-03-28 15:00:00+00:00,7900.8,7936.3,7892.3,7918.6,6802.0
2025-03-28 16:00:00+00:00,7918.3,7930.3,7907.8,7910.6,4564.0
2025-03-28 17:00:00+00:00,7910.4,7912.8,7898.8,7912.8,3343.0
2025-03-28 18:00:00+00:00,7913.1,7917.6,7903.1,7908.8,2511.0
2025-03-28 19:00:00+00:00,7909.1,7912.6,7899.6,7908.8,2037.0
2025-03-28 20:00:00+00:00,7909.1,7909.6,7895.1,7898.8,254.0
2025-03-31 06:00:00+00:00,7842.8,7850.6,7825.6,7841.6,1613.0
2025-03-31 07:00:00+00:00,7841.6,7850.3,7808.0,7843.6,10005.0
2025-03-31 08:00:00+00:00,7844.0,7852.8,7805.3,7823.8,6271.0
2025-03-31 09:00:00+00:00,7823.6,7824.8,7791.0,7796.3,4211.0
2025-03-31 10:00:00+00:00,7796.0,7803.0,7755.0,7756.8,4540.0
2025-03-31 11:00:00+00:00,7757.6,7773.0,7751.3,7764.8,3671.0
2025-03-31 12:00:00+00:00,7764.0,7781.0,7750.0,7778.6,3817.0
2025-03-31 13:00:00+00:00,7778.8,7797.8,7766.0,7793.3,6591.0
2025-03-31 14:00:00+00:00,7793.6,7800.8,7771.8,7779.3,7261.0
2025-03-31 15:00:00+00:00,7779.6,7796.3,7779.6,7788.4,4913.0
2025-03-31 16:00:00+00:00,7789.1,7801.1,7772.4,7789.6,2686.0
2025-03-31 17:00:00+00:00,7789.4,7804.4,7783.4,7785.4,3046.0
2025-03-31 18:00:00+00:00,7786.1,7813.4,7784.8,7806.1,3485.0
2025-03-31 19:00:00+00:00,7806.4,7832.1,7805.8,7828.4,2752.0
2025-04-01 06:00:00+00:00,7815.4,7848.1,7806.1,7845.1,1506.0
2025-04-01 07:00:00+00:00,7844.8,7860.8,7810.0,7825.6,6530.0
2025-04-01 08:00:00+00:00,7824.8,7861.3,7817.8,7859.0,4351.0
2025-04-01 09:00:00+00:00,7859.8,7882.0,7859.8,7872.8,2999.0
2025-04-01 10:00:00+00:00,7873.6,7874.6,7829.8,7845.3,5373.0
2025-04-01 11:00:00+00:00,7846.3,7849.0,7820.8,7848.3,3587.0
2025-04-01 12:00:00+00:00,7848.0,7862.3,7842.6,7851.8,3256.0
2025-04-01 13:00:00+00:00,7852.6,7865.3,7828.3,7841.6,4349.0
2025-04-01 14:00:00+00:00,7840.6,7862.3,7818.3,7859.8,7518.0
2025-04-01 15:00:00+00:00,7859.6,7881.0,7857.0,7875.4,4987.0
2025-04-01 16:00:00+00:00,7875.1,7887.8,7847.6,7859.8,4655.0
2025-04-01 17:00:00+00:00,7859.6,7864.4,7851.4,7851.8,3210.0
2025-04-01 18:00:00+00:00,7851.1,7853.4,7831.8,7842.1,4057.0
2025-04-01 19:00:00+00:00,7841.8,7874.6,7840.6,7872.1,3003.0
2025-04-02 06:00:00+00:00,7854.1,7858.1,7841.6,7841.8,1577.0
2025-04-02 07:00:00+00:00,7841.8,7857.6,7815.8,7826.8,7719.0
2025-04-02 08:00:00+00:00,7828.3,7847.8,7805.3,7840.3,5045.0
2025-04-02 09:00:00+00:00,7839.3,7849.6,7831.6,7837.3,2760.0
2025-04-02 10:00:00+00:00,7837.6,7838.3,7817.3,7823.5,4026.0
2025-04-02 11:00:00+00:00,7824.2,7837.5,7812.5,7818.5,2950.0
2025-04-02 12:00:00+00:00,7818.8,7821.0,7793.0,7814.2,4312.0
2025-04-02 13:00:00+00:00,7814.5,7828.5,7804.2,7819.5,7015.0
2025-04-02 14:00:00+00:00,7818.8,7854.5,7816.0,7851.0,6725.0
2025-04-02 15:00:00+00:00,7850.8,7867.6,7839.0,7845.0,4745.0
2025-04-02 16:00:00+00:00,7845.3,7870.0,7844.6,7864.0,3991.0
2025-04-02 17:00:00+00:00,7864.3,7879.6,7842.8,7853.6,3556.0
2025-04-02 18:00:00+00:00,7853.3,7858.8,7829.6,7833.6,4296.0
2025-04-02 19:00:00+00:00,7834.3,7874.3,7834.3,7869.0,3288.0
2025-04-03 06:00:00+00:00,7709.2,7746.0,7699.0,7701.3,4465.0
2025-04-03 07:00:00+00:00,7701.6,7729.0,7677.0,7720.5,14271.0
2025-04-03 08:00:00+00:00,7721.5,7744.0,7710.8,7736.5,8018.0
2025-04-03 09:00:00+00:00,7735.5,7737.0,7666.2,7670.0,6880.0
2025-04-03 10:00:00+00:00,7669.8,7684.2,7636.2,7648.5,7312.0
2025-04-03 11:00:00+00:00,7649.5,7657.5,7617.5,7634.0,6746.0
2025-04-03 12:00:00+00:00,7633.8,7658.5,7615.2,7621.2,6870.0
2025-04-03 13:00:00+00:00,7620.5,7635.5,7598.5,7621.8,13118.0
2025-04-03 14:00:00+00:00,7619.2,7625.2,7592.0,7594.5,13480.0
2025-04-03 15:00:00+00:00,7593.5,7624.0,7583.8,7620.8,8644.0
2025-04-03 16:00:00+00:00,7620.6,7655.0,7619.8,7630.0,6766.0
2025-04-03 17:00:00+00:00,7630.8,7642.3,7617.3,7626.0,3502.0
2025-04-03 18:00:00+00:00,7625.3,7634.3,7614.0,7624.6,2686.0
2025-04-03 19:00:00+00:00,7624.3,7627.6,7584.3,7592.6,4338.0
2025-04-04 06:00:00+00:00,7581.0,7593.6,7541.8,7545.3,1844.0
2025-04-04 07:00:00+00:00,7545.6,7554.5,7494.0,7501.5,15846.0
2025-04-04 08:00:00+00:00,7500.8,7513.2,7461.8,7481.5,13181.0
2025-04-04 09:00:00+00:00,7482.8,7490.8,7430.5,7443.5,10720.0
2025-04-04 10:00:00+00:00,7443.8,7454.8,7268.0,7279.8,21686.0
2025-04-04 11:00:00+00:00,7279.5,7335.8,7230.0,7322.5,15813.0
2025-04-04 12:00:00+00:00,7321.0,7359.8,7289.0,7325.2,15071.0
2025-04-04 13:00:00+00:00,7325.5,7390.0,7289.0,7306.5,19921.0
2025-04-04 14:00:00+00:00,7305.2,7307.8,7215.2,7254.0,18970.0
2025-04-04 15:00:00+00:00,7254.2,7334.0,7243.8,7261.6,25138.0
2025-04-04 16:00:00+00:00,7262.0,7299.3,7229.3,7242.6,9295.0
2025-04-04 17:00:00+00:00,7243.3,7286.0,7225.0,7280.3,7700.0
2025-04-04 18:00:00+00:00,7281.0,7289.0,7209.0,7228.3,7080.0
2025-04-04 19:00:00+00:00,7228.6,7265.0,7211.0,7216.8,8030.0
2025-04-07 06:00:00+00:00,7050.0,7089.6,6815.6,6815.6,3040.0
2025-04-07 07:00:00+00:00,6815.5,6896.8,6746.8,6851.0,13938.0
2025-04-07 08:00:00+00:00,6850.2,6919.2,6835.2,6842.8,16591.0
2025-04-07 09:00:00+00:00,6842.2,6902.4,6798.9,6860.6,13518.0
2025-04-07 10:00:00+00:00,6859.4,7016.2,6854.2,6944.6,17101.0
2025-04-07 11:00:00+00:00,6945.9,7012.2,6876.9,6911.6,15208.0
2025-04-07 12:00:00+00:00,6911.4,7027.6,6899.6,7017.4,17255.0
2025-04-07 13:00:00+00:00,7018.2,7021.2,6892.2,6992.4,20856.0
2025-04-07 14:00:00+00:00,6991.6,7291.9,6951.6,7052.9,21682.0
2025-04-07 15:00:00+00:00,7053.2,7093.2,6908.7,6922.2,25323.0
2025-04-07 16:00:00+00:00,6922.4,6963.2,6891.0,6908.0,8355.0
2025-04-07 17:00:00+00:00,6908.7,7045.0,6908.7,7045.0,8654.0
2025-04-07 18:00:00+00:00,7045.2,7053.2,6974.4,6977.0,7892.0
2025-04-07 19:00:00+00:00,6977.2,7031.2,6967.0,7000.4,6611.0
2025-04-08 06:00:00+00:00,7077.2,7083.7,7015.2,7062.2,2441.0
2025-04-08 07:00:00+00:00,7062.2,7065.9,6995.6,7015.9,15063.0
2025-04-08 08:00:00+00:00,7016.6,7032.9,6951.4,7028.4,10030.0
2025-04-08 09:00:00+00:00,7028.6,7036.9,6972.9,6984.2,7318.0
2025-04-08 10:00:00+00:00,6984.4,7028.9,6969.2,7023.9,6627.0
2025-04-08 11:00:00+00:00,7025.2,7106.9,7020.4,7098.4,8899.0
2025-04-08 12:00:00+00:00,7098.2,7121.4,7071.6,7116.6,8614.0
2025-04-08 13:00:00+00:00,7115.9,7177.6,7105.4,7162.6,16073.0
2025-04-08 14:00:00+00:00,7162.9,7182.9,7112.6,7114.4,12186.0
2025-04-08 15:00:00+00:00,7114.6,7136.7,7088.4,7109.2,10467.0
2025-04-08 16:00:00+00:00,7108.7,7114.0,7000.2,7003.2,5732.0
2025-04-08 17:00:00+00:00,7003.4,7016.4,6936.7,6990.4,6267.0
2025-04-08 18:00:00+00:00,6989.7,6992.7,6936.0,6941.4,4283.0
2025-04-08 19:00:00+00:00,6940.7,6944.2,6808.2,6890.7,5348.0
2025-04-09 06:00:00+00:00,6835.7,6897.0,6833.0,6888.2,2735.0
2025-04-09 07:00:00+00:00,6888.0,7003.2,6864.2,6964.2,14705.0
2025-04-09 08:00:00+00:00,6964.9,6973.9,6874.6,6950.2,10660.0
2025-04-09 09:00:00+00:00,6950.4,6960.2,6893.9,6894.6,7027.0
2025-04-09 10:00:00+00:00,6894.9,6928.9,6875.4,6888.4,4517.0
2025-04-09 11:00:00+00:00,6888.6,6891.9,6797.2,6809.4,10795.0
2025-04-09 12:00:00+00:00,6809.2,6868.2,6791.4,6853.9,5551.0
2025-04-09 13:00:00+00:00,6854.2,6916.4,6848.9,6903.2,9298.0
2025-04-09 14:00:00+00:00,6904.4,6937.2,6851.9,6853.6,7932.0
2025-04-09 15:00:00+00:00,6853.4,6882.7,6839.0,6855.0,8770.0
2025-04-09 16:00:00+00:00,6855.7,6910.2,6848.0,6896.7,5912.0
2025-04-09 17:00:00+00:00,6897.4,7353.4,6865.7,7339.7,10050.0
2025-04-09 18:00:00+00:00,7338.4,7413.0,7321.0,7353.7,9253.0
2025-04-09 19:00:00+00:00,7353.4,7511.0,7337.7,7455.0,8196.0
2025-04-10 06:00:00+00:00,7403.2,7484.7,7366.4,7478.7,4162.0
2025-04-10 07:00:00+00:00,7481.4,7491.2,7236.2,7238.9,15255.0
2025-04-10 08:00:00+00:00,7239.2,7253.9,7191.4,7214.9,11983.0
2025-04-10 09:00:00+00:00,7214.6,7226.6,7182.4,7211.9,7631.0
2025-04-10 10:00:00+00:00,7212.2,7266.4,7193.4,7254.4,6391.0
2025-04-10 11:00:00+00:00,7253.6,7262.2,7203.2,7216.2,4833.0
2025-04-10 12:00:00+00:00,7217.4,7230.2,7161.2,7183.2,8474.0
2025-04-10 13:00:00+00:00,7183.4,7245.2,7158.2,7179.9,10119.0
2025-04-10 14:00:00+00:00,7179.6,7207.6,7159.4,7159.6,13135.0
2025-04-10 15:00:00+00:00,7158.9,7195.6,7054.0,7070.4,9635.0
2025-04-10 16:00:00+00:00,7070.7,7103.7,6998.2,7093.0,12311.0
2025-04-10 17:00:00+00:00,7092.7,7136.7,7034.4,7120.7,8558.0
2025-04-10 18:00:00+00:00,7120.4,7187.2,7100.0,7157.4,6125.0
2025-04-10 19:00:00+00:00,7157.7,7183.7,7094.4,7175.2,7001.0
2025-04-11 06:00:00+00:00,7202.7,7226.7,7192.4,7193.0,2339.0
2025-04-11 07:00:00+00:00,7193.2,7207.4,7119.6,7119.9,8879.0
2025-04-11 08:00:00+00:00,7119.6,7131.2,7028.2,7050.2,10959.0
2025-04-11 09:00:00+00:00,7049.9,7117.6,7006.2,7114.6,8869.0
2025-04-11 10:00:00+00:00,7115.9,7137.2,7090.2,7126.2,7581.0
2025-04-11 11:00:00+00:00,7126.9,7127.6,7063.4,7092.2,5477.0
2025-04-11 12:00:00+00:00,7092.4,7124.6,7082.2,7088.0,6564.0
2025-04-11 13:00:00+00:00,7086.7,7130.7,7039.4,7121.2,13100.0
2025-04-11 14:00:00+00:00,7121.4,7143.2,7063.2,7102.0,15653.0
2025-04-11 15:00:00+00:00,7101.2,7153.8,7086.0,7153.5,11237.0
2025-04-11 16:00:00+00:00,7153.2,7216.5,7141.2,7210.8,9711.0
2025-04-11 17:00:00+00:00,7211.0,7247.5,7184.0,7241.2,9505.0
2025-04-11 18:00:00+00:00,7241.5,7249.8,7215.5,7226.2,10406.0
2025-04-11 19:00:00+00:00,7226.0,7269.5,7226.0,7255.0,6176.0
2025-04-14 06:00:00+00:00,7265.2,7282.5,7258.2,7267.8,1283.0
2025-04-14 07:00:00+00:00,7267.7,7278.0,7221.4,7259.7,6548.0
2025-04-14 08:00:00+00:00,7260.0,7271.2,7237.7,7259.2,3468.0
2025-04-14 09:00:00+00:00,7259.4,7277.2,7230.0,7245.7,2876.0
2025-04-14 10:00:00+00:00,7246.0,7269.4,7239.0,7265.0,1681.0
2025-04-14 11:00:00+00:00,7265.7,7269.4,7247.7,7249.2,1768.0
2025-04-14 12:00:00+00:00,7249.4,7289.7,7243.4,7286.0,1715.0
2025-04-14 13:00:00+00:00,7286.2,7287.0,7253.0,7266.7,5848.0
2025-04-14 14:00:00+00:00,7267.0,7311.2,7264.7,7294.7,7805.0
2025-04-14 15:00:00+00:00,7295.4,7297.7,7165.8,7174.5,7634.0
2025-04-14 16:00:00+00:00,7174.8,7216.8,7161.0,7199.2,8701.0
2025-04-14 17:00:00+00:00,7199.8,7231.2,7197.8,7221.2,8452.0
2025-04-14 18:00:00+00:00,7221.5,7241.2,7220.8,7238.0,6239.0
2025-04-14 19:00:00+00:00,7238.2,7255.2,7219.8,7224.8,4433.0
2025-04-15 06:00:00+00:00,7216.2,7243.8,7213.8,7222.0,1001.0
2025-04-15 07:00:00+00:00,7222.2,7281.2,7222.2,7280.7,6652.0
2025-04-15 08:00:00+00:00,7280.4,7324.0,7251.7,7315.4,5477.0
2025-04-15 09:00:00+00:00,7315.7,7319.2,7291.2,7296.2,3102.0
2025-04-15 10:00:00+00:00,7296.4,7315.0,7285.7,7292.4,2549.0
2025-04-15 11:00:00+00:00,7292.2,7300.7,7272.5,7274.0,2782.0
2025-04-15 12:00:00+00:00,7275.0,7296.5,7261.8,7291.5,2842.0
2025-04-15 13:00:00+00:00,7292.5,7335.0,7286.2,7330.8,5550.0
2025-04-15 14:00:00+00:00,7331.0,7346.8,7304.5,7335.0,7980.0
2025-04-15 15:00:00+00:00,7335.2,7349.8,7327.6,7334.8,4966.0
2025-04-15 16:00:00+00:00,7334.6,7351.0,7327.8,7331.3,3378.0
2025-04-15 17:00:00+00:00,7331.0,7339.0,7313.0,7322.8,4264.0
2025-04-15 18:00:00+00:00,7324.3,7334.0,7312.6,7328.0,4022.0
2025-04-15 19:00:00+00:00,7326.6,7328.3,7310.0,7312.8,2520.0
2025-04-16 06:00:00+00:00,7231.3,7278.6,7226.3,7276.6,1404.0
2025-04-16 07:00:00+00:00,7277.3,7295.2,7251.0,7257.5,4309.0
2025-04-16 08:00:00+00:00,7256.8,7312.2,7242.0,7276.0,6797.0
2025-04-16 09:00:00+00:00,7276.2,7300.5,7269.0,7285.8,3314.0
2025-04-16 10:00:00+00:00,7285.5,7306.0,7283.8,7295.2,2180.0
2025-04-16 11:00:00+00:00,7295.0,7299.5,7290.0,7295.2,1584.0
2025-04-16 12:00:00+00:00,7296.5,7311.2,7285.0,7295.5,2198.0
2025-04-16 13:00:00+00:00,7295.2,7302.5,7275.0,7286.2,4671.0
2025-04-16 14:00:00+00:00,7284.8,7302.5,7279.5,7298.2,4685.0
2025-04-16 15:00:00+00:00,7299.0,7337.6,7297.6,7304.6,3404.0
2025-04-16 16:00:00+00:00,7304.3,7305.6,7290.8,7295.8,2805.0
2025-04-16 17:00:00+00:00,7295.0,7307.8,7246.3,7247.6,3627.0
2025-04-16 18:00:00+00:00,7247.3,7266.6,7234.3,7239.0,4227.0
2025-04-16 19:00:00+00:00,7238.8,7254.8,7213.6,7248.3,2586.0
2025-04-17 06:00:00+00:00,7317.8,7338.3,7303.8,7306.8,1170.0
2025-04-17 07:00:00+00:00,7307.3,7332.0,7293.5,7303.8,5139.0
2025-04-17 08:00:00+00:00,7304.6,7311.0,7284.3,7288.0,2742.0
2025-04-17 09:00:00+00:00,7288.3,7305.3,7279.8,7299.8,2971.0
2025-04-17 10:00:00+00:00,7299.6,7304.6,7266.0,7273.8,2710.0
2025-04-17 11:00:00+00:00,7274.0,7280.2,7261.0,7272.0,1707.0
2025-04-17 12:00:00+00:00,7272.2,7309.2,7265.5,7278.0,2939.0
2025-04-17 13:00:00+00:00,7277.8,7302.0,7276.8,7294.2,6060.0
2025-04-17 14:00:00+00:00,7294.5,7309.2,7278.2,7283.5,5654.0
2025-04-17 15:00:00+00:00,7283.8,7308.3,7283.5,7299.3,3882.0
2025-04-17 16:00:00+00:00,7302.8,7364.8,7302.8,7352.0,10900.0
2025-04-17 17:00:00+00:00,7352.3,7366.8,7339.6,7360.8,7915.0
2025-04-17 18:00:00+00:00,7359.3,7370.3,7346.8,7348.0,7402.0
2025-04-17 19:00:00+00:00,7348.3,7349.3,7306.8,7310.8,6509.0
2025-04-22 06:00:00+00:00,7241.0,7299.3,7241.0,7286.8,1633.0
2025-04-22 07:00:00+00:00,7286.6,7293.0,7228.0,7229.2,6248.0
2025-04-22 08:00:00+00:00,7229.5,7268.5,7219.8,7265.0,4571.0
2025-04-22 09:00:00+00:00,7265.2,7284.2,7258.5,7282.2,2611.0
2025-04-22 10:00:00+00:00,7282.0,7282.0,7253.0,7258.0,2683.0
2025-04-22 11:00:00+00:00,7257.2,7262.5,7237.2,7253.5,2459.0
2025-04-22 12:00:00+00:00,7253.8,7279.5,7248.5,7262.5,2978.0
2025-04-22 13:00:00+00:00,7262.8,7301.0,7262.2,7278.8,5828.0
2025-04-22 14:00:00+00:00,7279.5,7325.2,7278.0,7323.8,5211.0
2025-04-22 15:00:00+00:00,7324.0,7375.8,7323.8,7363.3,5004.0
2025-04-22 16:00:00+00:00,7363.6,7388.6,7363.6,7373.8,7284.0
2025-04-22 17:00:00+00:00,7374.0,7384.3,7330.0,7331.0,9495.0
2025-04-22 18:00:00+00:00,7330.3,7383.6,7330.0,7382.0,4405.0
2025-04-22 19:00:00+00:00,7382.3,7386.8,7367.8,7379.8,4374.0
2025-04-23 06:00:00+00:00,7427.8,7444.6,7418.3,7426.3,1499.0
2025-04-23 07:00:00+00:00,7432.8,7491.8,7420.5,7487.2,6720.0
2025-04-23 08:00:00+00:00,7488.0,7515.0,7481.5,7511.0,4056.0
2025-04-23 09:00:00+00:00,7511.8,7524.5,7493.5,7510.0,3126.0
2025-04-23 10:00:00+00:00,7510.8,7520.0,7494.8,7519.0,3629.0
2025-04-23 11:00:00+00:00,7518.8,7519.0,7489.5,7489.5,2795.0
2025-04-23 12:00:00+00:00,7489.8,7504.5,7478.5,7499.2,3175.0
2025-04-23 13:00:00+00:00,7499.0,7585.0,7486.0,7556.5,10929.0
2025-04-23 14:00:00+00:00,7556.8,7564.2,7513.0,7533.5,14143.0
2025-04-23 15:00:00+00:00,7533.8,7542.8,7473.8,7501.3,10075.0
2025-04-23 16:00:00+00:00,7502.0,7507.6,7470.8,7503.6,5856.0
2025-04-23 17:00:00+00:00,7503.3,7514.6,7485.8,7506.8,4219.0
2025-04-23 18:00:00+00:00,7508.0,7514.6,7491.8,7493.6,4490.0
2025-04-23 19:00:00+00:00,7493.3,7500.0,7479.8,7499.8,4660.0
2025-04-24 06:00:00+00:00,7471.2,7477.5,7461.2,7461.8,1275.0
2025-04-24 07:00:00+00:00,7461.7,7464.4,7430.4,7433.2,7537.0
2025-04-24 08:00:00+00:00,7433.0,7451.2,7423.7,7448.2,4256.0
2025-04-24 09:00:00+00:00,7449.2,7466.4,7439.4,7461.2,2836.0
2025-04-24 10:00:00+00:00,7462.2,7484.4,7461.4,7482.6,3322.0
2025-04-24 11:00:00+00:00,7482.9,7499.4,7469.9,7481.9,3812.0
2025-04-24 12:00:00+00:00,7482.2,7500.2,7470.2,7492.4,2842.0
2025-04-24 13:00:00+00:00,7492.6,7496.9,7471.9,7492.9,5636.0
2025-04-24 14:00:00+00:00,7492.6,7514.4,7482.4,7506.4,5335.0
2025-04-24 15:00:00+00:00,7506.6,7530.4,7506.6,7520.4,3965.0
2025-04-24 16:00:00+00:00,7521.7,7541.0,7518.2,7536.2,2591.0
2025-04-24 17:00:00+00:00,7536.0,7544.7,7532.2,7543.7,2215.0
2025-04-24 18:00:00+00:00,7543.4,7550.7,7541.0,7545.0,1695.0
2025-04-24 19:00:00+00:00,7544.2,7564.4,7534.7,7561.7,2328.0
2025-04-25 06:00:00+00:00,7554.0,7568.4,7549.0,7568.4,1057.0
2025-04-25 07:00:00+00:00,7569.7,7588.6,7538.4,7561.9,7585.0
2025-04-25 08:00:00+00:00,7562.6,7577.2,7554.4,7567.9,3743.0
2025-04-25 09:00:00+00:00,7568.2,7579.4,7550.4,7573.2,3075.0
2025-04-25 10:00:00+00:00,7572.4,7596.0,7537.0,7541.2,4893.0
2025-04-25 11:00:00+00:00,7541.0,7550.4,7537.2,7547.7,2851.0
2025-04-25 12:00:00+00:00,7547.4,7570.2,7539.7,7558.7,2769.0
2025-04-25 13:00:00+00:00,7559.4,7577.4,7553.2,7558.2,5900.0
2025-04-25 14:00:00+00:00,7560.4,7570.2,7539.0,7550.2,7360.0
2025-04-25 15:00:00+00:00,7550.0,7568.5,7548.4,7567.8,4258.0
2025-04-25 16:00:00+00:00,7567.5,7581.2,7566.5,7578.5,2223.0
2025-04-25 17:00:00+00:00,7578.2,7590.5,7551.2,7557.5,3901.0
2025-04-25 18:00:00+00:00,7558.8,7592.5,7556.8,7584.8,2455.0
2025-04-25 19:00:00+00:00,7585.0,7597.2,7579.5,7595.0,2300.0
2025-04-28 06:00:00+00:00,7557.7,7578.7,7556.7,7575.7,865.0
2025-04-28 07:00:00+00:00,7575.4,7600.4,7573.2,7580.4,5052.0
2025-04-28 08:00:00+00:00,7580.2,7600.2,7577.6,7598.0,3025.0
2025-04-28 09:00:00+00:00,7597.8,7621.0,7597.0,7609.0,2512.0
2025-04-28 10:00:00+00:00,7609.8,7616.5,7602.0,7603.5,2456.0
2025-04-28 11:00:00+00:00,7603.2,7619.5,7593.0,7615.0,2146.0
2025-04-28 12:00:00+00:00,7615.8,7626.8,7608.8,7623.0,2141.0
2025-04-28 13:00:00+00:00,7622.8,7632.2,7620.0,7620.5,4031.0
2025-04-28 14:00:00+00:00,7620.8,7620.8,7596.5,7601.8,5599.0
2025-04-28 15:00:00+00:00,7602.0,7607.5,7568.6,7570.8,4628.0
2025-04-28 16:00:00+00:00,7570.6,7572.3,7551.3,7557.6,3942.0
2025-04-28 17:00:00+00:00,7558.6,7566.3,7543.8,7564.8,3422.0
2025-04-28 18:00:00+00:00,7565.0,7574.0,7562.0,7566.0,2320.0
2025-04-28 19:00:00+00:00,7566.8,7580.3,7564.8,7578.8,2832.0
2025-04-29 06:00:00+00:00,7565.8,7581.3,7560.6,7570.0,687.0
2025-04-29 07:00:00+00:00,7570.0,7601.8,7570.0,7592.0,6436.0
2025-04-29 08:00:00+00:00,7591.0,7594.2,7572.5,7588.5,3496.0
2025-04-29 09:00:00+00:00,7588.2,7594.0,7576.5,7583.5,3011.0
2025-04-29 10:00:00+00:00,7583.8,7588.2,7557.0,7566.5,2945.0
2025-04-29 11:00:00+00:00,7566.8,7574.8,7557.8,7572.0,2573.0
2025-04-29 12:00:00+00:00,7572.2,7579.5,7561.5,7563.5,3161.0
2025-04-29 13:00:00+00:00,7565.0,7573.0,7544.8,7563.2,6125.0
2025-04-29 14:00:00+00:00,7561.0,7581.8,7558.2,7580.0,5614.0
2025-04-29 15:00:00+00:00,7580.2,7582.8,7565.6,7570.8,3758.0
2025-04-29 16:00:00+00:00,7571.0,7587.3,7558.8,7563.0,4030.0
2025-04-29 17:00:00+00:00,7563.3,7594.3,7560.0,7591.6,3699.0
2025-04-29 18:00:00+00:00,7591.3,7594.3,7585.6,7587.8,2090.0
2025-04-29 19:00:00+00:00,7588.0,7596.0,7584.6,7587.0,2104.0
2025-04-30 06:00:00+00:00,7568.6,7599.0,7561.3,7591.8,869.0
2025-04-30 07:00:00+00:00,7591.8,7614.2,7580.0,7592.8,6126.0
2025-04-30 08:00:00+00:00,7592.2,7604.2,7579.0,7590.0,4214.0
2025-04-30 09:00:00+00:00,7590.2,7610.0,7590.2,7608.5,3172.0
2025-04-30 10:00:00+00:00,7609.2,7615.2,7598.0,7612.5,2788.0
2025-04-30 11:00:00+00:00,7612.2,7621.2,7608.5,7615.5,2371.0
2025-04-30 12:00:00+00:00,7615.2,7615.8,7546.0,7553.0,5229.0
2025-04-30 13:00:00+00:00,7552.8,7571.2,7522.8,7527.8,8098.0
2025-04-30 14:00:00+00:00,7527.5,7578.0,7526.8,7578.0,7754.0
2025-04-30 15:00:00+00:00,7577.2,7620.8,7577.0,7609.8,6605.0
2025-04-30 16:00:00+00:00,7609.6,7619.6,7601.8,7618.0,4587.0
2025-04-30 17:00:00+00:00,7618.3,7637.6,7599.0,7632.0,3872.0
2025-04-30 18:00:00+00:00,7631.8,7662.3,7625.3,7627.0,4612.0
2025-04-30 19:00:00+00:00,7627.3,7642.0,7623.8,7636.3,2930.0
2025-05-02 06:00:00+00:00,7698.3,7719.6,7673.3,7718.0,1065.0
2025-05-02 07:00:00+00:00,7719.6,7734.5,7692.5,7697.5,6064.0
2025-05-02 08:00:00+00:00,7697.2,7718.8,7688.2,7707.0,3812.0
2025-05-02 09:00:00+00:00,7706.8,7731.5,7703.0,7724.0,3531.0
2025-05-02 10:00:00+00:00,7725.0,7730.0,7715.8,7725.2,2683.0
2025-05-02 11:00:00+00:00,7725.5,7729.2,7718.0,7720.5,2481.0
2025-05-02 12:00:00+00:00,7720.8,7772.8,7717.2,7768.0,3897.0
2025-05-02 13:00:00+00:00,7768.2,7770.0,7732.5,7742.8,5668.0
2025-05-02 14:00:00+00:00,7742.5,7792.5,7741.2,7790.8,5543.0
2025-05-02 15:00:00+00:00,7791.0,7792.5,7779.6,7781.8,3765.0
2025-05-02 16:00:00+00:00,7782.0,7804.8,7781.8,7797.8,3220.0
2025-05-02 17:00:00+00:00,7797.6,7806.8,7791.6,7798.6,2105.0
2025-05-02 18:00:00+00:00,7798.8,7816.6,7798.6,7807.6,2224.0
2025-05-02 19:00:00+00:00,7807.3,7814.8,7800.0,7808.0,2546.0
2025-05-05 06:00:00+00:00,7741.3,7763.3,7738.3,7748.3,1152.0
2025-05-05 07:00:00+00:00,7748.6,7753.2,7737.5,7740.8,3514.0
2025-05-05 08:00:00+00:00,7741.0,7748.2,7727.0,7729.5,2397.0
2025-05-05 09:00:00+00:00,7728.8,7741.0,7728.0,7732.5,2168.0
2025-05-05 10:00:00+00:00,7732.2,7735.8,7721.5,7731.5,1644.0
2025-05-05 11:00:00+00:00,7731.2,7734.0,7717.0,7727.5,1888.0
2025-05-05 12:00:00+00:00,7727.8,7737.0,7724.8,7731.2,1937.0
2025-05-05 13:00:00+00:00,7731.5,7736.5,7722.2,7735.5,3388.0
2025-05-05 14:00:00+00:00,7735.0,7747.5,7727.0,7740.8,3475.0
2025-05-05 15:00:00+00:00,7741.0,7745.8,7728.0,7736.6,2997.0
2025-05-05 16:00:00+00:00,7736.8,7745.6,7736.0,7742.6,1260.0
2025-05-05 17:00:00+00:00,7742.3,7742.3,7734.3,7738.6,1144.0
2025-05-05 18:00:00+00:00,7738.3,7750.8,7738.0,7741.6,841.0
2025-05-05 19:00:00+00:00,7741.3,7742.8,7726.8,7729.3,1522.0
2025-05-06 06:00:00+00:00,7716.0,7747.6,7716.0,7741.3,1031.0
2025-05-06 07:00:00+00:00,7742.8,7752.0,7709.0,7713.2,4641.0
2025-05-06 08:00:00+00:00,7713.0,7716.2,7682.2,7689.0,5029.0
2025-05-06 09:00:00+00:00,7689.2,7690.8,7651.8,7678.2,4870.0
2025-05-06 10:00:00+00:00,7678.0,7699.2,7665.8,7698.8,3344.0
2025-05-06 11:00:00+00:00,7699.0,7704.8,7688.5,7703.5,2986.0
2025-05-06 12:00:00+00:00,7703.2,7722.2,7699.8,7719.2,2702.0
2025-05-06 13:00:00+00:00,7719.5,7724.2,7682.8,7692.0,4399.0
2025-05-06 14:00:00+00:00,7692.2,7710.0,7686.2,7703.5,4728.0
2025-05-06 15:00:00+00:00,7703.8,7712.0,7685.8,7686.3,3421.0
2025-05-06 16:00:00+00:00,7686.0,7712.6,7682.3,7683.6,4282.0
2025-05-06 17:00:00+00:00,7683.8,7695.8,7669.3,7669.8,3129.0
2025-05-06 18:00:00+00:00,7669.6,7687.3,7667.6,7684.8,2387.0
2025-05-06 19:00:00+00:00,7685.0,7687.3,7673.6,7674.3,1922.0
2025-05-07 06:00:00+00:00,7687.6,7693.1,7669.8,7671.1,1053.0
2025-05-07 07:00:00+00:00,7671.0,7678.6,7646.8,7656.8,4837.0
2025-05-07 08:00:00+00:00,7657.0,7666.8,7648.6,7661.8,3451.0
2025-05-07 09:00:00+00:00,7661.0,7665.0,7643.6,7649.3,2734.0
2025-05-07 10:00:00+00:00,7650.0,7650.8,7638.8,7645.0,2239.0
2025-05-07 11:00:00+00:00,7644.8,7654.8,7643.3,7653.0,2050.0
2025-05-07 12:00:00+00:00,7652.8,7659.6,7628.3,7634.3,2757.0
2025-05-07 13:00:00+00:00,7634.6,7635.0,7611.3,7625.8,5042.0
2025-05-07 14:00:00+00:00,7626.0,7632.0,7615.8,7618.6,4199.0
2025-05-07 15:00:00+00:00,7617.8,7639.1,7614.8,7634.6,4632.0
2025-05-07 16:00:00+00:00,7634.4,7646.6,7628.8,7645.4,2660.0
2025-05-07 17:00:00+00:00,7645.6,7649.1,7623.6,7634.6,2224.0
2025-05-07 18:00:00+00:00,7628.8,7644.6,7605.1,7639.6,7693.0
2025-05-07 19:00:00+00:00,7639.8,7660.4,7616.4,7647.1,6190.0
2025-05-08 06:00:00+00:00,7658.0,7659.3,7643.6,7650.6,848.0
2025-05-08 07:00:00+00:00,7650.5,7670.0,7641.5,7654.5,5549.0
2025-05-08 08:00:00+00:00,7654.8,7690.2,7652.8,7681.8,3824.0
2025-05-08 09:00:00+00:00,7682.0,7702.5,7677.0,7701.0,2569.0
2025-05-08 10:00:00+00:00,7701.2,7713.2,7698.2,7710.5,2316.0
2025-05-08 11:00:00+00:00,7710.8,7716.2,7701.5,7710.8,2625.0
2025-05-08 12:00:00+00:00,7710.5,7717.2,7678.8,7682.8,3584.0
2025-05-08 13:00:00+00:00,7682.5,7694.8,7681.5,7689.5,5639.0
2025-05-08 14:00:00+00:00,7688.8,7699.8,7678.0,7685.8,6325.0
2025-05-08 15:00:00+00:00,7686.0,7733.8,7676.6,7726.8,6184.0
2025-05-08 16:00:00+00:00,7726.6,7744.8,7726.4,7742.1,2476.0
2025-05-08 17:00:00+00:00,7742.4,7743.4,7721.6,7721.6,2424.0
2025-05-08 18:00:00+00:00,7721.4,7736.4,7719.8,7729.1,2257.0
2025-05-08 19:00:00+00:00,7728.8,7742.4,7712.8,7714.8,2625.0
2025-05-09 06:00:00+00:00,7729.6,7738.8,7728.8,7733.4,680.0
2025-05-09 07:00:00+00:00,7733.6,7760.6,7730.0,7738.8,4555.0
2025-05-09 08:00:00+00:00,7739.0,7747.7,7727.3,7733.2,3234.0
2025-05-09 09:00:00+00:00,7733.0,7758.7,7733.0,7755.0,2676.0
2025-05-09 10:00:00+00:00,7754.7,7765.0,7750.2,7757.2,2002.0
2025-05-09 11:00:00+00:00,7757.4,7759.7,7731.4,7745.4,3647.0
2025-05-09 12:00:00+00:00,7745.2,7769.0,7744.4,7755.2,2344.0
2025-05-09 13:00:00+00:00,7756.0,7772.2,7755.7,7771.2,3778.0
2025-05-09 14:00:00+00:00,7771.4,7772.0,7746.4,7751.7,5000.0
2025-05-09 15:00:00+00:00,7752.0,7758.5,7741.2,7758.0,3824.0
2025-05-09 16:00:00+00:00,7757.8,7758.8,7737.5,7739.2,3005.0
2025-05-09 17:00:00+00:00,7738.5,7764.5,7737.2,7764.2,2309.0
2025-05-09 18:00:00+00:00,7763.5,7764.5,7755.2,7762.5,1585.0
2025-05-09 19:00:00+00:00,7762.2,7766.8,7754.2,7759.8,1998.0
2025-05-12 06:00:00+00:00,7804.9,7805.4,7767.6,7777.9,1012.0
2025-05-12 07:00:00+00:00,7777.6,7863.8,7775.1,7807.6,11116.0
2025-05-12 08:00:00+00:00,7807.8,7846.6,7783.1,7843.1,5736.0
2025-05-12 09:00:00+00:00,7844.4,7881.6,7840.1,7871.5,3750.0
2025-05-12 10:00:00+00:00,7871.8,7872.5,7835.0,7849.0,3620.0
2025-05-12 11:00:00+00:00,7848.2,7859.5,7835.2,7851.0,3719.0
2025-05-12 12:00:00+00:00,7850.8,7868.8,7846.8,7857.0,2927.0
2025-05-12 13:00:00+00:00,7856.8,7868.2,7830.0,7833.5,7474.0
2025-05-12 14:00:00+00:00,7834.5,7852.0,7797.8,7839.8,7595.0
2025-05-12 15:00:00+00:00,7841.2,7858.2,7833.0,7834.6,5344.0
2025-05-12 16:00:00+00:00,7834.3,7867.6,7832.3,7865.0,2182.0
2025-05-12 17:00:00+00:00,7865.8,7876.3,7865.3,7870.3,1850.0
2025-05-12 18:00:00+00:00,7869.3,7877.8,7868.6,7869.6,1776.0
2025-05-12 19:00:00+00:00,7869.3,7880.3,7865.8,7878.8,1828.0
2025-05-13 06:00:00+00:00,7837.2,7854.6,7836.4,7839.2,743.0
2025-05-13 07:00:00+00:00,7838.6,7870.1,7837.6,7852.1,5358.0
2025-05-13 08:00:00+00:00,7851.8,7865.4,7844.8,7859.8,3021.0
2025-05-13 09:00:00+00:00,7860.1,7866.8,7850.4,7861.1,2024.0
2025-05-13 10:00:00+00:00,7861.4,7863.4,7850.8,7851.6,1784.0
2025-05-13 11:00:00+00:00,7851.8,7864.8,7851.1,7856.6,1605.0
2025-05-13 12:00:00+00:00,7855.6,7875.8,7852.1,7868.0,2749.0
2025-05-13 13:00:00+00:00,7869.0,7880.8,7856.0,7864.0,4048.0
2025-05-13 14:00:00+00:00,7865.0,7873.2,7853.8,7865.0,3658.0
2025-05-13 15:00:00+00:00,7864.0,7876.6,7861.2,7864.6,2589.0
2025-05-13 16:00:00+00:00,7864.8,7875.0,7862.6,7870.8,1715.0
2025-05-13 17:00:00+00:00,7871.6,7883.8,7869.8,7873.0,1161.0
2025-05-13 18:00:00+00:00,7871.8,7879.8,7870.0,7879.0,1382.0
2025-05-13 19:00:00+00:00,7878.8,7881.6,7862.8,7863.0,1067.0
2025-05-14 06:00:00+00:00,7857.6,7876.6,7856.0,7876.0,547.0
2025-05-14 07:00:00+00:00,7876.0,7880.2,7832.8,7849.8,4766.0
2025-05-14 08:00:00+00:00,7850.0,7851.8,7817.5,7818.5,3169.0
2025-05-14 09:00:00+00:00,7818.8,7828.0,7805.0,7825.0,2656.0
2025-05-14 10:00:00+00:00,7825.2,7830.2,7817.0,7825.5,1755.0
2025-05-14 11:00:00+00:00,7825.8,7844.2,7825.8,7840.5,1535.0
2025-05-14 12:00:00+00:00,7839.8,7856.5,7837.0,7849.0,2227.0
2025-05-14 13:00:00+00:00,7849.2,7849.5,7821.2,7831.5,3497.0
2025-05-14 14:00:00+00:00,7830.8,7841.0,7826.0,7832.2,3866.0
2025-05-14 15:00:00+00:00,7832.5,7840.0,7815.0,7834.0,3374.0
2025-05-14 16:00:00+00:00,7833.8,7837.8,7820.3,7823.6,1901.0
2025-05-14 17:00:00+00:00,7822.8,7823.6,7806.6,7821.6,1950.0
2025-05-14 18:00:00+00:00,7821.3,7828.3,7817.3,7826.0,1580.0
2025-05-14 19:00:00+00:00,7826.3,7833.6,7821.0,7829.6,1665.0
2025-05-15 06:00:00+00:00,7797.3,7812.8,7796.8,7799.0,646.0
2025-05-15 07:00:00+00:00,7799.3,7819.2,7798.0,7801.5,5241.0
2025-05-15 08:00:00+00:00,7802.2,7822.2,7799.8,7813.6,2520.0
2025-05-15 09:00:00+00:00,7814.6,7823.6,7808.8,7816.8,1919.0
2025-05-15 10:00:00+00:00,7817.0,7823.6,7812.3,7821.3,1393.0
2025-05-15 11:00:00+00:00,7820.3,7831.8,7818.0,7822.0,1375.0
2025-05-15 12:00:00+00:00,7822.0,7840.5,7813.8,7826.0,1905.0
2025-05-15 13:00:00+00:00,7826.2,7844.8,7818.8,7844.0,3503.0
2025-05-15 14:00:00+00:00,7844.2,7849.0,7832.2,7845.2,3466.0
2025-05-15 15:00:00+00:00,7845.0,7870.8,7841.8,7864.8,2757.0
2025-05-15 16:00:00+00:00,7865.0,7872.6,7862.8,7870.6,1468.0
2025-05-15 17:00:00+00:00,7869.8,7874.6,7865.0,7866.6,1435.0
2025-05-15 18:00:00+00:00,7866.8,7870.0,7861.8,7868.6,1559.0
2025-05-15 19:00:00+00:00,7868.8,7873.3,7865.3,7870.3,1897.0
2025-05-16 06:00:00+00:00,7873.6,7898.0,7873.6,7891.6,847.0
2025-05-16 07:00:00+00:00,7891.3,7909.8,7881.8,7905.8,4470.0
2025-05-16 08:00:00+00:00,7906.0,7910.0,7894.8,7901.0,2712.0
2025-05-16 09:00:00+00:00,7902.0,7922.0,7896.8,7916.2,2702.0
2025-05-16 10:00:00+00:00,7916.5,7923.2,7910.5,7913.0,1586.0
2025-05-16 11:00:00+00:00,7912.8,7914.8,7899.8,7902.5,1414.0
2025-05-16 12:00:00+00:00,7902.2,7902.5,7864.8,7866.2,1886.0
2025-05-16 13:00:00+00:00,7866.5,7879.0,7862.5,7878.8,3922.0
2025-05-16 14:00:00+00:00,7874.0,7882.0,7866.8,7870.2,3510.0
2025-05-16 15:00:00+00:00,7870.5,7899.8,7870.5,7895.6,2596.0
2025-05-16 16:00:00+00:00,7895.8,7908.8,7895.6,7905.0,1290.0
2025-05-16 17:00:00+00:00,7905.3,7915.8,7903.6,7911.6,1095.0
2025-05-16 18:00:00+00:00,7910.8,7924.3,7909.6,7920.3,1011.0
2025-05-16 19:00:00+00:00,7920.6,7925.3,7918.8,7924.3,998.0
2025-05-19 06:00:00+00:00,7854.1,7879.6,7842.1,7846.1,1038.0
2025-05-19 07:00:00+00:00,7846.4,7871.3,7844.8,7850.0,5268.0
2025-05-19 08:00:00+00:00,7849.3,7857.6,7833.8,7839.0,2946.0
2025-05-19 09:00:00+00:00,7838.3,7839.0,7825.8,7833.3,2450.0
2025-05-19 10:00:00+00:00,7833.6,7839.3,7826.3,7832.8,1885.0
2025-05-19 11:00:00+00:00,7833.0,7838.3,7825.8,7833.0,1625.0
2025-05-19 12:00:00+00:00,7833.3,7839.0,7827.0,7827.8,1592.0
2025-05-19 13:00:00+00:00,7827.6,7861.6,7824.8,7857.8,3427.0
2025-05-19 14:00:00+00:00,7858.6,7872.6,7857.8,7869.3,3488.0
2025-05-19 15:00:00+00:00,7869.0,7893.1,7867.0,7888.6,2872.0
2025-05-19 16:00:00+00:00,7889.6,7905.4,7888.1,7901.6,1492.0
2025-05-19 17:00:00+00:00,7901.4,7913.4,7900.1,7904.8,1410.0
2025-05-19 18:00:00+00:00,7904.1,7911.6,7899.6,7909.6,1144.0
2025-05-19 19:00:00+00:00,7909.4,7918.4,7903.8,7915.8,1116.0
2025-05-20 06:00:00+00:00,7891.2,7902.6,7889.6,7896.9,593.0
2025-05-20 07:00:00+00:00,7897.2,7907.6,7878.1,7888.4,4096.0
2025-05-20 08:00:00+00:00,7888.6,7902.1,7879.4,7893.8,3181.0
2025-05-20 09:00:00+00:00,7894.1,7903.6,7882.4,7903.1,2234.0
2025-05-20 10:00:00+00:00,7903.8,7923.6,7899.6,7922.1,1982.0
2025-05-20 11:00:00+00:00,7923.1,7935.4,7916.4,7933.6,1857.0
2025-05-20 12:00:00+00:00,7933.4,7948.8,7932.1,7947.8,1449.0
2025-05-20 13:00:00+00:00,7948.6,7964.4,7946.8,7951.8,3403.0
2025-05-20 14:00:00+00:00,7952.1,7956.8,7943.1,7948.8,3574.0
2025-05-20 15:00:00+00:00,7948.6,7957.4,7944.4,7955.6,2721.0
2025-05-20 16:00:00+00:00,7955.9,7961.2,7946.6,7960.4,1424.0
2025-05-20 17:00:00+00:00,7960.6,7965.9,7955.2,7958.2,1193.0
2025-05-20 18:00:00+00:00,7957.9,7959.6,7943.4,7948.2,2188.0
2025-05-20 19:00:00+00:00,7947.9,7956.9,7938.9,7953.2,1606.0
2025-05-21 06:00:00+00:00,7933.0,7937.5,7916.2,7917.0,794.0
2025-05-21 07:00:00+00:00,7917.0,7932.7,7915.7,7920.7,4120.0
2025-05-21 08:00:00+00:00,7921.0,7924.2,7899.4,7903.2,2156.0
2025-05-21 09:00:00+00:00,7903.4,7904.2,7892.7,7895.0,2092.0
2025-05-21 10:00:00+00:00,7894.7,7900.2,7880.0,7900.2,2275.0
2025-05-21 11:00:00+00:00,7900.0,7913.0,7899.0,7899.7,1799.0
2025-05-21 12:00:00+00:00,7899.4,7910.0,7895.4,7908.0,1694.0
2025-05-21 13:00:00+00:00,7908.2,7923.7,7902.7,7920.7,3153.0
2025-05-21 14:00:00+00:00,7921.0,7938.7,7917.7,7923.2,3592.0
2025-05-21 15:00:00+00:00,7924.0,7927.2,7913.0,7920.5,3196.0
2025-05-21 16:00:00+00:00,7920.2,7925.8,7913.0,7919.8,1473.0
2025-05-21 17:00:00+00:00,7920.0,7921.2,7848.8,7872.5,8751.0
2025-05-21 18:00:00+00:00,7872.2,7876.0,7857.0,7858.2,5930.0
2025-05-21 19:00:00+00:00,7858.5,7865.5,7843.0,7860.5,4172.0
2025-05-22 06:00:00+00:00,7870.0,7883.5,7865.2,7870.2,843.0
2025-05-22 07:00:00+00:00,7870.5,7893.2,7849.4,7853.2,4460.0
2025-05-22 08:00:00+00:00,7852.0,7867.2,7845.0,7849.7,3378.0
2025-05-22 09:00:00+00:00,7850.7,7853.2,7829.7,7837.2,2556.0
2025-05-22 10:00:00+00:00,7837.0,7846.4,7829.2,7837.2,2354.0
2025-05-22 11:00:00+00:00,7837.0,7848.2,7823.4,7823.7,2630.0
2025-05-22 12:00:00+00:00,7824.0,7834.0,7812.7,7832.0,3419.0
2025-05-22 13:00:00+00:00,7832.2,7837.0,7815.2,7822.2,5246.0
2025-05-22 14:00:00+00:00,7822.4,7852.7,7821.2,7852.4,5537.0
2025-05-22 15:00:00+00:00,7852.2,7874.2,7851.0,7874.2,4609.0
2025-05-22 16:00:00+00:00,7874.5,7882.0,7866.0,7868.2,3136.0
2025-05-22 17:00:00+00:00,7868.5,7891.0,7865.2,7887.8,2299.0
2025-05-22 18:00:00+00:00,7887.0,7891.8,7884.2,7889.8,2560.0
2025-05-22 19:00:00+00:00,7890.0,7896.0,7868.8,7872.5,1899.0
2025-05-23 06:00:00+00:00,7872.8,7876.8,7856.5,7870.0,958.0
2025-05-23 07:00:00+00:00,7870.0,7894.4,7865.7,7870.4,3369.0
2025-05-23 08:00:00+00:00,7870.2,7877.0,7855.4,7858.7,3064.0
2025-05-23 09:00:00+00:00,7858.4,7858.4,7829.2,7841.2,3105.0
2025-05-23 10:00:00+00:00,7841.4,7845.7,7828.4,7835.7,1964.0
2025-05-23 11:00:00+00:00,7834.2,7837.0,7669.0,7669.4,9827.0
2025-05-23 12:00:00+00:00,7670.2,7696.0,7623.7,7663.2,11587.0
2025-05-23 13:00:00+00:00,7663.4,7703.4,7627.2,7703.2,10536.0
2025-05-23 14:00:00+00:00,7704.0,7742.7,7702.4,7732.7,8380.0
2025-05-23 15:00:00+00:00,7733.7,7745.0,7719.4,7727.0,6035.0
2025-05-23 16:00:00+00:00,7726.8,7741.0,7723.2,7736.2,3850.0
2025-05-23 17:00:00+00:00,7735.5,7756.2,7734.2,7750.5,2300.0
2025-05-23 18:00:00+00:00,7750.2,7756.5,7733.2,7735.2,3434.0
2025-05-23 19:00:00+00:00,7735.0,7741.2,7721.5,7730.8,2537.0
2025-05-26 06:00:00+00:00,7805.4,7831.4,7800.4,7826.7,1086.0
2025-05-26 07:00:00+00:00,7827.2,7842.9,7801.9,7825.9,3402.0
2025-05-26 08:00:00+00:00,7826.2,7835.9,7817.6,7819.9,2033.0
2025-05-26 09:00:00+00:00,7819.6,7834.4,7817.4,7831.9,1471.0
2025-05-26 10:00:00+00:00,7832.2,7833.4,7817.9,7824.2,957.0
2025-05-26 11:00:00+00:00,7823.9,7834.4,7818.4,7831.4,800.0
2025-05-26 12:00:00+00:00,7831.2,7832.2,7810.2,7811.4,1211.0
2025-05-26 13:00:00+00:00,7811.6,7827.0,7806.9,7819.0,1543.0
2025-05-26 14:00:00+00:00,7819.3,7829.6,7814.3,7828.8,1720.0
2025-05-26 15:00:00+00:00,7828.6,7837.8,7817.3,7837.8,1563.0
2025-05-26 16:00:00+00:00,7838.1,7838.4,7830.4,7835.4,437.0
2025-05-26 17:00:00+00:00,7834.4,7834.4,7831.1,7833.1,57.0
2025-05-26 18:00:00+00:00,7833.8,7835.6,7831.8,7834.4,41.0
2025-05-26 19:00:00+00:00,7834.1,7835.8,7831.4,7832.1,109.0
2025-05-27 06:00:00+00:00,7828.2,7829.6,7810.6,7816.9,761.0
2025-05-27 07:00:00+00:00,7818.4,7856.4,7812.6,7846.8,4794.0
2025-05-27 08:00:00+00:00,7847.1,7854.8,7837.6,7850.1,3409.0
2025-05-27 09:00:00+00:00,7850.4,7860.4,7847.1,7858.1,2408.0
2025-05-27 10:00:00+00:00,7857.8,7862.1,7848.1,7852.1,1817.0
2025-05-27 11:00:00+00:00,7851.8,7853.4,7843.6,7844.1,1517.0
2025-05-27 12:00:00+00:00,7844.4,7850.1,7830.4,7837.8,2265.0
2025-05-27 13:00:00+00:00,7838.1,7850.1,7828.8,7830.1,3967.0
2025-05-27 14:00:00+00:00,7829.8,7861.8,7829.4,7845.6,3034.0
2025-05-27 15:00:00+00:00,7845.8,7851.8,7832.6,7835.2,2575.0
2025-05-27 16:00:00+00:00,7834.9,7856.2,7834.9,7848.2,1642.0
2025-05-27 17:00:00+00:00,7848.4,7850.2,7839.2,7845.4,752.0
2025-05-27 18:00:00+00:00,7845.2,7847.4,7842.9,7843.4,1209.0
2025-05-27 19:00:00+00:00,7843.2,7850.2,7841.2,7850.2,1178.0
2025-05-28 06:00:00+00:00,7827.9,7835.2,7818.2,7824.9,637.0
2025-05-28 07:00:00+00:00,7824.6,7858.6,7824.4,7853.6,3769.0
2025-05-28 08:00:00+00:00,7853.8,7856.6,7828.1,7828.6,2801.0
2025-05-28 09:00:00+00:00,7828.4,7829.4,7812.8,7827.1,2709.0
2025-05-28 10:00:00+00:00,7827.4,7832.6,7816.8,7826.1,2209.0
2025-05-28 11:00:00+00:00,7827.1,7829.6,7814.4,7824.1,1690.0
2025-05-28 12:00:00+00:00,7823.8,7827.8,7812.1,7814.6,1914.0
2025-05-28 13:00:00+00:00,7814.4,7833.4,7814.1,7821.6,3349.0
2025-05-28 14:00:00+00:00,7821.8,7826.8,7792.1,7800.1,3920.0
2025-05-28 15:00:00+00:00,7799.8,7808.4,7785.9,7796.6,3103.0
2025-05-28 16:00:00+00:00,7797.4,7812.4,7797.2,7811.6,1397.0
2025-05-28 17:00:00+00:00,7811.9,7821.2,7810.6,7813.4,1100.0
2025-05-28 18:00:00+00:00,7814.2,7817.6,7797.9,7811.2,1922.0
2025-05-28 19:00:00+00:00,7810.4,7816.6,7795.9,7807.2,2736.0
2025-05-29 06:00:00+00:00,7876.3,7878.6,7855.6,7868.3,880.0
2025-05-29 07:00:00+00:00,7867.3,7874.8,7854.5,7871.0,3569.0
2025-05-29 08:00:00+00:00,7871.8,7872.0,7829.0,7838.0,2452.0
2025-05-29 09:00:00+00:00,7838.2,7854.5,7835.8,7848.5,1835.0
2025-05-29 10:00:00+00:00,7849.2,7849.8,7835.5,7847.5,2196.0
2025-05-29 11:00:00+00:00,7847.8,7853.2,7839.5,7839.5,1684.0
2025-05-29 12:00:00+00:00,7838.5,7844.5,7817.0,7817.8,2624.0
2025-05-29 13:00:00+00:00,7817.5,7824.8,7795.8,7801.5,3934.0
2025-05-29 14:00:00+00:00,7802.5,7809.8,7783.5,7795.5,5295.0
2025-05-29 15:00:00+00:00,7795.8,7797.8,7756.6,7762.6,4862.0
2025-05-29 16:00:00+00:00,7762.8,7789.6,7752.8,7786.8,3796.0
2025-05-29 17:00:00+00:00,7786.6,7793.3,7778.3,7778.3,2562.0
2025-05-29 18:00:00+00:00,7777.6,7788.0,7774.8,7782.6,2054.0
2025-05-29 19:00:00+00:00,7782.8,7797.8,7780.8,7791.8,1812.0
2025-05-30 06:00:00+00:00,7799.5,7809.2,7784.0,7784.2,778.0
2025-05-30 07:00:00+00:00,7784.2,7800.2,7756.4,7791.7,4088.0
2025-05-30 08:00:00+00:00,7792.4,7813.2,7792.2,7792.7,2995.0
2025-05-30 09:00:00+00:00,7793.4,7811.4,7792.2,7801.2,2354.0
2025-05-30 10:00:00+00:00,7801.0,7808.4,7795.7,7801.0,1624.0
2025-05-30 11:00:00+00:00,7800.7,7808.2,7798.0,7799.0,1615.0
2025-05-30 12:00:00+00:00,7798.7,7807.0,7767.2,7782.2,5266.0
2025-05-30 13:00:00+00:00,7783.0,7797.7,7763.7,7774.2,4121.0
2025-05-30 14:00:00+00:00,7775.7,7785.6,7750.0,7753.3,4385.0
2025-05-30 15:00:00+00:00,7753.0,7774.8,7743.6,7754.8,5369.0
2025-05-30 16:00:00+00:00,7755.1,7760.8,7711.8,7724.4,6237.0
2025-05-30 17:00:00+00:00,7722.8,7740.4,7721.6,7735.1,3744.0
2025-05-30 18:00:00+00:00,7735.8,7764.1,7735.6,7756.4,2491.0
2025-05-30 19:00:00+00:00,7755.6,7771.1,7755.1,7763.4,2394.0
2025-06-02 06:00:00+00:00,7721.2,7725.2,7703.9,7712.6,910.0
2025-06-02 07:00:00+00:00,7711.2,7742.8,7669.6,7690.1,6117.0
2025-06-02 08:00:00+00:00,7689.8,7729.1,7689.1,7720.6,4043.0
2025-06-02 09:00:00+00:00,7720.8,7721.4,7698.1,7706.1,3138.0
2025-06-02 10:00:00+00:00,7705.8,7710.6,7689.1,7710.6,2503.0
2025-06-02 11:00:00+00:00,7710.8,7726.8,7702.1,7717.1,2220.0
2025-06-02 12:00:00+00:00,7718.1,7724.8,7708.1,7716.1,2022.0
2025-06-02 13:00:00+00:00,7716.4,7725.4,7688.4,7697.8,5757.0
2025-06-02 14:00:00+00:00,7697.1,7739.6,7682.6,7737.1,6743.0
2025-06-02 15:00:00+00:00,7737.8,7754.9,7735.6,7750.6,4052.0
2025-06-02 16:00:00+00:00,7750.4,7756.9,7743.4,7756.2,2665.0
2025-06-02 17:00:00+00:00,7756.4,7761.2,7749.6,7754.6,1677.0
2025-06-02 18:00:00+00:00,7753.9,7777.2,7748.6,7776.6,1696.0
2025-06-02 19:00:00+00:00,7776.4,7782.2,7771.6,7780.2,1366.0
2025-06-03 06:00:00+00:00,7757.4,7767.2,7753.7,7759.2,702.0
2025-06-03 07:00:00+00:00,7758.0,7766.9,7714.2,7716.9,5631.0
2025-06-03 08:00:00+00:00,7717.6,7724.6,7700.4,7718.2,4781.0
2025-06-03 09:00:00+00:00,7717.4,7724.9,7709.2,7718.2,2561.0
2025-06-03 10:00:00+00:00,7718.4,7727.4,7712.9,7725.9,2061.0
2025-06-03 11:00:00+00:00,7726.6,7727.2,7710.4,7723.9,2096.0
2025-06-03 12:00:00+00:00,7724.2,7732.6,7720.2,7725.4,2443.0
2025-06-03 13:00:00+00:00,7725.6,7739.4,7715.6,7732.9,3764.0
2025-06-03 14:00:00+00:00,7733.9,7750.4,7726.4,7747.4,3714.0
2025-06-03 15:00:00+00:00,7747.2,7774.4,7746.6,7772.2,2787.0
2025-06-03 16:00:00+00:00,7772.0,7778.0,7768.0,7777.4,1097.0
2025-06-03 17:00:00+00:00,7777.7,7785.0,7774.7,7783.7,1039.0
2025-06-03 18:00:00+00:00,7784.0,7789.0,7776.7,7788.0,1625.0
2025-06-03 19:00:00+00:00,7788.2,7790.0,7780.7,7786.4,1097.0
2025-06-04 06:00:00+00:00,7797.7,7802.0,7785.0,7798.0,877.0
2025-06-04 07:00:00+00:00,7798.7,7808.6,7780.4,7805.4,4531.0
2025-06-04 08:00:00+00:00,7805.2,7823.9,7802.4,7817.2,4180.0
2025-06-04 09:00:00+00:00,7817.4,7846.2,7816.4,7824.9,3292.0
2025-06-04 10:00:00+00:00,7824.2,7827.9,7812.6,7818.4,2870.0
2025-06-04 11:00:00+00:00,7819.6,7825.4,7800.6,7820.2,2384.0
2025-06-04 12:00:00+00:00,7820.4,7825.9,7801.4,7807.2,3116.0
2025-06-04 13:00:00+00:00,7807.4,7814.9,7785.6,7812.4,4099.0
2025-06-04 14:00:00+00:00,7811.4,7822.9,7793.2,7814.6,5061.0
2025-06-04 15:00:00+00:00,7814.9,7819.2,7801.4,7803.0,4517.0
2025-06-04 16:00:00+00:00,7803.2,7806.7,7794.2,7802.0,2284.0
2025-06-04 17:00:00+00:00,7802.7,7810.0,7802.4,7807.7,811.0
2025-06-04 18:00:00+00:00,7808.0,7810.0,7802.0,7802.4,938.0
2025-06-04 19:00:00+00:00,7802.2,7809.2,7799.2,7802.4,1358.0
2025-06-05 06:00:00+00:00,7790.4,7806.0,7789.4,7805.4,700.0
2025-06-05 07:00:00+00:00,7806.2,7826.9,7803.6,7826.4,4016.0
2025-06-05 08:00:00+00:00,7826.2,7837.9,7822.4,7827.2,3033.0
2025-06-05 09:00:00+00:00,7827.4,7845.2,7822.9,7843.6,2346.0
2025-06-05 10:00:00+00:00,7843.9,7847.2,7832.9,7834.6,2153.0
2025-06-05 11:00:00+00:00,7834.4,7836.2,7821.9,7826.4,2229.0
2025-06-05 12:00:00+00:00,7826.2,7855.4,7818.4,7829.4,4040.0
2025-06-05 13:00:00+00:00,7830.9,7834.4,7764.6,7769.9,7607.0
2025-06-05 14:00:00+00:00,7768.9,7805.9,7761.9,7798.6,7281.0
2025-06-05 15:00:00+00:00,7799.4,7800.6,7782.4,7793.2,3702.0
2025-06-05 16:00:00+00:00,7793.4,7794.2,7757.0,7762.2,3837.0
2025-06-05 17:00:00+00:00,7762.0,7784.4,7759.2,7774.4,2497.0
2025-06-05 18:00:00+00:00,7774.7,7779.0,7751.7,7770.0,3536.0
2025-06-05 19:00:00+00:00,7769.7,7774.2,7745.0,7762.0,6848.0
2025-06-06 06:00:00+00:00,7779.7,7789.4,7779.0,7789.0,624.0
2025-06-06 07:00:00+00:00,7789.4,7800.9,7773.4,7779.4,3911.0
2025-06-06 08:00:00+00:00,7779.6,7787.2,7773.2,7781.4,2961.0
2025-06-06 09:00:00+00:00,7781.6,7793.2,7770.4,7787.4,2470.0
2025-06-06 10:00:00+00:00,7787.6,7790.2,7780.6,7785.4,1538.0
2025-06-06 11:00:00+00:00,7785.6,7794.4,7781.4,7789.6,2111.0
2025-06-06 12:00:00+00:00,7789.9,7810.6,7788.2,7798.4,3306.0
2025-06-06 13:00:00+00:00,7798.6,7816.6,7792.2,7809.4,4872.0
2025-06-06 14:00:00+00:00,7808.6,7810.2,7794.4,7803.9,4364.0
2025-06-06 15:00:00+00:00,7803.6,7814.6,7797.9,7810.2,4248.0
2025-06-06 16:00:00+00:00,7811.2,7815.0,7797.2,7801.0,2194.0
2025-06-06 17:00:00+00:00,7800.7,7805.7,7796.2,7803.4,1293.0
2025-06-06 18:00:00+00:00,7802.7,7814.0,7802.7,7810.4,1159.0
2025-06-06 19:00:00+00:00,7810.2,7818.7,7807.2,7811.4,1490.0
2025-06-09 06:00:00+00:00,7805.0,7807.3,7794.0,7794.8,602.0
2025-06-09 07:00:00+00:00,7796.6,7808.0,7783.0,7800.0,2923.0
2025-06-09 08:00:00+00:00,7800.2,7813.8,7792.0,7809.8,1852.0
2025-06-09 09:00:00+00:00,7809.5,7811.0,7795.0,7797.5,1594.0
2025-06-09 10:00:00+00:00,7797.2,7803.0,7787.5,7789.5,1302.0
2025-06-09 11:00:00+00:00,7789.8,7799.2,7778.8,7779.0,1518.0
2025-06-09 12:00:00+00:00,7778.8,7783.5,7771.8,7776.5,1585.0
2025-06-09 13:00:00+00:00,7777.2,7790.5,7776.0,7782.5,2636.0
2025-06-09 14:00:00+00:00,7782.8,7790.2,7778.8,7783.4,2309.0
2025-06-09 15:00:00+00:00,7783.6,7797.2,7778.6,7794.4,1906.0
2025-06-09 16:00:00+00:00,7794.2,7800.2,7788.0,7796.4,1045.0
2025-06-09 17:00:00+00:00,7796.2,7803.7,7795.0,7801.0,916.0
2025-06-09 18:00:00+00:00,7800.2,7802.4,7793.2,7798.2,726.0
2025-06-09 19:00:00+00:00,7798.0,7800.2,7782.7,7783.2,800.0
2025-06-10 06:00:00+00:00,7790.2,7798.2,7784.6,7785.6,840.0
2025-06-10 07:00:00+00:00,7785.2,7815.4,7781.8,7813.4,6042.0
2025-06-10 08:00:00+00:00,7813.1,7817.4,7769.4,7775.6,4924.0
2025-06-10 09:00:00+00:00,7774.6,7794.6,7771.4,7787.8,2565.0
2025-06-10 10:00:00+00:00,7787.6,7795.4,7780.6,7790.8,2060.0
2025-06-10 11:00:00+00:00,7791.1,7795.4,7782.1,7792.1,2190.0
2025-06-10 12:00:00+00:00,7792.4,7796.4,7782.8,7790.9,2348.0
2025-06-10 13:00:00+00:00,7791.2,7803.2,7790.4,7802.4,3727.0
2025-06-10 14:00:00+00:00,7802.2,7805.4,7786.6,7792.4,4057.0
2025-06-10 15:00:00+00:00,7793.9,7805.6,7788.2,7802.7,3819.0
2025-06-10 16:00:00+00:00,7802.4,7814.0,7802.4,7811.4,1190.0
2025-06-10 17:00:00+00:00,7811.7,7818.0,7802.4,7803.0,944.0
2025-06-10 18:00:00+00:00,7803.7,7808.0,7794.4,7805.7,1868.0
2025-06-10 19:00:00+00:00,7806.2,7812.2,7801.7,7808.2,1377.0
2025-06-11 06:00:00+00:00,7794.2,7803.0,7789.7,7800.7,655.0
2025-06-11 07:00:00+00:00,7801.0,7835.2,7800.9,7832.9,4722.0
2025-06-11 08:00:00+00:00,7832.6,7842.2,7829.2,7831.9,3188.0
2025-06-11 09:00:00+00:00,7831.6,7837.2,7818.9,7821.6,2115.0
2025-06-11 10:00:00+00:00,7821.9,7829.2,7805.2,7806.4,1893.0
2025-06-11 11:00:00+00:00,7806.2,7808.6,7783.6,7789.4,2782.0
2025-06-11 12:00:00+00:00,7789.2,7821.2,7778.2,7809.4,5468.0
2025-06-11 13:00:00+00:00,7809.2,7814.9,7790.2,7806.4,4621.0
2025-06-11 14:00:00+00:00,7806.2,7809.2,7783.6,7783.6,3849.0
2025-06-11 15:00:00+00:00,7783.4,7788.2,7770.2,7777.0,3245.0
2025-06-11 16:00:00+00:00,7776.7,7779.4,7765.4,7775.0,2901.0
2025-06-11 17:00:00+00:00,7774.7,7785.0,7774.0,7774.4,1487.0
2025-06-11 18:00:00+00:00,7773.7,7775.4,7746.2,7761.4,5357.0
2025-06-11 19:00:00+00:00,7761.2,7763.7,7749.0,7757.4,3415.0
2025-06-12 06:00:00+00:00,7729.4,7743.2,7727.0,7735.0,999.0
2025-06-12 07:00:00+00:00,7735.7,7748.9,7706.6,7707.9,5500.0
2025-06-12 08:00:00+00:00,7707.6,7731.9,7695.4,7730.4,4478.0
2025-06-12 09:00:00+00:00,7730.6,7744.2,7719.9,7722.2,3085.0
2025-06-12 10:00:00+00:00,7721.9,7725.8,7705.3,7721.8,3037.0
2025-06-12 11:00:00+00:00,7720.8,7728.3,7715.8,7722.0,2541.0
2025-06-12 12:00:00+00:00,7722.3,7746.3,7721.8,7745.8,2587.0
2025-06-12 13:00:00+00:00,7746.0,7754.0,7736.3,7750.8,3991.0
2025-06-12 14:00:00+00:00,7749.8,7784.0,7749.8,7777.8,3814.0
2025-06-12 15:00:00+00:00,7778.0,7780.8,7752.1,7755.6,3972.0
2025-06-12 16:00:00+00:00,7756.8,7768.8,7754.4,7762.6,2771.0
2025-06-12 17:00:00+00:00,7762.8,7772.4,7762.4,7771.4,1109.0
2025-06-12 18:00:00+00:00,7772.1,7774.8,7764.4,7771.4,1085.0
2025-06-12 19:00:00+00:00,7771.1,7772.4,7763.1,7766.1,896.0
2025-06-13 06:00:00+00:00,7667.6,7682.4,7630.8,7648.8,2848.0
2025-06-13 07:00:00+00:00,7649.1,7704.8,7642.3,7693.8,8220.0
2025-06-13 08:00:00+00:00,7692.8,7714.0,7668.8,7672.3,4581.0
2025-06-13 09:00:00+00:00,7671.6,7692.8,7669.8,7682.8,4328.0
2025-06-13 10:00:00+00:00,7683.8,7685.6,7666.3,7679.3,2887.0
2025-06-13 11:00:00+00:00,7679.6,7709.3,7676.6,7702.3,2445.0
2025-06-13 12:00:00+00:00,7702.6,7706.8,7684.3,7684.8,2207.0
2025-06-13 13:00:00+00:00,7683.3,7694.3,7666.0,7670.8,4197.0
2025-06-13 14:00:00+00:00,7673.6,7680.8,7656.8,7668.6,5682.0
2025-06-13 15:00:00+00:00,7668.8,7691.1,7665.3,7685.6,3771.0
2025-06-13 16:00:00+00:00,7685.8,7696.4,7679.6,7684.8,2214.0
2025-06-13 17:00:00+00:00,7684.6,7686.6,7671.1,7678.1,2858.0
2025-06-13 18:00:00+00:00,7677.8,7680.4,7638.1,7652.1,3983.0
2025-06-13 19:00:00+00:00,7651.8,7657.4,7640.6,7650.6,3350.0
2025-06-16 06:00:00+00:00,7678.8,7700.4,7676.4,7690.4,1135.0
2025-06-16 07:00:00+00:00,7690.3,7729.3,7689.8,7729.0,5291.0
2025-06-16 08:00:00+00:00,7728.8,7754.8,7718.8,7753.3,3409.0
2025-06-16 09:00:00+00:00,7753.0,7757.8,7730.0,7739.0,2568.0
2025-06-16 10:00:00+00:00,7739.2,7750.0,7737.0,7750.0,1674.0
2025-06-16 11:00:00+00:00,7750.2,7754.8,7737.5,7753.5,1721.0
2025-06-16 12:00:00+00:00,7753.8,7771.0,7751.5,7752.8,2064.0
2025-06-16 13:00:00+00:00,7753.0,7753.2,7723.8,7747.0,4814.0
2025-06-16 14:00:00+00:00,7747.2,7760.0,7745.5,7752.0,4177.0
2025-06-16 15:00:00+00:00,7752.2,7753.0,7735.3,7738.3,3163.0
2025-06-16 16:00:00+00:00,7738.0,7740.8,7719.3,7722.3,1484.0
2025-06-16 17:00:00+00:00,7722.0,7726.3,7713.0,7713.8,1485.0
2025-06-16 18:00:00+00:00,7714.0,7718.6,7710.6,7715.8,1084.0
2025-06-16 19:00:00+00:00,7715.6,7716.3,7704.6,7706.8,1439.0
2025-06-17 06:00:00+00:00,7680.3,7697.6,7669.3,7680.8,1102.0
2025-06-17 07:00:00+00:00,7680.8,7697.0,7645.2,7680.2,5607.0
2025-06-17 08:00:00+00:00,7680.5,7704.0,7678.2,7696.0,3442.0
2025-06-17 09:00:00+00:00,7695.5,7702.0,7658.2,7663.9,2671.0
2025-06-17 10:00:00+00:00,7663.6,7670.4,7655.9,7667.2,1906.0
2025-06-17 11:00:00+00:00,7666.9,7699.2,7662.9,7697.9,1667.0
2025-06-17 12:00:00+00:00,7697.6,7702.4,7688.4,7694.4,2384.0
2025-06-17 13:00:00+00:00,7693.4,7696.4,7669.9,7683.9,4148.0
2025-06-17 14:00:00+00:00,7684.9,7690.6,7671.4,7686.4,3476.0
2025-06-17 15:00:00+00:00,7686.6,7697.6,7680.2,7693.7,3161.0
2025-06-17 16:00:00+00:00,7694.0,7704.7,7686.0,7688.0,2311.0
2025-06-17 17:00:00+00:00,7687.7,7691.2,7667.7,7670.0,3722.0
2025-06-17 18:00:00+00:00,7670.2,7672.0,7661.4,7669.7,3646.0
2025-06-17 19:00:00+00:00,7670.0,7673.7,7655.2,7663.2,2354.0
2025-06-18 06:00:00+00:00,7686.0,7704.0,7679.7,7687.2,1218.0
2025-06-18 07:00:00+00:00,7687.2,7707.9,7681.2,7700.9,4758.0
2025-06-18 08:00:00+00:00,7701.2,7711.2,7676.9,7694.6,3312.0
2025-06-18 09:00:00+00:00,7694.4,7705.9,7690.4,7695.9,2651.0
2025-06-18 10:00:00+00:00,7696.2,7699.2,7651.2,7653.4,2598.0
2025-06-18 11:00:00+00:00,7653.6,7679.2,7649.4,7674.4,1878.0
2025-06-18 12:00:00+00:00,7674.2,7682.4,7657.4,7660.4,2342.0
2025-06-18 13:00:00+00:00,7660.2,7663.4,7640.9,7646.4,4135.0
2025-06-18 14:00:00+00:00,7647.4,7690.2,7643.4,7670.4,4341.0
2025-06-18 15:00:00+00:00,7670.2,7671.4,7653.2,7663.0,2969.0
2025-06-18 16:00:00+00:00,7662.2,7670.0,7657.2,7659.0,2166.0
2025-06-18 17:00:00+00:00,7658.7,7668.0,7650.2,7658.2,1938.0
2025-06-18 18:00:00+00:00,7666.0,7672.0,7642.2,7645.2,5801.0
2025-06-18 19:00:00+00:00,7645.4,7660.2,7640.7,7652.2,6187.0
2025-06-19 06:00:00+00:00,7608.8,7611.6,7591.6,7598.6,1296.0
2025-06-19 07:00:00+00:00,7598.4,7617.6,7581.3,7588.0,4996.0
2025-06-19 08:00:00+00:00,7588.3,7604.0,7585.6,7593.6,2722.0
2025-06-19 09:00:00+00:00,7593.8,7612.0,7590.3,7607.3,2104.0
2025-06-19 10:00:00+00:00,7607.6,7611.8,7598.3,7608.8,1590.0
2025-06-19 11:00:00+00:00,7608.6,7608.6,7583.3,7587.8,1937.0
2025-06-19 12:00:00+00:00,7587.6,7594.8,7579.6,7583.8,1982.0
2025-06-19 13:00:00+00:00,7583.6,7597.3,7570.3,7573.3,2374.0
2025-06-19 14:00:00+00:00,7573.6,7583.8,7567.3,7576.8,1888.0
2025-06-19 15:00:00+00:00,7577.0,7577.2,7543.6,7549.0,2676.0
2025-06-19 16:00:00+00:00,7549.3,7557.3,7547.8,7552.6,1049.0
2025-06-19 17:00:00+00:00,7552.3,7575.8,7551.3,7572.3,426.0
2025-06-19 18:00:00+00:00,7574.0,7597.0,7573.6,7589.6,469.0
2025-06-19 19:00:00+00:00,7589.8,7591.6,7574.3,7577.3,1069.0
2025-06-20 06:00:00+00:00,7630.3,7637.0,7598.8,7599.0,1414.0
2025-06-20 07:00:00+00:00,7598.8,7618.8,7585.5,7613.0,4227.0
2025-06-20 08:00:00+00:00,7612.8,7618.5,7583.6,7587.8,3255.0
2025-06-20 09:00:00+00:00,7588.0,7614.0,7585.0,7606.3,3362.0
2025-06-20 10:00:00+00:00,7606.6,7608.8,7586.0,7600.8,2179.0
2025-06-20 11:00:00+00:00,7600.6,7639.6,7599.0,7625.3,3802.0
2025-06-20 12:00:00+00:00,7625.0,7638.3,7619.8,7626.8,3154.0
2025-06-20 13:00:00+00:00,7627.0,7632.0,7597.0,7605.0,4227.0
2025-06-20 14:00:00+00:00,7604.8,7607.0,7584.3,7591.3,5785.0
2025-06-20 15:00:00+00:00,7591.0,7601.6,7574.6,7583.1,4697.0
2025-06-20 16:00:00+00:00,7582.8,7589.4,7579.6,7584.6,3415.0
2025-06-20 17:00:00+00:00,7584.8,7589.6,7558.8,7567.8,3029.0
2025-06-20 18:00:00+00:00,7566.8,7578.4,7563.4,7567.1,2204.0
2025-06-20 19:00:00+00:00,7567.4,7570.6,7557.4,7561.8,2524.0
2025-06-23 06:00:00+00:00,7538.4,7543.4,7514.9,7542.9,1996.0
2025-06-23 07:00:00+00:00,7543.2,7584.4,7529.8,7582.8,5636.0
2025-06-23 08:00:00+00:00,7582.1,7598.6,7580.1,7584.4,3378.0
2025-06-23 09:00:00+00:00,7584.1,7584.4,7555.6,7561.1,3481.0
2025-06-23 10:00:00+00:00,7560.8,7573.4,7551.1,7551.8,3432.0
2025-06-23 11:00:00+00:00,7551.6,7551.8,7501.1,7526.8,3935.0
2025-06-23 12:00:00+00:00,7526.6,7543.2,7526.6,7539.2,3116.0
2025-06-23 13:00:00+00:00,7539.5,7540.0,7514.5,7537.5,5508.0
2025-06-23 14:00:00+00:00,7538.2,7552.8,7534.5,7537.2,4765.0
2025-06-23 15:00:00+00:00,7537.5,7549.0,7520.6,7524.8,3736.0
2025-06-23 16:00:00+00:00,7525.0,7529.6,7495.0,7506.3,8014.0
2025-06-23 17:00:00+00:00,7507.0,7563.3,7504.0,7554.0,6177.0
2025-06-23 18:00:00+00:00,7553.3,7561.8,7552.0,7561.3,2419.0
2025-06-23 19:00:00+00:00,7561.6,7576.8,7560.8,7574.6,1991.0
2025-06-24 06:00:00+00:00,7649.3,7668.3,7647.8,7649.0,2244.0
2025-06-24 07:00:00+00:00,7649.0,7681.5,7617.5,7647.8,9705.0
2025-06-24 08:00:00+00:00,7647.5,7654.8,7621.0,7642.2,4239.0
2025-06-24 09:00:00+00:00,7642.0,7655.5,7631.0,7643.2,3425.0
2025-06-24 10:00:00+00:00,7643.5,7647.0,7621.8,7636.5,3000.0
2025-06-24 11:00:00+00:00,7636.8,7641.5,7617.8,7630.5,2795.0
2025-06-24 12:00:00+00:00,7630.2,7641.0,7625.8,7636.5,2898.0
2025-06-24 13:00:00+00:00,7636.8,7642.0,7613.5,7620.8,5030.0
2025-06-24 14:00:00+00:00,7621.0,7640.0,7607.2,7621.8,4244.0
2025-06-24 15:00:00+00:00,7621.5,7628.8,7607.6,7611.0,2849.0
2025-06-24 16:00:00+00:00,7611.3,7626.8,7610.8,7625.0,1279.0
2025-06-24 17:00:00+00:00,7625.3,7633.8,7621.6,7633.6,1090.0
2025-06-24 18:00:00+00:00,7632.8,7637.6,7629.3,7631.0,816.0
2025-06-24 19:00:00+00:00,7631.3,7641.8,7631.3,7634.3,907.0
2025-06-25 06:00:00+00:00,7637.8,7641.3,7623.3,7628.3,923.0
2025-06-25 07:00:00+00:00,7628.6,7660.8,7621.0,7635.0,4901.0
2025-06-25 08:00:00+00:00,7635.2,7642.2,7617.2,7626.0,3550.0
2025-06-25 09:00:00+00:00,7625.8,7627.0,7602.8,7607.0,2361.0
2025-06-25 10:00:00+00:00,7607.8,7609.8,7592.2,7592.5,2318.0
2025-06-25 11:00:00+00:00,7592.8,7600.5,7577.0,7596.5,2675.0
2025-06-25 12:00:00+00:00,7596.2,7598.5,7576.8,7585.2,2553.0
2025-06-25 13:00:00+00:00,7585.0,7592.0,7569.5,7575.8,4101.0
2025-06-25 14:00:00+00:00,7576.0,7586.7,7566.7,7568.7,4544.0
2025-06-25 15:00:00+00:00,7569.0,7571.2,7554.0,7560.8,3346.0
2025-06-25 16:00:00+00:00,7561.0,7566.5,7558.2,7564.8,1754.0
2025-06-25 17:00:00+00:00,7565.5,7569.8,7553.0,7558.5,1902.0
2025-06-25 18:00:00+00:00,7558.8,7564.0,7558.2,7562.2,1367.0
2025-06-25 19:00:00+00:00,7562.0,7573.5,7562.0,7567.0,1095.0
2025-06-26 06:00:00+00:00,7579.8,7588.8,7572.8,7582.2,1162.0
2025-06-26 07:00:00+00:00,7582.2,7597.7,7549.7,7564.2,4970.0
2025-06-26 08:00:00+00:00,7565.0,7576.0,7563.0,7572.0,3664.0
2025-06-26 09:00:00+00:00,7573.0,7578.4,7562.4,7574.7,2511.0
2025-06-26 10:00:00+00:00,7575.0,7584.0,7566.2,7572.4,2205.0
2025-06-26 11:00:00+00:00,7572.7,7580.7,7569.2,7577.0,2160.0
2025-06-26 12:00:00+00:00,7577.2,7578.0,7547.4,7552.4,2803.0
2025-06-26 13:00:00+00:00,7551.2,7557.7,7531.4,7542.2,4751.0
2025-06-26 14:00:00+00:00,7542.4,7571.7,7542.4,7559.7,3916.0
2025-06-26 15:00:00+00:00,7559.4,7567.4,7550.8,7563.5,2708.0
2025-06-26 16:00:00+00:00,7563.8,7570.0,7561.0,7567.0,1036.0
2025-06-26 17:00:00+00:00,7567.2,7572.2,7565.5,7567.5,920.0
2025-06-26 18:00:00+00:00,7566.5,7574.5,7565.8,7570.0,928.0
2025-06-26 19:00:00+00:00,7570.2,7581.0,7569.8,7580.0,1011.0
2025-06-27 06:00:00+00:00,7588.2,7615.2,7588.2,7606.5,946.0
2025-06-27 07:00:00+00:00,7606.4,7666.2,7605.4,7665.4,5616.0
2025-06-27 08:00:00+00:00,7665.7,7667.0,7641.4,7664.2,3239.0
2025-06-27 09:00:00+00:00,7665.0,7667.0,7656.7,7660.2,2732.0
2025-06-27 10:00:00+00:00,7661.2,7663.4,7646.2,7657.4,2377.0
2025-06-27 11:00:00+00:00,7657.2,7668.4,7653.0,7665.7,1855.0
2025-06-27 12:00:00+00:00,7665.4,7674.7,7650.4,7655.0,2305.0
2025-06-27 13:00:00+00:00,7654.7,7667.0,7652.4,7666.2,3311.0
2025-06-27 14:00:00+00:00,7667.4,7684.7,7652.4,7670.7,4778.0
2025-06-27 15:00:00+00:00,7671.7,7711.5,7671.7,7709.2,2911.0
2025-06-27 16:00:00+00:00,7709.5,7713.5,7701.2,7702.2,1567.0
2025-06-27 17:00:00+00:00,7702.0,7707.5,7681.8,7689.5,2301.0
2025-06-27 18:00:00+00:00,7689.8,7692.2,7669.8,7672.8,4075.0
2025-06-27 19:00:00+00:00,7672.5,7700.5,7671.5,7699.8,2070.0
2025-06-30 06:00:00+00:00,7708.0,7719.8,7705.2,7718.0,949.0
2025-06-30 07:00:00+00:00,7718.0,7718.2,7679.4,7696.7,4507.0
2025-06-30 08:00:00+00:00,7698.4,7708.2,7675.4,7678.0,3136.0
2025-06-30 09:00:00+00:00,7677.7,7694.7,7675.2,7676.4,2782.0
2025-06-30 10:00:00+00:00,7676.7,7701.0,7675.7,7700.4,2068.0
2025-06-30 11:00:00+00:00,7700.7,7702.4,7687.7,7695.4,1659.0
2025-06-30 12:00:00+00:00,7695.7,7700.0,7681.4,7683.7,1986.0
2025-06-30 13:00:00+00:00,7684.0,7691.4,7663.4,7666.4,3357.0
2025-06-30 14:00:00+00:00,7667.2,7688.7,7659.7,7684.7,3921.0
2025-06-30 15:00:00+00:00,7685.0,7687.0,7665.2,7668.5,2950.0
2025-06-30 16:00:00+00:00,7668.2,7676.2,7667.5,7673.2,1160.0
2025-06-30 17:00:00+00:00,7673.5,7679.2,7662.8,7667.2,1217.0
2025-06-30 18:00:00+00:00,7667.0,7676.0,7664.0,7674.8,1577.0
2025-06-30 19:00:00+00:00,7674.5,7687.2,7674.5,7683.2,1361.0
2025-07-01 06:00:00+00:00,7674.5,7678.5,7667.0,7669.5,768.0
2025-07-01 07:00:00+00:00,7669.8,7675.7,7645.4,7658.4,3412.0
2025-07-01 08:00:00+00:00,7658.7,7659.2,7631.2,7639.4,3525.0
2025-07-01 09:00:00+00:00,7640.7,7643.2,7615.4,7626.0,3004.0
2025-07-01 10:00:00+00:00,7625.7,7643.4,7624.7,7642.4,2005.0
2025-07-01 11:00:00+00:00,7642.2,7649.4,7625.0,7630.2,2270.0
2025-07-01 12:00:00+00:00,7630.4,7641.4,7610.0,7613.0,2988.0
2025-07-01 13:00:00+00:00,7612.7,7646.0,7611.2,7639.7,4473.0
2025-07-01 14:00:00+00:00,7639.4,7655.4,7625.7,7653.7,5405.0
2025-07-01 15:00:00+00:00,7653.0,7667.8,7651.7,7666.8,4216.0
2025-07-01 16:00:00+00:00,7667.5,7681.5,7662.8,7663.5,2871.0
2025-07-01 17:00:00+00:00,7663.8,7676.8,7662.2,7674.2,1570.0
2025-07-01 18:00:00+00:00,7675.2,7682.2,7675.0,7679.5,1277.0
2025-07-01 19:00:00+00:00,7679.2,7681.2,7670.0,7672.5,2605.0
2025-07-02 06:00:00+00:00,7696.8,7703.8,7689.0,7703.5,832.0
2025-07-02 07:00:00+00:00,7702.8,7715.2,7672.2,7694.2,5073.0
2025-07-02 08:00:00+00:00,7694.4,7735.2,7692.4,7733.4,4322.0
2025-07-02 09:00:00+00:00,7733.7,7755.2,7729.0,7747.4,3028.0
2025-07-02 10:00:00+00:00,7747.7,7752.2,7734.0,7749.0,2648.0
2025-07-02 11:00:00+00:00,7748.7,7770.0,7745.0,7757.2,2319.0
2025-07-02 12:00:00+00:00,7757.4,7757.7,7716.0,7725.2,5259.0
2025-07-02 13:00:00+00:00,7725.0,7742.2,7717.0,7722.2,5486.0
2025-07-02 14:00:00+00:00,7721.4,7747.7,7720.7,7736.7,4596.0
2025-07-02 15:00:00+00:00,7736.4,7745.5,7733.0,7740.8,2616.0
2025-07-02 16:00:00+00:00,7739.8,7747.2,7737.0,7745.0,1402.0
2025-07-02 17:00:00+00:00,7744.8,7747.5,7739.5,7747.2,840.0
2025-07-02 18:00:00+00:00,7747.5,7753.5,7746.2,7751.5,787.0
2025-07-02 19:00:00+00:00,7751.8,7753.0,7746.0,7749.2,628.0
2025-07-03 06:00:00+00:00,7747.2,7763.5,7743.2,7762.5,739.0
2025-07-03 07:00:00+00:00,7761.2,7766.2,7743.2,7748.4,4407.0
2025-07-03 08:00:00+00:00,7749.0,7752.4,7730.4,7731.2,2679.0
2025-07-03 09:00:00+00:00,7731.0,7738.2,7715.7,7716.4,2497.0
2025-07-03 10:00:00+00:00,7716.2,7732.7,7713.2,7725.7,2010.0
2025-07-03 11:00:00+00:00,7726.0,7734.0,7722.2,7732.4,1702.0
2025-07-03 12:00:00+00:00,7732.7,7756.2,7723.4,7749.2,3293.0
2025-07-03 13:00:00+00:00,7749.4,7759.4,7742.4,7756.2,3962.0
2025-07-03 14:00:00+00:00,7757.4,7763.0,7741.4,7741.7,3795.0
2025-07-03 15:00:00+00:00,7741.4,7757.8,7737.4,7750.8,2273.0
2025-07-03 16:00:00+00:00,7750.5,7751.5,7736.8,7743.2,1019.0
2025-07-03 17:00:00+00:00,7743.0,7743.0,7716.5,7718.2,394.0
2025-07-03 18:00:00+00:00,7719.0,7728.0,7704.5,7727.8,247.0
2025-07-03 19:00:00+00:00,7727.0,7732.2,7722.2,7731.8,177.0
2025-07-04 06:00:00+00:00,7705.5,7706.0,7688.2,7699.0,949.0
2025-07-04 07:00:00+00:00,7699.0,7710.7,7681.4,7685.4,5562.0
2025-07-04 08:00:00+00:00,7684.7,7692.7,7651.7,7659.4,3713.0
2025-07-04 09:00:00+00:00,7659.7,7684.4,7659.0,7679.2,3462.0
2025-07-04 10:00:00+00:00,7679.0,7687.4,7667.2,7672.2,2351.0
2025-07-04 11:00:00+00:00,7672.0,7682.7,7669.4,7680.0,2031.0
2025-07-04 12:00:00+00:00,7679.7,7683.7,7667.2,7675.0,2072.0
2025-07-04 13:00:00+00:00,7675.2,7701.2,7672.4,7694.0,3258.0
2025-07-04 14:00:00+00:00,7694.2,7703.0,7685.7,7696.7,2102.0
2025-07-04 15:00:00+00:00,7696.4,7702.0,7678.8,7686.8,1914.0
2025-07-04 16:00:00+00:00,7687.0,7687.8,7672.8,7675.0,972.0
2025-07-04 17:00:00+00:00,7675.2,7677.8,7673.2,7674.0,43.0
2025-07-04 18:00:00+00:00,7675.5,7676.5,7671.2,7672.2,58.0
2025-07-04 19:00:00+00:00,7672.0,7674.0,7664.8,7672.8,272.0
2025-07-07 06:00:00+00:00,7696.8,7699.5,7682.0,7695.8,1285.0
2025-07-07 07:00:00+00:00,7695.8,7704.4,7681.0,7700.2,4818.0
2025-07-07 08:00:00+00:00,7700.4,7701.0,7678.2,7692.0,3196.0
2025-07-07 09:00:00+00:00,7692.2,7706.7,7684.2,7706.7,2657.0
2025-07-07 10:00:00+00:00,7707.0,7710.4,7697.4,7710.4,2233.0
2025-07-07 11:00:00+00:00,7711.2,7721.0,7704.7,7720.2,1963.0
2025-07-07 12:00:00+00:00,7720.0,7724.8,7713.2,7714.0,1963.0
2025-07-07 13:00:00+00:00,7713.8,7733.5,7704.0,7729.8,3536.0
2025-07-07 14:00:00+00:00,7729.5,7732.2,7708.8,7718.5,3526.0
2025-07-07 15:00:00+00:00,7718.2,7728.3,7713.8,7725.8,2477.0
2025-07-07 16:00:00+00:00,7725.6,7732.0,7691.0,7694.0,5376.0
2025-07-07 17:00:00+00:00,7694.3,7733.8,7693.6,7706.3,3608.0
2025-07-07 18:00:00+00:00,7707.0,7709.8,7688.8,7707.6,2788.0
2025-07-07 19:00:00+00:00,7707.3,7710.8,7694.8,7696.0,1536.0
2025-07-08 06:00:00+00:00,7725.0,7742.6,7724.6,7733.3,1105.0
2025-07-08 07:00:00+00:00,7736.0,7745.8,7705.8,7724.0,4115.0
2025-07-08 08:00:00+00:00,7723.8,7723.8,7702.8,7711.5,2874.0
2025-07-08 09:00:00+00:00,7710.8,7723.2,7710.2,7712.8,1858.0
2025-07-08 10:00:00+00:00,7712.5,7724.5,7708.0,7715.5,1517.0
2025-07-08 11:00:00+00:00,7715.8,7717.8,7708.0,7709.8,1298.0
2025-07-08 12:00:00+00:00,7709.5,7709.5,7695.5,7707.5,1765.0
2025-07-08 13:00:00+00:00,7707.8,7752.2,7707.2,7743.2,3221.0
2025-07-08 14:00:00+00:00,7742.2,7763.8,7736.0,7763.5,4749.0
2025-07-08 15:00:00+00:00,7763.8,7783.6,7759.2,7780.6,2858.0
2025-07-08 16:00:00+00:00,7780.8,7792.8,7773.0,7782.0,2775.0
2025-07-08 17:00:00+00:00,7782.3,7791.8,7778.3,7791.0,2381.0
2025-07-08 18:00:00+00:00,7790.3,7806.6,7788.8,7804.3,1490.0
2025-07-08 19:00:00+00:00,7804.6,7809.0,7800.3,7801.8,1531.0
2025-07-09 06:00:00+00:00,7794.3,7809.0,7788.0,7801.3,865.0
2025-07-09 07:00:00+00:00,7801.2,7815.8,7790.0,7811.5,5040.0
2025-07-09 08:00:00+00:00,7811.2,7838.2,7810.2,7831.0,3136.0
2025-07-09 09:00:00+00:00,7831.2,7875.5,7831.2,7868.0,3259.0
2025-07-09 10:00:00+00:00,7867.8,7876.2,7855.5,7864.5,2327.0
2025-07-09 11:00:00+00:00,7864.8,7870.0,7861.8,7869.0,1963.0
2025-07-09 12:00:00+00:00,7869.2,7873.5,7860.0,7870.8,2064.0
2025-07-09 13:00:00+00:00,7871.5,7888.2,7870.8,7880.0,3487.0
2025-07-09 14:00:00+00:00,7879.7,7880.0,7865.2,7875.0,3679.0
2025-07-09 15:00:00+00:00,7875.2,7896.5,7871.7,7894.5,2645.0
2025-07-09 16:00:00+00:00,7894.8,7898.2,7889.8,7896.8,1057.0
2025-07-09 17:00:00+00:00,7896.0,7907.5,7893.8,7907.0,1121.0
2025-07-09 18:00:00+00:00,7906.8,7912.5,7906.5,7912.2,1413.0
2025-07-09 19:00:00+00:00,7912.0,7916.0,7910.0,7915.5,1034.0
2025-07-10 06:00:00+00:00,7901.8,7913.8,7894.8,7910.5,507.0
2025-07-10 07:00:00+00:00,7910.4,7936.4,7902.7,7915.2,4168.0
2025-07-10 08:00:00+00:00,7915.0,7933.0,7912.2,7929.4,3219.0
2025-07-10 09:00:00+00:00,7929.7,7941.2,7926.7,7936.0,2068.0
2025-07-10 10:00:00+00:00,7935.2,7938.7,7924.7,7927.7,1471.0
2025-07-10 11:00:00+00:00,7927.4,7927.4,7910.4,7910.7,1645.0
2025-07-10 12:00:00+00:00,7910.4,7913.0,7898.7,7901.4,2053.0
2025-07-10 13:00:00+00:00,7901.7,7905.0,7892.0,7904.7,3234.0
2025-07-10 14:00:00+00:00,7905.0,7908.7,7885.0,7895.2,3993.0
2025-07-10 15:00:00+00:00,7896.0,7909.8,7892.7,7907.0,2138.0
2025-07-10 16:00:00+00:00,7907.2,7908.0,7902.0,7902.0,765.0
2025-07-10 17:00:00+00:00,7902.2,7914.8,7902.0,7914.0,779.0
2025-07-10 18:00:00+00:00,7913.8,7917.5,7909.8,7910.8,741.0
2025-07-10 19:00:00+00:00,7910.5,7916.2,7908.5,7915.0,831.0
2025-07-11 06:00:00+00:00,7883.5,7889.8,7866.0,7874.5,841.0
2025-07-11 07:00:00+00:00,7873.2,7881.7,7854.4,7861.4,4976.0
2025-07-11 08:00:00+00:00,7861.7,7867.0,7830.2,7833.2,3758.0
2025-07-11 09:00:00+00:00,7833.0,7836.4,7813.0,7817.4,2772.0
2025-07-11 10:00:00+00:00,7816.7,7826.8,7813.7,7823.5,2210.0
2025-07-11 11:00:00+00:00,7824.5,7839.2,7821.8,7835.8,2081.0
2025-07-11 12:00:00+00:00,7835.5,7836.2,7814.8,7831.5,1957.0
2025-07-11 13:00:00+00:00,7831.2,7842.8,7825.0,7832.0,3595.0
2025-07-11 14:00:00+00:00,7831.8,7833.0,7818.8,7825.8,3129.0
2025-07-11 15:00:00+00:00,7825.5,7833.8,7819.5,7828.0,3123.0
2025-07-11 16:00:00+00:00,7828.3,7828.8,7816.6,7828.0,1731.0
2025-07-11 17:00:00+00:00,7828.3,7832.3,7825.6,7831.3,1122.0
2025-07-11 18:00:00+00:00,7831.0,7839.6,7830.0,7836.6,1231.0
2025-07-11 19:00:00+00:00,7836.8,7837.8,7826.3,7826.8,1751.0
2025-07-14 06:00:00+00:00,7770.3,7774.0,7753.8,7773.3,1001.0
2025-07-14 07:00:00+00:00,7774.0,7793.0,7762.2,7787.0,4889.0
2025-07-14 08:00:00+00:00,7786.8,7789.2,7771.2,7786.2,2684.0
2025-07-14 09:00:00+00:00,7786.0,7798.5,7781.8,7795.0,1823.0
2025-07-14 10:00:00+00:00,7795.3,7800.8,7787.6,7792.8,1661.0
2025-07-14 11:00:00+00:00,7793.0,7798.3,7782.0,7796.6,1704.0
2025-07-14 12:00:00+00:00,7796.3,7803.3,7785.8,7787.3,1391.0
2025-07-14 13:00:00+00:00,7787.6,7796.3,7780.6,7790.8,3233.0
2025-07-14 14:00:00+00:00,7790.6,7802.8,7785.8,7794.3,3156.0
2025-07-14 15:00:00+00:00,7794.0,7811.1,7792.3,7807.8,2391.0
2025-07-14 16:00:00+00:00,7808.1,7816.8,7805.4,7815.8,1238.0
2025-07-14 17:00:00+00:00,7816.1,7823.1,7815.8,7821.4,625.0
2025-07-14 18:00:00+00:00,7820.4,7825.4,7820.4,7821.8,440.0
2025-07-14 19:00:00+00:00,7822.1,7823.4,7816.8,7820.4,642.0
2025-07-15 06:00:00+00:00,7831.8,7835.1,7819.4,7822.4,892.0
2025-07-15 07:00:00+00:00,7822.3,7832.0,7812.0,7827.3,4454.0
2025-07-15 08:00:00+00:00,7827.0,7836.8,7819.0,7819.6,2422.0
2025-07-15 09:00:00+00:00,7819.3,7819.3,7804.8,7817.0,1769.0
2025-07-15 10:00:00+00:00,7816.3,7828.2,7811.4,7817.2,1650.0
2025-07-15 11:00:00+00:00,7817.0,7818.4,7804.4,7808.2,1411.0
2025-07-15 12:00:00+00:00,7808.0,7823.4,7802.2,7809.0,2526.0
2025-07-15 13:00:00+00:00,7809.2,7817.7,7786.0,7787.4,3963.0
2025-07-15 14:00:00+00:00,7787.7,7799.7,7768.4,7768.7,4291.0
2025-07-15 15:00:00+00:00,7769.4,7781.0,7760.0,7775.2,3447.0
2025-07-15 16:00:00+00:00,7775.5,7778.8,7761.0,7761.2,2328.0
2025-07-15 17:00:00+00:00,7761.0,7772.2,7760.0,7769.2,1521.0
2025-07-15 18:00:00+00:00,7770.0,7771.2,7759.8,7759.8,1032.0
2025-07-15 19:00:00+00:00,7759.0,7763.5,7755.0,7756.2,1215.0
2025-07-16 06:00:00+00:00,7739.5,7750.0,7734.8,7739.0,1064.0
2025-07-16 07:00:00+00:00,7740.8,7761.4,7729.0,7757.2,5003.0
2025-07-16 08:00:00+00:00,7757.4,7773.4,7750.4,7764.7,2937.0
2025-07-16 09:00:00+00:00,7765.0,7767.4,7752.7,7765.4,2484.0
2025-07-16 10:00:00+00:00,7765.7,7777.0,7760.4,7767.7,1923.0
2025-07-16 11:00:00+00:00,7767.0,7779.2,7766.7,7770.0,1748.0
2025-07-16 12:00:00+00:00,7770.2,7777.2,7763.4,7767.7,2024.0
2025-07-16 13:00:00+00:00,7768.0,7777.0,7764.7,7768.4,3271.0
2025-07-16 14:00:00+00:00,7768.7,7772.7,7749.0,7754.7,3128.0
2025-07-16 15:00:00+00:00,7755.0,7765.7,7709.2,7756.8,7978.0
2025-07-16 16:00:00+00:00,7757.0,7767.8,7748.5,7767.2,1904.0
2025-07-16 17:00:00+00:00,7767.0,7776.2,7766.2,7771.8,841.0
2025-07-16 18:00:00+00:00,7771.0,7782.0,7767.2,7782.0,703.0
2025-07-16 19:00:00+00:00,7781.5,7785.0,7777.5,7777.8,766.0
2025-07-17 06:00:00+00:00,7797.8,7806.5,7785.8,7789.0,1106.0
2025-07-17 07:00:00+00:00,7789.8,7815.0,7789.2,7798.4,5841.0
2025-07-17 08:00:00+00:00,7798.7,7803.7,7782.2,7789.7,3365.0
2025-07-17 09:00:00+00:00,7789.4,7794.7,7783.7,7793.7,2051.0
2025-07-17 10:00:00+00:00,7793.4,7803.0,7782.7,7798.5,1513.0
2025-07-17 11:00:00+00:00,7798.8,7800.2,7788.2,7789.0,1376.0
2025-07-17 12:00:00+00:00,7789.2,7809.2,7788.5,7805.0,1539.0
2025-07-17 13:00:00+00:00,7805.2,7827.2,7805.0,7816.0,2336.0
2025-07-17 14:00:00+00:00,7816.8,7817.5,7796.2,7810.0,2255.0
2025-07-17 15:00:00+00:00,7809.2,7829.6,7807.2,7822.6,1759.0
2025-07-17 16:00:00+00:00,7822.3,7824.0,7812.6,7815.8,883.0
2025-07-17 17:00:00+00:00,7816.0,7824.0,7814.8,7823.8,562.0
2025-07-17 18:00:00+00:00,7824.0,7839.8,7823.3,7838.8,377.0
2025-07-17 19:00:00+00:00,7838.6,7844.6,7835.6,7838.0,641.0
2025-07-18 06:00:00+00:00,7862.6,7864.0,7852.0,7860.6,706.0
2025-07-18 07:00:00+00:00,7860.8,7875.5,7850.8,7873.0,4710.0
2025-07-18 08:00:00+00:00,7873.2,7875.2,7859.0,7871.2,2668.0
2025-07-18 09:00:00+00:00,7871.5,7873.0,7864.8,7870.5,2398.0
2025-07-18 10:00:00+00:00,7870.8,7872.8,7836.8,7837.0,2356.0
2025-07-18 11:00:00+00:00,7837.2,7840.0,7820.2,7832.5,2366.0
2025-07-18 12:00:00+00:00,7832.8,7840.2,7822.5,7836.4,2025.0
2025-07-18 13:00:00+00:00,7836.2,7847.9,7823.2,7826.9,3647.0
2025-07-18 14:00:00+00:00,7827.2,7833.2,7815.6,7824.2,3567.0
2025-07-18 15:00:00+00:00,7824.9,7836.0,7820.9,7831.0,2764.0
2025-07-18 16:00:00+00:00,7830.7,7833.0,7805.0,7809.0,2729.0
2025-07-18 17:00:00+00:00,7809.2,7813.0,7800.2,7804.4,1486.0
2025-07-18 18:00:00+00:00,7804.7,7806.4,7792.7,7796.2,1163.0
2025-07-18 19:00:00+00:00,7796.4,7808.0,7796.2,7804.4,1060.0
2025-07-21 06:00:00+00:00,7805.0,7821.2,7803.4,7820.2,748.0
2025-07-21 07:00:00+00:00,7820.4,7838.2,7794.2,7802.4,3980.0
2025-07-21 08:00:00+00:00,7802.6,7814.6,7796.6,7808.9,2714.0
2025-07-21 09:00:00+00:00,7809.2,7811.4,7790.4,7791.9,1575.0
2025-07-21 10:00:00+00:00,7791.6,7795.9,7775.6,7781.9,1674.0
2025-07-21 11:00:00+00:00,7780.9,7797.2,7778.9,7791.2,1522.0
2025-07-21 12:00:00+00:00,7790.9,7791.6,7769.2,7770.4,1598.0
2025-07-21 13:00:00+00:00,7770.6,7780.9,7757.4,7778.9,3245.0
2025-07-21 14:00:00+00:00,7778.6,7793.2,7773.6,7788.2,2948.0
2025-07-21 15:00:00+00:00,7788.4,7802.7,7787.9,7791.0,1974.0
2025-07-21 16:00:00+00:00,7791.2,7794.7,7788.2,7793.2,816.0
2025-07-21 17:00:00+00:00,7793.0,7797.7,7788.2,7788.7,435.0
2025-07-21 18:00:00+00:00,7789.0,7792.4,7784.2,7786.0,646.0
2025-07-21 19:00:00+00:00,7786.2,7786.2,7773.0,7776.4,1239.0
2025-07-22 06:00:00+00:00,7776.4,7778.4,7761.7,7773.2,692.0
2025-07-22 07:00:00+00:00,7773.0,7784.2,7755.4,7756.2,3253.0
2025-07-22 08:00:00+00:00,7755.9,7772.4,7752.6,7761.4,2719.0
2025-07-22 09:00:00+00:00,7761.6,7761.6,7752.2,7756.9,1840.0
2025-07-22 10:00:00+00:00,7756.6,7763.6,7735.2,7739.2,1812.0
2025-07-22 11:00:00+00:00,7738.9,7749.4,7726.9,7743.2,2076.0
2025-07-22 12:00:00+00:00,7742.9,7745.6,7728.2,7738.6,2253.0
2025-07-22 13:00:00+00:00,7738.4,7763.6,7730.9,7734.4,4663.0
2025-07-22 14:00:00+00:00,7734.2,7750.9,7726.4,7736.9,5445.0
2025-07-22 15:00:00+00:00,7737.2,7744.0,7734.2,7740.4,2891.0
2025-07-22 16:00:00+00:00,7740.7,7742.2,7735.0,7740.0,1863.0
2025-07-22 17:00:00+00:00,7739.7,7748.0,7739.2,7744.7,1092.0
2025-07-22 18:00:00+00:00,7745.0,7757.2,7742.0,7756.7,1163.0
2025-07-22 19:00:00+00:00,7756.4,7763.2,7755.7,7757.4,627.0
2025-07-23 06:00:00+00:00,7827.6,7851.1,7816.8,7847.6,1705.0
2025-07-23 07:00:00+00:00,7847.6,7856.8,7814.6,7826.3,6242.0
2025-07-23 08:00:00+00:00,7825.3,7871.9,7823.0,7868.9,2865.0
2025-07-23 09:00:00+00:00,7868.6,7871.9,7850.6,7852.4,2166.0
2025-07-23 10:00:00+00:00,7852.6,7854.4,7829.6,7830.2,1914.0
2025-07-23 11:00:00+00:00,7829.9,7836.6,7817.2,7833.9,1883.0
2025-07-23 12:00:00+00:00,7834.2,7845.4,7828.4,7842.9,1631.0
2025-07-23 13:00:00+00:00,7842.2,7850.6,7833.4,7837.9,3363.0
2025-07-23 14:00:00+00:00,7838.6,7861.9,7829.6,7856.6,3695.0
2025-07-23 15:00:00+00:00,7857.4,7953.2,7848.6,7926.0,5511.0
2025-07-23 16:00:00+00:00,7923.7,7958.7,7923.0,7949.2,5854.0
2025-07-23 17:00:00+00:00,7949.4,7974.2,7941.0,7959.0,2752.0
2025-07-23 18:00:00+00:00,7957.2,7971.7,7957.2,7966.0,1405.0
2025-07-23 19:00:00+00:00,7965.7,7978.0,7962.4,7974.7,1219.0
2025-07-24 06:00:00+00:00,7974.7,7980.7,7928.4,7929.0,1228.0
2025-07-24 07:00:00+00:00,7927.7,7933.6,7866.9,7875.2,7719.0
2025-07-24 08:00:00+00:00,7876.0,7887.7,7870.4,7875.2,4156.0
2025-07-24 09:00:00+00:00,7876.0,7881.7,7859.2,7867.7,3028.0
2025-07-24 10:00:00+00:00,7868.4,7869.0,7830.4,7831.7,3250.0
2025-07-24 11:00:00+00:00,7832.0,7854.4,7825.0,7852.2,3121.0
2025-07-24 12:00:00+00:00,7851.4,7854.4,7831.0,7838.0,2997.0
2025-07-24 13:00:00+00:00,7838.2,7838.4,7798.0,7810.7,5507.0
2025-07-24 14:00:00+00:00,7811.0,7824.2,7796.7,7814.2,4453.0
2025-07-24 15:00:00+00:00,7814.4,7831.4,7794.8,7821.0,3519.0
2025-07-24 16:00:00+00:00,7820.8,7821.8,7807.2,7810.8,1488.0
2025-07-24 17:00:00+00:00,7811.0,7818.2,7809.2,7814.0,1074.0
2025-07-24 18:00:00+00:00,7813.8,7820.0,7807.5,7811.2,1223.0
2025-07-24 19:00:00+00:00,7811.0,7814.5,7802.8,7804.5,1008.0
2025-07-25 06:00:00+00:00,7810.2,7812.5,7786.5,7790.0,967.0
2025-07-25 07:00:00+00:00,7790.2,7794.7,7757.2,7788.2,6864.0
2025-07-25 08:00:00+00:00,7789.2,7839.0,7777.2,7830.8,5263.0
2025-07-25 09:00:00+00:00,7830.6,7842.0,7823.3,7837.6,3684.0
2025-07-25 10:00:00+00:00,7837.3,7837.8,7816.6,7818.8,2649.0
2025-07-25 11:00:00+00:00,7819.0,7823.0,7806.6,7809.8,2262.0
2025-07-25 12:00:00+00:00,7810.6,7820.3,7808.0,7808.8,2168.0
2025-07-25 13:00:00+00:00,7808.6,7812.6,7787.6,7810.8,5077.0
2025-07-25 14:00:00+00:00,7811.0,7843.6,7805.0,7838.6,4062.0
2025-07-25 15:00:00+00:00,7838.3,7851.8,7828.8,7831.4,2569.0
2025-07-25 16:00:00+00:00,7831.6,7851.6,7830.8,7851.4,1315.0
2025-07-25 17:00:00+00:00,7851.1,7861.6,7849.6,7860.6,611.0
2025-07-25 18:00:00+00:00,7859.8,7866.8,7859.6,7864.6,792.0
2025-07-25 19:00:00+00:00,7864.4,7872.1,7864.1,7869.6,545.0
2025-07-28 06:00:00+00:00,7934.4,7948.4,7926.1,7937.4,1501.0
2025-07-28 07:00:00+00:00,7936.6,7939.3,7893.6,7906.9,6004.0
2025-07-28 08:00:00+00:00,7906.6,7909.9,7878.6,7881.6,3491.0
2025-07-28 09:00:00+00:00,7881.4,7893.9,7873.6,7884.4,2670.0
2025-07-28 10:00:00+00:00,7884.6,7888.6,7874.2,7875.4,2224.0
2025-07-28 11:00:00+00:00,7875.6,7879.9,7853.2,7854.9,1775.0
2025-07-28 12:00:00+00:00,7855.2,7858.9,7831.9,7843.9,3213.0
2025-07-28 13:00:00+00:00,7843.6,7845.6,7801.2,7802.4,5056.0
2025-07-28 14:00:00+00:00,7801.4,7811.9,7795.2,7797.9,4398.0
2025-07-28 15:00:00+00:00,7797.6,7810.6,7793.2,7799.7,2923.0
2025-07-28 16:00:00+00:00,7800.0,7812.2,7799.2,7804.4,1179.0
2025-07-28 17:00:00+00:00,7804.7,7807.4,7796.0,7796.2,1379.0
2025-07-28 18:00:00+00:00,7797.4,7803.2,7792.7,7801.4,971.0
2025-07-28 19:00:00+00:00,7801.2,7814.2,7799.2,7813.4,1017.0
2025-07-29 06:00:00+00:00,7835.2,7847.0,7823.0,7832.7,757.0
2025-07-29 07:00:00+00:00,7832.6,7885.2,7823.9,7881.2,3697.0
2025-07-29 08:00:00+00:00,7880.9,7890.6,7871.0,7880.8,2950.0
2025-07-29 09:00:00+00:00,7881.0,7907.6,7880.6,7907.0,2240.0
2025-07-29 10:00:00+00:00,7908.6,7928.0,7905.0,7922.3,2082.0
2025-07-29 11:00:00+00:00,7922.0,7924.0,7881.6,7900.8,2583.0
2025-07-29 12:00:00+00:00,7900.6,7910.6,7890.3,7907.8,2035.0
2025-07-29 13:00:00+00:00,7908.0,7909.6,7881.8,7885.0,3684.0
2025-07-29 14:00:00+00:00,7885.3,7885.8,7859.3,7860.0,3820.0
2025-07-29 15:00:00+00:00,7859.8,7885.8,7849.1,7878.6,3906.0
2025-07-29 16:00:00+00:00,7879.4,7880.4,7864.8,7874.4,2388.0
2025-07-29 17:00:00+00:00,7873.4,7878.8,7859.6,7864.4,1764.0
2025-07-29 18:00:00+00:00,7865.1,7868.1,7860.4,7862.4,1174.0
2025-07-29 19:00:00+00:00,7862.1,7864.8,7851.4,7861.6,1131.0
2025-07-30 06:00:00+00:00,7867.8,7872.8,7848.4,7857.8,761.0
2025-07-30 07:00:00+00:00,7858.4,7879.3,7851.3,7868.0,5848.0
2025-07-30 08:00:00+00:00,7867.8,7891.3,7860.0,7890.6,3477.0
2025-07-30 09:00:00+00:00,7890.3,7919.7,7890.3,7917.7,3204.0
2025-07-30 10:00:00+00:00,7918.4,7923.2,7890.2,7893.2,2638.0
2025-07-30 11:00:00+00:00,7893.4,7898.0,7881.0,7894.7,2306.0
2025-07-30 12:00:00+00:00,7895.0,7899.4,7884.2,7897.4,2473.0
2025-07-30 13:00:00+00:00,7897.2,7908.0,7892.2,7904.2,3524.0
2025-07-30 14:00:00+00:00,7903.2,7903.7,7877.7,7881.2,3464.0
2025-07-30 15:00:00+00:00,7881.4,7888.2,7856.5,7874.2,2756.0
2025-07-30 16:00:00+00:00,7875.0,7886.0,7872.5,7875.0,862.0
2025-07-30 17:00:00+00:00,7875.2,7879.2,7871.0,7875.2,788.0
2025-07-30 18:00:00+00:00,7885.0,7885.0,7851.2,7853.0,4627.0
2025-07-30 19:00:00+00:00,7852.8,7871.5,7838.5,7870.5,6080.0
2025-07-31 06:00:00+00:00,7899.8,7913.5,7881.5,7881.8,1333.0
2025-07-31 07:00:00+00:00,7881.5,7907.0,7855.2,7886.7,8688.0
2025-07-31 08:00:00+00:00,7885.7,7891.4,7853.0,7857.4,5407.0
2025-07-31 09:00:00+00:00,7857.7,7868.4,7833.4,7860.2,4066.0
2025-07-31 10:00:00+00:00,7860.4,7869.2,7836.7,7838.0,3685.0
2025-07-31 11:00:00+00:00,7837.7,7843.7,7830.2,7834.2,2812.0
2025-07-31 12:00:00+00:00,7835.2,7841.7,7823.7,7825.0,3549.0
2025-07-31 13:00:00+00:00,7824.7,7833.0,7806.4,7822.4,6251.0
2025-07-31 14:00:00+00:00,7822.7,7833.7,7790.0,7790.2,6670.0
2025-07-31 15:00:00+00:00,7790.0,7801.4,7773.2,7783.8,4829.0
2025-07-31 16:00:00+00:00,7784.0,7795.2,7779.2,7790.8,1757.0
2025-07-31 17:00:00+00:00,7790.5,7790.5,7755.2,7758.0,4119.0
2025-07-31 18:00:00+00:00,7758.2,7779.8,7747.5,7772.2,4790.0
2025-07-31 19:00:00+00:00,7772.5,7777.2,7764.0,7769.5,3068.0
2025-08-01 06:00:00+00:00,7747.0,7748.8,7689.8,7689.8,1597.0
2025-08-01 07:00:00+00:00,7689.7,7695.7,7639.7,7651.7,7551.0
2025-08-01 08:00:00+00:00,7652.0,7660.0,7625.0,7630.7,5992.0
2025-08-01 09:00:00+00:00,7631.0,7644.3,7619.7,7628.3,4008.0
2025-08-01 10:00:00+00:00,7628.6,7628.6,7591.6,7596.6,3483.0
2025-08-01 11:00:00+00:00,7596.3,7614.0,7593.8,7608.8,3339.0
2025-08-01 12:00:00+00:00,7609.6,7614.6,7578.6,7584.6,5375.0
2025-08-01 13:00:00+00:00,7584.8,7587.8,7527.0,7536.0,8498.0
2025-08-01 14:00:00+00:00,7535.0,7563.8,7522.3,7552.6,11241.0
2025-08-01 15:00:00+00:00,7552.3,7567.6,7534.8,7556.8,7818.0
2025-08-01 16:00:00+00:00,7557.1,7565.1,7537.1,7538.6,4572.0
2025-08-01 17:00:00+00:00,7538.4,7548.4,7531.8,7540.8,4760.0
2025-08-01 18:00:00+00:00,7541.6,7561.4,7531.8,7554.1,4255.0
2025-08-01 19:00:00+00:00,7554.4,7566.8,7550.8,7561.4,3518.0
2025-08-04 06:00:00+00:00,7599.1,7607.4,7574.8,7591.6,1874.0
2025-08-04 07:00:00+00:00,7591.6,7623.8,7569.8,7613.3,6598.0
2025-08-04 08:00:00+00:00,7613.6,7624.8,7602.3,7624.6,3984.0
2025-08-04 09:00:00+00:00,7624.3,7625.6,7601.0,7601.8,3224.0
2025-08-04 10:00:00+00:00,7601.0,7611.6,7599.0,7606.3,2499.0
2025-08-04 11:00:00+00:00,7605.3,7614.0,7595.6,7611.0,2437.0
2025-08-04 12:00:00+00:00,7611.3,7622.8,7608.0,7622.0,2628.0
2025-08-04 13:00:00+00:00,7622.3,7627.3,7614.8,7622.8,3952.0
2025-08-04 14:00:00+00:00,7622.6,7630.0,7609.6,7625.0,3318.0
2025-08-04 15:00:00+00:00,7624.8,7634.4,7622.1,7630.6,3054.0
2025-08-04 16:00:00+00:00,7630.8,7633.1,7626.4,7629.8,1592.0
2025-08-04 17:00:00+00:00,7630.1,7635.1,7626.6,7627.1,916.0
2025-08-04 18:00:00+00:00,7627.8,7634.4,7627.1,7631.4,994.0
2025-08-04 19:00:00+00:00,7631.1,7640.8,7630.6,7639.1,1087.0
2025-08-05 06:00:00+00:00,7646.1,7671.1,7640.6,7669.4,852.0
2025-08-05 07:00:00+00:00,7669.3,7674.3,7632.6,7637.3,4891.0
2025-08-05 08:00:00+00:00,7637.6,7647.6,7623.8,7645.3,3662.0
2025-08-05 09:00:00+00:00,7645.6,7651.0,7637.3,7648.8,2457.0
2025-08-05 10:00:00+00:00,7648.6,7655.6,7642.8,7649.6,2396.0
2025-08-05 11:00:00+00:00,7649.3,7653.6,7643.0,7653.0,2216.0
2025-08-05 12:00:00+00:00,7653.3,7658.6,7637.3,7652.3,3109.0
2025-08-05 13:00:00+00:00,7652.6,7655.0,7640.0,7646.8,3587.0
2025-08-05 14:00:00+00:00,7644.6,7644.6,7610.9,7620.4,6556.0
2025-08-05 15:00:00+00:00,7620.2,7638.7,7613.4,7619.4,5279.0
2025-08-05 16:00:00+00:00,7619.2,7632.7,7616.4,7627.2,2566.0
2025-08-05 17:00:00+00:00,7627.0,7640.7,7625.4,7639.2,1328.0
2025-08-05 18:00:00+00:00,7639.4,7640.4,7623.2,7626.4,2134.0
2025-08-05 19:00:00+00:00,7626.7,7634.4,7626.4,7629.7,1562.0
2025-08-06 06:00:00+00:00,7669.4,7671.0,7654.4,7664.4,1235.0
2025-08-06 07:00:00+00:00,7664.7,7673.2,7652.4,7672.2,4690.0
2025-08-06 08:00:00+00:00,7672.4,7673.4,7640.4,7642.4,3048.0
2025-08-06 09:00:00+00:00,7642.2,7650.2,7630.9,7648.2,2715.0
2025-08-06 10:00:00+00:00,7647.2,7649.6,7625.6,7630.2,2513.0
2025-08-06 11:00:00+00:00,7629.4,7646.8,7628.4,7644.0,2371.0
2025-08-06 12:00:00+00:00,7644.3,7648.0,7633.0,7638.8,2236.0
2025-08-06 13:00:00+00:00,7639.0,7650.8,7628.6,7629.8,4851.0
2025-08-06 14:00:00+00:00,7629.6,7637.6,7620.8,7631.8,5086.0
2025-08-06 15:00:00+00:00,7631.6,7643.1,7625.6,7634.6,3894.0
2025-08-06 16:00:00+00:00,7634.8,7640.8,7624.1,7626.8,2314.0
2025-08-06 17:00:00+00:00,7627.1,7633.6,7625.4,7628.1,1351.0
2025-08-06 18:00:00+00:00,7628.4,7635.6,7624.8,7629.1,1127.0
2025-08-06 19:00:00+00:00,7629.4,7636.1,7626.1,7627.8,1197.0
2025-08-07 06:00:00+00:00,7664.1,7665.1,7638.8,7643.6,1165.0
2025-08-07 07:00:00+00:00,7643.8,7663.3,7642.8,7660.6,5811.0
2025-08-07 08:00:00+00:00,7660.3,7704.8,7657.6,7701.0,5430.0
2025-08-07 09:00:00+00:00,7701.3,7735.6,7698.3,7729.6,4087.0
2025-08-07 10:00:00+00:00,7729.8,7732.3,7716.0,7722.8,3099.0
2025-08-07 11:00:00+00:00,7723.8,7735.3,7716.3,7717.0,2992.0
2025-08-07 12:00:00+00:00,7718.0,7737.8,7708.8,7733.6,2534.0
2025-08-07 13:00:00+00:00,7733.8,7737.8,7720.8,7730.0,4922.0
2025-08-07 14:00:00+00:00,7729.8,7731.0,7700.0,7704.0,6344.0
2025-08-07 15:00:00+00:00,7703.8,7720.6,7695.6,7716.8,5011.0
2025-08-07 16:00:00+00:00,7716.6,7726.1,7704.8,7710.8,4109.0
2025-08-07 17:00:00+00:00,7711.1,7714.8,7702.4,7707.8,5464.0
2025-08-07 18:00:00+00:00,7708.6,7710.6,7692.8,7704.8,2469.0
2025-08-07 19:00:00+00:00,7705.1,7713.1,7699.6,7710.4,2045.0
2025-08-08 06:00:00+00:00,7716.1,7736.6,7712.4,7734.6,671.0
2025-08-08 07:00:00+00:00,7734.6,7742.8,7713.6,7721.3,4561.0
2025-08-08 08:00:00+00:00,7721.6,7737.0,7717.0,7721.3,3065.0
2025-08-08 09:00:00+00:00,7721.6,7733.3,7716.8,7729.6,2392.0
2025-08-08 10:00:00+00:00,7730.3,7739.4,7726.4,7728.1,1669.0
2025-08-08 11:00:00+00:00,7727.8,7729.8,7720.6,7724.6,1894.0
2025-08-08 12:00:00+00:00,7724.8,7725.6,7709.4,7722.6,2459.0
2025-08-08 13:00:00+00:00,7722.8,7729.1,7714.8,7722.8,3751.0
2025-08-08 14:00:00+00:00,7723.8,7776.8,7722.4,7743.8,6382.0
2025-08-08 15:00:00+00:00,7743.6,7753.1,7733.6,7742.4,3368.0
2025-08-08 16:00:00+00:00,7742.2,7755.2,7742.2,7751.4,1789.0
2025-08-08 17:00:00+00:00,7751.2,7759.2,7748.6,7755.4,1203.0
2025-08-08 18:00:00+00:00,7755.6,7760.2,7755.2,7756.6,869.0
2025-08-08 19:00:00+00:00,7756.9,7760.2,7750.4,7755.4,830.0
2025-08-11 06:00:00+00:00,7766.9,7773.9,7756.9,7772.9,802.0
2025-08-11 07:00:00+00:00,7773.6,7773.6,7727.1,7727.6,3809.0
2025-08-11 08:00:00+00:00,7727.4,7729.4,7710.8,7716.1,2996.0
2025-08-11 09:00:00+00:00,7715.8,7730.4,7715.1,7728.4,1927.0
2025-08-11 10:00:00+00:00,7728.6,7729.1,7703.8,7707.8,1381.0
2025-08-11 11:00:00+00:00,7706.8,7727.1,7702.8,7726.8,1389.0
2025-08-11 12:00:00+00:00,7727.1,7731.4,7716.1,7719.1,1609.0
2025-08-11 13:00:00+00:00,7718.8,7724.8,7706.4,7713.1,3239.0
2025-08-11 14:00:00+00:00,7714.1,7716.1,7695.0,7699.3,2980.0
2025-08-11 15:00:00+00:00,7699.0,7707.1,7693.6,7707.1,2176.0
2025-08-11 16:00:00+00:00,7706.8,7717.6,7705.4,7705.6,1711.0
2025-08-11 17:00:00+00:00,7705.8,7707.1,7699.4,7704.4,1635.0
2025-08-11 18:00:00+00:00,7705.6,7712.8,7702.8,7709.6,1877.0
2025-08-11 19:00:00+00:00,7709.4,7712.6,7702.6,7710.6,1100.0
2025-08-12 06:00:00+00:00,7730.1,7734.4,7717.8,7723.8,724.0
2025-08-12 07:00:00+00:00,7724.6,7744.0,7724.6,7736.0,3840.0
2025-08-12 08:00:00+00:00,7736.3,7742.6,7724.8,7728.0,2378.0
2025-08-12 09:00:00+00:00,7728.8,7733.0,7704.6,7709.3,2249.0
2025-08-12 10:00:00+00:00,7708.6,7711.8,7703.8,7709.0,1884.0
2025-08-12 11:00:00+00:00,7708.8,7710.0,7702.8,7708.0,1514.0
2025-08-12 12:00:00+00:00,7708.3,7745.6,7708.0,7740.6,3353.0
2025-08-12 13:00:00+00:00,7740.8,7741.3,7709.3,7724.6,5213.0
2025-08-12 14:00:00+00:00,7723.8,7755.8,7719.0,7748.8,4297.0
2025-08-12 15:00:00+00:00,7748.6,7763.1,7747.0,7762.8,2570.0
2025-08-12 16:00:00+00:00,7761.8,7764.6,7758.6,7761.6,987.0
2025-08-12 17:00:00+00:00,7761.4,7764.6,7758.6,7763.1,749.0
2025-08-12 18:00:00+00:00,7764.1,7767.1,7759.1,7762.6,849.0
2025-08-12 19:00:00+00:00,7763.4,7771.1,7762.8,7769.1,850.0
2025-08-13 06:00:00+00:00,7783.1,7786.6,7767.6,7776.6,658.0
2025-08-13 07:00:00+00:00,7778.4,7786.8,7768.0,7777.8,3135.0
2025-08-13 08:00:00+00:00,7778.0,7794.8,7772.6,7791.3,2518.0
2025-08-13 09:00:00+00:00,7791.6,7792.8,7781.3,7785.3,1921.0
2025-08-13 10:00:00+00:00,7785.0,7795.8,7782.8,7793.3,1489.0
2025-08-13 11:00:00+00:00,7794.0,7800.3,7788.3,7794.0,1291.0
2025-08-13 12:00:00+00:00,7794.3,7800.8,7791.3,7796.3,1397.0
2025-08-13 13:00:00+00:00,7796.6,7810.6,7790.0,7807.6,2516.0
2025-08-13 14:00:00+00:00,7807.8,7821.0,7802.2,7803.2,3145.0
2025-08-13 15:00:00+00:00,7803.0,7817.2,7798.8,7800.5,2462.0
2025-08-13 16:00:00+00:00,7801.2,7811.0,7799.8,7809.2,1682.0
2025-08-13 17:00:00+00:00,7809.0,7813.5,7805.0,7811.5,1324.0
2025-08-13 18:00:00+00:00,7811.8,7818.0,7810.2,7813.8,1543.0
2025-08-13 19:00:00+00:00,7813.5,7825.5,7812.5,7823.2,993.0
2025-08-14 06:00:00+00:00,7800.5,7814.8,7799.0,7814.5,656.0
2025-08-14 07:00:00+00:00,7814.2,7839.0,7814.2,7835.7,3060.0
2025-08-14 08:00:00+00:00,7836.4,7837.7,7820.7,7826.7,2166.0
2025-08-14 09:00:00+00:00,7826.4,7837.2,7826.2,7831.5,1336.0
2025-08-14 10:00:00+00:00,7831.8,7835.2,7826.0,7828.2,801.0
2025-08-14 11:00:00+00:00,7828.5,7856.0,7827.2,7855.0,1001.0
2025-08-14 12:00:00+00:00,7854.8,7855.2,7828.0,7830.0,1945.0
2025-08-14 13:00:00+00:00,7829.8,7850.0,7828.5,7849.2,2410.0
2025-08-14 14:00:00+00:00,7849.5,7874.5,7849.5,7862.2,2354.0
2025-08-14 15:00:00+00:00,7862.0,7892.8,7857.2,7890.3,2706.0
2025-08-14 16:00:00+00:00,7890.0,7891.8,7882.3,7890.8,1564.0
2025-08-14 17:00:00+00:00,7890.6,7900.8,7888.6,7896.3,730.0
2025-08-14 18:00:00+00:00,7896.6,7898.8,7889.3,7895.8,784.0
2025-08-14 19:00:00+00:00,7895.6,7908.6,7895.6,7903.0,807.0
2025-08-15 06:00:00+00:00,7917.0,7929.0,7910.3,7910.6,876.0
2025-08-15 07:00:00+00:00,7910.3,7924.5,7896.2,7915.8,3540.0
2025-08-15 08:00:00+00:00,7915.5,7936.2,7913.0,7927.0,2835.0
2025-08-15 09:00:00+00:00,7927.2,7946.7,7926.7,7934.7,2905.0
2025-08-15 10:00:00+00:00,7935.0,7935.0,7922.0,7929.7,1919.0
2025-08-15 11:00:00+00:00,7929.4,7931.0,7918.0,7919.2,1441.0
2025-08-15 12:00:00+00:00,7919.0,7921.2,7910.0,7912.0,1375.0
2025-08-15 13:00:00+00:00,7911.7,7935.0,7910.4,7927.2,3096.0
2025-08-15 14:00:00+00:00,7924.7,7928.4,7914.4,7923.4,2981.0
2025-08-15 15:00:00+00:00,7923.7,7934.0,7916.0,7930.2,2811.0
2025-08-15 16:00:00+00:00,7930.0,7936.5,7928.8,7933.8,1797.0
2025-08-15 17:00:00+00:00,7933.5,7940.0,7931.8,7939.5,1250.0
2025-08-15 18:00:00+00:00,7939.8,7941.0,7933.2,7935.8,1320.0
2025-08-15 19:00:00+00:00,7936.0,7940.0,7929.2,7934.8,1610.0
2025-08-18 06:00:00+00:00,7943.0,7945.0,7907.5,7920.8,961.0
2025-08-18 07:00:00+00:00,7920.5,7934.0,7880.0,7885.0,4288.0
2025-08-18 08:00:00+00:00,7885.2,7889.0,7865.4,7885.0,3231.0
2025-08-18 09:00:00+00:00,7885.2,7887.4,7864.4,7865.7,2167.0
2025-08-18 10:00:00+00:00,7865.4,7870.2,7858.2,7860.7,1639.0
2025-08-18 11:00:00+00:00,7861.0,7869.0,7858.0,7866.7,1814.0
2025-08-18 12:00:00+00:00,7866.4,7870.7,7859.4,7865.0,1746.0
2025-08-18 13:00:00+00:00,7864.7,7886.4,7864.7,7874.0,2766.0
2025-08-18 14:00:00+00:00,7874.2,7881.0,7868.5,7874.5,2654.0
2025-08-18 15:00:00+00:00,7874.2,7892.0,7870.2,7891.6,2139.0
2025-08-18 16:00:00+00:00,7891.3,7894.3,7886.6,7888.6,1267.0
2025-08-18 17:00:00+00:00,7888.8,7899.8,7888.0,7890.3,1255.0
2025-08-18 18:00:00+00:00,7890.0,7898.6,7887.6,7897.6,868.0
2025-08-18 19:00:00+00:00,7897.3,7903.3,7892.3,7899.8,880.0
2025-08-19 06:00:00+00:00,7898.6,7904.6,7893.0,7893.3,633.0
2025-08-19 07:00:00+00:00,7893.2,7923.0,7890.2,7921.0,2836.0
2025-08-19 08:00:00+00:00,7921.2,7941.0,7921.0,7940.8,2114.0
2025-08-19 09:00:00+00:00,7940.5,7966.8,7937.5,7954.0,2318.0
2025-08-19 10:00:00+00:00,7953.8,7962.5,7936.0,7941.0,2085.0
2025-08-19 11:00:00+00:00,7940.3,7959.8,7939.0,7957.8,1298.0
2025-08-19 12:00:00+00:00,7957.6,7970.8,7955.6,7967.6,1467.0
2025-08-19 13:00:00+00:00,7968.3,7975.3,7959.6,7963.8,2821.0
2025-08-19 14:00:00+00:00,7963.6,7990.6,7963.0,7984.3,3286.0
2025-08-19 15:00:00+00:00,7984.0,7987.6,7969.4,7971.4,3184.0
2025-08-19 16:00:00+00:00,7971.1,7974.6,7960.4,7962.8,2710.0
2025-08-19 17:00:00+00:00,7962.6,7968.8,7954.8,7967.4,2014.0
2025-08-19 18:00:00+00:00,7966.6,7967.8,7958.1,7962.6,1626.0
2025-08-19 19:00:00+00:00,7962.8,7967.4,7959.6,7965.4,1207.0
2025-08-20 06:00:00+00:00,7963.4,7972.6,7953.4,7956.6,873.0
2025-08-20 07:00:00+00:00,7956.6,7965.3,7934.6,7964.6,3605.0
2025-08-20 08:00:00+00:00,7964.8,7974.4,7956.6,7971.4,2578.0
2025-08-20 09:00:00+00:00,7972.4,7985.7,7971.2,7978.2,2038.0
2025-08-20 10:00:00+00:00,7978.4,7989.4,7973.7,7987.4,1818.0
2025-08-20 11:00:00+00:00,7987.7,7998.7,7985.7,7996.7,1799.0
2025-08-20 12:00:00+00:00,7996.4,8004.7,7991.2,7992.7,1679.0
2025-08-20 13:00:00+00:00,7992.4,8009.4,7984.2,7990.4,4315.0
2025-08-20 14:00:00+00:00,7990.2,8005.0,7971.7,7974.0,5677.0
2025-08-20 15:00:00+00:00,7974.2,7985.8,7968.0,7975.2,3676.0
2025-08-20 16:00:00+00:00,7975.5,7983.5,7972.5,7975.8,2530.0
2025-08-20 17:00:00+00:00,7975.5,7983.2,7971.2,7979.0,2603.0
2025-08-20 18:00:00+00:00,7977.2,7983.8,7968.8,7978.8,3021.0
2025-08-20 19:00:00+00:00,7979.5,7988.5,7977.8,7982.0,1587.0
2025-08-21 06:00:00+00:00,7974.8,7976.5,7965.0,7968.8,679.0
2025-08-21 07:00:00+00:00,7968.7,7973.7,7951.7,7955.4,3300.0
2025-08-21 08:00:00+00:00,7955.7,7962.7,7936.7,7937.0,2166.0
2025-08-21 09:00:00+00:00,7936.7,7943.4,7931.4,7934.7,1818.0
2025-08-21 10:00:00+00:00,7935.0,7935.0,7923.4,7926.4,1881.0
2025-08-21 11:00:00+00:00,7925.4,7934.7,7912.0,7920.0,2098.0
2025-08-21 12:00:00+00:00,7919.7,7930.0,7917.4,7917.7,1866.0
2025-08-21 13:00:00+00:00,7917.4,7929.4,7913.7,7928.0,3629.0
2025-08-21 14:00:00+00:00,7927.2,7942.7,7925.2,7934.7,3283.0
2025-08-21 15:00:00+00:00,7935.0,7954.2,7931.0,7946.5,2986.0
2025-08-21 16:00:00+00:00,7946.8,7951.0,7940.2,7940.8,2423.0
2025-08-21 17:00:00+00:00,7941.0,7947.2,7934.2,7945.2,2716.0
2025-08-21 18:00:00+00:00,7944.5,7948.0,7939.8,7945.8,1814.0
2025-08-21 19:00:00+00:00,7945.5,7947.8,7941.8,7943.5,1262.0
2025-08-22 06:00:00+00:00,7934.8,7935.2,7919.5,7919.5,1053.0
2025-08-22 07:00:00+00:00,7920.2,7950.2,7919.2,7949.4,2977.0
2025-08-22 08:00:00+00:00,7949.2,7961.4,7945.4,7960.7,2121.0
2025-08-22 09:00:00+00:00,7960.4,7960.7,7948.8,7952.4,1903.0
2025-08-22 10:00:00+00:00,7952.1,7963.6,7947.6,7959.1,1452.0
2025-08-22 11:00:00+00:00,7958.8,7964.4,7948.4,7952.4,1478.0
2025-08-22 12:00:00+00:00,7952.6,7953.8,7945.8,7950.6,1477.0
2025-08-22 13:00:00+00:00,7950.4,7968.1,7948.4,7967.8,2526.0
2025-08-22 14:00:00+00:00,7969.6,8001.6,7969.1,7981.4,9403.0
2025-08-22 15:00:00+00:00,7981.1,7983.8,7966.9,7967.4,3630.0
2025-08-22 16:00:00+00:00,7967.6,7974.9,7963.9,7967.2,2100.0
2025-08-22 17:00:00+00:00,7966.9,7976.6,7966.9,7972.2,1273.0
2025-08-22 18:00:00+00:00,7973.2,7979.4,7968.6,7977.4,987.0
2025-08-22 19:00:00+00:00,7977.6,7980.6,7973.4,7978.9,1088.0
2025-08-25 06:00:00+00:00,7965.4,7966.2,7933.6,7947.4,565.0
2025-08-25 07:00:00+00:00,7948.6,7950.8,7923.1,7930.1,2250.0
2025-08-25 08:00:00+00:00,7930.4,7930.9,7910.4,7927.6,2101.0
2025-08-25 09:00:00+00:00,7926.9,7929.6,7919.2,7923.4,1459.0
2025-08-25 10:00:00+00:00,7922.6,7930.9,7919.6,7924.2,1453.0
2025-08-25 11:00:00+00:00,7924.4,7930.6,7917.6,7920.9,1043.0
2025-08-25 12:00:00+00:00,7921.2,7930.6,7911.2,7929.2,1287.0
2025-08-25 13:00:00+00:00,7929.4,7944.6,7929.4,7944.4,2272.0
2025-08-25 14:00:00+00:00,7944.2,7947.2,7876.2,7879.6,3452.0
2025-08-25 15:00:00+00:00,7879.4,7881.2,7822.7,7838.0,4133.0
2025-08-25 16:00:00+00:00,7837.2,7841.2,7831.0,7837.0,1173.0
2025-08-25 17:00:00+00:00,7837.2,7840.4,7826.2,7832.7,1359.0
2025-08-25 18:00:00+00:00,7833.0,7834.7,7826.7,7827.7,902.0
2025-08-25 19:00:00+00:00,7827.4,7828.0,7818.7,7823.4,723.0
2025-08-26 06:00:00+00:00,7809.0,7810.2,7722.4,7731.7,2501.0
2025-08-26 07:00:00+00:00,7731.0,7737.6,7669.6,7683.2,9483.0
2025-08-26 08:00:00+00:00,7682.9,7714.1,7665.2,7707.1,5803.0
2025-08-26 09:00:00+00:00,7707.4,7727.1,7699.8,7721.4,3686.0
2025-08-26 10:00:00+00:00,7721.6,7736.4,7714.4,7730.8,2508.0
2025-08-26 11:00:00+00:00,7730.6,7738.8,7713.1,7717.6,2047.0
2025-08-26 12:00:00+00:00,7717.4,7754.1,7717.1,7740.6,2226.0
2025-08-26 13:00:00+00:00,7741.8,7742.4,7720.4,7731.1,3255.0
2025-08-26 14:00:00+00:00,7731.4,7743.8,7724.6,7728.6,3916.0
2025-08-26 15:00:00+00:00,7728.4,7736.8,7704.9,7716.2,2921.0
2025-08-26 16:00:00+00:00,7717.2,7721.9,7710.6,7715.2,1386.0
2025-08-26 17:00:00+00:00,7714.9,7721.6,7711.9,7720.6,1124.0
2025-08-26 18:00:00+00:00,7720.9,7734.2,7719.9,7732.2,861.0
2025-08-26 19:00:00+00:00,7731.9,7742.9,7731.2,7739.2,1143.0
2025-08-27 06:00:00+00:00,7735.4,7737.6,7718.2,7720.9,873.0
2025-08-27 07:00:00+00:00,7721.6,7751.1,7715.4,7747.8,5092.0
2025-08-27 08:00:00+00:00,7747.6,7754.8,7705.5,7725.0,4037.0
2025-08-27 09:00:00+00:00,7724.8,7749.0,7724.5,7742.0,2706.0
2025-08-27 10:00:00+00:00,7742.2,7754.5,7738.0,7745.0,1975.0
2025-08-27 11:00:00+00:00,7744.2,7753.8,7742.2,7750.0,1680.0
2025-08-27 12:00:00+00:00,7749.8,7769.0,7738.5,7745.5,2499.0
2025-08-27 13:00:00+00:00,7745.2,7765.8,7738.8,7759.5,4122.0
2025-08-27 14:00:00+00:00,7760.2,7762.2,7723.5,7736.8,3974.0
2025-08-27 15:00:00+00:00,7738.0,7759.8,7737.0,7748.6,2543.0
2025-08-27 16:00:00+00:00,7748.8,7750.6,7738.8,7746.6,1534.0
2025-08-27 17:00:00+00:00,7745.6,7753.0,7741.0,7752.3,932.0
2025-08-27 18:00:00+00:00,7752.6,7756.6,7749.0,7754.8,923.0
2025-08-27 19:00:00+00:00,7754.6,7761.8,7750.6,7752.0,978.0
2025-08-28 06:00:00+00:00,7748.0,7784.8,7744.3,7774.6,1100.0
2025-08-28 07:00:00+00:00,7775.3,7827.2,7770.2,7826.2,4999.0
2025-08-28 08:00:00+00:00,7826.0,7835.2,7797.2,7802.2,3728.0
2025-08-28 09:00:00+00:00,7802.5,7804.0,7773.8,7778.5,2793.0
2025-08-28 10:00:00+00:00,7778.2,7778.5,7746.2,7749.0,2307.0
2025-08-28 11:00:00+00:00,7749.2,7769.2,7735.8,7768.5,2115.0
2025-08-28 12:00:00+00:00,7768.8,7786.8,7767.2,7786.5,2068.0
2025-08-28 13:00:00+00:00,7786.8,7794.0,7768.0,7774.8,3548.0
2025-08-28 14:00:00+00:00,7774.6,7785.6,7765.0,7767.3,3388.0
2025-08-28 15:00:00+00:00,7767.0,7777.1,7761.0,7775.8,2386.0
2025-08-28 16:00:00+00:00,7776.6,7779.8,7773.1,7773.4,1233.0
2025-08-28 17:00:00+00:00,7773.6,7774.8,7766.8,7772.6,935.0
2025-08-28 18:00:00+00:00,7772.4,7774.1,7768.4,7768.6,756.0
2025-08-28 19:00:00+00:00,7768.8,7773.1,7766.8,7769.4,964.0
2025-08-29 06:00:00+00:00,7760.1,7767.6,7739.1,7742.4,1057.0
2025-08-29 07:00:00+00:00,7742.3,7765.6,7716.0,7717.0,3378.0
2025-08-29 08:00:00+00:00,7716.8,7725.8,7701.6,7711.3,3438.0
2025-08-29 09:00:00+00:00,7711.6,7742.0,7709.0,7738.6,2505.0
2025-08-29 10:00:00+00:00,7738.8,7740.3,7718.6,7729.8,1975.0
2025-08-29 11:00:00+00:00,7729.6,7746.8,7727.6,7742.8,1647.0
2025-08-29 12:00:00+00:00,7742.6,7743.8,7728.6,7741.8,1832.0
2025-08-29 13:00:00+00:00,7742.0,7750.6,7733.3,7734.8,3286.0
2025-08-29 14:00:00+00:00,7736.3,7742.8,7709.3,7711.8,5377.0
2025-08-29 15:00:00+00:00,7711.6,7719.6,7697.6,7708.4,3488.0
2025-08-29 16:00:00+00:00,7708.6,7723.6,7708.1,7718.4,1461.0
2025-08-29 17:00:00+00:00,7718.1,7725.6,7714.8,7722.1,1470.0
2025-08-29 18:00:00+00:00,7722.4,7723.1,7714.4,7715.4,957.0
2025-08-29 19:00:00+00:00,7715.1,7722.1,7710.8,7713.8,1242.0
2025-09-01 06:00:00+00:00,7728.4,7747.1,7716.8,7723.1,971.0
2025-09-01 07:00:00+00:00,7723.0,7744.6,7720.8,7726.3,3262.0
2025-09-01 08:00:00+00:00,7726.0,7746.3,7722.0,7740.0,2948.0
2025-09-01 09:00:00+00:00,7739.8,7740.0,7713.8,7721.3,2079.0
2025-09-01 10:00:00+00:00,7721.6,7728.8,7702.8,7708.3,1540.0
2025-09-01 11:00:00+00:00,7708.0,7715.6,7703.8,7705.8,1660.0
2025-09-01 12:00:00+00:00,7706.0,7713.0,7697.0,7712.8,1441.0
2025-09-01 13:00:00+00:00,7713.0,7718.6,7704.3,7714.0,1788.0
2025-09-01 14:00:00+00:00,7714.8,7717.0,7699.0,7702.0,1748.0
2025-09-01 15:00:00+00:00,7701.8,7711.1,7700.8,7707.4,1139.0
2025-09-01 16:00:00+00:00,7707.1,7709.4,7703.6,7705.8,192.0
2025-09-01 17:00:00+00:00,7704.8,7709.6,7703.4,7709.1,44.0
2025-09-01 18:00:00+00:00,7709.4,7709.6,7707.8,7709.1,15.0
2025-09-01 19:00:00+00:00,7709.4,7712.8,7708.6,7710.8,73.0
2025-09-02 06:00:00+00:00,7698.6,7721.8,7697.6,7721.4,863.0
2025-09-02 07:00:00+00:00,7721.3,7740.6,7684.8,7695.8,7756.0
2025-09-02 08:00:00+00:00,7696.0,7724.6,7692.3,7714.8,4983.0
2025-09-02 09:00:00+00:00,7715.0,7717.0,7696.6,7714.3,3110.0
2025-09-02 10:00:00+00:00,7713.0,7720.6,7691.6,7701.8,3122.0
2025-09-02 11:00:00+00:00,7702.0,7703.0,7680.6,7684.8,2753.0
2025-09-02 12:00:00+00:00,7685.0,7686.8,7650.3,7661.8,4716.0
2025-09-02 13:00:00+00:00,7662.6,7678.0,7651.6,7678.0,5789.0
2025-09-02 14:00:00+00:00,7678.8,7689.6,7660.6,7662.0,5634.0
2025-09-02 15:00:00+00:00,7662.3,7664.0,7646.8,7651.8,4546.0
2025-09-02 16:00:00+00:00,7651.6,7672.4,7651.6,7672.4,1768.0
2025-09-02 17:00:00+00:00,7672.1,7690.6,7669.6,7684.8,1594.0
2025-09-02 18:00:00+00:00,7685.1,7687.8,7676.6,7683.4,1743.0
2025-09-02 19:00:00+00:00,7683.6,7702.8,7683.4,7699.8,1291.0
2025-09-03 06:00:00+00:00,7677.8,7699.8,7676.4,7698.1,842.0
2025-09-03 07:00:00+00:00,7698.8,7711.6,7670.6,7694.4,5122.0
2025-09-03 08:00:00+00:00,7693.4,7738.9,7689.2,7731.9,3207.0
2025-09-03 09:00:00+00:00,7732.9,7734.2,7719.2,7729.2,2696.0
2025-09-03 10:00:00+00:00,7728.9,7737.6,7724.6,7724.9,1998.0
2025-09-03 11:00:00+00:00,7724.6,7730.6,7718.9,7722.9,2028.0
2025-09-03 12:00:00+00:00,7723.9,7732.6,7711.2,7711.9,2584.0
2025-09-03 13:00:00+00:00,7712.2,7722.2,7705.4,7710.6,4259.0
2025-09-03 14:00:00+00:00,7710.9,7726.6,7704.4,7719.6,4242.0
2025-09-03 15:00:00+00:00,7719.4,7730.6,7712.2,7715.2,2878.0
2025-09-03 16:00:00+00:00,7715.0,7719.7,7710.7,7715.4,1606.0
2025-09-03 17:00:00+00:00,7716.2,7723.2,7707.4,7708.7,1443.0
2025-09-03 18:00:00+00:00,7709.7,7716.0,7707.7,7712.2,1602.0
2025-09-03 19:00:00+00:00,7712.0,7725.0,7708.2,7722.4,1028.0
2025-09-04 06:00:00+00:00,7734.4,7742.4,7686.7,7690.4,1304.0
2025-09-04 07:00:00+00:00,7683.7,7719.6,7679.9,7713.6,6970.0
2025-09-04 08:00:00+00:00,7714.6,7716.4,7679.6,7689.9,3564.0
2025-09-04 09:00:00+00:00,7691.2,7705.9,7676.2,7687.2,2968.0
2025-09-04 10:00:00+00:00,7687.4,7727.6,7683.9,7703.9,3531.0
2025-09-04 11:00:00+00:00,7703.6,7728.6,7702.9,7715.4,2561.0
2025-09-04 12:00:00+00:00,7715.6,7724.2,7689.2,7699.2,2753.0
2025-09-04 13:00:00+00:00,7698.2,7715.6,7692.4,7710.3,3842.0
2025-09-04 14:00:00+00:00,7710.0,7712.6,7686.8,7708.3,4120.0
2025-09-04 15:00:00+00:00,7708.6,7713.0,7696.6,7699.8,2554.0
2025-09-04 16:00:00+00:00,7699.6,7707.4,7697.8,7703.4,1189.0
2025-09-04 17:00:00+00:00,7703.1,7714.4,7703.1,7711.4,763.0
2025-09-04 18:00:00+00:00,7712.1,7716.4,7708.1,7714.4,703.0
2025-09-04 19:00:00+00:00,7714.1,7721.6,7713.1,7720.6,1059.0
2025-09-05 06:00:00+00:00,7728.4,7736.1,7721.4,7724.6,901.0
2025-09-05 07:00:00+00:00,7724.6,7733.3,7681.3,7722.8,5597.0
2025-09-05 08:00:00+00:00,7723.0,7723.0,7699.6,7701.8,3672.0
2025-09-05 09:00:00+00:00,7702.0,7711.3,7689.0,7708.8,2851.0
2025-09-05 10:00:00+00:00,7708.6,7712.0,7693.3,7696.3,2165.0
2025-09-05 11:00:00+00:00,7696.6,7723.6,7696.3,7717.3,1961.0
2025-09-05 12:00:00+00:00,7718.0,7719.3,7685.3,7713.8,3605.0
2025-09-05 13:00:00+00:00,7714.0,7721.8,7695.8,7704.8,5362.0
2025-09-05 14:00:00+00:00,7704.6,7706.3,7648.0,7651.3,10052.0
2025-09-05 15:00:00+00:00,7651.6,7681.4,7648.6,7664.6,5619.0
2025-09-05 16:00:00+00:00,7664.4,7676.6,7661.4,7671.4,3779.0
2025-09-05 17:00:00+00:00,7671.1,7672.6,7649.1,7655.4,3371.0
2025-09-05 18:00:00+00:00,7654.4,7671.8,7651.8,7671.4,2003.0
2025-09-05 19:00:00+00:00,7671.1,7682.8,7661.4,7678.6,1932.0
2025-09-08 06:00:00+00:00,7685.1,7722.8,7680.6,7705.1,988.0
2025-09-08 07:00:00+00:00,7705.0,7712.8,7686.3,7688.6,3981.0
2025-09-08 08:00:00+00:00,7689.3,7700.0,7681.3,7691.3,3016.0
2025-09-08 09:00:00+00:00,7692.0,7707.8,7688.0,7707.6,2117.0
2025-09-08 10:00:00+00:00,7707.8,7715.6,7703.8,7712.3,1831.0
2025-09-08 11:00:00+00:00,7712.6,7717.3,7699.6,7710.0,1657.0
2025-09-08 12:00:00+00:00,7710.3,7727.0,7699.0,7718.8,2114.0
2025-09-08 13:00:00+00:00,7718.6,7731.6,7709.8,7717.3,4068.0
2025-09-08 14:00:00+00:00,7717.0,7724.2,7710.6,7716.2,3534.0
2025-09-08 15:00:00+00:00,7717.0,7747.8,7716.0,7727.3,2836.0
2025-09-08 16:00:00+00:00,7727.0,7729.3,7720.8,7726.0,1627.0
2025-09-08 17:00:00+00:00,7726.3,7727.6,7720.8,7722.3,1375.0
2025-09-08 18:00:00+00:00,7723.0,7735.3,7721.0,7733.8,1028.0
2025-09-08 19:00:00+00:00,7733.6,7733.8,7721.0,7728.0,1303.0
2025-09-09 06:00:00+00:00,7719.6,7756.3,7718.3,7750.3,931.0
2025-09-09 07:00:00+00:00,7756.3,7793.5,7747.0,7771.0,4266.0
2025-09-09 08:00:00+00:00,7770.8,7774.0,7731.2,7736.5,3789.0
2025-09-09 09:00:00+00:00,7736.8,7749.8,7729.2,7748.8,2853.0
2025-09-09 10:00:00+00:00,7749.0,7771.2,7749.0,7765.8,2144.0
2025-09-09 11:00:00+00:00,7765.5,7767.2,7749.5,7757.3,1841.0
2025-09-09 12:00:00+00:00,7757.0,7771.6,7750.8,7750.8,2171.0
2025-09-09 13:00:00+00:00,7751.0,7764.0,7737.0,7754.6,5659.0
2025-09-09 14:00:00+00:00,7755.3,7762.6,7742.3,7750.3,5722.0
2025-09-09 15:00:00+00:00,7750.6,7760.6,7747.8,7756.4,2926.0
2025-09-09 16:00:00+00:00,7756.1,7762.1,7753.6,7760.4,1132.0
2025-09-09 17:00:00+00:00,7760.6,7774.8,7760.1,7774.8,1053.0
2025-09-09 18:00:00+00:00,7774.1,7779.6,7771.4,7779.1,925.0
2025-09-09 19:00:00+00:00,7778.1,7783.8,7774.8,7781.1,622.0
2025-09-10 06:00:00+00:00,7780.8,7792.8,7767.6,7786.8,811.0
2025-09-10 07:00:00+00:00,7786.6,7825.0,7760.0,7822.6,5868.0
2025-09-10 08:00:00+00:00,7822.3,7822.8,7754.6,7757.3,4589.0
2025-09-10 09:00:00+00:00,7757.0,7786.0,7752.6,7784.3,3219.0
2025-09-10 10:00:00+00:00,7784.6,7797.3,7774.8,7794.8,2127.0
2025-09-10 11:00:00+00:00,7795.6,7798.3,7781.3,7785.8,1793.0
2025-09-10 12:00:00+00:00,7786.0,7814.6,7777.0,7788.0,2602.0
2025-09-10 13:00:00+00:00,7788.3,7789.8,7762.8,7769.3,5119.0
2025-09-10 14:00:00+00:00,7769.0,7776.0,7753.3,7757.0,4271.0
2025-09-10 15:00:00+00:00,7756.8,7763.8,7750.0,7760.4,3162.0
2025-09-10 16:00:00+00:00,7760.1,7767.6,7753.4,7760.6,1457.0
2025-09-10 17:00:00+00:00,7760.4,7765.4,7753.4,7756.4,1505.0
2025-09-10 18:00:00+00:00,7756.1,7761.1,7750.6,7760.8,1808.0
2025-09-10 19:00:00+00:00,7760.6,7762.4,7748.8,7757.6,1728.0
2025-09-11 06:00:00+00:00,7750.1,7779.8,7750.1,7779.6,605.0
2025-09-11 07:00:00+00:00,7779.6,7803.6,7770.3,7802.6,4046.0
2025-09-11 08:00:00+00:00,7802.3,7824.6,7795.6,7806.3,3022.0
2025-09-11 09:00:00+00:00,7806.0,7819.0,7802.3,7811.8,2210.0
2025-09-11 10:00:00+00:00,7812.0,7832.3,7812.0,7828.0,1960.0
2025-09-11 11:00:00+00:00,7828.3,7833.2,7822.0,7825.0,2072.0
2025-09-11 12:00:00+00:00,7824.7,7841.2,7809.0,7836.2,4203.0
2025-09-11 13:00:00+00:00,7836.4,7851.0,7813.7,7848.0,4361.0
2025-09-11 14:00:00+00:00,7847.2,7849.2,7800.2,7812.2,4335.0
2025-09-11 15:00:00+00:00,7812.4,7834.8,7806.2,7833.5,2561.0
2025-09-11 16:00:00+00:00,7833.8,7839.2,7832.5,7837.8,1008.0
2025-09-11 17:00:00+00:00,7837.0,7841.8,7832.8,7841.0,953.0
2025-09-11 18:00:00+00:00,7841.8,7843.0,7837.2,7841.2,830.0
2025-09-11 19:00:00+00:00,7841.0,7851.0,7841.0,7850.8,772.0
2025-09-12 06:00:00+00:00,7848.5,7851.8,7825.0,7828.0,847.0
2025-09-12 07:00:00+00:00,7828.2,7840.2,7801.7,7803.0,4653.0
2025-09-12 08:00:00+00:00,7802.7,7809.0,7767.7,7787.7,4085.0
2025-09-12 09:00:00+00:00,7787.4,7800.4,7782.2,7788.0,2966.0
2025-09-12 10:00:00+00:00,7787.7,7794.7,7778.2,7790.2,2072.0
2025-09-12 11:00:00+00:00,7790.0,7797.7,7783.2,7797.0,1660.0
2025-09-12 12:00:00+00:00,7797.2,7818.0,7791.7,7813.7,1769.0
2025-09-12 13:00:00+00:00,7814.0,7840.7,7812.0,7839.2,2822.0
2025-09-12 14:00:00+00:00,7838.7,7843.0,7824.1,7825.1,2926.0
2025-09-12 15:00:00+00:00,7824.4,7828.8,7815.2,7826.9,2143.0
2025-09-12 16:00:00+00:00,7826.6,7831.4,7824.4,7829.2,741.0
2025-09-12 17:00:00+00:00,7829.4,7834.4,7826.9,7832.6,505.0
2025-09-12 18:00:00+00:00,7833.4,7841.2,7832.6,7836.9,546.0
2025-09-12 19:00:00+00:00,7836.6,7838.6,7827.9,7834.4,1148.0
2025-09-15 06:00:00+00:00,7839.2,7859.4,7833.6,7854.2,693.0
2025-09-15 07:00:00+00:00,7854.1,7910.1,7841.6,7910.1,2177.0
2025-09-15 08:00:00+00:00,7910.8,7930.1,7898.6,7908.6,2454.0
2025-09-15 09:00:00+00:00,7908.4,7911.6,7894.8,7898.6,1265.0
2025-09-15 10:00:00+00:00,7899.6,7917.4,7898.8,7915.1,1209.0
2025-09-15 11:00:00+00:00,7914.8,7932.4,7911.1,7930.6,1739.0
2025-09-15 12:00:00+00:00,7930.8,7937.1,7918.4,7918.8,1775.0
2025-09-15 13:00:00+00:00,7918.6,7920.1,7886.6,7892.4,3233.0
2025-09-15 14:00:00+00:00,7892.6,7912.8,7883.4,7902.4,2587.0
2025-09-15 15:00:00+00:00,7902.1,7908.1,7887.6,7892.4,2480.0
2025-09-15 16:00:00+00:00,7892.6,7894.4,7889.4,7890.2,1047.0
2025-09-15 17:00:00+00:00,7889.9,7897.9,7884.2,7895.9,1063.0
2025-09-15 18:00:00+00:00,7896.6,7896.9,7885.4,7890.6,1337.0
2025-09-15 19:00:00+00:00,7890.9,7897.4,7887.9,7897.4,1221.0
2025-09-16 06:00:00+00:00,7903.2,7912.6,7887.2,7887.2,641.0
2025-09-16 07:00:00+00:00,7887.1,7893.4,7860.1,7874.6,4939.0
2025-09-16 08:00:00+00:00,7875.4,7902.8,7871.1,7898.8,2815.0
2025-09-16 09:00:00+00:00,7899.1,7902.4,7880.8,7881.6,1950.0
2025-09-16 10:00:00+00:00,7881.4,7897.7,7876.4,7886.2,1840.0
2025-09-16 11:00:00+00:00,7887.4,7895.4,7879.7,7886.4,1980.0
2025-09-16 12:00:00+00:00,7886.2,7896.4,7866.0,7873.2,1658.0
2025-09-16 13:00:00+00:00,7873.0,7881.7,7841.4,7853.2,3720.0
2025-09-16 14:00:00+00:00,7853.4,7853.7,7829.2,7831.7,3564.0
2025-09-16 15:00:00+00:00,7832.7,7832.7,7811.2,7822.5,3133.0
2025-09-16 16:00:00+00:00,7822.2,7827.2,7819.0,7825.2,1729.0
2025-09-16 17:00:00+00:00,7824.2,7830.0,7822.2,7829.5,847.0
2025-09-16 18:00:00+00:00,7828.8,7833.5,7825.2,7832.8,928.0
2025-09-16 19:00:00+00:00,7832.5,7833.5,7826.8,7831.5,1107.0
2025-09-17 06:00:00+00:00,7839.8,7851.0,7831.2,7844.2,973.0
2025-09-17 07:00:00+00:00,7844.2,7849.0,7823.0,7826.4,4364.0
2025-09-17 08:00:00+00:00,7826.7,7832.4,7811.2,7824.2,2829.0
2025-09-17 09:00:00+00:00,7824.0,7826.2,7811.2,7818.2,2250.0
2025-09-17 10:00:00+00:00,7818.0,7821.7,7796.7,7801.2,1859.0
2025-09-17 11:00:00+00:00,7802.2,7803.2,7791.0,7798.7,1512.0
2025-09-17 12:00:00+00:00,7798.0,7816.7,7795.2,7813.2,1556.0
2025-09-17 13:00:00+00:00,7812.4,7816.7,7796.2,7809.2,2269.0
2025-09-17 14:00:00+00:00,7809.4,7813.0,7786.4,7787.4,2368.0
2025-09-17 15:00:00+00:00,7787.7,7797.8,7777.7,7795.5,1977.0
2025-09-17 16:00:00+00:00,7795.2,7796.2,7782.5,7786.8,1508.0
2025-09-17 17:00:00+00:00,7787.0,7794.0,7785.5,7789.8,918.0
2025-09-17 18:00:00+00:00,7791.2,7810.0,7764.0,7784.8,12096.0
2025-09-17 19:00:00+00:00,7784.0,7797.2,7780.5,7785.8,7993.0
2025-09-18 06:00:00+00:00,7801.2,7824.0,7789.8,7816.2,866.0
2025-09-18 07:00:00+00:00,7816.2,7861.2,7814.2,7858.5,4678.0
2025-09-18 08:00:00+00:00,7857.8,7888.0,7850.5,7884.5,3187.0
2025-09-18 09:00:00+00:00,7884.8,7888.8,7866.0,7873.3,2274.0
2025-09-18 10:00:00+00:00,7873.6,7890.0,7870.3,7875.3,1513.0
2025-09-18 11:00:00+00:00,7875.6,7895.3,7873.6,7885.0,2644.0
2025-09-18 12:00:00+00:00,7884.8,7885.3,7868.0,7872.6,1912.0
2025-09-18 13:00:00+00:00,7871.8,7873.3,7850.6,7864.3,4034.0
2025-09-18 14:00:00+00:00,7864.6,7882.6,7853.3,7859.3,2901.0
2025-09-18 15:00:00+00:00,7860.0,7870.4,7849.0,7858.4,3592.0
2025-09-18 16:00:00+00:00,7858.1,7877.4,7858.1,7877.1,2077.0
2025-09-18 17:00:00+00:00,7876.4,7879.4,7870.8,7873.4,1337.0
2025-09-18 18:00:00+00:00,7874.1,7882.1,7867.1,7880.6,1211.0
2025-09-18 19:00:00+00:00,7879.6,7881.6,7867.8,7876.8,1196.0
2025-09-19 06:00:00+00:00,7870.4,7884.4,7869.8,7874.8,724.0
2025-09-19 07:00:00+00:00,7876.4,7918.3,7872.3,7915.0,4480.0
2025-09-19 08:00:00+00:00,7914.8,7943.3,7912.8,7917.0,3261.0
2025-09-19 09:00:00+00:00,7916.8,7922.0,7886.8,7887.8,3883.0
2025-09-19 10:00:00+00:00,7888.0,7891.2,7873.6,7880.2,2308.0
2025-09-19 11:00:00+00:00,7880.4,7885.4,7870.4,7877.7,2127.0
2025-09-19 12:00:00+00:00,7877.4,7889.0,7872.4,7882.7,1851.0
2025-09-19 13:00:00+00:00,7883.0,7894.7,7875.2,7887.2,3557.0
2025-09-19 14:00:00+00:00,7887.0,7901.0,7879.2,7882.2,3431.0
2025-09-19 15:00:00+00:00,7881.2,7884.0,7853.0,7859.2,3064.0
2025-09-19 16:00:00+00:00,7859.5,7867.8,7859.0,7867.2,1566.0
2025-09-19 17:00:00+00:00,7866.5,7872.0,7862.5,7871.8,867.0
2025-09-19 18:00:00+00:00,7872.5,7873.8,7865.2,7873.2,1150.0
2025-09-19 19:00:00+00:00,7873.0,7884.2,7872.5,7879.5,1326.0
2025-09-22 06:00:00+00:00,7869.0,7870.6,7850.6,7859.3,1007.0
2025-09-22 07:00:00+00:00,7859.2,7859.8,7805.2,7840.0,5900.0
2025-09-22 08:00:00+00:00,7839.8,7856.5,7837.5,7845.5,3414.0
2025-09-22 09:00:00+00:00,7845.8,7851.0,7816.6,7819.6,2665.0
2025-09-22 10:00:00+00:00,7819.3,7849.8,7815.3,7839.0,1734.0
2025-09-22 11:00:00+00:00,7838.3,7852.3,7834.3,7844.3,1361.0
2025-09-22 12:00:00+00:00,7844.0,7852.8,7830.6,7833.3,1352.0
2025-09-22 13:00:00+00:00,7833.0,7841.3,7821.8,7833.8,2284.0
2025-09-22 14:00:00+00:00,7833.0,7834.3,7812.3,7833.8,3223.0
2025-09-22 15:00:00+00:00,7833.6,7842.6,7830.4,7834.4,1881.0
2025-09-22 16:00:00+00:00,7834.1,7849.6,7833.6,7849.4,1507.0
2025-09-22 17:00:00+00:00,7849.6,7858.8,7849.1,7855.8,750.0
2025-09-22 18:00:00+00:00,7855.6,7861.1,7852.8,7860.8,965.0
2025-09-22 19:00:00+00:00,7861.1,7863.8,7856.4,7857.1,786.0
2025-09-23 06:00:00+00:00,7854.6,7873.1,7849.4,7871.6,786.0
2025-09-23 07:00:00+00:00,7871.6,7896.3,7863.6,7893.0,5371.0
2025-09-23 08:00:00+00:00,7893.3,7921.3,7890.8,7914.0,3208.0
2025-09-23 09:00:00+00:00,7914.3,7915.0,7903.6,7910.6,2322.0
2025-09-23 10:00:00+00:00,7910.8,7910.8,7881.6,7894.3,2191.0
2025-09-23 11:00:00+00:00,7894.6,7907.6,7886.3,7907.2,1651.0
2025-09-23 12:00:00+00:00,7907.4,7918.6,7904.4,7917.9,1992.0
2025-09-23 13:00:00+00:00,7917.6,7927.2,7906.2,7926.4,3517.0
2025-09-23 14:00:00+00:00,7927.2,7927.6,7914.6,7916.6,3515.0
2025-09-23 15:00:00+00:00,7916.9,7916.9,7873.7,7879.4,2863.0
2025-09-23 16:00:00+00:00,7879.2,7887.7,7873.2,7884.4,1748.0
2025-09-23 17:00:00+00:00,7884.7,7886.0,7858.2,7864.0,3243.0
2025-09-23 18:00:00+00:00,7864.2,7872.0,7858.4,7862.2,2461.0
2025-09-23 19:00:00+00:00,7862.4,7866.2,7850.2,7862.7,1531.0
2025-09-24 06:00:00+00:00,7885.4,7889.7,7870.4,7883.0,850.0
2025-09-24 07:00:00+00:00,7883.2,7884.4,7838.2,7869.2,4920.0
2025-09-24 08:00:00+00:00,7868.9,7870.2,7859.9,7860.9,2240.0
2025-09-24 09:00:00+00:00,7860.2,7863.4,7850.6,7856.9,2008.0
2025-09-24 10:00:00+00:00,7857.2,7861.2,7847.9,7850.9,1487.0
2025-09-24 11:00:00+00:00,7851.2,7854.2,7816.6,7827.9,1720.0
2025-09-24 12:00:00+00:00,7826.9,7833.9,7819.9,7822.4,2417.0
2025-09-24 13:00:00+00:00,7822.2,7845.6,7815.4,7829.4,3228.0
2025-09-24 14:00:00+00:00,7829.6,7856.9,7829.4,7853.6,3269.0
2025-09-24 15:00:00+00:00,7853.9,7853.9,7831.0,7833.4,3378.0
2025-09-24 16:00:00+00:00,7833.2,7840.4,7828.4,7833.0,2239.0
2025-09-24 17:00:00+00:00,7833.2,7840.4,7827.4,7828.7,1788.0
2025-09-24 18:00:00+00:00,7829.0,7832.0,7825.2,7831.4,1603.0
2025-09-24 19:00:00+00:00,7831.2,7835.2,7827.0,7833.0,1191.0
2025-09-25 06:00:00+00:00,7836.2,7841.7,7800.7,7808.2,1133.0
2025-09-25 07:00:00+00:00,7808.2,7826.4,7774.2,7809.4,5898.0
2025-09-25 08:00:00+00:00,7809.6,7817.6,7777.6,7778.4,3336.0
2025-09-25 09:00:00+00:00,7778.6,7798.6,7771.9,7783.9,2877.0
2025-09-25 10:00:00+00:00,7784.9,7798.6,7777.2,7792.4,2038.0
2025-09-25 11:00:00+00:00,7792.6,7793.6,7764.6,7775.4,2880.0
2025-09-25 12:00:00+00:00,7775.2,7779.6,7764.4,7775.9,3003.0
2025-09-25 13:00:00+00:00,7775.6,7796.2,7775.4,7786.4,4866.0
2025-09-25 14:00:00+00:00,7786.6,7814.4,7786.4,7810.9,3958.0
2025-09-25 15:00:00+00:00,7810.6,7815.4,7783.6,7815.0,3119.0
2025-09-25 16:00:00+00:00,7814.2,7825.4,7809.4,7822.4,2263.0
2025-09-25 17:00:00+00:00,7822.2,7827.4,7809.4,7810.0,2864.0
2025-09-25 18:00:00+00:00,7808.7,7823.0,7796.2,7821.4,2853.0
2025-09-25 19:00:00+00:00,7821.2,7832.0,7815.4,7829.4,1777.0
2025-09-26 06:00:00+00:00,7814.0,7833.0,7809.3,7817.6,1263.0
2025-09-26 07:00:00+00:00,7817.8,7872.8,7816.8,7858.8,5379.0
2025-09-26 08:00:00+00:00,7859.0,7867.2,7829.0,7829.5,3137.0
2025-09-26 09:00:00+00:00,7828.8,7839.5,7824.2,7830.8,2657.0
2025-09-26 10:00:00+00:00,7830.5,7836.8,7823.8,7828.5,1612.0
2025-09-26 11:00:00+00:00,7828.8,7859.8,7826.2,7856.2,1686.0
2025-09-26 12:00:00+00:00,7856.0,7879.2,7849.8,7871.2,2430.0
2025-09-26 13:00:00+00:00,7871.4,7873.9,7843.9,7870.9,3729.0
2025-09-26 14:00:00+00:00,7871.9,7874.9,7855.9,7863.9,4743.0
2025-09-26 15:00:00+00:00,7863.6,7882.2,7859.6,7869.7,3094.0
2025-09-26 16:00:00+00:00,7870.0,7883.0,7864.4,7882.0,2926.0
2025-09-26 17:00:00+00:00,7882.2,7882.4,7873.0,7879.0,1511.0
2025-09-26 18:00:00+00:00,7878.7,7884.7,7873.2,7881.2,1459.0
2025-09-26 19:00:00+00:00,7880.4,7884.0,7877.2,7882.7,970.0
2025-09-29 06:00:00+00:00,7901.4,7924.7,7897.2,7909.0,1230.0
2025-09-29 07:00:00+00:00,7909.2,7910.2,7878.2,7883.2,5420.0
2025-09-29 08:00:00+00:00,7882.9,7899.0,7875.9,7889.2,3115.0
2025-09-29 09:00:00+00:00,7889.0,7897.8,7875.5,7878.8,2254.0
2025-09-29 10:00:00+00:00,7879.0,7897.2,7875.0,7879.8,1593.0
2025-09-29 11:00:00+00:00,7879.5,7896.5,7872.8,7895.2,1563.0
2025-09-29 12:00:00+00:00,7895.5,7897.0,7887.0,7887.8,2000.0
2025-09-29 13:00:00+00:00,7888.0,7892.0,7877.2,7881.5,3442.0
2025-09-29 14:00:00+00:00,7882.8,7902.0,7881.2,7897.2,2631.0
2025-09-29 15:00:00+00:00,7897.0,7903.8,7880.0,7884.8,2748.0
2025-09-29 16:00:00+00:00,7884.6,7889.3,7880.8,7888.0,1364.0
2025-09-29 17:00:00+00:00,7887.8,7887.8,7879.8,7883.0,970.0
2025-09-29 18:00:00+00:00,7882.8,7891.8,7881.0,7888.8,709.0
2025-09-29 19:00:00+00:00,7888.6,7888.8,7880.6,7888.8,1047.0
2025-09-30 06:00:00+00:00,7885.3,7901.8,7876.0,7876.3,759.0
2025-09-30 07:00:00+00:00,7876.2,7876.2,7833.0,7842.0,4086.0
2025-09-30 08:00:00+00:00,7840.5,7866.0,7832.8,7858.8,3085.0
2025-09-30 09:00:00+00:00,7858.5,7866.5,7853.5,7857.0,1990.0
2025-09-30 10:00:00+00:00,7857.2,7864.0,7849.5,7857.2,1497.0
2025-09-30 11:00:00+00:00,7857.0,7863.8,7852.2,7859.0,1118.0
2025-09-30 12:00:00+00:00,7859.8,7873.5,7855.2,7871.2,2152.0
2025-09-30 13:00:00+00:00,7871.5,7880.5,7863.5,7873.2,3747.0
2025-09-30 14:00:00+00:00,7874.8,7875.0,7856.2,7872.2,3738.0
2025-09-30 15:00:00+00:00,7872.0,7913.3,7871.8,7909.3,3932.0
2025-09-30 16:00:00+00:00,7909.6,7926.0,7909.6,7914.0,1991.0
2025-09-30 17:00:00+00:00,7914.3,7919.0,7906.6,7913.0,1360.0
2025-09-30 18:00:00+00:00,7912.8,7922.0,7912.8,7920.0,1193.0
2025-09-30 19:00:00+00:00,7920.8,7935.0,7918.6,7927.3,1039.0
2025-10-01 06:00:00+00:00,7897.0,7907.2,7886.0,7900.5,1455.0
2025-10-01 07:00:00+00:00,7900.4,7907.7,7879.2,7890.2,4882.0
2025-10-01 08:00:00+00:00,7889.4,7907.7,7865.7,7894.0,3538.0
2025-10-01 09:00:00+00:00,7893.7,7930.4,7893.0,7921.2,2861.0
2025-10-01 10:00:00+00:00,7921.0,7936.7,7921.0,7931.2,1911.0
2025-10-01 11:00:00+00:00,7932.0,7937.4,7919.0,7937.4,1961.0
2025-10-01 12:00:00+00:00,7937.2,7942.0,7922.0,7938.4,2844.0
2025-10-01 13:00:00+00:00,7938.2,7968.7,7936.0,7967.2,3840.0
2025-10-01 14:00:00+00:00,7968.7,7979.2,7960.4,7969.7,3460.0
2025-10-01 15:00:00+00:00,7969.4,7988.2,7965.4,7978.5,3004.0
2025-10-01 16:00:00+00:00,7978.2,7993.2,7978.0,7986.8,1405.0
2025-10-01 17:00:00+00:00,7986.5,8007.5,7985.0,8004.8,1262.0
2025-10-01 18:00:00+00:00,8005.5,8011.5,8001.0,8007.0,1042.0
2025-10-01 19:00:00+00:00,8006.8,8009.5,7994.8,7996.2,866.0
2025-10-02 06:00:00+00:00,8012.5,8023.0,8000.5,8017.5,912.0
2025-10-02 07:00:00+00:00,8017.8,8048.7,8014.2,8029.2,6966.0
2025-10-02 08:00:00+00:00,8029.0,8061.4,8028.7,8061.2,4028.0
2025-10-02 09:00:00+00:00,8061.0,8061.7,8043.7,8056.2,3287.0
2025-10-02 10:00:00+00:00,8056.4,8070.9,8052.2,8070.6,2060.0
2025-10-02 11:00:00+00:00,8070.4,8084.9,8062.2,8078.9,2033.0
2025-10-02 12:00:00+00:00,8079.2,8090.9,8069.4,8074.9,2230.0
2025-10-02 13:00:00+00:00,8075.2,8088.4,8074.6,8076.4,4524.0
2025-10-02 14:00:00+00:00,8076.2,8077.2,8052.2,8054.9,4279.0
2025-10-02 15:00:00+00:00,8054.6,8067.4,8049.6,8064.2,3431.0
2025-10-02 16:00:00+00:00,8064.0,8074.2,8062.2,8071.7,1540.0
2025-10-02 17:00:00+00:00,8071.4,8081.2,8068.0,8081.0,893.0
2025-10-02 18:00:00+00:00,8081.2,8091.7,8080.4,8085.0,806.0
2025-10-02 19:00:00+00:00,8085.2,8089.2,8074.2,8075.4,905.0
2025-10-03 06:00:00+00:00,8082.0,8098.7,8077.0,8094.0,871.0
2025-10-03 07:00:00+00:00,8094.2,8100.2,8076.9,8089.2,4323.0
2025-10-03 08:00:00+00:00,8088.4,8098.6,8072.4,8075.6,2570.0
2025-10-03 09:00:00+00:00,8075.4,8082.4,8071.6,8079.4,2038.0
2025-10-03 10:00:00+00:00,8079.2,8086.6,8073.4,8080.9,1324.0
2025-10-03 11:00:00+00:00,8080.6,8082.2,8045.9,8049.9,1681.0
2025-10-03 12:00:00+00:00,8049.2,8054.4,8041.8,8044.8,1446.0
2025-10-03 13:00:00+00:00,8044.6,8063.8,8044.6,8062.6,2362.0
2025-10-03 14:00:00+00:00,8062.8,8077.6,8057.8,8077.3,2781.0
2025-10-03 15:00:00+00:00,8077.0,8089.1,8068.8,8087.6,2118.0
2025-10-03 16:00:00+00:00,8086.4,8087.1,8081.6,8083.8,779.0
2025-10-03 17:00:00+00:00,8083.6,8083.6,8066.1,8068.8,2546.0
2025-10-03 18:00:00+00:00,8068.6,8079.8,8065.6,8075.4,2559.0
2025-10-03 19:00:00+00:00,8075.6,8080.1,8073.6,8077.1,1533.0
2025-10-06 06:00:00+00:00,8075.1,8079.8,8041.8,8044.4,1204.0
2025-10-06 07:00:00+00:00,8045.6,8046.3,7913.0,7921.0,9462.0
2025-10-06 08:00:00+00:00,7921.3,7945.6,7907.6,7945.6,6730.0
2025-10-06 09:00:00+00:00,7944.0,7967.0,7940.8,7953.3,3380.0
2025-10-06 10:00:00+00:00,7953.0,7972.8,7950.8,7971.6,2200.0
2025-10-06 11:00:00+00:00,7971.3,7988.3,7970.0,7984.8,2296.0
2025-10-06 12:00:00+00:00,7984.6,7988.3,7962.8,7974.8,2211.0
2025-10-06 13:00:00+00:00,7975.0,7991.8,7967.6,7970.8,4285.0
2025-10-06 14:00:00+00:00,7971.8,7988.3,7960.3,7974.0,3869.0
2025-10-06 15:00:00+00:00,7973.8,7983.8,7966.1,7983.4,3119.0
2025-10-06 16:00:00+00:00,7983.1,7997.6,7979.8,7995.1,1738.0
2025-10-06 17:00:00+00:00,7994.8,8002.6,7993.1,8001.1,1291.0
2025-10-06 18:00:00+00:00,8000.8,8002.8,7988.8,7991.4,912.0
2025-10-06 19:00:00+00:00,7991.1,7997.4,7986.1,7989.4,1143.0
2025-10-07 06:00:00+00:00,7972.2,7982.0,7961.2,7975.2,799.0
2025-10-07 07:00:00+00:00,7975.2,7975.9,7934.2,7935.4,5043.0
2025-10-07 08:00:00+00:00,7935.7,7972.0,7934.2,7971.7,3206.0
2025-10-07 09:00:00+00:00,7972.0,7987.0,7966.4,7985.0,2076.0
2025-10-07 10:00:00+00:00,7985.7,8006.0,7981.7,8000.7,1965.0
2025-10-07 11:00:00+00:00,8000.4,8007.2,7989.2,7996.0,1736.0
2025-10-07 12:00:00+00:00,7995.7,7998.0,7980.2,7985.0,1977.0
2025-10-07 13:00:00+00:00,7985.2,7996.4,7980.0,7987.2,3255.0
2025-10-07 14:00:00+00:00,7985.4,7988.4,7972.7,7977.4,3460.0
2025-10-07 15:00:00+00:00,7977.2,7983.7,7966.0,7972.8,4362.0
2025-10-07 16:00:00+00:00,7973.0,7980.8,7960.8,7972.5,3149.0
2025-10-07 17:00:00+00:00,7972.2,7978.8,7964.8,7964.8,1855.0
2025-10-07 18:00:00+00:00,7964.5,7966.8,7959.0,7961.8,997.0
2025-10-07 19:00:00+00:00,7962.0,7971.0,7958.8,7964.0,998.0
2025-10-08 06:00:00+00:00,7978.0,7994.2,7973.0,7983.0,1030.0
2025-10-08 07:00:00+00:00,7983.0,8028.7,7978.7,8021.0,5712.0
2025-10-08 08:00:00+00:00,8021.7,8044.7,8014.0,8024.2,3578.0
2025-10-08 09:00:00+00:00,8024.4,8036.7,8014.7,8021.7,2501.0
2025-10-08 10:00:00+00:00,8022.4,8048.2,8016.0,8043.2,2081.0
2025-10-08 11:00:00+00:00,8043.0,8049.2,8038.4,8044.6,1903.0
2025-10-08 12:00:00+00:00,8043.8,8054.6,8039.4,8053.4,2077.0
2025-10-08 13:00:00+00:00,8053.6,8057.4,8038.6,8046.1,2754.0
2025-10-08 14:00:00+00:00,8047.1,8064.1,8041.8,8061.4,2879.0
2025-10-08 15:00:00+00:00,8061.6,8072.8,8053.2,8055.2,2099.0
2025-10-08 16:00:00+00:00,8055.4,8062.4,8052.4,8057.2,774.0
2025-10-08 17:00:00+00:00,8057.9,8059.6,8053.6,8056.6,808.0
2025-10-08 18:00:00+00:00,8057.9,8067.2,8050.6,8055.6,1408.0
2025-10-08 19:00:00+00:00,8054.9,8063.6,8054.6,8061.2,906.0
2025-10-09 06:00:00+00:00,8067.2,8080.9,8059.9,8073.2,1060.0
2025-10-09 07:00:00+00:00,8073.1,8089.8,8063.1,8066.6,5999.0
2025-10-09 08:00:00+00:00,8067.4,8079.6,8053.6,8060.6,3625.0
2025-10-09 09:00:00+00:00,8060.4,8087.4,8052.8,8068.1,3096.0
2025-10-09 10:00:00+00:00,8069.1,8084.4,8064.8,8082.6,2498.0
2025-10-09 11:00:00+00:00,8081.8,8111.4,8080.4,8104.1,2046.0
2025-10-09 12:00:00+00:00,8103.8,8106.4,8087.4,8092.6,1741.0
2025-10-09 13:00:00+00:00,8092.8,8093.1,8056.6,8058.1,3685.0
2025-10-09 14:00:00+00:00,8057.8,8070.4,8047.1,8053.6,3551.0
2025-10-09 15:00:00+00:00,8053.4,8056.4,8035.9,8047.6,3119.0
2025-10-09 16:00:00+00:00,8047.9,8053.2,8034.2,8035.6,2018.0
2025-10-09 17:00:00+00:00,8035.4,8042.4,8028.9,8041.9,2921.0
2025-10-09 18:00:00+00:00,8042.6,8042.9,8029.4,8033.6,1914.0
2025-10-09 19:00:00+00:00,8033.9,8040.4,8031.9,8035.2,1113.0
2025-10-10 06:00:00+00:00,8053.2,8068.4,8048.6,8050.2,1412.0
2025-10-10 07:00:00+00:00,8050.4,8078.4,8049.4,8076.4,4427.0
2025-10-10 08:00:00+00:00,8076.1,8084.1,8057.8,8065.1,3066.0
2025-10-10 09:00:00+00:00,8064.8,8066.1,8036.6,8037.4,2896.0
2025-10-10 10:00:00+00:00,8036.6,8061.8,8034.6,8058.8,1892.0
2025-10-10 11:00:00+00:00,8058.6,8063.4,8039.1,8046.6,1523.0
2025-10-10 12:00:00+00:00,8046.8,8047.1,8022.6,8034.4,1814.0
2025-10-10 13:00:00+00:00,8034.6,8040.4,8023.6,8028.8,3102.0
2025-10-10 14:00:00+00:00,8029.1,8034.1,7970.6,7989.1,5067.0
2025-10-10 15:00:00+00:00,7988.8,7989.8,7899.2,7921.9,24004.0
2025-10-10 16:00:00+00:00,7921.2,7931.2,7905.2,7906.6,8051.0
2025-10-10 17:00:00+00:00,7905.9,7910.6,7890.4,7902.6,5377.0
2025-10-10 18:00:00+00:00,7902.9,7909.2,7879.4,7881.9,4189.0
2025-10-10 19:00:00+00:00,7881.6,7891.4,7863.9,7877.4,3670.0
2025-10-13 06:00:00+00:00,7939.6,7956.6,7935.9,7956.6,1649.0
2025-10-13 07:00:00+00:00,7956.9,7996.4,7945.4,7981.1,6876.0
2025-10-13 08:00:00+00:00,7980.4,7982.8,7951.6,7967.4,3877.0
2025-10-13 09:00:00+00:00,7967.1,7972.1,7951.4,7955.4,2913.0
2025-10-13 10:00:00+00:00,7955.6,7961.8,7945.1,7947.6,2135.0
2025-10-13 11:00:00+00:00,7947.4,7958.1,7927.1,7940.1,3918.0
2025-10-13 12:00:00+00:00,7939.8,7940.8,7924.1,7925.1,2947.0
2025-10-13 13:00:00+00:00,7924.8,7934.6,7902.1,7920.6,6076.0
2025-10-13 14:00:00+00:00,7920.8,7928.6,7900.8,7911.6,5556.0
2025-10-13 15:00:00+00:00,7911.4,7942.9,7909.1,7932.4,3537.0
2025-10-13 16:00:00+00:00,7932.2,7939.2,7926.6,7933.9,2146.0
2025-10-13 17:00:00+00:00,7934.2,7937.4,7922.9,7926.6,1581.0
2025-10-13 18:00:00+00:00,7925.9,7935.4,7921.9,7922.4,1222.0
2025-10-13 19:00:00+00:00,7922.6,7935.2,7921.6,7933.2,1282.0
2025-10-14 06:00:00+00:00,7881.4,7884.9,7867.4,7875.9,1593.0
2025-10-14 07:00:00+00:00,7875.6,7878.8,7839.6,7870.1,9154.0
2025-10-14 08:00:00+00:00,7869.4,7883.6,7861.6,7879.8,4336.0
2025-10-14 09:00:00+00:00,7880.1,7890.6,7860.1,7861.8,2902.0
2025-10-14 10:00:00+00:00,7862.1,7869.8,7822.4,7835.6,4076.0
2025-10-14 11:00:00+00:00,7835.8,7869.1,7832.6,7858.8,3491.0
2025-10-14 12:00:00+00:00,7858.1,7858.4,7840.7,7856.7,2715.0
2025-10-14 13:00:00+00:00,7856.4,7915.2,7856.4,7909.2,6690.0
2025-10-14 14:00:00+00:00,7909.0,7935.2,7905.0,7924.7,4891.0
2025-10-14 15:00:00+00:00,7925.0,7991.2,7919.2,7990.8,4422.0
2025-10-14 16:00:00+00:00,7991.0,8038.5,7983.0,8035.0,4021.0
2025-10-14 17:00:00+00:00,8035.2,8055.0,8029.5,8050.8,3067.0
2025-10-14 18:00:00+00:00,8050.5,8055.0,8043.8,8052.5,2283.0
2025-10-14 19:00:00+00:00,8052.8,8057.5,8030.2,8040.8,3151.0
2025-10-15 06:00:00+00:00,8065.8,8094.8,8056.2,8094.8,1543.0
2025-10-15 07:00:00+00:00,8094.7,8127.2,8089.2,8118.2,7800.0
2025-10-15 08:00:00+00:00,8119.0,8132.7,8093.7,8102.7,3807.0
2025-10-15 09:00:00+00:00,8102.4,8130.7,8098.2,8124.4,3434.0
2025-10-15 10:00:00+00:00,8125.2,8128.7,8104.2,8104.2,2271.0
2025-10-15 11:00:00+00:00,8104.4,8113.7,8076.0,8096.2,2554.0
2025-10-15 12:00:00+00:00,8096.0,8111.2,8087.2,8094.2,2681.0
2025-10-15 13:00:00+00:00,8094.4,8097.2,8076.2,8089.7,4459.0
2025-10-15 14:00:00+00:00,8090.7,8103.4,8082.2,8088.7,3399.0
2025-10-15 15:00:00+00:00,8089.0,8100.5,8058.8,8060.5,4757.0
2025-10-15 16:00:00+00:00,8060.2,8069.5,8052.0,8062.8,4628.0
2025-10-15 17:00:00+00:00,8063.5,8063.5,8018.5,8055.0,5354.0
2025-10-15 18:00:00+00:00,8055.2,8065.0,8050.5,8063.2,2245.0
2025-10-15 19:00:00+00:00,8063.0,8070.2,8058.2,8069.0,1909.0
2025-10-16 06:00:00+00:00,8074.8,8100.0,8073.2,8090.8,1214.0
2025-10-16 07:00:00+00:00,8090.5,8097.4,8049.7,8074.2,6114.0
2025-10-16 08:00:00+00:00,8074.0,8090.7,8070.7,8088.4,3585.0
2025-10-16 09:00:00+00:00,8088.2,8141.4,8086.7,8137.9,2956.0
2025-10-16 10:00:00+00:00,8138.2,8143.4,8122.6,8129.9,2031.0
2025-10-16 11:00:00+00:00,8129.6,8149.4,8129.6,8143.9,1586.0
2025-10-16 12:00:00+00:00,8145.2,8165.2,8139.6,8161.0,1709.0
2025-10-16 13:00:00+00:00,8160.8,8168.8,8139.5,8144.8,3844.0
2025-10-16 14:00:00+00:00,8146.2,8171.5,8138.2,8168.8,4918.0
2025-10-16 15:00:00+00:00,8169.0,8214.8,8167.0,8199.0,5150.0
2025-10-16 16:00:00+00:00,8198.8,8221.6,8166.8,8208.6,5927.0
2025-10-16 17:00:00+00:00,8208.3,8222.0,8194.3,8210.3,3332.0
2025-10-16 18:00:00+00:00,8210.6,8210.8,8161.0,8187.6,4673.0
2025-10-16 19:00:00+00:00,8188.6,8198.0,8163.3,8179.3,3413.0
2025-10-17 06:00:00+00:00,8154.6,8163.0,8091.8,8111.8,2245.0
2025-10-17 07:00:00+00:00,8111.8,8128.5,8081.0,8110.2,11170.0
2025-10-17 08:00:00+00:00,8110.0,8138.5,8093.5,8114.5,6857.0
2025-10-17 09:00:00+00:00,8113.5,8144.5,8113.2,8136.8,5090.0
2025-10-17 10:00:00+00:00,8137.0,8145.5,8119.5,8143.0,4493.0
2025-10-17 11:00:00+00:00,8143.8,8187.0,8140.8,8178.0,6262.0
2025-10-17 12:00:00+00:00,8177.8,8201.8,8175.2,8192.5,3910.0
2025-10-17 13:00:00+00:00,8192.8,8219.2,8176.8,8210.0,6824.0
2025-10-17 14:00:00+00:00,8209.8,8228.0,8185.0,8188.8,8189.0
2025-10-17 15:00:00+00:00,8189.0,8203.8,8171.0,8200.8,7037.0
2025-10-17 16:00:00+00:00,8201.0,8207.3,8192.3,8196.8,4122.0
2025-10-17 17:00:00+00:00,8196.6,8197.6,8184.3,8197.0,4328.0
2025-10-17 18:00:00+00:00,8196.8,8222.0,8196.8,8220.0,1945.0
2025-10-17 19:00:00+00:00,8219.8,8229.8,8219.8,8223.3,1363.0
2025-10-20 06:00:00+00:00,8223.3,8232.0,8212.0,8214.0,1448.0
2025-10-20 07:00:00+00:00,8213.3,8244.9,8199.5,8241.6,4886.0
2025-10-20 08:00:00+00:00,8241.9,8241.9,8164.9,8166.9,4276.0
2025-10-20 09:00:00+00:00,8166.6,8177.9,8153.9,8166.9,5071.0
2025-10-20 10:00:00+00:00,8166.6,8181.9,8166.4,8174.9,3231.0
2025-10-20 11:00:00+00:00,8173.4,8178.4,8162.6,8171.4,2262.0
2025-10-20 12:00:00+00:00,8171.6,8187.2,8171.6,8186.6,2328.0
2025-10-20 13:00:00+00:00,8186.4,8202.2,8185.6,8197.9,3303.0
2025-10-20 14:00:00+00:00,8198.6,8218.2,8198.2,8207.6,3091.0
2025-10-20 15:00:00+00:00,8207.4,8221.0,8204.9,8212.4,3155.0
2025-10-20 16:00:00+00:00,8213.2,8218.7,8210.0,8216.0,1186.0
2025-10-20 17:00:00+00:00,8216.2,8224.0,8216.2,8224.0,513.0
2025-10-20 18:00:00+00:00,8223.7,8229.7,8223.4,8225.4,608.0
2025-10-20 19:00:00+00:00,8225.2,8228.4,8219.7,8223.2,741.0
2025-10-21 06:00:00+00:00,8221.4,8230.0,8212.2,8218.4,687.0
2025-10-21 07:00:00+00:00,8225.4,8233.2,8202.4,8228.4,4561.0
2025-10-21 08:00:00+00:00,8228.2,8232.6,8209.4,8211.9,2987.0
2025-10-21 09:00:00+00:00,8211.6,8224.9,8211.6,8221.6,1734.0
2025-10-21 10:00:00+00:00,8221.9,8239.6,8217.4,8239.2,2162.0
2025-10-21 11:00:00+00:00,8239.4,8257.9,8238.6,8252.9,2044.0
2025-10-21 12:00:00+00:00,8252.6,8254.9,8240.4,8247.9,1961.0
2025-10-21 13:00:00+00:00,8248.2,8252.2,8234.6,8238.2,3902.0
2025-10-21 14:00:00+00:00,8237.9,8255.9,8227.9,8251.9,3725.0
2025-10-21 15:00:00+00:00,8251.6,8277.2,8251.2,8270.2,2868.0
2025-10-21 16:00:00+00:00,8266.4,8268.7,8242.7,8244.0,2101.0
2025-10-21 17:00:00+00:00,8243.7,8248.7,8236.0,8245.7,1733.0
2025-10-21 18:00:00+00:00,8246.0,8247.2,8236.2,8238.4,1035.0
2025-10-21 19:00:00+00:00,8238.2,8241.4,8225.7,8225.7,751.0
2025-10-22 06:00:00+00:00,8213.2,8239.7,8211.2,8225.4,754.0
2025-10-22 07:00:00+00:00,8227.2,8236.6,8197.6,8223.4,6497.0
2025-10-22 08:00:00+00:00,8223.6,8224.6,8196.2,8216.2,3511.0
2025-10-22 09:00:00+00:00,8215.9,8229.9,8208.6,8229.4,2702.0
2025-10-22 10:00:00+00:00,8229.2,8253.2,8229.2,8246.4,2758.0
2025-10-22 11:00:00+00:00,8246.2,8249.9,8231.2,8235.4,2041.0
2025-10-22 12:00:00+00:00,8235.2,8247.6,8232.6,8243.4,1706.0
2025-10-22 13:00:00+00:00,8243.2,8245.4,8222.9,8226.4,3809.0
2025-10-22 14:00:00+00:00,8226.2,8231.2,8206.4,8221.4,5201.0
2025-10-22 15:00:00+00:00,8220.6,8230.7,8197.9,8220.7,4027.0
2025-10-22 16:00:00+00:00,8221.0,8224.0,8169.4,8209.4,7277.0
2025-10-22 17:00:00+00:00,8209.2,8211.2,8172.2,8181.2,2645.0
2025-10-22 18:00:00+00:00,8181.4,8192.7,8172.0,8190.7,3432.0
2025-10-22 19:00:00+00:00,8191.0,8205.0,8182.2,8200.0,1857.0
2025-10-23 06:00:00+00:00,8206.2,8215.4,8195.0,8211.2,769.0
2025-10-23 07:00:00+00:00,8211.2,8254.2,8194.6,8252.9,5450.0
2025-10-23 08:00:00+00:00,8254.2,8254.9,8216.9,8225.2,3183.0
2025-10-23 09:00:00+00:00,8225.4,8237.2,8224.2,8235.9,2361.0
2025-10-23 10:00:00+00:00,8235.6,8249.6,8229.4,8248.2,2415.0
2025-10-23 11:00:00+00:00,8246.6,8257.4,8230.4,8231.4,2124.0
2025-10-23 12:00:00+00:00,8230.6,8247.4,8224.9,8246.4,2164.0
2025-10-23 13:00:00+00:00,8245.6,8260.2,8240.2,8246.9,3974.0
2025-10-23 14:00:00+00:00,8248.9,8249.2,8230.6,8238.6,3304.0
2025-10-23 15:00:00+00:00,8238.4,8241.6,8220.2,8235.4,3031.0
2025-10-23 16:00:00+00:00,8235.7,8235.7,8226.7,8232.2,1187.0
2025-10-23 17:00:00+00:00,8232.4,8248.4,8224.7,8247.4,1437.0
2025-10-23 18:00:00+00:00,8248.2,8249.4,8242.7,8248.0,466.0
2025-10-23 19:00:00+00:00,8248.2,8248.7,8235.7,8240.7,467.0
2025-10-24 06:00:00+00:00,8268.7,8275.4,8261.7,8267.2,670.0
2025-10-24 07:00:00+00:00,8267.2,8268.9,8199.9,8205.4,4817.0
2025-10-24 08:00:00+00:00,8205.2,8208.2,8180.2,8185.9,3819.0
2025-10-24 09:00:00+00:00,8185.6,8205.9,8176.6,8202.4,2419.0
2025-10-24 10:00:00+00:00,8202.2,8202.4,8183.2,8186.0,1700.0
2025-10-24 11:00:00+00:00,8185.8,8191.2,8171.2,8174.2,1908.0
2025-10-24 12:00:00+00:00,8174.5,8204.8,8174.2,8186.5,3421.0
2025-10-24 13:00:00+00:00,8186.2,8214.8,8185.0,8208.2,4401.0
2025-10-24 14:00:00+00:00,8209.5,8216.2,8197.8,8209.0,3082.0
2025-10-24 15:00:00+00:00,8208.8,8233.3,8204.2,8224.6,2592.0
2025-10-24 16:00:00+00:00,8224.8,8226.8,8212.6,8220.6,1274.0
2025-10-24 17:00:00+00:00,8220.3,8224.0,8215.6,8216.3,568.0
2025-10-24 18:00:00+00:00,8215.6,8220.6,8211.8,8220.0,760.0
2025-10-24 19:00:00+00:00,8219.0,8221.6,8212.8,8214.8,564.0
2025-10-27 07:00:00+00:00,8259.6,8275.0,8246.3,8246.6,761.0
2025-10-27 08:00:00+00:00,8246.5,8247.8,8207.2,8228.0,4825.0
2025-10-27 09:00:00+00:00,8229.0,8230.0,8204.0,8222.5,2387.0
2025-10-27 10:00:00+00:00,8222.8,8239.0,8219.0,8234.5,1590.0
2025-10-27 11:00:00+00:00,8233.8,8237.0,8211.0,8216.0,1459.0
2025-10-27 12:00:00+00:00,8216.8,8222.0,8209.8,8217.0,1196.0
2025-10-27 13:00:00+00:00,8217.2,8235.5,8209.8,8232.0,2187.0
2025-10-27 14:00:00+00:00,8231.8,8256.2,8231.2,8254.8,2105.0
2025-10-27 15:00:00+00:00,8254.5,8255.2,8231.8,8232.2,1905.0
2025-10-27 16:00:00+00:00,8232.5,8247.6,8232.5,8244.6,1739.0
2025-10-27 17:00:00+00:00,8245.6,8245.6,8232.0,8235.0,513.0
2025-10-27 18:00:00+00:00,8235.3,8238.8,8232.3,8233.8,316.0
2025-10-27 19:00:00+00:00,8233.6,8241.0,8231.8,8238.0,441.0
2025-10-27 20:00:00+00:00,8238.3,8246.3,8236.0,8246.3,80.0
2025-10-28 07:00:00+00:00,8228.0,8234.6,8206.8,8218.8,990.0
2025-10-28 08:00:00+00:00,8220.3,8243.0,8210.0,8229.2,4675.0
2025-10-28 09:00:00+00:00,8229.0,8247.0,8220.2,8220.8,2734.0
2025-10-28 10:00:00+00:00,8221.0,8239.0,8221.0,8233.5,2102.0
2025-10-28 11:00:00+00:00,8233.2,8239.0,8227.0,8235.0,1506.0
2025-10-28 12:00:00+00:00,8234.8,8242.0,8222.5,8224.8,1275.0
2025-10-28 13:00:00+00:00,8224.5,8236.0,8211.5,8214.5,2398.0
2025-10-28 14:00:00+00:00,8214.8,8241.8,8213.0,8232.5,2499.0
2025-10-28 15:00:00+00:00,8233.2,8234.2,8208.8,8214.5,2135.0
2025-10-28 16:00:00+00:00,8214.8,8229.8,8213.0,8221.8,2100.0
2025-10-28 17:00:00+00:00,8222.0,8225.6,8218.0,8222.3,1155.0
2025-10-28 18:00:00+00:00,8222.6,8224.3,8215.6,8219.8,624.0
2025-10-28 19:00:00+00:00,8219.0,8220.3,8208.0,8209.0,685.0
2025-10-28 20:00:00+00:00,8208.8,8218.3,8207.6,8216.8,153.0
2025-10-29 07:00:00+00:00,8213.8,8216.8,8200.3,8213.6,486.0
2025-10-29 08:00:00+00:00,8213.8,8229.0,8193.5,8209.0,4333.0
2025-10-29 09:00:00+00:00,8208.8,8226.2,8207.8,8216.2,2581.0
2025-10-29 10:00:00+00:00,8216.5,8226.5,8213.5,8223.5,2139.0
2025-10-29 11:00:00+00:00,8223.2,8229.2,8215.5,8222.8,1749.0
2025-10-29 12:00:00+00:00,8222.5,8228.5,8212.0,8214.5,1319.0
2025-10-29 13:00:00+00:00,8213.5,8213.5,8189.2,8197.6,2628.0
2025-10-29 14:00:00+00:00,8197.3,8208.3,8187.8,8207.3,3354.0
2025-10-29 15:00:00+00:00,8207.0,8216.3,8200.6,8200.8,2723.0
2025-10-29 16:00:00+00:00,8200.0,8211.2,8194.5,8210.2,2329.0
2025-10-29 17:00:00+00:00,8210.5,8220.8,8207.8,8211.5,1038.0
2025-10-29 18:00:00+00:00,8211.8,8218.8,8161.8,8200.5,6384.0
2025-10-29 19:00:00+00:00,8201.2,8207.5,8183.8,8198.8,4490.0
2025-10-29 20:00:00+00:00,8200.2,8213.5,8192.2,8198.2,305.0
2025-10-30 07:00:00+00:00,8208.2,8215.8,8189.6,8189.8,1369.0
2025-10-30 08:00:00+00:00,8189.8,8209.8,8148.0,8194.8,5466.0
2025-10-30 09:00:00+00:00,8195.0,8198.8,8142.8,8154.3,3544.0
2025-10-30 10:00:00+00:00,8154.0,8163.3,8137.8,8140.6,2341.0
2025-10-30 11:00:00+00:00,8140.8,8153.8,8123.8,8124.8,1684.0
2025-10-30 12:00:00+00:00,8123.8,8137.0,8115.3,8130.6,2241.0
2025-10-30 13:00:00+00:00,8129.8,8154.0,8123.6,8147.3,5300.0
2025-10-30 14:00:00+00:00,8147.0,8158.3,8130.6,8154.3,6135.0
2025-10-30 15:00:00+00:00,8155.0,8159.6,8140.8,8143.6,4242.0
2025-10-30 16:00:00+00:00,8143.3,8169.4,8140.3,8168.8,2859.0
2025-10-30 17:00:00+00:00,8168.1,8175.4,8158.8,8171.8,2101.0
2025-10-30 18:00:00+00:00,8171.6,8172.1,8158.1,8158.8,1894.0
2025-10-30 19:00:00+00:00,8157.8,8157.8,8133.4,8136.6,1685.0
2025-10-30 20:00:00+00:00,8135.8,8159.6,8135.8,8157.4,473.0
2025-10-31 07:00:00+00:00,8141.1,8161.6,8134.1,8157.6,637.0
2025-10-31 08:00:00+00:00,8159.1,8166.8,8144.6,8152.3,2984.0
2025-10-31 09:00:00+00:00,8153.3,8153.6,8128.0,8130.3,1930.0
2025-10-31 10:00:00+00:00,8129.6,8151.6,8120.6,8139.8,1832.0
2025-10-31 11:00:00+00:00,8139.6,8152.6,8127.3,8144.8,1870.0
2025-10-31 12:00:00+00:00,8144.6,8147.6,8122.3,8123.3,1679.0
2025-10-31 13:00:00+00:00,8123.0,8133.3,8107.8,8113.8,2322.0
2025-10-31 14:00:00+00:00,8114.6,8134.3,8113.0,8132.6,3028.0
2025-10-31 15:00:00+00:00,8132.3,8136.3,8115.6,8117.8,3449.0
2025-10-31 16:00:00+00:00,8117.0,8130.1,8104.8,8106.4,3304.0
2025-10-31 17:00:00+00:00,8106.1,8112.1,8100.4,8111.1,2864.0
2025-10-31 18:00:00+00:00,8110.8,8125.1,8110.1,8124.1,1380.0
2025-10-31 19:00:00+00:00,8123.8,8133.8,8123.4,8128.8,1409.0
2025-10-31 20:00:00+00:00,8128.1,8128.1,8120.6,8126.1,171.0
2025-11-03 07:00:00+00:00,8131.6,8136.6,8111.8,8117.4,935.0
2025-11-03 08:00:00+00:00,8118.4,8144.8,8097.3,8135.3,3672.0
2025-11-03 09:00:00+00:00,8135.0,8154.6,8128.3,8136.6,2201.0
2025-11-03 10:00:00+00:00,8136.8,8148.0,8135.8,8147.0,1903.0
2025-11-03 11:00:00+00:00,8147.3,8151.6,8136.6,8139.8,1358.0
2025-11-03 12:00:00+00:00,8139.6,8143.6,8124.8,8128.3,1378.0
2025-11-03 13:00:00+00:00,8128.0,8128.0,8106.0,8107.6,1896.0
2025-11-03 14:00:00+00:00,8107.3,8114.0,8100.6,8107.3,2976.0
2025-11-03 15:00:00+00:00,8107.6,8112.0,8095.6,8104.6,3744.0
2025-11-03 16:00:00+00:00,8104.3,8115.0,8099.3,8110.1,2655.0
2025-11-03 17:00:00+00:00,8109.8,8117.4,8106.8,8114.8,1213.0
2025-11-03 18:00:00+00:00,8115.1,8118.1,8112.8,8114.4,699.0
2025-11-03 19:00:00+00:00,8113.6,8120.6,8110.4,8114.8,845.0
2025-11-03 20:00:00+00:00,8115.8,8119.1,8108.4,8111.6,896.0
2025-11-04 07:00:00+00:00,8025.6,8026.8,7993.8,8026.6,1768.0
2025-11-04 08:00:00+00:00,8026.6,8028.3,7988.8,8014.6,6342.0
2025-11-04 09:00:00+00:00,8014.8,8025.3,7968.8,7970.8,3245.0
2025-11-04 10:00:00+00:00,7970.6,8013.3,7963.0,8008.0,2837.0
2025-11-04 11:00:00+00:00,8007.8,8019.8,8003.0,8016.3,2353.0
2025-11-04 12:00:00+00:00,8015.6,8020.8,8004.8,8014.3,1990.0
2025-11-04 13:00:00+00:00,8013.3,8041.6,8012.3,8037.3,2276.0
2025-11-04 14:00:00+00:00,8037.0,8062.6,8031.1,8062.4,4264.0
2025-11-04 15:00:00+00:00,8062.1,8068.6,8056.8,8067.1,3531.0
2025-11-04 16:00:00+00:00,8068.1,8076.2,8056.8,8072.2,3111.0
2025-11-04 17:00:00+00:00,8071.9,8072.2,8049.9,8056.2,2577.0
2025-11-04 18:00:00+00:00,8055.9,8057.9,8046.2,8051.2,1788.0
2025-11-04 19:00:00+00:00,8050.4,8054.4,8039.9,8044.4,2001.0
2025-11-04 20:00:00+00:00,8044.6,8048.6,8039.6,8044.6,1895.0
2025-11-05 07:00:00+00:00,8026.4,8033.6,8016.2,8021.9,1225.0
2025-11-05 08:00:00+00:00,8021.6,8078.8,8009.8,8066.1,4243.0
2025-11-05 09:00:00+00:00,8066.8,8070.8,8042.4,8052.1,2597.0
2025-11-05 10:00:00+00:00,8051.8,8056.8,8037.4,8043.1,2504.0
2025-11-05 11:00:00+00:00,8042.8,8066.1,8035.1,8059.1,2009.0
2025-11-05 12:00:00+00:00,8060.1,8068.8,8055.4,8068.1,1710.0
2025-11-05 13:00:00+00:00,8067.8,8072.6,8060.6,8066.6,1901.0
2025-11-05 14:00:00+00:00,8066.8,8081.6,8058.4,8081.1,3065.0
2025-11-05 15:00:00+00:00,8082.1,8102.5,8075.8,8082.2,4033.0
2025-11-05 16:00:00+00:00,8082.5,8092.6,8069.8,8089.0,3181.0
2025-11-05 17:00:00+00:00,8089.3,8106.8,8086.8,8100.0,1171.0
2025-11-05 18:00:00+00:00,8100.3,8104.8,8099.0,8101.6,540.0
2025-11-05 19:00:00+00:00,8101.3,8102.6,8096.3,8098.0,638.0
2025-11-05 20:00:00+00:00,8098.3,8101.8,8087.8,8088.0,791.0
2025-11-06 07:00:00+00:00,8075.0,8078.6,8034.8,8038.6,1469.0
2025-11-06 08:00:00+00:00,8038.5,8041.0,8005.8,8028.0,5305.0
2025-11-06 09:00:00+00:00,8029.5,8045.0,8027.8,8037.8,2501.0
2025-11-06 10:00:00+00:00,8038.0,8046.0,8032.5,8034.5,2106.0
2025-11-06 11:00:00+00:00,8034.2,8047.0,8028.8,8029.0,1535.0
2025-11-06 12:00:00+00:00,8031.2,8034.2,8017.2,8033.2,1771.0
2025-11-06 13:00:00+00:00,8033.5,8034.2,8016.8,8021.0,1790.0
2025-11-06 14:00:00+00:00,8020.8,8022.5,7980.8,7983.0,4581.0
2025-11-06 15:00:00+00:00,7982.8,7987.8,7958.5,7960.8,6266.0
2025-11-06 16:00:00+00:00,7961.0,7969.5,7950.8,7956.0,5258.0
2025-11-06 17:00:00+00:00,7957.0,7977.0,7953.3,7973.0,3861.0
2025-11-06 18:00:00+00:00,7972.8,7980.6,7959.6,7975.6,3210.0
2025-11-06 19:00:00+00:00,7974.8,7985.8,7973.8,7980.8,2087.0
2025-11-06 20:00:00+00:00,7981.0,7982.8,7960.0,7963.3,1997.0
2025-11-07 07:00:00+00:00,7967.8,7985.3,7961.6,7979.8,636.0
2025-11-07 08:00:00+00:00,7981.0,8004.0,7963.0,7973.0,4206.0
2025-11-07 09:00:00+00:00,7973.2,7981.0,7949.5,7958.8,2973.0
2025-11-07 10:00:00+00:00,7958.5,7959.5,7932.5,7937.0,2560.0
2025-11-07 11:00:00+00:00,7936.8,7941.2,7907.5,7939.5,3469.0
2025-11-07 12:00:00+00:00,7940.2,7942.2,7920.8,7923.0,2410.0
2025-11-07 13:00:00+00:00,7923.2,7940.0,7917.8,7932.8,2665.0
2025-11-07 14:00:00+00:00,7932.5,7949.0,7924.2,7947.0,5368.0
2025-11-07 15:00:00+00:00,7947.0,7964.8,7936.8,7945.8,6383.0
2025-11-07 16:00:00+00:00,7945.5,7960.0,7939.6,7951.3,4733.0
2025-11-07 17:00:00+00:00,7951.6,7973.6,7945.0,7971.0,4256.0
2025-11-07 18:00:00+00:00,7971.3,7987.8,7971.0,7982.0,2833.0
2025-11-07 19:00:00+00:00,7981.8,8016.8,7980.0,8016.3,2773.0
2025-11-07 20:00:00+00:00,8016.0,8021.8,8007.6,8017.3,2789.0
2025-11-10 07:00:00+00:00,8047.6,8058.6,8040.3,8047.8,1215.0
2025-11-10 08:00:00+00:00,8047.8,8053.5,8017.2,8042.5,4697.0
2025-11-10 09:00:00+00:00,8042.2,8070.2,8034.0,8063.0,2921.0
2025-11-10 10:00:00+00:00,8063.2,8066.0,8055.8,8065.0,2174.0
2025-11-10 11:00:00+00:00,8065.2,8072.4,8043.5,8071.0,1493.0
2025-11-10 12:00:00+00:00,8070.7,8073.2,8052.7,8054.2,1722.0
2025-11-10 13:00:00+00:00,8054.4,8071.4,8054.4,8069.4,1663.0
2025-11-10 14:00:00+00:00,8069.2,8077.2,8049.7,8053.2,3453.0
2025-11-10 15:00:00+00:00,8054.2,8080.2,8053.0,8069.2,3521.0
2025-11-10 16:00:00+00:00,8069.4,8078.0,8052.8,8067.8,3816.0
2025-11-10 17:00:00+00:00,8066.8,8087.5,8066.8,8084.2,1700.0
2025-11-10 18:00:00+00:00,8084.5,8091.0,8083.5,8087.8,771.0
2025-11-10 19:00:00+00:00,8088.0,8101.2,8086.8,8098.2,712.0
2025-11-10 20:00:00+00:00,8098.5,8105.0,8098.0,8100.2,765.0
2025-11-11 07:00:00+00:00,8094.5,8101.8,8090.5,8093.2,763.0
2025-11-11 08:00:00+00:00,8093.5,8112.7,8078.0,8102.2,3774.0
2025-11-11 09:00:00+00:00,8102.4,8124.2,8098.2,8115.2,2353.0
2025-11-11 10:00:00+00:00,8114.2,8120.2,8103.0,8108.2,1528.0
2025-11-11 11:00:00+00:00,8108.4,8117.0,8102.2,8103.0,1250.0
2025-11-11 12:00:00+00:00,8102.7,8123.2,8098.7,8121.2,1358.0
2025-11-11 13:00:00+00:00,8121.4,8130.0,8113.2,8126.4,1586.0
2025-11-11 14:00:00+00:00,8126.2,8163.6,8124.7,8162.8,2668.0
2025-11-11 15:00:00+00:00,8162.1,8173.6,8146.6,8148.6,4167.0
2025-11-11 16:00:00+00:00,8148.4,8167.8,8147.1,8162.6,2901.0
2025-11-11 17:00:00+00:00,8161.9,8172.9,8159.6,8169.6,1496.0
2025-11-11 18:00:00+00:00,8169.4,8183.2,8168.9,8181.2,1215.0
2025-11-11 19:00:00+00:00,8180.2,8185.2,8176.4,8180.2,956.0
2025-11-11 20:00:00+00:00,8180.4,8183.4,8172.6,8173.2,944.0
2025-11-12 07:00:00+00:00,8185.6,8211.2,8183.9,8194.9,830.0
2025-11-12 08:00:00+00:00,8194.8,8229.8,8181.8,8220.1,3738.0
2025-11-12 09:00:00+00:00,8220.8,8243.4,8212.6,8239.1,2512.0
2025-11-12 10:00:00+00:00,8239.4,8246.6,8230.4,8245.6,1711.0
2025-11-12 11:00:00+00:00,8245.4,8253.1,8236.1,8247.6,1801.0
2025-11-12 12:00:00+00:00,8248.4,8271.6,8245.4,8265.1,1735.0
2025-11-12 13:00:00+00:00,8265.4,8272.1,8259.4,8262.8,1328.0
2025-11-12 14:00:00+00:00,8262.6,8277.1,8244.1,8276.1,3226.0
2025-11-12 15:00:00+00:00,8275.8,8285.4,8248.8,8252.6,3938.0
2025-11-12 16:00:00+00:00,8251.8,8256.8,8236.9,8248.2,3972.0
2025-11-12 17:00:00+00:00,8248.4,8260.4,8246.9,8257.6,2471.0
2025-11-12 18:00:00+00:00,8257.4,8257.9,8250.2,8255.6,1346.0
2025-11-12 19:00:00+00:00,8255.9,8257.4,8245.9,8248.2,1095.0
2025-11-12 20:00:00+00:00,8248.4,8256.9,8244.6,8249.9,1174.0
2025-11-13 07:00:00+00:00,8253.9,8298.6,8252.4,8268.9,1443.0
2025-11-13 08:00:00+00:00,8268.8,8317.4,8265.1,8313.6,5008.0
2025-11-13 09:00:00+00:00,8313.8,8316.6,8274.8,8289.6,3527.0
2025-11-13 10:00:00+00:00,8289.4,8305.4,8286.1,8295.6,2074.0
2025-11-13 11:00:00+00:00,8295.4,8296.4,8278.0,8280.8,2160.0
2025-11-13 12:00:00+00:00,8280.5,8282.8,8268.8,8274.0,1820.0
2025-11-13 13:00:00+00:00,8273.8,8278.8,8266.0,8275.0,2249.0
2025-11-13 14:00:00+00:00,8274.2,8290.8,8265.5,8269.0,4968.0
2025-11-13 15:00:00+00:00,8269.2,8271.0,8235.0,8239.5,5805.0
2025-11-13 16:00:00+00:00,8239.2,8242.8,8227.8,8235.8,5515.0
2025-11-13 17:00:00+00:00,8235.6,8241.0,8225.8,8226.8,3880.0
2025-11-13 18:00:00+00:00,8227.0,8230.6,8197.6,8205.8,4014.0
2025-11-13 19:00:00+00:00,8206.8,8210.6,8193.0,8198.0,3575.0
2025-11-13 20:00:00+00:00,8197.3,8211.0,8191.3,8201.3,3180.0
2025-11-14 07:00:00+00:00,8220.6,8225.0,8193.3,8194.0,2187.0
2025-11-14 08:00:00+00:00,8200.3,8203.8,8176.8,8193.5,6702.0
2025-11-14 09:00:00+00:00,8194.2,8205.2,8157.8,8167.0,4045.0
2025-11-14 10:00:00+00:00,8166.2,8170.2,8145.0,8152.0,3740.0
2025-11-14 11:00:00+00:00,8151.2,8153.2,8105.0,8110.0,3808.0
2025-11-14 12:00:00+00:00,8109.8,8119.5,8082.8,8113.0,3583.0
2025-11-14 13:00:00+00:00,8112.8,8126.8,8092.2,8125.0,3363.0
2025-11-14 14:00:00+00:00,8124.8,8152.5,8113.5,8152.0,6814.0
2025-11-14 15:00:00+00:00,8152.2,8166.0,8142.2,8156.5,7774.0
2025-11-14 16:00:00+00:00,8156.8,8174.3,8140.8,8165.8,4568.0
2025-11-14 17:00:00+00:00,8165.6,8174.8,8161.3,8168.8,2794.0
2025-11-14 18:00:00+00:00,8168.6,8169.3,8151.6,8160.8,1192.0
2025-11-14 19:00:00+00:00,8160.6,8166.3,8153.3,8165.8,946.0
2025-11-14 20:00:00+00:00,8166.0,8166.8,8151.6,8153.0,1042.0
2025-11-17 07:00:00+00:00,8152.8,8170.0,8140.0,8154.0,976.0
2025-11-17 08:00:00+00:00,8154.6,8176.8,8149.0,8161.5,4431.0
2025-11-17 09:00:00+00:00,8161.8,8165.0,8141.2,8155.2,3413.0
2025-11-17 10:00:00+00:00,8154.0,8155.0,8131.5,8136.8,2545.0
2025-11-17 11:00:00+00:00,8137.0,8153.0,8131.0,8137.0,2458.0
2025-11-17 12:00:00+00:00,8136.8,8137.0,8124.0,8131.5,2306.0
2025-11-17 13:00:00+00:00,8131.8,8138.4,8112.0,8126.2,2593.0
2025-11-17 14:00:00+00:00,8126.0,8141.7,8118.2,8141.0,4238.0
2025-11-17 15:00:00+00:00,8141.2,8144.4,8121.0,8125.0,6585.0
2025-11-17 16:00:00+00:00,8124.7,8141.2,8110.7,8140.5,4420.0
2025-11-17 17:00:00+00:00,8140.8,8142.0,8119.2,8119.8,3132.0
2025-11-17 18:00:00+00:00,8120.0,8121.5,8097.0,8098.0,3326.0
2025-11-17 19:00:00+00:00,8097.8,8100.0,8061.0,8061.5,3745.0
2025-11-17 20:00:00+00:00,8061.2,8079.5,8053.8,8078.0,2964.0
2025-11-18 07:00:00+00:00,8005.0,8033.0,7985.0,8017.8,2092.0
2025-11-18 08:00:00+00:00,8017.5,8023.0,7982.4,8009.0,7128.0
2025-11-18 09:00:00+00:00,8009.2,8031.7,8002.4,8030.7,3886.0
2025-11-18 10:00:00+00:00,8029.7,8033.0,8001.7,8027.7,2291.0
2025-11-18 11:00:00+00:00,8027.4,8033.7,8008.7,8011.2,2261.0
2025-11-18 12:00:00+00:00,8011.4,8013.4,7998.0,7999.7,2510.0
2025-11-18 13:00:00+00:00,8000.0,8007.2,7984.2,7984.2,3124.0
2025-11-18 14:00:00+00:00,7984.0,7992.7,7958.2,7962.2,6535.0
2025-11-18 15:00:00+00:00,7961.4,7965.7,7925.0,7946.7,12293.0
2025-11-18 16:00:00+00:00,7945.7,7980.0,7937.2,7976.8,8319.0
2025-11-18 17:00:00+00:00,7977.0,7996.0,7955.2,7994.2,5835.0
2025-11-18 18:00:00+00:00,7994.5,8005.2,7990.0,7991.0,4293.0
2025-11-18 19:00:00+00:00,7991.2,7996.2,7981.0,7989.8,3475.0
2025-11-18 20:00:00+00:00,7989.5,7993.0,7977.5,7979.2,3255.0
2025-11-19 07:00:00+00:00,7968.2,7979.2,7957.8,7970.8,1294.0
2025-11-19 08:00:00+00:00,7971.8,7972.2,7921.7,7921.7,5212.0
2025-11-19 09:00:00+00:00,7922.0,7950.2,7918.2,7950.2,3341.0
2025-11-19 10:00:00+00:00,7950.0,7958.0,7939.0,7957.2,2083.0
2025-11-19 11:00:00+00:00,7957.4,7978.0,7955.2,7965.2,2897.0
2025-11-19 12:00:00+00:00,7965.0,7971.7,7959.0,7960.2,2455.0
2025-11-19 13:00:00+00:00,7960.4,7980.2,7958.7,7980.0,2850.0
2025-11-19 14:00:00+00:00,7980.2,8006.2,7972.0,8004.7,3662.0
2025-11-19 15:00:00+00:00,8005.4,8006.2,7976.2,7980.2,3459.0
2025-11-19 16:00:00+00:00,7980.0,7984.7,7940.8,7954.0,5917.0
2025-11-19 17:00:00+00:00,7953.8,7965.8,7948.8,7964.0,5514.0
2025-11-19 18:00:00+00:00,7963.8,7991.8,7962.0,7984.0,3785.0
2025-11-19 19:00:00+00:00,7986.5,7990.0,7959.2,7969.2,3392.0
2025-11-19 20:00:00+00:00,7968.5,7989.2,7966.2,7979.8,2303.0
2025-11-20 07:00:00+00:00,8018.0,8035.8,8016.8,8032.5,1222.0
2025-11-20 08:00:00+00:00,8032.8,8057.2,8029.7,8037.2,5555.0
2025-11-20 09:00:00+00:00,8038.2,8039.2,7999.0,8004.7,3738.0
2025-11-20 10:00:00+00:00,8005.0,8028.0,8002.2,8024.2,2331.0
2025-11-20 11:00:00+00:00,8023.2,8024.2,7987.2,7994.5,2360.0
2025-11-20 12:00:00+00:00,7994.2,8022.0,7988.5,8021.2,1706.0
2025-11-20 13:00:00+00:00,8021.5,8047.8,8019.5,8046.5,3013.0
2025-11-20 14:00:00+00:00,8046.8,8051.5,8032.0,8051.0,5018.0
2025-11-20 15:00:00+00:00,8050.8,8053.8,8029.5,8029.5,4442.0
2025-11-20 16:00:00+00:00,8029.2,8029.8,7937.8,7940.3,8645.0
2025-11-20 17:00:00+00:00,7940.0,7956.3,7906.6,7916.3,7631.0
2025-11-20 18:00:00+00:00,7916.0,7963.6,7901.0,7907.6,3251.0
2025-11-20 19:00:00+00:00,7907.8,7933.0,7899.0,7932.6,2631.0
2025-11-20 20:00:00+00:00,7932.3,7933.0,7891.3,7897.0,2020.0
2025-11-21 07:00:00+00:00,7910.8,7918.3,7881.3,7895.3,2168.0
2025-11-21 08:00:00+00:00,7892.6,7978.2,7879.2,7976.0,7118.0
2025-11-21 09:00:00+00:00,7976.2,7979.0,7930.0,7940.5,4824.0
2025-11-21 10:00:00+00:00,7941.5,7959.5,7914.0,7957.0,5262.0
2025-11-21 11:00:00+00:00,7957.2,7989.2,7951.0,7959.0,3487.0
2025-11-21 12:00:00+00:00,7960.0,7989.5,7940.0,7985.8,6586.0
2025-11-21 13:00:00+00:00,7986.0,8003.2,7976.0,7999.0,3539.0
2025-11-21 14:00:00+00:00,7998.8,8000.5,7980.5,7983.5,7633.0
2025-11-21 15:00:00+00:00,7985.0,7989.8,7960.0,7975.5,14166.0
2025-11-21 16:00:00+00:00,7974.5,8018.3,7966.5,8017.3,9619.0
2025-11-21 17:00:00+00:00,8017.6,8028.6,8011.8,8014.6,6154.0
2025-11-21 18:00:00+00:00,8015.6,8041.3,7992.6,8032.6,6394.0
2025-11-21 19:00:00+00:00,8031.6,8043.6,8024.0,8026.8,3506.0
2025-11-21 20:00:00+00:00,8026.6,8033.0,8016.8,8025.3,3488.0
2025-11-24 07:00:00+00:00,8038.4,8056.2,8030.0,8043.7,636.0
2025-11-24 08:00:00+00:00,8043.2,8043.7,8002.6,8032.9,5015.0
2025-11-24 09:00:00+00:00,8033.2,8035.2,7983.9,8008.9,5339.0
2025-11-24 10:00:00+00:00,8009.2,8013.9,7973.4,7979.2,4120.0
2025-11-24 11:00:00+00:00,7978.9,7988.9,7962.2,7981.9,3043.0
2025-11-24 12:00:00+00:00,7981.6,7991.2,7975.9,7986.2,2793.0
2025-11-24 13:00:00+00:00,7985.9,8003.6,7969.4,7969.4,2369.0
2025-11-24 14:00:00+00:00,7969.6,7994.2,7961.6,7993.9,7683.0
2025-11-24 15:00:00+00:00,7994.9,8020.9,7994.4,8003.6,5917.0
2025-11-24 16:00:00+00:00,8003.4,8009.9,7941.4,7945.0,3813.0
2025-11-24 17:00:00+00:00,7945.2,7967.2,7939.7,7965.2,2439.0
2025-11-24 18:00:00+00:00,7965.4,7978.7,7964.7,7969.7,1247.0
2025-11-24 19:00:00+00:00,7970.4,7974.0,7953.7,7956.2,1765.0
2025-11-24 20:00:00+00:00,7956.4,7977.4,7956.4,7968.7,1335.0
2025-11-25 07:00:00+00:00,7964.7,7987.7,7964.0,7981.7,700.0
2025-11-25 08:00:00+00:00,7981.6,7995.4,7951.2,7963.9,3973.0
2025-11-25 09:00:00+00:00,7964.6,7985.4,7944.4,7972.9,3622.0
2025-11-25 10:00:00+00:00,7972.6,7973.4,7947.2,7969.9,2855.0
2025-11-25 11:00:00+00:00,7970.2,7982.4,7966.4,7976.9,1943.0
2025-11-25 12:00:00+00:00,7977.6,8044.4,7970.9,7995.4,5002.0
2025-11-25 13:00:00+00:00,7995.2,8024.9,7994.9,8021.9,3592.0
2025-11-25 14:00:00+00:00,8022.6,8044.6,7998.4,8030.6,5608.0
2025-11-25 15:00:00+00:00,8032.6,8042.9,8013.9,8038.4,8990.0
2025-11-25 16:00:00+00:00,8039.2,8048.2,8025.0,8045.2,4715.0
2025-11-25 17:00:00+00:00,8045.0,8056.8,8043.2,8047.0,2267.0
2025-11-25 18:00:00+00:00,8047.2,8053.0,8046.2,8048.5,1429.0
2025-11-25 19:00:00+00:00,8049.2,8051.5,8040.0,8050.2,1472.0
2025-11-25 20:00:00+00:00,8050.5,8069.5,8050.5,8063.2,1027.0
2025-11-26 07:00:00+00:00,8074.8,8097.5,8074.8,8082.2,920.0
2025-11-26 08:00:00+00:00,8082.5,8087.7,8046.0,8049.4,5123.0
2025-11-26 09:00:00+00:00,8049.7,8061.7,8032.4,8051.2,3004.0
2025-11-26 10:00:00+00:00,8051.4,8069.7,8050.7,8068.4,2071.0
2025-11-26 11:00:00+00:00,8068.7,8081.2,8062.0,8073.2,2659.0
2025-11-26 12:00:00+00:00,8073.0,8073.4,8043.4,8066.7,3733.0
2025-11-26 13:00:00+00:00,8067.0,8088.4,8063.7,8083.2,2580.0
2025-11-26 14:00:00+00:00,8083.4,8093.7,8070.7,8079.2,3956.0
2025-11-26 15:00:00+00:00,8078.4,8100.0,8074.2,8099.4,4671.0
2025-11-26 16:00:00+00:00,8099.2,8106.5,8089.8,8105.8,2748.0
2025-11-26 17:00:00+00:00,8106.0,8113.8,8100.0,8111.8,1294.0
2025-11-26 18:00:00+00:00,8112.0,8116.2,8102.0,8107.2,1953.0
2025-11-26 19:00:00+00:00,8107.5,8115.5,8106.8,8110.8,921.0
2025-11-26 20:00:00+00:00,8110.5,8114.8,8100.5,8102.8,785.0
2025-11-27 07:00:00+00:00,8091.5,8103.5,8090.2,8100.8,536.0
2025-11-27 08:00:00+00:00,8100.7,8115.4,8082.7,8093.2,3216.0
2025-11-27 09:00:00+00:00,8092.2,8106.0,8084.4,8086.0,2016.0
2025-11-27 10:00:00+00:00,8085.7,8107.7,8084.4,8105.2,2029.0
2025-11-27 11:00:00+00:00,8104.4,8109.4,8099.4,8102.4,1550.0
2025-11-27 12:00:00+00:00,8102.7,8116.7,8101.4,8113.2,1318.0
2025-11-27 13:00:00+00:00,8113.4,8120.7,8105.0,8106.2,1784.0
2025-11-27 14:00:00+00:00,8106.4,8114.0,8098.2,8109.4,1679.0
2025-11-27 15:00:00+00:00,8109.7,8114.7,8102.4,8109.0,1429.0
2025-11-27 16:00:00+00:00,8109.2,8110.4,8093.5,8097.2,1086.0
2025-11-27 17:00:00+00:00,8098.2,8101.2,8095.2,8098.8,104.0
2025-11-27 18:00:00+00:00,8099.0,8100.2,8096.8,8099.8,45.0
2025-11-27 19:00:00+00:00,8100.8,8102.8,8100.8,8102.2,15.0
2025-11-27 20:00:00+00:00,8102.5,8105.5,8102.5,8105.2,33.0
2025-11-28 07:00:00+00:00,8114.0,8125.5,8103.8,8106.8,309.0
2025-11-28 08:00:00+00:00,8106.5,8114.4,8092.4,8099.4,1108.0
2025-11-28 09:00:00+00:00,8099.2,8103.0,8086.7,8103.0,710.0
2025-11-28 10:00:00+00:00,8103.2,8117.2,8102.2,8109.2,705.0
2025-11-28 11:00:00+00:00,8109.0,8119.0,8103.2,8113.2,621.0
2025-11-28 12:00:00+00:00,8114.2,8127.4,8114.2,8116.0,882.0
2025-11-28 13:00:00+00:00,8115.7,8123.0,8109.4,8120.7,853.0
2025-11-28 14:00:00+00:00,8121.0,8129.0,8115.4,8127.7,1539.0
2025-11-28 15:00:00+00:00,8128.0,8135.7,8115.7,8116.2,1664.0
2025-11-28 16:00:00+00:00,8117.0,8138.5,8116.0,8135.8,1388.0
2025-11-28 17:00:00+00:00,8134.5,8138.0,8128.5,8130.8,422.0
2025-11-28 18:00:00+00:00,8130.5,8134.2,8123.5,8131.8,173.0
2025-11-28 19:00:00+00:00,8131.0,8135.8,8129.2,8133.8,54.0
2025-11-28 20:00:00+00:00,8133.5,8134.2,8123.2,8124.8,163.0
2025-12-01 07:00:00+00:00,8097.5,8102.0,8068.0,8086.2,1256.0
2025-12-01 08:00:00+00:00,8086.5,8106.7,8072.2,8095.7,4315.0
2025-12-01 09:00:00+00:00,8096.0,8115.2,8078.0,8083.7,3479.0
2025-12-01 10:00:00+00:00,8084.0,8101.4,8069.4,8069.4,3200.0
2025-12-01 11:00:00+00:00,8068.4,8072.7,8054.7,8059.7,3999.0
2025-12-01 12:00:00+00:00,8059.4,8066.0,8045.2,8060.0,3834.0
2025-12-01 13:00:00+00:00,8060.2,8086.0,8060.0,8083.7,3044.0
2025-12-01 14:00:00+00:00,8083.4,8104.0,8079.0,8104.0,3914.0
2025-12-01 15:00:00+00:00,8103.7,8106.7,8093.0,8105.0,4630.0
2025-12-01 16:00:00+00:00,8105.2,8117.0,8098.2,8111.2,2939.0
2025-12-01 17:00:00+00:00,8111.0,8117.0,8106.2,8113.2,1591.0
2025-12-01 18:00:00+00:00,8113.0,8121.2,8112.8,8119.5,698.0
2025-12-01 19:00:00+00:00,8118.5,8119.0,8093.8,8097.2,1926.0
2025-12-01 20:00:00+00:00,8097.0,8101.8,8084.0,8087.0,1139.0
2025-12-02 07:00:00+00:00,8091.0,8096.7,8083.7,8096.0,649.0
2025-12-02 08:00:00+00:00,8095.9,8124.6,8080.9,8124.2,4496.0
2025-12-02 09:00:00+00:00,8124.4,8128.6,8104.9,8122.2,2671.0
2025-12-02 10:00:00+00:00,8122.4,8133.4,8101.4,8132.6,2269.0
2025-12-02 11:00:00+00:00,8132.9,8137.6,8124.4,8132.2,2254.0
2025-12-02 12:00:00+00:00,8131.9,8132.2,8108.2,8124.9,2570.0
2025-12-02 13:00:00+00:00,8124.6,8125.2,8093.4,8104.9,2549.0
2025-12-02 14:00:00+00:00,8105.2,8108.6,8075.6,8088.4,4522.0
2025-12-02 15:00:00+00:00,8089.4,8099.2,8072.2,8097.8,4384.0
2025-12-02 16:00:00+00:00,8097.5,8102.5,8074.3,8087.3,3753.0
2025-12-02 17:00:00+00:00,8087.0,8098.8,8074.6,8074.6,1738.0
2025-12-02 18:00:00+00:00,8074.3,8083.0,8073.3,8080.3,1696.0
2025-12-02 19:00:00+00:00,8080.6,8089.3,8077.8,8087.0,923.0
2025-12-02 20:00:00+00:00,8087.3,8090.8,8081.6,8083.8,907.0
2025-12-03 07:00:00+00:00,8086.3,8096.6,8066.3,8067.8,1085.0
2025-12-03 08:00:00+00:00,8067.8,8100.8,8066.5,8100.0,4102.0
2025-12-03 09:00:00+00:00,8099.0,8107.2,8086.8,8089.3,3373.0
2025-12-03 10:00:00+00:00,8090.0,8104.6,8072.6,8072.8,2566.0
2025-12-03 11:00:00+00:00,8072.6,8088.3,8069.8,8073.3,2052.0
2025-12-03 12:00:00+00:00,8072.6,8093.3,8068.0,8085.3,1747.0
2025-12-03 13:00:00+00:00,8085.6,8092.8,8070.6,8074.8,1894.0
2025-12-03 14:00:00+00:00,8075.0,8090.0,8053.8,8083.8,6417.0
2025-12-03 15:00:00+00:00,8084.0,8098.0,8082.0,8093.6,4522.0
2025-12-03 16:00:00+00:00,8093.3,8095.1,8080.8,8082.4,2743.0
2025-12-03 17:00:00+00:00,8082.6,8100.8,8082.4,8099.4,1474.0
2025-12-03 18:00:00+00:00,8099.6,8108.1,8096.6,8104.4,919.0
2025-12-03 19:00:00+00:00,8103.4,8115.6,8102.6,8113.1,554.0
2025-12-03 20:00:00+00:00,8113.4,8118.1,8112.4,8113.6,554.0
2025-12-04 07:00:00+00:00,8124.4,8134.1,8120.8,8131.6,500.0
2025-12-04 08:00:00+00:00,8131.6,8133.8,8104.0,8113.8,4237.0
2025-12-04 09:00:00+00:00,8114.8,8125.0,8098.0,8121.3,2908.0
2025-12-04 10:00:00+00:00,8122.3,8123.6,8109.6,8110.3,1793.0
2025-12-04 11:00:00+00:00,8110.6,8127.4,8110.0,8120.7,1566.0
2025-12-04 12:00:00+00:00,8120.4,8131.7,8111.0,8128.7,1359.0
2025-12-04 13:00:00+00:00,8128.0,8136.0,8118.2,8127.7,1660.0
2025-12-04 14:00:00+00:00,8128.0,8138.4,8122.2,8126.0,3835.0
2025-12-04 15:00:00+00:00,8126.2,8130.7,8116.7,8127.0,3667.0
2025-12-04 16:00:00+00:00,8127.2,8140.0,8121.5,8133.5,2779.0
2025-12-04 17:00:00+00:00,8133.2,8135.2,8127.0,8129.2,1142.0
2025-12-04 18:00:00+00:00,8129.0,8134.8,8127.2,8127.8,663.0
2025-12-04 19:00:00+00:00,8127.0,8128.8,8108.2,8123.0,1953.0
2025-12-04 20:00:00+00:00,8122.8,8135.2,8113.5,8133.2,1396.0
2025-12-05 07:00:00+00:00,8148.5,8164.5,8144.5,8152.0,753.0
2025-12-05 08:00:00+00:00,8152.2,8154.7,8131.0,8136.2,3795.0
2025-12-05 09:00:00+00:00,8137.2,8152.7,8133.0,8150.7,1762.0
2025-12-05 10:00:00+00:00,8150.4,8157.7,8143.7,8156.2,1415.0
2025-12-05 11:00:00+00:00,8155.4,8162.7,8143.4,8151.2,1071.0
2025-12-05 12:00:00+00:00,8151.0,8156.7,8140.0,8145.0,1158.0
2025-12-05 13:00:00+00:00,8145.2,8148.0,8124.6,8126.1,1441.0
2025-12-05 14:00:00+00:00,8125.8,8134.8,8122.6,8131.4,2792.0
2025-12-05 15:00:00+00:00,8132.8,8136.8,8123.8,8127.1,3183.0
2025-12-05 16:00:00+00:00,8127.4,8131.6,8110.9,8128.2,3376.0
2025-12-05 17:00:00+00:00,8127.9,8129.6,8117.6,8128.6,1730.0
2025-12-05 18:00:00+00:00,8128.4,8134.4,8124.4,8129.2,970.0
2025-12-05 19:00:00+00:00,8128.9,8129.4,8120.2,8124.2,714.0
2025-12-05 20:00:00+00:00,8123.9,8124.2,8107.9,8114.9,667.0
2025-12-08 07:00:00+00:00,8102.2,8107.2,8093.6,8098.9,493.0
2025-12-08 08:00:00+00:00,8098.8,8109.6,8080.8,8082.1,3713.0
2025-12-08 09:00:00+00:00,8081.4,8111.2,8080.4,8110.8,2249.0
2025-12-08 10:00:00+00:00,8111.0,8112.2,8098.5,8102.5,1842.0
2025-12-08 11:00:00+00:00,8102.8,8111.8,8097.5,8102.2,1337.0
2025-12-08 12:00:00+00:00,8102.0,8105.0,8095.0,8102.0,1144.0
2025-12-08 13:00:00+00:00,8101.8,8111.8,8091.0,8095.8,1603.0
2025-12-08 14:00:00+00:00,8096.5,8114.0,8092.0,8112.0,2819.0
2025-12-08 15:00:00+00:00,8112.2,8113.8,8096.5,8097.8,3296.0
2025-12-08 16:00:00+00:00,8097.5,8115.8,8086.8,8112.6,2329.0
2025-12-08 17:00:00+00:00,8112.3,8115.0,8102.3,8113.8,1563.0
2025-12-08 18:00:00+00:00,8114.0,8117.8,8105.6,8108.8,1391.0
2025-12-08 19:00:00+00:00,8108.0,8111.3,8104.8,8105.8,1016.0
2025-12-08 20:00:00+00:00,8106.0,8112.6,8104.8,8110.0,712.0
2025-12-09 07:00:00+00:00,8120.0,8120.0,8106.0,8113.8,565.0
2025-12-09 08:00:00+00:00,8113.8,8139.0,8106.8,8109.2,3922.0
2025-12-09 09:00:00+00:00,8110.0,8110.2,8076.8,8082.0,2874.0
2025-12-09 10:00:00+00:00,8081.8,8086.5,8069.0,8082.8,2670.0
2025-12-09 11:00:00+00:00,8082.5,8084.5,8057.8,8061.0,2714.0
2025-12-09 12:00:00+00:00,8060.0,8064.8,8054.5,8064.8,1884.0
2025-12-09 13:00:00+00:00,8064.5,8071.0,8059.0,8067.5,2013.0
2025-12-09 14:00:00+00:00,8067.8,8072.2,8060.8,8071.5,3041.0
2025-12-09 15:00:00+00:00,8071.2,8073.5,8045.8,8048.8,3098.0
2025-12-09 16:00:00+00:00,8049.0,8060.2,8043.3,8044.0,2313.0
2025-12-09 17:00:00+00:00,8043.0,8045.8,8026.8,8034.0,1473.0
2025-12-09 18:00:00+00:00,8033.8,8042.3,8030.3,8038.8,919.0
2025-12-09 19:00:00+00:00,8038.6,8039.3,8034.6,8036.6,515.0
2025-12-09 20:00:00+00:00,8036.3,8039.0,8030.0,8033.6,684.0
2025-12-10 07:00:00+00:00,8027.8,8036.3,8024.8,8029.6,496.0
2025-12-10 08:00:00+00:00,8029.8,8045.5,8011.8,8030.5,4535.0
2025-12-10 09:00:00+00:00,8030.8,8044.8,8005.0,8032.8,3439.0
2025-12-10 10:00:00+00:00,8033.0,8038.2,8013.0,8016.0,2743.0
2025-12-10 11:00:00+00:00,8015.8,8029.0,8011.5,8027.3,1694.0
2025-12-10 12:00:00+00:00,8028.8,8037.6,8026.6,8030.3,1555.0
2025-12-10 13:00:00+00:00,8030.6,8037.3,8023.6,8024.0,2053.0
2025-12-10 14:00:00+00:00,8023.8,8030.0,8020.6,8023.3,3032.0
2025-12-10 15:00:00+00:00,8023.0,8029.8,8014.6,8017.3,3263.0
2025-12-10 16:00:00+00:00,8017.0,8029.6,8008.6,8028.8,2386.0
2025-12-10 17:00:00+00:00,8028.6,8039.8,8021.8,8039.4,908.0
2025-12-10 18:00:00+00:00,8039.1,8042.8,8034.4,8036.4,1039.0
2025-12-10 19:00:00+00:00,8034.4,8062.6,8034.4,8058.8,5848.0
2025-12-10 20:00:00+00:00,8059.1,8079.1,8055.6,8062.4,2760.0
2025-12-11 07:00:00+00:00,8026.6,8042.4,8001.6,8042.4,954.0
2025-12-11 08:00:00+00:00,8042.3,8074.6,8008.0,8071.8,6155.0
2025-12-11 09:00:00+00:00,8071.0,8075.8,8048.6,8051.3,3710.0
2025-12-11 10:00:00+00:00,8052.0,8069.3,8046.8,8067.6,2777.0
2025-12-11 11:00:00+00:00,8067.8,8069.3,8048.6,8048.8,2165.0
2025-12-11 12:00:00+00:00,8049.0,8064.8,8044.6,8060.3,1774.0
2025-12-11 13:00:00+00:00,8060.6,8073.0,8060.3,8072.6,2041.0
2025-12-11 14:00:00+00:00,8072.8,8094.0,8072.0,8077.8,3931.0
2025-12-11 15:00:00+00:00,8078.6,8105.0,8077.0,8102.3,3768.0
2025-12-11 16:00:00+00:00,8102.0,8108.3,8079.8,8088.6,3006.0
2025-12-11 17:00:00+00:00,8088.8,8106.8,8087.6,8106.8,1637.0
2025-12-11 18:00:00+00:00,8107.1,8110.1,8094.6,8100.8,1156.0
2025-12-11 19:00:00+00:00,8101.1,8110.6,8100.8,8109.4,645.0
2025-12-11 20:00:00+00:00,8110.1,8111.6,8100.8,8105.8,835.0
2025-12-12 07:00:00+00:00,8113.8,8129.8,8109.1,8111.8,548.0
2025-12-12 08:00:00+00:00,8110.1,8149.6,8095.0,8138.8,4542.0
2025-12-12 09:00:00+00:00,8138.0,8151.3,8127.6,8142.3,3217.0
2025-12-12 10:00:00+00:00,8142.0,8157.6,8132.6,8136.8,2344.0
2025-12-12 11:00:00+00:00,8136.6,8138.0,8128.0,8132.3,1433.0
2025-12-12 12:00:00+00:00,8132.0,8132.6,8116.6,8118.0,1363.0
2025-12-12 13:00:00+00:00,8117.8,8132.2,8110.3,8130.7,1590.0
2025-12-12 14:00:00+00:00,8131.0,8147.0,8130.2,8130.7,2784.0
2025-12-12 15:00:00+00:00,8130.0,8132.7,8083.4,8086.7,6143.0
2025-12-12 16:00:00+00:00,8085.2,8092.7,8055.0,8066.8,6014.0
2025-12-12 17:00:00+00:00,8066.5,8086.8,8065.2,8076.2,3690.0
2025-12-12 18:00:00+00:00,8077.0,8092.8,8076.0,8084.8,2457.0
2025-12-12 19:00:00+00:00,8085.0,8086.5,8078.2,8081.0,2008.0
2025-12-12 20:00:00+00:00,8080.8,8081.2,8067.0,8077.8,1388.0
2025-12-15 07:00:00+00:00,8104.3,8110.3,8083.8,8084.0,556.0
2025-12-15 08:00:00+00:00,8084.3,8132.5,8080.8,8120.5,4720.0
2025-12-15 09:00:00+00:00,8120.2,8144.5,8117.0,8142.0,2222.0
2025-12-15 10:00:00+00:00,8141.8,8155.8,8138.5,8153.2,1694.0
2025-12-15 11:00:00+00:00,8154.0,8164.0,8153.0,8162.0,1357.0
2025-12-15 12:00:00+00:00,8161.7,8163.0,8141.7,8156.0,1595.0
2025-12-15 13:00:00+00:00,8155.7,8163.4,8147.2,8157.4,1606.0
2025-12-15 14:00:00+00:00,8157.7,8162.4,8142.2,8142.7,3496.0
2025-12-15 15:00:00+00:00,8142.4,8144.7,8120.0,8121.4,4284.0
2025-12-15 16:00:00+00:00,8122.4,8141.0,8116.8,8121.0,2979.0
2025-12-15 17:00:00+00:00,8121.2,8129.8,8111.0,8116.0,2717.0
2025-12-15 18:00:00+00:00,8115.8,8123.5,8112.5,8122.0,1673.0
2025-12-15 19:00:00+00:00,8122.2,8130.8,8118.8,8130.5,1764.0
2025-12-15 20:00:00+00:00,8130.2,8137.8,8127.5,8134.0,1269.0
2025-12-16 07:00:00+00:00,8108.8,8112.0,8098.8,8109.8,853.0
2025-12-16 08:00:00+00:00,8110.0,8141.2,8108.2,8138.0,3854.0
2025-12-16 09:00:00+00:00,8138.2,8152.2,8128.2,8129.7,2079.0
2025-12-16 10:00:00+00:00,8129.4,8138.7,8122.2,8123.4,1508.0
2025-12-16 11:00:00+00:00,8123.2,8123.4,8112.7,8116.2,1442.0
2025-12-16 12:00:00+00:00,8116.0,8126.0,8108.0,8123.2,1149.0
2025-12-16 13:00:00+00:00,8124.0,8138.7,8118.7,8121.2,2198.0
2025-12-16 14:00:00+00:00,8120.4,8122.4,8094.2,8100.7,3517.0
2025-12-16 15:00:00+00:00,8100.4,8114.0,8087.7,8113.7,3639.0
2025-12-16 16:00:00+00:00,8114.0,8127.2,8100.2,8126.2,3698.0
2025-12-16 17:00:00+00:00,8127.2,8133.0,8108.8,8111.0,3174.0
2025-12-16 18:00:00+00:00,8110.8,8132.0,8093.0,8127.5,3000.0
2025-12-16 19:00:00+00:00,8126.5,8132.2,8111.8,8129.5,2637.0
2025-12-16 20:00:00+00:00,8129.2,8137.2,8126.0,8126.0,1272.0
2025-12-17 07:00:00+00:00,8126.2,8144.5,8122.0,8129.5,750.0
2025-12-17 08:00:00+00:00,8129.2,8138.2,8108.7,8126.2,4092.0
2025-12-17 09:00:00+00:00,8126.4,8127.2,8100.7,8114.7,2687.0
2025-12-17 10:00:00+00:00,8115.0,8117.7,8098.7,8101.2,1343.0
2025-12-17 11:00:00+00:00,8101.4,8106.7,8089.2,8091.7,1178.0
2025-12-17 12:00:00+00:00,8091.4,8097.7,8080.2,8090.0,1107.0
2025-12-17 13:00:00+00:00,8089.7,8093.4,8077.0,8081.7,2059.0
2025-12-17 14:00:00+00:00,8082.0,8118.4,8077.4,8116.2,3168.0
2025-12-17 15:00:00+00:00,8116.4,8117.4,8086.2,8090.7,3902.0
2025-12-17 16:00:00+00:00,8090.4,8106.2,8086.8,8106.2,4152.0
2025-12-17 17:00:00+00:00,8106.5,8111.8,8098.5,8104.5,2017.0
2025-12-17 18:00:00+00:00,8106.0,8110.2,8087.0,8089.8,1405.0
2025-12-17 19:00:00+00:00,8090.0,8097.5,8086.0,8094.2,1367.0
2025-12-17 20:00:00+00:00,8094.5,8099.8,8083.5,8084.8,762.0
2025-12-18 07:00:00+00:00,8101.5,8106.2,8090.0,8090.5,606.0
2025-12-18 08:00:00+00:00,8090.4,8110.7,8089.0,8109.4,3817.0
2025-12-18 09:00:00+00:00,8109.2,8120.7,8105.0,8114.7,2384.0
2025-12-18 10:00:00+00:00,8114.4,8123.1,8111.2,8117.6,1390.0
2025-12-18 11:00:00+00:00,8117.8,8121.1,8101.1,8107.1,1248.0
2025-12-18 12:00:00+00:00,8107.8,8113.8,8098.6,8103.6,1418.0
2025-12-18 13:00:00+00:00,8103.8,8123.8,8100.6,8107.4,2246.0
2025-12-18 14:00:00+00:00,8107.1,8132.4,8106.1,8128.1,3660.0
2025-12-18 15:00:00+00:00,8128.4,8162.1,8121.6,8162.1,3636.0
2025-12-18 16:00:00+00:00,8161.8,8173.4,8151.2,8153.9,2643.0
2025-12-18 17:00:00+00:00,8154.2,8154.4,8119.9,8144.4,2500.0
2025-12-18 18:00:00+00:00,8145.4,8153.4,8139.6,8145.9,883.0
2025-12-18 19:00:00+00:00,8147.6,8147.6,8129.6,8134.9,851.0
2025-12-18 20:00:00+00:00,8135.4,8149.2,8132.6,8136.6,590.0
2025-12-19 07:00:00+00:00,8138.6,8153.2,8138.6,8142.6,594.0
2025-12-19 08:00:00+00:00,8142.6,8169.1,8132.1,8154.6,3140.0
2025-12-19 09:00:00+00:00,8154.4,8166.1,8146.6,8163.6,2171.0
2025-12-19 10:00:00+00:00,8162.6,8167.1,8152.6,8155.4,2348.0
2025-12-19 11:00:00+00:00,8155.1,8157.1,8135.1,8149.6,1645.0
2025-12-19 12:00:00+00:00,8150.4,8153.0,8140.2,8148.0,1865.0
2025-12-19 13:00:00+00:00,8147.8,8153.5,8139.0,8145.5,1675.0
2025-12-19 14:00:00+00:00,8145.2,8166.0,8141.0,8165.2,2705.0
2025-12-19 15:00:00+00:00,8165.0,8181.8,8162.5,8172.0,2795.0
2025-12-19 16:00:00+00:00,8171.0,8184.8,8154.3,8165.3,2802.0
2025-12-19 17:00:00+00:00,8165.0,8170.6,8155.8,8169.0,1391.0
2025-12-19 18:00:00+00:00,8168.8,8173.3,8160.3,8160.3,1294.0
2025-12-19 19:00:00+00:00,8160.6,8167.8,8159.8,8164.0,772.0
2025-12-19 20:00:00+00:00,8163.8,8165.8,8140.3,8149.3,1003.0
2025-12-22 07:00:00+00:00,8147.0,8159.8,8137.6,8145.3,783.0
2025-12-22 08:00:00+00:00,8145.0,8151.0,8127.5,8129.8,3111.0
2025-12-22 09:00:00+00:00,8130.0,8142.8,8128.0,8130.8,2257.0
2025-12-22 10:00:00+00:00,8130.5,8132.8,8117.0,8125.0,1713.0
2025-12-22 11:00:00+00:00,8125.2,8128.2,8115.8,8118.2,1260.0
2025-12-22 12:00:00+00:00,8118.5,8133.5,8118.5,8127.2,1277.0
2025-12-22 13:00:00+00:00,8127.5,8128.8,8105.2,8118.0,1280.0
2025-12-22 14:00:00+00:00,8118.2,8122.2,8105.8,8106.0,3036.0
2025-12-22 15:00:00+00:00,8106.2,8131.5,8104.2,8128.0,2709.0
2025-12-22 16:00:00+00:00,8128.2,8134.6,8118.6,8122.6,1937.0
2025-12-22 17:00:00+00:00,8122.8,8127.3,8116.8,8126.6,552.0
2025-12-22 18:00:00+00:00,8126.3,8127.8,8119.6,8122.6,684.0
2025-12-22 19:00:00+00:00,8122.8,8127.6,8120.6,8127.3,427.0
2025-12-22 20:00:00+00:00,8128.6,8131.6,8126.6,8130.8,551.0
2025-12-23 07:00:00+00:00,8131.8,8138.0,8120.0,8124.8,538.0
2025-12-23 08:00:00+00:00,8124.8,8131.5,8102.5,8106.5,3358.0
2025-12-23 09:00:00+00:00,8106.2,8112.2,8099.8,8107.8,1951.0
2025-12-23 10:00:00+00:00,8108.5,8115.5,8108.0,8110.5,1320.0
2025-12-23 11:00:00+00:00,8110.8,8115.5,8104.8,8106.5,672.0
2025-12-23 12:00:00+00:00,8105.8,8108.5,8101.2,8104.8,731.0
2025-12-23 13:00:00+00:00,8104.5,8107.5,8090.0,8094.5,1260.0
2025-12-23 14:00:00+00:00,8094.8,8122.5,8093.5,8118.0,1813.0
2025-12-23 15:00:00+00:00,8118.2,8118.2,8108.0,8117.5,1867.0
2025-12-23 16:00:00+00:00,8117.8,8118.0,8101.3,8108.0,2209.0
2025-12-23 17:00:00+00:00,8107.8,8108.8,8100.8,8100.8,533.0
2025-12-23 18:00:00+00:00,8101.6,8110.3,8099.3,8106.6,329.0
2025-12-23 19:00:00+00:00,8106.3,8108.8,8098.3,8099.6,290.0
2025-12-23 20:00:00+00:00,8098.6,8106.3,8097.3,8100.3,504.0
2025-12-24 07:00:00+00:00,8096.6,8108.0,8087.6,8107.8,352.0
2025-12-24 08:00:00+00:00,8107.8,8145.2,8106.2,8125.5,1799.0
2025-12-24 09:00:00+00:00,8126.2,8128.8,8114.2,8120.5,529.0
2025-12-24 10:00:00+00:00,8120.8,8128.5,8115.2,8127.5,359.0
2025-12-24 11:00:00+00:00,8127.2,8128.2,8119.0,8120.5,219.0
2025-12-24 12:00:00+00:00,8120.8,8122.2,8107.8,8110.2,387.0
2025-12-29 07:00:00+00:00,8127.6,8137.3,8115.8,8124.0,739.0
2025-12-29 08:00:00+00:00,8124.3,8132.0,8094.5,8096.5,4174.0
2025-12-29 09:00:00+00:00,8097.2,8111.0,8087.0,8096.8,2019.0
2025-12-29 10:00:00+00:00,8097.0,8111.8,8088.0,8108.2,1446.0
2025-12-29 11:00:00+00:00,8108.5,8127.8,8107.5,8121.5,1100.0
2025-12-29 12:00:00+00:00,8121.2,8127.8,8111.0,8114.0,1017.0
2025-12-29 13:00:00+00:00,8114.2,8125.5,8112.0,8123.0,1179.0
2025-12-29 14:00:00+00:00,8122.8,8137.2,8116.5,8116.8,2655.0
2025-12-29 15:00:00+00:00,8117.0,8136.2,8112.2,8135.0,2564.0
2025-12-29 16:00:00+00:00,8134.8,8137.8,8107.8,8116.3,2185.0
2025-12-29 17:00:00+00:00,8117.0,8119.6,8109.8,8117.6,886.0
2025-12-29 18:00:00+00:00,8117.3,8124.8,8116.0,8118.6,600.0
2025-12-29 19:00:00+00:00,8117.6,8123.3,8113.6,8122.3,683.0
2025-12-29 20:00:00+00:00,8122.6,8123.8,8113.8,8115.0,411.0
2025-12-30 07:00:00+00:00,8113.3,8115.3,8100.0,8101.6,344.0
2025-12-30 08:00:00+00:00,8101.5,8117.2,8093.2,8117.0,1882.0
2025-12-30 09:00:00+00:00,8117.8,8141.5,8115.8,8140.2,1502.0
2025-12-30 10:00:00+00:00,8140.5,8145.0,8137.2,8141.0,1445.0
2025-12-30 11:00:00+00:00,8141.2,8148.8,8128.5,8147.8,884.0
2025-12-30 12:00:00+00:00,8148.0,8163.0,8147.0,8158.0,1149.0
2025-12-30 13:00:00+00:00,8158.8,8163.0,8151.2,8153.5,842.0
2025-12-30 14:00:00+00:00,8153.8,8166.8,8152.0,8165.8,1154.0
2025-12-30 15:00:00+00:00,8166.0,8187.0,8160.8,8184.0,1487.0
2025-12-30 16:00:00+00:00,8183.8,8192.0,8160.0,8182.6,2010.0
2025-12-30 17:00:00+00:00,8181.8,8184.0,8176.3,8177.6,701.0
2025-12-30 18:00:00+00:00,8178.3,8185.3,8174.0,8176.6,553.0
2025-12-30 19:00:00+00:00,8178.0,8179.6,8174.3,8177.0,469.0
2025-12-30 20:00:00+00:00,8176.8,8179.0,8165.3,8166.6,611.0
2025-12-31 07:00:00+00:00,8146.0,8153.8,8139.8,8148.2,199.0
2025-12-31 08:00:00+00:00,8146.8,8147.2,8116.7,8118.2,881.0
2025-12-31 09:00:00+00:00,8119.2,8131.4,8116.7,8118.2,649.0
2025-12-31 10:00:00+00:00,8120.2,8125.4,8113.7,8115.7,497.0
2025-12-31 11:00:00+00:00,8116.0,8122.4,8113.7,8121.2,401.0
2025-12-31 12:00:00+00:00,8121.4,8144.4,8121.4,8143.0,638.0
2026-01-02 07:00:00+00:00,8152.0,8155.0,8109.0,8120.0,841.0
2026-01-02 08:00:00+00:00,8120.0,8216.2,8088.7,8213.2,4298.0
2026-01-02 09:00:00+00:00,8213.0,8222.2,8182.7,8182.7,2882.0
2026-01-02 10:00:00+00:00,8183.7,8183.7,8149.0,8166.2,2449.0
2026-01-02 11:00:00+00:00,8166.4,8182.6,8163.2,8181.0,1321.0
2026-01-02 12:00:00+00:00,8181.3,8181.8,8165.3,8179.8,1351.0
2026-01-02 13:00:00+00:00,8179.6,8206.0,8177.3,8204.8,1332.0
2026-01-02 14:00:00+00:00,8204.6,8211.8,8197.8,8199.8,2760.0
2026-01-02 15:00:00+00:00,8199.6,8201.6,8166.0,8186.3,4578.0
2026-01-02 16:00:00+00:00,8186.6,8205.8,8168.3,8205.2,4956.0
2026-01-02 17:00:00+00:00,8205.0,8209.0,8190.8,8192.0,3205.0
2026-01-02 18:00:00+00:00,8191.4,8193.8,8182.8,8192.2,1607.0
2026-01-02 19:00:00+00:00,8190.8,8215.5,8190.1,8213.8,1882.0
2026-01-02 20:00:00+00:00,8213.5,8215.5,8205.5,8212.0,1334.0
2026-01-05 07:00:00+00:00,8246.0,8258.8,8232.2,8243.0,858.0
2026-01-05 08:00:00+00:00,8241.0,8255.8,8214.8,8240.8,7018.0
2026-01-05 09:00:00+00:00,8240.0,8244.8,8212.3,8215.8,3476.0
2026-01-05 10:00:00+00:00,8215.6,8217.0,8186.3,8195.0,2625.0
2026-01-05 11:00:00+00:00,8195.3,8205.6,8190.6,8200.8,2088.0
2026-01-05 12:00:00+00:00,8201.0,8209.8,8194.6,8199.6,1779.0
2026-01-05 13:00:00+00:00,8199.8,8204.6,8185.0,8199.8,1920.0
2026-01-05 14:00:00+00:00,8199.6,8209.1,8191.1,8195.8,3767.0
2026-01-05 15:00:00+00:00,8196.6,8197.4,8175.1,8194.4,4208.0
2026-01-05 16:00:00+00:00,8194.6,8219.4,8190.4,8211.6,3084.0
2026-01-05 17:00:00+00:00,8211.9,8218.4,8211.6,8213.9,1287.0
2026-01-05 18:00:00+00:00,8213.6,8214.9,8205.4,8209.2,818.0
2026-01-05 19:00:00+00:00,8208.2,8214.9,8208.2,8210.2,547.0
2026-01-05 20:00:00+00:00,8209.9,8217.9,8208.9,8216.9,877.0
2026-01-06 07:00:00+00:00,8224.4,8228.4,8212.6,8220.6,334.0
2026-01-06 08:00:00+00:00,8221.4,8222.1,8188.6,8189.8,4696.0
2026-01-06 09:00:00+00:00,8191.1,8196.6,8158.4,8168.6,3084.0
2026-01-06 10:00:00+00:00,8168.8,8175.1,8160.6,8163.1,2014.0
2026-01-06 11:00:00+00:00,8163.4,8182.8,8163.1,8179.1,1269.0
2026-01-06 12:00:00+00:00,8179.4,8186.4,8169.6,8185.6,1166.0
2026-01-06 13:00:00+00:00,8186.6,8215.1,8186.6,8212.1,1878.0
2026-01-06 14:00:00+00:00,8212.4,8238.4,8210.1,8237.1,3328.0
2026-01-06 15:00:00+00:00,8237.4,8258.4,8233.8,8242.1,4401.0
2026-01-06 16:00:00+00:00,8241.8,8256.1,8235.6,8240.9,2864.0
2026-01-06 17:00:00+00:00,8240.6,8258.4,8238.9,8253.9,817.0
2026-01-06 18:00:00+00:00,8254.2,8270.4,8253.4,8270.2,615.0
2026-01-06 19:00:00+00:00,8269.4,8278.4,8268.9,8275.9,582.0
2026-01-06 20:00:00+00:00,8276.2,8281.9,8266.2,8269.6,720.0
2026-01-07 07:00:00+00:00,8268.4,8278.4,8264.6,8266.4,617.0
2026-01-07 08:00:00+00:00,8266.4,8269.8,8212.6,8218.9,5507.0
2026-01-07 09:00:00+00:00,8217.4,8237.9,8211.4,8226.6,3802.0
2026-01-07 10:00:00+00:00,8226.4,8247.2,8218.2,8239.9,2654.0
2026-01-07 11:00:00+00:00,8241.4,8247.4,8235.4,8240.4,1728.0
2026-01-07 12:00:00+00:00,8240.2,8244.4,8222.9,8237.4,1924.0
2026-01-07 13:00:00+00:00,8237.6,8251.9,8236.2,8250.2,1594.0
2026-01-07 14:00:00+00:00,8249.9,8252.4,8221.9,8224.2,3289.0
2026-01-07 15:00:00+00:00,8223.9,8240.6,8214.4,8238.4,3853.0
2026-01-07 16:00:00+00:00,8238.6,8252.6,8235.2,8248.0,2391.0
2026-01-07 17:00:00+00:00,8248.2,8251.7,8242.7,8242.7,870.0
2026-01-07 18:00:00+00:00,8243.0,8249.7,8238.0,8249.4,1135.0
2026-01-07 19:00:00+00:00,8249.7,8255.7,8241.0,8254.4,674.0
2026-01-07 20:00:00+00:00,8254.7,8256.2,8238.4,8240.7,835.0
2026-01-08 07:00:00+00:00,8223.0,8232.2,8217.0,8219.2,590.0
2026-01-08 08:00:00+00:00,8219.2,8235.4,8209.2,8221.4,5710.0
2026-01-08 09:00:00+00:00,8221.6,8231.4,8215.4,8215.9,2922.0
2026-01-08 10:00:00+00:00,8216.2,8220.2,8207.9,8209.4,2247.0
2026-01-08 11:00:00+00:00,8209.6,8225.9,8209.2,8220.4,1811.0
2026-01-08 12:00:00+00:00,8220.2,8222.2,8202.9,8211.2,1646.0
2026-01-08 13:00:00+00:00,8210.9,8227.4,8206.4,8222.6,1863.0
2026-01-08 14:00:00+00:00,8222.9,8236.9,8219.2,8235.4,4001.0
2026-01-08 15:00:00+00:00,8235.6,8257.9,8233.6,8255.2,3823.0
2026-01-08 16:00:00+00:00,8254.9,8257.6,8235.2,8253.4,2458.0
2026-01-08 17:00:00+00:00,8253.2,8259.0,8249.4,8256.4,815.0
2026-01-08 18:00:00+00:00,8256.2,8263.0,8251.4,8261.0,991.0
2026-01-08 19:00:00+00:00,8260.2,8270.4,8259.4,8267.4,1203.0
2026-01-08 20:00:00+00:00,8266.7,8274.7,8265.0,8274.4,645.0
2026-01-09 07:00:00+00:00,8269.4,8280.4,8262.7,8273.4,737.0
2026-01-09 08:00:00+00:00,8274.2,8310.6,8265.4,8288.2,5162.0
2026-01-09 09:00:00+00:00,8288.4,8293.6,8277.2,8286.9,2585.0
2026-01-09 10:00:00+00:00,8286.9,8306.4,8285.4,8303.4,1932.0
2026-01-09 11:00:00+00:00,8303.2,8318.6,8302.9,8316.4,1188.0
2026-01-09 12:00:00+00:00,8316.6,8325.6,8310.4,8325.2,1556.0
2026-01-09 13:00:00+00:00,8324.9,8335.4,8314.4,8329.9,2216.0
2026-01-09 14:00:00+00:00,8330.2,8353.4,8324.4,8348.2,4195.0
2026-01-09 15:00:00+00:00,8348.9,8355.4,8310.6,8350.2,5299.0
2026-01-09 16:00:00+00:00,8349.9,8369.2,8343.2,8368.4,2174.0
2026-01-09 17:00:00+00:00,8368.7,8373.0,8365.0,8366.0,511.0
2026-01-09 18:00:00+00:00,8365.7,8372.2,8363.0,8366.2,477.0
2026-01-09 19:00:00+00:00,8366.4,8368.0,8362.4,8367.2,370.0
2026-01-09 20:00:00+00:00,8367.0,8368.0,8363.2,8366.4,412.0
2026-01-12 07:00:00+00:00,8364.0,8364.0,8345.7,8347.0,428.0
2026-01-12 08:00:00+00:00,8346.7,8348.4,8312.6,8322.9,4010.0
2026-01-12 09:00:00+00:00,8322.6,8344.2,8319.6,8340.9,2144.0
2026-01-12 10:00:00+00:00,8342.2,8344.2,8330.2,8342.2,1550.0
2026-01-12 11:00:00+00:00,8342.9,8351.6,8338.8,8350.6,1334.0
2026-01-12 12:00:00+00:00,8350.8,8364.8,8349.8,8364.6,1199.0
2026-01-12 13:00:00+00:00,8364.4,8374.8,8356.8,8373.4,1502.0
2026-01-12 14:00:00+00:00,8373.1,8380.8,8362.8,8365.8,2995.0
2026-01-12 15:00:00+00:00,8366.1,8366.8,8332.8,8348.6,2595.0
2026-01-12 16:00:00+00:00,8347.8,8366.9,8344.1,8360.6,1802.0
2026-01-12 17:00:00+00:00,8360.4,8364.4,8357.9,8360.6,486.0
2026-01-12 18:00:00+00:00,8360.4,8364.9,8359.9,8364.2,341.0
2026-01-12 19:00:00+00:00,8364.9,8369.9,8362.4,8369.2,274.0
2026-01-12 20:00:00+00:00,8368.2,8373.4,8363.6,8372.6,401.0
2026-01-13 07:00:00+00:00,8366.5,8379.0,8356.0,8356.2,490.0
2026-01-13 08:00:00+00:00,8356.2,8357.7,8330.7,8345.4,3015.0
2026-01-13 09:00:00+00:00,8345.2,8349.4,8327.4,8329.4,1603.0
2026-01-13 10:00:00+00:00,8329.2,8330.0,8310.0,8310.2,1512.0
2026-01-13 11:00:00+00:00,8311.2,8319.4,8311.0,8316.2,1159.0
2026-01-13 12:00:00+00:00,8316.0,8338.0,8312.4,8337.7,1154.0
2026-01-13 13:00:00+00:00,8337.0,8346.7,8331.7,8339.0,1629.0
2026-01-13 14:00:00+00:00,8338.7,8359.7,8338.7,8346.7,3387.0
2026-01-13 15:00:00+00:00,8346.0,8355.0,8325.0,8354.2,2993.0
2026-01-13 16:00:00+00:00,8355.0,8358.2,8335.4,8355.5,2074.0
2026-01-13 17:00:00+00:00,8355.8,8363.2,8350.5,8358.2,1456.0
2026-01-13 18:00:00+00:00,8358.0,8360.0,8351.2,8354.8,1212.0
2026-01-13 19:00:00+00:00,8353.8,8357.8,8349.5,8356.8,1073.0
2026-01-13 20:00:00+00:00,8356.5,8356.5,8343.0,8351.0,628.0
2026-01-14 07:00:00+00:00,8356.2,8366.5,8356.2,8358.8,442.0
2026-01-14 08:00:00+00:00,8358.7,8398.7,8358.4,8393.4,3691.0
2026-01-14 09:00:00+00:00,8393.2,8393.4,8377.4,8387.0,1886.0
2026-01-14 10:00:00+00:00,8386.7,8389.2,8355.4,8355.7,1818.0
2026-01-14 11:00:00+00:00,8356.0,8366.1,8353.6,8355.6,1718.0
2026-01-14 12:00:00+00:00,8355.8,8358.1,8346.1,8356.1,1792.0
2026-01-14 13:00:00+00:00,8356.4,8358.4,8344.6,8350.1,2377.0
2026-01-14 14:00:00+00:00,8350.8,8359.8,8347.4,8350.6,3322.0
2026-01-14 15:00:00+00:00,8349.6,8356.6,8329.4,8333.1,4130.0
2026-01-14 16:00:00+00:00,8333.4,8348.2,8322.6,8331.4,2592.0
2026-01-14 17:00:00+00:00,8331.2,8336.6,8327.2,8328.2,1441.0
2026-01-14 18:00:00+00:00,8327.9,8339.6,8324.2,8338.4,1559.0
2026-01-14 19:00:00+00:00,8337.2,8344.2,8335.9,8340.2,1136.0
2026-01-14 20:00:00+00:00,8339.9,8350.9,8333.9,8345.2,2104.0
2026-01-15 07:00:00+00:00,8375.9,8389.9,8367.4,8367.6,885.0
2026-01-15 08:00:00+00:00,8366.9,8372.4,8300.6,8302.6,5650.0
2026-01-15 09:00:00+00:00,8301.6,8320.6,8296.4,8297.8,3148.0
2026-01-15 10:00:00+00:00,8297.6,8314.1,8290.4,8312.1,1877.0
2026-01-15 11:00:00+00:00,8312.4,8316.1,8299.1,8303.1,1570.0
2026-01-15 12:00:00+00:00,8302.8,8317.4,8291.6,8312.4,1572.0
2026-01-15 13:00:00+00:00,8312.6,8324.1,8310.4,8314.8,1655.0
2026-01-15 14:00:00+00:00,8315.1,8328.4,8305.6,8312.6,3044.0
2026-01-15 15:00:00+00:00,8312.8,8318.4,8304.6,8318.4,2843.0
2026-01-15 16:00:00+00:00,8318.6,8330.5,8308.0,8314.8,2569.0
2026-01-15 17:00:00+00:00,8314.8,8314.8,8300.3,8301.0,755.0
2026-01-15 18:00:00+00:00,8300.8,8310.8,8300.6,8308.8,633.0
2026-01-15 19:00:00+00:00,8310.0,8312.0,8301.6,8302.0,814.0
2026-01-15 20:00:00+00:00,8301.0,8301.3,8289.8,8293.8,804.0
2026-01-16 07:00:00+00:00,8303.6,8312.0,8292.0,8306.6,524.0
2026-01-16 08:00:00+00:00,8306.5,8318.0,8274.5,8277.2,3513.0
2026-01-16 09:00:00+00:00,8277.5,8284.5,8267.5,8281.5,2043.0
2026-01-16 10:00:00+00:00,8281.8,8290.5,8269.5,8273.0,2205.0
2026-01-16 11:00:00+00:00,8272.8,8283.0,8254.5,8256.5,1824.0
2026-01-16 12:00:00+00:00,8257.2,8259.5,8247.2,8258.2,1655.0
2026-01-16 13:00:00+00:00,8258.5,8265.0,8252.2,8253.0,1480.0
2026-01-16 14:00:00+00:00,8254.0,8258.0,8237.8,8240.5,3070.0
2026-01-16 15:00:00+00:00,8240.8,8261.0,8237.8,8249.8,3413.0
2026-01-16 16:00:00+00:00,8249.5,8261.6,8244.2,8255.6,2071.0
2026-01-16 17:00:00+00:00,8255.3,8259.8,8253.3,8256.0,790.0
2026-01-16 18:00:00+00:00,8255.8,8264.0,8255.6,8259.0,704.0
2026-01-16 19:00:00+00:00,8258.3,8267.0,8256.3,8263.6,953.0
2026-01-16 20:00:00+00:00,8263.3,8265.3,8257.3,8262.3,635.0
2026-01-19 07:00:00+00:00,8105.0,8117.8,8078.8,8112.3,1504.0
2026-01-19 08:00:00+00:00,8112.2,8169.2,8112.2,8157.8,6134.0
2026-01-19 09:00:00+00:00,8158.8,8160.2,8133.5,8136.8,3457.0
2026-01-19 10:00:00+00:00,8136.0,8156.5,8122.0,8122.5,1995.0
2026-01-19 11:00:00+00:00,8122.2,8135.5,8121.5,8132.5,1835.0
2026-01-19 12:00:00+00:00,8132.2,8144.2,8126.8,8138.0,1266.0
2026-01-19 13:00:00+00:00,8137.8,8152.8,8137.5,8150.5,1532.0
2026-01-19 14:00:00+00:00,8150.8,8150.8,8118.2,8131.5,1926.0
2026-01-19 15:00:00+00:00,8131.2,8131.2,8093.8,8095.0,2525.0
2026-01-19 16:00:00+00:00,8095.2,8122.8,8094.0,8106.0,2400.0
2026-01-19 17:00:00+00:00,8105.0,8114.0,8104.0,8110.0,530.0
2026-01-19 18:00:00+00:00,8109.8,8109.8,8097.8,8101.3,90.0
2026-01-19 19:00:00+00:00,8101.6,8103.6,8100.6,8100.6,41.0
2026-01-19 20:00:00+00:00,8101.8,8101.8,8096.3,8098.6,59.0
2026-01-20 07:00:00+00:00,8062.0,8069.8,8034.0,8057.0,1364.0
2026-01-20 08:00:00+00:00,8056.8,8063.2,8027.0,8033.0,7118.0
2026-01-20 09:00:00+00:00,8033.8,8035.5,8008.4,8009.7,4066.0
2026-01-20 10:00:00+00:00,8009.4,8023.0,7998.2,8009.7,2924.0
2026-01-20 11:00:00+00:00,8009.4,8019.4,7998.7,8009.4,2513.0
2026-01-20 12:00:00+00:00,8009.2,8043.2,8006.2,8039.2,2198.0
2026-01-20 13:00:00+00:00,8040.0,8045.7,8019.4,8024.2,3021.0
2026-01-20 14:00:00+00:00,8024.0,8052.7,8016.0,8045.2,5713.0
2026-01-20 15:00:00+00:00,8046.2,8063.7,8034.2,8053.2,5100.0
2026-01-20 16:00:00+00:00,8053.4,8068.8,8050.0,8067.5,4078.0
2026-01-20 17:00:00+00:00,8067.2,8071.2,8047.5,8052.2,2786.0
2026-01-20 18:00:00+00:00,8052.0,8058.5,8035.2,8038.5,2357.0
2026-01-20 19:00:00+00:00,8038.2,8042.8,8026.2,8036.0,2599.0
2026-01-20 20:00:00+00:00,8035.8,8048.2,8028.8,8041.2,2443.0
2026-01-21 07:00:00+00:00,8058.0,8079.0,8051.8,8060.5,845.0
2026-01-21 08:00:00+00:00,8060.4,8080.2,8050.4,8061.2,5594.0
2026-01-21 09:00:00+00:00,8061.0,8068.4,8042.4,8044.7,3062.0
2026-01-21 10:00:00+00:00,8045.7,8067.7,8040.4,8049.4,2366.0
2026-01-21 11:00:00+00:00,8049.7,8059.0,8032.0,8032.2,2393.0
2026-01-21 12:00:00+00:00,8031.4,8045.0,8026.4,8036.7,2321.0
2026-01-21 13:00:00+00:00,8037.0,8039.0,8015.2,8035.0,2809.0
2026-01-21 14:00:00+00:00,8034.7,8089.7,8029.0,8089.7,10198.0
2026-01-21 15:00:00+00:00,8090.7,8093.2,8068.4,8083.2,3733.0
2026-01-21 16:00:00+00:00,8082.4,8083.0,8037.5,8039.8,4070.0
2026-01-21 17:00:00+00:00,8039.5,8045.0,8020.8,8039.2,5237.0
2026-01-21 18:00:00+00:00,8039.5,8049.2,8025.0,8046.2,1951.0
2026-01-21 19:00:00+00:00,8047.0,8205.5,8039.5,8194.0,8648.0
2026-01-21 20:00:00+00:00,8194.8,8195.5,8152.2,8159.5,3511.0
2026-01-22 07:00:00+00:00,8150.8,8163.8,8134.8,8163.2,1495.0
2026-01-22 08:00:00+00:00,8163.2,8182.0,8151.2,8164.2,5891.0
2026-01-22 09:00:00+00:00,8164.4,8187.0,8163.0,8180.0,2958.0
2026-01-22 10:00:00+00:00,8180.7,8183.4,8152.7,8159.0,2458.0
2026-01-22 11:00:00+00:00,8158.7,8170.7,8142.4,8150.0,2844.0
2026-01-22 12:00:00+00:00,8149.7,8172.0,8145.4,8160.7,1773.0
2026-01-22 13:00:00+00:00,8161.0,8163.7,8143.2,8160.7,2031.0
2026-01-22 14:00:00+00:00,8160.4,8191.2,8156.0,8162.0,3212.0
2026-01-22 15:00:00+00:00,8162.4,8167.2,8143.7,8152.0,3155.0
2026-01-22 16:00:00+00:00,8151.7,8166.7,8141.2,8145.0,2153.0
2026-01-22 17:00:00+00:00,8144.8,8150.2,8139.2,8146.8,1200.0
2026-01-22 18:00:00+00:00,8146.0,8150.0,8136.8,8145.2,1128.0
2026-01-22 19:00:00+00:00,8146.2,8152.2,8134.2,8135.5,1026.0
2026-01-22 20:00:00+00:00,8135.2,8144.8,8134.5,8137.8,954.0
2026-01-23 07:00:00+00:00,8127.8,8131.5,8104.5,8116.5,1027.0
2026-01-23 08:00:00+00:00,8118.0,8145.4,8107.7,8128.2,4446.0
2026-01-23 09:00:00+00:00,8128.4,8156.0,8122.4,8122.4,2554.0
2026-01-23 10:00:00+00:00,8122.2,8123.4,8096.3,8112.8,2411.0
2026-01-23 11:00:00+00:00,8113.0,8127.8,8107.3,8120.3,2101.0
2026-01-23 12:00:00+00:00,8120.6,8129.3,8113.6,8126.6,1405.0
2026-01-23 13:00:00+00:00,8126.8,8133.3,8121.8,8127.0,1983.0
2026-01-23 14:00:00+00:00,8127.8,8131.3,8113.8,8128.0,2921.0
2026-01-23 15:00:00+00:00,8128.3,8145.6,8115.3,8141.8,2437.0
2026-01-23 16:00:00+00:00,8141.6,8151.6,8129.1,8148.4,2786.0
2026-01-23 17:00:00+00:00,8148.6,8153.4,8133.6,8136.1,1981.0
2026-01-23 18:00:00+00:00,8135.8,8150.6,8135.4,8148.4,1946.0
2026-01-23 19:00:00+00:00,8147.6,8156.4,8146.8,8152.8,1037.0
2026-01-23 20:00:00+00:00,8152.1,8154.4,8146.6,8151.6,1135.0
2026-01-26 07:00:00+00:00,8144.1,8160.1,8140.6,8146.8,799.0
2026-01-26 08:00:00+00:00,8146.8,8147.6,8119.3,8127.6,4971.0
2026-01-26 09:00:00+00:00,8126.0,8134.0,8106.8,8111.0,2856.0
2026-01-26 10:00:00+00:00,8111.3,8125.8,8106.0,8113.3,1936.0
2026-01-26 11:00:00+00:00,8113.0,8118.8,8112.3,8118.6,1313.0
2026-01-26 12:00:00+00:00,8117.3,8132.6,8116.8,8128.8,1275.0
2026-01-26 13:00:00+00:00,8128.6,8138.6,8123.8,8137.8,1401.0
2026-01-26 14:00:00+00:00,8138.0,8161.8,8138.0,8145.4,2627.0
2026-01-26 15:00:00+00:00,8145.6,8160.4,8133.6,8140.6,2891.0
2026-01-26 16:00:00+00:00,8140.8,8142.8,8129.4,8138.6,2271.0
2026-01-26 17:00:00+00:00,8138.4,8154.2,8136.2,8151.6,608.0
2026-01-26 18:00:00+00:00,8150.9,8153.4,8146.4,8149.6,636.0
2026-01-26 19:00:00+00:00,8148.9,8150.6,8139.2,8140.9,656.0
2026-01-26 20:00:00+00:00,8140.6,8148.6,8135.2,8138.4,608.0
2026-01-27 07:00:00+00:00,8160.2,8165.2,8139.6,8143.6,800.0
2026-01-27 08:00:00+00:00,8143.9,8154.6,8118.1,8131.8,4536.0
2026-01-27 09:00:00+00:00,8131.6,8138.8,8123.4,8136.6,2044.0
2026-01-27 10:00:00+00:00,8136.4,8148.1,8129.1,8142.1,1287.0
2026-01-27 11:00:00+00:00,8141.4,8161.8,8139.4,8156.1,1471.0
2026-01-27 12:00:00+00:00,8157.1,8171.0,8154.0,8167.0,1333.0
2026-01-27 13:00:00+00:00,8168.0,8176.0,8160.8,8164.8,1505.0
2026-01-27 14:00:00+00:00,8165.0,8171.5,8159.0,8159.2,2738.0
2026-01-27 15:00:00+00:00,8159.0,8164.0,8142.2,8158.5,2842.0
2026-01-27 16:00:00+00:00,8158.2,8171.3,8127.0,8148.0,2759.0
2026-01-27 17:00:00+00:00,8147.8,8155.0,8136.8,8138.0,1004.0
2026-01-27 18:00:00+00:00,8137.8,8143.3,8130.6,8140.8,750.0
2026-01-27 19:00:00+00:00,8141.8,8148.6,8139.8,8145.0,468.0
2026-01-27 20:00:00+00:00,8144.0,8152.0,8117.8,8125.3,711.0
2026-01-28 07:00:00+00:00,8143.0,8143.0,8100.3,8101.6,1498.0
2026-01-28 08:00:00+00:00,8101.5,8115.5,8055.8,8064.2,6800.0
2026-01-28 09:00:00+00:00,8065.0,8071.5,8060.0,8068.8,3093.0
2026-01-28 10:00:00+00:00,8068.5,8085.5,8061.5,8080.5,2578.0
2026-01-28 11:00:00+00:00,8080.8,8086.5,8068.5,8071.5,2082.0
2026-01-28 12:00:00+00:00,8071.8,8077.5,8022.2,8023.8,4534.0
2026-01-28 13:00:00+00:00,8023.5,8052.8,8023.5,8043.8,3606.0
2026-01-28 14:00:00+00:00,8044.0,8070.8,8044.0,8063.8,5818.0
2026-01-28 15:00:00+00:00,8063.6,8092.4,8063.1,8088.1,5759.0
2026-01-28 16:00:00+00:00,8087.8,8090.6,8061.6,8070.2,2738.0
2026-01-28 17:00:00+00:00,8070.4,8088.2,8068.4,8081.6,1139.0
2026-01-28 18:00:00+00:00,8081.4,8090.4,8076.4,8076.4,690.0
2026-01-28 19:00:00+00:00,8073.2,8092.4,8072.9,8078.2,3961.0
2026-01-28 20:00:00+00:00,8077.4,8087.4,8074.2,8074.9,1256.0
2026-01-29 07:00:00+00:00,8115.2,8137.4,8108.6,8135.9,1144.0
2026-01-29 08:00:00+00:00,8135.8,8146.1,8112.6,8126.6,6478.0
2026-01-29 09:00:00+00:00,8126.4,8137.6,8098.8,8099.1,3354.0
2026-01-29 10:00:00+00:00,8098.8,8123.1,8092.6,8114.6,2644.0
2026-01-29 11:00:00+00:00,8115.6,8121.1,8108.6,8119.1,2614.0
2026-01-29 12:00:00+00:00,8118.8,8121.1,8104.8,8111.1,1904.0
2026-01-29 13:00:00+00:00,8110.8,8145.6,8110.6,8143.8,1709.0
2026-01-29 14:00:00+00:00,8144.1,8145.8,8087.9,8089.6,4255.0
2026-01-29 15:00:00+00:00,8089.4,8103.9,8074.2,8088.4,11071.0
2026-01-29 16:00:00+00:00,8087.4,8099.6,8066.7,8076.0,7936.0
2026-01-29 17:00:00+00:00,8075.7,8112.0,8075.7,8094.4,4561.0
2026-01-29 18:00:00+00:00,8095.2,8112.0,8090.7,8105.7,3358.0
2026-01-29 19:00:00+00:00,8105.0,8117.7,8101.7,8109.0,2475.0
2026-01-29 20:00:00+00:00,8110.2,8120.7,8108.7,8118.0,1744.0
2026-01-30 07:00:00+00:00,8077.0,8106.4,8067.7,8083.0,1540.0
2026-01-30 08:00:00+00:00,8083.4,8105.6,8054.9,8103.9,5991.0
2026-01-30 09:00:00+00:00,8104.6,8115.4,8085.2,8089.4,3238.0
2026-01-30 10:00:00+00:00,8089.6,8109.2,8089.2,8099.4,2750.0
2026-01-30 11:00:00+00:00,8099.2,8135.2,8096.6,8133.4,2285.0
2026-01-30 12:00:00+00:00,8133.2,8141.6,8127.9,8131.6,2294.0
2026-01-30 13:00:00+00:00,8130.2,8131.9,8115.6,8116.2,2508.0
2026-01-30 14:00:00+00:00,8115.9,8140.3,8114.6,8129.3,4049.0
2026-01-30 15:00:00+00:00,8130.0,8144.8,8121.0,8121.8,6176.0
2026-01-30 16:00:00+00:00,8121.6,8141.6,8110.4,8116.8,5831.0
2026-01-30 17:00:00+00:00,8117.1,8129.8,8109.1,8115.4,6341.0
2026-01-30 18:00:00+00:00,8115.1,8121.4,8088.1,8110.8,5283.0
2026-01-30 19:00:00+00:00,8111.8,8126.4,8107.6,8112.4,4487.0
2026-01-30 20:00:00+00:00,8112.6,8125.8,8106.4,8117.6,2467.0
2026-02-02 07:00:00+00:00,8037.8,8078.6,8024.8,8077.8,2474.0
2026-02-02 08:00:00+00:00,8077.8,8119.3,8073.0,8112.3,5384.0
2026-02-02 09:00:00+00:00,8113.3,8137.0,8104.0,8131.6,2662.0
2026-02-02 10:00:00+00:00,8131.8,8147.8,8126.6,8145.6,1586.0
2026-02-02 11:00:00+00:00,8145.8,8162.3,8144.8,8158.8,1304.0
2026-02-02 12:00:00+00:00,8159.0,8181.8,8159.0,8176.0,1743.0
2026-02-02 13:00:00+00:00,8176.3,8193.6,8167.6,8190.3,2314.0
2026-02-02 14:00:00+00:00,8190.6,8203.3,8179.1,8183.1,4134.0
2026-02-02 15:00:00+00:00,8182.8,8202.1,8177.8,8194.4,4706.0
2026-02-02 16:00:00+00:00,8194.6,8201.6,8178.9,8189.6,3118.0
2026-02-02 17:00:00+00:00,8189.9,8205.6,8189.6,8202.2,1385.0
2026-02-02 18:00:00+00:00,8202.4,8206.9,8193.6,8205.2,793.0
2026-02-02 19:00:00+00:00,8206.2,8213.6,8204.4,8205.6,1054.0
2026-02-02 20:00:00+00:00,8205.4,8218.9,8203.2,8215.2,1607.0
2026-02-03 07:00:00+00:00,8225.9,8255.9,8225.6,8235.9,965.0
2026-02-03 08:00:00+00:00,8235.8,8237.6,8200.8,8223.6,4911.0
2026-02-03 09:00:00+00:00,8223.8,8231.6,8184.1,8196.1,2695.0
2026-02-03 10:00:00+00:00,8196.4,8211.1,8181.6,8189.6,2076.0
2026-02-03 11:00:00+00:00,8189.8,8191.6,8159.1,8173.1,2277.0
2026-02-03 12:00:00+00:00,8172.8,8183.1,8165.8,8168.1,1928.0
2026-02-03 13:00:00+00:00,8169.1,8174.4,8153.6,8154.8,2296.0
2026-02-03 14:00:00+00:00,8154.6,8163.4,8129.8,8144.6,6015.0
2026-02-03 15:00:00+00:00,8144.8,8174.1,8140.6,8166.6,8224.0
2026-02-03 16:00:00+00:00,8167.4,8184.9,8166.4,8180.4,5099.0
2026-02-03 17:00:00+00:00,8180.6,8182.9,8156.2,8161.9,4921.0
2026-02-03 18:00:00+00:00,8161.6,8171.4,8146.9,8147.4,4651.0
2026-02-03 19:00:00+00:00,8147.2,8172.4,8141.2,8169.2,7541.0
2026-02-03 20:00:00+00:00,8168.9,8193.6,8161.9,8191.4,3066.0
2026-02-04 07:00:00+00:00,8204.4,8225.6,8198.2,8216.9,986.0
2026-02-04 08:00:00+00:00,8216.8,8240.6,8207.8,8223.6,4720.0
2026-02-04 09:00:00+00:00,8223.8,8227.4,8204.1,8222.6,3338.0
2026-02-04 10:00:00+00:00,8221.8,8258.8,8221.8,8257.1,2516.0
2026-02-04 11:00:00+00:00,8257.4,8290.4,8249.8,8283.6,2640.0
2026-02-04 12:00:00+00:00,8282.6,8287.6,8252.6,8258.9,2225.0
2026-02-04 13:00:00+00:00,8259.2,8264.9,8248.4,8257.9,2760.0
2026-02-04 14:00:00+00:00,8257.6,8290.9,8247.9,8276.6,6131.0
2026-02-04 15:00:00+00:00,8277.9,8302.9,8271.4,8291.6,10538.0
2026-02-04 16:00:00+00:00,8291.9,8294.4,8253.0,8265.0,6157.0
2026-02-04 17:00:00+00:00,8265.2,8274.7,8237.7,8255.4,7597.0
2026-02-04 18:00:00+00:00,8255.2,8274.0,8245.4,8268.2,7411.0
2026-02-04 19:00:00+00:00,8269.0,8287.7,8257.2,8284.2,6825.0
2026-02-04 20:00:00+00:00,8284.0,8287.0,8268.2,8270.0,3376.0
2026-02-05 07:00:00+00:00,8273.7,8283.4,8255.2,8272.4,1250.0
2026-02-05 08:00:00+00:00,8272.4,8315.2,8265.9,8267.9,7484.0
2026-02-05 09:00:00+00:00,8268.9,8280.6,8251.2,8261.9,4259.0
2026-02-05 10:00:00+00:00,8261.6,8286.6,8254.6,8282.9,2757.0
2026-02-05 11:00:00+00:00,8281.9,8290.9,8272.9,8280.3,2676.0
2026-02-05 12:00:00+00:00,8280.6,8290.8,8231.8,8243.3,5272.0
2026-02-05 13:00:00+00:00,8242.6,8256.0,8219.0,8221.6,5889.0
2026-02-05 14:00:00+00:00,8221.8,8237.3,8204.8,8212.8,12620.0
2026-02-05 15:00:00+00:00,8212.6,8219.0,8191.8,8205.3,13296.0
2026-02-05 16:00:00+00:00,8205.6,8249.0,8198.8,8248.5,7312.0
2026-02-05 17:00:00+00:00,8248.2,8262.5,8230.0,8247.5,3270.0
2026-02-05 18:00:00+00:00,8248.2,8254.5,8231.8,8236.5,2253.0
2026-02-05 19:00:00+00:00,8235.5,8254.8,8233.5,8245.0,2059.0
2026-02-05 20:00:00+00:00,8244.2,8259.0,8223.5,8224.2,1799.0
2026-02-06 07:00:00+00:00,8232.2,8235.8,8211.2,8232.5,1266.0
2026-02-06 08:00:00+00:00,8232.6,8233.3,8172.8,8190.0,8964.0
2026-02-06 09:00:00+00:00,8190.3,8231.3,8178.6,8215.3,5102.0
2026-02-06 10:00:00+00:00,8215.6,8242.8,8213.0,8240.6,2942.0
2026-02-06 11:00:00+00:00,8240.3,8250.3,8234.3,8242.8,2473.0
2026-02-06 12:00:00+00:00,8242.6,8251.6,8230.8,8234.3,2377.0
2026-02-06 13:00:00+00:00,8234.0,8249.8,8230.8,8233.3,3322.0
2026-02-06 14:00:00+00:00,8233.0,8275.0,8232.3,8265.0,5329.0
2026-02-06 15:00:00+00:00,8266.3,8279.8,8259.3,8278.0,7944.0
2026-02-06 16:00:00+00:00,8277.8,8288.8,8268.8,8272.2,3327.0
2026-02-06 17:00:00+00:00,8273.2,8289.2,8271.2,8282.8,2393.0
2026-02-06 18:00:00+00:00,8283.0,8289.8,8278.0,8285.2,1485.0
2026-02-06 19:00:00+00:00,8285.5,8289.2,8283.2,8287.8,1046.0
2026-02-06 20:00:00+00:00,8287.0,8301.2,8285.5,8301.2,846.0
2026-02-09 07:00:00+00:00,8318.8,8321.0,8289.8,8291.5,1483.0
2026-02-09 08:00:00+00:00,8291.2,8314.6,8271.8,8276.3,5843.0
2026-02-09 09:00:00+00:00,8276.6,8285.3,8269.6,8274.3,3289.0
2026-02-09 10:00:00+00:00,8274.0,8275.0,8257.8,8270.3,2488.0
2026-02-09 11:00:00+00:00,8271.0,8281.3,8266.0,8277.3,1860.0
2026-02-09 12:00:00+00:00,8275.8,8285.3,8270.6,8276.8,1657.0
2026-02-09 13:00:00+00:00,8276.6,8287.0,8273.0,8278.8,1963.0
2026-02-09 14:00:00+00:00,8279.0,8291.0,8269.0,8281.8,4863.0
2026-02-09 15:00:00+00:00,8281.6,8312.3,8280.3,8310.8,2988.0
2026-02-09 16:00:00+00:00,8311.8,8330.8,8308.3,8326.8,1811.0
2026-02-09 17:00:00+00:00,8327.5,8332.5,8322.2,8326.2,746.0
2026-02-09 18:00:00+00:00,8326.5,8332.2,8319.5,8330.8,1607.0
2026-02-09 19:00:00+00:00,8329.8,8341.0,8328.5,8339.2,773.0
2026-02-09 20:00:00+00:00,8338.5,8339.8,8328.5,8334.8,1015.0
2026-02-10 07:00:00+00:00,8330.0,8366.0,8325.2,8365.2,954.0
2026-02-10 08:00:00+00:00,8364.5,8367.3,8339.0,8346.3,5464.0
2026-02-10 09:00:00+00:00,8346.6,8360.8,8343.6,8360.0,2556.0
2026-02-10 10:00:00+00:00,8360.3,8370.3,8346.6,8349.0,2243.0
2026-02-10 11:00:00+00:00,8348.8,8357.6,8343.3,8349.3,2223.0
2026-02-10 12:00:00+00:00,8349.6,8352.6,8327.8,8328.6,2176.0
2026-02-10 13:00:00+00:00,8327.8,8336.6,8315.3,8329.6,2392.0
2026-02-10 14:00:00+00:00,8329.8,8353.0,8328.0,8351.8,4231.0
2026-02-10 15:00:00+00:00,8352.0,8355.0,8332.5,8336.5,4527.0
2026-02-10 16:00:00+00:00,8336.2,8344.3,8326.3,8342.3,3240.0
2026-02-10 17:00:00+00:00,8342.0,8349.8,8337.3,8346.3,1461.0
2026-02-10 18:00:00+00:00,8346.0,8346.3,8334.0,8339.0,2579.0
2026-02-10 19:00:00+00:00,8340.8,8348.0,8338.3,8344.0,1446.0
2026-02-10 20:00:00+00:00,8343.8,8345.3,8324.0,8324.3,1306.0
2026-02-11 07:00:00+00:00,8339.0,8340.8,8303.6,8311.0,1091.0
2026-02-11 08:00:00+00:00,8311.0,8330.0,8286.2,8290.0,5462.0
2026-02-11 09:00:00+00:00,8290.2,8299.0,8278.0,8282.0,2715.0
2026-02-11 10:00:00+00:00,8282.2,8300.8,8277.5,8300.5,2663.0
2026-02-11 11:00:00+00:00,8300.8,8324.0,8300.5,8305.0,2426.0
2026-02-11 12:00:00+00:00,8304.8,8322.0,8304.8,8315.0,2306.0
2026-02-11 13:00:00+00:00,8314.8,8352.5,8311.2,8340.8,3741.0
2026-02-11 14:00:00+00:00,8340.5,8359.2,8326.8,8350.0,4776.0
2026-02-11 15:00:00+00:00,8350.2,8351.2,8305.0,8320.2,8858.0
2026-02-11 16:00:00+00:00,8319.5,8335.5,8302.3,8323.6,4492.0
2026-02-11 17:00:00+00:00,8322.8,8384.0,8322.8,8377.0,3007.0
2026-02-11 18:00:00+00:00,8376.8,8384.0,8369.6,8381.6,3143.0
2026-02-11 19:00:00+00:00,8381.8,8406.6,8381.0,8403.6,1772.0
2026-02-11 20:00:00+00:00,8403.3,8410.8,8394.0,8397.8,1440.0
2026-02-12 07:00:00+00:00,8394.8,8444.2,8394.2,8437.8,1384.0
2026-02-12 08:00:00+00:00,8438.0,8449.6,8380.3,8395.8,7392.0
2026-02-12 09:00:00+00:00,8396.0,8407.8,8375.3,8378.3,3921.0
2026-02-12 10:00:00+00:00,8378.0,8378.6,8354.0,8367.8,2888.0
2026-02-12 11:00:00+00:00,8367.6,8384.6,8359.0,8381.6,2337.0
2026-02-12 12:00:00+00:00,8381.3,8399.0,8380.3,8389.0,2335.0
2026-02-12 13:00:00+00:00,8389.3,8398.3,8383.0,8387.0,2276.0
2026-02-12 14:00:00+00:00,8386.8,8410.6,8383.3,8399.6,3753.0
2026-02-12 15:00:00+00:00,8399.3,8409.6,8381.3,8382.6,5134.0
2026-02-12 16:00:00+00:00,8382.3,8383.0,8329.2,8357.8,9021.0
2026-02-12 17:00:00+00:00,8337.0,8344.2,8306.8,8314.8,6705.0
2026-02-12 18:00:00+00:00,8314.0,8337.8,8308.5,8332.0,5142.0
2026-02-12 19:00:00+00:00,8333.5,8344.8,8329.2,8337.2,3851.0
2026-02-12 20:00:00+00:00,8337.5,8342.8,8310.0,8318.8,2429.0
2026-02-13 07:00:00+00:00,8311.8,8322.2,8295.5,8317.2,1201.0
2026-02-13 08:00:00+00:00,8318.5,8323.3,8273.0,8320.6,8436.0
2026-02-13 09:00:00+00:00,8320.3,8331.3,8302.0,8321.3,5220.0
2026-02-13 10:00:00+00:00,8320.3,8327.3,8296.8,8302.0,4251.0
2026-02-13 11:00:00+00:00,8302.3,8317.6,8295.8,8316.6,4513.0
2026-02-13 12:00:00+00:00,8316.3,8323.3,8288.8,8300.8,4263.0
2026-02-13 13:00:00+00:00,8299.8,8321.8,8285.6,8314.8,6409.0
2026-02-13 14:00:00+00:00,8314.0,8326.3,8280.0,8290.3,11036.0
2026-02-13 15:00:00+00:00,8290.0,8318.8,8288.3,8303.0,12022.0
2026-02-13 16:00:00+00:00,8302.8,8319.2,8295.8,8316.2,5577.0
2026-02-13 17:00:00+00:00,8315.5,8330.2,8312.8,8324.5,3348.0
2026-02-13 18:00:00+00:00,8323.8,8330.2,8314.0,8323.5,2314.0
2026-02-13 19:00:00+00:00,8323.2,8333.8,8302.0,8304.8,2917.0
2026-02-13 20:00:00+00:00,8305.0,8315.8,8295.8,8310.0,2865.0
2026-02-16 07:00:00+00:00,8321.9,8340.2,8321.4,8330.4,553.0
2026-02-16 08:00:00+00:00,8332.2,8336.1,8310.1,8332.8,5249.0
2026-02-16 09:00:00+00:00,8333.6,8344.8,8327.4,8337.6,2750.0
2026-02-16 10:00:00+00:00,8337.4,8340.6,8324.1,8335.6,2211.0
2026-02-16 11:00:00+00:00,8335.8,8344.4,8327.8,8340.7,1467.0
2026-02-16 12:00:00+00:00,8339.7,8349.7,8334.4,8346.2,1387.0
2026-02-16 13:00:00+00:00,8346.0,8357.0,8339.7,8345.7,1636.0
2026-02-16 14:00:00+00:00,8346.0,8347.2,8325.4,8332.2,3060.0
2026-02-16 15:00:00+00:00,8333.0,8342.2,8320.0,8323.7,2341.0
2026-02-16 16:00:00+00:00,8324.0,8332.8,8313.2,8324.8,2122.0
2026-02-16 17:00:00+00:00,8324.0,8331.2,8323.8,8328.5,745.0
2026-02-16 18:00:00+00:00,8328.0,8329.8,8323.8,8323.8,60.0
2026-02-16 19:00:00+00:00,8325.2,8326.5,8323.5,8324.2,25.0
2026-02-16 20:00:00+00:00,8324.5,8327.2,8320.5,8323.8,66.0
2026-02-17 07:00:00+00:00,8294.0,8308.8,8279.5,8307.0,880.0
2026-02-17 08:00:00+00:00,8307.0,8338.7,8305.7,8322.2,6006.0
2026-02-17 09:00:00+00:00,8322.4,8338.7,8315.7,8334.2,3542.0
2026-02-17 10:00:00+00:00,8334.0,8338.7,8305.2,8310.2,2682.0
2026-02-17 11:00:00+00:00,8309.2,8331.0,8302.7,8327.2,2658.0
2026-02-17 12:00:00+00:00,8326.4,8329.2,8301.2,8302.2,2298.0
2026-02-17 13:00:00+00:00,8301.2,8328.7,8291.7,8310.7,4081.0
2026-02-17 14:00:00+00:00,8310.4,8349.2,8310.2,8325.7,7365.0
2026-02-17 15:00:00+00:00,8327.7,8347.2,8323.0,8340.4,10044.0
2026-02-17 16:00:00+00:00,8340.2,8372.0,8338.4,8369.2,5542.0
2026-02-17 17:00:00+00:00,8369.5,8370.5,8346.8,8358.2,5205.0
2026-02-17 18:00:00+00:00,8358.5,8388.0,8353.2,8386.2,5202.0
2026-02-17 19:00:00+00:00,8386.0,8392.2,8383.0,8384.2,2709.0
2026-02-17 20:00:00+00:00,8384.5,8395.5,8381.2,8382.5,2439.0
2026-02-18 07:00:00+00:00,8386.5,8389.5,8376.8,8377.2,638.0
2026-02-18 08:00:00+00:00,8377.2,8406.2,8365.0,8393.7,4503.0
2026-02-18 09:00:00+00:00,8394.0,8405.2,8373.7,8399.0,2561.0
2026-02-18 10:00:00+00:00,8399.2,8415.0,8397.7,8414.7,1837.0
2026-02-18 11:00:00+00:00,8416.0,8416.7,8402.7,8405.2,1710.0
2026-02-18 12:00:00+00:00,8405.4,8414.7,8395.7,8406.7,2056.0
2026-02-18 13:00:00+00:00,8407.0,8407.4,8373.4,8376.0,1857.0
2026-02-18 14:00:00+00:00,8376.2,8419.2,8371.4,8414.4,4147.0
2026-02-18 15:00:00+00:00,8414.7,8432.6,8412.8,8430.6,2501.0
2026-02-18 16:00:00+00:00,8430.8,8440.4,8421.6,8434.9,2836.0
2026-02-18 17:00:00+00:00,8434.6,8444.2,8431.4,8441.4,1618.0
2026-02-18 18:00:00+00:00,8441.6,8446.2,8423.4,8427.2,1972.0
2026-02-18 19:00:00+00:00,8425.6,8433.6,8404.4,8410.2,3210.0
2026-02-18 20:00:00+00:00,8409.9,8424.6,8401.4,8423.2,1932.0
2026-02-19 07:00:00+00:00,8411.6,8416.6,8391.9,8395.9,716.0
2026-02-19 08:00:00+00:00,8396.2,8418.4,8373.6,8375.4,4969.0
2026-02-19 09:00:00+00:00,8375.6,8387.1,8360.8,8363.6,3770.0
2026-02-19 10:00:00+00:00,8363.4,8366.2,8349.4,8363.0,2863.0
2026-02-19 11:00:00+00:00,8363.2,8374.8,8357.8,8362.2,2066.0
2026-02-19 12:00:00+00:00,8362.5,8368.0,8355.5,8361.5,2012.0
2026-02-19 13:00:00+00:00,8361.8,8372.0,8352.8,8368.5,1943.0
2026-02-19 14:00:00+00:00,8368.8,8380.0,8364.8,8378.8,5580.0
2026-02-19 15:00:00+00:00,8378.5,8395.2,8369.8,8384.2,5988.0
2026-02-19 16:00:00+00:00,8384.5,8400.6,8370.5,8398.3,4566.0
2026-02-19 17:00:00+00:00,8398.0,8400.3,8384.3,8389.0,2301.0
2026-02-19 18:00:00+00:00,8388.8,8405.0,8382.6,8404.0,2281.0
2026-02-19 19:00:00+00:00,8403.0,8404.8,8393.8,8399.3,1230.0
2026-02-19 20:00:00+00:00,8400.0,8419.8,8399.6,8411.3,1219.0
2026-02-20 07:00:00+00:00,8433.0,8435.6,8415.3,8434.8,897.0
2026-02-20 08:00:00+00:00,8434.6,8465.0,8420.5,8465.0,4904.0
2026-02-20 09:00:00+00:00,8464.8,8476.2,8458.5,8466.0,2703.0
2026-02-20 10:00:00+00:00,8466.2,8478.0,8458.2,8458.8,2390.0
2026-02-20 11:00:00+00:00,8458.5,8473.5,8450.2,8470.0,2245.0
2026-02-20 12:00:00+00:00,8470.2,8472.2,8459.8,8462.5,1863.0
2026-02-20 13:00:00+00:00,8462.2,8471.5,8451.5,8466.0,2154.0
2026-02-20 14:00:00+00:00,8465.2,8485.2,8454.5,8480.8,3832.0
2026-02-20 15:00:00+00:00,8481.0,8541.0,8481.0,8515.0,13701.0
2026-02-20 16:00:00+00:00,8515.2,8532.3,8505.5,8523.0,4765.0
2026-02-20 17:00:00+00:00,8522.8,8528.6,8501.3,8523.8,6062.0
2026-02-20 18:00:00+00:00,8524.0,8542.3,8508.3,8539.6,4609.0
2026-02-20 19:00:00+00:00,8540.3,8540.8,8525.6,8527.0,2773.0
2026-02-20 20:00:00+00:00,8527.3,8541.6,8527.0,8539.0,1742.0
2026-02-23 07:00:00+00:00,8509.8,8512.8,8496.8,8497.6,843.0
2026-02-23 08:00:00+00:00,8497.5,8509.0,8485.2,8508.8,5364.0
2026-02-23 09:00:00+00:00,8509.0,8519.2,8507.2,8514.5,2638.0
2026-02-23 10:00:00+00:00,8514.2,8535.0,8495.2,8523.5,2289.0
2026-02-23 11:00:00+00:00,8523.2,8529.8,8517.5,8521.5,1444.0
2026-02-23 12:00:00+00:00,8521.8,8523.5,8500.5,8510.8,1326.0
2026-02-23 13:00:00+00:00,8510.5,8526.8,8505.5,8522.8,1453.0
2026-02-23 14:00:00+00:00,8523.1,8537.6,8522.8,8529.1,4808.0
2026-02-23 15:00:00+00:00,8529.8,8536.6,8503.4,8505.1,5235.0
2026-02-23 16:00:00+00:00,8505.4,8516.2,8492.8,8511.2,4967.0
2026-02-23 17:00:00+00:00,8510.9,8512.4,8487.2,8502.2,3097.0
2026-02-23 18:00:00+00:00,8501.9,8515.9,8501.6,8503.6,2264.0
2026-02-23 19:00:00+00:00,8505.2,8505.9,8490.4,8498.2,1524.0
2026-02-23 20:00:00+00:00,8497.9,8505.6,8494.4,8500.4,1457.0
2026-02-24 07:00:00+00:00,8503.4,8514.4,8482.2,8484.6,740.0
2026-02-24 08:00:00+00:00,8484.6,8497.4,8462.8,8480.6,5798.0
2026-02-24 09:00:00+00:00,8481.6,8501.4,8479.6,8499.1,2639.0
2026-02-24 10:00:00+00:00,8499.4,8509.4,8494.8,8507.1,1743.0
2026-02-24 11:00:00+00:00,8507.4,8516.1,8502.4,8515.1,1588.0
2026-02-24 12:00:00+00:00,8515.8,8517.1,8490.4,8500.1,1810.0
2026-02-24 13:00:00+00:00,8500.4,8527.8,8496.6,8525.4,1900.0
2026-02-24 14:00:00+00:00,8525.1,8538.8,8512.8,8530.6,5335.0
2026-02-24 15:00:00+00:00,8530.8,8552.8,8528.4,8531.8,4253.0
2026-02-24 16:00:00+00:00,8532.1,8533.4,8516.8,8531.4,2955.0
2026-02-24 17:00:00+00:00,8531.2,8541.2,8530.2,8537.6,1374.0
2026-02-24 18:00:00+00:00,8537.4,8548.6,8537.2,8542.6,891.0
2026-02-24 19:00:00+00:00,8543.4,8546.6,8540.2,8545.6,1031.0
2026-02-24 20:00:00+00:00,8545.9,8556.4,8540.4,8543.2,840.0
2026-02-25 07:00:00+00:00,8546.9,8548.2,8531.6,8537.6,450.0
2026-02-25 08:00:00+00:00,8534.6,8561.4,8532.1,8547.1,5068.0
2026-02-25 09:00:00+00:00,8547.4,8554.8,8537.1,8554.6,2238.0
2026-02-25 10:00:00+00:00,8554.8,8557.1,8544.4,8548.8,1642.0
2026-02-25 11:00:00+00:00,8549.1,8553.4,8538.4,8550.4,1522.0
2026-02-25 12:00:00+00:00,8550.2,8561.6,8547.9,8555.9,1607.0
2026-02-25 13:00:00+00:00,8556.2,8565.2,8552.6,8561.9,1341.0
2026-02-25 14:00:00+00:00,8562.2,8564.9,8543.9,8545.2,3151.0
2026-02-25 15:00:00+00:00,8545.4,8548.2,8530.6,8545.9,2890.0
2026-02-25 16:00:00+00:00,8546.2,8569.7,8544.6,8568.0,1982.0
2026-02-25 17:00:00+00:00,8568.2,8584.0,8567.4,8579.0,754.0
2026-02-25 18:00:00+00:00,8579.7,8579.7,8573.0,8575.4,277.0
2026-02-25 19:00:00+00:00,8575.2,8582.4,8574.7,8580.4,266.0
2026-02-25 20:00:00+00:00,8581.4,8586.7,8580.0,8581.0,348.0
2026-02-26 07:00:00+00:00,8580.2,8587.4,8573.2,8575.0,915.0
2026-02-26 08:00:00+00:00,8575.4,8603.6,8564.2,8598.6,5133.0
2026-02-26 09:00:00+00:00,8598.9,8625.6,8584.9,8616.4,2657.0
2026-02-26 10:00:00+00:00,8616.6,8630.9,8615.9,8623.9,2269.0
2026-02-26 11:00:00+00:00,8623.6,8640.9,8621.4,8636.4,1575.0
2026-02-26 12:00:00+00:00,8637.4,8644.2,8634.6,8638.6,1401.0
2026-02-26 13:00:00+00:00,8638.4,8640.4,8621.9,8622.9,1630.0
2026-02-26 14:00:00+00:00,8621.9,8632.6,8613.6,8614.4,4908.0
2026-02-26 15:00:00+00:00,8614.2,8630.6,8599.9,8626.4,6057.0
2026-02-26 16:00:00+00:00,8626.6,8637.6,8605.2,8610.4,4069.0
2026-02-26 17:00:00+00:00,8612.0,8616.4,8604.4,8608.4,2370.0
2026-02-26 18:00:00+00:00,8608.7,8634.0,8604.2,8629.7,2791.0
2026-02-26 19:00:00+00:00,8630.4,8642.4,8629.7,8638.7,1684.0
2026-02-26 20:00:00+00:00,8639.0,8645.4,8637.4,8641.7,665.0
2026-02-27 07:00:00+00:00,8642.0,8652.2,8624.2,8625.7,629.0
2026-02-27 08:00:00+00:00,8625.6,8634.2,8606.6,8630.6,5352.0
2026-02-27 09:00:00+00:00,8631.2,8641.2,8612.4,8617.2,3730.0
2026-02-27 10:00:00+00:00,8617.9,8621.9,8599.2,8602.6,2422.0
2026-02-27 11:00:00+00:00,8602.9,8617.9,8600.4,8613.4,2338.0
2026-02-27 12:00:00+00:00,8613.2,8616.9,8599.4,8606.9,1837.0
2026-02-27 13:00:00+00:00,8607.2,8611.9,8566.2,8588.2,3540.0
2026-02-27 14:00:00+00:00,8587.9,8591.9,8554.6,8558.4,6983.0
2026-02-27 15:00:00+00:00,8557.4,8599.6,8556.4,8595.2,6030.0
2026-02-27 16:00:00+00:00,8595.4,8612.2,8551.4,8552.0,4452.0
2026-02-27 17:00:00+00:00,8553.0,8564.2,8536.4,8547.4,3755.0
2026-02-27 18:00:00+00:00,8547.7,8553.2,8540.7,8548.4,2680.0
2026-02-27 19:00:00+00:00,8548.2,8554.7,8533.4,8535.7,1577.0
2026-02-27 20:00:00+00:00,8535.4,8556.0,8535.2,8547.0,1623.0
2026-03-02 07:00:00+00:00,8432.7,8445.4,8356.9,8392.4,2557.0
2026-03-02 08:00:00+00:00,8402.9,8436.6,8368.9,8414.4,10246.0
2026-03-02 09:00:00+00:00,8414.2,8453.4,8406.4,8446.9,6317.0
2026-03-02 10:00:00+00:00,8447.2,8462.4,8429.2,8439.9,4358.0
2026-03-02 11:00:00+00:00,8440.2,8454.9,8422.9,8432.9,3962.0
2026-03-02 12:00:00+00:00,8431.9,8438.2,8403.4,8414.9,4407.0
2026-03-02 13:00:00+00:00,8414.6,8416.6,8388.9,8393.4,3932.0
2026-03-02 14:00:00+00:00,8394.2,8411.4,8380.4,8394.9,6858.0
2026-03-02 15:00:00+00:00,8395.6,8415.4,8377.6,8380.9,6305.0
2026-03-02 16:00:00+00:00,8381.9,8423.2,8379.9,8414.7,4026.0
2026-03-02 17:00:00+00:00,8415.0,8427.2,8406.4,8425.7,1389.0
2026-03-02 18:00:00+00:00,8426.4,8428.0,8412.2,8413.2,508.0
2026-03-02 19:00:00+00:00,8413.0,8428.7,8410.0,8421.0,794.0
2026-03-02 20:00:00+00:00,8421.2,8424.0,8384.2,8404.2,1883.0
2026-03-03 07:00:00+00:00,8324.2,8327.4,8263.0,8288.2,1913.0
2026-03-03 08:00:00+00:00,8289.0,8308.6,8191.9,8193.6,15397.0
2026-03-03 09:00:00+00:00,8193.4,8225.2,8174.6,8178.9,12261.0
2026-03-03 10:00:00+00:00,8179.4,8190.9,8120.2,8158.9,11181.0
2026-03-03 11:00:00+00:00,8158.6,8160.4,8115.4,8151.9,10226.0
2026-03-03 12:00:00+00:00,8151.6,8178.6,8141.4,8172.9,7293.0
2026-03-03 13:00:00+00:00,8173.6,8177.4,8123.0,8129.5,6662.0
2026-03-03 14:00:00+00:00,8129.2,8132.5,8096.5,8106.0,13576.0
2026-03-03 15:00:00+00:00,8107.5,8122.8,8086.5,8114.0,18227.0
2026-03-03 16:00:00+00:00,8113.8,8153.8,8091.8,8147.0,12435.0
2026-03-03 17:00:00+00:00,8147.3,8149.8,8116.3,8133.8,6894.0
2026-03-03 18:00:00+00:00,8134.0,8194.6,8133.0,8185.3,4336.0
2026-03-03 19:00:00+00:00,8185.6,8215.0,8169.0,8204.3,4822.0
2026-03-03 20:00:00+00:00,8204.6,8211.3,8171.3,8182.0,3808.0
2026-03-04 07:00:00+00:00,8112.3,8162.3,8084.8,8138.0,2618.0
2026-03-04 08:00:00+00:00,8138.0,8151.2,8091.0,8098.5,12098.0
2026-03-04 09:00:00+00:00,8098.8,8160.5,8089.0,8159.2,7106.0
2026-03-04 10:00:00+00:00,8159.2,8195.5,8149.0,8191.5,10238.0
2026-03-04 11:00:00+00:00,8191.2,8209.2,8179.8,8184.8,5210.0
2026-03-04 12:00:00+00:00,8185.0,8194.0,8150.5,8178.8,5989.0
2026-03-04 13:00:00+00:00,8178.5,8212.2,8177.5,8202.5,4726.0
2026-03-04 14:00:00+00:00,8202.2,8203.0,8161.8,8187.5,11341.0
2026-03-04 15:00:00+00:00,8187.8,8208.0,8182.0,8202.0,8196.0
2026-03-04 16:00:00+00:00,8201.2,8208.5,8166.0,8178.0,6517.0
2026-03-04 17:00:00+00:00,8177.0,8188.0,8170.3,8186.3,3845.0
2026-03-04 18:00:00+00:00,8186.6,8201.6,8183.0,8198.3,2377.0
2026-03-04 19:00:00+00:00,8198.0,8203.0,8193.0,8197.0,1219.0
2026-03-04 20:00:00+00:00,8196.8,8198.3,8189.3,8193.0,1605.0
2026-03-05 07:00:00+00:00,8138.3,8157.3,8120.6,8136.3,1108.0
2026-03-05 08:00:00+00:00,8136.6,8146.0,8104.5,8145.0,10214.0
2026-03-05 09:00:00+00:00,8145.2,8218.8,8142.8,8197.0,9728.0
2026-03-05 10:00:00+00:00,8197.2,8208.0,8185.0,8190.5,3800.0
2026-03-05 11:00:00+00:00,8190.8,8207.5,8170.5,8172.0,3623.0
2026-03-05 12:00:00+00:00,8172.8,8185.0,8148.0,8151.0,4615.0
2026-03-05 13:00:00+00:00,8151.8,8153.0,8112.8,8116.5,4892.0
2026-03-05 14:00:00+00:00,8116.2,8125.5,8088.0,8125.5,9888.0
2026-03-05 15:00:00+00:00,8125.2,8134.5,8071.2,8087.5,11557.0
2026-03-05 16:00:00+00:00,8087.2,8091.0,8025.8,8067.0,11714.0
2026-03-05 17:00:00+00:00,8067.8,8079.0,7997.0,8004.8,8911.0
2026-03-05 18:00:00+00:00,8004.6,8032.6,8003.6,8021.3,7229.0
2026-03-05 19:00:00+00:00,8020.3,8031.3,8004.6,8016.3,5502.0
2026-03-05 20:00:00+00:00,8016.0,8063.3,8009.3,8057.3,4860.0
2026-03-06 07:00:00+00:00,8080.3,8092.0,8070.6,8084.0,1729.0
2026-03-06 08:00:00+00:00,8084.0,8104.5,8054.5,8091.0,9417.0
2026-03-06 09:00:00+00:00,8091.2,8092.0,8015.5,8033.0,10924.0
2026-03-06 10:00:00+00:00,8033.8,8058.2,8025.0,8025.0,7013.0
2026-03-06 11:00:00+00:00,8024.2,8031.0,7950.0,7958.2,7981.0
2026-03-06 12:00:00+00:00,7958.0,7981.5,7946.5,7976.5,6888.0
2026-03-06 13:00:00+00:00,7975.8,8004.8,7918.0,7924.8,9513.0
2026-03-06 14:00:00+00:00,7924.0,7949.5,7910.2,7937.5,18199.0
2026-03-06 15:00:00+00:00,7937.8,7990.5,7937.8,7976.0,14822.0
2026-03-06 16:00:00+00:00,7975.8,8009.8,7962.5,7997.8,10904.0
2026-03-06 17:00:00+00:00,7998.0,8006.6,7977.3,7987.8,7354.0
2026-03-06 18:00:00+00:00,7987.0,8025.6,7986.8,8012.6,7406.0
2026-03-06 19:00:00+00:00,8012.3,8034.6,8010.3,8027.0,6124.0
2026-03-06 20:00:00+00:00,8027.3,8036.6,8011.8,8018.0,5138.0
2026-03-09 07:00:00+00:00,7805.0,7817.0,7757.8,7812.8,3911.0
2026-03-09 08:00:00+00:00,7812.8,7813.2,7764.8,7787.0,19117.0
2026-03-09 09:00:00+00:00,7787.2,7861.2,7771.0,7851.0,15183.0
2026-03-09 10:00:00+00:00,7851.2,7859.0,7811.2,7831.9,11048.0
2026-03-09 11:00:00+00:00,7832.6,7845.9,7810.9,7832.4,8333.0
2026-03-09 12:00:00+00:00,7832.6,7857.9,7811.9,7822.6,6670.0
2026-03-09 13:00:00+00:00,7822.9,7873.9,7822.6,7846.4,16041.0
2026-03-09 14:00:00+00:00,7846.6,7889.4,7807.6,7881.9,21190.0
2026-03-09 15:00:00+00:00,7882.2,7924.6,7879.9,7917.4,9828.0
2026-03-09 16:00:00+00:00,7918.4,7943.2,7895.9,7932.7,7853.0
2026-03-09 17:00:00+00:00,7932.4,7932.7,7881.4,7890.0,4656.0
2026-03-09 18:00:00+00:00,7889.7,7923.4,7889.7,7903.2,3626.0
2026-03-09 19:00:00+00:00,7903.4,8080.7,7900.0,8039.0,8889.0
2026-03-09 20:00:00+00:00,8039.7,8044.0,7998.2,8031.2,1050.0
2026-03-10 07:00:00+00:00,7994.7,8080.7,7994.7,8069.2,3591.0
2026-03-10 08:00:00+00:00,8067.7,8084.2,8028.6,8052.2,11241.0
2026-03-10 09:00:00+00:00,8052.4,8091.4,8045.9,8064.4,6081.0
2026-03-10 10:00:00+00:00,8064.2,8085.6,8050.6,8080.2,5991.0
2026-03-10 11:00:00+00:00,8081.2,8100.7,8026.4,8029.7,6656.0
2026-03-10 12:00:00+00:00,8030.0,8042.2,7994.4,8037.7,6400.0
2026-03-10 13:00:00+00:00,8036.7,8054.0,8014.2,8020.0,11911.0
2026-03-10 14:00:00+00:00,8020.7,8103.2,8005.2,8100.2,10337.0
2026-03-10 15:00:00+00:00,8101.2,8109.2,8062.2,8066.2,5394.0
2026-03-10 16:00:00+00:00,8066.0,8079.2,8046.0,8079.2,6371.0
2026-03-10 17:00:00+00:00,8079.0,8109.8,8062.2,8076.8,6149.0
2026-03-10 18:00:00+00:00,8077.0,8079.2,7985.8,8004.2,11587.0
2026-03-10 19:00:00+00:00,8004.5,8028.8,7994.2,8003.8,5023.0
2026-03-10 20:00:00+00:00,8004.0,8008.5,7994.0,7995.0,350.0
2026-03-11 07:00:00+00:00,8022.5,8027.2,7969.2,7986.0,2422.0
2026-03-11 08:00:00+00:00,7987.0,8015.2,7970.7,7982.4,9131.0
2026-03-11 09:00:00+00:00,7982.7,7984.0,7959.2,7960.7,6231.0
2026-03-11 10:00:00+00:00,7961.0,8035.7,7959.4,8034.7,5231.0
2026-03-11 11:00:00+00:00,8035.0,8041.7,7983.2,7996.0,5955.0
2026-03-11 12:00:00+00:00,7996.2,8011.0,7964.4,7982.7,5306.0
2026-03-11 13:00:00+00:00,7982.0,8027.0,7982.0,8024.2,8656.0
2026-03-11 14:00:00+00:00,8025.0,8058.0,8007.7,8055.7,15030.0
2026-03-11 15:00:00+00:00,8056.0,8057.7,8006.2,8016.2,9297.0
2026-03-11 16:00:00+00:00,8016.4,8059.5,8005.2,8054.2,7602.0
2026-03-11 17:00:00+00:00,8054.0,8055.8,8019.0,8040.2,4863.0
2026-03-11 18:00:00+00:00,8040.0,8055.0,8029.5,8049.8,3229.0
2026-03-11 19:00:00+00:00,8048.8,8059.5,8040.0,8058.2,2472.0
2026-03-11 20:00:00+00:00,8057.5,8057.8,8028.5,8033.5,439.0
2026-03-12 07:00:00+00:00,7975.5,8014.8,7962.0,8009.2,1360.0
2026-03-12 08:00:00+00:00,8009.2,8014.0,7972.2,8008.2,7337.0
2026-03-12 09:00:00+00:00,8008.0,8018.0,7972.0,8014.0,5475.0
2026-03-12 10:00:00+00:00,8014.2,8021.2,7996.7,8003.2,4644.0
2026-03-12 11:00:00+00:00,8002.2,8036.2,7986.7,8008.2,4343.0
2026-03-12 12:00:00+00:00,8009.0,8011.7,7986.7,8008.2,5407.0
2026-03-12 13:00:00+00:00,8009.2,8020.7,7961.4,7969.7,13276.0
2026-03-12 14:00:00+00:00,7970.0,7988.2,7936.2,7955.2,12659.0
2026-03-12 15:00:00+00:00,7955.4,7971.2,7913.7,7969.2,11683.0
2026-03-12 16:00:00+00:00,7969.4,7997.0,7954.4,7984.0,9699.0
2026-03-12 17:00:00+00:00,7983.8,8000.5,7977.0,7983.8,6114.0
2026-03-12 18:00:00+00:00,7984.0,7999.8,7983.0,7987.8,4101.0
2026-03-12 19:00:00+00:00,7987.0,7997.0,7974.0,7977.0,2463.0
2026-03-12 20:00:00+00:00,7975.2,7975.5,7966.2,7970.2,305.0
2026-03-13 07:00:00+00:00,7962.5,7964.2,7916.0,7931.2,2244.0
2026-03-13 08:00:00+00:00,7931.5,7931.5,7868.2,7914.2,8947.0
2026-03-13 09:00:00+00:00,7914.4,7927.0,7903.7,7918.7,5971.0
2026-03-13 10:00:00+00:00,7919.0,7962.0,7915.0,7961.7,4694.0
2026-03-13 11:00:00+00:00,7961.0,7985.2,7952.7,7983.4,4499.0
2026-03-13 12:00:00+00:00,7983.2,8006.2,7970.7,7987.7,5623.0
2026-03-13 13:00:00+00:00,7987.4,8015.2,7976.7,7991.2,7186.0
2026-03-13 14:00:00+00:00,7991.0,7998.7,7936.2,7937.7,9675.0
2026-03-13 15:00:00+00:00,7938.4,7960.7,7901.0,7902.7,9862.0
2026-03-13 16:00:00+00:00,7903.0,7919.8,7889.5,7895.5,9346.0
2026-03-13 17:00:00+00:00,7895.8,7907.5,7877.0,7878.8,4665.0
2026-03-13 18:00:00+00:00,7878.2,7905.8,7876.0,7903.0,3679.0
2026-03-13 19:00:00+00:00,7902.8,7903.8,7875.0,7889.5,2385.0
2026-03-13 20:00:00+00:00,7889.2,7890.5,7871.8,7875.8,616.0
2026-03-16 07:00:00+00:00,7941.0,7949.2,7902.0,7911.5,1426.0
2026-03-16 08:00:00+00:00,7911.2,7930.2,7877.0,7881.7,8588.0
2026-03-16 09:00:00+00:00,7881.4,7893.0,7852.7,7856.2,6970.0
2026-03-16 10:00:00+00:00,7856.0,7906.2,7853.2,7905.7,5471.0
2026-03-16 11:00:00+00:00,7905.4,7920.0,7897.4,7917.7,3340.0
2026-03-16 12:00:00+00:00,7918.0,7941.0,7915.7,7925.0,3327.0
2026-03-16 13:00:00+00:00,7925.2,7957.0,7920.4,7956.3,5481.0
2026-03-16 14:00:00+00:00,7956.6,7966.8,7934.6,7958.3,6244.0
2026-03-16 15:00:00+00:00,7959.0,7970.3,7944.6,7944.8,4708.0
2026-03-16 16:00:00+00:00,7945.0,7953.6,7928.8,7939.4,6658.0
2026-03-16 17:00:00+00:00,7939.1,7956.1,7933.6,7940.4,4417.0
2026-03-16 18:00:00+00:00,7940.6,7961.6,7940.4,7954.8,2945.0
2026-03-16 19:00:00+00:00,7954.6,7968.6,7942.8,7959.6,3926.0
2026-03-16 20:00:00+00:00,7959.4,7959.8,7941.1,7945.6,293.0
2026-03-17 07:00:00+00:00,7900.1,7917.8,7892.8,7914.1,1305.0
2026-03-17 08:00:00+00:00,7914.0,7957.8,7909.3,7949.3,7543.0
2026-03-17 09:00:00+00:00,7949.0,7994.0,7948.8,7993.0,4672.0
2026-03-17 10:00:00+00:00,7992.3,7992.8,7969.0,7977.0,4074.0
2026-03-17 11:00:00+00:00,7976.7,7987.4,7972.7,7977.7,2777.0
2026-03-17 12:00:00+00:00,7978.7,8002.2,7977.2,7996.2,2882.0
2026-03-17 13:00:00+00:00,7996.4,8022.4,7996.4,8011.2,4015.0
2026-03-17 14:00:00+00:00,8011.0,8022.7,7996.4,8018.2,5593.0
2026-03-17 15:00:00+00:00,8018.0,8022.4,7983.0,7986.4,6267.0
2026-03-17 16:00:00+00:00,7986.2,7987.2,7958.5,7967.5,6556.0
2026-03-17 17:00:00+00:00,7968.2,7980.5,7966.8,7976.2,2599.0
2026-03-17 18:00:00+00:00,7976.5,7979.2,7964.2,7975.0,2005.0
2026-03-17 19:00:00+00:00,7975.8,7977.0,7967.2,7971.8,1421.0
2026-03-17 20:00:00+00:00,7971.5,7976.8,7962.2,7963.2,249.0
2026-03-18 07:00:00+00:00,8036.0,8037.2,8005.5,8010.8,922.0
2026-03-18 08:00:00+00:00,8010.5,8040.7,8004.2,8037.2,5937.0
2026-03-18 09:00:00+00:00,8038.0,8059.0,8034.2,8052.2,3999.0
2026-03-18 10:00:00+00:00,8052.0,8064.7,8048.7,8051.7,2775.0
2026-03-18 11:00:00+00:00,8051.4,8066.4,8034.2,8046.7,5206.0
2026-03-18 12:00:00+00:00,8047.4,8049.7,7968.1,7973.1,9586.0
2026-03-18 13:00:00+00:00,7973.4,7997.6,7961.4,7973.6,11766.0
2026-03-18 14:00:00+00:00,7973.4,7989.4,7943.6,7961.1,9554.0
2026-03-18 15:00:00+00:00,7961.8,7980.1,7954.1,7959.1,7035.0
2026-03-18 16:00:00+00:00,7958.8,7980.9,7952.6,7973.9,6051.0
2026-03-18 17:00:00+00:00,7973.6,7981.6,7955.4,7977.9,2572.0
2026-03-18 18:00:00+00:00,7979.6,7988.9,7940.6,7940.6,5258.0
2026-03-18 19:00:00+00:00,7939.4,7952.4,7905.4,7916.6,4180.0
2026-03-18 20:00:00+00:00,7916.4,7916.4,7882.4,7887.6,529.0
2026-03-19 07:00:00+00:00,7869.6,7889.9,7854.2,7870.4,2041.0
2026-03-19 08:00:00+00:00,7870.6,7887.8,7823.4,7834.4,11332.0
2026-03-19 09:00:00+00:00,7834.6,7865.1,7814.6,7859.6,14562.0
2026-03-19 10:00:00+00:00,7859.4,7859.6,7823.8,7831.1,7516.0
2026-03-19 11:00:00+00:00,7831.4,7846.4,7816.6,7837.8,5959.0
2026-03-19 12:00:00+00:00,7838.1,7841.4,7787.6,7799.1,6153.0
2026-03-19 13:00:00+00:00,7798.4,7827.0,7773.6,7826.6,11693.0
2026-03-19 14:00:00+00:00,7826.3,7836.3,7806.8,7817.8,11908.0
2026-03-19 15:00:00+00:00,7817.6,7850.8,7808.3,7836.3,8648.0
2026-03-19 16:00:00+00:00,7835.6,7852.8,7782.6,7794.1,7957.0
2026-03-19 17:00:00+00:00,7794.4,7809.8,7776.4,7790.6,3182.0
2026-03-19 18:00:00+00:00,7790.8,7811.4,7785.4,7808.8,2389.0
2026-03-19 19:00:00+00:00,7809.4,7887.1,7809.4,7852.6,3797.0
2026-03-19 20:00:00+00:00,7852.8,7857.1,7843.4,7851.1,610.0
2026-03-20 07:00:00+00:00,7814.4,7881.1,7805.4,7868.4,2000.0
2026-03-20 08:00:00+00:00,7868.6,7886.6,7854.6,7858.3,7412.0
2026-03-20 09:00:00+00:00,7857.6,7862.6,7801.3,7809.8,9208.0
2026-03-20 10:00:00+00:00,7810.0,7821.3,7771.8,7793.3,10657.0
2026-03-20 11:00:00+00:00,7791.8,7836.3,7788.0,7833.8,7779.0
2026-03-20 12:00:00+00:00,7834.8,7843.8,7814.7,7832.4,8093.0
2026-03-20 13:00:00+00:00,7832.2,7833.7,7775.2,7777.2,13023.0
2026-03-20 14:00:00+00:00,7777.4,7778.0,7678.7,7688.7,18396.0
2026-03-20 15:00:00+00:00,7689.0,7716.2,7672.2,7684.7,15509.0
2026-03-20 16:00:00+00:00,7684.4,7701.7,7625.5,7650.5,11909.0
2026-03-20 17:00:00+00:00,7651.8,7664.2,7631.0,7652.5,7835.0
2026-03-20 18:00:00+00:00,7653.2,7656.2,7601.2,7614.0,6768.0
2026-03-20 19:00:00+00:00,7614.2,7621.2,7582.8,7617.5,5646.0
2026-03-20 20:00:00+00:00,7617.2,7630.8,7609.0,7611.2,623.0
2026-03-23 07:00:00+00:00,7532.8,7602.8,7524.6,7546.8,3124.0
2026-03-23 08:00:00+00:00,7546.8,7575.5,7534.8,7551.5,15911.0
2026-03-23 09:00:00+00:00,7551.8,7560.5,7505.5,7521.0,12532.0
2026-03-23 10:00:00+00:00,7521.2,7540.8,7506.5,7518.8,10744.0
2026-03-23 11:00:00+00:00,7519.0,7877.8,7518.5,7727.8,17009.0
2026-03-23 12:00:00+00:00,7728.0,7814.2,7704.2,7803.2,15874.0
2026-03-23 13:00:00+00:00,7803.0,7818.2,7746.4,7793.4,17126.0
2026-03-23 14:00:00+00:00,7794.2,7840.4,7787.2,7828.0,16148.0
2026-03-23 15:00:00+00:00,7828.7,7865.7,7749.4,7752.4,14013.0
2026-03-23 16:00:00+00:00,7752.2,7775.4,7713.8,7751.0,16334.0
2026-03-23 17:00:00+00:00,7751.8,7816.0,7741.2,7799.8,8241.0
2026-03-23 18:00:00+00:00,7800.0,7829.8,7778.5,7813.8,5296.0
2026-03-23 19:00:00+00:00,7813.5,7813.5,7773.5,7776.8,3520.0
2026-03-23 20:00:00+00:00,7776.5,7781.0,7767.2,7778.5,415.0
2026-03-24 07:00:00+00:00,7740.8,7778.8,7731.2,7748.8,3110.0
2026-03-24 08:00:00+00:00,7749.0,7776.7,7710.7,7715.4,12181.0
2026-03-24 09:00:00+00:00,7716.2,7733.8,7682.7,7726.8,10593.0
2026-03-24 10:00:00+00:00,7726.6,7739.8,7707.3,7731.3,8427.0
2026-03-24 11:00:00+00:00,7731.6,7751.0,7710.0,7748.3,8867.0
2026-03-24 12:00:00+00:00,7749.3,7752.3,7689.8,7694.6,9941.0
2026-03-24 13:00:00+00:00,7694.3,7702.3,7661.3,7693.3,17379.0
2026-03-24 14:00:00+00:00,7694.3,7762.8,7690.8,7750.0,16910.0
2026-03-24 15:00:00+00:00,7749.8,7767.0,7729.0,7729.0,12438.0
2026-03-24 16:00:00+00:00,7728.8,7760.8,7724.3,7737.4,9799.0
2026-03-24 17:00:00+00:00,7737.1,7740.1,7697.1,7730.8,9017.0
2026-03-24 18:00:00+00:00,7731.8,7766.1,7720.8,7746.8,5761.0
2026-03-24 19:00:00+00:00,7745.8,7760.6,7729.1,7732.8,3624.0
2026-03-24 20:00:00+00:00,7733.4,7839.1,7723.8,7816.6,4022.0
2026-03-25 07:00:00+00:00,7813.6,7841.4,7796.8,7840.8,1717.0
2026-03-25 08:00:00+00:00,7840.8,7874.0,7829.6,7856.8,10268.0
2026-03-25 09:00:00+00:00,7856.6,7873.8,7833.8,7856.8,6856.0
2026-03-25 10:00:00+00:00,7857.6,7875.0,7855.3,7869.3,6200.0
2026-03-25 11:00:00+00:00,7869.6,7882.8,7855.8,7875.6,4994.0
2026-03-25 12:00:00+00:00,7876.4,7888.8,7823.1,7858.6,9947.0
2026-03-25 13:00:00+00:00,7858.8,7872.1,7830.1,7833.6,11470.0
2026-03-25 14:00:00+00:00,7833.4,7861.6,7821.1,7841.1,11420.0
2026-03-25 15:00:00+00:00,7841.8,7842.8,7793.8,7826.1,10643.0
2026-03-25 16:00:00+00:00,7826.8,7860.2,7812.8,7854.9,9061.0
2026-03-25 17:00:00+00:00,7855.2,7871.9,7844.9,7850.4,5493.0
2026-03-25 18:00:00+00:00,7850.6,7856.4,7827.9,7841.6,3191.0
2026-03-25 19:00:00+00:00,7840.6,7851.9,7829.9,7844.6,2265.0
2026-03-25 20:00:00+00:00,7843.9,7847.2,7829.9,7832.9,249.0
2026-03-26 07:00:00+00:00,7799.2,7804.9,7779.6,7789.9,1803.0
2026-03-26 08:00:00+00:00,7789.8,7818.6,7788.1,7808.1,9383.0
2026-03-26 09:00:00+00:00,7808.4,7809.1,7757.6,7779.1,7070.0
2026-03-26 10:00:00+00:00,7778.8,7798.4,7769.1,7788.1,5473.0
2026-03-26 11:00:00+00:00,7789.1,7794.8,7762.1,7762.6,4801.0
2026-03-26 12:00:00+00:00,7762.8,7788.1,7756.4,7780.1,5183.0
2026-03-26 13:00:00+00:00,7780.4,7819.1,7770.1,7818.1,10181.0
2026-03-26 14:00:00+00:00,7817.8,7847.1,7799.4,7815.1,12746.0
2026-03-26 15:00:00+00:00,7815.8,7823.4,7790.8,7806.1,9372.0
2026-03-26 16:00:00+00:00,7805.8,7814.1,7765.6,7771.4,6846.0
2026-03-26 17:00:00+00:00,7771.6,7782.2,7753.9,7756.4,3630.0
2026-03-26 18:00:00+00:00,7756.6,7773.2,7756.6,7767.6,2494.0
2026-03-26 19:00:00+00:00,7767.9,7768.9,7732.6,7734.9,1443.0
2026-03-26 20:00:00+00:00,7734.6,7823.9,7734.4,7760.2,1454.0
2026-03-27 07:00:00+00:00,7782.9,7790.6,7770.4,7784.6,473.0
2026-03-27 08:00:00+00:00,7784.6,7789.6,7723.1,7724.6,8228.0
2026-03-27 09:00:00+00:00,7726.8,7737.8,7701.4,7705.1,7666.0
2026-03-27 10:00:00+00:00,7704.8,7725.1,7689.1,7691.1,6286.0
2026-03-27 11:00:00+00:00,7691.8,7718.1,7677.1,7708.1,5431.0
2026-03-27 12:00:00+00:00,7707.8,7728.4,7697.6,7719.1,5926.0
2026-03-27 13:00:00+00:00,7718.8,7728.6,7693.6,7696.6,10943.0
2026-03-27 14:00:00+00:00,7694.6,7718.1,7693.1,7707.1,10976.0
2026-03-27 15:00:00+00:00,7707.4,7749.1,7697.1,7707.8,9273.0
2026-03-27 16:00:00+00:00,7708.1,7714.2,7687.4,7703.4,7166.0
2026-03-27 17:00:00+00:00,7703.2,7716.4,7684.4,7685.2,3208.0
2026-03-27 18:00:00+00:00,7684.4,7688.4,7669.6,7676.6,3181.0
2026-03-27 19:00:00+00:00,7676.2,7678.2,7648.4,7668.2,2346.0
2026-03-27 20:00:00+00:00,7668.4,7675.6,7647.9,7647.9,501.0
2026-03-30 06:00:00+00:00,7671.9,7703.9,7666.6,7693.9,1936.0
2026-03-30 07:00:00+00:00,7693.8,7711.1,7681.8,7710.4,9322.0
2026-03-30 08:00:00+00:00,7710.1,7738.4,7699.1,7735.1,7720.0
2026-03-30 09:00:00+00:00,7735.8,7737.6,7693.8,7698.1,6577.0
2026-03-30 10:00:00+00:00,7698.8,7715.1,7692.6,7715.1,5355.0
2026-03-30 11:00:00+00:00,7715.4,7778.4,7714.8,7728.6,10875.0
2026-03-30 12:00:00+00:00,7728.8,7746.4,7718.1,7744.7,5650.0
2026-03-30 13:00:00+00:00,7745.4,7751.2,7730.4,7734.4,11491.0
2026-03-30 14:00:00+00:00,7734.2,7764.0,7730.2,7762.2,16012.0
2026-03-30 15:00:00+00:00,7763.2,7796.8,7753.4,7784.8,8876.0
2026-03-30 16:00:00+00:00,7784.5,7785.8,7760.2,7762.8,6000.0
2026-03-30 17:00:00+00:00,7762.0,7770.2,7735.0,7747.0,5363.0
2026-03-30 18:00:00+00:00,7746.8,7751.2,7725.8,7728.8,3719.0
2026-03-30 19:00:00+00:00,7729.0,7743.0,7703.2,7737.2,4230.0
2026-03-31 06:00:00+00:00,7785.0,7786.4,7757.2,7762.0,2155.0
2026-03-31 07:00:00+00:00,7761.2,7828.6,7749.4,7828.2,10542.0
2026-03-31 08:00:00+00:00,7828.4,7833.4,7794.9,7803.2,9718.0
2026-03-31 09:00:00+00:00,7802.4,7829.9,7802.4,7823.4,6739.0
2026-03-31 10:00:00+00:00,7823.6,7833.2,7781.4,7806.4,6461.0
2026-03-31 11:00:00+00:00,7806.2,7853.4,7799.2,7825.9,14257.0
2026-03-31 12:00:00+00:00,7826.2,7839.6,7803.6,7824.6,11750.0
2026-03-31 13:00:00+00:00,7824.9,7851.2,7813.2,7840.9,11580.0
2026-03-31 14:00:00+00:00,7841.4,7848.9,7810.9,7816.9,11915.0
2026-03-31 15:00:00+00:00,7816.6,7843.4,7792.4,7810.7,12577.0
2026-03-31 16:00:00+00:00,7810.4,7949.7,7805.4,7878.4,18766.0
2026-03-31 17:00:00+00:00,7878.0,7903.0,7867.2,7869.0,11972.0
2026-03-31 18:00:00+00:00,7868.4,7892.2,7868.0,7888.2,4698.0
2026-03-31 19:00:00+00:00,7888.0,7925.2,7884.4,7919.2,3006.0
