timestamp,open,high,low,close,volume
2025-01-01 23:00:00+00:00,21094.2,21153.8,21077.8,21100.2,5565.0
2025-01-02 00:00:00+00:00,21100.4,21100.8,20955.2,21064.6,10658.0
2025-01-02 01:00:00+00:00,21064.7,21146.6,21064.6,21128.7,10074.0
2025-01-02 02:00:00+00:00,21127.4,21166.0,21121.4,21155.6,6041.0
2025-01-02 03:00:00+00:00,21155.1,21172.6,21128.2,21140.1,4722.0
2025-01-02 04:00:00+00:00,21139.6,21168.7,21121.2,21157.6,4337.0
2025-01-02 05:00:00+00:00,21158.4,21209.6,21154.6,21204.0,4722.0
2025-01-02 06:00:00+00:00,21204.4,21229.3,21189.6,21222.6,3751.0
2025-01-02 07:00:00+00:00,21223.1,21230.9,21179.4,21191.2,5212.0
2025-01-02 08:00:00+00:00,21191.0,21257.4,21151.8,21208.6,15661.0
2025-01-02 09:00:00+00:00,21208.7,21238.6,21183.6,21235.6,11779.0
2025-01-02 10:00:00+00:00,21235.6,21244.2,21193.0,21231.0,8269.0
2025-01-02 11:00:00+00:00,21231.4,21302.8,21204.0,21300.6,8446.0
2025-01-02 12:00:00+00:00,21301.2,21323.4,21247.2,21277.0,12736.0
2025-01-02 13:00:00+00:00,21276.4,21299.6,21238.3,21250.6,13929.0
2025-01-02 14:00:00+00:00,21250.6,21253.6,21000.4,21223.9,65028.0
2025-01-02 15:00:00+00:00,21225.0,21277.0,21043.5,21111.0,82709.0
2025-01-02 16:00:00+00:00,21111.0,21196.2,21020.0,21156.2,57646.0
2025-01-02 17:00:00+00:00,21156.5,21182.2,20823.6,20915.4,60359.0
2025-01-02 18:00:00+00:00,20916.0,20929.6,20828.0,20888.0,54725.0
2025-01-02 19:00:00+00:00,20888.2,20984.5,20868.4,20903.4,45115.0
2025-01-02 20:00:00+00:00,20903.2,21035.2,20902.2,21009.0,54094.0
2025-01-02 21:00:00+00:00,21009.0,21043.0,21009.0,21023.8,7440.0
2025-01-02 23:00:00+00:00,21020.4,21022.4,20981.4,21000.4,4015.0
2025-01-03 00:00:00+00:00,21000.6,21076.4,20991.2,21076.1,5783.0
2025-01-03 01:00:00+00:00,21076.2,21085.0,21043.1,21062.0,5440.0
2025-01-03 02:00:00+00:00,21061.9,21086.7,21058.6,21079.9,4521.0
2025-01-03 03:00:00+00:00,21080.0,21096.9,21079.6,21085.8,3503.0
2025-01-03 04:00:00+00:00,21085.4,21092.4,21060.4,21061.4,2597.0
2025-01-03 05:00:00+00:00,21062.2,21069.0,21044.4,21063.0,3392.0
2025-01-03 06:00:00+00:00,21062.8,21093.9,21056.0,21074.8,3250.0
2025-01-03 07:00:00+00:00,21073.9,21090.6,21048.2,21082.4,5277.0
2025-01-03 08:00:00+00:00,21083.2,21112.9,21050.8,21074.0,11661.0
2025-01-03 09:00:00+00:00,21074.1,21124.8,21065.8,21108.6,7290.0
2025-01-03 10:00:00+00:00,21108.2,21109.0,21064.4,21075.4,5546.0
2025-01-03 11:00:00+00:00,21075.5,21089.5,21056.6,21084.4,4677.0
2025-01-03 12:00:00+00:00,21083.2,21083.2,21046.0,21079.4,6551.0
2025-01-03 13:00:00+00:00,21079.4,21110.4,21064.4,21064.8,7784.0
2025-01-03 14:00:00+00:00,21064.9,21271.3,21064.9,21222.0,47808.0
2025-01-03 15:00:00+00:00,21219.6,21277.3,21099.0,21214.0,68500.0
2025-01-03 16:00:00+00:00,21213.0,21328.2,21175.0,21301.3,45591.0
2025-01-03 17:00:00+00:00,21301.4,21323.6,21279.4,21308.9,34062.0
2025-01-03 18:00:00+00:00,21308.5,21369.3,21288.0,21347.5,24408.0
2025-01-03 19:00:00+00:00,21347.6,21397.3,21335.2,21373.0,22796.0
2025-01-03 20:00:00+00:00,21372.7,21372.7,21313.3,21346.5,31981.0
2025-01-03 21:00:00+00:00,21346.8,21351.3,21315.2,21327.7,6333.0
2025-01-05 23:00:00+00:00,21369.0,21375.8,21340.0,21362.9,4565.0
2025-01-06 00:00:00+00:00,21363.3,21373.4,21317.4,21334.0,6657.0
2025-01-06 01:00:00+00:00,21334.4,21344.6,21320.4,21338.6,5401.0
2025-01-06 02:00:00+00:00,21337.4,21356.8,21321.6,21348.2,4775.0
2025-01-06 03:00:00+00:00,21347.9,21355.0,21339.2,21346.2,2898.0
2025-01-06 04:00:00+00:00,21346.6,21361.3,21342.4,21360.6,2317.0
2025-01-06 05:00:00+00:00,21361.0,21389.2,21358.9,21377.0,3276.0
2025-01-06 06:00:00+00:00,21377.0,21393.4,21368.4,21387.4,2821.0
2025-01-06 07:00:00+00:00,21386.0,21414.4,21378.4,21403.0,3759.0
2025-01-06 08:00:00+00:00,21405.2,21462.6,21402.7,21456.0,7032.0
2025-01-06 09:00:00+00:00,21456.2,21508.8,21454.5,21507.2,7545.0
2025-01-06 10:00:00+00:00,21507.2,21530.3,21492.8,21508.8,6879.0
2025-01-06 11:00:00+00:00,21508.6,21582.2,21480.2,21568.6,13972.0
2025-01-06 12:00:00+00:00,21567.6,21598.0,21549.5,21573.3,9658.0
2025-01-06 13:00:00+00:00,21573.4,21589.2,21545.2,21587.2,10441.0
2025-01-06 14:00:00+00:00,21587.3,21686.0,21480.0,21656.8,56863.0
2025-01-06 15:00:00+00:00,21656.6,21730.2,21618.9,21707.2,62048.0
2025-01-06 16:00:00+00:00,21707.7,21734.5,21682.5,21695.4,40634.0
2025-01-06 17:00:00+00:00,21695.7,21707.0,21611.8,21636.5,41122.0
2025-01-06 18:00:00+00:00,21636.8,21637.6,21543.8,21549.2,45014.0
2025-01-06 19:00:00+00:00,21549.7,21565.4,21500.0,21502.7,43825.0
2025-01-06 20:00:00+00:00,21501.8,21597.5,21490.2,21592.2,45923.0
2025-01-06 21:00:00+00:00,21592.4,21628.3,21592.4,21617.6,8004.0
2025-01-06 23:00:00+00:00,21625.8,21638.2,21611.0,21613.0,3320.0
2025-01-07 00:00:00+00:00,21613.3,21624.1,21594.5,21603.8,4722.0
2025-01-07 01:00:00+00:00,21602.8,21614.5,21589.0,21610.6,4848.0
2025-01-07 02:00:00+00:00,21610.3,21627.6,21576.6,21580.0,4601.0
2025-01-07 03:00:00+00:00,21580.7,21594.2,21558.0,21589.6,4793.0
2025-01-07 04:00:00+00:00,21589.5,21589.8,21561.5,21562.8,3156.0
2025-01-07 05:00:00+00:00,21562.5,21569.2,21502.7,21548.0,6033.0
2025-01-07 06:00:00+00:00,21547.0,21558.2,21526.5,21532.4,3972.0
2025-01-07 07:00:00+00:00,21531.8,21574.6,21530.8,21571.0,6391.0
2025-01-07 08:00:00+00:00,21572.8,21607.8,21547.8,21599.8,10165.0
2025-01-07 09:00:00+00:00,21599.7,21616.5,21566.8,21570.4,8203.0
2025-01-07 10:00:00+00:00,21570.4,21612.8,21559.2,21610.0,5830.0
2025-01-07 11:00:00+00:00,21609.0,21613.7,21562.8,21578.2,7957.0
2025-01-07 12:00:00+00:00,21578.6,21605.8,21561.0,21587.4,8591.0
2025-01-07 13:00:00+00:00,21587.2,21620.8,21574.8,21620.6,8721.0
2025-01-07 14:00:00+00:00,21620.7,21648.0,21537.5,21554.4,51966.0
2025-01-07 15:00:00+00:00,21542.6,21543.0,21242.0,21390.0,93121.0
2025-01-07 16:00:00+00:00,21391.2,21415.0,21272.4,21282.2,64588.0
2025-01-07 17:00:00+00:00,21283.2,21322.6,21233.7,21292.0,48772.0
2025-01-07 18:00:00+00:00,21292.2,21363.7,21275.6,21286.6,40795.0
2025-01-07 19:00:00+00:00,21286.0,21321.2,21249.9,21264.2,37057.0
2025-01-07 20:00:00+00:00,21264.4,21269.8,21126.7,21205.9,55227.0
2025-01-07 21:00:00+00:00,21206.0,21241.4,21205.9,21219.8,8062.0
2025-01-07 23:00:00+00:00,21209.8,21240.6,21189.8,21238.0,4238.0
2025-01-08 00:00:00+00:00,21237.8,21259.3,21234.0,21251.6,4588.0
2025-01-08 01:00:00+00:00,21252.1,21280.2,21240.2,21275.0,4689.0
2025-01-08 02:00:00+00:00,21274.8,21282.2,21248.0,21264.0,4208.0
2025-01-08 03:00:00+00:00,21264.6,21269.6,21236.4,21251.2,4338.0
2025-01-08 04:00:00+00:00,21251.4,21264.6,21229.7,21238.6,3169.0
2025-01-08 05:00:00+00:00,21238.8,21277.4,21238.6,21275.6,3289.0
2025-01-08 06:00:00+00:00,21274.8,21280.0,21242.3,21245.0,3365.0
2025-01-08 07:00:00+00:00,21245.0,21246.6,21206.0,21235.6,5501.0
2025-01-08 08:00:00+00:00,21234.6,21265.0,21225.0,21257.3,8650.0
2025-01-08 09:00:00+00:00,21257.0,21278.8,21251.2,21275.3,6836.0
2025-01-08 10:00:00+00:00,21275.2,21293.3,21269.6,21289.2,5021.0
2025-01-08 11:00:00+00:00,21288.6,21293.0,21130.2,21209.6,19560.0
2025-01-08 12:00:00+00:00,21211.9,21211.9,21066.6,21102.8,25489.0
2025-01-08 13:00:00+00:00,21102.6,21238.4,21100.4,21222.6,25593.0
2025-01-08 14:00:00+00:00,21222.4,21233.0,21131.4,21189.6,61503.0
2025-01-08 15:00:00+00:00,21188.9,21250.6,21076.8,21207.6,76321.0
2025-01-08 16:00:00+00:00,21208.0,21268.7,21136.2,21235.4,47649.0
2025-01-08 17:00:00+00:00,21236.0,21237.5,21016.6,21118.5,50978.0
2025-01-08 18:00:00+00:00,21117.5,21256.2,21115.2,21175.3,45574.0
2025-01-08 19:00:00+00:00,21176.7,21281.0,21137.6,21187.7,46833.0
2025-01-08 20:00:00+00:00,21187.0,21227.0,21151.8,21211.2,44333.0
2025-01-08 21:00:00+00:00,21210.7,21239.6,21156.0,21179.4,9642.0
2025-01-08 23:00:00+00:00,21175.2,21196.6,21163.2,21165.4,3045.0
2025-01-09 00:00:00+00:00,21165.6,21173.8,21121.5,21157.4,6283.0
2025-01-09 01:00:00+00:00,21156.0,21178.4,21151.0,21164.4,5264.0
2025-01-09 02:00:00+00:00,21164.2,21197.2,21163.8,21194.6,4071.0
2025-01-09 03:00:00+00:00,21194.4,21194.8,21160.5,21160.8,3392.0
2025-01-09 04:00:00+00:00,21161.0,21167.4,21144.2,21161.0,3649.0
2025-01-09 05:00:00+00:00,21161.0,21179.2,21153.0,21173.0,3224.0
2025-01-09 06:00:00+00:00,21173.4,21178.4,21157.6,21165.1,3078.0
2025-01-09 07:00:00+00:00,21165.4,21166.4,21091.5,21099.6,6904.0
2025-01-09 08:00:00+00:00,21099.8,21156.2,21068.0,21144.4,12023.0
2025-01-09 09:00:00+00:00,21145.2,21164.4,21129.0,21161.0,7278.0
2025-01-09 10:00:00+00:00,21161.6,21185.0,21160.4,21177.6,5140.0
2025-01-09 11:00:00+00:00,21177.8,21178.7,21126.6,21150.8,8873.0
2025-01-09 12:00:00+00:00,21150.6,21167.6,21136.4,21162.0,7207.0
2025-01-09 13:00:00+00:00,21162.0,21184.2,21143.5,21154.6,7232.0
2025-01-09 14:00:00+00:00,21154.2,21160.3,21115.4,21154.0,6021.0
2025-01-09 23:00:00+00:00,21156.4,21158.1,21061.7,21087.6,7532.0
2025-01-10 00:00:00+00:00,21087.7,21094.3,21029.6,21045.3,8487.0
2025-01-10 01:00:00+00:00,21047.0,21107.4,21044.2,21096.8,7392.0
2025-01-10 02:00:00+00:00,21097.0,21128.5,21087.8,21123.2,5173.0
2025-01-10 03:00:00+00:00,21123.3,21163.4,21121.4,21150.8,4717.0
2025-01-10 04:00:00+00:00,21151.0,21157.8,21132.0,21152.0,3943.0
2025-01-10 05:00:00+00:00,21152.8,21177.8,21145.3,21150.8,4310.0
2025-01-10 06:00:00+00:00,21151.0,21151.0,21090.8,21095.0,5072.0
2025-01-10 07:00:00+00:00,21094.8,21142.0,21083.7,21120.1,6606.0
2025-01-10 08:00:00+00:00,21119.1,21149.0,21108.4,21132.6,8872.0
2025-01-10 09:00:00+00:00,21132.4,21144.1,21098.0,21127.2,7940.0
2025-01-10 10:00:00+00:00,21127.1,21171.1,21120.0,21166.0,5921.0
2025-01-10 11:00:00+00:00,21164.8,21221.8,21162.4,21165.8,8194.0
2025-01-10 12:00:00+00:00,21165.6,21173.4,21106.2,21171.1,11013.0
2025-01-10 13:00:00+00:00,21170.1,21173.3,20895.3,20966.5,29333.0
2025-01-10 14:00:00+00:00,20965.4,21046.0,20860.0,20904.0,66399.0
2025-01-10 15:00:00+00:00,20903.4,20972.5,20725.2,20838.6,79589.0
2025-01-10 16:00:00+00:00,20839.0,20850.8,20736.2,20757.2,55502.0
2025-01-10 17:00:00+00:00,20756.9,20896.0,20743.5,20890.8,46734.0
2025-01-10 18:00:00+00:00,20890.5,21032.8,20862.8,21025.2,46002.0
2025-01-10 19:00:00+00:00,21025.2,21028.4,20899.6,20943.2,42532.0
2025-01-10 20:00:00+00:00,20943.0,20956.0,20839.2,20873.4,50704.0
2025-01-10 21:00:00+00:00,20872.8,20892.6,20845.8,20847.8,9987.0
2025-01-12 23:00:00+00:00,20848.6,20884.4,20800.0,20856.3,6162.0
2025-01-13 00:00:00+00:00,20854.2,20893.4,20838.9,20855.5,6060.0
2025-01-13 01:00:00+00:00,20855.8,20858.9,20746.0,20782.8,9727.0
2025-01-13 02:00:00+00:00,20782.6,20805.0,20768.8,20782.4,6123.0
2025-01-13 03:00:00+00:00,20781.6,20793.6,20715.8,20737.9,6946.0
2025-01-13 04:00:00+00:00,20737.8,20758.3,20734.1,20755.2,3987.0
2025-01-13 05:00:00+00:00,20754.8,20756.3,20723.0,20744.3,4041.0
2025-01-13 06:00:00+00:00,20745.2,20786.0,20743.0,20762.8,4901.0
2025-01-13 07:00:00+00:00,20762.9,20773.2,20724.6,20739.2,7019.0
2025-01-13 08:00:00+00:00,20738.9,20768.6,20653.5,20660.3,13609.0
2025-01-13 09:00:00+00:00,20660.9,20668.8,20551.6,20578.6,15539.0
2025-01-13 10:00:00+00:00,20578.6,20632.4,20566.2,20607.8,11216.0
2025-01-13 11:00:00+00:00,20607.8,20633.6,20588.8,20621.8,10265.0
2025-01-13 12:00:00+00:00,20623.0,20702.4,20583.0,20674.9,15412.0
2025-01-13 13:00:00+00:00,20675.3,20698.4,20637.4,20666.8,17006.0
2025-01-13 14:00:00+00:00,20667.0,20698.3,20559.6,20658.6,62564.0
2025-01-13 15:00:00+00:00,20658.6,20736.8,20571.3,20655.2,66764.0
2025-01-13 16:00:00+00:00,20657.8,20692.2,20593.0,20603.5,55184.0
2025-01-13 17:00:00+00:00,20603.4,20760.4,20584.0,20755.5,51834.0
2025-01-13 18:00:00+00:00,20756.0,20779.3,20722.0,20758.0,42393.0
2025-01-13 19:00:00+00:00,20758.4,20792.0,20701.5,20771.5,42705.0
2025-01-13 20:00:00+00:00,20770.6,20830.3,20740.0,20813.5,44686.0
2025-01-13 21:00:00+00:00,20813.6,20861.6,20803.4,20858.1,8934.0
2025-01-13 23:00:00+00:00,20894.8,20954.2,20878.6,20911.6,6831.0
2025-01-14 00:00:00+00:00,20912.3,20921.4,20893.6,20918.8,6931.0
2025-01-14 01:00:00+00:00,20919.0,20919.1,20887.6,20892.4,7069.0
2025-01-14 02:00:00+00:00,20892.2,20910.0,20863.1,20908.6,6078.0
2025-01-14 03:00:00+00:00,20908.1,20913.4,20883.2,20884.0,4838.0
2025-01-14 04:00:00+00:00,20884.0,20912.4,20879.2,20908.8,3637.0
2025-01-14 05:00:00+00:00,20909.0,20924.8,20892.6,20923.6,4324.0
2025-01-14 06:00:00+00:00,20924.8,20933.3,20906.4,20912.2,4651.0
2025-01-14 07:00:00+00:00,20912.0,20932.0,20887.4,20925.4,5927.0
2025-01-14 08:00:00+00:00,20925.0,21009.6,20917.6,20989.4,12007.0
2025-01-14 09:00:00+00:00,20989.2,20995.4,20950.2,20966.4,10838.0
2025-01-14 10:00:00+00:00,20966.6,20973.6,20939.1,20961.0,7094.0
2025-01-14 11:00:00+00:00,20961.4,20961.4,20900.4,20908.2,8410.0
2025-01-14 12:00:00+00:00,20908.6,20924.0,20838.6,20870.6,14576.0
2025-01-14 13:00:00+00:00,20870.6,21003.8,20810.0,20922.6,24383.0
2025-01-14 14:00:00+00:00,20923.6,20995.0,20832.0,20846.8,59665.0
2025-01-14 15:00:00+00:00,20847.0,20975.6,20801.2,20801.6,64915.0
2025-01-14 16:00:00+00:00,20803.0,20821.8,20687.0,20690.3,61226.0
2025-01-14 17:00:00+00:00,20688.6,20751.4,20659.3,20730.4,43399.0
2025-01-14 18:00:00+00:00,20730.3,20877.0,20722.8,20864.8,37304.0
2025-01-14 19:00:00+00:00,20864.5,20879.0,20723.0,20728.0,38496.0
2025-01-14 20:00:00+00:00,20728.4,20794.8,20641.3,20791.0,64992.0
2025-01-14 21:00:00+00:00,20791.0,20860.4,20787.8,20845.0,9689.0
2025-01-14 23:00:00+00:00,20837.3,20837.8,20806.0,20815.3,3747.0
2025-01-15 00:00:00+00:00,20815.0,20825.2,20805.2,20822.2,3365.0
2025-01-15 01:00:00+00:00,20822.6,20830.4,20808.4,20820.6,3569.0
2025-01-15 02:00:00+00:00,20820.6,20823.8,20799.4,20804.6,3308.0
2025-01-15 03:00:00+00:00,20804.8,20811.1,20799.0,20803.0,2482.0
2025-01-15 04:00:00+00:00,20802.6,20814.2,20794.1,20812.1,2356.0
2025-01-15 05:00:00+00:00,20811.6,20818.0,20800.8,20810.0,2932.0
2025-01-15 06:00:00+00:00,20811.1,20824.1,20807.0,20815.4,2022.0
2025-01-15 07:00:00+00:00,20815.6,20826.4,20798.0,20802.0,3296.0
2025-01-15 08:00:00+00:00,20802.2,20818.7,20776.3,20799.4,7426.0
2025-01-15 09:00:00+00:00,20800.4,20838.6,20793.4,20827.4,5827.0
2025-01-15 10:00:00+00:00,20828.3,20838.0,20799.6,20832.2,4786.0
2025-01-15 11:00:00+00:00,20833.0,20881.6,20830.8,20864.6,5935.0
2025-01-15 12:00:00+00:00,20863.6,20882.8,20844.8,20864.4,8813.0
2025-01-15 13:00:00+00:00,20863.6,21196.2,20847.8,21148.4,27817.0
2025-01-15 14:00:00+00:00,21148.1,21212.0,21054.2,21195.0,58744.0
2025-01-15 15:00:00+00:00,21194.8,21274.5,21185.0,21185.4,67526.0
2025-01-15 16:00:00+00:00,21186.0,21237.1,21112.7,21139.7,55972.0
2025-01-15 17:00:00+00:00,21138.5,21231.0,21128.5,21188.5,39466.0
2025-01-15 18:00:00+00:00,21190.0,21261.7,21187.5,21246.6,26087.0
2025-01-15 19:00:00+00:00,21246.7,21301.3,21244.2,21285.5,22092.0
2025-01-15 20:00:00+00:00,21285.1,21318.7,21257.6,21262.8,30712.0
2025-01-15 21:00:00+00:00,21262.5,21272.0,21236.1,21242.6,7196.0
2025-01-15 23:00:00+00:00,21250.4,21286.8,21248.2,21281.4,3357.0
2025-01-16 00:00:00+00:00,21282.1,21313.6,21274.8,21292.0,4742.0
2025-01-16 01:00:00+00:00,21292.2,21294.5,21263.8,21267.4,6124.0
2025-01-16 02:00:00+00:00,21267.0,21272.0,21251.7,21264.4,4786.0
2025-01-16 03:00:00+00:00,21263.4,21278.4,21251.4,21259.0,3563.0
2025-01-16 04:00:00+00:00,21259.0,21265.0,21248.5,21256.0,2426.0
2025-01-16 05:00:00+00:00,21255.8,21257.0,21221.2,21232.8,5060.0
2025-01-16 06:00:00+00:00,21232.8,21322.4,21219.2,21307.4,7546.0
2025-01-16 07:00:00+00:00,21306.0,21425.6,21298.7,21422.0,9804.0
2025-01-16 08:00:00+00:00,21422.0,21431.8,21371.0,21405.8,13662.0
2025-01-16 09:00:00+00:00,21405.2,21413.5,21320.8,21340.4,12947.0
2025-01-16 10:00:00+00:00,21341.1,21378.8,21311.6,21363.5,8912.0
2025-01-16 11:00:00+00:00,21364.4,21384.4,21350.4,21373.0,8562.0
2025-01-16 12:00:00+00:00,21374.8,21375.3,21297.6,21306.0,12078.0
2025-01-16 13:00:00+00:00,21306.7,21349.2,21286.3,21340.8,15586.0
2025-01-16 14:00:00+00:00,21339.2,21365.4,21236.2,21244.3,52947.0
2025-01-16 15:00:00+00:00,21244.2,21293.0,21202.8,21290.7,78135.0
2025-01-16 16:00:00+00:00,21290.2,21340.3,21186.2,21269.2,67548.0
2025-01-16 17:00:00+00:00,21268.3,21294.6,21238.4,21254.7,40377.0
2025-01-16 18:00:00+00:00,21255.0,21281.7,21131.6,21159.3,41491.0
2025-01-16 19:00:00+00:00,21159.2,21249.4,21146.0,21243.0,32019.0
2025-01-16 20:00:00+00:00,21243.1,21264.5,21113.6,21116.6,40461.0
2025-01-16 21:00:00+00:00,21116.8,21119.1,21041.0,21082.3,11841.0
2025-01-16 23:00:00+00:00,21087.2,21108.0,21077.8,21103.4,4455.0
2025-01-17 00:00:00+00:00,21103.1,21110.5,21095.7,21108.8,4552.0
2025-01-17 01:00:00+00:00,21109.0,21142.6,21107.0,21134.2,4831.0
2025-01-17 02:00:00+00:00,21134.6,21152.0,21118.3,21126.6,4482.0
2025-01-17 03:00:00+00:00,21126.4,21151.5,21115.0,21149.8,3838.0
2025-01-17 04:00:00+00:00,21149.6,21176.0,21147.5,21157.4,3959.0
2025-01-17 05:00:00+00:00,21157.7,21177.8,21156.8,21167.0,4125.0
2025-01-17 06:00:00+00:00,21166.8,21173.5,21146.2,21157.0,3985.0
2025-01-17 07:00:00+00:00,21158.6,21161.1,21121.0,21144.8,5991.0
2025-01-17 08:00:00+00:00,21143.8,21189.6,21140.7,21183.6,8914.0
2025-01-17 09:00:00+00:00,21183.0,21225.2,21177.4,21211.8,7945.0
2025-01-17 10:00:00+00:00,21211.6,21221.6,21193.4,21203.0,7138.0
2025-01-17 11:00:00+00:00,21202.6,21231.0,21189.0,21197.4,6458.0
2025-01-17 12:00:00+00:00,21196.8,21221.7,21175.8,21214.6,8869.0
2025-01-17 13:00:00+00:00,21214.0,21414.0,21212.8,21410.2,17579.0
2025-01-17 14:00:00+00:00,21410.0,21548.5,21356.2,21374.6,63199.0
2025-01-17 15:00:00+00:00,21375.0,21464.8,21350.1,21462.5,66634.0
2025-01-17 16:00:00+00:00,21462.2,21506.5,21439.2,21452.7,36854.0
2025-01-17 17:00:00+00:00,21452.0,21498.7,21428.7,21494.7,25010.0
2025-01-17 18:00:00+00:00,21494.6,21542.1,21482.3,21501.8,24398.0
2025-01-17 19:00:00+00:00,21502.1,21514.7,21479.8,21492.1,23124.0
2025-01-17 20:00:00+00:00,21490.8,21508.3,21450.0,21470.8,36231.0
2025-01-17 21:00:00+00:00,21470.5,21470.6,21442.1,21456.2,7735.0
2025-01-19 23:00:00+00:00,21480.4,21483.0,21397.6,21415.1,7441.0
2025-01-20 00:00:00+00:00,21416.2,21429.9,21406.2,21426.8,6074.0
2025-01-20 01:00:00+00:00,21426.6,21446.4,21410.4,21434.2,7484.0
2025-01-20 02:00:00+00:00,21433.0,21441.0,21420.6,21431.1,4832.0
2025-01-20 03:00:00+00:00,21431.0,21444.4,21416.2,21431.2,4333.0
2025-01-20 04:00:00+00:00,21431.6,21437.0,21424.4,21435.8,2434.0
2025-01-20 05:00:00+00:00,21435.4,21440.8,21432.4,21439.2,1950.0
2025-01-20 06:00:00+00:00,21440.4,21474.8,21434.9,21465.4,3151.0
2025-01-20 07:00:00+00:00,21465.2,21501.2,21456.8,21492.0,4735.0
2025-01-20 08:00:00+00:00,21489.7,21507.6,21458.8,21487.8,8713.0
2025-01-20 09:00:00+00:00,21487.6,21502.6,21479.9,21492.4,5691.0
2025-01-20 10:00:00+00:00,21493.1,21506.2,21478.6,21495.4,4913.0
2025-01-20 11:00:00+00:00,21494.8,21500.8,21480.2,21493.8,4450.0
2025-01-20 12:00:00+00:00,21494.9,21496.8,21441.1,21454.2,8428.0
2025-01-20 13:00:00+00:00,21453.2,21562.9,21408.4,21558.2,15749.0
2025-01-20 14:00:00+00:00,21558.1,21647.7,21528.9,21612.4,27126.0
2025-01-20 15:00:00+00:00,21612.4,21612.4,21511.8,21552.8,25020.0
2025-01-20 16:00:00+00:00,21553.4,21600.4,21553.4,21566.8,15161.0
2025-01-20 17:00:00+00:00,21567.0,21586.6,21493.0,21557.4,15028.0
2025-01-20 23:00:00+00:00,21562.8,21609.2,21544.2,21602.0,5856.0
2025-01-21 00:00:00+00:00,21602.6,21616.0,21323.5,21339.6,14286.0
2025-01-21 01:00:00+00:00,21339.0,21495.4,21249.9,21455.2,18856.0
2025-01-21 02:00:00+00:00,21456.4,21480.4,21432.2,21458.2,7472.0
2025-01-21 03:00:00+00:00,21458.0,21516.9,21456.0,21495.0,5933.0
2025-01-21 04:00:00+00:00,21495.4,21500.4,21470.5,21475.0,3788.0
2025-01-21 05:00:00+00:00,21474.9,21484.5,21448.6,21460.6,4225.0
2025-01-21 06:00:00+00:00,21460.7,21496.2,21457.1,21471.2,4179.0
2025-01-21 07:00:00+00:00,21470.5,21514.2,21453.2,21505.9,5965.0
2025-01-21 08:00:00+00:00,21506.0,21542.0,21477.7,21520.7,8457.0
2025-01-21 09:00:00+00:00,21520.9,21578.2,21515.1,21577.8,7539.0
2025-01-21 10:00:00+00:00,21578.0,21600.4,21553.8,21558.4,8028.0
2025-01-21 11:00:00+00:00,21558.4,21580.4,21534.2,21545.0,8228.0
2025-01-21 12:00:00+00:00,21543.6,21576.9,21513.2,21565.2,10445.0
2025-01-21 13:00:00+00:00,21565.4,21599.4,21552.4,21595.4,10331.0
2025-01-21 14:00:00+00:00,21595.8,21606.8,21443.0,21501.4,55298.0
2025-01-21 15:00:00+00:00,21501.8,21519.5,21396.1,21504.0,76344.0
2025-01-21 16:00:00+00:00,21503.6,21551.6,21463.3,21545.1,45714.0
2025-01-21 17:00:00+00:00,21544.8,21621.8,21520.1,21619.9,27755.0
2025-01-21 18:00:00+00:00,21619.8,21650.8,21598.9,21631.9,24946.0
2025-01-21 19:00:00+00:00,21631.4,21642.2,21576.2,21603.4,24395.0
2025-01-21 20:00:00+00:00,21603.9,21634.4,21576.7,21593.8,28335.0
2025-01-21 21:00:00+00:00,21593.5,21662.2,21590.6,21652.2,8732.0
2025-01-21 23:00:00+00:00,21662.5,21699.2,21648.3,21689.0,7794.0
2025-01-22 00:00:00+00:00,21689.0,21721.7,21683.4,21715.6,5635.0
2025-01-22 01:00:00+00:00,21715.4,21720.2,21690.6,21713.0,5282.0
2025-01-22 02:00:00+00:00,21712.7,21728.8,21708.9,21713.8,3666.0
2025-01-22 03:00:00+00:00,21713.4,21737.0,21712.4,21735.9,2890.0
2025-01-22 04:00:00+00:00,21735.8,21755.7,21731.4,21748.2,2563.0
2025-01-22 05:00:00+00:00,21748.2,21748.2,21733.9,21737.0,2599.0
2025-01-22 06:00:00+00:00,21738.0,21744.7,21719.0,21720.8,3129.0
2025-01-22 07:00:00+00:00,21721.0,21744.9,21718.7,21733.2,4083.0
2025-01-22 08:00:00+00:00,21732.2,21774.7,21728.6,21771.0,7611.0
2025-01-22 09:00:00+00:00,21769.9,21786.0,21755.8,21762.2,6881.0
2025-01-22 10:00:00+00:00,21762.0,21774.6,21748.2,21769.6,4910.0
2025-01-22 11:00:00+00:00,21769.4,21784.2,21762.8,21765.2,4668.0
2025-01-22 12:00:00+00:00,21766.6,21798.4,21759.2,21789.2,7154.0
2025-01-22 13:00:00+00:00,21790.7,21813.2,21783.0,21809.4,8382.0
2025-01-22 14:00:00+00:00,21809.0,21906.8,21778.2,21892.9,52885.0
2025-01-22 15:00:00+00:00,21893.3,21921.2,21855.2,21873.7,53773.0
2025-01-22 16:00:00+00:00,21874.7,21957.2,21868.4,21954.3,32623.0
2025-01-22 17:00:00+00:00,21955.0,21972.4,21926.5,21936.2,27110.0
2025-01-22 18:00:00+00:00,21936.3,21941.0,21889.8,21907.0,27920.0
2025-01-22 19:00:00+00:00,21906.5,21923.8,21886.4,21919.5,24389.0
2025-01-22 20:00:00+00:00,21919.7,21920.7,21861.2,21876.8,32509.0
2025-01-22 21:00:00+00:00,21877.2,21884.7,21847.6,21862.1,6338.0
2025-01-22 23:00:00+00:00,21858.4,21863.8,21838.2,21844.6,4154.0
2025-01-23 00:00:00+00:00,21844.4,21850.3,21823.3,21830.4,4749.0
2025-01-23 01:00:00+00:00,21830.3,21845.6,21824.4,21828.0,4610.0
2025-01-23 02:00:00+00:00,21827.6,21835.4,21805.8,21833.8,5067.0
2025-01-23 03:00:00+00:00,21833.6,21844.2,21822.3,21831.4,3762.0
2025-01-23 04:00:00+00:00,21831.3,21845.6,21830.6,21843.4,3128.0
2025-01-23 05:00:00+00:00,21843.6,21848.3,21830.6,21832.1,3485.0
2025-01-23 06:00:00+00:00,21832.8,21843.1,21814.4,21822.0,3700.0
2025-01-23 07:00:00+00:00,21822.1,21827.1,21794.4,21799.6,4831.0
2025-01-23 08:00:00+00:00,21800.4,21804.6,21742.6,21759.6,8428.0
2025-01-23 09:00:00+00:00,21760.0,21780.4,21734.9,21773.4,7493.0
2025-01-23 10:00:00+00:00,21773.1,21786.1,21757.0,21760.8,5766.0
2025-01-23 11:00:00+00:00,21760.0,21782.8,21753.2,21777.4,5963.0
2025-01-23 12:00:00+00:00,21778.1,21784.1,21752.0,21779.4,7076.0
2025-01-23 13:00:00+00:00,21779.2,21797.8,21756.7,21775.8,11737.0
2025-01-23 14:00:00+00:00,21777.2,21797.2,21745.5,21777.0,41962.0
2025-01-23 15:00:00+00:00,21776.6,21820.5,21748.0,21811.3,45885.0
2025-01-23 16:00:00+00:00,21811.8,21854.0,21776.6,21830.3,42036.0
2025-01-23 17:00:00+00:00,21830.4,21830.4,21782.7,21821.0,26995.0
2025-01-23 18:00:00+00:00,21820.9,21866.3,21814.5,21837.0,24584.0
2025-01-23 19:00:00+00:00,21836.2,21845.7,21806.4,21836.3,25552.0
2025-01-23 20:00:00+00:00,21836.0,21925.4,21826.7,21924.5,33327.0
2025-01-23 21:00:00+00:00,21924.4,21932.4,21891.3,21906.6,7582.0
2025-01-23 23:00:00+00:00,21893.4,21897.1,21878.3,21892.8,3694.0
2025-01-24 00:00:00+00:00,21893.2,21896.6,21878.3,21890.4,3960.0
2025-01-24 01:00:00+00:00,21891.3,21916.2,21884.2,21892.6,5891.0
2025-01-24 02:00:00+00:00,21892.6,21940.8,21889.6,21932.1,6890.0
2025-01-24 03:00:00+00:00,21931.6,21940.8,21873.8,21885.4,6807.0
2025-01-24 04:00:00+00:00,21884.8,21890.6,21861.6,21878.2,5263.0
2025-01-24 05:00:00+00:00,21877.8,21893.0,21874.8,21878.2,4122.0
2025-01-24 06:00:00+00:00,21879.2,21897.6,21876.2,21885.4,4442.0
2025-01-24 07:00:00+00:00,21885.8,21887.2,21854.3,21868.4,5064.0
2025-01-24 08:00:00+00:00,21867.4,21890.6,21858.4,21865.6,7559.0
2025-01-24 09:00:00+00:00,21864.4,21904.1,21864.0,21887.3,7293.0
2025-01-24 10:00:00+00:00,21886.4,21891.2,21867.8,21890.2,6075.0
2025-01-24 11:00:00+00:00,21890.1,21894.3,21872.6,21892.4,5657.0
2025-01-24 12:00:00+00:00,21892.6,21925.8,21890.8,21913.6,7633.0
2025-01-24 13:00:00+00:00,21912.6,21914.2,21878.6,21893.6,9172.0
2025-01-24 14:00:00+00:00,21893.1,21960.3,21882.3,21939.8,45579.0
2025-01-24 15:00:00+00:00,21939.9,21952.2,21860.5,21868.8,52826.0
2025-01-24 16:00:00+00:00,21868.5,21920.3,21852.8,21867.4,35197.0
2025-01-24 17:00:00+00:00,21867.0,21892.5,21815.9,21825.9,31651.0
2025-01-24 18:00:00+00:00,21825.4,21836.9,21746.5,21752.2,33615.0
2025-01-24 19:00:00+00:00,21753.0,21779.8,21728.5,21752.4,33131.0
2025-01-24 20:00:00+00:00,21751.9,21803.5,21742.9,21792.9,34148.0
2025-01-24 21:00:00+00:00,21792.8,21803.0,21776.5,21792.6,5271.0
2025-01-26 23:00:00+00:00,21579.2,21607.7,21517.2,21550.2,15058.0
2025-01-27 00:00:00+00:00,21550.4,21557.2,21452.6,21468.6,10093.0
2025-01-27 01:00:00+00:00,21468.4,21500.0,21373.6,21412.6,18128.0
2025-01-27 02:00:00+00:00,21412.6,21425.3,21384.4,21407.6,9644.0
2025-01-27 03:00:00+00:00,21407.2,21447.3,21398.2,21409.0,8238.0
2025-01-27 04:00:00+00:00,21409.0,21416.4,21357.8,21382.2,8376.0
2025-01-27 05:00:00+00:00,21381.8,21391.3,21296.4,21317.0,12103.0
2025-01-27 06:00:00+00:00,21318.2,21324.2,21241.6,21272.8,12204.0
2025-01-27 07:00:00+00:00,21273.6,21296.2,21167.8,21168.4,16907.0
2025-01-27 08:00:00+00:00,21170.4,21196.6,21077.8,21127.4,28287.0
2025-01-27 09:00:00+00:00,21126.8,21153.4,21039.3,21048.4,27942.0
2025-01-27 10:00:00+00:00,21048.0,21054.2,20648.9,20773.0,38510.0
2025-01-27 11:00:00+00:00,20772.5,20916.8,20763.7,20884.5,27490.0
2025-01-27 12:00:00+00:00,20883.6,20990.4,20883.6,20967.8,19263.0
2025-01-27 13:00:00+00:00,20967.4,21058.6,20918.6,21044.4,24015.0
2025-01-27 14:00:00+00:00,21043.2,21225.2,20988.0,21216.8,73741.0
2025-01-27 15:00:00+00:00,21215.9,21302.4,21112.9,21195.9,92939.0
2025-01-27 16:00:00+00:00,21196.2,21210.5,21070.0,21094.4,82835.0
2025-01-27 17:00:00+00:00,21094.6,21151.2,21025.2,21026.9,65903.0
2025-01-27 18:00:00+00:00,21026.4,21104.8,21023.9,21039.4,58113.0
2025-01-27 19:00:00+00:00,21040.5,21148.8,20984.4,21021.2,66692.0
2025-01-27 20:00:00+00:00,21021.0,21152.5,21015.8,21146.8,70940.0
2025-01-27 21:00:00+00:00,21146.4,21217.8,21139.4,21190.2,15399.0
2025-01-27 23:00:00+00:00,21233.0,21243.8,21133.8,21215.4,12353.0
2025-01-28 00:00:00+00:00,21215.0,21228.6,21158.0,21173.4,8668.0
2025-01-28 01:00:00+00:00,21174.0,21214.5,21116.6,21124.8,8304.0
2025-01-28 02:00:00+00:00,21125.2,21196.3,21107.9,21179.9,8673.0
2025-01-28 03:00:00+00:00,21179.3,21219.5,21171.2,21177.8,5915.0
2025-01-28 04:00:00+00:00,21177.6,21192.9,21163.6,21190.6,4791.0
2025-01-28 05:00:00+00:00,21190.4,21203.0,21136.8,21180.6,4635.0
2025-01-28 06:00:00+00:00,21181.0,21200.6,21153.3,21179.0,5236.0
2025-01-28 07:00:00+00:00,21177.9,21239.0,21161.8,21228.6,7608.0
2025-01-28 08:00:00+00:00,21228.5,21286.1,21177.8,21283.4,13958.0
2025-01-28 09:00:00+00:00,21281.9,21292.6,21233.4,21283.6,12538.0
2025-01-28 10:00:00+00:00,21283.8,21311.2,21277.4,21279.6,8908.0
2025-01-28 11:00:00+00:00,21280.5,21298.5,21213.6,21229.4,10306.0
2025-01-28 12:00:00+00:00,21230.4,21236.2,21145.6,21195.8,18433.0
2025-01-28 13:00:00+00:00,21194.9,21245.1,21170.3,21189.3,15598.0
2025-01-28 14:00:00+00:00,21188.9,21207.4,21049.3,21171.9,67227.0
2025-01-28 15:00:00+00:00,21171.8,21369.3,21169.8,21343.8,81006.0
2025-01-28 16:00:00+00:00,21344.8,21366.8,21275.8,21361.0,63577.0
2025-01-28 17:00:00+00:00,21361.4,21450.9,21358.6,21432.5,40437.0
2025-01-28 18:00:00+00:00,21432.9,21471.8,21409.6,21427.8,31988.0
2025-01-28 19:00:00+00:00,21428.4,21513.4,21401.6,21503.0,27951.0
2025-01-28 20:00:00+00:00,21503.3,21510.3,21446.2,21464.6,34388.0
2025-01-28 21:00:00+00:00,21464.3,21464.3,21438.6,21443.6,8540.0
2025-01-28 23:00:00+00:00,21423.8,21466.6,21423.8,21433.6,3817.0
2025-01-29 00:00:00+00:00,21434.3,21459.6,21424.4,21453.3,5396.0
2025-01-29 01:00:00+00:00,21453.2,21464.4,21441.8,21454.8,2905.0
2025-01-29 02:00:00+00:00,21455.3,21474.0,21448.5,21466.6,2301.0
2025-01-29 03:00:00+00:00,21466.8,21471.4,21447.0,21471.2,2307.0
2025-01-29 04:00:00+00:00,21471.2,21496.4,21471.2,21484.4,3000.0
2025-01-29 05:00:00+00:00,21484.2,21490.8,21465.4,21468.2,2313.0
2025-01-29 06:00:00+00:00,21474.5,21573.6,21474.5,21549.9,8172.0
2025-01-29 07:00:00+00:00,21551.1,21558.8,21530.4,21557.4,4756.0
2025-01-29 08:00:00+00:00,21557.5,21585.2,21550.8,21555.8,9072.0
2025-01-29 09:00:00+00:00,21555.4,21565.3,21516.6,21555.4,11677.0
2025-01-29 10:00:00+00:00,21556.0,21562.1,21529.2,21553.8,6704.0
2025-01-29 11:00:00+00:00,21553.6,21578.0,21536.5,21569.2,5030.0
2025-01-29 12:00:00+00:00,21567.0,21567.6,21527.6,21534.8,8006.0
2025-01-29 13:00:00+00:00,21533.8,21535.6,21448.6,21490.5,16725.0
2025-01-29 14:00:00+00:00,21490.4,21514.5,21382.6,21406.8,55720.0
2025-01-29 15:00:00+00:00,21406.6,21452.4,21345.0,21394.3,62651.0
2025-01-29 16:00:00+00:00,21395.0,21412.8,21355.0,21372.0,45645.0
2025-01-29 17:00:00+00:00,21372.3,21434.6,21366.5,21372.8,33627.0
2025-01-29 18:00:00+00:00,21373.5,21403.5,21256.3,21354.0,57791.0
2025-01-29 19:00:00+00:00,21353.8,21465.6,21274.6,21425.8,65059.0
2025-01-29 20:00:00+00:00,21426.4,21488.8,21350.8,21418.5,63060.0
2025-01-29 21:00:00+00:00,21418.8,21496.6,21276.6,21468.9,25221.0
2025-01-29 23:00:00+00:00,21424.6,21473.8,21394.2,21426.3,10246.0
2025-01-30 00:00:00+00:00,21426.4,21475.4,21414.8,21473.2,6108.0
2025-01-30 01:00:00+00:00,21473.5,21554.8,21467.2,21538.2,6192.0
2025-01-30 02:00:00+00:00,21538.4,21565.2,21538.4,21544.8,4135.0
2025-01-30 03:00:00+00:00,21545.2,21563.3,21542.3,21561.2,3056.0
2025-01-30 04:00:00+00:00,21561.3,21567.8,21547.4,21548.4,2649.0
2025-01-30 05:00:00+00:00,21548.6,21551.2,21534.2,21547.2,2950.0
2025-01-30 06:00:00+00:00,21547.4,21553.5,21519.4,21530.0,2997.0
2025-01-30 07:00:00+00:00,21529.8,21557.6,21511.4,21550.3,3944.0
2025-01-30 08:00:00+00:00,21549.6,21597.2,21539.6,21590.0,7331.0
2025-01-30 09:00:00+00:00,21588.6,21588.6,21520.0,21522.8,8559.0
2025-01-30 10:00:00+00:00,21523.0,21536.0,21497.2,21508.8,7437.0
2025-01-30 11:00:00+00:00,21507.8,21558.4,21507.6,21529.2,7522.0
2025-01-30 12:00:00+00:00,21530.3,21543.2,21463.0,21518.8,12833.0
2025-01-30 13:00:00+00:00,21519.3,21556.5,21496.0,21556.2,14861.0
2025-01-30 14:00:00+00:00,21556.3,21636.3,21485.5,21560.8,62101.0
2025-01-30 15:00:00+00:00,21561.4,21564.4,21349.4,21350.6,89219.0
2025-01-30 16:00:00+00:00,21350.5,21513.3,21307.6,21497.8,69052.0
2025-01-30 17:00:00+00:00,21498.4,21498.4,21391.4,21440.5,51390.0
2025-01-30 18:00:00+00:00,21440.8,21500.1,21415.4,21494.6,36835.0
2025-01-30 19:00:00+00:00,21494.5,21551.3,21475.5,21549.8,31758.0
2025-01-30 20:00:00+00:00,21549.6,21589.9,21414.1,21513.4,60177.0
2025-01-30 21:00:00+00:00,21514.0,21581.1,21470.9,21497.0,15686.0
2025-01-30 23:00:00+00:00,21577.4,21612.6,21548.6,21586.6,7518.0
2025-01-31 00:00:00+00:00,21586.3,21608.2,21565.0,21596.1,5875.0
2025-01-31 01:00:00+00:00,21596.2,21667.8,21568.6,21663.0,7735.0
2025-01-31 02:00:00+00:00,21662.6,21674.6,21626.3,21628.4,5893.0
2025-01-31 03:00:00+00:00,21628.6,21642.8,21620.2,21626.5,3267.0
2025-01-31 04:00:00+00:00,21627.0,21634.2,21610.3,21617.6,2950.0
2025-01-31 05:00:00+00:00,21617.8,21631.8,21615.8,21624.8,2917.0
2025-01-31 06:00:00+00:00,21624.8,21661.5,21619.6,21649.1,3138.0
2025-01-31 07:00:00+00:00,21648.8,21694.8,21645.5,21677.4,5405.0
2025-01-31 08:00:00+00:00,21676.8,21682.0,21630.8,21641.1,7820.0
2025-01-31 09:00:00+00:00,21641.9,21688.4,21641.4,21670.0,7874.0
2025-01-31 10:00:00+00:00,21670.4,21680.8,21660.6,21669.4,5570.0
2025-01-31 11:00:00+00:00,21669.0,21698.2,21668.3,21692.8,4535.0
2025-01-31 12:00:00+00:00,21691.6,21700.6,21670.6,21671.6,6413.0
2025-01-31 13:00:00+00:00,21671.2,21696.5,21645.5,21679.6,12411.0
2025-01-31 14:00:00+00:00,21679.0,21759.6,21638.4,21755.8,51720.0
2025-01-31 15:00:00+00:00,21755.6,21845.1,21754.2,21825.0,57703.0
2025-01-31 16:00:00+00:00,21825.4,21853.6,21765.5,21791.5,40533.0
2025-01-31 17:00:00+00:00,21792.8,21826.9,21753.3,21803.2,37266.0
2025-01-31 18:00:00+00:00,21803.3,21814.5,21609.0,21640.2,67731.0
2025-01-31 19:00:00+00:00,21640.0,21669.0,21472.8,21549.4,72869.0
2025-01-31 20:00:00+00:00,21549.6,21549.6,21424.6,21470.9,72397.0
2025-01-31 21:00:00+00:00,21471.0,21482.5,21425.3,21447.1,15055.0
2025-02-02 23:00:00+00:00,20982.0,21029.6,20958.4,21006.0,5153.0
2025-02-03 00:00:00+00:00,21005.8,21046.4,20922.4,21008.5,19920.0
2025-02-03 01:00:00+00:00,21008.2,21040.4,20957.2,20965.3,15991.0
2025-02-03 02:00:00+00:00,20966.4,20968.9,20868.5,20920.0,15282.0
2025-02-03 03:00:00+00:00,20920.4,20946.6,20886.8,20926.3,9250.0
2025-02-03 04:00:00+00:00,20926.4,20943.0,20873.0,20909.3,8269.0
2025-02-03 05:00:00+00:00,20909.4,20967.8,20892.2,20962.6,7726.0
2025-02-03 06:00:00+00:00,20960.0,20991.4,20934.8,20957.1,9507.0
2025-02-03 07:00:00+00:00,20957.2,21043.2,20957.2,21008.8,10369.0
2025-02-03 08:00:00+00:00,21011.9,21141.8,21010.8,21096.2,17054.0
2025-02-03 09:00:00+00:00,21096.2,21122.6,21058.4,21073.1,12968.0
2025-02-03 10:00:00+00:00,21072.4,21137.4,21050.2,21124.2,9012.0
2025-02-03 11:00:00+00:00,21124.8,21162.4,21088.0,21115.4,10342.0
2025-02-03 12:00:00+00:00,21117.2,21121.8,21048.2,21070.8,16731.0
2025-02-03 13:00:00+00:00,21070.6,21138.3,21058.6,21093.3,16665.0
2025-02-03 14:00:00+00:00,21093.1,21205.5,21064.2,21109.2,67352.0
2025-02-03 15:00:00+00:00,21109.2,21343.4,21004.6,21310.0,97243.0
2025-02-03 16:00:00+00:00,21310.8,21361.0,21231.8,21274.0,67548.0
2025-02-03 17:00:00+00:00,21273.8,21346.4,21234.2,21292.2,54001.0
2025-02-03 18:00:00+00:00,21291.4,21363.8,21242.0,21358.4,48175.0
2025-02-03 19:00:00+00:00,21356.8,21410.8,21339.0,21376.6,41718.0
2025-02-03 20:00:00+00:00,21379.2,21397.0,21289.6,21298.3,51229.0
2025-02-03 21:00:00+00:00,21298.2,21467.4,21279.2,21440.8,16428.0
2025-02-03 23:00:00+00:00,21471.8,21475.2,21444.6,21462.5,5652.0
2025-02-04 00:00:00+00:00,21462.6,21467.6,21427.9,21439.8,6743.0
2025-02-04 01:00:00+00:00,21440.0,21440.4,21371.3,21399.8,8123.0
2025-02-04 02:00:00+00:00,21400.8,21406.2,21353.6,21359.0,6936.0
2025-02-04 03:00:00+00:00,21360.0,21363.4,21318.8,21341.2,6047.0
2025-02-04 04:00:00+00:00,21342.2,21366.4,21332.9,21340.6,4875.0
2025-02-04 05:00:00+00:00,21341.0,21342.2,21133.8,21249.2,17219.0
2025-02-04 06:00:00+00:00,21248.8,21293.4,21220.0,21292.1,6610.0
2025-02-04 07:00:00+00:00,21291.8,21315.4,21278.0,21296.4,7177.0
2025-02-04 08:00:00+00:00,21296.8,21313.0,21203.9,21254.1,15103.0
2025-02-04 09:00:00+00:00,21253.8,21294.6,21246.8,21261.0,9751.0
2025-02-04 10:00:00+00:00,21260.6,21292.3,21248.8,21280.8,6595.0
2025-02-04 11:00:00+00:00,21280.9,21317.0,21266.8,21291.5,7607.0
2025-02-04 12:00:00+00:00,21293.0,21388.2,21293.0,21347.1,9767.0
2025-02-04 13:00:00+00:00,21345.4,21366.0,21312.0,21325.6,10775.0
2025-02-04 14:00:00+00:00,21325.8,21466.6,21296.4,21450.6,52739.0
2025-02-04 15:00:00+00:00,21450.8,21570.8,21450.8,21524.8,69145.0
2025-02-04 16:00:00+00:00,21525.8,21584.9,21525.0,21548.3,39171.0
2025-02-04 17:00:00+00:00,21548.8,21551.6,21441.5,21514.3,45002.0
2025-02-04 18:00:00+00:00,21514.2,21537.0,21461.1,21513.6,27061.0
2025-02-04 19:00:00+00:00,21513.8,21570.9,21500.4,21529.3,22647.0
2025-02-04 20:00:00+00:00,21529.8,21586.0,21516.5,21569.8,31377.0
2025-02-04 21:00:00+00:00,21569.3,21592.4,21473.5,21479.4,14164.0
2025-02-04 23:00:00+00:00,21480.0,21495.3,21462.3,21467.2,6230.0
2025-02-05 00:00:00+00:00,21468.1,21517.2,21456.8,21499.2,7090.0
2025-02-05 01:00:00+00:00,21498.3,21524.5,21468.3,21471.2,8042.0
2025-02-05 02:00:00+00:00,21471.4,21488.6,21459.8,21465.6,6536.0
2025-02-05 03:00:00+00:00,21465.8,21477.0,21439.2,21443.8,4605.0
2025-02-05 04:00:00+00:00,21444.0,21464.6,21435.4,21462.6,3942.0
2025-02-05 05:00:00+00:00,21463.0,21467.8,21432.0,21440.2,4570.0
2025-02-05 06:00:00+00:00,21441.4,21449.8,21408.9,21419.6,5687.0
2025-02-05 07:00:00+00:00,21418.5,21421.6,21384.1,21415.8,7837.0
2025-02-05 08:00:00+00:00,21415.8,21441.5,21352.6,21370.2,12832.0
2025-02-05 09:00:00+00:00,21370.4,21406.8,21337.8,21341.6,12104.0
2025-02-05 10:00:00+00:00,21340.8,21383.4,21331.4,21380.2,7366.0
2025-02-05 11:00:00+00:00,21380.3,21398.0,21375.3,21395.3,5635.0
2025-02-05 12:00:00+00:00,21397.0,21415.6,21372.2,21412.2,7711.0
2025-02-05 13:00:00+00:00,21412.0,21452.9,21387.8,21429.6,13712.0
2025-02-05 14:00:00+00:00,21429.8,21491.2,21411.1,21465.0,50704.0
2025-02-05 15:00:00+00:00,21464.8,21510.8,21402.4,21492.5,72444.0
2025-02-05 16:00:00+00:00,21491.5,21623.8,21463.8,21616.5,44808.0
2025-02-05 17:00:00+00:00,21616.6,21646.8,21589.4,21609.8,29714.0
2025-02-05 18:00:00+00:00,21611.0,21626.9,21577.3,21615.6,25047.0
2025-02-05 19:00:00+00:00,21615.5,21641.3,21609.4,21614.3,20347.0
2025-02-05 20:00:00+00:00,21614.0,21673.9,21594.8,21666.9,28121.0
2025-02-05 21:00:00+00:00,21666.8,21700.3,21655.2,21674.4,10392.0
2025-02-05 23:00:00+00:00,21664.6,21680.4,21655.4,21677.6,3875.0
2025-02-06 00:00:00+00:00,21677.8,21702.6,21670.8,21679.2,5687.0
2025-02-06 01:00:00+00:00,21680.0,21689.6,21668.8,21673.2,5004.0
2025-02-06 02:00:00+00:00,21673.0,21689.5,21663.5,21685.8,4615.0
2025-02-06 03:00:00+00:00,21685.8,21693.5,21674.4,21685.4,3465.0
2025-02-06 04:00:00+00:00,21685.0,21710.9,21682.8,21709.5,3015.0
2025-02-06 05:00:00+00:00,21708.8,21737.3,21707.4,21733.5,4603.0
2025-02-06 06:00:00+00:00,21733.6,21735.3,21712.3,21715.6,3574.0
2025-02-06 07:00:00+00:00,21715.6,21735.6,21688.8,21692.6,5014.0
2025-02-06 08:00:00+00:00,21692.6,21719.8,21675.8,21707.8,7540.0
2025-02-06 09:00:00+00:00,21708.4,21735.0,21697.4,21699.4,6923.0
2025-02-06 10:00:00+00:00,21699.8,21714.4,21680.3,21684.2,5830.0
2025-02-06 11:00:00+00:00,21682.8,21683.4,21621.6,21630.4,9142.0
2025-02-06 12:00:00+00:00,21630.6,21670.4,21611.6,21668.4,9286.0
2025-02-06 13:00:00+00:00,21668.8,21681.8,21648.3,21681.5,10375.0
2025-02-06 14:00:00+00:00,21685.9,21727.4,21643.3,21694.5,41956.0
2025-02-06 15:00:00+00:00,21694.8,21753.6,21645.6,21676.8,58237.0
2025-02-06 16:00:00+00:00,21676.5,21718.8,21658.8,21676.5,33984.0
2025-02-06 17:00:00+00:00,21677.5,21735.3,21653.1,21720.4,24602.0
2025-02-06 18:00:00+00:00,21721.0,21747.4,21707.3,21722.0,22708.0
2025-02-06 19:00:00+00:00,21721.3,21736.0,21617.8,21652.8,34828.0
2025-02-06 20:00:00+00:00,21652.8,21787.5,21641.4,21777.5,30905.0
2025-02-06 21:00:00+00:00,21777.0,21782.1,21668.6,21752.6,15124.0
2025-02-06 23:00:00+00:00,21724.5,21762.0,21717.4,21758.0,4480.0
2025-02-07 00:00:00+00:00,21757.8,21769.8,21748.2,21768.7,3649.0
2025-02-07 01:00:00+00:00,21768.8,21800.7,21766.2,21796.0,5281.0
2025-02-07 02:00:00+00:00,21796.0,21803.6,21786.8,21795.6,4163.0
2025-02-07 03:00:00+00:00,21795.7,21797.7,21769.7,21776.4,3501.0
2025-02-07 04:00:00+00:00,21776.8,21778.6,21760.2,21761.2,2535.0
2025-02-07 05:00:00+00:00,21761.3,21764.2,21749.7,21757.2,3979.0
2025-02-07 06:00:00+00:00,21756.2,21765.9,21731.2,21765.2,4452.0
2025-02-07 07:00:00+00:00,21765.7,21778.2,21760.8,21765.8,3875.0
2025-02-07 08:00:00+00:00,21766.5,21785.7,21737.7,21748.7,6905.0
2025-02-07 09:00:00+00:00,21748.2,21770.2,21740.8,21759.6,6430.0
2025-02-07 10:00:00+00:00,21758.2,21770.8,21752.2,21758.2,4596.0
2025-02-07 11:00:00+00:00,21758.4,21779.4,21745.4,21776.0,4477.0
2025-02-07 12:00:00+00:00,21775.7,21781.2,21761.2,21769.4,5179.0
2025-02-07 13:00:00+00:00,21769.2,21816.9,21696.6,21782.8,18986.0
2025-02-07 14:00:00+00:00,21782.9,21871.9,21768.7,21809.0,47449.0
2025-02-07 15:00:00+00:00,21808.8,21809.0,21521.5,21626.6,86763.0
2025-02-07 16:00:00+00:00,21625.0,21663.0,21512.4,21533.6,72698.0
2025-02-07 17:00:00+00:00,21532.8,21587.2,21489.8,21557.0,59608.0
2025-02-07 18:00:00+00:00,21556.9,21639.6,21529.2,21533.2,39522.0
2025-02-07 19:00:00+00:00,21533.6,21546.2,21475.5,21516.4,35088.0
2025-02-07 20:00:00+00:00,21516.6,21528.8,21463.0,21497.6,41794.0
2025-02-07 21:00:00+00:00,21496.8,21512.1,21484.0,21487.3,7251.0
2025-02-09 23:00:00+00:00,21396.7,21562.2,21396.7,21551.8,9932.0
2025-02-10 00:00:00+00:00,21551.5,21606.1,21548.8,21604.8,8777.0
2025-02-10 01:00:00+00:00,21604.7,21605.8,21571.6,21577.8,7459.0
2025-02-10 02:00:00+00:00,21576.6,21589.1,21565.8,21581.8,4898.0
2025-02-10 03:00:00+00:00,21582.0,21597.5,21575.6,21596.0,2863.0
2025-02-10 04:00:00+00:00,21595.4,21608.5,21588.0,21589.8,2615.0
2025-02-10 05:00:00+00:00,21590.0,21637.3,21590.0,21620.0,4303.0
2025-02-10 06:00:00+00:00,21620.0,21621.8,21589.5,21600.5,3180.0
2025-02-10 07:00:00+00:00,21600.6,21607.6,21589.6,21596.8,4183.0
2025-02-10 08:00:00+00:00,21594.5,21622.0,21589.5,21601.0,6575.0
2025-02-10 09:00:00+00:00,21602.6,21621.0,21591.6,21615.2,5662.0
2025-02-10 10:00:00+00:00,21615.4,21641.0,21613.6,21632.5,3999.0
2025-02-10 11:00:00+00:00,21632.4,21658.3,21601.5,21648.4,6462.0
2025-02-10 12:00:00+00:00,21648.5,21652.4,21629.0,21645.4,5532.0
2025-02-10 13:00:00+00:00,21645.5,21691.2,21639.8,21686.5,7635.0
2025-02-10 14:00:00+00:00,21687.4,21715.0,21650.5,21698.7,47961.0
2025-02-10 15:00:00+00:00,21698.8,21799.8,21688.8,21771.5,44062.0
2025-02-10 16:00:00+00:00,21771.6,21792.3,21742.5,21778.0,30934.0
2025-02-10 17:00:00+00:00,21778.0,21778.2,21723.5,21772.2,24278.0
2025-02-10 18:00:00+00:00,21771.8,21791.3,21764.5,21785.0,16021.0
2025-02-10 19:00:00+00:00,21784.8,21789.4,21760.0,21777.3,16760.0
2025-02-10 20:00:00+00:00,21777.4,21790.0,21747.9,21758.5,23909.0
2025-02-10 21:00:00+00:00,21758.4,21762.4,21736.5,21751.6,5408.0
2025-02-10 23:00:00+00:00,21737.8,21739.6,21689.0,21710.0,5983.0
2025-02-11 00:00:00+00:00,21710.5,21730.0,21697.6,21724.2,3716.0
2025-02-11 01:00:00+00:00,21724.0,21727.0,21703.8,21709.2,4345.0
2025-02-11 02:00:00+00:00,21710.0,21711.3,21665.4,21677.2,5980.0
2025-02-11 03:00:00+00:00,21677.8,21696.2,21667.4,21693.2,3540.0
2025-02-11 04:00:00+00:00,21691.8,21702.8,21688.2,21697.8,2178.0
2025-02-11 05:00:00+00:00,21697.9,21712.0,21697.9,21703.2,2487.0
2025-02-11 06:00:00+00:00,21703.2,21704.6,21681.4,21685.6,2988.0
2025-02-11 07:00:00+00:00,21686.2,21690.3,21643.6,21644.8,4696.0
2025-02-11 08:00:00+00:00,21645.2,21694.4,21633.8,21677.3,8700.0
2025-02-11 09:00:00+00:00,21676.6,21703.6,21659.6,21663.2,6927.0
2025-02-11 10:00:00+00:00,21663.0,21678.0,21643.6,21648.4,5128.0
2025-02-11 11:00:00+00:00,21648.6,21679.5,21646.6,21678.2,4331.0
2025-02-11 12:00:00+00:00,21679.2,21684.0,21643.6,21663.4,7488.0
2025-02-11 13:00:00+00:00,21663.0,21668.2,21588.3,21590.8,9930.0
2025-02-11 14:00:00+00:00,21590.3,21720.1,21584.3,21691.8,44008.0
2025-02-11 15:00:00+00:00,21692.8,21785.4,21675.8,21755.5,48992.0
2025-02-11 16:00:00+00:00,21755.8,21764.3,21699.6,21705.5,31744.0
2025-02-11 17:00:00+00:00,21705.4,21710.3,21630.5,21688.0,34564.0
2025-02-11 18:00:00+00:00,21686.0,21757.3,21671.9,21726.0,25010.0
2025-02-11 19:00:00+00:00,21726.8,21763.3,21716.3,21750.4,20988.0
2025-02-11 20:00:00+00:00,21750.8,21764.3,21692.1,21716.3,27385.0
2025-02-11 21:00:00+00:00,21716.3,21724.0,21705.4,21722.2,4478.0
2025-02-11 23:00:00+00:00,21733.4,21743.8,21706.0,21736.6,4512.0
2025-02-12 00:00:00+00:00,21736.9,21756.6,21732.6,21739.2,4273.0
2025-02-12 01:00:00+00:00,21739.6,21755.6,21721.3,21752.6,5279.0
2025-02-12 02:00:00+00:00,21753.6,21754.0,21734.4,21736.8,3316.0
2025-02-12 03:00:00+00:00,21736.6,21738.0,21713.0,21715.3,3103.0
2025-02-12 04:00:00+00:00,21715.0,21719.2,21701.4,21708.4,2700.0
2025-02-12 05:00:00+00:00,21709.0,21710.0,21693.2,21700.2,2641.0
2025-02-12 06:00:00+00:00,21700.8,21718.1,21697.0,21709.3,2742.0
2025-02-12 07:00:00+00:00,21709.4,21727.6,21701.6,21726.6,3050.0
2025-02-12 08:00:00+00:00,21726.4,21739.4,21715.8,21724.0,5402.0
2025-02-12 09:00:00+00:00,21722.6,21724.2,21661.4,21695.0,8340.0
2025-02-12 10:00:00+00:00,21694.4,21719.4,21683.0,21716.8,5148.0
2025-02-12 11:00:00+00:00,21717.4,21726.4,21696.8,21716.4,4790.0
2025-02-12 12:00:00+00:00,21716.4,21761.3,21711.0,21756.8,6353.0
2025-02-12 13:00:00+00:00,21755.6,21774.0,21441.4,21470.6,26896.0
2025-02-12 14:00:00+00:00,21470.4,21626.9,21436.6,21602.4,57735.0
2025-02-12 15:00:00+00:00,21602.5,21698.4,21506.4,21654.0,74723.0
2025-02-12 16:00:00+00:00,21654.0,21710.0,21572.6,21706.0,50576.0
2025-02-12 17:00:00+00:00,21705.2,21751.3,21681.3,21747.5,39712.0
2025-02-12 18:00:00+00:00,21747.0,21755.5,21699.4,21721.5,28503.0
2025-02-12 19:00:00+00:00,21722.3,21767.9,21688.6,21757.8,23496.0
2025-02-12 20:00:00+00:00,21757.3,21766.1,21705.6,21730.8,27166.0
2025-02-12 21:00:00+00:00,21730.9,21791.3,21711.8,21787.3,8132.0
2025-02-12 23:00:00+00:00,21788.6,21827.0,21774.8,21817.3,4472.0
2025-02-13 00:00:00+00:00,21816.8,21834.3,21802.2,21823.8,4580.0
2025-02-13 01:00:00+00:00,21824.0,21843.4,21809.6,21820.8,5415.0
2025-02-13 02:00:00+00:00,21820.2,21823.4,21802.2,21816.3,3509.0
2025-02-13 03:00:00+00:00,21816.4,21842.3,21814.2,21836.0,2959.0
2025-02-13 04:00:00+00:00,21836.8,21855.6,21834.5,21835.8,3427.0
2025-02-13 05:00:00+00:00,21835.6,21844.5,21825.2,21828.8,3230.0
2025-02-13 06:00:00+00:00,21828.2,21849.2,21818.2,21818.6,4013.0
2025-02-13 07:00:00+00:00,21818.6,21821.8,21770.5,21784.6,6872.0
2025-02-13 08:00:00+00:00,21784.4,21790.2,21693.3,21704.6,14704.0
2025-02-13 09:00:00+00:00,21703.0,21767.4,21682.4,21757.4,10476.0
2025-02-13 10:00:00+00:00,21757.2,21775.3,21738.0,21763.5,6026.0
2025-02-13 11:00:00+00:00,21762.8,21787.4,21726.2,21752.8,9690.0
2025-02-13 12:00:00+00:00,21752.4,21760.1,21717.4,21752.2,10345.0
2025-02-13 13:00:00+00:00,21750.8,21828.6,21717.3,21806.8,19296.0
2025-02-13 14:00:00+00:00,21806.2,21879.8,21764.0,21848.5,54180.0
2025-02-13 15:00:00+00:00,21848.6,21986.8,21806.2,21967.0,59401.0
2025-02-13 16:00:00+00:00,21967.1,21975.6,21871.0,21891.3,35886.0
2025-02-13 17:00:00+00:00,21891.8,21928.0,21872.3,21897.0,27492.0
2025-02-13 18:00:00+00:00,21897.4,21926.8,21820.6,21926.4,46024.0
2025-02-13 19:00:00+00:00,21926.8,22005.1,21918.4,21987.5,31492.0
2025-02-13 20:00:00+00:00,21987.1,22053.6,21983.0,22040.1,27471.0
2025-02-13 21:00:00+00:00,22039.8,22040.4,22001.4,22008.9,6859.0
2025-02-13 23:00:00+00:00,22013.0,22029.4,21998.5,22011.4,4667.0
2025-02-14 00:00:00+00:00,22012.8,22031.7,22002.4,22023.4,5047.0
2025-02-14 01:00:00+00:00,22023.5,22070.8,22021.0,22070.6,5621.0
2025-02-14 02:00:00+00:00,22070.7,22074.2,22058.0,22061.6,3436.0
2025-02-14 03:00:00+00:00,22061.7,22073.6,22053.8,22068.8,3036.0
2025-02-14 04:00:00+00:00,22068.7,22071.8,22062.4,22069.8,1951.0
2025-02-14 05:00:00+00:00,22069.7,22075.0,22040.4,22047.0,3558.0
2025-02-14 06:00:00+00:00,22047.2,22061.8,22044.6,22059.7,3114.0
2025-02-14 07:00:00+00:00,22059.4,22088.8,22057.8,22073.2,4760.0
2025-02-14 08:00:00+00:00,22073.4,22075.4,22029.7,22045.4,7775.0
2025-02-14 09:00:00+00:00,22045.0,22072.7,22034.6,22052.0,6695.0
2025-02-14 10:00:00+00:00,22051.8,22053.6,22021.8,22032.4,6136.0
2025-02-14 11:00:00+00:00,22031.8,22032.0,21970.0,21989.7,7639.0
2025-02-14 12:00:00+00:00,21989.6,22014.2,21983.6,22011.8,6789.0
2025-02-14 13:00:00+00:00,22009.8,22042.4,22003.0,22032.0,9473.0
2025-02-14 14:00:00+00:00,22033.4,22068.6,22018.1,22054.0,40761.0
2025-02-14 15:00:00+00:00,22054.4,22098.8,22026.2,22092.0,46525.0
2025-02-14 16:00:00+00:00,22091.7,22097.2,22030.2,22066.2,32915.0
2025-02-14 17:00:00+00:00,22066.3,22092.3,22019.2,22086.8,25160.0
2025-02-14 18:00:00+00:00,22087.3,22127.9,22074.4,22115.0,19090.0
2025-02-14 19:00:00+00:00,22114.9,22135.0,22085.3,22108.0,19200.0
2025-02-14 20:00:00+00:00,22107.7,22152.2,22088.5,22123.7,26424.0
2025-02-14 21:00:00+00:00,22123.5,22148.8,22111.3,22136.7,5526.0
2025-02-16 23:00:00+00:00,22153.4,22157.1,22125.9,22141.0,4653.0
2025-02-17 00:00:00+00:00,22140.0,22156.2,22130.1,22151.4,5514.0
2025-02-17 01:00:00+00:00,22151.3,22181.2,22145.0,22176.3,4910.0
2025-02-17 02:00:00+00:00,22176.2,22198.4,22171.9,22197.4,3731.0
2025-02-17 03:00:00+00:00,22197.8,22201.6,22187.2,22192.3,3079.0
2025-02-17 04:00:00+00:00,22192.6,22206.4,22179.6,22205.4,2616.0
2025-02-17 05:00:00+00:00,22206.1,22210.8,22195.6,22199.4,3406.0
2025-02-17 06:00:00+00:00,22198.8,22206.1,22193.2,22205.0,2587.0
2025-02-17 07:00:00+00:00,22205.6,22205.6,22165.8,22170.4,3543.0
2025-02-17 08:00:00+00:00,22170.9,22184.2,22159.1,22161.2,5159.0
2025-02-17 09:00:00+00:00,22161.4,22178.4,22155.6,22176.3,3779.0
2025-02-17 10:00:00+00:00,22176.4,22187.4,22172.6,22186.2,3108.0
2025-02-17 11:00:00+00:00,22186.0,22198.9,22168.0,22172.4,2876.0
2025-02-17 12:00:00+00:00,22173.4,22188.2,22171.0,22177.4,3196.0
2025-02-17 13:00:00+00:00,22177.3,22185.9,22172.3,22183.4,2969.0
2025-02-17 14:00:00+00:00,22182.2,22188.8,22122.0,22142.5,10630.0
2025-02-17 15:00:00+00:00,22142.6,22169.8,22131.5,22167.0,7556.0
2025-02-17 16:00:00+00:00,22167.4,22180.9,22161.5,22165.0,5729.0
2025-02-17 17:00:00+00:00,22164.5,22171.3,22152.0,22161.6,4012.0
2025-02-17 23:00:00+00:00,22160.4,22161.8,22127.4,22149.4,4217.0
2025-02-18 00:00:00+00:00,22149.0,22162.6,22142.0,22162.5,3862.0
2025-02-18 01:00:00+00:00,22162.6,22175.4,22160.9,22172.6,4826.0
2025-02-18 02:00:00+00:00,22172.8,22186.6,22164.4,22185.2,3649.0
2025-02-18 03:00:00+00:00,22185.1,22195.9,22183.1,22194.4,3458.0
2025-02-18 04:00:00+00:00,22193.9,22197.8,22186.9,22197.4,2324.0
2025-02-18 05:00:00+00:00,22197.2,22198.4,22178.2,22181.8,3549.0
2025-02-18 06:00:00+00:00,22181.6,22232.0,22179.7,22227.0,4018.0
2025-02-18 07:00:00+00:00,22227.2,22245.9,22226.0,22243.4,4325.0
2025-02-18 08:00:00+00:00,22243.6,22248.0,22199.5,22221.9,7442.0
2025-02-18 09:00:00+00:00,22222.0,22236.0,22195.6,22202.4,6542.0
2025-02-18 10:00:00+00:00,22201.9,22213.9,22192.2,22210.4,4589.0
2025-02-18 11:00:00+00:00,22211.1,22216.4,22199.0,22206.2,4142.0
2025-02-18 12:00:00+00:00,22205.6,22230.6,22196.8,22215.1,6294.0
2025-02-18 13:00:00+00:00,22213.9,22242.2,22198.7,22239.9,7717.0
2025-02-18 14:00:00+00:00,22240.9,22247.2,22094.1,22131.8,48432.0
2025-02-18 15:00:00+00:00,22131.4,22136.0,22054.3,22116.6,61494.0
2025-02-18 16:00:00+00:00,22115.6,22144.7,22094.1,22115.6,31468.0
2025-02-18 17:00:00+00:00,22115.7,22131.7,22091.6,22124.3,24297.0
2025-02-18 18:00:00+00:00,22124.6,22135.1,22068.2,22087.8,24330.0
2025-02-18 19:00:00+00:00,22088.0,22115.6,22032.3,22107.3,28004.0
2025-02-18 20:00:00+00:00,22107.6,22178.4,22092.5,22178.1,26757.0
2025-02-18 21:00:00+00:00,22178.0,22187.9,22154.0,22160.5,6632.0
2025-02-18 23:00:00+00:00,22182.6,22190.6,22172.6,22189.3,4194.0
2025-02-19 00:00:00+00:00,22188.9,22216.2,22185.1,22214.4,4092.0
2025-02-19 01:00:00+00:00,22214.3,22225.2,22210.4,22212.4,4745.0
2025-02-19 02:00:00+00:00,22211.2,22229.8,22202.2,22225.2,3488.0
2025-02-19 03:00:00+00:00,22225.0,22228.2,22217.8,22224.8,2383.0
2025-02-19 04:00:00+00:00,22225.4,22226.3,22201.6,22206.3,2393.0
2025-02-19 05:00:00+00:00,22206.4,22207.6,22191.8,22201.4,3357.0
2025-02-19 06:00:00+00:00,22201.6,22210.9,22194.6,22194.6,2724.0
2025-02-19 07:00:00+00:00,22195.0,22200.6,22186.1,22188.6,3515.0
2025-02-19 08:00:00+00:00,22188.5,22214.6,22185.5,22199.8,6147.0
2025-02-19 09:00:00+00:00,22199.8,22208.6,22180.2,22186.0,5525.0
2025-02-19 10:00:00+00:00,22185.9,22190.5,22142.2,22159.5,6509.0
2025-02-19 11:00:00+00:00,22160.5,22164.4,22134.8,22152.2,6682.0
2025-02-19 12:00:00+00:00,22151.8,22194.5,22147.8,22166.8,8239.0
2025-02-19 13:00:00+00:00,22168.3,22179.6,22118.6,22143.8,10365.0
2025-02-19 14:00:00+00:00,22144.0,22160.3,22094.0,22107.0,41801.0
2025-02-19 15:00:00+00:00,22107.3,22147.4,22057.1,22099.5,50928.0
2025-02-19 16:00:00+00:00,22100.3,22183.5,22099.0,22180.7,32353.0
2025-02-19 17:00:00+00:00,22179.7,22198.2,22149.5,22187.4,24583.0
2025-02-19 18:00:00+00:00,22187.7,22206.2,22137.2,22174.7,22600.0
2025-02-19 19:00:00+00:00,22174.6,22241.3,22168.8,22236.9,26084.0
2025-02-19 20:00:00+00:00,22237.2,22237.2,22147.7,22188.9,42343.0
2025-02-19 21:00:00+00:00,22188.4,22188.5,22155.4,22165.6,5247.0
2025-02-19 23:00:00+00:00,22166.3,22172.8,22149.8,22155.5,3912.0
2025-02-20 00:00:00+00:00,22155.6,22166.2,22137.6,22165.5,4446.0
2025-02-20 01:00:00+00:00,22164.8,22167.0,22100.6,22107.4,6700.0
2025-02-20 02:00:00+00:00,22107.3,22125.5,22095.8,22122.8,6038.0
2025-02-20 03:00:00+00:00,22123.0,22129.1,22112.4,22118.3,3200.0
2025-02-20 04:00:00+00:00,22117.8,22120.8,22101.5,22113.8,3206.0
2025-02-20 05:00:00+00:00,22113.5,22120.9,22106.8,22107.0,3316.0
2025-02-20 06:00:00+00:00,22106.8,22110.9,22082.3,22097.6,4197.0
2025-02-20 07:00:00+00:00,22097.6,22108.2,22078.8,22088.2,4559.0
2025-02-20 08:00:00+00:00,22087.8,22123.4,22086.8,22120.6,6843.0
2025-02-20 09:00:00+00:00,22119.5,22145.6,22113.3,22143.6,5516.0
2025-02-20 10:00:00+00:00,22143.4,22157.8,22141.4,22142.2,4552.0
2025-02-20 11:00:00+00:00,22142.0,22147.8,22112.6,22124.6,6209.0
2025-02-20 12:00:00+00:00,22123.6,22148.2,22112.2,22145.3,6995.0
2025-02-20 13:00:00+00:00,22145.2,22149.5,22126.0,22141.4,8232.0
2025-02-20 14:00:00+00:00,22141.5,22162.8,21938.8,21947.8,48395.0
2025-02-20 15:00:00+00:00,21948.5,22044.6,21889.1,21927.0,78400.0
2025-02-20 16:00:00+00:00,21927.4,22014.4,21921.5,21968.8,46899.0
2025-02-20 17:00:00+00:00,21968.6,22035.8,21961.4,21978.1,29510.0
2025-02-20 18:00:00+00:00,21978.0,22014.9,21965.8,22006.0,25704.0
2025-02-20 19:00:00+00:00,22005.5,22065.4,21994.1,22054.6,25277.0
2025-02-20 20:00:00+00:00,22054.5,22085.8,22022.8,22083.0,33785.0
2025-02-20 21:00:00+00:00,22082.9,22087.4,22057.0,22074.6,5607.0
2025-02-20 23:00:00+00:00,22078.0,22110.6,22074.0,22099.0,4301.0
2025-02-21 00:00:00+00:00,22098.8,22106.2,22084.8,22092.6,3997.0
2025-02-21 01:00:00+00:00,22092.0,22098.0,22064.7,22078.0,5845.0
2025-02-21 02:00:00+00:00,22078.0,22094.6,22076.1,22087.6,3448.0
2025-02-21 03:00:00+00:00,22088.0,22091.2,22072.5,22075.4,2920.0
2025-02-21 04:00:00+00:00,22075.7,22079.6,22059.4,22061.8,2346.0
2025-02-21 05:00:00+00:00,22062.0,22070.5,22049.5,22063.0,3180.0
2025-02-21 06:00:00+00:00,22063.4,22092.0,22062.0,22089.6,2533.0
2025-02-21 07:00:00+00:00,22090.4,22096.4,22073.6,22073.8,3743.0
2025-02-21 08:00:00+00:00,22074.0,22089.0,22041.6,22085.2,9229.0
2025-02-21 09:00:00+00:00,22085.1,22107.0,22078.4,22105.0,5493.0
2025-02-21 10:00:00+00:00,22105.0,22114.0,22094.6,22106.7,4342.0
2025-02-21 11:00:00+00:00,22106.6,22111.5,22090.2,22102.0,3467.0
2025-02-21 12:00:00+00:00,22101.5,22157.0,22093.7,22154.6,7719.0
2025-02-21 13:00:00+00:00,22154.2,22182.5,22145.0,22161.5,7433.0
2025-02-21 14:00:00+00:00,22160.0,22173.8,22021.0,22031.5,50230.0
2025-02-21 15:00:00+00:00,22030.4,22047.7,21878.3,21943.7,74104.0
2025-02-21 16:00:00+00:00,21943.2,21966.5,21901.8,21921.6,48651.0
2025-02-21 17:00:00+00:00,21921.4,21941.4,21780.8,21795.4,44347.0
2025-02-21 18:00:00+00:00,21795.8,21797.4,21705.1,21714.8,56926.0
2025-02-21 19:00:00+00:00,21715.1,21727.3,21611.0,21630.5,54478.0
2025-02-21 20:00:00+00:00,21629.0,21662.6,21606.0,21625.3,50765.0
2025-02-21 21:00:00+00:00,21625.2,21641.8,21595.6,21603.5,8224.0
2025-02-23 23:00:00+00:00,21651.3,21716.1,21619.2,21699.6,9316.0
2025-02-24 00:00:00+00:00,21700.1,21734.6,21692.7,21705.6,8768.0
2025-02-24 01:00:00+00:00,21704.6,21717.6,21675.2,21687.4,8996.0
2025-02-24 02:00:00+00:00,21687.6,21724.4,21682.2,21719.2,6481.0
2025-02-24 03:00:00+00:00,21720.4,21731.1,21708.1,21730.0,4641.0
2025-02-24 04:00:00+00:00,21730.3,21738.0,21714.0,21717.4,2994.0
2025-02-24 05:00:00+00:00,21717.6,21743.4,21713.0,21735.0,3576.0
2025-02-24 06:00:00+00:00,21734.6,21742.8,21717.2,21726.8,3846.0
2025-02-24 07:00:00+00:00,21727.4,21735.0,21673.8,21699.0,7569.0
2025-02-24 08:00:00+00:00,21699.0,21720.7,21642.9,21717.7,13623.0
2025-02-24 09:00:00+00:00,21718.0,21754.1,21712.0,21724.6,10363.0
2025-02-24 10:00:00+00:00,21724.4,21728.6,21699.2,21705.0,6288.0
2025-02-24 11:00:00+00:00,21705.1,21728.9,21689.2,21719.3,6857.0
2025-02-24 12:00:00+00:00,21719.2,21719.2,21681.6,21704.2,9740.0
2025-02-24 13:00:00+00:00,21703.8,21744.4,21699.6,21741.3,8923.0
2025-02-24 14:00:00+00:00,21741.4,21746.7,21502.8,21508.8,62594.0
2025-02-24 15:00:00+00:00,21509.0,21526.7,21378.8,21433.8,94771.0
2025-02-24 16:00:00+00:00,21435.0,21566.5,21419.5,21518.8,62150.0
2025-02-24 17:00:00+00:00,21518.5,21610.2,21511.8,21556.4,45508.0
2025-02-24 18:00:00+00:00,21556.3,21611.3,21546.1,21559.6,35557.0
2025-02-24 19:00:00+00:00,21559.5,21590.5,21489.3,21504.5,38033.0
2025-02-24 20:00:00+00:00,21504.8,21520.0,21359.9,21372.8,50947.0
2025-02-24 21:00:00+00:00,21372.8,21398.5,21358.8,21380.6,9170.0
2025-02-24 23:00:00+00:00,21391.9,21401.0,21317.6,21336.0,8759.0
2025-02-25 00:00:00+00:00,21337.2,21400.2,21336.0,21384.2,8046.0
2025-02-25 01:00:00+00:00,21384.0,21402.2,21359.6,21393.2,7842.0
2025-02-25 02:00:00+00:00,21392.6,21402.4,21348.4,21388.9,5779.0
2025-02-25 03:00:00+00:00,21388.8,21395.7,21377.0,21381.6,3881.0
2025-02-25 04:00:00+00:00,21381.2,21391.6,21364.4,21372.2,3897.0
2025-02-25 05:00:00+00:00,21373.2,21392.4,21373.2,21387.8,3138.0
2025-02-25 06:00:00+00:00,21387.9,21395.7,21360.4,21373.0,4126.0
2025-02-25 07:00:00+00:00,21372.4,21376.4,21260.6,21268.3,11006.0
2025-02-25 08:00:00+00:00,21267.6,21355.0,21260.2,21268.5,16230.0
2025-02-25 09:00:00+00:00,21268.2,21334.2,21253.3,21255.4,14673.0
2025-02-25 10:00:00+00:00,21255.6,21296.6,21237.6,21247.0,10942.0
2025-02-25 11:00:00+00:00,21247.2,21338.6,21237.2,21321.2,11723.0
2025-02-25 12:00:00+00:00,21322.3,21385.8,21314.4,21380.8,11635.0
2025-02-25 13:00:00+00:00,21380.0,21402.4,21344.2,21354.8,14356.0
2025-02-25 14:00:00+00:00,21355.8,21364.7,21162.2,21212.0,68004.0
2025-02-25 15:00:00+00:00,21212.2,21214.6,20979.7,21055.9,100840.0
2025-02-25 16:00:00+00:00,21056.9,21153.9,20942.0,21121.2,75562.0
2025-02-25 17:00:00+00:00,21120.4,21180.4,21066.3,21175.3,56141.0
2025-02-25 18:00:00+00:00,21175.0,21236.3,21120.5,21154.3,53777.0
2025-02-25 19:00:00+00:00,21154.2,21169.5,21078.8,21157.0,57862.0
2025-02-25 20:00:00+00:00,21157.3,21217.8,21076.8,21104.9,68664.0
2025-02-25 21:00:00+00:00,21105.4,21164.6,21095.8,21149.0,11679.0
2025-02-25 23:00:00+00:00,21190.6,21192.0,21166.8,21180.4,3672.0
2025-02-26 00:00:00+00:00,21179.2,21204.5,21164.7,21204.4,5683.0
2025-02-26 01:00:00+00:00,21204.0,21206.0,21167.2,21172.0,5691.0
2025-02-26 02:00:00+00:00,21173.0,21200.6,21155.6,21197.2,4896.0
2025-02-26 03:00:00+00:00,21197.4,21221.6,21190.4,21194.0,4256.0
2025-02-26 04:00:00+00:00,21194.0,21208.2,21187.2,21206.8,2312.0
2025-02-26 05:00:00+00:00,21206.9,21234.8,21206.8,21234.2,3240.0
2025-02-26 06:00:00+00:00,21233.6,21237.2,21217.2,21231.4,3253.0
2025-02-26 07:00:00+00:00,21231.2,21258.7,21216.8,21247.6,5581.0
2025-02-26 08:00:00+00:00,21247.8,21252.4,21219.0,21245.8,8812.0
2025-02-26 09:00:00+00:00,21245.6,21282.8,21240.0,21260.2,7418.0
2025-02-26 10:00:00+00:00,21261.2,21281.9,21257.9,21275.6,5517.0
2025-02-26 11:00:00+00:00,21275.7,21284.0,21231.6,21243.2,6413.0
2025-02-26 12:00:00+00:00,21242.8,21262.4,21215.0,21245.2,9953.0
2025-02-26 13:00:00+00:00,21244.9,21287.0,21210.8,21228.0,12353.0
2025-02-26 14:00:00+00:00,21226.6,21267.8,21144.4,21255.6,55789.0
2025-02-26 15:00:00+00:00,21255.8,21326.7,21219.7,21308.3,75366.0
2025-02-26 16:00:00+00:00,21308.6,21365.9,21296.3,21306.2,60437.0
2025-02-26 17:00:00+00:00,21306.8,21364.2,21186.0,21206.0,56983.0
2025-02-26 18:00:00+00:00,21206.0,21217.2,21040.2,21058.2,60496.0
2025-02-26 19:00:00+00:00,21057.5,21129.8,21021.6,21050.8,57551.0
2025-02-26 20:00:00+00:00,21050.5,21181.0,21035.0,21148.5,60637.0
2025-02-26 21:00:00+00:00,21148.4,21283.7,21070.1,21224.6,20093.0
2025-02-26 23:00:00+00:00,21210.4,21211.2,21118.9,21169.4,8590.0
2025-02-27 00:00:00+00:00,21169.6,21185.2,21080.4,21093.8,11595.0
2025-02-27 01:00:00+00:00,21094.0,21151.2,21064.4,21124.6,9195.0
2025-02-27 02:00:00+00:00,21125.0,21171.8,21112.8,21140.8,8214.0
2025-02-27 03:00:00+00:00,21141.7,21164.4,21117.9,21118.2,5072.0
2025-02-27 04:00:00+00:00,21119.2,21127.8,21104.1,21127.4,4904.0
2025-02-27 05:00:00+00:00,21127.6,21220.4,21121.8,21201.5,6329.0
2025-02-27 06:00:00+00:00,21201.6,21251.6,21196.0,21237.6,5971.0
2025-02-27 07:00:00+00:00,21238.6,21281.6,21229.0,21238.4,7984.0
2025-02-27 08:00:00+00:00,21238.7,21284.0,21207.2,21278.8,13060.0
2025-02-27 09:00:00+00:00,21278.2,21290.8,21249.2,21280.7,11194.0
2025-02-27 10:00:00+00:00,21280.9,21305.4,21266.2,21278.4,8116.0
2025-02-27 11:00:00+00:00,21278.4,21301.8,21268.8,21301.4,7351.0
2025-02-27 12:00:00+00:00,21301.2,21343.4,21292.7,21309.0,11577.0
2025-02-27 13:00:00+00:00,21308.1,21329.4,21227.2,21264.4,23443.0
2025-02-27 14:00:00+00:00,21264.0,21337.3,20954.6,20964.5,65203.0
2025-02-27 15:00:00+00:00,20964.4,21122.3,20853.0,20976.0,96133.0
2025-02-27 16:00:00+00:00,20977.5,21116.0,20955.1,20965.6,62030.0
2025-02-27 17:00:00+00:00,20966.2,21036.1,20916.1,20997.8,60299.0
2025-02-27 18:00:00+00:00,20997.2,21077.0,20988.4,21011.4,52183.0
2025-02-27 19:00:00+00:00,21012.1,21016.3,20756.0,20794.1,66002.0
2025-02-27 20:00:00+00:00,20794.2,20800.1,20557.5,20568.1,75223.0
2025-02-27 21:00:00+00:00,20568.0,20617.0,20543.2,20598.4,17586.0
2025-02-27 23:00:00+00:00,20622.6,20637.2,20596.2,20630.7,7832.0
2025-02-28 00:00:00+00:00,20630.4,20644.6,20573.6,20573.6,8621.0
2025-02-28 01:00:00+00:00,20573.8,20624.6,20495.7,20583.0,13400.0
2025-02-28 02:00:00+00:00,20582.6,20602.2,20528.2,20544.4,10581.0
2025-02-28 03:00:00+00:00,20545.4,20555.3,20473.8,20517.9,11757.0
2025-02-28 04:00:00+00:00,20518.0,20598.3,20504.2,20574.0,8687.0
2025-02-28 05:00:00+00:00,20574.2,20602.6,20568.7,20579.6,6736.0
2025-02-28 06:00:00+00:00,20579.0,20602.0,20542.8,20552.6,4815.0
2025-02-28 07:00:00+00:00,20552.7,20587.2,20511.2,20583.2,7442.0
2025-02-28 08:00:00+00:00,20584.2,20637.4,20569.0,20616.5,11530.0
2025-02-28 09:00:00+00:00,20617.6,20640.4,20593.4,20615.3,11552.0
2025-02-28 10:00:00+00:00,20615.2,20635.6,20602.8,20614.0,8090.0
2025-02-28 11:00:00+00:00,20614.2,20634.0,20607.7,20619.0,7173.0
2025-02-28 12:00:00+00:00,20618.8,20621.2,20539.0,20576.8,18750.0
2025-02-28 13:00:00+00:00,20575.9,20620.6,20518.7,20556.8,23176.0
2025-02-28 14:00:00+00:00,20557.0,20601.3,20417.4,20551.0,72142.0
2025-02-28 15:00:00+00:00,20550.8,20734.6,20511.2,20716.8,88084.0
2025-02-28 16:00:00+00:00,20717.6,20732.7,20581.7,20656.8,67818.0
2025-02-28 17:00:00+00:00,20657.8,20708.8,20497.8,20500.2,61768.0
2025-02-28 18:00:00+00:00,20500.8,20627.3,20445.7,20502.2,69258.0
2025-02-28 19:00:00+00:00,20502.2,20681.7,20498.2,20671.6,58757.0
2025-02-28 20:00:00+00:00,20672.0,20904.7,20643.7,20878.7,68247.0
2025-02-28 21:00:00+00:00,20878.7,20889.9,20828.7,20867.6,15751.0
2025-03-02 23:00:00+00:00,20958.9,20996.0,20909.6,20928.4,12071.0
2025-03-03 00:00:00+00:00,20929.3,20931.0,20798.7,20844.6,16093.0
2025-03-03 01:00:00+00:00,20846.0,20912.7,20824.2,20904.3,13855.0
2025-03-03 02:00:00+00:00,20904.2,20923.6,20878.2,20889.3,9078.0
2025-03-03 03:00:00+00:00,20888.6,20894.3,20844.8,20883.6,8078.0
2025-03-03 04:00:00+00:00,20883.3,20916.0,20880.2,20912.8,4769.0
2025-03-03 05:00:00+00:00,20912.4,20962.0,20905.6,20947.6,6213.0
2025-03-03 06:00:00+00:00,20946.0,20981.2,20919.0,20968.0,7683.0
2025-03-03 07:00:00+00:00,20968.4,20974.6,20884.2,20921.3,9929.0
2025-03-03 08:00:00+00:00,20922.4,20950.2,20848.8,20907.8,17601.0
2025-03-03 09:00:00+00:00,20908.0,20979.4,20889.2,20974.2,13388.0
2025-03-03 10:00:00+00:00,20974.0,20980.3,20946.8,20964.0,9964.0
2025-03-03 11:00:00+00:00,20963.8,21005.8,20956.7,21002.0,8085.0
2025-03-03 12:00:00+00:00,21001.6,21060.6,20991.6,21031.0,15343.0
2025-03-03 13:00:00+00:00,21031.0,21040.8,20994.2,21026.0,14192.0
2025-03-03 14:00:00+00:00,21025.8,21081.0,20784.9,20815.7,63736.0
2025-03-03 15:00:00+00:00,20807.9,20949.2,20721.5,20818.8,92142.0
2025-03-03 16:00:00+00:00,20818.4,20945.2,20792.2,20881.8,62965.0
2025-03-03 17:00:00+00:00,20881.7,20925.2,20782.6,20810.0,49815.0
2025-03-03 18:00:00+00:00,20810.2,20817.2,20614.0,20707.8,65344.0
2025-03-03 19:00:00+00:00,20707.2,20780.0,20559.6,20564.0,60422.0
2025-03-03 20:00:00+00:00,20563.6,20566.3,20278.0,20433.7,99472.0
2025-03-03 21:00:00+00:00,20433.8,20496.8,20425.0,20488.2,14309.0
2025-03-03 23:00:00+00:00,20460.0,20517.3,20450.5,20474.8,9045.0
2025-03-04 00:00:00+00:00,20474.2,20516.5,20435.2,20510.8,12513.0
2025-03-04 01:00:00+00:00,20510.6,20529.6,20426.8,20437.0,14479.0
2025-03-04 02:00:00+00:00,20436.6,20498.0,20431.5,20482.2,9788.0
2025-03-04 03:00:00+00:00,20483.4,20508.3,20461.4,20499.6,8205.0
2025-03-04 04:00:00+00:00,20499.8,20521.4,20477.1,20489.1,6984.0
2025-03-04 05:00:00+00:00,20489.2,20549.7,20440.2,20529.2,9851.0
2025-03-04 06:00:00+00:00,20529.0,20542.1,20484.4,20518.8,7843.0
2025-03-04 07:00:00+00:00,20519.4,20527.8,20436.3,20448.6,13067.0
2025-03-04 08:00:00+00:00,20448.7,20522.0,20424.2,20476.4,19993.0
2025-03-04 09:00:00+00:00,20475.6,20525.7,20449.0,20455.2,15909.0
2025-03-04 10:00:00+00:00,20455.3,20473.8,20404.3,20423.0,17013.0
2025-03-04 11:00:00+00:00,20422.8,20453.0,20398.8,20434.2,13791.0
2025-03-04 12:00:00+00:00,20434.4,20434.4,20266.4,20280.2,26347.0
2025-03-04 13:00:00+00:00,20280.8,20315.6,20221.8,20284.8,31376.0
2025-03-04 14:00:00+00:00,20284.4,20389.3,20188.0,20191.0,77700.0
2025-03-04 15:00:00+00:00,20190.8,20223.0,20035.6,20157.0,118154.0
2025-03-04 16:00:00+00:00,20157.4,20308.2,20068.6,20269.6,88401.0
2025-03-04 17:00:00+00:00,20269.0,20404.0,20236.8,20308.2,70317.0
2025-03-04 18:00:00+00:00,20310.2,20493.8,20283.0,20471.8,64920.0
2025-03-04 19:00:00+00:00,20471.4,20602.6,20468.7,20590.2,62178.0
2025-03-04 20:00:00+00:00,20589.8,20703.4,20295.2,20367.7,83791.0
2025-03-04 21:00:00+00:00,20368.3,20563.3,20365.9,20511.8,24611.0
2025-03-04 23:00:00+00:00,20510.8,20565.2,20503.0,20548.9,7179.0
2025-03-05 00:00:00+00:00,20548.5,20559.0,20456.5,20504.6,12215.0
2025-03-05 01:00:00+00:00,20506.6,20512.3,20423.2,20473.2,15065.0
2025-03-05 02:00:00+00:00,20473.3,20480.8,20411.6,20449.6,13776.0
2025-03-05 03:00:00+00:00,20450.0,20533.2,20429.2,20519.0,12908.0
2025-03-05 04:00:00+00:00,20519.0,20537.7,20499.3,20507.5,6304.0
2025-03-05 05:00:00+00:00,20507.6,20527.6,20476.0,20520.2,6634.0
2025-03-05 06:00:00+00:00,20521.0,20537.0,20488.4,20518.6,6689.0
2025-03-05 07:00:00+00:00,20518.6,20547.3,20506.2,20511.6,9352.0
2025-03-05 08:00:00+00:00,20512.7,20579.4,20484.0,20521.0,17837.0
2025-03-05 09:00:00+00:00,20521.2,20600.0,20495.2,20579.0,14591.0
2025-03-05 10:00:00+00:00,20579.4,20592.6,20505.2,20516.4,13020.0
2025-03-05 11:00:00+00:00,20517.3,20528.2,20412.6,20462.4,14042.0
2025-03-05 12:00:00+00:00,20464.4,20496.7,20430.7,20455.4,16600.0
2025-03-05 13:00:00+00:00,20455.8,20493.8,20377.0,20389.5,23261.0
2025-03-05 14:00:00+00:00,20389.4,20435.8,20241.2,20290.3,72146.0
2025-03-05 15:00:00+00:00,20290.4,20466.6,20271.0,20361.6,98472.0
2025-03-05 16:00:00+00:00,20361.4,20361.4,20186.2,20307.2,71736.0
2025-03-05 17:00:00+00:00,20308.6,20545.8,20302.0,20540.2,63545.0
2025-03-05 18:00:00+00:00,20540.8,20569.0,20417.0,20563.0,69311.0
2025-03-05 19:00:00+00:00,20563.0,20683.0,20531.0,20624.0,60065.0
2025-03-05 20:00:00+00:00,20623.4,20697.3,20575.2,20631.7,63153.0
2025-03-05 21:00:00+00:00,20631.0,20635.0,20550.2,20590.0,11820.0
2025-03-05 23:00:00+00:00,20585.6,20613.7,20560.0,20576.0,4844.0
2025-03-06 00:00:00+00:00,20574.3,20608.0,20554.5,20561.1,5694.0
2025-03-06 01:00:00+00:00,20561.4,20588.2,20554.3,20585.0,7157.0
2025-03-06 02:00:00+00:00,20585.3,20601.6,20561.4,20576.4,5511.0
2025-03-06 03:00:00+00:00,20577.1,20598.0,20563.7,20593.8,4088.0
2025-03-06 04:00:00+00:00,20593.3,20616.0,20591.2,20608.8,3396.0
2025-03-06 05:00:00+00:00,20608.1,20618.0,20577.4,20582.8,4441.0
2025-03-06 06:00:00+00:00,20582.8,20610.5,20567.6,20605.8,5263.0
2025-03-06 07:00:00+00:00,20605.6,20612.8,20502.2,20504.8,9566.0
2025-03-06 08:00:00+00:00,20503.8,20527.6,20403.3,20414.5,21406.0
2025-03-06 09:00:00+00:00,20414.3,20456.8,20347.2,20379.2,21763.0
2025-03-06 10:00:00+00:00,20379.8,20409.5,20336.5,20350.6,16587.0
2025-03-06 11:00:00+00:00,20350.0,20400.0,20323.4,20394.8,14297.0
2025-03-06 12:00:00+00:00,20394.6,20399.0,20324.8,20341.8,15108.0
2025-03-06 13:00:00+00:00,20343.4,20355.0,20270.2,20296.6,22819.0
2025-03-06 14:00:00+00:00,20296.8,20343.5,20199.4,20253.0,69882.0
2025-03-06 15:00:00+00:00,20252.8,20483.6,20224.5,20400.8,91122.0
2025-03-06 16:00:00+00:00,20401.0,20466.4,20217.3,20223.0,79209.0
2025-03-06 17:00:00+00:00,20223.0,20246.8,20061.6,20142.4,78660.0
2025-03-06 18:00:00+00:00,20140.8,20178.2,20012.7,20093.0,68074.0
2025-03-06 19:00:00+00:00,20092.8,20181.0,19976.6,20024.4,72852.0
2025-03-06 20:00:00+00:00,20026.0,20128.8,20000.8,20069.2,83637.0
2025-03-06 21:00:00+00:00,20068.6,20190.0,20050.7,20159.4,16209.0
2025-03-06 23:00:00+00:00,20176.3,20195.0,20138.4,20156.6,5225.0
2025-03-07 00:00:00+00:00,20156.8,20171.5,20111.5,20144.8,9161.0
2025-03-07 01:00:00+00:00,20145.2,20189.2,20131.2,20166.4,9105.0
2025-03-07 02:00:00+00:00,20167.0,20187.0,20145.6,20166.0,6644.0
2025-03-07 03:00:00+00:00,20166.4,20169.0,20133.6,20140.4,5608.0
2025-03-07 04:00:00+00:00,20140.5,20161.4,20126.0,20153.6,4457.0
2025-03-07 05:00:00+00:00,20153.6,20157.0,20108.2,20123.6,6047.0
2025-03-07 06:00:00+00:00,20124.3,20127.6,20084.0,20098.4,7406.0
2025-03-07 07:00:00+00:00,20097.6,20146.4,20090.0,20136.7,8739.0
2025-03-07 08:00:00+00:00,20137.2,20159.2,20115.2,20139.0,14249.0
2025-03-07 09:00:00+00:00,20138.9,20197.4,20128.5,20167.2,12028.0
2025-03-07 10:00:00+00:00,20168.4,20170.6,20127.4,20148.0,8813.0
2025-03-07 11:00:00+00:00,20148.0,20171.6,20121.0,20154.6,8188.0
2025-03-07 12:00:00+00:00,20154.2,20154.2,20065.2,20094.4,14213.0
2025-03-07 13:00:00+00:00,20093.7,20240.5,20009.4,20036.5,30009.0
2025-03-07 14:00:00+00:00,20036.0,20211.8,19995.2,20110.2,73527.0
2025-03-07 15:00:00+00:00,20109.8,20163.2,19858.0,19991.7,101685.0
2025-03-07 16:00:00+00:00,19991.0,20004.4,19736.7,19800.4,84313.0
2025-03-07 17:00:00+00:00,19803.0,20058.8,19740.9,19920.2,81113.0
2025-03-07 18:00:00+00:00,19921.5,20151.8,19918.1,20144.4,80448.0
2025-03-07 19:00:00+00:00,20145.6,20248.5,20096.1,20168.0,66208.0
2025-03-07 20:00:00+00:00,20168.6,20260.8,20073.8,20201.1,72120.0
2025-03-07 21:00:00+00:00,20200.5,20204.8,20120.3,20175.4,13322.0
2025-03-09 22:00:00+00:00,20048.2,20085.2,19971.1,19986.2,10693.0
2025-03-09 23:00:00+00:00,19989.3,20034.9,19907.6,20007.7,9090.0
2025-03-10 00:00:00+00:00,20005.6,20041.4,19980.8,20039.4,11261.0
2025-03-10 01:00:00+00:00,20039.8,20110.2,20034.4,20107.6,9895.0
2025-03-10 02:00:00+00:00,20107.6,20129.0,20091.4,20110.8,6790.0
2025-03-10 03:00:00+00:00,20110.6,20125.0,20076.2,20100.2,6752.0
2025-03-10 04:00:00+00:00,20100.6,20126.4,20065.1,20068.0,5693.0
2025-03-10 05:00:00+00:00,20068.0,20106.4,20051.7,20064.6,6330.0
2025-03-10 06:00:00+00:00,20065.0,20098.3,20065.0,20083.8,5724.0
2025-03-10 07:00:00+00:00,20084.2,20114.4,20059.4,20066.6,8452.0
2025-03-10 08:00:00+00:00,20068.9,20086.4,19922.9,19932.4,21146.0
2025-03-10 09:00:00+00:00,19932.4,20028.8,19925.9,19977.4,18535.0
2025-03-10 10:00:00+00:00,19978.0,19997.3,19914.4,19944.1,12644.0
2025-03-10 11:00:00+00:00,19944.2,19994.4,19895.2,19924.8,15215.0
2025-03-10 12:00:00+00:00,19926.6,19928.4,19834.8,19887.4,18324.0
2025-03-10 13:00:00+00:00,19887.4,19915.2,19719.2,19763.4,65512.0
2025-03-10 14:00:00+00:00,19764.4,19764.4,19495.0,19528.3,95193.0
2025-03-10 15:00:00+00:00,19528.2,19676.2,19523.6,19561.0,80944.0
2025-03-10 16:00:00+00:00,19560.6,19613.2,19496.8,19524.6,65615.0
2025-03-10 17:00:00+00:00,19524.8,19533.8,19404.8,19423.2,67979.0
2025-03-10 18:00:00+00:00,19423.8,19480.3,19312.2,19320.4,63035.0
2025-03-10 19:00:00+00:00,19319.2,19532.1,19253.8,19446.0,91813.0
2025-03-10 20:00:00+00:00,19445.3,19469.9,19398.4,19458.2,16291.0
2025-03-10 22:00:00+00:00,19418.0,19442.2,19352.6,19358.4,9069.0
2025-03-10 23:00:00+00:00,19361.3,19382.6,19212.4,19285.8,13924.0
2025-03-11 00:00:00+00:00,19286.6,19310.5,19124.9,19188.8,15643.0
2025-03-11 01:00:00+00:00,19189.8,19253.2,19127.8,19238.5,17081.0
2025-03-11 02:00:00+00:00,19238.4,19400.9,19228.6,19373.3,18164.0
2025-03-11 03:00:00+00:00,19373.8,19474.9,19373.8,19417.6,11765.0
2025-03-11 04:00:00+00:00,19417.3,19475.8,19394.4,19448.1,6910.0
2025-03-11 05:00:00+00:00,19448.8,19473.0,19427.3,19459.0,8086.0
2025-03-11 06:00:00+00:00,19458.4,19500.5,19438.8,19454.9,8581.0
2025-03-11 07:00:00+00:00,19455.0,19475.6,19386.4,19463.3,12730.0
2025-03-11 08:00:00+00:00,19462.1,19549.8,19450.4,19545.5,16698.0
2025-03-11 09:00:00+00:00,19545.4,19562.2,19513.3,19525.4,11193.0
2025-03-11 10:00:00+00:00,19524.8,19543.1,19489.8,19515.8,11217.0
2025-03-11 11:00:00+00:00,19515.6,19559.2,19453.1,19559.0,14477.0
2025-03-11 12:00:00+00:00,19557.6,19564.1,19421.8,19434.4,23119.0
2025-03-11 13:00:00+00:00,19434.8,19580.2,19368.4,19502.8,67348.0
2025-03-11 14:00:00+00:00,19501.6,19594.6,19246.6,19295.6,93290.0
2025-03-11 15:00:00+00:00,19294.8,19525.8,19267.6,19405.6,72102.0
2025-03-11 16:00:00+00:00,19404.3,19427.4,19277.8,19305.5,55605.0
2025-03-11 17:00:00+00:00,19305.4,19350.3,19183.0,19307.1,66849.0
2025-03-11 18:00:00+00:00,19306.8,19667.6,19301.0,19621.2,85480.0
2025-03-11 19:00:00+00:00,19621.8,19658.6,19376.2,19377.1,87460.0
2025-03-11 20:00:00+00:00,19377.4,19429.8,19356.2,19386.0,18549.0
2025-03-11 22:00:00+00:00,19405.2,19462.9,19385.2,19452.2,6966.0
2025-03-11 23:00:00+00:00,19452.1,19461.6,19407.8,19461.6,7710.0
2025-03-12 00:00:00+00:00,19461.8,19483.4,19424.5,19450.8,10006.0
2025-03-12 01:00:00+00:00,19450.6,19466.8,19427.4,19456.1,8507.0
2025-03-12 02:00:00+00:00,19455.8,19476.1,19433.6,19438.4,5345.0
2025-03-12 03:00:00+00:00,19438.6,19453.0,19419.6,19434.0,4592.0
2025-03-12 04:00:00+00:00,19434.5,19457.0,19421.6,19438.1,4010.0
2025-03-12 05:00:00+00:00,19439.1,19467.2,19431.4,19463.6,3879.0
2025-03-12 06:00:00+00:00,19464.2,19464.6,19381.4,19396.8,5485.0
2025-03-12 07:00:00+00:00,19397.4,19466.0,19370.8,19458.0,11123.0
2025-03-12 08:00:00+00:00,19459.0,19539.4,19425.5,19530.6,18062.0
2025-03-12 09:00:00+00:00,19531.8,19547.6,19507.6,19543.8,12258.0
2025-03-12 10:00:00+00:00,19543.4,19550.6,19508.4,19534.6,9243.0
2025-03-12 11:00:00+00:00,19534.6,19591.8,19530.6,19566.3,12675.0
2025-03-12 12:00:00+00:00,19567.0,19771.3,19549.0,19706.2,31889.0
2025-03-12 13:00:00+00:00,19706.3,19760.4,19574.0,19628.0,76632.0
2025-03-12 14:00:00+00:00,19626.8,19708.6,19455.6,19459.2,94566.0
2025-03-12 15:00:00+00:00,19458.9,19624.3,19379.5,19619.4,75777.0
2025-03-12 16:00:00+00:00,19619.8,19713.8,19573.2,19612.8,68777.0
2025-03-12 17:00:00+00:00,19612.6,19705.4,19521.8,19525.4,60667.0
2025-03-12 18:00:00+00:00,19525.6,19692.2,19517.6,19663.3,55528.0
2025-03-12 19:00:00+00:00,19663.0,19663.8,19540.2,19595.8,65665.0
2025-03-12 20:00:00+00:00,19595.6,19595.6,19548.6,19557.6,12247.0
2025-03-12 22:00:00+00:00,19556.8,19622.4,19552.6,19611.6,6651.0
2025-03-12 23:00:00+00:00,19612.1,19672.4,19611.0,19669.2,6464.0
2025-03-13 00:00:00+00:00,19668.8,19678.6,19625.2,19628.8,7382.0
2025-03-13 01:00:00+00:00,19628.6,19641.2,19592.8,19623.4,7922.0
2025-03-13 02:00:00+00:00,19622.4,19629.0,19572.6,19576.8,5992.0
2025-03-13 03:00:00+00:00,19577.1,19577.4,19496.6,19504.0,7829.0
2025-03-13 04:00:00+00:00,19503.8,19529.4,19447.9,19466.4,7666.0
2025-03-13 05:00:00+00:00,19466.5,19489.3,19421.8,19449.6,9222.0
2025-03-13 06:00:00+00:00,19450.2,19483.6,19386.0,19468.2,11564.0
2025-03-13 07:00:00+00:00,19468.6,19496.6,19402.8,19416.0,12811.0
2025-03-13 08:00:00+00:00,19417.0,19479.4,19394.0,19477.6,21831.0
2025-03-13 09:00:00+00:00,19477.6,19593.4,19445.8,19590.8,14314.0
2025-03-13 10:00:00+00:00,19590.8,19615.6,19545.8,19560.0,12158.0
2025-03-13 11:00:00+00:00,19561.0,19579.1,19480.0,19516.6,16876.0
2025-03-13 12:00:00+00:00,19514.8,19579.8,19462.3,19540.6,24310.0
2025-03-13 13:00:00+00:00,19540.4,19575.6,19324.6,19352.2,68372.0
2025-03-13 14:00:00+00:00,19352.0,19555.2,19309.8,19408.8,94991.0
2025-03-13 15:00:00+00:00,19408.8,19460.2,19264.3,19284.2,75305.0
2025-03-13 16:00:00+00:00,19285.1,19377.8,19228.6,19275.0,68419.0
2025-03-13 17:00:00+00:00,19276.4,19300.2,19157.7,19179.0,55047.0
2025-03-13 18:00:00+00:00,19177.6,19364.3,19174.4,19350.4,59208.0
2025-03-13 19:00:00+00:00,19349.4,19383.3,19172.0,19239.1,65995.0
2025-03-13 20:00:00+00:00,19239.2,19315.9,19233.6,19282.1,11217.0
2025-03-13 22:00:00+00:00,19296.6,19366.1,19289.8,19347.0,8234.0
2025-03-13 23:00:00+00:00,19346.6,19370.1,19333.6,19343.2,7504.0
2025-03-14 00:00:00+00:00,19342.8,19409.8,19319.4,19385.0,12251.0
2025-03-14 01:00:00+00:00,19385.0,19416.8,19372.2,19387.2,9931.0
2025-03-14 02:00:00+00:00,19387.6,19425.8,19385.4,19420.2,7491.0
2025-03-14 03:00:00+00:00,19419.2,19443.1,19417.6,19434.0,5514.0
2025-03-14 04:00:00+00:00,19433.6,19443.2,19416.0,19426.3,4106.0
2025-03-14 05:00:00+00:00,19426.0,19439.1,19389.4,19395.4,5777.0
2025-03-14 06:00:00+00:00,19395.2,19404.6,19368.0,19397.0,6544.0
2025-03-14 07:00:00+00:00,19396.8,19406.1,19354.7,19376.2,9665.0
2025-03-14 08:00:00+00:00,19376.4,19437.8,19359.6,19412.4,17490.0
2025-03-14 09:00:00+00:00,19412.4,19444.4,19411.4,19425.6,11291.0
2025-03-14 10:00:00+00:00,19426.6,19470.4,19383.6,19441.4,15386.0
2025-03-14 11:00:00+00:00,19440.2,19471.4,19408.4,19456.4,13669.0
2025-03-14 12:00:00+00:00,19457.8,19517.6,19451.6,19480.1,14664.0
2025-03-14 13:00:00+00:00,19480.2,19604.8,19435.7,19531.3,56763.0
2025-03-14 14:00:00+00:00,19528.2,19595.0,19424.7,19594.3,83620.0
2025-03-14 15:00:00+00:00,19594.0,19687.0,19576.2,19664.6,59790.0
2025-03-14 16:00:00+00:00,19664.5,19691.8,19588.8,19671.2,52286.0
2025-03-14 17:00:00+00:00,19671.4,19691.3,19604.2,19614.0,48207.0
2025-03-14 18:00:00+00:00,19614.8,19687.5,19596.8,19659.0,47409.0
2025-03-14 19:00:00+00:00,19658.2,19727.0,19634.4,19689.8,53401.0
2025-03-14 20:00:00+00:00,19689.5,19689.6,19625.6,19649.2,14211.0
2025-03-16 22:00:00+00:00,19658.0,19664.6,19544.2,19554.6,13078.0
2025-03-16 23:00:00+00:00,19555.0,19595.3,19535.8,19569.6,6133.0
2025-03-17 00:00:00+00:00,19568.6,19607.1,19549.3,19586.4,9996.0
2025-03-17 01:00:00+00:00,19586.3,19612.6,19583.2,19593.4,6874.0
2025-03-17 02:00:00+00:00,19594.1,19595.6,19576.3,19586.6,6360.0
2025-03-17 03:00:00+00:00,19584.9,19594.0,19569.0,19569.8,5762.0
2025-03-17 04:00:00+00:00,19569.8,19590.6,19568.6,19580.2,4763.0
2025-03-17 05:00:00+00:00,19579.9,19584.1,19569.6,19578.0,4067.0
2025-03-17 06:00:00+00:00,19578.0,19586.1,19547.0,19561.4,5382.0
2025-03-17 07:00:00+00:00,19561.6,19578.7,19538.9,19577.1,8594.0
2025-03-17 08:00:00+00:00,19578.0,19611.4,19559.8,19603.8,16831.0
2025-03-17 09:00:00+00:00,19603.6,19621.0,19588.8,19609.2,10721.0
2025-03-17 10:00:00+00:00,19609.1,19673.0,19601.8,19664.3,8970.0
2025-03-17 11:00:00+00:00,19664.0,19701.4,19661.1,19668.0,10825.0
2025-03-17 12:00:00+00:00,19667.4,19762.6,19644.8,19736.4,19943.0
2025-03-17 13:00:00+00:00,19735.4,19831.8,19668.8,19775.0,60342.0
2025-03-17 14:00:00+00:00,19775.0,19801.6,19656.0,19671.8,86805.0
2025-03-17 15:00:00+00:00,19671.6,19718.4,19622.3,19675.6,65669.0
2025-03-17 16:00:00+00:00,19675.4,19738.3,19648.6,19692.5,51892.0
2025-03-17 17:00:00+00:00,19692.6,19827.0,19667.3,19809.2,45735.0
2025-03-17 18:00:00+00:00,19808.6,19952.3,19808.0,19931.0,48506.0
2025-03-17 19:00:00+00:00,19930.8,19937.8,19819.6,19825.8,53641.0
2025-03-17 20:00:00+00:00,19826.2,19831.6,19794.6,19823.8,11397.0
2025-03-17 22:00:00+00:00,19834.1,19851.4,19830.0,19843.6,4933.0
2025-03-17 23:00:00+00:00,19843.8,19846.1,19810.6,19814.2,4943.0
2025-03-18 00:00:00+00:00,19813.1,19820.6,19775.8,19787.8,8045.0
2025-03-18 01:00:00+00:00,19787.4,19800.0,19737.6,19742.2,9078.0
2025-03-18 02:00:00+00:00,19742.3,19761.4,19740.8,19754.0,6431.0
2025-03-18 03:00:00+00:00,19754.2,19757.8,19719.1,19724.6,5666.0
2025-03-18 04:00:00+00:00,19724.1,19740.0,19705.1,19712.6,4526.0
2025-03-18 05:00:00+00:00,19713.1,19739.7,19711.6,19737.6,3845.0
2025-03-18 06:00:00+00:00,19737.6,19764.6,19726.2,19760.6,5595.0
2025-03-18 07:00:00+00:00,19760.4,19774.4,19747.3,19766.4,7615.0
2025-03-18 08:00:00+00:00,19765.6,19821.0,19754.6,19807.6,15806.0
2025-03-18 09:00:00+00:00,19808.4,19821.8,19762.0,19763.7,12200.0
2025-03-18 10:00:00+00:00,19763.6,19769.1,19709.0,19766.2,17056.0
2025-03-18 11:00:00+00:00,19766.4,19781.2,19715.6,19756.0,12760.0
2025-03-18 12:00:00+00:00,19754.4,19761.9,19689.1,19692.1,17881.0
2025-03-18 13:00:00+00:00,19692.0,19717.1,19447.2,19462.0,71982.0
2025-03-18 14:00:00+00:00,19462.2,19523.0,19429.6,19470.2,92646.0
2025-03-18 15:00:00+00:00,19470.5,19490.7,19395.8,19449.5,66954.0
2025-03-18 16:00:00+00:00,19450.0,19540.8,19440.0,19519.8,46388.0
2025-03-18 17:00:00+00:00,19519.0,19540.6,19451.6,19509.4,53925.0
2025-03-18 18:00:00+00:00,19509.8,19581.2,19456.2,19543.4,48251.0
2025-03-18 19:00:00+00:00,19542.8,19550.0,19465.4,19507.5,53008.0
2025-03-18 20:00:00+00:00,19507.6,19539.8,19503.5,19506.5,9416.0
2025-03-18 22:00:00+00:00,19502.0,19525.5,19469.4,19510.8,4500.0
2025-03-18 23:00:00+00:00,19511.0,19522.4,19488.8,19511.6,4336.0
2025-03-19 00:00:00+00:00,19511.4,19599.8,19508.8,19578.0,7362.0
2025-03-19 01:00:00+00:00,19578.8,19588.8,19564.4,19573.4,5335.0
2025-03-19 02:00:00+00:00,19574.4,19582.5,19556.4,19556.8,4397.0
2025-03-19 03:00:00+00:00,19556.8,19577.1,19556.8,19565.8,3146.0
2025-03-19 04:00:00+00:00,19565.8,19567.2,19533.5,19538.0,3139.0
2025-03-19 05:00:00+00:00,19538.4,19564.6,19525.8,19540.4,3779.0
2025-03-19 06:00:00+00:00,19540.3,19546.2,19520.0,19541.8,3711.0
2025-03-19 07:00:00+00:00,19541.8,19541.8,19463.0,19476.0,8567.0
2025-03-19 08:00:00+00:00,19476.3,19549.2,19474.6,19524.2,12204.0
2025-03-19 09:00:00+00:00,19523.8,19569.4,19508.6,19566.2,8910.0
2025-03-19 10:00:00+00:00,19566.1,19587.5,19551.3,19561.0,8005.0
2025-03-19 11:00:00+00:00,19558.6,19592.0,19551.4,19575.8,8649.0
2025-03-19 12:00:00+00:00,19576.0,19585.8,19545.6,19563.4,9865.0
2025-03-19 13:00:00+00:00,19564.0,19647.4,19509.6,19626.4,47991.0
2025-03-19 14:00:00+00:00,19626.0,19702.6,19591.7,19601.0,52207.0
2025-03-19 15:00:00+00:00,19601.0,19739.8,19593.0,19722.6,39601.0
2025-03-19 16:00:00+00:00,19721.8,19743.8,19669.2,19690.4,32218.0
2025-03-19 17:00:00+00:00,19690.8,19700.3,19601.2,19628.2,31388.0
2025-03-19 18:00:00+00:00,19627.6,19851.0,19590.4,19845.8,70511.0
2025-03-19 19:00:00+00:00,19845.8,19963.4,19756.5,19774.2,77912.0
2025-03-19 20:00:00+00:00,19774.4,19802.8,19762.0,19767.7,8266.0
2025-03-19 22:00:00+00:00,19778.4,19845.2,19773.6,19831.0,5733.0
2025-03-19 23:00:00+00:00,19831.2,19853.8,19822.5,19850.8,4110.0
2025-03-20 00:00:00+00:00,19850.8,19876.0,19830.8,19867.0,4484.0
2025-03-20 01:00:00+00:00,19866.8,19876.6,19844.6,19847.6,4756.0
2025-03-20 02:00:00+00:00,19847.7,19893.2,19846.6,19887.4,4523.0
2025-03-20 03:00:00+00:00,19887.5,19911.8,19887.5,19902.8,3374.0
2025-03-20 04:00:00+00:00,19902.4,19910.4,19888.0,19899.0,2384.0
2025-03-20 05:00:00+00:00,19899.0,19909.0,19887.0,19906.6,3010.0
2025-03-20 06:00:00+00:00,19906.4,19908.3,19864.0,19869.6,4071.0
2025-03-20 07:00:00+00:00,19869.2,19894.5,19856.0,19860.2,5961.0
2025-03-20 08:00:00+00:00,19861.2,19892.0,19860.4,19874.4,9483.0
2025-03-20 09:00:00+00:00,19874.4,19878.6,19754.8,19773.4,13705.0
2025-03-20 10:00:00+00:00,19773.2,19775.6,19554.2,19634.3,28658.0
2025-03-20 11:00:00+00:00,19635.0,19681.0,19614.8,19672.2,14912.0
2025-03-20 12:00:00+00:00,19672.4,19680.4,19642.7,19647.2,14500.0
2025-03-20 13:00:00+00:00,19646.8,19758.8,19576.0,19752.7,51350.0
2025-03-20 14:00:00+00:00,19752.8,19923.7,19745.1,19861.8,62409.0
2025-03-20 15:00:00+00:00,19862.4,19881.6,19784.6,19805.6,48858.0
2025-03-20 16:00:00+00:00,19804.8,19858.6,19679.8,19695.4,48962.0
2025-03-20 17:00:00+00:00,19695.3,19760.8,19645.8,19667.8,40715.0
2025-03-20 18:00:00+00:00,19668.6,19718.0,19615.4,19638.8,42572.0
2025-03-20 19:00:00+00:00,19638.5,19740.4,19634.0,19701.4,45837.0
2025-03-20 20:00:00+00:00,19700.6,19732.0,19699.0,19714.0,7807.0
2025-03-20 22:00:00+00:00,19715.2,19728.4,19700.1,19707.8,2479.0
2025-03-20 23:00:00+00:00,19707.9,19709.3,19667.6,19705.0,4672.0
2025-03-21 00:00:00+00:00,19704.8,19746.0,19700.0,19733.2,5975.0
2025-03-21 01:00:00+00:00,19732.6,19752.0,19720.0,19745.2,5367.0
2025-03-21 02:00:00+00:00,19744.6,19748.2,19710.8,19722.8,4798.0
2025-03-21 03:00:00+00:00,19723.2,19723.2,19684.4,19694.2,5198.0
2025-03-21 04:00:00+00:00,19694.1,19713.2,19681.2,19688.6,3552.0
2025-03-21 05:00:00+00:00,19688.8,19691.8,19642.8,19669.6,5589.0
2025-03-21 06:00:00+00:00,19669.1,19711.8,19661.8,19710.9,5195.0
2025-03-21 07:00:00+00:00,19711.8,19716.0,19639.8,19660.2,7849.0
2025-03-21 08:00:00+00:00,19660.6,19692.2,19584.0,19616.8,16551.0
2025-03-21 09:00:00+00:00,19617.6,19635.2,19582.8,19616.2,11367.0
2025-03-21 10:00:00+00:00,19616.2,19664.4,19590.0,19619.8,11707.0
2025-03-21 11:00:00+00:00,19617.8,19644.0,19606.0,19612.4,10073.0
2025-03-21 12:00:00+00:00,19611.1,19649.3,19492.9,19500.4,19881.0
2025-03-21 13:00:00+00:00,19500.3,19571.4,19423.3,19538.4,67041.0
2025-03-21 14:00:00+00:00,19538.8,19615.6,19482.8,19612.8,65268.0
2025-03-21 15:00:00+00:00,19613.4,19630.8,19504.6,19537.2,56124.0
2025-03-21 16:00:00+00:00,19536.3,19720.8,19505.6,19719.6,49971.0
2025-03-21 17:00:00+00:00,19719.8,19724.9,19626.5,19682.3,40433.0
2025-03-21 18:00:00+00:00,19682.6,19713.0,19657.0,19685.0,36939.0
2025-03-21 19:00:00+00:00,19684.4,19798.3,19637.8,19777.3,46783.0
2025-03-21 20:00:00+00:00,19777.0,19802.2,19759.8,19794.4,9322.0
2025-03-23 22:00:00+00:00,19887.6,19926.9,19884.2,19888.2,8546.0
2025-03-23 23:00:00+00:00,19888.4,19939.2,19881.6,19932.8,4841.0
2025-03-24 00:00:00+00:00,19933.2,19963.4,19927.3,19947.6,7847.0
2025-03-24 01:00:00+00:00,19947.5,19951.6,19924.8,19934.5,5932.0
2025-03-24 02:00:00+00:00,19934.8,19941.8,19923.4,19939.0,3638.0
2025-03-24 03:00:00+00:00,19938.8,19947.0,19925.8,19929.6,3091.0
2025-03-24 04:00:00+00:00,19929.6,19938.8,19921.5,19937.4,2109.0
2025-03-24 05:00:00+00:00,19937.2,19950.8,19936.8,19941.8,2662.0
2025-03-24 06:00:00+00:00,19942.4,19974.4,19935.4,19971.8,3338.0
2025-03-24 07:00:00+00:00,19971.4,19997.6,19965.5,19992.2,5261.0
2025-03-24 08:00:00+00:00,19991.0,20051.8,19983.4,20035.6,11699.0
2025-03-24 09:00:00+00:00,20034.8,20046.6,20004.3,20013.8,8209.0
2025-03-24 10:00:00+00:00,20014.2,20054.8,20008.3,20039.6,6386.0
2025-03-24 11:00:00+00:00,20039.2,20086.8,20035.3,20078.4,8179.0
2025-03-24 12:00:00+00:00,20078.5,20101.3,20063.0,20098.2,9815.0
2025-03-24 13:00:00+00:00,20097.8,20163.3,20054.5,20140.4,46748.0
2025-03-24 14:00:00+00:00,20141.3,20184.4,20099.8,20174.3,57012.0
2025-03-24 15:00:00+00:00,20174.0,20195.3,20154.4,20179.8,33682.0
2025-03-24 16:00:00+00:00,20180.0,20205.6,20144.1,20166.5,33825.0
2025-03-24 17:00:00+00:00,20166.6,20174.9,20134.5,20167.5,30753.0
2025-03-24 18:00:00+00:00,20167.8,20196.8,20133.6,20191.1,32046.0
2025-03-24 19:00:00+00:00,20191.8,20234.0,20185.1,20191.4,31484.0
2025-03-24 20:00:00+00:00,20190.8,20204.3,20181.8,20182.8,6635.0
2025-03-24 22:00:00+00:00,20187.4,20188.4,20167.6,20173.8,2442.0
2025-03-24 23:00:00+00:00,20173.4,20192.4,20169.1,20179.6,2431.0
2025-03-25 00:00:00+00:00,20180.0,20195.4,20159.5,20193.2,5147.0
2025-03-25 01:00:00+00:00,20193.0,20199.4,20183.8,20186.2,4138.0
2025-03-25 02:00:00+00:00,20185.8,20185.8,20163.0,20169.2,3483.0
2025-03-25 03:00:00+00:00,20168.8,20173.0,20155.0,20163.6,2312.0
2025-03-25 04:00:00+00:00,20163.5,20166.2,20153.8,20161.0,1925.0
2025-03-25 05:00:00+00:00,20160.8,20167.8,20158.3,20166.2,1846.0
2025-03-25 06:00:00+00:00,20166.3,20175.8,20158.0,20175.8,2089.0
2025-03-25 07:00:00+00:00,20175.6,20196.8,20163.2,20163.4,3971.0
2025-03-25 08:00:00+00:00,20165.4,20175.8,20118.6,20129.2,10102.0
2025-03-25 09:00:00+00:00,20129.4,20169.5,20121.8,20168.8,7039.0
2025-03-25 10:00:00+00:00,20167.2,20207.4,20145.8,20199.0,6814.0
2025-03-25 11:00:00+00:00,20199.6,20241.0,20189.4,20236.4,9044.0
2025-03-25 12:00:00+00:00,20237.4,20272.3,20228.8,20231.8,9515.0
2025-03-25 13:00:00+00:00,20231.8,20259.4,20187.8,20236.8,46573.0
2025-03-25 14:00:00+00:00,20237.0,20315.8,20196.0,20301.3,53138.0
2025-03-25 15:00:00+00:00,20301.4,20320.0,20258.9,20268.7,33122.0
2025-03-25 16:00:00+00:00,20269.7,20287.5,20243.9,20276.8,27990.0
2025-03-25 17:00:00+00:00,20276.4,20306.2,20228.5,20240.7,25570.0
2025-03-25 18:00:00+00:00,20241.2,20283.4,20229.4,20254.2,28435.0
2025-03-25 19:00:00+00:00,20253.8,20319.0,20252.2,20315.2,35475.0
2025-03-25 20:00:00+00:00,20314.7,20350.7,20313.3,20340.2,5847.0
2025-03-25 22:00:00+00:00,20337.0,20355.2,20330.6,20335.2,3116.0
2025-03-25 23:00:00+00:00,20335.5,20359.2,20335.0,20350.2,2804.0
2025-03-26 00:00:00+00:00,20350.2,20363.2,20337.8,20353.8,4114.0
2025-03-26 01:00:00+00:00,20353.7,20353.7,20331.8,20337.0,5580.0
2025-03-26 02:00:00+00:00,20337.0,20339.0,20298.5,20320.2,5221.0
2025-03-26 03:00:00+00:00,20319.2,20320.6,20296.3,20305.8,3372.0
2025-03-26 04:00:00+00:00,20306.2,20310.5,20299.4,20310.2,1961.0
2025-03-26 05:00:00+00:00,20310.4,20320.9,20285.0,20286.0,3363.0
2025-03-26 06:00:00+00:00,20286.7,20301.0,20279.9,20300.0,3347.0
2025-03-26 07:00:00+00:00,20299.6,20324.3,20296.2,20304.6,4261.0
2025-03-26 08:00:00+00:00,20304.7,20310.0,20267.4,20279.0,11090.0
2025-03-26 09:00:00+00:00,20279.2,20294.4,20259.4,20259.4,8984.0
2025-03-26 10:00:00+00:00,20259.6,20300.2,20256.2,20300.0,6724.0
2025-03-26 11:00:00+00:00,20300.0,20319.2,20285.2,20308.7,5878.0
2025-03-26 12:00:00+00:00,20309.2,20311.0,20276.7,20306.8,9790.0
2025-03-26 13:00:00+00:00,20306.7,20312.8,20132.8,20142.6,49483.0
2025-03-26 14:00:00+00:00,20141.9,20182.5,20053.4,20121.7,65880.0
2025-03-26 15:00:00+00:00,20122.2,20146.7,19996.8,20019.2,50046.0
2025-03-26 16:00:00+00:00,20019.9,20044.2,19951.4,19959.2,50257.0
2025-03-26 17:00:00+00:00,19958.7,19983.9,19903.8,19910.0,48486.0
2025-03-26 18:00:00+00:00,19909.9,19972.2,19876.9,19883.4,41162.0
2025-03-26 19:00:00+00:00,19882.9,19961.0,19871.7,19939.4,51214.0
2025-03-26 20:00:00+00:00,19939.0,19946.4,19908.0,19912.7,8800.0
2025-03-26 22:00:00+00:00,19869.0,19922.2,19830.4,19845.0,11437.0
2025-03-26 23:00:00+00:00,19845.2,19896.9,19839.2,19885.6,6691.0
2025-03-27 00:00:00+00:00,19885.8,19919.6,19876.0,19898.6,8540.0
2025-03-27 01:00:00+00:00,19899.4,19927.5,19897.2,19914.8,7545.0
2025-03-27 02:00:00+00:00,19914.7,19949.4,19914.6,19944.7,4799.0
2025-03-27 03:00:00+00:00,19944.8,19973.8,19941.9,19960.2,4012.0
2025-03-27 04:00:00+00:00,19960.4,19973.6,19952.2,19960.6,3003.0
2025-03-27 05:00:00+00:00,19960.2,19970.3,19938.9,19940.8,4210.0
2025-03-27 06:00:00+00:00,19940.7,19966.2,19929.9,19939.0,5916.0
2025-03-27 07:00:00+00:00,19938.8,19946.2,19895.2,19900.6,9440.0
2025-03-27 08:00:00+00:00,19901.4,19941.0,19847.2,19938.6,20320.0
2025-03-27 09:00:00+00:00,19938.4,19955.4,19920.7,19943.4,11593.0
2025-03-27 10:00:00+00:00,19943.6,19964.4,19900.0,19901.6,11218.0
2025-03-27 11:00:00+00:00,19900.4,19923.4,19857.6,19916.0,13256.0
2025-03-27 12:00:00+00:00,19914.0,19931.2,19876.2,19891.6,15510.0
2025-03-27 13:00:00+00:00,19891.2,19917.0,19764.8,19903.2,57380.0
2025-03-27 14:00:00+00:00,19903.0,20025.4,19854.2,20015.6,71556.0
2025-03-27 15:00:00+00:00,20015.4,20020.2,19868.7,19874.2,58947.0
2025-03-27 16:00:00+00:00,19874.2,19991.3,19841.9,19844.4,56393.0
2025-03-27 17:00:00+00:00,19844.3,19905.8,19837.5,19850.5,50769.0
2025-03-27 18:00:00+00:00,19850.6,19944.6,19846.8,19880.8,49346.0
2025-03-27 19:00:00+00:00,19880.2,19965.3,19810.8,19830.8,57423.0
2025-03-27 20:00:00+00:00,19830.4,19854.3,19823.4,19833.2,8893.0
2025-03-27 22:00:00+00:00,19829.7,19846.4,19818.8,19826.2,4544.0
2025-03-27 23:00:00+00:00,19826.7,19831.0,19789.0,19800.2,6035.0
2025-03-28 00:00:00+00:00,19800.4,19821.4,19767.0,19819.8,6860.0
2025-03-28 01:00:00+00:00,19819.4,19826.9,19798.0,19800.4,6241.0
2025-03-28 02:00:00+00:00,19799.0,19832.6,19798.2,19818.6,4847.0
2025-03-28 03:00:00+00:00,19819.8,19827.8,19803.4,19824.0,3863.0
2025-03-28 04:00:00+00:00,19823.9,19826.0,19801.4,19817.0,2921.0
2025-03-28 05:00:00+00:00,19816.8,19823.4,19799.0,19810.4,4484.0
2025-03-28 06:00:00+00:00,19809.2,19843.4,19756.4,19758.5,5425.0
2025-03-28 07:00:00+00:00,19759.2,19780.4,19681.0,19693.0,12464.0
2025-03-28 08:00:00+00:00,19693.0,19746.4,19688.2,19739.8,17997.0
2025-03-28 09:00:00+00:00,19740.2,19764.0,19732.6,19744.2,9596.0
2025-03-28 10:00:00+00:00,19744.4,19804.8,19742.1,19786.6,10001.0
2025-03-28 11:00:00+00:00,19786.4,19793.8,19743.8,19783.6,11112.0
2025-03-28 12:00:00+00:00,19782.6,19790.2,19698.8,19699.2,21050.0
2025-03-28 13:00:00+00:00,19699.1,19800.9,19675.1,19691.0,59340.0
2025-03-28 14:00:00+00:00,19691.0,19714.0,19415.3,19440.8,84520.0
2025-03-28 15:00:00+00:00,19440.0,19467.5,19384.3,19384.3,64426.0
2025-03-28 16:00:00+00:00,19384.1,19424.1,19327.5,19335.0,50333.0
2025-03-28 17:00:00+00:00,19334.6,19340.6,19281.8,19324.8,47617.0
2025-03-28 18:00:00+00:00,19324.5,19360.3,19286.8,19324.0,42083.0
2025-03-28 19:00:00+00:00,19324.3,19345.8,19263.8,19303.8,50574.0
2025-03-28 20:00:00+00:00,19303.5,19304.6,19209.2,19213.3,13155.0
2025-03-30 22:00:00+00:00,19141.4,19166.9,19116.3,19153.8,10096.0
2025-03-30 23:00:00+00:00,19153.8,19154.3,19056.8,19098.6,13805.0
2025-03-31 00:00:00+00:00,19097.2,19102.8,19001.4,19052.6,19729.0
2025-03-31 01:00:00+00:00,19054.2,19112.6,19052.6,19082.8,14496.0
2025-03-31 02:00:00+00:00,19081.8,19095.0,19050.6,19067.8,9306.0
2025-03-31 03:00:00+00:00,19067.8,19073.4,19021.1,19041.2,7739.0
2025-03-31 04:00:00+00:00,19041.4,19078.2,19023.2,19069.8,6883.0
2025-03-31 05:00:00+00:00,19068.6,19100.6,19060.6,19079.2,7608.0
2025-03-31 06:00:00+00:00,19079.1,19086.8,19034.8,19060.6,11861.0
2025-03-31 07:00:00+00:00,19058.4,19106.3,19039.8,19101.8,20637.0
2025-03-31 08:00:00+00:00,19100.8,19112.8,19043.8,19045.2,17109.0
2025-03-31 09:00:00+00:00,19044.2,19074.2,19004.8,19036.8,14262.0
2025-03-31 10:00:00+00:00,19036.8,19071.8,19023.8,19057.0,11899.0
2025-03-31 11:00:00+00:00,19057.4,19069.3,18959.6,19012.2,17619.0
2025-03-31 12:00:00+00:00,19012.1,19063.5,18989.8,19061.8,15020.0
2025-03-31 13:00:00+00:00,19060.8,19077.3,18817.8,18930.6,66090.0
2025-03-31 14:00:00+00:00,18931.2,19008.6,18897.0,18980.3,87669.0
2025-03-31 15:00:00+00:00,18982.2,19113.8,18955.2,19072.5,73401.0
2025-03-31 16:00:00+00:00,19073.0,19138.2,19026.8,19069.3,57798.0
2025-03-31 17:00:00+00:00,19069.8,19158.8,19060.0,19075.2,56219.0
2025-03-31 18:00:00+00:00,19075.0,19267.6,19070.5,19200.6,64351.0
2025-03-31 19:00:00+00:00,19200.5,19341.8,19198.2,19302.3,75926.0
2025-03-31 20:00:00+00:00,19302.2,19306.1,19244.8,19263.5,11132.0
2025-03-31 22:00:00+00:00,19255.2,19257.9,19179.0,19227.6,9978.0
2025-03-31 23:00:00+00:00,19226.9,19258.6,19191.8,19210.8,8880.0
2025-04-01 00:00:00+00:00,19211.1,19215.8,19144.8,19171.2,11896.0
2025-04-01 01:00:00+00:00,19170.6,19198.3,19136.2,19193.2,10510.0
2025-04-01 02:00:00+00:00,19193.6,19234.2,19187.5,19232.2,7133.0
2025-04-01 03:00:00+00:00,19232.4,19238.3,19207.2,19213.2,5599.0
2025-04-01 04:00:00+00:00,19213.0,19219.4,19187.1,19217.6,5233.0
2025-04-01 05:00:00+00:00,19218.4,19251.6,19210.0,19211.8,6886.0
2025-04-01 06:00:00+00:00,19211.2,19288.2,19202.2,19282.4,9436.0
2025-04-01 07:00:00+00:00,19279.8,19330.8,19233.8,19246.9,18723.0
2025-04-01 08:00:00+00:00,19246.6,19324.8,19236.8,19320.4,12707.0
2025-04-01 09:00:00+00:00,19321.0,19362.6,19312.6,19339.4,9854.0
2025-04-01 10:00:00+00:00,19339.8,19343.8,19196.0,19257.6,21791.0
2025-04-01 11:00:00+00:00,19256.8,19259.2,19163.9,19206.2,19222.0
2025-04-01 12:00:00+00:00,19205.4,19246.2,19190.2,19234.6,19893.0
2025-04-01 13:00:00+00:00,19235.8,19314.0,19190.8,19248.6,60340.0
2025-04-01 14:00:00+00:00,19252.3,19371.6,19113.5,19367.8,91155.0
2025-04-01 15:00:00+00:00,19367.6,19459.0,19355.0,19445.2,73714.0
2025-04-01 16:00:00+00:00,19445.4,19496.2,19350.0,19416.8,68239.0
2025-04-01 17:00:00+00:00,19417.0,19435.4,19353.8,19358.7,57800.0
2025-04-01 18:00:00+00:00,19359.0,19367.5,19238.3,19301.3,64515.0
2025-04-01 19:00:00+00:00,19300.0,19479.4,19290.7,19456.5,62533.0
2025-04-01 20:00:00+00:00,19456.6,19482.5,19428.3,19447.8,12587.0
2025-04-01 22:00:00+00:00,19457.8,19543.5,19455.8,19495.6,7743.0
2025-04-01 23:00:00+00:00,19495.6,19517.9,19483.1,19495.0,6188.0
2025-04-02 00:00:00+00:00,19495.2,19497.6,19408.8,19423.2,12594.0
2025-04-02 01:00:00+00:00,19423.2,19454.0,19412.8,19445.6,8491.0
2025-04-02 02:00:00+00:00,19445.6,19450.2,19419.8,19431.5,6541.0
2025-04-02 03:00:00+00:00,19431.6,19440.5,19413.0,19419.8,3900.0
2025-04-02 04:00:00+00:00,19419.6,19442.6,19416.8,19441.8,3343.0
2025-04-02 05:00:00+00:00,19441.8,19443.6,19399.8,19409.4,4597.0
2025-04-02 06:00:00+00:00,19408.2,19440.8,19396.2,19414.6,7119.0
2025-04-02 07:00:00+00:00,19413.6,19436.4,19367.6,19386.6,16308.0
2025-04-02 08:00:00+00:00,19386.8,19416.5,19350.8,19381.2,13237.0
2025-04-02 09:00:00+00:00,19380.8,19406.0,19363.3,19367.6,9786.0
2025-04-02 10:00:00+00:00,19367.6,19375.0,19305.3,19322.4,17379.0
2025-04-02 11:00:00+00:00,19323.0,19334.0,19275.8,19280.4,13992.0
2025-04-02 12:00:00+00:00,19281.0,19282.6,19195.2,19238.4,24195.0
2025-04-02 13:00:00+00:00,19237.5,19431.8,19170.2,19383.2,58988.0
2025-04-02 14:00:00+00:00,19383.2,19490.8,19342.8,19484.5,78615.0
2025-04-02 15:00:00+00:00,19484.6,19565.4,19430.4,19519.6,73128.0
2025-04-02 16:00:00+00:00,19519.7,19679.7,19509.4,19664.2,61113.0
2025-04-02 17:00:00+00:00,19664.6,19740.8,19570.3,19596.2,62367.0
2025-04-02 18:00:00+00:00,19595.8,19611.8,19455.9,19458.4,68099.0
2025-04-02 19:00:00+00:00,19459.2,19644.5,19459.0,19598.2,66814.0
2025-04-02 20:00:00+00:00,19598.0,19895.0,18928.4,18975.0,54326.0
2025-04-02 22:00:00+00:00,18873.8,18873.8,18668.6,18798.2,18246.0
2025-04-02 23:00:00+00:00,18795.8,18797.1,18694.6,18727.2,13051.0
2025-04-03 00:00:00+00:00,18727.0,18916.8,18727.0,18843.8,20891.0
2025-04-03 01:00:00+00:00,18844.5,18973.2,18843.2,18928.0,15863.0
2025-04-03 02:00:00+00:00,18926.0,18982.8,18909.5,18981.0,11934.0
2025-04-03 03:00:00+00:00,18981.0,18988.1,18918.2,18952.8,8492.0
2025-04-03 04:00:00+00:00,18953.4,18997.1,18947.4,18970.7,7076.0
2025-04-03 05:00:00+00:00,18970.6,18990.4,18887.8,18890.6,9778.0
2025-04-03 06:00:00+00:00,18890.7,18947.6,18872.3,18894.8,12478.0
2025-04-03 07:00:00+00:00,18895.2,18973.8,18874.8,18945.0,18698.0
2025-04-03 08:00:00+00:00,18943.4,19020.8,18924.3,19001.7,15091.0
2025-04-03 09:00:00+00:00,18999.4,19025.1,18866.5,18882.2,12949.0
2025-04-03 10:00:00+00:00,18882.0,18896.2,18797.2,18840.4,17284.0
2025-04-03 11:00:00+00:00,18841.8,18885.0,18807.5,18837.0,16359.0
2025-04-03 12:00:00+00:00,18836.0,18909.2,18694.0,18699.2,25419.0
2025-04-03 13:00:00+00:00,18698.8,18922.1,18679.2,18840.2,82901.0
2025-04-03 14:00:00+00:00,18812.2,18851.8,18611.0,18615.0,96363.0
2025-04-03 15:00:00+00:00,18614.0,18782.8,18569.0,18733.6,83746.0
2025-04-03 16:00:00+00:00,18733.7,18845.0,18716.8,18732.8,72427.0
2025-04-03 17:00:00+00:00,18732.6,18775.8,18669.8,18671.4,56678.0
2025-04-03 18:00:00+00:00,18671.8,18719.4,18612.6,18708.2,60965.0
2025-04-03 19:00:00+00:00,18707.3,18719.5,18522.7,18544.8,76317.0
2025-04-03 20:00:00+00:00,18545.3,18566.2,18472.0,18506.8,18408.0
2025-04-03 22:00:00+00:00,18526.4,18554.2,18449.1,18501.1,6900.0
2025-04-03 23:00:00+00:00,18501.6,18543.6,18473.4,18511.8,8555.0
2025-04-04 00:00:00+00:00,18511.8,18570.8,18496.0,18531.1,14871.0
2025-04-04 01:00:00+00:00,18530.8,18557.2,18491.2,18497.2,10831.0
2025-04-04 02:00:00+00:00,18498.8,18537.4,18492.8,18492.8,8491.0
2025-04-04 03:00:00+00:00,18492.5,18495.1,18380.2,18419.1,13006.0
2025-04-04 04:00:00+00:00,18419.0,18430.9,18333.5,18341.4,11109.0
2025-04-04 05:00:00+00:00,18341.5,18501.0,18318.6,18499.5,15890.0
2025-04-04 06:00:00+00:00,18499.2,18532.6,18463.1,18463.4,14463.0
2025-04-04 07:00:00+00:00,18463.8,18506.6,18436.2,18443.0,27864.0
2025-04-04 08:00:00+00:00,18441.6,18515.4,18424.0,18445.1,27379.0
2025-04-04 09:00:00+00:00,18447.8,18455.2,18378.0,18429.9,22620.0
2025-04-04 10:00:00+00:00,18430.6,18458.2,17890.0,17942.8,44718.0
2025-04-04 11:00:00+00:00,17943.0,18015.6,17678.6,17985.6,38312.0
2025-04-04 12:00:00+00:00,17983.9,18096.2,17888.0,18067.4,35854.0
2025-04-04 13:00:00+00:00,18066.4,18130.3,17863.2,18052.8,96658.0
2025-04-04 14:00:00+00:00,18052.6,18056.6,17513.8,17713.2,127486.0
2025-04-04 15:00:00+00:00,17711.8,18003.8,17684.6,17739.2,115585.0
2025-04-04 16:00:00+00:00,17739.0,17836.4,17567.8,17623.6,97731.0
2025-04-04 17:00:00+00:00,17624.0,17739.4,17491.6,17738.8,87750.0
2025-04-04 18:00:00+00:00,17739.0,17784.6,17420.8,17496.8,91275.0
2025-04-04 19:00:00+00:00,17496.0,17743.2,17401.5,17408.6,112788.0
2025-04-04 20:00:00+00:00,17408.4,17442.0,17259.6,17364.2,37544.0
2025-04-06 22:00:00+00:00,16548.0,16718.2,16453.4,16540.1,14711.0
2025-04-06 23:00:00+00:00,16540.4,16664.1,16335.1,16594.6,12939.0
2025-04-07 00:00:00+00:00,16595.0,16647.0,16379.6,16640.2,26807.0
2025-04-07 01:00:00+00:00,16640.4,16884.6,16601.3,16855.4,35215.0
2025-04-07 02:00:00+00:00,16855.0,16896.5,16729.8,16767.2,25804.0
2025-04-07 03:00:00+00:00,16767.5,16772.1,16611.0,16681.4,24288.0
2025-04-07 04:00:00+00:00,16682.5,16731.6,16541.2,16608.0,19651.0
2025-04-07 05:00:00+00:00,16616.2,16784.9,16576.4,16632.0,22512.0
2025-04-07 06:00:00+00:00,16631.4,16688.1,16380.2,16414.4,23612.0
2025-04-07 07:00:00+00:00,16414.5,16567.6,16353.0,16553.4,38259.0
2025-04-07 08:00:00+00:00,16554.6,16828.6,16541.9,16715.1,35606.0
2025-04-07 09:00:00+00:00,16715.8,16831.2,16620.5,16760.2,25134.0
2025-04-07 10:00:00+00:00,16760.4,17148.6,16727.9,16993.8,36535.0
2025-04-07 11:00:00+00:00,16994.5,17102.9,16875.0,16934.5,36660.0
2025-04-07 12:00:00+00:00,16934.8,17102.8,16833.9,17038.4,49559.0
2025-04-07 13:00:00+00:00,17038.6,17168.1,16545.8,17146.0,101539.0
2025-04-07 14:00:00+00:00,17145.8,18230.3,17035.3,17532.1,124872.0
2025-04-07 15:00:00+00:00,17530.6,17670.6,17026.6,17262.0,98436.0
2025-04-07 16:00:00+00:00,17260.0,17368.2,17086.8,17126.6,56006.0
2025-04-07 17:00:00+00:00,17126.6,17664.0,17119.8,17653.4,66807.0
2025-04-07 18:00:00+00:00,17653.6,17696.6,17375.8,17407.9,61584.0
2025-04-07 19:00:00+00:00,17408.0,17538.2,17282.3,17434.2,72543.0
2025-04-07 20:00:00+00:00,17435.6,17633.9,17420.5,17508.3,24944.0
2025-04-07 22:00:00+00:00,17553.6,17629.1,17521.0,17626.4,6866.0
2025-04-07 23:00:00+00:00,17627.0,17660.1,17603.4,17642.5,9254.0
2025-04-08 00:00:00+00:00,17640.3,17732.8,17581.6,17590.5,20354.0
2025-04-08 01:00:00+00:00,17590.9,17761.4,17540.6,17744.6,24978.0
2025-04-08 02:00:00+00:00,17743.6,17751.6,17685.0,17696.1,10797.0
2025-04-08 03:00:00+00:00,17694.2,17712.3,17617.1,17648.9,10210.0
2025-04-08 04:00:00+00:00,17649.0,17673.6,17585.1,17658.1,8598.0
2025-04-08 05:00:00+00:00,17656.6,17661.4,17546.2,17629.9,9612.0
2025-04-08 06:00:00+00:00,17630.6,17678.8,17579.8,17660.5,10708.0
2025-04-08 07:00:00+00:00,17658.4,17759.0,17627.8,17756.8,23039.0
2025-04-08 08:00:00+00:00,17756.6,17768.0,17590.6,17702.6,20025.0
2025-04-08 09:00:00+00:00,17702.6,17707.1,17598.4,17601.2,14593.0
2025-04-08 10:00:00+00:00,17600.8,17698.0,17571.4,17661.3,17525.0
2025-04-08 11:00:00+00:00,17663.2,17898.6,17636.2,17892.8,27425.0
2025-04-08 12:00:00+00:00,17891.3,17938.6,17803.3,17859.6,39114.0
2025-04-08 13:00:00+00:00,17858.8,18142.0,17841.4,18125.4,87490.0
2025-04-08 14:00:00+00:00,18125.2,18232.8,17994.6,17996.5,100170.0
2025-04-08 15:00:00+00:00,17997.5,18059.2,17830.0,17931.0,89125.0
2025-04-08 16:00:00+00:00,17931.1,17950.6,17532.4,17540.4,95284.0
2025-04-08 17:00:00+00:00,17539.6,17638.3,17366.2,17548.3,102081.0
2025-04-08 18:00:00+00:00,17548.1,17579.6,17316.2,17317.4,83039.0
2025-04-08 19:00:00+00:00,17317.2,17339.2,16851.0,17115.6,110900.0
2025-04-08 20:00:00+00:00,17115.8,17206.8,17017.6,17100.2,31672.0
2025-04-08 22:00:00+00:00,17090.8,17092.2,16849.4,16944.6,18361.0
2025-04-08 23:00:00+00:00,16943.5,16944.6,16754.6,16870.1,17407.0
2025-04-09 00:00:00+00:00,16870.3,16875.1,16719.0,16775.5,18612.0
2025-04-09 01:00:00+00:00,16774.5,17031.9,16727.6,16993.6,20993.0
2025-04-09 02:00:00+00:00,16993.8,17080.6,16912.0,16929.6,19739.0
2025-04-09 03:00:00+00:00,16929.4,16970.4,16780.1,16806.2,17478.0
2025-04-09 04:00:00+00:00,16806.5,16893.0,16629.2,16699.6,22687.0
2025-04-09 05:00:00+00:00,16700.2,16772.0,16614.2,16771.8,19603.0
2025-04-09 06:00:00+00:00,16773.0,16997.9,16766.0,16898.8,17797.0
2025-04-09 07:00:00+00:00,16896.6,17301.4,16886.6,17219.9,30711.0
2025-04-09 08:00:00+00:00,17219.6,17295.0,17006.6,17228.3,22911.0
2025-04-09 09:00:00+00:00,17228.1,17275.4,17102.0,17148.1,15824.0
2025-04-09 10:00:00+00:00,17148.2,17249.9,17008.3,17124.3,24504.0
2025-04-09 11:00:00+00:00,17124.6,17126.4,16747.0,16834.6,36593.0
2025-04-09 12:00:00+00:00,16837.8,17094.3,16778.6,17006.6,27601.0
2025-04-09 13:00:00+00:00,17004.2,17430.4,16998.8,17323.6,76761.0
2025-04-09 14:00:00+00:00,17323.6,17473.4,17096.2,17102.6,98247.0
2025-04-09 15:00:00+00:00,17103.6,17338.6,17092.0,17205.7,74739.0
2025-04-09 16:00:00+00:00,17206.6,17464.2,17166.6,17416.2,63422.0
2025-04-09 17:00:00+00:00,17416.8,18783.0,17308.2,18760.6,95325.0
2025-04-09 18:00:00+00:00,18760.9,18995.8,18629.7,18660.2,109377.0
2025-04-09 19:00:00+00:00,18662.0,19268.2,18604.2,19135.7,106091.0
2025-04-09 20:00:00+00:00,19137.2,19249.8,19113.8,19238.4,30004.0
2025-04-09 22:00:00+00:00,19152.8,19236.5,19127.4,19231.3,9938.0
2025-04-09 23:00:00+00:00,19229.4,19268.0,19173.8,19198.4,8165.0
2025-04-10 00:00:00+00:00,19194.6,19220.0,19028.4,19112.0,24000.0
2025-04-10 01:00:00+00:00,19111.2,19162.7,19000.0,19032.2,22498.0
2025-04-10 02:00:00+00:00,19032.2,19072.2,18988.8,18989.0,14523.0
2025-04-10 03:00:00+00:00,18988.7,18998.8,18854.0,18899.9,16398.0
2025-04-10 04:00:00+00:00,18899.8,18953.0,18863.6,18931.6,12557.0
2025-04-10 05:00:00+00:00,18931.3,19037.0,18903.0,19036.2,13704.0
2025-04-10 06:00:00+00:00,19037.2,19047.2,18949.0,19004.8,19354.0
2025-04-10 07:00:00+00:00,19006.7,19070.5,18750.2,18781.5,37043.0
2025-04-10 08:00:00+00:00,18783.2,18844.6,18591.6,18667.5,32959.0
2025-04-10 09:00:00+00:00,18667.4,18788.6,18636.0,18735.5,25154.0
2025-04-10 10:00:00+00:00,18736.2,18888.7,18732.0,18759.6,24323.0
2025-04-10 11:00:00+00:00,18760.6,18842.0,18752.0,18811.2,20600.0
2025-04-10 12:00:00+00:00,18811.3,18868.4,18618.3,18708.6,43897.0
2025-04-10 13:00:00+00:00,18708.8,18784.9,18543.6,18546.3,89236.0
2025-04-10 14:00:00+00:00,18546.6,18685.6,18452.8,18469.2,100748.0
2025-04-10 15:00:00+00:00,18470.6,18562.0,18141.9,18163.0,85749.0
2025-04-10 16:00:00+00:00,18162.7,18219.6,17804.4,18196.0,114833.0
2025-04-10 17:00:00+00:00,18196.2,18396.8,17919.6,18343.7,99954.0
2025-04-10 18:00:00+00:00,18344.2,18554.2,18186.4,18422.4,97220.0
2025-04-10 19:00:00+00:00,18422.5,18542.2,18126.2,18364.4,110051.0
2025-04-10 20:00:00+00:00,18365.5,18458.7,18322.0,18382.4,25543.0
2025-04-10 22:00:00+00:00,18392.7,18482.7,18360.4,18409.8,9577.0
2025-04-10 23:00:00+00:00,18410.4,18419.6,18200.2,18239.4,11202.0
2025-04-11 00:00:00+00:00,18239.6,18246.8,17956.8,18069.7,20235.0
2025-04-11 01:00:00+00:00,18069.4,18259.4,18044.8,18249.6,15720.0
2025-04-11 02:00:00+00:00,18246.7,18331.0,18145.0,18243.2,16348.0
2025-04-11 03:00:00+00:00,18243.4,18415.0,18241.4,18362.4,13372.0
2025-04-11 04:00:00+00:00,18362.3,18431.4,18334.8,18371.3,11253.0
2025-04-11 05:00:00+00:00,18373.4,18593.4,18320.8,18582.8,12822.0
2025-04-11 06:00:00+00:00,18583.4,18677.0,18553.9,18568.7,19483.0
2025-04-11 07:00:00+00:00,18569.6,18579.4,18437.9,18447.4,28303.0
2025-04-11 08:00:00+00:00,18449.2,18498.2,18199.6,18281.8,34189.0
2025-04-11 09:00:00+00:00,18280.9,18532.0,18242.7,18525.0,28679.0
2025-04-11 10:00:00+00:00,18523.9,18585.2,18461.4,18514.6,26459.0
2025-04-11 11:00:00+00:00,18514.4,18538.4,18347.4,18447.7,26455.0
2025-04-11 12:00:00+00:00,18446.4,18550.0,18362.2,18374.4,28132.0
2025-04-11 13:00:00+00:00,18374.9,18531.8,18238.5,18452.1,84582.0
2025-04-11 14:00:00+00:00,18422.2,18506.6,18155.6,18297.9,109488.0
2025-04-11 15:00:00+00:00,18297.2,18460.0,18203.8,18445.7,82655.0
2025-04-11 16:00:00+00:00,18445.6,18663.0,18409.4,18613.7,68760.0
2025-04-11 17:00:00+00:00,18616.0,18751.0,18472.4,18699.2,77688.0
2025-04-11 18:00:00+00:00,18699.0,18716.4,18591.2,18616.5,66614.0
2025-04-11 19:00:00+00:00,18617.5,18744.6,18612.8,18687.7,68600.0
2025-04-11 20:00:00+00:00,18686.8,18715.5,18661.2,18694.1,14129.0
2025-04-13 22:00:00+00:00,18982.0,19002.2,18809.6,18833.9,20973.0
2025-04-13 23:00:00+00:00,18834.4,18929.5,18810.8,18890.2,13828.0
2025-04-14 00:00:00+00:00,18889.0,18953.7,18868.6,18884.9,17154.0
2025-04-14 01:00:00+00:00,18885.2,18905.0,18834.2,18884.2,14375.0
2025-04-14 02:00:00+00:00,18884.4,18937.6,18882.4,18930.7,10593.0
2025-04-14 03:00:00+00:00,18931.1,18960.6,18883.5,18935.8,10994.0
2025-04-14 04:00:00+00:00,18935.8,19008.6,18928.6,18995.7,7683.0
2025-04-14 05:00:00+00:00,18994.5,19003.4,18953.4,18965.6,8018.0
2025-04-14 06:00:00+00:00,18965.8,19029.8,18943.2,18997.4,10924.0
2025-04-14 07:00:00+00:00,18996.7,19040.6,18951.4,19034.4,15894.0
2025-04-14 08:00:00+00:00,19031.8,19058.4,18993.1,18997.5,13173.0
2025-04-14 09:00:00+00:00,18997.6,19022.2,18902.1,18944.0,13067.0
2025-04-14 10:00:00+00:00,18944.1,18981.6,18921.9,18980.5,10005.0
2025-04-14 11:00:00+00:00,18979.6,19052.2,18944.2,18950.0,16102.0
2025-04-14 12:00:00+00:00,18950.1,19073.2,18941.6,19063.4,19075.0
2025-04-14 13:00:00+00:00,19063.4,19133.5,18866.4,18924.0,74453.0
2025-04-14 14:00:00+00:00,18923.8,19068.2,18908.0,19006.6,83318.0
2025-04-14 15:00:00+00:00,19006.4,19028.6,18681.8,18706.4,73423.0
2025-04-14 16:00:00+00:00,18707.4,18775.2,18616.2,18661.8,74711.0
2025-04-14 17:00:00+00:00,18664.0,18833.6,18650.7,18822.4,64197.0
2025-04-14 18:00:00+00:00,18822.8,18926.0,18817.6,18897.6,47884.0
2025-04-14 19:00:00+00:00,18897.4,18976.8,18803.0,18822.0,60426.0
2025-04-14 20:00:00+00:00,18823.2,18842.9,18674.8,18791.9,21116.0
2025-04-14 22:00:00+00:00,18774.6,18791.2,18692.8,18698.2,5689.0
2025-04-14 23:00:00+00:00,18698.2,18761.2,18696.0,18731.8,9072.0
2025-04-15 00:00:00+00:00,18730.5,18805.2,18730.5,18796.0,11314.0
2025-04-15 01:00:00+00:00,18795.3,18831.0,18776.2,18782.6,9668.0
2025-04-15 02:00:00+00:00,18782.6,18818.6,18751.6,18755.2,9490.0
2025-04-15 03:00:00+00:00,18757.0,18803.2,18743.1,18796.4,6989.0
2025-04-15 04:00:00+00:00,18796.6,18814.6,18774.1,18795.0,6770.0
2025-04-15 05:00:00+00:00,18795.2,18802.1,18751.2,18772.8,7801.0
2025-04-15 06:00:00+00:00,18772.6,18805.6,18758.9,18803.4,8438.0
2025-04-15 07:00:00+00:00,18803.4,18922.3,18799.6,18892.3,16649.0
2025-04-15 08:00:00+00:00,18892.4,18902.6,18846.4,18882.5,18142.0
2025-04-15 09:00:00+00:00,18882.6,18907.8,18843.6,18861.6,13384.0
2025-04-15 10:00:00+00:00,18861.6,18889.8,18831.0,18865.4,12092.0
2025-04-15 11:00:00+00:00,18866.4,18875.9,18752.4,18770.6,18290.0
2025-04-15 12:00:00+00:00,18770.9,18824.2,18717.8,18817.8,22449.0
2025-04-15 13:00:00+00:00,18818.8,18999.5,18818.6,18949.6,59899.0
2025-04-15 14:00:00+00:00,18949.8,19026.4,18808.4,18900.6,87724.0
2025-04-15 15:00:00+00:00,18901.4,18970.6,18865.4,18931.8,60590.0
2025-04-15 16:00:00+00:00,18932.0,18972.3,18826.8,18846.3,44440.0
2025-04-15 17:00:00+00:00,18846.2,18891.3,18790.3,18833.6,51861.0
2025-04-15 18:00:00+00:00,18833.3,18876.4,18766.9,18857.5,47716.0
2025-04-15 19:00:00+00:00,18857.4,18882.3,18805.0,18842.4,48945.0
2025-04-15 20:00:00+00:00,18842.3,18860.8,18812.3,18814.8,9457.0
2025-04-15 22:00:00+00:00,18590.6,18658.6,18585.0,18629.4,12371.0
2025-04-15 23:00:00+00:00,18629.8,18643.6,18576.1,18610.6,10924.0
2025-04-16 00:00:00+00:00,18610.6,18617.6,18518.8,18552.1,13958.0
2025-04-16 01:00:00+00:00,18552.2,18612.2,18552.1,18588.6,9293.0
2025-04-16 02:00:00+00:00,18590.0,18603.8,18559.1,18575.4,8343.0
2025-04-16 03:00:00+00:00,18575.5,18603.0,18554.0,18556.0,6561.0
2025-04-16 04:00:00+00:00,18555.6,18564.8,18539.1,18548.8,5930.0
2025-04-16 05:00:00+00:00,18550.1,18550.8,18386.8,18407.8,17368.0
2025-04-16 06:00:00+00:00,18408.0,18481.4,18395.8,18458.0,12230.0
2025-04-16 07:00:00+00:00,18457.9,18497.1,18394.8,18403.1,15389.0
2025-04-16 08:00:00+00:00,18403.5,18741.6,18396.9,18593.6,29766.0
2025-04-16 09:00:00+00:00,18594.0,18644.6,18558.8,18560.1,17366.0
2025-04-16 10:00:00+00:00,18560.0,18611.2,18553.0,18571.1,13156.0
2025-04-16 11:00:00+00:00,18571.0,18605.6,18534.5,18577.0,14418.0
2025-04-16 12:00:00+00:00,18574.9,18594.9,18512.0,18518.8,19148.0
2025-04-16 13:00:00+00:00,18518.2,18561.2,18405.6,18405.8,66540.0
2025-04-16 14:00:00+00:00,18405.6,18549.9,18391.8,18510.4,66796.0
2025-04-16 15:00:00+00:00,18511.8,18616.8,18458.8,18470.2,53326.0
2025-04-16 16:00:00+00:00,18471.2,18503.8,18433.2,18447.8,45974.0
2025-04-16 17:00:00+00:00,18447.9,18483.0,18176.9,18180.2,65530.0
2025-04-16 18:00:00+00:00,18180.2,18274.8,18097.0,18100.4,70446.0
2025-04-16 19:00:00+00:00,18100.2,18286.9,18003.8,18275.6,71128.0
2025-04-16 20:00:00+00:00,18275.2,18328.2,18225.4,18255.9,19592.0
2025-04-16 22:00:00+00:00,18289.8,18312.6,18258.0,18295.4,8403.0
2025-04-16 23:00:00+00:00,18295.5,18310.8,18233.2,18289.2,9465.0
2025-04-17 00:00:00+00:00,18289.2,18385.4,18263.6,18375.5,12572.0
2025-04-17 01:00:00+00:00,18374.0,18378.0,18340.5,18362.5,9316.0
2025-04-17 02:00:00+00:00,18362.4,18399.8,18344.2,18385.0,7945.0
2025-04-17 03:00:00+00:00,18385.2,18427.2,18383.2,18422.3,6650.0
2025-04-17 04:00:00+00:00,18422.2,18431.4,18413.6,18423.6,5090.0
2025-04-17 05:00:00+00:00,18424.0,18461.3,18405.2,18438.6,9261.0
2025-04-17 06:00:00+00:00,18438.6,18489.0,18418.0,18443.3,12654.0
2025-04-17 07:00:00+00:00,18444.4,18539.0,18443.3,18505.0,16342.0
2025-04-17 08:00:00+00:00,18505.9,18507.6,18421.0,18425.6,13740.0
2025-04-17 09:00:00+00:00,18425.8,18479.0,18412.3,18464.2,13058.0
2025-04-17 10:00:00+00:00,18463.8,18469.8,18384.0,18397.2,18209.0
2025-04-17 11:00:00+00:00,18396.2,18419.2,18344.5,18403.2,17575.0
2025-04-17 12:00:00+00:00,18402.5,18511.7,18401.5,18418.0,25510.0
2025-04-17 13:00:00+00:00,18417.0,18433.6,18264.2,18354.6,72486.0
2025-04-17 14:00:00+00:00,18353.4,18375.5,18149.0,18191.0,85253.0
2025-04-17 15:00:00+00:00,18191.5,18330.3,18179.2,18231.2,65899.0
2025-04-17 16:00:00+00:00,18233.3,18370.6,18209.0,18345.8,73021.0
2025-04-17 17:00:00+00:00,18346.2,18379.7,18259.0,18345.2,52421.0
2025-04-17 18:00:00+00:00,18345.4,18418.0,18310.2,18312.0,51773.0
2025-04-17 19:00:00+00:00,18311.6,18322.6,18222.2,18266.0,60490.0
2025-04-17 20:00:00+00:00,18265.2,18347.6,18256.8,18319.6,14617.0
2025-04-20 22:00:00+00:00,18243.2,18246.3,18144.0,18180.8,8353.0
2025-04-20 23:00:00+00:00,18180.5,18219.2,18171.2,18206.2,4907.0
2025-04-21 00:00:00+00:00,18204.0,18264.2,18190.6,18194.0,10879.0
2025-04-21 01:00:00+00:00,18194.0,18206.4,18149.4,18177.3,10565.0
2025-04-21 02:00:00+00:00,18177.4,18197.2,18082.0,18109.3,9692.0
2025-04-21 03:00:00+00:00,18109.9,18126.5,18101.5,18112.4,6272.0
2025-04-21 04:00:00+00:00,18112.6,18137.5,18105.0,18112.5,4776.0
2025-04-21 05:00:00+00:00,18113.0,18145.4,18108.7,18137.5,5000.0
2025-04-21 06:00:00+00:00,18137.6,18148.3,18089.6,18109.9,6081.0
2025-04-21 07:00:00+00:00,18111.3,18118.4,18042.8,18045.0,7483.0
2025-04-21 08:00:00+00:00,18045.0,18086.0,18037.7,18063.8,8218.0
2025-04-21 09:00:00+00:00,18064.2,18073.3,18027.4,18064.2,7013.0
2025-04-21 10:00:00+00:00,18063.3,18083.6,18037.7,18080.6,6466.0
2025-04-21 11:00:00+00:00,18081.0,18105.3,17972.0,17998.3,15206.0
2025-04-21 12:00:00+00:00,17998.2,18039.6,17983.0,18013.4,11992.0
2025-04-21 13:00:00+00:00,18013.6,18057.0,17886.4,17886.8,52078.0
2025-04-21 14:00:00+00:00,17886.7,17889.6,17791.8,17823.6,62880.0
2025-04-21 15:00:00+00:00,17823.4,17841.7,17679.0,17688.6,45789.0
2025-04-21 16:00:00+00:00,17688.4,17767.0,17681.0,17686.6,34399.0
2025-04-21 17:00:00+00:00,17686.0,17704.9,17595.2,17604.6,35760.0
2025-04-21 18:00:00+00:00,17604.4,17672.2,17592.4,17600.6,36094.0
2025-04-21 19:00:00+00:00,17599.9,17843.8,17597.2,17814.8,52082.0
2025-04-21 20:00:00+00:00,17814.4,17821.2,17782.0,17803.5,12130.0
2025-04-21 22:00:00+00:00,17806.3,17817.2,17756.3,17785.2,4631.0
2025-04-21 23:00:00+00:00,17785.9,17897.9,17784.0,17895.2,8557.0
2025-04-22 00:00:00+00:00,17895.3,17913.8,17867.7,17888.2,11097.0
2025-04-22 01:00:00+00:00,17888.2,17959.8,17880.6,17923.0,11801.0
2025-04-22 02:00:00+00:00,17922.5,17940.4,17904.7,17922.0,8352.0
2025-04-22 03:00:00+00:00,17922.2,17928.9,17840.0,17873.4,9628.0
2025-04-22 04:00:00+00:00,17873.2,17887.2,17864.6,17878.4,5187.0
2025-04-22 05:00:00+00:00,17877.2,17904.2,17863.6,17890.0,6968.0
2025-04-22 06:00:00+00:00,17890.2,18053.4,17876.2,18039.0,11507.0
2025-04-22 07:00:00+00:00,18038.6,18063.0,17969.7,17977.8,16733.0
2025-04-22 08:00:00+00:00,17976.5,18015.0,17948.8,18005.6,13149.0
2025-04-22 09:00:00+00:00,18005.4,18013.0,17969.0,17984.6,9128.0
2025-04-22 10:00:00+00:00,17984.0,17996.4,17965.0,17987.4,10486.0
2025-04-22 11:00:00+00:00,17988.4,17992.4,17936.4,17946.8,12584.0
2025-04-22 12:00:00+00:00,17947.0,18032.0,17938.4,18030.5,14493.0
2025-04-22 13:00:00+00:00,18029.6,18146.6,17992.8,18145.2,51064.0
2025-04-22 14:00:00+00:00,18146.9,18246.6,18133.9,18232.7,55997.0
2025-04-22 15:00:00+00:00,18232.6,18294.8,18179.4,18281.6,49722.0
2025-04-22 16:00:00+00:00,18281.8,18415.9,18281.8,18352.4,56096.0
2025-04-22 17:00:00+00:00,18352.5,18395.2,18113.8,18125.8,74092.0
2025-04-22 18:00:00+00:00,18126.0,18302.3,18120.8,18285.4,45073.0
2025-04-22 19:00:00+00:00,18285.8,18308.5,18143.2,18282.3,53621.0
2025-04-22 20:00:00+00:00,18281.9,18338.6,18248.8,18258.6,11368.0
2025-04-22 22:00:00+00:00,18589.4,18673.8,18546.8,18667.6,18906.0
2025-04-22 23:00:00+00:00,18667.4,18703.5,18629.9,18664.4,13107.0
2025-04-23 00:00:00+00:00,18663.9,18673.0,18576.4,18603.9,13417.0
2025-04-23 01:00:00+00:00,18603.5,18627.3,18527.1,18544.1,12274.0
2025-04-23 02:00:00+00:00,18543.8,18614.6,18529.4,18587.8,8443.0
2025-04-23 03:00:00+00:00,18587.2,18608.8,18564.6,18605.6,6667.0
2025-04-23 04:00:00+00:00,18605.4,18638.8,18602.8,18626.8,6374.0
2025-04-23 05:00:00+00:00,18626.6,18653.4,18584.3,18641.6,8624.0
2025-04-23 06:00:00+00:00,18643.4,18672.8,18633.2,18637.6,9680.0
2025-04-23 07:00:00+00:00,18638.8,18692.9,18616.8,18686.0,14827.0
2025-04-23 08:00:00+00:00,18685.0,18761.3,18677.4,18733.2,12954.0
2025-04-23 09:00:00+00:00,18733.5,18753.2,18717.2,18748.2,9949.0
2025-04-23 10:00:00+00:00,18747.9,18830.2,18741.8,18822.6,11257.0
2025-04-23 11:00:00+00:00,18821.1,18844.8,18762.0,18762.5,15351.0
2025-04-23 12:00:00+00:00,18762.8,18874.2,18760.4,18869.0,15348.0
2025-04-23 13:00:00+00:00,18869.2,19023.8,18791.4,18961.6,71829.0
2025-04-23 14:00:00+00:00,18964.5,19067.8,18876.8,18964.4,83078.0
2025-04-23 15:00:00+00:00,18965.4,19003.2,18700.2,18778.8,83190.0
2025-04-23 16:00:00+00:00,18779.4,18833.8,18647.6,18816.2,68148.0
2025-04-23 17:00:00+00:00,18816.2,18865.8,18735.0,18827.2,53514.0
2025-04-23 18:00:00+00:00,18826.3,18859.0,18747.2,18769.6,57422.0
2025-04-23 19:00:00+00:00,18768.9,18794.0,18630.2,18688.3,73667.0
2025-04-23 20:00:00+00:00,18689.2,18824.8,18676.1,18756.0,22000.0
2025-04-23 22:00:00+00:00,18690.9,18724.4,18640.8,18718.8,9954.0
2025-04-23 23:00:00+00:00,18718.6,18757.3,18706.6,18739.3,8190.0
2025-04-24 00:00:00+00:00,18739.6,18775.6,18726.5,18740.6,10702.0
2025-04-24 01:00:00+00:00,18743.2,18749.6,18670.6,18670.6,9824.0
2025-04-24 02:00:00+00:00,18670.6,18706.9,18646.8,18648.1,7778.0
2025-04-24 03:00:00+00:00,18647.6,18662.2,18635.6,18657.2,5591.0
2025-04-24 04:00:00+00:00,18656.8,18669.2,18610.8,18663.6,7018.0
2025-04-24 05:00:00+00:00,18663.8,18681.4,18579.0,18611.3,8440.0
2025-04-24 06:00:00+00:00,18610.9,18678.2,18606.1,18643.8,10044.0
2025-04-24 07:00:00+00:00,18644.9,18654.6,18551.2,18576.3,18758.0
2025-04-24 08:00:00+00:00,18575.9,18604.3,18495.0,18529.6,16957.0
2025-04-24 09:00:00+00:00,18530.4,18594.4,18530.4,18594.2,9963.0
2025-04-24 10:00:00+00:00,18595.0,18739.2,18593.8,18717.2,15672.0
2025-04-24 11:00:00+00:00,18717.4,18721.1,18630.6,18670.0,17377.0
2025-04-24 12:00:00+00:00,18669.8,18763.2,18669.3,18751.6,19775.0
2025-04-24 13:00:00+00:00,18751.5,18960.3,18724.0,18952.2,52588.0
2025-04-24 14:00:00+00:00,18952.0,19079.6,18945.1,19040.6,62238.0
2025-04-24 15:00:00+00:00,19041.2,19113.8,19020.5,19062.8,48000.0
2025-04-24 16:00:00+00:00,19063.3,19179.8,19040.5,19164.2,42354.0
2025-04-24 17:00:00+00:00,19163.8,19174.4,19105.8,19166.8,35625.0
2025-04-24 18:00:00+00:00,19167.6,19226.8,19161.8,19194.5,34680.0
2025-04-24 19:00:00+00:00,19194.4,19240.2,19123.1,19220.8,47317.0
2025-04-24 20:00:00+00:00,19221.4,19319.9,19215.1,19251.6,16666.0
2025-04-24 22:00:00+00:00,19281.0,19317.0,19254.6,19307.2,8696.0
2025-04-24 23:00:00+00:00,19306.8,19336.8,19298.5,19315.8,7818.0
2025-04-25 00:00:00+00:00,19315.0,19363.9,19292.0,19357.9,9913.0
2025-04-25 01:00:00+00:00,19358.2,19368.4,19303.6,19312.8,9456.0
2025-04-25 02:00:00+00:00,19312.6,19324.1,19265.0,19285.6,8445.0
2025-04-25 03:00:00+00:00,19285.2,19354.8,19269.0,19349.0,7806.0
2025-04-25 04:00:00+00:00,19348.8,19398.4,19299.2,19309.7,10061.0
2025-04-25 05:00:00+00:00,19309.6,19335.2,19295.9,19312.8,7406.0
2025-04-25 06:00:00+00:00,19314.5,19376.2,19303.7,19362.8,9300.0
2025-04-25 07:00:00+00:00,19363.8,19367.2,19275.6,19318.8,17055.0
2025-04-25 08:00:00+00:00,19318.6,19351.2,19284.8,19304.8,13034.0
2025-04-25 09:00:00+00:00,19305.0,19305.8,19247.6,19297.2,11222.0
2025-04-25 10:00:00+00:00,19297.2,19313.2,19120.0,19131.4,22566.0
2025-04-25 11:00:00+00:00,19133.8,19222.8,19130.7,19157.0,17136.0
2025-04-25 12:00:00+00:00,19156.6,19196.6,19134.6,19147.4,18331.0
2025-04-25 13:00:00+00:00,19147.2,19264.4,19118.2,19162.0,58686.0
2025-04-25 14:00:00+00:00,19161.8,19307.2,19136.4,19240.0,79189.0
2025-04-25 15:00:00+00:00,19239.0,19294.3,19211.6,19264.8,50285.0
2025-04-25 16:00:00+00:00,19265.2,19371.0,19251.4,19368.8,41521.0
2025-04-25 17:00:00+00:00,19369.0,19456.5,19276.6,19330.7,57201.0
2025-04-25 18:00:00+00:00,19330.2,19430.4,19316.5,19402.4,42543.0
2025-04-25 19:00:00+00:00,19401.4,19448.6,19349.5,19433.0,46109.0
2025-04-25 20:00:00+00:00,19433.1,19490.8,19428.4,19452.4,10279.0
2025-04-27 22:00:00+00:00,19404.5,19414.3,19354.1,19362.6,6130.0
2025-04-27 23:00:00+00:00,19361.0,19375.8,19337.9,19358.6,3090.0
2025-04-28 00:00:00+00:00,19357.4,19372.6,19305.4,19315.6,5468.0
2025-04-28 01:00:00+00:00,19315.6,19333.6,19294.8,19331.6,5570.0
2025-04-28 02:00:00+00:00,19331.4,19353.3,19308.4,19319.4,6080.0
2025-04-28 03:00:00+00:00,19319.6,19323.8,19297.8,19305.8,4933.0
2025-04-28 04:00:00+00:00,19305.8,19329.2,19305.6,19314.2,3335.0
2025-04-28 05:00:00+00:00,19315.1,19330.6,19306.8,19318.6,4629.0
2025-04-28 06:00:00+00:00,19319.2,19407.6,19319.2,19404.8,7630.0
2025-04-28 07:00:00+00:00,19406.0,19420.2,19369.8,19371.2,10955.0
2025-04-28 08:00:00+00:00,19370.8,19404.2,19342.6,19402.4,9699.0
2025-04-28 09:00:00+00:00,19402.6,19441.8,19385.1,19417.2,8241.0
2025-04-28 10:00:00+00:00,19417.6,19424.4,19368.4,19377.8,8947.0
2025-04-28 11:00:00+00:00,19377.6,19435.4,19368.4,19415.6,9780.0
2025-04-28 12:00:00+00:00,19417.8,19451.5,19372.6,19441.8,12423.0
2025-04-28 13:00:00+00:00,19442.0,19524.6,19356.2,19366.8,53334.0
2025-04-28 14:00:00+00:00,19367.6,19441.0,19335.6,19373.8,68135.0
2025-04-28 15:00:00+00:00,19372.9,19397.3,19214.3,19249.6,57522.0
2025-04-28 16:00:00+00:00,19249.3,19258.0,19169.5,19219.6,46575.0
2025-04-28 17:00:00+00:00,19219.3,19286.0,19159.8,19279.4,43604.0
2025-04-28 18:00:00+00:00,19280.2,19346.3,19264.8,19336.0,39398.0
2025-04-28 19:00:00+00:00,19338.3,19486.2,19331.5,19432.3,47624.0
2025-04-28 20:00:00+00:00,19432.2,19434.4,19383.6,19388.1,8640.0
2025-04-28 22:00:00+00:00,19378.0,19397.8,19363.8,19393.4,6175.0
2025-04-28 23:00:00+00:00,19393.2,19439.2,19387.0,19436.6,6476.0
2025-04-29 00:00:00+00:00,19436.4,19468.2,19404.4,19461.6,6151.0
2025-04-29 01:00:00+00:00,19461.4,19507.4,19452.4,19501.3,6108.0
2025-04-29 02:00:00+00:00,19501.8,19538.6,19466.8,19478.4,7574.0
2025-04-29 03:00:00+00:00,19478.2,19499.0,19469.2,19481.2,5232.0
2025-04-29 04:00:00+00:00,19481.4,19505.4,19449.6,19461.0,5092.0
2025-04-29 05:00:00+00:00,19460.6,19478.4,19438.2,19440.4,6294.0
2025-04-29 06:00:00+00:00,19440.4,19473.3,19433.4,19450.8,6361.0
2025-04-29 07:00:00+00:00,19450.9,19528.4,19440.6,19517.8,11337.0
2025-04-29 08:00:00+00:00,19517.6,19518.2,19449.8,19489.4,10555.0
2025-04-29 09:00:00+00:00,19489.4,19497.0,19455.0,19474.7,8366.0
2025-04-29 10:00:00+00:00,19474.6,19488.4,19356.4,19404.4,12571.0
2025-04-29 11:00:00+00:00,19405.6,19438.6,19396.4,19411.6,12372.0
2025-04-29 12:00:00+00:00,19411.6,19445.6,19353.8,19357.4,20093.0
2025-04-29 13:00:00+00:00,19358.0,19453.4,19287.2,19408.2,57021.0
2025-04-29 14:00:00+00:00,19409.0,19515.5,19377.9,19505.5,66432.0
2025-04-29 15:00:00+00:00,19504.5,19522.8,19409.8,19448.3,53027.0
2025-04-29 16:00:00+00:00,19448.4,19515.2,19380.4,19403.4,48874.0
2025-04-29 17:00:00+00:00,19403.3,19576.8,19392.5,19565.6,46236.0
2025-04-29 18:00:00+00:00,19565.8,19597.0,19548.4,19555.8,43565.0
2025-04-29 19:00:00+00:00,19555.8,19591.5,19524.8,19555.0,49001.0
2025-04-29 20:00:00+00:00,19554.8,19577.8,19477.0,19524.0,13106.0
2025-04-29 22:00:00+00:00,19492.4,19518.9,19471.2,19473.3,5735.0
2025-04-29 23:00:00+00:00,19473.2,19481.8,19452.6,19471.2,5964.0
2025-04-30 00:00:00+00:00,19470.4,19492.0,19427.4,19439.4,10349.0
2025-04-30 01:00:00+00:00,19439.4,19452.1,19414.2,19420.8,9419.0
2025-04-30 02:00:00+00:00,19420.6,19436.0,19408.2,19417.2,6771.0
2025-04-30 03:00:00+00:00,19416.8,19435.0,19393.2,19431.0,6574.0
2025-04-30 04:00:00+00:00,19431.2,19448.0,19418.1,19427.0,4980.0
2025-04-30 05:00:00+00:00,19427.4,19446.0,19412.8,19445.0,6069.0
2025-04-30 06:00:00+00:00,19444.6,19478.8,19441.8,19471.8,7825.0
2025-04-30 07:00:00+00:00,19472.2,19502.3,19471.0,19493.7,10067.0
2025-04-30 08:00:00+00:00,19492.1,19530.6,19466.0,19483.2,11305.0
2025-04-30 09:00:00+00:00,19483.0,19522.3,19482.0,19497.4,6260.0
2025-04-30 10:00:00+00:00,19498.4,19500.8,19450.6,19478.4,7992.0
2025-04-30 11:00:00+00:00,19478.6,19508.3,19419.3,19435.6,10761.0
2025-04-30 12:00:00+00:00,19433.4,19443.0,19165.4,19193.4,32915.0
2025-04-30 13:00:00+00:00,19194.4,19215.0,19014.0,19029.6,71251.0
2025-04-30 14:00:00+00:00,19029.3,19264.3,19013.0,19241.0,78898.0
2025-04-30 15:00:00+00:00,19240.0,19362.5,19235.5,19351.0,59338.0
2025-04-30 16:00:00+00:00,19350.8,19380.2,19265.3,19345.8,51982.0
2025-04-30 17:00:00+00:00,19346.2,19416.6,19244.9,19385.6,47829.0
2025-04-30 18:00:00+00:00,19387.2,19489.9,19355.5,19382.3,59325.0
2025-04-30 19:00:00+00:00,19382.0,19627.2,19380.0,19554.8,59005.0
2025-04-30 20:00:00+00:00,19554.5,19789.4,19504.0,19757.2,26269.0
2025-04-30 22:00:00+00:00,19758.9,19846.6,19758.4,19815.3,12017.0
2025-04-30 23:00:00+00:00,19815.2,19845.3,19780.4,19829.0,8797.0
2025-05-01 00:00:00+00:00,19830.2,19867.3,19824.6,19858.4,9877.0
2025-05-01 01:00:00+00:00,19858.6,19863.2,19822.9,19840.6,6856.0
2025-05-01 02:00:00+00:00,19840.4,19862.0,19820.4,19825.6,4500.0
2025-05-01 03:00:00+00:00,19825.4,19874.6,19819.4,19868.9,5829.0
2025-05-01 04:00:00+00:00,19869.4,19878.9,19846.0,19853.2,4100.0
2025-05-01 05:00:00+00:00,19853.4,19885.4,19830.8,19833.3,6289.0
2025-05-01 06:00:00+00:00,19834.2,19859.8,19827.1,19834.4,6545.0
2025-05-01 07:00:00+00:00,19834.4,19888.0,19813.4,19867.8,8074.0
2025-05-01 08:00:00+00:00,19867.6,19899.0,19843.6,19895.7,8622.0
2025-05-01 09:00:00+00:00,19895.8,19935.6,19885.2,19928.4,7647.0
2025-05-01 10:00:00+00:00,19928.8,19939.1,19895.4,19914.2,8711.0
2025-05-01 11:00:00+00:00,19913.8,19938.6,19892.3,19921.6,11258.0
2025-05-01 12:00:00+00:00,19921.2,19946.8,19861.1,19865.8,18277.0
2025-05-01 13:00:00+00:00,19865.4,19906.2,19779.8,19788.6,62831.0
2025-05-01 14:00:00+00:00,19785.2,19984.5,19778.2,19984.4,68003.0
2025-05-01 15:00:00+00:00,19984.3,20037.0,19842.6,19871.5,57637.0
2025-05-01 16:00:00+00:00,19871.4,19909.1,19819.5,19852.0,51259.0
2025-05-01 17:00:00+00:00,19851.8,19938.0,19848.8,19891.6,44682.0
2025-05-01 18:00:00+00:00,19891.5,19958.4,19886.7,19918.8,39676.0
2025-05-01 19:00:00+00:00,19919.2,19932.2,19767.5,19787.6,51001.0
2025-05-01 20:00:00+00:00,19787.0,19831.3,19667.7,19708.5,22202.0
2025-05-01 22:00:00+00:00,19697.5,19706.0,19658.8,19697.2,6854.0
2025-05-01 23:00:00+00:00,19697.2,19735.2,19686.2,19699.0,7243.0
2025-05-02 00:00:00+00:00,19699.0,19877.3,19664.0,19851.4,19354.0
2025-05-02 01:00:00+00:00,19850.2,19890.4,19824.2,19838.0,15337.0
2025-05-02 02:00:00+00:00,19838.0,19879.7,19816.0,19867.4,10246.0
2025-05-02 03:00:00+00:00,19868.0,19896.0,19861.6,19886.2,6040.0
2025-05-02 04:00:00+00:00,19886.0,19912.4,19870.0,19894.0,7340.0
2025-05-02 05:00:00+00:00,19894.2,19897.4,19849.6,19859.0,7546.0
2025-05-02 06:00:00+00:00,19858.3,19858.8,19792.3,19839.2,10356.0
2025-05-02 07:00:00+00:00,19839.6,19868.0,19810.4,19811.8,15657.0
2025-05-02 08:00:00+00:00,19810.8,19858.4,19776.8,19779.2,13430.0
2025-05-02 09:00:00+00:00,19779.0,19842.4,19773.2,19827.6,11382.0
2025-05-02 10:00:00+00:00,19827.8,19863.8,19818.7,19841.4,10817.0
2025-05-02 11:00:00+00:00,19841.4,19866.6,19810.2,19826.6,12183.0
2025-05-02 12:00:00+00:00,19826.8,20014.2,19820.2,20003.8,24013.0
2025-05-02 13:00:00+00:00,20004.8,20050.2,19929.0,19980.4,65736.0
2025-05-02 14:00:00+00:00,19981.2,20089.0,19971.0,20074.7,65709.0
2025-05-02 15:00:00+00:00,20075.9,20115.2,20036.4,20105.7,44177.0
2025-05-02 16:00:00+00:00,20105.8,20174.4,20101.8,20150.2,43847.0
2025-05-02 17:00:00+00:00,20150.0,20162.0,20106.7,20135.6,35287.0
2025-05-02 18:00:00+00:00,20135.5,20186.7,20109.0,20131.4,33932.0
2025-05-02 19:00:00+00:00,20129.8,20145.5,20062.7,20096.2,48188.0
2025-05-02 20:00:00+00:00,20095.8,20134.6,20088.0,20112.3,9915.0
2025-05-04 22:00:00+00:00,20086.0,20086.0,20018.3,20025.4,8409.0
2025-05-04 23:00:00+00:00,20025.3,20032.2,19963.6,19995.4,8464.0
2025-05-05 00:00:00+00:00,19995.5,20021.4,19979.3,20013.6,8298.0
2025-05-05 01:00:00+00:00,20013.8,20013.8,19901.8,19914.4,12425.0
2025-05-05 02:00:00+00:00,19914.2,19960.8,19905.8,19945.4,8271.0
2025-05-05 03:00:00+00:00,19946.0,19983.8,19932.4,19967.8,6948.0
2025-05-05 04:00:00+00:00,19967.0,19969.8,19928.2,19946.4,6025.0
2025-05-05 05:00:00+00:00,19947.3,19982.4,19947.2,19972.8,6012.0
2025-05-05 06:00:00+00:00,19973.6,20008.6,19970.5,19971.8,7420.0
2025-05-05 07:00:00+00:00,19973.0,19979.6,19947.7,19967.6,9643.0
2025-05-05 08:00:00+00:00,19967.8,19987.8,19887.8,19910.4,10641.0
2025-05-05 09:00:00+00:00,19910.4,19938.4,19893.4,19921.6,8980.0
2025-05-05 10:00:00+00:00,19921.4,19930.6,19893.0,19920.2,7385.0
2025-05-05 11:00:00+00:00,19922.7,19929.0,19878.8,19890.6,7906.0
2025-05-05 12:00:00+00:00,19892.4,19922.0,19880.7,19914.7,9095.0
2025-05-05 13:00:00+00:00,19914.6,19980.6,19896.4,19965.2,44271.0
2025-05-05 14:00:00+00:00,19984.3,20025.2,19919.5,20014.4,62143.0
2025-05-05 15:00:00+00:00,20014.0,20034.0,19975.7,20012.6,43557.0
2025-05-05 16:00:00+00:00,20012.5,20063.4,20004.7,20052.2,33265.0
2025-05-05 17:00:00+00:00,20052.0,20073.6,20024.0,20061.5,30321.0
2025-05-05 18:00:00+00:00,20061.8,20108.8,20056.2,20069.4,23533.0
2025-05-05 19:00:00+00:00,20069.5,20072.3,19963.0,19982.7,40601.0
2025-05-05 20:00:00+00:00,19983.5,19988.1,19920.3,19958.1,10261.0
2025-05-05 22:00:00+00:00,19942.2,19953.8,19930.1,19934.6,2913.0
2025-05-05 23:00:00+00:00,19934.8,19951.8,19923.4,19925.6,3852.0
2025-05-06 00:00:00+00:00,19926.2,19947.2,19893.6,19911.0,7048.0
2025-05-06 01:00:00+00:00,19910.8,19921.2,19870.1,19876.0,10303.0
2025-05-06 02:00:00+00:00,19876.2,19888.8,19854.8,19872.4,6519.0
2025-05-06 03:00:00+00:00,19872.6,19905.8,19849.8,19904.8,5170.0
2025-05-06 04:00:00+00:00,19905.3,19909.6,19871.3,19890.6,3144.0
2025-05-06 05:00:00+00:00,19890.6,19893.5,19830.6,19840.2,5970.0
2025-05-06 06:00:00+00:00,19840.4,19882.6,19836.2,19879.0,6772.0
2025-05-06 07:00:00+00:00,19878.0,19892.3,19811.1,19819.6,12927.0
2025-05-06 08:00:00+00:00,19819.6,19827.0,19749.8,19790.6,14901.0
2025-05-06 09:00:00+00:00,19790.8,19793.6,19741.6,19784.0,12799.0
2025-05-06 10:00:00+00:00,19783.6,19810.6,19770.0,19808.8,9209.0
2025-05-06 11:00:00+00:00,19808.2,19825.0,19724.0,19756.8,14506.0
2025-05-06 12:00:00+00:00,19757.8,19771.6,19720.8,19757.8,13289.0
2025-05-06 13:00:00+00:00,19757.3,19781.3,19664.8,19674.5,47895.0
2025-05-06 14:00:00+00:00,19676.2,19855.0,19656.8,19821.8,59369.0
2025-05-06 15:00:00+00:00,19821.8,19869.8,19805.0,19817.5,46322.0
2025-05-06 16:00:00+00:00,19817.6,19947.0,19781.4,19785.8,53398.0
2025-05-06 17:00:00+00:00,19785.4,19840.6,19759.1,19767.4,40983.0
2025-05-06 18:00:00+00:00,19768.3,19875.8,19766.6,19875.0,38827.0
2025-05-06 19:00:00+00:00,19874.3,19893.4,19792.0,19796.5,42202.0
2025-05-06 20:00:00+00:00,19796.8,19825.2,19729.4,19772.3,16063.0
2025-05-06 22:00:00+00:00,19867.3,20054.6,19861.0,19999.6,23255.0
2025-05-06 23:00:00+00:00,19999.6,20007.2,19951.4,19988.6,10449.0
2025-05-07 00:00:00+00:00,19987.9,20026.6,19926.6,20003.8,13947.0
2025-05-07 01:00:00+00:00,20003.8,20027.0,19955.2,19973.4,13190.0
2025-05-07 02:00:00+00:00,19973.2,19976.8,19897.4,19917.0,10969.0
2025-05-07 03:00:00+00:00,19918.8,19942.3,19913.4,19923.4,7601.0
2025-05-07 04:00:00+00:00,19924.4,19956.3,19922.2,19934.2,5203.0
2025-05-07 05:00:00+00:00,19935.2,19936.6,19892.2,19900.2,7706.0
2025-05-07 06:00:00+00:00,19900.0,19922.6,19873.8,19902.2,9020.0
2025-05-07 07:00:00+00:00,19902.2,19941.8,19894.5,19934.4,11204.0
2025-05-07 08:00:00+00:00,19934.8,19945.8,19891.0,19927.8,10385.0
2025-05-07 09:00:00+00:00,19927.8,19939.2,19892.6,19911.4,7446.0
2025-05-07 10:00:00+00:00,19910.8,19928.4,19887.8,19917.6,7564.0
2025-05-07 11:00:00+00:00,19918.4,19950.6,19901.6,19916.8,7983.0
2025-05-07 12:00:00+00:00,19916.5,19918.6,19829.8,19853.8,15717.0
2025-05-07 13:00:00+00:00,19853.6,19865.5,19779.6,19858.0,51609.0
2025-05-07 14:00:00+00:00,19858.2,19898.0,19750.8,19763.8,55135.0
2025-05-07 15:00:00+00:00,19764.6,19777.8,19709.2,19770.8,58605.0
2025-05-07 16:00:00+00:00,19770.8,19828.3,19730.3,19822.8,43996.0
2025-05-07 17:00:00+00:00,19822.8,19849.5,19728.0,19748.1,38147.0
2025-05-07 18:00:00+00:00,19747.1,19827.6,19602.8,19810.0,79958.0
2025-05-07 19:00:00+00:00,19810.4,19978.3,19688.2,19874.4,88977.0
2025-05-07 20:00:00+00:00,19874.0,19922.0,19839.6,19883.0,14703.0
2025-05-07 22:00:00+00:00,19856.8,19881.0,19835.6,19867.2,4942.0
2025-05-07 23:00:00+00:00,19867.6,19898.8,19865.0,19876.2,4626.0
2025-05-08 00:00:00+00:00,19877.2,19962.0,19849.6,19951.0,11426.0
2025-05-08 01:00:00+00:00,19950.4,20047.2,19937.6,19990.2,17570.0
2025-05-08 02:00:00+00:00,19990.1,20039.4,19990.1,20022.6,8417.0
2025-05-08 03:00:00+00:00,20021.8,20093.8,20021.6,20088.2,8537.0
2025-05-08 04:00:00+00:00,20088.0,20121.6,20081.2,20107.8,6000.0
2025-05-08 05:00:00+00:00,20107.8,20119.1,20072.0,20080.8,7314.0
2025-05-08 06:00:00+00:00,20079.9,20084.0,20048.0,20069.6,7938.0
2025-05-08 07:00:00+00:00,20069.5,20115.8,20060.6,20101.8,11462.0
2025-05-08 08:00:00+00:00,20100.2,20154.8,20077.9,20150.6,9631.0
2025-05-08 09:00:00+00:00,20149.6,20185.8,20138.0,20169.6,7056.0
2025-05-08 10:00:00+00:00,20170.5,20181.2,20151.0,20177.8,8004.0
2025-05-08 11:00:00+00:00,20178.0,20180.6,20108.8,20122.0,10763.0
2025-05-08 12:00:00+00:00,20122.2,20150.4,20059.8,20098.4,19218.0
2025-05-08 13:00:00+00:00,20099.6,20107.0,19985.1,20013.8,47689.0
2025-05-08 14:00:00+00:00,20013.8,20048.3,19904.0,19941.8,70830.0
2025-05-08 15:00:00+00:00,19940.8,20240.9,19918.2,20197.2,67866.0
2025-05-08 16:00:00+00:00,20197.9,20261.3,20193.3,20255.9,44251.0
2025-05-08 17:00:00+00:00,20255.8,20260.0,20171.3,20174.8,41158.0
2025-05-08 18:00:00+00:00,20174.7,20241.7,20159.2,20208.6,40200.0
2025-05-08 19:00:00+00:00,20208.9,20255.2,20066.2,20077.2,54039.0
2025-05-08 20:00:00+00:00,20077.2,20103.6,20068.0,20079.6,11489.0
2025-05-08 22:00:00+00:00,20099.8,20099.8,20061.4,20085.2,4793.0
2025-05-08 23:00:00+00:00,20084.8,20095.0,20049.4,20062.8,6301.0
2025-05-09 00:00:00+00:00,20061.8,20063.8,20005.3,20045.4,10044.0
2025-05-09 01:00:00+00:00,20045.4,20084.1,20036.4,20083.0,7514.0
2025-05-09 02:00:00+00:00,20083.2,20124.5,20072.4,20076.8,7022.0
2025-05-09 03:00:00+00:00,20075.8,20113.0,20048.8,20108.6,7739.0
2025-05-09 04:00:00+00:00,20108.8,20117.8,20094.0,20107.0,4676.0
2025-05-09 05:00:00+00:00,20107.0,20126.4,20080.4,20116.4,6615.0
2025-05-09 06:00:00+00:00,20116.2,20127.6,20096.4,20114.2,6682.0
2025-05-09 07:00:00+00:00,20114.3,20155.8,20091.8,20116.4,11638.0
2025-05-09 08:00:00+00:00,20116.2,20125.2,20089.4,20098.2,9830.0
2025-05-09 09:00:00+00:00,20097.6,20123.0,20095.4,20121.4,6070.0
2025-05-09 10:00:00+00:00,20122.0,20161.2,20120.0,20154.0,6497.0
2025-05-09 11:00:00+00:00,20154.8,20212.0,20066.8,20130.0,18290.0
2025-05-09 12:00:00+00:00,20128.4,20178.3,20118.8,20156.2,12323.0
2025-05-09 13:00:00+00:00,20156.4,20203.2,20128.5,20178.0,42827.0
2025-05-09 14:00:00+00:00,20177.0,20198.6,19981.8,20066.2,64696.0
2025-05-09 15:00:00+00:00,20065.7,20099.8,20027.6,20096.6,47783.0
2025-05-09 16:00:00+00:00,20096.2,20100.5,19999.0,20014.4,43134.0
2025-05-09 17:00:00+00:00,20014.3,20087.2,19987.6,20081.8,39584.0
2025-05-09 18:00:00+00:00,20081.5,20085.8,20036.6,20067.8,34338.0
2025-05-09 19:00:00+00:00,20067.7,20111.4,20054.0,20063.0,42464.0
2025-05-09 20:00:00+00:00,20063.3,20075.4,20046.9,20066.1,8768.0
2025-05-11 22:00:00+00:00,20362.6,20387.5,20301.1,20331.6,9488.0
2025-05-11 23:00:00+00:00,20331.8,20425.7,20327.4,20375.8,9568.0
2025-05-12 00:00:00+00:00,20375.8,20430.8,20365.2,20416.8,11058.0
2025-05-12 01:00:00+00:00,20416.2,20469.6,20411.6,20439.8,9905.0
2025-05-12 02:00:00+00:00,20439.2,20456.0,20426.6,20451.8,5246.0
2025-05-12 03:00:00+00:00,20451.6,20461.0,20435.1,20449.8,4284.0
2025-05-12 04:00:00+00:00,20449.1,20458.2,20443.9,20453.8,2729.0
2025-05-12 05:00:00+00:00,20454.1,20485.8,20446.8,20475.8,4073.0
2025-05-12 06:00:00+00:00,20476.1,20516.0,20464.6,20486.2,6720.0
2025-05-12 07:00:00+00:00,20487.8,20853.6,20487.2,20734.5,29817.0
2025-05-12 08:00:00+00:00,20735.5,20821.2,20702.2,20799.4,19258.0
2025-05-12 09:00:00+00:00,20799.4,20836.4,20797.4,20830.0,10540.0
2025-05-12 10:00:00+00:00,20830.2,20905.9,20805.7,20894.8,14790.0
2025-05-12 11:00:00+00:00,20895.8,20914.8,20805.8,20837.2,18823.0
2025-05-12 12:00:00+00:00,20836.4,20887.9,20829.8,20839.6,14963.0
2025-05-12 13:00:00+00:00,20840.4,20862.9,20669.8,20710.0,62243.0
2025-05-12 14:00:00+00:00,20711.4,20772.2,20613.3,20694.0,67191.0
2025-05-12 15:00:00+00:00,20694.4,20733.8,20681.7,20692.2,44789.0
2025-05-12 16:00:00+00:00,20692.9,20810.7,20684.4,20805.2,36721.0
2025-05-12 17:00:00+00:00,20805.7,20862.2,20799.8,20836.2,33552.0
2025-05-12 18:00:00+00:00,20836.7,20870.4,20821.8,20823.2,31967.0
2025-05-12 19:00:00+00:00,20823.6,20881.5,20786.8,20877.0,45943.0
2025-05-12 20:00:00+00:00,20877.2,20923.2,20865.2,20884.6,10501.0
2025-05-12 22:00:00+00:00,20869.3,20889.3,20841.2,20846.7,4931.0
2025-05-12 23:00:00+00:00,20847.2,20892.2,20835.7,20835.7,5026.0
2025-05-13 00:00:00+00:00,20836.6,20837.0,20794.0,20803.0,9490.0
2025-05-13 01:00:00+00:00,20803.8,20822.2,20791.5,20802.2,6663.0
2025-05-13 02:00:00+00:00,20802.2,20821.4,20777.5,20799.6,5611.0
2025-05-13 03:00:00+00:00,20799.6,20802.8,20770.4,20771.4,4066.0
2025-05-13 04:00:00+00:00,20770.6,20781.2,20746.0,20767.6,4603.0
2025-05-13 05:00:00+00:00,20768.2,20794.7,20764.4,20788.2,4337.0
2025-05-13 06:00:00+00:00,20788.4,20809.6,20774.0,20776.0,5690.0
2025-05-13 07:00:00+00:00,20776.0,20796.4,20758.4,20774.9,10045.0
2025-05-13 08:00:00+00:00,20775.5,20804.4,20753.2,20762.0,7611.0
2025-05-13 09:00:00+00:00,20762.2,20808.9,20755.4,20808.9,5189.0
2025-05-13 10:00:00+00:00,20809.6,20838.0,20787.9,20818.0,7044.0
2025-05-13 11:00:00+00:00,20819.2,20871.8,20814.2,20868.8,7563.0
2025-05-13 12:00:00+00:00,20869.0,20987.9,20858.6,20936.4,18830.0
2025-05-13 13:00:00+00:00,20935.6,21058.7,20901.2,21052.3,45608.0
2025-05-13 14:00:00+00:00,21052.2,21185.2,21043.4,21177.7,62384.0
2025-05-13 15:00:00+00:00,21178.2,21230.6,21158.4,21211.4,46160.0
2025-05-13 16:00:00+00:00,21211.6,21266.0,21180.3,21248.9,37044.0
2025-05-13 17:00:00+00:00,21249.2,21273.9,21222.1,21223.6,34766.0
2025-05-13 18:00:00+00:00,21224.0,21259.0,21202.5,21254.7,37167.0
2025-05-13 19:00:00+00:00,21255.2,21269.0,21185.4,21198.0,39721.0
2025-05-13 20:00:00+00:00,21198.5,21202.0,21175.4,21181.5,9466.0
2025-05-13 22:00:00+00:00,21191.8,21199.3,21180.0,21188.6,3084.0
2025-05-13 23:00:00+00:00,21188.5,21228.3,21180.2,21219.8,4946.0
2025-05-14 00:00:00+00:00,21220.0,21224.6,21188.4,21195.4,6063.0
2025-05-14 01:00:00+00:00,21194.8,21211.3,21174.6,21210.8,6078.0
2025-05-14 02:00:00+00:00,21210.8,21218.4,21189.6,21202.4,4369.0
2025-05-14 03:00:00+00:00,21202.5,21226.3,21199.2,21216.2,3674.0
2025-05-14 04:00:00+00:00,21216.0,21243.6,21209.2,21234.4,3301.0
2025-05-14 05:00:00+00:00,21234.5,21250.8,21230.2,21244.4,4370.0
2025-05-14 06:00:00+00:00,21244.8,21281.4,21233.0,21275.6,4965.0
2025-05-14 07:00:00+00:00,21277.2,21279.6,21209.2,21233.2,9101.0
2025-05-14 08:00:00+00:00,21233.4,21241.8,21184.6,21201.6,10716.0
2025-05-14 09:00:00+00:00,21201.8,21217.2,21166.0,21187.8,8964.0
2025-05-14 10:00:00+00:00,21187.8,21231.0,21182.0,21221.0,5856.0
2025-05-14 11:00:00+00:00,21221.8,21310.3,21220.2,21271.8,10350.0
2025-05-14 12:00:00+00:00,21272.0,21294.6,21245.0,21251.8,10548.0
2025-05-14 13:00:00+00:00,21252.3,21332.0,21202.9,21258.2,48754.0
2025-05-14 14:00:00+00:00,21258.8,21297.2,21226.1,21284.8,57133.0
2025-05-14 15:00:00+00:00,21285.4,21318.8,21216.0,21305.3,49796.0
2025-05-14 16:00:00+00:00,21304.8,21348.5,21285.6,21296.3,39796.0
2025-05-14 17:00:00+00:00,21296.6,21298.9,21211.4,21294.5,43432.0
2025-05-14 18:00:00+00:00,21294.6,21329.5,21265.8,21298.8,38395.0
2025-05-14 19:00:00+00:00,21299.4,21335.8,21260.8,21326.3,43543.0
2025-05-14 20:00:00+00:00,21326.0,21342.3,21309.0,21327.8,9006.0
2025-05-14 22:00:00+00:00,21293.6,21311.4,21288.0,21305.1,3364.0
2025-05-14 23:00:00+00:00,21305.2,21307.8,21283.0,21301.1,4475.0
2025-05-15 00:00:00+00:00,21301.0,21315.6,21292.9,21307.0,4770.0
2025-05-15 01:00:00+00:00,21306.9,21322.8,21291.4,21298.8,5125.0
2025-05-15 02:00:00+00:00,21299.4,21337.7,21290.9,21332.0,4469.0
2025-05-15 03:00:00+00:00,21332.1,21335.0,21302.4,21305.0,3376.0
2025-05-15 04:00:00+00:00,21305.1,21314.0,21298.5,21310.0,2429.0
2025-05-15 05:00:00+00:00,21310.4,21312.6,21242.9,21256.4,4949.0
2025-05-15 06:00:00+00:00,21256.2,21292.6,21250.2,21270.2,5350.0
2025-05-15 07:00:00+00:00,21270.5,21283.1,21190.9,21197.6,11538.0
2025-05-15 08:00:00+00:00,21197.8,21215.8,21124.6,21141.0,12063.0
2025-05-15 09:00:00+00:00,21141.4,21189.4,21118.0,21184.8,9384.0
2025-05-15 10:00:00+00:00,21184.6,21184.6,21150.8,21176.2,6968.0
2025-05-15 11:00:00+00:00,21173.8,21226.9,21173.2,21200.4,8281.0
2025-05-15 12:00:00+00:00,21199.4,21255.4,21167.8,21213.6,15951.0
2025-05-15 13:00:00+00:00,21214.0,21264.8,21174.1,21224.4,43142.0
2025-05-15 14:00:00+00:00,21224.8,21271.8,21183.1,21260.8,58888.0
2025-05-15 15:00:00+00:00,21261.1,21371.8,21253.3,21354.6,47103.0
2025-05-15 16:00:00+00:00,21355.6,21418.2,21344.8,21417.3,34751.0
2025-05-15 17:00:00+00:00,21417.4,21455.1,21393.8,21400.6,31300.0
2025-05-15 18:00:00+00:00,21400.8,21400.8,21303.8,21320.0,44210.0
2025-05-15 19:00:00+00:00,21320.1,21350.8,21231.3,21346.4,53975.0
2025-05-15 20:00:00+00:00,21347.0,21372.2,21325.1,21325.2,9256.0
2025-05-15 22:00:00+00:00,21306.6,21326.2,21305.0,21306.4,3289.0
2025-05-15 23:00:00+00:00,21306.6,21339.0,21305.2,21338.1,3085.0
2025-05-16 00:00:00+00:00,21339.1,21359.0,21281.6,21284.1,6606.0
2025-05-16 01:00:00+00:00,21283.4,21300.8,21272.8,21294.0,6320.0
2025-05-16 02:00:00+00:00,21292.6,21332.3,21284.0,21325.4,4230.0
2025-05-16 03:00:00+00:00,21325.3,21339.2,21319.6,21329.1,3101.0
2025-05-16 04:00:00+00:00,21328.4,21342.1,21321.4,21326.0,2611.0
2025-05-16 05:00:00+00:00,21325.1,21329.4,21307.4,21309.6,3103.0
2025-05-16 06:00:00+00:00,21309.6,21332.6,21286.6,21292.4,4522.0
2025-05-16 07:00:00+00:00,21292.8,21379.1,21285.2,21366.0,7122.0
2025-05-16 08:00:00+00:00,21366.0,21401.2,21361.6,21384.4,7670.0
2025-05-16 09:00:00+00:00,21384.6,21391.4,21361.3,21363.0,5339.0
2025-05-16 10:00:00+00:00,21363.3,21393.9,21353.9,21381.6,5148.0
2025-05-16 11:00:00+00:00,21381.1,21409.3,21371.2,21403.8,6378.0
2025-05-16 12:00:00+00:00,21404.6,21424.1,21358.0,21362.3,9802.0
2025-05-16 13:00:00+00:00,21362.0,21427.8,21312.6,21361.3,46126.0
2025-05-16 14:00:00+00:00,21361.0,21379.8,21243.8,21314.4,55299.0
2025-05-16 15:00:00+00:00,21315.3,21365.8,21298.0,21335.5,39663.0
2025-05-16 16:00:00+00:00,21335.4,21374.4,21329.2,21353.7,30848.0
2025-05-16 17:00:00+00:00,21353.2,21404.0,21345.7,21371.0,27350.0
2025-05-16 18:00:00+00:00,21371.0,21419.0,21361.8,21403.0,24940.0
2025-05-16 19:00:00+00:00,21402.7,21437.7,21388.4,21431.0,32607.0
2025-05-16 20:00:00+00:00,21431.7,21435.6,21310.1,21333.0,9679.0
2025-05-18 22:00:00+00:00,21253.4,21299.4,21223.8,21295.6,10786.0
2025-05-18 23:00:00+00:00,21295.4,21342.6,21281.8,21307.2,6871.0
2025-05-19 00:00:00+00:00,21308.4,21308.4,21190.5,21228.0,11970.0
2025-05-19 01:00:00+00:00,21228.2,21234.2,21199.4,21200.8,8312.0
2025-05-19 02:00:00+00:00,21200.8,21225.5,21186.6,21190.2,6312.0
2025-05-19 03:00:00+00:00,21190.0,21190.7,21122.0,21138.2,6795.0
2025-05-19 04:00:00+00:00,21138.4,21164.6,21131.4,21146.8,5494.0
2025-05-19 05:00:00+00:00,21146.0,21179.0,21139.4,21172.8,5470.0
2025-05-19 06:00:00+00:00,21173.0,21214.5,21112.8,21113.0,8409.0
2025-05-19 07:00:00+00:00,21114.3,21151.7,21088.5,21120.0,12377.0
2025-05-19 08:00:00+00:00,21118.4,21119.7,21038.8,21060.8,13133.0
2025-05-19 09:00:00+00:00,21060.0,21105.4,21044.0,21090.4,7701.0
2025-05-19 10:00:00+00:00,21090.2,21130.0,21057.3,21111.8,7791.0
2025-05-19 11:00:00+00:00,21112.5,21138.4,21088.0,21129.8,8557.0
2025-05-19 12:00:00+00:00,21130.2,21145.5,21090.0,21138.0,10450.0
2025-05-19 13:00:00+00:00,21138.4,21300.5,21080.0,21282.0,45705.0
2025-05-19 14:00:00+00:00,21281.1,21388.0,21273.2,21319.2,52000.0
2025-05-19 15:00:00+00:00,21319.5,21406.0,21305.6,21363.8,40862.0
2025-05-19 16:00:00+00:00,21364.3,21433.0,21358.3,21428.8,29133.0
2025-05-19 17:00:00+00:00,21428.6,21476.5,21423.3,21432.0,31932.0
2025-05-19 18:00:00+00:00,21432.3,21438.5,21383.1,21429.3,29176.0
2025-05-19 19:00:00+00:00,21429.2,21466.4,21377.1,21456.0,34128.0
2025-05-19 20:00:00+00:00,21456.3,21460.3,21411.8,21448.5,8107.0
2025-05-19 22:00:00+00:00,21435.0,21446.8,21426.2,21432.9,2747.0
2025-05-19 23:00:00+00:00,21432.2,21493.4,21431.0,21472.0,4984.0
2025-05-20 00:00:00+00:00,21471.0,21495.0,21446.6,21446.6,6293.0
2025-05-20 01:00:00+00:00,21446.9,21446.9,21371.0,21391.2,9220.0
2025-05-20 02:00:00+00:00,21391.2,21399.6,21367.5,21387.8,5346.0
2025-05-20 03:00:00+00:00,21386.8,21387.7,21360.8,21367.6,4187.0
2025-05-20 04:00:00+00:00,21367.0,21384.8,21354.5,21380.2,3811.0
2025-05-20 05:00:00+00:00,21380.0,21419.8,21348.8,21351.2,5762.0
2025-05-20 06:00:00+00:00,21351.3,21364.4,21326.9,21355.3,7573.0
2025-05-20 07:00:00+00:00,21355.2,21412.0,21341.4,21377.8,9279.0
2025-05-20 08:00:00+00:00,21377.4,21393.8,21345.2,21366.8,7828.0
2025-05-20 09:00:00+00:00,21366.9,21385.2,21348.2,21359.0,5396.0
2025-05-20 10:00:00+00:00,21359.0,21396.6,21352.2,21395.0,5538.0
2025-05-20 11:00:00+00:00,21395.2,21416.6,21389.8,21396.2,6341.0
2025-05-20 12:00:00+00:00,21395.9,21406.7,21351.7,21368.6,8978.0
2025-05-20 13:00:00+00:00,21368.4,21390.8,21287.7,21327.6,41487.0
2025-05-20 14:00:00+00:00,21328.0,21383.6,21295.9,21340.6,48926.0
2025-05-20 15:00:00+00:00,21339.8,21378.2,21320.2,21368.6,36516.0
2025-05-20 16:00:00+00:00,21368.7,21404.7,21336.4,21391.8,29719.0
2025-05-20 17:00:00+00:00,21392.4,21406.4,21343.9,21366.8,32028.0
2025-05-20 18:00:00+00:00,21366.5,21377.0,21276.5,21285.0,41369.0
2025-05-20 19:00:00+00:00,21284.8,21387.8,21234.4,21383.0,46696.0
2025-05-20 20:00:00+00:00,21383.6,21387.3,21334.2,21358.8,8875.0
2025-05-20 22:00:00+00:00,21340.6,21352.4,21279.4,21336.7,8575.0
2025-05-20 23:00:00+00:00,21336.4,21367.2,21333.0,21367.2,4083.0
2025-05-21 00:00:00+00:00,21368.4,21379.2,21340.2,21359.4,7140.0
2025-05-21 01:00:00+00:00,21359.1,21370.6,21324.4,21337.4,6671.0
2025-05-21 02:00:00+00:00,21338.4,21341.1,21310.1,21314.2,5405.0
2025-05-21 03:00:00+00:00,21314.0,21333.4,21305.4,21313.3,3925.0
2025-05-21 04:00:00+00:00,21313.4,21313.6,21285.7,21294.0,3615.0
2025-05-21 05:00:00+00:00,21294.4,21320.2,21263.2,21267.0,4746.0
2025-05-21 06:00:00+00:00,21266.9,21275.6,21222.4,21230.0,9333.0
2025-05-21 07:00:00+00:00,21230.2,21284.6,21229.0,21279.6,8221.0
2025-05-21 08:00:00+00:00,21279.0,21284.2,21225.6,21258.6,7481.0
2025-05-21 09:00:00+00:00,21259.2,21271.4,21199.4,21205.6,7525.0
2025-05-21 10:00:00+00:00,21205.2,21238.4,21165.8,21236.4,9693.0
2025-05-21 11:00:00+00:00,21235.9,21291.0,21232.1,21275.4,8618.0
2025-05-21 12:00:00+00:00,21275.6,21278.0,21220.0,21248.6,11269.0
2025-05-21 13:00:00+00:00,21248.8,21340.5,21198.4,21310.0,38790.0
2025-05-21 14:00:00+00:00,21310.0,21394.3,21298.5,21392.6,53915.0
2025-05-21 15:00:00+00:00,21392.2,21470.5,21383.0,21451.2,50255.0
2025-05-21 16:00:00+00:00,21450.4,21496.5,21445.0,21453.2,35107.0
2025-05-21 17:00:00+00:00,21454.0,21461.4,21098.4,21209.0,87180.0
2025-05-21 18:00:00+00:00,21209.7,21221.0,21105.5,21115.8,55776.0
2025-05-21 19:00:00+00:00,21116.0,21158.8,21011.0,21087.4,61164.0
2025-05-21 20:00:00+00:00,21087.0,21093.7,21049.7,21082.4,12439.0
2025-05-21 22:00:00+00:00,21098.6,21114.2,21051.2,21082.0,7485.0
2025-05-21 23:00:00+00:00,21082.2,21112.9,21071.0,21084.2,6169.0
2025-05-22 00:00:00+00:00,21085.5,21137.8,21074.6,21135.0,8617.0
2025-05-22 01:00:00+00:00,21134.8,21145.6,21089.2,21092.8,6954.0
2025-05-22 02:00:00+00:00,21092.6,21119.9,21083.6,21094.2,5303.0
2025-05-22 03:00:00+00:00,21094.4,21117.2,21094.4,21103.8,3641.0
2025-05-22 04:00:00+00:00,21103.4,21110.0,21098.4,21102.6,2175.0
2025-05-22 05:00:00+00:00,21101.9,21140.0,21093.2,21135.0,4276.0
2025-05-22 06:00:00+00:00,21134.6,21142.2,21102.2,21130.2,6171.0
2025-05-22 07:00:00+00:00,21128.2,21164.6,21109.0,21134.6,11099.0
2025-05-22 08:00:00+00:00,21134.8,21158.4,21123.6,21135.6,9915.0
2025-05-22 09:00:00+00:00,21135.2,21152.8,21117.0,21142.2,6665.0
2025-05-22 10:00:00+00:00,21142.0,21147.8,21107.8,21127.2,7563.0
2025-05-22 11:00:00+00:00,21126.4,21180.7,21016.4,21016.8,16687.0
2025-05-22 12:00:00+00:00,21017.0,21133.7,20978.0,21129.0,23569.0
2025-05-22 13:00:00+00:00,21128.9,21229.4,21051.2,21224.2,56746.0
2025-05-22 14:00:00+00:00,21224.3,21267.5,21103.8,21168.8,65415.0
2025-05-22 15:00:00+00:00,21168.6,21218.2,21136.7,21209.4,48917.0
2025-05-22 16:00:00+00:00,21209.6,21261.7,21147.0,21155.4,43948.0
2025-05-22 17:00:00+00:00,21155.6,21251.0,21137.2,21233.4,40763.0
2025-05-22 18:00:00+00:00,21232.8,21258.0,21209.7,21245.6,35579.0
2025-05-22 19:00:00+00:00,21246.0,21277.7,21107.0,21125.2,44260.0
2025-05-22 20:00:00+00:00,21124.6,21155.0,21115.5,21153.0,10329.0
2025-05-22 22:00:00+00:00,21167.4,21169.2,21079.6,21087.0,5066.0
2025-05-22 23:00:00+00:00,21087.0,21121.6,21074.6,21119.2,5231.0
2025-05-23 00:00:00+00:00,21119.3,21142.6,21117.6,21141.4,6926.0
2025-05-23 01:00:00+00:00,21141.3,21141.4,21093.2,21103.0,6753.0
2025-05-23 02:00:00+00:00,21103.0,21140.4,21099.0,21124.4,4311.0
2025-05-23 03:00:00+00:00,21125.6,21149.1,21115.6,21131.2,4312.0
2025-05-23 04:00:00+00:00,21131.0,21131.4,21083.4,21093.6,3324.0
2025-05-23 05:00:00+00:00,21093.8,21121.4,21077.6,21093.0,4326.0
2025-05-23 06:00:00+00:00,21092.8,21094.4,21034.3,21073.8,7829.0
2025-05-23 07:00:00+00:00,21074.1,21159.4,21071.2,21148.0,8990.0
2025-05-23 08:00:00+00:00,21147.8,21171.8,21120.8,21128.2,8442.0
2025-05-23 09:00:00+00:00,21127.6,21132.4,21059.9,21122.0,9998.0
2025-05-23 10:00:00+00:00,21122.6,21130.3,21084.6,21117.4,7743.0
2025-05-23 11:00:00+00:00,21117.8,21123.3,20745.4,20774.3,35607.0
2025-05-23 12:00:00+00:00,20774.2,20780.0,20667.9,20741.6,40198.0
2025-05-23 13:00:00+00:00,20741.6,20893.6,20697.8,20827.0,67024.0
2025-05-23 14:00:00+00:00,20830.8,20934.0,20822.0,20851.3,65611.0
2025-05-23 15:00:00+00:00,20851.4,20948.5,20826.2,20875.6,43980.0
2025-05-23 16:00:00+00:00,20876.2,20946.0,20859.2,20923.5,35705.0
2025-05-23 17:00:00+00:00,20923.4,21016.8,20914.6,20995.4,35646.0
2025-05-23 18:00:00+00:00,20996.0,21026.7,20950.0,20983.0,37036.0
2025-05-23 19:00:00+00:00,20982.4,21013.2,20902.6,20922.5,43667.0
2025-05-23 20:00:00+00:00,20922.8,20923.6,20874.6,20897.4,10412.0
2025-05-25 22:00:00+00:00,20908.0,21170.6,20902.6,21108.1,15294.0
2025-05-25 23:00:00+00:00,21108.6,21156.2,21106.0,21132.8,7292.0
2025-05-26 00:00:00+00:00,21132.8,21156.0,21112.0,21130.0,9796.0
2025-05-26 01:00:00+00:00,21129.4,21153.0,21112.1,21149.8,7833.0
2025-05-26 02:00:00+00:00,21149.6,21176.9,21133.4,21137.4,6665.0
2025-05-26 03:00:00+00:00,21137.6,21166.6,21137.4,21156.4,4459.0
2025-05-26 04:00:00+00:00,21156.4,21171.0,21146.8,21164.0,3348.0
2025-05-26 05:00:00+00:00,21163.8,21165.4,21138.3,21145.6,4297.0
2025-05-26 06:00:00+00:00,21145.6,21206.2,21133.3,21194.7,7740.0
2025-05-26 07:00:00+00:00,21195.6,21221.8,21175.2,21216.6,6964.0
2025-05-26 08:00:00+00:00,21216.6,21229.8,21182.4,21189.9,5193.0
2025-05-26 09:00:00+00:00,21189.8,21206.7,21187.1,21194.2,3247.0
2025-05-26 10:00:00+00:00,21194.4,21221.2,21190.0,21206.7,2925.0
2025-05-26 11:00:00+00:00,21206.6,21224.2,21199.8,21218.8,3370.0
2025-05-26 12:00:00+00:00,21218.7,21232.4,21203.8,21205.6,4183.0
2025-05-26 13:00:00+00:00,21205.8,21251.2,21194.0,21223.2,9833.0
2025-05-26 14:00:00+00:00,21223.8,21226.2,21169.0,21174.6,10821.0
2025-05-26 15:00:00+00:00,21174.8,21220.2,21159.6,21217.2,9618.0
2025-05-26 16:00:00+00:00,21218.0,21238.0,21212.2,21222.9,7334.0
2025-05-26 22:00:00+00:00,21216.9,21226.2,21168.1,21172.2,5699.0
2025-05-26 23:00:00+00:00,21172.6,21190.4,21163.0,21179.6,4317.0
2025-05-27 00:00:00+00:00,21179.6,21186.2,21146.6,21184.6,6792.0
2025-05-27 01:00:00+00:00,21183.8,21184.0,21117.8,21119.4,7087.0
2025-05-27 02:00:00+00:00,21119.6,21127.1,21106.1,21124.6,4564.0
2025-05-27 03:00:00+00:00,21124.1,21132.1,21085.6,21095.8,3942.0
2025-05-27 04:00:00+00:00,21096.2,21120.4,21089.1,21119.8,2921.0
2025-05-27 05:00:00+00:00,21120.0,21161.4,21103.4,21151.8,4792.0
2025-05-27 06:00:00+00:00,21152.2,21198.6,21148.8,21186.6,4558.0
2025-05-27 07:00:00+00:00,21186.8,21303.4,21179.4,21276.7,11730.0
2025-05-27 08:00:00+00:00,21275.4,21290.4,21242.4,21257.6,10225.0
2025-05-27 09:00:00+00:00,21257.6,21296.4,21254.0,21276.6,7789.0
2025-05-27 10:00:00+00:00,21276.8,21295.3,21244.8,21246.6,6973.0
2025-05-27 11:00:00+00:00,21245.2,21254.0,21216.4,21240.6,9065.0
2025-05-27 12:00:00+00:00,21240.8,21248.6,21198.4,21220.4,11394.0
2025-05-27 13:00:00+00:00,21220.4,21258.8,21137.0,21237.0,43752.0
2025-05-27 14:00:00+00:00,21239.0,21332.7,21236.8,21299.3,48194.0
2025-05-27 15:00:00+00:00,21299.4,21349.5,21297.0,21343.5,28709.0
2025-05-27 16:00:00+00:00,21344.0,21411.5,21339.5,21382.8,25181.0
2025-05-27 17:00:00+00:00,21383.3,21432.5,21382.8,21429.3,19746.0
2025-05-27 18:00:00+00:00,21429.4,21440.8,21393.4,21395.5,19785.0
2025-05-27 19:00:00+00:00,21395.0,21421.5,21366.9,21418.5,29761.0
2025-05-27 20:00:00+00:00,21418.6,21430.6,21396.8,21427.8,9488.0
2025-05-27 22:00:00+00:00,21422.3,21424.2,21406.2,21423.2,3854.0
2025-05-27 23:00:00+00:00,21422.9,21437.2,21420.0,21423.0,3586.0
2025-05-28 00:00:00+00:00,21422.9,21424.9,21409.6,21422.0,4577.0
2025-05-28 01:00:00+00:00,21422.2,21436.0,21413.0,21415.0,4551.0
2025-05-28 02:00:00+00:00,21415.0,21426.7,21413.4,21417.2,3339.0
2025-05-28 03:00:00+00:00,21417.2,21429.5,21391.2,21396.6,3789.0
2025-05-28 04:00:00+00:00,21395.6,21399.6,21388.4,21390.8,2712.0
2025-05-28 05:00:00+00:00,21391.9,21414.9,21387.9,21404.7,3620.0
2025-05-28 06:00:00+00:00,21404.8,21414.6,21385.8,21388.6,3967.0
2025-05-28 07:00:00+00:00,21389.8,21410.7,21380.8,21385.7,6597.0
2025-05-28 08:00:00+00:00,21385.0,21395.2,21369.0,21371.6,6265.0
2025-05-28 09:00:00+00:00,21372.4,21383.6,21359.7,21382.0,6221.0
2025-05-28 10:00:00+00:00,21381.9,21470.7,21376.8,21469.0,7755.0
2025-05-28 11:00:00+00:00,21469.2,21475.8,21439.0,21456.2,7899.0
2025-05-28 12:00:00+00:00,21454.8,21490.0,21452.9,21459.2,9527.0
2025-05-28 13:00:00+00:00,21459.6,21519.6,21404.2,21419.4,48634.0
2025-05-28 14:00:00+00:00,21419.7,21439.2,21379.2,21384.7,58489.0
2025-05-28 15:00:00+00:00,21385.0,21431.9,21381.2,21391.8,33933.0
2025-05-28 16:00:00+00:00,21391.9,21435.8,21391.0,21420.0,21944.0
2025-05-28 17:00:00+00:00,21420.3,21445.2,21411.0,21425.2,19589.0
2025-05-28 18:00:00+00:00,21425.2,21457.0,21356.6,21423.3,26957.0
2025-05-28 19:00:00+00:00,21422.2,21468.5,21304.2,21327.9,49542.0
2025-05-28 20:00:00+00:00,21328.0,21478.6,21287.1,21478.4,24013.0
2025-05-28 22:00:00+00:00,21446.4,21551.6,21444.8,21542.6,9305.0
2025-05-28 23:00:00+00:00,21542.8,21731.0,21542.4,21719.4,30955.0
2025-05-29 00:00:00+00:00,21720.8,21787.2,21664.8,21776.0,17745.0
2025-05-29 01:00:00+00:00,21775.7,21776.8,21708.1,21749.2,13689.0
2025-05-29 02:00:00+00:00,21748.8,21778.2,21737.0,21745.4,9547.0
2025-05-29 03:00:00+00:00,21746.0,21771.8,21734.4,21738.0,7025.0
2025-05-29 04:00:00+00:00,21736.6,21761.1,21730.6,21751.2,4724.0
2025-05-29 05:00:00+00:00,21751.0,21779.2,21746.4,21759.8,4964.0
2025-05-29 06:00:00+00:00,21760.0,21761.2,21721.8,21726.2,6669.0
2025-05-29 07:00:00+00:00,21726.2,21803.0,21701.4,21803.0,9632.0
2025-05-29 08:00:00+00:00,21804.2,21813.6,21730.2,21737.2,10415.0
2025-05-29 09:00:00+00:00,21738.2,21772.8,21730.1,21740.0,7992.0
2025-05-29 10:00:00+00:00,21740.0,21742.6,21665.3,21690.1,12209.0
2025-05-29 11:00:00+00:00,21690.6,21694.0,21603.4,21610.0,13047.0
2025-05-29 12:00:00+00:00,21610.0,21644.8,21575.2,21599.2,19021.0
2025-05-29 13:00:00+00:00,21600.3,21647.4,21440.6,21473.0,52370.0
2025-05-29 14:00:00+00:00,21471.8,21488.0,21335.3,21470.8,64972.0
2025-05-29 15:00:00+00:00,21470.5,21473.8,21280.6,21303.6,54649.0
2025-05-29 16:00:00+00:00,21302.6,21428.8,21256.6,21413.4,50011.0
2025-05-29 17:00:00+00:00,21413.0,21440.2,21325.4,21330.0,44345.0
2025-05-29 18:00:00+00:00,21329.8,21362.3,21274.6,21320.2,41965.0
2025-05-29 19:00:00+00:00,21320.5,21403.5,21296.4,21368.2,46986.0
2025-05-29 20:00:00+00:00,21368.5,21384.7,21326.6,21338.6,9545.0
2025-05-29 22:00:00+00:00,21311.0,21349.6,21290.8,21308.0,7197.0
2025-05-29 23:00:00+00:00,21307.6,21324.0,21269.4,21271.8,5881.0
2025-05-30 00:00:00+00:00,21271.8,21311.4,21270.1,21296.6,8028.0
2025-05-30 01:00:00+00:00,21296.8,21303.5,21223.6,21298.0,10043.0
2025-05-30 02:00:00+00:00,21297.6,21317.4,21289.0,21314.6,4848.0
2025-05-30 03:00:00+00:00,21314.4,21319.6,21289.4,21301.2,4127.0
2025-05-30 04:00:00+00:00,21301.0,21310.8,21286.0,21304.3,3067.0
2025-05-30 05:00:00+00:00,21305.2,21367.0,21302.8,21341.8,5336.0
2025-05-30 06:00:00+00:00,21341.8,21352.6,21288.6,21291.6,8325.0
2025-05-30 07:00:00+00:00,21291.9,21337.0,21274.2,21318.0,10647.0
2025-05-30 08:00:00+00:00,21317.0,21350.6,21308.8,21315.4,8821.0
2025-05-30 09:00:00+00:00,21315.2,21349.8,21311.8,21318.6,6674.0
2025-05-30 10:00:00+00:00,21318.8,21344.6,21305.2,21339.2,6277.0
2025-05-30 11:00:00+00:00,21339.3,21376.0,21331.8,21342.8,7014.0
2025-05-30 12:00:00+00:00,21343.1,21374.8,21182.0,21289.8,29250.0
2025-05-30 13:00:00+00:00,21291.2,21345.5,21190.3,21214.3,48964.0
2025-05-30 14:00:00+00:00,21212.4,21354.3,21212.4,21309.8,55871.0
2025-05-30 15:00:00+00:00,21311.2,21333.6,21243.6,21278.2,51810.0
2025-05-30 16:00:00+00:00,21278.8,21291.8,21026.8,21063.8,64339.0
2025-05-30 17:00:00+00:00,21064.0,21171.5,21044.4,21133.6,48542.0
2025-05-30 18:00:00+00:00,21134.3,21264.9,21132.8,21259.0,44322.0
2025-05-30 19:00:00+00:00,21258.8,21391.2,21254.2,21327.2,57444.0
2025-05-30 20:00:00+00:00,21327.0,21363.8,21288.4,21322.8,14740.0
2025-06-01 22:00:00+00:00,21272.6,21306.2,21259.0,21271.6,6634.0
2025-06-01 23:00:00+00:00,21272.2,21272.6,21235.0,21261.6,5319.0
2025-06-02 00:00:00+00:00,21262.1,21283.6,21243.0,21252.2,6703.0
2025-06-02 01:00:00+00:00,21252.6,21271.2,21226.3,21236.6,7197.0
2025-06-02 02:00:00+00:00,21236.6,21242.3,21214.4,21222.2,5702.0
2025-06-02 03:00:00+00:00,21222.0,21223.6,21185.8,21189.4,6128.0
2025-06-02 04:00:00+00:00,21189.3,21212.2,21177.2,21194.0,4048.0
2025-06-02 05:00:00+00:00,21193.9,21208.8,21171.4,21188.8,5222.0
2025-06-02 06:00:00+00:00,21187.9,21206.3,21156.3,21186.4,7133.0
2025-06-02 07:00:00+00:00,21185.2,21224.8,21121.2,21169.6,15267.0
2025-06-02 08:00:00+00:00,21168.6,21221.2,21165.2,21193.2,11874.0
2025-06-02 09:00:00+00:00,21193.2,21200.4,21159.6,21183.6,9293.0
2025-06-02 10:00:00+00:00,21183.4,21211.2,21172.6,21208.6,8073.0
2025-06-02 11:00:00+00:00,21207.8,21248.9,21196.6,21213.8,8415.0
2025-06-02 12:00:00+00:00,21214.6,21252.2,21198.0,21243.3,9377.0
2025-06-02 13:00:00+00:00,21242.8,21415.8,21216.0,21272.1,45986.0
2025-06-02 14:00:00+00:00,21250.8,21376.4,21193.2,21354.8,65613.0
2025-06-02 15:00:00+00:00,21354.4,21402.4,21313.8,21392.3,44305.0
2025-06-02 16:00:00+00:00,21392.0,21412.4,21359.5,21403.8,35543.0
2025-06-02 17:00:00+00:00,21404.0,21432.4,21390.8,21411.2,32491.0
2025-06-02 18:00:00+00:00,21411.1,21490.4,21393.0,21483.0,31498.0
2025-06-02 19:00:00+00:00,21483.1,21509.1,21461.3,21499.2,31541.0
2025-06-02 20:00:00+00:00,21499.6,21541.9,21493.2,21517.1,9054.0
2025-06-02 22:00:00+00:00,21509.0,21510.8,21481.2,21484.7,2868.0
2025-06-02 23:00:00+00:00,21484.9,21510.2,21431.6,21460.2,7502.0
2025-06-03 00:00:00+00:00,21461.2,21467.6,21439.8,21449.0,5291.0
2025-06-03 01:00:00+00:00,21449.6,21465.8,21442.4,21452.4,4902.0
2025-06-03 02:00:00+00:00,21453.1,21456.2,21408.8,21433.4,4698.0
2025-06-03 03:00:00+00:00,21433.2,21433.2,21403.0,21427.0,3553.0
2025-06-03 04:00:00+00:00,21426.9,21428.8,21410.4,21418.7,2447.0
2025-06-03 05:00:00+00:00,21418.8,21437.4,21417.4,21430.2,3293.0
2025-06-03 06:00:00+00:00,21430.2,21442.4,21404.1,21434.8,4495.0
2025-06-03 07:00:00+00:00,21435.0,21446.2,21370.0,21404.8,11918.0
2025-06-03 08:00:00+00:00,21404.6,21414.0,21364.9,21409.4,9553.0
2025-06-03 09:00:00+00:00,21409.4,21430.7,21396.4,21416.2,6268.0
2025-06-03 10:00:00+00:00,21416.4,21460.2,21403.8,21460.0,6788.0
2025-06-03 11:00:00+00:00,21459.8,21500.4,21449.6,21492.8,7725.0
2025-06-03 12:00:00+00:00,21494.0,21508.9,21469.2,21500.4,10073.0
2025-06-03 13:00:00+00:00,21500.0,21571.2,21476.0,21557.6,42743.0
2025-06-03 14:00:00+00:00,21558.6,21628.6,21523.4,21626.3,55897.0
2025-06-03 15:00:00+00:00,21626.6,21655.8,21618.0,21652.0,33706.0
2025-06-03 16:00:00+00:00,21651.8,21715.1,21643.4,21705.8,26626.0
2025-06-03 17:00:00+00:00,21706.3,21727.1,21683.6,21685.3,26091.0
2025-06-03 18:00:00+00:00,21685.5,21689.1,21604.1,21678.1,38865.0
2025-06-03 19:00:00+00:00,21678.6,21692.8,21632.7,21671.6,35971.0
2025-06-03 20:00:00+00:00,21672.0,21673.4,21633.8,21655.2,7972.0
2025-06-03 22:00:00+00:00,21660.0,21687.0,21656.4,21675.1,3552.0
2025-06-03 23:00:00+00:00,21675.0,21684.8,21658.6,21671.2,4600.0
2025-06-04 00:00:00+00:00,21671.2,21692.6,21657.6,21665.4,6675.0
2025-06-04 01:00:00+00:00,21665.3,21676.6,21638.0,21647.2,5902.0
2025-06-04 02:00:00+00:00,21647.6,21651.8,21633.3,21639.4,3952.0
2025-06-04 03:00:00+00:00,21639.2,21649.3,21636.4,21645.5,2469.0
2025-06-04 04:00:00+00:00,21645.6,21662.3,21639.1,21643.8,2374.0
2025-06-04 05:00:00+00:00,21643.9,21661.6,21639.8,21660.4,2946.0
2025-06-04 06:00:00+00:00,21660.8,21680.5,21646.4,21657.2,5169.0
2025-06-04 07:00:00+00:00,21657.6,21688.6,21640.8,21686.8,6860.0
2025-06-04 08:00:00+00:00,21686.6,21714.4,21681.2,21683.6,7648.0
2025-06-04 09:00:00+00:00,21683.8,21711.6,21683.0,21702.5,5685.0
2025-06-04 10:00:00+00:00,21702.6,21728.3,21686.2,21716.0,6933.0
2025-06-04 11:00:00+00:00,21714.4,21721.8,21693.4,21713.5,6307.0
2025-06-04 12:00:00+00:00,21713.8,21732.8,21621.5,21674.8,17919.0
2025-06-04 13:00:00+00:00,21675.3,21759.0,21665.5,21716.0,41522.0
2025-06-04 14:00:00+00:00,21679.1,21729.2,21607.5,21727.3,64486.0
2025-06-04 15:00:00+00:00,21727.0,21750.3,21697.8,21720.3,44108.0
2025-06-04 16:00:00+00:00,21720.0,21722.9,21672.4,21719.8,36428.0
2025-06-04 17:00:00+00:00,21720.4,21756.5,21718.9,21752.0,22118.0
2025-06-04 18:00:00+00:00,21751.5,21767.9,21737.6,21749.0,24509.0
2025-06-04 19:00:00+00:00,21749.3,21763.8,21716.7,21725.8,31389.0
2025-06-04 20:00:00+00:00,21725.7,21733.2,21711.2,21714.7,7425.0
2025-06-04 22:00:00+00:00,21702.9,21738.2,21699.1,21717.6,4171.0
2025-06-04 23:00:00+00:00,21717.8,21724.9,21704.6,21709.0,3153.0
2025-06-05 00:00:00+00:00,21709.4,21733.6,21705.0,21712.8,4366.0
2025-06-05 01:00:00+00:00,21712.4,21724.6,21699.2,21723.8,4224.0
2025-06-05 02:00:00+00:00,21723.6,21725.8,21704.1,21712.1,3257.0
2025-06-05 03:00:00+00:00,21712.2,21722.1,21709.2,21717.9,3156.0
2025-06-05 04:00:00+00:00,21717.8,21726.4,21712.2,21715.6,2372.0
2025-06-05 05:00:00+00:00,21715.4,21716.2,21692.1,21701.8,3281.0
2025-06-05 06:00:00+00:00,21701.8,21711.2,21691.1,21706.2,3468.0
2025-06-05 07:00:00+00:00,21706.4,21804.2,21706.2,21779.8,8820.0
2025-06-05 08:00:00+00:00,21780.4,21808.6,21743.7,21756.8,7447.0
2025-06-05 09:00:00+00:00,21756.7,21758.4,21732.0,21743.2,6268.0
2025-06-05 10:00:00+00:00,21743.1,21771.4,21721.2,21744.0,6552.0
2025-06-05 11:00:00+00:00,21743.9,21747.0,21713.0,21735.2,8104.0
2025-06-05 12:00:00+00:00,21735.2,21862.8,21680.1,21768.0,18830.0
2025-06-05 13:00:00+00:00,21768.2,21807.0,21659.4,21690.8,54388.0
2025-06-05 14:00:00+00:00,21691.2,21845.0,21670.8,21825.2,67341.0
2025-06-05 15:00:00+00:00,21825.8,21899.5,21811.8,21887.1,43564.0
2025-06-05 16:00:00+00:00,21887.4,21890.0,21638.0,21654.2,55290.0
2025-06-05 17:00:00+00:00,21654.1,21756.6,21627.2,21696.4,44345.0
2025-06-05 18:00:00+00:00,21696.3,21708.0,21576.6,21656.4,51240.0
2025-06-05 19:00:00+00:00,21656.3,21666.8,21473.2,21557.2,79418.0
2025-06-05 20:00:00+00:00,21556.6,21588.6,21483.6,21484.2,15617.0
2025-06-05 22:00:00+00:00,21453.0,21527.2,21451.6,21524.8,6032.0
2025-06-05 23:00:00+00:00,21524.8,21537.6,21506.3,21512.4,6961.0
2025-06-06 00:00:00+00:00,21511.6,21555.2,21510.8,21537.6,7646.0
2025-06-06 01:00:00+00:00,21537.8,21566.8,21529.5,21550.6,5925.0
2025-06-06 02:00:00+00:00,21551.0,21557.4,21539.4,21555.2,3777.0
2025-06-06 03:00:00+00:00,21555.0,21584.0,21546.0,21575.8,3618.0
2025-06-06 04:00:00+00:00,21576.2,21617.6,21568.0,21616.4,3247.0
2025-06-06 05:00:00+00:00,21615.4,21635.8,21614.3,21623.6,4191.0
2025-06-06 06:00:00+00:00,21623.4,21652.4,21596.3,21633.8,6021.0
2025-06-06 07:00:00+00:00,21634.8,21646.8,21614.6,21627.2,8007.0
2025-06-06 08:00:00+00:00,21627.2,21638.4,21604.9,21627.9,7927.0
2025-06-06 09:00:00+00:00,21628.0,21656.4,21617.8,21651.8,5550.0
2025-06-06 10:00:00+00:00,21652.0,21660.8,21621.8,21623.4,5588.0
2025-06-06 11:00:00+00:00,21622.4,21650.8,21609.2,21637.6,8628.0
2025-06-06 12:00:00+00:00,21637.8,21750.3,21629.0,21728.4,18965.0
2025-06-06 13:00:00+00:00,21727.2,21829.6,21713.5,21806.4,51389.0
2025-06-06 14:00:00+00:00,21806.5,21815.8,21730.8,21785.8,59571.0
2025-06-06 15:00:00+00:00,21785.8,21834.2,21703.2,21778.1,52913.0
2025-06-06 16:00:00+00:00,21778.4,21805.1,21693.6,21727.0,41627.0
2025-06-06 17:00:00+00:00,21727.1,21798.3,21708.6,21793.3,31507.0
2025-06-06 18:00:00+00:00,21793.6,21843.0,21793.2,21806.3,31915.0
2025-06-06 19:00:00+00:00,21805.8,21819.0,21756.3,21760.8,39651.0
2025-06-06 20:00:00+00:00,21761.2,21791.0,21752.0,21781.0,8164.0
2025-06-08 22:00:00+00:00,21789.8,21789.8,21700.6,21712.0,8466.0
2025-06-08 23:00:00+00:00,21712.0,21742.4,21697.7,21733.0,5295.0
2025-06-09 00:00:00+00:00,21733.4,21753.6,21715.2,21718.8,6039.0
2025-06-09 01:00:00+00:00,21718.4,21722.1,21702.0,21712.6,3878.0
2025-06-09 02:00:00+00:00,21712.4,21725.6,21687.2,21711.6,3991.0
2025-06-09 03:00:00+00:00,21711.6,21717.2,21696.8,21714.0,2713.0
2025-06-09 04:00:00+00:00,21714.6,21723.0,21702.0,21716.8,2486.0
2025-06-09 05:00:00+00:00,21716.4,21718.6,21699.8,21716.6,2720.0
2025-06-09 06:00:00+00:00,21716.6,21738.1,21702.6,21736.4,3805.0
2025-06-09 07:00:00+00:00,21737.8,21765.8,21720.4,21765.0,7183.0
2025-06-09 08:00:00+00:00,21763.9,21770.2,21729.0,21762.0,7027.0
2025-06-09 09:00:00+00:00,21762.2,21764.6,21744.2,21750.2,4354.0
2025-06-09 10:00:00+00:00,21750.1,21760.6,21734.2,21745.2,4553.0
2025-06-09 11:00:00+00:00,21745.1,21794.2,21744.6,21781.2,7661.0
2025-06-09 12:00:00+00:00,21781.1,21788.0,21761.0,21767.6,7622.0
2025-06-09 13:00:00+00:00,21767.6,21789.8,21722.2,21757.0,44582.0
2025-06-09 14:00:00+00:00,21757.9,21860.6,21757.9,21812.5,52263.0
2025-06-09 15:00:00+00:00,21813.4,21839.0,21784.0,21809.3,35604.0
2025-06-09 16:00:00+00:00,21809.8,21862.2,21793.7,21847.8,27244.0
2025-06-09 17:00:00+00:00,21848.1,21859.5,21812.6,21845.3,28220.0
2025-06-09 18:00:00+00:00,21845.8,21856.6,21819.7,21847.6,21117.0
2025-06-09 19:00:00+00:00,21847.5,21853.3,21792.4,21796.6,29774.0
2025-06-09 20:00:00+00:00,21796.5,21803.0,21775.1,21799.4,6735.0
2025-06-09 22:00:00+00:00,21805.0,21821.7,21802.0,21803.4,3530.0
2025-06-09 23:00:00+00:00,21804.7,21815.6,21803.8,21810.8,2193.0
2025-06-10 00:00:00+00:00,21810.9,21849.8,21793.4,21841.6,4418.0
2025-06-10 01:00:00+00:00,21841.7,21950.9,21841.0,21944.6,7653.0
2025-06-10 02:00:00+00:00,21943.2,21946.0,21922.0,21926.0,4443.0
2025-06-10 03:00:00+00:00,21925.9,21930.7,21910.9,21917.0,2485.0
2025-06-10 04:00:00+00:00,21918.0,21919.4,21889.7,21895.4,2759.0
2025-06-10 05:00:00+00:00,21895.2,21908.7,21735.0,21806.6,14347.0
2025-06-10 06:00:00+00:00,21807.5,21817.2,21779.2,21786.2,8737.0
2025-06-10 07:00:00+00:00,21786.0,21804.3,21710.6,21772.0,16565.0
2025-06-10 08:00:00+00:00,21772.2,21799.7,21738.2,21791.2,11982.0
2025-06-10 09:00:00+00:00,21790.6,21819.2,21784.0,21807.0,6325.0
2025-06-10 10:00:00+00:00,21805.8,21835.2,21805.7,21818.9,6272.0
2025-06-10 11:00:00+00:00,21819.2,21836.6,21782.8,21835.2,8800.0
2025-06-10 12:00:00+00:00,21835.7,21845.2,21825.6,21832.4,7904.0
2025-06-10 13:00:00+00:00,21833.7,21870.9,21796.0,21835.0,44246.0
2025-06-10 14:00:00+00:00,21835.2,21867.2,21826.2,21831.2,50496.0
2025-06-10 15:00:00+00:00,21833.2,21856.2,21720.8,21855.3,46673.0
2025-06-10 16:00:00+00:00,21855.2,21897.7,21852.1,21890.2,26374.0
2025-06-10 17:00:00+00:00,21890.3,21911.1,21848.2,21853.8,27865.0
2025-06-10 18:00:00+00:00,21853.8,21947.6,21801.6,21929.6,34937.0
2025-06-10 19:00:00+00:00,21929.8,21972.6,21891.4,21945.3,42734.0
2025-06-10 20:00:00+00:00,21945.5,21949.9,21916.9,21932.8,9101.0
2025-06-10 22:00:00+00:00,21931.2,21964.3,21924.1,21953.8,3183.0
2025-06-10 23:00:00+00:00,21953.4,21982.2,21897.2,21934.8,9218.0
2025-06-11 00:00:00+00:00,21934.2,21945.8,21891.8,21895.2,8275.0
2025-06-11 01:00:00+00:00,21895.0,21904.3,21862.5,21888.4,6752.0
2025-06-11 02:00:00+00:00,21888.2,21891.2,21871.8,21875.2,3274.0
2025-06-11 03:00:00+00:00,21875.3,21890.4,21867.4,21887.6,3466.0
2025-06-11 04:00:00+00:00,21887.8,21895.5,21853.5,21857.2,3171.0
2025-06-11 05:00:00+00:00,21858.0,21880.6,21846.8,21861.8,4632.0
2025-06-11 06:00:00+00:00,21861.6,21886.3,21855.4,21876.2,5285.0
2025-06-11 07:00:00+00:00,21878.2,21915.2,21873.6,21909.2,8166.0
2025-06-11 08:00:00+00:00,21909.9,21939.4,21900.3,21923.3,6228.0
2025-06-11 09:00:00+00:00,21923.2,21929.4,21895.2,21897.4,5065.0
2025-06-11 10:00:00+00:00,21897.2,21919.4,21889.6,21909.8,5123.0
2025-06-11 11:00:00+00:00,21909.8,21920.5,21862.6,21910.8,8255.0
2025-06-11 12:00:00+00:00,21911.0,22074.2,21869.9,22009.8,28426.0
2025-06-11 13:00:00+00:00,22009.8,22021.4,21896.6,21961.0,48758.0
2025-06-11 14:00:00+00:00,21961.2,22042.6,21954.6,22037.3,44001.0
2025-06-11 15:00:00+00:00,22037.0,22046.8,21957.8,21974.5,42042.0
2025-06-11 16:00:00+00:00,21975.0,21987.2,21888.8,21958.0,42984.0
2025-06-11 17:00:00+00:00,21958.2,21998.8,21891.4,21897.4,35208.0
2025-06-11 18:00:00+00:00,21897.5,21910.8,21771.5,21841.8,59896.0
2025-06-11 19:00:00+00:00,21841.8,21872.3,21805.5,21868.5,49365.0
2025-06-11 20:00:00+00:00,21868.1,21891.1,21852.6,21861.6,9002.0
2025-06-11 22:00:00+00:00,21836.0,21874.6,21807.6,21816.6,6133.0
2025-06-11 23:00:00+00:00,21815.0,21846.0,21799.2,21818.4,5948.0
2025-06-12 00:00:00+00:00,21818.8,21828.4,21764.0,21781.8,8428.0
2025-06-12 01:00:00+00:00,21782.3,21794.0,21735.6,21766.8,8091.0
2025-06-12 02:00:00+00:00,21767.0,21774.8,21753.1,21766.8,4366.0
2025-06-12 03:00:00+00:00,21766.9,21804.6,21765.4,21789.0,3616.0
2025-06-12 04:00:00+00:00,21789.4,21811.1,21783.6,21810.6,2888.0
2025-06-12 05:00:00+00:00,21810.6,21820.2,21786.5,21807.4,3833.0
2025-06-12 06:00:00+00:00,21807.3,21826.9,21790.0,21819.9,5202.0
2025-06-12 07:00:00+00:00,21820.0,21839.2,21738.1,21755.4,13440.0
2025-06-12 08:00:00+00:00,21756.2,21784.4,21697.1,21779.6,15718.0
2025-06-12 09:00:00+00:00,21779.6,21823.6,21771.4,21790.8,10218.0
2025-06-12 10:00:00+00:00,21791.0,21804.8,21744.8,21785.1,11458.0
2025-06-12 11:00:00+00:00,21783.8,21786.8,21715.8,21719.8,12001.0
2025-06-12 12:00:00+00:00,21719.9,21828.8,21704.8,21815.8,15758.0
2025-06-12 13:00:00+00:00,21816.4,21871.8,21799.2,21837.8,41798.0
2025-06-12 14:00:00+00:00,21838.0,21929.1,21821.3,21914.5,47086.0
2025-06-12 15:00:00+00:00,21915.4,21957.8,21862.8,21903.0,40600.0
2025-06-12 16:00:00+00:00,21903.3,21953.2,21882.4,21909.0,35868.0
2025-06-12 17:00:00+00:00,21909.5,21952.7,21902.8,21922.0,25708.0
2025-06-12 18:00:00+00:00,21921.6,21935.1,21887.1,21922.5,25623.0
2025-06-12 19:00:00+00:00,21921.6,21938.0,21878.7,21921.8,27531.0
2025-06-12 20:00:00+00:00,21922.1,21931.8,21893.7,21893.8,7672.0
2025-06-12 22:00:00+00:00,21883.0,21888.8,21845.3,21863.3,5020.0
2025-06-12 23:00:00+00:00,21863.6,21870.6,21767.8,21767.8,5134.0
2025-06-13 00:00:00+00:00,21768.2,21774.8,21509.3,21549.8,32262.0
2025-06-13 01:00:00+00:00,21549.6,21601.8,21472.1,21595.6,22354.0
2025-06-13 02:00:00+00:00,21595.6,21596.3,21454.1,21513.1,15806.0
2025-06-13 03:00:00+00:00,21513.3,21564.4,21506.2,21555.8,10121.0
2025-06-13 04:00:00+00:00,21555.4,21558.1,21504.8,21525.2,8029.0
2025-06-13 05:00:00+00:00,21526.2,21552.6,21506.0,21552.1,8240.0
2025-06-13 06:00:00+00:00,21552.8,21593.8,21547.8,21588.2,11818.0
2025-06-13 07:00:00+00:00,21588.6,21634.2,21570.1,21620.2,17915.0
2025-06-13 08:00:00+00:00,21619.2,21645.4,21565.2,21583.2,16334.0
2025-06-13 09:00:00+00:00,21583.2,21626.6,21560.0,21604.4,16836.0
2025-06-13 10:00:00+00:00,21604.2,21637.4,21577.3,21634.6,12627.0
2025-06-13 11:00:00+00:00,21634.6,21685.0,21625.5,21666.8,14234.0
2025-06-13 12:00:00+00:00,21666.2,21683.4,21625.8,21641.2,14738.0
2025-06-13 13:00:00+00:00,21641.6,21776.1,21608.8,21712.1,47731.0
2025-06-13 14:00:00+00:00,21719.6,21751.2,21600.5,21725.6,58637.0
2025-06-13 15:00:00+00:00,21726.2,21827.8,21718.4,21819.0,38647.0
2025-06-13 16:00:00+00:00,21818.4,21839.2,21784.0,21813.2,34576.0
2025-06-13 17:00:00+00:00,21812.8,21819.6,21735.4,21773.0,34848.0
2025-06-13 18:00:00+00:00,21773.2,21790.0,21589.0,21653.5,53958.0
2025-06-13 19:00:00+00:00,21653.0,21677.5,21586.3,21637.8,52727.0
2025-06-13 20:00:00+00:00,21637.6,21664.0,21628.7,21637.6,13144.0
2025-06-15 22:00:00+00:00,21546.6,21673.5,21523.8,21633.8,14649.0
2025-06-15 23:00:00+00:00,21634.0,21686.1,21597.5,21673.1,8646.0
2025-06-16 00:00:00+00:00,21673.2,21688.8,21645.5,21678.8,9520.0
2025-06-16 01:00:00+00:00,21678.6,21684.3,21650.5,21670.8,6211.0
2025-06-16 02:00:00+00:00,21671.4,21704.8,21665.6,21689.2,5149.0
2025-06-16 03:00:00+00:00,21689.0,21692.1,21664.5,21675.8,3728.0
2025-06-16 04:00:00+00:00,21675.8,21686.7,21656.0,21666.7,3644.0
2025-06-16 05:00:00+00:00,21666.8,21724.8,21665.8,21700.7,5727.0
2025-06-16 06:00:00+00:00,21699.6,21741.5,21691.4,21729.3,7763.0
2025-06-16 07:00:00+00:00,21729.4,21771.7,21725.0,21768.4,11732.0
2025-06-16 08:00:00+00:00,21767.8,21775.6,21735.4,21766.0,10183.0
2025-06-16 09:00:00+00:00,21765.8,21772.0,21717.2,21732.6,8079.0
2025-06-16 10:00:00+00:00,21732.0,21766.4,21726.6,21766.4,7090.0
2025-06-16 11:00:00+00:00,21766.5,21795.0,21736.6,21794.8,9707.0
2025-06-16 12:00:00+00:00,21794.8,21826.0,21785.2,21800.4,11208.0
2025-06-16 13:00:00+00:00,21800.5,21929.0,21775.2,21912.0,44765.0
2025-06-16 14:00:00+00:00,21912.6,21966.2,21907.0,21943.4,45407.0
2025-06-16 15:00:00+00:00,21943.5,21981.1,21923.6,21937.8,37671.0
2025-06-16 16:00:00+00:00,21938.0,21961.4,21910.2,21930.8,28001.0
2025-06-16 17:00:00+00:00,21931.0,21973.3,21915.4,21930.5,27866.0
2025-06-16 18:00:00+00:00,21931.3,21949.2,21902.8,21932.3,25887.0
2025-06-16 19:00:00+00:00,21931.6,21948.8,21906.9,21939.6,35239.0
2025-06-16 20:00:00+00:00,21940.2,21952.4,21926.1,21930.5,8385.0
2025-06-16 22:00:00+00:00,21938.6,21940.4,21833.4,21852.0,10068.0
2025-06-16 23:00:00+00:00,21852.6,21884.1,21783.2,21783.8,18619.0
2025-06-17 00:00:00+00:00,21785.0,21855.0,21773.9,21853.0,16564.0
2025-06-17 01:00:00+00:00,21853.2,21866.4,21809.1,21845.0,11806.0
2025-06-17 02:00:00+00:00,21844.9,21879.9,21786.8,21875.4,11390.0
2025-06-17 03:00:00+00:00,21875.3,21877.4,21822.8,21844.4,10009.0
2025-06-17 04:00:00+00:00,21844.5,21860.4,21818.6,21835.4,7248.0
2025-06-17 05:00:00+00:00,21835.5,21861.2,21822.9,21848.5,8032.0
2025-06-17 06:00:00+00:00,21849.2,21889.6,21825.3,21833.6,10588.0
2025-06-17 07:00:00+00:00,21833.0,21855.6,21773.3,21806.6,19267.0
2025-06-17 08:00:00+00:00,21807.4,21848.8,21790.1,21829.8,12863.0
2025-06-17 09:00:00+00:00,21830.0,21848.3,21787.8,21799.8,11205.0
2025-06-17 10:00:00+00:00,21800.0,21820.6,21763.6,21805.4,10958.0
2025-06-17 11:00:00+00:00,21803.4,21841.2,21796.4,21839.1,11185.0
2025-06-17 12:00:00+00:00,21839.0,21862.2,21808.0,21820.0,16193.0
2025-06-17 13:00:00+00:00,21819.8,21877.0,21795.0,21861.4,44111.0
2025-06-17 14:00:00+00:00,21864.1,21899.6,21836.4,21842.2,46463.0
2025-06-17 15:00:00+00:00,21841.6,21900.3,21839.4,21864.2,35942.0
2025-06-17 16:00:00+00:00,21864.2,21897.6,21793.3,21803.0,35141.0
2025-06-17 17:00:00+00:00,21803.6,21825.2,21717.0,21736.8,41726.0
2025-06-17 18:00:00+00:00,21736.2,21753.3,21684.5,21751.8,37032.0
2025-06-17 19:00:00+00:00,21752.3,21779.5,21721.3,21740.6,33737.0
2025-06-17 20:00:00+00:00,21740.8,21768.3,21723.6,21739.8,10078.0
2025-06-17 22:00:00+00:00,21718.6,21723.7,21649.2,21658.2,8146.0
2025-06-17 23:00:00+00:00,21658.0,21710.8,21649.4,21690.5,7488.0
2025-06-18 00:00:00+00:00,21692.2,21772.6,21690.0,21763.6,9678.0
2025-06-18 01:00:00+00:00,21763.5,21796.2,21748.4,21759.4,7102.0
2025-06-18 02:00:00+00:00,21759.9,21787.4,21749.4,21763.0,4543.0
2025-06-18 03:00:00+00:00,21762.4,21769.8,21753.2,21755.2,3766.0
2025-06-18 04:00:00+00:00,21755.2,21772.5,21730.6,21765.8,3596.0
2025-06-18 05:00:00+00:00,21765.6,21782.2,21764.4,21774.2,3635.0
2025-06-18 06:00:00+00:00,21773.4,21816.0,21767.2,21789.2,6638.0
2025-06-18 07:00:00+00:00,21789.6,21817.4,21784.0,21799.8,8331.0
2025-06-18 08:00:00+00:00,21800.2,21822.6,21791.4,21817.2,6039.0
2025-06-18 09:00:00+00:00,21817.6,21850.4,21815.6,21817.0,5034.0
2025-06-18 10:00:00+00:00,21816.9,21820.4,21738.4,21743.2,8432.0
2025-06-18 11:00:00+00:00,21743.4,21815.4,21737.8,21793.2,7783.0
2025-06-18 12:00:00+00:00,21792.0,21804.4,21765.6,21772.2,7590.0
2025-06-18 13:00:00+00:00,21773.4,21811.0,21712.1,21786.8,34772.0
2025-06-18 14:00:00+00:00,21787.3,21881.6,21766.1,21865.4,44641.0
2025-06-18 15:00:00+00:00,21865.3,21870.8,21823.5,21828.8,30204.0
2025-06-18 16:00:00+00:00,21828.5,21856.3,21812.4,21826.3,29060.0
2025-06-18 17:00:00+00:00,21826.0,21838.6,21738.4,21823.6,29082.0
2025-06-18 18:00:00+00:00,21824.4,21878.2,21689.2,21714.2,54274.0
2025-06-18 19:00:00+00:00,21715.5,21810.8,21681.6,21746.8,59967.0
2025-06-18 20:00:00+00:00,21746.6,21776.0,21745.4,21768.2,8347.0
2025-06-18 22:00:00+00:00,21754.5,21759.0,21709.8,21735.2,3477.0
2025-06-18 23:00:00+00:00,21734.8,21751.6,21719.9,21746.0,3002.0
2025-06-19 00:00:00+00:00,21746.1,21750.2,21646.4,21690.2,8600.0
2025-06-19 01:00:00+00:00,21690.6,21691.0,21588.6,21637.6,10399.0
2025-06-19 02:00:00+00:00,21637.3,21666.4,21620.4,21642.8,5223.0
2025-06-19 03:00:00+00:00,21643.0,21687.5,21642.6,21680.8,3693.0
2025-06-19 04:00:00+00:00,21680.8,21700.8,21674.0,21696.2,2731.0
2025-06-19 05:00:00+00:00,21696.0,21696.5,21646.0,21649.6,3629.0
2025-06-19 06:00:00+00:00,21649.6,21672.6,21615.8,21649.6,7588.0
2025-06-19 07:00:00+00:00,21649.5,21669.2,21581.1,21593.3,13055.0
2025-06-19 08:00:00+00:00,21593.9,21637.6,21593.2,21624.6,9246.0
2025-06-19 09:00:00+00:00,21624.8,21648.8,21621.9,21630.2,6095.0
2025-06-19 10:00:00+00:00,21630.4,21654.0,21609.9,21643.6,6384.0
2025-06-19 11:00:00+00:00,21642.8,21646.1,21584.8,21612.2,8675.0
2025-06-19 12:00:00+00:00,21612.2,21622.4,21541.1,21562.2,10981.0
2025-06-19 13:00:00+00:00,21560.8,21584.4,21449.0,21482.8,20212.0
2025-06-19 14:00:00+00:00,21482.9,21530.6,21470.1,21524.0,16672.0
2025-06-19 15:00:00+00:00,21524.8,21538.2,21474.9,21478.9,16635.0
2025-06-19 16:00:00+00:00,21478.6,21540.0,21476.9,21498.6,11229.0
2025-06-19 22:00:00+00:00,21603.4,21721.5,21599.4,21689.6,11939.0
2025-06-19 23:00:00+00:00,21689.9,21700.8,21666.6,21682.4,6874.0
2025-06-20 00:00:00+00:00,21683.0,21723.6,21675.9,21683.0,8467.0
2025-06-20 01:00:00+00:00,21683.6,21690.6,21642.8,21670.6,8242.0
2025-06-20 02:00:00+00:00,21671.2,21698.8,21663.2,21688.2,4219.0
2025-06-20 03:00:00+00:00,21688.3,21707.0,21678.8,21696.2,3992.0
2025-06-20 04:00:00+00:00,21695.8,21716.6,21690.4,21703.8,2871.0
2025-06-20 05:00:00+00:00,21703.6,21718.8,21686.2,21717.8,4727.0
2025-06-20 06:00:00+00:00,21718.0,21740.0,21693.6,21702.0,7500.0
2025-06-20 07:00:00+00:00,21702.2,21727.2,21688.4,21720.3,8409.0
2025-06-20 08:00:00+00:00,21721.0,21744.6,21655.0,21660.2,9787.0
2025-06-20 09:00:00+00:00,21661.2,21702.6,21659.4,21695.6,7231.0
2025-06-20 10:00:00+00:00,21695.3,21705.4,21678.5,21694.5,6537.0
2025-06-20 11:00:00+00:00,21693.8,21801.5,21691.4,21763.0,12372.0
2025-06-20 12:00:00+00:00,21763.4,21836.0,21761.0,21825.0,14314.0
2025-06-20 13:00:00+00:00,21824.8,21925.6,21806.3,21813.8,44833.0
2025-06-20 14:00:00+00:00,21813.4,21825.5,21595.6,21614.5,64294.0
2025-06-20 15:00:00+00:00,21614.4,21718.8,21571.4,21652.4,46192.0
2025-06-20 16:00:00+00:00,21653.0,21706.3,21638.5,21688.2,33426.0
2025-06-20 17:00:00+00:00,21689.0,21717.4,21569.4,21643.4,33848.0
2025-06-20 18:00:00+00:00,21643.3,21705.2,21612.3,21620.4,29829.0
2025-06-20 19:00:00+00:00,21621.0,21663.4,21602.7,21646.5,35664.0
2025-06-20 20:00:00+00:00,21646.4,21715.6,21643.3,21677.4,10274.0
2025-06-22 22:00:00+00:00,21477.1,21588.0,21465.3,21563.0,17144.0
2025-06-22 23:00:00+00:00,21563.0,21574.8,21532.9,21565.2,7510.0
2025-06-23 00:00:00+00:00,21565.0,21565.6,21511.8,21535.8,10284.0
2025-06-23 01:00:00+00:00,21536.0,21554.4,21516.6,21543.8,6629.0
2025-06-23 02:00:00+00:00,21544.0,21576.0,21541.6,21563.2,5270.0
2025-06-23 03:00:00+00:00,21563.1,21576.8,21559.8,21570.6,3766.0
2025-06-23 04:00:00+00:00,21571.1,21577.8,21562.2,21569.0,2955.0
2025-06-23 05:00:00+00:00,21569.0,21619.7,21568.3,21613.6,6029.0
2025-06-23 06:00:00+00:00,21613.6,21639.6,21602.4,21623.4,6677.0
2025-06-23 07:00:00+00:00,21623.6,21708.6,21623.6,21700.6,12242.0
2025-06-23 08:00:00+00:00,21699.2,21748.4,21683.6,21711.4,10737.0
2025-06-23 09:00:00+00:00,21711.6,21738.3,21685.8,21687.6,7599.0
2025-06-23 10:00:00+00:00,21687.8,21728.7,21650.6,21662.0,9718.0
2025-06-23 11:00:00+00:00,21663.2,21668.0,21579.8,21629.3,13205.0
2025-06-23 12:00:00+00:00,21630.2,21690.6,21621.3,21687.3,10205.0
2025-06-23 13:00:00+00:00,21687.6,21732.5,21563.0,21729.2,42955.0
2025-06-23 14:00:00+00:00,21730.0,21822.0,21730.0,21758.4,55899.0
2025-06-23 15:00:00+00:00,21759.0,21810.0,21727.0,21749.3,43082.0
2025-06-23 16:00:00+00:00,21749.2,21756.4,21549.5,21651.6,66856.0
2025-06-23 17:00:00+00:00,21651.6,21891.9,21632.8,21862.6,54000.0
2025-06-23 18:00:00+00:00,21863.3,21896.2,21832.6,21847.3,31256.0
2025-06-23 19:00:00+00:00,21846.8,21903.6,21835.6,21883.8,34780.0
2025-06-23 20:00:00+00:00,21883.9,21896.2,21863.5,21879.5,7973.0
2025-06-23 22:00:00+00:00,21881.5,22027.6,21877.4,22014.9,11525.0
2025-06-23 23:00:00+00:00,22015.0,22066.4,22012.0,22047.6,7754.0
2025-06-24 00:00:00+00:00,22047.5,22059.0,22005.6,22038.6,8422.0
2025-06-24 01:00:00+00:00,22038.6,22082.3,22025.8,22076.6,7204.0
2025-06-24 02:00:00+00:00,22076.2,22080.0,22026.5,22046.0,7046.0
2025-06-24 03:00:00+00:00,22044.8,22062.8,22040.2,22056.8,3615.0
2025-06-24 04:00:00+00:00,22056.3,22059.8,22031.4,22054.3,3995.0
2025-06-24 05:00:00+00:00,22054.4,22113.4,22052.6,22105.4,5724.0
2025-06-24 06:00:00+00:00,22105.0,22182.2,22104.8,22169.4,10070.0
2025-06-24 07:00:00+00:00,22169.6,22193.6,22073.6,22119.0,17601.0
2025-06-24 08:00:00+00:00,22117.4,22144.8,22100.8,22114.8,11829.0
2025-06-24 09:00:00+00:00,22114.8,22162.8,22114.4,22125.3,6887.0
2025-06-24 10:00:00+00:00,22124.8,22133.3,22091.2,22096.6,7778.0
2025-06-24 11:00:00+00:00,22096.2,22122.0,22062.8,22116.8,10553.0
2025-06-24 12:00:00+00:00,22115.8,22124.8,22070.8,22096.8,10836.0
2025-06-24 13:00:00+00:00,22097.3,22144.2,22071.3,22102.2,42695.0
2025-06-24 14:00:00+00:00,22102.3,22151.3,22077.6,22126.2,45900.0
2025-06-24 15:00:00+00:00,22125.5,22197.3,22125.5,22172.3,27163.0
2025-06-24 16:00:00+00:00,22172.4,22227.5,22167.4,22209.9,20699.0
2025-06-24 17:00:00+00:00,22210.6,22235.8,22190.0,22227.3,20363.0
2025-06-24 18:00:00+00:00,22228.0,22240.8,22218.0,22236.0,15402.0
2025-06-24 19:00:00+00:00,22235.6,22257.5,22215.8,22216.3,23455.0
2025-06-24 20:00:00+00:00,22215.8,22228.4,22205.4,22221.5,6358.0
2025-06-24 22:00:00+00:00,22211.4,22215.8,22196.0,22205.8,3861.0
2025-06-24 23:00:00+00:00,22206.0,22240.0,22198.7,22234.4,3193.0
2025-06-25 00:00:00+00:00,22235.8,22244.2,22220.4,22234.8,5142.0
2025-06-25 01:00:00+00:00,22233.8,22233.8,22203.0,22209.8,4204.0
2025-06-25 02:00:00+00:00,22210.0,22216.4,22204.0,22214.8,2447.0
2025-06-25 03:00:00+00:00,22215.7,22232.3,22215.7,22216.6,2687.0
2025-06-25 04:00:00+00:00,22216.4,22236.4,22216.1,22235.0,1769.0
2025-06-25 05:00:00+00:00,22235.0,22246.2,22229.6,22236.2,2795.0
2025-06-25 06:00:00+00:00,22236.0,22243.8,22229.2,22229.8,3479.0
2025-06-25 07:00:00+00:00,22230.0,22242.0,22215.7,22233.6,6308.0
2025-06-25 08:00:00+00:00,22232.8,22244.5,22217.2,22244.0,5929.0
2025-06-25 09:00:00+00:00,22244.5,22263.0,22232.0,22234.8,5180.0
2025-06-25 10:00:00+00:00,22234.7,22267.2,22223.8,22258.0,5889.0
2025-06-25 11:00:00+00:00,22259.4,22302.2,22253.6,22300.4,7192.0
2025-06-25 12:00:00+00:00,22300.0,22319.0,22291.0,22317.8,7574.0
2025-06-25 13:00:00+00:00,22317.7,22358.0,22296.0,22332.0,40299.0
2025-06-25 14:00:00+00:00,22332.2,22338.4,22275.2,22302.0,53387.0
2025-06-25 15:00:00+00:00,22301.8,22304.0,22239.4,22254.3,37481.0
2025-06-25 16:00:00+00:00,22254.2,22268.0,22221.0,22252.8,25383.0
2025-06-25 17:00:00+00:00,22253.5,22272.8,22199.0,22222.8,30711.0
2025-06-25 18:00:00+00:00,22223.6,22245.2,22213.0,22230.5,21547.0
2025-06-25 19:00:00+00:00,22230.7,22275.8,22229.3,22273.0,27468.0
2025-06-25 20:00:00+00:00,22273.4,22290.6,22261.4,22279.3,7252.0
2025-06-25 22:00:00+00:00,22267.4,22298.0,22263.4,22274.0,3805.0
2025-06-25 23:00:00+00:00,22274.0,22278.6,22248.6,22274.4,5150.0
2025-06-26 00:00:00+00:00,22275.9,22291.1,22267.4,22287.0,4517.0
2025-06-26 01:00:00+00:00,22286.3,22289.4,22272.2,22278.3,3512.0
2025-06-26 02:00:00+00:00,22278.6,22295.4,22277.8,22288.0,3109.0
2025-06-26 03:00:00+00:00,22287.8,22314.0,22287.8,22305.3,3568.0
2025-06-26 04:00:00+00:00,22305.2,22317.4,22300.3,22315.4,2420.0
2025-06-26 05:00:00+00:00,22315.2,22322.0,22304.4,22321.6,3015.0
2025-06-26 06:00:00+00:00,22321.1,22353.0,22318.6,22343.2,5056.0
2025-06-26 07:00:00+00:00,22343.4,22368.4,22334.3,22342.2,6944.0
2025-06-26 08:00:00+00:00,22342.3,22387.1,22336.3,22372.0,7016.0
2025-06-26 09:00:00+00:00,22372.1,22377.8,22354.2,22360.8,4868.0
2025-06-26 10:00:00+00:00,22360.4,22391.2,22351.8,22367.4,5680.0
2025-06-26 11:00:00+00:00,22368.8,22387.2,22364.6,22387.2,6431.0
2025-06-26 12:00:00+00:00,22388.4,22395.2,22331.0,22365.0,10942.0
2025-06-26 13:00:00+00:00,22364.0,22376.4,22287.0,22353.8,45266.0
2025-06-26 14:00:00+00:00,22354.8,22406.4,22348.6,22380.6,44187.0
2025-06-26 15:00:00+00:00,22380.8,22427.2,22360.4,22420.5,29995.0
2025-06-26 16:00:00+00:00,22419.8,22442.4,22409.3,22419.7,18971.0
2025-06-26 17:00:00+00:00,22419.2,22463.9,22409.9,22452.4,18039.0
2025-06-26 18:00:00+00:00,22453.2,22498.5,22447.2,22479.2,20514.0
2025-06-26 19:00:00+00:00,22479.5,22505.2,22465.4,22485.3,24593.0
2025-06-26 20:00:00+00:00,22485.9,22489.7,22453.4,22484.6,7932.0
2025-06-26 22:00:00+00:00,22488.0,22522.5,22481.6,22507.6,4902.0
2025-06-26 23:00:00+00:00,22507.4,22512.5,22482.8,22489.8,3858.0
2025-06-27 00:00:00+00:00,22489.6,22503.8,22478.2,22479.4,5002.0
2025-06-27 01:00:00+00:00,22478.8,22501.6,22473.2,22492.4,3678.0
2025-06-27 02:00:00+00:00,22492.5,22508.4,22488.0,22507.2,2972.0
2025-06-27 03:00:00+00:00,22507.4,22519.0,22502.4,22505.3,2870.0
2025-06-27 04:00:00+00:00,22505.8,22510.4,22499.1,22500.6,1997.0
2025-06-27 05:00:00+00:00,22500.5,22529.6,22499.9,22521.2,2862.0
2025-06-27 06:00:00+00:00,22521.3,22557.6,22519.3,22547.6,4380.0
2025-06-27 07:00:00+00:00,22547.3,22571.4,22537.0,22547.6,5972.0
2025-06-27 08:00:00+00:00,22548.4,22562.2,22535.6,22559.5,5155.0
2025-06-27 09:00:00+00:00,22559.8,22562.5,22541.9,22556.8,3714.0
2025-06-27 10:00:00+00:00,22557.1,22559.6,22538.0,22546.8,3745.0
2025-06-27 11:00:00+00:00,22546.6,22591.6,22544.8,22591.2,5925.0
2025-06-27 12:00:00+00:00,22591.3,22599.4,22536.6,22543.0,11254.0
2025-06-27 13:00:00+00:00,22542.6,22581.8,22498.8,22576.2,37686.0
2025-06-27 14:00:00+00:00,22576.3,22632.8,22560.4,22571.8,45394.0
2025-06-27 15:00:00+00:00,22572.5,22631.9,22558.5,22621.3,26916.0
2025-06-27 16:00:00+00:00,22621.0,22621.8,22581.5,22607.0,21491.0
2025-06-27 17:00:00+00:00,22606.5,22610.7,22510.2,22548.7,33251.0
2025-06-27 18:00:00+00:00,22549.7,22555.0,22412.8,22423.4,53950.0
2025-06-27 19:00:00+00:00,22424.0,22572.3,22418.0,22564.5,43430.0
2025-06-27 20:00:00+00:00,22564.6,22564.6,22540.2,22551.6,11184.0
2025-06-29 22:00:00+00:00,22580.0,22654.0,22569.4,22631.2,6854.0
2025-06-29 23:00:00+00:00,22630.8,22658.8,22620.2,22629.2,5823.0
2025-06-30 00:00:00+00:00,22629.2,22653.8,22617.5,22645.6,5726.0
2025-06-30 01:00:00+00:00,22645.4,22647.7,22624.8,22634.2,4133.0
2025-06-30 02:00:00+00:00,22634.2,22685.2,22631.0,22673.2,4412.0
2025-06-30 03:00:00+00:00,22673.2,22692.2,22669.4,22685.2,3045.0
2025-06-30 04:00:00+00:00,22685.0,22697.0,22683.2,22686.2,2305.0
2025-06-30 05:00:00+00:00,22686.0,22695.4,22674.2,22687.6,3488.0
2025-06-30 06:00:00+00:00,22687.7,22713.2,22686.6,22694.0,4955.0
2025-06-30 07:00:00+00:00,22694.2,22694.2,22661.8,22681.0,6097.0
2025-06-30 08:00:00+00:00,22681.8,22705.2,22669.2,22686.0,5651.0
2025-06-30 09:00:00+00:00,22686.0,22726.8,22680.2,22692.7,4780.0
2025-06-30 10:00:00+00:00,22692.8,22720.2,22691.7,22702.6,4198.0
2025-06-30 11:00:00+00:00,22702.4,22717.2,22694.2,22705.8,5304.0
2025-06-30 12:00:00+00:00,22704.0,22708.2,22666.5,22679.2,7064.0
2025-06-30 13:00:00+00:00,22679.7,22701.4,22607.9,22638.6,38522.0
2025-06-30 14:00:00+00:00,22638.4,22665.4,22619.9,22632.9,43493.0
2025-06-30 15:00:00+00:00,22633.2,22670.2,22614.0,22655.4,28616.0
2025-06-30 16:00:00+00:00,22654.7,22679.2,22644.3,22654.0,20013.0
2025-06-30 17:00:00+00:00,22653.9,22664.0,22603.4,22638.0,20904.0
2025-06-30 18:00:00+00:00,22638.2,22672.3,22600.3,22668.4,28954.0
2025-06-30 19:00:00+00:00,22668.3,22751.4,22667.3,22705.0,37926.0
2025-06-30 20:00:00+00:00,22704.4,22716.5,22671.8,22688.3,8189.0
2025-06-30 22:00:00+00:00,22677.8,22704.9,22672.2,22675.6,2272.0
2025-06-30 23:00:00+00:00,22675.8,22705.4,22665.4,22700.6,3462.0
2025-07-01 00:00:00+00:00,22702.1,22723.8,22701.6,22719.4,4808.0
2025-07-01 01:00:00+00:00,22720.4,22733.6,22704.4,22730.8,3671.0
2025-07-01 02:00:00+00:00,22730.3,22732.5,22695.3,22697.3,3339.0
2025-07-01 03:00:00+00:00,22698.3,22703.6,22687.4,22691.6,2987.0
2025-07-01 04:00:00+00:00,22690.4,22696.6,22673.5,22676.5,2721.0
2025-07-01 05:00:00+00:00,22676.6,22680.4,22656.6,22660.8,3550.0
2025-07-01 06:00:00+00:00,22660.8,22666.4,22646.4,22660.0,4190.0
2025-07-01 07:00:00+00:00,22659.8,22684.5,22642.0,22662.6,6317.0
2025-07-01 08:00:00+00:00,22662.9,22677.3,22638.2,22664.6,7618.0
2025-07-01 09:00:00+00:00,22664.8,22668.3,22631.8,22650.3,5005.0
2025-07-01 10:00:00+00:00,22650.2,22658.8,22644.4,22657.5,3794.0
2025-07-01 11:00:00+00:00,22658.2,22667.2,22628.8,22644.8,5942.0
2025-07-01 12:00:00+00:00,22644.8,22652.8,22575.4,22613.3,10381.0
2025-07-01 13:00:00+00:00,22613.4,22653.0,22599.0,22631.6,36404.0
2025-07-01 14:00:00+00:00,22619.4,22666.0,22493.6,22506.9,59878.0
2025-07-01 15:00:00+00:00,22507.0,22536.4,22413.8,22478.3,60914.0
2025-07-01 16:00:00+00:00,22478.4,22561.9,22452.5,22524.0,41631.0
2025-07-01 17:00:00+00:00,22524.6,22585.4,22524.4,22565.5,30767.0
2025-07-01 18:00:00+00:00,22566.5,22576.8,22524.1,22525.8,21267.0
2025-07-01 19:00:00+00:00,22525.5,22567.8,22471.0,22515.4,43100.0
2025-07-01 20:00:00+00:00,22515.4,22521.0,22494.3,22510.8,6613.0
2025-07-01 22:00:00+00:00,22517.9,22544.0,22513.5,22543.0,3437.0
2025-07-01 23:00:00+00:00,22543.3,22549.9,22523.8,22530.0,3473.0
2025-07-02 00:00:00+00:00,22530.7,22543.2,22528.0,22534.4,4293.0
2025-07-02 01:00:00+00:00,22534.6,22539.7,22510.2,22511.8,3821.0
2025-07-02 02:00:00+00:00,22511.4,22560.8,22497.0,22560.8,4615.0
2025-07-02 03:00:00+00:00,22562.2,22567.4,22553.6,22561.2,3013.0
2025-07-02 04:00:00+00:00,22560.6,22602.7,22558.4,22593.7,3449.0
2025-07-02 05:00:00+00:00,22593.8,22593.9,22567.7,22590.2,3798.0
2025-07-02 06:00:00+00:00,22590.2,22599.8,22577.8,22593.6,4788.0
2025-07-02 07:00:00+00:00,22593.7,22598.0,22539.2,22545.0,7643.0
2025-07-02 08:00:00+00:00,22545.8,22558.7,22523.8,22530.8,7549.0
2025-07-02 09:00:00+00:00,22531.0,22536.9,22515.3,22534.6,5006.0
2025-07-02 10:00:00+00:00,22534.7,22539.2,22493.5,22509.0,5917.0
2025-07-02 11:00:00+00:00,22509.0,22522.8,22460.0,22483.8,7326.0
2025-07-02 12:00:00+00:00,22481.8,22506.2,22406.2,22437.8,16845.0
2025-07-02 13:00:00+00:00,22438.2,22549.4,22425.5,22528.2,46059.0
2025-07-02 14:00:00+00:00,22528.2,22652.7,22524.4,22632.8,42784.0
2025-07-02 15:00:00+00:00,22633.0,22667.2,22620.2,22643.7,31570.0
2025-07-02 16:00:00+00:00,22643.2,22667.8,22630.7,22663.2,22755.0
2025-07-02 17:00:00+00:00,22663.7,22670.6,22631.7,22648.3,18584.0
2025-07-02 18:00:00+00:00,22648.7,22661.2,22636.0,22651.7,15608.0
2025-07-02 19:00:00+00:00,22651.5,22676.3,22636.2,22667.2,22198.0
2025-07-02 20:00:00+00:00,22667.7,22679.4,22650.7,22675.2,5563.0
2025-07-02 22:00:00+00:00,22669.0,22682.1,22652.2,22666.6,3245.0
2025-07-02 23:00:00+00:00,22666.7,22670.7,22663.0,22669.4,1638.0
2025-07-03 00:00:00+00:00,22668.0,22677.6,22660.0,22671.8,3701.0
2025-07-03 01:00:00+00:00,22670.8,22688.2,22663.7,22670.6,3228.0
2025-07-03 02:00:00+00:00,22670.6,22671.7,22648.0,22668.4,3035.0
2025-07-03 03:00:00+00:00,22667.5,22702.5,22666.7,22683.0,3345.0
2025-07-03 04:00:00+00:00,22682.4,22695.0,22680.2,22688.0,1893.0
2025-07-03 05:00:00+00:00,22687.6,22694.8,22671.8,22694.1,2387.0
2025-07-03 06:00:00+00:00,22694.2,22710.2,22682.7,22701.4,3316.0
2025-07-03 07:00:00+00:00,22701.2,22721.6,22692.5,22701.5,5079.0
2025-07-03 08:00:00+00:00,22701.0,22713.0,22674.4,22674.4,4460.0
2025-07-03 09:00:00+00:00,22674.2,22692.8,22668.6,22670.4,4874.0
2025-07-03 10:00:00+00:00,22670.6,22676.6,22651.8,22674.5,4449.0
2025-07-03 11:00:00+00:00,22674.6,22687.7,22669.0,22683.8,5046.0
2025-07-03 12:00:00+00:00,22683.5,22755.8,22672.5,22713.5,15483.0
2025-07-03 13:00:00+00:00,22713.4,22825.1,22711.8,22817.5,38178.0
2025-07-03 14:00:00+00:00,22817.6,22887.7,22816.0,22868.0,35440.0
2025-07-03 15:00:00+00:00,22867.7,22922.3,22867.0,22904.2,21796.0
2025-07-03 16:00:00+00:00,22904.3,22913.8,22847.8,22876.6,22950.0
2025-07-03 17:00:00+00:00,22876.7,22888.6,22852.5,22867.2,5115.0
2025-07-03 22:00:00+00:00,22855.0,22881.3,22841.5,22866.8,4591.0
2025-07-03 23:00:00+00:00,22866.6,22873.0,22848.6,22854.6,2252.0
2025-07-04 00:00:00+00:00,22853.8,22854.7,22836.4,22844.8,3914.0
2025-07-04 01:00:00+00:00,22845.4,22868.8,22843.9,22846.8,3269.0
2025-07-04 02:00:00+00:00,22846.2,22849.6,22811.6,22834.0,3660.0
2025-07-04 03:00:00+00:00,22834.0,22838.5,22822.6,22829.0,2302.0
2025-07-04 04:00:00+00:00,22829.0,22834.9,22813.6,22824.9,2752.0
2025-07-04 05:00:00+00:00,22825.0,22829.4,22806.8,22824.8,2650.0
2025-07-04 06:00:00+00:00,22824.7,22826.2,22802.2,22804.8,3933.0
2025-07-04 07:00:00+00:00,22804.9,22818.7,22762.2,22766.0,8170.0
2025-07-04 08:00:00+00:00,22765.2,22791.2,22741.9,22746.6,7545.0
2025-07-04 09:00:00+00:00,22745.4,22770.9,22729.3,22765.0,8143.0
2025-07-04 10:00:00+00:00,22765.4,22769.8,22700.8,22724.2,7410.0
2025-07-04 11:00:00+00:00,22724.6,22756.4,22718.0,22740.6,10217.0
2025-07-04 12:00:00+00:00,22741.0,22754.2,22730.0,22741.4,7741.0
2025-07-04 13:00:00+00:00,22741.9,22752.3,22707.2,22743.2,13651.0
2025-07-04 14:00:00+00:00,22742.5,22763.9,22727.9,22755.8,8128.0
2025-07-04 15:00:00+00:00,22754.9,22761.9,22730.2,22753.6,6024.0
2025-07-04 16:00:00+00:00,22752.9,22754.2,22715.2,22723.8,6947.0
2025-07-06 22:00:00+00:00,22815.6,22844.8,22792.8,22794.8,7983.0
2025-07-06 23:00:00+00:00,22795.1,22824.6,22779.6,22803.2,5032.0
2025-07-07 00:00:00+00:00,22803.4,22818.4,22783.5,22789.6,5335.0
2025-07-07 01:00:00+00:00,22788.6,22790.0,22734.2,22762.0,8593.0
2025-07-07 02:00:00+00:00,22761.6,22788.4,22758.8,22777.0,5250.0
2025-07-07 03:00:00+00:00,22776.8,22795.6,22760.7,22793.7,3168.0
2025-07-07 04:00:00+00:00,22793.4,22809.7,22764.0,22766.0,3248.0
2025-07-07 05:00:00+00:00,22766.0,22770.2,22751.8,22768.5,2727.0
2025-07-07 06:00:00+00:00,22768.0,22770.7,22737.5,22756.8,4881.0
2025-07-07 07:00:00+00:00,22756.8,22768.6,22745.7,22768.0,6252.0
2025-07-07 08:00:00+00:00,22766.4,22766.8,22727.6,22732.5,7866.0
2025-07-07 09:00:00+00:00,22732.4,22785.2,22728.0,22783.7,4819.0
2025-07-07 10:00:00+00:00,22784.7,22808.8,22778.8,22781.5,5238.0
2025-07-07 11:00:00+00:00,22780.8,22803.6,22774.0,22800.4,5216.0
2025-07-07 12:00:00+00:00,22798.7,22820.6,22763.3,22770.4,7775.0
2025-07-07 13:00:00+00:00,22770.7,22796.3,22720.0,22764.2,40221.0
2025-07-07 14:00:00+00:00,22764.4,22782.1,22702.2,22714.2,48499.0
2025-07-07 15:00:00+00:00,22714.1,22756.2,22708.1,22748.0,31493.0
2025-07-07 16:00:00+00:00,22747.7,22780.1,22652.6,22701.3,50345.0
2025-07-07 17:00:00+00:00,22700.5,22758.6,22676.8,22701.8,35497.0
2025-07-07 18:00:00+00:00,22702.3,22712.3,22611.8,22708.5,37385.0
2025-07-07 19:00:00+00:00,22707.8,22721.8,22672.5,22715.3,31510.0
2025-07-07 20:00:00+00:00,22715.1,22718.3,22653.1,22669.2,7848.0
2025-07-07 22:00:00+00:00,22680.5,22684.6,22640.6,22677.4,5030.0
2025-07-07 23:00:00+00:00,22677.2,22710.0,22673.8,22704.8,4407.0
2025-07-08 00:00:00+00:00,22704.6,22744.7,22687.9,22737.6,6025.0
2025-07-08 01:00:00+00:00,22736.2,22753.7,22719.4,22724.7,5134.0
2025-07-08 02:00:00+00:00,22724.6,22769.4,22717.2,22767.2,3841.0
2025-07-08 03:00:00+00:00,22767.2,22768.7,22741.6,22746.9,2591.0
2025-07-08 04:00:00+00:00,22746.8,22757.4,22738.7,22741.0,2921.0
2025-07-08 05:00:00+00:00,22741.2,22765.6,22735.2,22764.7,3285.0
2025-07-08 06:00:00+00:00,22764.8,22782.2,22754.6,22778.0,3920.0
2025-07-08 07:00:00+00:00,22777.0,22802.6,22748.8,22794.2,5853.0
2025-07-08 08:00:00+00:00,22794.2,22794.6,22764.6,22777.2,5012.0
2025-07-08 09:00:00+00:00,22775.8,22784.4,22748.4,22755.2,4351.0
2025-07-08 10:00:00+00:00,22756.2,22783.6,22737.2,22775.0,4423.0
2025-07-08 11:00:00+00:00,22775.2,22787.7,22761.7,22770.7,4620.0
2025-07-08 12:00:00+00:00,22769.4,22786.0,22745.7,22770.4,8088.0
2025-07-08 13:00:00+00:00,22770.6,22786.8,22712.2,22712.6,36728.0
2025-07-08 14:00:00+00:00,22713.4,22773.8,22672.2,22724.9,56575.0
2025-07-08 15:00:00+00:00,22724.8,22745.8,22685.8,22740.0,38465.0
2025-07-08 16:00:00+00:00,22740.2,22796.5,22722.5,22750.5,32397.0
2025-07-08 17:00:00+00:00,22750.8,22772.6,22710.0,22768.0,28886.0
2025-07-08 18:00:00+00:00,22767.4,22775.6,22725.0,22733.3,19935.0
2025-07-08 19:00:00+00:00,22733.0,22737.0,22705.4,22726.1,24235.0
2025-07-08 20:00:00+00:00,22726.0,22742.4,22719.5,22736.6,4558.0
2025-07-08 22:00:00+00:00,22751.1,22755.8,22735.6,22747.4,1909.0
2025-07-08 23:00:00+00:00,22747.6,22757.2,22728.9,22734.9,2245.0
2025-07-09 00:00:00+00:00,22733.9,22733.9,22698.6,22709.2,3580.0
2025-07-09 01:00:00+00:00,22709.2,22725.8,22688.5,22724.2,4828.0
2025-07-09 02:00:00+00:00,22724.3,22734.5,22714.2,22714.8,2835.0
2025-07-09 03:00:00+00:00,22714.6,22719.6,22702.8,22708.2,2423.0
2025-07-09 04:00:00+00:00,22708.2,22728.5,22704.5,22726.4,2213.0
2025-07-09 05:00:00+00:00,22726.2,22729.8,22703.6,22708.4,2609.0
2025-07-09 06:00:00+00:00,22708.2,22732.5,22678.0,22729.8,4592.0
2025-07-09 07:00:00+00:00,22730.0,22737.3,22708.8,22726.8,5471.0
2025-07-09 08:00:00+00:00,22726.4,22734.9,22712.3,22724.3,5017.0
2025-07-09 09:00:00+00:00,22724.8,22776.3,22724.5,22758.2,5499.0
2025-07-09 10:00:00+00:00,22758.3,22768.3,22744.6,22757.2,4566.0
2025-07-09 11:00:00+00:00,22757.8,22784.8,22753.4,22772.6,4890.0
2025-07-09 12:00:00+00:00,22772.3,22788.9,22758.1,22769.6,6979.0
2025-07-09 13:00:00+00:00,22769.5,22930.9,22764.8,22920.0,34211.0
2025-07-09 14:00:00+00:00,22920.1,22945.0,22762.0,22781.3,57219.0
2025-07-09 15:00:00+00:00,22781.2,22822.3,22754.1,22782.4,37315.0
2025-07-09 16:00:00+00:00,22782.3,22844.9,22775.0,22819.0,21570.0
2025-07-09 17:00:00+00:00,22818.9,22836.7,22797.7,22819.9,25494.0
2025-07-09 18:00:00+00:00,22818.8,22876.0,22818.2,22868.7,19771.0
2025-07-09 19:00:00+00:00,22869.2,22893.4,22859.9,22887.9,20794.0
2025-07-09 20:00:00+00:00,22887.4,22896.7,22867.9,22878.7,5307.0
2025-07-09 22:00:00+00:00,22872.6,22901.1,22872.2,22893.6,2447.0
2025-07-09 23:00:00+00:00,22893.6,22895.0,22867.0,22870.6,2883.0
2025-07-10 00:00:00+00:00,22871.0,22871.0,22839.8,22841.2,5112.0
2025-07-10 01:00:00+00:00,22841.8,22847.8,22824.3,22826.4,4372.0
2025-07-10 02:00:00+00:00,22826.2,22857.4,22826.2,22854.4,3118.0
2025-07-10 03:00:00+00:00,22853.5,22853.5,22829.4,22833.3,3193.0
2025-07-10 04:00:00+00:00,22832.8,22833.4,22822.6,22831.0,2607.0
2025-07-10 05:00:00+00:00,22831.2,22837.6,22814.5,22828.3,3145.0
2025-07-10 06:00:00+00:00,22827.6,22832.4,22816.8,22828.3,3714.0
2025-07-10 07:00:00+00:00,22828.2,22857.6,22819.3,22855.8,6744.0
2025-07-10 08:00:00+00:00,22855.8,22882.4,22852.2,22881.6,5074.0
2025-07-10 09:00:00+00:00,22881.8,22886.0,22848.2,22860.8,4623.0
2025-07-10 10:00:00+00:00,22860.5,22888.6,22857.5,22880.0,4200.0
2025-07-10 11:00:00+00:00,22879.2,22912.8,22874.8,22907.4,5908.0
2025-07-10 12:00:00+00:00,22906.0,22908.4,22871.3,22884.8,8965.0
2025-07-10 13:00:00+00:00,22885.0,22925.8,22775.3,22796.3,42849.0
2025-07-10 14:00:00+00:00,22796.2,22822.5,22737.3,22799.1,54117.0
2025-07-10 15:00:00+00:00,22798.8,22861.1,22776.4,22860.5,27022.0
2025-07-10 16:00:00+00:00,22860.0,22860.8,22799.3,22828.3,19858.0
2025-07-10 17:00:00+00:00,22827.8,22879.4,22826.8,22875.2,16464.0
2025-07-10 18:00:00+00:00,22874.9,22888.3,22862.7,22875.9,14490.0
2025-07-10 19:00:00+00:00,22875.4,22882.7,22829.2,22853.8,19937.0
2025-07-10 20:00:00+00:00,22853.7,22863.0,22836.5,22849.2,4891.0
2025-07-10 22:00:00+00:00,22852.6,22877.8,22849.1,22876.2,2976.0
2025-07-10 23:00:00+00:00,22876.6,22887.1,22868.6,22882.6,2024.0
2025-07-11 00:00:00+00:00,22882.8,22884.0,22669.6,22720.6,23125.0
2025-07-11 01:00:00+00:00,22721.7,22778.2,22704.4,22765.2,9113.0
2025-07-11 02:00:00+00:00,22765.0,22786.8,22756.8,22785.0,4517.0
2025-07-11 03:00:00+00:00,22785.8,22808.6,22783.2,22806.2,3527.0
2025-07-11 04:00:00+00:00,22806.6,22812.6,22799.6,22804.6,2765.0
2025-07-11 05:00:00+00:00,22804.0,22813.3,22775.8,22780.0,3418.0
2025-07-11 06:00:00+00:00,22780.2,22808.0,22779.8,22795.7,5132.0
2025-07-11 07:00:00+00:00,22795.6,22806.6,22736.2,22740.0,11329.0
2025-07-11 08:00:00+00:00,22739.8,22754.2,22709.6,22742.1,9799.0
2025-07-11 09:00:00+00:00,22741.6,22752.0,22697.4,22702.8,7410.0
2025-07-11 10:00:00+00:00,22702.6,22730.6,22691.1,22710.4,8973.0
2025-07-11 11:00:00+00:00,22710.6,22762.1,22707.3,22746.8,7601.0
2025-07-11 12:00:00+00:00,22746.6,22758.3,22720.2,22743.0,9004.0
2025-07-11 13:00:00+00:00,22742.0,22805.8,22701.4,22802.2,42799.0
2025-07-11 14:00:00+00:00,22802.3,22844.5,22781.7,22808.0,41388.0
2025-07-11 15:00:00+00:00,22808.3,22847.8,22747.0,22814.8,34673.0
2025-07-11 16:00:00+00:00,22815.4,22849.6,22797.0,22844.5,24689.0
2025-07-11 17:00:00+00:00,22845.2,22862.6,22802.8,22839.7,18186.0
2025-07-11 18:00:00+00:00,22839.0,22859.5,22810.8,22818.2,16263.0
2025-07-11 19:00:00+00:00,22817.5,22838.2,22765.6,22797.0,29735.0
2025-07-11 20:00:00+00:00,22797.0,22798.7,22771.3,22779.0,6110.0
2025-07-13 22:00:00+00:00,22682.8,22728.8,22657.8,22723.4,8059.0
2025-07-13 23:00:00+00:00,22722.8,22727.0,22679.0,22707.8,6208.0
2025-07-14 00:00:00+00:00,22708.8,22718.7,22690.5,22692.4,6525.0
2025-07-14 01:00:00+00:00,22692.4,22706.0,22683.0,22698.0,4791.0
2025-07-14 02:00:00+00:00,22698.7,22713.6,22697.0,22698.8,3176.0
2025-07-14 03:00:00+00:00,22698.6,22717.5,22692.0,22715.0,2752.0
2025-07-14 04:00:00+00:00,22715.2,22720.4,22702.8,22703.6,2633.0
2025-07-14 05:00:00+00:00,22703.7,22710.8,22668.5,22672.0,3463.0
2025-07-14 06:00:00+00:00,22671.2,22687.8,22656.8,22683.4,5094.0
2025-07-14 07:00:00+00:00,22684.4,22724.7,22646.4,22723.2,8826.0
2025-07-14 08:00:00+00:00,22723.1,22739.8,22707.0,22728.0,6428.0
2025-07-14 09:00:00+00:00,22728.4,22744.6,22720.8,22740.4,4340.0
2025-07-14 10:00:00+00:00,22740.6,22741.4,22711.6,22718.6,4264.0
2025-07-14 11:00:00+00:00,22718.7,22740.6,22706.0,22728.5,6502.0
2025-07-14 12:00:00+00:00,22728.0,22750.2,22720.8,22740.0,6317.0
2025-07-14 13:00:00+00:00,22739.7,22820.5,22684.0,22752.7,48609.0
2025-07-14 14:00:00+00:00,22753.0,22833.6,22746.5,22833.0,48644.0
2025-07-14 15:00:00+00:00,22832.7,22863.6,22826.5,22850.1,29371.0
2025-07-14 16:00:00+00:00,22850.0,22882.0,22841.0,22875.2,17892.0
2025-07-14 17:00:00+00:00,22875.5,22907.6,22875.1,22893.5,15587.0
2025-07-14 18:00:00+00:00,22893.6,22908.9,22885.0,22900.3,12612.0
2025-07-14 19:00:00+00:00,22901.0,22908.3,22865.5,22883.1,19830.0
2025-07-14 20:00:00+00:00,22883.0,22887.9,22871.3,22887.0,3992.0
2025-07-14 22:00:00+00:00,22873.6,22876.0,22849.0,22850.8,3264.0
2025-07-14 23:00:00+00:00,22850.2,22863.8,22846.5,22860.3,2139.0
2025-07-15 00:00:00+00:00,22860.8,22868.8,22846.8,22854.8,3591.0
2025-07-15 01:00:00+00:00,22854.2,23022.6,22845.8,22992.0,9373.0
2025-07-15 02:00:00+00:00,22992.3,23012.8,22888.8,22905.4,11619.0
2025-07-15 03:00:00+00:00,22904.5,22949.8,22896.0,22943.2,4609.0
2025-07-15 04:00:00+00:00,22943.0,22969.8,22939.4,22965.4,3206.0
2025-07-15 05:00:00+00:00,22964.8,23018.4,22962.8,22995.8,5164.0
2025-07-15 06:00:00+00:00,22996.0,23004.0,22981.3,22992.4,4288.0
2025-07-15 07:00:00+00:00,22992.5,23018.6,22981.5,23009.5,6726.0
2025-07-15 08:00:00+00:00,23009.8,23027.4,22992.8,23004.8,7302.0
2025-07-15 09:00:00+00:00,23005.2,23028.8,22998.9,23023.3,5138.0
2025-07-15 10:00:00+00:00,23023.4,23037.3,23011.8,23020.0,5461.0
2025-07-15 11:00:00+00:00,23019.2,23040.8,23003.3,23015.8,6706.0
2025-07-15 12:00:00+00:00,23016.6,23056.8,22984.6,23044.8,15101.0
2025-07-15 13:00:00+00:00,23045.4,23071.5,22972.2,22987.4,51553.0
2025-07-15 14:00:00+00:00,22987.8,23047.0,22944.8,22948.8,62147.0
2025-07-15 15:00:00+00:00,22948.9,23029.4,22948.9,23008.0,37727.0
2025-07-15 16:00:00+00:00,23008.3,23018.5,22933.8,22949.5,28146.0
2025-07-15 17:00:00+00:00,22948.2,23021.3,22937.6,23020.3,25539.0
2025-07-15 18:00:00+00:00,23021.1,23030.3,22945.0,22945.0,21649.0
2025-07-15 19:00:00+00:00,22944.3,22972.8,22901.0,22903.0,29530.0
2025-07-15 20:00:00+00:00,22902.6,22909.4,22861.3,22868.3,11467.0
2025-07-15 22:00:00+00:00,22877.6,22881.8,22824.8,22859.8,5160.0
2025-07-15 23:00:00+00:00,22860.0,22870.2,22832.6,22864.8,4767.0
2025-07-16 00:00:00+00:00,22864.6,22869.6,22828.0,22850.2,5760.0
2025-07-16 01:00:00+00:00,22849.8,22881.8,22847.6,22881.0,4582.0
2025-07-16 02:00:00+00:00,22880.8,22884.2,22857.4,22863.2,2844.0
2025-07-16 03:00:00+00:00,22862.8,22878.2,22862.2,22866.2,2382.0
2025-07-16 04:00:00+00:00,22867.4,22882.3,22866.4,22871.2,2071.0
2025-07-16 05:00:00+00:00,22875.8,22896.3,22844.2,22857.3,5601.0
2025-07-16 06:00:00+00:00,22856.4,22859.4,22816.8,22821.6,4963.0
2025-07-16 07:00:00+00:00,22822.0,22840.6,22779.6,22832.4,8469.0
2025-07-16 08:00:00+00:00,22832.8,22865.0,22820.5,22853.0,6250.0
2025-07-16 09:00:00+00:00,22853.2,22854.5,22830.0,22851.2,4706.0
2025-07-16 10:00:00+00:00,22851.6,22870.3,22843.4,22863.8,4389.0
2025-07-16 11:00:00+00:00,22863.5,22874.3,22846.2,22870.8,5658.0
2025-07-16 12:00:00+00:00,22871.8,22934.8,22860.4,22924.0,11949.0
2025-07-16 13:00:00+00:00,22923.8,22940.1,22808.2,22818.5,47757.0
2025-07-16 14:00:00+00:00,22818.6,22883.9,22799.4,22840.8,61376.0
2025-07-16 15:00:00+00:00,22840.6,22898.8,22690.4,22844.6,75106.0
2025-07-16 16:00:00+00:00,22844.0,22904.6,22807.8,22899.8,38915.0
2025-07-16 17:00:00+00:00,22899.8,22921.9,22874.3,22882.3,24171.0
2025-07-16 18:00:00+00:00,22883.4,22927.0,22870.8,22927.0,19120.0
2025-07-16 19:00:00+00:00,22926.3,22953.9,22912.3,22928.8,21116.0
2025-07-16 20:00:00+00:00,22928.6,22929.6,22909.6,22915.8,4567.0
2025-07-16 22:00:00+00:00,22917.5,22918.8,22885.6,22888.8,3965.0
2025-07-16 23:00:00+00:00,22889.0,22900.2,22884.6,22894.6,2926.0
2025-07-17 00:00:00+00:00,22894.6,22907.6,22878.6,22905.4,5080.0
2025-07-17 01:00:00+00:00,22905.3,22912.6,22880.3,22887.8,4126.0
2025-07-17 02:00:00+00:00,22887.8,22887.8,22875.4,22878.4,2801.0
2025-07-17 03:00:00+00:00,22878.3,22894.2,22871.3,22892.8,2601.0
2025-07-17 04:00:00+00:00,22892.8,22896.0,22881.2,22895.0,1973.0
2025-07-17 05:00:00+00:00,22894.8,22953.8,22893.2,22941.4,4380.0
2025-07-17 06:00:00+00:00,22941.6,23005.4,22940.8,22991.8,5983.0
2025-07-17 07:00:00+00:00,22992.0,22995.3,22954.3,22967.2,8422.0
2025-07-17 08:00:00+00:00,22965.8,22972.4,22942.8,22957.8,6741.0
2025-07-17 09:00:00+00:00,22958.2,22979.6,22957.4,22963.0,4170.0
2025-07-17 10:00:00+00:00,22962.8,22969.3,22941.8,22944.0,4165.0
2025-07-17 11:00:00+00:00,22945.2,22949.2,22927.0,22940.8,5956.0
2025-07-17 12:00:00+00:00,22940.3,23001.3,22929.5,23000.0,10303.0
2025-07-17 13:00:00+00:00,22999.6,23012.4,22920.0,23004.2,38050.0
2025-07-17 14:00:00+00:00,23004.3,23052.6,22969.1,23048.3,36239.0
2025-07-17 15:00:00+00:00,23048.6,23109.4,23047.6,23104.3,24215.0
2025-07-17 16:00:00+00:00,23104.0,23130.3,23099.5,23111.9,18242.0
2025-07-17 17:00:00+00:00,23111.8,23130.8,23095.6,23130.5,14908.0
2025-07-17 18:00:00+00:00,23131.9,23133.8,23091.8,23107.8,15786.0
2025-07-17 19:00:00+00:00,23107.9,23132.8,23100.4,23113.0,21688.0
2025-07-17 20:00:00+00:00,23113.1,23129.5,23089.5,23119.8,6796.0
2025-07-17 22:00:00+00:00,23105.4,23115.8,23101.8,23111.8,2720.0
2025-07-17 23:00:00+00:00,23112.0,23143.3,23111.8,23135.8,3556.0
2025-07-18 00:00:00+00:00,23135.8,23139.8,23119.4,23122.4,3831.0
2025-07-18 01:00:00+00:00,23122.3,23127.4,23114.8,23121.8,2969.0
2025-07-18 02:00:00+00:00,23121.4,23141.8,23115.2,23134.8,2409.0
2025-07-18 03:00:00+00:00,23134.8,23140.4,23129.3,23130.6,2236.0
2025-07-18 04:00:00+00:00,23130.5,23136.1,23126.8,23133.6,1708.0
2025-07-18 05:00:00+00:00,23133.5,23164.0,23133.2,23158.6,2781.0
2025-07-18 06:00:00+00:00,23158.5,23164.4,23137.8,23138.8,3123.0
2025-07-18 07:00:00+00:00,23138.6,23147.6,23116.4,23124.0,5913.0
2025-07-18 08:00:00+00:00,23123.4,23141.8,23121.3,23136.8,4709.0
2025-07-18 09:00:00+00:00,23136.6,23144.4,23130.8,23133.0,3386.0
2025-07-18 10:00:00+00:00,23132.8,23136.3,23107.4,23121.5,4857.0
2025-07-18 11:00:00+00:00,23122.5,23127.8,23106.3,23119.5,5164.0
2025-07-18 12:00:00+00:00,23119.9,23127.4,23109.3,23123.8,6358.0
2025-07-18 13:00:00+00:00,23123.8,23175.4,23107.5,23113.6,36911.0
2025-07-18 14:00:00+00:00,23113.6,23143.5,23042.0,23059.8,45623.0
2025-07-18 15:00:00+00:00,23059.6,23110.2,23041.8,23105.7,25772.0
2025-07-18 16:00:00+00:00,23106.2,23107.7,23028.9,23045.9,25329.0
2025-07-18 17:00:00+00:00,23045.8,23080.7,23031.2,23057.2,18869.0
2025-07-18 18:00:00+00:00,23058.2,23085.4,23053.2,23062.4,13671.0
2025-07-18 19:00:00+00:00,23061.7,23089.4,23057.0,23084.9,19055.0
2025-07-18 20:00:00+00:00,23085.0,23087.8,23076.0,23085.2,4121.0
2025-07-20 22:00:00+00:00,23073.0,23103.0,23062.5,23102.2,3879.0
2025-07-20 23:00:00+00:00,23102.4,23120.2,23095.2,23117.8,2629.0
2025-07-21 00:00:00+00:00,23118.2,23120.9,23108.9,23110.2,2723.0
2025-07-21 01:00:00+00:00,23110.0,23135.0,23109.2,23122.2,3821.0
2025-07-21 02:00:00+00:00,23122.4,23128.6,23113.4,23115.2,2431.0
2025-07-21 03:00:00+00:00,23115.4,23119.4,23100.2,23104.6,2040.0
2025-07-21 04:00:00+00:00,23104.7,23128.2,23104.2,23127.8,1644.0
2025-07-21 05:00:00+00:00,23127.7,23133.7,23120.5,23126.2,2227.0
2025-07-21 06:00:00+00:00,23126.2,23152.7,23123.9,23135.0,3357.0
2025-07-21 07:00:00+00:00,23134.9,23156.2,23134.8,23154.2,4478.0
2025-07-21 08:00:00+00:00,23153.5,23166.3,23140.2,23147.6,4901.0
2025-07-21 09:00:00+00:00,23147.4,23156.7,23143.5,23147.4,2746.0
2025-07-21 10:00:00+00:00,23147.5,23163.0,23139.0,23148.7,2848.0
2025-07-21 11:00:00+00:00,23149.2,23150.2,23133.2,23135.4,3613.0
2025-07-21 12:00:00+00:00,23136.3,23141.7,23094.2,23095.7,4629.0
2025-07-21 13:00:00+00:00,23095.2,23253.7,23081.9,23233.4,31245.0
2025-07-21 14:00:00+00:00,23233.7,23282.3,23233.7,23255.4,28730.0
2025-07-21 15:00:00+00:00,23255.0,23266.5,23236.9,23247.5,18351.0
2025-07-21 16:00:00+00:00,23247.2,23272.1,23220.9,23267.4,18655.0
2025-07-21 17:00:00+00:00,23267.3,23288.0,23266.0,23276.4,12271.0
2025-07-21 18:00:00+00:00,23276.0,23282.3,23251.3,23255.3,13594.0
2025-07-21 19:00:00+00:00,23255.8,23257.3,23193.5,23208.9,26074.0
2025-07-21 20:00:00+00:00,23209.3,23218.7,23204.1,23210.1,4527.0
2025-07-21 22:00:00+00:00,23209.4,23216.4,23202.7,23208.4,1630.0
2025-07-21 23:00:00+00:00,23208.6,23215.2,23200.6,23211.6,1806.0
2025-07-22 00:00:00+00:00,23211.2,23226.0,23202.9,23205.1,4181.0
2025-07-22 01:00:00+00:00,23204.3,23232.1,23199.9,23229.8,4132.0
2025-07-22 02:00:00+00:00,23230.2,23230.7,23209.1,23211.8,2757.0
2025-07-22 03:00:00+00:00,23212.0,23213.2,23186.1,23194.2,3406.0
2025-07-22 04:00:00+00:00,23194.1,23195.1,23162.3,23171.1,4168.0
2025-07-22 05:00:00+00:00,23171.2,23180.9,23163.6,23179.1,3055.0
2025-07-22 06:00:00+00:00,23179.4,23184.1,23170.4,23179.1,3323.0
2025-07-22 07:00:00+00:00,23178.6,23212.4,23149.6,23169.4,7084.0
2025-07-22 08:00:00+00:00,23169.3,23181.3,23136.8,23141.6,7504.0
2025-07-22 09:00:00+00:00,23141.6,23151.3,23133.8,23146.8,5064.0
2025-07-22 10:00:00+00:00,23147.0,23166.4,23142.4,23164.4,4750.0
2025-07-22 11:00:00+00:00,23164.6,23196.8,23159.3,23195.8,6823.0
2025-07-22 12:00:00+00:00,23194.7,23205.7,23186.1,23199.6,6172.0
2025-07-22 13:00:00+00:00,23200.0,23214.2,22977.8,23006.4,48957.0
2025-07-22 14:00:00+00:00,23006.5,23094.5,22974.8,23089.0,55216.0
2025-07-22 15:00:00+00:00,23089.3,23099.5,23059.5,23071.5,29127.0
2025-07-22 16:00:00+00:00,23072.0,23089.2,23028.5,23067.5,25271.0
2025-07-22 17:00:00+00:00,23066.5,23119.0,23064.0,23086.0,19718.0
2025-07-22 18:00:00+00:00,23086.3,23122.2,23040.0,23120.5,21482.0
2025-07-22 19:00:00+00:00,23119.9,23125.8,23088.2,23091.0,22246.0
2025-07-22 20:00:00+00:00,23090.5,23092.3,23057.1,23065.9,6899.0
2025-07-22 22:00:00+00:00,23070.6,23073.4,23039.6,23050.6,3202.0
2025-07-22 23:00:00+00:00,23050.6,23136.0,23050.0,23130.8,8627.0
2025-07-23 00:00:00+00:00,23130.6,23135.4,23068.0,23072.8,7403.0
2025-07-23 01:00:00+00:00,23071.8,23122.3,23068.0,23120.4,6227.0
2025-07-23 02:00:00+00:00,23120.6,23120.6,23095.1,23114.6,3959.0
2025-07-23 03:00:00+00:00,23114.4,23123.7,23100.3,23107.2,3159.0
2025-07-23 04:00:00+00:00,23107.3,23119.6,23101.6,23117.8,2429.0
2025-07-23 05:00:00+00:00,23117.4,23128.3,23113.7,23119.4,3153.0
2025-07-23 06:00:00+00:00,23119.6,23139.7,23112.3,23136.8,3791.0
2025-07-23 07:00:00+00:00,23136.6,23145.7,23113.4,23129.3,8329.0
2025-07-23 08:00:00+00:00,23129.2,23150.4,23125.8,23148.2,6334.0
2025-07-23 09:00:00+00:00,23147.8,23151.8,23127.4,23140.4,4536.0
2025-07-23 10:00:00+00:00,23140.6,23149.8,23129.1,23129.6,4440.0
2025-07-23 11:00:00+00:00,23129.3,23132.9,23101.6,23126.0,6452.0
2025-07-23 12:00:00+00:00,23125.8,23137.3,23099.4,23106.1,7565.0
2025-07-23 13:00:00+00:00,23105.4,23140.6,23030.0,23034.7,42869.0
2025-07-23 14:00:00+00:00,23034.5,23072.3,23015.8,23068.4,40507.0
2025-07-23 15:00:00+00:00,23067.8,23164.5,23047.9,23129.2,31296.0
2025-07-23 16:00:00+00:00,23128.1,23134.3,23065.4,23100.2,31332.0
2025-07-23 17:00:00+00:00,23099.7,23141.2,23086.2,23134.7,21568.0
2025-07-23 18:00:00+00:00,23135.0,23195.2,23135.0,23173.5,19049.0
2025-07-23 19:00:00+00:00,23174.1,23196.5,23140.7,23195.5,20576.0
2025-07-23 20:00:00+00:00,23196.0,23288.0,23175.0,23281.5,17782.0
2025-07-23 22:00:00+00:00,23264.2,23273.6,23254.8,23259.6,4364.0
2025-07-23 23:00:00+00:00,23259.8,23276.4,23257.6,23272.6,2499.0
2025-07-24 00:00:00+00:00,23271.6,23277.6,23254.0,23266.0,3858.0
2025-07-24 01:00:00+00:00,23266.0,23293.5,23261.6,23280.2,4407.0
2025-07-24 02:00:00+00:00,23279.8,23286.5,23273.0,23276.7,2797.0
2025-07-24 03:00:00+00:00,23276.6,23277.4,23247.4,23250.8,2831.0
2025-07-24 04:00:00+00:00,23250.7,23255.2,23244.6,23251.6,2592.0
2025-07-24 05:00:00+00:00,23251.5,23256.5,23245.0,23245.0,2755.0
2025-07-24 06:00:00+00:00,23245.7,23263.2,23226.0,23231.4,4272.0
2025-07-24 07:00:00+00:00,23231.0,23242.0,23224.5,23240.6,6211.0
2025-07-24 08:00:00+00:00,23240.8,23262.7,23219.0,23262.6,6123.0
2025-07-24 09:00:00+00:00,23262.5,23268.2,23253.7,23262.0,3811.0
2025-07-24 10:00:00+00:00,23263.2,23266.0,23235.4,23245.0,5227.0
2025-07-24 11:00:00+00:00,23245.2,23274.4,23239.4,23258.0,5059.0
2025-07-24 12:00:00+00:00,23257.2,23264.0,23199.2,23231.7,9998.0
2025-07-24 13:00:00+00:00,23231.8,23272.6,23206.2,23234.6,42021.0
2025-07-24 14:00:00+00:00,23234.8,23252.6,23170.2,23244.2,42538.0
2025-07-24 15:00:00+00:00,23245.2,23272.2,23240.7,23260.0,24963.0
2025-07-24 16:00:00+00:00,23259.8,23260.6,23212.2,23243.8,23274.0
2025-07-24 17:00:00+00:00,23243.3,23294.6,23239.5,23257.3,18458.0
2025-07-24 18:00:00+00:00,23257.0,23294.8,23250.8,23273.5,18875.0
2025-07-24 19:00:00+00:00,23272.8,23295.3,23245.7,23249.6,23157.0
2025-07-24 20:00:00+00:00,23249.8,23274.1,23240.2,23267.1,5541.0
2025-07-24 22:00:00+00:00,23260.3,23288.8,23259.8,23274.4,2306.0
2025-07-24 23:00:00+00:00,23274.6,23283.0,23263.6,23279.6,2101.0
2025-07-25 00:00:00+00:00,23279.6,23296.3,23275.0,23287.6,3618.0
2025-07-25 01:00:00+00:00,23288.2,23308.1,23282.8,23300.3,3277.0
2025-07-25 02:00:00+00:00,23301.0,23309.4,23293.4,23295.1,2092.0
2025-07-25 03:00:00+00:00,23295.6,23314.3,23294.2,23301.6,2081.0
2025-07-25 04:00:00+00:00,23301.6,23305.0,23266.2,23270.8,2442.0
2025-07-25 05:00:00+00:00,23271.0,23282.6,23268.8,23281.0,2426.0
2025-07-25 06:00:00+00:00,23281.0,23286.0,23262.3,23264.2,3107.0
2025-07-25 07:00:00+00:00,23264.3,23267.6,23228.6,23239.4,7368.0
2025-07-25 08:00:00+00:00,23240.0,23254.1,23222.2,23248.4,6171.0
2025-07-25 09:00:00+00:00,23248.6,23250.2,23229.8,23247.2,3970.0
2025-07-25 10:00:00+00:00,23247.3,23264.3,23244.1,23261.3,3471.0
2025-07-25 11:00:00+00:00,23261.4,23261.8,23234.2,23238.2,4550.0
2025-07-25 12:00:00+00:00,23239.2,23259.9,23232.8,23244.3,5276.0
2025-07-25 13:00:00+00:00,23244.4,23281.0,23204.3,23262.3,34702.0
2025-07-25 14:00:00+00:00,23263.5,23296.0,23258.4,23278.4,30801.0
2025-07-25 15:00:00+00:00,23278.8,23299.9,23266.0,23296.8,21170.0
2025-07-25 16:00:00+00:00,23296.9,23351.8,23292.4,23326.3,19814.0
2025-07-25 17:00:00+00:00,23326.2,23330.8,23307.9,23314.8,15813.0
2025-07-25 18:00:00+00:00,23315.3,23335.4,23305.2,23319.0,14986.0
2025-07-25 19:00:00+00:00,23318.9,23331.3,23284.0,23298.0,19117.0
2025-07-25 20:00:00+00:00,23298.3,23322.6,23282.7,23320.1,5570.0
2025-07-27 22:00:00+00:00,23415.2,23425.2,23380.9,23391.2,7310.0
2025-07-27 23:00:00+00:00,23391.0,23431.1,23389.1,23409.6,4108.0
2025-07-28 00:00:00+00:00,23409.6,23421.6,23401.1,23419.1,4891.0
2025-07-28 01:00:00+00:00,23419.2,23420.1,23406.8,23418.0,3511.0
2025-07-28 02:00:00+00:00,23417.8,23442.0,23413.3,23428.1,2509.0
2025-07-28 03:00:00+00:00,23427.4,23428.3,23417.8,23424.8,1875.0
2025-07-28 04:00:00+00:00,23425.0,23440.1,23421.2,23435.4,1610.0
2025-07-28 05:00:00+00:00,23435.6,23453.8,23434.4,23450.2,2593.0
2025-07-28 06:00:00+00:00,23450.3,23460.6,23435.9,23436.4,3543.0
2025-07-28 07:00:00+00:00,23436.6,23440.6,23409.3,23423.4,6229.0
2025-07-28 08:00:00+00:00,23423.3,23425.2,23409.6,23412.6,4808.0
2025-07-28 09:00:00+00:00,23412.6,23418.1,23399.0,23401.8,3885.0
2025-07-28 10:00:00+00:00,23402.0,23402.7,23360.8,23370.2,4428.0
2025-07-28 11:00:00+00:00,23369.2,23383.1,23365.6,23378.0,4731.0
2025-07-28 12:00:00+00:00,23377.8,23396.6,23362.6,23390.1,5952.0
2025-07-28 13:00:00+00:00,23390.2,23396.5,23341.0,23396.0,36859.0
2025-07-28 14:00:00+00:00,23395.5,23402.8,23352.2,23369.0,30406.0
2025-07-28 15:00:00+00:00,23369.3,23375.7,23312.6,23369.5,24287.0
2025-07-28 16:00:00+00:00,23369.7,23392.1,23349.9,23369.6,16961.0
2025-07-28 17:00:00+00:00,23369.8,23372.3,23339.5,23345.3,18434.0
2025-07-28 18:00:00+00:00,23345.1,23354.8,23324.3,23346.8,16841.0
2025-07-28 19:00:00+00:00,23346.5,23379.5,23334.3,23376.5,19186.0
2025-07-28 20:00:00+00:00,23375.9,23396.6,23373.3,23395.8,4563.0
2025-07-28 22:00:00+00:00,23389.6,23413.3,23389.6,23409.8,2392.0
2025-07-28 23:00:00+00:00,23409.5,23414.8,23401.4,23412.2,1756.0
2025-07-29 00:00:00+00:00,23412.0,23420.4,23400.6,23416.8,3817.0
2025-07-29 01:00:00+00:00,23416.8,23428.0,23409.3,23411.3,3174.0
2025-07-29 02:00:00+00:00,23410.8,23422.8,23405.5,23421.6,3079.0
2025-07-29 03:00:00+00:00,23421.3,23430.2,23419.4,23427.0,2070.0
2025-07-29 04:00:00+00:00,23427.8,23435.0,23423.0,23426.4,1922.0
2025-07-29 05:00:00+00:00,23426.5,23436.5,23424.6,23431.0,1687.0
2025-07-29 06:00:00+00:00,23431.4,23437.9,23425.3,23428.3,2949.0
2025-07-29 07:00:00+00:00,23428.8,23482.2,23428.3,23471.5,5113.0
2025-07-29 08:00:00+00:00,23472.3,23476.5,23459.3,23466.3,3881.0
2025-07-29 09:00:00+00:00,23466.2,23489.3,23463.3,23481.8,3317.0
2025-07-29 10:00:00+00:00,23482.4,23491.2,23476.3,23482.8,3624.0
2025-07-29 11:00:00+00:00,23482.6,23489.4,23462.3,23483.5,4571.0
2025-07-29 12:00:00+00:00,23484.2,23496.5,23456.0,23463.0,5323.0
2025-07-29 13:00:00+00:00,23462.8,23535.8,23439.6,23469.9,33595.0
2025-07-29 14:00:00+00:00,23468.4,23475.9,23398.1,23411.1,39163.0
2025-07-29 15:00:00+00:00,23411.0,23426.0,23321.8,23387.5,40857.0
2025-07-29 16:00:00+00:00,23386.6,23396.8,23334.8,23392.8,26423.0
2025-07-29 17:00:00+00:00,23392.3,23409.0,23348.0,23377.8,22097.0
2025-07-29 18:00:00+00:00,23377.3,23391.6,23354.9,23364.4,17572.0
2025-07-29 19:00:00+00:00,23364.5,23371.9,23308.3,23342.4,26029.0
2025-07-29 20:00:00+00:00,23342.9,23348.3,23332.4,23337.0,4774.0
2025-07-29 22:00:00+00:00,23346.2,23360.6,23341.6,23356.8,2949.0
2025-07-29 23:00:00+00:00,23357.0,23367.3,23351.5,23360.6,2247.0
2025-07-30 00:00:00+00:00,23360.5,23376.0,23357.8,23372.0,3868.0
2025-07-30 01:00:00+00:00,23371.8,23378.0,23352.5,23371.5,4349.0
2025-07-30 02:00:00+00:00,23371.8,23382.5,23366.4,23379.5,2778.0
2025-07-30 03:00:00+00:00,23380.3,23392.3,23379.1,23384.8,2022.0
2025-07-30 04:00:00+00:00,23384.6,23393.6,23384.5,23389.6,1615.0
2025-07-30 05:00:00+00:00,23389.5,23395.6,23374.4,23389.3,2903.0
2025-07-30 06:00:00+00:00,23388.8,23396.4,23382.8,23385.2,3207.0
2025-07-30 07:00:00+00:00,23385.4,23393.6,23360.3,23385.6,6924.0
2025-07-30 08:00:00+00:00,23385.3,23397.5,23349.4,23368.8,6141.0
2025-07-30 09:00:00+00:00,23369.0,23383.8,23360.8,23378.4,4395.0
2025-07-30 10:00:00+00:00,23378.8,23394.2,23374.9,23393.8,3823.0
2025-07-30 11:00:00+00:00,23393.4,23407.4,23384.0,23394.0,4640.0
2025-07-30 12:00:00+00:00,23393.8,23393.8,23358.3,23376.3,11594.0
2025-07-30 13:00:00+00:00,23376.2,23412.0,23336.8,23369.5,35813.0
2025-07-30 14:00:00+00:00,23369.6,23427.0,23353.3,23401.3,31058.0
2025-07-30 15:00:00+00:00,23401.0,23419.5,23361.4,23419.1,24997.0
2025-07-30 16:00:00+00:00,23418.7,23436.0,23405.8,23423.3,17203.0
2025-07-30 17:00:00+00:00,23423.2,23440.3,23412.5,23432.5,15329.0
2025-07-30 18:00:00+00:00,23434.0,23478.6,23289.7,23301.0,49965.0
2025-07-30 19:00:00+00:00,23301.0,23379.1,23247.0,23373.1,71552.0
2025-07-30 20:00:00+00:00,23373.4,23576.8,23361.0,23546.6,24939.0
2025-07-30 22:00:00+00:00,23580.4,23620.0,23577.6,23615.8,7875.0
2025-07-30 23:00:00+00:00,23615.7,23627.2,23610.4,23612.8,3849.0
2025-07-31 00:00:00+00:00,23612.6,23645.6,23600.0,23641.8,5526.0
2025-07-31 01:00:00+00:00,23641.6,23667.5,23634.1,23657.1,4726.0
2025-07-31 02:00:00+00:00,23657.2,23680.5,23655.6,23674.4,3130.0
2025-07-31 03:00:00+00:00,23674.6,23688.1,23666.4,23685.4,2699.0
2025-07-31 04:00:00+00:00,23685.6,23696.4,23671.2,23693.1,3141.0
2025-07-31 05:00:00+00:00,23693.0,23696.8,23672.4,23687.8,3669.0
2025-07-31 06:00:00+00:00,23687.6,23693.6,23665.2,23684.9,4473.0
2025-07-31 07:00:00+00:00,23686.0,23732.5,23671.2,23713.0,8523.0
2025-07-31 08:00:00+00:00,23713.2,23714.1,23681.6,23687.2,7056.0
2025-07-31 09:00:00+00:00,23688.1,23694.0,23669.8,23671.1,5384.0
2025-07-31 10:00:00+00:00,23671.2,23690.9,23661.0,23664.4,5627.0
2025-07-31 11:00:00+00:00,23664.4,23688.1,23640.4,23650.9,9015.0
2025-07-31 12:00:00+00:00,23652.7,23697.5,23643.8,23689.4,11900.0
2025-07-31 13:00:00+00:00,23688.6,23691.7,23497.3,23559.3,54317.0
2025-07-31 14:00:00+00:00,23558.8,23587.3,23422.6,23429.3,66627.0
2025-07-31 15:00:00+00:00,23429.0,23474.3,23371.4,23474.0,51340.0
2025-07-31 16:00:00+00:00,23473.5,23506.9,23447.9,23460.0,24624.0
2025-07-31 17:00:00+00:00,23460.4,23461.8,23255.3,23279.3,50451.0
2025-07-31 18:00:00+00:00,23279.4,23355.4,23196.0,23304.5,60420.0
2025-07-31 19:00:00+00:00,23304.8,23332.5,23202.5,23243.0,61047.0
2025-07-31 20:00:00+00:00,23243.2,23326.3,23181.6,23218.3,18862.0
2025-07-31 22:00:00+00:00,23208.6,23236.8,23131.5,23174.8,9894.0
2025-07-31 23:00:00+00:00,23174.5,23199.0,23154.6,23187.0,9160.0
2025-08-01 00:00:00+00:00,23187.3,23192.5,23120.8,23169.0,12311.0
2025-08-01 01:00:00+00:00,23169.4,23217.4,23161.8,23211.8,7605.0
2025-08-01 02:00:00+00:00,23211.5,23228.6,23203.7,23221.4,3741.0
2025-08-01 03:00:00+00:00,23221.7,23231.4,23191.7,23193.6,3258.0
2025-08-01 04:00:00+00:00,23193.7,23210.6,23185.5,23208.2,3787.0
2025-08-01 05:00:00+00:00,23207.8,23214.0,23179.6,23182.0,4747.0
2025-08-01 06:00:00+00:00,23182.0,23185.6,23144.6,23158.2,7528.0
2025-08-01 07:00:00+00:00,23157.4,23167.8,23017.4,23058.8,22170.0
2025-08-01 08:00:00+00:00,23060.0,23061.2,22952.0,23003.4,20764.0
2025-08-01 09:00:00+00:00,23002.3,23029.6,22975.8,23016.4,13168.0
2025-08-01 10:00:00+00:00,23016.2,23016.6,22920.8,22944.0,13884.0
2025-08-01 11:00:00+00:00,22944.4,23018.5,22940.4,23014.5,11596.0
2025-08-01 12:00:00+00:00,23015.0,23055.8,22949.6,22957.0,23350.0
2025-08-01 13:00:00+00:00,22957.2,22991.0,22747.6,22773.3,63685.0
2025-08-01 14:00:00+00:00,22756.6,22911.2,22688.8,22819.2,92129.0
2025-08-01 15:00:00+00:00,22818.7,22912.4,22785.7,22903.0,63912.0
2025-08-01 16:00:00+00:00,22902.3,22941.5,22769.0,22775.6,54738.0
2025-08-01 17:00:00+00:00,22775.3,22795.0,22723.5,22741.5,57556.0
2025-08-01 18:00:00+00:00,22741.4,22838.8,22681.9,22766.6,53732.0
2025-08-01 19:00:00+00:00,22766.8,22840.3,22733.2,22777.3,56944.0
2025-08-01 20:00:00+00:00,22776.8,22790.3,22763.6,22766.4,10267.0
2025-08-03 22:00:00+00:00,22772.2,22811.6,22718.4,22805.4,11405.0
2025-08-03 23:00:00+00:00,22805.4,22827.0,22778.6,22823.0,9374.0
2025-08-04 00:00:00+00:00,22823.0,22859.6,22813.2,22852.2,10995.0
2025-08-04 01:00:00+00:00,22852.4,22869.1,22828.6,22854.6,8893.0
2025-08-04 02:00:00+00:00,22854.8,22877.6,22846.6,22875.6,4290.0
2025-08-04 03:00:00+00:00,22874.8,22884.6,22863.0,22884.0,3413.0
2025-08-04 04:00:00+00:00,22883.1,22884.1,22849.1,22865.6,4077.0
2025-08-04 05:00:00+00:00,22866.1,22892.0,22857.3,22879.0,4408.0
2025-08-04 06:00:00+00:00,22878.0,22896.6,22844.4,22886.6,8356.0
2025-08-04 07:00:00+00:00,22887.6,22941.0,22874.6,22907.2,11298.0
2025-08-04 08:00:00+00:00,22908.4,22959.4,22902.6,22956.6,8096.0
2025-08-04 09:00:00+00:00,22956.8,22973.4,22950.2,22951.4,6066.0
2025-08-04 10:00:00+00:00,22951.8,22974.3,22948.8,22958.2,5837.0
2025-08-04 11:00:00+00:00,22957.3,22972.1,22928.4,22940.0,7616.0
2025-08-04 12:00:00+00:00,22941.4,22977.6,22933.1,22972.2,8365.0
2025-08-04 13:00:00+00:00,22972.1,23153.8,22966.8,23142.6,43771.0
2025-08-04 14:00:00+00:00,23143.6,23159.3,23090.6,23111.6,51398.0
2025-08-04 15:00:00+00:00,23111.2,23166.2,23084.3,23156.8,38080.0
2025-08-04 16:00:00+00:00,23156.9,23182.0,23151.0,23172.9,19862.0
2025-08-04 17:00:00+00:00,23173.0,23187.9,23144.3,23170.8,16651.0
2025-08-04 18:00:00+00:00,23171.2,23186.5,23158.3,23164.0,17169.0
2025-08-04 19:00:00+00:00,23163.5,23209.7,23156.0,23199.5,23868.0
2025-08-04 20:00:00+00:00,23199.7,23254.8,23188.1,23254.7,10861.0
2025-08-04 22:00:00+00:00,23244.6,23245.8,23219.2,23229.2,3973.0
2025-08-04 23:00:00+00:00,23229.6,23251.5,23217.4,23236.8,4207.0
2025-08-05 00:00:00+00:00,23235.5,23277.2,23217.6,23249.4,7095.0
2025-08-05 01:00:00+00:00,23249.6,23274.5,23237.6,23243.0,7000.0
2025-08-05 02:00:00+00:00,23243.1,23249.8,23235.2,23243.2,2881.0
2025-08-05 03:00:00+00:00,23243.8,23259.6,23227.8,23245.4,2977.0
2025-08-05 04:00:00+00:00,23245.0,23262.0,23239.0,23261.8,2190.0
2025-08-05 05:00:00+00:00,23262.4,23270.1,23254.3,23265.5,2706.0
2025-08-05 06:00:00+00:00,23265.6,23295.4,23258.6,23288.3,3849.0
2025-08-05 07:00:00+00:00,23288.4,23299.6,23226.0,23232.8,7432.0
2025-08-05 08:00:00+00:00,23232.6,23245.5,23215.6,23233.8,7314.0
2025-08-05 09:00:00+00:00,23234.0,23252.2,23228.8,23250.8,3776.0
2025-08-05 10:00:00+00:00,23250.8,23295.4,23247.4,23287.6,5811.0
2025-08-05 11:00:00+00:00,23286.3,23298.4,23264.8,23285.8,6671.0
2025-08-05 12:00:00+00:00,23286.8,23306.3,23247.2,23263.5,10644.0
2025-08-05 13:00:00+00:00,23263.4,23299.6,23206.3,23279.6,42683.0
2025-08-05 14:00:00+00:00,23279.0,23279.0,23042.0,23084.0,75397.0
2025-08-05 15:00:00+00:00,23083.8,23122.4,23019.2,23061.8,62112.0
2025-08-05 16:00:00+00:00,23061.8,23130.0,23043.1,23085.8,39823.0
2025-08-05 17:00:00+00:00,23086.0,23157.5,23072.5,23146.6,24132.0
2025-08-05 18:00:00+00:00,23146.5,23154.1,23020.7,23053.1,36871.0
2025-08-05 19:00:00+00:00,23054.0,23082.6,23026.7,23039.2,33099.0
2025-08-05 20:00:00+00:00,23039.1,23072.4,22990.4,22991.2,12593.0
2025-08-05 22:00:00+00:00,23012.1,23012.6,22951.4,22991.0,7682.0
2025-08-05 23:00:00+00:00,22990.9,23003.2,22958.4,22958.4,6013.0
2025-08-06 00:00:00+00:00,22958.4,22999.9,22954.8,22977.8,7861.0
2025-08-06 01:00:00+00:00,22977.8,23046.2,22970.8,23043.0,7154.0
2025-08-06 02:00:00+00:00,23042.0,23073.4,23028.8,23061.0,5296.0
2025-08-06 03:00:00+00:00,23061.1,23075.4,23050.2,23072.0,3380.0
2025-08-06 04:00:00+00:00,23072.4,23079.0,23063.0,23067.8,2594.0
2025-08-06 05:00:00+00:00,23068.1,23107.0,23060.6,23090.4,3878.0
2025-08-06 06:00:00+00:00,23090.6,23112.4,23086.4,23098.2,3972.0
2025-08-06 07:00:00+00:00,23098.1,23129.4,23096.4,23126.0,6677.0
2025-08-06 08:00:00+00:00,23126.2,23132.6,23062.0,23072.2,7315.0
2025-08-06 09:00:00+00:00,23072.2,23085.4,23038.0,23052.1,6523.0
2025-08-06 10:00:00+00:00,23052.0,23062.2,23013.2,23049.6,10722.0
2025-08-06 11:00:00+00:00,23049.8,23102.1,23043.6,23081.8,8286.0
2025-08-06 12:00:00+00:00,23080.4,23092.0,23046.6,23084.1,9972.0
2025-08-06 13:00:00+00:00,23083.4,23149.4,23054.6,23106.4,50722.0
2025-08-06 14:00:00+00:00,23106.3,23192.1,23070.2,23187.8,68291.0
2025-08-06 15:00:00+00:00,23188.1,23282.8,23164.1,23275.7,42979.0
2025-08-06 16:00:00+00:00,23275.2,23297.0,23253.8,23278.6,27564.0
2025-08-06 17:00:00+00:00,23278.4,23303.8,23266.3,23280.6,20653.0
2025-08-06 18:00:00+00:00,23280.3,23342.8,23278.2,23323.3,16634.0
2025-08-06 19:00:00+00:00,23323.2,23351.8,23315.0,23331.5,22744.0
2025-08-06 20:00:00+00:00,23332.2,23332.8,23305.9,23318.1,6595.0
2025-08-06 22:00:00+00:00,23318.0,23387.6,23293.4,23368.2,6883.0
2025-08-06 23:00:00+00:00,23368.7,23384.2,23352.2,23359.4,4055.0
2025-08-07 00:00:00+00:00,23359.8,23409.4,23351.9,23395.9,5666.0
2025-08-07 01:00:00+00:00,23396.0,23418.4,23387.4,23404.0,4928.0
2025-08-07 02:00:00+00:00,23403.6,23412.8,23393.4,23396.0,3203.0
2025-08-07 03:00:00+00:00,23396.1,23406.5,23391.1,23397.0,2620.0
2025-08-07 04:00:00+00:00,23397.1,23406.8,23365.2,23372.2,3007.0
2025-08-07 05:00:00+00:00,23372.4,23391.1,23362.4,23390.4,3553.0
2025-08-07 06:00:00+00:00,23390.4,23404.4,23374.8,23380.0,4521.0
2025-08-07 07:00:00+00:00,23379.9,23420.9,23378.9,23417.0,7271.0
2025-08-07 08:00:00+00:00,23416.4,23482.4,23415.2,23462.8,8800.0
2025-08-07 09:00:00+00:00,23463.2,23514.4,23445.4,23509.4,7570.0
2025-08-07 10:00:00+00:00,23509.4,23533.6,23504.4,23524.4,8283.0
2025-08-07 11:00:00+00:00,23526.2,23545.6,23487.9,23489.4,9268.0
2025-08-07 12:00:00+00:00,23488.4,23521.4,23483.8,23505.0,10582.0
2025-08-07 13:00:00+00:00,23505.6,23566.3,23477.5,23561.8,49225.0
2025-08-07 14:00:00+00:00,23561.6,23578.2,23426.0,23446.1,74478.0
2025-08-07 15:00:00+00:00,23445.1,23465.8,23384.8,23405.3,57625.0
2025-08-07 16:00:00+00:00,23404.4,23422.3,23299.2,23370.0,51667.0
2025-08-07 17:00:00+00:00,23369.5,23395.6,23290.6,23328.0,47197.0
2025-08-07 18:00:00+00:00,23327.2,23339.2,23238.6,23315.0,43226.0
2025-08-07 19:00:00+00:00,23315.3,23412.4,23289.0,23410.5,38377.0
2025-08-07 20:00:00+00:00,23410.4,23442.8,23408.1,23426.3,9264.0
2025-08-07 22:00:00+00:00,23427.5,23475.4,23424.2,23462.0,4519.0
2025-08-07 23:00:00+00:00,23462.0,23464.8,23444.8,23448.0,3243.0
2025-08-08 00:00:00+00:00,23449.8,23490.5,23436.8,23480.0,5905.0
2025-08-08 01:00:00+00:00,23479.2,23485.8,23462.4,23469.8,3750.0
2025-08-08 02:00:00+00:00,23470.5,23487.0,23470.4,23482.8,2359.0
2025-08-08 03:00:00+00:00,23483.0,23485.5,23459.2,23461.2,2470.0
2025-08-08 04:00:00+00:00,23461.0,23464.7,23444.8,23451.0,2691.0
2025-08-08 05:00:00+00:00,23451.4,23461.8,23411.0,23417.0,3778.0
2025-08-08 06:00:00+00:00,23417.6,23462.3,23416.2,23443.3,3940.0
2025-08-08 07:00:00+00:00,23443.2,23458.2,23433.0,23436.2,4911.0
2025-08-08 08:00:00+00:00,23436.4,23467.2,23435.8,23461.6,4831.0
2025-08-08 09:00:00+00:00,23461.5,23485.7,23459.6,23469.7,4419.0
2025-08-08 10:00:00+00:00,23469.8,23483.3,23469.0,23474.7,3093.0
2025-08-08 11:00:00+00:00,23475.2,23489.5,23469.8,23482.4,4101.0
2025-08-08 12:00:00+00:00,23482.2,23483.7,23426.2,23441.0,9552.0
2025-08-08 13:00:00+00:00,23441.0,23556.5,23429.7,23551.2,37899.0
2025-08-08 14:00:00+00:00,23551.0,23610.1,23534.0,23560.0,43771.0
2025-08-08 15:00:00+00:00,23560.0,23591.3,23522.2,23590.0,36418.0
2025-08-08 16:00:00+00:00,23590.2,23617.0,23584.7,23586.7,21865.0
2025-08-08 17:00:00+00:00,23587.2,23613.0,23565.4,23609.7,20524.0
2025-08-08 18:00:00+00:00,23610.7,23633.7,23600.2,23621.2,16991.0
2025-08-08 19:00:00+00:00,23620.9,23631.0,23587.9,23624.0,22656.0
2025-08-08 20:00:00+00:00,23623.5,23677.5,23623.2,23676.4,7039.0
2025-08-10 22:00:00+00:00,23667.0,23671.4,23632.6,23639.2,4504.0
2025-08-10 23:00:00+00:00,23639.3,23649.2,23609.0,23614.6,3701.0
2025-08-11 00:00:00+00:00,23615.0,23644.6,23614.1,23640.1,4514.0
2025-08-11 01:00:00+00:00,23640.0,23669.6,23634.4,23665.2,4097.0
2025-08-11 02:00:00+00:00,23665.1,23677.8,23657.6,23664.0,3424.0
2025-08-11 03:00:00+00:00,23664.1,23680.1,23657.8,23662.3,2853.0
2025-08-11 04:00:00+00:00,23662.0,23665.7,23641.6,23649.6,2515.0
2025-08-11 05:00:00+00:00,23649.6,23656.1,23639.1,23646.0,2782.0
2025-08-11 06:00:00+00:00,23646.0,23667.7,23636.4,23667.6,3400.0
2025-08-11 07:00:00+00:00,23667.4,23671.9,23601.2,23613.8,6072.0
2025-08-11 08:00:00+00:00,23613.4,23616.6,23575.6,23608.4,8486.0
2025-08-11 09:00:00+00:00,23607.4,23638.9,23605.6,23630.6,4473.0
2025-08-11 10:00:00+00:00,23630.1,23652.0,23617.1,23633.2,4565.0
2025-08-11 11:00:00+00:00,23632.2,23647.6,23627.0,23642.6,5195.0
2025-08-11 12:00:00+00:00,23642.3,23663.3,23615.4,23629.6,8169.0
2025-08-11 13:00:00+00:00,23629.4,23652.2,23588.3,23651.5,40611.0
2025-08-11 14:00:00+00:00,23652.0,23674.3,23626.7,23634.5,34441.0
2025-08-11 15:00:00+00:00,23633.8,23671.3,23622.4,23671.3,26664.0
2025-08-11 16:00:00+00:00,23671.0,23711.5,23643.0,23643.8,22551.0
2025-08-11 17:00:00+00:00,23644.2,23667.9,23603.5,23612.8,19936.0
2025-08-11 18:00:00+00:00,23613.9,23616.3,23565.9,23601.5,21235.0
2025-08-11 19:00:00+00:00,23601.4,23605.0,23502.8,23552.9,25931.0
2025-08-11 20:00:00+00:00,23553.4,23563.6,23531.4,23541.6,5141.0
2025-08-11 22:00:00+00:00,23555.4,23564.0,23529.8,23555.8,4747.0
2025-08-11 23:00:00+00:00,23555.6,23561.6,23540.6,23551.8,3371.0
2025-08-12 00:00:00+00:00,23549.6,23581.3,23543.8,23554.2,7234.0
2025-08-12 01:00:00+00:00,23554.3,23574.0,23547.6,23573.6,5701.0
2025-08-12 02:00:00+00:00,23574.6,23582.0,23563.8,23566.6,2749.0
2025-08-12 03:00:00+00:00,23566.5,23578.6,23565.6,23572.3,2297.0
2025-08-12 04:00:00+00:00,23572.2,23591.6,23565.3,23586.8,2516.0
2025-08-12 05:00:00+00:00,23585.6,23588.3,23511.2,23544.6,9719.0
2025-08-12 06:00:00+00:00,23545.1,23583.6,23542.9,23563.6,6582.0
2025-08-12 07:00:00+00:00,23563.6,23590.6,23553.6,23581.2,8708.0
2025-08-12 08:00:00+00:00,23580.2,23587.2,23550.1,23556.5,5851.0
2025-08-12 09:00:00+00:00,23555.8,23567.2,23550.2,23550.4,3675.0
2025-08-12 10:00:00+00:00,23550.2,23560.6,23541.2,23550.2,4626.0
2025-08-12 11:00:00+00:00,23550.8,23556.6,23523.5,23555.6,5759.0
2025-08-12 12:00:00+00:00,23555.8,23737.0,23553.8,23688.2,20456.0
2025-08-12 13:00:00+00:00,23688.0,23721.8,23565.1,23568.8,55658.0
2025-08-12 14:00:00+00:00,23568.2,23696.6,23537.3,23691.5,63504.0
2025-08-12 15:00:00+00:00,23691.1,23788.7,23688.4,23785.5,32657.0
2025-08-12 16:00:00+00:00,23785.6,23828.3,23764.5,23817.8,17399.0
2025-08-12 17:00:00+00:00,23817.9,23833.4,23803.4,23831.8,13670.0
2025-08-12 18:00:00+00:00,23831.9,23850.0,23823.4,23825.0,12884.0
2025-08-12 19:00:00+00:00,23824.7,23866.6,23820.0,23852.0,20265.0
2025-08-12 20:00:00+00:00,23852.1,23870.1,23842.1,23867.4,4077.0
2025-08-12 22:00:00+00:00,23855.3,23856.3,23843.4,23848.1,2366.0
2025-08-12 23:00:00+00:00,23847.4,23881.8,23846.0,23878.4,3338.0
2025-08-13 00:00:00+00:00,23877.4,23884.6,23855.2,23859.4,5959.0
2025-08-13 01:00:00+00:00,23859.3,23865.9,23843.3,23846.0,2930.0
2025-08-13 02:00:00+00:00,23846.1,23869.2,23839.8,23863.6,2528.0
2025-08-13 03:00:00+00:00,23863.3,23875.1,23859.0,23859.8,2381.0
2025-08-13 04:00:00+00:00,23860.4,23880.3,23859.6,23873.8,2162.0
2025-08-13 05:00:00+00:00,23873.4,23877.6,23861.2,23862.8,1972.0
2025-08-13 06:00:00+00:00,23863.4,23890.4,23852.6,23877.2,3391.0
2025-08-13 07:00:00+00:00,23876.6,23908.4,23875.4,23907.2,5157.0
2025-08-13 08:00:00+00:00,23907.3,23934.1,23895.1,23912.2,5544.0
2025-08-13 09:00:00+00:00,23911.8,23927.2,23902.6,23924.1,3439.0
2025-08-13 10:00:00+00:00,23924.0,23930.8,23905.4,23911.0,3556.0
2025-08-13 11:00:00+00:00,23909.6,23920.2,23902.2,23911.1,3928.0
2025-08-13 12:00:00+00:00,23912.4,23950.9,23907.1,23937.1,5483.0
2025-08-13 13:00:00+00:00,23937.2,23986.0,23923.0,23934.8,36588.0
2025-08-13 14:00:00+00:00,23935.7,23936.0,23850.5,23877.0,53146.0
2025-08-13 15:00:00+00:00,23876.4,23878.7,23810.3,23845.3,34992.0
2025-08-13 16:00:00+00:00,23845.8,23859.8,23806.1,23819.5,23234.0
2025-08-13 17:00:00+00:00,23819.4,23867.4,23815.5,23859.0,19988.0
2025-08-13 18:00:00+00:00,23858.5,23874.0,23807.5,23853.8,23259.0
2025-08-13 19:00:00+00:00,23854.3,23877.0,23831.8,23863.9,21874.0
2025-08-13 20:00:00+00:00,23863.8,23879.5,23842.3,23846.4,4735.0
2025-08-13 22:00:00+00:00,23842.0,23870.4,23831.6,23868.0,2958.0
2025-08-13 23:00:00+00:00,23868.4,23883.2,23858.2,23869.0,2281.0
2025-08-14 00:00:00+00:00,23869.4,23878.0,23850.0,23851.7,4860.0
2025-08-14 01:00:00+00:00,23851.2,23855.0,23836.2,23851.0,4745.0
2025-08-14 02:00:00+00:00,23850.8,23859.9,23843.6,23859.0,2409.0
2025-08-14 03:00:00+00:00,23858.9,23864.6,23841.6,23845.7,1981.0
2025-08-14 04:00:00+00:00,23844.8,23854.9,23840.0,23852.8,1723.0
2025-08-14 05:00:00+00:00,23852.7,23854.0,23817.0,23829.2,2862.0
2025-08-14 06:00:00+00:00,23828.5,23836.2,23819.0,23835.2,4136.0
2025-08-14 07:00:00+00:00,23834.6,23852.8,23831.6,23852.7,6340.0
2025-08-14 08:00:00+00:00,23852.8,23861.0,23840.2,23844.0,4654.0
2025-08-14 09:00:00+00:00,23843.6,23856.9,23836.6,23845.9,4094.0
2025-08-14 10:00:00+00:00,23845.2,23855.8,23838.2,23854.2,3685.0
2025-08-14 11:00:00+00:00,23852.5,23876.3,23846.2,23874.7,4677.0
2025-08-14 12:00:00+00:00,23873.8,23884.2,23712.8,23763.6,24859.0
2025-08-14 13:00:00+00:00,23761.6,23879.8,23736.2,23855.4,51034.0
2025-08-14 14:00:00+00:00,23855.2,23924.7,23824.3,23875.2,48843.0
2025-08-14 15:00:00+00:00,23874.9,23880.0,23782.8,23853.3,45808.0
2025-08-14 16:00:00+00:00,23854.1,23873.4,23786.8,23869.4,37959.0
2025-08-14 17:00:00+00:00,23869.3,23900.8,23859.6,23884.8,20158.0
2025-08-14 18:00:00+00:00,23884.3,23884.3,23816.0,23845.9,21615.0
2025-08-14 19:00:00+00:00,23845.5,23880.4,23839.1,23843.6,24042.0
2025-08-14 20:00:00+00:00,23843.8,23843.8,23792.1,23808.3,10195.0
2025-08-14 22:00:00+00:00,23802.4,23818.9,23792.2,23815.6,3727.0
2025-08-14 23:00:00+00:00,23815.7,23830.4,23808.2,23808.6,3429.0
2025-08-15 00:00:00+00:00,23808.6,23833.6,23793.8,23811.8,5607.0
2025-08-15 01:00:00+00:00,23811.6,23831.4,23809.9,23823.6,3764.0
2025-08-15 02:00:00+00:00,23823.0,23846.6,23822.8,23837.8,2669.0
2025-08-15 03:00:00+00:00,23837.9,23849.4,23830.6,23848.8,2305.0
2025-08-15 04:00:00+00:00,23848.9,23866.2,23848.8,23857.2,2268.0
2025-08-15 05:00:00+00:00,23856.6,23864.6,23844.2,23861.4,2240.0
2025-08-15 06:00:00+00:00,23859.6,23879.7,23853.7,23870.2,3338.0
2025-08-15 07:00:00+00:00,23870.2,23882.7,23848.9,23860.2,5012.0
2025-08-15 08:00:00+00:00,23859.9,23873.7,23797.6,23803.2,7025.0
2025-08-15 09:00:00+00:00,23802.9,23816.8,23797.9,23799.6,5197.0
2025-08-15 10:00:00+00:00,23799.6,23839.2,23792.0,23827.2,4407.0
2025-08-15 11:00:00+00:00,23826.7,23847.0,23824.8,23840.0,3749.0
2025-08-15 12:00:00+00:00,23841.2,23841.2,23807.4,23825.0,9729.0
2025-08-15 13:00:00+00:00,23824.4,23843.9,23690.8,23724.5,45162.0
2025-08-15 14:00:00+00:00,23693.2,23800.8,23691.2,23720.0,59021.0
2025-08-15 15:00:00+00:00,23720.2,23756.8,23658.0,23711.0,38230.0
2025-08-15 16:00:00+00:00,23710.5,23749.0,23687.0,23741.8,31367.0
2025-08-15 17:00:00+00:00,23741.9,23766.7,23709.3,23763.3,18054.0
2025-08-15 18:00:00+00:00,23763.0,23770.8,23715.4,23734.5,22085.0
2025-08-15 19:00:00+00:00,23733.3,23751.8,23698.8,23728.3,28293.0
2025-08-15 20:00:00+00:00,23728.4,23734.4,23701.3,23721.1,6223.0
2025-08-17 22:00:00+00:00,23739.5,23775.8,23739.0,23770.8,4592.0
2025-08-17 23:00:00+00:00,23770.4,23782.3,23763.4,23773.3,2304.0
2025-08-18 00:00:00+00:00,23772.8,23788.8,23768.0,23780.0,3483.0
2025-08-18 01:00:00+00:00,23779.6,23803.8,23777.8,23803.8,3237.0
2025-08-18 02:00:00+00:00,23803.8,23804.2,23789.8,23799.4,2327.0
2025-08-18 03:00:00+00:00,23799.3,23802.3,23778.8,23780.2,2255.0
2025-08-18 04:00:00+00:00,23780.4,23782.3,23768.0,23771.6,2415.0
2025-08-18 05:00:00+00:00,23771.8,23779.6,23764.3,23775.2,2287.0
2025-08-18 06:00:00+00:00,23774.8,23776.5,23695.2,23725.2,5500.0
2025-08-18 07:00:00+00:00,23725.1,23738.6,23703.1,23728.4,9988.0
2025-08-18 08:00:00+00:00,23727.2,23734.2,23666.0,23701.6,10332.0
2025-08-18 09:00:00+00:00,23701.4,23703.8,23661.8,23681.8,7748.0
2025-08-18 10:00:00+00:00,23681.4,23714.3,23679.2,23710.6,5180.0
2025-08-18 11:00:00+00:00,23710.5,23713.5,23669.6,23693.0,6214.0
2025-08-18 12:00:00+00:00,23691.6,23699.3,23668.8,23697.8,7162.0
2025-08-18 13:00:00+00:00,23697.3,23739.8,23657.6,23671.0,41805.0
2025-08-18 14:00:00+00:00,23671.3,23746.8,23641.6,23700.8,42678.0
2025-08-18 15:00:00+00:00,23700.5,23706.6,23651.5,23678.9,24391.0
2025-08-18 16:00:00+00:00,23679.2,23711.7,23654.2,23666.4,18589.0
2025-08-18 17:00:00+00:00,23666.7,23731.2,23664.4,23691.7,16291.0
2025-08-18 18:00:00+00:00,23692.2,23733.7,23681.0,23726.7,13226.0
2025-08-18 19:00:00+00:00,23726.2,23747.4,23716.2,23727.9,17296.0
2025-08-18 20:00:00+00:00,23728.0,23737.2,23715.5,23720.7,3813.0
2025-08-18 22:00:00+00:00,23734.0,23768.4,23729.0,23751.5,3822.0
2025-08-18 23:00:00+00:00,23751.2,23755.3,23733.4,23736.4,2321.0
2025-08-19 00:00:00+00:00,23736.5,23736.6,23693.6,23711.6,5756.0
2025-08-19 01:00:00+00:00,23712.0,23723.2,23702.2,23702.6,5311.0
2025-08-19 02:00:00+00:00,23701.8,23715.2,23693.5,23695.0,3227.0
2025-08-19 03:00:00+00:00,23694.8,23716.8,23682.4,23685.0,3799.0
2025-08-19 04:00:00+00:00,23684.8,23692.3,23670.0,23688.6,3268.0
2025-08-19 05:00:00+00:00,23688.0,23694.4,23661.8,23666.8,3545.0
2025-08-19 06:00:00+00:00,23666.8,23697.8,23665.4,23694.3,3120.0
2025-08-19 07:00:00+00:00,23694.6,23703.2,23679.2,23701.4,5240.0
2025-08-19 08:00:00+00:00,23700.5,23718.9,23676.8,23717.8,5459.0
2025-08-19 09:00:00+00:00,23718.0,23735.5,23712.5,23717.6,4345.0
2025-08-19 10:00:00+00:00,23718.6,23721.3,23682.3,23694.4,5795.0
2025-08-19 11:00:00+00:00,23693.4,23708.5,23686.6,23705.6,5820.0
2025-08-19 12:00:00+00:00,23704.0,23713.8,23670.4,23674.8,7799.0
2025-08-19 13:00:00+00:00,23675.2,23701.3,23571.6,23609.5,47164.0
2025-08-19 14:00:00+00:00,23608.5,23659.0,23471.3,23472.0,64061.0
2025-08-19 15:00:00+00:00,23471.9,23524.3,23445.8,23493.3,44197.0
2025-08-19 16:00:00+00:00,23493.2,23512.3,23407.5,23417.3,34631.0
2025-08-19 17:00:00+00:00,23417.0,23450.4,23380.5,23441.3,30012.0
2025-08-19 18:00:00+00:00,23441.0,23442.3,23379.3,23397.0,23658.0
2025-08-19 19:00:00+00:00,23396.0,23411.4,23360.9,23404.8,26260.0
2025-08-19 20:00:00+00:00,23405.3,23422.2,23398.9,23408.0,5100.0
2025-08-19 22:00:00+00:00,23411.2,23420.2,23388.8,23392.6,5185.0
2025-08-19 23:00:00+00:00,23393.2,23401.2,23348.8,23357.2,6126.0
2025-08-20 00:00:00+00:00,23357.6,23358.4,23333.6,23349.4,8060.0
2025-08-20 01:00:00+00:00,23349.0,23359.4,23302.8,23313.6,7755.0
2025-08-20 02:00:00+00:00,23313.4,23329.6,23303.6,23327.2,4596.0
2025-08-20 03:00:00+00:00,23326.3,23330.1,23273.2,23280.0,5348.0
2025-08-20 04:00:00+00:00,23279.3,23302.8,23278.1,23287.3,4096.0
2025-08-20 05:00:00+00:00,23286.2,23301.3,23269.6,23300.2,4553.0
2025-08-20 06:00:00+00:00,23300.1,23326.7,23279.6,23324.0,5605.0
2025-08-20 07:00:00+00:00,23324.1,23365.0,23321.0,23334.1,7936.0
2025-08-20 08:00:00+00:00,23335.0,23356.1,23306.8,23349.2,8348.0
2025-08-20 09:00:00+00:00,23349.4,23374.2,23341.4,23367.4,5891.0
2025-08-20 10:00:00+00:00,23367.3,23376.2,23338.2,23360.0,5145.0
2025-08-20 11:00:00+00:00,23358.1,23386.6,23320.7,23348.6,9407.0
2025-08-20 12:00:00+00:00,23347.2,23371.0,23331.7,23361.4,9975.0
2025-08-20 13:00:00+00:00,23361.3,23366.6,23081.3,23109.0,58981.0
2025-08-20 14:00:00+00:00,23108.4,23149.0,22970.0,22992.0,92302.0
2025-08-20 15:00:00+00:00,22992.3,23204.8,22981.2,23111.0,60996.0
2025-08-20 16:00:00+00:00,23110.8,23243.0,23108.3,23173.2,45812.0
2025-08-20 17:00:00+00:00,23173.0,23254.5,23164.9,23204.2,42069.0
2025-08-20 18:00:00+00:00,23203.6,23219.6,23130.3,23183.3,44544.0
2025-08-20 19:00:00+00:00,23183.0,23307.6,23183.0,23264.3,39632.0
2025-08-20 20:00:00+00:00,23265.0,23270.6,23246.4,23258.2,6277.0
2025-08-20 22:00:00+00:00,23268.8,23277.6,23248.6,23255.0,5426.0
2025-08-20 23:00:00+00:00,23255.2,23265.2,23241.3,23254.8,3992.0
2025-08-21 00:00:00+00:00,23254.7,23259.0,23204.4,23227.2,8670.0
2025-08-21 01:00:00+00:00,23227.4,23290.1,23202.7,23289.0,8360.0
2025-08-21 02:00:00+00:00,23288.6,23304.3,23276.8,23289.4,4257.0
2025-08-21 03:00:00+00:00,23289.6,23295.6,23272.4,23277.0,2945.0
2025-08-21 04:00:00+00:00,23276.8,23282.1,23265.6,23276.0,2701.0
2025-08-21 05:00:00+00:00,23276.0,23284.8,23246.6,23276.4,5038.0
2025-08-21 06:00:00+00:00,23276.4,23303.4,23267.6,23290.6,4936.0
2025-08-21 07:00:00+00:00,23289.2,23294.2,23256.6,23278.6,9898.0
2025-08-21 08:00:00+00:00,23278.4,23292.6,23232.4,23233.6,9237.0
2025-08-21 09:00:00+00:00,23233.6,23264.0,23225.3,23239.6,7532.0
2025-08-21 10:00:00+00:00,23239.6,23253.2,23208.1,23247.6,8821.0
2025-08-21 11:00:00+00:00,23246.4,23269.2,23200.2,23216.6,11075.0
2025-08-21 12:00:00+00:00,23215.4,23216.2,23151.0,23159.2,15321.0
2025-08-21 13:00:00+00:00,23158.2,23225.3,23111.3,23121.2,50852.0
2025-08-21 14:00:00+00:00,23120.5,23283.3,23091.3,23230.0,64176.0
2025-08-21 15:00:00+00:00,23231.3,23247.8,23128.3,23141.0,51574.0
2025-08-21 16:00:00+00:00,23141.2,23150.5,23087.6,23098.4,39407.0
2025-08-21 17:00:00+00:00,23098.3,23161.1,23056.6,23152.0,36850.0
2025-08-21 18:00:00+00:00,23150.3,23171.6,23117.0,23162.3,27996.0
2025-08-21 19:00:00+00:00,23161.8,23191.8,23141.0,23155.4,28185.0
2025-08-21 20:00:00+00:00,23155.3,23163.0,23136.9,23158.4,5811.0
2025-08-21 22:00:00+00:00,23169.0,23185.4,23162.8,23179.6,4881.0
2025-08-21 23:00:00+00:00,23179.0,23186.6,23166.4,23183.8,3326.0
2025-08-22 00:00:00+00:00,23183.6,23185.2,23116.1,23148.4,9904.0
2025-08-22 01:00:00+00:00,23148.3,23156.4,23128.6,23141.4,7763.0
2025-08-22 02:00:00+00:00,23142.4,23167.8,23139.3,23142.0,5078.0
2025-08-22 03:00:00+00:00,23141.8,23145.8,23127.3,23130.2,4412.0
2025-08-22 04:00:00+00:00,23130.4,23150.6,23128.6,23144.2,3313.0
2025-08-22 05:00:00+00:00,23144.2,23147.3,23115.9,23125.8,4282.0
2025-08-22 06:00:00+00:00,23125.8,23125.9,23013.2,23073.8,9598.0
2025-08-22 07:00:00+00:00,23073.9,23135.3,23069.6,23131.2,10443.0
2025-08-22 08:00:00+00:00,23130.0,23191.3,23126.2,23188.6,9806.0
2025-08-22 09:00:00+00:00,23188.4,23189.2,23166.0,23187.2,6927.0
2025-08-22 10:00:00+00:00,23186.8,23209.6,23185.8,23200.4,6267.0
2025-08-22 11:00:00+00:00,23200.1,23215.2,23176.6,23187.6,7935.0
2025-08-22 12:00:00+00:00,23186.6,23209.8,23175.0,23177.2,8799.0
2025-08-22 13:00:00+00:00,23177.3,23277.2,23141.4,23201.4,37874.0
2025-08-22 14:00:00+00:00,23215.3,23578.6,23212.5,23537.8,94094.0
2025-08-22 15:00:00+00:00,23538.4,23584.6,23501.7,23505.6,48096.0
2025-08-22 16:00:00+00:00,23506.6,23527.6,23444.0,23465.3,38767.0
2025-08-22 17:00:00+00:00,23464.5,23561.1,23464.5,23542.6,25657.0
2025-08-22 18:00:00+00:00,23542.3,23553.6,23518.8,23522.8,19256.0
2025-08-22 19:00:00+00:00,23523.1,23530.3,23468.0,23502.7,27643.0
2025-08-22 20:00:00+00:00,23502.3,23523.5,23486.2,23516.7,6274.0
2025-08-24 22:00:00+00:00,23522.8,23525.6,23481.8,23508.4,5978.0
2025-08-24 23:00:00+00:00,23507.8,23525.8,23498.2,23511.2,4727.0
2025-08-25 00:00:00+00:00,23511.2,23533.8,23486.8,23492.6,7955.0
2025-08-25 01:00:00+00:00,23492.5,23494.6,23471.4,23471.6,4187.0
2025-08-25 02:00:00+00:00,23471.5,23486.2,23459.5,23460.8,3896.0
2025-08-25 03:00:00+00:00,23460.3,23487.8,23457.8,23484.4,3177.0
2025-08-25 04:00:00+00:00,23484.3,23495.8,23480.5,23491.6,2130.0
2025-08-25 05:00:00+00:00,23491.8,23503.8,23487.3,23501.8,2854.0
2025-08-25 06:00:00+00:00,23502.4,23504.8,23455.6,23458.6,3513.0
2025-08-25 07:00:00+00:00,23459.8,23472.8,23445.3,23462.6,6188.0
2025-08-25 08:00:00+00:00,23462.4,23474.4,23444.0,23446.2,5322.0
2025-08-25 09:00:00+00:00,23446.3,23449.4,23422.8,23440.3,4751.0
2025-08-25 10:00:00+00:00,23440.4,23441.0,23398.9,23416.8,5672.0
2025-08-25 11:00:00+00:00,23417.0,23437.0,23406.6,23433.8,5504.0
2025-08-25 12:00:00+00:00,23433.8,23434.0,23400.3,23415.8,8811.0
2025-08-25 13:00:00+00:00,23416.6,23455.6,23381.5,23455.3,47286.0
2025-08-25 14:00:00+00:00,23455.6,23510.6,23441.5,23507.3,52422.0
2025-08-25 15:00:00+00:00,23507.8,23552.6,23501.1,23537.5,26903.0
2025-08-25 16:00:00+00:00,23536.6,23557.3,23531.0,23541.0,17061.0
2025-08-25 17:00:00+00:00,23541.3,23542.8,23502.5,23523.3,17505.0
2025-08-25 18:00:00+00:00,23524.0,23528.8,23494.3,23497.5,15351.0
2025-08-25 19:00:00+00:00,23497.4,23518.4,23434.0,23440.8,21236.0
2025-08-25 20:00:00+00:00,23440.8,23463.3,23430.6,23449.5,5298.0
2025-08-25 22:00:00+00:00,23444.8,23465.2,23444.8,23456.6,2392.0
2025-08-25 23:00:00+00:00,23456.6,23461.6,23434.0,23441.4,2670.0
2025-08-26 00:00:00+00:00,23441.0,23454.0,23316.6,23362.6,22172.0
2025-08-26 01:00:00+00:00,23362.2,23401.0,23355.4,23369.4,8566.0
2025-08-26 02:00:00+00:00,23370.0,23420.0,23368.6,23393.6,4899.0
2025-08-26 03:00:00+00:00,23394.3,23402.5,23385.5,23396.6,2977.0
2025-08-26 04:00:00+00:00,23396.3,23405.2,23385.8,23400.0,2739.0
2025-08-26 05:00:00+00:00,23400.6,23429.4,23400.6,23421.2,3607.0
2025-08-26 06:00:00+00:00,23421.3,23428.8,23389.5,23399.4,7244.0
2025-08-26 07:00:00+00:00,23399.0,23409.5,23360.8,23387.2,14248.0
2025-08-26 08:00:00+00:00,23387.4,23418.8,23385.2,23404.5,9682.0
2025-08-26 09:00:00+00:00,23404.6,23426.5,23397.5,23419.8,5405.0
2025-08-26 10:00:00+00:00,23419.3,23450.3,23416.2,23436.2,5855.0
2025-08-26 11:00:00+00:00,23436.0,23440.2,23389.5,23414.5,7863.0
2025-08-26 12:00:00+00:00,23412.6,23424.8,23384.8,23415.8,9497.0
2025-08-26 13:00:00+00:00,23415.5,23463.0,23372.3,23439.0,49254.0
2025-08-26 14:00:00+00:00,23439.2,23495.5,23429.8,23467.4,46559.0
2025-08-26 15:00:00+00:00,23467.3,23481.8,23438.1,23465.3,27333.0
2025-08-26 16:00:00+00:00,23465.8,23503.9,23465.5,23487.3,19588.0
2025-08-26 17:00:00+00:00,23487.0,23491.5,23426.9,23450.5,19222.0
2025-08-26 18:00:00+00:00,23450.8,23503.7,23446.7,23497.8,16316.0
2025-08-26 19:00:00+00:00,23497.4,23547.7,23482.4,23534.7,26035.0
2025-08-26 20:00:00+00:00,23534.5,23558.7,23531.1,23554.9,5385.0
2025-08-26 22:00:00+00:00,23561.0,23570.1,23557.2,23564.0,2108.0
2025-08-26 23:00:00+00:00,23563.8,23571.0,23557.5,23562.0,1767.0
2025-08-27 00:00:00+00:00,23562.4,23564.8,23542.3,23545.6,2998.0
2025-08-27 01:00:00+00:00,23546.5,23576.6,23545.8,23574.8,3158.0
2025-08-27 02:00:00+00:00,23575.2,23575.8,23557.0,23559.4,2115.0
2025-08-27 03:00:00+00:00,23559.5,23569.0,23557.3,23561.4,1658.0
2025-08-27 04:00:00+00:00,23561.2,23569.4,23553.4,23564.4,1424.0
2025-08-27 05:00:00+00:00,23564.5,23564.7,23540.8,23548.4,2238.0
2025-08-27 06:00:00+00:00,23548.2,23566.8,23543.3,23550.8,2990.0
2025-08-27 07:00:00+00:00,23551.8,23562.8,23523.4,23542.6,6870.0
2025-08-27 08:00:00+00:00,23542.5,23546.6,23515.5,23535.0,6608.0
2025-08-27 09:00:00+00:00,23534.8,23549.6,23533.0,23544.2,4340.0
2025-08-27 10:00:00+00:00,23544.4,23553.2,23539.1,23548.0,3555.0
2025-08-27 11:00:00+00:00,23547.4,23562.5,23544.8,23555.6,3761.0
2025-08-27 12:00:00+00:00,23555.5,23568.6,23511.5,23529.7,8774.0
2025-08-27 13:00:00+00:00,23529.3,23533.3,23437.0,23482.7,50026.0
2025-08-27 14:00:00+00:00,23482.4,23563.1,23474.2,23548.0,35923.0
2025-08-27 15:00:00+00:00,23548.0,23581.1,23520.6,23574.1,21870.0
2025-08-27 16:00:00+00:00,23573.8,23574.6,23492.6,23550.8,23805.0
2025-08-27 17:00:00+00:00,23551.6,23574.7,23537.7,23572.0,15069.0
2025-08-27 18:00:00+00:00,23571.8,23607.8,23565.5,23577.3,15953.0
2025-08-27 19:00:00+00:00,23577.0,23597.0,23504.1,23571.0,25138.0
2025-08-27 20:00:00+00:00,23570.7,23620.4,23386.2,23491.4,30933.0
2025-08-27 22:00:00+00:00,23480.6,23486.2,23449.2,23468.5,7279.0
2025-08-27 23:00:00+00:00,23468.1,23476.2,23453.0,23459.2,4698.0
2025-08-28 00:00:00+00:00,23457.9,23474.1,23438.6,23471.2,8341.0
2025-08-28 01:00:00+00:00,23471.4,23502.4,23468.8,23498.4,4156.0
2025-08-28 02:00:00+00:00,23498.4,23512.4,23495.4,23504.9,2826.0
2025-08-28 03:00:00+00:00,23505.0,23534.4,23504.6,23525.8,2852.0
2025-08-28 04:00:00+00:00,23525.9,23525.9,23508.4,23512.2,2691.0
2025-08-28 05:00:00+00:00,23511.9,23517.9,23491.6,23493.2,3144.0
2025-08-28 06:00:00+00:00,23493.1,23562.2,23490.8,23556.4,4423.0
2025-08-28 07:00:00+00:00,23557.2,23582.9,23553.4,23582.6,6738.0
2025-08-28 08:00:00+00:00,23583.0,23612.1,23565.9,23567.0,7230.0
2025-08-28 09:00:00+00:00,23567.2,23578.4,23559.6,23564.9,4061.0
2025-08-28 10:00:00+00:00,23565.0,23576.0,23548.2,23562.0,4416.0
2025-08-28 11:00:00+00:00,23561.6,23568.6,23533.8,23568.6,6402.0
2025-08-28 12:00:00+00:00,23567.0,23604.1,23544.2,23584.1,13938.0
2025-08-28 13:00:00+00:00,23584.0,23692.6,23523.3,23560.0,56290.0
2025-08-28 14:00:00+00:00,23560.0,23680.5,23544.0,23664.8,64564.0
2025-08-28 15:00:00+00:00,23664.6,23703.1,23615.8,23640.9,38358.0
2025-08-28 16:00:00+00:00,23641.4,23719.3,23636.4,23685.4,20813.0
2025-08-28 17:00:00+00:00,23685.7,23725.7,23675.9,23719.9,17845.0
2025-08-28 18:00:00+00:00,23719.4,23745.7,23714.9,23742.2,13005.0
2025-08-28 19:00:00+00:00,23741.7,23755.7,23718.7,23719.4,18182.0
2025-08-28 20:00:00+00:00,23719.7,23727.4,23704.9,23713.9,4405.0
2025-08-28 22:00:00+00:00,23708.1,23712.6,23686.4,23692.2,3349.0
2025-08-28 23:00:00+00:00,23691.7,23703.4,23688.4,23699.0,1877.0
2025-08-29 00:00:00+00:00,23698.6,23706.6,23689.8,23697.1,3463.0
2025-08-29 01:00:00+00:00,23697.0,23702.4,23681.0,23684.0,3552.0
2025-08-29 02:00:00+00:00,23683.9,23684.6,23669.4,23677.8,2474.0
2025-08-29 03:00:00+00:00,23677.9,23691.9,23675.6,23679.1,2504.0
2025-08-29 04:00:00+00:00,23679.2,23682.0,23669.8,23671.6,1680.0
2025-08-29 05:00:00+00:00,23672.0,23679.4,23665.6,23675.8,1912.0
2025-08-29 06:00:00+00:00,23675.6,23684.0,23665.2,23668.4,3232.0
2025-08-29 07:00:00+00:00,23668.2,23687.9,23635.1,23635.9,6732.0
2025-08-29 08:00:00+00:00,23636.0,23648.1,23576.0,23583.4,10213.0
2025-08-29 09:00:00+00:00,23583.6,23611.0,23563.4,23596.8,7624.0
2025-08-29 10:00:00+00:00,23596.9,23613.0,23573.6,23587.8,6083.0
2025-08-29 11:00:00+00:00,23586.8,23605.6,23582.0,23590.4,6430.0
2025-08-29 12:00:00+00:00,23590.4,23632.0,23572.7,23617.8,14184.0
2025-08-29 13:00:00+00:00,23617.1,23620.9,23458.4,23469.6,50954.0
2025-08-29 14:00:00+00:00,23470.2,23502.4,23366.8,23386.6,80366.0
2025-08-29 15:00:00+00:00,23386.2,23449.5,23379.2,23386.2,47885.0
2025-08-29 16:00:00+00:00,23386.0,23445.3,23383.2,23432.2,24747.0
2025-08-29 17:00:00+00:00,23431.8,23431.8,23353.8,23413.7,29863.0
2025-08-29 18:00:00+00:00,23413.6,23421.1,23390.8,23413.5,21946.0
2025-08-29 19:00:00+00:00,23412.6,23449.4,23380.8,23427.2,29240.0
2025-08-29 20:00:00+00:00,23427.5,23442.0,23406.6,23412.5,7485.0
2025-08-31 22:00:00+00:00,23418.8,23491.0,23418.8,23490.4,4856.0
2025-08-31 23:00:00+00:00,23490.0,23499.8,23484.3,23491.8,2278.0
2025-09-01 00:00:00+00:00,23492.2,23506.5,23484.5,23492.4,4330.0
2025-09-01 01:00:00+00:00,23493.0,23494.6,23462.5,23471.4,4192.0
2025-09-01 02:00:00+00:00,23472.0,23472.2,23420.7,23423.1,4858.0
2025-09-01 03:00:00+00:00,23423.2,23439.0,23386.2,23396.4,6041.0
2025-09-01 04:00:00+00:00,23396.4,23401.5,23361.8,23381.8,4539.0
2025-09-01 05:00:00+00:00,23381.6,23402.8,23364.4,23384.0,4963.0
2025-09-01 06:00:00+00:00,23384.2,23427.6,23326.0,23403.4,8247.0
2025-09-01 07:00:00+00:00,23404.0,23431.6,23397.0,23424.1,10216.0
2025-09-01 08:00:00+00:00,23423.2,23456.7,23413.6,23444.8,7573.0
2025-09-01 09:00:00+00:00,23444.6,23450.7,23430.6,23439.4,3982.0
2025-09-01 10:00:00+00:00,23439.5,23455.0,23434.7,23440.8,3979.0
2025-09-01 11:00:00+00:00,23439.6,23448.5,23400.7,23420.8,4614.0
2025-09-01 12:00:00+00:00,23419.8,23436.5,23414.8,23431.6,4254.0
2025-09-01 13:00:00+00:00,23431.2,23448.8,23397.6,23442.7,7368.0
2025-09-01 14:00:00+00:00,23442.0,23446.8,23433.5,23445.7,4568.0
2025-09-01 15:00:00+00:00,23445.2,23461.0,23434.0,23449.6,4151.0
2025-09-01 16:00:00+00:00,23449.7,23460.5,23436.6,23453.2,3413.0
2025-09-01 22:00:00+00:00,23448.6,23450.5,23414.4,23415.5,3140.0
2025-09-01 23:00:00+00:00,23416.2,23418.4,23382.2,23399.2,5175.0
2025-09-02 00:00:00+00:00,23399.4,23428.1,23385.0,23427.2,5822.0
2025-09-02 01:00:00+00:00,23427.1,23437.4,23392.4,23392.4,4623.0
2025-09-02 02:00:00+00:00,23392.4,23401.2,23369.4,23379.8,4727.0
2025-09-02 03:00:00+00:00,23380.4,23395.6,23370.2,23391.8,3367.0
2025-09-02 04:00:00+00:00,23391.6,23404.5,23381.4,23391.2,2700.0
2025-09-02 05:00:00+00:00,23391.2,23392.4,23358.4,23366.8,4578.0
2025-09-02 06:00:00+00:00,23367.8,23401.6,23360.9,23401.0,4523.0
2025-09-02 07:00:00+00:00,23400.8,23405.4,23223.9,23231.4,20019.0
2025-09-02 08:00:00+00:00,23231.8,23287.1,23221.1,23264.2,15784.0
2025-09-02 09:00:00+00:00,23264.2,23284.6,23245.0,23246.0,7133.0
2025-09-02 10:00:00+00:00,23245.6,23264.9,23185.2,23206.8,10140.0
2025-09-02 11:00:00+00:00,23207.8,23214.1,23172.6,23178.8,11748.0
2025-09-02 12:00:00+00:00,23177.4,23177.6,23018.6,23050.0,22118.0
2025-09-02 13:00:00+00:00,23049.8,23214.1,22979.2,23187.6,61375.0
2025-09-02 14:00:00+00:00,23185.2,23233.2,23089.2,23115.8,79391.0
2025-09-02 15:00:00+00:00,23116.1,23132.8,22980.3,23001.8,51266.0
2025-09-02 16:00:00+00:00,23001.6,23095.3,22992.1,23090.9,31623.0
2025-09-02 17:00:00+00:00,23091.2,23189.8,23068.8,23153.7,27808.0
2025-09-02 18:00:00+00:00,23153.5,23196.9,23122.0,23153.7,28764.0
2025-09-02 19:00:00+00:00,23153.2,23254.5,23152.9,23241.2,31191.0
2025-09-02 20:00:00+00:00,23241.3,23350.3,23234.3,23342.2,19871.0
2025-09-02 22:00:00+00:00,23341.4,23350.2,23299.8,23305.6,5080.0
2025-09-02 23:00:00+00:00,23305.2,23309.6,23291.0,23298.4,2955.0
2025-09-03 00:00:00+00:00,23296.4,23304.2,23282.0,23295.6,5126.0
2025-09-03 01:00:00+00:00,23294.6,23304.4,23276.2,23301.0,4833.0
2025-09-03 02:00:00+00:00,23300.6,23303.3,23277.6,23286.6,3518.0
2025-09-03 03:00:00+00:00,23286.0,23297.1,23264.2,23288.6,4209.0
2025-09-03 04:00:00+00:00,23288.4,23300.1,23283.6,23295.6,2606.0
2025-09-03 05:00:00+00:00,23295.1,23300.8,23272.6,23281.2,3719.0
2025-09-03 06:00:00+00:00,23281.1,23329.0,23274.1,23310.1,4992.0
2025-09-03 07:00:00+00:00,23309.4,23346.8,23284.6,23340.4,9411.0
2025-09-03 08:00:00+00:00,23340.6,23395.6,23334.4,23383.2,8973.0
2025-09-03 09:00:00+00:00,23384.1,23408.6,23363.3,23402.3,6681.0
2025-09-03 10:00:00+00:00,23402.0,23412.3,23387.3,23405.6,6458.0
2025-09-03 11:00:00+00:00,23405.6,23422.6,23372.3,23380.2,9793.0
2025-09-03 12:00:00+00:00,23382.0,23412.2,23364.3,23387.1,12599.0
2025-09-03 13:00:00+00:00,23387.0,23421.1,23334.3,23346.4,54146.0
2025-09-03 14:00:00+00:00,23345.4,23489.5,23337.4,23473.3,62898.0
2025-09-03 15:00:00+00:00,23473.0,23480.5,23369.8,23382.8,42081.0
2025-09-03 16:00:00+00:00,23382.3,23431.4,23359.3,23378.3,34148.0
2025-09-03 17:00:00+00:00,23378.6,23429.3,23314.0,23332.5,31445.0
2025-09-03 18:00:00+00:00,23332.8,23333.5,23286.1,23309.8,38882.0
2025-09-03 19:00:00+00:00,23309.6,23422.3,23298.4,23419.3,28259.0
2025-09-03 20:00:00+00:00,23419.8,23438.8,23415.1,23421.9,6224.0
2025-09-03 22:00:00+00:00,23410.1,23419.8,23399.8,23400.1,2925.0
2025-09-03 23:00:00+00:00,23400.2,23421.6,23398.1,23403.6,2190.0
2025-09-04 00:00:00+00:00,23402.6,23480.1,23396.6,23469.4,6828.0
2025-09-04 01:00:00+00:00,23469.0,23474.6,23450.6,23463.2,5407.0
2025-09-04 02:00:00+00:00,23463.4,23497.4,23441.2,23446.0,4450.0
2025-09-04 03:00:00+00:00,23445.6,23449.2,23424.4,23434.3,3141.0
2025-09-04 04:00:00+00:00,23434.2,23459.6,23434.2,23456.1,2560.0
2025-09-04 05:00:00+00:00,23456.0,23468.0,23425.6,23434.1,3803.0
2025-09-04 06:00:00+00:00,23433.3,23447.3,23418.2,23419.4,4698.0
2025-09-04 07:00:00+00:00,23419.0,23471.1,23416.6,23454.0,7899.0
2025-09-04 08:00:00+00:00,23453.8,23474.6,23442.3,23462.6,5849.0
2025-09-04 09:00:00+00:00,23462.7,23482.4,23457.4,23481.3,4558.0
2025-09-04 10:00:00+00:00,23481.2,23499.6,23468.6,23474.3,6336.0
2025-09-04 11:00:00+00:00,23473.7,23486.0,23445.8,23462.0,7349.0
2025-09-04 12:00:00+00:00,23461.6,23486.6,23435.1,23450.3,12119.0
2025-09-04 13:00:00+00:00,23450.2,23513.3,23422.8,23444.4,50061.0
2025-09-04 14:00:00+00:00,23439.4,23495.4,23375.8,23487.0,57873.0
2025-09-04 15:00:00+00:00,23487.2,23521.2,23457.5,23504.0,30963.0
2025-09-04 16:00:00+00:00,23503.9,23530.3,23478.2,23503.5,22759.0
2025-09-04 17:00:00+00:00,23504.3,23574.0,23501.8,23551.5,18418.0
2025-09-04 18:00:00+00:00,23551.3,23592.5,23551.2,23588.2,15565.0
2025-09-04 19:00:00+00:00,23588.5,23648.3,23584.6,23634.2,22273.0
2025-09-04 20:00:00+00:00,23634.5,23676.3,23626.7,23653.8,9227.0
2025-09-04 22:00:00+00:00,23663.2,23678.6,23657.0,23672.4,3100.0
2025-09-04 23:00:00+00:00,23672.0,23681.3,23669.8,23671.6,2088.0
2025-09-05 00:00:00+00:00,23671.5,23696.6,23667.7,23694.6,3827.0
2025-09-05 01:00:00+00:00,23694.5,23704.7,23690.0,23700.0,3251.0
2025-09-05 02:00:00+00:00,23700.0,23707.0,23683.6,23702.0,2439.0
2025-09-05 03:00:00+00:00,23701.7,23707.6,23694.4,23706.7,1757.0
2025-09-05 04:00:00+00:00,23706.8,23716.2,23705.5,23709.8,1675.0
2025-09-05 05:00:00+00:00,23710.2,23735.4,23706.0,23726.4,2459.0
2025-09-05 06:00:00+00:00,23727.0,23753.2,23724.4,23737.8,3336.0
2025-09-05 07:00:00+00:00,23737.4,23740.8,23708.6,23721.5,7080.0
2025-09-05 08:00:00+00:00,23721.4,23752.5,23714.0,23752.2,5100.0
2025-09-05 09:00:00+00:00,23752.6,23756.6,23742.7,23749.2,3730.0
2025-09-05 10:00:00+00:00,23749.4,23754.5,23739.5,23741.7,3603.0
2025-09-05 11:00:00+00:00,23741.8,23764.8,23733.5,23734.5,5363.0
2025-09-05 12:00:00+00:00,23735.4,23839.8,23691.8,23839.2,26772.0
2025-09-05 13:00:00+00:00,23839.4,23867.0,23787.0,23818.0,65152.0
2025-09-05 14:00:00+00:00,23817.7,23819.0,23510.0,23512.8,105984.0
2025-09-05 15:00:00+00:00,23512.7,23634.1,23470.5,23584.3,78860.0
2025-09-05 16:00:00+00:00,23583.8,23624.1,23560.7,23620.2,59618.0
2025-09-05 17:00:00+00:00,23619.8,23627.8,23551.8,23579.6,50347.0
2025-09-05 18:00:00+00:00,23580.0,23628.0,23569.2,23622.8,31823.0
2025-09-05 19:00:00+00:00,23621.6,23659.1,23607.2,23656.8,36694.0
2025-09-05 20:00:00+00:00,23656.1,23661.9,23632.9,23639.9,5396.0
2025-09-07 22:00:00+00:00,23639.8,23713.2,23616.4,23706.1,6702.0
2025-09-07 23:00:00+00:00,23706.2,23749.8,23706.2,23743.4,5555.0
2025-09-08 00:00:00+00:00,23743.4,23757.1,23729.6,23729.9,6400.0
2025-09-08 01:00:00+00:00,23730.0,23745.0,23723.1,23733.6,4483.0
2025-09-08 02:00:00+00:00,23733.4,23736.4,23701.6,23706.4,3355.0
2025-09-08 03:00:00+00:00,23706.6,23728.4,23706.4,23720.4,2794.0
2025-09-08 04:00:00+00:00,23719.8,23721.4,23692.5,23699.2,2496.0
2025-09-08 05:00:00+00:00,23699.6,23716.8,23695.1,23696.8,2859.0
2025-09-08 06:00:00+00:00,23696.6,23728.4,23696.2,23718.2,5432.0
2025-09-08 07:00:00+00:00,23717.8,23747.1,23715.7,23719.0,5753.0
2025-09-08 08:00:00+00:00,23719.1,23734.2,23706.8,23730.2,5180.0
2025-09-08 09:00:00+00:00,23730.4,23750.9,23720.8,23746.2,3703.0
2025-09-08 10:00:00+00:00,23746.9,23755.6,23735.1,23737.4,3910.0
2025-09-08 11:00:00+00:00,23736.8,23747.6,23726.6,23728.2,4509.0
2025-09-08 12:00:00+00:00,23728.9,23744.8,23709.9,23744.2,8041.0
2025-09-08 13:00:00+00:00,23744.1,23841.8,23732.9,23811.4,50695.0
2025-09-08 14:00:00+00:00,23812.3,23853.6,23772.1,23825.3,49330.0
2025-09-08 15:00:00+00:00,23824.7,23849.1,23795.6,23838.5,28113.0
2025-09-08 16:00:00+00:00,23838.6,23839.3,23760.5,23781.5,25258.0
2025-09-08 17:00:00+00:00,23781.8,23787.0,23733.0,23752.8,21477.0
2025-09-08 18:00:00+00:00,23753.3,23791.8,23742.5,23765.8,17918.0
2025-09-08 19:00:00+00:00,23765.5,23783.8,23732.4,23775.3,25870.0
2025-09-08 20:00:00+00:00,23775.8,23782.4,23764.4,23769.0,3927.0
2025-09-08 22:00:00+00:00,23779.4,23800.9,23778.7,23797.2,2141.0
2025-09-08 23:00:00+00:00,23797.4,23802.1,23776.4,23779.6,2051.0
2025-09-09 00:00:00+00:00,23779.4,23798.9,23775.9,23779.4,3471.0
2025-09-09 01:00:00+00:00,23779.4,23790.4,23763.1,23785.8,3716.0
2025-09-09 02:00:00+00:00,23785.9,23819.4,23785.9,23799.8,3226.0
2025-09-09 03:00:00+00:00,23800.2,23814.2,23798.8,23811.2,2178.0
2025-09-09 04:00:00+00:00,23811.4,23812.6,23802.9,23809.9,1410.0
2025-09-09 05:00:00+00:00,23809.0,23814.1,23787.2,23806.2,3223.0
2025-09-09 06:00:00+00:00,23806.6,23827.7,23802.4,23822.0,3996.0
2025-09-09 07:00:00+00:00,23822.4,23857.1,23818.6,23827.4,6653.0
2025-09-09 08:00:00+00:00,23827.5,23829.0,23806.4,23815.0,7375.0
2025-09-09 09:00:00+00:00,23814.4,23828.1,23808.1,23816.2,4585.0
2025-09-09 10:00:00+00:00,23816.4,23830.4,23810.1,23817.4,4204.0
2025-09-09 11:00:00+00:00,23817.2,23825.5,23784.0,23821.6,6998.0
2025-09-09 12:00:00+00:00,23821.4,23829.4,23806.1,23811.4,8100.0
2025-09-09 13:00:00+00:00,23811.2,23829.6,23772.4,23787.1,51072.0
2025-09-09 14:00:00+00:00,23787.2,23822.8,23698.8,23758.3,69564.0
2025-09-09 15:00:00+00:00,23757.6,23787.5,23724.3,23759.8,38212.0
2025-09-09 16:00:00+00:00,23759.0,23808.8,23756.9,23796.0,26922.0
2025-09-09 17:00:00+00:00,23796.3,23830.3,23796.0,23814.3,25661.0
2025-09-09 18:00:00+00:00,23814.8,23823.9,23798.5,23818.9,23755.0
2025-09-09 19:00:00+00:00,23819.0,23862.8,23810.4,23842.5,26661.0
2025-09-09 20:00:00+00:00,23842.4,23891.4,23823.0,23864.6,12770.0
2025-09-09 22:00:00+00:00,23876.6,23886.2,23865.2,23871.4,2896.0
2025-09-09 23:00:00+00:00,23871.0,23872.8,23849.5,23860.8,2906.0
2025-09-10 00:00:00+00:00,23859.8,23873.8,23856.2,23860.6,3081.0
2025-09-10 01:00:00+00:00,23861.0,23881.1,23853.1,23877.8,3453.0
2025-09-10 02:00:00+00:00,23878.0,23891.8,23872.6,23886.2,2540.0
2025-09-10 03:00:00+00:00,23886.5,23893.6,23885.8,23892.4,1460.0
2025-09-10 04:00:00+00:00,23892.5,23899.3,23892.2,23896.8,1483.0
2025-09-10 05:00:00+00:00,23897.0,23903.2,23887.2,23893.6,2554.0
2025-09-10 06:00:00+00:00,23894.3,23923.0,23887.6,23918.8,3314.0
2025-09-10 07:00:00+00:00,23918.8,23928.4,23910.4,23913.0,5751.0
2025-09-10 08:00:00+00:00,23913.4,23915.6,23862.2,23870.8,6826.0
2025-09-10 09:00:00+00:00,23870.8,23884.8,23857.3,23883.8,5039.0
2025-09-10 10:00:00+00:00,23883.8,23901.6,23878.6,23899.6,3747.0
2025-09-10 11:00:00+00:00,23900.3,23932.5,23897.4,23924.0,5016.0
2025-09-10 12:00:00+00:00,23923.4,24018.8,23910.0,23979.0,17372.0
2025-09-10 13:00:00+00:00,23978.8,23989.8,23875.8,23905.5,60842.0
2025-09-10 14:00:00+00:00,23905.6,23965.6,23899.5,23941.8,53836.0
2025-09-10 15:00:00+00:00,23941.5,23956.0,23900.7,23927.5,34136.0
2025-09-10 16:00:00+00:00,23928.0,23928.2,23875.0,23901.7,24968.0
2025-09-10 17:00:00+00:00,23901.8,23917.7,23853.7,23875.2,23824.0
2025-09-10 18:00:00+00:00,23875.5,23877.3,23813.7,23840.0,25034.0
2025-09-10 19:00:00+00:00,23839.8,23870.1,23763.2,23851.7,35777.0
2025-09-10 20:00:00+00:00,23851.8,23862.8,23835.2,23838.8,4838.0
2025-09-10 22:00:00+00:00,23840.8,23886.1,23840.8,23875.0,3138.0
2025-09-10 23:00:00+00:00,23874.5,23891.2,23869.9,23878.4,2885.0
2025-09-11 00:00:00+00:00,23877.4,23889.9,23849.2,23882.0,5284.0
2025-09-11 01:00:00+00:00,23881.6,23894.1,23876.8,23885.2,4187.0
2025-09-11 02:00:00+00:00,23885.1,23893.8,23877.6,23885.4,2781.0
2025-09-11 03:00:00+00:00,23885.4,23896.4,23882.8,23891.0,2098.0
2025-09-11 04:00:00+00:00,23891.1,23892.9,23855.4,23857.2,3397.0
2025-09-11 05:00:00+00:00,23858.1,23873.6,23848.9,23863.0,3600.0
2025-09-11 06:00:00+00:00,23862.9,23900.5,23856.0,23895.4,3800.0
2025-09-11 07:00:00+00:00,23896.6,23912.8,23884.2,23908.6,7289.0
2025-09-11 08:00:00+00:00,23909.0,23919.4,23895.0,23900.0,5675.0
2025-09-11 09:00:00+00:00,23900.1,23907.4,23885.9,23898.0,4558.0
2025-09-11 10:00:00+00:00,23897.9,23927.6,23895.7,23923.4,4872.0
2025-09-11 11:00:00+00:00,23923.6,23933.0,23916.9,23923.9,5319.0
2025-09-11 12:00:00+00:00,23923.0,23953.4,23819.8,23937.2,23566.0
2025-09-11 13:00:00+00:00,23936.4,23975.0,23887.6,23956.6,59315.0
2025-09-11 14:00:00+00:00,23956.3,23997.3,23924.7,23981.3,56334.0
2025-09-11 15:00:00+00:00,23980.8,24023.2,23978.2,24001.8,32674.0
2025-09-11 16:00:00+00:00,24001.7,24020.5,23975.6,23989.5,22787.0
2025-09-11 17:00:00+00:00,23989.4,24014.4,23978.2,24013.3,24173.0
2025-09-11 18:00:00+00:00,24013.4,24023.2,23995.4,24014.4,19980.0
2025-09-11 19:00:00+00:00,24014.3,24024.5,23988.9,23992.3,24196.0
2025-09-11 20:00:00+00:00,23992.4,24004.3,23985.2,23989.6,8016.0
2025-09-11 22:00:00+00:00,23995.2,24004.8,23981.4,23993.6,3726.0
2025-09-11 23:00:00+00:00,23993.0,24005.4,23985.3,23999.5,2546.0
2025-09-12 00:00:00+00:00,23999.2,24003.0,23986.6,23989.8,3933.0
2025-09-12 01:00:00+00:00,23989.8,23997.0,23981.5,23984.5,3613.0
2025-09-12 02:00:00+00:00,23985.3,23987.0,23972.4,23983.5,2954.0
2025-09-12 03:00:00+00:00,23983.8,23989.4,23980.1,23988.8,1857.0
2025-09-12 04:00:00+00:00,23988.8,24005.1,23987.8,23999.8,2049.0
2025-09-12 05:00:00+00:00,24000.0,24019.4,23998.5,24014.6,2618.0
2025-09-12 06:00:00+00:00,24015.0,24015.4,23986.4,24003.5,4318.0
2025-09-12 07:00:00+00:00,24003.2,24011.3,23986.9,23990.5,6505.0
2025-09-12 08:00:00+00:00,23990.6,23998.8,23949.0,23982.6,8992.0
2025-09-12 09:00:00+00:00,23982.8,23998.6,23976.0,23990.8,5073.0
2025-09-12 10:00:00+00:00,23991.0,24003.8,23985.5,24002.6,4203.0
2025-09-12 11:00:00+00:00,24002.0,24028.1,23989.5,24024.6,4835.0
2025-09-12 12:00:00+00:00,24024.5,24026.8,23995.0,24022.0,8008.0
2025-09-12 13:00:00+00:00,24021.4,24043.1,23982.5,24025.8,41681.0
2025-09-12 14:00:00+00:00,24021.4,24095.4,24006.5,24085.9,38765.0
2025-09-12 15:00:00+00:00,24086.0,24091.3,24052.5,24070.9,26057.0
2025-09-12 16:00:00+00:00,24070.8,24102.0,24051.6,24090.8,21259.0
2025-09-12 17:00:00+00:00,24091.1,24110.5,24071.5,24106.0,17978.0
2025-09-12 18:00:00+00:00,24106.2,24141.2,24095.4,24136.4,18713.0
2025-09-12 19:00:00+00:00,24136.3,24139.7,24070.0,24091.8,28053.0
2025-09-12 20:00:00+00:00,24092.2,24101.8,24079.4,24096.4,5498.0
2025-09-14 22:00:00+00:00,24093.3,24110.0,24080.4,24105.4,3132.0
2025-09-14 23:00:00+00:00,24105.3,24109.3,24080.8,24090.4,2540.0
2025-09-15 00:00:00+00:00,24091.5,24095.3,24072.8,24090.2,4511.0
2025-09-15 01:00:00+00:00,24090.3,24098.4,24086.0,24094.6,3539.0
2025-09-15 02:00:00+00:00,24094.8,24103.5,24089.0,24098.6,3019.0
2025-09-15 03:00:00+00:00,24098.8,24111.0,24097.0,24102.2,2469.0
2025-09-15 04:00:00+00:00,24102.0,24112.8,24101.0,24111.6,1555.0
2025-09-15 05:00:00+00:00,24112.0,24124.6,24103.6,24120.4,2491.0
2025-09-15 06:00:00+00:00,24120.6,24130.4,24112.6,24127.4,3560.0
2025-09-15 07:00:00+00:00,24127.0,24139.6,24118.8,24119.6,6232.0
2025-09-15 08:00:00+00:00,24120.0,24122.0,24056.8,24076.0,13945.0
2025-09-15 09:00:00+00:00,24075.4,24080.3,24060.8,24076.2,5940.0
2025-09-15 10:00:00+00:00,24076.5,24113.5,24072.6,24107.8,7177.0
2025-09-15 11:00:00+00:00,24108.8,24128.3,24106.6,24124.6,7133.0
2025-09-15 12:00:00+00:00,24123.8,24153.5,24121.2,24153.5,10671.0
2025-09-15 13:00:00+00:00,24153.4,24242.6,24143.0,24241.3,40307.0
2025-09-15 14:00:00+00:00,24241.1,24245.6,24209.9,24242.3,37719.0
2025-09-15 15:00:00+00:00,24242.1,24269.8,24221.2,24260.5,25844.0
2025-09-15 16:00:00+00:00,24260.8,24274.4,24241.8,24246.5,22443.0
2025-09-15 17:00:00+00:00,24246.2,24277.3,24238.1,24275.9,19579.0
2025-09-15 18:00:00+00:00,24275.6,24279.4,24235.2,24260.5,20480.0
2025-09-15 19:00:00+00:00,24260.8,24304.0,24250.8,24300.1,24706.0
2025-09-15 20:00:00+00:00,24300.3,24301.3,24275.0,24287.0,5908.0
2025-09-15 22:00:00+00:00,24279.2,24285.4,24273.8,24277.8,3412.0
2025-09-15 23:00:00+00:00,24278.0,24296.8,24275.8,24294.0,2598.0
2025-09-16 00:00:00+00:00,24294.2,24294.3,24274.3,24292.2,3877.0
2025-09-16 01:00:00+00:00,24292.3,24309.5,24289.2,24303.5,3785.0
2025-09-16 02:00:00+00:00,24303.6,24330.6,24301.3,24318.4,3332.0
2025-09-16 03:00:00+00:00,24318.5,24334.5,24317.3,24332.3,2468.0
2025-09-16 04:00:00+00:00,24332.2,24332.6,24323.8,24327.8,1589.0
2025-09-16 05:00:00+00:00,24327.5,24349.4,24324.6,24342.2,1981.0
2025-09-16 06:00:00+00:00,24342.4,24350.4,24332.8,24335.2,2491.0
2025-09-16 07:00:00+00:00,24336.4,24364.2,24329.6,24348.8,7485.0
2025-09-16 08:00:00+00:00,24348.4,24392.5,24348.2,24385.1,7141.0
2025-09-16 09:00:00+00:00,24384.8,24390.8,24361.8,24370.8,4988.0
2025-09-16 10:00:00+00:00,24371.0,24375.3,24362.2,24369.3,4431.0
2025-09-16 11:00:00+00:00,24367.8,24369.9,24343.5,24349.8,6614.0
2025-09-16 12:00:00+00:00,24350.2,24352.9,24330.6,24342.2,9507.0
2025-09-16 13:00:00+00:00,24340.8,24355.0,24269.8,24283.8,47131.0
2025-09-16 14:00:00+00:00,24283.4,24305.8,24268.8,24284.3,50434.0
2025-09-16 15:00:00+00:00,24284.8,24289.4,24250.6,24256.5,35216.0
2025-09-16 16:00:00+00:00,24256.6,24283.8,24247.3,24275.2,26179.0
2025-09-16 17:00:00+00:00,24275.0,24297.0,24274.3,24286.3,20811.0
2025-09-16 18:00:00+00:00,24286.4,24301.7,24275.4,24300.0,15621.0
2025-09-16 19:00:00+00:00,24300.3,24314.8,24270.5,24277.7,21558.0
2025-09-16 20:00:00+00:00,24277.3,24296.2,24274.6,24285.2,3779.0
2025-09-16 22:00:00+00:00,24287.0,24304.2,24278.9,24298.7,2046.0
2025-09-16 23:00:00+00:00,24299.2,24302.7,24289.6,24295.9,1380.0
2025-09-17 00:00:00+00:00,24296.0,24302.7,24283.8,24293.4,3103.0
2025-09-17 01:00:00+00:00,24293.2,24299.7,24281.8,24283.8,3223.0
2025-09-17 02:00:00+00:00,24283.9,24286.2,24266.2,24276.9,2688.0
2025-09-17 03:00:00+00:00,24277.0,24278.6,24270.0,24271.4,1609.0
2025-09-17 04:00:00+00:00,24271.6,24275.4,24260.8,24271.9,1714.0
2025-09-17 05:00:00+00:00,24272.0,24279.7,24256.0,24271.4,2609.0
2025-09-17 06:00:00+00:00,24271.6,24287.0,24262.4,24285.0,2718.0
2025-09-17 07:00:00+00:00,24284.9,24305.7,24278.6,24303.0,5396.0
2025-09-17 08:00:00+00:00,24301.4,24303.0,24209.4,24266.2,10664.0
2025-09-17 09:00:00+00:00,24266.6,24281.2,24260.2,24264.2,5192.0
2025-09-17 10:00:00+00:00,24264.7,24273.0,24242.9,24253.0,5856.0
2025-09-17 11:00:00+00:00,24254.0,24269.4,24240.0,24255.2,6593.0
2025-09-17 12:00:00+00:00,24256.0,24278.6,24251.8,24277.6,6616.0
2025-09-17 13:00:00+00:00,24277.7,24293.7,24215.4,24230.4,36700.0
2025-09-17 14:00:00+00:00,24230.3,24233.7,24163.0,24173.4,38265.0
2025-09-17 15:00:00+00:00,24173.0,24195.7,24152.0,24163.9,23360.0
2025-09-17 16:00:00+00:00,24164.0,24181.8,24134.8,24159.8,18932.0
2025-09-17 17:00:00+00:00,24159.9,24239.6,24158.4,24238.5,16379.0
2025-09-17 18:00:00+00:00,24238.4,24303.8,24022.0,24173.2,106131.0
2025-09-17 19:00:00+00:00,24173.0,24340.8,24162.6,24268.5,83406.0
2025-09-17 20:00:00+00:00,24268.1,24316.5,24265.3,24289.8,9185.0
2025-09-17 22:00:00+00:00,24296.2,24365.8,24288.8,24360.5,4039.0
2025-09-17 23:00:00+00:00,24360.6,24380.4,24360.3,24376.8,3077.0
2025-09-18 00:00:00+00:00,24377.0,24377.0,24353.0,24357.6,4456.0
2025-09-18 01:00:00+00:00,24357.5,24389.8,24353.8,24385.8,4439.0
2025-09-18 02:00:00+00:00,24386.0,24415.6,24380.0,24414.0,3191.0
2025-09-18 03:00:00+00:00,24413.1,24437.4,24413.1,24428.6,3850.0
2025-09-18 04:00:00+00:00,24429.0,24446.4,24423.3,24438.8,2850.0
2025-09-18 05:00:00+00:00,24438.4,24443.5,24404.0,24407.6,4181.0
2025-09-18 06:00:00+00:00,24407.3,24418.5,24379.8,24417.5,5175.0
2025-09-18 07:00:00+00:00,24417.8,24463.5,24412.6,24456.6,8101.0
2025-09-18 08:00:00+00:00,24455.8,24525.0,24449.8,24520.6,9899.0
2025-09-18 09:00:00+00:00,24521.3,24525.4,24501.5,24510.2,7483.0
2025-09-18 10:00:00+00:00,24510.6,24522.4,24486.3,24499.2,5974.0
2025-09-18 11:00:00+00:00,24500.6,24548.8,24493.8,24535.6,12778.0
2025-09-18 12:00:00+00:00,24535.8,24555.6,24482.4,24482.9,13468.0
2025-09-18 13:00:00+00:00,24483.6,24505.8,24392.0,24490.2,62420.0
2025-09-18 14:00:00+00:00,24490.0,24602.0,24487.3,24527.5,51770.0
2025-09-18 15:00:00+00:00,24528.3,24608.8,24518.5,24529.5,39463.0
2025-09-18 16:00:00+00:00,24529.4,24585.0,24512.6,24579.5,26642.0
2025-09-18 17:00:00+00:00,24579.2,24588.2,24515.3,24526.2,23705.0
2025-09-18 18:00:00+00:00,24526.1,24557.7,24519.6,24547.7,21807.0
2025-09-18 19:00:00+00:00,24548.0,24550.5,24488.3,24490.0,28282.0
2025-09-18 20:00:00+00:00,24490.1,24513.6,24476.8,24509.5,5711.0
2025-09-18 22:00:00+00:00,24514.7,24534.4,24503.4,24529.2,2366.0
2025-09-18 23:00:00+00:00,24529.4,24539.6,24524.0,24531.8,2119.0
2025-09-19 00:00:00+00:00,24531.5,24540.6,24486.6,24502.5,6046.0
2025-09-19 01:00:00+00:00,24501.5,24512.0,24493.2,24508.4,5080.0
2025-09-19 02:00:00+00:00,24508.0,24514.6,24492.0,24503.8,3334.0
2025-09-19 03:00:00+00:00,24504.0,24528.4,24495.8,24504.4,5396.0
2025-09-19 04:00:00+00:00,24504.5,24514.2,24474.0,24511.8,6597.0
2025-09-19 05:00:00+00:00,24512.0,24515.0,24488.7,24497.4,5227.0
2025-09-19 06:00:00+00:00,24497.4,24508.1,24464.0,24464.0,6340.0
2025-09-19 07:00:00+00:00,24463.6,24483.3,24446.7,24477.4,8689.0
2025-09-19 08:00:00+00:00,24476.0,24506.2,24472.2,24497.0,7073.0
2025-09-19 09:00:00+00:00,24497.4,24521.6,24494.6,24498.8,6376.0
2025-09-19 10:00:00+00:00,24499.8,24523.2,24492.2,24516.5,5841.0
2025-09-19 11:00:00+00:00,24516.0,24527.7,24504.7,24527.7,6414.0
2025-09-19 12:00:00+00:00,24525.8,24546.3,24523.4,24529.5,7664.0
2025-09-19 13:00:00+00:00,24529.4,24607.4,24526.7,24582.6,47829.0
2025-09-19 14:00:00+00:00,24582.5,24598.5,24526.3,24555.5,47517.0
2025-09-19 15:00:00+00:00,24556.0,24570.0,24500.0,24562.8,35807.0
2025-09-19 16:00:00+00:00,24563.0,24626.2,24562.1,24613.2,26082.0
2025-09-19 17:00:00+00:00,24613.5,24623.3,24590.1,24610.8,19069.0
2025-09-19 18:00:00+00:00,24611.1,24625.4,24599.1,24619.8,17953.0
2025-09-19 19:00:00+00:00,24619.5,24682.1,24616.3,24654.0,27988.0
2025-09-19 20:00:00+00:00,24654.3,24673.7,24647.7,24653.4,7796.0
2025-09-21 22:00:00+00:00,24648.6,24657.9,24618.5,24641.6,4230.0
2025-09-21 23:00:00+00:00,24641.3,24646.0,24635.8,24642.8,1810.0
2025-09-22 00:00:00+00:00,24642.6,24667.0,24619.8,24623.2,5971.0
2025-09-22 01:00:00+00:00,24624.0,24643.6,24620.4,24636.0,4823.0
2025-09-22 02:00:00+00:00,24635.8,24646.0,24633.5,24643.8,3049.0
2025-09-22 03:00:00+00:00,24644.2,24655.8,24632.8,24650.3,2638.0
2025-09-22 04:00:00+00:00,24650.2,24650.8,24640.0,24643.5,1804.0
2025-09-22 05:00:00+00:00,24643.6,24653.2,24632.0,24632.4,2778.0
2025-09-22 06:00:00+00:00,24632.5,24638.8,24607.8,24609.6,5147.0
2025-09-22 07:00:00+00:00,24609.3,24622.4,24540.2,24576.8,10796.0
2025-09-22 08:00:00+00:00,24576.8,24616.0,24570.3,24573.0,8409.0
2025-09-22 09:00:00+00:00,24573.4,24583.6,24552.5,24576.3,6268.0
2025-09-22 10:00:00+00:00,24576.2,24599.0,24563.8,24567.0,5463.0
2025-09-22 11:00:00+00:00,24567.2,24580.8,24559.8,24580.6,6418.0
2025-09-22 12:00:00+00:00,24580.8,24597.4,24557.8,24590.3,7449.0
2025-09-22 13:00:00+00:00,24590.1,24672.0,24576.4,24663.9,33612.0
2025-09-22 14:00:00+00:00,24663.8,24722.4,24646.4,24718.1,35317.0
2025-09-22 15:00:00+00:00,24718.3,24729.1,24689.1,24709.3,28717.0
2025-09-22 16:00:00+00:00,24709.2,24791.7,24708.3,24784.6,42761.0
2025-09-22 17:00:00+00:00,24784.5,24798.6,24771.5,24786.7,30852.0
2025-09-22 18:00:00+00:00,24786.3,24816.5,24784.5,24810.6,22701.0
2025-09-22 19:00:00+00:00,24811.0,24825.1,24787.7,24797.0,27945.0
2025-09-22 20:00:00+00:00,24796.3,24799.6,24778.5,24793.8,6828.0
2025-09-22 22:00:00+00:00,24788.2,24799.8,24772.6,24785.2,2369.0
2025-09-22 23:00:00+00:00,24785.4,24801.1,24783.2,24796.1,1798.0
2025-09-23 00:00:00+00:00,24796.4,24800.9,24784.4,24787.4,2663.0
2025-09-23 01:00:00+00:00,24787.6,24805.6,24783.9,24793.0,3654.0
2025-09-23 02:00:00+00:00,24792.9,24802.9,24792.4,24797.0,2773.0
2025-09-23 03:00:00+00:00,24797.1,24803.9,24794.9,24800.9,1894.0
2025-09-23 04:00:00+00:00,24801.0,24801.0,24775.9,24785.4,2018.0
2025-09-23 05:00:00+00:00,24785.4,24813.1,24782.0,24794.9,2895.0
2025-09-23 06:00:00+00:00,24795.2,24812.6,24791.9,24810.8,3442.0
2025-09-23 07:00:00+00:00,24810.6,24810.9,24778.2,24798.2,7164.0
2025-09-23 08:00:00+00:00,24797.4,24824.2,24796.2,24801.1,6130.0
2025-09-23 09:00:00+00:00,24801.2,24811.8,24794.4,24811.8,4122.0
2025-09-23 10:00:00+00:00,24812.1,24814.4,24785.9,24798.4,4262.0
2025-09-23 11:00:00+00:00,24799.4,24801.6,24771.4,24798.4,5463.0
2025-09-23 12:00:00+00:00,24799.4,24808.6,24782.0,24807.9,6351.0
2025-09-23 13:00:00+00:00,24807.1,24808.7,24730.7,24738.1,38689.0
2025-09-23 14:00:00+00:00,24739.1,24773.0,24727.8,24742.5,50080.0
2025-09-23 15:00:00+00:00,24742.6,24770.9,24730.3,24747.0,36438.0
2025-09-23 16:00:00+00:00,24746.9,24755.3,24716.1,24729.5,33140.0
2025-09-23 17:00:00+00:00,24729.8,24731.3,24581.9,24636.5,48823.0
2025-09-23 18:00:00+00:00,24637.5,24646.6,24585.1,24591.8,35648.0
2025-09-23 19:00:00+00:00,24591.6,24642.9,24591.0,24631.3,37058.0
2025-09-23 20:00:00+00:00,24631.6,24656.9,24625.1,24636.8,6350.0
2025-09-23 22:00:00+00:00,24647.9,24663.2,24646.9,24653.9,2131.0
2025-09-23 23:00:00+00:00,24653.6,24655.8,24640.7,24642.4,1798.0
2025-09-24 00:00:00+00:00,24641.8,24647.4,24612.1,24638.4,5048.0
2025-09-24 01:00:00+00:00,24638.4,24639.9,24618.4,24623.8,4851.0
2025-09-24 02:00:00+00:00,24623.6,24637.9,24618.2,24635.8,4041.0
2025-09-24 03:00:00+00:00,24635.9,24642.4,24633.8,24637.9,2466.0
2025-09-24 04:00:00+00:00,24638.0,24652.7,24636.7,24652.1,2520.0
2025-09-24 05:00:00+00:00,24652.0,24661.6,24647.0,24661.6,3725.0
2025-09-24 06:00:00+00:00,24661.8,24693.7,24660.1,24682.4,5085.0
2025-09-24 07:00:00+00:00,24682.4,24699.0,24647.0,24698.9,8204.0
2025-09-24 08:00:00+00:00,24698.2,24706.8,24684.7,24696.7,6780.0
2025-09-24 09:00:00+00:00,24696.9,24710.9,24695.4,24706.1,4664.0
2025-09-24 10:00:00+00:00,24706.2,24712.4,24685.1,24704.8,4388.0
2025-09-24 11:00:00+00:00,24704.6,24713.1,24677.0,24690.0,6024.0
2025-09-24 12:00:00+00:00,24688.4,24696.9,24670.2,24682.4,7779.0
2025-09-24 13:00:00+00:00,24681.4,24699.6,24585.7,24621.8,39697.0
2025-09-24 14:00:00+00:00,24621.0,24641.5,24591.1,24594.3,43046.0
2025-09-24 15:00:00+00:00,24594.6,24614.3,24482.9,24484.0,38816.0
2025-09-24 16:00:00+00:00,24484.2,24510.2,24432.9,24489.4,39426.0
2025-09-24 17:00:00+00:00,24489.5,24563.0,24487.2,24514.4,30172.0
2025-09-24 18:00:00+00:00,24513.9,24545.7,24487.4,24544.0,26028.0
2025-09-24 19:00:00+00:00,24543.9,24553.8,24505.0,24543.9,29172.0
2025-09-24 20:00:00+00:00,24543.8,24559.2,24543.8,24549.9,5606.0
2025-09-24 22:00:00+00:00,24555.0,24557.2,24544.4,24554.2,1885.0
2025-09-24 23:00:00+00:00,24554.2,24561.4,24544.9,24560.6,1594.0
2025-09-25 00:00:00+00:00,24560.4,24582.7,24557.2,24580.0,4554.0
2025-09-25 01:00:00+00:00,24579.7,24596.7,24576.9,24588.7,3241.0
2025-09-25 02:00:00+00:00,24588.5,24595.4,24581.6,24593.8,2443.0
2025-09-25 03:00:00+00:00,24593.9,24593.9,24585.3,24589.8,2173.0
2025-09-25 04:00:00+00:00,24589.9,24591.9,24559.0,24564.7,2636.0
2025-09-25 05:00:00+00:00,24565.0,24567.2,24542.4,24557.0,3793.0
2025-09-25 06:00:00+00:00,24557.4,24563.0,24523.8,24532.2,5004.0
2025-09-25 07:00:00+00:00,24533.2,24552.0,24499.2,24541.8,9387.0
2025-09-25 08:00:00+00:00,24542.2,24566.3,24522.9,24533.4,7232.0
2025-09-25 09:00:00+00:00,24533.6,24541.9,24494.0,24510.9,7526.0
2025-09-25 10:00:00+00:00,24510.8,24517.8,24474.8,24493.4,8671.0
2025-09-25 11:00:00+00:00,24493.8,24495.4,24392.0,24399.2,16103.0
2025-09-25 12:00:00+00:00,24398.2,24434.9,24350.2,24373.0,19681.0
2025-09-25 13:00:00+00:00,24372.6,24391.3,24227.2,24257.2,61306.0
2025-09-25 14:00:00+00:00,24257.0,24460.8,24249.4,24439.3,63995.0
2025-09-25 15:00:00+00:00,24439.4,24504.5,24388.3,24485.5,48431.0
2025-09-25 16:00:00+00:00,24485.8,24499.4,24421.3,24433.0,38266.0
2025-09-25 17:00:00+00:00,24432.5,24452.6,24320.0,24325.3,43228.0
2025-09-25 18:00:00+00:00,24326.0,24448.3,24261.6,24435.8,46697.0
2025-09-25 19:00:00+00:00,24435.4,24454.0,24400.6,24439.8,33632.0
2025-09-25 20:00:00+00:00,24440.1,24455.8,24419.2,24445.5,6021.0
2025-09-25 22:00:00+00:00,24439.4,24472.8,24437.0,24444.8,3616.0
2025-09-25 23:00:00+00:00,24444.4,24449.2,24423.9,24424.0,3557.0
2025-09-26 00:00:00+00:00,24423.5,24440.4,24413.9,24433.8,6446.0
2025-09-26 01:00:00+00:00,24433.9,24433.9,24401.2,24405.0,9820.0
2025-09-26 02:00:00+00:00,24405.4,24430.5,24402.6,24412.2,7216.0
2025-09-26 03:00:00+00:00,24412.1,24413.9,24387.2,24401.9,6240.0
2025-09-26 04:00:00+00:00,24401.7,24421.4,24382.7,24388.2,6938.0
2025-09-26 05:00:00+00:00,24388.8,24425.4,24385.4,24423.2,7112.0
2025-09-26 06:00:00+00:00,24423.1,24478.9,24418.8,24457.0,9329.0
2025-09-26 07:00:00+00:00,24458.0,24478.8,24437.1,24454.0,9779.0
2025-09-26 08:00:00+00:00,24455.0,24467.0,24392.6,24393.0,9895.0
2025-09-26 09:00:00+00:00,24392.9,24427.2,24377.6,24423.8,9426.0
2025-09-26 10:00:00+00:00,24424.4,24435.1,24391.9,24406.6,7521.0
2025-09-26 11:00:00+00:00,24406.4,24461.4,24398.2,24446.9,10844.0
2025-09-26 12:00:00+00:00,24446.2,24554.8,24436.0,24502.0,21598.0
2025-09-26 13:00:00+00:00,24501.6,24522.3,24404.3,24513.8,60917.0
2025-09-26 14:00:00+00:00,24514.0,24540.6,24327.7,24372.8,86493.0
2025-09-26 15:00:00+00:00,24373.1,24444.0,24353.6,24391.8,60284.0
2025-09-26 16:00:00+00:00,24392.3,24510.8,24379.5,24502.0,48283.0
2025-09-26 17:00:00+00:00,24502.2,24527.8,24476.3,24502.8,28026.0
2025-09-26 18:00:00+00:00,24502.9,24548.0,24482.6,24536.8,26967.0
2025-09-26 19:00:00+00:00,24536.5,24546.4,24511.3,24536.8,27371.0
2025-09-26 20:00:00+00:00,24536.5,24557.5,24532.5,24537.3,6697.0
2025-09-28 22:00:00+00:00,24547.5,24580.8,24535.2,24567.2,4206.0
2025-09-28 23:00:00+00:00,24566.8,24588.6,24566.2,24582.8,2784.0
2025-09-29 00:00:00+00:00,24584.2,24617.8,24575.8,24604.0,5748.0
2025-09-29 01:00:00+00:00,24604.1,24615.8,24586.3,24603.8,5301.0
2025-09-29 02:00:00+00:00,24603.8,24624.8,24597.3,24624.0,3778.0
2025-09-29 03:00:00+00:00,24623.8,24629.0,24616.1,24625.6,2951.0
2025-09-29 04:00:00+00:00,24625.8,24645.0,24624.1,24639.3,2410.0
2025-09-29 05:00:00+00:00,24639.8,24648.5,24632.5,24637.2,3793.0
2025-09-29 06:00:00+00:00,24637.0,24665.8,24624.8,24655.6,6100.0
2025-09-29 07:00:00+00:00,24655.9,24675.3,24634.6,24664.4,7671.0
2025-09-29 08:00:00+00:00,24663.6,24705.8,24662.8,24704.2,6945.0
2025-09-29 09:00:00+00:00,24705.8,24709.0,24682.8,24682.8,5107.0
2025-09-29 10:00:00+00:00,24683.4,24712.8,24676.8,24700.3,5041.0
2025-09-29 11:00:00+00:00,24701.3,24704.5,24665.5,24687.8,8137.0
2025-09-29 12:00:00+00:00,24687.8,24720.4,24675.4,24710.8,7589.0
2025-09-29 13:00:00+00:00,24710.6,24765.8,24658.0,24752.6,45195.0
2025-09-29 14:00:00+00:00,24754.9,24785.0,24729.0,24740.0,45552.0
2025-09-29 15:00:00+00:00,24740.3,24753.8,24647.9,24666.0,40275.0
2025-09-29 16:00:00+00:00,24665.4,24684.2,24640.4,24651.4,29084.0
2025-09-29 17:00:00+00:00,24651.5,24666.0,24617.3,24661.7,26653.0
2025-09-29 18:00:00+00:00,24662.2,24685.9,24651.4,24659.7,19579.0
2025-09-29 19:00:00+00:00,24659.4,24665.2,24597.3,24654.0,31027.0
2025-09-29 20:00:00+00:00,24654.2,24663.0,24622.3,24630.2,5159.0
2025-09-29 22:00:00+00:00,24637.2,24653.4,24624.2,24650.4,2744.0
2025-09-29 23:00:00+00:00,24650.2,24657.8,24638.8,24639.8,2215.0
2025-09-30 00:00:00+00:00,24639.2,24656.4,24622.0,24653.0,7139.0
2025-09-30 01:00:00+00:00,24652.4,24653.4,24626.5,24635.6,7348.0
2025-09-30 02:00:00+00:00,24635.8,24668.8,24633.6,24664.8,4949.0
2025-09-30 03:00:00+00:00,24664.8,24672.5,24655.3,24658.5,4450.0
2025-09-30 04:00:00+00:00,24658.4,24660.9,24638.8,24639.2,4280.0
2025-09-30 05:00:00+00:00,24638.8,24656.3,24632.5,24652.2,4930.0
2025-09-30 06:00:00+00:00,24652.2,24671.8,24626.3,24627.8,5884.0
2025-09-30 07:00:00+00:00,24629.1,24634.0,24570.6,24606.6,12239.0
2025-09-30 08:00:00+00:00,24604.0,24627.8,24579.0,24617.1,12199.0
2025-09-30 09:00:00+00:00,24616.2,24636.3,24603.2,24610.8,7981.0
2025-09-30 10:00:00+00:00,24610.4,24630.0,24589.8,24624.2,6570.0
2025-09-30 11:00:00+00:00,24625.6,24633.0,24605.6,24619.2,6677.0
2025-09-30 12:00:00+00:00,24619.4,24660.9,24604.8,24649.3,8993.0
2025-09-30 13:00:00+00:00,24649.4,24652.8,24538.8,24602.3,49350.0
2025-09-30 14:00:00+00:00,24602.2,24670.4,24563.0,24659.0,71245.0
2025-09-30 15:00:00+00:00,24658.5,24678.1,24571.6,24631.4,48238.0
2025-09-30 16:00:00+00:00,24631.5,24664.0,24592.2,24603.7,33733.0
2025-09-30 17:00:00+00:00,24603.5,24617.5,24552.3,24589.0,32019.0
2025-09-30 18:00:00+00:00,24588.6,24671.8,24582.5,24658.0,26402.0
2025-09-30 19:00:00+00:00,24658.3,24734.2,24642.0,24718.2,34262.0
2025-09-30 20:00:00+00:00,24718.3,24721.3,24655.1,24659.6,9314.0
2025-09-30 22:00:00+00:00,24667.4,24695.2,24642.4,24654.1,5351.0
2025-09-30 23:00:00+00:00,24654.0,24666.8,24639.8,24649.0,5217.0
2025-10-01 00:00:00+00:00,24650.2,24655.6,24605.8,24612.8,9691.0
2025-10-01 01:00:00+00:00,24613.0,24629.5,24602.8,24623.0,7303.0
2025-10-01 02:00:00+00:00,24622.8,24624.0,24601.4,24605.7,6063.0
2025-10-01 03:00:00+00:00,24605.8,24607.0,24582.5,24590.5,5847.0
2025-10-01 04:00:00+00:00,24590.6,24600.7,24588.7,24592.8,4709.0
2025-10-01 05:00:00+00:00,24593.0,24598.0,24577.4,24579.8,5008.0
2025-10-01 06:00:00+00:00,24580.5,24588.2,24452.7,24471.2,11224.0
2025-10-01 07:00:00+00:00,24471.4,24507.4,24455.8,24490.2,15776.0
2025-10-01 08:00:00+00:00,24489.8,24551.0,24472.3,24538.8,12504.0
2025-10-01 09:00:00+00:00,24538.0,24585.5,24532.6,24564.8,8500.0
2025-10-01 10:00:00+00:00,24564.7,24582.5,24540.0,24550.8,6779.0
2025-10-01 11:00:00+00:00,24552.3,24621.7,24550.0,24617.4,9718.0
2025-10-01 12:00:00+00:00,24616.7,24623.7,24566.0,24595.8,17445.0
2025-10-01 13:00:00+00:00,24597.4,24660.0,24545.0,24597.8,52773.0
2025-10-01 14:00:00+00:00,24596.6,24730.5,24577.8,24715.7,54036.0
2025-10-01 15:00:00+00:00,24715.6,24756.8,24694.7,24750.0,31039.0
2025-10-01 16:00:00+00:00,24749.8,24776.2,24747.6,24773.5,21695.0
2025-10-01 17:00:00+00:00,24773.3,24808.6,24771.0,24804.3,22134.0
2025-10-01 18:00:00+00:00,24804.4,24855.8,24796.9,24845.3,20955.0
2025-10-01 19:00:00+00:00,24845.2,24855.8,24824.5,24832.8,24853.0
2025-10-01 20:00:00+00:00,24832.9,24835.1,24814.2,24830.1,6229.0
2025-10-01 22:00:00+00:00,24827.2,24841.4,24826.4,24833.6,1505.0
2025-10-01 23:00:00+00:00,24833.6,24849.2,24825.6,24843.6,2692.0
2025-10-02 00:00:00+00:00,24843.6,24884.6,24840.8,24881.4,5388.0
2025-10-02 01:00:00+00:00,24881.6,24897.8,24868.6,24894.8,4736.0
2025-10-02 02:00:00+00:00,24895.0,24896.7,24873.3,24879.0,3798.0
2025-10-02 03:00:00+00:00,24879.3,24889.1,24865.2,24885.3,3435.0
2025-10-02 04:00:00+00:00,24885.2,24896.1,24872.9,24888.6,3610.0
2025-10-02 05:00:00+00:00,24888.4,24897.4,24882.8,24890.1,3570.0
2025-10-02 06:00:00+00:00,24890.2,24897.6,24877.6,24884.4,4966.0
2025-10-02 07:00:00+00:00,24882.6,24909.0,24875.3,24898.4,7693.0
2025-10-02 08:00:00+00:00,24898.1,24935.1,24896.0,24934.6,8120.0
2025-10-02 09:00:00+00:00,24933.6,24937.6,24897.2,24917.0,6745.0
2025-10-02 10:00:00+00:00,24916.8,24944.6,24915.0,24932.3,5786.0
2025-10-02 11:00:00+00:00,24932.2,24972.3,24929.3,24970.4,6789.0
2025-10-02 12:00:00+00:00,24970.8,24985.2,24964.6,24983.6,7406.0
2025-10-02 13:00:00+00:00,24983.2,25001.1,24836.2,24884.4,52590.0
2025-10-02 14:00:00+00:00,24884.5,24912.3,24840.7,24843.0,64165.0
2025-10-02 15:00:00+00:00,24842.5,24903.5,24815.0,24898.7,45188.0
2025-10-02 16:00:00+00:00,24898.8,24901.4,24856.4,24898.4,27676.0
2025-10-02 17:00:00+00:00,24898.5,24928.7,24880.7,24908.5,21351.0
2025-10-02 18:00:00+00:00,24908.2,24939.7,24902.1,24934.7,21009.0
2025-10-02 19:00:00+00:00,24934.6,24949.1,24914.5,24931.3,24626.0
2025-10-02 20:00:00+00:00,24931.6,24948.0,24922.3,24929.7,4845.0
2025-10-02 22:00:00+00:00,24916.9,24927.8,24893.6,24924.2,3484.0
2025-10-02 23:00:00+00:00,24924.0,24945.4,24917.6,24944.2,2323.0
2025-10-03 00:00:00+00:00,24943.9,24977.1,24936.4,24966.6,4324.0
2025-10-03 01:00:00+00:00,24966.8,24982.1,24958.2,24981.1,4288.0
2025-10-03 02:00:00+00:00,24981.2,24984.3,24966.6,24978.2,3205.0
2025-10-03 03:00:00+00:00,24977.6,24995.0,24975.8,24990.6,2402.0
2025-10-03 04:00:00+00:00,24990.4,24996.6,24986.8,24994.3,2058.0
2025-10-03 05:00:00+00:00,24993.6,25012.1,24991.6,24991.6,2807.0
2025-10-03 06:00:00+00:00,24991.6,25011.8,24976.2,25004.0,3720.0
2025-10-03 07:00:00+00:00,25003.6,25013.6,24993.1,25002.2,4875.0
2025-10-03 08:00:00+00:00,25001.2,25005.8,24993.6,25003.2,4850.0
2025-10-03 09:00:00+00:00,25003.0,25013.2,24992.4,25012.6,3973.0
2025-10-03 10:00:00+00:00,25012.8,25016.4,24978.1,24982.6,4280.0
2025-10-03 11:00:00+00:00,24982.6,24991.2,24949.2,24958.0,7969.0
2025-10-03 12:00:00+00:00,24957.0,24967.8,24924.1,24940.4,8956.0
2025-10-03 13:00:00+00:00,24940.6,24987.4,24921.4,24927.4,41722.0
2025-10-03 14:00:00+00:00,24926.2,24947.8,24871.8,24936.8,56020.0
2025-10-03 15:00:00+00:00,24938.0,24973.5,24920.0,24966.7,29934.0
2025-10-03 16:00:00+00:00,24966.8,24977.3,24929.9,24939.8,20794.0
2025-10-03 17:00:00+00:00,24939.5,24939.5,24745.6,24795.5,62376.0
2025-10-03 18:00:00+00:00,24795.6,24866.5,24748.0,24830.8,52083.0
2025-10-03 19:00:00+00:00,24830.3,24851.5,24801.9,24817.8,33947.0
2025-10-03 20:00:00+00:00,24818.4,24827.8,24795.8,24805.0,6392.0
2025-10-05 22:00:00+00:00,24837.0,24880.4,24832.9,24874.6,6368.0
2025-10-05 23:00:00+00:00,24875.0,24908.6,24874.4,24888.8,6665.0
2025-10-06 00:00:00+00:00,24888.6,24896.6,24872.6,24885.8,9204.0
2025-10-06 01:00:00+00:00,24885.9,24899.4,24877.6,24898.0,4434.0
2025-10-06 02:00:00+00:00,24897.6,24904.6,24895.3,24903.1,2810.0
2025-10-06 03:00:00+00:00,24903.0,24920.4,24902.8,24910.4,3108.0
2025-10-06 04:00:00+00:00,24911.1,24930.4,24890.2,24923.4,4199.0
2025-10-06 05:00:00+00:00,24923.0,24924.3,24902.6,24910.2,3517.0
2025-10-06 06:00:00+00:00,24910.6,24929.1,24904.0,24923.0,5008.0
2025-10-06 07:00:00+00:00,24924.0,24927.0,24867.3,24903.2,8888.0
2025-10-06 08:00:00+00:00,24903.1,24936.6,24900.3,24928.8,8985.0
2025-10-06 09:00:00+00:00,24928.7,24961.3,24926.1,24956.0,5279.0
2025-10-06 10:00:00+00:00,24956.1,25006.3,24946.6,24993.1,7567.0
2025-10-06 11:00:00+00:00,24992.6,25007.7,24950.4,25006.2,13206.0
2025-10-06 12:00:00+00:00,25007.9,25063.2,25001.0,25012.8,14789.0
2025-10-06 13:00:00+00:00,25013.0,25043.3,24939.0,24977.3,57940.0
2025-10-06 14:00:00+00:00,24977.6,25006.0,24933.0,24974.0,62014.0
2025-10-06 15:00:00+00:00,24973.5,25037.9,24965.8,25029.5,28687.0
2025-10-06 16:00:00+00:00,25029.8,25034.8,25004.9,25032.3,21546.0
2025-10-06 17:00:00+00:00,25032.5,25062.0,25013.5,25058.0,23187.0
2025-10-06 18:00:00+00:00,25057.8,25082.6,25048.8,25068.6,20433.0
2025-10-06 19:00:00+00:00,25068.7,25069.3,25010.8,25014.2,29125.0
2025-10-06 20:00:00+00:00,25014.3,25020.1,25004.6,25011.8,5456.0
2025-10-06 22:00:00+00:00,25021.0,25026.5,24966.1,24972.1,2659.0
2025-10-06 23:00:00+00:00,24972.2,24982.7,24961.8,24971.8,5154.0
2025-10-07 00:00:00+00:00,24972.0,24978.6,24952.8,24961.4,6960.0
2025-10-07 01:00:00+00:00,24961.2,24978.8,24957.0,24977.4,4763.0
2025-10-07 02:00:00+00:00,24977.7,24984.4,24969.8,24982.0,3174.0
2025-10-07 03:00:00+00:00,24981.6,24994.4,24978.0,24989.0,2667.0
2025-10-07 04:00:00+00:00,24989.2,25013.0,24988.0,25011.8,2590.0
2025-10-07 05:00:00+00:00,25011.7,25016.5,24999.6,25002.2,3096.0
2025-10-07 06:00:00+00:00,25002.0,25008.0,24968.8,24991.8,4817.0
2025-10-07 07:00:00+00:00,24992.4,24996.0,24966.8,24990.7,6042.0
2025-10-07 08:00:00+00:00,24990.6,25004.0,24958.4,25002.7,6166.0
2025-10-07 09:00:00+00:00,25002.8,25022.0,24999.0,25019.8,4653.0
2025-10-07 10:00:00+00:00,25020.0,25025.7,25002.7,25004.2,5219.0
2025-10-07 11:00:00+00:00,25005.0,25041.8,25000.0,25041.5,5390.0
2025-10-07 12:00:00+00:00,25040.7,25087.3,25026.4,25084.2,7114.0
2025-10-07 13:00:00+00:00,25085.0,25104.7,25047.4,25072.0,44908.0
2025-10-07 14:00:00+00:00,25072.8,25087.2,25003.3,25016.5,45882.0
2025-10-07 15:00:00+00:00,25016.2,25021.5,24818.0,24862.2,84899.0
2025-10-07 16:00:00+00:00,24863.2,24924.5,24830.7,24857.5,53105.0
2025-10-07 17:00:00+00:00,24857.2,24897.2,24846.3,24848.5,38017.0
2025-10-07 18:00:00+00:00,24850.0,24885.7,24823.7,24885.7,30611.0
2025-10-07 19:00:00+00:00,24885.2,24904.2,24860.1,24878.0,25390.0
2025-10-07 20:00:00+00:00,24878.1,24901.7,24878.1,24892.2,4626.0
2025-10-07 22:00:00+00:00,24899.0,24915.5,24887.5,24913.5,2268.0
2025-10-07 23:00:00+00:00,24912.8,24913.0,24863.0,24865.8,5175.0
2025-10-08 00:00:00+00:00,24866.0,24899.6,24860.2,24894.0,6774.0
2025-10-08 01:00:00+00:00,24893.3,24917.2,24892.0,24906.0,6254.0
2025-10-08 02:00:00+00:00,24906.2,24924.6,24905.0,24920.7,4164.0
2025-10-08 03:00:00+00:00,24920.6,24924.0,24912.2,24919.0,3343.0
2025-10-08 04:00:00+00:00,24919.5,24926.6,24914.0,24920.5,2828.0
2025-10-08 05:00:00+00:00,24920.4,24920.7,24890.8,24891.0,4285.0
2025-10-08 06:00:00+00:00,24891.3,24897.5,24859.2,24885.5,6203.0
2025-10-08 07:00:00+00:00,24885.4,24924.3,24873.0,24916.0,8091.0
2025-10-08 08:00:00+00:00,24916.0,24944.0,24904.2,24919.4,6576.0
2025-10-08 09:00:00+00:00,24920.0,24930.6,24907.0,24920.6,5848.0
2025-10-08 10:00:00+00:00,24921.0,24932.7,24891.3,24929.8,5392.0
2025-10-08 11:00:00+00:00,24930.8,24937.2,24891.0,24921.6,7313.0
2025-10-08 12:00:00+00:00,24920.5,24922.0,24875.7,24895.5,9655.0
2025-10-08 13:00:00+00:00,24896.0,25016.0,24888.2,25006.7,45361.0
2025-10-08 14:00:00+00:00,25006.6,25063.6,25005.7,25026.5,45654.0
2025-10-08 15:00:00+00:00,25026.6,25093.5,25022.8,25087.6,30636.0
2025-10-08 16:00:00+00:00,25087.5,25109.0,25069.0,25086.6,23876.0
2025-10-08 17:00:00+00:00,25086.8,25119.3,25075.8,25109.0,21135.0
2025-10-08 18:00:00+00:00,25108.0,25132.9,25101.1,25106.1,24575.0
2025-10-08 19:00:00+00:00,25106.0,25179.3,25103.6,25164.9,29120.0
2025-10-08 20:00:00+00:00,25165.6,25200.0,25156.4,25186.8,6046.0
2025-10-08 22:00:00+00:00,25184.1,25204.6,25181.2,25200.8,2500.0
2025-10-08 23:00:00+00:00,25201.4,25228.2,25198.4,25214.4,3306.0
2025-10-09 00:00:00+00:00,25214.4,25214.4,25192.4,25197.9,3741.0
2025-10-09 01:00:00+00:00,25197.4,25203.9,25155.8,25166.6,5916.0
2025-10-09 02:00:00+00:00,25166.5,25173.9,25142.6,25145.2,3352.0
2025-10-09 03:00:00+00:00,25144.8,25180.0,25144.8,25161.4,3914.0
2025-10-09 04:00:00+00:00,25162.0,25177.4,25159.5,25175.8,2448.0
2025-10-09 05:00:00+00:00,25175.6,25199.4,25171.6,25190.8,3602.0
2025-10-09 06:00:00+00:00,25190.8,25202.2,25161.8,25172.4,5097.0
2025-10-09 07:00:00+00:00,25171.1,25183.8,25159.0,25172.4,6480.0
2025-10-09 08:00:00+00:00,25172.2,25178.1,25129.6,25135.4,7829.0
2025-10-09 09:00:00+00:00,25135.9,25174.0,25131.0,25156.0,5295.0
2025-10-09 10:00:00+00:00,25155.6,25167.9,25139.1,25153.1,5131.0
2025-10-09 11:00:00+00:00,25153.8,25175.9,25147.2,25148.4,6443.0
2025-10-09 12:00:00+00:00,25149.4,25169.1,25146.0,25167.6,7834.0
2025-10-09 13:00:00+00:00,25167.8,25172.2,25088.6,25114.6,50899.0
2025-10-09 14:00:00+00:00,25114.3,25123.8,25028.6,25085.7,51838.0
2025-10-09 15:00:00+00:00,25085.6,25109.7,25032.6,25098.1,37455.0
2025-10-09 16:00:00+00:00,25099.0,25109.2,25034.0,25041.5,30900.0
2025-10-09 17:00:00+00:00,25041.6,25068.9,24998.4,25053.5,41060.0
2025-10-09 18:00:00+00:00,25052.8,25080.0,25020.8,25072.8,26536.0
2025-10-09 19:00:00+00:00,25073.5,25133.0,25071.0,25132.3,30004.0
2025-10-09 20:00:00+00:00,25132.1,25137.3,25108.1,25122.3,5131.0
2025-10-09 22:00:00+00:00,25131.2,25158.8,25125.7,25156.0,4359.0
2025-10-09 23:00:00+00:00,25156.2,25173.2,25147.2,25172.6,3267.0
2025-10-10 00:00:00+00:00,25172.2,25183.2,25158.8,25173.8,5877.0
2025-10-10 01:00:00+00:00,25173.9,25190.3,25170.9,25188.9,4820.0
2025-10-10 02:00:00+00:00,25188.0,25192.2,25173.8,25175.2,3555.0
2025-10-10 03:00:00+00:00,25175.4,25178.8,25147.5,25154.6,4670.0
2025-10-10 04:00:00+00:00,25154.2,25163.7,25137.5,25144.7,4475.0
2025-10-10 05:00:00+00:00,25144.6,25171.0,25133.9,25170.7,4966.0
2025-10-10 06:00:00+00:00,25170.8,25191.4,25132.2,25141.4,9318.0
2025-10-10 07:00:00+00:00,25141.8,25163.6,25135.8,25156.0,8775.0
2025-10-10 08:00:00+00:00,25155.9,25179.5,25150.8,25174.0,7962.0
2025-10-10 09:00:00+00:00,25173.7,25176.2,25088.8,25093.6,13328.0
2025-10-10 10:00:00+00:00,25093.7,25138.6,25091.6,25137.8,8201.0
2025-10-10 11:00:00+00:00,25138.6,25161.2,25137.5,25160.2,7993.0
2025-10-10 12:00:00+00:00,25159.4,25172.2,25126.3,25135.2,10938.0
2025-10-10 13:00:00+00:00,25135.0,25225.3,25131.4,25194.2,45934.0
2025-10-10 14:00:00+00:00,25194.2,25207.6,24966.9,25031.7,64770.0
2025-10-10 15:00:00+00:00,25031.5,25033.0,24512.8,24668.4,157281.0
2025-10-10 16:00:00+00:00,24668.2,24688.6,24489.8,24500.0,107593.0
2025-10-10 17:00:00+00:00,24499.2,24592.4,24445.4,24521.2,83020.0
2025-10-10 18:00:00+00:00,24522.4,24559.8,24413.5,24430.3,64597.0
2025-10-10 19:00:00+00:00,24429.4,24476.3,24226.0,24243.4,76876.0
2025-10-10 20:00:00+00:00,24243.9,24289.0,23998.6,24017.8,34223.0
2025-10-12 22:00:00+00:00,24575.8,24593.4,24457.1,24529.8,11852.0
2025-10-12 23:00:00+00:00,24530.8,24635.4,24494.4,24627.8,14159.0
2025-10-13 00:00:00+00:00,24628.2,24675.0,24598.2,24668.4,18264.0
2025-10-13 01:00:00+00:00,24669.0,24696.6,24663.5,24694.2,14636.0
2025-10-13 02:00:00+00:00,24694.2,24696.2,24646.8,24647.8,9277.0
2025-10-13 03:00:00+00:00,24647.8,24686.2,24604.8,24619.0,11273.0
2025-10-13 04:00:00+00:00,24619.2,24663.4,24615.6,24660.0,7922.0
2025-10-13 05:00:00+00:00,24659.8,24682.2,24644.1,24678.2,8541.0
2025-10-13 06:00:00+00:00,24678.2,24694.2,24628.6,24692.2,11811.0
2025-10-13 07:00:00+00:00,24692.0,24787.0,24675.1,24746.2,18218.0
2025-10-13 08:00:00+00:00,24745.8,24750.3,24683.2,24716.2,16138.0
2025-10-13 09:00:00+00:00,24716.0,24722.3,24678.2,24687.6,10762.0
2025-10-13 10:00:00+00:00,24687.6,24718.8,24668.1,24692.3,10952.0
2025-10-13 11:00:00+00:00,24692.4,24707.8,24575.2,24638.8,28887.0
2025-10-13 12:00:00+00:00,24637.4,24677.0,24609.1,24628.8,17381.0
2025-10-13 13:00:00+00:00,24627.8,24733.6,24566.3,24729.3,70529.0
2025-10-13 14:00:00+00:00,24729.2,24754.8,24585.4,24599.6,81580.0
2025-10-13 15:00:00+00:00,24599.5,24747.5,24587.5,24738.8,56463.0
2025-10-13 16:00:00+00:00,24739.2,24802.2,24715.4,24794.3,41679.0
2025-10-13 17:00:00+00:00,24794.2,24804.5,24735.0,24772.5,37837.0
2025-10-13 18:00:00+00:00,24771.3,24808.3,24735.9,24746.8,29153.0
2025-10-13 19:00:00+00:00,24747.3,24794.2,24729.3,24767.3,35710.0
2025-10-13 20:00:00+00:00,24767.1,24773.1,24745.1,24752.0,6177.0
2025-10-13 22:00:00+00:00,24762.8,24777.0,24743.6,24777.0,4551.0
2025-10-13 23:00:00+00:00,24777.2,24778.6,24745.2,24757.8,4905.0
2025-10-14 00:00:00+00:00,24757.4,24890.2,24750.5,24852.8,16236.0
2025-10-14 01:00:00+00:00,24852.6,24858.8,24814.2,24851.5,14655.0
2025-10-14 02:00:00+00:00,24852.2,24866.6,24797.0,24799.6,10755.0
2025-10-14 03:00:00+00:00,24799.8,24804.4,24750.8,24757.2,12438.0
2025-10-14 04:00:00+00:00,24757.4,24762.6,24596.2,24651.8,27368.0
2025-10-14 05:00:00+00:00,24650.8,24660.6,24497.8,24552.0,24762.0
2025-10-14 06:00:00+00:00,24552.2,24595.3,24511.6,24531.6,23546.0
2025-10-14 07:00:00+00:00,24531.2,24571.4,24445.4,24493.4,32643.0
2025-10-14 08:00:00+00:00,24492.9,24543.2,24432.2,24537.8,24440.0
2025-10-14 09:00:00+00:00,24537.9,24558.8,24475.5,24485.1,15850.0
2025-10-14 10:00:00+00:00,24485.0,24489.8,24348.8,24404.6,25519.0
2025-10-14 11:00:00+00:00,24405.1,24511.0,24392.6,24500.2,23267.0
2025-10-14 12:00:00+00:00,24500.0,24507.0,24401.6,24466.4,21375.0
2025-10-14 13:00:00+00:00,24465.2,24501.8,24269.8,24421.6,72213.0
2025-10-14 14:00:00+00:00,24421.6,24590.0,24403.0,24535.8,73363.0
2025-10-14 15:00:00+00:00,24536.2,24684.3,24530.4,24651.0,60980.0
2025-10-14 16:00:00+00:00,24651.2,24797.3,24608.3,24747.3,53490.0
2025-10-14 17:00:00+00:00,24746.5,24792.8,24713.4,24754.8,48138.0
2025-10-14 18:00:00+00:00,24755.3,24781.4,24736.8,24754.0,40193.0
2025-10-14 19:00:00+00:00,24754.5,24781.9,24541.4,24611.6,60927.0
2025-10-14 20:00:00+00:00,24611.8,24644.8,24552.0,24606.4,14149.0
2025-10-14 22:00:00+00:00,24644.2,24671.1,24605.6,24633.8,8606.0
2025-10-14 23:00:00+00:00,24633.6,24672.6,24623.6,24628.0,6915.0
2025-10-15 00:00:00+00:00,24627.9,24654.6,24596.0,24652.4,14909.0
2025-10-15 01:00:00+00:00,24652.0,24669.6,24618.6,24655.8,11617.0
2025-10-15 02:00:00+00:00,24655.6,24710.4,24655.6,24667.8,9201.0
2025-10-15 03:00:00+00:00,24667.2,24685.5,24643.8,24663.8,8739.0
2025-10-15 04:00:00+00:00,24664.0,24702.8,24657.4,24698.8,6270.0
2025-10-15 05:00:00+00:00,24715.4,24774.0,24710.4,24740.4,10494.0
2025-10-15 06:00:00+00:00,24740.2,24763.4,24723.6,24757.2,10173.0
2025-10-15 07:00:00+00:00,24755.6,24780.6,24731.8,24754.6,11403.0
2025-10-15 08:00:00+00:00,24754.8,24789.4,24753.2,24784.3,11231.0
2025-10-15 09:00:00+00:00,24784.2,24845.6,24780.4,24827.4,10424.0
2025-10-15 10:00:00+00:00,24827.6,24834.8,24804.6,24820.6,7019.0
2025-10-15 11:00:00+00:00,24819.2,24827.3,24792.8,24814.8,9581.0
2025-10-15 12:00:00+00:00,24814.8,24879.8,24810.4,24876.4,13403.0
2025-10-15 13:00:00+00:00,24876.5,24877.8,24752.4,24868.6,52625.0
2025-10-15 14:00:00+00:00,24870.0,24969.8,24868.4,24954.8,65955.0
2025-10-15 15:00:00+00:00,24955.5,24964.9,24732.5,24789.2,74921.0
2025-10-15 16:00:00+00:00,24789.8,24847.0,24747.5,24757.5,61649.0
2025-10-15 17:00:00+00:00,24757.8,24768.0,24519.0,24758.8,76643.0
2025-10-15 18:00:00+00:00,24758.5,24814.0,24713.8,24807.8,48669.0
2025-10-15 19:00:00+00:00,24807.6,24811.8,24701.0,24779.8,50719.0
2025-10-15 20:00:00+00:00,24779.9,24818.6,24768.3,24801.6,11777.0
2025-10-15 22:00:00+00:00,24800.6,24846.8,24797.8,24831.8,7365.0
2025-10-15 23:00:00+00:00,24831.9,24834.0,24780.4,24798.0,7116.0
2025-10-16 00:00:00+00:00,24797.6,24811.4,24729.8,24768.4,18545.0
2025-10-16 01:00:00+00:00,24767.6,24800.6,24760.8,24792.6,15196.0
2025-10-16 02:00:00+00:00,24793.4,24804.2,24750.6,24792.2,12260.0
2025-10-16 03:00:00+00:00,24792.0,24802.5,24762.3,24770.5,10498.0
2025-10-16 04:00:00+00:00,24770.2,24795.2,24765.8,24784.0,9129.0
2025-10-16 05:00:00+00:00,24785.8,24830.6,24774.3,24808.1,12697.0
2025-10-16 06:00:00+00:00,24808.6,24882.6,24808.4,24880.4,12124.0
2025-10-16 07:00:00+00:00,24879.4,24910.6,24828.5,24894.4,16994.0
2025-10-16 08:00:00+00:00,24894.6,24911.2,24860.6,24874.4,14423.0
2025-10-16 09:00:00+00:00,24874.6,24900.8,24861.1,24896.8,10063.0
2025-10-16 10:00:00+00:00,24896.9,24926.3,24894.4,24908.2,7294.0
2025-10-16 11:00:00+00:00,24907.6,24939.8,24901.0,24920.4,8047.0
2025-10-16 12:00:00+00:00,24919.4,24954.4,24884.1,24935.0,13961.0
2025-10-16 13:00:00+00:00,24934.8,24980.3,24881.9,24916.8,59131.0
2025-10-16 14:00:00+00:00,24920.0,25034.5,24869.3,24961.6,80161.0
2025-10-16 15:00:00+00:00,24962.6,24986.5,24804.5,24830.0,76045.0
2025-10-16 16:00:00+00:00,24830.8,24854.5,24590.3,24785.8,93747.0
2025-10-16 17:00:00+00:00,24785.5,24821.8,24684.4,24723.2,82561.0
2025-10-16 18:00:00+00:00,24721.8,24729.3,24501.8,24656.6,85912.0
2025-10-16 19:00:00+00:00,24655.4,24703.8,24551.0,24689.0,71057.0
2025-10-16 20:00:00+00:00,24689.6,24712.4,24604.4,24650.2,15485.0
2025-10-16 22:00:00+00:00,24679.9,24716.6,24598.4,24600.2,10688.0
2025-10-16 23:00:00+00:00,24601.1,24626.2,24578.6,24617.9,12639.0
2025-10-17 00:00:00+00:00,24617.2,24651.8,24603.9,24635.6,15762.0
2025-10-17 01:00:00+00:00,24635.8,24693.4,24588.1,24615.9,15495.0
2025-10-17 02:00:00+00:00,24616.3,24630.2,24587.3,24622.8,12437.0
2025-10-17 03:00:00+00:00,24622.6,24625.8,24564.0,24590.0,11318.0
2025-10-17 04:00:00+00:00,24589.8,24598.2,24558.6,24564.2,9495.0
2025-10-17 05:00:00+00:00,24565.6,24568.6,24474.4,24519.0,13927.0
2025-10-17 06:00:00+00:00,24519.2,24548.6,24428.1,24439.2,18994.0
2025-10-17 07:00:00+00:00,24438.6,24446.2,24288.5,24333.9,44572.0
2025-10-17 08:00:00+00:00,24333.8,24386.0,24268.2,24349.4,35163.0
2025-10-17 09:00:00+00:00,24349.3,24419.8,24343.4,24353.6,20936.0
2025-10-17 10:00:00+00:00,24354.3,24433.0,24340.8,24432.4,28776.0
2025-10-17 11:00:00+00:00,24432.8,24590.9,24426.3,24587.0,43002.0
2025-10-17 12:00:00+00:00,24587.2,24659.5,24569.0,24595.6,31441.0
2025-10-17 13:00:00+00:00,24594.9,24747.8,24530.4,24680.6,76370.0
2025-10-17 14:00:00+00:00,24680.2,24818.6,24606.8,24622.4,97645.0
2025-10-17 15:00:00+00:00,24621.8,24735.0,24537.2,24711.2,81786.0
2025-10-17 16:00:00+00:00,24711.3,24837.2,24711.3,24766.8,58235.0
2025-10-17 17:00:00+00:00,24767.6,24810.4,24692.8,24799.6,58011.0
2025-10-17 18:00:00+00:00,24799.2,24893.9,24799.0,24861.0,45249.0
2025-10-17 19:00:00+00:00,24861.2,24917.1,24843.5,24852.1,46527.0
2025-10-17 20:00:00+00:00,24852.4,24907.2,24840.4,24895.9,10273.0
2025-10-19 22:00:00+00:00,24948.0,24948.8,24904.0,24924.8,8036.0
2025-10-19 23:00:00+00:00,24924.9,24927.8,24852.0,24876.4,8355.0
2025-10-20 00:00:00+00:00,24875.2,24920.0,24820.6,24910.8,16106.0
2025-10-20 01:00:00+00:00,24911.8,24940.5,24894.8,24910.8,11620.0
2025-10-20 02:00:00+00:00,24909.8,24922.6,24891.4,24916.2,7761.0
2025-10-20 03:00:00+00:00,24916.4,24962.8,24915.6,24959.2,4560.0
2025-10-20 04:00:00+00:00,24959.5,24983.8,24948.8,24976.2,6360.0
2025-10-20 05:00:00+00:00,24975.6,24991.5,24959.8,24976.8,7466.0
2025-10-20 06:00:00+00:00,24976.6,24989.6,24951.6,24974.8,9283.0
2025-10-20 07:00:00+00:00,24976.2,25016.8,24962.8,24985.2,11180.0
2025-10-20 08:00:00+00:00,24986.2,24997.2,24930.6,24938.6,12385.0
2025-10-20 09:00:00+00:00,24937.8,24963.2,24925.6,24950.8,10127.0
2025-10-20 10:00:00+00:00,24951.5,24966.8,24903.8,24905.2,10380.0
2025-10-20 11:00:00+00:00,24904.6,24953.8,24902.4,24948.2,10720.0
2025-10-20 12:00:00+00:00,24946.8,24996.0,24939.6,24993.8,8246.0
2025-10-20 13:00:00+00:00,24995.2,25103.9,24978.6,25086.0,48072.0
2025-10-20 14:00:00+00:00,25086.2,25185.8,25075.8,25178.0,49727.0
2025-10-20 15:00:00+00:00,25178.3,25209.4,25153.5,25181.3,37495.0
2025-10-20 16:00:00+00:00,25182.0,25191.4,25154.8,25178.5,29030.0
2025-10-20 17:00:00+00:00,25177.8,25222.1,25175.8,25205.5,17208.0
2025-10-20 18:00:00+00:00,25205.0,25222.0,25175.5,25196.5,15824.0
2025-10-20 19:00:00+00:00,25196.4,25204.9,25166.1,25168.9,22110.0
2025-10-20 20:00:00+00:00,25169.1,25193.5,25158.9,25193.4,4984.0
2025-10-20 22:00:00+00:00,25192.8,25197.2,25177.0,25189.6,3616.0
2025-10-20 23:00:00+00:00,25190.0,25213.6,25186.2,25193.2,4224.0
2025-10-21 00:00:00+00:00,25192.0,25212.0,25180.2,25210.6,6535.0
2025-10-21 01:00:00+00:00,25210.8,25226.6,25199.3,25213.5,4617.0
2025-10-21 02:00:00+00:00,25211.6,25236.8,25211.6,25216.4,4092.0
2025-10-21 03:00:00+00:00,25216.0,25224.6,25187.5,25198.4,4178.0
2025-10-21 04:00:00+00:00,25198.8,25200.0,25164.3,25176.4,4898.0
2025-10-21 05:00:00+00:00,25177.3,25185.8,25145.3,25166.0,6706.0
2025-10-21 06:00:00+00:00,25167.0,25167.3,25135.3,25147.4,6979.0
2025-10-21 07:00:00+00:00,25147.8,25159.8,25131.2,25146.2,9738.0
2025-10-21 08:00:00+00:00,25147.2,25153.4,25122.2,25136.8,9077.0
2025-10-21 09:00:00+00:00,25136.6,25164.9,25135.0,25150.2,4995.0
2025-10-21 10:00:00+00:00,25151.4,25157.5,25128.0,25148.6,5665.0
2025-10-21 11:00:00+00:00,25148.5,25177.4,25143.0,25176.2,6796.0
2025-10-21 12:00:00+00:00,25175.8,25184.0,25160.0,25167.8,7396.0
2025-10-21 13:00:00+00:00,25167.6,25174.5,25083.2,25103.8,53102.0
2025-10-21 14:00:00+00:00,25103.5,25170.4,25072.4,25166.9,65857.0
2025-10-21 15:00:00+00:00,25167.3,25195.6,25111.4,25193.6,44819.0
2025-10-21 16:00:00+00:00,25192.7,25218.2,25148.8,25156.3,30032.0
2025-10-21 17:00:00+00:00,25156.4,25185.7,25121.3,25184.3,44025.0
2025-10-21 18:00:00+00:00,25184.4,25194.6,25161.3,25180.6,19489.0
2025-10-21 19:00:00+00:00,25180.0,25205.1,25157.8,25162.3,18709.0
2025-10-21 20:00:00+00:00,25162.2,25169.8,25099.9,25136.4,11036.0
2025-10-21 22:00:00+00:00,25152.1,25154.6,25129.2,25141.4,5046.0
2025-10-21 23:00:00+00:00,25141.8,25142.4,25111.4,25116.6,5678.0
2025-10-22 00:00:00+00:00,25116.8,25126.8,25091.9,25097.2,9895.0
2025-10-22 01:00:00+00:00,25097.2,25139.2,25088.0,25136.8,6229.0
2025-10-22 02:00:00+00:00,25137.4,25153.1,25124.4,25144.8,3692.0
2025-10-22 03:00:00+00:00,25144.9,25163.1,25115.6,25161.6,4276.0
2025-10-22 04:00:00+00:00,25161.8,25203.8,25160.8,25188.4,5947.0
2025-10-22 05:00:00+00:00,25188.2,25196.8,25169.0,25178.6,4800.0
2025-10-22 06:00:00+00:00,25179.0,25209.4,25165.0,25189.8,7733.0
2025-10-22 07:00:00+00:00,25190.4,25192.0,25142.6,25169.0,9561.0
2025-10-22 08:00:00+00:00,25169.2,25169.9,25122.8,25138.8,9788.0
2025-10-22 09:00:00+00:00,25137.8,25145.0,25102.5,25143.0,7804.0
2025-10-22 10:00:00+00:00,25142.9,25176.2,25134.8,25158.0,5937.0
2025-10-22 11:00:00+00:00,25157.4,25161.6,25077.8,25095.4,14027.0
2025-10-22 12:00:00+00:00,25094.4,25138.9,25089.8,25131.8,10524.0
2025-10-22 13:00:00+00:00,25131.6,25160.1,25044.2,25129.1,51594.0
2025-10-22 14:00:00+00:00,25129.2,25151.5,24922.1,25044.4,87789.0
2025-10-22 15:00:00+00:00,25044.3,25062.6,24874.3,24975.1,74177.0
2025-10-22 16:00:00+00:00,24975.2,24984.6,24745.0,24867.0,79870.0
2025-10-22 17:00:00+00:00,24867.0,24884.6,24680.2,24748.4,58130.0
2025-10-22 18:00:00+00:00,24747.8,24834.3,24702.4,24832.8,52977.0
2025-10-22 19:00:00+00:00,24832.0,24932.1,24798.2,24915.1,47489.0
2025-10-22 20:00:00+00:00,24917.0,24951.0,24898.4,24913.2,11378.0
2025-10-22 22:00:00+00:00,24877.1,24933.9,24875.6,24919.4,6304.0
2025-10-22 23:00:00+00:00,24919.6,24938.6,24867.4,24871.0,6337.0
2025-10-23 00:00:00+00:00,24870.6,24929.2,24826.0,24923.8,16080.0
2025-10-23 01:00:00+00:00,24923.5,24979.4,24920.8,24973.0,11665.0
2025-10-23 02:00:00+00:00,24974.1,24986.4,24965.1,24973.4,7859.0
2025-10-23 03:00:00+00:00,24973.4,24987.4,24949.2,24960.8,8149.0
2025-10-23 04:00:00+00:00,24960.8,24969.2,24936.4,24945.8,8974.0
2025-10-23 05:00:00+00:00,24946.0,24968.4,24928.4,24965.6,9411.0
2025-10-23 06:00:00+00:00,24966.0,24986.4,24950.2,24978.8,11121.0
2025-10-23 07:00:00+00:00,24978.8,25001.4,24943.2,24966.0,14560.0
2025-10-23 08:00:00+00:00,24966.2,24989.8,24944.2,24958.6,12978.0
2025-10-23 09:00:00+00:00,24958.8,24966.4,24900.1,24933.8,11726.0
2025-10-23 10:00:00+00:00,24934.4,24941.9,24909.7,24923.6,10246.0
2025-10-23 11:00:00+00:00,24924.8,24927.4,24837.8,24848.4,16157.0
2025-10-23 12:00:00+00:00,24848.2,24886.2,24811.4,24883.1,17405.0
2025-10-23 13:00:00+00:00,24883.0,25054.2,24816.4,25034.6,56598.0
2025-10-23 14:00:00+00:00,25035.0,25072.6,24958.8,25064.3,72438.0
2025-10-23 15:00:00+00:00,25064.7,25091.1,24994.3,25069.1,52769.0
2025-10-23 16:00:00+00:00,25068.8,25115.7,25059.3,25114.5,28979.0
2025-10-23 17:00:00+00:00,25114.6,25157.6,25064.4,25153.6,33968.0
2025-10-23 18:00:00+00:00,25153.7,25163.0,25122.9,25151.3,19579.0
2025-10-23 19:00:00+00:00,25151.7,25159.8,25108.3,25130.0,25542.0
2025-10-23 20:00:00+00:00,25130.3,25172.3,25124.8,25152.6,9868.0
2025-10-23 22:00:00+00:00,25167.8,25180.1,25162.9,25168.6,3823.0
2025-10-23 23:00:00+00:00,25168.8,25181.4,25167.6,25175.0,2081.0
2025-10-24 00:00:00+00:00,25175.7,25182.1,25162.7,25178.1,5571.0
2025-10-24 01:00:00+00:00,25177.4,25198.0,25174.3,25195.3,5127.0
2025-10-24 02:00:00+00:00,25195.4,25203.2,25180.6,25187.1,4350.0
2025-10-24 03:00:00+00:00,25187.4,25207.1,25182.2,25206.4,4292.0
2025-10-24 04:00:00+00:00,25206.6,25212.6,25197.2,25209.6,3634.0
2025-10-24 05:00:00+00:00,25209.4,25224.6,25204.8,25224.1,4484.0
2025-10-24 06:00:00+00:00,25224.0,25258.2,25222.4,25237.4,5989.0
2025-10-24 07:00:00+00:00,25237.8,25245.6,25210.9,25214.7,8268.0
2025-10-24 08:00:00+00:00,25214.6,25248.4,25201.2,25230.6,7688.0
2025-10-24 09:00:00+00:00,25230.6,25270.8,25229.3,25254.1,5903.0
2025-10-24 10:00:00+00:00,25254.2,25268.1,25242.1,25243.8,5906.0
2025-10-24 11:00:00+00:00,25244.2,25263.3,25240.3,25251.4,6455.0
2025-10-24 12:00:00+00:00,25251.8,25399.1,25235.1,25336.0,20342.0
2025-10-24 13:00:00+00:00,25336.1,25407.8,25307.4,25387.2,55918.0
2025-10-24 14:00:00+00:00,25386.6,25423.8,25309.4,25345.6,65291.0
2025-10-24 15:00:00+00:00,25345.5,25423.8,25334.3,25400.0,42259.0
2025-10-24 16:00:00+00:00,25400.5,25441.1,25397.9,25430.5,25870.0
2025-10-24 17:00:00+00:00,25429.5,25447.0,25418.1,25428.5,19470.0
2025-10-24 18:00:00+00:00,25428.2,25433.8,25407.6,25422.8,18815.0
2025-10-24 19:00:00+00:00,25423.0,25445.7,25377.1,25387.5,27278.0
2025-10-24 20:00:00+00:00,25388.0,25404.7,25376.8,25393.2,8010.0
2025-10-26 22:00:00+00:00,25602.0,25631.4,25579.6,25600.4,10889.0
2025-10-26 23:00:00+00:00,25600.6,25620.6,25589.4,25596.8,5723.0
2025-10-27 00:00:00+00:00,25596.5,25622.7,25587.0,25602.0,7532.0
2025-10-27 01:00:00+00:00,25602.4,25611.4,25590.5,25597.0,6157.0
2025-10-27 02:00:00+00:00,25597.0,25630.0,25591.7,25629.5,3780.0
2025-10-27 03:00:00+00:00,25629.8,25652.0,25627.2,25640.2,4003.0
2025-10-27 04:00:00+00:00,25639.6,25647.8,25632.5,25641.6,3060.0
2025-10-27 05:00:00+00:00,25641.5,25666.2,25640.4,25661.8,3352.0
2025-10-27 06:00:00+00:00,25661.8,25681.2,25659.4,25662.8,4284.0
2025-10-27 07:00:00+00:00,25662.8,25696.0,25658.7,25671.7,4791.0
2025-10-27 08:00:00+00:00,25672.8,25686.5,25647.8,25681.8,7986.0
2025-10-27 09:00:00+00:00,25682.0,25718.5,25669.5,25718.5,6157.0
2025-10-27 10:00:00+00:00,25718.8,25731.5,25708.5,25717.7,5319.0
2025-10-27 11:00:00+00:00,25717.6,25727.5,25690.5,25698.8,6738.0
2025-10-27 12:00:00+00:00,25698.7,25724.7,25697.2,25710.0,7603.0
2025-10-27 13:00:00+00:00,25709.8,25738.7,25675.7,25728.0,46782.0
2025-10-27 14:00:00+00:00,25728.5,25770.8,25702.6,25736.7,54571.0
2025-10-27 15:00:00+00:00,25736.8,25787.0,25734.7,25772.2,26258.0
2025-10-27 16:00:00+00:00,25772.1,25802.4,25768.2,25799.1,18440.0
2025-10-27 17:00:00+00:00,25799.0,25814.3,25777.8,25812.3,17984.0
2025-10-27 18:00:00+00:00,25812.1,25831.5,25805.4,25827.3,14878.0
2025-10-27 19:00:00+00:00,25827.4,25866.3,25806.4,25846.6,27752.0
2025-10-27 20:00:00+00:00,25846.3,25897.9,25846.3,25889.3,6972.0
2025-10-27 22:00:00+00:00,25877.8,25885.3,25871.5,25881.2,2741.0
2025-10-27 23:00:00+00:00,25881.6,25902.8,25879.0,25879.8,3249.0
2025-10-28 00:00:00+00:00,25880.2,25881.0,25859.6,25860.7,4631.0
2025-10-28 01:00:00+00:00,25860.6,25866.5,25847.0,25854.4,4728.0
2025-10-28 02:00:00+00:00,25854.4,25866.4,25849.6,25862.4,3323.0
2025-10-28 03:00:00+00:00,25862.2,25874.1,25852.5,25867.0,2767.0
2025-10-28 04:00:00+00:00,25867.0,25868.4,25841.5,25843.0,3325.0
2025-10-28 05:00:00+00:00,25844.0,25852.5,25831.7,25846.4,3981.0
2025-10-28 06:00:00+00:00,25847.8,25870.0,25839.1,25843.0,3874.0
2025-10-28 07:00:00+00:00,25843.4,25865.8,25837.5,25843.0,4180.0
2025-10-28 08:00:00+00:00,25843.8,25858.5,25828.7,25853.6,6790.0
2025-10-28 09:00:00+00:00,25854.2,25866.5,25848.0,25860.8,4665.0
2025-10-28 10:00:00+00:00,25860.7,25874.6,25852.7,25863.0,4925.0
2025-10-28 11:00:00+00:00,25863.7,25888.8,25863.0,25879.0,5937.0
2025-10-28 12:00:00+00:00,25878.4,25910.0,25877.6,25897.5,6756.0
2025-10-28 13:00:00+00:00,25897.4,25978.8,25895.4,25949.1,47731.0
2025-10-28 14:00:00+00:00,25949.2,25961.6,25894.1,25920.6,48649.0
2025-10-28 15:00:00+00:00,25920.0,25948.4,25894.2,25947.9,29322.0
2025-10-28 16:00:00+00:00,25948.0,26033.0,25947.9,25995.9,33113.0
2025-10-28 17:00:00+00:00,25995.2,26045.4,25990.9,26040.9,31266.0
2025-10-28 18:00:00+00:00,26040.4,26082.7,26034.8,26082.0,24796.0
2025-10-28 19:00:00+00:00,26081.9,26118.5,26045.4,26047.4,34576.0
2025-10-28 20:00:00+00:00,26047.7,26065.3,26038.2,26060.9,8758.0
2025-10-28 22:00:00+00:00,26065.2,26077.1,26056.1,26060.1,1910.0
2025-10-28 23:00:00+00:00,26060.0,26076.7,26052.3,26070.8,2819.0
2025-10-29 00:00:00+00:00,26070.8,26081.0,26053.4,26062.0,6062.0
2025-10-29 01:00:00+00:00,26062.0,26109.8,26059.8,26102.6,7022.0
2025-10-29 02:00:00+00:00,26103.0,26139.7,26101.5,26126.7,5066.0
2025-10-29 03:00:00+00:00,26126.8,26137.8,26111.6,26132.0,3540.0
2025-10-29 04:00:00+00:00,26131.0,26136.5,26108.0,26133.0,3598.0
2025-10-29 05:00:00+00:00,26133.0,26150.7,26132.2,26148.0,3635.0
2025-10-29 06:00:00+00:00,26147.8,26178.4,26143.6,26168.5,4373.0
2025-10-29 07:00:00+00:00,26168.4,26186.1,26148.5,26179.8,4675.0
2025-10-29 08:00:00+00:00,26178.4,26197.0,26148.0,26156.2,8821.0
2025-10-29 09:00:00+00:00,26155.8,26157.7,26113.7,26124.5,8296.0
2025-10-29 10:00:00+00:00,26124.6,26160.4,26117.7,26137.0,6960.0
2025-10-29 11:00:00+00:00,26134.6,26183.7,26134.6,26162.4,7520.0
2025-10-29 12:00:00+00:00,26161.2,26175.0,26131.0,26147.7,9888.0
2025-10-29 13:00:00+00:00,26147.0,26206.5,26141.7,26206.0,45162.0
2025-10-29 14:00:00+00:00,26206.0,26213.5,26131.0,26147.0,47595.0
2025-10-29 15:00:00+00:00,26147.7,26164.7,26105.7,26125.0,35459.0
2025-10-29 16:00:00+00:00,26124.8,26155.5,26091.0,26143.5,29436.0
2025-10-29 17:00:00+00:00,26144.0,26156.6,26108.6,26141.2,22179.0
2025-10-29 18:00:00+00:00,26141.5,26174.7,25938.3,26074.0,90868.0
2025-10-29 19:00:00+00:00,26073.8,26173.4,26001.6,26171.0,84862.0
2025-10-29 20:00:00+00:00,26169.7,26266.7,26048.7,26114.2,24378.0
2025-10-29 22:00:00+00:00,26085.7,26137.4,26044.3,26089.1,5649.0
2025-10-29 23:00:00+00:00,26088.8,26136.4,26053.8,26124.0,10076.0
2025-10-30 00:00:00+00:00,26125.3,26206.8,26125.3,26177.8,16605.0
2025-10-30 01:00:00+00:00,26178.4,26200.6,26150.0,26187.4,13534.0
2025-10-30 02:00:00+00:00,26187.4,26260.8,26185.4,26245.8,9388.0
2025-10-30 03:00:00+00:00,26246.0,26288.1,26246.0,26267.1,10216.0
2025-10-30 04:00:00+00:00,26267.0,26270.8,26028.6,26095.0,37995.0
2025-10-30 05:00:00+00:00,26095.6,26217.4,26084.7,26170.2,21221.0
2025-10-30 06:00:00+00:00,26170.3,26173.0,26101.0,26112.5,18456.0
2025-10-30 07:00:00+00:00,26113.4,26174.8,26078.8,26158.7,16979.0
2025-10-30 08:00:00+00:00,26158.8,26179.3,26122.5,26159.2,17858.0
2025-10-30 09:00:00+00:00,26160.0,26180.2,26084.8,26095.5,14813.0
2025-10-30 10:00:00+00:00,26095.8,26133.5,26087.0,26121.1,13703.0
2025-10-30 11:00:00+00:00,26121.0,26176.0,26113.8,26149.2,12497.0
2025-10-30 12:00:00+00:00,26149.7,26161.6,25975.4,25976.6,31555.0
2025-10-30 13:00:00+00:00,25976.8,26036.2,25831.5,26014.0,69271.0
2025-10-30 14:00:00+00:00,26014.2,26069.3,25868.5,25906.2,92530.0
2025-10-30 15:00:00+00:00,25906.0,25965.8,25856.2,25880.5,64883.0
2025-10-30 16:00:00+00:00,25879.7,25988.5,25875.0,25965.0,57242.0
2025-10-30 17:00:00+00:00,25964.2,25967.1,25891.0,25959.2,51288.0
2025-10-30 18:00:00+00:00,25958.8,25959.5,25867.2,25880.5,48617.0
2025-10-30 19:00:00+00:00,25880.4,25885.2,25761.2,25762.5,60711.0
2025-10-30 20:00:00+00:00,25763.5,26039.4,25745.2,26034.0,37368.0
2025-10-30 22:00:00+00:00,26066.6,26071.0,26024.8,26038.1,8586.0
2025-10-30 23:00:00+00:00,26038.2,26063.8,26016.7,26060.0,7529.0
2025-10-31 00:00:00+00:00,26060.2,26088.2,26026.0,26083.2,9530.0
2025-10-31 01:00:00+00:00,26082.8,26098.0,26059.4,26096.4,9074.0
2025-10-31 02:00:00+00:00,26096.8,26102.5,26054.4,26074.0,8149.0
2025-10-31 03:00:00+00:00,26073.6,26087.0,26050.2,26080.0,7687.0
2025-10-31 04:00:00+00:00,26080.2,26098.0,26076.0,26081.6,5527.0
2025-10-31 05:00:00+00:00,26081.4,26083.8,26049.5,26054.0,7862.0
2025-10-31 06:00:00+00:00,26054.0,26081.2,26043.8,26049.8,8474.0
2025-10-31 07:00:00+00:00,26050.2,26108.6,26033.5,26106.8,6864.0
2025-10-31 08:00:00+00:00,26106.6,26107.0,26047.2,26087.4,13783.0
2025-10-31 09:00:00+00:00,26088.0,26099.4,26066.8,26070.6,7804.0
2025-10-31 10:00:00+00:00,26070.7,26084.4,26050.4,26070.4,8399.0
2025-10-31 11:00:00+00:00,26070.8,26121.0,26055.6,26110.0,9419.0
2025-10-31 12:00:00+00:00,26110.2,26162.4,26093.7,26100.4,14243.0
2025-10-31 13:00:00+00:00,26098.8,26106.2,25969.7,25991.7,62918.0
2025-10-31 14:00:00+00:00,25991.8,26070.5,25950.6,26053.7,68943.0
2025-10-31 15:00:00+00:00,26053.1,26071.7,25939.6,25943.0,57037.0
2025-10-31 16:00:00+00:00,25942.2,25944.3,25822.4,25840.3,69361.0
2025-10-31 17:00:00+00:00,25839.8,25871.6,25780.2,25838.5,66708.0
2025-10-31 18:00:00+00:00,25838.8,25913.4,25835.5,25905.0,45399.0
2025-10-31 19:00:00+00:00,25905.3,26009.0,25883.3,25884.6,47802.0
2025-10-31 20:00:00+00:00,25884.3,25889.2,25858.4,25874.8,12771.0
2025-11-02 23:00:00+00:00,25921.4,25983.8,25917.2,25971.8,8456.0
2025-11-03 00:00:00+00:00,25972.1,26008.8,25969.9,26007.6,5581.0
2025-11-03 01:00:00+00:00,26007.8,26013.9,25978.8,25980.6,7006.0
2025-11-03 02:00:00+00:00,25980.3,26005.3,25960.6,25974.4,8056.0
2025-11-03 03:00:00+00:00,25973.4,25976.0,25941.9,25966.8,7699.0
2025-11-03 04:00:00+00:00,25966.8,25976.6,25956.6,25975.6,6162.0
2025-11-03 05:00:00+00:00,25975.6,25978.8,25947.6,25958.4,7720.0
2025-11-03 06:00:00+00:00,25959.8,25972.4,25922.6,25939.6,9047.0
2025-11-03 07:00:00+00:00,25938.2,25940.2,25908.3,25922.0,10590.0
2025-11-03 08:00:00+00:00,25922.6,25988.2,25910.6,25977.1,12458.0
2025-11-03 09:00:00+00:00,25977.2,26046.6,25973.8,26021.2,11292.0
2025-11-03 10:00:00+00:00,26021.6,26054.0,26014.8,26029.8,7973.0
2025-11-03 11:00:00+00:00,26029.6,26069.5,26029.6,26044.2,8372.0
2025-11-03 12:00:00+00:00,26044.0,26072.8,26035.3,26043.8,9717.0
2025-11-03 13:00:00+00:00,26043.8,26082.3,26024.8,26080.0,11267.0
2025-11-03 14:00:00+00:00,26079.8,26156.6,26010.8,26028.5,60942.0
2025-11-03 15:00:00+00:00,26028.0,26045.8,25907.0,25979.8,83548.0
2025-11-03 16:00:00+00:00,25980.8,26027.0,25941.0,26018.4,58185.0
2025-11-03 17:00:00+00:00,26018.9,26059.3,25983.2,26049.8,39123.0
2025-11-03 18:00:00+00:00,26049.9,26064.2,26024.7,26029.3,25804.0
2025-11-03 19:00:00+00:00,26029.4,26038.0,25966.2,26016.2,39531.0
2025-11-03 20:00:00+00:00,26016.3,26024.6,25971.9,26010.3,34793.0
2025-11-03 21:00:00+00:00,26010.2,26078.4,25997.6,26009.9,11331.0
2025-11-03 23:00:00+00:00,25993.0,25998.4,25961.6,25968.2,1482.0
2025-11-04 00:00:00+00:00,25967.6,25968.0,25882.2,25913.2,10434.0
2025-11-04 01:00:00+00:00,25914.2,25930.4,25888.4,25907.2,12941.0
2025-11-04 02:00:00+00:00,25907.1,25907.2,25841.0,25841.4,11797.0
2025-11-04 03:00:00+00:00,25840.4,25875.4,25823.8,25827.4,10553.0
2025-11-04 04:00:00+00:00,25827.6,25840.5,25805.4,25822.6,8727.0
2025-11-04 05:00:00+00:00,25823.8,25826.0,25707.2,25721.5,14213.0
2025-11-04 06:00:00+00:00,25721.4,25724.5,25643.8,25675.5,19435.0
2025-11-04 07:00:00+00:00,25675.4,25701.0,25637.5,25691.4,14525.0
2025-11-04 08:00:00+00:00,25691.4,25691.4,25629.0,25664.8,17392.0
2025-11-04 09:00:00+00:00,25665.8,25688.8,25568.2,25574.2,18908.0
2025-11-04 10:00:00+00:00,25574.0,25671.7,25544.4,25657.6,17421.0
2025-11-04 11:00:00+00:00,25657.0,25691.6,25647.0,25666.4,11379.0
2025-11-04 12:00:00+00:00,25666.7,25689.4,25625.0,25654.2,17882.0
2025-11-04 13:00:00+00:00,25653.8,25665.8,25584.6,25615.8,17596.0
2025-11-04 14:00:00+00:00,25614.9,25780.3,25562.8,25774.8,67861.0
2025-11-04 15:00:00+00:00,25773.7,25793.1,25663.5,25688.3,73223.0
2025-11-04 16:00:00+00:00,25688.8,25722.1,25622.8,25660.0,65095.0
2025-11-04 17:00:00+00:00,25659.0,25661.5,25546.3,25582.8,59788.0
2025-11-04 18:00:00+00:00,25582.0,25588.4,25507.0,25572.4,51007.0
2025-11-04 19:00:00+00:00,25572.0,25591.3,25478.6,25508.8,53135.0
2025-11-04 20:00:00+00:00,25509.5,25546.4,25449.0,25482.7,56334.0
2025-11-04 21:00:00+00:00,25483.2,25496.4,25426.6,25479.0,13232.0
2025-11-04 23:00:00+00:00,25464.9,25477.6,25405.6,25407.6,10440.0
2025-11-05 00:00:00+00:00,25407.7,25407.7,25311.8,25313.6,20464.0
2025-11-05 01:00:00+00:00,25313.4,25314.6,25186.6,25241.8,31394.0
2025-11-05 02:00:00+00:00,25241.6,25327.2,25200.2,25318.8,25003.0
2025-11-05 03:00:00+00:00,25319.4,25422.2,25319.4,25419.8,22191.0
2025-11-05 04:00:00+00:00,25420.2,25420.8,25347.7,25369.0,17915.0
2025-11-05 05:00:00+00:00,25369.6,25439.0,25366.4,25385.0,15734.0
2025-11-05 06:00:00+00:00,25385.4,25456.7,25359.4,25432.0,13561.0
2025-11-05 07:00:00+00:00,25432.4,25439.0,25374.4,25378.6,11770.0
2025-11-05 08:00:00+00:00,25378.6,25441.4,25358.0,25417.1,17004.0
2025-11-05 09:00:00+00:00,25417.0,25456.0,25384.6,25422.8,15191.0
2025-11-05 10:00:00+00:00,25422.4,25441.2,25315.7,25317.2,14712.0
2025-11-05 11:00:00+00:00,25316.6,25388.0,25308.2,25385.4,15295.0
2025-11-05 12:00:00+00:00,25385.3,25439.2,25362.4,25432.4,14396.0
2025-11-05 13:00:00+00:00,25430.8,25499.6,25412.1,25490.8,16997.0
2025-11-05 14:00:00+00:00,25490.6,25594.2,25391.8,25592.1,56049.0
2025-11-05 15:00:00+00:00,25590.4,25639.7,25522.6,25624.0,87896.0
2025-11-05 16:00:00+00:00,25623.4,25696.3,25562.2,25682.4,60587.0
2025-11-05 17:00:00+00:00,25681.9,25736.2,25648.5,25720.3,34329.0
2025-11-05 18:00:00+00:00,25720.0,25780.6,25712.8,25772.5,23138.0
2025-11-05 19:00:00+00:00,25772.0,25785.4,25731.3,25771.3,26687.0
2025-11-05 20:00:00+00:00,25770.6,25785.3,25638.6,25648.6,36902.0
2025-11-05 21:00:00+00:00,25648.8,25671.4,25602.8,25638.8,15466.0
2025-11-05 23:00:00+00:00,25658.8,25682.0,25610.4,25680.6,6679.0
2025-11-06 00:00:00+00:00,25680.5,25682.4,25560.6,25606.2,18688.0
2025-11-06 01:00:00+00:00,25606.2,25606.2,25525.0,25581.0,19054.0
2025-11-06 02:00:00+00:00,25580.4,25626.2,25547.4,25622.8,14032.0
2025-11-06 03:00:00+00:00,25621.8,25642.4,25608.4,25628.8,11289.0
2025-11-06 04:00:00+00:00,25628.6,25649.6,25613.2,25646.3,8548.0
2025-11-06 05:00:00+00:00,25646.6,25650.2,25596.2,25600.8,9235.0
2025-11-06 06:00:00+00:00,25600.4,25620.5,25580.4,25590.0,10351.0
2025-11-06 07:00:00+00:00,25589.9,25623.2,25551.4,25553.9,11369.0
2025-11-06 08:00:00+00:00,25554.3,25591.4,25537.3,25580.0,16465.0
2025-11-06 09:00:00+00:00,25580.2,25655.0,25579.4,25635.6,12250.0
2025-11-06 10:00:00+00:00,25636.6,25685.2,25634.2,25660.2,9213.0
2025-11-06 11:00:00+00:00,25660.2,25683.8,25650.8,25655.8,10127.0
2025-11-06 12:00:00+00:00,25655.9,25699.2,25654.5,25687.0,12024.0
2025-11-06 13:00:00+00:00,25687.2,25730.0,25669.8,25674.6,11882.0
2025-11-06 14:00:00+00:00,25674.5,25681.9,25418.3,25421.6,73595.0
2025-11-06 15:00:00+00:00,25420.8,25452.0,25198.8,25211.2,107797.0
2025-11-06 16:00:00+00:00,25210.0,25278.0,25113.6,25132.8,80107.0
2025-11-06 17:00:00+00:00,25132.4,25268.3,25110.8,25249.8,79668.0
2025-11-06 18:00:00+00:00,25248.5,25283.0,25138.5,25242.5,62711.0
2025-11-06 19:00:00+00:00,25242.8,25350.5,25233.4,25317.4,56013.0
2025-11-06 20:00:00+00:00,25316.0,25326.8,25138.6,25171.3,61262.0
2025-11-06 21:00:00+00:00,25171.0,25230.6,25154.2,25226.4,15592.0
2025-11-06 23:00:00+00:00,25199.6,25247.0,25183.4,25227.9,7020.0
2025-11-07 00:00:00+00:00,25227.8,25261.3,25191.4,25235.2,15917.0
2025-11-07 01:00:00+00:00,25236.2,25244.6,25112.2,25183.4,29647.0
2025-11-07 02:00:00+00:00,25184.0,25185.8,25119.4,25180.2,22896.0
2025-11-07 03:00:00+00:00,25180.6,25192.6,25115.0,25135.0,19728.0
2025-11-07 04:00:00+00:00,25135.2,25176.0,25074.1,25162.2,20741.0
2025-11-07 05:00:00+00:00,25161.1,25243.8,25159.2,25243.8,16974.0
2025-11-07 06:00:00+00:00,25244.2,25252.2,25219.0,25236.9,14768.0
2025-11-07 07:00:00+00:00,25236.8,25260.2,25224.8,25247.1,12560.0
2025-11-07 08:00:00+00:00,25247.2,25265.8,25184.0,25224.2,17965.0
2025-11-07 09:00:00+00:00,25224.2,25239.8,25152.3,25170.9,20274.0
2025-11-07 10:00:00+00:00,25171.2,25189.0,25097.9,25130.4,20104.0
2025-11-07 11:00:00+00:00,25130.2,25131.4,24996.2,25091.6,26931.0
2025-11-07 12:00:00+00:00,25091.5,25106.6,24974.3,25003.6,25687.0
2025-11-07 13:00:00+00:00,25004.6,25058.6,24978.4,25023.2,27378.0
2025-11-07 14:00:00+00:00,25022.2,25035.6,24829.4,24926.5,72282.0
2025-11-07 15:00:00+00:00,24922.5,24956.5,24734.6,24734.6,95481.0
2025-11-07 16:00:00+00:00,24734.3,24772.5,24635.3,24662.7,70557.0
2025-11-07 17:00:00+00:00,24662.2,24778.8,24625.9,24757.6,61970.0
2025-11-07 18:00:00+00:00,24758.2,24869.7,24738.8,24839.0,56643.0
2025-11-07 19:00:00+00:00,24839.2,25032.7,24817.3,25030.8,57990.0
2025-11-07 20:00:00+00:00,25030.2,25089.2,24940.8,25080.9,68893.0
2025-11-07 21:00:00+00:00,25080.2,25138.2,25077.3,25138.2,13963.0
2025-11-09 23:00:00+00:00,25259.4,25285.6,25210.8,25248.6,13167.0
2025-11-10 00:00:00+00:00,25248.4,25258.8,25182.4,25243.0,19424.0
2025-11-10 01:00:00+00:00,25242.8,25350.4,25239.4,25341.9,17424.0
2025-11-10 02:00:00+00:00,25342.0,25361.9,25322.8,25345.2,12053.0
2025-11-10 03:00:00+00:00,25345.2,25401.2,25344.8,25373.8,10256.0
2025-11-10 04:00:00+00:00,25373.6,25398.9,25369.2,25379.4,10570.0
2025-11-10 05:00:00+00:00,25380.4,25409.2,25379.6,25396.4,10938.0
2025-11-10 06:00:00+00:00,25396.2,25415.2,25380.1,25383.2,10118.0
2025-11-10 07:00:00+00:00,25382.8,25412.6,25376.4,25402.8,11287.0
2025-11-10 08:00:00+00:00,25403.1,25447.4,25370.6,25445.4,13421.0
2025-11-10 09:00:00+00:00,25446.0,25482.2,25430.9,25465.8,14329.0
2025-11-10 10:00:00+00:00,25467.4,25471.0,25439.8,25442.6,11219.0
2025-11-10 11:00:00+00:00,25442.7,25459.2,25417.8,25458.8,10666.0
2025-11-10 12:00:00+00:00,25458.0,25464.4,25426.4,25452.2,13462.0
2025-11-10 13:00:00+00:00,25452.8,25472.0,25432.6,25468.8,10283.0
2025-11-10 14:00:00+00:00,25468.6,25570.1,25434.9,25550.8,58363.0
2025-11-10 15:00:00+00:00,25550.6,25579.3,25430.1,25436.3,72406.0
2025-11-10 16:00:00+00:00,25436.8,25450.6,25365.8,25439.8,78146.0
2025-11-10 17:00:00+00:00,25439.0,25565.2,25425.8,25553.3,49310.0
2025-11-10 18:00:00+00:00,25553.2,25600.3,25546.8,25565.0,26564.0
2025-11-10 19:00:00+00:00,25565.1,25634.3,25561.0,25620.3,24819.0
2025-11-10 20:00:00+00:00,25620.0,25678.1,25614.7,25631.1,36223.0
2025-11-10 21:00:00+00:00,25631.0,25663.9,25626.9,25637.8,10027.0
2025-11-10 23:00:00+00:00,25643.2,25663.9,25620.6,25660.8,8480.0
2025-11-11 00:00:00+00:00,25660.5,25687.2,25647.8,25657.4,11252.0
2025-11-11 01:00:00+00:00,25657.7,25685.9,25652.2,25661.4,14536.0
2025-11-11 02:00:00+00:00,25661.2,25672.4,25639.2,25653.4,11611.0
2025-11-11 03:00:00+00:00,25653.6,25663.6,25635.8,25655.2,9838.0
2025-11-11 04:00:00+00:00,25655.2,25658.4,25601.9,25608.4,8579.0
2025-11-11 05:00:00+00:00,25608.4,25613.8,25571.0,25571.4,14967.0
2025-11-11 06:00:00+00:00,25571.6,25622.6,25571.0,25602.4,10798.0
2025-11-11 07:00:00+00:00,25602.2,25608.6,25564.2,25570.9,9748.0
2025-11-11 08:00:00+00:00,25570.4,25600.4,25548.8,25552.2,14163.0
2025-11-11 09:00:00+00:00,25553.4,25572.9,25515.4,25521.2,12554.0
2025-11-11 10:00:00+00:00,25521.1,25550.9,25514.4,25539.2,9945.0
2025-11-11 11:00:00+00:00,25539.5,25562.0,25526.9,25541.2,10418.0
2025-11-11 12:00:00+00:00,25541.0,25557.0,25501.1,25509.2,13223.0
2025-11-11 13:00:00+00:00,25509.7,25544.0,25490.8,25515.1,13038.0
2025-11-11 14:00:00+00:00,25515.0,25564.1,25478.8,25544.8,58687.0
2025-11-11 15:00:00+00:00,25545.2,25546.0,25405.8,25431.3,80905.0
2025-11-11 16:00:00+00:00,25431.2,25509.3,25397.0,25431.4,58755.0
2025-11-11 17:00:00+00:00,25431.5,25552.3,25427.6,25538.8,47226.0
2025-11-11 18:00:00+00:00,25538.6,25617.0,25528.5,25611.5,49014.0
2025-11-11 19:00:00+00:00,25611.8,25612.0,25563.6,25584.5,35181.0
2025-11-11 20:00:00+00:00,25584.4,25609.3,25541.0,25567.9,34104.0
2025-11-11 21:00:00+00:00,25568.0,25608.5,25547.8,25579.8,10603.0
2025-11-11 23:00:00+00:00,25589.6,25594.4,25550.3,25571.0,6964.0
2025-11-12 00:00:00+00:00,25572.7,25620.0,25570.4,25605.4,10010.0
2025-11-12 01:00:00+00:00,25605.4,25659.3,25600.0,25651.4,14658.0
2025-11-12 02:00:00+00:00,25651.6,25681.6,25631.3,25646.0,10761.0
2025-11-12 03:00:00+00:00,25646.6,25655.3,25630.6,25649.6,10384.0
2025-11-12 04:00:00+00:00,25649.0,25652.2,25615.2,25636.2,11151.0
2025-11-12 05:00:00+00:00,25636.4,25675.2,25633.0,25664.1,9981.0
2025-11-12 06:00:00+00:00,25664.2,25695.8,25662.0,25692.0,7058.0
2025-11-12 07:00:00+00:00,25692.0,25733.7,25692.0,25699.4,7011.0
2025-11-12 08:00:00+00:00,25700.6,25731.0,25685.0,25714.2,12166.0
2025-11-12 09:00:00+00:00,25714.4,25745.8,25691.6,25740.0,11032.0
2025-11-12 10:00:00+00:00,25740.0,25750.4,25700.6,25717.4,8876.0
2025-11-12 11:00:00+00:00,25717.6,25724.8,25650.3,25657.4,13070.0
2025-11-12 12:00:00+00:00,25658.0,25724.1,25642.1,25713.2,13187.0
2025-11-12 13:00:00+00:00,25712.2,25733.0,25708.1,25721.3,9375.0
2025-11-12 14:00:00+00:00,25720.1,25722.1,25483.2,25515.0,60389.0
2025-11-12 15:00:00+00:00,25515.0,25583.0,25455.0,25480.9,93244.0
2025-11-12 16:00:00+00:00,25480.8,25531.2,25412.4,25455.9,78660.0
2025-11-12 17:00:00+00:00,25455.4,25550.9,25443.9,25532.4,65914.0
2025-11-12 18:00:00+00:00,25531.9,25560.4,25506.4,25536.4,49980.0
2025-11-12 19:00:00+00:00,25536.2,25547.8,25476.3,25504.2,42904.0
2025-11-12 20:00:00+00:00,25504.0,25574.7,25468.4,25549.0,49480.0
2025-11-12 21:00:00+00:00,25548.9,25577.2,25542.9,25553.6,13016.0
2025-11-12 23:00:00+00:00,25543.9,25544.0,25425.6,25463.9,14783.0
2025-11-13 00:00:00+00:00,25463.8,25522.6,25461.6,25487.8,15147.0
2025-11-13 01:00:00+00:00,25487.6,25642.8,25480.6,25614.4,29300.0
2025-11-13 02:00:00+00:00,25613.8,25624.8,25570.1,25582.1,17278.0
2025-11-13 03:00:00+00:00,25582.0,25616.0,25556.5,25599.0,15235.0
2025-11-13 04:00:00+00:00,25598.8,25619.2,25587.6,25612.2,11224.0
2025-11-13 05:00:00+00:00,25612.2,25632.4,25609.6,25619.8,10449.0
2025-11-13 06:00:00+00:00,25620.0,25644.4,25608.2,25634.6,8767.0
2025-11-13 07:00:00+00:00,25633.6,25644.3,25587.6,25590.2,12331.0
2025-11-13 08:00:00+00:00,25589.8,25610.2,25566.2,25600.8,18198.0
2025-11-13 09:00:00+00:00,25600.6,25607.2,25453.9,25490.2,21740.0
2025-11-13 10:00:00+00:00,25490.8,25552.4,25485.2,25520.4,14240.0
2025-11-13 11:00:00+00:00,25520.2,25550.0,25471.2,25513.6,18214.0
2025-11-13 12:00:00+00:00,25511.9,25538.5,25473.8,25508.2,18662.0
2025-11-13 13:00:00+00:00,25508.2,25519.8,25415.0,25421.2,19431.0
2025-11-13 14:00:00+00:00,25421.3,25432.5,25203.8,25304.4,71243.0
2025-11-13 15:00:00+00:00,25305.8,25419.5,25120.6,25181.2,98921.0
2025-11-13 16:00:00+00:00,25180.6,25200.5,25083.3,25115.8,82669.0
2025-11-13 17:00:00+00:00,25115.8,25177.8,25049.5,25059.4,71650.0
2025-11-13 18:00:00+00:00,25060.2,25087.4,24936.4,24998.6,72042.0
2025-11-13 19:00:00+00:00,24998.5,25060.2,24930.8,24982.6,64991.0
2025-11-13 20:00:00+00:00,24982.2,25072.3,24943.8,25027.8,71207.0
2025-11-13 21:00:00+00:00,25028.5,25094.8,25007.4,25014.8,17816.0
2025-11-13 23:00:00+00:00,25038.0,25076.4,25026.6,25032.5,11998.0
2025-11-14 00:00:00+00:00,25032.4,25067.0,25020.0,25031.0,15099.0
2025-11-14 01:00:00+00:00,25031.2,25074.2,25028.2,25042.8,16728.0
2025-11-14 02:00:00+00:00,25042.8,25080.0,25042.8,25058.8,13167.0
2025-11-14 03:00:00+00:00,25058.6,25068.8,25011.8,25035.2,12370.0
2025-11-14 04:00:00+00:00,25036.2,25043.2,24947.0,24960.9,17742.0
2025-11-14 05:00:00+00:00,24961.0,25042.8,24899.4,25026.0,19828.0
2025-11-14 06:00:00+00:00,25025.8,25028.0,24929.6,24994.2,19030.0
2025-11-14 07:00:00+00:00,24992.8,24999.0,24858.8,24925.6,26448.0
2025-11-14 08:00:00+00:00,24925.8,24936.6,24825.6,24909.0,32769.0
2025-11-14 09:00:00+00:00,24908.2,24963.0,24855.8,24865.8,23362.0
2025-11-14 10:00:00+00:00,24865.4,24918.7,24852.4,24868.6,19384.0
2025-11-14 11:00:00+00:00,24868.3,24868.3,24701.2,24753.8,26829.0
2025-11-14 12:00:00+00:00,24753.6,24757.2,24596.0,24648.8,34484.0
2025-11-14 13:00:00+00:00,24648.6,24691.0,24582.7,24642.0,34907.0
2025-11-14 14:00:00+00:00,24642.4,24895.2,24551.0,24877.9,82826.0
2025-11-14 15:00:00+00:00,24878.2,25103.2,24788.0,25067.8,116682.0
2025-11-14 16:00:00+00:00,25068.4,25194.6,24994.2,25176.4,89095.0
2025-11-14 17:00:00+00:00,25175.7,25221.5,25088.7,25131.8,82298.0
2025-11-14 18:00:00+00:00,25132.2,25152.5,25016.5,25101.0,74583.0
2025-11-14 19:00:00+00:00,25101.0,25169.8,25052.8,25156.0,57521.0
2025-11-14 20:00:00+00:00,25156.5,25179.5,24999.8,25034.2,64605.0
2025-11-14 21:00:00+00:00,25033.7,25090.5,25004.5,25070.6,16016.0
2025-11-16 23:00:00+00:00,25011.2,25115.8,24950.4,25097.7,15107.0
2025-11-17 00:00:00+00:00,25097.6,25171.0,25041.0,25159.0,21865.0
2025-11-17 01:00:00+00:00,25159.3,25183.8,25126.0,25126.6,20139.0
2025-11-17 02:00:00+00:00,25126.8,25186.5,25126.8,25179.2,16451.0
2025-11-17 03:00:00+00:00,25178.0,25197.0,25164.2,25192.8,12178.0
2025-11-17 04:00:00+00:00,25193.0,25212.0,25185.0,25202.6,8971.0
2025-11-17 05:00:00+00:00,25202.4,25213.8,25170.0,25173.8,10610.0
2025-11-17 06:00:00+00:00,25173.6,25198.8,25156.8,25166.0,12532.0
2025-11-17 07:00:00+00:00,25164.8,25254.5,25159.2,25241.8,11710.0
2025-11-17 08:00:00+00:00,25241.8,25288.7,25229.8,25283.4,14568.0
2025-11-17 09:00:00+00:00,25283.0,25288.7,25192.0,25211.4,18754.0
2025-11-17 10:00:00+00:00,25212.0,25217.3,25097.8,25126.4,19882.0
2025-11-17 11:00:00+00:00,25127.5,25172.2,25098.0,25130.5,20024.0
2025-11-17 12:00:00+00:00,25131.6,25131.6,25040.0,25058.8,24612.0
2025-11-17 13:00:00+00:00,25058.4,25067.0,24938.2,25006.6,27393.0
2025-11-17 14:00:00+00:00,25006.1,25182.0,24883.4,25126.6,70499.0
2025-11-17 15:00:00+00:00,25127.7,25143.2,24983.7,25008.4,98737.0
2025-11-17 16:00:00+00:00,25008.2,25128.5,24873.4,25124.2,75587.0
2025-11-17 17:00:00+00:00,25123.8,25127.0,24931.9,24935.7,72004.0
2025-11-17 18:00:00+00:00,24935.5,24985.4,24821.9,24830.4,74156.0
2025-11-17 19:00:00+00:00,24830.5,24846.2,24689.6,24691.0,77674.0
2025-11-17 20:00:00+00:00,24691.2,24825.7,24667.5,24822.7,75851.0
2025-11-17 21:00:00+00:00,24823.2,24860.7,24812.6,24841.6,15110.0
2025-11-17 23:00:00+00:00,24846.9,24887.6,24816.6,24854.4,12128.0
2025-11-18 00:00:00+00:00,24854.6,24872.1,24765.0,24787.1,20050.0
2025-11-18 01:00:00+00:00,24788.6,24893.7,24787.3,24869.4,24545.0
2025-11-18 02:00:00+00:00,24868.0,24887.6,24772.4,24774.8,20959.0
2025-11-18 03:00:00+00:00,24773.0,24775.4,24697.2,24719.4,22654.0
2025-11-18 04:00:00+00:00,24719.6,24719.6,24541.9,24664.7,35065.0
2025-11-18 05:00:00+00:00,24663.6,24698.0,24625.0,24643.7,23561.0
2025-11-18 06:00:00+00:00,24644.1,24681.7,24575.0,24595.1,23982.0
2025-11-18 07:00:00+00:00,24593.3,24675.9,24538.4,24635.4,27204.0
2025-11-18 08:00:00+00:00,24635.4,24791.4,24630.9,24739.2,32471.0
2025-11-18 09:00:00+00:00,24738.8,24793.6,24701.4,24771.4,24106.0
2025-11-18 10:00:00+00:00,24771.0,24781.0,24723.0,24760.0,18411.0
2025-11-18 11:00:00+00:00,24758.8,24769.6,24695.2,24734.8,20606.0
2025-11-18 12:00:00+00:00,24734.9,24735.9,24594.0,24628.6,29203.0
2025-11-18 13:00:00+00:00,24628.4,24703.2,24628.4,24666.4,30020.0
2025-11-18 14:00:00+00:00,24665.9,24766.0,24456.4,24457.6,88261.0
2025-11-18 15:00:00+00:00,24457.3,24544.0,24364.5,24392.0,128945.0
2025-11-18 16:00:00+00:00,24392.6,24631.2,24314.2,24587.6,104628.0
2025-11-18 17:00:00+00:00,24587.6,24717.6,24428.8,24687.6,91733.0
2025-11-18 18:00:00+00:00,24687.4,24742.1,24629.8,24647.2,81151.0
2025-11-18 19:00:00+00:00,24647.3,24747.4,24623.4,24712.6,80096.0
2025-11-18 20:00:00+00:00,24712.8,24733.2,24516.4,24522.0,81126.0
2025-11-18 21:00:00+00:00,24522.5,24530.8,24461.6,24469.6,21497.0
2025-11-18 23:00:00+00:00,24485.6,24566.6,24485.4,24528.7,10413.0
2025-11-19 00:00:00+00:00,24526.8,24537.7,24435.7,24493.6,25062.0
2025-11-19 01:00:00+00:00,24493.4,24563.8,24448.2,24488.4,32894.0
2025-11-19 02:00:00+00:00,24489.6,24585.8,24489.6,24583.6,22701.0
2025-11-19 03:00:00+00:00,24583.7,24593.4,24473.2,24479.4,21476.0
2025-11-19 04:00:00+00:00,24479.4,24499.7,24429.6,24459.6,23914.0
2025-11-19 05:00:00+00:00,24460.6,24496.0,24384.1,24472.3,25519.0
2025-11-19 06:00:00+00:00,24475.4,24509.9,24458.3,24490.8,22146.0
2025-11-19 07:00:00+00:00,24490.9,24563.6,24469.4,24545.6,19952.0
2025-11-19 08:00:00+00:00,24545.4,24588.8,24508.8,24527.4,26916.0
2025-11-19 09:00:00+00:00,24527.0,24619.6,24506.6,24614.4,20636.0
2025-11-19 10:00:00+00:00,24614.4,24646.7,24600.4,24636.8,15918.0
2025-11-19 11:00:00+00:00,24637.0,24669.6,24625.4,24629.7,17964.0
2025-11-19 12:00:00+00:00,24628.0,24659.4,24610.4,24633.0,19232.0
2025-11-19 13:00:00+00:00,24635.4,24646.0,24578.6,24602.2,22317.0
2025-11-19 14:00:00+00:00,24599.6,24838.6,24510.2,24831.5,73553.0
2025-11-19 15:00:00+00:00,24831.2,24924.2,24685.0,24706.4,94544.0
2025-11-19 16:00:00+00:00,24705.2,24723.2,24588.2,24654.3,92514.0
2025-11-19 17:00:00+00:00,24654.2,24660.2,24449.6,24576.0,86014.0
2025-11-19 18:00:00+00:00,24576.0,24653.8,24528.0,24628.1,78808.0
2025-11-19 19:00:00+00:00,24628.8,24641.5,24511.3,24599.0,73340.0
2025-11-19 20:00:00+00:00,24599.0,24770.8,24585.0,24665.3,74525.0
2025-11-19 21:00:00+00:00,24665.6,24916.6,24615.7,24899.7,53977.0
2025-11-19 23:00:00+00:00,24919.4,25046.4,24912.7,25044.7,17903.0
2025-11-20 00:00:00+00:00,25043.4,25097.4,25024.4,25063.2,16429.0
2025-11-20 01:00:00+00:00,25063.0,25102.8,25039.1,25092.4,16133.0
2025-11-20 02:00:00+00:00,25091.8,25106.4,25065.4,25104.4,12848.0
2025-11-20 03:00:00+00:00,25103.8,25131.6,25075.2,25104.9,15571.0
2025-11-20 04:00:00+00:00,25104.4,25124.4,25086.8,25123.2,12499.0
2025-11-20 05:00:00+00:00,25123.2,25144.8,25094.2,25104.8,12497.0
2025-11-20 06:00:00+00:00,25105.4,25120.9,25068.9,25111.6,12402.0
2025-11-20 07:00:00+00:00,25112.1,25142.8,25074.0,25086.4,13350.0
2025-11-20 08:00:00+00:00,25086.8,25120.4,25057.6,25068.6,18984.0
2025-11-20 09:00:00+00:00,25068.7,25080.4,24982.5,24996.0,20879.0
2025-11-20 10:00:00+00:00,24996.8,25061.4,24958.4,25048.8,16971.0
2025-11-20 11:00:00+00:00,25049.2,25062.8,24983.7,25023.6,19574.0
2025-11-20 12:00:00+00:00,25025.2,25094.2,24997.0,25091.4,17608.0
2025-11-20 13:00:00+00:00,25092.0,25200.8,25057.0,25166.2,34076.0
2025-11-20 14:00:00+00:00,25165.8,25227.4,25082.6,25210.2,83469.0
2025-11-20 15:00:00+00:00,25212.0,25245.8,25093.0,25098.6,102446.0
2025-11-20 16:00:00+00:00,25098.4,25100.6,24448.2,24490.5,133160.0
2025-11-20 17:00:00+00:00,24490.6,24579.4,24246.2,24332.0,145990.0
2025-11-20 18:00:00+00:00,24332.2,24536.2,24174.6,24215.8,116993.0
2025-11-20 19:00:00+00:00,24216.0,24339.0,24142.2,24334.0,103298.0
2025-11-20 20:00:00+00:00,24332.6,24332.6,24036.7,24075.0,101247.0
2025-11-20 21:00:00+00:00,24074.9,24076.4,24011.2,24024.6,23784.0
2025-11-20 23:00:00+00:00,24056.6,24102.4,23955.0,24072.0,22751.0
2025-11-21 00:00:00+00:00,24072.3,24140.4,24049.1,24118.2,21531.0
2025-11-21 01:00:00+00:00,24120.0,24170.8,24101.8,24142.0,23882.0
2025-11-21 02:00:00+00:00,24143.0,24152.0,24092.8,24108.8,20568.0
2025-11-21 03:00:00+00:00,24108.2,24173.0,24095.1,24127.8,19522.0
2025-11-21 04:00:00+00:00,24127.3,24138.7,24033.6,24106.8,19837.0
2025-11-21 05:00:00+00:00,24105.8,24142.2,24063.4,24077.0,19055.0
2025-11-21 06:00:00+00:00,24078.3,24135.6,24065.3,24111.1,15878.0
2025-11-21 07:00:00+00:00,24110.4,24134.2,23996.2,24014.0,20164.0
2025-11-21 08:00:00+00:00,24015.4,24150.4,24014.2,24142.7,30177.0
2025-11-21 09:00:00+00:00,24143.2,24152.7,23966.8,23970.8,26762.0
2025-11-21 10:00:00+00:00,23970.8,24030.4,23840.1,24027.4,36233.0
2025-11-21 11:00:00+00:00,24027.0,24089.0,23946.0,23992.4,26027.0
2025-11-21 12:00:00+00:00,23992.6,24197.2,23888.8,24126.8,46798.0
2025-11-21 13:00:00+00:00,24127.8,24227.7,24080.0,24178.8,36987.0
2025-11-21 14:00:00+00:00,24178.6,24233.4,24037.4,24112.7,99081.0
2025-11-21 15:00:00+00:00,24111.7,24164.1,23863.1,23957.4,153959.0
2025-11-21 16:00:00+00:00,23956.8,24309.0,23870.4,24307.8,123050.0
2025-11-21 17:00:00+00:00,24308.0,24352.8,24245.0,24292.2,98974.0
2025-11-21 18:00:00+00:00,24293.0,24499.0,24145.8,24419.2,102993.0
2025-11-21 19:00:00+00:00,24420.0,24538.2,24369.6,24401.2,93122.0
2025-11-21 20:00:00+00:00,24401.0,24438.6,24227.4,24255.8,93209.0
2025-11-21 21:00:00+00:00,24255.7,24300.2,24244.4,24289.0,18544.0
2025-11-23 23:00:00+00:00,24452.6,24470.6,24398.7,24412.7,12357.0
2025-11-24 00:00:00+00:00,24413.0,24413.0,24346.7,24387.6,13963.0
2025-11-24 01:00:00+00:00,24387.7,24424.4,24356.6,24391.1,19354.0
2025-11-24 02:00:00+00:00,24391.8,24458.4,24375.4,24457.6,17069.0
2025-11-24 03:00:00+00:00,24457.0,24464.3,24418.4,24426.4,13198.0
2025-11-24 04:00:00+00:00,24425.4,24433.0,24373.8,24394.4,16578.0
2025-11-24 05:00:00+00:00,24394.4,24453.1,24387.6,24437.4,14016.0
2025-11-24 06:00:00+00:00,24438.0,24443.1,24404.0,24417.9,11606.0
2025-11-24 07:00:00+00:00,24417.8,24466.7,24392.2,24455.0,11895.0
2025-11-24 08:00:00+00:00,24455.0,24504.8,24398.1,24494.0,20859.0
2025-11-24 09:00:00+00:00,24493.2,24504.4,24307.4,24364.4,27733.0
2025-11-24 10:00:00+00:00,24364.6,24380.2,24304.0,24343.6,20580.0
2025-11-24 11:00:00+00:00,24343.7,24404.0,24319.4,24397.6,18507.0
2025-11-24 12:00:00+00:00,24396.2,24457.6,24365.1,24447.6,20167.0
2025-11-24 13:00:00+00:00,24447.6,24505.6,24433.0,24440.4,18277.0
2025-11-24 14:00:00+00:00,24439.4,24663.6,24436.8,24625.2,85311.0
2025-11-24 15:00:00+00:00,24624.6,24758.4,24606.3,24721.4,96565.0
2025-11-24 16:00:00+00:00,24722.0,24831.4,24721.4,24791.3,69218.0
2025-11-24 17:00:00+00:00,24793.3,24885.7,24774.3,24866.2,57293.0
2025-11-24 18:00:00+00:00,24866.5,24899.8,24860.5,24872.0,36384.0
2025-11-24 19:00:00+00:00,24872.4,24906.5,24839.4,24860.2,40364.0
2025-11-24 20:00:00+00:00,24861.5,24939.4,24859.0,24882.2,50131.0
2025-11-24 21:00:00+00:00,24881.7,24921.2,24872.1,24909.5,13188.0
2025-11-24 23:00:00+00:00,24916.6,24932.2,24897.6,24905.8,8749.0
2025-11-25 00:00:00+00:00,24905.8,24910.0,24865.2,24904.2,14862.0
2025-11-25 01:00:00+00:00,24903.8,24908.4,24865.9,24869.6,14005.0
2025-11-25 02:00:00+00:00,24869.8,24901.9,24867.0,24893.2,13718.0
2025-11-25 03:00:00+00:00,24893.2,24905.0,24861.4,24870.0,13126.0
2025-11-25 04:00:00+00:00,24870.6,24899.9,24866.8,24880.8,10930.0
2025-11-25 05:00:00+00:00,24880.6,24901.6,24859.8,24867.0,11107.0
2025-11-25 06:00:00+00:00,24867.2,24885.0,24840.8,24847.8,9504.0
2025-11-25 07:00:00+00:00,24848.5,24881.8,24827.2,24860.4,10439.0
2025-11-25 08:00:00+00:00,24859.0,24877.4,24802.4,24812.4,17303.0
2025-11-25 09:00:00+00:00,24812.7,24845.2,24768.4,24803.2,19171.0
2025-11-25 10:00:00+00:00,24803.2,24839.9,24781.8,24832.8,15722.0
2025-11-25 11:00:00+00:00,24833.4,24843.6,24790.6,24821.0,15986.0
2025-11-25 12:00:00+00:00,24820.7,24921.6,24812.0,24857.4,26355.0
2025-11-25 13:00:00+00:00,24855.6,24903.9,24819.9,24829.8,26788.0
2025-11-25 14:00:00+00:00,24829.9,24838.2,24548.8,24763.8,73942.0
2025-11-25 15:00:00+00:00,24764.2,24819.1,24602.1,24764.0,116598.0
2025-11-25 16:00:00+00:00,24764.6,24860.2,24720.2,24849.5,68800.0
2025-11-25 17:00:00+00:00,24849.1,25010.8,24843.8,24936.2,56882.0
2025-11-25 18:00:00+00:00,24936.6,24999.3,24933.4,24974.5,44160.0
2025-11-25 19:00:00+00:00,24974.0,24983.4,24888.5,24964.3,48339.0
2025-11-25 20:00:00+00:00,24965.0,25085.8,24963.0,25029.8,44807.0
2025-11-25 21:00:00+00:00,25030.4,25049.8,25009.6,25014.6,9574.0
2025-11-25 23:00:00+00:00,25022.4,25042.4,25011.4,25035.2,5767.0
2025-11-26 00:00:00+00:00,25035.0,25075.6,25016.0,25069.8,9051.0
2025-11-26 01:00:00+00:00,25069.6,25119.6,25061.4,25114.6,12306.0
2025-11-26 02:00:00+00:00,25114.3,25132.1,25105.6,25131.0,7145.0
2025-11-26 03:00:00+00:00,25131.1,25145.2,25117.3,25130.1,5786.0
2025-11-26 04:00:00+00:00,25130.0,25137.1,25110.0,25117.0,4809.0
2025-11-26 05:00:00+00:00,25117.0,25151.2,25116.0,25148.4,6355.0
2025-11-26 06:00:00+00:00,25147.8,25170.1,25135.2,25160.0,6154.0
2025-11-26 07:00:00+00:00,25159.8,25184.6,25157.6,25161.4,5859.0
2025-11-26 08:00:00+00:00,25160.2,25173.4,25120.4,25121.4,14282.0
2025-11-26 09:00:00+00:00,25123.6,25124.2,25086.4,25097.4,15697.0
2025-11-26 10:00:00+00:00,25098.4,25152.4,25097.4,25146.0,10185.0
2025-11-26 11:00:00+00:00,25145.8,25163.6,25122.6,25127.9,12585.0
2025-11-26 12:00:00+00:00,25128.0,25133.4,25067.6,25123.8,21814.0
2025-11-26 13:00:00+00:00,25123.6,25168.1,25117.2,25163.4,17762.0
2025-11-26 14:00:00+00:00,25162.6,25228.9,25104.8,25116.2,61792.0
2025-11-26 15:00:00+00:00,25116.2,25219.9,25084.4,25217.0,80528.0
2025-11-26 16:00:00+00:00,25216.7,25324.0,25212.5,25305.5,40145.0
2025-11-26 17:00:00+00:00,25305.8,25319.9,25264.3,25289.5,37075.0
2025-11-26 18:00:00+00:00,25289.4,25310.4,25232.2,25267.6,44950.0
2025-11-26 19:00:00+00:00,25267.6,25305.9,25248.5,25283.0,30404.0
2025-11-26 20:00:00+00:00,25283.5,25310.8,25245.9,25247.0,32668.0
2025-11-26 21:00:00+00:00,25247.5,25282.0,25244.6,25265.2,8276.0
2025-11-26 23:00:00+00:00,25279.8,25286.8,25264.2,25274.8,3339.0
2025-11-27 00:00:00+00:00,25273.8,25283.8,25265.4,25281.0,6533.0
2025-11-27 01:00:00+00:00,25281.6,25290.0,25255.2,25285.0,10245.0
2025-11-27 02:00:00+00:00,25285.0,25288.6,25265.6,25267.0,7088.0
2025-11-27 03:00:00+00:00,25267.4,25273.0,25256.0,25264.1,6954.0
2025-11-27 04:00:00+00:00,25263.6,25277.0,25259.4,25275.8,4933.0
2025-11-27 05:00:00+00:00,25276.0,25287.6,25271.4,25274.8,3876.0
2025-11-27 06:00:00+00:00,25275.2,25278.4,25249.6,25253.4,4950.0
2025-11-27 07:00:00+00:00,25254.4,25276.6,25247.2,25273.4,5642.0
2025-11-27 08:00:00+00:00,25273.4,25279.3,25244.1,25252.0,9975.0
2025-11-27 09:00:00+00:00,25251.9,25277.4,25247.6,25254.2,7515.0
2025-11-27 10:00:00+00:00,25254.8,25270.1,25250.4,25268.4,4472.0
2025-11-27 11:00:00+00:00,25268.6,25275.9,25256.6,25257.2,3833.0
2025-11-27 12:00:00+00:00,25257.3,25266.2,25245.0,25248.0,4126.0
2025-11-27 13:00:00+00:00,25247.6,25266.0,25241.1,25251.3,5493.0
2025-11-27 14:00:00+00:00,25251.2,25268.5,25238.0,25247.0,6896.0
2025-11-27 15:00:00+00:00,25247.0,25258.0,25240.9,25251.5,4088.0
2025-11-27 16:00:00+00:00,25251.4,25255.2,25237.0,25247.2,2889.0
2025-11-27 17:00:00+00:00,25247.6,25253.4,25245.3,25252.0,1468.0
2025-11-27 23:00:00+00:00,25258.4,25282.4,25255.2,25278.3,4064.0
2025-11-28 00:00:00+00:00,25278.2,25301.2,25275.0,25291.6,2206.0
2025-11-28 01:00:00+00:00,25291.6,25317.0,25285.7,25292.4,1388.0
2025-11-28 02:00:00+00:00,25292.2,25301.3,25288.4,25298.0,690.0
2025-11-28 03:00:00+00:00,25297.7,25297.7,25296.0,25296.0,3.0
2025-11-28 13:00:00+00:00,25318.0,25346.8,25314.8,25321.6,1419.0
2025-11-28 14:00:00+00:00,25322.0,25371.6,25282.0,25319.8,20241.0
2025-11-28 15:00:00+00:00,25321.0,25373.9,25302.9,25362.3,30433.0
2025-11-28 16:00:00+00:00,25361.6,25389.0,25321.2,25379.5,34642.0
2025-11-28 17:00:00+00:00,25379.8,25445.6,25348.2,25442.4,38500.0
2025-11-28 18:00:00+00:00,25442.5,25455.2,25424.4,25426.2,7309.0
2025-11-30 23:00:00+00:00,25468.0,25479.2,25398.8,25422.1,13242.0
2025-12-01 00:00:00+00:00,25423.6,25425.2,25263.0,25276.2,23849.0
2025-12-01 01:00:00+00:00,25275.6,25299.6,25221.1,25273.4,27611.0
2025-12-01 02:00:00+00:00,25273.0,25282.8,25223.1,25238.0,15961.0
2025-12-01 03:00:00+00:00,25238.0,25239.6,25193.2,25215.0,13791.0
2025-12-01 04:00:00+00:00,25214.4,25221.0,25182.6,25185.8,11081.0
2025-12-01 05:00:00+00:00,25186.3,25212.4,25149.2,25207.6,13583.0
2025-12-01 06:00:00+00:00,25205.6,25226.1,25188.0,25223.6,11293.0
2025-12-01 07:00:00+00:00,25223.6,25240.0,25193.6,25234.6,11978.0
2025-12-01 08:00:00+00:00,25234.3,25298.1,25223.6,25263.6,17287.0
2025-12-01 09:00:00+00:00,25262.4,25296.2,25228.2,25236.6,16305.0
2025-12-01 10:00:00+00:00,25236.6,25288.7,25236.6,25268.4,13920.0
2025-12-01 11:00:00+00:00,25268.6,25274.2,25235.3,25250.8,13989.0
2025-12-01 12:00:00+00:00,25250.6,25262.6,25166.6,25180.8,19092.0
2025-12-01 13:00:00+00:00,25181.4,25226.1,25170.1,25221.6,15756.0
2025-12-01 14:00:00+00:00,25221.2,25334.8,25164.5,25317.8,63289.0
2025-12-01 15:00:00+00:00,25317.9,25375.0,25222.8,25368.3,93555.0
2025-12-01 16:00:00+00:00,25367.8,25408.4,25278.0,25398.9,59771.0
2025-12-01 17:00:00+00:00,25399.2,25459.4,25378.4,25414.4,40995.0
2025-12-01 18:00:00+00:00,25414.6,25456.8,25410.4,25450.7,26476.0
2025-12-01 19:00:00+00:00,25449.9,25451.7,25320.8,25337.9,43419.0
2025-12-01 20:00:00+00:00,25336.6,25385.2,25329.4,25365.8,43750.0
2025-12-01 21:00:00+00:00,25365.7,25375.0,25347.5,25365.0,7836.0
2025-12-01 23:00:00+00:00,25381.2,25389.0,25343.0,25362.8,8534.0
2025-12-02 00:00:00+00:00,25363.2,25382.3,25348.2,25372.5,10457.0
2025-12-02 01:00:00+00:00,25372.7,25408.6,25364.2,25377.2,13502.0
2025-12-02 02:00:00+00:00,25376.7,25396.2,25350.2,25387.9,9272.0
2025-12-02 03:00:00+00:00,25387.6,25390.2,25312.8,25354.6,11292.0
2025-12-02 04:00:00+00:00,25354.8,25364.0,25331.0,25335.8,7693.0
2025-12-02 05:00:00+00:00,25336.2,25347.8,25324.0,25337.2,8672.0
2025-12-02 06:00:00+00:00,25335.6,25350.6,25298.8,25333.0,9353.0
2025-12-02 07:00:00+00:00,25333.2,25351.0,25314.6,25322.0,8719.0
2025-12-02 08:00:00+00:00,25321.0,25390.4,25288.9,25384.8,14412.0
2025-12-02 09:00:00+00:00,25383.2,25414.8,25382.2,25405.8,10330.0
2025-12-02 10:00:00+00:00,25405.2,25463.5,25400.6,25453.6,7904.0
2025-12-02 11:00:00+00:00,25454.0,25472.4,25442.0,25445.0,7946.0
2025-12-02 12:00:00+00:00,25444.9,25464.8,25422.2,25463.0,11871.0
2025-12-02 13:00:00+00:00,25461.6,25478.2,25445.0,25470.4,10133.0
2025-12-02 14:00:00+00:00,25471.2,25576.7,25435.4,25561.2,62581.0
2025-12-02 15:00:00+00:00,25560.9,25633.8,25495.6,25611.7,80736.0
2025-12-02 16:00:00+00:00,25612.0,25627.3,25378.7,25473.2,88948.0
2025-12-02 17:00:00+00:00,25473.0,25588.8,25468.2,25472.4,51034.0
2025-12-02 18:00:00+00:00,25471.9,25553.4,25463.4,25543.7,52662.0
2025-12-02 19:00:00+00:00,25543.0,25609.2,25529.9,25599.9,41828.0
2025-12-02 20:00:00+00:00,25600.0,25613.0,25557.9,25566.7,35580.0
2025-12-02 21:00:00+00:00,25567.2,25573.4,25554.2,25567.2,7349.0
2025-12-02 23:00:00+00:00,25588.6,25598.0,25575.8,25588.6,3314.0
2025-12-03 00:00:00+00:00,25589.0,25603.8,25541.2,25591.7,13255.0
2025-12-03 01:00:00+00:00,25591.6,25613.9,25589.6,25604.6,9519.0
2025-12-03 02:00:00+00:00,25604.9,25638.5,25601.8,25619.8,6484.0
2025-12-03 03:00:00+00:00,25620.0,25641.4,25608.0,25633.0,4929.0
2025-12-03 04:00:00+00:00,25632.6,25637.8,25622.2,25624.6,3182.0
2025-12-03 05:00:00+00:00,25624.6,25642.2,25620.6,25625.0,3732.0
2025-12-03 06:00:00+00:00,25624.7,25630.2,25602.7,25622.4,5823.0
2025-12-03 07:00:00+00:00,25622.2,25641.4,25608.4,25616.0,5552.0
2025-12-03 08:00:00+00:00,25617.2,25632.0,25578.2,25624.6,12238.0
2025-12-03 09:00:00+00:00,25624.6,25626.0,25578.8,25602.4,11454.0
2025-12-03 10:00:00+00:00,25602.6,25615.2,25570.6,25589.0,7150.0
2025-12-03 11:00:00+00:00,25589.4,25609.2,25575.2,25599.2,7813.0
2025-12-03 12:00:00+00:00,25597.0,25628.7,25580.0,25619.7,7670.0
2025-12-03 13:00:00+00:00,25619.6,25641.8,25604.7,25613.6,10146.0
2025-12-03 14:00:00+00:00,25613.7,25617.7,25386.3,25465.4,92513.0
2025-12-03 15:00:00+00:00,25464.3,25570.2,25453.7,25527.6,81200.0
2025-12-03 16:00:00+00:00,25528.0,25586.2,25486.9,25525.4,58887.0
2025-12-03 17:00:00+00:00,25526.2,25605.0,25522.8,25593.5,39724.0
2025-12-03 18:00:00+00:00,25594.2,25622.2,25576.3,25597.2,22789.0
2025-12-03 19:00:00+00:00,25596.1,25640.5,25594.2,25638.2,18754.0
2025-12-03 20:00:00+00:00,25638.5,25653.3,25609.2,25625.5,25499.0
2025-12-03 21:00:00+00:00,25625.8,25629.7,25604.2,25616.2,5811.0
2025-12-03 23:00:00+00:00,25617.2,25625.4,25601.3,25614.6,3248.0
2025-12-04 00:00:00+00:00,25614.4,25632.0,25589.4,25600.0,8005.0
2025-12-04 01:00:00+00:00,25599.2,25629.4,25595.4,25608.0,9471.0
2025-12-04 02:00:00+00:00,25608.4,25622.6,25586.2,25615.6,7454.0
2025-12-04 03:00:00+00:00,25616.0,25616.2,25581.3,25597.6,6366.0
2025-12-04 04:00:00+00:00,25598.0,25609.6,25586.3,25606.6,4104.0
2025-12-04 05:00:00+00:00,25606.4,25616.2,25596.0,25606.4,4464.0
2025-12-04 06:00:00+00:00,25606.6,25629.2,25606.4,25621.6,4115.0
2025-12-04 07:00:00+00:00,25621.6,25636.7,25618.2,25623.4,4413.0
2025-12-04 08:00:00+00:00,25623.1,25624.4,25570.6,25601.2,13477.0
2025-12-04 09:00:00+00:00,25600.8,25659.1,25578.6,25651.0,11228.0
2025-12-04 10:00:00+00:00,25651.8,25658.1,25607.8,25611.0,7899.0
2025-12-04 11:00:00+00:00,25611.4,25623.8,25593.6,25622.6,9743.0
2025-12-04 12:00:00+00:00,25622.8,25640.8,25618.4,25626.0,8468.0
2025-12-04 13:00:00+00:00,25625.4,25632.9,25585.8,25598.6,10221.0
2025-12-04 14:00:00+00:00,25598.8,25699.1,25507.4,25521.8,63489.0
2025-12-04 15:00:00+00:00,25522.0,25605.8,25487.4,25536.5,83175.0
2025-12-04 16:00:00+00:00,25536.6,25616.9,25473.0,25609.2,60360.0
2025-12-04 17:00:00+00:00,25608.8,25618.4,25556.2,25587.7,37949.0
2025-12-04 18:00:00+00:00,25586.7,25602.2,25544.5,25573.9,26840.0
2025-12-04 19:00:00+00:00,25573.4,25581.7,25458.9,25558.9,48309.0
2025-12-04 20:00:00+00:00,25558.6,25602.3,25521.9,25597.4,42259.0
2025-12-04 21:00:00+00:00,25597.2,25607.7,25587.2,25600.8,5492.0
2025-12-04 23:00:00+00:00,25608.3,25614.9,25575.8,25588.0,5379.0
2025-12-05 00:00:00+00:00,25588.3,25623.6,25578.5,25621.2,9924.0
2025-12-05 01:00:00+00:00,25621.7,25650.4,25620.4,25648.6,8698.0
2025-12-05 02:00:00+00:00,25648.7,25679.7,25646.2,25655.2,5387.0
2025-12-05 03:00:00+00:00,25656.2,25673.7,25650.0,25667.6,5024.0
2025-12-05 04:00:00+00:00,25667.0,25684.0,25664.7,25678.8,5009.0
2025-12-05 05:00:00+00:00,25679.0,25691.0,25674.8,25690.2,3705.0
2025-12-05 06:00:00+00:00,25690.2,25697.0,25670.3,25679.6,4136.0
2025-12-05 07:00:00+00:00,25679.4,25695.9,25672.7,25692.0,4205.0
2025-12-05 08:00:00+00:00,25692.0,25721.9,25688.4,25691.6,8664.0
2025-12-05 09:00:00+00:00,25691.6,25702.8,25673.2,25685.0,7148.0
2025-12-05 10:00:00+00:00,25684.2,25699.4,25679.2,25683.2,4161.0
2025-12-05 11:00:00+00:00,25683.2,25694.0,25671.6,25686.2,5582.0
2025-12-05 12:00:00+00:00,25686.2,25699.6,25656.0,25670.2,8414.0
2025-12-05 13:00:00+00:00,25669.0,25676.7,25547.0,25581.6,13881.0
2025-12-05 14:00:00+00:00,25580.6,25770.2,25578.6,25757.2,52916.0
2025-12-05 15:00:00+00:00,25757.2,25834.4,25683.4,25709.9,64882.0
2025-12-05 16:00:00+00:00,25709.8,25733.6,25618.2,25699.4,75335.0
2025-12-05 17:00:00+00:00,25699.2,25709.7,25634.8,25699.7,46443.0
2025-12-05 18:00:00+00:00,25699.2,25728.0,25669.4,25696.7,28020.0
2025-12-05 19:00:00+00:00,25697.4,25713.0,25672.2,25706.7,27752.0
2025-12-05 20:00:00+00:00,25707.0,25709.7,25647.2,25695.9,32223.0
2025-12-05 21:00:00+00:00,25695.4,25712.9,25693.4,25701.8,5073.0
2025-12-07 23:00:00+00:00,25713.0,25723.6,25687.4,25713.4,7644.0
2025-12-08 00:00:00+00:00,25713.0,25717.9,25668.2,25714.2,13377.0
2025-12-08 01:00:00+00:00,25714.0,25738.6,25710.8,25735.9,8393.0
2025-12-08 02:00:00+00:00,25735.8,25750.8,25729.8,25749.8,5336.0
2025-12-08 03:00:00+00:00,25750.0,25761.6,25744.6,25756.4,3759.0
2025-12-08 04:00:00+00:00,25757.0,25770.0,25754.8,25766.3,3431.0
2025-12-08 05:00:00+00:00,25766.2,25771.5,25758.5,25762.0,3927.0
2025-12-08 06:00:00+00:00,25761.8,25778.3,25753.3,25758.0,3557.0
2025-12-08 07:00:00+00:00,25757.4,25788.3,25745.4,25772.6,5328.0
2025-12-08 08:00:00+00:00,25772.9,25773.8,25736.0,25742.2,9406.0
2025-12-08 09:00:00+00:00,25742.2,25764.8,25736.5,25741.6,7888.0
2025-12-08 10:00:00+00:00,25742.0,25766.3,25729.8,25761.2,7225.0
2025-12-08 11:00:00+00:00,25761.2,25764.8,25738.9,25742.8,6711.0
2025-12-08 12:00:00+00:00,25741.4,25778.5,25732.4,25771.0,7414.0
2025-12-08 13:00:00+00:00,25772.2,25800.3,25752.1,25777.8,8537.0
2025-12-08 14:00:00+00:00,25778.6,25828.1,25690.6,25711.4,44417.0
2025-12-08 15:00:00+00:00,25711.3,25745.3,25617.5,25630.4,53253.0
2025-12-08 16:00:00+00:00,25630.5,25638.0,25594.3,25609.5,49669.0
2025-12-08 17:00:00+00:00,25609.9,25665.8,25567.0,25656.4,40511.0
2025-12-08 18:00:00+00:00,25656.5,25671.9,25541.0,25568.5,49045.0
2025-12-08 19:00:00+00:00,25568.8,25597.9,25543.9,25567.3,33517.0
2025-12-08 20:00:00+00:00,25567.8,25647.7,25558.4,25644.5,27769.0
2025-12-08 21:00:00+00:00,25644.0,25683.1,25632.4,25683.1,10493.0
2025-12-08 23:00:00+00:00,25681.0,25703.8,25668.2,25702.4,7272.0
2025-12-09 00:00:00+00:00,25702.4,25702.8,25687.1,25695.0,6245.0
2025-12-09 01:00:00+00:00,25695.2,25704.4,25661.2,25667.7,9780.0
2025-12-09 02:00:00+00:00,25667.6,25683.9,25651.1,25668.0,8074.0
2025-12-09 03:00:00+00:00,25667.8,25676.8,25661.1,25674.4,7017.0
2025-12-09 04:00:00+00:00,25673.8,25675.2,25659.2,25663.4,5887.0
2025-12-09 05:00:00+00:00,25663.8,25665.2,25638.6,25638.8,7349.0
2025-12-09 06:00:00+00:00,25639.2,25663.4,25622.6,25659.2,8309.0
2025-12-09 07:00:00+00:00,25658.4,25672.4,25651.8,25667.6,8333.0
2025-12-09 08:00:00+00:00,25667.2,25688.0,25658.1,25671.2,12029.0
2025-12-09 09:00:00+00:00,25671.0,25671.6,25626.0,25632.2,10995.0
2025-12-09 10:00:00+00:00,25631.7,25668.0,25577.8,25643.7,15010.0
2025-12-09 11:00:00+00:00,25643.4,25656.8,25606.4,25648.1,12451.0
2025-12-09 12:00:00+00:00,25647.0,25651.8,25621.0,25640.0,13395.0
2025-12-09 13:00:00+00:00,25638.7,25640.8,25583.0,25591.9,11530.0
2025-12-09 14:00:00+00:00,25592.4,25628.6,25535.8,25605.6,51622.0
2025-12-09 15:00:00+00:00,25607.2,25660.7,25589.2,25659.8,59948.0
2025-12-09 16:00:00+00:00,25659.1,25694.6,25647.0,25687.5,33316.0
2025-12-09 17:00:00+00:00,25688.0,25711.6,25668.2,25696.2,27985.0
2025-12-09 18:00:00+00:00,25695.8,25714.3,25669.6,25700.5,25728.0
2025-12-09 19:00:00+00:00,25701.0,25703.1,25661.8,25681.0,21928.0
2025-12-09 20:00:00+00:00,25680.7,25699.8,25665.3,25681.5,27066.0
2025-12-09 21:00:00+00:00,25682.0,25682.0,25653.5,25658.2,5519.0
2025-12-09 23:00:00+00:00,25663.7,25664.0,25648.2,25650.6,3706.0
2025-12-10 00:00:00+00:00,25650.2,25671.9,25629.0,25629.2,7527.0
2025-12-10 01:00:00+00:00,25630.2,25642.4,25618.4,25634.2,8923.0
2025-12-10 02:00:00+00:00,25634.6,25657.2,25633.0,25652.2,4098.0
2025-12-10 03:00:00+00:00,25652.2,25663.2,25642.2,25652.0,4418.0
2025-12-10 04:00:00+00:00,25652.2,25687.9,25652.2,25672.6,4010.0
2025-12-10 05:00:00+00:00,25672.0,25672.6,25647.2,25660.0,5725.0
2025-12-10 06:00:00+00:00,25660.2,25691.6,25659.6,25682.0,5067.0
2025-12-10 07:00:00+00:00,25681.9,25708.7,25676.7,25706.8,4447.0
2025-12-10 08:00:00+00:00,25706.9,25723.8,25683.9,25699.0,10255.0
2025-12-10 09:00:00+00:00,25699.0,25710.6,25682.2,25687.6,10430.0
2025-12-10 10:00:00+00:00,25687.6,25711.8,25594.0,25629.4,14095.0
2025-12-10 11:00:00+00:00,25627.6,25671.8,25617.5,25644.3,12144.0
2025-12-10 12:00:00+00:00,25644.4,25646.6,25606.2,25626.8,10628.0
2025-12-10 13:00:00+00:00,25624.6,25696.0,25623.4,25651.2,11548.0
2025-12-10 14:00:00+00:00,25652.0,25661.0,25545.4,25609.2,57774.0
2025-12-10 15:00:00+00:00,25608.4,25635.0,25528.8,25545.2,65934.0
2025-12-10 16:00:00+00:00,25545.0,25636.5,25507.4,25628.7,41533.0
2025-12-10 17:00:00+00:00,25628.4,25660.2,25594.4,25644.7,24551.0
2025-12-10 18:00:00+00:00,25643.7,25647.5,25574.9,25595.5,29824.0
2025-12-10 19:00:00+00:00,25595.2,25814.0,25586.8,25804.2,93456.0
2025-12-10 20:00:00+00:00,25804.2,25849.0,25768.0,25779.9,63701.0
2025-12-10 21:00:00+00:00,25779.3,25791.2,25738.8,25781.2,11548.0
2025-12-10 23:00:00+00:00,25764.2,25770.0,25696.2,25709.6,3771.0
2025-12-11 00:00:00+00:00,25709.7,25713.0,25651.4,25663.8,4815.0
2025-12-11 01:00:00+00:00,25663.9,25663.9,25631.5,25639.9,7919.0
2025-12-11 02:00:00+00:00,25639.3,25641.0,25504.0,25529.3,15839.0
2025-12-11 03:00:00+00:00,25529.0,25530.4,25363.5,25466.0,27109.0
2025-12-11 04:00:00+00:00,25466.2,25512.6,25456.2,25488.2,11719.0
2025-12-11 05:00:00+00:00,25488.0,25501.4,25463.8,25494.0,8931.0
2025-12-11 06:00:00+00:00,25494.5,25503.4,25452.0,25489.4,11019.0
2025-12-11 07:00:00+00:00,25489.3,25522.2,25455.0,25519.4,10137.0
2025-12-11 08:00:00+00:00,25518.8,25523.6,25454.2,25517.0,17414.0
2025-12-11 09:00:00+00:00,25515.8,25602.9,25509.0,25583.2,14816.0
2025-12-11 10:00:00+00:00,25584.6,25596.4,25560.2,25577.2,11174.0
2025-12-11 11:00:00+00:00,25577.2,25609.7,25571.2,25603.0,11042.0
2025-12-11 12:00:00+00:00,25601.5,25680.6,25597.2,25672.2,13560.0
2025-12-11 13:00:00+00:00,25672.0,25679.2,25612.2,25623.6,14135.0
2025-12-11 14:00:00+00:00,25624.2,25660.7,25380.4,25394.0,65523.0
2025-12-11 15:00:00+00:00,25395.2,25609.9,25370.7,25513.9,89923.0
2025-12-11 16:00:00+00:00,25514.2,25572.3,25439.2,25483.7,69267.0
2025-12-11 17:00:00+00:00,25484.9,25629.9,25478.4,25575.4,48084.0
2025-12-11 18:00:00+00:00,25574.7,25669.4,25565.7,25620.4,42834.0
2025-12-11 19:00:00+00:00,25619.8,25705.7,25618.2,25672.7,27530.0
2025-12-11 20:00:00+00:00,25672.4,25703.0,25643.5,25697.7,30786.0
2025-12-11 21:00:00+00:00,25697.8,25844.6,25691.7,25818.0,17560.0
2025-12-11 23:00:00+00:00,25696.8,25715.0,25631.8,25653.6,6123.0
2025-12-12 00:00:00+00:00,25653.6,25667.8,25624.4,25629.4,11434.0
2025-12-12 01:00:00+00:00,25629.2,25662.6,25628.6,25660.1,8939.0
2025-12-12 02:00:00+00:00,25660.3,25685.4,25657.0,25676.4,7451.0
2025-12-12 03:00:00+00:00,25676.6,25679.0,25646.2,25651.4,5333.0
2025-12-12 04:00:00+00:00,25651.0,25655.2,25635.8,25640.8,5629.0
2025-12-12 05:00:00+00:00,25640.3,25680.5,25639.8,25672.8,8616.0
2025-12-12 06:00:00+00:00,25672.8,25686.0,25657.9,25661.6,8505.0
2025-12-12 07:00:00+00:00,25660.8,25661.6,25639.4,25648.4,8142.0
2025-12-12 08:00:00+00:00,25648.6,25664.2,25633.6,25644.4,12992.0
2025-12-12 09:00:00+00:00,25643.5,25649.4,25544.2,25569.6,18220.0
2025-12-12 10:00:00+00:00,25570.0,25603.2,25547.5,25565.6,13611.0
2025-12-12 11:00:00+00:00,25565.6,25570.0,25514.8,25534.5,13969.0
2025-12-12 12:00:00+00:00,25534.8,25577.9,25519.9,25549.8,11751.0
2025-12-12 13:00:00+00:00,25549.6,25608.0,25541.5,25607.2,10372.0
2025-12-12 14:00:00+00:00,25607.6,25614.5,25483.6,25540.2,60174.0
2025-12-12 15:00:00+00:00,25538.6,25541.5,25195.8,25223.2,96011.0
2025-12-12 16:00:00+00:00,25222.8,25258.9,25099.8,25158.8,95124.0
2025-12-12 17:00:00+00:00,25158.4,25294.1,25147.2,25261.3,60613.0
2025-12-12 18:00:00+00:00,25261.8,25353.1,25247.5,25262.4,54934.0
2025-12-12 19:00:00+00:00,25263.2,25270.3,25200.1,25228.8,48140.0
2025-12-12 20:00:00+00:00,25229.2,25247.5,25130.3,25194.3,52296.0
2025-12-12 21:00:00+00:00,25194.8,25210.5,25184.2,25191.2,9252.0
2025-12-14 23:00:00+00:00,25223.8,25224.4,25115.8,25176.2,15593.0
2025-12-15 00:00:00+00:00,25175.9,25223.8,25170.2,25217.2,12984.0
2025-12-15 01:00:00+00:00,25217.2,25247.2,25204.2,25245.4,13942.0
2025-12-15 02:00:00+00:00,25245.2,25266.1,25237.0,25243.8,10702.0
2025-12-15 03:00:00+00:00,25243.7,25255.4,25227.8,25237.6,9390.0
2025-12-15 04:00:00+00:00,25237.7,25257.8,25216.0,25251.4,8785.0
2025-12-15 05:00:00+00:00,25250.8,25265.0,25237.0,25259.8,8587.0
2025-12-15 06:00:00+00:00,25258.8,25261.6,25231.9,25255.6,9033.0
2025-12-15 07:00:00+00:00,25256.0,25264.8,25220.2,25234.8,9958.0
2025-12-15 08:00:00+00:00,25235.2,25274.0,25213.7,25267.4,14941.0
2025-12-15 09:00:00+00:00,25267.2,25315.8,25257.0,25307.9,13425.0
2025-12-15 10:00:00+00:00,25307.7,25325.2,25299.8,25319.2,9311.0
2025-12-15 11:00:00+00:00,25319.2,25340.2,25310.8,25337.4,7609.0
2025-12-15 12:00:00+00:00,25337.0,25343.8,25306.8,25334.5,11708.0
2025-12-15 13:00:00+00:00,25334.2,25365.9,25319.2,25362.8,11832.0
2025-12-15 14:00:00+00:00,25362.4,25391.6,25196.8,25207.6,65309.0
2025-12-15 15:00:00+00:00,25207.6,25218.4,25017.6,25135.2,100007.0
2025-12-15 16:00:00+00:00,25135.4,25249.0,25102.0,25145.4,73653.0
2025-12-15 17:00:00+00:00,25146.0,25174.0,25070.0,25117.6,54382.0
2025-12-15 18:00:00+00:00,25116.9,25169.5,25074.8,25152.8,41129.0
2025-12-15 19:00:00+00:00,25152.8,25182.8,25109.8,25156.0,33513.0
2025-12-15 20:00:00+00:00,25156.2,25162.4,25096.3,25098.8,42090.0
2025-12-15 21:00:00+00:00,25099.8,25122.8,25091.8,25111.2,9079.0
2025-12-15 23:00:00+00:00,25120.6,25136.8,25048.2,25071.2,9234.0
2025-12-16 00:00:00+00:00,25071.2,25082.3,25005.6,25016.8,19623.0
2025-12-16 01:00:00+00:00,25017.0,25027.6,24877.6,24916.2,26215.0
2025-12-16 02:00:00+00:00,24917.2,24950.2,24890.6,24914.4,18739.0
2025-12-16 03:00:00+00:00,24915.0,24933.6,24868.1,24925.8,13797.0
2025-12-16 04:00:00+00:00,24925.3,24940.2,24887.1,24928.2,12435.0
2025-12-16 05:00:00+00:00,24927.8,24930.6,24869.8,24877.8,11604.0
2025-12-16 06:00:00+00:00,24879.6,24900.8,24869.3,24898.0,9332.0
2025-12-16 07:00:00+00:00,24899.3,24911.2,24838.8,24893.1,11349.0
2025-12-16 08:00:00+00:00,24892.6,24976.8,24890.2,24968.6,14921.0
2025-12-16 09:00:00+00:00,24969.3,24996.2,24931.0,24947.8,13609.0
2025-12-16 10:00:00+00:00,24947.9,25039.4,24932.8,25011.6,12503.0
2025-12-16 11:00:00+00:00,25011.4,25058.9,25001.9,25058.6,11124.0
2025-12-16 12:00:00+00:00,25057.2,25089.2,25045.6,25063.2,13697.0
2025-12-16 13:00:00+00:00,25063.3,25147.6,25006.0,25017.0,27482.0
2025-12-16 14:00:00+00:00,25017.2,25163.8,24970.5,25157.9,77427.0
2025-12-16 15:00:00+00:00,25158.6,25172.8,24944.4,25086.6,97726.0
2025-12-16 16:00:00+00:00,25087.0,25108.4,24978.0,25099.6,60424.0
2025-12-16 17:00:00+00:00,25100.2,25119.9,24957.8,24965.5,42578.0
2025-12-16 18:00:00+00:00,24965.6,25130.5,24938.2,25095.5,44897.0
2025-12-16 19:00:00+00:00,25095.6,25135.4,25008.0,25104.3,43323.0
2025-12-16 20:00:00+00:00,25104.6,25232.6,25096.3,25161.5,47238.0
2025-12-16 21:00:00+00:00,25162.0,25164.8,25097.4,25114.2,12246.0
2025-12-16 23:00:00+00:00,25129.5,25150.8,25084.2,25105.3,4877.0
2025-12-17 00:00:00+00:00,25105.0,25116.8,25055.6,25093.6,18022.0
2025-12-17 01:00:00+00:00,25093.6,25148.2,25093.6,25146.2,15452.0
2025-12-17 02:00:00+00:00,25145.6,25163.6,25117.2,25151.8,12254.0
2025-12-17 03:00:00+00:00,25152.2,25169.0,25130.8,25139.6,9161.0
2025-12-17 04:00:00+00:00,25139.8,25154.8,25100.2,25102.8,9128.0
2025-12-17 05:00:00+00:00,25103.8,25146.2,25080.8,25141.6,10325.0
2025-12-17 06:00:00+00:00,25140.6,25206.0,25140.6,25182.6,10044.0
2025-12-17 07:00:00+00:00,25182.5,25221.1,25170.6,25200.8,10155.0
2025-12-17 08:00:00+00:00,25201.0,25225.2,25177.2,25204.4,14171.0
2025-12-17 09:00:00+00:00,25203.2,25258.8,25191.8,25252.9,12845.0
2025-12-17 10:00:00+00:00,25251.9,25280.0,25244.0,25271.8,10227.0
2025-12-17 11:00:00+00:00,25271.9,25287.8,25256.2,25282.8,9874.0
2025-12-17 12:00:00+00:00,25282.6,25296.6,25262.8,25275.8,10026.0
2025-12-17 13:00:00+00:00,25275.6,25285.8,25186.0,25253.4,20528.0
2025-12-17 14:00:00+00:00,25254.0,25270.3,25034.6,25121.8,68840.0
2025-12-17 15:00:00+00:00,25122.3,25134.8,24823.0,24847.6,91519.0
2025-12-17 16:00:00+00:00,24846.8,24911.4,24774.4,24823.8,77806.0
2025-12-17 17:00:00+00:00,24824.0,24873.6,24772.2,24822.4,62292.0
2025-12-17 18:00:00+00:00,24821.8,24877.9,24743.6,24767.4,46089.0
2025-12-17 19:00:00+00:00,24767.3,24794.0,24731.6,24784.3,37823.0
2025-12-17 20:00:00+00:00,24784.2,24792.2,24697.3,24700.6,41831.0
2025-12-17 21:00:00+00:00,24700.8,24804.4,24700.8,24770.0,14261.0
2025-12-17 23:00:00+00:00,24795.3,24800.2,24734.3,24741.6,8563.0
2025-12-18 00:00:00+00:00,24742.4,24806.6,24710.6,24796.2,18676.0
2025-12-18 01:00:00+00:00,24796.2,24805.6,24760.2,24771.2,15045.0
2025-12-18 02:00:00+00:00,24772.2,24820.9,24765.4,24778.6,13165.0
2025-12-18 03:00:00+00:00,24778.2,24781.2,24711.8,24750.0,11433.0
2025-12-18 04:00:00+00:00,24750.2,24800.0,24747.8,24797.2,8235.0
2025-12-18 05:00:00+00:00,24796.2,24803.5,24774.5,24794.2,8357.0
2025-12-18 06:00:00+00:00,24793.4,24800.0,24763.2,24792.2,7537.0
2025-12-18 07:00:00+00:00,24792.6,24849.2,24791.0,24840.0,10046.0
2025-12-18 08:00:00+00:00,24839.4,24882.0,24817.6,24863.8,13841.0
2025-12-18 09:00:00+00:00,24863.4,24906.4,24839.8,24904.8,10834.0
2025-12-18 10:00:00+00:00,24905.5,24908.3,24874.6,24888.4,7635.0
2025-12-18 11:00:00+00:00,24888.6,24912.6,24883.0,24909.6,7574.0
2025-12-18 12:00:00+00:00,24909.6,24923.5,24894.6,24904.2,10163.0
2025-12-18 13:00:00+00:00,24903.6,25072.6,24873.8,25031.8,25095.0
2025-12-18 14:00:00+00:00,25031.6,25138.3,24970.5,25086.2,67700.0
2025-12-18 15:00:00+00:00,25086.6,25216.0,24983.8,25175.2,90369.0
2025-12-18 16:00:00+00:00,25175.0,25220.7,25152.5,25196.3,58354.0
2025-12-18 17:00:00+00:00,25195.7,25195.7,24994.9,25165.0,75731.0
2025-12-18 18:00:00+00:00,25165.3,25211.8,25127.3,25148.5,48858.0
2025-12-18 19:00:00+00:00,25146.4,25149.8,25003.7,25018.4,62021.0
2025-12-18 20:00:00+00:00,25018.0,25152.3,25002.5,25061.8,55679.0
2025-12-18 21:00:00+00:00,25061.4,25066.8,25006.6,25028.8,10899.0
2025-12-18 23:00:00+00:00,25054.4,25066.0,25018.7,25065.6,7425.0
2025-12-19 00:00:00+00:00,25065.3,25075.1,25029.8,25053.2,12603.0
2025-12-19 01:00:00+00:00,25052.3,25085.8,25020.9,25075.4,12642.0
2025-12-19 02:00:00+00:00,25073.8,25095.4,25058.8,25060.8,9928.0
2025-12-19 03:00:00+00:00,25060.6,25130.4,25045.3,25116.0,14638.0
2025-12-19 04:00:00+00:00,25115.7,25126.4,25095.6,25114.4,8733.0
2025-12-19 05:00:00+00:00,25113.8,25121.6,25091.0,25100.0,8503.0
2025-12-19 06:00:00+00:00,25100.4,25113.6,25075.9,25107.4,8907.0
2025-12-19 07:00:00+00:00,25107.0,25181.1,25107.0,25155.6,10173.0
2025-12-19 08:00:00+00:00,25156.6,25196.4,25149.4,25179.4,14264.0
2025-12-19 09:00:00+00:00,25179.4,25202.1,25165.0,25192.6,11044.0
2025-12-19 10:00:00+00:00,25192.4,25193.2,25163.6,25169.4,10278.0
2025-12-19 11:00:00+00:00,25169.6,25173.4,25124.8,25149.6,10847.0
2025-12-19 12:00:00+00:00,25149.6,25166.2,25088.2,25089.4,13849.0
2025-12-19 13:00:00+00:00,25089.4,25148.2,25082.6,25131.6,13595.0
2025-12-19 14:00:00+00:00,25132.2,25381.8,25107.4,25368.2,65414.0
2025-12-19 15:00:00+00:00,25366.2,25408.8,25274.4,25292.0,81240.0
2025-12-19 16:00:00+00:00,25292.6,25373.5,25268.5,25314.3,52371.0
2025-12-19 17:00:00+00:00,25314.2,25406.2,25311.0,25386.8,29658.0
2025-12-19 18:00:00+00:00,25386.3,25400.5,25353.3,25360.5,21415.0
2025-12-19 19:00:00+00:00,25360.0,25398.3,25359.5,25377.8,18823.0
2025-12-19 20:00:00+00:00,25377.7,25401.0,25358.8,25389.9,33079.0
2025-12-19 21:00:00+00:00,25390.0,25407.8,25376.4,25399.4,7678.0
2025-12-21 23:00:00+00:00,25464.4,25480.8,25437.9,25475.6,7363.0
2025-12-22 00:00:00+00:00,25475.0,25487.6,25451.4,25460.4,9903.0
2025-12-22 01:00:00+00:00,25461.4,25502.9,25460.2,25494.8,8703.0
2025-12-22 02:00:00+00:00,25494.6,25504.1,25486.9,25502.0,4393.0
2025-12-22 03:00:00+00:00,25501.9,25505.1,25479.8,25484.9,4213.0
2025-12-22 04:00:00+00:00,25484.8,25496.1,25478.4,25486.8,3121.0
2025-12-22 05:00:00+00:00,25486.8,25488.4,25468.6,25480.1,3522.0
2025-12-22 06:00:00+00:00,25480.0,25504.9,25480.0,25496.0,3283.0
2025-12-22 07:00:00+00:00,25496.4,25516.9,25495.0,25508.8,4046.0
2025-12-22 08:00:00+00:00,25509.8,25522.8,25487.4,25494.4,7759.0
2025-12-22 09:00:00+00:00,25493.8,25531.4,25489.4,25518.4,7592.0
2025-12-22 10:00:00+00:00,25518.8,25526.6,25512.8,25513.4,4391.0
2025-12-22 11:00:00+00:00,25513.6,25525.2,25504.9,25506.0,4181.0
2025-12-22 12:00:00+00:00,25506.5,25544.6,25503.4,25542.4,6936.0
2025-12-22 13:00:00+00:00,25543.4,25562.8,25537.2,25558.9,7132.0
2025-12-22 14:00:00+00:00,25559.4,25600.3,25478.3,25553.8,59123.0
2025-12-22 15:00:00+00:00,25553.3,25560.5,25435.7,25480.1,69710.0
2025-12-22 16:00:00+00:00,25481.1,25527.1,25479.0,25520.6,27511.0
2025-12-22 17:00:00+00:00,25521.1,25539.3,25499.6,25534.0,20304.0
2025-12-22 18:00:00+00:00,25533.9,25534.6,25486.0,25502.0,18522.0
2025-12-22 19:00:00+00:00,25502.3,25524.8,25488.9,25503.5,17933.0
2025-12-22 20:00:00+00:00,25503.8,25515.6,25492.4,25500.8,21192.0
2025-12-22 21:00:00+00:00,25501.1,25518.8,25500.6,25511.4,3105.0
2025-12-22 23:00:00+00:00,25520.3,25534.6,25514.3,25526.0,4238.0
2025-12-23 00:00:00+00:00,25526.1,25535.6,25521.0,25534.8,5295.0
2025-12-23 01:00:00+00:00,25534.8,25542.5,25508.6,25523.2,6975.0
2025-12-23 02:00:00+00:00,25523.0,25550.8,25521.8,25535.6,5328.0
2025-12-23 03:00:00+00:00,25536.0,25543.6,25520.8,25524.4,4467.0
2025-12-23 04:00:00+00:00,25523.6,25525.5,25496.0,25501.2,4933.0
2025-12-23 05:00:00+00:00,25501.1,25510.8,25490.4,25490.8,4455.0
2025-12-23 06:00:00+00:00,25490.0,25493.6,25466.4,25480.6,4603.0
2025-12-23 07:00:00+00:00,25480.8,25491.3,25471.0,25483.2,5015.0
2025-12-23 08:00:00+00:00,25483.2,25520.8,25478.4,25502.8,6939.0
2025-12-23 09:00:00+00:00,25502.3,25540.8,25501.4,25531.4,5159.0
2025-12-23 10:00:00+00:00,25531.6,25537.3,25511.5,25519.6,4531.0
2025-12-23 11:00:00+00:00,25518.8,25522.2,25499.2,25506.5,4816.0
2025-12-23 12:00:00+00:00,25506.4,25514.0,25473.8,25497.4,8475.0
2025-12-23 13:00:00+00:00,25497.5,25498.8,25421.3,25432.8,11922.0
2025-12-23 14:00:00+00:00,25432.8,25563.6,25421.8,25504.3,52457.0
2025-12-23 15:00:00+00:00,25504.1,25553.0,25440.6,25543.8,50021.0
2025-12-23 16:00:00+00:00,25543.5,25588.9,25539.4,25585.8,25144.0
2025-12-23 17:00:00+00:00,25585.9,25589.9,25566.1,25569.6,17241.0
2025-12-23 18:00:00+00:00,25569.3,25595.3,25566.8,25589.0,15624.0
2025-12-23 19:00:00+00:00,25589.1,25615.1,25587.5,25612.3,14232.0
2025-12-23 20:00:00+00:00,25612.2,25635.2,25608.3,25626.3,17946.0
2025-12-23 21:00:00+00:00,25626.2,25637.6,25618.2,25629.2,4369.0
2025-12-23 23:00:00+00:00,25620.9,25633.7,25616.0,25624.0,3093.0
2025-12-24 00:00:00+00:00,25624.2,25640.4,25623.7,25631.0,5501.0
2025-12-24 01:00:00+00:00,25631.6,25637.2,25617.6,25622.6,3550.0
2025-12-24 02:00:00+00:00,25622.2,25626.9,25598.2,25608.2,3031.0
2025-12-24 03:00:00+00:00,25608.7,25617.7,25601.7,25612.2,3015.0
2025-12-24 04:00:00+00:00,25610.9,25616.6,25595.4,25595.8,1999.0
2025-12-24 05:00:00+00:00,25595.7,25613.0,25592.8,25605.8,2292.0
2025-12-24 06:00:00+00:00,25605.7,25615.2,25605.4,25607.9,1692.0
2025-12-24 07:00:00+00:00,25607.2,25610.0,25599.4,25603.2,1418.0
2025-12-24 08:00:00+00:00,25603.8,25612.0,25601.9,25604.4,1865.0
2025-12-24 09:00:00+00:00,25604.8,25621.7,25598.2,25613.8,2003.0
2025-12-24 10:00:00+00:00,25613.4,25613.7,25602.2,25607.7,1662.0
2025-12-24 11:00:00+00:00,25607.8,25615.7,25600.7,25606.9,1697.0
2025-12-24 12:00:00+00:00,25606.8,25632.2,25603.9,25631.0,2663.0
2025-12-24 13:00:00+00:00,25629.8,25646.2,25615.7,25637.7,4515.0
2025-12-24 14:00:00+00:00,25637.6,25642.2,25599.0,25624.2,32374.0
2025-12-24 15:00:00+00:00,25624.7,25655.7,25619.0,25645.3,22712.0
2025-12-24 16:00:00+00:00,25645.4,25701.0,25644.5,25692.5,17242.0
2025-12-24 17:00:00+00:00,25692.4,25708.0,25680.5,25694.2,17891.0
2025-12-24 18:00:00+00:00,25694.3,25697.8,25668.9,25676.7,4663.0
2025-12-25 23:00:00+00:00,25692.4,25713.8,25682.0,25704.0,4129.0
2025-12-26 00:00:00+00:00,25704.0,25726.2,25702.6,25719.6,4070.0
2025-12-26 01:00:00+00:00,25719.6,25732.6,25699.9,25706.0,5085.0
2025-12-26 02:00:00+00:00,25705.8,25716.0,25699.3,25712.4,3000.0
2025-12-26 03:00:00+00:00,25712.8,25718.8,25697.8,25699.0,2341.0
2025-12-26 04:00:00+00:00,25698.3,25700.4,25690.6,25695.0,1892.0
2025-12-26 05:00:00+00:00,25695.4,25704.6,25687.6,25692.0,2138.0
2025-12-26 06:00:00+00:00,25692.0,25696.8,25684.6,25687.6,2665.0
2025-12-26 07:00:00+00:00,25687.8,25689.4,25666.0,25676.0,3146.0
2025-12-26 08:00:00+00:00,25676.2,25678.4,25659.4,25673.6,3097.0
2025-12-26 09:00:00+00:00,25673.4,25694.2,25671.6,25692.4,2790.0
2025-12-26 10:00:00+00:00,25692.4,25710.7,25692.4,25700.0,2764.0
2025-12-26 11:00:00+00:00,25700.3,25704.6,25683.2,25692.8,2357.0
2025-12-26 12:00:00+00:00,25692.6,25713.4,25685.4,25706.4,4007.0
2025-12-26 13:00:00+00:00,25706.4,25739.3,25703.0,25713.1,5034.0
2025-12-26 14:00:00+00:00,25713.2,25751.0,25681.0,25697.3,39831.0
2025-12-26 15:00:00+00:00,25697.2,25722.0,25650.7,25715.5,43811.0
2025-12-26 16:00:00+00:00,25715.0,25727.0,25673.5,25695.5,19242.0
2025-12-26 17:00:00+00:00,25695.8,25703.9,25671.3,25693.5,16207.0
2025-12-26 18:00:00+00:00,25694.0,25715.3,25676.5,25714.0,13868.0
2025-12-26 19:00:00+00:00,25713.6,25720.6,25696.0,25713.0,12980.0
2025-12-26 20:00:00+00:00,25712.5,25713.8,25679.6,25687.5,17076.0
2025-12-26 21:00:00+00:00,25687.9,25696.0,25676.2,25676.6,3750.0
2025-12-28 23:00:00+00:00,25695.0,25699.6,25665.4,25691.6,4826.0
2025-12-29 00:00:00+00:00,25691.8,25714.6,25674.6,25712.4,9146.0
2025-12-29 01:00:00+00:00,25711.6,25714.0,25657.6,25663.6,8024.0
2025-12-29 02:00:00+00:00,25663.6,25671.2,25646.4,25666.8,4761.0
2025-12-29 03:00:00+00:00,25667.0,25675.0,25646.6,25674.0,4729.0
2025-12-29 04:00:00+00:00,25673.8,25688.6,25673.2,25676.2,2908.0
2025-12-29 05:00:00+00:00,25677.2,25677.2,25639.2,25641.8,7244.0
2025-12-29 06:00:00+00:00,25641.4,25664.0,25633.2,25637.2,6322.0
2025-12-29 07:00:00+00:00,25637.0,25643.8,25606.6,25621.0,6594.0
2025-12-29 08:00:00+00:00,25621.2,25624.9,25553.4,25560.1,13517.0
2025-12-29 09:00:00+00:00,25560.0,25591.6,25555.1,25584.4,10295.0
2025-12-29 10:00:00+00:00,25584.4,25590.3,25566.0,25568.0,6693.0
2025-12-29 11:00:00+00:00,25567.8,25596.6,25557.6,25592.0,6437.0
2025-12-29 12:00:00+00:00,25591.0,25597.8,25556.0,25567.2,8280.0
2025-12-29 13:00:00+00:00,25566.0,25584.0,25482.6,25515.2,11480.0
2025-12-29 14:00:00+00:00,25516.4,25640.0,25478.2,25544.8,52821.0
2025-12-29 15:00:00+00:00,25544.9,25594.3,25483.3,25523.8,52227.0
2025-12-29 16:00:00+00:00,25523.7,25549.3,25502.0,25526.7,31979.0
2025-12-29 17:00:00+00:00,25527.0,25538.6,25479.5,25531.1,20588.0
2025-12-29 18:00:00+00:00,25531.0,25560.2,25512.0,25525.7,18711.0
2025-12-29 19:00:00+00:00,25525.2,25605.2,25515.1,25597.0,18689.0
2025-12-29 20:00:00+00:00,25596.5,25597.3,25560.7,25572.7,21148.0
2025-12-29 21:00:00+00:00,25572.3,25579.5,25559.3,25575.0,3417.0
2025-12-29 23:00:00+00:00,25570.8,25575.6,25537.2,25538.2,4469.0
2025-12-30 00:00:00+00:00,25538.4,25557.8,25531.5,25534.8,5910.0
2025-12-30 01:00:00+00:00,25534.8,25556.0,25527.6,25555.4,8107.0
2025-12-30 02:00:00+00:00,25555.5,25559.6,25532.4,25541.5,5109.0
2025-12-30 03:00:00+00:00,25541.6,25572.0,25540.4,25567.0,5428.0
2025-12-30 04:00:00+00:00,25567.0,25583.3,25560.6,25580.0,3204.0
2025-12-30 05:00:00+00:00,25580.2,25586.0,25553.0,25575.6,4217.0
2025-12-30 06:00:00+00:00,25574.6,25575.2,25547.0,25557.4,4396.0
2025-12-30 07:00:00+00:00,25556.8,25556.8,25516.0,25535.0,5494.0
2025-12-30 08:00:00+00:00,25535.1,25571.8,25534.5,25570.4,8043.0
2025-12-30 09:00:00+00:00,25570.5,25583.4,25560.7,25570.4,4875.0
2025-12-30 10:00:00+00:00,25570.0,25576.7,25550.4,25558.8,4842.0
2025-12-30 11:00:00+00:00,25559.0,25567.4,25533.5,25563.8,4792.0
2025-12-30 12:00:00+00:00,25564.0,25574.7,25543.6,25558.0,6518.0
2025-12-30 13:00:00+00:00,25557.0,25575.5,25522.6,25545.0,7736.0
2025-12-30 14:00:00+00:00,25545.2,25605.6,25505.3,25587.5,43741.0
2025-12-30 15:00:00+00:00,25586.7,25592.5,25513.2,25575.3,41817.0
2025-12-30 16:00:00+00:00,25575.5,25625.0,25551.5,25554.5,23139.0
2025-12-30 17:00:00+00:00,25554.2,25571.5,25534.0,25563.0,16944.0
2025-12-30 18:00:00+00:00,25563.3,25578.3,25542.0,25567.2,13863.0
2025-12-30 19:00:00+00:00,25567.0,25577.2,25540.0,25546.0,16105.0
2025-12-30 20:00:00+00:00,25545.9,25551.9,25502.8,25512.0,20558.0
2025-12-30 21:00:00+00:00,25512.2,25525.6,25504.7,25510.2,4950.0
2025-12-30 23:00:00+00:00,25522.7,25522.7,25477.4,25490.6,3820.0
2025-12-31 00:00:00+00:00,25490.6,25490.6,25439.6,25448.4,4537.0
2025-12-31 01:00:00+00:00,25448.4,25457.8,25421.8,25451.2,8376.0
2025-12-31 02:00:00+00:00,25451.4,25469.0,25438.1,25459.0,5264.0
2025-12-31 03:00:00+00:00,25459.0,25465.8,25440.3,25450.0,4066.0
2025-12-31 04:00:00+00:00,25449.8,25467.0,25447.3,25449.6,3432.0
2025-12-31 05:00:00+00:00,25449.8,25459.6,25428.0,25432.6,3787.0
2025-12-31 06:00:00+00:00,25432.4,25439.0,25413.4,25429.2,4156.0
2025-12-31 07:00:00+00:00,25428.8,25442.6,25410.2,25431.0,4044.0
2025-12-31 08:00:00+00:00,25431.1,25437.1,25386.1,25392.0,4618.0
2025-12-31 09:00:00+00:00,25391.0,25417.6,25389.0,25402.2,5177.0
2025-12-31 10:00:00+00:00,25402.0,25424.8,25394.3,25418.2,3812.0
2025-12-31 11:00:00+00:00,25418.0,25444.2,25415.2,25442.6,4656.0
2025-12-31 12:00:00+00:00,25442.3,25465.0,25432.0,25462.3,5756.0
2025-12-31 13:00:00+00:00,25462.2,25548.2,25456.0,25536.6,8250.0
2025-12-31 14:00:00+00:00,25535.6,25550.0,25415.0,25439.0,46024.0
2025-12-31 15:00:00+00:00,25439.8,25450.8,25376.0,25387.5,45915.0
2025-12-31 16:00:00+00:00,25387.4,25444.6,25386.0,25442.5,23123.0
2025-12-31 17:00:00+00:00,25442.2,25443.7,25405.2,25419.0,16275.0
2025-12-31 18:00:00+00:00,25418.7,25466.7,25410.0,25451.7,16091.0
2025-12-31 19:00:00+00:00,25451.6,25471.6,25369.6,25373.6,20903.0
2025-12-31 20:00:00+00:00,25373.5,25377.0,25281.8,25292.3,35914.0
2025-12-31 21:00:00+00:00,25292.0,25308.5,25268.3,25268.6,8655.0
2026-01-01 23:00:00+00:00,25310.9,25337.7,25284.4,25331.7,6526.0
2026-01-02 00:00:00+00:00,25331.3,25348.2,25308.6,25345.0,5386.0
2026-01-02 01:00:00+00:00,25345.5,25390.7,25345.0,25390.2,7297.0
2026-01-02 02:00:00+00:00,25390.0,25441.4,25389.6,25438.2,5845.0
2026-01-02 03:00:00+00:00,25437.2,25460.2,25430.6,25459.6,4009.0
2026-01-02 04:00:00+00:00,25460.8,25471.5,25452.0,25459.8,3335.0
2026-01-02 05:00:00+00:00,25460.2,25477.4,25447.4,25473.4,3392.0
2026-01-02 06:00:00+00:00,25473.2,25483.7,25468.8,25471.6,2825.0
2026-01-02 07:00:00+00:00,25471.0,25481.6,25459.2,25471.9,4612.0
2026-01-02 08:00:00+00:00,25472.0,25552.6,25471.2,25544.0,8603.0
2026-01-02 09:00:00+00:00,25543.0,25572.7,25539.7,25567.8,8144.0
2026-01-02 10:00:00+00:00,25568.8,25571.7,25542.2,25565.0,5717.0
2026-01-02 11:00:00+00:00,25564.9,25577.2,25548.4,25561.0,4690.0
2026-01-02 12:00:00+00:00,25561.7,25561.7,25514.9,25537.0,6935.0
2026-01-02 13:00:00+00:00,25537.2,25542.4,25514.2,25526.8,7564.0
2026-01-02 14:00:00+00:00,25526.7,25638.0,25472.9,25567.8,54606.0
2026-01-02 15:00:00+00:00,25567.7,25614.2,25195.2,25209.2,86376.0
2026-01-02 16:00:00+00:00,25210.6,25261.2,25129.0,25175.9,79211.0
2026-01-02 17:00:00+00:00,25175.6,25243.5,25150.6,25162.2,45522.0
2026-01-02 18:00:00+00:00,25161.3,25201.7,25103.7,25133.0,43278.0
2026-01-02 19:00:00+00:00,25132.8,25295.2,25127.2,25237.8,42000.0
2026-01-02 20:00:00+00:00,25237.2,25288.0,25205.6,25223.7,44208.0
2026-01-02 21:00:00+00:00,25223.6,25253.1,25217.0,25231.0,7481.0
2026-01-04 23:00:00+00:00,25277.8,25301.0,25245.2,25295.8,12814.0
2026-01-05 00:00:00+00:00,25296.0,25317.4,25274.0,25305.4,16593.0
2026-01-05 01:00:00+00:00,25305.4,25325.4,25288.8,25296.4,16105.0
2026-01-05 02:00:00+00:00,25296.0,25321.7,25291.6,25312.6,8650.0
2026-01-05 03:00:00+00:00,25312.4,25320.6,25296.7,25302.6,5613.0
2026-01-05 04:00:00+00:00,25302.5,25329.5,25295.8,25325.0,4699.0
2026-01-05 05:00:00+00:00,25326.0,25335.2,25304.0,25333.0,5287.0
2026-01-05 06:00:00+00:00,25333.0,25345.3,25307.0,25344.0,5690.0
2026-01-05 07:00:00+00:00,25345.0,25346.8,25293.6,25315.6,6328.0
2026-01-05 08:00:00+00:00,25316.6,25394.1,25305.8,25349.8,15039.0
2026-01-05 09:00:00+00:00,25350.0,25370.0,25333.8,25350.2,11358.0
2026-01-05 10:00:00+00:00,25349.8,25397.0,25349.0,25392.6,7981.0
2026-01-05 11:00:00+00:00,25392.2,25415.5,25382.5,25406.0,6327.0
2026-01-05 12:00:00+00:00,25406.0,25424.6,25383.0,25394.6,7742.0
2026-01-05 13:00:00+00:00,25395.8,25430.0,25358.5,25413.8,10045.0
2026-01-05 14:00:00+00:00,25415.0,25510.5,25377.2,25433.8,69366.0
2026-01-05 15:00:00+00:00,25434.5,25528.6,25404.4,25503.0,74562.0
2026-01-05 16:00:00+00:00,25502.7,25547.9,25489.7,25505.3,35048.0
2026-01-05 17:00:00+00:00,25505.8,25520.0,25454.6,25474.0,38805.0
2026-01-05 18:00:00+00:00,25473.4,25479.0,25404.0,25460.0,24974.0
2026-01-05 19:00:00+00:00,25460.3,25465.3,25396.6,25424.3,21772.0
2026-01-05 20:00:00+00:00,25423.8,25460.3,25413.3,25434.4,24811.0
2026-01-05 21:00:00+00:00,25434.1,25437.5,25420.1,25424.4,5149.0
2026-01-05 23:00:00+00:00,25439.2,25444.0,25408.0,25412.6,5549.0
2026-01-06 00:00:00+00:00,25413.3,25428.8,25400.0,25410.8,9736.0
2026-01-06 01:00:00+00:00,25409.6,25449.5,25402.8,25444.6,8954.0
2026-01-06 02:00:00+00:00,25445.8,25471.8,25439.8,25470.6,4585.0
2026-01-06 03:00:00+00:00,25470.5,25476.3,25464.0,25467.2,3811.0
2026-01-06 04:00:00+00:00,25467.5,25494.5,25467.4,25493.4,3867.0
2026-01-06 05:00:00+00:00,25493.5,25500.0,25485.6,25490.4,4399.0
2026-01-06 06:00:00+00:00,25490.3,25520.8,25489.2,25516.2,3858.0
2026-01-06 07:00:00+00:00,25516.0,25516.8,25489.8,25493.6,3076.0
2026-01-06 08:00:00+00:00,25494.0,25494.4,25374.3,25419.0,15621.0
2026-01-06 09:00:00+00:00,25418.9,25454.9,25404.2,25432.6,12583.0
2026-01-06 10:00:00+00:00,25432.8,25444.0,25418.8,25439.6,7539.0
2026-01-06 11:00:00+00:00,25440.6,25456.8,25437.3,25444.2,4864.0
2026-01-06 12:00:00+00:00,25442.8,25495.8,25438.8,25487.8,6917.0
2026-01-06 13:00:00+00:00,25487.4,25496.8,25438.3,25463.8,8837.0
2026-01-06 14:00:00+00:00,25463.6,25607.6,25439.8,25599.8,57960.0
2026-01-06 15:00:00+00:00,25599.8,25625.8,25520.3,25534.4,66256.0
2026-01-06 16:00:00+00:00,25534.3,25554.8,25486.4,25542.8,49981.0
2026-01-06 17:00:00+00:00,25542.5,25634.1,25523.2,25608.1,29228.0
2026-01-06 18:00:00+00:00,25608.6,25654.0,25594.3,25653.3,22960.0
2026-01-06 19:00:00+00:00,25653.7,25669.3,25642.6,25656.3,19703.0
2026-01-06 20:00:00+00:00,25656.5,25686.3,25650.1,25662.0,22999.0
2026-01-06 21:00:00+00:00,25661.8,25681.4,25658.9,25679.8,4274.0
2026-01-06 23:00:00+00:00,25677.8,25693.0,25664.9,25673.4,4822.0
2026-01-07 00:00:00+00:00,25675.2,25690.4,25668.2,25677.4,7665.0
2026-01-07 01:00:00+00:00,25678.4,25683.4,25660.4,25665.2,7776.0
2026-01-07 02:00:00+00:00,25664.8,25681.0,25650.4,25655.2,4580.0
2026-01-07 03:00:00+00:00,25656.4,25670.4,25646.4,25648.4,4206.0
2026-01-07 04:00:00+00:00,25648.6,25651.6,25629.4,25634.8,6003.0
2026-01-07 05:00:00+00:00,25634.9,25642.8,25624.1,25631.8,4408.0
2026-01-07 06:00:00+00:00,25632.4,25648.1,25616.9,25617.8,4139.0
2026-01-07 07:00:00+00:00,25617.1,25628.4,25613.6,25614.4,3379.0
2026-01-07 08:00:00+00:00,25615.2,25636.6,25602.1,25602.1,6773.0
2026-01-07 09:00:00+00:00,25603.4,25607.4,25575.6,25602.0,6826.0
2026-01-07 10:00:00+00:00,25601.7,25610.8,25576.7,25588.2,4986.0
2026-01-07 11:00:00+00:00,25588.6,25617.2,25581.0,25616.4,4651.0
2026-01-07 12:00:00+00:00,25616.2,25630.9,25602.1,25614.8,6710.0
2026-01-07 13:00:00+00:00,25613.2,25642.1,25604.1,25637.1,8825.0
2026-01-07 14:00:00+00:00,25636.8,25728.1,25610.6,25704.8,52832.0
2026-01-07 15:00:00+00:00,25705.7,25761.6,25660.8,25756.0,67022.0
2026-01-07 16:00:00+00:00,25755.8,25821.5,25730.0,25820.5,33424.0
2026-01-07 17:00:00+00:00,25819.8,25846.8,25812.0,25821.3,26589.0
2026-01-07 18:00:00+00:00,25820.8,25829.3,25776.8,25806.0,25176.0
2026-01-07 19:00:00+00:00,25806.3,25806.9,25741.0,25753.3,25766.0
2026-01-07 20:00:00+00:00,25753.4,25764.0,25665.1,25684.8,36650.0
2026-01-07 21:00:00+00:00,25685.3,25689.3,25670.8,25686.0,5420.0
2026-01-07 23:00:00+00:00,25693.4,25697.5,25669.3,25673.6,4571.0
2026-01-08 00:00:00+00:00,25673.6,25693.4,25657.4,25692.6,6235.0
2026-01-08 01:00:00+00:00,25693.8,25694.5,25667.6,25688.2,7576.0
2026-01-08 02:00:00+00:00,25688.0,25690.6,25624.6,25636.2,8681.0
2026-01-08 03:00:00+00:00,25636.4,25645.8,25620.3,25626.8,7342.0
2026-01-08 04:00:00+00:00,25626.6,25643.6,25624.0,25629.0,4884.0
2026-01-08 05:00:00+00:00,25629.2,25634.8,25588.2,25588.6,5422.0
2026-01-08 06:00:00+00:00,25589.6,25592.2,25521.8,25556.0,12657.0
2026-01-08 07:00:00+00:00,25557.0,25654.6,25531.4,25599.8,12370.0
2026-01-08 08:00:00+00:00,25600.6,25653.6,25598.4,25630.6,10744.0
2026-01-08 09:00:00+00:00,25630.8,25645.8,25601.6,25620.0,10116.0
2026-01-08 10:00:00+00:00,25619.9,25624.4,25594.3,25622.8,7887.0
2026-01-08 11:00:00+00:00,25622.8,25636.4,25590.6,25621.2,7543.0
2026-01-08 12:00:00+00:00,25620.3,25628.3,25597.2,25617.8,9793.0
2026-01-08 13:00:00+00:00,25616.8,25668.6,25607.8,25650.0,10040.0
2026-01-08 14:00:00+00:00,25650.2,25661.5,25448.0,25454.2,65878.0
2026-01-08 15:00:00+00:00,25454.0,25563.9,25420.5,25535.2,87493.0
2026-01-08 16:00:00+00:00,25535.8,25536.5,25434.4,25521.5,61381.0
2026-01-08 17:00:00+00:00,25521.8,25558.1,25481.5,25535.3,35686.0
2026-01-08 18:00:00+00:00,25535.6,25539.0,25474.2,25486.3,31765.0
2026-01-08 19:00:00+00:00,25485.2,25512.2,25451.4,25488.3,25458.0
2026-01-08 20:00:00+00:00,25488.6,25554.2,25480.0,25537.1,28060.0
2026-01-08 21:00:00+00:00,25537.1,25596.2,25535.9,25570.4,6887.0
2026-01-08 23:00:00+00:00,25571.8,25580.9,25526.4,25529.8,5732.0
2026-01-09 00:00:00+00:00,25529.6,25548.8,25518.9,25520.2,10464.0
2026-01-09 01:00:00+00:00,25520.2,25533.0,25481.6,25505.8,12575.0
2026-01-09 02:00:00+00:00,25505.6,25547.8,25503.4,25538.4,7699.0
2026-01-09 03:00:00+00:00,25537.6,25544.3,25521.2,25528.4,6340.0
2026-01-09 04:00:00+00:00,25528.6,25534.8,25511.9,25531.6,5583.0
2026-01-09 05:00:00+00:00,25532.2,25549.0,25521.2,25547.4,6532.0
2026-01-09 06:00:00+00:00,25546.8,25555.8,25526.8,25544.8,5869.0
2026-01-09 07:00:00+00:00,25545.0,25546.0,25506.3,25526.2,4906.0
2026-01-09 08:00:00+00:00,25527.0,25555.2,25519.5,25528.8,10139.0
2026-01-09 09:00:00+00:00,25527.6,25579.6,25516.2,25575.8,9284.0
2026-01-09 10:00:00+00:00,25576.8,25591.2,25571.2,25581.6,5448.0
2026-01-09 11:00:00+00:00,25581.5,25620.8,25575.4,25594.5,6325.0
2026-01-09 12:00:00+00:00,25594.6,25606.4,25568.2,25602.6,7209.0
2026-01-09 13:00:00+00:00,25602.8,25661.4,25580.6,25658.8,15661.0
2026-01-09 14:00:00+00:00,25658.5,25678.6,25502.6,25589.6,68650.0
2026-01-09 15:00:00+00:00,25589.6,25732.8,25470.0,25665.5,89964.0
2026-01-09 16:00:00+00:00,25666.8,25775.3,25664.8,25765.0,47117.0
2026-01-09 17:00:00+00:00,25764.9,25790.5,25740.5,25777.8,26016.0
2026-01-09 18:00:00+00:00,25777.5,25822.4,25736.9,25816.2,25149.0
2026-01-09 19:00:00+00:00,25816.0,25827.5,25802.9,25809.3,19671.0
2026-01-09 20:00:00+00:00,25809.0,25840.3,25785.9,25787.5,25881.0
2026-01-09 21:00:00+00:00,25787.7,25798.1,25778.6,25786.6,4909.0
2026-01-11 23:00:00+00:00,25759.4,25776.7,25725.4,25748.4,10602.0
2026-01-12 00:00:00+00:00,25748.6,25757.0,25627.7,25644.0,19121.0
2026-01-12 01:00:00+00:00,25643.7,25651.6,25578.6,25633.0,20957.0
2026-01-12 02:00:00+00:00,25633.0,25633.2,25586.3,25602.0,11471.0
2026-01-12 03:00:00+00:00,25603.2,25607.6,25564.9,25592.6,8992.0
2026-01-12 04:00:00+00:00,25593.2,25594.2,25569.6,25581.4,7507.0
2026-01-12 05:00:00+00:00,25581.6,25597.6,25532.0,25554.2,9448.0
2026-01-12 06:00:00+00:00,25554.8,25580.7,25551.6,25572.4,6365.0
2026-01-12 07:00:00+00:00,25572.4,25601.4,25570.4,25586.4,6396.0
2026-01-12 08:00:00+00:00,25586.3,25605.0,25488.6,25515.4,18114.0
2026-01-12 09:00:00+00:00,25516.6,25560.7,25516.6,25553.2,12978.0
2026-01-12 10:00:00+00:00,25553.1,25577.6,25541.2,25562.1,7892.0
2026-01-12 11:00:00+00:00,25562.4,25587.6,25560.4,25573.4,6676.0
2026-01-12 12:00:00+00:00,25573.6,25616.1,25568.4,25607.6,8236.0
2026-01-12 13:00:00+00:00,25608.0,25617.4,25583.1,25598.3,10710.0
2026-01-12 14:00:00+00:00,25598.6,25778.6,25575.1,25755.8,62667.0
2026-01-12 15:00:00+00:00,25756.4,25788.0,25719.0,25770.4,66807.0
2026-01-12 16:00:00+00:00,25770.0,25824.0,25756.3,25815.5,33220.0
2026-01-12 17:00:00+00:00,25815.7,25828.5,25793.2,25822.8,24016.0
2026-01-12 18:00:00+00:00,25823.3,25854.9,25820.0,25836.8,20814.0
2026-01-12 19:00:00+00:00,25836.6,25874.4,25820.0,25872.8,21460.0
2026-01-12 20:00:00+00:00,25872.9,25877.9,25812.5,25813.3,27769.0
2026-01-12 21:00:00+00:00,25813.0,25835.3,25793.6,25803.4,5996.0
2026-01-12 23:00:00+00:00,25799.0,25802.5,25754.6,25756.8,7168.0
2026-01-13 00:00:00+00:00,25756.8,25760.0,25732.6,25736.2,11220.0
2026-01-13 01:00:00+00:00,25736.3,25751.8,25707.3,25740.4,9676.0
2026-01-13 02:00:00+00:00,25741.2,25758.2,25735.3,25739.0,9279.0
2026-01-13 03:00:00+00:00,25739.2,25753.0,25722.8,25744.2,6500.0
2026-01-13 04:00:00+00:00,25744.0,25752.6,25730.4,25746.4,5868.0
2026-01-13 05:00:00+00:00,25746.8,25768.3,25738.6,25762.6,6156.0
2026-01-13 06:00:00+00:00,25764.0,25793.4,25761.8,25777.4,4960.0
2026-01-13 07:00:00+00:00,25777.2,25786.3,25768.4,25778.4,5155.0
2026-01-13 08:00:00+00:00,25777.2,25785.2,25756.8,25766.6,8481.0
2026-01-13 09:00:00+00:00,25767.5,25797.6,25754.4,25770.8,7170.0
2026-01-13 10:00:00+00:00,25769.8,25775.3,25733.0,25739.2,7056.0
2026-01-13 11:00:00+00:00,25740.0,25761.8,25732.0,25761.8,6200.0
2026-01-13 12:00:00+00:00,25761.8,25779.6,25749.4,25755.6,6545.0
2026-01-13 13:00:00+00:00,25756.6,25906.4,25748.0,25831.6,21013.0
2026-01-13 14:00:00+00:00,25831.3,25903.6,25792.2,25809.0,64038.0
2026-01-13 15:00:00+00:00,25808.1,25830.4,25671.0,25755.8,87698.0
2026-01-13 16:00:00+00:00,25754.8,25886.9,25708.8,25869.3,52709.0
2026-01-13 17:00:00+00:00,25867.0,25878.9,25721.4,25740.3,46747.0
2026-01-13 18:00:00+00:00,25739.5,25774.5,25697.5,25703.8,42905.0
2026-01-13 19:00:00+00:00,25703.9,25748.8,25685.3,25729.8,41854.0
2026-01-13 20:00:00+00:00,25729.3,25775.7,25667.3,25768.3,37959.0
2026-01-13 21:00:00+00:00,25767.9,25790.3,25760.6,25762.4,6139.0
2026-01-13 23:00:00+00:00,25773.5,25775.4,25749.2,25753.4,5923.0
2026-01-14 00:00:00+00:00,25753.2,25785.9,25746.2,25769.1,11711.0
2026-01-14 01:00:00+00:00,25769.2,25786.4,25741.2,25748.4,11960.0
2026-01-14 02:00:00+00:00,25748.4,25759.5,25738.4,25755.8,8508.0
2026-01-14 03:00:00+00:00,25755.4,25787.7,25752.1,25777.2,5474.0
2026-01-14 04:00:00+00:00,25777.2,25781.1,25735.8,25744.2,5347.0
2026-01-14 05:00:00+00:00,25744.2,25745.2,25715.2,25718.2,7479.0
2026-01-14 06:00:00+00:00,25718.4,25726.0,25697.9,25722.2,8743.0
2026-01-14 07:00:00+00:00,25722.2,25733.8,25711.4,25724.2,5730.0
2026-01-14 08:00:00+00:00,25725.2,25738.0,25702.6,25720.0,10961.0
2026-01-14 09:00:00+00:00,25719.8,25740.5,25698.1,25714.2,7112.0
2026-01-14 10:00:00+00:00,25715.2,25715.2,25574.4,25599.4,16631.0
2026-01-14 11:00:00+00:00,25599.4,25630.8,25577.4,25605.6,13626.0
2026-01-14 12:00:00+00:00,25605.8,25646.4,25563.8,25641.4,12803.0
2026-01-14 13:00:00+00:00,25640.2,25665.8,25594.8,25616.4,16805.0
2026-01-14 14:00:00+00:00,25616.9,25652.1,25444.8,25447.6,68285.0
2026-01-14 15:00:00+00:00,25448.3,25555.2,25331.8,25353.8,93520.0
2026-01-14 16:00:00+00:00,25353.6,25453.8,25302.3,25321.8,64486.0
2026-01-14 17:00:00+00:00,25321.8,25376.3,25299.3,25317.4,54228.0
2026-01-14 18:00:00+00:00,25316.0,25393.6,25288.8,25382.6,49217.0
2026-01-14 19:00:00+00:00,25383.0,25401.6,25353.8,25367.8,46024.0
2026-01-14 20:00:00+00:00,25367.4,25511.3,25330.2,25505.0,62533.0
2026-01-14 21:00:00+00:00,25504.5,25525.3,25420.3,25474.8,12213.0
2026-01-14 23:00:00+00:00,25455.8,25482.8,25430.6,25472.6,9486.0
2026-01-15 00:00:00+00:00,25472.6,25476.4,25453.8,25469.6,9627.0
2026-01-15 01:00:00+00:00,25469.6,25510.2,25430.4,25497.2,19205.0
2026-01-15 02:00:00+00:00,25498.2,25501.3,25464.4,25476.4,12636.0
2026-01-15 03:00:00+00:00,25477.6,25494.6,25447.2,25449.6,10882.0
2026-01-15 04:00:00+00:00,25449.2,25466.8,25437.2,25446.0,9028.0
2026-01-15 05:00:00+00:00,25446.2,25515.2,25443.8,25489.8,12665.0
2026-01-15 06:00:00+00:00,25489.6,25590.0,25478.8,25568.6,17748.0
2026-01-15 07:00:00+00:00,25568.4,25575.4,25545.2,25556.5,10497.0
2026-01-15 08:00:00+00:00,25556.6,25614.8,25541.5,25605.4,17235.0
2026-01-15 09:00:00+00:00,25605.0,25700.3,25601.2,25680.0,12922.0
2026-01-15 10:00:00+00:00,25679.8,25697.4,25667.8,25684.8,8931.0
2026-01-15 11:00:00+00:00,25684.8,25723.0,25684.2,25709.2,7677.0
2026-01-15 12:00:00+00:00,25708.2,25721.3,25678.8,25720.2,9788.0
2026-01-15 13:00:00+00:00,25719.2,25784.0,25701.8,25761.0,14358.0
2026-01-15 14:00:00+00:00,25761.4,25819.8,25710.4,25731.3,67172.0
2026-01-15 15:00:00+00:00,25730.6,25793.0,25671.4,25751.8,80717.0
2026-01-15 16:00:00+00:00,25751.4,25805.5,25745.8,25793.0,51494.0
2026-01-15 17:00:00+00:00,25792.6,25805.8,25717.3,25721.8,38948.0
2026-01-15 18:00:00+00:00,25720.6,25778.4,25716.7,25753.3,30568.0
2026-01-15 19:00:00+00:00,25752.7,25752.7,25614.5,25625.1,48470.0
2026-01-15 20:00:00+00:00,25624.2,25639.1,25549.2,25585.3,54432.0
2026-01-15 21:00:00+00:00,25586.3,25595.0,25562.9,25575.4,6910.0
2026-01-15 23:00:00+00:00,25587.2,25618.8,25572.4,25609.4,5614.0
2026-01-16 00:00:00+00:00,25610.2,25630.2,25599.2,25628.4,8925.0
2026-01-16 01:00:00+00:00,25628.4,25651.2,25616.6,25637.8,9881.0
2026-01-16 02:00:00+00:00,25637.6,25664.8,25631.2,25655.4,6626.0
2026-01-16 03:00:00+00:00,25655.6,25668.0,25652.4,25655.0,3599.0
2026-01-16 04:00:00+00:00,25655.4,25678.4,25652.4,25678.2,4163.0
2026-01-16 05:00:00+00:00,25678.1,25688.2,25671.0,25676.0,4503.0
2026-01-16 06:00:00+00:00,25675.0,25695.0,25671.8,25691.4,3674.0
2026-01-16 07:00:00+00:00,25691.4,25705.8,25676.0,25692.2,3819.0
2026-01-16 08:00:00+00:00,25691.2,25713.4,25663.9,25685.2,8824.0
2026-01-16 09:00:00+00:00,25684.4,25710.4,25678.2,25683.4,7527.0
2026-01-16 10:00:00+00:00,25684.2,25732.2,25678.6,25722.8,5942.0
2026-01-16 11:00:00+00:00,25722.8,25740.5,25693.8,25701.2,6871.0
2026-01-16 12:00:00+00:00,25700.1,25720.9,25673.8,25699.0,10900.0
2026-01-16 13:00:00+00:00,25699.1,25706.4,25670.4,25694.1,10869.0
2026-01-16 14:00:00+00:00,25694.0,25759.0,25594.5,25597.2,63433.0
2026-01-16 15:00:00+00:00,25596.8,25633.2,25459.7,25548.8,83371.0
2026-01-16 16:00:00+00:00,25548.6,25624.2,25529.2,25588.7,49616.0
2026-01-16 17:00:00+00:00,25588.2,25593.0,25530.0,25532.0,37638.0
2026-01-16 18:00:00+00:00,25532.0,25603.6,25525.7,25588.2,27992.0
2026-01-16 19:00:00+00:00,25587.2,25619.5,25544.7,25587.7,32167.0
2026-01-16 20:00:00+00:00,25586.8,25601.1,25553.4,25556.2,35095.0
2026-01-16 21:00:00+00:00,25556.4,25574.0,25543.0,25552.6,6322.0
2026-01-18 23:00:00+00:00,25323.5,25339.5,25276.4,25338.4,18999.0
2026-01-19 00:00:00+00:00,25339.0,25341.2,25247.6,25300.6,22716.0
2026-01-19 01:00:00+00:00,25300.2,25322.5,25258.4,25270.7,20914.0
2026-01-19 02:00:00+00:00,25270.8,25295.6,25263.8,25288.0,16429.0
2026-01-19 03:00:00+00:00,25287.2,25290.0,25236.2,25258.8,15180.0
2026-01-19 04:00:00+00:00,25258.8,25266.4,25243.4,25251.6,10119.0
2026-01-19 05:00:00+00:00,25251.5,25290.5,25243.0,25265.6,11602.0
2026-01-19 06:00:00+00:00,25265.5,25285.8,25252.4,25256.8,9384.0
2026-01-19 07:00:00+00:00,25256.4,25264.2,25197.6,25223.8,16232.0
2026-01-19 08:00:00+00:00,25224.8,25282.2,25220.0,25262.8,20316.0
2026-01-19 09:00:00+00:00,25263.4,25268.0,25134.2,25152.4,21207.0
2026-01-19 10:00:00+00:00,25152.6,25184.8,25129.4,25140.4,15890.0
2026-01-19 11:00:00+00:00,25140.4,25189.2,25136.4,25162.4,14597.0
2026-01-19 12:00:00+00:00,25161.4,25220.5,25143.4,25200.7,13705.0
2026-01-19 13:00:00+00:00,25200.6,25215.7,25155.8,25192.8,12475.0
2026-01-19 14:00:00+00:00,25192.2,25219.0,25108.4,25187.8,27160.0
2026-01-19 15:00:00+00:00,25187.4,25215.4,25159.3,25198.5,24385.0
2026-01-19 16:00:00+00:00,25198.8,25258.1,25192.8,25253.0,17221.0
2026-01-19 17:00:00+00:00,25253.5,25296.6,25247.4,25283.4,11088.0
2026-01-19 23:00:00+00:00,25284.1,25284.4,25247.4,25258.6,8174.0
2026-01-20 00:00:00+00:00,25258.2,25284.0,25204.6,25241.4,16998.0
2026-01-20 01:00:00+00:00,25241.6,25312.1,25241.6,25300.1,20109.0
2026-01-20 02:00:00+00:00,25299.6,25318.0,25271.2,25304.2,14703.0
2026-01-20 03:00:00+00:00,25304.3,25311.0,25283.0,25290.0,10272.0
2026-01-20 04:00:00+00:00,25289.8,25291.6,25250.1,25260.4,9593.0
2026-01-20 05:00:00+00:00,25260.4,25292.2,25247.0,25262.6,13589.0
2026-01-20 06:00:00+00:00,25262.3,25270.2,25139.6,25190.6,19958.0
2026-01-20 07:00:00+00:00,25190.4,25200.2,25137.0,25163.4,17273.0
2026-01-20 08:00:00+00:00,25164.6,25168.4,25046.6,25081.0,29027.0
2026-01-20 09:00:00+00:00,25080.7,25100.0,24976.2,25014.9,31472.0
2026-01-20 10:00:00+00:00,25014.8,25087.4,24989.6,25055.1,21868.0
2026-01-20 11:00:00+00:00,25055.0,25108.0,25052.8,25085.6,19840.0
2026-01-20 12:00:00+00:00,25083.6,25163.4,25071.6,25137.2,22881.0
2026-01-20 13:00:00+00:00,25137.6,25156.6,25061.4,25092.2,30013.0
2026-01-20 14:00:00+00:00,25090.6,25248.5,25081.6,25202.7,75593.0
2026-01-20 15:00:00+00:00,25202.0,25296.5,25134.5,25243.2,91741.0
2026-01-20 16:00:00+00:00,25242.8,25311.1,25215.8,25281.0,74897.0
2026-01-20 17:00:00+00:00,25280.5,25288.8,25141.8,25176.6,64807.0
2026-01-20 18:00:00+00:00,25177.2,25195.3,25055.0,25083.4,51903.0
2026-01-20 19:00:00+00:00,25083.3,25108.9,25012.3,25053.2,56248.0
2026-01-20 20:00:00+00:00,25053.3,25053.3,24983.0,25025.4,57562.0
2026-01-20 21:00:00+00:00,25025.5,25050.9,25006.5,25028.2,11927.0
2026-01-20 23:00:00+00:00,25034.0,25059.0,24987.8,24999.8,9788.0
2026-01-21 00:00:00+00:00,25000.2,25069.8,25000.2,25062.8,12867.0
2026-01-21 01:00:00+00:00,25063.0,25102.6,25062.6,25086.0,10662.0
2026-01-21 02:00:00+00:00,25086.4,25092.9,25052.3,25063.6,14192.0
2026-01-21 03:00:00+00:00,25063.2,25111.4,25063.0,25081.2,12056.0
2026-01-21 04:00:00+00:00,25081.6,25097.3,25067.4,25080.4,11013.0
2026-01-21 05:00:00+00:00,25081.0,25109.6,25069.9,25104.2,7876.0
2026-01-21 06:00:00+00:00,25103.2,25115.2,25076.0,25080.5,7500.0
2026-01-21 07:00:00+00:00,25080.6,25130.6,25077.3,25096.3,8419.0
2026-01-21 08:00:00+00:00,25096.4,25117.8,25079.1,25088.2,16557.0
2026-01-21 09:00:00+00:00,25088.2,25109.2,25012.8,25013.4,16419.0
2026-01-21 10:00:00+00:00,25013.6,25072.3,25006.2,25037.4,14811.0
2026-01-21 11:00:00+00:00,25037.0,25043.4,24924.4,24931.6,18521.0
2026-01-21 12:00:00+00:00,24931.5,24973.8,24910.6,24970.3,23085.0
2026-01-21 13:00:00+00:00,24970.2,25009.3,24925.6,24968.1,23071.0
2026-01-21 14:00:00+00:00,24967.8,25223.3,24957.1,25209.9,98624.0
2026-01-21 15:00:00+00:00,25209.1,25374.6,25181.8,25356.6,87519.0
2026-01-21 16:00:00+00:00,25355.7,25380.6,25107.8,25116.1,89232.0
2026-01-21 17:00:00+00:00,25116.6,25148.8,25029.7,25132.3,85704.0
2026-01-21 18:00:00+00:00,25132.2,25181.1,25038.0,25169.2,69632.0
2026-01-21 19:00:00+00:00,25168.4,25529.2,25119.6,25525.8,90374.0
2026-01-21 20:00:00+00:00,25525.6,25539.3,25332.7,25357.5,76367.0
2026-01-21 21:00:00+00:00,25358.1,25417.4,25357.3,25395.0,13911.0
2026-01-21 23:00:00+00:00,25431.8,25456.0,25410.0,25439.2,8277.0
2026-01-22 00:00:00+00:00,25439.0,25468.2,25425.8,25446.4,14326.0
2026-01-22 01:00:00+00:00,25446.5,25487.2,25439.4,25480.8,12468.0
2026-01-22 02:00:00+00:00,25481.4,25489.2,25451.5,25454.4,8754.0
2026-01-22 03:00:00+00:00,25455.8,25481.2,25454.8,25476.2,10048.0
2026-01-22 04:00:00+00:00,25476.4,25476.6,25452.9,25461.6,9538.0
2026-01-22 05:00:00+00:00,25461.5,25463.8,25414.5,25420.2,10290.0
2026-01-22 06:00:00+00:00,25419.2,25434.8,25370.0,25426.2,16504.0
2026-01-22 07:00:00+00:00,25426.2,25480.1,25385.8,25474.8,16743.0
2026-01-22 08:00:00+00:00,25473.8,25593.6,25469.2,25569.8,23696.0
2026-01-22 09:00:00+00:00,25568.8,25602.4,25559.4,25585.2,16729.0
2026-01-22 10:00:00+00:00,25585.6,25590.4,25557.0,25575.2,12938.0
2026-01-22 11:00:00+00:00,25575.1,25600.9,25553.4,25562.4,17785.0
2026-01-22 12:00:00+00:00,25562.1,25583.0,25545.9,25578.0,13848.0
2026-01-22 13:00:00+00:00,25577.6,25626.2,25564.4,25622.8,16938.0
2026-01-22 14:00:00+00:00,25622.8,25625.6,25440.8,25466.6,68113.0
2026-01-22 15:00:00+00:00,25467.2,25546.4,25425.4,25494.2,90213.0
2026-01-22 16:00:00+00:00,25493.4,25587.7,25491.9,25556.9,50191.0
2026-01-22 17:00:00+00:00,25557.0,25608.3,25540.7,25599.4,42129.0
2026-01-22 18:00:00+00:00,25599.7,25608.7,25555.2,25561.7,33157.0
2026-01-22 19:00:00+00:00,25561.2,25602.7,25522.0,25527.7,32879.0
2026-01-22 20:00:00+00:00,25527.4,25552.7,25472.4,25549.2,45338.0
2026-01-22 21:00:00+00:00,25549.7,25563.9,25497.8,25508.6,13131.0
2026-01-22 23:00:00+00:00,25481.4,25517.0,25466.4,25505.4,8244.0
2026-01-23 00:00:00+00:00,25504.5,25542.0,25485.0,25541.8,9604.0
2026-01-23 01:00:00+00:00,25540.8,25575.6,25536.8,25574.2,13105.0
2026-01-23 02:00:00+00:00,25575.0,25577.0,25553.2,25556.6,5987.0
2026-01-23 03:00:00+00:00,25556.6,25595.8,25556.2,25583.6,5877.0
2026-01-23 04:00:00+00:00,25583.4,25595.2,25574.2,25587.8,5634.0
2026-01-23 05:00:00+00:00,25588.0,25602.2,25581.2,25601.0,5146.0
2026-01-23 06:00:00+00:00,25601.0,25619.4,25591.6,25593.4,5740.0
2026-01-23 07:00:00+00:00,25594.0,25612.4,25571.0,25580.2,8398.0
2026-01-23 08:00:00+00:00,25580.3,25580.3,25469.2,25489.0,18702.0
2026-01-23 09:00:00+00:00,25489.2,25517.0,25428.4,25446.6,19582.0
2026-01-23 10:00:00+00:00,25445.2,25462.7,25438.0,25462.0,12769.0
2026-01-23 11:00:00+00:00,25462.4,25545.7,25459.8,25494.8,17604.0
2026-01-23 12:00:00+00:00,25496.0,25520.0,25472.0,25516.2,14286.0
2026-01-23 13:00:00+00:00,25516.2,25523.0,25448.8,25459.2,15853.0
2026-01-23 14:00:00+00:00,25458.2,25553.8,25444.8,25553.6,58323.0
2026-01-23 15:00:00+00:00,25553.8,25715.2,25552.8,25714.2,67384.0
2026-01-23 16:00:00+00:00,25714.3,25733.4,25650.7,25678.6,47991.0
2026-01-23 17:00:00+00:00,25678.8,25697.6,25572.6,25583.6,49534.0
2026-01-23 18:00:00+00:00,25582.8,25653.6,25578.2,25614.8,49488.0
2026-01-23 19:00:00+00:00,25615.1,25664.3,25609.0,25637.8,37054.0
2026-01-23 20:00:00+00:00,25637.3,25645.2,25581.0,25623.6,40139.0
2026-01-23 21:00:00+00:00,25624.3,25627.4,25562.1,25567.4,8791.0
2026-01-25 23:00:00+00:00,25341.7,25460.8,25315.7,25448.5,16961.0
2026-01-26 00:00:00+00:00,25449.9,25507.2,25433.8,25472.0,23034.0
2026-01-26 01:00:00+00:00,25472.2,25558.2,25460.4,25539.4,24208.0
2026-01-26 02:00:00+00:00,25538.4,25555.5,25486.1,25499.4,19365.0
2026-01-26 03:00:00+00:00,25499.2,25547.1,25498.4,25524.4,15775.0
2026-01-26 04:00:00+00:00,25524.4,25548.8,25512.8,25524.7,12110.0
2026-01-26 05:00:00+00:00,25524.8,25565.6,25516.4,25564.2,11730.0
2026-01-26 06:00:00+00:00,25564.2,25592.1,25555.4,25559.0,13427.0
2026-01-26 07:00:00+00:00,25558.8,25600.5,25556.2,25589.0,9732.0
2026-01-26 08:00:00+00:00,25589.8,25631.4,25588.6,25616.8,14879.0
2026-01-26 09:00:00+00:00,25616.8,25624.4,25472.1,25508.0,20742.0
2026-01-26 10:00:00+00:00,25507.2,25563.6,25503.4,25540.8,15255.0
2026-01-26 11:00:00+00:00,25541.8,25562.0,25532.0,25559.8,10749.0
2026-01-26 12:00:00+00:00,25558.4,25604.0,25558.4,25577.4,11024.0
2026-01-26 13:00:00+00:00,25577.9,25610.8,25547.8,25606.4,12848.0
2026-01-26 14:00:00+00:00,25606.0,25742.8,25593.8,25727.1,54447.0
2026-01-26 15:00:00+00:00,25726.1,25788.1,25692.7,25770.8,60666.0
2026-01-26 16:00:00+00:00,25770.3,25817.6,25740.5,25795.8,42999.0
2026-01-26 17:00:00+00:00,25796.0,25820.7,25771.5,25780.3,26568.0
2026-01-26 18:00:00+00:00,25780.5,25827.6,25763.5,25795.3,27020.0
2026-01-26 19:00:00+00:00,25794.6,25809.6,25774.6,25775.3,25279.0
2026-01-26 20:00:00+00:00,25775.6,25790.0,25737.2,25741.5,30270.0
2026-01-26 21:00:00+00:00,25740.8,25767.5,25730.7,25755.5,7553.0
2026-01-26 23:00:00+00:00,25743.1,25793.2,25737.9,25786.6,6693.0
2026-01-27 00:00:00+00:00,25786.2,25799.4,25771.9,25795.4,8888.0
2026-01-27 01:00:00+00:00,25795.4,25822.4,25792.0,25819.2,6294.0
2026-01-27 02:00:00+00:00,25818.9,25871.4,25818.2,25867.4,6426.0
2026-01-27 03:00:00+00:00,25866.6,25875.9,25859.8,25872.4,5142.0
2026-01-27 04:00:00+00:00,25872.8,25899.2,25868.4,25886.1,4718.0
2026-01-27 05:00:00+00:00,25886.0,25906.2,25869.1,25904.9,4806.0
2026-01-27 06:00:00+00:00,25904.4,25924.6,25895.4,25898.9,5414.0
2026-01-27 07:00:00+00:00,25898.8,25917.1,25889.0,25902.4,5823.0
2026-01-27 08:00:00+00:00,25902.1,25908.4,25864.0,25880.8,12075.0
2026-01-27 09:00:00+00:00,25879.6,25891.1,25864.0,25871.0,9992.0
2026-01-27 10:00:00+00:00,25870.6,25904.0,25867.2,25902.2,6000.0
2026-01-27 11:00:00+00:00,25902.4,25939.1,25888.4,25928.4,7458.0
2026-01-27 12:00:00+00:00,25927.8,25929.9,25887.9,25901.0,8715.0
2026-01-27 13:00:00+00:00,25900.1,25914.6,25879.2,25887.1,10729.0
2026-01-27 14:00:00+00:00,25887.0,25954.1,25814.1,25949.6,58482.0
2026-01-27 15:00:00+00:00,25949.6,25995.0,25918.8,25974.8,58190.0
2026-01-27 16:00:00+00:00,25975.3,26003.2,25969.7,25976.1,35984.0
2026-01-27 17:00:00+00:00,25976.5,25990.0,25948.7,25960.0,33096.0
2026-01-27 18:00:00+00:00,25960.1,25995.0,25936.5,25988.5,30497.0
2026-01-27 19:00:00+00:00,25988.3,25997.7,25972.5,25990.1,25392.0
2026-01-27 20:00:00+00:00,25990.0,26012.3,25967.1,25973.5,32023.0
2026-01-27 21:00:00+00:00,25974.1,26016.0,25959.7,26007.2,9306.0
2026-01-27 23:00:00+00:00,26031.6,26044.2,26024.3,26036.0,6547.0
2026-01-28 00:00:00+00:00,26036.4,26105.7,26033.2,26104.0,8356.0
2026-01-28 01:00:00+00:00,26104.2,26126.0,26099.7,26102.6,7253.0
2026-01-28 02:00:00+00:00,26102.8,26119.2,26101.4,26112.0,4931.0
2026-01-28 03:00:00+00:00,26112.2,26116.5,26090.6,26096.8,5304.0
2026-01-28 04:00:00+00:00,26097.4,26124.6,26097.4,26117.8,4908.0
2026-01-28 05:00:00+00:00,26117.7,26146.5,26117.5,26143.4,5022.0
2026-01-28 06:00:00+00:00,26167.5,26246.4,26156.1,26199.8,16068.0
2026-01-28 07:00:00+00:00,26200.0,26221.5,26186.8,26212.8,9400.0
2026-01-28 08:00:00+00:00,26213.0,26229.0,26169.0,26177.4,15194.0
2026-01-28 09:00:00+00:00,26177.3,26188.0,26150.1,26182.6,11706.0
2026-01-28 10:00:00+00:00,26182.7,26218.0,26170.0,26214.4,8520.0
2026-01-28 11:00:00+00:00,26214.7,26224.0,26185.3,26216.4,7549.0
2026-01-28 12:00:00+00:00,26217.4,26218.4,26162.7,26178.6,16966.0
2026-01-28 13:00:00+00:00,26179.6,26203.2,26153.0,26171.5,12711.0
2026-01-28 14:00:00+00:00,26171.0,26196.2,26111.0,26151.6,60770.0
2026-01-28 15:00:00+00:00,26151.2,26163.2,26058.7,26062.0,69749.0
2026-01-28 16:00:00+00:00,26061.7,26097.7,26000.1,26016.2,44322.0
2026-01-28 17:00:00+00:00,26016.5,26063.7,26009.7,26040.1,34921.0
2026-01-28 18:00:00+00:00,26040.0,26078.8,26021.3,26069.1,27694.0
2026-01-28 19:00:00+00:00,26068.8,26109.0,26011.8,26060.0,67490.0
2026-01-28 20:00:00+00:00,26059.8,26111.0,26032.2,26050.0,48497.0
2026-01-28 21:00:00+00:00,26049.4,26187.0,25896.4,26166.7,34087.0
2026-01-28 23:00:00+00:00,26187.4,26192.8,26059.6,26068.0,18228.0
2026-01-29 00:00:00+00:00,26068.2,26078.8,26003.0,26061.6,25167.0
2026-01-29 01:00:00+00:00,26063.0,26067.0,25984.6,26027.6,27909.0
2026-01-29 02:00:00+00:00,26027.8,26076.0,26021.4,26061.0,21959.0
2026-01-29 03:00:00+00:00,26061.2,26098.3,26061.2,26097.2,15054.0
2026-01-29 04:00:00+00:00,26097.4,26132.1,26094.2,26127.0,9785.0
2026-01-29 05:00:00+00:00,26127.8,26148.3,26109.6,26132.6,12048.0
2026-01-29 06:00:00+00:00,26132.6,26167.2,26130.6,26145.0,11373.0
2026-01-29 07:00:00+00:00,26144.6,26175.6,26130.0,26154.1,11313.0
2026-01-29 08:00:00+00:00,26154.2,26179.0,26126.0,26148.4,20945.0
2026-01-29 09:00:00+00:00,26147.7,26171.6,26109.2,26110.2,17641.0
2026-01-29 10:00:00+00:00,26109.7,26135.6,26085.8,26090.2,16608.0
2026-01-29 11:00:00+00:00,26090.4,26107.2,26074.4,26098.6,19345.0
2026-01-29 12:00:00+00:00,26099.4,26120.2,26055.6,26074.6,17997.0
2026-01-29 13:00:00+00:00,26074.4,26102.6,26049.6,26093.4,17541.0
2026-01-29 14:00:00+00:00,26093.3,26095.4,25757.2,25762.8,74459.0
2026-01-29 15:00:00+00:00,25763.0,25766.6,25435.0,25475.4,113595.0
2026-01-29 16:00:00+00:00,25474.0,25638.3,25437.0,25610.3,93054.0
2026-01-29 17:00:00+00:00,25610.0,25782.4,25607.4,25664.4,75434.0
2026-01-29 18:00:00+00:00,25664.0,25794.0,25661.9,25740.8,67365.0
2026-01-29 19:00:00+00:00,25740.9,25802.5,25724.2,25752.8,62939.0
2026-01-29 20:00:00+00:00,25753.2,25923.7,25745.4,25897.0,57117.0
2026-01-29 21:00:00+00:00,25896.6,25943.2,25862.5,25894.8,24603.0
2026-01-29 23:00:00+00:00,25904.6,25920.0,25786.0,25873.3,16284.0
2026-01-30 00:00:00+00:00,25872.6,25894.3,25808.5,25831.0,20675.0
2026-01-30 01:00:00+00:00,25834.2,25834.8,25698.0,25753.9,27633.0
2026-01-30 02:00:00+00:00,25754.6,25766.4,25637.9,25745.2,32366.0
2026-01-30 03:00:00+00:00,25745.3,25789.6,25729.4,25748.6,24255.0
2026-01-30 04:00:00+00:00,25748.4,25797.3,25745.2,25760.4,16424.0
2026-01-30 05:00:00+00:00,25761.6,25788.0,25733.2,25734.4,17033.0
2026-01-30 06:00:00+00:00,25735.6,25740.4,25638.2,25652.7,22005.0
2026-01-30 07:00:00+00:00,25651.4,25705.8,25602.4,25610.5,22424.0
2026-01-30 08:00:00+00:00,25611.2,25694.0,25583.4,25669.3,32815.0
2026-01-30 09:00:00+00:00,25668.9,25688.0,25551.4,25598.4,31194.0
2026-01-30 10:00:00+00:00,25597.8,25691.4,25595.7,25666.2,24086.0
2026-01-30 11:00:00+00:00,25666.2,25785.0,25665.2,25772.6,22475.0
2026-01-30 12:00:00+00:00,25772.3,25806.7,25723.8,25747.3,25362.0
2026-01-30 13:00:00+00:00,25747.4,25788.0,25670.3,25727.6,33941.0
2026-01-30 14:00:00+00:00,25727.6,25840.4,25707.5,25729.4,86939.0
2026-01-30 15:00:00+00:00,25729.0,25835.0,25672.0,25743.0,107851.0
2026-01-30 16:00:00+00:00,25742.9,25770.6,25645.8,25659.4,86989.0
2026-01-30 17:00:00+00:00,25658.9,25697.0,25579.9,25580.7,85995.0
2026-01-30 18:00:00+00:00,25581.0,25672.7,25470.4,25642.7,86862.0
2026-01-30 19:00:00+00:00,25642.8,25682.4,25553.9,25559.0,82558.0
2026-01-30 20:00:00+00:00,25558.9,25634.1,25474.8,25575.8,80971.0
2026-01-30 21:00:00+00:00,25576.2,25610.0,25529.0,25549.8,18888.0
2026-02-01 23:00:00+00:00,25426.6,25474.7,25277.8,25436.7,27130.0
2026-02-02 00:00:00+00:00,25436.6,25548.7,25391.2,25508.2,27780.0
2026-02-02 01:00:00+00:00,25508.4,25540.2,25304.2,25310.8,40986.0
2026-02-02 02:00:00+00:00,25311.4,25353.4,25261.2,25270.0,33124.0
2026-02-02 03:00:00+00:00,25271.2,25291.0,25166.8,25183.7,32085.0
2026-02-02 04:00:00+00:00,25184.2,25279.4,25120.6,25246.0,30248.0
2026-02-02 05:00:00+00:00,25245.4,25251.8,25139.6,25153.2,26056.0
2026-02-02 06:00:00+00:00,25153.2,25177.2,25084.4,25137.4,26597.0
2026-02-02 07:00:00+00:00,25136.1,25254.4,25136.1,25252.6,22101.0
2026-02-02 08:00:00+00:00,25251.8,25326.4,25244.1,25304.6,26029.0
2026-02-02 09:00:00+00:00,25305.0,25366.4,25259.7,25357.2,24780.0
2026-02-02 10:00:00+00:00,25357.0,25374.8,25294.4,25310.4,18336.0
2026-02-02 11:00:00+00:00,25310.7,25395.1,25303.8,25355.2,17091.0
2026-02-02 12:00:00+00:00,25354.8,25430.6,25353.5,25391.2,19091.0
2026-02-02 13:00:00+00:00,25390.6,25443.4,25360.0,25432.4,22969.0
2026-02-02 14:00:00+00:00,25432.9,25702.6,25423.9,25655.4,67559.0
2026-02-02 15:00:00+00:00,25654.1,25815.8,25637.4,25744.2,84270.0
2026-02-02 16:00:00+00:00,25744.1,25806.0,25707.0,25798.1,59900.0
2026-02-02 17:00:00+00:00,25798.0,25844.8,25792.1,25827.1,36467.0
2026-02-02 18:00:00+00:00,25827.8,25859.6,25804.2,25853.1,31270.0
2026-02-02 19:00:00+00:00,25852.8,25856.2,25752.8,25757.3,31923.0
2026-02-02 20:00:00+00:00,25757.8,25810.7,25733.0,25767.1,58371.0
2026-02-02 21:00:00+00:00,25767.1,25807.6,25746.7,25786.0,14872.0
2026-02-02 23:00:00+00:00,25794.6,25887.8,25777.8,25858.8,10866.0
2026-02-03 00:00:00+00:00,25859.0,25895.4,25826.0,25864.0,14726.0
2026-02-03 01:00:00+00:00,25863.8,25901.6,25859.6,25870.8,16865.0
2026-02-03 02:00:00+00:00,25870.4,25870.8,25811.9,25839.4,19584.0
2026-02-03 03:00:00+00:00,25838.8,25875.2,25824.2,25867.4,15440.0
2026-02-03 04:00:00+00:00,25867.2,25898.9,25864.2,25890.7,11296.0
2026-02-03 05:00:00+00:00,25890.8,25907.2,25863.4,25898.4,12743.0
2026-02-03 06:00:00+00:00,25899.0,25918.0,25884.4,25903.0,10469.0
2026-02-03 07:00:00+00:00,25902.9,25938.6,25886.2,25923.1,11210.0
2026-02-03 08:00:00+00:00,25922.4,25934.9,25881.4,25888.2,20101.0
2026-02-03 09:00:00+00:00,25887.8,25921.4,25869.4,25880.4,19877.0
2026-02-03 10:00:00+00:00,25880.6,25900.9,25856.0,25867.2,14930.0
2026-02-03 11:00:00+00:00,25867.0,25876.8,25846.4,25856.5,16455.0
2026-02-03 12:00:00+00:00,25856.0,25907.2,25834.2,25893.6,16263.0
2026-02-03 13:00:00+00:00,25893.2,25913.8,25872.6,25878.2,13809.0
2026-02-03 14:00:00+00:00,25878.4,25887.8,25534.3,25543.0,70636.0
2026-02-03 15:00:00+00:00,25543.5,25557.6,25381.4,25528.2,111482.0
2026-02-03 16:00:00+00:00,25528.3,25530.3,25379.0,25402.6,97960.0
2026-02-03 17:00:00+00:00,25402.3,25413.3,25256.0,25298.2,83278.0
2026-02-03 18:00:00+00:00,25298.1,25334.6,25157.0,25157.6,71500.0
2026-02-03 19:00:00+00:00,25157.2,25275.7,25130.3,25233.2,83235.0
2026-02-03 20:00:00+00:00,25233.2,25375.8,25186.7,25363.0,72961.0
2026-02-03 21:00:00+00:00,25362.9,25393.4,25297.5,25335.6,21577.0
2026-02-03 23:00:00+00:00,25301.4,25358.0,25280.0,25344.2,6248.0
2026-02-04 00:00:00+00:00,25344.2,25352.0,25292.8,25293.2,18847.0
2026-02-04 01:00:00+00:00,25293.7,25371.4,25293.7,25356.2,20453.0
2026-02-04 02:00:00+00:00,25357.6,25390.2,25316.2,25329.6,17118.0
2026-02-04 03:00:00+00:00,25329.8,25368.4,25319.5,25350.6,15375.0
2026-02-04 04:00:00+00:00,25351.0,25365.2,25334.2,25350.8,10455.0
2026-02-04 05:00:00+00:00,25351.2,25360.2,25325.9,25360.0,11183.0
2026-02-04 06:00:00+00:00,25359.6,25406.4,25352.0,25387.6,12185.0
2026-02-04 07:00:00+00:00,25387.8,25431.6,25385.6,25419.8,9451.0
2026-02-04 08:00:00+00:00,25419.7,25426.4,25318.2,25342.8,26474.0
2026-02-04 09:00:00+00:00,25342.4,25366.0,25272.2,25319.8,27897.0
2026-02-04 10:00:00+00:00,25319.9,25383.4,25312.6,25367.0,17374.0
2026-02-04 11:00:00+00:00,25366.6,25400.2,25353.4,25391.8,16166.0
2026-02-04 12:00:00+00:00,25391.2,25407.8,25313.7,25323.6,20784.0
2026-02-04 13:00:00+00:00,25323.4,25334.0,25259.6,25274.8,25960.0
2026-02-04 14:00:00+00:00,25274.6,25305.4,25103.2,25112.9,91129.0
2026-02-04 15:00:00+00:00,25113.0,25221.0,25025.2,25067.8,134373.0
2026-02-04 16:00:00+00:00,25069.0,25088.2,24845.2,24952.2,89002.0
2026-02-04 17:00:00+00:00,24952.7,24974.2,24700.8,24791.0,88833.0
2026-02-04 18:00:00+00:00,24791.2,24875.6,24736.2,24840.8,85327.0
2026-02-04 19:00:00+00:00,24840.9,25032.2,24780.4,25022.6,84581.0
2026-02-04 20:00:00+00:00,25023.0,25037.0,24939.0,25004.2,43725.0
2026-02-04 21:00:00+00:00,25004.2,25004.2,25004.2,25004.2,1.0
2026-02-04 23:00:00+00:00,24987.4,25042.0,24960.6,24986.4,8022.0
2026-02-05 00:00:00+00:00,24986.6,25053.6,24949.8,25026.8,16687.0
2026-02-05 01:00:00+00:00,25026.8,25087.9,25018.2,25041.6,21203.0
2026-02-05 02:00:00+00:00,25043.2,25053.0,24878.2,24879.8,34497.0
2026-02-05 03:00:00+00:00,24879.9,24955.8,24848.0,24867.2,31191.0
2026-02-05 04:00:00+00:00,24867.3,24945.2,24834.4,24929.1,24381.0
2026-02-05 05:00:00+00:00,24930.0,24963.2,24881.4,24914.8,21481.0
2026-02-05 06:00:00+00:00,24914.8,24995.6,24911.3,24990.5,17547.0
2026-02-05 07:00:00+00:00,24991.0,25007.8,24959.6,24963.4,15119.0
2026-02-05 08:00:00+00:00,24963.4,25042.6,24917.0,24917.2,28293.0
2026-02-05 09:00:00+00:00,24917.9,25015.4,24896.8,24948.2,25776.0
2026-02-05 10:00:00+00:00,24948.6,25010.1,24940.1,24951.9,18751.0
2026-02-05 11:00:00+00:00,24951.0,24983.3,24909.6,24948.8,20720.0
2026-02-05 12:00:00+00:00,24948.5,24975.1,24626.6,24711.6,47405.0
2026-02-05 13:00:00+00:00,24709.6,24786.3,24677.5,24685.8,42423.0
2026-02-05 14:00:00+00:00,24686.0,24878.6,24571.0,24688.9,112517.0
2026-02-05 15:00:00+00:00,24687.2,24722.8,24469.6,24553.4,134764.0
2026-02-05 16:00:00+00:00,24553.2,24774.6,24463.5,24748.2,109427.0
2026-02-05 17:00:00+00:00,24747.8,24805.8,24641.6,24701.4,94658.0
2026-02-05 18:00:00+00:00,24701.8,24752.6,24584.5,24625.0,73472.0
2026-02-05 19:00:00+00:00,24624.4,24762.8,24596.8,24636.4,69393.0
2026-02-05 20:00:00+00:00,24636.2,24732.0,24491.7,24563.4,75856.0
2026-02-05 21:00:00+00:00,24562.6,24618.6,24331.3,24354.4,39862.0
2026-02-05 23:00:00+00:00,24366.1,24398.1,24218.7,24259.4,22788.0
2026-02-06 00:00:00+00:00,24258.0,24333.0,24165.2,24324.8,36357.0
2026-02-06 01:00:00+00:00,24324.3,24459.6,24265.2,24454.5,33306.0
2026-02-06 02:00:00+00:00,24454.6,24502.7,24435.4,24458.2,26042.0
2026-02-06 03:00:00+00:00,24458.1,24489.8,24396.8,24450.8,23124.0
2026-02-06 04:00:00+00:00,24450.8,24453.0,24351.3,24378.2,17691.0
2026-02-06 05:00:00+00:00,24378.8,24521.3,24355.5,24506.8,20315.0
2026-02-06 06:00:00+00:00,24505.2,24537.4,24465.1,24471.7,14341.0
2026-02-06 07:00:00+00:00,24472.0,24502.8,24430.8,24481.4,15116.0
2026-02-06 08:00:00+00:00,24481.8,24530.1,24415.2,24508.2,27544.0
2026-02-06 09:00:00+00:00,24508.0,24706.8,24486.2,24673.8,27267.0
2026-02-06 10:00:00+00:00,24674.5,24721.8,24636.5,24718.2,17222.0
2026-02-06 11:00:00+00:00,24716.0,24797.0,24713.3,24779.1,18913.0
2026-02-06 12:00:00+00:00,24779.0,24785.1,24685.0,24706.6,21904.0
2026-02-06 13:00:00+00:00,24706.4,24777.0,24682.0,24722.8,23735.0
2026-02-06 14:00:00+00:00,24721.8,24907.8,24625.2,24777.4,92139.0
2026-02-06 15:00:00+00:00,24779.5,24886.2,24668.2,24820.0,126160.0
2026-02-06 16:00:00+00:00,24819.5,24975.2,24804.6,24925.0,72704.0
2026-02-06 17:00:00+00:00,24925.0,25034.2,24911.0,25017.8,59808.0
2026-02-06 18:00:00+00:00,25018.2,25049.3,25000.0,25010.0,47678.0
2026-02-06 19:00:00+00:00,25009.6,25033.5,24991.0,24996.0,42406.0
2026-02-06 20:00:00+00:00,24995.6,25146.5,24981.0,25071.2,44309.0
2026-02-06 21:00:00+00:00,25073.4,25089.3,25015.4,25028.4,13450.0
2026-02-08 23:00:00+00:00,25118.5,25218.0,25100.9,25199.2,18516.0
2026-02-09 00:00:00+00:00,25199.0,25270.2,25181.8,25186.6,30683.0
2026-02-09 01:00:00+00:00,25187.5,25189.0,25120.2,25141.0,26693.0
2026-02-09 02:00:00+00:00,25140.8,25187.2,25131.8,25151.2,18898.0
2026-02-09 03:00:00+00:00,25152.2,25165.6,25112.4,25113.4,17848.0
2026-02-09 04:00:00+00:00,25113.6,25146.4,25104.1,25111.2,13886.0
2026-02-09 05:00:00+00:00,25110.8,25152.2,25100.8,25138.8,14749.0
2026-02-09 06:00:00+00:00,25139.4,25145.4,25080.4,25090.2,21015.0
2026-02-09 07:00:00+00:00,25090.6,25105.0,25044.6,25082.4,14150.0
2026-02-09 08:00:00+00:00,25082.4,25137.8,25072.2,25083.8,20617.0
2026-02-09 09:00:00+00:00,25083.8,25108.9,24998.4,25011.2,19727.0
2026-02-09 10:00:00+00:00,25011.4,25017.8,24891.6,24968.2,24959.0
2026-02-09 11:00:00+00:00,24968.0,24995.2,24944.4,24971.2,18052.0
2026-02-09 12:00:00+00:00,24971.8,25027.2,24939.2,25025.2,19881.0
2026-02-09 13:00:00+00:00,25025.2,25079.4,24998.2,25002.8,20840.0
2026-02-09 14:00:00+00:00,25003.2,25111.8,24879.4,25037.0,83085.0
2026-02-09 15:00:00+00:00,25036.6,25252.6,25027.2,25235.4,80863.0
2026-02-09 16:00:00+00:00,25236.2,25335.0,25229.3,25321.8,47577.0
2026-02-09 17:00:00+00:00,25321.6,25347.4,25281.1,25286.3,34598.0
2026-02-09 18:00:00+00:00,25285.5,25320.0,25242.9,25300.8,43808.0
2026-02-09 19:00:00+00:00,25301.2,25359.8,25294.8,25330.0,28495.0
2026-02-09 20:00:00+00:00,25330.2,25343.8,25264.1,25268.8,44110.0
2026-02-09 21:00:00+00:00,25269.3,25305.6,25267.6,25292.4,8425.0
2026-02-09 23:00:00+00:00,25314.4,25325.8,25258.8,25274.9,10527.0
2026-02-10 00:00:00+00:00,25275.2,25293.2,25242.4,25265.4,16108.0
2026-02-10 01:00:00+00:00,25265.2,25282.1,25230.6,25264.8,20882.0
2026-02-10 02:00:00+00:00,25265.2,25266.0,25217.6,25236.4,16166.0
2026-02-10 03:00:00+00:00,25236.8,25243.6,25209.1,25230.0,12425.0
2026-02-10 04:00:00+00:00,25229.8,25276.9,25229.2,25275.0,8117.0
2026-02-10 05:00:00+00:00,25275.4,25288.0,25242.0,25281.9,11415.0
2026-02-10 06:00:00+00:00,25282.0,25283.9,25222.1,25243.0,12022.0
2026-02-10 07:00:00+00:00,25243.6,25279.6,25236.6,25279.4,9332.0
2026-02-10 08:00:00+00:00,25280.4,25296.6,25252.6,25264.0,18775.0
2026-02-10 09:00:00+00:00,25264.2,25335.0,25264.0,25294.0,14615.0
2026-02-10 10:00:00+00:00,25293.8,25304.8,25271.8,25285.8,13913.0
2026-02-10 11:00:00+00:00,25286.0,25303.9,25263.4,25300.8,10486.0
2026-02-10 12:00:00+00:00,25300.2,25351.8,25267.6,25268.4,19105.0
2026-02-10 13:00:00+00:00,25270.2,25304.4,25223.0,25302.4,25831.0
2026-02-10 14:00:00+00:00,25302.9,25339.6,25186.3,25322.2,64935.0
2026-02-10 15:00:00+00:00,25322.3,25376.8,25278.8,25304.8,76795.0
2026-02-10 16:00:00+00:00,25305.8,25330.4,25248.5,25258.7,68861.0
2026-02-10 17:00:00+00:00,25258.8,25329.1,25236.6,25315.6,42689.0
2026-02-10 18:00:00+00:00,25315.5,25317.0,25203.2,25244.2,56487.0
2026-02-10 19:00:00+00:00,25244.4,25254.6,25206.7,25225.7,45119.0
2026-02-10 20:00:00+00:00,25226.0,25228.2,25130.0,25151.0,48031.0
2026-02-10 21:00:00+00:00,25150.8,25188.0,25140.4,25186.7,10494.0
2026-02-10 23:00:00+00:00,25204.8,25218.9,25200.2,25204.6,3694.0
2026-02-11 00:00:00+00:00,25204.6,25227.8,25197.8,25222.0,5810.0
2026-02-11 01:00:00+00:00,25222.2,25257.3,25222.2,25247.4,7606.0
2026-02-11 02:00:00+00:00,25247.5,25261.2,25238.1,25253.4,6849.0
2026-02-11 03:00:00+00:00,25253.3,25276.5,25234.6,25269.4,5376.0
2026-02-11 04:00:00+00:00,25269.2,25271.4,25227.3,25238.4,6028.0
2026-02-11 05:00:00+00:00,25238.2,25256.8,25211.2,25218.6,7694.0
2026-02-11 06:00:00+00:00,25220.0,25247.8,25199.6,25200.6,10048.0
2026-02-11 07:00:00+00:00,25200.8,25221.5,25184.4,25201.8,9830.0
2026-02-11 08:00:00+00:00,25202.0,25209.8,25141.5,25181.6,17014.0
2026-02-11 09:00:00+00:00,25182.0,25209.8,25135.8,25136.6,16306.0
2026-02-11 10:00:00+00:00,25135.8,25138.6,25078.8,25138.6,18835.0
2026-02-11 11:00:00+00:00,25138.5,25181.6,25137.6,25141.0,12706.0
2026-02-11 12:00:00+00:00,25140.6,25207.4,25138.0,25178.6,17375.0
2026-02-11 13:00:00+00:00,25178.8,25382.6,25167.8,25375.2,30186.0
2026-02-11 14:00:00+00:00,25374.2,25396.8,25221.8,25237.2,77617.0
2026-02-11 15:00:00+00:00,25237.0,25274.3,24990.0,25178.8,111757.0
2026-02-11 16:00:00+00:00,25178.6,25209.3,25109.5,25115.0,81071.0
2026-02-11 17:00:00+00:00,25115.2,25258.4,25076.4,25198.6,57186.0
2026-02-11 18:00:00+00:00,25199.0,25246.4,25135.0,25235.6,54909.0
2026-02-11 19:00:00+00:00,25234.8,25294.5,25191.9,25243.0,49727.0
2026-02-11 20:00:00+00:00,25242.6,25256.5,25206.2,25212.0,48728.0
2026-02-11 21:00:00+00:00,25212.3,25241.6,25202.6,25218.8,11448.0
2026-02-11 23:00:00+00:00,25203.0,25226.8,25140.4,25168.8,10290.0
2026-02-12 00:00:00+00:00,25168.1,25206.8,25148.1,25199.4,14810.0
2026-02-12 01:00:00+00:00,25200.2,25248.5,25176.5,25234.6,17986.0
2026-02-12 02:00:00+00:00,25234.6,25244.3,25202.8,25227.2,12543.0
2026-02-12 03:00:00+00:00,25226.2,25254.6,25216.0,25244.2,8209.0
2026-02-12 04:00:00+00:00,25245.0,25273.3,25237.3,25260.4,7269.0
2026-02-12 05:00:00+00:00,25260.8,25278.4,25260.5,25272.6,6519.0
2026-02-12 06:00:00+00:00,25272.3,25278.0,25226.4,25253.8,12342.0
2026-02-12 07:00:00+00:00,25254.4,25293.0,25247.9,25284.8,8515.0
2026-02-12 08:00:00+00:00,25284.8,25303.1,25258.6,25287.4,17821.0
2026-02-12 09:00:00+00:00,25286.8,25298.5,25263.8,25288.8,13554.0
2026-02-12 10:00:00+00:00,25288.8,25307.8,25268.4,25283.8,8637.0
2026-02-12 11:00:00+00:00,25284.3,25304.6,25272.2,25300.2,7492.0
2026-02-12 12:00:00+00:00,25299.2,25317.8,25277.2,25290.8,9080.0
2026-02-12 13:00:00+00:00,25289.8,25353.8,25254.6,25329.4,14837.0
2026-02-12 14:00:00+00:00,25330.0,25333.6,25120.6,25141.2,64658.0
2026-02-12 15:00:00+00:00,25141.8,25193.8,24941.0,24944.5,90339.0
2026-02-12 16:00:00+00:00,24944.8,24965.5,24742.8,24815.2,100331.0
2026-02-12 17:00:00+00:00,24814.2,24877.3,24761.0,24762.0,80917.0
2026-02-12 18:00:00+00:00,24762.0,24866.5,24739.0,24842.2,72239.0
2026-02-12 19:00:00+00:00,24842.8,24880.3,24782.5,24835.6,64911.0
2026-02-12 20:00:00+00:00,24836.2,24849.2,24658.4,24700.2,69336.0
2026-02-12 21:00:00+00:00,24700.2,24776.0,24681.4,24759.6,16529.0
2026-02-12 23:00:00+00:00,24758.8,24788.6,24678.6,24757.0,14970.0
2026-02-13 00:00:00+00:00,24756.7,24797.4,24643.2,24665.0,29510.0
2026-02-13 01:00:00+00:00,24665.2,24755.0,24663.7,24720.6,26210.0
2026-02-13 02:00:00+00:00,24719.4,24765.6,24719.4,24736.4,17833.0
2026-02-13 03:00:00+00:00,24737.0,24754.2,24679.2,24683.6,16708.0
2026-02-13 04:00:00+00:00,24683.6,24736.0,24679.0,24691.6,16317.0
2026-02-13 05:00:00+00:00,24691.4,24705.1,24625.4,24646.0,21315.0
2026-02-13 06:00:00+00:00,24646.4,24664.6,24577.2,24647.4,22748.0
2026-02-13 07:00:00+00:00,24647.3,24696.4,24644.8,24681.0,16257.0
2026-02-13 08:00:00+00:00,24680.0,24717.8,24608.6,24709.0,29657.0
2026-02-13 09:00:00+00:00,24709.6,24741.6,24665.2,24707.9,21849.0
2026-02-13 10:00:00+00:00,24707.6,24733.0,24661.6,24663.0,17570.0
2026-02-13 11:00:00+00:00,24663.4,24672.4,24558.7,24655.2,29127.0
2026-02-13 12:00:00+00:00,24654.8,24679.2,24601.4,24629.1,28481.0
2026-02-13 13:00:00+00:00,24628.2,24756.4,24554.4,24715.4,46071.0
2026-02-13 14:00:00+00:00,24714.2,24783.3,24513.2,24633.2,105575.0
2026-02-13 15:00:00+00:00,24632.9,24866.0,24626.4,24748.6,129100.0
2026-02-13 16:00:00+00:00,24748.8,24871.8,24701.0,24832.6,88577.0
2026-02-13 17:00:00+00:00,24831.6,24931.8,24821.5,24876.0,55409.0
2026-02-13 18:00:00+00:00,24876.6,24933.4,24839.2,24877.5,54924.0
2026-02-13 19:00:00+00:00,24877.8,24906.6,24787.8,24790.5,52812.0
2026-02-13 20:00:00+00:00,24790.8,24828.5,24670.0,24740.6,69603.0
2026-02-13 21:00:00+00:00,24740.8,24765.8,24710.5,24720.0,13442.0
2026-02-15 23:00:00+00:00,24761.3,24776.6,24692.9,24774.5,11061.0
2026-02-16 00:00:00+00:00,24773.0,24786.9,24748.8,24772.8,13543.0
2026-02-16 01:00:00+00:00,24773.6,24806.8,24761.2,24798.9,10716.0
2026-02-16 02:00:00+00:00,24798.3,24810.4,24765.6,24769.6,10501.0
2026-02-16 03:00:00+00:00,24769.8,24774.2,24746.6,24761.6,10200.0
2026-02-16 04:00:00+00:00,24761.8,24778.4,24757.6,24763.6,8424.0
2026-02-16 05:00:00+00:00,24763.8,24765.8,24733.0,24749.2,7563.0
2026-02-16 06:00:00+00:00,24749.8,24765.2,24732.2,24761.8,7941.0
2026-02-16 07:00:00+00:00,24761.9,24811.0,24759.6,24799.8,8141.0
2026-02-16 08:00:00+00:00,24801.6,24841.2,24779.2,24833.4,14890.0
2026-02-16 09:00:00+00:00,24833.2,24859.6,24826.2,24847.9,9124.0
2026-02-16 10:00:00+00:00,24847.8,24850.0,24807.2,24816.0,8947.0
2026-02-16 11:00:00+00:00,24816.6,24816.6,24779.8,24800.8,8564.0
2026-02-16 12:00:00+00:00,24800.8,24818.8,24786.6,24807.6,10575.0
2026-02-16 13:00:00+00:00,24807.4,24813.6,24782.2,24782.4,12397.0
2026-02-16 14:00:00+00:00,24782.6,24782.9,24630.6,24706.0,30187.0
2026-02-16 15:00:00+00:00,24706.6,24735.4,24616.8,24630.6,30950.0
2026-02-16 16:00:00+00:00,24629.8,24691.8,24609.4,24669.2,24819.0
2026-02-16 17:00:00+00:00,24667.4,24711.9,24654.6,24678.8,16359.0
2026-02-16 23:00:00+00:00,24701.8,24781.1,24679.5,24757.8,7919.0
2026-02-17 00:00:00+00:00,24758.0,24774.6,24716.3,24728.0,15356.0
2026-02-17 01:00:00+00:00,24728.1,24764.2,24591.3,24607.5,18162.0
2026-02-17 02:00:00+00:00,24606.0,24624.6,24557.8,24602.0,19337.0
2026-02-17 03:00:00+00:00,24602.4,24605.2,24513.6,24549.6,17225.0
2026-02-17 04:00:00+00:00,24549.6,24569.6,24533.6,24562.4,10559.0
2026-02-17 05:00:00+00:00,24562.9,24565.4,24498.6,24522.3,13981.0
2026-02-17 06:00:00+00:00,24523.5,24580.6,24523.4,24569.1,8849.0
2026-02-17 07:00:00+00:00,24569.2,24603.6,24524.5,24599.8,11078.0
2026-02-17 08:00:00+00:00,24600.6,24666.2,24564.4,24580.3,21230.0
2026-02-17 09:00:00+00:00,24580.1,24635.6,24576.4,24626.4,15641.0
2026-02-17 10:00:00+00:00,24626.3,24637.6,24530.6,24547.1,13127.0
2026-02-17 11:00:00+00:00,24546.1,24576.8,24512.4,24563.4,15119.0
2026-02-17 12:00:00+00:00,24562.0,24607.3,24517.6,24525.0,19271.0
2026-02-17 13:00:00+00:00,24525.4,24643.4,24458.6,24552.4,31732.0
2026-02-17 14:00:00+00:00,24551.6,24755.6,24415.8,24424.8,89677.0
2026-02-17 15:00:00+00:00,24423.8,24581.0,24389.4,24539.6,120721.0
2026-02-17 16:00:00+00:00,24538.8,24736.2,24532.8,24700.6,78998.0
2026-02-17 17:00:00+00:00,24699.6,24705.0,24548.8,24637.2,80970.0
2026-02-17 18:00:00+00:00,24637.6,24820.0,24589.3,24792.7,63402.0
2026-02-17 19:00:00+00:00,24793.0,24837.0,24755.5,24762.4,61117.0
2026-02-17 20:00:00+00:00,24762.8,24789.5,24683.6,24723.2,53012.0
2026-02-17 21:00:00+00:00,24724.0,24766.0,24703.0,24721.4,14046.0
2026-02-17 23:00:00+00:00,24710.0,24715.8,24649.4,24658.1,10817.0
2026-02-18 00:00:00+00:00,24658.5,24702.2,24656.0,24673.9,12851.0
2026-02-18 01:00:00+00:00,24673.8,24693.5,24657.2,24691.8,12942.0
2026-02-18 02:00:00+00:00,24691.9,24717.8,24683.2,24705.8,9469.0
2026-02-18 03:00:00+00:00,24706.8,24746.2,24683.8,24741.2,9391.0
2026-02-18 04:00:00+00:00,24741.2,24787.3,24731.2,24783.6,9040.0
2026-02-18 05:00:00+00:00,24783.6,24792.0,24767.8,24772.6,7061.0
2026-02-18 06:00:00+00:00,24773.8,24794.2,24756.8,24771.2,9242.0
2026-02-18 07:00:00+00:00,24770.8,24789.5,24750.0,24781.4,9575.0
2026-02-18 08:00:00+00:00,24781.6,24863.0,24780.5,24851.2,16292.0
2026-02-18 09:00:00+00:00,24851.4,24888.8,24847.0,24856.8,13662.0
2026-02-18 10:00:00+00:00,24857.3,24887.2,24855.3,24869.6,10519.0
2026-02-18 11:00:00+00:00,24869.6,24874.8,24837.6,24842.6,10899.0
2026-02-18 12:00:00+00:00,24842.6,24909.6,24791.8,24837.6,22234.0
2026-02-18 13:00:00+00:00,24837.6,24868.2,24764.6,24775.6,20692.0
2026-02-18 14:00:00+00:00,24775.8,24905.5,24699.8,24888.3,77158.0
2026-02-18 15:00:00+00:00,24888.2,25046.8,24884.8,25034.2,78585.0
2026-02-18 16:00:00+00:00,25033.8,25065.4,25006.2,25009.9,50355.0
2026-02-18 17:00:00+00:00,25010.2,25076.4,25007.0,25046.4,39419.0
2026-02-18 18:00:00+00:00,25045.9,25075.4,24930.2,24975.3,46299.0
2026-02-18 19:00:00+00:00,24975.2,24984.6,24810.8,24831.9,66497.0
2026-02-18 20:00:00+00:00,24831.8,24945.9,24804.5,24905.7,61415.0
2026-02-18 21:00:00+00:00,24906.5,24915.2,24875.0,24886.2,10057.0
2026-02-18 23:00:00+00:00,24901.2,24939.5,24900.4,24909.2,7721.0
2026-02-19 00:00:00+00:00,24909.2,24918.0,24861.2,24892.2,13682.0
2026-02-19 01:00:00+00:00,24891.2,24939.0,24882.6,24917.8,17316.0
2026-02-19 02:00:00+00:00,24916.2,24932.8,24899.0,24924.2,13249.0
2026-02-19 03:00:00+00:00,24924.4,24944.0,24911.2,24928.8,10996.0
2026-02-19 04:00:00+00:00,24929.8,24938.6,24898.4,24900.8,10599.0
2026-02-19 05:00:00+00:00,24900.6,24949.2,24885.4,24941.2,10815.0
2026-02-19 06:00:00+00:00,24941.2,24965.2,24932.4,24963.2,10467.0
2026-02-19 07:00:00+00:00,24963.2,24992.0,24952.4,24964.2,9137.0
2026-02-19 08:00:00+00:00,24963.8,24998.4,24890.0,24899.2,19012.0
2026-02-19 09:00:00+00:00,24901.4,24918.0,24795.6,24837.6,23960.0
2026-02-19 10:00:00+00:00,24837.0,24847.2,24770.2,24799.2,23767.0
2026-02-19 11:00:00+00:00,24799.8,24830.0,24781.0,24823.0,15897.0
2026-02-19 12:00:00+00:00,24823.1,24841.4,24759.6,24813.2,21435.0
2026-02-19 13:00:00+00:00,24813.6,24825.2,24743.4,24799.2,26777.0
2026-02-19 14:00:00+00:00,24798.6,24864.5,24708.0,24825.3,73124.0
2026-02-19 15:00:00+00:00,24825.5,24895.4,24793.4,24869.4,77861.0
2026-02-19 16:00:00+00:00,24869.2,24904.0,24746.2,24788.4,71086.0
2026-02-19 17:00:00+00:00,24788.6,24852.0,24712.7,24728.0,56669.0
2026-02-19 18:00:00+00:00,24727.8,24796.0,24696.8,24788.2,52895.0
2026-02-19 19:00:00+00:00,24788.4,24796.7,24698.9,24729.4,51097.0
2026-02-19 20:00:00+00:00,24729.2,24813.0,24724.7,24809.2,50517.0
2026-02-19 21:00:00+00:00,24809.9,24818.8,24776.2,24784.0,11488.0
2026-02-19 23:00:00+00:00,24781.0,24835.6,24773.4,24824.8,8470.0
2026-02-20 00:00:00+00:00,24824.9,24860.0,24806.0,24848.6,12134.0
2026-02-20 01:00:00+00:00,24848.4,24882.2,24838.6,24853.7,12986.0
2026-02-20 02:00:00+00:00,24854.6,24881.0,24825.9,24844.4,13084.0
2026-02-20 03:00:00+00:00,24844.4,24857.6,24836.4,24837.2,8488.0
2026-02-20 04:00:00+00:00,24837.4,24861.2,24832.8,24848.6,7443.0
2026-02-20 05:00:00+00:00,24849.0,24894.6,24848.4,24890.2,8067.0
2026-02-20 06:00:00+00:00,24890.8,24903.2,24878.2,24890.4,6764.0
2026-02-20 07:00:00+00:00,24890.6,24901.6,24855.1,24868.6,8935.0
2026-02-20 08:00:00+00:00,24869.2,24889.4,24844.1,24883.6,15042.0
2026-02-20 09:00:00+00:00,24884.6,24931.4,24879.0,24883.6,13449.0
2026-02-20 10:00:00+00:00,24883.7,24893.8,24848.4,24849.2,12790.0
2026-02-20 11:00:00+00:00,24849.4,24849.4,24758.6,24776.8,20095.0
2026-02-20 12:00:00+00:00,24777.6,24796.6,24738.1,24776.9,20979.0
2026-02-20 13:00:00+00:00,24776.6,24811.3,24670.3,24717.0,25587.0
2026-02-20 14:00:00+00:00,24716.0,24904.4,24626.0,24846.9,70287.0
2026-02-20 15:00:00+00:00,24844.4,25073.4,24806.6,25065.8,116812.0
2026-02-20 16:00:00+00:00,25066.0,25086.3,24914.5,25045.2,73603.0
2026-02-20 17:00:00+00:00,25045.8,25056.6,24827.0,24981.8,83371.0
2026-02-20 18:00:00+00:00,24982.0,25071.2,24878.8,25047.4,79925.0
2026-02-20 19:00:00+00:00,25047.2,25067.8,24967.3,24972.0,48226.0
2026-02-20 20:00:00+00:00,24972.0,25028.2,24963.5,25023.3,49659.0
2026-02-20 21:00:00+00:00,25024.0,25037.3,25013.8,25028.0,9191.0
2026-02-22 23:00:00+00:00,24998.8,25007.0,24885.8,24921.6,18012.0
2026-02-23 00:00:00+00:00,24920.9,24920.9,24798.6,24802.6,21446.0
2026-02-23 01:00:00+00:00,24801.9,24831.6,24782.4,24792.9,26961.0
2026-02-23 02:00:00+00:00,24792.6,24806.2,24760.0,24788.2,18452.0
2026-02-23 03:00:00+00:00,24789.0,24812.4,24763.0,24791.0,15559.0
2026-02-23 04:00:00+00:00,24791.2,24802.4,24760.8,24783.4,10842.0
2026-02-23 05:00:00+00:00,24783.0,24793.2,24756.9,24788.2,11401.0
2026-02-23 06:00:00+00:00,24787.8,24818.6,24782.0,24817.2,8252.0
2026-02-23 07:00:00+00:00,24817.0,24863.8,24812.6,24848.0,11278.0
2026-02-23 08:00:00+00:00,24848.8,24883.4,24827.0,24879.4,17174.0
2026-02-23 09:00:00+00:00,24878.8,24953.0,24878.8,24932.6,15658.0
2026-02-23 10:00:00+00:00,24933.6,24950.6,24895.2,24919.4,13543.0
2026-02-23 11:00:00+00:00,24919.4,24936.6,24857.0,24878.8,13257.0
2026-02-23 12:00:00+00:00,24877.4,24892.0,24833.6,24853.8,19971.0
2026-02-23 13:00:00+00:00,24853.4,24903.2,24837.0,24884.1,19746.0
2026-02-23 14:00:00+00:00,24884.2,24989.0,24807.5,24863.6,72602.0
2026-02-23 15:00:00+00:00,24859.6,24901.4,24688.4,24692.8,90914.0
2026-02-23 16:00:00+00:00,24692.2,24746.2,24617.5,24692.2,87613.0
2026-02-23 17:00:00+00:00,24691.6,24720.2,24634.4,24701.7,70289.0
2026-02-23 18:00:00+00:00,24701.2,24777.2,24677.2,24684.2,55972.0
2026-02-23 19:00:00+00:00,24685.2,24711.7,24640.7,24649.0,52912.0
2026-02-23 20:00:00+00:00,24648.4,24729.3,24635.9,24725.2,52307.0
2026-02-23 21:00:00+00:00,24725.0,24753.5,24715.2,24743.8,10276.0
2026-02-23 23:00:00+00:00,24745.9,24781.4,24726.2,24745.5,9534.0
2026-02-24 00:00:00+00:00,24745.7,24780.0,24731.0,24773.0,14742.0
2026-02-24 01:00:00+00:00,24773.2,24792.2,24752.2,24779.2,18454.0
2026-02-24 02:00:00+00:00,24779.0,24835.7,24773.8,24826.2,14173.0
2026-02-24 03:00:00+00:00,24826.4,24841.0,24823.8,24830.0,7943.0
2026-02-24 04:00:00+00:00,24830.4,24840.2,24822.7,24833.0,6718.0
2026-02-24 05:00:00+00:00,24832.3,24844.4,24782.7,24797.4,9963.0
2026-02-24 06:00:00+00:00,24797.2,24810.0,24780.0,24794.8,10730.0
2026-02-24 07:00:00+00:00,24794.6,24825.6,24788.0,24789.4,11860.0
2026-02-24 08:00:00+00:00,24790.4,24791.6,24717.8,24748.2,25258.0
2026-02-24 09:00:00+00:00,24748.2,24804.6,24745.4,24804.0,16331.0
2026-02-24 10:00:00+00:00,24804.2,24822.6,24782.8,24799.0,11966.0
2026-02-24 11:00:00+00:00,24800.4,24810.6,24766.2,24790.2,13781.0
2026-02-24 12:00:00+00:00,24789.6,24857.3,24753.6,24774.0,26201.0
2026-02-24 13:00:00+00:00,24774.2,24848.2,24771.0,24834.0,20697.0
2026-02-24 14:00:00+00:00,24834.0,24920.7,24651.5,24833.7,70531.0
2026-02-24 15:00:00+00:00,24833.5,24987.7,24776.8,24933.0,95159.0
2026-02-24 16:00:00+00:00,24933.2,25003.8,24926.4,24985.9,71208.0
2026-02-24 17:00:00+00:00,24985.6,25032.9,24978.4,25006.1,41391.0
2026-02-24 18:00:00+00:00,25005.8,25037.8,24971.3,24989.3,36315.0
2026-02-24 19:00:00+00:00,24989.6,25008.1,24948.1,24981.2,38179.0
2026-02-24 20:00:00+00:00,24981.3,25031.1,24954.6,24989.1,38166.0
2026-02-24 21:00:00+00:00,24989.5,24997.5,24963.4,24980.9,7921.0
2026-02-24 23:00:00+00:00,24970.5,25010.4,24952.6,25004.4,6689.0
2026-02-25 00:00:00+00:00,25003.9,25034.0,24978.8,25030.8,11072.0
2026-02-25 01:00:00+00:00,25030.8,25072.3,25022.2,25063.0,18652.0
2026-02-25 02:00:00+00:00,25063.2,25073.8,25044.4,25066.4,16782.0
2026-02-25 03:00:00+00:00,25067.0,25068.4,24953.8,25026.6,23189.0
2026-02-25 04:00:00+00:00,25026.5,25027.4,24994.1,25009.8,15126.0
2026-02-25 05:00:00+00:00,25011.4,25026.8,24990.2,25000.0,12920.0
2026-02-25 06:00:00+00:00,25000.2,25018.2,24991.8,25000.8,12270.0
2026-02-25 07:00:00+00:00,25001.4,25012.9,24977.6,24996.0,12120.0
2026-02-25 08:00:00+00:00,24995.6,25050.0,24995.6,25033.6,19130.0
2026-02-25 09:00:00+00:00,25033.2,25047.3,25014.6,25041.6,14210.0
2026-02-25 10:00:00+00:00,25041.8,25053.2,25025.0,25033.2,10060.0
2026-02-25 11:00:00+00:00,25032.2,25087.8,25028.0,25084.6,8716.0
2026-02-25 12:00:00+00:00,25083.6,25108.2,25065.5,25098.4,12100.0
2026-02-25 13:00:00+00:00,25099.0,25125.0,25083.5,25109.8,12652.0
2026-02-25 14:00:00+00:00,25110.5,25310.3,25089.6,25303.2,60669.0
2026-02-25 15:00:00+00:00,25302.6,25320.2,25226.0,25256.0,75105.0
2026-02-25 16:00:00+00:00,25256.3,25293.4,25244.4,25277.5,46411.0
2026-02-25 17:00:00+00:00,25278.2,25315.4,25272.6,25313.2,25987.0
2026-02-25 18:00:00+00:00,25313.8,25316.9,25295.5,25311.8,17667.0
2026-02-25 19:00:00+00:00,25311.5,25339.3,25310.8,25329.8,15923.0
2026-02-25 20:00:00+00:00,25329.9,25357.4,25313.5,25344.8,25913.0
2026-02-25 21:00:00+00:00,25344.8,25455.0,25332.4,25419.2,25747.0
2026-02-25 23:00:00+00:00,25373.7,25378.8,25235.6,25277.4,19325.0
2026-02-26 00:00:00+00:00,25277.2,25302.0,25263.4,25276.6,19109.0
2026-02-26 01:00:00+00:00,25277.6,25280.6,25225.8,25277.4,20502.0
2026-02-26 02:00:00+00:00,25276.2,25280.1,25250.2,25268.0,11891.0
2026-02-26 03:00:00+00:00,25267.3,25284.1,25255.4,25261.6,7173.0
2026-02-26 04:00:00+00:00,25261.6,25271.1,25253.6,25261.2,7355.0
2026-02-26 05:00:00+00:00,25261.4,25270.3,25244.1,25268.6,9854.0
2026-02-26 06:00:00+00:00,25270.4,25304.8,25267.6,25288.0,9233.0
2026-02-26 07:00:00+00:00,25287.4,25325.1,25287.0,25308.4,9475.0
2026-02-26 08:00:00+00:00,25308.6,25353.0,25304.4,25310.4,16459.0
2026-02-26 09:00:00+00:00,25310.8,25362.2,25306.8,25339.4,10934.0
2026-02-26 10:00:00+00:00,25340.0,25349.3,25308.2,25317.6,9024.0
2026-02-26 11:00:00+00:00,25318.4,25330.8,25306.3,25323.2,9868.0
2026-02-26 12:00:00+00:00,25323.0,25351.2,25321.6,25335.0,9201.0
2026-02-26 13:00:00+00:00,25333.4,25375.8,25322.6,25344.6,12336.0
2026-02-26 14:00:00+00:00,25344.4,25359.0,25143.2,25153.6,75063.0
2026-02-26 15:00:00+00:00,25153.6,25171.2,24823.0,24960.0,109951.0
2026-02-26 16:00:00+00:00,24960.6,25046.2,24915.3,24924.2,70685.0
2026-02-26 17:00:00+00:00,24924.3,24971.8,24876.4,24898.8,62411.0
2026-02-26 18:00:00+00:00,24898.9,24994.5,24853.6,24965.4,57865.0
2026-02-26 19:00:00+00:00,24966.0,25062.8,24952.5,25027.4,50854.0
2026-02-26 20:00:00+00:00,25027.2,25057.0,24988.3,25047.2,51191.0
2026-02-26 21:00:00+00:00,25046.9,25053.7,24990.6,24996.6,12681.0
2026-02-26 23:00:00+00:00,24955.6,24997.8,24917.1,24957.6,15500.0
2026-02-27 00:00:00+00:00,24957.3,24987.4,24916.2,24947.8,17041.0
2026-02-27 01:00:00+00:00,24947.6,24978.7,24932.2,24954.1,20696.0
2026-02-27 02:00:00+00:00,24954.6,24994.4,24946.9,24993.1,13442.0
2026-02-27 03:00:00+00:00,24993.0,24997.2,24964.4,24986.2,11617.0
2026-02-27 04:00:00+00:00,24986.8,24997.2,24973.2,24985.0,9910.0
2026-02-27 05:00:00+00:00,24984.0,25021.6,24984.0,25001.0,9073.0
2026-02-27 06:00:00+00:00,25001.0,25007.6,24953.3,24992.4,14023.0
2026-02-27 07:00:00+00:00,24993.0,25040.2,24993.0,25033.8,8894.0
2026-02-27 08:00:00+00:00,25033.9,25049.2,25000.0,25028.4,18876.0
2026-02-27 09:00:00+00:00,25030.9,25060.0,24986.1,24991.0,17055.0
2026-02-27 10:00:00+00:00,24991.0,25006.0,24927.8,24962.0,17797.0
2026-02-27 11:00:00+00:00,24962.6,24973.7,24891.2,24914.4,18124.0
2026-02-27 12:00:00+00:00,24914.8,24955.6,24859.4,24882.0,22421.0
2026-02-27 13:00:00+00:00,24881.6,24903.6,24757.0,24832.0,36085.0
2026-02-27 14:00:00+00:00,24832.0,24900.0,24744.0,24841.8,81702.0
2026-02-27 15:00:00+00:00,24841.9,24978.4,24828.0,24944.4,83074.0
2026-02-27 16:00:00+00:00,24944.2,24982.4,24893.0,24930.6,66868.0
2026-02-27 17:00:00+00:00,24930.4,25000.6,24864.5,24909.6,62045.0
2026-02-27 18:00:00+00:00,24909.4,24919.3,24839.0,24866.8,55018.0
2026-02-27 19:00:00+00:00,24867.2,24923.4,24838.1,24858.8,52872.0
2026-02-27 20:00:00+00:00,24858.5,24986.6,24857.3,24959.8,62441.0
2026-02-27 21:00:00+00:00,24960.8,24962.6,24906.4,24925.8,13942.0
2026-03-01 23:00:00+00:00,24669.8,24777.6,24654.3,24702.9,23533.0
2026-03-02 00:00:00+00:00,24703.0,24759.8,24677.0,24749.6,24916.0
2026-03-02 01:00:00+00:00,24749.8,24864.6,24736.4,24825.8,30903.0
2026-03-02 02:00:00+00:00,24825.9,24837.6,24759.8,24784.0,21657.0
2026-03-02 03:00:00+00:00,24783.6,24799.0,24750.6,24754.8,16590.0
2026-03-02 04:00:00+00:00,24754.6,24780.6,24705.0,24723.0,16296.0
2026-03-02 05:00:00+00:00,24721.5,24732.6,24636.8,24640.0,17168.0
2026-03-02 06:00:00+00:00,24639.8,24665.8,24497.3,24554.0,24134.0
2026-03-02 07:00:00+00:00,24553.4,24566.6,24494.6,24504.8,25247.0
2026-03-02 08:00:00+00:00,24508.0,24554.3,24441.1,24526.6,35365.0
2026-03-02 09:00:00+00:00,24526.8,24617.8,24515.0,24592.6,23046.0
2026-03-02 10:00:00+00:00,24592.2,24647.8,24589.5,24621.0,17802.0
2026-03-02 11:00:00+00:00,24620.8,24692.6,24599.0,24649.9,17232.0
2026-03-02 12:00:00+00:00,24649.0,24668.5,24573.0,24592.6,20554.0
2026-03-02 13:00:00+00:00,24592.8,24702.6,24558.9,24584.6,25734.0
2026-03-02 14:00:00+00:00,24584.8,24862.0,24571.4,24823.6,85947.0
2026-03-02 15:00:00+00:00,24818.3,24920.6,24767.0,24887.6,101126.0
2026-03-02 16:00:00+00:00,24887.8,25007.8,24815.8,24996.8,66469.0
2026-03-02 17:00:00+00:00,24996.8,25039.8,24971.4,25029.0,55497.0
2026-03-02 18:00:00+00:00,25029.3,25037.4,24932.0,24935.6,48505.0
2026-03-02 19:00:00+00:00,24935.8,25063.6,24930.8,25046.4,45178.0
2026-03-02 20:00:00+00:00,25046.3,25054.0,24911.2,24985.5,76431.0
2026-03-02 21:00:00+00:00,24986.2,24992.0,24939.4,24960.9,12089.0
2026-03-02 23:00:00+00:00,24950.7,24964.6,24907.7,24934.2,13667.0
2026-03-03 00:00:00+00:00,24935.0,24944.8,24888.4,24893.4,19158.0
2026-03-03 01:00:00+00:00,24894.6,24922.7,24832.1,24836.2,29990.0
2026-03-03 02:00:00+00:00,24835.8,24841.4,24771.6,24824.4,34577.0
2026-03-03 03:00:00+00:00,24823.9,24846.2,24767.7,24809.1,26348.0
2026-03-03 04:00:00+00:00,24808.9,24825.6,24754.8,24773.6,24005.0
2026-03-03 05:00:00+00:00,24773.6,24792.0,24710.9,24728.0,24465.0
2026-03-03 06:00:00+00:00,24728.2,24762.6,24700.4,24716.4,21415.0
2026-03-03 07:00:00+00:00,24716.8,24730.0,24631.6,24638.6,22242.0
2026-03-03 08:00:00+00:00,24638.2,24657.6,24468.6,24479.7,43158.0
2026-03-03 09:00:00+00:00,24477.6,24544.4,24409.3,24418.2,41273.0
2026-03-03 10:00:00+00:00,24419.0,24446.4,24356.9,24414.2,40018.0
2026-03-03 11:00:00+00:00,24414.4,24476.7,24332.9,24450.8,39461.0
2026-03-03 12:00:00+00:00,24450.4,24568.9,24441.1,24545.6,35035.0
2026-03-03 13:00:00+00:00,24546.8,24551.8,24411.6,24458.6,37859.0
2026-03-03 14:00:00+00:00,24458.4,24623.2,24419.6,24452.6,100664.0
2026-03-03 15:00:00+00:00,24453.0,24525.0,24314.6,24409.8,129638.0
2026-03-03 16:00:00+00:00,24409.7,24687.5,24399.2,24634.2,107118.0
2026-03-03 17:00:00+00:00,24634.7,24675.0,24565.6,24607.6,89252.0
2026-03-03 18:00:00+00:00,24607.4,24806.0,24606.6,24773.4,72316.0
2026-03-03 19:00:00+00:00,24774.0,24823.5,24683.2,24760.2,75261.0
2026-03-03 20:00:00+00:00,24760.0,24794.8,24691.8,24730.2,67628.0
2026-03-03 21:00:00+00:00,24730.2,24731.7,24667.0,24686.2,14709.0
2026-03-03 23:00:00+00:00,24671.0,24732.0,24643.2,24675.0,17397.0
2026-03-04 00:00:00+00:00,24675.4,24775.6,24649.9,24721.3,34972.0
2026-03-04 01:00:00+00:00,24721.4,24744.6,24604.0,24648.4,51800.0
2026-03-04 02:00:00+00:00,24648.8,24675.8,24561.8,24609.5,41314.0
2026-03-04 03:00:00+00:00,24609.2,24610.5,24498.2,24572.3,44242.0
2026-03-04 04:00:00+00:00,24572.4,24617.4,24539.2,24560.8,38213.0
2026-03-04 05:00:00+00:00,24560.7,24590.5,24505.0,24547.0,38017.0
2026-03-04 06:00:00+00:00,24547.0,24563.2,24472.4,24544.0,28704.0
2026-03-04 07:00:00+00:00,24543.6,24650.4,24508.7,24628.7,28344.0
2026-03-04 08:00:00+00:00,24629.3,24661.2,24585.0,24618.2,48123.0
2026-03-04 09:00:00+00:00,24620.2,24744.0,24594.7,24727.6,35285.0
2026-03-04 10:00:00+00:00,24727.0,24838.2,24708.2,24815.3,40440.0
2026-03-04 11:00:00+00:00,24815.2,24867.6,24774.4,24778.2,31039.0
2026-03-04 12:00:00+00:00,24778.4,24817.4,24693.6,24773.2,34284.0
2026-03-04 13:00:00+00:00,24773.8,24899.0,24768.5,24862.8,36509.0
2026-03-04 14:00:00+00:00,24862.7,24943.2,24800.3,24893.8,88660.0
2026-03-04 15:00:00+00:00,24893.9,25120.3,24865.4,25100.4,91414.0
2026-03-04 16:00:00+00:00,25100.2,25143.3,25025.6,25118.7,68091.0
2026-03-04 17:00:00+00:00,25118.6,25154.0,25078.2,25141.9,55341.0
2026-03-04 18:00:00+00:00,25142.2,25186.9,25113.7,25165.4,47857.0
2026-03-04 19:00:00+00:00,25165.6,25191.8,25155.2,25163.8,36933.0
2026-03-04 20:00:00+00:00,25163.6,25169.8,25088.4,25095.8,48461.0
2026-03-04 21:00:00+00:00,25095.1,25137.4,25068.4,25106.2,16799.0
2026-03-04 23:00:00+00:00,25127.2,25163.2,25115.7,25144.2,10224.0
2026-03-05 00:00:00+00:00,25144.2,25215.8,25133.4,25181.2,20688.0
2026-03-05 01:00:00+00:00,25181.6,25190.2,25017.2,25043.4,38874.0
2026-03-05 02:00:00+00:00,25044.0,25097.8,25022.6,25064.2,33511.0
2026-03-05 03:00:00+00:00,25064.2,25074.0,24998.6,25021.6,31580.0
2026-03-05 04:00:00+00:00,25021.0,25079.2,25004.6,25075.4,25254.0
2026-03-05 05:00:00+00:00,25075.2,25077.6,25005.9,25007.6,22983.0
2026-03-05 06:00:00+00:00,25008.0,25065.2,24954.0,25065.0,27302.0
2026-03-05 07:00:00+00:00,25064.8,25069.2,25014.4,25045.0,18225.0
2026-03-05 08:00:00+00:00,25045.0,25051.6,24946.5,25023.5,38170.0
2026-03-05 09:00:00+00:00,25023.9,25178.5,25014.0,25087.0,41892.0
2026-03-05 10:00:00+00:00,25087.0,25116.2,25059.2,25079.4,23467.0
2026-03-05 11:00:00+00:00,25080.0,25123.8,25059.5,25066.2,21929.0
2026-03-05 12:00:00+00:00,25066.2,25129.2,25010.4,25041.6,29338.0
2026-03-05 13:00:00+00:00,25041.8,25048.5,24954.8,24966.8,36828.0
2026-03-05 14:00:00+00:00,24967.2,25160.0,24935.8,25158.8,88906.0
2026-03-05 15:00:00+00:00,25158.2,25180.0,24904.0,25054.6,102267.0
2026-03-05 16:00:00+00:00,25055.0,25065.6,24915.2,25015.8,85255.0
2026-03-05 17:00:00+00:00,25016.2,25095.8,24763.0,24780.4,89819.0
2026-03-05 18:00:00+00:00,24780.0,24862.1,24747.6,24788.2,90616.0
2026-03-05 19:00:00+00:00,24788.0,24855.4,24766.4,24831.8,74069.0
2026-03-05 20:00:00+00:00,24830.8,25029.3,24800.4,25022.1,75810.0
2026-03-05 21:00:00+00:00,25021.6,25024.2,24974.0,24983.4,13791.0
2026-03-05 23:00:00+00:00,24974.2,25039.6,24971.8,25030.8,10234.0
2026-03-06 00:00:00+00:00,25030.6,25067.0,25029.4,25044.0,20957.0
2026-03-06 01:00:00+00:00,25043.7,25060.9,25008.4,25036.6,31570.0
2026-03-06 02:00:00+00:00,25039.4,25086.0,25030.2,25039.7,25230.0
2026-03-06 03:00:00+00:00,25039.8,25084.7,25039.8,25083.4,19765.0
2026-03-06 04:00:00+00:00,25083.6,25107.4,25063.8,25078.8,11505.0
2026-03-06 05:00:00+00:00,25079.2,25111.2,25076.4,25088.0,16948.0
2026-03-06 06:00:00+00:00,25088.3,25105.2,25071.2,25076.2,13226.0
2026-03-06 07:00:00+00:00,25076.7,25109.8,25061.2,25095.0,13920.0
2026-03-06 08:00:00+00:00,25094.8,25098.0,25003.0,25043.6,28286.0
2026-03-06 09:00:00+00:00,25045.2,25051.8,24852.4,24889.9,37192.0
2026-03-06 10:00:00+00:00,24890.5,24949.8,24888.2,24917.6,25554.0
2026-03-06 11:00:00+00:00,24917.8,24932.4,24806.8,24826.8,30797.0
2026-03-06 12:00:00+00:00,24827.8,24854.2,24775.5,24805.6,31182.0
2026-03-06 13:00:00+00:00,24803.3,24864.0,24588.7,24615.8,48762.0
2026-03-06 14:00:00+00:00,24615.6,24711.6,24581.6,24660.7,100627.0
2026-03-06 15:00:00+00:00,24661.8,24862.4,24634.6,24828.2,112689.0
2026-03-06 16:00:00+00:00,24828.4,24884.8,24761.2,24850.6,94535.0
2026-03-06 17:00:00+00:00,24849.0,24891.0,24714.0,24754.6,72961.0
2026-03-06 18:00:00+00:00,24754.0,24868.7,24749.2,24773.4,75483.0
2026-03-06 19:00:00+00:00,24773.8,24826.8,24747.6,24782.2,56946.0
2026-03-06 20:00:00+00:00,24781.8,24826.8,24578.0,24641.1,84262.0
2026-03-06 21:00:00+00:00,24641.0,24655.9,24596.4,24645.0,17150.0
2026-03-08 22:00:00+00:00,24331.0,24349.2,24196.8,24277.2,24592.0
2026-03-08 23:00:00+00:00,24277.6,24298.0,24141.1,24187.1,21610.0
2026-03-09 00:00:00+00:00,24187.2,24211.0,24066.4,24091.0,41635.0
2026-03-09 01:00:00+00:00,24091.3,24109.8,23977.6,23980.6,39626.0
2026-03-09 02:00:00+00:00,23981.6,24075.0,23972.7,24056.8,36303.0
2026-03-09 03:00:00+00:00,24056.2,24104.0,24049.8,24066.0,30479.0
2026-03-09 04:00:00+00:00,24066.2,24106.3,24064.5,24073.4,22787.0
2026-03-09 05:00:00+00:00,24075.0,24230.5,24058.3,24230.5,35067.0
2026-03-09 06:00:00+00:00,24230.0,24288.2,24199.0,24217.4,27080.0
2026-03-09 07:00:00+00:00,24218.4,24286.7,24182.8,24249.2,27777.0
2026-03-09 08:00:00+00:00,24252.1,24309.4,24205.7,24285.3,44755.0
2026-03-09 09:00:00+00:00,24285.2,24467.4,24256.5,24393.0,41824.0
2026-03-09 10:00:00+00:00,24391.8,24406.8,24316.0,24343.0,33981.0
2026-03-09 11:00:00+00:00,24343.5,24395.0,24322.8,24355.8,29510.0
2026-03-09 12:00:00+00:00,24356.0,24431.7,24322.8,24351.8,29858.0
2026-03-09 13:00:00+00:00,24353.0,24497.0,24286.1,24343.2,86896.0
2026-03-09 14:00:00+00:00,24343.6,24557.0,24295.6,24522.0,114161.0
2026-03-09 15:00:00+00:00,24521.4,24629.8,24521.4,24614.7,69662.0
2026-03-09 16:00:00+00:00,24614.6,24727.2,24603.6,24687.4,54873.0
2026-03-09 17:00:00+00:00,24687.7,24690.4,24555.3,24590.6,50618.0
2026-03-09 18:00:00+00:00,24591.6,24687.3,24588.4,24635.0,46501.0
2026-03-09 19:00:00+00:00,24635.0,25034.0,24620.4,24971.3,94147.0
2026-03-09 20:00:00+00:00,24971.0,25004.1,24886.6,24947.6,27968.0
2026-03-09 22:00:00+00:00,24926.6,24951.0,24852.0,24887.0,13718.0
2026-03-09 23:00:00+00:00,24886.8,24912.0,24837.6,24860.9,13401.0
2026-03-10 00:00:00+00:00,24860.8,24949.2,24812.2,24913.8,31354.0
2026-03-10 01:00:00+00:00,24913.9,24977.2,24905.1,24967.0,35509.0
2026-03-10 02:00:00+00:00,24966.6,24978.3,24886.2,24906.0,27038.0
2026-03-10 03:00:00+00:00,24906.3,24940.4,24834.0,24866.4,32533.0
2026-03-10 04:00:00+00:00,24867.1,24898.6,24842.4,24883.2,26486.0
2026-03-10 05:00:00+00:00,24882.6,24941.4,24882.4,24936.4,24435.0
2026-03-10 06:00:00+00:00,24937.1,24961.8,24920.6,24932.8,19418.0
2026-03-10 07:00:00+00:00,24932.9,25055.8,24919.4,25052.4,28517.0
2026-03-10 08:00:00+00:00,25053.4,25125.6,25042.8,25066.0,36503.0
2026-03-10 09:00:00+00:00,25067.0,25113.8,25060.3,25069.8,26597.0
2026-03-10 10:00:00+00:00,25069.9,25074.2,25000.2,25045.6,30601.0
2026-03-10 11:00:00+00:00,25045.7,25085.6,24937.9,24950.6,35570.0
2026-03-10 12:00:00+00:00,24952.3,24978.6,24871.9,24948.4,36018.0
2026-03-10 13:00:00+00:00,24947.6,25060.6,24927.0,24942.9,87798.0
2026-03-10 14:00:00+00:00,24943.5,25131.6,24871.4,25131.0,92251.0
2026-03-10 15:00:00+00:00,25130.8,25161.2,25088.8,25129.8,60932.0
2026-03-10 16:00:00+00:00,25131.2,25150.3,25061.7,25137.2,55732.0
2026-03-10 17:00:00+00:00,25137.6,25198.5,25083.4,25151.0,61067.0
2026-03-10 18:00:00+00:00,25151.4,25161.8,24969.0,25010.6,98263.0
2026-03-10 19:00:00+00:00,25010.6,25053.8,24922.0,24966.8,80002.0
2026-03-10 20:00:00+00:00,24967.0,25019.6,24967.0,24988.6,16339.0
2026-03-10 22:00:00+00:00,24979.5,24998.4,24931.6,24950.6,7852.0
2026-03-10 23:00:00+00:00,24949.8,25005.4,24944.0,24996.6,8288.0
2026-03-11 00:00:00+00:00,24996.1,25066.1,24990.0,25041.6,21663.0
2026-03-11 01:00:00+00:00,25042.5,25077.8,25031.6,25071.8,16777.0
2026-03-11 02:00:00+00:00,25071.4,25082.2,25054.4,25074.4,11460.0
2026-03-11 03:00:00+00:00,25074.6,25103.4,25066.6,25099.0,8888.0
2026-03-11 04:00:00+00:00,25099.0,25102.0,25067.0,25071.4,7261.0
2026-03-11 05:00:00+00:00,25071.0,25075.6,25005.8,25010.0,17766.0
2026-03-11 06:00:00+00:00,25009.6,25033.4,24988.4,25021.6,15915.0
2026-03-11 07:00:00+00:00,25020.3,25027.4,24927.8,24985.1,18379.0
2026-03-11 08:00:00+00:00,24985.2,25017.4,24914.6,24945.8,28125.0
2026-03-11 09:00:00+00:00,24946.2,24950.8,24880.0,24882.8,22252.0
2026-03-11 10:00:00+00:00,24882.6,25004.8,24876.2,24998.0,21730.0
2026-03-11 11:00:00+00:00,24998.1,25023.4,24909.1,24926.8,25788.0
2026-03-11 12:00:00+00:00,24929.0,25029.2,24889.8,24925.4,26655.0
2026-03-11 13:00:00+00:00,24925.0,25095.6,24923.4,25081.5,76935.0
2026-03-11 14:00:00+00:00,25081.4,25159.8,24939.0,25045.8,104635.0
2026-03-11 15:00:00+00:00,25045.4,25070.0,24875.0,24917.3,72056.0
2026-03-11 16:00:00+00:00,24917.4,24994.0,24880.5,24990.2,55388.0
2026-03-11 17:00:00+00:00,24989.8,25008.4,24857.0,24935.0,65545.0
2026-03-11 18:00:00+00:00,24934.2,24959.8,24873.2,24940.8,50925.0
2026-03-11 19:00:00+00:00,24941.0,24989.0,24896.3,24966.3,48783.0
2026-03-11 20:00:00+00:00,24966.8,24973.6,24923.1,24930.8,8854.0
2026-03-11 22:00:00+00:00,24910.0,24914.4,24799.6,24832.2,17799.0
2026-03-11 23:00:00+00:00,24831.6,24836.1,24716.4,24770.8,20946.0
2026-03-12 00:00:00+00:00,24770.7,24787.6,24723.8,24773.7,24067.0
2026-03-12 01:00:00+00:00,24774.4,24824.4,24752.9,24772.4,23896.0
2026-03-12 02:00:00+00:00,24772.4,24778.4,24686.6,24712.6,23807.0
2026-03-12 03:00:00+00:00,24712.7,24741.3,24679.7,24712.6,18312.0
2026-03-12 04:00:00+00:00,24711.6,24733.7,24692.4,24701.6,14344.0
2026-03-12 05:00:00+00:00,24702.4,24761.3,24700.3,24754.1,21427.0
2026-03-12 06:00:00+00:00,24754.2,24796.4,24729.4,24791.9,15780.0
2026-03-12 07:00:00+00:00,24792.2,24855.2,24790.4,24853.8,15800.0
2026-03-12 08:00:00+00:00,24853.9,24884.6,24819.9,24860.4,24590.0
2026-03-12 09:00:00+00:00,24860.6,24903.8,24796.2,24900.0,22044.0
2026-03-12 10:00:00+00:00,24899.8,24909.4,24858.4,24866.7,19971.0
2026-03-12 11:00:00+00:00,24866.6,24910.8,24830.2,24840.4,22060.0
2026-03-12 12:00:00+00:00,24840.8,24845.4,24784.6,24816.6,27336.0
2026-03-12 13:00:00+00:00,24816.6,24835.4,24613.4,24640.2,79303.0
2026-03-12 14:00:00+00:00,24640.6,24730.2,24555.4,24602.4,92698.0
2026-03-12 15:00:00+00:00,24602.6,24695.2,24546.7,24651.0,83633.0
2026-03-12 16:00:00+00:00,24651.6,24720.2,24573.3,24647.2,85321.0
2026-03-12 17:00:00+00:00,24647.4,24709.2,24570.8,24609.8,58860.0
2026-03-12 18:00:00+00:00,24610.0,24656.6,24580.8,24585.2,48743.0
2026-03-12 19:00:00+00:00,24584.7,24628.2,24528.4,24541.6,54125.0
2026-03-12 20:00:00+00:00,24540.9,24563.0,24502.6,24557.0,15982.0
2026-03-12 22:00:00+00:00,24540.6,24583.6,24522.7,24569.0,12963.0
2026-03-12 23:00:00+00:00,24568.7,24595.6,24509.2,24511.2,12981.0
2026-03-13 00:00:00+00:00,24511.4,24624.4,24474.4,24608.4,29026.0
2026-03-13 01:00:00+00:00,24607.9,24643.4,24601.4,24612.2,21729.0
2026-03-13 02:00:00+00:00,24612.0,24633.2,24581.8,24586.4,17757.0
2026-03-13 03:00:00+00:00,24586.7,24611.6,24564.6,24607.0,16405.0
2026-03-13 04:00:00+00:00,24606.9,24610.2,24546.2,24557.6,13772.0
2026-03-13 05:00:00+00:00,24558.2,24581.4,24536.2,24567.8,15639.0
2026-03-13 06:00:00+00:00,24567.8,24577.8,24459.2,24462.2,18070.0
2026-03-13 07:00:00+00:00,24461.8,24469.9,24392.6,24430.6,24247.0
2026-03-13 08:00:00+00:00,24430.3,24505.8,24379.9,24495.6,30370.0
2026-03-13 09:00:00+00:00,24496.2,24557.0,24492.6,24513.7,23768.0
2026-03-13 10:00:00+00:00,24513.6,24605.0,24507.9,24599.8,21042.0
2026-03-13 11:00:00+00:00,24599.2,24647.4,24584.7,24644.6,22315.0
2026-03-13 12:00:00+00:00,24644.6,24716.8,24612.6,24663.8,30091.0
2026-03-13 13:00:00+00:00,24663.2,24787.2,24593.4,24709.4,75717.0
2026-03-13 14:00:00+00:00,24710.4,24747.0,24464.9,24472.7,99595.0
2026-03-13 15:00:00+00:00,24472.8,24551.5,24377.4,24394.2,78984.0
2026-03-13 16:00:00+00:00,24394.0,24472.8,24371.4,24381.6,65954.0
2026-03-13 17:00:00+00:00,24381.0,24459.0,24338.4,24359.2,54194.0
2026-03-13 18:00:00+00:00,24360.3,24457.3,24352.5,24433.4,50157.0
2026-03-13 19:00:00+00:00,24432.8,24434.4,24336.0,24382.6,54231.0
2026-03-13 20:00:00+00:00,24382.8,24385.3,24324.0,24328.2,12402.0
2026-03-15 22:00:00+00:00,24308.7,24459.0,24280.5,24450.7,12034.0
2026-03-15 23:00:00+00:00,24449.5,24479.2,24393.5,24423.8,18196.0
2026-03-16 00:00:00+00:00,24424.2,24509.1,24421.2,24494.4,33301.0
2026-03-16 01:00:00+00:00,24495.5,24507.8,24453.6,24499.4,35358.0
2026-03-16 02:00:00+00:00,24499.5,24502.0,24458.8,24473.0,25716.0
2026-03-16 03:00:00+00:00,24473.5,24523.5,24472.5,24515.6,19140.0
2026-03-16 04:00:00+00:00,24515.4,24533.6,24490.5,24491.0,17746.0
2026-03-16 05:00:00+00:00,24491.0,24545.3,24491.0,24543.8,19289.0
2026-03-16 06:00:00+00:00,24543.4,24550.0,24520.7,24549.0,14799.0
2026-03-16 07:00:00+00:00,24549.1,24567.4,24489.0,24498.0,21988.0
2026-03-16 08:00:00+00:00,24497.5,24553.4,24481.8,24513.2,35192.0
2026-03-16 09:00:00+00:00,24512.6,24520.1,24462.3,24476.4,30794.0
2026-03-16 10:00:00+00:00,24476.4,24597.7,24472.0,24588.6,29028.0
2026-03-16 11:00:00+00:00,24588.0,24620.2,24560.8,24610.0,26206.0
2026-03-16 12:00:00+00:00,24609.3,24672.5,24608.6,24642.5,27991.0
2026-03-16 13:00:00+00:00,24642.0,24725.2,24607.4,24720.3,68098.0
2026-03-16 14:00:00+00:00,24720.8,24748.6,24597.4,24678.0,84441.0
2026-03-16 15:00:00+00:00,24678.4,24722.6,24632.0,24659.8,57702.0
2026-03-16 16:00:00+00:00,24659.0,24687.8,24602.8,24658.4,62444.0
2026-03-16 17:00:00+00:00,24659.0,24707.0,24636.6,24666.2,47377.0
2026-03-16 18:00:00+00:00,24665.4,24718.6,24660.8,24688.3,41765.0
2026-03-16 19:00:00+00:00,24688.8,24802.2,24621.2,24694.8,69398.0
2026-03-16 20:00:00+00:00,24694.6,24711.3,24668.9,24682.8,14892.0
2026-03-16 22:00:00+00:00,24665.8,24683.8,24641.8,24647.4,8764.0
2026-03-16 23:00:00+00:00,24647.5,24689.4,24644.7,24688.4,10152.0
2026-03-17 00:00:00+00:00,24688.2,24689.2,24612.6,24621.8,27214.0
2026-03-17 01:00:00+00:00,24621.8,24655.4,24618.2,24643.4,24115.0
2026-03-17 02:00:00+00:00,24642.8,24647.0,24594.4,24599.0,17125.0
2026-03-17 03:00:00+00:00,24599.2,24619.1,24588.1,24598.8,15021.0
2026-03-17 04:00:00+00:00,24598.2,24655.2,24596.4,24643.4,14242.0
2026-03-17 05:00:00+00:00,24643.7,24660.4,24560.4,24562.6,17926.0
2026-03-17 06:00:00+00:00,24562.2,24582.0,24536.4,24562.0,23695.0
2026-03-17 07:00:00+00:00,24561.1,24623.4,24544.7,24579.2,19257.0
2026-03-17 08:00:00+00:00,24579.4,24616.8,24547.6,24576.8,29058.0
2026-03-17 09:00:00+00:00,24575.8,24657.2,24575.8,24651.4,22129.0
2026-03-17 10:00:00+00:00,24650.7,24651.8,24601.2,24641.0,19819.0
2026-03-17 11:00:00+00:00,24640.6,24667.2,24620.1,24622.1,19330.0
2026-03-17 12:00:00+00:00,24622.8,24746.8,24620.4,24740.0,23788.0
2026-03-17 13:00:00+00:00,24739.6,24922.0,24737.4,24901.3,58591.0
2026-03-17 14:00:00+00:00,24900.4,24904.8,24803.8,24884.0,70952.0
2026-03-17 15:00:00+00:00,24884.1,24896.6,24759.4,24798.6,68047.0
2026-03-17 16:00:00+00:00,24798.8,24835.8,24754.0,24805.2,62299.0
2026-03-17 17:00:00+00:00,24804.8,24852.5,24803.8,24843.6,46191.0
2026-03-17 18:00:00+00:00,24844.0,24867.0,24799.5,24812.8,43646.0
2026-03-17 19:00:00+00:00,24813.5,24837.3,24791.5,24820.2,38799.0
2026-03-17 20:00:00+00:00,24820.3,24839.8,24813.6,24835.0,7571.0
2026-03-17 22:00:00+00:00,24823.8,24826.6,24800.2,24816.2,5971.0
2026-03-17 23:00:00+00:00,24815.6,24833.4,24804.8,24814.2,6416.0
2026-03-18 00:00:00+00:00,24812.6,24891.8,24807.6,24888.6,15775.0
2026-03-18 01:00:00+00:00,24888.8,24907.6,24888.8,24906.0,12377.0
2026-03-18 02:00:00+00:00,24905.8,24939.3,24904.0,24927.6,9693.0
2026-03-18 03:00:00+00:00,24927.2,24953.4,24917.3,24946.4,7154.0
2026-03-18 04:00:00+00:00,24946.0,24957.8,24940.4,24949.0,6463.0
2026-03-18 05:00:00+00:00,24949.8,24979.8,24945.0,24978.2,7485.0
2026-03-18 06:00:00+00:00,24978.3,25019.8,24975.8,24991.8,9167.0
2026-03-18 07:00:00+00:00,24992.0,24997.4,24968.1,24971.3,8047.0
2026-03-18 08:00:00+00:00,24971.2,24995.2,24963.2,24981.2,15710.0
2026-03-18 09:00:00+00:00,24981.0,25000.0,24968.2,24978.6,11748.0
2026-03-18 10:00:00+00:00,24978.0,25007.2,24968.6,24970.9,8709.0
2026-03-18 11:00:00+00:00,24970.8,24986.6,24907.2,24921.6,21612.0
2026-03-18 12:00:00+00:00,24922.6,24927.6,24679.6,24689.8,43318.0
2026-03-18 13:00:00+00:00,24690.8,24807.3,24673.6,24779.8,67727.0
2026-03-18 14:00:00+00:00,24779.8,24794.0,24621.3,24692.2,73059.0
2026-03-18 15:00:00+00:00,24692.8,24741.1,24670.0,24708.6,63122.0
2026-03-18 16:00:00+00:00,24708.3,24724.0,24643.2,24657.5,52104.0
2026-03-18 17:00:00+00:00,24657.0,24697.2,24607.9,24693.3,47325.0
2026-03-18 18:00:00+00:00,24693.6,24728.8,24553.8,24556.3,64245.0
2026-03-18 19:00:00+00:00,24556.2,24613.8,24454.6,24464.0,57487.0
2026-03-18 20:00:00+00:00,24464.1,24496.1,24378.0,24426.2,19111.0
2026-03-18 22:00:00+00:00,24427.2,24428.6,24375.2,24406.6,7230.0
2026-03-18 23:00:00+00:00,24406.8,24456.6,24404.9,24429.2,9710.0
2026-03-19 00:00:00+00:00,24429.6,24456.0,24399.6,24431.8,25054.0
2026-03-19 01:00:00+00:00,24432.2,24482.8,24417.6,24452.4,23025.0
2026-03-19 02:00:00+00:00,24451.8,24537.4,24413.2,24508.2,23103.0
2026-03-19 03:00:00+00:00,24508.3,24527.6,24475.8,24476.4,14398.0
2026-03-19 04:00:00+00:00,24476.2,24476.3,24422.8,24442.2,16865.0
2026-03-19 05:00:00+00:00,24442.2,24460.2,24389.2,24410.2,19726.0
2026-03-19 06:00:00+00:00,24410.4,24451.8,24386.8,24418.1,20022.0
2026-03-19 07:00:00+00:00,24417.8,24439.4,24356.2,24370.0,26311.0
2026-03-19 08:00:00+00:00,24369.1,24406.0,24318.3,24358.2,38832.0
2026-03-19 09:00:00+00:00,24359.6,24462.4,24313.4,24440.2,42870.0
2026-03-19 10:00:00+00:00,24439.2,24440.3,24384.2,24403.6,28177.0
2026-03-19 11:00:00+00:00,24403.8,24425.8,24321.6,24360.2,28482.0
2026-03-19 12:00:00+00:00,24360.5,24371.0,24236.0,24259.2,41550.0
2026-03-19 13:00:00+00:00,24261.0,24333.6,24139.2,24316.0,95921.0
2026-03-19 14:00:00+00:00,24314.4,24358.4,24220.0,24302.2,100702.0
2026-03-19 15:00:00+00:00,24301.8,24390.0,24210.8,24287.8,76578.0
2026-03-19 16:00:00+00:00,24287.2,24335.3,24241.5,24272.8,64635.0
2026-03-19 17:00:00+00:00,24272.5,24299.9,24195.8,24271.3,57407.0
2026-03-19 18:00:00+00:00,24271.2,24341.5,24236.0,24326.6,54806.0
2026-03-19 19:00:00+00:00,24326.3,24509.0,24324.0,24392.5,99269.0
2026-03-19 20:00:00+00:00,24392.2,24450.8,24381.4,24435.4,16363.0
2026-03-19 22:00:00+00:00,24463.0,24468.4,24421.5,24452.2,7043.0
2026-03-19 23:00:00+00:00,24452.6,24474.8,24421.6,24435.8,8860.0
2026-03-20 00:00:00+00:00,24436.0,24458.6,24398.8,24414.4,18301.0
2026-03-20 01:00:00+00:00,24413.8,24476.6,24408.0,24433.8,20832.0
2026-03-20 02:00:00+00:00,24435.0,24457.8,24427.7,24436.8,14705.0
2026-03-20 03:00:00+00:00,24438.0,24445.0,24414.0,24426.8,10589.0
2026-03-20 04:00:00+00:00,24427.8,24438.8,24401.1,24402.2,8585.0
2026-03-20 05:00:00+00:00,24402.4,24419.0,24375.8,24408.8,13576.0
2026-03-20 06:00:00+00:00,24408.2,24420.4,24335.8,24345.6,13168.0
2026-03-20 07:00:00+00:00,24345.0,24423.0,24298.8,24409.8,18208.0
2026-03-20 08:00:00+00:00,24409.8,24432.0,24369.8,24375.1,24023.0
2026-03-20 09:00:00+00:00,24376.3,24401.8,24224.8,24248.0,29701.0
2026-03-20 10:00:00+00:00,24248.4,24256.2,24136.0,24222.8,33887.0
2026-03-20 11:00:00+00:00,24223.6,24284.2,24213.8,24260.0,27110.0
2026-03-20 12:00:00+00:00,24261.6,24317.8,24241.6,24312.8,31805.0
2026-03-20 13:00:00+00:00,24312.2,24343.6,24096.0,24101.6,75849.0
2026-03-20 14:00:00+00:00,24101.7,24144.2,24048.4,24086.6,82056.0
2026-03-20 15:00:00+00:00,24086.5,24163.0,24053.2,24131.6,68856.0
2026-03-20 16:00:00+00:00,24132.0,24176.5,24055.2,24092.0,57350.0
2026-03-20 17:00:00+00:00,24091.8,24112.0,23985.5,24031.7,55309.0
2026-03-20 18:00:00+00:00,24031.6,24041.7,23892.4,23914.5,57203.0
2026-03-20 19:00:00+00:00,23914.0,23937.5,23791.8,23933.2,69053.0
2026-03-20 20:00:00+00:00,23933.4,24035.6,23916.0,24024.2,22810.0
2026-03-22 22:00:00+00:00,23768.3,23913.8,23738.8,23863.0,25437.0
2026-03-22 23:00:00+00:00,23862.8,23901.4,23794.0,23824.3,20314.0
2026-03-23 00:00:00+00:00,23825.4,23908.3,23758.7,23767.7,42794.0
2026-03-23 01:00:00+00:00,23768.0,23891.0,23755.1,23862.4,40823.0
2026-03-23 02:00:00+00:00,23862.2,23886.4,23808.0,23827.3,29667.0
2026-03-23 03:00:00+00:00,23827.4,23845.0,23768.1,23771.3,22653.0
2026-03-23 04:00:00+00:00,23771.7,23821.8,23764.0,23814.7,20857.0
2026-03-23 05:00:00+00:00,23814.6,23851.7,23752.7,23792.0,26568.0
2026-03-23 06:00:00+00:00,23791.8,23794.6,23645.2,23673.0,27718.0
2026-03-23 07:00:00+00:00,23673.8,23732.0,23591.7,23660.1,33016.0
2026-03-23 08:00:00+00:00,23660.0,23773.4,23658.2,23750.0,44329.0
2026-03-23 09:00:00+00:00,23750.6,23789.4,23663.5,23701.2,35532.0
2026-03-23 10:00:00+00:00,23701.0,23747.0,23634.0,23698.6,34002.0
2026-03-23 11:00:00+00:00,23698.8,24580.4,23694.6,24209.7,55983.0
2026-03-23 12:00:00+00:00,24210.0,24439.0,24164.2,24427.0,56096.0
2026-03-23 13:00:00+00:00,24427.6,24461.7,24251.5,24418.3,88701.0
2026-03-23 14:00:00+00:00,24418.4,24506.4,24346.1,24428.4,88231.0
2026-03-23 15:00:00+00:00,24428.8,24507.6,24194.2,24204.8,78307.0
2026-03-23 16:00:00+00:00,24204.6,24287.8,24131.8,24192.4,90457.0
2026-03-23 17:00:00+00:00,24192.0,24296.7,24135.0,24291.4,66983.0
2026-03-23 18:00:00+00:00,24292.2,24359.6,24240.4,24337.6,55535.0
2026-03-23 19:00:00+00:00,24337.5,24340.3,24221.9,24222.2,53167.0
2026-03-23 20:00:00+00:00,24222.2,24257.1,24182.6,24225.4,15049.0
2026-03-23 22:00:00+00:00,24218.6,24312.9,24199.8,24305.6,11355.0
2026-03-23 23:00:00+00:00,24305.6,24306.8,24251.0,24279.8,11726.0
2026-03-24 00:00:00+00:00,24278.6,24281.6,24091.0,24147.6,35451.0
2026-03-24 01:00:00+00:00,24147.6,24150.1,24056.4,24087.6,43098.0
2026-03-24 02:00:00+00:00,24086.6,24117.1,24046.3,24072.8,33175.0
2026-03-24 03:00:00+00:00,24072.7,24105.4,24054.7,24099.8,25514.0
2026-03-24 04:00:00+00:00,24099.9,24126.4,24064.6,24081.0,20855.0
2026-03-24 05:00:00+00:00,24080.2,24128.6,24017.3,24085.4,27544.0
2026-03-24 06:00:00+00:00,24085.8,24219.2,24083.1,24200.7,22501.0
2026-03-24 07:00:00+00:00,24200.8,24330.1,24194.8,24291.0,32220.0
2026-03-24 08:00:00+00:00,24289.6,24314.6,24184.8,24201.4,46342.0
2026-03-24 09:00:00+00:00,24201.2,24253.0,24128.2,24244.0,38014.0
2026-03-24 10:00:00+00:00,24244.4,24257.6,24191.9,24229.8,33208.0
2026-03-24 11:00:00+00:00,24229.6,24246.9,24120.0,24206.4,34805.0
2026-03-24 12:00:00+00:00,24206.8,24220.0,24088.6,24103.4,36164.0
2026-03-24 13:00:00+00:00,24103.0,24140.0,23958.2,24039.0,81473.0
2026-03-24 14:00:00+00:00,24039.2,24166.7,23999.8,24067.0,104162.0
2026-03-24 15:00:00+00:00,24067.2,24207.8,24065.2,24119.2,74270.0
2026-03-24 16:00:00+00:00,24119.0,24169.4,24073.0,24109.8,57038.0
2026-03-24 17:00:00+00:00,24109.8,24123.5,23989.5,24071.0,63681.0
2026-03-24 18:00:00+00:00,24071.2,24176.6,24037.8,24104.6,58253.0
2026-03-24 19:00:00+00:00,24104.0,24148.0,24019.0,24047.0,50604.0
2026-03-24 20:00:00+00:00,24047.5,24376.0,24043.0,24236.3,54256.0
2026-03-24 22:00:00+00:00,24261.9,24285.2,24209.1,24255.0,11234.0
2026-03-24 23:00:00+00:00,24254.6,24270.7,24230.7,24241.2,9913.0
2026-03-25 00:00:00+00:00,24240.9,24322.2,24211.9,24277.0,23747.0
2026-03-25 01:00:00+00:00,24276.8,24296.5,24220.8,24224.2,22891.0
2026-03-25 02:00:00+00:00,24224.6,24228.4,24162.1,24164.7,20624.0
2026-03-25 03:00:00+00:00,24165.2,24217.1,24148.9,24208.7,16333.0
2026-03-25 04:00:00+00:00,24208.6,24248.6,24203.9,24246.8,12690.0
2026-03-25 05:00:00+00:00,24246.8,24257.0,24202.0,24209.8,16885.0
2026-03-25 06:00:00+00:00,24209.6,24217.6,24152.8,24205.7,17580.0
2026-03-25 07:00:00+00:00,24204.2,24247.6,24179.8,24236.1,18518.0
2026-03-25 08:00:00+00:00,24236.8,24362.5,24236.8,24267.8,30906.0
2026-03-25 09:00:00+00:00,24268.4,24309.2,24240.8,24282.2,22164.0
2026-03-25 10:00:00+00:00,24282.1,24315.6,24254.8,24276.0,19051.0
2026-03-25 11:00:00+00:00,24276.2,24350.4,24269.2,24323.2,21387.0
2026-03-25 12:00:00+00:00,24323.0,24367.9,24201.5,24276.4,40464.0
2026-03-25 13:00:00+00:00,24277.8,24354.2,24189.0,24195.8,73262.0
2026-03-25 14:00:00+00:00,24196.0,24347.1,24156.4,24312.1,78059.0
2026-03-25 15:00:00+00:00,24312.2,24322.0,24115.4,24206.2,70569.0
2026-03-25 16:00:00+00:00,24205.8,24278.0,24159.3,24250.2,57206.0
2026-03-25 17:00:00+00:00,24249.8,24321.8,24206.0,24254.0,49223.0
2026-03-25 18:00:00+00:00,24253.6,24281.0,24150.5,24182.8,44253.0
2026-03-25 19:00:00+00:00,24182.8,24220.8,24140.0,24200.3,50367.0
2026-03-25 20:00:00+00:00,24199.8,24221.0,24177.8,24197.2,9981.0
2026-03-25 22:00:00+00:00,24189.8,24189.8,24139.0,24142.0,7868.0
2026-03-25 23:00:00+00:00,24141.9,24160.2,24112.2,24150.9,10270.0
2026-03-26 00:00:00+00:00,24151.0,24237.9,24145.9,24182.8,22077.0
2026-03-26 01:00:00+00:00,24183.8,24209.6,24158.9,24189.2,24361.0
2026-03-26 02:00:00+00:00,24189.2,24206.4,24077.4,24112.6,26335.0
2026-03-26 03:00:00+00:00,24111.8,24248.8,24110.2,24208.1,20763.0
2026-03-26 04:00:00+00:00,24208.0,24212.9,24145.6,24152.9,15207.0
2026-03-26 05:00:00+00:00,24153.0,24168.2,24079.0,24083.2,22587.0
2026-03-26 06:00:00+00:00,24083.2,24123.1,24060.7,24118.2,20017.0
2026-03-26 07:00:00+00:00,24118.4,24125.7,24029.2,24087.5,18713.0
2026-03-26 08:00:00+00:00,24087.6,24114.5,23982.4,24021.9,29835.0
2026-03-26 09:00:00+00:00,24022.4,24025.4,23937.2,23983.2,27388.0
2026-03-26 10:00:00+00:00,23983.6,24030.2,23960.4,24005.2,22103.0
2026-03-26 11:00:00+00:00,24006.2,24016.4,23927.0,23930.4,22479.0
2026-03-26 12:00:00+00:00,23931.8,23975.8,23903.1,23945.8,25228.0
2026-03-26 13:00:00+00:00,23947.2,24061.1,23894.0,24044.0,70000.0
2026-03-26 14:00:00+00:00,24043.8,24068.8,23858.6,23930.6,87830.0
2026-03-26 15:00:00+00:00,23932.0,23957.6,23879.4,23928.0,63597.0
2026-03-26 16:00:00+00:00,23927.8,23936.5,23805.2,23832.8,57304.0
2026-03-26 17:00:00+00:00,23832.8,23852.6,23687.0,23696.2,52305.0
2026-03-26 18:00:00+00:00,23696.0,23735.8,23680.4,23717.6,55585.0
2026-03-26 19:00:00+00:00,23717.5,23721.3,23610.8,23622.0,56436.0
2026-03-26 20:00:00+00:00,23621.9,23858.6,23598.5,23657.8,33158.0
2026-03-26 22:00:00+00:00,23688.8,23723.8,23662.9,23704.4,12560.0
2026-03-26 23:00:00+00:00,23704.2,23726.5,23676.5,23711.2,10548.0
2026-03-27 00:00:00+00:00,23712.2,23741.2,23641.4,23652.2,24799.0
2026-03-27 01:00:00+00:00,23652.5,23709.2,23640.9,23706.6,21392.0
2026-03-27 02:00:00+00:00,23707.0,23720.2,23679.4,23688.6,17048.0
2026-03-27 03:00:00+00:00,23688.4,23732.4,23674.1,23730.4,14996.0
2026-03-27 04:00:00+00:00,23730.2,23755.0,23716.6,23751.2,12144.0
2026-03-27 05:00:00+00:00,23751.0,23810.0,23749.4,23761.0,17572.0
2026-03-27 06:00:00+00:00,23760.6,23789.4,23729.6,23740.0,15418.0
2026-03-27 07:00:00+00:00,23739.7,23741.2,23689.2,23706.4,15280.0
2026-03-27 08:00:00+00:00,23706.2,23729.2,23606.0,23613.8,28818.0
2026-03-27 09:00:00+00:00,23614.1,23647.4,23544.4,23573.4,24828.0
2026-03-27 10:00:00+00:00,23574.0,23601.2,23467.4,23483.9,22782.0
2026-03-27 11:00:00+00:00,23484.0,23523.4,23445.2,23498.2,23610.0
2026-03-27 12:00:00+00:00,23498.2,23501.8,23431.8,23448.4,27951.0
2026-03-27 13:00:00+00:00,23449.4,23498.2,23307.0,23318.0,73369.0
2026-03-27 14:00:00+00:00,23318.4,23393.1,23275.2,23346.2,81085.0
2026-03-27 15:00:00+00:00,23346.3,23445.0,23293.1,23384.2,67463.0
2026-03-27 16:00:00+00:00,23384.8,23391.6,23286.8,23316.6,52857.0
2026-03-27 17:00:00+00:00,23316.4,23370.2,23188.8,23203.0,53053.0
2026-03-27 18:00:00+00:00,23202.2,23238.8,23170.5,23182.2,47832.0
2026-03-27 19:00:00+00:00,23181.6,23203.0,23111.8,23152.1,56599.0
2026-03-27 20:00:00+00:00,23151.5,23173.2,23075.2,23104.2,22076.0
2026-03-29 22:00:00+00:00,23020.4,23084.5,22977.8,23050.5,25947.0
2026-03-29 23:00:00+00:00,23050.6,23065.6,22951.2,22970.0,28439.0
2026-03-30 00:00:00+00:00,22970.4,23104.9,22936.9,22993.0,67495.0
2026-03-30 01:00:00+00:00,22993.0,23052.0,22978.3,23043.6,55257.0
2026-03-30 02:00:00+00:00,23044.0,23116.7,23037.8,23095.0,40912.0
2026-03-30 03:00:00+00:00,23094.4,23148.2,23093.0,23138.0,33399.0
2026-03-30 04:00:00+00:00,23138.2,23198.2,23130.5,23163.0,24338.0
2026-03-30 05:00:00+00:00,23162.8,23204.0,23162.0,23188.2,30698.0
2026-03-30 06:00:00+00:00,23188.2,23257.6,23179.9,23232.5,32861.0
2026-03-30 07:00:00+00:00,23232.7,23255.8,23202.2,23239.6,37016.0
2026-03-30 08:00:00+00:00,23239.4,23291.8,23216.2,23285.6,35523.0
2026-03-30 09:00:00+00:00,23285.6,23293.0,23232.6,23245.8,33286.0
2026-03-30 10:00:00+00:00,23246.4,23258.8,23216.2,23253.8,27737.0
2026-03-30 11:00:00+00:00,23254.0,23413.6,23249.4,23301.4,46617.0
2026-03-30 12:00:00+00:00,23301.8,23365.8,23279.0,23348.6,39606.0
2026-03-30 13:00:00+00:00,23347.9,23380.2,23135.6,23144.8,92854.0
2026-03-30 14:00:00+00:00,23144.9,23224.6,23104.8,23220.4,114174.0
2026-03-30 15:00:00+00:00,23220.2,23278.7,23124.7,23216.9,90510.0
2026-03-30 16:00:00+00:00,23216.8,23222.7,23119.3,23140.3,73164.0
2026-03-30 17:00:00+00:00,23140.1,23158.5,23021.6,23062.8,74488.0
2026-03-30 18:00:00+00:00,23062.8,23064.8,22967.1,22972.6,62518.0
2026-03-30 19:00:00+00:00,22972.5,23016.8,22876.5,22987.6,77349.0
2026-03-30 20:00:00+00:00,22988.0,22996.2,22943.8,22955.0,17391.0
2026-03-30 22:00:00+00:00,22983.0,22997.8,22949.8,22951.6,11276.0
2026-03-30 23:00:00+00:00,22951.3,22951.3,22872.8,22896.2,21349.0
2026-03-31 00:00:00+00:00,22896.6,23134.8,22813.0,23052.5,69016.0
2026-03-31 01:00:00+00:00,23052.6,23248.2,23011.5,23190.8,76050.0
2026-03-31 02:00:00+00:00,23190.4,23256.0,23173.8,23196.6,52327.0
2026-03-31 03:00:00+00:00,23196.6,23248.4,23163.6,23170.0,37412.0
2026-03-31 04:00:00+00:00,23170.9,23193.3,23128.6,23134.8,30376.0
2026-03-31 05:00:00+00:00,23133.4,23189.6,23085.4,23161.0,39871.0
2026-03-31 06:00:00+00:00,23161.5,23169.8,23116.6,23142.6,40219.0
2026-03-31 07:00:00+00:00,23142.8,23222.2,23089.4,23220.8,44969.0
2026-03-31 08:00:00+00:00,23220.2,23241.4,23145.1,23163.2,42697.0
2026-03-31 09:00:00+00:00,23164.2,23202.2,23144.8,23156.4,33922.0
2026-03-31 10:00:00+00:00,23156.8,23183.3,23089.3,23136.0,33361.0
2026-03-31 11:00:00+00:00,23135.6,23248.6,23114.6,23210.6,59430.0
2026-03-31 12:00:00+00:00,23210.4,23286.8,23162.8,23220.4,59431.0
2026-03-31 13:00:00+00:00,23221.0,23424.6,23208.8,23417.8,93489.0
2026-03-31 14:00:00+00:00,23418.4,23437.8,23228.4,23260.2,108595.0
2026-03-31 15:00:00+00:00,23260.0,23410.2,23258.8,23297.5,93393.0
2026-03-31 16:00:00+00:00,23297.4,23708.6,23287.2,23625.8,113136.0
2026-03-31 17:00:00+00:00,23626.8,23726.8,23598.8,23611.4,121323.0
2026-03-31 18:00:00+00:00,23611.2,23721.4,23611.0,23705.9,75900.0
2026-03-31 19:00:00+00:00,23705.8,23823.4,23684.0,23762.8,79062.0
2026-03-31 20:00:00+00:00,23761.6,23795.4,23718.8,23746.8,26153.0
2026-03-31 22:00:00+00:00,23759.4,23821.8,23755.0,23806.9,14297.0
2026-03-31 23:00:00+00:00,23806.4,23893.8,23791.6,23885.0,18639.0
